# freq_THz  G_total_s  G_Ga_s  G_S_s
# Smoothed MD-derived velocity power spectrum. Common normalization: integral(G_total_s) = 3*primitive_atoms.
# Gaussian_sigma_THz=0.1; mass_weighted=True; primitive_atoms=4; total_equals_sum_of_partials=True
0.0000000000e+00 0.0000000000e+00 0.0000000000e+00 0.0000000000e+00
6.1035156250e-02 1.0871489754e-01 7.4445612626e-02 3.4269284912e-02
1.2207031250e-01 1.2001957767e-01 8.2197530410e-02 3.7822047260e-02
1.8310546875e-01 1.2955476346e-01 8.8751944850e-02 4.0802818614e-02
2.4414062500e-01 1.3887012276e-01 9.5178305851e-02 4.3691816906e-02
3.0517578125e-01 1.5383033177e-01 1.0549837621e-01 4.8331955553e-02
3.6621093750e-01 1.7541751910e-01 1.2038466323e-01 5.5032855864e-02
4.2724609375e-01 1.9942043967e-01 1.3694840152e-01 6.2472038156e-02
4.8828125000e-01 2.2041768265e-01 1.5146679031e-01 6.8950892341e-02
5.4931640625e-01 2.3251353948e-01 1.5988569266e-01 7.2627846823e-02
6.1035156250e-01 2.3263874633e-01 1.6009201622e-01 7.2546730111e-02
6.7138671875e-01 2.2679125832e-01 1.5620438215e-01 7.0586876174e-02
7.3242187500e-01 2.2555640735e-01 1.5549930315e-01 7.0057104207e-02
7.9345703125e-01 2.3217966222e-01 1.6021920896e-01 7.1960453261e-02
8.5449218750e-01 2.4136223037e-01 1.6673804073e-01 7.4624189635e-02
9.1552734375e-01 2.4930186525e-01 1.7245666689e-01 7.6845198360e-02
9.7656250000e-01 2.5938228594e-01 1.7971045309e-01 7.9671832853e-02
1.0375976562e+00 2.7550288327e-01 1.9116977029e-01 8.4333112980e-02
1.0986328125e+00 2.9439152755e-01 2.0455613772e-01 8.9835389828e-02
1.1596679688e+00 3.1033350582e-01 2.1591692808e-01 9.4416577739e-02
1.2207031250e+00 3.2366543173e-01 2.2546482702e-01 9.8200604707e-02
1.2817382812e+00 3.3890617921e-01 2.3626145703e-01 1.0264472218e-01
1.3427734375e+00 3.5903427799e-01 2.5025507265e-01 1.0877920534e-01
1.4038085938e+00 3.8599597251e-01 2.6864392091e-01 1.1735205160e-01
1.4648437500e+00 4.2177581335e-01 2.9272396983e-01 1.2905184352e-01
1.5258789062e+00 4.6427754638e-01 3.2119983232e-01 1.4307771406e-01
1.5869140625e+00 5.0481249099e-01 3.4840529106e-01 1.5640719993e-01
1.6479492188e+00 5.3382327456e-01 3.6798620892e-01 1.6583706565e-01
1.7089843750e+00 5.4918954773e-01 3.7851624809e-01 1.7067329964e-01
1.7700195312e+00 5.5722170529e-01 3.8434340336e-01 1.7287830193e-01
1.8310546875e+00 5.6591210448e-01 3.9097238005e-01 1.7493972443e-01
1.8920898438e+00 5.7947207600e-01 4.0116886199e-01 1.7830321401e-01
1.9531250000e+00 5.9938623021e-01 4.1584700961e-01 1.8353922060e-01
2.0141601562e+00 6.2608514245e-01 4.3547084207e-01 1.9061430038e-01
2.0751953125e+00 6.5703786050e-01 4.5846920642e-01 1.9856865408e-01
2.1362304688e+00 6.8764469911e-01 4.8149884901e-01 2.0614585011e-01
2.1972656250e+00 7.1718173856e-01 5.0380996712e-01 2.1337177144e-01
2.2583007812e+00 7.4896872102e-01 5.2767566923e-01 2.2129305179e-01
2.3193359375e+00 7.8189626088e-01 5.5242215633e-01 2.2947410455e-01
2.3803710938e+00 8.0963372350e-01 5.7386502768e-01 2.3576869582e-01
2.4414062500e+00 8.3246760201e-01 5.9249806654e-01 2.3996953547e-01
2.5024414062e+00 8.6103779154e-01 6.1574115415e-01 2.4529663739e-01
2.5634765625e+00 9.0310769577e-01 6.4879664928e-01 2.5431104650e-01
2.6245117188e+00 9.5438234185e-01 6.8883513408e-01 2.6554720777e-01
2.6855468750e+00 1.0092781577e+00 7.3263557467e-01 2.7664258298e-01
2.7465820312e+00 1.0753688917e+00 7.8635072770e-01 2.8901816404e-01
2.8076171875e+00 1.1676929917e+00 8.6146888771e-01 3.0622410395e-01
2.8686523438e+00 1.2914010409e+00 9.6244408859e-01 3.2895695226e-01
2.9296875000e+00 1.4331027657e+00 1.0789858966e+00 3.5411686906e-01
2.9907226562e+00 1.5552656131e+00 1.1797487003e+00 3.7551691281e-01
3.0517578125e+00 1.5993427358e+00 1.2153491316e+00 3.8399360426e-01
3.1127929688e+00 1.5275778534e+00 1.1537065067e+00 3.7387134672e-01
3.1738281250e+00 1.3739616957e+00 1.0213972475e+00 3.5256444828e-01
3.2348632812e+00 1.2269762104e+00 8.8978130831e-01 3.3719490207e-01
3.2958984375e+00 1.1565067978e+00 8.1637326829e-01 3.4013352947e-01
3.3569335938e+00 1.1777519203e+00 8.1433105728e-01 3.6342086306e-01
3.4179687500e+00 1.2769272026e+00 8.7106141110e-01 4.0586579150e-01
3.4790039062e+00 1.4444550097e+00 9.7492084177e-01 4.6953416789e-01
3.5400390625e+00 1.6818907200e+00 1.1229464324e+00 5.5894428759e-01
3.6010742188e+00 1.9805141540e+00 1.3085276571e+00 6.7198649691e-01
3.6621093750e+00 2.2784396998e+00 1.4940988291e+00 7.8434087071e-01
3.7231445312e+00 2.4524537960e+00 1.6036279190e+00 8.4882587697e-01
3.7841796875e+00 2.4059253865e+00 1.5753496405e+00 8.3057574602e-01
3.8452148438e+00 2.1767199190e+00 1.4307096180e+00 7.4601030098e-01
3.9062500000e+00 1.9154079571e+00 1.2641673054e+00 6.5124065164e-01
3.9672851562e+00 1.7495843524e+00 1.1581906870e+00 5.9139366540e-01
4.0283203125e+00 1.6980075377e+00 1.1261739174e+00 5.7183362029e-01
4.0893554688e+00 1.7029881511e+00 1.1313582762e+00 5.7162987487e-01
4.1503906250e+00 1.7050163615e+00 1.1352912204e+00 5.6972514112e-01
4.2114257812e+00 1.6827304897e+00 1.1243809201e+00 5.5834956958e-01
4.2724609375e+00 1.6478101112e+00 1.1060891897e+00 5.4172092146e-01
4.3334960938e+00 1.6220956569e+00 1.0933360416e+00 5.2875961525e-01
4.3945312500e+00 1.6236410632e+00 1.0961983987e+00 5.2744266450e-01
4.4555664062e+00 1.6583403101e+00 1.1185156464e+00 5.3982466369e-01
4.5166015625e+00 1.7065905924e+00 1.1503032001e+00 5.5628739234e-01
4.5776367188e+00 1.7278320220e+00 1.1691364669e+00 5.5869555509e-01
4.6386718750e+00 1.6959766932e+00 1.1599809810e+00 5.3599571218e-01
4.6997070312e+00 1.6250004674e+00 1.1301345711e+00 4.9486589627e-01
4.7607421875e+00 1.5526858963e+00 1.1001770236e+00 4.5250887271e-01
4.8217773438e+00 1.5091329893e+00 1.0863266206e+00 4.2280636867e-01
4.8828125000e+00 1.5050809347e+00 1.0941830502e+00 4.1089788450e-01
4.9438476562e+00 1.5394728850e+00 1.1228679784e+00 4.1660490655e-01
5.0048828125e+00 1.6080385490e+00 1.1692065473e+00 4.3883200169e-01
5.0659179688e+00 1.6999661462e+00 1.2255531699e+00 4.7441297631e-01
5.1269531250e+00 1.7841607783e+00 1.2725462295e+00 5.1161454875e-01
5.1879882812e+00 1.8069558977e+00 1.2785985355e+00 5.2835736224e-01
5.2490234375e+00 1.7223083917e+00 1.2174519900e+00 5.0485640168e-01
5.3100585938e+00 1.5323277045e+00 1.0910584608e+00 4.4126924366e-01
5.3710937500e+00 1.2881246146e+00 9.2958052647e-01 3.5854408812e-01
5.4321289062e+00 1.0477742682e+00 7.6723577197e-01 2.8053849620e-01
5.4931640625e+00 8.4191168942e-01 6.2295484769e-01 2.1895684173e-01
5.5541992188e+00 6.7556610264e-01 5.0171013225e-01 1.7385597039e-01
5.6152343750e+00 5.4526974327e-01 4.0392881293e-01 1.4134093034e-01
5.6762695312e+00 4.4621695885e-01 3.2844562184e-01 1.1777133701e-01
5.7373046875e+00 3.7050619603e-01 2.7056002020e-01 9.9946175829e-02
5.7983398438e+00 3.0811075796e-01 2.2303473105e-01 8.5076026909e-02
5.8593750000e+00 2.5211518440e-01 1.8053855255e-01 7.1576631844e-02
5.9204101562e+00 2.0186826649e-01 1.4241361080e-01 5.9454655697e-02
5.9814453125e+00 1.6057840745e-01 1.1100282340e-01 4.9575584055e-02
6.0424804688e+00 1.3033267992e-01 8.7865288111e-02 4.2467391813e-02
6.1035156250e+00 1.0986617163e-01 7.2050065359e-02 3.7816106272e-02
6.1645507812e+00 9.6183562468e-02 6.1307905792e-02 3.4875656676e-02
6.2255859375e+00 8.6762126828e-02 5.3741086684e-02 3.3021040144e-02
6.2866210938e+00 8.0107783112e-02 4.8219734744e-02 3.1888048367e-02
6.3476562500e+00 7.5294577784e-02 4.4054657180e-02 3.1239920604e-02
6.4086914062e+00 7.1632274473e-02 4.0747330544e-02 3.0884943929e-02
6.4697265625e+00 6.8675679836e-02 3.7971587428e-02 3.0704092409e-02
6.5307617188e+00 6.6262811343e-02 3.5596320348e-02 3.0666490995e-02
6.5917968750e+00 6.4402918907e-02 3.3613412645e-02 3.0789506262e-02
6.6528320312e+00 6.3120349631e-02 3.2019020630e-02 3.1101329000e-02
6.7138671875e+00 6.2384984873e-02 3.0760143434e-02 3.1624841439e-02
6.7749023438e+00 6.2108381955e-02 2.9755304970e-02 3.2353076984e-02
6.8359375000e+00 6.2172314661e-02 2.8930761640e-02 3.3241553021e-02
6.8969726562e+00 6.2518403413e-02 2.8255154587e-02 3.4263248826e-02
6.9580078125e+00 6.3214345777e-02 2.7753971948e-02 3.5460373828e-02
7.0190429688e+00 6.4368692523e-02 2.7466936989e-02 3.6901755534e-02
7.0800781250e+00 6.6007965949e-02 2.7394507190e-02 3.8613458760e-02
7.1411132812e+00 6.8104777602e-02 2.7510001691e-02 4.0594775911e-02
7.2021484375e+00 7.0701836418e-02 2.7810047125e-02 4.2891789293e-02
7.2631835938e+00 7.3951710238e-02 2.8329769908e-02 4.5621940330e-02
7.3242187500e+00 7.7990484227e-02 2.9103994048e-02 4.8886490179e-02
7.3852539062e+00 8.2765825238e-02 3.0117775387e-02 5.2648049851e-02
7.4462890625e+00 8.8069138740e-02 3.1318859878e-02 5.6750278862e-02
7.5073242188e+00 9.3801658935e-02 3.2700282589e-02 6.1101376345e-02
7.5683593750e+00 1.0017136428e-01 3.4350949605e-02 6.5820414679e-02
7.6293945312e+00 1.0761193918e-01 3.6412971768e-02 7.1198967413e-02
7.6904296875e+00 1.1660800633e-01 3.9038104843e-02 7.7569901492e-02
7.7514648438e+00 1.2765806247e-01 4.2412436348e-02 8.5245626127e-02
7.8125000000e+00 1.4137796529e-01 4.6795435850e-02 9.4582529445e-02
7.8735351562e+00 1.5870571130e-01 5.2558298410e-02 1.0614741289e-01
7.9345703125e+00 1.8112010599e-01 6.0244498011e-02 1.2087560798e-01
7.9956054688e+00 2.1078870126e-01 7.0642502951e-02 1.4014619830e-01
8.0566406250e+00 2.5086549100e-01 8.4937742745e-02 1.6592774826e-01
8.1176757812e+00 3.0625093439e-01 1.0504223942e-01 2.0120869497e-01
8.1787109375e+00 3.8502308460e-01 1.3416010764e-01 2.5086297696e-01
8.2397460938e+00 5.0077786622e-01 1.7771761799e-01 3.2306024823e-01
8.3007812500e+00 6.7503412631e-01 2.4440675893e-01 4.3062736738e-01
8.3618164062e+00 9.3545255369e-01 3.4561678117e-01 5.8983577253e-01
8.4228515625e+00 1.3020815489e+00 4.8998291161e-01 8.1209863732e-01
8.4838867188e+00 1.7588203569e+00 6.7186327439e-01 1.0869570825e+00
8.5449218750e+00 2.2293932672e+00 8.6165953760e-01 1.3677337296e+00
8.6059570312e+00 2.5960811836e+00 1.0134275297e+00 1.5826536539e+00
8.6669921875e+00 2.7672983092e+00 1.0916814127e+00 1.6756168966e+00
8.7280273438e+00 2.7332563972e+00 1.0923902800e+00 1.6408661172e+00
8.7890625000e+00 2.5511310576e+00 1.0355144243e+00 1.5156166333e+00
8.8500976562e+00 2.2873753208e+00 9.4236939722e-01 1.3450059236e+00
8.9111328125e+00 1.9855803486e+00 8.2585706010e-01 1.1597232885e+00
8.9721679688e+00 1.6733642120e+00 6.9620964089e-01 9.7715457110e-01
9.0332031250e+00 1.3747390153e+00 5.6603652512e-01 8.0870249021e-01
9.0942382812e+00 1.1099593900e+00 4.4806200669e-01 6.6189738330e-01
9.1552734375e+00 8.8981983357e-01 3.5041769923e-01 5.3940213434e-01
9.2163085938e+00 7.1404267215e-01 2.7457559429e-01 4.3946707787e-01
9.2773437500e+00 5.7596719799e-01 2.1726515709e-01 3.5870204089e-01
9.3383789062e+00 4.6852287028e-01 1.7400325460e-01 2.9451961568e-01
9.3994140625e+00 3.8663216946e-01 1.4124595697e-01 2.4538621249e-01
9.4604492188e+00 3.2671451091e-01 1.1669919095e-01 2.1001531996e-01
9.5214843750e+00 2.8570101526e-01 9.8805557769e-02 1.8689545749e-01
9.5825195312e+00 2.6053434355e-01 8.6221761795e-02 1.7431258175e-01
9.6435546875e+00 2.4850854991e-01 7.7713498881e-02 1.7079505103e-01
9.7045898438e+00 2.4837674753e-01 7.2419681666e-02 1.7595706586e-01
9.7656250000e+00 2.6143228189e-01 7.0093193462e-02 1.9133908843e-01
9.8266601562e+00 2.9135868377e-01 7.1029737476e-02 2.2032894629e-01
9.8876953125e+00 3.4205445815e-01 7.5699117879e-02 2.6635534027e-01
9.9487304688e+00 4.1401295058e-01 8.4250789638e-02 3.2976216094e-01
1.0009765625e+01 5.0171859070e-01 9.6149524832e-02 4.0556906587e-01
1.0070800781e+01 5.9510296672e-01 1.1026030132e-01 4.8484266540e-01
1.0131835938e+01 6.8495848036e-01 1.2541922237e-01 5.5953925799e-01
1.0192871094e+01 7.6747199369e-01 1.4098229082e-01 6.2648970287e-01
1.0253906250e+01 8.4396496125e-01 1.5687410806e-01 6.8709085319e-01
1.0314941406e+01 9.1792627351e-01 1.7332070741e-01 7.4460556610e-01
1.0375976562e+01 9.9272047200e-01 1.9062553295e-01 8.0209493905e-01
1.0437011719e+01 1.0708488738e+00 2.0912306902e-01 8.6172580477e-01
1.0498046875e+01 1.1552203590e+00 2.2945973022e-01 9.2576062875e-01
1.0559082031e+01 1.2508490703e+00 2.5300739844e-01 9.9784167187e-01
1.0620117188e+01 1.3642796232e+00 2.8178220548e-01 1.0824974177e+00
1.0681152344e+01 1.5021571029e+00 3.1768623169e-01 1.1844708712e+00
1.0742187500e+01 1.6707911420e+00 3.6161560882e-01 1.3091755332e+00
1.0803222656e+01 1.8727161638e+00 4.1280545316e-01 1.4599107106e+00
1.0864257812e+01 2.0963811458e+00 4.6812599300e-01 1.6282551528e+00
1.0925292969e+01 2.3085989764e+00 5.2196462141e-01 1.7866343550e+00
1.0986328125e+01 2.4699339380e+00 5.6908422258e-01 1.9008497154e+00
1.1047363281e+01 2.5699331799e+00 6.0979996061e-01 1.9601332193e+00
1.1108398438e+01 2.6403033623e+00 6.5061674672e-01 1.9896866156e+00
1.1169433594e+01 2.7196945037e+00 6.9649833838e-01 2.0231961653e+00
1.1230468750e+01 2.8073413255e+00 7.4254219092e-01 2.0647991346e+00
1.1291503906e+01 2.8596987295e+00 7.7533579034e-01 2.0843629392e+00
1.1352539062e+01 2.8310885999e+00 7.8313624875e-01 2.0479523511e+00
1.1413574219e+01 2.7129270206e+00 7.6461065195e-01 1.9483163687e+00
1.1474609375e+01 2.5367466185e+00 7.2872435931e-01 1.8080222592e+00
1.1535644531e+01 2.3468269206e+00 6.8748369729e-01 1.6593432233e+00
1.1596679688e+01 2.1705512370e+00 6.4815779500e-01 1.5223934420e+00
1.1657714844e+01 2.0071930090e+00 6.1016893531e-01 1.3970240737e+00
1.1718750000e+01 1.8380951881e+00 5.6790210187e-01 1.2701930863e+00
1.1779785156e+01 1.6482247382e+00 5.1703327818e-01 1.1311914600e+00
1.1840820312e+01 1.4426503753e+00 4.5949987796e-01 9.8315049733e-01
1.1901855469e+01 1.2439632101e+00 4.0263305269e-01 8.4133015746e-01
1.1962890625e+01 1.0725378506e+00 3.5290510987e-01 7.1963274069e-01
1.2023925781e+01 9.2931121168e-01 3.1045493994e-01 6.1885627175e-01
1.2084960938e+01 7.9796981004e-01 2.6984431163e-01 5.2812549842e-01
1.2145996094e+01 6.6236895741e-01 2.2585975974e-01 4.3650919766e-01
1.2207031250e+01 5.2144988391e-01 1.7858665671e-01 3.4286322720e-01
1.2268066406e+01 3.8903943806e-01 1.3334271722e-01 2.5569672084e-01
1.2329101562e+01 2.8121541599e-01 9.6206206897e-02 1.8500920910e-01
1.2390136719e+01 2.0466205978e-01 6.9830501109e-02 1.3483155867e-01
1.2451171875e+01 1.5530301098e-01 5.2925602010e-02 1.0237740897e-01
1.2512207031e+01 1.2440978035e-01 4.2456471526e-02 8.1953308819e-02
1.2573242188e+01 1.0434104415e-01 3.5736445511e-02 6.8604598641e-02
1.2634277344e+01 9.0373188692e-02 3.1111529593e-02 5.9261659099e-02
1.2695312500e+01 8.0009776391e-02 2.7717315686e-02 5.2292460705e-02
1.2756347656e+01 7.1934348088e-02 2.5098340985e-02 4.6836007103e-02
1.2817382812e+01 6.5417674672e-02 2.2997214135e-02 4.2420460537e-02
1.2878417969e+01 6.0051465774e-02 2.1268240809e-02 3.8783224965e-02
1.2939453125e+01 5.5575086843e-02 1.9823910620e-02 3.5751176224e-02
1.3000488281e+01 5.1765793895e-02 1.8595817670e-02 3.3169976225e-02
1.3061523438e+01 4.8428447339e-02 1.7522977848e-02 3.0905469491e-02
1.3122558594e+01 4.5437162855e-02 1.6561206826e-02 2.8875956029e-02
1.3183593750e+01 4.2748976083e-02 1.5691718027e-02 2.7057258056e-02
1.3244628906e+01 4.0360260285e-02 1.4913699551e-02 2.5446560734e-02
1.3305664062e+01 3.8247902217e-02 1.4226237733e-02 2.4021664484e-02
1.3366699219e+01 3.6355555609e-02 1.3616011590e-02 2.2739544019e-02
1.3427734375e+01 3.4625626099e-02 1.3060312924e-02 2.1565313175e-02
1.3488769531e+01 3.3032703512e-02 1.2542758345e-02 2.0489945168e-02
1.3549804688e+01 3.1584492678e-02 1.2064226758e-02 1.9520265920e-02
1.3610839844e+01 3.0290573215e-02 1.1633276536e-02 1.8657296680e-02
1.3671875000e+01 2.9135214050e-02 1.1249062617e-02 1.7886151432e-02
1.3732910156e+01 2.8085240788e-02 1.0900758095e-02 1.7184482693e-02
1.3793945312e+01 2.7116578952e-02 1.0580665131e-02 1.6535913821e-02
1.3854980469e+01 2.6219216534e-02 1.0288341812e-02 1.5930874722e-02
1.3916015625e+01 2.5376688655e-02 1.0019146623e-02 1.5357542032e-02
1.3977050781e+01 2.4556773716e-02 9.7571005586e-03 1.4799673158e-02
1.4038085938e+01 2.3730380017e-02 9.4867140443e-03 1.4243665973e-02
1.4099121094e+01 2.2895824530e-02 9.2085624988e-03 1.3687262031e-02
1.4160156250e+01 2.2082167643e-02 8.9379013515e-03 1.3144266291e-02
1.4221191406e+01 2.1326437786e-02 8.6894273865e-03 1.2637010400e-02
1.4282226562e+01 2.0646945324e-02 8.4671403379e-03 1.2179804986e-02
1.4343261719e+01 2.0040452701e-02 8.2675727761e-03 1.1772879925e-02
1.4404296875e+01 1.9495514798e-02 8.0855045497e-03 1.1410010248e-02
1.4465332031e+01 1.8996745321e-02 7.9138071673e-03 1.1082938154e-02
1.4526367188e+01 1.8526453814e-02 7.7449944395e-03 1.0781459375e-02
1.4587402344e+01 1.8077328781e-02 7.5782065634e-03 1.0499122218e-02
1.4648437500e+01 1.7658410941e-02 7.4210864779e-03 1.0237324463e-02
1.4709472656e+01 1.7282120435e-02 7.2815747491e-03 1.0000545686e-02
1.4770507812e+01 1.6951702187e-02 7.1598410629e-03 9.7918611236e-03
1.4831542969e+01 1.6662055106e-02 7.0497379138e-03 9.6123171926e-03
1.4892578125e+01 1.6404839733e-02 6.9457754289e-03 9.4590643039e-03
1.4953613281e+01 1.6171516721e-02 6.8461911916e-03 9.3253255298e-03
1.5014648438e+01 1.5953532798e-02 6.7501431745e-03 9.2033896239e-03
1.5075683594e+01 1.5739213050e-02 6.6551585129e-03 9.0840545367e-03
1.5136718750e+01 1.5514372384e-02 6.5586807407e-03 8.9556916431e-03
1.5197753906e+01 1.5269498957e-02 6.4592873179e-03 8.8102116386e-03
1.5258789062e+01 1.5004127637e-02 6.3553007528e-03 8.6488268845e-03
1.5319824219e+01 1.4723542999e-02 6.2460120962e-03 8.4775309026e-03
1.5380859375e+01 1.4432728792e-02 6.1343427770e-03 8.2983860148e-03
1.5441894531e+01 1.4131024765e-02 6.0229682367e-03 8.1080565288e-03
1.5502929688e+01 1.3810115052e-02 5.9079664477e-03 7.9021486048e-03
1.5563964844e+01 1.3460511162e-02 5.7817891005e-03 7.6787220618e-03
1.5625000000e+01 1.3081139962e-02 5.6419764935e-03 7.4391634683e-03
1.5686035156e+01 1.2680756954e-02 5.4931215164e-03 7.1876354377e-03
1.5747070312e+01 1.2272755016e-02 5.3413907168e-03 6.9313642987e-03
1.5808105469e+01 1.1867968044e-02 5.1888154239e-03 6.6791526206e-03
1.5869140625e+01 1.1468368800e-02 5.0326615467e-03 6.4357072531e-03
1.5930175781e+01 1.1069908744e-02 4.8705841163e-03 6.1993246276e-03
1.5991210938e+01 1.0673503599e-02 4.7058312268e-03 5.9676723725e-03
1.6052246094e+01 1.0288064239e-02 4.5456627049e-03 5.7424015341e-03
1.6113281250e+01 9.9200684993e-03 4.3944543687e-03 5.5256141306e-03
1.6174316406e+01 9.5653369624e-03 4.2497953105e-03 5.3155416519e-03
1.6235351562e+01 9.2143633146e-03 4.1055257652e-03 5.1088375494e-03
1.6296386719e+01 8.8636988396e-03 3.9578847559e-03 4.9058140837e-03
1.6357421875e+01 8.5205042675e-03 3.8091355870e-03 4.7113686805e-03
1.6418457031e+01 8.1961028691e-03 3.6653600673e-03 4.5307428018e-03
1.6479492188e+01 7.8958378439e-03 3.5303229772e-03 4.3655148667e-03
1.6540527344e+01 7.6192561049e-03 3.4039740983e-03 4.2152820066e-03
1.6601562500e+01 7.3715162336e-03 3.2883289025e-03 4.0831873311e-03
1.6662597656e+01 7.1659968538e-03 3.1896061955e-03 3.9763906584e-03
1.6723632812e+01 7.0131939128e-03 3.1123922413e-03 3.9008016715e-03
1.6784667969e+01 6.9160148155e-03 3.0568375838e-03 3.8591772317e-03
1.6845703125e+01 6.8758677807e-03 3.0220272168e-03 3.8538405639e-03
1.6906738281e+01 6.8954759827e-03 3.0075023479e-03 3.8879736348e-03
1.6967773438e+01 6.9756803830e-03 3.0118290534e-03 3.9638513296e-03
1.7028808594e+01 7.1122359327e-03 3.0328120083e-03 4.0794239244e-03
1.7089843750e+01 7.2936694557e-03 3.0688186741e-03 4.2248507816e-03
1.7150878906e+01 7.4980716072e-03 3.1169786242e-03 4.3810929830e-03
1.7211914062e+01 7.6898023829e-03 3.1684176314e-03 4.5213847515e-03
1.7272949219e+01 7.8252701452e-03 3.2081501567e-03 4.6171199885e-03
1.7333984375e+01 7.8716914401e-03 3.2233598202e-03 4.6483316199e-03
1.7395019531e+01 7.8214820975e-03 3.2106244710e-03 4.6108576265e-03
1.7456054688e+01 7.6857471765e-03 3.1731702808e-03 4.5125768957e-03
1.7517089844e+01 7.4775574179e-03 3.1135284798e-03 4.3640289382e-03
1.7578125000e+01 7.2070772636e-03 3.0322455712e-03 4.1748316925e-03
1.7639160156e+01 6.8896475573e-03 2.9326681110e-03 3.9569794462e-03
1.7700195312e+01 6.5493425822e-03 2.8230080119e-03 3.7263345703e-03
1.7761230469e+01 6.2126398236e-03 2.7130473437e-03 3.4995924799e-03
1.7822265625e+01 5.9014483061e-03 2.6105354142e-03 3.2909128920e-03
1.7883300781e+01 5.6287667916e-03 2.5196511004e-03 3.1091156912e-03
1.7944335938e+01 5.3971529080e-03 2.4408453241e-03 2.9563075839e-03
1.8005371094e+01 5.2037212497e-03 2.3726978521e-03 2.8310233976e-03
1.8066406250e+01 5.0476227136e-03 2.3147796730e-03 2.7328430406e-03
1.8127441406e+01 4.9316660156e-03 2.2683965144e-03 2.6632695012e-03
1.8188476562e+01 4.8593156424e-03 2.2349664513e-03 2.6243491910e-03
1.8249511719e+01 4.8328521969e-03 2.2147065364e-03 2.6181456606e-03
1.8310546875e+01 4.8539932830e-03 2.2070496344e-03 2.6469436485e-03
1.8371582031e+01 4.9249165086e-03 2.2116639163e-03 2.7132525923e-03
1.8432617188e+01 5.0478031534e-03 2.2286513327e-03 2.8191518208e-03
1.8493652344e+01 5.2228024539e-03 2.2580018274e-03 2.9648006265e-03
1.8554687500e+01 5.4461748518e-03 2.2990360241e-03 3.1471388277e-03
1.8615722656e+01 5.7109262350e-03 2.3503643126e-03 3.3605619223e-03
1.8676757812e+01 6.0086812132e-03 2.4100740112e-03 3.5986072021e-03
1.8737792969e+01 6.3296383882e-03 2.4752769690e-03 3.8543614192e-03
1.8798828125e+01 6.6635611258e-03 2.5424960953e-03 4.1210650305e-03
1.8859863281e+01 7.0041683127e-03 2.6102704932e-03 4.3938978195e-03
1.8920898438e+01 7.3501536503e-03 2.6799906347e-03 4.6701630156e-03
1.8981933594e+01 7.7020334102e-03 2.7529920693e-03 4.9490413409e-03
1.9042968750e+01 8.0625286007e-03 2.8290044096e-03 5.2335241911e-03
1.9104003906e+01 8.4375099950e-03 2.9076908128e-03 5.5298191822e-03
1.9165039062e+01 8.8331663313e-03 2.9901278306e-03 5.8430385008e-03
1.9226074219e+01 9.2564808274e-03 3.0792663052e-03 6.1772145222e-03
1.9287109375e+01 9.7152201736e-03 3.1781871244e-03 6.5370330491e-03
1.9348144531e+01 1.0207556931e-02 3.2860592338e-03 6.9214976970e-03
1.9409179688e+01 1.0716690275e-02 3.3974719148e-03 7.3192183604e-03
1.9470214844e+01 1.1222148732e-02 3.5067678420e-03 7.7153808902e-03
1.9531250000e+01 1.1706009794e-02 3.6099982448e-03 8.0960115491e-03
1.9592285156e+01 1.2146884105e-02 3.7025577455e-03 8.4443263597e-03
1.9653320312e+01 1.2524661756e-02 3.7794121689e-03 8.7452495873e-03
1.9714355469e+01 1.2834087407e-02 3.8386980003e-03 8.9953894065e-03
1.9775390625e+01 1.3080486959e-02 3.8817534149e-03 9.1987335444e-03
1.9836425781e+01 1.3259345157e-02 3.9081564925e-03 9.3511886647e-03
1.9897460938e+01 1.3349282060e-02 3.9126814195e-03 9.4366006401e-03
1.9958496094e+01 1.3328821211e-02 3.8889818807e-03 9.4398393307e-03
2.0019531250e+01 1.3192560080e-02 3.8351696884e-03 9.3573903917e-03
2.0080566406e+01 1.2947547836e-02 3.7544566206e-03 9.1930912150e-03
2.0141601562e+01 1.2604874112e-02 3.6522646119e-03 8.9526094997e-03
2.0202636719e+01 1.2181100450e-02 3.5342824154e-03 8.6468180341e-03
2.0263671875e+01 1.1696984217e-02 3.4051648191e-03 8.2918193975e-03
2.0324707031e+01 1.1167499962e-02 3.2670597878e-03 7.9004401747e-03
2.0385742188e+01 1.0600978919e-02 3.1206799227e-03 7.4802989966e-03
2.0446777344e+01 1.0010244694e-02 2.9686539085e-03 7.0415907853e-03
2.0507812500e+01 9.4151491393e-03 2.8162770252e-03 6.5988721141e-03
2.0568847656e+01 8.8322806897e-03 2.6686552625e-03 6.1636254272e-03
2.0629882812e+01 8.2675473223e-03 2.5281854216e-03 5.7393619007e-03
2.0690917969e+01 7.7197969634e-03 2.3948908606e-03 5.3249061028e-03
2.0751953125e+01 7.1898700335e-03 2.2683990219e-03 4.9214710116e-03
2.0812988281e+01 6.6857489766e-03 2.1492915892e-03 4.5364573874e-03
2.0874023438e+01 6.2216962667e-03 2.0396815502e-03 4.1820147165e-03
2.0935058594e+01 5.8134615740e-03 1.9430931050e-03 3.8703684690e-03
2.0996093750e+01 5.4700825578e-03 1.8624618040e-03 3.6076207538e-03
2.1057128906e+01 5.1890635183e-03 1.7978142152e-03 3.3912493030e-03
2.1118164062e+01 4.9618949551e-03 1.7468575262e-03 3.2150374290e-03
2.1179199219e+01 4.7827474206e-03 1.7073930789e-03 3.0753543418e-03
2.1240234375e+01 4.6492567736e-03 1.6779606527e-03 2.9712961209e-03
2.1301269531e+01 4.5577927262e-03 1.6569549727e-03 2.9008377535e-03
2.1362304688e+01 4.5025683799e-03 1.6428082449e-03 2.8597601350e-03
2.1423339844e+01 4.4782945540e-03 1.6348133738e-03 2.8434811802e-03
2.1484375000e+01 4.4806145021e-03 1.6327936787e-03 2.8478208234e-03
2.1545410156e+01 4.5049288693e-03 1.6362382520e-03 2.8686906174e-03
2.1606445312e+01 4.5459775052e-03 1.6439433807e-03 2.9020341245e-03
2.1667480469e+01 4.5981854865e-03 1.6541157379e-03 2.9440697486e-03
2.1728515625e+01 4.6570604608e-03 1.6650945096e-03 2.9919659512e-03
2.1789550781e+01 4.7199093924e-03 1.6761274033e-03 3.0437819891e-03
2.1850585938e+01 4.7848598926e-03 1.6873263185e-03 3.0975335742e-03
2.1911621094e+01 4.8505187175e-03 1.6992106147e-03 3.1513081028e-03
2.1972656250e+01 4.9160281540e-03 1.7121215223e-03 3.2039066317e-03
2.2033691406e+01 4.9801560370e-03 1.7255684122e-03 3.2545876248e-03
2.2094726562e+01 5.0407385502e-03 1.7382568288e-03 3.3024817214e-03
2.2155761719e+01 5.0947945274e-03 1.7488337802e-03 3.3459607472e-03
2.2216796875e+01 5.1388600135e-03 1.7564679915e-03 3.3823920220e-03
2.2277832031e+01 5.1700678515e-03 1.7607557433e-03 3.4093121082e-03
2.2338867188e+01 5.1862300472e-03 1.7609031742e-03 3.4253268730e-03
2.2399902344e+01 5.1840455951e-03 1.7551294186e-03 3.4289161765e-03
2.2460937500e+01 5.1598437286e-03 1.7418749390e-03 3.4179687896e-03
2.2521972656e+01 5.1135674236e-03 1.7217400701e-03 3.3918273534e-03
2.2583007812e+01 5.0489396833e-03 1.6969733215e-03 3.3519663618e-03
2.2644042969e+01 4.9677707472e-03 1.6686558467e-03 3.2991149005e-03
2.2705078125e+01 4.8669679977e-03 1.6356023804e-03 3.2313656173e-03
2.2766113281e+01 4.7441889625e-03 1.5967828823e-03 3.1474060802e-03
2.2827148438e+01 4.6039498831e-03 1.5536214126e-03 3.0503284704e-03
2.2888183594e+01 4.4537028763e-03 1.5085971915e-03 2.9451056848e-03
2.2949218750e+01 4.2958710285e-03 1.4624736558e-03 2.8333973727e-03
2.3010253906e+01 4.1280073323e-03 1.4141948976e-03 2.7138124348e-03
2.3071289062e+01 3.9479266237e-03 1.3625477835e-03 2.5853788402e-03
2.3132324219e+01 3.7550951312e-03 1.3068113849e-03 2.4482837463e-03
2.3193359375e+01 3.5506550987e-03 1.2469969967e-03 2.3036581020e-03
2.3254394531e+01 3.3389709574e-03 1.1845050103e-03 2.1544659471e-03
2.3315429688e+01 3.1266796210e-03 1.1216879098e-03 2.0049917112e-03
2.3376464844e+01 2.9191492111e-03 1.0603704253e-03 1.8587787858e-03
2.3437500000e+01 2.7189608187e-03 1.0013960376e-03 1.7175647811e-03
2.3498535156e+01 2.5272803001e-03 9.4531153809e-04 1.5819687620e-03
2.3559570312e+01 2.3452026995e-03 8.9255120560e-04 1.4526514939e-03
2.3620605469e+01 2.1737150922e-03 8.4311579120e-04 1.3305993010e-03
2.3681640625e+01 2.0135153526e-03 7.9678751005e-04 1.2167278425e-03
2.3742675781e+01 1.8649973286e-03 7.5343581644e-04 1.1115615122e-03
2.3803710938e+01 1.7282440736e-03 7.1298442654e-04 1.0152596470e-03
2.3864746094e+01 1.6035093340e-03 6.7555561666e-04 9.2795371731e-04
2.3925781250e+01 1.4911050160e-03 6.4139430315e-04 8.4971071284e-04
2.3986816406e+01 1.3905010457e-03 6.1044102259e-04 7.8006002308e-04
2.4047851562e+01 1.3005995892e-03 5.8248687891e-04 7.1811271024e-04
2.4108886719e+01 1.2207843949e-03 5.5760159952e-04 6.6318279541e-04
2.4169921875e+01 1.1506839346e-03 5.3583656009e-04 6.1484737447e-04
2.4230957031e+01 1.0893969160e-03 5.1676369808e-04 5.7263321796e-04
2.4291992188e+01 1.0357307111e-03 4.9973091808e-04 5.3599979303e-04
2.4353027344e+01 9.8868060555e-04 4.8434940698e-04 5.0433119857e-04
2.4414062500e+01 9.4737792271e-04 4.7051197672e-04 4.7686594599e-04
2.4475097656e+01 9.1094409083e-04 4.5802842776e-04 4.5291566307e-04
2.4536132812e+01 8.7842983283e-04 4.4639264689e-04 4.3203718594e-04
2.4597167969e+01 8.4883170724e-04 4.3502829876e-04 4.1380340848e-04
2.4658203125e+01 8.2138650130e-04 4.2373485720e-04 3.9765164410e-04
2.4719238281e+01 7.9587838021e-04 4.1273649019e-04 3.8314189002e-04
2.4780273438e+01 7.7236096870e-04 4.0225824473e-04 3.7010272397e-04
2.4841308594e+01 7.5055139459e-04 3.9219993729e-04 3.5835145730e-04
2.4902343750e+01 7.2980034888e-04 3.8231983740e-04 3.4748051148e-04
2.4963378906e+01 7.0957355875e-04 3.7255559529e-04 3.3701796346e-04
2.5024414062e+01 6.8959830189e-04 3.6292593014e-04 3.2667237175e-04
2.5085449219e+01 6.6974705699e-04 3.5331754343e-04 3.1642951356e-04
2.5146484375e+01 6.5023920066e-04 3.4372699735e-04 3.0651220331e-04
2.5207519531e+01 6.3177904451e-04 3.3456396706e-04 2.9721507745e-04
2.5268554688e+01 6.1506981401e-04 3.2636319316e-04 2.8870662086e-04
2.5329589844e+01 6.0015903927e-04 3.1919160378e-04 2.8096743549e-04
2.5390625000e+01 5.8629677760e-04 3.1247892934e-04 2.7381784826e-04
2.5451660156e+01 5.7248480274e-04 3.0551275622e-04 2.6697204652e-04
2.5512695312e+01 5.5834706135e-04 2.9810919821e-04 2.6023786314e-04
2.5573730469e+01 5.4434104179e-04 2.9065149769e-04 2.5368954410e-04
2.5634765625e+01 5.3107257602e-04 2.8354841802e-04 2.4752415800e-04
2.5695800781e+01 5.1875368748e-04 2.7695126909e-04 2.4180241840e-04
2.5756835938e+01 5.0722202185e-04 2.7083941715e-04 2.3638260470e-04
2.5817871094e+01 4.9612172946e-04 2.6506034375e-04 2.3106138571e-04
2.5878906250e+01 4.8516331009e-04 2.5938913186e-04 2.2577417823e-04
2.5939941406e+01 4.7431759755e-04 2.5371463259e-04 2.2060296496e-04
2.6000976562e+01 4.6369267910e-04 2.4812153675e-04 2.1557114235e-04
2.6062011719e+01 4.5335751954e-04 2.4276368819e-04 2.1059383134e-04
2.6123046875e+01 4.4337562945e-04 2.3770862837e-04 2.0566700107e-04
2.6184082031e+01 4.3378749094e-04 2.3286532228e-04 2.0092216865e-04
2.6245117188e+01 4.2442451118e-04 2.2798293381e-04 1.9644157737e-04
2.6306152344e+01 4.1496248129e-04 2.2282973664e-04 1.9213274465e-04
2.6367187500e+01 4.0531279572e-04 2.1746548447e-04 1.8784731126e-04
2.6428222656e+01 3.9581037572e-04 2.1222356023e-04 1.8358681549e-04
2.6489257812e+01 3.8695168179e-04 2.0742627735e-04 1.7952540445e-04
2.6550292969e+01 3.7898031365e-04 2.0316695932e-04 1.7581335434e-04
2.6611328125e+01 3.7166197945e-04 1.9925073249e-04 1.7241124696e-04
2.6672363281e+01 3.6448402638e-04 1.9530986177e-04 1.6917416462e-04
2.6733398438e+01 3.5716049103e-04 1.9108379175e-04 1.6607669928e-04
2.6794433594e+01 3.4994415044e-04 1.8665626961e-04 1.6328788083e-04
2.6855468750e+01 3.4339090564e-04 1.8239065176e-04 1.6100025388e-04
2.6916503906e+01 3.3777252034e-04 1.7855807412e-04 1.5921444622e-04
2.6977539062e+01 3.3285429802e-04 1.7510407978e-04 1.5775021824e-04
2.7038574219e+01 3.2835417530e-04 1.7187177894e-04 1.5648239636e-04
2.7099609375e+01 3.2429611965e-04 1.6882877588e-04 1.5546734377e-04
2.7160644531e+01 3.2070903220e-04 1.6593047797e-04 1.5477855423e-04
2.7221679688e+01 3.1735010931e-04 1.6301769537e-04 1.5433241394e-04
2.7282714844e+01 3.1396707709e-04 1.5999411614e-04 1.5397296095e-04
2.7343750000e+01 3.1063434716e-04 1.5697327591e-04 1.5366107125e-04
2.7404785156e+01 3.0766875851e-04 1.5417795047e-04 1.5349080804e-04
2.7465820312e+01 3.0528465010e-04 1.5172887846e-04 1.5355577164e-04
2.7526855469e+01 3.0349246398e-04 1.4960339697e-04 1.5388906701e-04
2.7587890625e+01 3.0228075097e-04 1.4777846467e-04 1.5450228630e-04
2.7648925781e+01 3.0160501942e-04 1.4623129063e-04 1.5537372879e-04
2.7709960938e+01 3.0121428665e-04 1.4480337275e-04 1.5641091391e-04
2.7770996094e+01 3.0082354562e-04 1.4330309792e-04 1.5752044770e-04
2.7832031250e+01 3.0044694725e-04 1.4173779192e-04 1.5870915533e-04
2.7893066406e+01 3.0030749092e-04 1.4026303447e-04 1.6004445644e-04
2.7954101562e+01 3.0047440972e-04 1.3895799815e-04 1.6151641157e-04
2.8015136719e+01 3.0073347355e-04 1.3776135741e-04 1.6297211614e-04
2.8076171875e+01 3.0071212288e-04 1.3654395372e-04 1.6416816917e-04
2.8137207031e+01 3.0009635252e-04 1.3517866999e-04 1.6491768253e-04
2.8198242188e+01 2.9888472361e-04 1.3361782223e-04 1.6526690139e-04
2.8259277344e+01 2.9741553919e-04 1.3194902431e-04 1.6546651488e-04
2.8320312500e+01 2.9598858788e-04 1.3032320537e-04 1.6566538251e-04
2.8381347656e+01 2.9454523922e-04 1.2882157031e-04 1.6572366891e-04
2.8442382812e+01 2.9285963180e-04 1.2743814165e-04 1.6542149015e-04
2.8503417969e+01 2.9081661579e-04 1.2611034804e-04 1.6470626775e-04
2.8564453125e+01 2.8827612923e-04 1.2467128029e-04 1.6360484894e-04
2.8625488281e+01 2.8496999053e-04 1.2291192958e-04 1.6205806095e-04
2.8686523438e+01 2.8082165635e-04 1.2081802093e-04 1.6000363542e-04
2.8747558594e+01 2.7609878967e-04 1.1860510811e-04 1.5749368156e-04
2.8808593750e+01 2.7108102855e-04 1.1644919459e-04 1.5463183396e-04
2.8869628906e+01 2.6584653141e-04 1.1433802767e-04 1.5150850374e-04
2.8930664062e+01 2.6042268302e-04 1.1220127799e-04 1.4822140503e-04
2.8991699219e+01 2.5486759218e-04 1.1002444064e-04 1.4484315153e-04
2.9052734375e+01 2.4920889090e-04 1.0782963911e-04 1.4137925179e-04
2.9113769531e+01 2.4348517203e-04 1.0565053997e-04 1.3783463206e-04
2.9174804688e+01 2.3777646685e-04 1.0350837011e-04 1.3426809674e-04
2.9235839844e+01 2.3211136019e-04 1.0138112552e-04 1.3073023466e-04
2.9296875000e+01 2.2645156081e-04 9.9244752935e-05 1.2720680787e-04
2.9357910156e+01 2.2080613252e-04 9.7130023313e-05 1.2367610920e-04
2.9418945312e+01 2.1529150569e-04 9.5090255295e-05 1.2020125040e-04
2.9479980469e+01 2.1007491028e-04 9.3147586981e-05 1.1692732330e-04
2.9541015625e+01 2.0530149636e-04 9.1307853901e-05 1.1399364246e-04
2.9602050781e+01 2.0107326807e-04 8.9599027481e-05 1.1147424059e-04
2.9663085938e+01 1.9745171104e-04 8.8068120717e-05 1.0938359032e-04
2.9724121094e+01 1.9444913292e-04 8.6746139080e-05 1.0770299384e-04
2.9785156250e+01 1.9203440456e-04 8.5622982117e-05 1.0641142245e-04
2.9846191406e+01 1.9013935898e-04 8.4648554766e-05 1.0549080421e-04
2.9907226562e+01 1.8864547771e-04 8.3759423587e-05 1.0488605412e-04
2.9968261719e+01 1.8743416012e-04 8.2919079845e-05 1.0451508028e-04
3.0029296875e+01 1.8648326944e-04 8.2129233569e-05 1.0435403587e-04
3.0090332031e+01 1.8585534952e-04 8.1403752365e-05 1.0445159716e-04
3.0151367188e+01 1.8556923623e-04 8.0742056381e-05 1.0482717985e-04
3.0212402344e+01 1.8552192436e-04 8.0125091112e-05 1.0539683324e-04
3.0273437500e+01 1.8556922210e-04 7.9537534868e-05 1.0603168723e-04
3.0334472656e+01 1.8565225316e-04 7.8978874317e-05 1.0667337884e-04
3.0395507812e+01 1.8580375029e-04 7.8439723575e-05 1.0736402671e-04
3.0456542969e+01 1.8609636741e-04 7.7910860373e-05 1.0818550704e-04
3.0517578125e+01 1.8660030764e-04 7.7420395335e-05 1.0917991231e-04
3.0578613281e+01 1.8726737807e-04 7.6990584877e-05 1.1027679319e-04
3.0639648438e+01 1.8786955831e-04 7.6566076556e-05 1.1130348175e-04
3.0700683594e+01 1.8816413119e-04 7.6052323388e-05 1.1211180780e-04
3.0761718750e+01 1.8809065820e-04 7.5414397432e-05 1.1267626077e-04
3.0822753906e+01 1.8776974025e-04 7.4699888451e-05 1.1306985180e-04
3.0883789062e+01 1.8735791727e-04 7.3974398770e-05 1.1338351850e-04
3.0944824219e+01 1.8689988764e-04 7.3249152811e-05 1.1365073482e-04
3.1005859375e+01 1.8628687402e-04 7.2473070142e-05 1.1381380388e-04
3.1066894531e+01 1.8538898042e-04 7.1607988391e-05 1.1378099203e-04
3.1127929688e+01 1.8422698555e-04 7.0694618881e-05 1.1353236666e-04
3.1188964844e+01 1.8293618645e-04 6.9807641986e-05 1.1312854446e-04
3.1250000000e+01 1.8157211402e-04 6.8963924564e-05 1.1260818945e-04
3.1311035156e+01 1.8006328478e-04 6.8110772880e-05 1.1195251190e-04
3.1372070312e+01 1.7833694022e-04 6.7188716105e-05 1.1114822411e-04
3.1433105469e+01 1.7635978207e-04 6.6170131675e-05 1.1018965040e-04
3.1494140625e+01 1.7409101693e-04 6.5052853517e-05 1.0903816342e-04
3.1555175781e+01 1.7151365687e-04 6.3857693890e-05 1.0765596298e-04
3.1616210938e+01 1.6868342950e-04 6.2622942091e-05 1.0606048741e-04
3.1677246094e+01 1.6572629481e-04 6.1387944176e-05 1.0433835063e-04
3.1738281250e+01 1.6278861276e-04 6.0185344851e-05 1.0260326790e-04
3.1799316406e+01 1.5990528975e-04 5.9020522456e-05 1.0088476730e-04
3.1860351562e+01 1.5695901110e-04 5.7858822612e-05 9.9100188489e-05
3.1921386719e+01 1.5387351055e-04 5.6671964851e-05 9.7201545703e-05
3.1982421875e+01 1.5073315721e-04 5.5476025714e-05 9.5257131500e-05
3.2043457031e+01 1.4762997180e-04 5.4292929260e-05 9.3337042536e-05
3.2104492188e+01 1.4456609069e-04 5.3119881017e-05 9.1446209672e-05
3.2165527344e+01 1.4156745015e-04 5.1956643996e-05 8.9610806150e-05
3.2226562500e+01 1.3873341045e-04 5.0818072500e-05 8.7915337947e-05
3.2287597656e+01 1.3613938444e-04 4.9716081545e-05 8.6423302895e-05
3.2348632812e+01 1.3378418574e-04 4.8657938697e-05 8.5126247047e-05
3.2409667969e+01 1.3163921109e-04 4.7655790294e-05 8.3983420801e-05
3.2470703125e+01 1.2969828436e-04 4.6721910242e-05 8.2976374116e-05
3.2531738281e+01 1.2799321500e-04 4.5869282456e-05 8.2123932542e-05
3.2592773438e+01 1.2658568597e-04 4.5126079668e-05 8.1459606300e-05
3.2653808594e+01 1.2549301020e-04 4.4515155024e-05 8.0977855179e-05
3.2714843750e+01 1.2460806597e-04 4.4004756447e-05 8.0603309521e-05
3.2775878906e+01 1.2377882631e-04 4.3525376145e-05 8.0253450165e-05
3.2836914062e+01 1.2299949420e-04 4.3057419289e-05 7.9942074913e-05
3.2897949219e+01 1.2244147059e-04 4.2657464589e-05 7.9784006002e-05
3.2958984375e+01 1.2225328837e-04 4.2375128024e-05 7.9878160341e-05
3.3020019531e+01 1.2239185873e-04 4.2185467565e-05 8.0206391166e-05
3.3081054688e+01 1.2267302772e-04 4.2021777222e-05 8.0651250499e-05
3.3142089844e+01 1.2294782047e-04 4.1844770928e-05 8.1103049542e-05
3.3203125000e+01 1.2323713670e-04 4.1674001244e-05 8.1563135452e-05
3.3264160156e+01 1.2368618578e-04 4.1564460409e-05 8.2121725368e-05
3.3325195312e+01 1.2435368530e-04 4.1543962803e-05 8.2809722501e-05
3.3386230469e+01 1.2510447882e-04 4.1573310609e-05 8.3531168206e-05
3.3447265625e+01 1.2575324656e-04 4.1583464829e-05 8.4169781727e-05
3.3508300781e+01 1.2623360696e-04 4.1545381902e-05 8.4688225056e-05
3.3569335938e+01 1.2659022205e-04 4.1484780156e-05 8.5105441896e-05
3.3630371094e+01 1.2688282424e-04 4.1433574695e-05 8.5449249549e-05
3.3691406250e+01 1.2713194227e-04 4.1387533433e-05 8.5744408839e-05
3.3752441406e+01 1.2731872930e-04 4.1319053820e-05 8.5999675479e-05
3.3813476562e+01 1.2741376944e-04 4.1213943468e-05 8.6199825968e-05
3.3874511719e+01 1.2741657102e-04 4.1080234492e-05 8.6336336530e-05
3.3935546875e+01 1.2736389347e-04 4.0932062209e-05 8.6431831260e-05
3.3996582031e+01 1.2726593673e-04 4.0773775977e-05 8.6492160751e-05
3.4057617188e+01 1.2702406427e-04 4.0585934485e-05 8.6438129782e-05
3.4118652344e+01 1.2645052339e-04 4.0322304557e-05 8.6128218830e-05
3.4179687500e+01 1.2541972497e-04 3.9943222536e-05 8.5476502438e-05
3.4240722656e+01 1.2401464367e-04 3.9466622537e-05 8.4548021133e-05
3.4301757812e+01 1.2249604637e-04 3.8970795031e-05 8.3525251338e-05
3.4362792969e+01 1.2107995387e-04 3.8524343924e-05 8.2555609941e-05
3.4423828125e+01 1.1973972498e-04 3.8116825568e-05 8.1622899417e-05
3.4484863281e+01 1.1826435838e-04 3.7676464836e-05 8.0587893543e-05
3.4545898438e+01 1.1647920110e-04 3.7145308703e-05 7.9333892400e-05
3.4606933594e+01 1.1437122171e-04 3.6523272329e-05 7.7847949384e-05
3.4667968750e+01 1.1206018955e-04 3.5854572953e-05 7.6205616596e-05
3.4729003906e+01 1.0968860026e-04 3.5179630649e-05 7.4508969609e-05
3.4790039062e+01 1.0731430425e-04 3.4497777947e-05 7.2816526307e-05
3.4851074219e+01 1.0489728240e-04 3.3781564917e-05 7.1115717487e-05
3.4912109375e+01 1.0237676431e-04 3.3018358977e-05 6.9358405335e-05
3.4973144531e+01 9.9747954802e-05 3.2225927492e-05 6.7522027310e-05
3.5034179688e+01 9.7077121003e-05 3.1437485872e-05 6.5639635131e-05
3.5095214844e+01 9.4444813571e-05 3.0678686353e-05 6.3766127219e-05
3.5156250000e+01 9.1878430090e-05 2.9951660607e-05 6.1926769483e-05
3.5217285156e+01 8.9344642709e-05 2.9235411794e-05 6.0109230915e-05
3.5278320312e+01 8.6789697126e-05 2.8504720499e-05 5.8284976627e-05
3.5339355469e+01 8.4198419058e-05 2.7757357923e-05 5.6441061135e-05
3.5400390625e+01 8.1632905878e-05 2.7020924033e-05 5.4611981845e-05
3.5461425781e+01 7.9191891150e-05 2.6326531790e-05 5.2865359360e-05
3.5522460938e+01 7.6923793287e-05 2.5680964475e-05 5.1242828812e-05
3.5583496094e+01 7.4791796943e-05 2.5066460859e-05 4.9725336084e-05
3.5644531250e+01 7.2727525185e-05 2.4463048962e-05 4.8264476223e-05
3.5705566406e+01 7.0711907247e-05 2.3869408152e-05 4.6842499095e-05
3.5766601562e+01 6.8779316195e-05 2.3297493084e-05 4.5481823112e-05
3.5827636719e+01 6.6948765921e-05 2.2750304138e-05 4.4198461783e-05
3.5888671875e+01 6.5197038580e-05 2.2219522239e-05 4.2977516341e-05
3.5949707031e+01 6.3501906604e-05 2.1703701734e-05 4.1798204869e-05
3.6010742188e+01 6.1872485715e-05 2.1212244743e-05 4.0660240972e-05
3.6071777344e+01 6.0324319208e-05 2.0749120070e-05 3.9575199138e-05
3.6132812500e+01 5.8848271804e-05 2.0305510782e-05 3.8542761022e-05
3.6193847656e+01 5.7428678017e-05 1.9873085882e-05 3.7555592134e-05
3.6254882812e+01 5.6076012470e-05 1.9454326469e-05 3.6621686000e-05
3.6315917969e+01 5.4814919679e-05 1.9055046714e-05 3.5759872965e-05
3.6376953125e+01 5.3653874582e-05 1.8677164361e-05 3.4976710221e-05
3.6437988281e+01 5.2576882671e-05 1.8321937917e-05 3.4254944754e-05
3.6499023438e+01 5.1547475228e-05 1.7988066182e-05 3.3559409046e-05
3.6560058594e+01 5.0528675691e-05 1.7666168879e-05 3.2862506812e-05
3.6621093750e+01 4.9526537491e-05 1.7351180925e-05 3.2175356565e-05
3.6682128906e+01 4.8598065142e-05 1.7056812394e-05 3.1541252748e-05
3.6743164062e+01 4.7786531575e-05 1.6800045536e-05 3.0986486039e-05
3.6804199219e+01 4.7070960375e-05 1.6578199830e-05 3.0492760545e-05
3.6865234375e+01 4.6398685253e-05 1.6373257379e-05 3.0025427875e-05
3.6926269531e+01 4.5734367082e-05 1.6167961336e-05 2.9566405746e-05
3.6987304688e+01 4.5066094329e-05 1.5952819322e-05 2.9113275006e-05
3.7048339844e+01 4.4402987572e-05 1.5729578622e-05 2.8673408950e-05
3.7109375000e+01 4.3773885946e-05 1.5509182660e-05 2.8264703286e-05
3.7170410156e+01 4.3202073230e-05 1.5300399087e-05 2.7901674143e-05
3.7231445312e+01 4.2683909916e-05 1.5104126884e-05 2.7579783032e-05
3.7292480469e+01 4.2200489188e-05 1.4920044795e-05 2.7280444393e-05
3.7353515625e+01 4.1736108773e-05 1.4750465536e-05 2.6985643238e-05
3.7414550781e+01 4.1278647270e-05 1.4593217175e-05 2.6685430095e-05
3.7475585938e+01 4.0815541452e-05 1.4437952475e-05 2.6377588977e-05
3.7536621094e+01 4.0340060255e-05 1.4275379040e-05 2.6064681215e-05
3.7597656250e+01 3.9857127150e-05 1.4105549173e-05 2.5751577977e-05
3.7658691406e+01 3.9380198889e-05 1.3936036140e-05 2.5444162749e-05
3.7719726562e+01 3.8928085848e-05 1.3777927694e-05 2.5150158154e-05
3.7780761719e+01 3.8518464124e-05 1.3640398271e-05 2.4878065853e-05
3.7841796875e+01 3.8147080070e-05 1.3520189112e-05 2.4626890958e-05
3.7902832031e+01 3.7776669426e-05 1.3398523138e-05 2.4378146288e-05
3.7963867188e+01 3.7367311796e-05 1.3257063255e-05 2.4110248541e-05
3.8024902344e+01 3.6917210438e-05 1.3096036784e-05 2.3821173654e-05
3.8085937500e+01 3.6460308015e-05 1.2931347713e-05 2.3528960301e-05
3.8146972656e+01 3.6031889170e-05 1.2778207970e-05 2.3253681200e-05
3.8208007812e+01 3.5646138767e-05 1.2643011011e-05 2.3003127755e-05
3.8269042969e+01 3.5297367868e-05 1.2526093992e-05 2.2771273875e-05
3.8330078125e+01 3.4970014589e-05 1.2423764420e-05 2.2546250170e-05
3.8391113281e+01 3.4644537354e-05 1.2326068047e-05 2.2318469307e-05
3.8452148438e+01 3.4303934111e-05 1.2219707693e-05 2.2084226419e-05
3.8513183594e+01 3.3946040191e-05 1.2099461075e-05 2.1846579116e-05
3.8574218750e+01 3.3586568444e-05 1.1973947823e-05 2.1612620621e-05
3.8635253906e+01 3.3243088172e-05 1.1855255785e-05 2.1387832387e-05
3.8696289062e+01 3.2918537873e-05 1.1744960656e-05 2.1173577217e-05
3.8757324219e+01 3.2603840127e-05 1.1634895043e-05 2.0968945084e-05
3.8818359375e+01 3.2289546273e-05 1.1519747769e-05 2.0769798503e-05
3.8879394531e+01 3.1970415983e-05 1.1403322340e-05 2.0567093643e-05
3.8940429688e+01 3.1646047729e-05 1.1291912427e-05 2.0354135301e-05
3.9001464844e+01 3.1319575784e-05 1.1185863661e-05 2.0133712123e-05
3.9062500000e+01 3.0993040800e-05 1.1080106556e-05 1.9912934244e-05
3.9123535156e+01 3.0667163356e-05 1.0970388208e-05 1.9696775148e-05
3.9184570312e+01 3.0344160202e-05 1.0855629505e-05 1.9488530697e-05
3.9245605469e+01 3.0027532822e-05 1.0736893060e-05 1.9290639762e-05
3.9306640625e+01 2.9723849452e-05 1.0618604854e-05 1.9105244599e-05
3.9367675781e+01 2.9441637969e-05 1.0507554194e-05 1.8934083775e-05
3.9428710938e+01 2.9178026933e-05 1.0405111292e-05 1.8772915641e-05
3.9489746094e+01 2.8909799058e-05 1.0302912429e-05 1.8606886628e-05
3.9550781250e+01 2.8610798589e-05 1.0192025065e-05 1.8418773524e-05
3.9611816406e+01 2.8278540480e-05 1.0074478143e-05 1.8204062337e-05
3.9672851562e+01 2.7931777769e-05 9.9591796504e-06 1.7972598119e-05
3.9733886719e+01 2.7582864968e-05 9.8483408004e-06 1.7734524168e-05
3.9794921875e+01 2.7230254025e-05 9.7362170605e-06 1.7494036965e-05
3.9855957031e+01 2.6882606070e-05 9.6210113058e-06 1.7261594765e-05
3.9916992188e+01 2.6569590719e-05 9.5101995313e-06 1.7059391188e-05
3.9978027344e+01 2.6312105606e-05 9.4118033741e-06 1.6900302232e-05
4.0039062500e+01 2.6090945378e-05 9.3242759534e-06 1.6766669425e-05
4.0100097656e+01 2.5860793531e-05 9.2370243120e-06 1.6623769219e-05
4.0161132812e+01 2.5593594159e-05 9.1406601647e-06 1.6452933995e-05
4.0222167969e+01 2.5298904606e-05 9.0362062332e-06 1.6262698373e-05
4.0283203125e+01 2.5003038988e-05 8.9322370002e-06 1.6070801988e-05
4.0344238281e+01 2.4717815509e-05 8.8332699336e-06 1.5884545575e-05
4.0405273438e+01 2.4434623516e-05 8.7351058036e-06 1.5699517713e-05
4.0466308594e+01 2.4144322254e-05 8.6322900702e-06 1.5512032184e-05
4.0527343750e+01 2.3854305554e-05 8.5263541594e-06 1.5327951395e-05
4.0588378906e+01 2.3581555458e-05 8.4250656866e-06 1.5156489772e-05
4.0649414062e+01 2.3334650461e-05 8.3353286213e-06 1.4999321840e-05
4.0710449219e+01 2.3112871057e-05 8.2589268579e-06 1.4853944199e-05
4.0771484375e+01 2.2917056691e-05 8.1938579037e-06 1.4723198787e-05
4.0832519531e+01 2.2744371374e-05 8.1352857768e-06 1.4609085598e-05
4.0893554688e+01 2.2577454471e-05 8.0755130567e-06 1.4501941414e-05
4.0954589844e+01 2.2396359659e-05 8.0084930425e-06 1.4387866617e-05
4.1015625000e+01 2.2198314737e-05 7.9354119875e-06 1.4262902749e-05
4.1076660156e+01 2.1997068541e-05 7.8632329512e-06 1.4133835590e-05
4.1137695312e+01 2.1807194933e-05 7.7977153882e-06 1.4009479545e-05
4.1198730469e+01 2.1634460371e-05 7.7391427792e-06 1.3895317592e-05
4.1259765625e+01 2.1483524138e-05 7.6858668547e-06 1.3797657283e-05
4.1320800781e+01 2.1369205750e-05 7.6406660239e-06 1.3728539726e-05
4.1381835938e+01 2.1303713734e-05 7.6082166926e-06 1.3695497041e-05
4.1442871094e+01 2.1269906483e-05 7.5845252809e-06 1.3685381202e-05
4.1503906250e+01 2.1224347769e-05 7.5550131782e-06 1.3669334590e-05
4.1564941406e+01 2.1132962180e-05 7.5069432953e-06 1.3626018884e-05
4.1625976562e+01 2.0994804501e-05 7.4409154442e-06 1.3553889057e-05
4.1687011719e+01 2.0834082382e-05 7.3690726571e-06 1.3465009725e-05
4.1748046875e+01 2.0679183653e-05 7.3041587243e-06 1.3375024928e-05
4.1809082031e+01 2.0544863465e-05 7.2504082067e-06 1.3294455258e-05
4.1870117188e+01 2.0428979273e-05 7.2043409753e-06 1.3224638298e-05
4.1931152344e+01 2.0326994081e-05 7.1625377539e-06 1.3164456327e-05
4.1992187500e+01 2.0241615303e-05 7.1247901441e-06 1.3116825158e-05
4.2053222656e+01 2.0174768434e-05 7.0903556664e-06 1.3084412768e-05
4.2114257812e+01 2.0118436447e-05 7.0550096218e-06 1.3063426826e-05
4.2175292969e+01 2.0054201220e-05 7.0122215968e-06 1.3041979623e-05
4.2236328125e+01 1.9962266005e-05 6.9581170689e-06 1.3004148937e-05
4.2297363281e+01 1.9839564896e-05 6.8969313680e-06 1.2942633528e-05
4.2358398438e+01 1.9707517936e-05 6.8391427117e-06 1.2868375225e-05
4.2419433594e+01 1.9593573081e-05 6.7921683264e-06 1.2801404754e-05
4.2480468750e+01 1.9505379121e-05 6.7536329949e-06 1.2751746126e-05
4.2541503906e+01 1.9427263556e-05 6.7139763369e-06 1.2713287219e-05
4.2602539062e+01 1.9341162918e-05 6.6663437455e-06 1.2674819172e-05
4.2663574219e+01 1.9242501677e-05 6.6134451710e-06 1.2629056506e-05
4.2724609375e+01 1.9133298832e-05 6.5623254223e-06 1.2570973410e-05
4.2785644531e+01 1.9013409986e-05 6.5145805599e-06 1.2498829426e-05
4.2846679688e+01 1.8885843082e-05 6.4663487023e-06 1.2419494380e-05
4.2907714844e+01 1.8758455877e-05 6.4153942668e-06 1.2343061610e-05
4.2968750000e+01 1.8632316644e-05 6.3620317960e-06 1.2270284848e-05
4.3029785156e+01 1.8497735210e-05 6.3047545899e-06 1.2192980620e-05
4.3090820312e+01 1.8345729004e-05 6.2407625641e-06 1.2104966440e-05
4.3151855469e+01 1.8176244932e-05 6.1703356348e-06 1.2005909297e-05
4.3212890625e+01 1.7995969168e-05 6.0971586666e-06 1.1898810501e-05
4.3273925781e+01 1.7812514427e-05 6.0245784448e-06 1.1787935982e-05
4.3334960938e+01 1.7630819627e-05 5.9539400934e-06 1.1676879534e-05
4.3395996094e+01 1.7455353875e-05 5.8863033930e-06 1.1569050482e-05
4.3457031250e+01 1.7292321641e-05 5.8229865195e-06 1.1469335121e-05
4.3518066406e+01 1.7143823570e-05 5.7636016689e-06 1.1380221902e-05
4.3579101562e+01 1.7001570371e-05 5.7052920581e-06 1.1296278313e-05
4.3640136719e+01 1.6851997741e-05 5.6448733769e-06 1.1207124364e-05
4.3701171875e+01 1.6689229950e-05 5.5816308062e-06 1.1107599144e-05
4.3762207031e+01 1.6522469624e-05 5.5181242955e-06 1.1004345328e-05
4.3823242188e+01 1.6366963408e-05 5.4575131312e-06 1.0909450277e-05
4.3884277344e+01 1.6223901639e-05 5.3989193499e-06 1.0824982289e-05
4.3945312500e+01 1.6075699912e-05 5.3370431695e-06 1.0738656743e-05
4.4006347656e+01 1.5907115780e-05 5.2680278027e-06 1.0639087977e-05
4.4067382812e+01 1.5722105286e-05 5.1933354924e-06 1.0528769794e-05
4.4128417969e+01 1.5535648726e-05 5.1177113358e-06 1.0417937390e-05
4.4189453125e+01 1.5358439174e-05 5.0465056904e-06 1.0311933483e-05
4.4250488281e+01 1.5192211666e-05 4.9838227532e-06 1.0208388912e-05
4.4311523438e+01 1.5033983808e-05 4.9298342133e-06 1.0104149594e-05
4.4372558594e+01 1.4881743054e-05 4.8800387549e-06 1.0001704300e-05
4.4433593750e+01 1.4734634843e-05 4.8284932626e-06 9.9061415801e-06
4.4494628906e+01 1.4589285261e-05 4.7719204103e-06 9.8173648506e-06
4.4555664062e+01 1.4442728868e-05 4.7115827704e-06 9.7311460980e-06
4.4616699219e+01 1.4298363658e-05 4.6518818354e-06 9.6464818230e-06
4.4677734375e+01 1.4161774384e-05 4.5963547702e-06 9.5654196139e-06
4.4738769531e+01 1.4032425713e-05 4.5449056874e-06 9.4875200256e-06
4.4799804688e+01 1.3904816695e-05 4.4952694411e-06 9.4095472538e-06
4.4860839844e+01 1.3775907904e-05 4.4460576838e-06 9.3298502199e-06
4.4921875000e+01 1.3647483386e-05 4.3971923004e-06 9.2502910854e-06
4.4982910156e+01 1.3522120082e-05 4.3484827383e-06 9.1736373439e-06
4.5043945312e+01 1.3401148873e-05 4.2997740102e-06 9.1013748626e-06
4.5104980469e+01 1.3284861909e-05 4.2517286297e-06 9.0331332789e-06
4.5166015625e+01 1.3170181509e-05 4.2048517105e-06 8.9653297989e-06
4.5227050781e+01 1.3050967164e-05 4.1584528131e-06 8.8925143514e-06
4.5288085938e+01 1.2923878507e-05 4.1115276214e-06 8.8123508851e-06
4.5349121094e+01 1.2791515636e-05 4.0643749909e-06 8.7271406449e-06
4.5410156250e+01 1.2657302818e-05 4.0181187851e-06 8.6391840326e-06
4.5471191406e+01 1.2520007391e-05 3.9723917783e-06 8.5476156123e-06
4.5532226562e+01 1.2376152262e-05 3.9251268863e-06 8.4510253756e-06
4.5593261719e+01 1.2223428156e-05 3.8744443000e-06 8.3489838561e-06
4.5654296875e+01 1.2059948859e-05 3.8192515975e-06 8.2406972620e-06
4.5715332031e+01 1.1887358372e-05 3.7595985986e-06 8.1277597734e-06
4.5776367188e+01 1.1715188104e-05 3.6981446952e-06 8.0170434087e-06
4.5837402344e+01 1.1554464385e-05 3.6392972180e-06 7.9151671671e-06
4.5898437500e+01 1.1407532414e-05 3.5855276840e-06 7.8220047298e-06
4.5959472656e+01 1.1268102765e-05 3.5358059465e-06 7.7322968186e-06
4.6020507812e+01 1.1128624818e-05 3.4878331431e-06 7.6407916746e-06
4.6081542969e+01 1.0986585961e-05 3.4407149565e-06 7.5458710041e-06
4.6142578125e+01 1.0844937928e-05 3.3950340089e-06 7.4499039189e-06
4.6203613281e+01 1.0704671181e-05 3.3504198707e-06 7.3542513101e-06
4.6264648438e+01 1.0558589249e-05 3.3041018372e-06 7.2544874119e-06
4.6325683594e+01 1.0397011212e-05 3.2531680492e-06 7.1438431623e-06
4.6386718750e+01 1.0218142089e-05 3.1976721176e-06 7.0204699718e-06
4.6447753906e+01 1.0029617327e-05 3.1403884121e-06 6.8892289154e-06
4.6508789062e+01 9.8423773126e-06 3.0841626024e-06 6.7582147102e-06
4.6569824219e+01 9.6650249949e-06 3.0304835004e-06 6.6345414945e-06
4.6630859375e+01 9.5018384871e-06 2.9801898020e-06 6.5216486851e-06
4.6691894531e+01 9.3523723243e-06 2.9337201952e-06 6.4186521291e-06
4.6752929688e+01 9.2103273939e-06 2.8897547476e-06 6.3205726463e-06
4.6813964844e+01 9.0675160439e-06 2.8459411499e-06 6.2215748940e-06
4.6875000000e+01 8.9228758233e-06 2.8019092588e-06 6.1209665645e-06
4.6936035156e+01 8.7817521552e-06 2.7589709823e-06 6.0227811729e-06
4.6997070312e+01 8.6466738997e-06 2.7174828397e-06 5.9291910601e-06
4.7058105469e+01 8.5173628896e-06 2.6773747699e-06 5.8399881197e-06
4.7119140625e+01 8.3971271000e-06 2.6398179892e-06 5.7573091107e-06
4.7180175781e+01 8.2896136793e-06 2.6059038891e-06 5.6837097901e-06
4.7241210938e+01 8.1905086242e-06 2.5746170789e-06 5.6158915453e-06
4.7302246094e+01 8.0895995829e-06 2.5433440142e-06 5.5462555687e-06
4.7363281250e+01 7.9804517983e-06 2.5097254636e-06 5.4707263347e-06
4.7424316406e+01 7.8643073256e-06 2.4727497154e-06 5.3915576102e-06
4.7485351562e+01 7.7460631733e-06 2.4330343690e-06 5.3130288043e-06
4.7546386719e+01 7.6291156374e-06 2.3923332359e-06 5.2367824015e-06
4.7607421875e+01 7.5138582343e-06 2.3522858168e-06 5.1615724176e-06
4.7668457031e+01 7.4002509086e-06 2.3139629873e-06 5.0862879213e-06
4.7729492188e+01 7.2914897966e-06 2.2786927299e-06 5.0127970667e-06
4.7790527344e+01 7.1949301899e-06 2.2482666254e-06 4.9466635645e-06
4.7851562500e+01 7.1178459352e-06 2.2236750103e-06 4.8941709249e-06
4.7912597656e+01 7.0595637146e-06 2.2035641549e-06 4.8559995598e-06
4.7973632812e+01 7.0086306230e-06 2.1843995140e-06 4.8242311090e-06
4.8034667969e+01 6.9511083861e-06 2.1630388886e-06 4.7880694975e-06
4.8095703125e+01 6.8812809716e-06 2.1389814495e-06 4.7422995221e-06
4.8156738281e+01 6.8026005358e-06 2.1136864461e-06 4.6889140897e-06
4.8217773438e+01 6.7201601354e-06 2.0884369340e-06 4.6317232015e-06
4.8278808594e+01 6.6358866223e-06 2.0635253002e-06 4.5723613222e-06
4.8339843750e+01 6.5512876458e-06 2.0391041980e-06 4.5121834478e-06
4.8400878906e+01 6.4701151759e-06 2.0158097110e-06 4.4543054649e-06
4.8461914062e+01 6.3951899228e-06 1.9938973352e-06 4.4012925877e-06
4.8522949219e+01 6.3255591096e-06 1.9724043510e-06 4.3531547586e-06
4.8583984375e+01 6.2583163097e-06 1.9499272561e-06 4.3083890536e-06
4.8645019531e+01 6.1906389460e-06 1.9258889361e-06 4.2647500099e-06
4.8706054688e+01 6.1211266167e-06 1.9011784447e-06 4.2199481720e-06
4.8767089844e+01 6.0517485304e-06 1.8779774721e-06 4.1737710583e-06
4.8828125000e+01 5.9864863362e-06 1.8580808951e-06 4.1284054411e-06
4.8889160156e+01 5.9261337268e-06 1.8407583181e-06 4.0853754087e-06
4.8950195312e+01 5.8671218506e-06 1.8233104791e-06 4.0438113714e-06
4.9011230469e+01 5.8073306322e-06 1.8042612457e-06 4.0030693864e-06
4.9072265625e+01 5.7486497367e-06 1.7844858295e-06 3.9641639072e-06
4.9133300781e+01 5.6919427391e-06 1.7649780120e-06 3.9269647271e-06
4.9194335938e+01 5.6354727300e-06 1.7456950560e-06 3.8897776740e-06
4.9255371094e+01 5.5797754265e-06 1.7267953555e-06 3.8529800710e-06
4.9316406250e+01 5.5282342034e-06 1.7091818436e-06 3.8190523598e-06
4.9377441406e+01 5.4815634285e-06 1.6935192263e-06 3.7880442022e-06
4.9438476562e+01 5.4355468043e-06 1.6792331769e-06 3.7563136274e-06
4.9499511719e+01 5.3852736967e-06 1.6646395225e-06 3.7206341742e-06
4.9560546875e+01 5.3303158118e-06 1.6484783900e-06 3.6818374218e-06
4.9621582031e+01 5.2751697429e-06 1.6311481994e-06 3.6440215435e-06
4.9682617188e+01 5.2242714844e-06 1.6138892682e-06 3.6103822162e-06
4.9743652344e+01 5.1767284560e-06 1.5971938781e-06 3.5795345779e-06
4.9804687500e+01 5.1273756674e-06 1.5805429208e-06 3.5468327466e-06
4.9865722656e+01 5.0737065272e-06 1.5635228712e-06 3.5101836560e-06
4.9926757812e+01 5.0193650025e-06 1.5466073122e-06 3.4727576902e-06
4.9987792969e+01 4.9686196855e-06 1.5302581893e-06 3.4383614961e-06
5.0048828125e+01 4.9202980902e-06 1.5139062187e-06 3.4063918715e-06
5.0109863281e+01 4.8706513244e-06 1.4969783281e-06 3.3736729963e-06
5.0170898438e+01 4.8195210081e-06 1.4802207746e-06 3.3393002335e-06
5.0231933594e+01 4.7699383175e-06 1.4648651678e-06 3.3050731498e-06
5.0292968750e+01 4.7237067294e-06 1.4512498126e-06 3.2724569169e-06
5.0354003906e+01 4.6796919396e-06 1.4387649336e-06 3.2409270060e-06
5.0415039062e+01 4.6349358472e-06 1.4263727695e-06 3.2085630777e-06
5.0476074219e+01 4.5875488374e-06 1.4132672157e-06 3.1742816217e-06
5.0537109375e+01 4.5391220072e-06 1.3994853367e-06 3.1396366705e-06
5.0598144531e+01 4.4926017350e-06 1.3855430213e-06 3.1070587137e-06
5.0659179688e+01 4.4482701488e-06 1.3714352678e-06 3.0768348810e-06
5.0720214844e+01 4.4037763114e-06 1.3564506946e-06 3.0473256168e-06
5.0781250000e+01 4.3578363311e-06 1.3402764435e-06 3.0175598876e-06
5.0842285156e+01 4.3126507508e-06 1.3241218929e-06 2.9885288579e-06
5.0903320312e+01 4.2713259129e-06 1.3097945740e-06 2.9615313388e-06
5.0964355469e+01 4.2332586146e-06 1.2974561922e-06 2.9358024224e-06
5.1025390625e+01 4.1951070883e-06 1.2857184431e-06 2.9093886452e-06
5.1086425781e+01 4.1563566114e-06 1.2741047135e-06 2.8822518980e-06
5.1147460938e+01 4.1197840254e-06 1.2636189039e-06 2.8561651215e-06
5.1208496094e+01 4.0865178354e-06 1.2547701371e-06 2.8317476983e-06
5.1269531250e+01 4.0550687401e-06 1.2466905061e-06 2.8083782340e-06
5.1330566406e+01 4.0243069873e-06 1.2381455985e-06 2.7861613888e-06
5.1391601562e+01 3.9932631759e-06 1.2282904827e-06 2.7649726932e-06
5.1452636719e+01 3.9591334808e-06 1.2166770970e-06 2.7424563838e-06
5.1513671875e+01 3.9190892567e-06 1.2033029334e-06 2.7157863233e-06
5.1574707031e+01 3.8745634208e-06 1.1889807513e-06 2.6855826695e-06
5.1635742188e+01 3.8317900726e-06 1.1754930684e-06 2.6562970042e-06
5.1696777344e+01 3.7964644265e-06 1.1645664955e-06 2.6318979310e-06
5.1757812500e+01 3.7685324671e-06 1.1563526096e-06 2.6121798575e-06
5.1818847656e+01 3.7437540843e-06 1.1494421005e-06 2.5943119838e-06
5.1879882812e+01 3.7187374002e-06 1.1422213654e-06 2.5765160348e-06
5.1940917969e+01 3.6920365798e-06 1.1336977598e-06 2.5583388200e-06
5.2001953125e+01 3.6627934743e-06 1.1236746958e-06 2.5391187785e-06
5.2062988281e+01 3.6316911354e-06 1.1129381886e-06 2.5187529468e-06
5.2124023438e+01 3.6017976394e-06 1.1028944063e-06 2.4989032331e-06
5.2185058594e+01 3.5759793081e-06 1.0944422548e-06 2.4815370534e-06
5.2246093750e+01 3.5538187271e-06 1.0871866735e-06 2.4666320536e-06
5.2307128906e+01 3.5323556591e-06 1.0800152519e-06 2.4523404072e-06
5.2368164062e+01 3.5097740617e-06 1.0723954092e-06 2.4373786525e-06
5.2429199219e+01 3.4872318279e-06 1.0647565837e-06 2.4224752442e-06
5.2490234375e+01 3.4666679553e-06 1.0576561571e-06 2.4090117982e-06
5.2551269531e+01 3.4477546158e-06 1.0509524308e-06 2.3968021850e-06
5.2612304688e+01 3.4280384572e-06 1.0439438905e-06 2.3840945666e-06
5.2673339844e+01 3.4057277295e-06 1.0360890867e-06 2.3696386428e-06
5.2734375000e+01 3.3815183251e-06 1.0274187254e-06 2.3540995997e-06
5.2795410156e+01 3.3576849364e-06 1.0184514733e-06 2.3392334631e-06
5.2856445312e+01 3.3355512308e-06 1.0098222592e-06 2.3257289716e-06
5.2917480469e+01 3.3140807027e-06 1.0017998569e-06 2.3122808458e-06
5.2978515625e+01 3.2913897150e-06 9.9406841914e-07 2.2973212958e-06
5.3039550781e+01 3.2675310239e-06 9.8613941647e-07 2.2813916074e-06
5.3100585938e+01 3.2449036199e-06 9.7802844699e-07 2.2668751730e-06
5.3161621094e+01 3.2254581406e-06 9.7024995167e-07 2.2552081889e-06
5.3222656250e+01 3.2088000790e-06 9.6324195131e-07 2.2455581277e-06
5.3283691406e+01 3.1940261728e-06 9.5725899288e-07 2.2367671799e-06
5.3344726562e+01 3.1816145543e-06 9.5254434407e-07 2.2290702103e-06
5.3405761719e+01 3.1717770505e-06 9.4894381304e-07 2.2228332374e-06
5.3466796875e+01 3.1622617509e-06 9.4552295178e-07 2.2167387991e-06
5.3527832031e+01 3.1498355246e-06 9.4123942194e-07 2.2085961027e-06
5.3588867188e+01 3.1338188252e-06 9.3601151490e-07 2.1978073103e-06
5.3649902344e+01 3.1168916850e-06 9.3067454425e-07 2.1862171407e-06
5.3710937500e+01 3.1025167493e-06 9.2601743493e-07 2.1764993144e-06
5.3771972656e+01 3.0923283498e-06 9.2216545635e-07 2.1701628934e-06
5.3833007812e+01 3.0856579279e-06 9.1873136782e-07 2.1669265600e-06
5.3894042969e+01 3.0809550502e-06 9.1541776313e-07 2.1655372871e-06
5.3955078125e+01 3.0768054066e-06 9.1219238818e-07 2.1646130184e-06
5.4016113281e+01 3.0711401516e-06 9.0873735499e-07 2.1624027966e-06
5.4077148438e+01 3.0615606456e-06 9.0450068344e-07 2.1570599621e-06
5.4138183594e+01 3.0479672450e-06 8.9953997739e-07 2.1484272676e-06
5.4199218750e+01 3.0332863266e-06 8.9456599396e-07 2.1387203326e-06
5.4260253906e+01 3.0207408101e-06 8.9020414286e-07 2.1305366673e-06
5.4321289062e+01 3.0113572640e-06 8.8663994763e-07 2.1247173164e-06
5.4382324219e+01 3.0041294711e-06 8.8365047183e-07 2.1204789993e-06
5.4443359375e+01 2.9978243453e-06 8.8084742198e-07 2.1169769233e-06
5.4504394531e+01 2.9921083103e-06 8.7813332470e-07 2.1139749857e-06
5.4565429688e+01 2.9868925828e-06 8.7574393514e-07 2.1111486476e-06
5.4626464844e+01 2.9814730299e-06 8.7369824809e-07 2.1077747818e-06
5.4687500000e+01 2.9747949801e-06 8.7146571558e-07 2.1033292645e-06
5.4748535156e+01 2.9662012707e-06 8.6837482124e-07 2.0978264495e-06
5.4809570312e+01 2.9559452427e-06 8.6426436402e-07 2.0916808786e-06
5.4870605469e+01 2.9448475471e-06 8.5952879508e-07 2.0853187521e-06
5.4931640625e+01 2.9332270020e-06 8.5459768192e-07 2.0786293201e-06
5.4992675781e+01 2.9208619294e-06 8.4966588601e-07 2.0711960433e-06
5.5053710938e+01 2.9082110464e-06 8.4489971131e-07 2.0633113351e-06
5.5114746094e+01 2.8966808075e-06 8.4057773939e-07 2.0561030681e-06
5.5175781250e+01 2.8873993083e-06 8.3690169742e-07 2.0504976109e-06
5.5236816406e+01 2.8801320968e-06 8.3379634542e-07 2.0463357514e-06
5.5297851562e+01 2.8732609359e-06 8.3092662348e-07 2.0423343124e-06
5.5358886719e+01 2.8649176535e-06 8.2784969143e-07 2.0370679620e-06
5.5419921875e+01 2.8546868848e-06 8.2429916110e-07 2.0303877237e-06
5.5480957031e+01 2.8441559873e-06 8.2046825416e-07 2.0236877331e-06
5.5541992188e+01 2.8354524530e-06 8.1686431156e-07 2.0185881415e-06
5.5603027344e+01 2.8292781275e-06 8.1384676455e-07 2.0154313629e-06
5.5664062500e+01 2.8242602707e-06 8.1138340829e-07 2.0128768624e-06
5.5725097656e+01 2.8182753589e-06 8.0916396976e-07 2.0091113891e-06
5.5786132812e+01 2.8106640177e-06 8.0691127587e-07 2.0037527418e-06
5.5847167969e+01 2.8026689290e-06 8.0451497445e-07 1.9981539545e-06
5.5908203125e+01 2.7956232920e-06 8.0187345107e-07 1.9937498409e-06
5.5969238281e+01 2.7895305151e-06 7.9887831283e-07 1.9906522023e-06
5.6030273438e+01 2.7837048736e-06 7.9559794292e-07 1.9881069307e-06
5.6091308594e+01 2.7780242679e-06 7.9229850626e-07 1.9857257616e-06
5.6152343750e+01 2.7722940563e-06 7.8921006176e-07 1.9830839945e-06
5.6213378906e+01 2.7647945545e-06 7.8622330673e-07 1.9785712478e-06
5.6274414062e+01 2.7538409114e-06 7.8298664051e-07 1.9708542709e-06
5.6335449219e+01 2.7408131822e-06 7.7946745324e-07 1.9613457290e-06
5.6396484375e+01 2.7288565281e-06 7.7599862586e-07 1.9528579022e-06
5.6457519531e+01 2.7187286857e-06 7.7260238727e-07 1.9461262984e-06
5.6518554688e+01 2.7088318980e-06 7.6896197554e-07 1.9398699225e-06
5.6579589844e+01 2.6986253360e-06 7.6512400639e-07 1.9335013296e-06
5.6640625000e+01 2.6892855360e-06 7.6153202974e-07 1.9277535062e-06
5.6701660156e+01 2.6817564766e-06 7.5850109577e-07 1.9232553808e-06
5.6762695312e+01 2.6754780081e-06 7.5600602312e-07 1.9194719850e-06
5.6823730469e+01 2.6687526157e-06 7.5376853316e-07 1.9149840826e-06
5.6884765625e+01 2.6606706550e-06 7.5152909357e-07 1.9091415615e-06
5.6945800781e+01 2.6522076537e-06 7.4923796507e-07 1.9029696887e-06
5.7006835938e+01 2.6444394941e-06 7.4688864684e-07 1.8975508472e-06
5.7067871094e+01 2.6366934672e-06 7.4435270975e-07 1.8923407575e-06
5.7128906250e+01 2.6276141426e-06 7.4146013284e-07 1.8861540097e-06
5.7189941406e+01 2.6171129824e-06 7.3810293730e-07 1.8790100451e-06
5.7250976562e+01 2.6058785073e-06 7.3421184236e-07 1.8716666650e-06
5.7312011719e+01 2.5936883251e-06 7.2972123042e-07 1.8639670947e-06
5.7373046875e+01 2.5799609280e-06 7.2472718101e-07 1.8552337470e-06
5.7434082031e+01 2.5653344909e-06 7.1962462226e-07 1.8457098687e-06
5.7495117188e+01 2.5505895737e-06 7.1475432113e-07 1.8358352526e-06
5.7556152344e+01 2.5345343155e-06 7.0993168282e-07 1.8246026327e-06
5.7617187500e+01 2.5153458938e-06 7.0474324669e-07 1.8106026471e-06
5.7678222656e+01 2.4935882822e-06 6.9922847819e-07 1.7943598041e-06
5.7739257812e+01 2.4715070724e-06 6.9375869138e-07 1.7777483811e-06
5.7800292969e+01 2.4499617080e-06 6.8839884506e-07 1.7615628629e-06
5.7861328125e+01 2.4283876922e-06 6.8291704357e-07 1.7454706486e-06
5.7922363281e+01 2.4070355476e-06 6.7726070620e-07 1.7297748414e-06
5.7983398438e+01 2.3868647632e-06 6.7158145174e-07 1.7152833115e-06
5.8044433594e+01 2.3674625524e-06 6.6590144341e-07 1.7015611089e-06
5.8105468750e+01 2.3471049970e-06 6.6009614279e-07 1.6870088542e-06
5.8166503906e+01 2.3251103522e-06 6.5413361245e-07 1.6709767397e-06
5.8227539062e+01 2.3024930030e-06 6.4802025720e-07 1.6544727458e-06
5.8288574219e+01 2.2800144219e-06 6.4158703524e-07 1.6384273867e-06
5.8349609375e+01 2.2573375157e-06 6.3472963390e-07 1.6226078818e-06
5.8410644531e+01 2.2344204761e-06 6.2780015707e-07 1.6066203191e-06
5.8471679688e+01 2.2119104906e-06 6.2127736131e-07 1.5906331293e-06
5.8532714844e+01 2.1898541415e-06 6.1513585505e-07 1.5747182864e-06
5.8593750000e+01 2.1673269479e-06 6.0899053361e-07 1.5583364143e-06
5.8654785156e+01 2.1435460076e-06 6.0267399749e-07 1.5408720101e-06
5.8715820312e+01 2.1189053155e-06 5.9628578376e-07 1.5226195318e-06
5.8776855469e+01 2.0950035514e-06 5.8993453535e-07 1.5050690161e-06
5.8837890625e+01 2.0736510484e-06 5.8377976080e-07 1.4898712876e-06
5.8898925781e+01 2.0554312884e-06 5.7810281023e-07 1.4773284781e-06
5.8959960938e+01 2.0392241639e-06 5.7306226160e-07 1.4661619023e-06
5.9020996094e+01 2.0232735993e-06 5.6847744624e-07 1.4547961531e-06
5.9082031250e+01 2.0064458016e-06 5.6401267262e-07 1.4424331290e-06
5.9143066406e+01 1.9887314112e-06 5.5953902436e-07 1.4291923868e-06
5.9204101562e+01 1.9709816896e-06 5.5513013094e-07 1.4158515586e-06
5.9265136719e+01 1.9540381373e-06 5.5076121809e-07 1.4032769192e-06
5.9326171875e+01 1.9383612013e-06 5.4634367882e-07 1.3920175225e-06
5.9387207031e+01 1.9239716168e-06 5.4188652979e-07 1.3820850870e-06
5.9448242188e+01 1.9095887033e-06 5.3723261354e-07 1.3723560898e-06
5.9509277344e+01 1.8928820707e-06 5.3197965327e-07 1.3609024175e-06
5.9570312500e+01 1.8730539212e-06 5.2606613046e-07 1.3469877907e-06
5.9631347656e+01 1.8520683751e-06 5.2005678927e-07 1.3320115858e-06
5.9692382812e+01 1.8322321164e-06 5.1450831157e-07 1.3177238049e-06
5.9753417969e+01 1.8140353325e-06 5.0946513511e-07 1.3045701974e-06
5.9814453125e+01 1.7972484437e-06 5.0482005677e-07 1.2924283869e-06
5.9875488281e+01 1.7820935318e-06 5.0058970524e-07 1.2815038266e-06
5.9936523438e+01 1.7683109163e-06 4.9659260843e-07 1.2717183079e-06
5.9997558594e+01 1.7547573837e-06 4.9240760952e-07 1.2623497742e-06
6.0058593750e+01 1.7405088689e-06 4.8784057519e-07 1.2526682937e-06
6.0119628906e+01 1.7256534760e-06 4.8318701981e-07 1.2424664562e-06
6.0180664062e+01 1.7109717480e-06 4.7892917057e-07 1.2320425775e-06
6.0241699219e+01 1.6968460933e-06 4.7514668649e-07 1.2216994069e-06
6.0302734375e+01 1.6827790763e-06 4.7141632825e-07 1.2113627480e-06
6.0363769531e+01 1.6685860246e-06 4.6747920499e-07 1.2011068197e-06
6.0424804688e+01 1.6554513949e-06 4.6371220074e-07 1.1917391942e-06
6.0485839844e+01 1.6446891275e-06 4.6064759888e-07 1.1840415286e-06
6.0546875000e+01 1.6357319740e-06 4.5823575723e-07 1.1774962168e-06
6.0607910156e+01 1.6263042760e-06 4.5585930242e-07 1.1704449736e-06
6.0668945312e+01 1.6148354227e-06 4.5302917860e-07 1.1618062441e-06
6.0729980469e+01 1.6021674745e-06 4.4983238820e-07 1.1523350863e-06
6.0791015625e+01 1.5903427537e-06 4.4661912073e-07 1.1437236329e-06
6.0852050781e+01 1.5802563474e-06 4.4351731008e-07 1.1367390373e-06
6.0913085938e+01 1.5710291240e-06 4.4040362244e-07 1.1306255015e-06
6.0974121094e+01 1.5610408977e-06 4.3711787031e-07 1.1239230274e-06
6.1035156250e+01 1.5492542766e-06 4.3357878243e-07 1.1156754941e-06
6.1096191406e+01 1.5360815116e-06 4.2985827869e-07 1.1062232329e-06
6.1157226562e+01 1.5232794101e-06 4.2626822665e-07 1.0970111834e-06
6.1218261719e+01 1.5126164045e-06 4.2321198623e-07 1.0894044183e-06
6.1279296875e+01 1.5042164265e-06 4.2075894631e-07 1.0834574801e-06
6.1340332031e+01 1.4965089319e-06 4.1850053294e-07 1.0780083990e-06
6.1401367188e+01 1.4878104705e-06 4.1592379369e-07 1.0718866768e-06
6.1462402344e+01 1.4772331401e-06 4.1274929278e-07 1.0644838474e-06
6.1523437500e+01 1.4646684118e-06 4.0900900080e-07 1.0556594110e-06
6.1584472656e+01 1.4510733880e-06 4.0506361072e-07 1.0460097772e-06
6.1645507812e+01 1.4379940222e-06 4.0137688164e-07 1.0366171405e-06
6.1706542969e+01 1.4261588241e-06 3.9812971252e-07 1.0280291116e-06
6.1767578125e+01 1.4155355708e-06 3.9524569828e-07 1.0202898725e-06
6.1828613281e+01 1.4064512138e-06 3.9271084891e-07 1.0137403649e-06
6.1889648438e+01 1.3990718750e-06 3.9054783457e-07 1.0085240404e-06
6.1950683594e+01 1.3921437103e-06 3.8852796934e-07 1.0036157410e-06
6.2011718750e+01 1.3838976663e-06 3.8626260231e-07 9.9763506395e-07
6.2072753906e+01 1.3742069753e-06 3.8366378894e-07 9.9054318636e-07
6.2133789062e+01 1.3646290828e-06 3.8105287573e-07 9.8357620707e-07
6.2194824219e+01 1.3562309678e-06 3.7870209307e-07 9.7752887468e-07
6.2255859375e+01 1.3484759377e-06 3.7650320114e-07 9.7197273654e-07
6.2316894531e+01 1.3404811838e-06 3.7421927568e-07 9.6626190808e-07
6.2377929688e+01 1.3319849096e-06 3.7174857096e-07 9.6023633864e-07
6.2438964844e+01 1.3227093814e-06 3.6900304006e-07 9.5370634130e-07
6.2500000000e+01 1.3123209135e-06 3.6591373527e-07 9.4640717825e-07
6.2561035156e+01 1.3012591151e-06 3.6265466958e-07 9.3860444557e-07
6.2622070312e+01 1.2905379193e-06 3.5956099665e-07 9.3097692266e-07
6.2683105469e+01 1.2808463832e-06 3.5680838175e-07 9.2403800150e-07
6.2744140625e+01 1.2722393255e-06 3.5432358411e-07 9.1791574136e-07
6.2805175781e+01 1.2643212435e-06 3.5192612003e-07 9.1239512350e-07
6.2866210938e+01 1.2566613954e-06 3.4947465616e-07 9.0718673921e-07
6.2927246094e+01 1.2493518171e-06 3.4701749601e-07 9.0233432104e-07
6.2988281250e+01 1.2428539264e-06 3.4479184806e-07 8.9806207833e-07
6.3049316406e+01 1.2369395271e-06 3.4287785196e-07 8.9406167516e-07
6.3110351562e+01 1.2304111951e-06 3.4098137417e-07 8.8942982095e-07
6.3171386719e+01 1.2223735752e-06 3.3878676899e-07 8.8358680617e-07
6.3232421875e+01 1.2131677625e-06 3.3631050022e-07 8.7685726224e-07
6.3293457031e+01 1.2037520680e-06 3.3373887804e-07 8.7001318993e-07
6.3354492188e+01 1.1947874159e-06 3.3119270075e-07 8.6359471519e-07
6.3415527344e+01 1.1863809251e-06 3.2873931241e-07 8.5764161271e-07
6.3476562500e+01 1.1782781306e-06 3.2642051889e-07 8.5185761168e-07
6.3537597656e+01 1.1702602731e-06 3.2421378272e-07 8.4604649037e-07
6.3598632812e+01 1.1623412676e-06 3.2201500752e-07 8.4032626008e-07
6.3659667969e+01 1.1546499975e-06 3.1971297369e-07 8.3493702381e-07
6.3720703125e+01 1.1472958790e-06 3.1732877909e-07 8.2996709991e-07
6.3781738281e+01 1.1402494053e-06 3.1501199136e-07 8.2523741397e-07
6.3842773438e+01 1.1333986233e-06 3.1285889344e-07 8.2053972987e-07
6.3903808594e+01 1.1268383777e-06 3.1082085654e-07 8.1601752120e-07
6.3964843750e+01 1.1206677021e-06 3.0878203547e-07 8.1188566662e-07
6.4025878906e+01 1.1143895179e-06 3.0663862547e-07 8.0775089248e-07
6.4086914062e+01 1.1073071590e-06 3.0436899890e-07 8.0293816005e-07
6.4147949219e+01 1.0996461077e-06 3.0211088904e-07 7.9753521867e-07
6.4208984375e+01 1.0923942962e-06 3.0006574837e-07 7.9232854784e-07
6.4270019531e+01 1.0860464539e-06 2.9828833333e-07 7.8775812060e-07
6.4331054688e+01 1.0803469239e-06 2.9668362793e-07 7.8366329601e-07
6.4392089844e+01 1.0750724353e-06 2.9517258833e-07 7.7989984699e-07
6.4453125000e+01 1.0701560502e-06 2.9371405398e-07 7.7644199625e-07
6.4514160156e+01 1.0649693443e-06 2.9217274710e-07 7.7279659717e-07
6.4575195312e+01 1.0583566320e-06 2.9033005952e-07 7.6802657248e-07
6.4636230469e+01 1.0498611652e-06 2.8809790124e-07 7.6176326397e-07
6.4697265625e+01 1.0405482005e-06 2.8567362946e-07 7.5487457099e-07
6.4758300781e+01 1.0324080649e-06 2.8348933118e-07 7.4891873370e-07
6.4819335938e+01 1.0268878451e-06 2.8193072665e-07 7.4495711843e-07
6.4880371094e+01 1.0237767472e-06 2.8098739424e-07 7.4278935299e-07
6.4941406250e+01 1.0214577526e-06 2.8022479729e-07 7.4123295533e-07
6.5002441406e+01 1.0182148568e-06 2.7915503695e-07 7.3905981984e-07
6.5063476562e+01 1.0134643660e-06 2.7766368853e-07 7.3580067748e-07
6.5124511719e+01 1.0079199562e-06 2.7606109970e-07 7.3185885646e-07
6.5185546875e+01 1.0024601709e-06 2.7464417744e-07 7.2781599342e-07
6.5246582031e+01 9.9703473847e-07 2.7330759022e-07 7.2372714825e-07
6.5307617188e+01 9.9102046354e-07 2.7173461844e-07 7.1928584510e-07
6.5368652344e+01 9.8428544112e-07 2.6983543169e-07 7.1445000943e-07
6.5429687500e+01 9.7732333523e-07 2.6778497311e-07 7.0953836212e-07
6.5490722656e+01 9.7066929142e-07 2.6575378258e-07 7.0491550884e-07
6.5551757812e+01 9.6469167243e-07 2.6381247727e-07 7.0087919516e-07
6.5612792969e+01 9.5948837410e-07 2.6197643819e-07 6.9751193592e-07
6.5673828125e+01 9.5458949358e-07 2.6018676464e-07 6.9440272893e-07
6.5734863281e+01 9.4924482125e-07 2.5835559141e-07 6.9088922985e-07
6.5795898438e+01 9.4322298984e-07 2.5649668202e-07 6.8672630782e-07
6.5856933594e+01 9.3688166140e-07 2.5468911240e-07 6.8219254900e-07
6.5917968750e+01 9.3046272027e-07 2.5291636251e-07 6.7754635776e-07
6.5979003906e+01 9.2395468326e-07 2.5111444100e-07 6.7284024226e-07
6.6040039062e+01 9.1774874700e-07 2.4938887886e-07 6.6835986814e-07
6.6101074219e+01 9.1270489684e-07 2.4799788206e-07 6.6470701479e-07
6.6162109375e+01 9.0922743154e-07 2.4705954629e-07 6.6216788525e-07
6.6223144531e+01 9.0672103258e-07 2.4639337123e-07 6.6032766135e-07
6.6284179688e+01 9.0408163380e-07 2.4566761496e-07 6.5841401884e-07
6.6345214844e+01 9.0047304363e-07 2.4463641625e-07 6.5583662738e-07
6.6406250000e+01 8.9575658006e-07 2.4327680022e-07 6.5247977984e-07
6.6467285156e+01 8.9029708207e-07 2.4172669766e-07 6.4857038441e-07
6.6528320312e+01 8.8444191628e-07 2.4010520886e-07 6.4433670742e-07
6.6589355469e+01 8.7852943287e-07 2.3849333233e-07 6.4003610053e-07
6.6650390625e+01 8.7301322135e-07 2.3699333877e-07 6.3601988259e-07
6.6711425781e+01 8.6778107462e-07 2.3558001961e-07 6.3220105501e-07
6.6772460938e+01 8.6198317580e-07 2.3404604113e-07 6.2793713467e-07
6.6833496094e+01 8.5536773786e-07 2.3232448543e-07 6.2304325242e-07
6.6894531250e+01 8.4886783251e-07 2.3063282999e-07 6.1823500253e-07
6.6955566406e+01 8.4322828605e-07 2.2912303160e-07 6.1410525445e-07
6.7016601562e+01 8.3805987266e-07 2.2765408339e-07 6.1040578927e-07
6.7077636719e+01 8.3270069889e-07 2.2603862431e-07 6.0666207459e-07
6.7138671875e+01 8.2715725230e-07 2.2430637481e-07 6.0285087749e-07
6.7199707031e+01 8.2167666920e-07 2.2259199112e-07 5.9908467807e-07
6.7260742188e+01 8.1597576851e-07 2.2088501062e-07 5.9509075788e-07
6.7321777344e+01 8.0965840334e-07 2.1907320454e-07 5.9058519881e-07
6.7382812500e+01 8.0307503831e-07 2.1718475866e-07 5.8589027965e-07
6.7443847656e+01 7.9688067697e-07 2.1536828349e-07 5.8151239348e-07
6.7504882812e+01 7.9096839248e-07 2.1364565742e-07 5.7732273506e-07
6.7565917969e+01 7.8475493498e-07 2.1191913521e-07 5.7283579978e-07
6.7626953125e+01 7.7837904217e-07 2.1022818756e-07 5.6815085460e-07
6.7687988281e+01 7.7276779339e-07 2.0877839228e-07 5.6398940111e-07
6.7749023438e+01 7.6835890560e-07 2.0764952900e-07 5.6070937660e-07
6.7810058594e+01 7.6427277603e-07 2.0658890099e-07 5.5768387504e-07
6.7871093750e+01 7.5917832098e-07 2.0521643853e-07 5.5396188244e-07
6.7932128906e+01 7.5276285573e-07 2.0343598669e-07 5.4932686904e-07
6.7993164062e+01 7.4576245521e-07 2.0150451627e-07 5.4425793894e-07
6.8054199219e+01 7.3882184575e-07 1.9969573595e-07 5.3912610980e-07
6.8115234375e+01 7.3207837670e-07 1.9805956551e-07 5.3401881119e-07
6.8176269531e+01 7.2551865289e-07 1.9647757884e-07 5.2904107405e-07
6.8237304688e+01 7.1908607450e-07 1.9481147096e-07 5.2427460354e-07
6.8298339844e+01 7.1266846469e-07 1.9302294850e-07 5.1964551619e-07
6.8359375000e+01 7.0621188569e-07 1.9118996439e-07 5.1502192130e-07
6.8420410156e+01 6.9974992267e-07 1.8940169343e-07 5.1034822924e-07
6.8481445312e+01 6.9345801274e-07 1.8768950236e-07 5.0576851038e-07
6.8542480469e+01 6.8764396177e-07 1.8604978887e-07 5.0159417290e-07
6.8603515625e+01 6.8248223585e-07 1.8448119721e-07 4.9800103864e-07
6.8664550781e+01 6.7787974177e-07 1.8301185916e-07 4.9486788261e-07
6.8725585938e+01 6.7361909746e-07 1.8167537183e-07 4.9194372563e-07
6.8786621094e+01 6.6939145809e-07 1.8042599860e-07 4.8896545949e-07
6.8847656250e+01 6.6477667980e-07 1.7913122938e-07 4.8564545042e-07
6.8908691406e+01 6.5953209398e-07 1.7771181843e-07 4.8182027555e-07
6.8969726562e+01 6.5380163089e-07 1.7621322937e-07 4.7758840151e-07
6.9030761719e+01 6.4783037374e-07 1.7468223571e-07 4.7314813803e-07
6.9091796875e+01 6.4180411143e-07 1.7311647522e-07 4.6868763621e-07
6.9152832031e+01 6.3608475014e-07 1.7158728769e-07 4.6449746246e-07
6.9213867188e+01 6.3110004596e-07 1.7023128519e-07 4.6086876076e-07
6.9274902344e+01 6.2678154422e-07 1.6905358491e-07 4.5772795931e-07
6.9335937500e+01 6.2244606498e-07 1.6787210737e-07 4.5457395761e-07
6.9396972656e+01 6.1751819564e-07 1.6652203208e-07 4.5099616356e-07
6.9458007812e+01 6.1214865570e-07 1.6502434265e-07 4.4712431305e-07
6.9519042969e+01 6.0682407606e-07 1.6350038026e-07 4.4332369580e-07
6.9580078125e+01 6.0168215852e-07 1.6201738802e-07 4.3966477050e-07
6.9641113281e+01 5.9657534567e-07 1.6057811410e-07 4.3599723158e-07
6.9702148438e+01 5.9153660066e-07 1.5919336311e-07 4.3234323755e-07
6.9763183594e+01 5.8687770169e-07 1.5791584793e-07 4.2896185376e-07
6.9824218750e+01 5.8300476009e-07 1.5683630579e-07 4.2616845430e-07
6.9885253906e+01 5.8014245266e-07 1.5603111861e-07 4.2411133405e-07
6.9946289062e+01 5.7790109011e-07 1.5543261995e-07 4.2246847016e-07
7.0007324219e+01 5.7523487585e-07 1.5478659016e-07 4.2044828569e-07
7.0068359375e+01 5.7119939498e-07 1.5382939092e-07 4.1737000406e-07
7.0129394531e+01 5.6575549122e-07 1.5248745175e-07 4.1326803947e-07
7.0190429688e+01 5.5975844338e-07 1.5089218158e-07 4.0886626180e-07
7.0251464844e+01 5.5411152870e-07 1.4924265991e-07 4.0486886879e-07
7.0312500000e+01 5.4889584101e-07 1.4764237967e-07 4.0125346134e-07
7.0373535156e+01 5.4351660333e-07 1.4606290025e-07 3.9745370308e-07
7.0434570312e+01 5.3765561284e-07 1.4447422277e-07 3.9318139007e-07
7.0495605469e+01 5.3170118179e-07 1.4294868691e-07 3.8875249488e-07
7.0556640625e+01 5.2627776136e-07 1.4159215807e-07 3.8468560329e-07
7.0617675781e+01 5.2162223769e-07 1.4040644052e-07 3.8121579716e-07
7.0678710938e+01 5.1732784357e-07 1.3924973094e-07 3.7807811264e-07
7.0739746094e+01 5.1266829747e-07 1.3795581586e-07 3.7471248161e-07
7.0800781250e+01 5.0734933133e-07 1.3650522376e-07 3.7084410758e-07
7.0861816406e+01 5.0178805333e-07 1.3503431219e-07 3.6675374113e-07
7.0922851562e+01 4.9652879695e-07 1.3367090489e-07 3.6285789206e-07
7.0983886719e+01 4.9170438878e-07 1.3242536621e-07 3.5927902257e-07
7.1044921875e+01 4.8717318632e-07 1.3123786301e-07 3.5593532331e-07
7.1105957031e+01 4.8287747742e-07 1.3007151759e-07 3.5280595984e-07
7.1166992188e+01 4.7887443601e-07 1.2892720328e-07 3.4994723273e-07
7.1228027344e+01 4.7511240410e-07 1.2779185717e-07 3.4732054693e-07
7.1289062500e+01 4.7141734231e-07 1.2664593559e-07 3.4477140673e-07
7.1350097656e+01 4.6774475787e-07 1.2551786906e-07 3.4222688881e-07
7.1411132812e+01 4.6426263622e-07 1.2446261926e-07 3.3980001696e-07
7.1472167969e+01 4.6118025622e-07 1.2351247149e-07 3.3766778474e-07
7.1533203125e+01 4.5864528153e-07 1.2269889912e-07 3.3594638241e-07
7.1594238281e+01 4.5669254823e-07 1.2205376706e-07 3.3463878117e-07
7.1655273438e+01 4.5500272296e-07 1.2150698391e-07 3.3349573905e-07
7.1716308594e+01 4.5283355862e-07 1.2085582994e-07 3.3197772867e-07
7.1777343750e+01 4.4961845751e-07 1.1995339440e-07 3.2966506311e-07
7.1838378906e+01 4.4561658868e-07 1.1888198841e-07 3.2673460027e-07
7.1899414062e+01 4.4165135194e-07 1.1784417435e-07 3.2380717759e-07
7.1960449219e+01 4.3830205539e-07 1.1694307852e-07 3.2135897688e-07
7.2021484375e+01 4.3560392886e-07 1.1615103103e-07 3.1945289784e-07
7.2082519531e+01 4.3333757727e-07 1.1541822949e-07 3.1791934778e-07
7.2143554688e+01 4.3127156759e-07 1.1472420665e-07 3.1654736094e-07
7.2204589844e+01 4.2917733843e-07 1.1406092397e-07 3.1511641446e-07
7.2265625000e+01 4.2687154086e-07 1.1342368630e-07 3.1344785455e-07
7.2326660156e+01 4.2432299406e-07 1.1280561216e-07 3.1151738191e-07
7.2387695312e+01 4.2159353507e-07 1.1216938807e-07 3.0942414701e-07
7.2448730469e+01 4.1861572606e-07 1.1142865076e-07 3.0718707530e-07
7.2509765625e+01 4.1520318659e-07 1.1049576860e-07 3.0470741798e-07
7.2570800781e+01 4.1141665066e-07 1.0939745048e-07 3.0201920018e-07
7.2631835938e+01 4.0771952333e-07 1.0832200368e-07 2.9939751965e-07
7.2692871094e+01 4.0452514773e-07 1.0746031936e-07 2.9706482837e-07
7.2753906250e+01 4.0171318634e-07 1.0680151473e-07 2.9491167161e-07
7.2814941406e+01 3.9881015867e-07 1.0616117214e-07 2.9264898653e-07
7.2875976562e+01 3.9558074209e-07 1.0539727497e-07 2.9018346712e-07
7.2937011719e+01 3.9227528889e-07 1.0453732696e-07 2.8773796193e-07
7.2998046875e+01 3.8929679806e-07 1.0369777547e-07 2.8559902259e-07
7.3059082031e+01 3.8673343655e-07 1.0292870569e-07 2.8380473087e-07
7.3120117188e+01 3.8423698366e-07 1.0216498492e-07 2.8207199874e-07
7.3181152344e+01 3.8130726458e-07 1.0130965731e-07 2.7999760727e-07
7.3242187500e+01 3.7774967038e-07 1.0034148188e-07 2.7740818849e-07
7.3303222656e+01 3.7394432701e-07 9.9353716602e-08 2.7459061041e-07
7.3364257812e+01 3.7054069078e-07 9.8474656995e-08 2.7206603378e-07
7.3425292969e+01 3.6779391820e-07 9.7736472895e-08 2.7005744530e-07
7.3486328125e+01 3.6539918175e-07 9.7070479024e-08 2.6832870272e-07
7.3547363281e+01 3.6297518606e-07 9.6415865601e-08 2.6655932046e-07
7.3608398438e+01 3.6040653896e-07 9.5757016707e-08 2.6464952225e-07
7.3669433594e+01 3.5771136633e-07 9.5074338443e-08 2.6263702788e-07
7.3730468750e+01 3.5484845548e-07 9.4317368794e-08 2.6053108668e-07
7.3791503906e+01 3.5174144534e-07 9.3432864563e-08 2.5830858077e-07
7.3852539062e+01 3.4839154543e-07 9.2419869603e-08 2.5597167582e-07
7.3913574219e+01 3.4487063165e-07 9.1346186943e-08 2.5352444471e-07
7.3974609375e+01 3.4129383053e-07 9.0309027733e-08 2.5098480280e-07
7.4035644531e+01 3.3790051279e-07 8.9399181492e-08 2.4850133130e-07
7.4096679688e+01 3.3492769907e-07 8.8655732067e-08 2.4627196700e-07
7.4157714844e+01 3.3233913346e-07 8.8029570919e-08 2.4430956254e-07
7.4218750000e+01 3.2992208998e-07 8.7441597256e-08 2.4248049272e-07
7.4279785156e+01 3.2749786476e-07 8.6844531650e-08 2.4065333311e-07
7.4340820312e+01 3.2489764595e-07 8.6199536161e-08 2.3869810979e-07
7.4401855469e+01 3.2206096688e-07 8.5480563547e-08 2.3658040333e-07
7.4462890625e+01 3.1916308048e-07 8.4712460883e-08 2.3445061960e-07
7.4523925781e+01 3.1634706137e-07 8.3932280766e-08 2.3241478061e-07
7.4584960938e+01 3.1350476360e-07 8.3144448234e-08 2.3036031536e-07
7.4645996094e+01 3.1050693582e-07 8.2353239516e-08 2.2815369630e-07
7.4707031250e+01 3.0736247333e-07 8.1576316888e-08 2.2578615644e-07
7.4768066406e+01 3.0409242696e-07 8.0808137310e-08 2.2328428965e-07
7.4829101562e+01 3.0076304547e-07 8.0028415102e-08 2.2073463037e-07
7.4890136719e+01 2.9767667443e-07 7.9262143639e-08 2.1841453079e-07
7.4951171875e+01 2.9522915562e-07 7.8589604517e-08 2.1663955110e-07
7.5012207031e+01 2.9342939395e-07 7.8057288499e-08 2.1537210545e-07
7.5073242188e+01 2.9173400231e-07 7.7593893378e-08 2.1414010893e-07
7.5134277344e+01 2.8950248389e-07 7.7054723503e-08 2.1244776038e-07
7.5195312500e+01 2.8653995122e-07 7.6348476698e-08 2.1019147452e-07
7.5256347656e+01 2.8316217897e-07 7.5501745663e-08 2.0766043330e-07
7.5317382812e+01 2.7986008635e-07 7.4614443537e-08 2.0524564282e-07
7.5378417969e+01 2.7695749892e-07 7.3780671876e-08 2.0317682704e-07
7.5439453125e+01 2.7446406576e-07 7.3040207728e-08 2.0142385803e-07
7.5500488281e+01 2.7215591658e-07 7.2375697928e-08 1.9978021865e-07
7.5561523438e+01 2.6982989823e-07 7.1751313139e-08 1.9807858509e-07
7.5622558594e+01 2.6751416189e-07 7.1163843154e-08 1.9635031874e-07
7.5683593750e+01 2.6540002273e-07 7.0651430269e-08 1.9474859246e-07
7.5744628906e+01 2.6354846388e-07 7.0228308642e-08 1.9332015524e-07
7.5805664062e+01 2.6172792652e-07 6.9816512790e-08 1.9191141373e-07
7.5866699219e+01 2.5960393623e-07 6.9287485272e-08 1.9031645096e-07
7.5927734375e+01 2.5704724340e-07 6.8582635990e-08 1.8846460741e-07
7.5988769531e+01 2.5419503443e-07 6.7757855566e-08 1.8643717886e-07
7.6049804688e+01 2.5131445748e-07 6.6921363004e-08 1.8439309448e-07
7.6110839844e+01 2.4872934631e-07 6.6176389481e-08 1.8255295683e-07
7.6171875000e+01 2.4674514647e-07 6.5601703866e-08 1.8114344261e-07
7.6232910156e+01 2.4545383183e-07 6.5221257655e-08 1.8023257417e-07
7.6293945312e+01 2.4461824276e-07 6.4975025630e-08 1.7964321713e-07
7.6354980469e+01 2.4383390350e-07 6.4748672785e-08 1.7908523071e-07
7.6416015625e+01 2.4283197837e-07 6.4457091784e-08 1.7837488658e-07
7.6477050781e+01 2.4159324531e-07 6.4092990277e-08 1.7750025503e-07
7.6538085938e+01 2.4018235536e-07 6.3685216228e-08 1.7649713913e-07
7.6599121094e+01 2.3859120995e-07 6.3239682692e-08 1.7535152726e-07
7.6660156250e+01 2.3677539574e-07 6.2745084236e-08 1.7403031151e-07
7.6721191406e+01 2.3471938631e-07 6.2200812252e-08 1.7251857406e-07
7.6782226562e+01 2.3245246079e-07 6.1612402995e-08 1.7084005780e-07
7.6843261719e+01 2.3011278519e-07 6.0994620037e-08 1.6911816515e-07
7.6904296875e+01 2.2795684306e-07 6.0390390260e-08 1.6756645280e-07
7.6965332031e+01 2.2619481989e-07 5.9849799599e-08 1.6634502029e-07
7.7026367188e+01 2.2484426714e-07 5.9389432950e-08 1.6545483419e-07
7.7087402344e+01 2.2376158283e-07 5.8992407155e-08 1.6476917567e-07
7.7148437500e+01 2.2276057954e-07 5.8635038099e-08 1.6412554144e-07
7.7209472656e+01 2.2169928067e-07 5.8296568095e-08 1.6340271257e-07
7.7270507812e+01 2.2048963817e-07 5.7953097165e-08 1.6253654100e-07
7.7331542969e+01 2.1910120592e-07 5.7586326174e-08 1.6151487975e-07
7.7392578125e+01 2.1762023995e-07 5.7208583806e-08 1.6041165614e-07
7.7453613281e+01 2.1625355507e-07 5.6869626740e-08 1.5938392833e-07
7.7514648438e+01 2.1518109851e-07 5.6616088659e-08 1.5856500985e-07
7.7575683594e+01 2.1435395823e-07 5.6428053963e-08 1.5792590427e-07
7.7636718750e+01 2.1348453793e-07 5.6219759569e-08 1.5726477836e-07
7.7697753906e+01 2.1233202175e-07 5.5927350584e-08 1.5640467116e-07
7.7758789062e+01 2.1096011956e-07 5.5570796079e-08 1.5538932348e-07
7.7819824219e+01 2.0960552490e-07 5.5208045985e-08 1.5439747891e-07
7.7880859375e+01 2.0834302003e-07 5.4854862230e-08 1.5348815780e-07
7.7941894531e+01 2.0703082559e-07 5.4479777007e-08 1.5255104858e-07
7.8002929688e+01 2.0556788236e-07 5.4061836259e-08 1.5150604611e-07
7.8063964844e+01 2.0402195723e-07 5.3616083341e-08 1.5040587389e-07
7.8125000000e+01 2.0246807160e-07 5.3163134908e-08 1.4930493669e-07
7.8186035156e+01 2.0090297467e-07 5.2712153972e-08 1.4819082070e-07
7.8247070312e+01 1.9941095155e-07 5.2288469998e-08 1.4712248155e-07
7.8308105469e+01 1.9819816024e-07 5.1939377471e-08 1.4625878277e-07
7.8369140625e+01 1.9731205937e-07 5.1678576131e-08 1.4563348324e-07
7.8430175781e+01 1.9649827897e-07 5.1447082450e-08 1.4505119652e-07
7.8491210938e+01 1.9547529475e-07 5.1164898270e-08 1.4431039648e-07
7.8552246094e+01 1.9417930691e-07 5.0804997685e-08 1.4337430923e-07
7.8613281250e+01 1.9264226452e-07 5.0389594881e-08 1.4225266964e-07
7.8674316406e+01 1.9086263385e-07 4.9943145175e-08 1.4091948868e-07
7.8735351562e+01 1.8890213125e-07 4.9474864057e-08 1.3942726719e-07
7.8796386719e+01 1.8694268052e-07 4.8990751974e-08 1.3795192855e-07
7.8857421875e+01 1.8515615127e-07 4.8505284124e-08 1.3665086715e-07
7.8918457031e+01 1.8353621316e-07 4.8027822326e-08 1.3550839084e-07
7.8979492188e+01 1.8191571049e-07 4.7549343522e-08 1.3436636697e-07
7.9040527344e+01 1.8020245541e-07 4.7071738163e-08 1.3313071725e-07
7.9101562500e+01 1.7853010531e-07 4.6632555991e-08 1.3189754932e-07
7.9162597656e+01 1.7709739629e-07 4.6267849561e-08 1.3082954672e-07
7.9223632812e+01 1.7591741353e-07 4.5963002410e-08 1.2995441112e-07
7.9284667969e+01 1.7480593969e-07 4.5662033683e-08 1.2914390601e-07
7.9345703125e+01 1.7359323909e-07 4.5321248323e-08 1.2827199077e-07
7.9406738281e+01 1.7228484151e-07 4.4946032480e-08 1.2733880903e-07
7.9467773438e+01 1.7098518519e-07 4.4572394930e-08 1.2641279026e-07
7.9528808594e+01 1.6972010756e-07 4.4221475008e-08 1.2549863255e-07
7.9589843750e+01 1.6841789041e-07 4.3886273333e-08 1.2453161708e-07
7.9650878906e+01 1.6701062093e-07 4.3547379662e-08 1.2346324127e-07
7.9711914062e+01 1.6547507846e-07 4.3183705073e-08 1.2229137338e-07
7.9772949219e+01 1.6383186979e-07 4.2785178302e-08 1.2104669149e-07
7.9833984375e+01 1.6217924630e-07 4.2373894429e-08 1.1980535187e-07
7.9895019531e+01 1.6069006256e-07 4.2002987568e-08 1.1868707499e-07
7.9956054688e+01 1.5949014949e-07 4.1715995575e-08 1.1777415391e-07
8.0017089844e+01 1.5852621607e-07 4.1502270403e-08 1.1702394567e-07
8.0078125000e+01 1.5761454810e-07 4.1303857707e-08 1.1631069040e-07
8.0139160156e+01 1.5663567348e-07 4.1075846630e-08 1.1555982685e-07
8.0200195312e+01 1.5561495994e-07 4.0825345607e-08 1.1478961434e-07
8.0261230469e+01 1.5461880272e-07 4.0583015027e-08 1.1403578769e-07
8.0322265625e+01 1.5364561058e-07 4.0355310042e-08 1.1329030053e-07
8.0383300781e+01 1.5261886415e-07 4.0115095819e-08 1.1250376833e-07
8.0444335938e+01 1.5145097736e-07 3.9830326731e-08 1.1162065062e-07
8.0505371094e+01 1.5014047591e-07 3.9501133344e-08 1.1063934257e-07
8.0566406250e+01 1.4885978423e-07 3.9176798203e-08 1.0968298603e-07
8.0627441406e+01 1.4786006785e-07 3.8920180536e-08 1.0893988731e-07
8.0688476562e+01 1.4716156114e-07 3.8733474739e-08 1.0842808640e-07
8.0749511719e+01 1.4643604715e-07 3.8536437186e-08 1.0789960997e-07
8.0810546875e+01 1.4533672269e-07 3.8243269371e-08 1.0709345332e-07
8.0871582031e+01 1.4387717255e-07 3.7852360373e-08 1.0602481218e-07
8.0932617188e+01 1.4238909823e-07 3.7443314607e-08 1.0494578363e-07
8.0993652344e+01 1.4115749306e-07 3.7093945398e-08 1.0406354766e-07
8.1054687500e+01 1.4018661251e-07 3.6819118264e-08 1.0336749425e-07
8.1115722656e+01 1.3930206938e-07 3.6583745163e-08 1.0271832422e-07
8.1176757812e+01 1.3838256197e-07 3.6350871334e-08 1.0203169064e-07
8.1237792969e+01 1.3746089218e-07 3.6112959101e-08 1.0134793307e-07
8.1298828125e+01 1.3664404571e-07 3.5886318664e-08 1.0075772705e-07
8.1359863281e+01 1.3595104268e-07 3.5676101141e-08 1.0027494154e-07
8.1420898438e+01 1.3523311509e-07 3.5452689401e-08 9.9780425693e-08
8.1481933594e+01 1.3430413048e-07 3.5178699922e-08 9.9125430557e-08
8.1542968750e+01 1.3315233178e-07 3.4855965096e-08 9.8296366685e-08
8.1604003906e+01 1.3194044795e-07 3.4526034327e-08 9.7414413624e-08
8.1665039062e+01 1.3080571642e-07 3.4227104402e-08 9.6578612018e-08
8.1726074219e+01 1.2975720600e-07 3.3965892143e-08 9.5791313857e-08
8.1787109375e+01 1.2875521554e-07 3.3726824883e-08 9.5028390652e-08
8.1848144531e+01 1.2779949438e-07 3.3494157886e-08 9.4305336495e-08
8.1909179688e+01 1.2690447654e-07 3.3257218307e-08 9.3647258230e-08
8.1970214844e+01 1.2604146777e-07 3.3007043037e-08 9.3034424731e-08
8.2031250000e+01 1.2518402606e-07 3.2751521708e-08 9.2432504355e-08
8.2092285156e+01 1.2437166336e-07 3.2520898199e-08 9.1850765158e-08
8.2153320312e+01 1.2363643077e-07 3.2332253964e-08 9.1304176808e-08
8.2214355469e+01 1.2291319107e-07 3.2163449640e-08 9.0749741431e-08
8.2275390625e+01 1.2210493606e-07 3.1977634732e-08 9.0127301332e-08
8.2336425781e+01 1.2119538625e-07 3.1756599618e-08 8.9438786636e-08
8.2397460938e+01 1.2026249221e-07 3.1508084634e-08 8.8754407576e-08
8.2458496094e+01 1.1940524097e-07 3.1255234617e-08 8.8150006351e-08
8.2519531250e+01 1.1864166596e-07 3.1016459095e-08 8.7625206869e-08
8.2580566406e+01 1.1789137529e-07 3.0795071774e-08 8.7096303518e-08
8.2641601562e+01 1.1709282302e-07 3.0591637727e-08 8.6501185298e-08
8.2702636719e+01 1.1627614447e-07 3.0409134167e-08 8.5867010301e-08
8.2763671875e+01 1.1547157351e-07 3.0234777596e-08 8.5236795918e-08
8.2824707031e+01 1.1462677468e-07 3.0035142805e-08 8.4591631878e-08
8.2885742188e+01 1.1368519415e-07 2.9787578103e-08 8.3897616042e-08
8.2946777344e+01 1.1269899903e-07 2.9512209963e-08 8.3186789069e-08
8.3007812500e+01 1.1180423675e-07 2.9259132989e-08 8.2545103757e-08
8.3068847656e+01 1.1108954943e-07 2.9060491073e-08 8.2029058360e-08
8.3129882812e+01 1.1051237666e-07 2.8903563779e-08 8.1608812878e-08
8.3190917969e+01 1.0994913994e-07 2.8752737242e-08 8.1196402696e-08
8.3251953125e+01 1.0931915568e-07 2.8586680193e-08 8.0732475485e-08
8.3312988281e+01 1.0863484455e-07 2.8406166800e-08 8.0228677755e-08
8.3374023438e+01 1.0794463149e-07 2.8217724629e-08 7.9726906860e-08
8.3435058594e+01 1.0728412081e-07 2.8028506259e-08 7.9255614554e-08
8.3496093750e+01 1.0666120161e-07 2.7850027346e-08 7.8811174264e-08
8.3557128906e+01 1.0604230624e-07 2.7689785645e-08 7.8352520591e-08
8.3618164062e+01 1.0538713000e-07 2.7542240039e-08 7.7844889963e-08
8.3679199219e+01 1.0470116439e-07 2.7393911210e-08 7.7307253183e-08
8.3740234375e+01 1.0401893619e-07 2.7233990473e-08 7.6784945717e-08
8.3801269531e+01 1.0336161248e-07 2.7059158380e-08 7.6302454097e-08
8.3862304688e+01 1.0275671710e-07 2.6877459052e-08 7.5879258051e-08
8.3923339844e+01 1.0226398042e-07 2.6709645410e-08 7.5554335010e-08
8.3984375000e+01 1.0189387375e-07 2.6569148102e-08 7.5324725644e-08
8.4045410156e+01 1.0152101492e-07 2.6438751073e-08 7.5082263845e-08
8.4106445312e+01 1.0098209951e-07 2.6285497854e-08 7.4696601656e-08
8.4167480469e+01 1.0024945824e-07 2.6097359233e-08 7.4152099011e-08
8.4228515625e+01 9.9427799663e-08 2.5890847101e-08 7.3536952562e-08
8.4289550781e+01 9.8614170614e-08 2.5687133540e-08 7.2927037074e-08
8.4350585938e+01 9.7842661614e-08 2.5494817103e-08 7.2347844511e-08
8.4411621094e+01 9.7127675058e-08 2.5313615419e-08 7.1814059639e-08
8.4472656250e+01 9.6477634634e-08 2.5142460288e-08 7.1335174346e-08
8.4533691406e+01 9.5867471953e-08 2.4980226000e-08 7.0887245953e-08
8.4594726562e+01 9.5238905687e-08 2.4822448210e-08 7.0416457477e-08
8.4655761719e+01 9.4548349743e-08 2.4661576580e-08 6.9886773162e-08
8.4716796875e+01 9.3809342048e-08 2.4491382780e-08 6.9317959268e-08
8.4777832031e+01 9.3073441971e-08 2.4311181062e-08 6.8762260908e-08
8.4838867188e+01 9.2364879129e-08 2.4124923280e-08 6.8239955849e-08
8.4899902344e+01 9.1639503214e-08 2.3931096588e-08 6.7708406626e-08
8.4960937500e+01 9.0828938569e-08 2.3718589840e-08 6.7110348730e-08
8.5021972656e+01 8.9934294078e-08 2.3485966768e-08 6.6448327310e-08
8.5083007812e+01 8.9051190423e-08 2.3257597108e-08 6.5793593315e-08
8.5144042969e+01 8.8281214050e-08 2.3062402321e-08 6.5218811729e-08
8.5205078125e+01 8.7621041360e-08 2.2898803296e-08 6.4722238064e-08
8.5266113281e+01 8.6955303482e-08 2.2733490385e-08 6.4221813097e-08
8.5327148438e+01 8.6167940248e-08 2.2534409214e-08 6.3633531034e-08
8.5388183594e+01 8.5250328271e-08 2.2299859061e-08 6.2950469210e-08
8.5449218750e+01 8.4298321116e-08 2.2057707295e-08 6.2240613821e-08
8.5510253906e+01 8.3417848561e-08 2.1839814873e-08 6.1578033687e-08
8.5571289062e+01 8.2649773600e-08 2.1659144009e-08 6.0990629591e-08
8.5632324219e+01 8.1981129530e-08 2.1507757971e-08 6.0473371559e-08
8.5693359375e+01 8.1386287046e-08 2.1367336087e-08 6.0018950959e-08
8.5754394531e+01 8.0836553446e-08 2.1221546699e-08 5.9615006747e-08
8.5815429688e+01 8.0312835254e-08 2.1068287965e-08 5.9244547289e-08
8.5876464844e+01 7.9825432198e-08 2.0920252446e-08 5.8905179753e-08
8.5937500000e+01 7.9373645045e-08 2.0785488045e-08 5.8588157000e-08
8.5998535156e+01 7.8891487625e-08 2.0652192330e-08 5.8239295295e-08
8.6059570312e+01 7.8292471656e-08 2.0501443114e-08 5.7791028542e-08
8.6120605469e+01 7.7569965778e-08 2.0330423595e-08 5.7239542182e-08
8.6181640625e+01 7.6826385055e-08 2.0158186184e-08 5.6668198871e-08
8.6242675781e+01 7.6195747116e-08 2.0009312178e-08 5.6186434938e-08
8.6303710938e+01 7.5724578460e-08 1.9890555622e-08 5.5834022838e-08
8.6364746094e+01 7.5325962415e-08 1.9783027831e-08 5.5542934585e-08
8.6425781250e+01 7.4865132102e-08 1.9659838832e-08 5.5205293270e-08
8.6486816406e+01 7.4288395580e-08 1.9512228734e-08 5.4776166846e-08
8.6547851562e+01 7.3662039277e-08 1.9357220588e-08 5.4304818690e-08
8.6608886719e+01 7.3103396953e-08 1.9221859083e-08 5.3881537870e-08
8.6669921875e+01 7.2685593279e-08 1.9122324934e-08 5.3563268345e-08
8.6730957031e+01 7.2392644426e-08 1.9054310961e-08 5.3338333465e-08
8.6791992188e+01 7.2145429484e-08 1.8997007583e-08 5.3148421901e-08
8.6853027344e+01 7.1862030442e-08 1.8924617715e-08 5.2937412727e-08
8.6914062500e+01 7.1496953229e-08 1.8819463377e-08 5.2677489852e-08
8.6975097656e+01 7.1037459277e-08 1.8680931503e-08 5.2356527774e-08
8.7036132812e+01 7.0501484460e-08 1.8526424197e-08 5.1975060262e-08
8.7097167969e+01 6.9955166498e-08 1.8381987249e-08 5.1573179249e-08
8.7158203125e+01 6.9486056937e-08 1.8264215172e-08 5.1221841764e-08
8.7219238281e+01 6.9132510901e-08 1.8168915135e-08 5.0963595766e-08
8.7280273438e+01 6.8853622046e-08 1.8078339472e-08 5.0775282574e-08
8.7341308594e+01 6.8567052227e-08 1.7976362350e-08 5.0590689877e-08
8.7402343750e+01 6.8206421635e-08 1.7855656076e-08 5.0350765559e-08
8.7463378906e+01 6.7751117306e-08 1.7716826237e-08 5.0034291069e-08
8.7524414062e+01 6.7234999472e-08 1.7570524944e-08 4.9664474528e-08
8.7585449219e+01 6.6746800293e-08 1.7439920302e-08 4.9306879991e-08
8.7646484375e+01 6.6381032749e-08 1.7346687728e-08 4.9034345021e-08
8.7707519531e+01 6.6161837048e-08 1.7290564990e-08 4.8871272058e-08
8.7768554688e+01 6.6044998838e-08 1.7254450050e-08 4.8790548788e-08
8.7829589844e+01 6.5965297605e-08 1.7223097523e-08 4.8742200082e-08
8.7890625000e+01 6.5841772847e-08 1.7183119273e-08 4.8658653575e-08
8.7951660156e+01 6.5607729443e-08 1.7121325575e-08 4.8486403868e-08
8.8012695312e+01 6.5278230340e-08 1.7038017713e-08 4.8240212628e-08
8.8073730469e+01 6.4939917575e-08 1.6950100239e-08 4.7989817336e-08
8.8134765625e+01 6.4657455157e-08 1.6873092246e-08 4.7784362912e-08
8.8195800781e+01 6.4403423048e-08 1.6803110345e-08 4.7600312703e-08
8.8256835938e+01 6.4088848243e-08 1.6720272346e-08 4.7368575897e-08
8.8317871094e+01 6.3668664835e-08 1.6612395673e-08 4.7056269162e-08
8.8378906250e+01 6.3203584404e-08 1.6492513864e-08 4.6711070540e-08
8.8439941406e+01 6.2798134516e-08 1.6386711847e-08 4.6411422668e-08
8.8500976562e+01 6.2490269590e-08 1.6305911757e-08 4.6184357833e-08
8.8562011719e+01 6.2235354204e-08 1.6238653845e-08 4.5996700359e-08
8.8623046875e+01 6.1987097517e-08 1.6171851471e-08 4.5815246046e-08
8.8684082031e+01 6.1741728323e-08 1.6105586820e-08 4.5636141503e-08
8.8745117188e+01 6.1488125559e-08 1.6039958281e-08 4.5448167278e-08
8.8806152344e+01 6.1161895783e-08 1.5958915681e-08 4.5202980102e-08
8.8867187500e+01 6.0699477301e-08 1.5842428761e-08 4.4857048540e-08
8.8928222656e+01 6.0130964095e-08 1.5693236374e-08 4.4437727720e-08
8.8989257812e+01 5.9572648216e-08 1.5540149570e-08 4.4032498646e-08
8.9050292969e+01 5.9111566732e-08 1.5410149332e-08 4.3701417400e-08
8.9111328125e+01 5.8733906874e-08 1.5303877577e-08 4.3430029296e-08
8.9172363281e+01 5.8391887512e-08 1.5206657832e-08 4.3185229680e-08
8.9233398438e+01 5.8101288922e-08 1.5116695751e-08 4.2984593170e-08
8.9294433594e+01 5.7920976433e-08 1.5047737663e-08 4.2873238770e-08
8.9355468750e+01 5.7846347488e-08 1.5004450506e-08 4.2841896982e-08
8.9416503906e+01 5.7785002961e-08 1.4970498511e-08 4.2814504450e-08
8.9477539062e+01 5.7657521860e-08 1.4926957961e-08 4.2730563898e-08
8.9538574219e+01 5.7469676774e-08 1.4870860418e-08 4.2598816356e-08
8.9599609375e+01 5.7266906992e-08 1.4809126213e-08 4.2457780780e-08
8.9660644531e+01 5.7062961616e-08 1.4743325236e-08 4.2319636380e-08
8.9721679688e+01 5.6832282654e-08 1.4668219812e-08 4.2164062842e-08
8.9782714844e+01 5.6554091486e-08 1.4583104782e-08 4.1970986704e-08
8.9843750000e+01 5.6247152082e-08 1.4497413269e-08 4.1749738813e-08
8.9904785156e+01 5.5951691821e-08 1.4421330063e-08 4.1530361758e-08
8.9965820312e+01 5.5682067629e-08 1.4354156192e-08 4.1327911437e-08
9.0026855469e+01 5.5413228957e-08 1.4285967688e-08 4.1127261269e-08
9.0087890625e+01 5.5123695336e-08 1.4210663982e-08 4.0913031354e-08
9.0148925781e+01 5.4830421033e-08 1.4132026549e-08 4.0698394484e-08
9.0209960938e+01 5.4550529455e-08 1.4053423767e-08 4.0497105688e-08
9.0270996094e+01 5.4258643415e-08 1.3970342907e-08 4.0288300508e-08
9.0332031250e+01 5.3931241596e-08 1.3881550707e-08 4.0049690889e-08
9.0393066406e+01 5.3603276108e-08 1.3798458122e-08 3.9804817986e-08
9.0454101562e+01 5.3326101783e-08 1.3731096944e-08 3.9595004839e-08
9.0515136719e+01 5.3091744580e-08 1.3670969220e-08 3.9420775360e-08
9.0576171875e+01 5.2850633990e-08 1.3601199350e-08 3.9249434640e-08
9.0637207031e+01 5.2586695475e-08 1.3519817078e-08 3.9066878397e-08
9.0698242188e+01 5.2315773282e-08 1.3437916126e-08 3.8877857155e-08
9.0759277344e+01 5.2013808067e-08 1.3355887086e-08 3.8657920981e-08
9.0820312500e+01 5.1606897342e-08 1.3256665792e-08 3.8350231550e-08
9.0881347656e+01 5.1051250343e-08 1.3126238453e-08 3.7925011890e-08
9.0942382812e+01 5.0396975008e-08 1.2973184050e-08 3.7423790958e-08
9.1003417969e+01 4.9759126231e-08 1.2823622104e-08 3.6935504127e-08
9.1064453125e+01 4.9229435484e-08 1.2698781377e-08 3.6530654107e-08
9.1125488281e+01 4.8817528165e-08 1.2600324441e-08 3.6217203724e-08
9.1186523438e+01 4.8467457341e-08 1.2515083653e-08 3.5952373688e-08
9.1247558594e+01 4.8119238637e-08 1.2429919264e-08 3.5689319373e-08
9.1308593750e+01 4.7746599143e-08 1.2339703489e-08 3.5406895654e-08
9.1369628906e+01 4.7343507666e-08 1.2242909914e-08 3.5100597752e-08
9.1430664062e+01 4.6915571149e-08 1.2140390465e-08 3.4775180684e-08
9.1491699219e+01 4.6500840134e-08 1.2042546309e-08 3.4458293824e-08
9.1552734375e+01 4.6150694734e-08 1.1963776356e-08 3.4186918378e-08
9.1613769531e+01 4.5867071017e-08 1.1903687258e-08 3.3963383759e-08
9.1674804688e+01 4.5596315440e-08 1.1845720259e-08 3.3750595181e-08
9.1735839844e+01 4.5289861422e-08 1.1775933864e-08 3.3513927558e-08
9.1796875000e+01 4.4941994475e-08 1.1693919969e-08 3.3248074505e-08
9.1857910156e+01 4.4577687910e-08 1.1607848767e-08 3.2969839143e-08
9.1918945312e+01 4.4224393049e-08 1.1524936640e-08 3.2699456409e-08
9.1979980469e+01 4.3891412410e-08 1.1444747014e-08 3.2446665396e-08
9.2041015625e+01 4.3570666507e-08 1.1360734449e-08 3.2209932058e-08
9.2102050781e+01 4.3257338659e-08 1.1270349132e-08 3.1986989526e-08
9.2163085938e+01 4.2962812435e-08 1.1180735315e-08 3.1782077120e-08
9.2224121094e+01 4.2699695622e-08 1.1100702108e-08 3.1598993514e-08
9.2285156250e+01 4.2463698742e-08 1.1031591417e-08 3.1432107325e-08
9.2346191406e+01 4.2245128570e-08 1.0971023868e-08 3.1274104702e-08
9.2407226562e+01 4.2045058041e-08 1.0919049827e-08 3.1126008214e-08
9.2468261719e+01 4.1861800118e-08 1.0874219036e-08 3.0987581082e-08
9.2529296875e+01 4.1675879552e-08 1.0829708814e-08 3.0846170738e-08
9.2590332031e+01 4.1461122491e-08 1.0778144627e-08 3.0682977864e-08
9.2651367188e+01 4.1202005809e-08 1.0716746934e-08 3.0485258875e-08
9.2712402344e+01 4.0901436629e-08 1.0646545801e-08 3.0254890828e-08
9.2773437500e+01 4.0578157913e-08 1.0569061012e-08 3.0009096901e-08
9.2834472656e+01 4.0253184236e-08 1.0485564373e-08 2.9767619863e-08
9.2895507812e+01 3.9933228626e-08 1.0398602519e-08 2.9534626107e-08
9.2956542969e+01 3.9607646958e-08 1.0311568309e-08 2.9296078650e-08
9.3017578125e+01 3.9265611671e-08 1.0226676881e-08 2.9038934790e-08
9.3078613281e+01 3.8913007761e-08 1.0144840048e-08 2.8768167713e-08
9.3139648438e+01 3.8567444203e-08 1.0066825534e-08 2.8500618669e-08
9.3200683594e+01 3.8239174746e-08 9.9925145372e-09 2.8246660208e-08
9.3261718750e+01 3.7920741073e-08 9.9195080749e-09 2.8001232998e-08
9.3322753906e+01 3.7598086243e-08 9.8445963342e-09 2.7753489909e-08
9.3383789062e+01 3.7268850148e-08 9.7662321652e-09 2.7502617983e-08
9.3444824219e+01 3.6940948652e-08 9.6847109789e-09 2.7256237674e-08
9.3505859375e+01 3.6619628282e-08 9.6021884091e-09 2.7017439873e-08
9.3566894531e+01 3.6307153636e-08 9.5228221183e-09 2.6784331518e-08
9.3627929688e+01 3.6006019598e-08 9.4497770028e-09 2.6556242596e-08
9.3688964844e+01 3.5715736818e-08 9.3822003641e-09 2.6333536454e-08
9.3750000000e+01 3.5434185807e-08 9.3171329440e-09 2.6117052863e-08
9.3811035156e+01 3.5160712566e-08 9.2530897300e-09 2.5907622837e-08
9.3872070312e+01 3.4895042237e-08 9.1906461904e-09 2.5704396047e-08
9.3933105469e+01 3.4642384613e-08 9.1321621523e-09 2.5510222460e-08
9.3994140625e+01 3.4414528015e-08 9.0808567059e-09 2.5333671309e-08
9.4055175781e+01 3.4211571396e-08 9.0362725871e-09 2.5175298808e-08
9.4116210938e+01 3.4008946689e-08 8.9912891851e-09 2.5017657504e-08
9.4177246094e+01 3.3770469262e-08 8.9362295231e-09 2.4834239739e-08
9.4238281250e+01 3.3476208646e-08 8.8661877150e-09 2.4610020931e-08
9.4299316406e+01 3.3148151579e-08 8.7860818668e-09 2.4362069712e-08
9.4360351562e+01 3.2842878534e-08 8.7080704039e-09 2.4134808131e-08
9.4421386719e+01 3.2600225244e-08 8.6408979611e-09 2.3959327283e-08
9.4482421875e+01 3.2405825009e-08 8.5835629454e-09 2.3822262063e-08
9.4543457031e+01 3.2218772741e-08 8.5311665816e-09 2.3687606159e-08
9.4604492188e+01 3.2023373469e-08 8.4824543270e-09 2.3540919142e-08
9.4665527344e+01 3.1835503477e-08 8.4390846542e-09 2.3396418823e-08
9.4726562500e+01 3.1665805717e-08 8.4004448210e-09 2.3265360896e-08
9.4787597656e+01 3.1498269212e-08 8.3613037887e-09 2.3136965424e-08
9.4848632812e+01 3.1315234457e-08 8.3161684787e-09 2.2999065979e-08
9.4909667969e+01 3.1128466217e-08 8.2664860644e-09 2.2861980153e-08
9.4970703125e+01 3.0961477022e-08 8.2193341980e-09 2.2742142824e-08
9.5031738281e+01 3.0812207291e-08 8.1783006674e-09 2.2633906624e-08
9.5092773438e+01 3.0663514776e-08 8.1410866819e-09 2.2522428094e-08
9.5153808594e+01 3.0518229967e-08 8.1054483218e-09 2.2412781645e-08
9.5214843750e+01 3.0394434770e-08 8.0721595517e-09 2.2322275218e-08
9.5275878906e+01 3.0296290973e-08 8.0425763503e-09 2.2253714622e-08
9.5336914062e+01 3.0206654670e-08 8.0156206372e-09 2.2191034032e-08
9.5397949219e+01 3.0099135948e-08 7.9864286536e-09 2.2112707294e-08
9.5458984375e+01 2.9955596263e-08 7.9495610514e-09 2.2006035211e-08
9.5520019531e+01 2.9783637096e-08 7.9056758346e-09 2.1877961261e-08
9.5581054688e+01 2.9613143050e-08 7.8615090150e-09 2.1751634035e-08
9.5642089844e+01 2.9466584904e-08 7.8214557312e-09 2.1645129173e-08
9.5703125000e+01 2.9337605694e-08 7.7832716847e-09 2.1554334009e-08
9.5764160156e+01 2.9202010418e-08 7.7421917849e-09 2.1459818633e-08
9.5825195312e+01 2.9040344343e-08 7.6949546341e-09 2.1345389709e-08
9.5886230469e+01 2.8846862052e-08 7.6404802377e-09 2.1206381814e-08
9.5947265625e+01 2.8630835929e-08 7.5809804247e-09 2.1049855505e-08
9.6008300781e+01 2.8417130902e-08 7.5225814870e-09 2.0894549415e-08
9.6069335938e+01 2.8231904842e-08 7.4711244429e-09 2.0760780399e-08
9.6130371094e+01 2.8077258751e-08 7.4260407427e-09 2.0651218008e-08
9.6191406250e+01 2.7927879772e-08 7.3805391145e-09 2.0547340657e-08
9.6252441406e+01 2.7755943304e-08 7.3284087920e-09 2.0427534512e-08
9.6313476562e+01 2.7549209162e-08 7.2683073936e-09 2.0280901769e-08
9.6374511719e+01 2.7308638428e-08 7.2018160426e-09 2.0106822386e-08
9.6435546875e+01 2.7047411073e-08 7.1317335164e-09 1.9915677557e-08
9.6496582031e+01 2.6788959689e-08 7.0622668262e-09 1.9726692863e-08
9.6557617188e+01 2.6548555929e-08 6.9965239334e-09 1.9552031995e-08
9.6618652344e+01 2.6324430939e-08 6.9350176425e-09 1.9389413297e-08
9.6679687500e+01 2.6115522322e-08 6.8790761342e-09 1.9236446188e-08
9.6740722656e+01 2.5928719991e-08 6.8312112283e-09 1.9097508763e-08
9.6801757812e+01 2.5760796497e-08 6.7896902407e-09 1.8971106257e-08
9.6862792969e+01 2.5596127772e-08 6.7485560425e-09 1.8847571729e-08
9.6923828125e+01 2.5429275231e-08 6.7051708296e-09 1.8724104401e-08
9.6984863281e+01 2.5267678687e-08 6.6616385664e-09 1.8606040121e-08
9.7045898438e+01 2.5109920625e-08 6.6184272666e-09 1.8491493359e-08
9.7106933594e+01 2.4941246357e-08 6.5727482901e-09 1.8368498067e-08
9.7167968750e+01 2.4753833944e-08 6.5233061933e-09 1.8230527751e-08
9.7229003906e+01 2.4560642739e-08 6.4728646932e-09 1.8087778046e-08
9.7290039062e+01 2.4383966522e-08 6.4257488171e-09 1.7958217705e-08
9.7351074219e+01 2.4237168760e-08 6.3846619833e-09 1.7852506777e-08
9.7412109375e+01 2.4120896081e-08 6.3496285390e-09 1.7771267542e-08
9.7473144531e+01 2.4025866162e-08 6.3178218607e-09 1.7708044302e-08
9.7534179688e+01 2.3934575437e-08 6.2846396696e-09 1.7649935767e-08
9.7595214844e+01 2.3829154741e-08 6.2467483082e-09 1.7582406433e-08
9.7656250000e+01 2.3702373517e-08 6.2041152546e-09 1.7498258263e-08
9.7717285156e+01 2.3560490638e-08 6.1591095912e-09 1.7401381047e-08
9.7778320312e+01 2.3416301043e-08 6.1146904664e-09 1.7301610576e-08
9.7839355469e+01 2.3277618700e-08 6.0727614640e-09 1.7204857236e-08
9.7900390625e+01 2.3142734899e-08 6.0333168046e-09 1.7109418095e-08
9.7961425781e+01 2.3010534447e-08 5.9960031959e-09 1.7014531251e-08
9.8022460938e+01 2.2890853714e-08 5.9626692145e-09 1.6928184500e-08
9.8083496094e+01 2.2799724941e-08 5.9374970150e-09 1.6862227926e-08
9.8144531250e+01 2.2744367700e-08 5.9229382721e-09 1.6821429428e-08
9.8205566406e+01 2.2710808712e-08 5.9145071975e-09 1.6796301514e-08
9.8266601562e+01 2.2667710822e-08 5.9019882868e-09 1.6765722535e-08
9.8327636719e+01 2.2588970380e-08 5.8779308863e-09 1.6711039494e-08
9.8388671875e+01 2.2471344537e-08 5.8431275640e-09 1.6628216973e-08
9.8449707031e+01 2.2327450012e-08 5.8029191942e-09 1.6524530818e-08
9.8510742188e+01 2.2170030928e-08 5.7613895534e-09 1.6408641375e-08
9.8571777344e+01 2.2007018015e-08 5.7201984885e-09 1.6286819526e-08
9.8632812500e+01 2.1847474411e-08 5.6809178279e-09 1.6166556583e-08
9.8693847656e+01 2.1708490746e-08 5.6472290847e-09 1.6061261662e-08
9.8754882812e+01 2.1607181706e-08 5.6231405105e-09 1.5984041196e-08
9.8815917969e+01 2.1539363371e-08 5.6077875521e-09 1.5931575819e-08
9.8876953125e+01 2.1475168299e-08 5.5939648098e-09 1.5881203489e-08
9.8937988281e+01 2.1385436122e-08 5.5740077954e-09 1.5811428327e-08
9.8999023438e+01 2.1264153429e-08 5.5452749371e-09 1.5718878492e-08
9.9060058594e+01 2.1117436714e-08 5.5083093723e-09 1.5609127342e-08
9.9121093750e+01 2.0945450059e-08 5.4635659047e-09 1.5481884155e-08
9.9182128906e+01 2.0750015041e-08 5.4130994681e-09 1.5336915573e-08
9.9243164062e+01 2.0547719894e-08 5.3620795896e-09 1.5185640305e-08
9.9304199219e+01 2.0358126273e-08 5.3150307037e-09 1.5043095570e-08
9.9365234375e+01 2.0187664979e-08 5.2726924232e-09 1.4914972555e-08
9.9426269531e+01 2.0033427882e-08 5.2336977503e-09 1.4799730132e-08
9.9487304688e+01 1.9890317094e-08 5.1963034724e-09 1.4694013621e-08
9.9548339844e+01 1.9750689450e-08 5.1586539358e-09 1.4592035514e-08
9.9609375000e+01 1.9606446812e-08 5.1200649508e-09 1.4486381861e-08
9.9670410156e+01 1.9455983262e-08 5.0822682380e-09 1.4373715024e-08
9.9731445312e+01 1.9306390505e-08 5.0480541356e-09 1.4258336369e-08
9.9792480469e+01 1.9165002869e-08 5.0178674485e-09 1.4147135420e-08
9.9853515625e+01 1.9030508687e-08 4.9884834588e-09 1.4042025228e-08
9.9914550781e+01 1.8894926455e-08 4.9559365060e-09 1.3938989949e-08
9.9975585938e+01 1.8751567621e-08 4.9189075490e-09 1.3832660072e-08
1.0003662109e+02 1.8602354647e-08 4.8793841172e-09 1.3722970529e-08
1.0009765625e+02 1.8460914708e-08 4.8415937479e-09 1.3619320960e-08
1.0015869141e+02 1.8341361297e-08 4.8087294873e-09 1.3532631810e-08
1.0021972656e+02 1.8241061148e-08 4.7793342261e-09 1.3461726922e-08
1.0028076172e+02 1.8143621595e-08 4.7494945707e-09 1.3394127024e-08
1.0034179688e+02 1.8037915917e-08 4.7183621538e-09 1.3319553763e-08
1.0040283203e+02 1.7924563121e-08 4.6878434757e-09 1.3236719645e-08
1.0046386719e+02 1.7805372976e-08 4.6574985145e-09 1.3147874462e-08
1.0052490234e+02 1.7675959066e-08 4.6237453190e-09 1.3052213747e-08
1.0058593750e+02 1.7530782402e-08 4.5844532975e-09 1.2946329105e-08
1.0064697266e+02 1.7372804585e-08 4.5420888266e-09 1.2830715759e-08
1.0070800781e+02 1.7216748539e-08 4.5017397886e-09 1.2715008750e-08
1.0076904297e+02 1.7078781311e-08 4.4665851831e-09 1.2612196128e-08
1.0083007812e+02 1.6963787915e-08 4.4364452201e-09 1.2527342695e-08
1.0089111328e+02 1.6866748996e-08 4.4106031644e-09 1.2456145832e-08
1.0095214844e+02 1.6782180283e-08 4.3896453813e-09 1.2392534901e-08
1.0101318359e+02 1.6706799887e-08 4.3733059786e-09 1.2333493908e-08
1.0107421875e+02 1.6634793993e-08 4.3579821585e-09 1.2276811835e-08
1.0113525391e+02 1.6555642969e-08 4.3384793463e-09 1.2217163623e-08
1.0119628906e+02 1.6461297478e-08 4.3126655329e-09 1.2148631945e-08
1.0125732422e+02 1.6354054567e-08 4.2829483137e-09 1.2071106253e-08
1.0131835938e+02 1.6239602126e-08 4.2521442389e-09 1.1987457887e-08
1.0137939453e+02 1.6116900667e-08 4.2201897626e-09 1.1896710905e-08
1.0144042969e+02 1.5988326070e-08 4.1873028965e-09 1.1801023174e-08
1.0150146484e+02 1.5874586894e-08 4.1583733127e-09 1.1716213582e-08
1.0156250000e+02 1.5801523314e-08 4.1403347099e-09 1.1661188604e-08
1.0162353516e+02 1.5769729486e-08 4.1341915254e-09 1.1635537961e-08
1.0168457031e+02 1.5750136935e-08 4.1322691788e-09 1.1617867757e-08
1.0174560547e+02 1.5711367049e-08 4.1249341372e-09 1.1586432911e-08
1.0180664062e+02 1.5644238918e-08 4.1088506835e-09 1.1535388235e-08
1.0186767578e+02 1.5564097574e-08 4.0885516547e-09 1.1475545920e-08
1.0192871094e+02 1.5493749035e-08 4.0708098459e-09 1.1422939189e-08
1.0198974609e+02 1.5438558209e-08 4.0574196898e-09 1.1381138520e-08
1.0205078125e+02 1.5380323287e-08 4.0440996527e-09 1.1336223635e-08
1.0211181641e+02 1.5301041324e-08 4.0266122681e-09 1.1274429056e-08
1.0217285156e+02 1.5204000453e-08 4.0054198628e-09 1.1198580590e-08
1.0223388672e+02 1.5106710719e-08 3.9837779041e-09 1.1122932815e-08
1.0229492188e+02 1.5023999547e-08 3.9645246273e-09 1.1059474919e-08
1.0235595703e+02 1.4960145170e-08 3.9488376678e-09 1.1011307502e-08
1.0241699219e+02 1.4909720901e-08 3.9356003812e-09 1.0974120520e-08
1.0247802734e+02 1.4865359554e-08 3.9225754685e-09 1.0942784085e-08
1.0253906250e+02 1.4823851472e-08 3.9089088670e-09 1.0914942605e-08
1.0260009766e+02 1.4780398247e-08 3.8945976192e-09 1.0885800628e-08
1.0266113281e+02 1.4721599732e-08 3.8775137318e-09 1.0844086000e-08
1.0272216797e+02 1.4635430088e-08 3.8546317723e-09 1.0780798315e-08
1.0278320312e+02 1.4528774994e-08 3.8273386025e-09 1.0701436392e-08
1.0284423828e+02 1.4424171457e-08 3.8014022335e-09 1.0622769224e-08
1.0290527344e+02 1.4336075236e-08 3.7798371243e-09 1.0556238112e-08
1.0296630859e+02 1.4260209868e-08 3.7599524501e-09 1.0500257418e-08
1.0302734375e+02 1.4186369172e-08 3.7386250971e-09 1.0447744075e-08
1.0308837891e+02 1.4108716026e-08 3.7157381089e-09 1.0392977917e-08
1.0314941406e+02 1.4023870002e-08 3.6918338337e-09 1.0332036168e-08
1.0321044922e+02 1.3931564927e-08 3.6669116960e-09 1.0264653231e-08
1.0327148438e+02 1.3838109286e-08 3.6419530228e-09 1.0196156263e-08
1.0333251953e+02 1.3749749127e-08 3.6180385332e-09 1.0131710594e-08
1.0339355469e+02 1.3663287860e-08 3.5940122181e-09 1.0069275642e-08
1.0345458984e+02 1.3571629015e-08 3.5679874743e-09 1.0003641541e-08
1.0351562500e+02 1.3476673186e-08 3.5409535692e-09 9.9357196171e-09
1.0357666016e+02 1.3388642457e-08 3.5164126930e-09 9.8722297645e-09
1.0363769531e+02 1.3312681256e-08 3.4961475982e-09 9.8165336583e-09
1.0369873047e+02 1.3242159419e-08 3.4779775065e-09 9.7641819126e-09
1.0375976562e+02 1.3166485023e-08 3.4580848866e-09 9.7084001367e-09
1.0382080078e+02 1.3081393488e-08 3.4346506332e-09 9.6467428550e-09
1.0388183594e+02 1.2990513828e-08 3.4091570518e-09 9.5813567765e-09
1.0394287109e+02 1.2900643752e-08 3.3847704388e-09 9.5158733133e-09
1.0400390625e+02 1.2815935241e-08 3.3634368333e-09 9.4524984075e-09
1.0406494141e+02 1.2733531930e-08 3.3444141811e-09 9.3891177491e-09
1.0412597656e+02 1.2647163487e-08 3.3260298029e-09 9.3211336839e-09
1.0418701172e+02 1.2555880880e-08 3.3078527281e-09 9.2480281515e-09
1.0424804688e+02 1.2465411379e-08 3.2900517852e-09 9.1753595936e-09
1.0430908203e+02 1.2382964535e-08 3.2723838741e-09 9.1105806610e-09
1.0437011719e+02 1.2312547860e-08 3.2549203931e-09 9.0576274664e-09
1.0443115234e+02 1.2251858508e-08 3.2382104595e-09 9.0136480487e-09
1.0449218750e+02 1.2193698096e-08 3.2223029438e-09 8.9713951525e-09
1.0455322266e+02 1.2133923910e-08 3.2071305150e-09 8.9267933952e-09
1.0461425781e+02 1.2075826521e-08 3.1933098924e-09 8.8825166288e-09
1.0467529297e+02 1.2021654208e-08 3.1804110908e-09 8.8412431177e-09
1.0473632812e+02 1.1962265340e-08 3.1649724684e-09 8.7972928720e-09
1.0479736328e+02 1.1882100373e-08 3.1425034128e-09 8.7395969598e-09
1.0485839844e+02 1.1777246669e-08 3.1122924053e-09 8.6649542633e-09
1.0491943359e+02 1.1664243323e-08 3.0792750006e-09 8.5849683223e-09
1.0498046875e+02 1.1566584150e-08 3.0504611445e-09 8.5161230054e-09
1.0504150391e+02 1.1494777468e-08 3.0297922097e-09 8.4649852579e-09
1.0510253906e+02 1.1441486035e-08 3.0160721759e-09 8.4254138591e-09
1.0516357422e+02 1.1392750160e-08 3.0051419697e-09 8.3876081898e-09
1.0522460938e+02 1.1341233254e-08 2.9937738126e-09 8.3474594410e-09
1.0528564453e+02 1.1290629392e-08 2.9815799888e-09 8.3090494031e-09
1.0534667969e+02 1.1247465294e-08 2.9693288473e-09 8.2781364468e-09
1.0540771484e+02 1.1209349711e-08 2.9563863988e-09 8.2529633123e-09
1.0546875000e+02 1.1167111730e-08 2.9414451633e-09 8.2256665672e-09
1.0552978516e+02 1.1115561444e-08 2.9246866090e-09 8.1908748345e-09
1.0559082031e+02 1.1055636087e-08 2.9073287717e-09 8.1483073156e-09
1.0565185547e+02 1.0990805972e-08 2.8901249355e-09 8.1006810370e-09
1.0571289062e+02 1.0927409444e-08 2.8737682854e-09 8.0536411590e-09
1.0577392578e+02 1.0874705825e-08 2.8597228222e-09 8.0149830025e-09
1.0583496094e+02 1.0837049077e-08 2.8489378585e-09 7.9881112182e-09
1.0589599609e+02 1.0805555276e-08 2.8399290371e-09 7.9656262387e-09
1.0595703125e+02 1.0762742767e-08 2.8291118845e-09 7.9336308829e-09
1.0601806641e+02 1.0697765645e-08 2.8135321158e-09 7.8842335288e-09
1.0607910156e+02 1.0614578605e-08 2.7932097048e-09 7.8213689000e-09
1.0614013672e+02 1.0525340204e-08 2.7706197042e-09 7.7547205000e-09
1.0620117188e+02 1.0440370297e-08 2.7484234479e-09 7.6919468487e-09
1.0626220703e+02 1.0364238191e-08 2.7279191638e-09 7.6363190271e-09
1.0632324219e+02 1.0298221094e-08 2.7092913089e-09 7.5889297848e-09
1.0638427734e+02 1.0244131844e-08 2.6927950985e-09 7.5513367460e-09
1.0644531250e+02 1.0202142249e-08 2.6787823910e-09 7.5233598576e-09
1.0650634766e+02 1.0165623745e-08 2.6666481333e-09 7.4989756118e-09
1.0656738281e+02 1.0125253034e-08 2.6552093613e-09 7.4700436724e-09
1.0662841797e+02 1.0080063079e-08 2.6443985658e-09 7.4356645131e-09
1.0668945312e+02 1.0036348771e-08 2.6346648565e-09 7.4016839145e-09
1.0675048828e+02 9.9940488348e-09 2.6245212734e-09 7.3695275614e-09
1.0681152344e+02 9.9432937942e-09 2.6110162932e-09 7.3322775010e-09
1.0687255859e+02 9.8769512820e-09 2.5930447892e-09 7.2839064928e-09
1.0693359375e+02 9.8003165110e-09 2.5726595371e-09 7.2276569739e-09
1.0699462891e+02 9.7253725293e-09 2.5529266754e-09 7.1724458539e-09
1.0705566406e+02 9.6582839670e-09 2.5353138359e-09 7.1229701312e-09
1.0711669922e+02 9.5950970598e-09 2.5190725208e-09 7.0760245390e-09
1.0717773438e+02 9.5293453613e-09 2.5026641436e-09 7.0266812177e-09
1.0723876953e+02 9.4607970347e-09 2.4855323012e-09 6.9752647335e-09
1.0729980469e+02 9.3948202873e-09 2.4684958630e-09 6.9263244243e-09
1.0736083984e+02 9.3354580094e-09 2.4527660845e-09 6.8826919249e-09
1.0742187500e+02 9.2827194518e-09 2.4391149410e-09 6.8436045108e-09
1.0748291016e+02 9.2372986564e-09 2.4282870310e-09 6.8090116254e-09
1.0754394531e+02 9.2022893379e-09 2.4210232204e-09 6.7812661175e-09
1.0760498047e+02 9.1760733744e-09 2.4163459208e-09 6.7597274536e-09
1.0766601562e+02 9.1490518222e-09 2.4109171689e-09 6.7381346533e-09
1.0772705078e+02 9.1129593623e-09 2.4018321901e-09 6.7111271721e-09
1.0778808594e+02 9.0694073534e-09 2.3893423712e-09 6.6800649822e-09
1.0784912109e+02 9.0236194521e-09 2.3752148487e-09 6.6484046034e-09
1.0791015625e+02 8.9733916546e-09 2.3595193444e-09 6.6138723102e-09
1.0797119141e+02 8.9109620511e-09 2.3410669762e-09 6.5698950749e-09
1.0803222656e+02 8.8358089340e-09 2.3204773315e-09 6.5153316024e-09
1.0809326172e+02 8.7607404937e-09 2.3009853689e-09 6.4597551249e-09
1.0815429688e+02 8.7022775803e-09 2.2857975618e-09 6.4164800184e-09
1.0821533203e+02 8.6665206083e-09 2.2755275773e-09 6.3909930310e-09
1.0827636719e+02 8.6454032943e-09 2.2682674227e-09 6.3771358716e-09
1.0833740234e+02 8.6253416697e-09 2.2613877964e-09 6.3639538734e-09
1.0839843750e+02 8.5985984466e-09 2.2532449382e-09 6.3453535084e-09
1.0845947266e+02 8.5662771683e-09 2.2438639636e-09 6.3224132047e-09
1.0852050781e+02 8.5303692750e-09 2.2339683310e-09 6.2964009440e-09
1.0858154297e+02 8.4852557849e-09 2.2228820987e-09 6.2623736863e-09
1.0864257812e+02 8.4236696385e-09 2.2086095128e-09 6.2150601257e-09
1.0870361328e+02 8.3515186208e-09 2.1911078404e-09 6.1604107805e-09
1.0876464844e+02 8.2867513027e-09 2.1737657965e-09 6.1129855062e-09
1.0882568359e+02 8.2390028515e-09 2.1596968453e-09 6.0793060062e-09
1.0888671875e+02 8.1984951258e-09 2.1477757660e-09 6.0507193598e-09
1.0894775391e+02 8.1506834638e-09 2.1346380769e-09 6.0160453869e-09
1.0900878906e+02 8.0952507339e-09 2.1198472373e-09 5.9754034966e-09
1.0906982422e+02 8.0440355878e-09 2.1065896828e-09 5.9374459049e-09
1.0913085938e+02 8.0045988010e-09 2.0973165361e-09 5.9072822649e-09
1.0919189453e+02 7.9738195739e-09 2.0909802958e-09 5.8828392781e-09
1.0925292969e+02 7.9453489668e-09 2.0847797864e-09 5.8605691804e-09
1.0931396484e+02 7.9147875292e-09 2.0767748982e-09 5.8380126310e-09
1.0937500000e+02 7.8787665247e-09 2.0666684213e-09 5.8120981033e-09
1.0943603516e+02 7.8351982691e-09 2.0550809095e-09 5.7801173597e-09
1.0949707031e+02 7.7853166124e-09 2.0426466567e-09 5.7426699557e-09
1.0955810547e+02 7.7338693998e-09 2.0298376094e-09 5.7040317904e-09
1.0961914062e+02 7.6856160898e-09 2.0169137651e-09 5.6687023247e-09
1.0968017578e+02 7.6399468249e-09 2.0035460688e-09 5.6364007562e-09
1.0974121094e+02 7.5901334444e-09 1.9889383433e-09 5.6011951010e-09
1.0980224609e+02 7.5316113513e-09 1.9729958185e-09 5.5586155328e-09
1.0986328125e+02 7.4694405442e-09 1.9570608994e-09 5.5123796448e-09
1.0992431641e+02 7.4126432092e-09 1.9426611597e-09 5.4699820495e-09
1.0998535156e+02 7.3624854496e-09 1.9296225317e-09 5.4328629179e-09
1.1004638672e+02 7.3123109608e-09 1.9164078435e-09 5.3959031172e-09
1.1010742188e+02 7.2599790408e-09 1.9027346081e-09 5.3572444327e-09
1.1016845703e+02 7.2126500717e-09 1.8904324001e-09 5.3222176716e-09
1.1022949219e+02 7.1754733286e-09 1.8808034414e-09 5.2946698872e-09
1.1029052734e+02 7.1432031912e-09 1.8726404327e-09 5.2705627585e-09
1.1035156250e+02 7.1064889963e-09 1.8636487193e-09 5.2428402770e-09
1.1041259766e+02 7.0606663414e-09 1.8525758688e-09 5.2080904726e-09
1.1047363281e+02 7.0069487479e-09 1.8394814704e-09 5.1674672775e-09
1.1053466797e+02 6.9498203924e-09 1.8251355401e-09 5.1246848523e-09
1.1059570312e+02 6.8942235538e-09 1.8106884311e-09 5.0835351227e-09
1.1065673828e+02 6.8425482632e-09 1.7971661913e-09 5.0453820719e-09
1.1071777344e+02 6.7945124994e-09 1.7850459574e-09 5.0094665421e-09
1.1077880859e+02 6.7499222586e-09 1.7743322798e-09 4.9755899788e-09
1.1083984375e+02 6.7079978636e-09 1.7643926756e-09 4.9436051881e-09
1.1090087891e+02 6.6642210775e-09 1.7538628819e-09 4.9103581956e-09
1.1096191406e+02 6.6138829902e-09 1.7418945990e-09 4.8719883912e-09
1.1102294922e+02 6.5592346895e-09 1.7293618085e-09 4.8298728811e-09
1.1108398438e+02 6.5074631636e-09 1.7177687707e-09 4.7896943929e-09
1.1114501953e+02 6.4620040310e-09 1.7073591076e-09 4.7546449234e-09
1.1120605469e+02 6.4205567454e-09 1.6972473883e-09 4.7233093571e-09
1.1126708984e+02 6.3809777520e-09 1.6870776196e-09 4.6939001324e-09
1.1132812500e+02 6.3438803837e-09 1.6773215001e-09 4.6665588836e-09
1.1138916016e+02 6.3073259403e-09 1.6675470024e-09 4.6397789378e-09
1.1145019531e+02 6.2644997386e-09 1.6559119701e-09 4.6085877685e-09
1.1151123047e+02 6.2117389532e-09 1.6416738038e-09 4.5700651494e-09
1.1157226562e+02 6.1550672538e-09 1.6270283203e-09 4.5280389335e-09
1.1163330078e+02 6.1044132176e-09 1.6149852127e-09 4.4894280049e-09
1.1169433594e+02 6.0632083734e-09 1.6060295309e-09 4.4571788425e-09
1.1175537109e+02 6.0259572872e-09 1.5979437025e-09 4.4280135847e-09
1.1181640625e+02 5.9852133157e-09 1.5884714100e-09 4.3967419056e-09
1.1187744141e+02 5.9391333670e-09 1.5772926021e-09 4.3618407649e-09
1.1193847656e+02 5.8924908155e-09 1.5657884630e-09 4.3267023525e-09
1.1199951172e+02 5.8527094665e-09 1.5557860385e-09 4.2969234280e-09
1.1206054688e+02 5.8242357352e-09 1.5482193648e-09 4.2760163704e-09
1.1212158203e+02 5.8039505331e-09 1.5422425769e-09 4.2617079562e-09
1.1218261719e+02 5.7836532441e-09 1.5360580456e-09 4.2475951985e-09
1.1224365234e+02 5.7583374872e-09 1.5287624482e-09 4.2295750389e-09
1.1230468750e+02 5.7293397664e-09 1.5206736491e-09 4.2086661173e-09
1.1236572266e+02 5.6995046107e-09 1.5121385815e-09 4.1873660292e-09
1.1242675781e+02 5.6686505023e-09 1.5028688710e-09 4.1657816313e-09
1.1248779297e+02 5.6358172954e-09 1.4927911609e-09 4.1430261345e-09
1.1254882812e+02 5.6039240518e-09 1.4831656838e-09 4.1207583680e-09
1.1260986328e+02 5.5786401410e-09 1.4759765963e-09 4.1026635446e-09
1.1267089844e+02 5.5624344380e-09 1.4719549190e-09 4.0904795190e-09
1.1273193359e+02 5.5502184948e-09 1.4693926071e-09 4.0808258877e-09
1.1279296875e+02 5.5322622546e-09 1.4652845527e-09 4.0669777019e-09
1.1285400391e+02 5.5042237250e-09 1.4581249678e-09 4.0460987572e-09
1.1291503906e+02 5.4728833871e-09 1.4494455764e-09 4.0234378108e-09
1.1297607422e+02 5.4492577725e-09 1.4422721533e-09 4.0069856191e-09
1.1303710938e+02 5.4378779070e-09 1.4382399733e-09 3.9996379337e-09
1.1309814453e+02 5.4349216565e-09 1.4365144120e-09 3.9984072444e-09
1.1315917969e+02 5.4343737360e-09 1.4352317583e-09 3.9991419777e-09
1.1322021484e+02 5.4326536367e-09 1.4332816344e-09 3.9993720024e-09
1.1328125000e+02 5.4277106497e-09 1.4304934878e-09 3.9972171619e-09
1.1334228516e+02 5.4178605461e-09 1.4269810574e-09 3.9908794887e-09
1.1340332031e+02 5.4046585649e-09 1.4232620819e-09 3.9813964830e-09
1.1346435547e+02 5.3943961985e-09 1.4205420910e-09 3.9738541075e-09
1.1352539062e+02 5.3932544199e-09 1.4199437496e-09 3.9733106703e-09
1.1358642578e+02 5.4006979968e-09 1.4212823536e-09 3.9794156432e-09
1.1364746094e+02 5.4089239863e-09 1.4228727309e-09 3.9860512554e-09
1.1370849609e+02 5.4103650729e-09 1.4229673994e-09 3.9873976735e-09
1.1376953125e+02 5.4044441649e-09 1.4211769711e-09 3.9832671938e-09
1.1383056641e+02 5.3953029534e-09 1.4180884146e-09 3.9772145388e-09
1.1389160156e+02 5.3854957090e-09 1.4140885646e-09 3.9714071443e-09
1.1395263672e+02 5.3743506254e-09 1.4091852360e-09 3.9651653894e-09
1.1401367188e+02 5.3613241915e-09 1.4036294625e-09 3.9576947290e-09
1.1407470703e+02 5.3486406730e-09 1.3981257035e-09 3.9505149695e-09
1.1413574219e+02 5.3391457284e-09 1.3932905302e-09 3.9458551983e-09
1.1419677734e+02 5.3310817093e-09 1.3888065875e-09 3.9422751218e-09
1.1425781250e+02 5.3169557787e-09 1.3832260325e-09 3.9337297462e-09
1.1431884766e+02 5.2910596681e-09 1.3752976117e-09 3.9157620564e-09
1.1437988281e+02 5.2573852532e-09 1.3656501739e-09 3.8917350794e-09
1.1444091797e+02 5.2255042313e-09 1.3562924391e-09 3.8692117922e-09
1.1450195312e+02 5.1994856468e-09 1.3483705903e-09 3.8511150565e-09
1.1456298828e+02 5.1758732075e-09 1.3413871345e-09 3.8344860730e-09
1.1462402344e+02 5.1506499206e-09 1.3343943330e-09 3.8162555875e-09
1.1468505859e+02 5.1229455661e-09 1.3269287658e-09 3.7960168004e-09
1.1474609375e+02 5.0928505299e-09 1.3188970066e-09 3.7739535233e-09
1.1480712891e+02 5.0598838332e-09 1.3103766375e-09 3.7495071956e-09
1.1486816406e+02 5.0248995889e-09 1.3018112486e-09 3.7230883403e-09
1.1492919922e+02 4.9914184237e-09 1.2940006028e-09 3.6974178209e-09
1.1499023438e+02 4.9632899294e-09 1.2875191130e-09 3.6757708165e-09
1.1505126953e+02 4.9407827623e-09 1.2820427929e-09 3.6587399693e-09
1.1511230469e+02 4.9188251097e-09 1.2762065494e-09 3.6426185603e-09
1.1517333984e+02 4.8900908240e-09 1.2683775662e-09 3.6217132578e-09
1.1523437500e+02 4.8513220273e-09 1.2578730161e-09 3.5934490112e-09
1.1529541016e+02 4.8059714124e-09 1.2453597985e-09 3.5606116139e-09
1.1535644531e+02 4.7598203244e-09 1.2321080982e-09 3.5277122263e-09
1.1541748047e+02 4.7156847559e-09 1.2191225959e-09 3.4965621601e-09
1.1547851562e+02 4.6740436425e-09 1.2070640293e-09 3.4669796131e-09
1.1553955078e+02 4.6368476867e-09 1.1966413614e-09 3.4402063253e-09
1.1560058594e+02 4.6067871259e-09 1.1883499616e-09 3.4184371643e-09
1.1566162109e+02 4.5827676098e-09 1.1816295681e-09 3.4011380418e-09
1.1572265625e+02 4.5599633778e-09 1.1750234370e-09 3.3849399408e-09
1.1578369141e+02 4.5356118917e-09 1.1676469780e-09 3.3679649137e-09
1.1584472656e+02 4.5124187255e-09 1.1601351722e-09 3.3522835533e-09
1.1590576172e+02 4.4949091431e-09 1.1538374296e-09 3.3410717135e-09
1.1596679688e+02 4.4839906236e-09 1.1493802497e-09 3.3346103739e-09
1.1602783203e+02 4.4767656411e-09 1.1463051846e-09 3.3304604565e-09
1.1608886719e+02 4.4701768946e-09 1.1437628872e-09 3.3264140074e-09
1.1614990234e+02 4.4623535094e-09 1.1410722816e-09 3.3212812278e-09
1.1621093750e+02 4.4513194904e-09 1.1377418747e-09 3.3135776157e-09
1.1627197266e+02 4.4350744408e-09 1.1333974334e-09 3.3016770073e-09
1.1633300781e+02 4.4136820996e-09 1.1279167532e-09 3.2857653464e-09
1.1639404297e+02 4.3907306424e-09 1.1217972682e-09 3.2689333742e-09
1.1645507812e+02 4.3712803602e-09 1.1162008733e-09 3.2550794868e-09
1.1651611328e+02 4.3565808245e-09 1.1119887609e-09 3.2445920636e-09
1.1657714844e+02 4.3417772968e-09 1.1086511618e-09 3.2331261350e-09
1.1663818359e+02 4.3209942295e-09 1.1047723914e-09 3.2162218381e-09
1.1669921875e+02 4.2939072917e-09 1.0995793339e-09 3.1943279578e-09
1.1676025391e+02 4.2650895009e-09 1.0934726938e-09 3.1716168071e-09
1.1682128906e+02 4.2379038263e-09 1.0871477163e-09 3.1507561100e-09
1.1688232422e+02 4.2120104437e-09 1.0808816796e-09 3.1311287641e-09
1.1694335938e+02 4.1858442209e-09 1.0745911911e-09 3.1112530297e-09
1.1700439453e+02 4.1586034620e-09 1.0680975918e-09 3.0905058702e-09
1.1706542969e+02 4.1299735230e-09 1.0613073059e-09 3.0686662171e-09
1.1712646484e+02 4.0990968302e-09 1.0541412997e-09 3.0449555305e-09
1.1718750000e+02 4.0644308435e-09 1.0463484705e-09 3.0180823731e-09
1.1724853516e+02 4.0252634387e-09 1.0376571394e-09 2.9876062993e-09
1.1730957031e+02 3.9830690190e-09 1.0280989455e-09 2.9549700735e-09
1.1737060547e+02 3.9405387496e-09 1.0180346228e-09 2.9225041268e-09
1.1743164062e+02 3.8994744267e-09 1.0080057515e-09 2.8914686752e-09
1.1749267578e+02 3.8603846306e-09 9.9865370445e-10 2.8617309262e-09
1.1755371094e+02 3.8240008090e-09 9.9056278006e-10 2.8334380290e-09
1.1761474609e+02 3.7915378060e-09 9.8388460021e-10 2.8076532058e-09
1.1767578125e+02 3.7624611557e-09 9.7804420427e-10 2.7844169514e-09
1.1773681641e+02 3.7340597415e-09 9.7210109866e-10 2.7619586428e-09
1.1779785156e+02 3.7048545088e-09 9.6557419232e-10 2.7392803165e-09
1.1785888672e+02 3.6766793526e-09 9.5874925897e-10 2.7179300936e-09
1.1791992188e+02 3.6519182094e-09 9.5214873612e-10 2.6997694733e-09
1.1798095703e+02 3.6298506599e-09 9.4588069268e-10 2.6839699673e-09
1.1804199219e+02 3.6072473755e-09 9.3963240041e-10 2.6676149751e-09
1.1810302734e+02 3.5818632236e-09 9.3314342288e-10 2.6487198007e-09
1.1816406250e+02 3.5540329653e-09 9.2645131450e-10 2.6275816508e-09
1.1822509766e+02 3.5254885445e-09 9.1974100276e-10 2.6057475417e-09
1.1828613281e+02 3.4971862740e-09 9.1298566129e-10 2.5842006127e-09
1.1834716797e+02 3.4679788808e-09 9.0572119149e-10 2.5622576893e-09
1.1840820312e+02 3.4365503537e-09 8.9760322118e-10 2.5389471325e-09
1.1846923828e+02 3.4049186803e-09 8.8929995242e-10 2.5156187279e-09
1.1853027344e+02 3.3770034631e-09 8.8201386249e-10 2.4949896006e-09
1.1859130859e+02 3.3532004082e-09 8.7596069634e-10 2.4772397119e-09
1.1865234375e+02 3.3297416487e-09 8.7018106072e-10 2.4595605880e-09
1.1871337891e+02 3.3037940099e-09 8.6389019450e-10 2.4399038154e-09
1.1877441406e+02 3.2765362947e-09 8.5727522509e-10 2.4192610696e-09
1.1883544922e+02 3.2509201990e-09 8.5096402323e-10 2.3999561758e-09
1.1889648438e+02 3.2285845741e-09 8.4541161781e-10 2.3831729563e-09
1.1895751953e+02 3.2091744360e-09 8.4080688338e-10 2.3683675526e-09
1.1901855469e+02 3.1905529525e-09 8.3685344967e-10 2.3536995029e-09
1.1907958984e+02 3.1696553479e-09 8.3269021231e-10 2.3369651356e-09
1.1914062500e+02 3.1445831911e-09 8.2754235086e-10 2.3170408403e-09
1.1920166016e+02 3.1159520005e-09 8.2134977450e-10 2.2946022260e-09
1.1926269531e+02 3.0863847936e-09 8.1469485519e-10 2.2716899384e-09
1.1932373047e+02 3.0589934998e-09 8.0839155902e-10 2.2506019408e-09
1.1938476562e+02 3.0354301323e-09 8.0300781774e-10 2.2324223145e-09
1.1944580078e+02 3.0145126900e-09 7.9835977048e-10 2.2161529195e-09
1.1950683594e+02 2.9930251239e-09 7.9352246526e-10 2.1995026587e-09
1.1956787109e+02 2.9685742496e-09 7.8771973155e-10 2.1808545180e-09
1.1962890625e+02 2.9416232844e-09 7.8113182726e-10 2.1604914572e-09
1.1968994141e+02 2.9140854425e-09 7.7444173258e-10 2.1396437100e-09
1.1975097656e+02 2.8865350476e-09 7.6782043306e-10 2.1187146146e-09
1.1981201172e+02 2.8581836595e-09 7.6094549631e-10 2.0972381632e-09
1.1987304688e+02 2.8288976853e-09 7.5381136625e-10 2.0750863191e-09
1.1993408203e+02 2.7998200414e-09 7.4691178831e-10 2.0529082531e-09
1.1999511719e+02 2.7727359624e-09 7.4075192107e-10 2.0319840413e-09
1.2005615234e+02 2.7493445393e-09 7.3553360146e-10 2.0138109379e-09
1.2011718750e+02 2.7298865798e-09 7.3110129636e-10 1.9987852835e-09
1.2017822266e+02 2.7123660454e-09 7.2700646817e-10 1.9853595772e-09
1.2023925781e+02 2.6942577077e-09 7.2281532092e-10 1.9714423868e-09
1.2030029297e+02 2.6751465815e-09 7.1850539666e-10 1.9566411848e-09
1.2036132812e+02 2.6570433080e-09 7.1451154602e-10 1.9425317620e-09
1.2042236328e+02 2.6419276447e-09 7.1129005807e-10 1.9306375866e-09
1.2048339844e+02 2.6296760130e-09 7.0882020902e-10 1.9208558040e-09
1.2054443359e+02 2.6187492210e-09 7.0657629422e-10 1.9121729268e-09
1.2060546875e+02 2.6082712020e-09 7.0410532820e-10 1.9041658738e-09
1.2066650391e+02 2.5988630126e-09 7.0158177356e-10 1.8972812390e-09
1.2072753906e+02 2.5915471416e-09 6.9952730646e-10 1.8920198351e-09
1.2078857422e+02 2.5862200022e-09 6.9800859185e-10 1.8882114103e-09
1.2084960938e+02 2.5812842599e-09 6.9639341654e-10 1.8848908434e-09
1.2091064453e+02 2.5747624135e-09 6.9399754677e-10 1.8807648667e-09
1.2097167969e+02 2.5657983645e-09 6.9079759277e-10 1.8750007717e-09
1.2103271484e+02 2.5549982761e-09 6.8731133591e-10 1.8676869402e-09
1.2109375000e+02 2.5433145802e-09 6.8385854641e-10 1.8594560338e-09
1.2115478516e+02 2.5309096350e-09 6.8022671626e-10 1.8506829187e-09
1.2121582031e+02 2.5175817070e-09 6.7617938746e-10 1.8414023195e-09
1.2127685547e+02 2.5040448719e-09 6.7200536293e-10 1.8320395090e-09
1.2133789062e+02 2.4920842022e-09 6.6831293594e-10 1.8237712663e-09
1.2139892578e+02 2.4832604312e-09 6.6544502218e-10 1.8178154090e-09
1.2145996094e+02 2.4776401258e-09 6.6327122469e-10 1.8143689011e-09
1.2152099609e+02 2.4735612798e-09 6.6136199678e-10 1.8121992830e-09
1.2158203125e+02 2.4682858946e-09 6.5918372922e-10 1.8091021653e-09
1.2164306641e+02 2.4596801938e-09 6.5636079104e-10 1.8033194028e-09
1.2170410156e+02 2.4478523239e-09 6.5289369854e-10 1.7949586253e-09
1.2176513672e+02 2.4346738126e-09 6.4904040066e-10 1.7856334120e-09
1.2182617188e+02 2.4220625921e-09 6.4516899101e-10 1.7768936011e-09
1.2188720703e+02 2.4111911975e-09 6.4177141768e-10 1.7694197798e-09
1.2194824219e+02 2.4022904090e-09 6.3920533753e-10 1.7630850715e-09
1.2200927734e+02 2.3943943053e-09 6.3725038607e-10 1.7571439192e-09
1.2207031250e+02 2.3859855296e-09 6.3525983372e-10 1.7507256959e-09
1.2213134766e+02 2.3760656563e-09 6.3280015628e-10 1.7432655001e-09
1.2219238281e+02 2.3641213802e-09 6.2983442333e-10 1.7342869569e-09
1.2225341797e+02 2.3497207856e-09 6.2638052416e-10 1.7233402614e-09
1.2231445312e+02 2.3329888467e-09 6.2237226688e-10 1.7106165798e-09
1.2237548828e+02 2.3153387361e-09 6.1792985498e-10 1.6974088811e-09
1.2243652344e+02 2.2986270064e-09 6.1339323814e-10 1.6852337683e-09
1.2249755859e+02 2.2832972428e-09 6.0895288778e-10 1.6743443550e-09
1.2255859375e+02 2.2687478308e-09 6.0464458383e-10 1.6641032469e-09
1.2261962891e+02 2.2551245978e-09 6.0065066700e-10 1.6544739308e-09
1.2268066406e+02 2.2429522760e-09 5.9712925488e-10 1.6458230212e-09
1.2274169922e+02 2.2316695789e-09 5.9383456018e-10 1.6378350187e-09
1.2280273438e+02 2.2200219111e-09 5.9029625585e-10 1.6297256553e-09
1.2286376953e+02 2.2075444444e-09 5.8636103841e-10 1.6211834060e-09
1.2292480469e+02 2.1946437934e-09 5.8226725783e-10 1.6123765355e-09
1.2298583984e+02 2.1812149811e-09 5.7814008054e-10 1.6030749006e-09
1.2304687500e+02 2.1663407678e-09 5.7375159603e-10 1.5925891717e-09
1.2310791016e+02 2.1500241962e-09 5.6898427372e-10 1.5810399224e-09
1.2316894531e+02 2.1342802379e-09 5.6427723514e-10 1.5700030027e-09
1.2322998047e+02 2.1216323263e-09 5.6032249832e-10 1.5613098280e-09
1.2329101562e+02 2.1126929263e-09 5.5734778384e-10 1.5553451424e-09
1.2335205078e+02 2.1056014733e-09 5.5489936002e-10 1.5507021133e-09
1.2341308594e+02 2.0979951050e-09 5.5237897502e-10 1.5456161300e-09
1.2347412109e+02 2.0891551444e-09 5.4959322947e-10 1.5395619149e-09
1.2353515625e+02 2.0799513245e-09 5.4670529790e-10 1.5332460266e-09
1.2359619141e+02 2.0711991642e-09 5.4385855514e-10 1.5273406090e-09
1.2365722656e+02 2.0623551604e-09 5.4094021347e-10 1.5214149470e-09
1.2371826172e+02 2.0518234506e-09 5.3763783003e-10 1.5141856206e-09
1.2377929688e+02 2.0389270729e-09 5.3380616895e-10 1.5051209040e-09
1.2384033203e+02 2.0254090124e-09 5.2985400511e-10 1.4955550073e-09
1.2390136719e+02 2.0139827381e-09 5.2647845221e-10 1.4875042859e-09
1.2396240234e+02 2.0053300078e-09 5.2384650796e-10 1.4814834998e-09
1.2402343750e+02 1.9976258158e-09 5.2140092509e-10 1.4762248907e-09
1.2408447266e+02 1.9891056686e-09 5.1862789281e-10 1.4704777758e-09
1.2414550781e+02 1.9797837679e-09 5.1562445463e-10 1.4641593132e-09
1.2420654297e+02 1.9704043812e-09 5.1277886370e-10 1.4576255175e-09
1.2426757812e+02 1.9610935710e-09 5.1024400017e-10 1.4508495708e-09
1.2432861328e+02 1.9514502203e-09 5.0783088535e-10 1.4436193350e-09
1.2438964844e+02 1.9412686907e-09 5.0524584139e-10 1.4360228493e-09
1.2445068359e+02 1.9308132687e-09 5.0235212461e-10 1.4284611441e-09
1.2451171875e+02 1.9201665507e-09 4.9918455602e-10 1.4209819946e-09
1.2457275391e+02 1.9088226534e-09 4.9586511803e-10 1.4129575354e-09
1.2463378906e+02 1.8965408766e-09 4.9259062509e-10 1.4039502515e-09
1.2469482422e+02 1.8839630165e-09 4.8950755478e-10 1.3944554617e-09
1.2475585938e+02 1.8719293088e-09 4.8658892138e-10 1.3853403874e-09
1.2481689453e+02 1.8605150560e-09 4.8372411367e-10 1.3767909424e-09
1.2487792969e+02 1.8489641379e-09 4.8080230412e-10 1.3681618337e-09
1.2493896484e+02 1.8366768359e-09 4.7771655495e-10 1.3589602809e-09
1.2500000000e+02 1.8239686406e-09 4.7447382801e-10 1.3494948126e-09
1.2506103516e+02 1.8113320511e-09 4.7122145796e-10 1.3401105931e-09
1.2512207031e+02 1.7983658135e-09 4.6798875360e-10 1.3303770599e-09
1.2518310547e+02 1.7842097064e-09 4.6455392458e-10 1.3196557818e-09
1.2524414062e+02 1.7689405661e-09 4.6076448690e-10 1.3081760792e-09
1.2530517578e+02 1.7540449895e-09 4.5686473084e-10 1.2971802586e-09
1.2536621094e+02 1.7410953600e-09 4.5327749637e-10 1.2878178636e-09
1.2542724609e+02 1.7301500910e-09 4.5013372001e-10 1.2800163709e-09
1.2548828125e+02 1.7200676016e-09 4.4723675962e-10 1.2728308419e-09
1.2554931641e+02 1.7100601325e-09 4.4440439521e-10 1.2656557373e-09
1.2561035156e+02 1.7001691427e-09 4.4159967674e-10 1.2585694659e-09
1.2567138672e+02 1.6903844615e-09 4.3876858019e-10 1.2516158813e-09
1.2573242188e+02 1.6801782705e-09 4.3582118127e-10 1.2443570892e-09
1.2579345703e+02 1.6692514914e-09 4.3281668626e-10 1.2364348051e-09
1.2585449219e+02 1.6581223734e-09 4.2996753141e-10 1.2281548420e-09
1.2591552734e+02 1.6476417340e-09 4.2744403836e-10 1.2201976956e-09
1.2597656250e+02 1.6383084886e-09 4.2528441452e-10 1.2130240741e-09
1.2603759766e+02 1.6301159832e-09 4.2344830138e-10 1.2066676818e-09
1.2609863281e+02 1.6228747822e-09 4.2189228022e-10 1.2009825020e-09
1.2615966797e+02 1.6166740793e-09 4.2062125877e-10 1.1960528205e-09
1.2622070312e+02 1.6115982387e-09 4.1961978275e-10 1.1919784559e-09
1.2628173828e+02 1.6069834558e-09 4.1872128498e-10 1.1882621709e-09
1.2634277344e+02 1.6019416684e-09 4.1771296327e-10 1.1842287051e-09
1.2640380859e+02 1.5965137659e-09 4.1656937635e-10 1.1799443896e-09
1.2646484375e+02 1.5911975836e-09 4.1537918948e-10 1.1758183941e-09
1.2652587891e+02 1.5854862222e-09 4.1405582903e-10 1.1714303931e-09
1.2658691406e+02 1.5779245868e-09 4.1231063378e-10 1.1656139530e-09
1.2664794922e+02 1.5678277235e-09 4.0993395342e-10 1.1578937701e-09
1.2670898438e+02 1.5562824145e-09 4.0702530595e-10 1.1492571086e-09
1.2677001953e+02 1.5451165025e-09 4.0397036337e-10 1.1411461391e-09
1.2683105469e+02 1.5354259267e-09 4.0124008766e-10 1.1341858391e-09
1.2689208984e+02 1.5273584186e-09 3.9912494783e-10 1.1282334708e-09
1.2695312500e+02 1.5206107412e-09 3.9754921597e-10 1.1230615252e-09
1.2701416016e+02 1.5147292018e-09 3.9619709936e-10 1.1185321024e-09
1.2707519531e+02 1.5089801937e-09 3.9477775740e-10 1.1142024363e-09
1.2713623047e+02 1.5021305238e-09 3.9305309136e-10 1.1090774325e-09
1.2719726562e+02 1.4931731851e-09 3.9084135157e-10 1.1023318335e-09
1.2725830078e+02 1.4826578397e-09 3.8823740326e-10 1.0944204364e-09
1.2731933594e+02 1.4725153909e-09 3.8565048114e-10 1.0868649098e-09
1.2738037109e+02 1.4639495464e-09 3.8339672295e-10 1.0805528234e-09
1.2744140625e+02 1.4560626227e-09 3.8136622709e-10 1.0746963956e-09
1.2750244141e+02 1.4471909318e-09 3.7924881036e-10 1.0679421214e-09
1.2756347656e+02 1.4370253110e-09 3.7694452084e-10 1.0600807901e-09
1.2762451172e+02 1.4267147140e-09 3.7461814766e-10 1.0520965664e-09
1.2768554688e+02 1.4173018735e-09 3.7248212940e-10 1.0448197441e-09
1.2774658203e+02 1.4086712224e-09 3.7061445075e-10 1.0380567716e-09
1.2780761719e+02 1.3999778783e-09 3.6891229726e-10 1.0310655811e-09
1.2786865234e+02 1.3908331322e-09 3.6721555096e-10 1.0236175812e-09
1.2792968750e+02 1.3817137768e-09 3.6547763289e-10 1.0162361439e-09
1.2799072266e+02 1.3731764441e-09 3.6377276708e-10 1.0094036770e-09
1.2805175781e+02 1.3651581762e-09 3.6218206402e-10 1.0029761122e-09
1.2811279297e+02 1.3571077843e-09 3.6068087522e-10 9.9642690910e-10
1.2817382812e+02 1.3487550646e-09 3.5914542944e-10 9.8960963513e-10
1.2823486328e+02 1.3407775148e-09 3.5752141508e-10 9.8325609973e-10
1.2829589844e+02 1.3341627122e-09 3.5589186767e-10 9.7827084448e-10
1.2835693359e+02 1.3287820575e-09 3.5431087654e-10 9.7447118093e-10
1.2841796875e+02 1.3232647686e-09 3.5268930027e-10 9.7057546838e-10
1.2847900391e+02 1.3163567774e-09 3.5089149068e-10 9.6546528671e-10
1.2854003906e+02 1.3078625376e-09 3.4886994381e-10 9.5899259375e-10
1.2860107422e+02 1.2984549196e-09 3.4673421240e-10 9.5172070716e-10
1.2866210938e+02 1.2890885696e-09 3.4469574782e-10 9.4439282179e-10
1.2872314453e+02 1.2803949054e-09 3.4283984081e-10 9.3755506458e-10
1.2878417969e+02 1.2723235625e-09 3.4098928539e-10 9.3133427713e-10
1.2884521484e+02 1.2644740252e-09 3.3892645235e-10 9.2554757285e-10
1.2890625000e+02 1.2568347863e-09 3.3671644535e-10 9.2011834091e-10
1.2896728516e+02 1.2499396299e-09 3.3469569357e-10 9.1524393635e-10
1.2902832031e+02 1.2442125753e-09 3.3315638737e-10 9.1105618788e-10
1.2908935547e+02 1.2394183385e-09 3.3209501978e-10 9.0732331871e-10
1.2915039062e+02 1.2348583648e-09 3.3122366222e-10 9.0363470256e-10
1.2921142578e+02 1.2299190332e-09 3.3018423608e-10 8.9973479708e-10
1.2927246094e+02 1.2243122071e-09 3.2878674654e-10 8.9552546058e-10
1.2933349609e+02 1.2180162758e-09 3.2707590989e-10 8.9094036594e-10
1.2939453125e+02 1.2113015546e-09 3.2520781556e-10 8.8609373905e-10
1.2945556641e+02 1.2046624559e-09 3.2331543370e-10 8.8134702215e-10
1.2951660156e+02 1.1982905105e-09 3.2145892764e-10 8.7683158287e-10
1.2957763672e+02 1.1918903948e-09 3.1968097139e-10 8.7220942340e-10
1.2963867188e+02 1.1855485494e-09 3.1813598908e-10 8.6741256033e-10
1.2969970703e+02 1.1803477686e-09 3.1708940978e-10 8.6325835880e-10
1.2976074219e+02 1.1775311382e-09 3.1670541984e-10 8.6082571831e-10
1.2982177734e+02 1.1770314655e-09 3.1681546796e-10 8.6021599755e-10
1.2988281250e+02 1.1770589890e-09 3.1693176376e-10 8.6012722528e-10
1.2994384766e+02 1.1754724047e-09 3.1659316046e-10 8.5887924424e-10
1.3000488281e+02 1.1716812828e-09 3.1576651642e-10 8.5591476635e-10
1.3006591797e+02 1.1670464440e-09 3.1485994624e-10 8.5218649776e-10
1.3012695312e+02 1.1632962447e-09 3.1426548145e-10 8.4903076329e-10
1.3018798828e+02 1.1607453867e-09 3.1393663606e-10 8.4680875064e-10
1.3024902344e+02 1.1583015997e-09 3.1347840833e-10 8.4482319134e-10
1.3031005859e+02 1.1551009060e-09 3.1261485310e-10 8.4248605291e-10
1.3037109375e+02 1.1515132392e-09 3.1146072476e-10 8.4005251444e-10
1.3043212891e+02 1.1481959641e-09 3.1027564410e-10 8.3792032002e-10
1.3049316406e+02 1.1450168591e-09 3.0913463862e-10 8.3588222044e-10
1.3055419922e+02 1.1414648354e-09 3.0796202771e-10 8.3350280766e-10
1.3061523438e+02 1.1374703446e-09 3.0671840695e-10 8.3075193769e-10
1.3067626953e+02 1.1334767939e-09 3.0545797479e-10 8.2801881908e-10
1.3073730469e+02 1.1300564198e-09 3.0429304679e-10 8.2576337303e-10
1.3079833984e+02 1.1275267206e-09 3.0331502196e-10 8.2421169860e-10
1.3085937500e+02 1.1255728993e-09 3.0247651163e-10 8.2309638764e-10
1.3092041016e+02 1.1232874746e-09 3.0160875827e-10 8.2167871637e-10
1.3098144531e+02 1.1199153876e-09 3.0061013221e-10 8.1930525537e-10
1.3104248047e+02 1.1155860620e-09 2.9955723410e-10 8.1602882794e-10
1.3110351562e+02 1.1111776368e-09 2.9859360412e-10 8.1258403272e-10
1.3116455078e+02 1.1074945248e-09 2.9775515619e-10 8.0973936864e-10
1.3122558594e+02 1.1046847863e-09 2.9696208777e-10 8.0772269851e-10
1.3128662109e+02 1.1021202401e-09 2.9607250530e-10 8.0604773481e-10
1.3134765625e+02 1.0986431594e-09 2.9485992130e-10 8.0378323809e-10
1.3140869141e+02 1.0935273335e-09 2.9315141045e-10 8.0037592310e-10
1.3146972656e+02 1.0875702237e-09 2.9115319947e-10 7.9641702421e-10
1.3153076172e+02 1.0826434971e-09 2.8941445758e-10 7.9322903954e-10
1.3159179688e+02 1.0797192931e-09 2.8825911849e-10 7.9146017463e-10
1.3165283203e+02 1.0778514474e-09 2.8743483452e-10 7.9041661289e-10
1.3171386719e+02 1.0754983776e-09 2.8649424381e-10 7.8900413376e-10
1.3177490234e+02 1.0723599197e-09 2.8534979987e-10 7.8701011987e-10
1.3183593750e+02 1.0692650738e-09 2.8423374438e-10 7.8503132943e-10
1.3189697266e+02 1.0666426830e-09 2.8325970757e-10 7.8338297546e-10
1.3195800781e+02 1.0641327871e-09 2.8234661222e-10 7.8178617491e-10
1.3201904297e+02 1.0614948473e-09 2.8147212840e-10 7.8002271891e-10
1.3208007812e+02 1.0589073145e-09 2.8067617012e-10 7.7823114437e-10
1.3214111328e+02 1.0563861120e-09 2.7987630152e-10 7.7650981047e-10
1.3220214844e+02 1.0535341093e-09 2.7892200177e-10 7.7461210753e-10
1.3226318359e+02 1.0498794472e-09 2.7776171059e-10 7.7211773665e-10
1.3232421875e+02 1.0451583378e-09 2.7639394847e-10 7.6876438936e-10
1.3238525391e+02 1.0394166863e-09 2.7478172901e-10 7.6463495729e-10
1.3244628906e+02 1.0329945607e-09 2.7293662390e-10 7.6005793681e-10
1.3250732422e+02 1.0263307665e-09 2.7098517980e-10 7.5534558668e-10
1.3256835938e+02 1.0198367696e-09 2.6910364460e-10 7.5073312498e-10
1.3262939453e+02 1.0140022084e-09 2.6744325801e-10 7.4655895035e-10
1.3269042969e+02 1.0092185371e-09 2.6605673909e-10 7.4316179799e-10
1.3275146484e+02 1.0051822733e-09 2.6481456763e-10 7.4036770564e-10
1.3281250000e+02 1.0009394223e-09 2.6349460180e-10 7.3744482051e-10
1.3287353516e+02 9.9584525493e-10 2.6201914331e-10 7.3382611162e-10
1.3293457031e+02 9.9017641653e-10 2.6052883236e-10 7.2964758417e-10
1.3299560547e+02 9.8457471783e-10 2.5917647278e-10 7.2539824505e-10
1.3305664062e+02 9.7912288075e-10 2.5790405257e-10 7.2121882818e-10
1.3311767578e+02 9.7342654787e-10 2.5652673205e-10 7.1689981582e-10
1.3317871094e+02 9.6754348576e-10 2.5501695075e-10 7.1252653501e-10
1.3323974609e+02 9.6222978578e-10 2.5357530958e-10 7.0865447620e-10
1.3330078125e+02 9.5790821509e-10 2.5234683299e-10 7.0556138210e-10
1.3336181641e+02 9.5373707425e-10 2.5115211609e-10 7.0258495815e-10
1.3342285156e+02 9.4832189268e-10 2.4964360933e-10 6.9867828334e-10
1.3348388672e+02 9.4145258974e-10 2.4773731551e-10 6.9371527422e-10
1.3354492188e+02 9.3466195914e-10 2.4578116923e-10 6.8888078992e-10
1.3360595703e+02 9.2959616216e-10 2.4419205072e-10 6.8540411144e-10
1.3366699219e+02 9.2612153396e-10 2.4298707583e-10 6.8313445813e-10
1.3372802734e+02 9.2259295425e-10 2.4181554917e-10 6.8077740508e-10
1.3378906250e+02 9.1781602914e-10 2.4041975017e-10 6.7739627897e-10
1.3385009766e+02 9.1218906514e-10 2.3889937842e-10 6.7328968672e-10
1.3391113281e+02 9.0680385918e-10 2.3749074852e-10 6.6931311067e-10
1.3397216797e+02 9.0205411421e-10 2.3626893746e-10 6.6578517675e-10
1.3403320312e+02 8.9759816964e-10 2.3515031254e-10 6.6244785710e-10
1.3409423828e+02 8.9324745328e-10 2.3405579547e-10 6.5919165781e-10
1.3415527344e+02 8.8916248912e-10 2.3296497355e-10 6.5619751558e-10
1.3421630859e+02 8.8513473498e-10 2.3182874112e-10 6.5330599387e-10
1.3427734375e+02 8.8038212827e-10 2.3052079754e-10 6.4986133073e-10
1.3433837891e+02 8.7441178364e-10 2.2893262022e-10 6.4547916342e-10
1.3439941406e+02 8.6775017344e-10 2.2711781686e-10 6.4063235658e-10
1.3446044922e+02 8.6157713399e-10 2.2532544387e-10 6.3625169012e-10
1.3452148438e+02 8.5673696242e-10 2.2384377954e-10 6.3289318288e-10
1.3458251953e+02 8.5315325557e-10 2.2277020428e-10 6.3038305129e-10
1.3464355469e+02 8.5013999980e-10 2.2195756653e-10 6.2818243327e-10
1.3470458984e+02 8.4708303827e-10 2.2117989131e-10 6.2590314697e-10
1.3476562500e+02 8.4353933904e-10 2.2026997195e-10 6.2326936709e-10
1.3482666016e+02 8.3900163804e-10 2.1913430591e-10 6.1986733213e-10
1.3488769531e+02 8.3309159739e-10 2.1773164993e-10 6.1535994746e-10
1.3494873047e+02 8.2597602593e-10 2.1607333023e-10 6.0990269571e-10
1.3500976562e+02 8.1844937923e-10 2.1426623506e-10 6.0418314417e-10
1.3507080078e+02 8.1143114577e-10 2.1248970976e-10 5.9894143600e-10
1.3513183594e+02 8.0525922856e-10 2.1086715422e-10 5.9439207434e-10
1.3519287109e+02 7.9948867683e-10 2.0937873744e-10 5.9010993939e-10
1.3525390625e+02 7.9345601137e-10 2.0792263208e-10 5.8553337929e-10
1.3531494141e+02 7.8699778983e-10 2.0643869808e-10 5.8055909175e-10
1.3537597656e+02 7.8045936650e-10 2.0494195479e-10 5.7551741171e-10
1.3543701172e+02 7.7412270498e-10 2.0346630475e-10 5.7065640022e-10
1.3549804688e+02 7.6789589049e-10 2.0201179133e-10 5.6588409915e-10
1.3555908203e+02 7.6165061833e-10 2.0057343676e-10 5.6107718157e-10
1.3562011719e+02 7.5554128941e-10 1.9918249679e-10 5.5635879262e-10
1.3568115234e+02 7.4970240517e-10 1.9785067192e-10 5.5185173326e-10
1.3574218750e+02 7.4391417453e-10 1.9652185727e-10 5.4739231726e-10
1.3580322266e+02 7.3783850611e-10 1.9512281857e-10 5.4271568754e-10
1.3586425781e+02 7.3150118340e-10 1.9363185734e-10 5.3786932606e-10
1.3592529297e+02 7.2537476707e-10 1.9210862405e-10 5.3326614303e-10
1.3598632812e+02 7.1996258040e-10 1.9068899238e-10 5.2927358802e-10
1.3604736328e+02 7.1531034250e-10 1.8948556163e-10 5.2582478086e-10
1.3610839844e+02 7.1094127886e-10 1.8845512540e-10 5.2248615346e-10
1.3616943359e+02 7.0638522805e-10 1.8745784419e-10 5.1892738387e-10
1.3623046875e+02 7.0159741521e-10 1.8642025575e-10 5.1517715946e-10
1.3629150391e+02 6.9670488457e-10 1.8533197814e-10 5.1137290643e-10
1.3635253906e+02 6.9169317910e-10 1.8416019029e-10 5.0753298881e-10
1.3641357422e+02 6.8665894245e-10 1.8291969487e-10 5.0373924758e-10
1.3647460938e+02 6.8211967266e-10 1.8178196338e-10 5.0033770928e-10
1.3653564453e+02 6.7865729902e-10 1.8094325802e-10 4.9771404100e-10
1.3659667969e+02 6.7629506228e-10 1.8039381537e-10 4.9590124691e-10
1.3665771484e+02 6.7441301183e-10 1.7993868810e-10 4.9447432374e-10
1.3671875000e+02 6.7221831653e-10 1.7941215539e-10 4.9280616114e-10
1.3677978516e+02 6.6917857753e-10 1.7875262860e-10 4.9042594893e-10
1.3684082031e+02 6.6519047852e-10 1.7792051152e-10 4.8726996701e-10
1.3690185547e+02 6.6068499798e-10 1.7691267199e-10 4.8377232600e-10
1.3696289062e+02 6.5645950722e-10 1.7585294211e-10 4.8060656511e-10
1.3702392578e+02 6.5306462174e-10 1.7492443416e-10 4.7814018758e-10
1.3708496094e+02 6.5036553962e-10 1.7419030963e-10 4.7617522998e-10
1.3714599609e+02 6.4781052930e-10 1.7356503182e-10 4.7424549747e-10
1.3720703125e+02 6.4499647572e-10 1.7294398075e-10 4.7205249497e-10
1.3726806641e+02 6.4193957886e-10 1.7228858727e-10 4.6965099160e-10
1.3732910156e+02 6.3902650113e-10 1.7162841811e-10 4.6739808302e-10
1.3739013672e+02 6.3676430845e-10 1.7104437908e-10 4.6571992937e-10
1.3745117188e+02 6.3536128439e-10 1.7060735578e-10 4.6475392861e-10
1.3751220703e+02 6.3443863660e-10 1.7028878195e-10 4.6414985466e-10
1.3757324219e+02 6.3330480469e-10 1.6996967112e-10 4.6333513356e-10
1.3763427734e+02 6.3159549309e-10 1.6956135407e-10 4.6203413902e-10
1.3769531250e+02 6.2948520444e-10 1.6907067935e-10 4.6041452509e-10
1.3775634766e+02 6.2725734489e-10 1.6852529352e-10 4.5873205136e-10
1.3781738281e+02 6.2496629536e-10 1.6790959628e-10 4.5705669908e-10
1.3787841797e+02 6.2266178867e-10 1.6723774783e-10 4.5542404083e-10
1.3793945312e+02 6.2070480072e-10 1.6663930990e-10 4.5406549082e-10
1.3800048828e+02 6.1963318357e-10 1.6629893646e-10 4.5333424710e-10
1.3806152344e+02 6.1962439059e-10 1.6628550548e-10 4.5333888511e-10
1.3812255859e+02 6.2013198801e-10 1.6646087565e-10 4.5367111236e-10
1.3818359375e+02 6.2025447634e-10 1.6659291776e-10 4.5366155858e-10
1.3824462891e+02 6.1955997549e-10 1.6655279997e-10 4.5300717551e-10
1.3830566406e+02 6.1839702608e-10 1.6637425692e-10 4.5202276916e-10
1.3836669922e+02 6.1732358252e-10 1.6614296248e-10 4.5118062004e-10
1.3842773438e+02 6.1648389888e-10 1.6589586616e-10 4.5058803272e-10
1.3848876953e+02 6.1561644798e-10 1.6561466768e-10 4.5000178029e-10
1.3854980469e+02 6.1446442231e-10 1.6526154454e-10 4.4920287777e-10
1.3861083984e+02 6.1308621379e-10 1.6483476935e-10 4.4825144444e-10
1.3867187500e+02 6.1173868443e-10 1.6439321255e-10 4.4734547188e-10
1.3873291016e+02 6.1055599192e-10 1.6400157003e-10 4.4655442190e-10
1.3879394531e+02 6.0947220266e-10 1.6365583943e-10 4.4581636322e-10
1.3885498047e+02 6.0843052230e-10 1.6330444301e-10 4.4512607928e-10
1.3891601562e+02 6.0752057144e-10 1.6293856407e-10 4.4458200737e-10
1.3897705078e+02 6.0676721814e-10 1.6259414133e-10 4.4417307681e-10
1.3903808594e+02 6.0592086726e-10 1.6227738984e-10 4.4364347742e-10
1.3909912109e+02 6.0468953662e-10 1.6195118226e-10 4.4273835435e-10
1.3916015625e+02 6.0314403616e-10 1.6159211881e-10 4.4155191734e-10
1.3922119141e+02 6.0168594570e-10 1.6121727255e-10 4.4046867316e-10
1.3928222656e+02 6.0059413491e-10 1.6084801200e-10 4.3974612291e-10
1.3934326172e+02 5.9978724694e-10 1.6048703206e-10 4.3930021488e-10
1.3940429688e+02 5.9909628781e-10 1.6014944563e-10 4.3894684218e-10
1.3946533203e+02 5.9862487253e-10 1.5989181340e-10 4.3873305913e-10
1.3952636719e+02 5.9858544756e-10 1.5976059112e-10 4.3882485644e-10
1.3958740234e+02 5.9874632171e-10 1.5969058017e-10 4.3905574154e-10
1.3964843750e+02 5.9834281524e-10 1.5949329876e-10 4.3884951648e-10
1.3970947266e+02 5.9679673858e-10 1.5900377344e-10 4.3779296514e-10
1.3977050781e+02 5.9440652608e-10 1.5823998745e-10 4.3616653863e-10
1.3983154297e+02 5.9204047271e-10 1.5737976803e-10 4.3466070467e-10
1.3989257812e+02 5.9021143221e-10 1.5659273243e-10 4.3361869978e-10
1.3995361328e+02 5.8869049228e-10 1.5590917371e-10 4.3278131857e-10
1.4001464844e+02 5.8706247260e-10 1.5526001583e-10 4.3180245677e-10
1.4007568359e+02 5.8545384010e-10 1.5464082984e-10 4.3081301026e-10
1.4013671875e+02 5.8440228591e-10 1.5414431572e-10 4.3025797019e-10
1.4019775391e+02 5.8403882780e-10 1.5379133396e-10 4.3024749384e-10
1.4025878906e+02 5.8382079966e-10 1.5345294498e-10 4.3036785468e-10
1.4031982422e+02 5.8317056737e-10 1.5299927249e-10 4.3017129488e-10
1.4038085938e+02 5.8193699565e-10 1.5241214342e-10 4.2952485224e-10
1.4044189453e+02 5.8013850997e-10 1.5171670472e-10 4.2842180525e-10
1.4050292969e+02 5.7768403108e-10 1.5090708960e-10 4.2677694148e-10
1.4056396484e+02 5.7447187459e-10 1.4996546375e-10 4.2450641084e-10
1.4062500000e+02 5.7058648832e-10 1.4890260522e-10 4.2168388310e-10
1.4068603516e+02 5.6632944611e-10 1.4776588362e-10 4.1856356249e-10
1.4074707031e+02 5.6208997011e-10 1.4662184802e-10 4.1546812209e-10
1.4080810547e+02 5.5813676336e-10 1.4551796029e-10 4.1261880307e-10
1.4086914062e+02 5.5443032565e-10 1.4444437330e-10 4.0998595235e-10
1.4093017578e+02 5.5071657723e-10 1.4336092078e-10 4.0735565645e-10
1.4099121094e+02 5.4687509902e-10 1.4226425405e-10 4.0461084497e-10
1.4105224609e+02 5.4299862640e-10 1.4118514337e-10 4.0181348303e-10
1.4111328125e+02 5.3910221367e-10 1.4012564515e-10 3.9897656852e-10
1.4117431641e+02 5.3510066901e-10 1.3905771204e-10 3.9604295698e-10
1.4123535156e+02 5.3113283770e-10 1.3798194107e-10 3.9315089663e-10
1.4129638672e+02 5.2753915060e-10 1.3693778307e-10 3.9060136753e-10
1.4135742188e+02 5.2444929727e-10 1.3596339949e-10 3.8848589778e-10
1.4141845703e+02 5.2164521942e-10 1.3507424465e-10 3.8657097478e-10
1.4147949219e+02 5.1887157662e-10 1.3426499158e-10 3.8460658504e-10
1.4154052734e+02 5.1605457480e-10 1.3350263957e-10 3.8255193524e-10
1.4160156250e+02 5.1316954634e-10 1.3273247545e-10 3.8043707088e-10
1.4166259766e+02 5.1010946466e-10 1.3191641416e-10 3.7819305049e-10
1.4172363281e+02 5.0676385971e-10 1.3104151549e-10 3.7572234422e-10
1.4178466797e+02 5.0316535257e-10 1.3008895670e-10 3.7307639587e-10
1.4184570312e+02 4.9954838470e-10 1.2905622041e-10 3.7049216429e-10
1.4190673828e+02 4.9622241971e-10 1.2801871011e-10 3.6820370960e-10
1.4196777344e+02 4.9328773567e-10 1.2709055025e-10 3.6619718541e-10
1.4202880859e+02 4.9053191900e-10 1.2630377811e-10 3.6422814089e-10
1.4208984375e+02 4.8775373924e-10 1.2559605538e-10 3.6215768385e-10
1.4215087891e+02 4.8508718955e-10 1.2492253013e-10 3.6016465942e-10
1.4221191406e+02 4.8277774751e-10 1.2429476095e-10 3.5848298656e-10
1.4227294922e+02 4.8070589698e-10 1.2369635748e-10 3.5700953950e-10
1.4233398438e+02 4.7845137207e-10 1.2305968390e-10 3.5539168817e-10
1.4239501953e+02 4.7579935236e-10 1.2234803011e-10 3.5345132225e-10
1.4245605469e+02 4.7283979856e-10 1.2157885250e-10 3.5126094606e-10
1.4251708984e+02 4.6962259896e-10 1.2076214288e-10 3.4886045608e-10
1.4257812500e+02 4.6603585278e-10 1.1987374374e-10 3.4616210904e-10
1.4263916016e+02 4.6206260616e-10 1.1890189189e-10 3.4316071428e-10
1.4270019531e+02 4.5792173972e-10 1.1788022548e-10 3.4004151425e-10
1.4276123047e+02 4.5380501294e-10 1.1683905670e-10 3.3696595624e-10
1.4282226562e+02 4.4964653206e-10 1.1576337421e-10 3.3388315785e-10
1.4288330078e+02 4.4533675614e-10 1.1464600031e-10 3.3069075583e-10
1.4294433594e+02 4.4099272277e-10 1.1353439207e-10 3.2745833069e-10
1.4300537109e+02 4.3680867698e-10 1.1247582835e-10 3.2433284863e-10
1.4306640625e+02 4.3275640238e-10 1.1145494879e-10 3.2130145359e-10
1.4312744141e+02 4.2857181080e-10 1.1040796907e-10 3.1816384173e-10
1.4318847656e+02 4.2403607170e-10 1.0928145538e-10 3.1475461632e-10
1.4324951172e+02 4.1926763012e-10 1.0809097287e-10 3.1117665725e-10
1.4331054688e+02 4.1465645735e-10 1.0692042493e-10 3.0773603241e-10
1.4337158203e+02 4.1042266523e-10 1.0583260645e-10 3.0459005878e-10
1.4343261719e+02 4.0629813942e-10 1.0478413670e-10 3.0151400272e-10
1.4349365234e+02 4.0177588239e-10 1.0366740950e-10 2.9810847289e-10
1.4355468750e+02 3.9666753781e-10 1.0243928261e-10 2.9422825520e-10
1.4361572266e+02 3.9123491452e-10 1.0115887684e-10 2.9007603768e-10
1.4367675781e+02 3.8578147008e-10 9.9891828191e-11 2.8588964189e-10
1.4373779297e+02 3.8039004140e-10 9.8643698745e-11 2.8174634265e-10
1.4379882812e+02 3.7511113194e-10 9.7414921326e-11 2.7769621061e-10
1.4385986328e+02 3.7012183624e-10 9.6256074112e-11 2.7386576213e-10
1.4392089844e+02 3.6558144397e-10 9.5224596180e-11 2.7035684779e-10
1.4398193359e+02 3.6146119714e-10 9.4317268663e-11 2.6714392847e-10
1.4404296875e+02 3.5762133526e-10 9.3483174339e-11 2.6413816092e-10
1.4410400391e+02 3.5404711863e-10 9.2701970770e-11 2.6134514786e-10
1.4416503906e+02 3.5086283863e-10 9.2006436260e-11 2.5885640237e-10
1.4422607422e+02 3.4808794885e-10 9.1416802530e-11 2.5667114632e-10
1.4428710938e+02 3.4552484849e-10 9.0893501067e-11 2.5463134742e-10
1.4434814453e+02 3.4291107738e-10 9.0368938937e-11 2.5254213844e-10
1.4440917969e+02 3.4012965866e-10 8.9805964111e-11 2.5032369455e-10
1.4447021484e+02 3.3725387705e-10 8.9213994629e-11 2.4803988242e-10
1.4453125000e+02 3.3443140235e-10 8.8626497590e-11 2.4580490476e-10
1.4459228516e+02 3.3177377756e-10 8.8074966474e-11 2.4369881109e-10
1.4465332031e+02 3.2929101934e-10 8.7560190561e-11 2.4173082878e-10
1.4471435547e+02 3.2689451175e-10 8.7042337782e-11 2.3985217397e-10
1.4477539062e+02 3.2452359562e-10 8.6485118797e-11 2.3803847683e-10
1.4483642578e+02 3.2225104615e-10 8.5908506696e-11 2.3634253945e-10
1.4489746094e+02 3.2017726563e-10 8.5366475666e-11 2.3481078996e-10
1.4495849609e+02 3.1826434378e-10 8.4879646001e-11 2.3338469778e-10
1.4501953125e+02 3.1638012579e-10 8.4426390782e-11 2.3195373501e-10
1.4508056641e+02 3.1449031503e-10 8.3991991464e-11 2.3049832356e-10
1.4514160156e+02 3.1271409961e-10 8.3586918825e-11 2.2912718079e-10
1.4520263672e+02 3.1114721992e-10 8.3212167380e-11 2.2793505254e-10
1.4526367188e+02 3.0971591277e-10 8.2844148503e-11 2.2687176427e-10
1.4532470703e+02 3.0826844237e-10 8.2469842968e-11 2.2579859940e-10
1.4538574219e+02 3.0674940668e-10 8.2115097650e-11 2.2463430903e-10
1.4544677734e+02 3.0523702162e-10 8.1824499996e-11 2.2341252162e-10
1.4550781250e+02 3.0379504343e-10 8.1610990423e-11 2.2218405301e-10
1.4556884766e+02 3.0232352931e-10 8.1429073168e-11 2.2089445614e-10
1.4562988281e+02 3.0064094504e-10 8.1208016911e-11 2.1943292813e-10
1.4569091797e+02 2.9870473327e-10 8.0908539902e-11 2.1779619337e-10
1.4575195312e+02 2.9669016245e-10 8.0548447371e-11 2.1614171508e-10
1.4581298828e+02 2.9482927252e-10 8.0184965126e-11 2.1464430740e-10
1.4587402344e+02 2.9317884164e-10 7.9864235330e-11 2.1331460631e-10
1.4593505859e+02 2.9159863131e-10 7.9576057541e-11 2.1202257377e-10
1.4599609375e+02 2.8996341092e-10 7.9270016780e-11 2.1069339414e-10
1.4605712891e+02 2.8831208658e-10 7.8924882128e-11 2.0938720445e-10
1.4611816406e+02 2.8675373571e-10 7.8576904163e-11 2.0817683155e-10
1.4617919922e+02 2.8528727647e-10 7.8259205731e-11 2.0702807074e-10
1.4624023438e+02 2.8377838608e-10 7.7942156994e-11 2.0583622909e-10
1.4630126953e+02 2.8211042426e-10 7.7569475596e-11 2.0454094866e-10
1.4636230469e+02 2.8028695828e-10 7.7136170110e-11 2.0315078817e-10
1.4642333984e+02 2.7837705659e-10 7.6691759467e-11 2.0168529712e-10
1.4648437500e+02 2.7644281518e-10 7.6272168558e-11 2.0017064662e-10
1.4654541016e+02 2.7453429489e-10 7.5866468448e-11 1.9866782644e-10
1.4660644531e+02 2.7272045027e-10 7.5460754668e-11 1.9725969560e-10
1.4666748047e+02 2.7111930413e-10 7.5081853576e-11 1.9603745055e-10
1.4672851562e+02 2.6984279998e-10 7.4767855439e-11 1.9507494454e-10
1.4678955078e+02 2.6889364364e-10 7.4519352238e-11 1.9437429140e-10
1.4685058594e+02 2.6816614158e-10 7.4307999671e-11 1.9385814191e-10
1.4691162109e+02 2.6751577609e-10 7.4102820776e-11 1.9341295531e-10
1.4697265625e+02 2.6679398751e-10 7.3867782541e-11 1.9292620497e-10
1.4703369141e+02 2.6588755818e-10 7.3570613905e-11 1.9231694427e-10
1.4709472656e+02 2.6481205480e-10 7.3219259345e-11 1.9159279545e-10
1.4715576172e+02 2.6373820508e-10 7.2861419528e-11 1.9087678555e-10
1.4721679688e+02 2.6280871729e-10 7.2523948745e-11 1.9028476855e-10
1.4727783203e+02 2.6194980717e-10 7.2180557710e-11 1.8976924946e-10
1.4733886719e+02 2.6099238301e-10 7.1803771545e-11 1.8918861146e-10
1.4739990234e+02 2.5993479964e-10 7.1418624081e-11 1.8851617556e-10
1.4746093750e+02 2.5895226159e-10 7.1077783465e-11 1.8787447813e-10
1.4752197266e+02 2.5818343308e-10 7.0807758287e-11 1.8737567479e-10
1.4758300781e+02 2.5761765892e-10 7.0599221575e-11 1.8701843734e-10
1.4764404297e+02 2.5716793603e-10 7.0426068667e-11 1.8674186737e-10
1.4770507812e+02 2.5674928776e-10 7.0253964469e-11 1.8649532330e-10
1.4776611328e+02 2.5626292370e-10 7.0043219699e-11 1.8621970400e-10
1.4782714844e+02 2.5561172171e-10 6.9769056669e-11 1.8584266504e-10
1.4788818359e+02 2.5480228431e-10 6.9445349016e-11 1.8535693530e-10
1.4794921875e+02 2.5395154379e-10 6.9109166634e-11 1.8484237715e-10
1.4801025391e+02 2.5316263391e-10 6.8784700189e-11 1.8437793372e-10
1.4807128906e+02 2.5245077320e-10 6.8479729668e-11 1.8397104353e-10
1.4813232422e+02 2.5175453004e-10 6.8193900407e-11 1.8356062963e-10
1.4819335938e+02 2.5097001456e-10 6.7907667675e-11 1.8306234688e-10
1.4825439453e+02 2.5003137254e-10 6.7591998480e-11 1.8243937406e-10
1.4831542969e+02 2.4899283965e-10 6.7245246893e-11 1.8174759275e-10
1.4837646484e+02 2.4796963684e-10 6.6891348214e-11 1.8107828863e-10
1.4843750000e+02 2.4698141037e-10 6.6538815071e-11 1.8044259530e-10
1.4849853516e+02 2.4593454393e-10 6.6175355291e-11 1.7975918863e-10
1.4855957031e+02 2.4477622102e-10 6.5802186287e-11 1.7897403473e-10
1.4862060547e+02 2.4357806562e-10 6.5439559109e-11 1.7813850652e-10
1.4868164062e+02 2.4244091644e-10 6.5095341679e-11 1.7734557476e-10
1.4874267578e+02 2.4138032044e-10 6.4754546748e-11 1.7662577369e-10
1.4880371094e+02 2.4032966629e-10 6.4400848474e-11 1.7592881781e-10
1.4886474609e+02 2.3923229167e-10 6.4028420535e-11 1.7520387114e-10
1.4892578125e+02 2.3810491417e-10 6.3636290518e-11 1.7446862365e-10
1.4898681641e+02 2.3697717128e-10 6.3224790046e-11 1.7375238123e-10
1.4904785156e+02 2.3578107508e-10 6.2791263768e-11 1.7298981131e-10
1.4910888672e+02 2.3438222444e-10 6.2324372121e-11 1.7205785232e-10
1.4916992188e+02 2.3276736980e-10 6.1817595824e-11 1.7094977398e-10
1.4923095703e+02 2.3112910638e-10 6.1293308126e-11 1.6983579825e-10
1.4929199219e+02 2.2968361783e-10 6.0794523658e-11 1.6888909417e-10
1.4935302734e+02 2.2845758666e-10 6.0344554554e-11 1.6811303210e-10
1.4941406250e+02 2.2734274874e-10 5.9934695728e-11 1.6740805302e-10
1.4947509766e+02 2.2630732841e-10 5.9560438010e-11 1.6674689040e-10
1.4953613281e+02 2.2544733293e-10 5.9245486234e-11 1.6620184670e-10
1.4959716797e+02 2.2483153722e-10 5.9011053773e-11 1.6582048345e-10
1.4965820312e+02 2.2436783155e-10 5.8833040084e-11 1.6553479146e-10
1.4971923828e+02 2.2388813194e-10 5.8656752626e-11 1.6523137931e-10
1.4978027344e+02 2.2333031623e-10 5.8451348351e-11 1.6487896788e-10
1.4984130859e+02 2.2273409290e-10 5.8219404630e-11 1.6451468827e-10
1.4990234375e+02 2.2208901860e-10 5.7961282342e-11 1.6412773626e-10
1.4996337891e+02 2.2131096285e-10 5.7669319363e-11 1.6364164349e-10
1.5002441406e+02 2.2039138040e-10 5.7359124832e-11 1.6303225556e-10
1.5008544922e+02 2.1947884480e-10 5.7072063847e-11 1.6240678095e-10
1.5014648438e+02 2.1874694115e-10 5.6834471588e-11 1.6191246956e-10
1.5020751953e+02 2.1821181541e-10 5.6631466362e-11 1.6158034904e-10
1.5026855469e+02 2.1772216954e-10 5.6425765364e-11 1.6129640418e-10
1.5032958984e+02 2.1711442788e-10 5.6192677684e-11 1.6092175019e-10
1.5039062500e+02 2.1634787931e-10 5.5934917276e-11 1.6041296204e-10
1.5045166016e+02 2.1549167494e-10 5.5669655048e-11 1.5982201990e-10
1.5051269531e+02 2.1459276252e-10 5.5401109483e-11 1.5919165304e-10
1.5057373047e+02 2.1359329910e-10 5.5107836287e-11 1.5848546282e-10
1.5063476562e+02 2.1242604054e-10 5.4770066899e-11 1.5765597364e-10
1.5069580078e+02 2.1113682340e-10 5.4401935710e-11 1.5673488769e-10
1.5075683594e+02 2.0983423729e-10 5.4035285955e-11 1.5579895133e-10
1.5081787109e+02 2.0854511841e-10 5.3675910798e-11 1.5486920762e-10
1.5087890625e+02 2.0719206083e-10 5.3297019894e-11 1.5389504093e-10
1.5093994141e+02 2.0572612445e-10 5.2880461075e-11 1.5284566338e-10
1.5100097656e+02 2.0420007654e-10 5.2442906969e-11 1.5175716957e-10
1.5106201172e+02 2.0266691884e-10 5.2010226493e-11 1.5065669235e-10
1.5112304688e+02 2.0109212915e-10 5.1586160025e-11 1.4950596912e-10
1.5118408203e+02 1.9943636057e-10 5.1162216030e-11 1.4827414454e-10
1.5124511719e+02 1.9776726758e-10 5.0745823899e-11 1.4702144368e-10
1.5130615234e+02 1.9620962506e-10 5.0361007197e-11 1.4584861787e-10
1.5136718750e+02 1.9480239686e-10 5.0022895302e-11 1.4477950156e-10
1.5142822266e+02 1.9347171693e-10 4.9721873183e-11 1.4374984375e-10
1.5148925781e+02 1.9214352835e-10 4.9434754346e-11 1.4270877401e-10
1.5155029297e+02 1.9081457048e-10 4.9145505447e-11 1.4166906504e-10
1.5161132812e+02 1.8950973816e-10 4.8854544292e-11 1.4065519386e-10
1.5167236328e+02 1.8823682134e-10 4.8572087347e-11 1.3966473399e-10
1.5173339844e+02 1.8699127583e-10 4.8303280072e-11 1.3868799576e-10
1.5179443359e+02 1.8576112548e-10 4.8041770389e-11 1.3771935509e-10
1.5185546875e+02 1.8450867886e-10 4.7774151392e-11 1.3673452747e-10
1.5191650391e+02 1.8317929921e-10 4.7487211237e-11 1.3569208798e-10
1.5197753906e+02 1.8174641580e-10 4.7173662752e-11 1.3457275305e-10
1.5203857422e+02 1.8022638008e-10 4.6831082113e-11 1.3339529797e-10
1.5209960938e+02 1.7867685587e-10 4.6463664684e-11 1.3221319119e-10
1.5216064453e+02 1.7720787956e-10 4.6093912207e-11 1.3111396736e-10
1.5222167969e+02 1.7592336244e-10 4.5756789426e-11 1.3016657301e-10
1.5228271484e+02 1.7481420936e-10 4.5468344703e-11 1.2934586465e-10
1.5234375000e+02 1.7378387304e-10 4.5217423419e-11 1.2856644962e-10
1.5240478516e+02 1.7277775914e-10 4.4990917485e-11 1.2778684166e-10
1.5246582031e+02 1.7180062513e-10 4.4781816063e-11 1.2701880907e-10
1.5252685547e+02 1.7083440426e-10 4.4576305370e-11 1.2625809889e-10
1.5258789062e+02 1.6982854929e-10 4.4357588304e-11 1.2547096099e-10
1.5264892578e+02 1.6877272181e-10 4.4122827944e-11 1.2464989387e-10
1.5270996094e+02 1.6772235887e-10 4.3884355358e-11 1.2383800351e-10
1.5277099609e+02 1.6672717162e-10 4.3653295328e-11 1.2307387629e-10
1.5283203125e+02 1.6575848931e-10 4.3427074778e-11 1.2233141453e-10
1.5289306641e+02 1.6472689246e-10 4.3191766458e-11 1.2153512600e-10
1.5295410156e+02 1.6357706639e-10 4.2935707165e-11 1.2064135923e-10
1.5301513672e+02 1.6235872891e-10 4.2663432594e-11 1.1969529632e-10
1.5307617188e+02 1.6116944770e-10 4.2390767938e-11 1.1877867977e-10
1.5313720703e+02 1.6002431200e-10 4.2120967942e-11 1.1790334406e-10
1.5319824219e+02 1.5882705822e-10 4.1834127043e-11 1.1699293117e-10
1.5325927734e+02 1.5748485879e-10 4.1509874362e-11 1.1597498443e-10
1.5332031250e+02 1.5601942870e-10 4.1155509848e-11 1.1486391885e-10
1.5338134766e+02 1.5453640084e-10 4.0801187913e-11 1.1373521293e-10
1.5344238281e+02 1.5310361659e-10 4.0470697419e-11 1.1263291917e-10
1.5350341797e+02 1.5172271956e-10 4.0171120790e-11 1.1155159877e-10
1.5356445312e+02 1.5041322687e-10 3.9906435363e-11 1.1050679151e-10
1.5362548828e+02 1.4923403036e-10 3.9678572663e-11 1.0955545770e-10
1.5368652344e+02 1.4820236489e-10 3.9473711506e-11 1.0872865339e-10
1.5374755859e+02 1.4724607729e-10 3.9267020912e-11 1.0797905638e-10
1.5380859375e+02 1.4626645114e-10 3.9047500139e-11 1.0721895100e-10
1.5386962891e+02 1.4522637813e-10 3.8824853850e-11 1.0640152428e-10
1.5393066406e+02 1.4415115177e-10 3.8609264735e-11 1.0554188703e-10
1.5399169922e+02 1.4306770581e-10 3.8399805954e-11 1.0466789985e-10
1.5405273438e+02 1.4197294687e-10 3.8191801984e-11 1.0378114489e-10
1.5411376953e+02 1.4085971633e-10 3.7983766539e-11 1.0287594979e-10
1.5417480469e+02 1.3977498962e-10 3.7784371438e-11 1.0199061819e-10
1.5423583984e+02 1.3883532465e-10 3.7617134008e-11 1.0121819064e-10
1.5429687500e+02 1.3812615287e-10 3.7499715591e-11 1.0062643728e-10
1.5435791016e+02 1.3758605568e-10 3.7415083547e-11 1.0017097213e-10
1.5441894531e+02 1.3706395987e-10 3.7325595679e-11 9.9738364193e-11
1.5447998047e+02 1.3648248259e-10 3.7215387654e-11 9.9267094939e-11
1.5454101562e+02 1.3587008329e-10 3.7095439879e-11 9.8774643410e-11
1.5460205078e+02 1.3524856245e-10 3.6970028356e-11 9.8278534098e-11
1.5466308594e+02 1.3457761802e-10 3.6825477156e-11 9.7752140867e-11
1.5472412109e+02 1.3382706696e-10 3.6655085848e-11 9.7171981112e-11
1.5478515625e+02 1.3303920822e-10 3.6473512173e-11 9.6565696045e-11
1.5484619141e+02 1.3229037334e-10 3.6301419233e-11 9.5988954106e-11
1.5490722656e+02 1.3161628216e-10 3.6147746796e-11 9.5468535363e-11
1.5496826172e+02 1.3099336178e-10 3.6009326002e-11 9.4984035779e-11
1.5502929688e+02 1.3039524976e-10 3.5881657157e-11 9.4513592602e-11
1.5509033203e+02 1.2986037723e-10 3.5769168272e-11 9.4091208955e-11
1.5515136719e+02 1.2947408905e-10 3.5685874965e-11 9.3788214084e-11
1.5521240234e+02 1.2927317399e-10 3.5644055352e-11 9.3629118643e-11
1.5527343750e+02 1.2918515962e-10 3.5636737808e-11 9.3548421810e-11
1.5533447266e+02 1.2907288921e-10 3.5630986741e-11 9.3441902468e-11
1.5539550781e+02 1.2885560708e-10 3.5592787609e-11 9.3262819475e-11
1.5545654297e+02 1.2858761421e-10 3.5524245708e-11 9.3063368505e-11
1.5551757812e+02 1.2840406137e-10 3.5464001826e-11 9.2940059545e-11
1.5557861328e+02 1.2838142745e-10 3.5442880331e-11 9.2938547123e-11
1.5563964844e+02 1.2846151156e-10 3.5448301767e-11 9.3013209789e-11
1.5570068359e+02 1.2853118637e-10 3.5444505682e-11 9.3086680690e-11
1.5576171875e+02 1.2853573563e-10 3.5415474468e-11 9.3120261165e-11
1.5582275391e+02 1.2847770342e-10 3.5371251559e-11 9.3106451860e-11
1.5588378906e+02 1.2835796095e-10 3.5322603017e-11 9.3035357933e-11
1.5594482422e+02 1.2817423560e-10 3.5269073826e-11 9.2905161779e-11
1.5600585938e+02 1.2795688463e-10 3.5210300107e-11 9.2746584523e-11
1.5606689453e+02 1.2775323331e-10 3.5152341071e-11 9.2600892243e-11
1.5612792969e+02 1.2757846260e-10 3.5099946251e-11 9.2478516344e-11
1.5618896484e+02 1.2740759131e-10 3.5048926338e-11 9.2358664973e-11
1.5625000000e+02 1.2721100866e-10 3.4988780298e-11 9.2222228366e-11
1.5631103516e+02 1.2698427383e-10 3.4913793399e-11 9.2070480435e-11
1.5637207031e+02 1.2674997147e-10 3.4831857667e-11 9.1918113806e-11
1.5643310547e+02 1.2654456001e-10 3.4762057040e-11 9.1782502974e-11
1.5649414062e+02 1.2639246552e-10 3.4719504586e-11 9.1672960937e-11
1.5655517578e+02 1.2628727730e-10 3.4700686428e-11 9.1586590876e-11
1.5661621094e+02 1.2619795054e-10 3.4685534460e-11 9.1512416076e-11
1.5667724609e+02 1.2608081756e-10 3.4652627013e-11 9.1428190544e-11
1.5673828125e+02 1.2588907363e-10 3.4590190399e-11 9.1298883234e-11
1.5679931641e+02 1.2560228798e-10 3.4499860688e-11 9.1102427295e-11
1.5686035156e+02 1.2526793145e-10 3.4398783393e-11 9.0869148059e-11
1.5692138672e+02 1.2498044363e-10 3.4309803144e-11 9.0670640489e-11
1.5698242188e+02 1.2479538682e-10 3.4243241018e-11 9.0552145804e-11
1.5704345703e+02 1.2468601968e-10 3.4192965646e-11 9.0493054034e-11
1.5710449219e+02 1.2458927625e-10 3.4147441729e-11 9.0441834521e-11
1.5716552734e+02 1.2447437674e-10 3.4099428410e-11 9.0374948326e-11
1.5722656250e+02 1.2435110518e-10 3.4045084811e-11 9.0306020370e-11
1.5728759766e+02 1.2422344630e-10 3.3978507702e-11 9.0244938597e-11
1.5734863281e+02 1.2406111270e-10 3.3892168484e-11 9.0168944217e-11
1.5740966797e+02 1.2382671849e-10 3.3782354951e-11 9.0044363543e-11
1.5747070312e+02 1.2352136393e-10 3.3651824713e-11 8.9869539215e-11
1.5753173828e+02 1.2318764617e-10 3.3507705984e-11 8.9679940184e-11
1.5759277344e+02 1.2286068478e-10 3.3357335744e-11 8.9503349032e-11
1.5765380859e+02 1.2252980836e-10 3.3205266448e-11 8.9324541910e-11
1.5771484375e+02 1.2217441287e-10 3.3055846234e-11 8.9118566635e-11
1.5777587891e+02 1.2181221049e-10 3.2913200492e-11 8.8899009996e-11
1.5783691406e+02 1.2147586971e-10 3.2775249930e-11 8.8700619776e-11
1.5789794922e+02 1.2116894973e-10 3.2635761591e-11 8.8533188136e-11
1.5795898438e+02 1.2087786337e-10 3.2495467913e-11 8.8382395456e-11
1.5802001953e+02 1.2061350286e-10 3.2366401371e-11 8.8247101485e-11
1.5808105469e+02 1.2039902801e-10 3.2258595765e-11 8.8140432248e-11
1.5814208984e+02 1.2021075836e-10 3.2162897012e-11 8.8047861343e-11
1.5820312500e+02 1.1997065743e-10 3.2054385489e-11 8.7916271942e-11
1.5826416016e+02 1.1961595775e-10 3.1913919737e-11 8.7702038015e-11
1.5832519531e+02 1.1915613895e-10 3.1740982664e-11 8.7415156288e-11
1.5838623047e+02 1.1865515982e-10 3.1549041066e-11 8.7106118759e-11
1.5844726562e+02 1.1817425543e-10 3.1357536933e-11 8.6816718497e-11
1.5850830078e+02 1.1772725143e-10 3.1183374667e-11 8.6543876763e-11
1.5856933594e+02 1.1728098424e-10 3.1030031151e-11 8.6250953084e-11
1.5863037109e+02 1.1679740349e-10 3.0885957726e-11 8.5911445763e-11
1.5869140625e+02 1.1626582121e-10 3.0736549049e-11 8.5529272158e-11
1.5875244141e+02 1.1568203855e-10 3.0571078766e-11 8.5110959787e-11
1.5881347656e+02 1.1501307307e-10 3.0377448997e-11 8.4635624072e-11
1.5887451172e+02 1.1423641322e-10 3.0149499224e-11 8.4086913996e-11
1.5893554688e+02 1.1341417938e-10 2.9906022512e-11 8.3508156872e-11
1.5899658203e+02 1.1266178134e-10 2.9682360209e-11 8.2979421129e-11
1.5905761719e+02 1.1202039513e-10 2.9494201546e-11 8.2526193585e-11
1.5911865234e+02 1.1140884716e-10 2.9324293439e-11 8.2084553723e-11
1.5917968750e+02 1.1073101224e-10 2.9149885605e-11 8.1581126637e-11
1.5924072266e+02 1.0998570565e-10 2.8966177917e-11 8.1019527733e-11
1.5930175781e+02 1.0923719493e-10 2.8778176150e-11 8.0459018785e-11
1.5936279297e+02 1.0851639691e-10 2.8586978307e-11 7.9929418605e-11
1.5942382812e+02 1.0779525241e-10 2.8390790428e-11 7.9404461978e-11
1.5948486328e+02 1.0703936719e-10 2.8187450768e-11 7.8851916427e-11
1.5954589844e+02 1.0624780973e-10 2.7973161631e-11 7.8274648099e-11
1.5960693359e+02 1.0544322626e-10 2.7748542572e-11 7.7694683684e-11
1.5966796875e+02 1.0463612281e-10 2.7523185796e-11 7.7112937011e-11
1.5972900391e+02 1.0381611887e-10 2.7305970401e-11 7.6510148472e-11
1.5979003906e+02 1.0298853829e-10 2.7095283618e-11 7.5893254673e-11
1.5985107422e+02 1.0219947877e-10 2.6886877543e-11 7.5312601228e-11
1.5991210938e+02 1.0150287957e-10 2.6687072085e-11 7.4815807482e-11
1.5997314453e+02 1.0090174565e-10 2.6506709981e-11 7.4395035670e-11
1.6003417969e+02 1.0033954749e-10 2.6344545134e-11 7.3995002355e-11
1.6009521484e+02 9.9753997989e-11 2.6186332936e-11 7.3567665053e-11
1.6015625000e+02 9.9119656252e-11 2.6017842030e-11 7.3101814223e-11
1.6021728516e+02 9.8432964885e-11 2.5831927065e-11 7.2601037820e-11
1.6027832031e+02 9.7686807760e-11 2.5627461261e-11 7.2059346499e-11
1.6033935547e+02 9.6887469655e-11 2.5410123753e-11 7.1477345902e-11
1.6040039062e+02 9.6081909932e-11 2.5193321491e-11 7.0888588442e-11
1.6046142578e+02 9.5337304732e-11 2.4991675570e-11 7.0345629162e-11
1.6052246094e+02 9.4674788420e-11 2.4808824240e-11 6.9865964180e-11
1.6058349609e+02 9.4038091223e-11 2.4634755430e-11 6.9403335793e-11
1.6064453125e+02 9.3351495305e-11 2.4457678182e-11 6.8893817123e-11
1.6070556641e+02 9.2600332173e-11 2.4273800475e-11 6.8326531697e-11
1.6076660156e+02 9.1836946192e-11 2.4085492959e-11 6.7751453233e-11
1.6082763672e+02 9.1107688907e-11 2.3894758750e-11 6.7212930158e-11
1.6088867188e+02 9.0401373121e-11 2.3702652568e-11 6.6698720553e-11
1.6094970703e+02 8.9683383575e-11 2.3513582243e-11 6.6169801331e-11
1.6101074219e+02 8.8947870759e-11 2.3333132848e-11 6.5614737910e-11
1.6107177734e+02 8.8209955518e-11 2.3161144331e-11 6.5048811187e-11
1.6113281250e+02 8.7469320610e-11 2.2993494774e-11 6.4475825836e-11
1.6119384766e+02 8.6712051508e-11 2.2829503874e-11 6.3882547634e-11
1.6125488281e+02 8.5936951763e-11 2.2669817606e-11 6.3267134156e-11
1.6131591797e+02 8.5164243368e-11 2.2511298957e-11 6.2652944411e-11
1.6137695312e+02 8.4421651195e-11 2.2351286258e-11 6.2070364937e-11
1.6143798828e+02 8.3718983828e-11 2.2190966712e-11 6.1528017116e-11
1.6149902344e+02 8.3033986492e-11 2.2030277587e-11 6.1003708905e-11
1.6156005859e+02 8.2327330006e-11 2.1865560402e-11 6.0461769605e-11
1.6162109375e+02 8.1578604692e-11 2.1696499036e-11 5.9882105656e-11
1.6168212891e+02 8.0803851613e-11 2.1528771229e-11 5.9275080383e-11
1.6174316406e+02 8.0037039973e-11 2.1366323858e-11 5.8670716115e-11
1.6180419922e+02 7.9313872812e-11 2.1210702275e-11 5.8103170536e-11
1.6186523438e+02 7.8671484828e-11 2.1069972475e-11 5.7601512354e-11
1.6192626953e+02 7.8136019563e-11 2.0956476174e-11 5.7179543389e-11
1.6198730469e+02 7.7697797987e-11 2.0871483471e-11 5.6826314516e-11
1.6204833984e+02 7.7309144898e-11 2.0800897498e-11 5.6508247399e-11
1.6210937500e+02 7.6916197148e-11 2.0729121200e-11 5.6187075948e-11
1.6217041016e+02 7.6493375807e-11 2.0649733637e-11 5.5843642169e-11
1.6223144531e+02 7.6047417233e-11 2.0562239128e-11 5.5485178105e-11
1.6229248047e+02 7.5595891268e-11 2.0468111122e-11 5.5127780146e-11
1.6235351562e+02 7.5155640617e-11 2.0373833378e-11 5.4781807240e-11
1.6241455078e+02 7.4747542465e-11 2.0289816448e-11 5.4457726017e-11
1.6247558594e+02 7.4394306761e-11 2.0221790343e-11 5.4172516418e-11
1.6253662109e+02 7.4108309559e-11 2.0168393859e-11 5.3939915701e-11
1.6259765625e+02 7.3882300771e-11 2.0126506111e-11 5.3755794660e-11
1.6265869141e+02 7.3693237672e-11 2.0092504421e-11 5.3600733250e-11
1.6271972656e+02 7.3524849102e-11 2.0062125064e-11 5.3462724038e-11
1.6278076172e+02 7.3386744696e-11 2.0035450742e-11 5.3351293954e-11
1.6284179688e+02 7.3293425354e-11 2.0016730108e-11 5.3276695246e-11
1.6290283203e+02 7.3221719809e-11 2.0004243858e-11 5.3217475951e-11
1.6296386719e+02 7.3110749634e-11 1.9986003545e-11 5.3124746089e-11
1.6302490234e+02 7.2919717763e-11 1.9951769669e-11 5.2967948094e-11
1.6308593750e+02 7.2673797783e-11 1.9906234879e-11 5.2767562904e-11
1.6314697266e+02 7.2434833818e-11 1.9863557144e-11 5.2571276674e-11
1.6320800781e+02 7.2241116014e-11 1.9830998472e-11 5.2410117543e-11
1.6326904297e+02 7.2095469999e-11 1.9804835842e-11 5.2290634157e-11
1.6333007812e+02 7.1998415793e-11 1.9782198174e-11 5.2216217619e-11
1.6339111328e+02 7.1962866667e-11 1.9769007143e-11 5.2193859524e-11
1.6345214844e+02 7.1986603819e-11 1.9771755846e-11 5.2214847973e-11
1.6351318359e+02 7.2030924510e-11 1.9786434264e-11 5.2244490246e-11
1.6357421875e+02 7.2045422283e-11 1.9800033180e-11 5.2245389103e-11
1.6363525391e+02 7.2009576337e-11 1.9801875600e-11 5.2207700737e-11
1.6369628906e+02 7.1941288554e-11 1.9791810583e-11 5.2149477971e-11
1.6375732422e+02 7.1872343218e-11 1.9777788775e-11 5.2094554443e-11
1.6381835938e+02 7.1821835951e-11 1.9766467187e-11 5.2055368764e-11
1.6387939453e+02 7.1792391762e-11 1.9759525511e-11 5.2032866251e-11
1.6394042969e+02 7.1784234960e-11 1.9758835411e-11 5.2025399549e-11
1.6400146484e+02 7.1795951391e-11 1.9766665284e-11 5.2029286108e-11
1.6406250000e+02 7.1816683712e-11 1.9780302633e-11 5.2036381079e-11
1.6412353516e+02 7.1829847357e-11 1.9793198178e-11 5.2036649179e-11
1.6418457031e+02 7.1824568388e-11 1.9800820472e-11 5.2023747917e-11
1.6424560547e+02 7.1807437250e-11 1.9802207614e-11 5.2005229637e-11
1.6430664062e+02 7.1798551391e-11 1.9797988911e-11 5.2000562480e-11
1.6436767578e+02 7.1804395162e-11 1.9789502495e-11 5.2014892667e-11
1.6442871094e+02 7.1798957432e-11 1.9777142736e-11 5.2021814696e-11
1.6448974609e+02 7.1751696480e-11 1.9759983904e-11 5.1991712576e-11
1.6455078125e+02 7.1672635084e-11 1.9740132218e-11 5.1932502867e-11
1.6461181641e+02 7.1606779639e-11 1.9724570988e-11 5.1882208650e-11
1.6467285156e+02 7.1580778344e-11 1.9717783494e-11 5.1862994850e-11
1.6473388672e+02 7.1572644103e-11 1.9713503702e-11 5.1859140401e-11
1.6479492188e+02 7.1545003750e-11 1.9700186135e-11 5.1844817615e-11
1.6485595703e+02 7.1489657631e-11 1.9674146910e-11 5.1815510721e-11
1.6491699219e+02 7.1424186816e-11 1.9641575582e-11 5.1782611235e-11
1.6497802734e+02 7.1353757210e-11 1.9606961729e-11 5.1746795480e-11
1.6503906250e+02 7.1250549195e-11 1.9564512897e-11 5.1686036298e-11
1.6510009766e+02 7.1085676974e-11 1.9506409215e-11 5.1579267760e-11
1.6516113281e+02 7.0876633017e-11 1.9436224697e-11 5.1440408320e-11
1.6522216797e+02 7.0686839453e-11 1.9367991389e-11 5.1318848064e-11
1.6528320312e+02 7.0569377282e-11 1.9311611936e-11 5.1257765346e-11
1.6534423828e+02 7.0517387491e-11 1.9263801055e-11 5.1253586436e-11
1.6540527344e+02 7.0485661369e-11 1.9217022419e-11 5.1268638951e-11
1.6546630859e+02 7.0450911486e-11 1.9172031457e-11 5.1278880029e-11
1.6552734375e+02 7.0427264336e-11 1.9135763234e-11 5.1291501102e-11
1.6558837891e+02 7.0426013670e-11 1.9109732511e-11 5.1316281158e-11
1.6564941406e+02 7.0428061013e-11 1.9086062953e-11 5.1341998060e-11
1.6571044922e+02 7.0406133880e-11 1.9054440849e-11 5.1351693031e-11
1.6577148438e+02 7.0356461518e-11 1.9009868681e-11 5.1346592837e-11
1.6583251953e+02 7.0296032657e-11 1.8955170411e-11 5.1340862246e-11
1.6589355469e+02 7.0232714457e-11 1.8897195954e-11 5.1335518503e-11
1.6595458984e+02 7.0149787882e-11 1.8839008015e-11 5.1310779868e-11
1.6601562500e+02 7.0023631055e-11 1.8776675226e-11 5.1246955830e-11
1.6607666016e+02 6.9857804139e-11 1.8707673490e-11 5.1150130650e-11
1.6613769531e+02 6.9690821087e-11 1.8639057139e-11 5.1051763947e-11
1.6619873047e+02 6.9552849828e-11 1.8579004483e-11 5.0973845345e-11
1.6625976562e+02 6.9429932062e-11 1.8524059574e-11 5.0905872488e-11
1.6632080078e+02 6.9290514145e-11 1.8463808888e-11 5.0826705257e-11
1.6638183594e+02 6.9128186397e-11 1.8395399545e-11 5.0732786852e-11
1.6644287109e+02 6.8954133646e-11 1.8323809247e-11 5.0630324399e-11
1.6650390625e+02 6.8761819716e-11 1.8249736259e-11 5.0512083457e-11
1.6656494141e+02 6.8531262043e-11 1.8168203237e-11 5.0363058805e-11
1.6662597656e+02 6.8268772672e-11 1.8079333959e-11 5.0189438713e-11
1.6668701172e+02 6.8009331485e-11 1.7990089759e-11 5.0019241726e-11
1.6674804688e+02 6.7765542589e-11 1.7902735284e-11 4.9862807305e-11
1.6680908203e+02 6.7505501769e-11 1.7810830973e-11 4.9694670796e-11
1.6687011719e+02 6.7194215799e-11 1.7708507901e-11 4.9485707898e-11
1.6693115234e+02 6.6835089823e-11 1.7596462204e-11 4.9238627620e-11
1.6699218750e+02 6.6461250089e-11 1.7478318034e-11 4.8982932055e-11
1.6705322266e+02 6.6093091012e-11 1.7356466234e-11 4.8736624778e-11
1.6711425781e+02 6.5717963627e-11 1.7232671858e-11 4.8485291769e-11
1.6717529297e+02 6.5312477444e-11 1.7107807409e-11 4.8204670035e-11
1.6723632812e+02 6.4873427932e-11 1.6980524927e-11 4.7892903005e-11
1.6729736328e+02 6.4421984281e-11 1.6850379871e-11 4.7571604411e-11
1.6735839844e+02 6.3979937239e-11 1.6720795746e-11 4.7259141493e-11
1.6741943359e+02 6.3550809264e-11 1.6595944917e-11 4.6954864347e-11
1.6748046875e+02 6.3128065598e-11 1.6476839056e-11 4.6651226541e-11
1.6754150391e+02 6.2714661971e-11 1.6363362876e-11 4.6351299095e-11
1.6760253906e+02 6.2321881693e-11 1.6256367321e-11 4.6065514372e-11
1.6766357422e+02 6.1946923381e-11 1.6153737042e-11 4.5793186338e-11
1.6772460938e+02 6.1564765959e-11 1.6048052699e-11 4.5516713260e-11
1.6778564453e+02 6.1151680098e-11 1.5932573411e-11 4.5219106687e-11
1.6784667969e+02 6.0707656164e-11 1.5807164136e-11 4.4900492028e-11
1.6790771484e+02 6.0243594231e-11 1.5675269990e-11 4.4568324241e-11
1.6796875000e+02 5.9764493596e-11 1.5540216099e-11 4.4224277498e-11
1.6802978516e+02 5.9278740513e-11 1.5406923816e-11 4.3871816697e-11
1.6809082031e+02 5.8806489068e-11 1.5281397098e-11 4.3525091970e-11
1.6815185547e+02 5.8367364655e-11 1.5165394986e-11 4.3201969669e-11
1.6821289062e+02 5.7962796050e-11 1.5053870451e-11 4.2908925599e-11
1.6827392578e+02 5.7576881766e-11 1.4940578979e-11 4.2636302787e-11
1.6833496094e+02 5.7195491557e-11 1.4825036000e-11 4.2370455557e-11
1.6839599609e+02 5.6819797299e-11 1.4712066058e-11 4.2107731240e-11
1.6845703125e+02 5.6457984794e-11 1.4605836867e-11 4.1852147927e-11
1.6851806641e+02 5.6104880761e-11 1.4504968671e-11 4.1599912090e-11
1.6857910156e+02 5.5736698235e-11 1.4402522939e-11 4.1334175296e-11
1.6864013672e+02 5.5333909735e-11 1.4291542069e-11 4.1042367666e-11
1.6870117188e+02 5.4904688763e-11 1.4171624906e-11 4.0733063856e-11
1.6876220703e+02 5.4468075522e-11 1.4047588955e-11 4.0420486566e-11
1.6882324219e+02 5.4019162065e-11 1.3921594016e-11 4.0097568049e-11
1.6888427734e+02 5.3530431947e-11 1.3789928827e-11 3.9740503120e-11
1.6894531250e+02 5.2987170422e-11 1.3649160771e-11 3.9338009651e-11
1.6900634766e+02 5.2412086636e-11 1.3504173664e-11 3.8907912972e-11
1.6906738281e+02 5.1845037561e-11 1.3365142481e-11 3.8479895080e-11
1.6912841797e+02 5.1301716681e-11 1.3235433502e-11 3.8066283178e-11
1.6918945312e+02 5.0764463588e-11 1.3107233160e-11 3.7657230428e-11
1.6925048828e+02 5.0212503827e-11 1.2971612002e-11 3.7240891825e-11
1.6931152344e+02 4.9649630028e-11 1.2830018628e-11 3.6819611400e-11
1.6937255859e+02 4.9095307100e-11 1.2692342546e-11 3.6402964554e-11
1.6943359375e+02 4.8557258396e-11 1.2565734230e-11 3.5991524166e-11
1.6949462891e+02 4.8025126814e-11 1.2449100768e-11 3.5576026046e-11
1.6955566406e+02 4.7488788674e-11 1.2337158607e-11 3.5151630066e-11
1.6961669922e+02 4.6946792066e-11 1.2224821087e-11 3.4721970979e-11
1.6967773438e+02 4.6394682928e-11 1.2107458335e-11 3.4287224594e-11
1.6973876953e+02 4.5819596498e-11 1.1981500938e-11 3.3838095560e-11
1.6979980469e+02 4.5212326514e-11 1.1846705023e-11 3.3365621491e-11
1.6986083984e+02 4.4583271543e-11 1.1707246818e-11 3.2876024725e-11
1.6992187500e+02 4.3957674343e-11 1.1568692350e-11 3.2388981993e-11
1.6998291016e+02 4.3352588390e-11 1.1433797583e-11 3.1918790807e-11
1.7004394531e+02 4.2768561129e-11 1.1303041953e-11 3.1465519176e-11
1.7010498047e+02 4.2201891591e-11 1.1177255557e-11 3.1024636034e-11
1.7016601562e+02 4.1655661075e-11 1.1057409738e-11 3.0598251337e-11
1.7022705078e+02 4.1135236667e-11 1.0942577309e-11 3.0192659358e-11
1.7028808594e+02 4.0637475171e-11 1.0830012716e-11 2.9807462455e-11
1.7034912109e+02 4.0152764131e-11 1.0718410605e-11 2.9434353526e-11
1.7041015625e+02 3.9679778466e-11 1.0610370647e-11 2.9069407818e-11
1.7047119141e+02 3.9231809894e-11 1.0510246587e-11 2.8721563307e-11
1.7053222656e+02 3.8823833777e-11 1.0419989735e-11 2.8403844042e-11
1.7059326172e+02 3.8456933486e-11 1.0338514681e-11 2.8118418805e-11
1.7065429688e+02 3.8115931465e-11 1.0263311550e-11 2.7852619915e-11
1.7071533203e+02 3.7783209771e-11 1.0191623168e-11 2.7591586603e-11
1.7077636719e+02 3.7455106351e-11 1.0121976676e-11 2.7333129675e-11
1.7083740234e+02 3.7138685491e-11 1.0054418855e-11 2.7084266636e-11
1.7089843750e+02 3.6834753606e-11 9.9883369747e-12 2.6846416631e-11
1.7095947266e+02 3.6532336034e-11 9.9215418824e-12 2.6610794152e-11
1.7102050781e+02 3.6221426701e-11 9.8527971972e-12 2.6368629504e-11
1.7108154297e+02 3.5905500220e-11 9.7834542032e-12 2.6122046017e-11
1.7114257812e+02 3.5597774905e-11 9.7157452076e-12 2.5882029697e-11
1.7120361328e+02 3.5309391377e-11 9.6517262706e-12 2.5657665106e-11
1.7126464844e+02 3.5043858785e-11 9.5936739205e-12 2.5450184865e-11
1.7132568359e+02 3.4797066278e-11 9.5419821312e-12 2.5255084147e-11
1.7138671875e+02 3.4559435180e-11 9.4926730960e-12 2.5066762084e-11
1.7144775391e+02 3.4324401680e-11 9.4411970286e-12 2.4883204652e-11
1.7150878906e+02 3.4094839350e-11 9.3887703048e-12 2.4706069045e-11
1.7156982422e+02 3.3874216833e-11 9.3406599929e-12 2.4533556840e-11
1.7163085938e+02 3.3655013003e-11 9.2978287521e-12 2.4357184251e-11
1.7169189453e+02 3.3424398278e-11 9.2545069739e-12 2.4169891304e-11
1.7175292969e+02 3.3178881419e-11 9.2054166621e-12 2.3973464757e-11
1.7181396484e+02 3.2926037919e-11 9.1515133010e-12 2.3774524618e-11
1.7187500000e+02 3.2675825065e-11 9.0973406615e-12 2.3578484404e-11
1.7193603516e+02 3.2436539338e-11 9.0467092052e-12 2.3389830133e-11
1.7199707031e+02 3.2215502765e-11 9.0023162979e-12 2.3213186467e-11
1.7205810547e+02 3.2017367578e-11 8.9655440710e-12 2.3051823507e-11
1.7211914062e+02 3.1840510706e-11 8.9342474865e-12 2.2906263220e-11
1.7218017578e+02 3.1676911314e-11 8.9033157320e-12 2.2773595582e-11
1.7224121094e+02 3.1516722132e-11 8.8691076996e-12 2.2647614432e-11
1.7230224609e+02 3.1355022274e-11 8.8322576536e-12 2.2522764621e-11
1.7236328125e+02 3.1193360177e-11 8.7956672141e-12 2.2397692963e-11
1.7242431641e+02 3.1033981286e-11 8.7611990197e-12 2.2272782266e-11
1.7248535156e+02 3.0876537473e-11 8.7289921471e-12 2.2147545326e-11
1.7254638672e+02 3.0721117623e-11 8.6981431708e-12 2.2022974452e-11
1.7260742188e+02 3.0570973555e-11 8.6670730301e-12 2.1903900525e-11
1.7266845703e+02 3.0428935158e-11 8.6339487754e-12 2.1794986382e-11
1.7272949219e+02 3.0292150402e-11 8.5973523898e-12 2.1694798012e-11
1.7279052734e+02 3.0155307871e-11 8.5571132428e-12 2.1598194628e-11
1.7285156250e+02 3.0019895252e-11 8.5150330008e-12 2.1504862251e-11
1.7291259766e+02 2.9896255755e-11 8.4748006317e-12 2.1421455123e-11
1.7297363281e+02 2.9794420553e-11 8.4401424642e-12 2.1354278089e-11
1.7303466797e+02 2.9715304315e-11 8.4121019316e-12 2.1303202383e-11
1.7309570312e+02 2.9652171588e-11 8.3883519405e-12 2.1263819648e-11
1.7315673828e+02 2.9599230506e-11 8.3659592930e-12 2.1233271213e-11
1.7321777344e+02 2.9557366759e-11 8.3449055249e-12 2.1212461234e-11
1.7327880859e+02 2.9532215972e-11 8.3280754783e-12 2.1204140494e-11
1.7333984375e+02 2.9528791735e-11 8.3176109962e-12 2.1211180739e-11
1.7340087891e+02 2.9547328696e-11 8.3123394627e-12 2.1234989233e-11
1.7346191406e+02 2.9584101309e-11 8.3098067870e-12 2.1274294522e-11
1.7352294922e+02 2.9634560366e-11 8.3094855258e-12 2.1325074841e-11
1.7358398438e+02 2.9692078172e-11 8.3120633162e-12 2.1380014856e-11
1.7364501953e+02 2.9747821446e-11 8.3167386688e-12 2.1431082777e-11
1.7370605469e+02 2.9797939731e-11 8.3215757030e-12 2.1476364028e-11
1.7376708984e+02 2.9847224442e-11 8.3258051214e-12 2.1521419321e-11
1.7382812500e+02 2.9899523349e-11 8.3291416072e-12 2.1570381742e-11
1.7388916016e+02 2.9948824357e-11 8.3299730691e-12 2.1618851288e-11
1.7395019531e+02 2.9988211696e-11 8.3276182504e-12 2.1660593445e-11
1.7401123047e+02 3.0024192956e-11 8.3251170231e-12 2.1699075933e-11
1.7407226562e+02 3.0070256607e-11 8.3257472514e-12 2.1744509356e-11
1.7413330078e+02 3.0126459386e-11 8.3276539482e-12 2.1798805438e-11
1.7419433594e+02 3.0177059496e-11 8.3257941970e-12 2.1851265299e-11
1.7425537109e+02 3.0209506670e-11 8.3183488811e-12 2.1891157789e-11
1.7431640625e+02 3.0227168115e-11 8.3078928873e-12 2.1919275228e-11
1.7437744141e+02 3.0240102543e-11 8.2965960844e-12 2.1943506458e-11
1.7443847656e+02 3.0248225898e-11 8.2830957990e-12 2.1965130099e-11
1.7449951172e+02 3.0240897630e-11 8.2650091369e-12 2.1975888493e-11
1.7456054688e+02 3.0213460725e-11 8.2427999060e-12 2.1970660819e-11
1.7462158203e+02 3.0177180590e-11 8.2199206664e-12 2.1957259923e-11
1.7468261719e+02 3.0148558108e-11 8.1995031801e-12 2.1949054928e-11
1.7474365234e+02 3.0132323945e-11 8.1815147973e-12 2.1950809148e-11
1.7480468750e+02 3.0119605471e-11 8.1634453850e-12 2.1956160086e-11
1.7486572266e+02 3.0102229324e-11 8.1438385844e-12 2.1958390740e-11
1.7492675781e+02 3.0083640167e-11 8.1243468696e-12 2.1959293297e-11
1.7498779297e+02 3.0071462855e-11 8.1073072847e-12 2.1964155571e-11
1.7504882812e+02 3.0063116896e-11 8.0924441788e-12 2.1970672717e-11
1.7510986328e+02 3.0045329481e-11 8.0772404734e-12 2.1968089008e-11
1.7517089844e+02 3.0008736097e-11 8.0595604599e-12 2.1949175637e-11
1.7523193359e+02 2.9957491367e-11 8.0387315552e-12 2.1918759812e-11
1.7529296875e+02 2.9900356575e-11 8.0147351806e-12 2.1885621394e-11
1.7535400391e+02 2.9837631482e-11 7.9876192947e-12 2.1850012188e-11
1.7541503906e+02 2.9762550255e-11 7.9575878930e-12 2.1804962362e-11
1.7547607422e+02 2.9673756844e-11 7.9256842440e-12 2.1748072600e-11
1.7553710938e+02 2.9580931257e-11 7.8943067626e-12 2.1686624494e-11
1.7559814453e+02 2.9495195767e-11 7.8654960143e-12 2.1629699753e-11
1.7565917969e+02 2.9417095938e-11 7.8383519669e-12 2.1578743971e-11
1.7572021484e+02 2.9337720773e-11 7.8097127605e-12 2.1528008013e-11
1.7578125000e+02 2.9250967137e-11 7.7778563716e-12 2.1473110765e-11
1.7584228516e+02 2.9160502988e-11 7.7439587852e-12 2.1416544203e-11
1.7590332031e+02 2.9073013821e-11 7.7096364045e-12 2.1363377416e-11
1.7596435547e+02 2.8988918273e-11 7.6747771403e-12 2.1314141133e-11
1.7602539062e+02 2.8903888723e-11 7.6385297034e-12 2.1265359020e-11
1.7608642578e+02 2.8817543426e-11 7.6016511840e-12 2.1215892242e-11
1.7614746094e+02 2.8734378507e-11 7.5664348616e-12 2.1167943646e-11
1.7620849609e+02 2.8655610706e-11 7.5341735078e-12 2.1121437198e-11
1.7626953125e+02 2.8574667047e-11 7.5037127977e-12 2.1070954249e-11
1.7633056641e+02 2.8483072836e-11 7.4725447597e-12 2.1010528076e-11
1.7639160156e+02 2.8380543283e-11 7.4391513978e-12 2.0941391885e-11
1.7645263672e+02 2.8275125319e-11 7.4042926962e-12 2.0870832623e-11
1.7651367188e+02 2.8171745014e-11 7.3695416976e-12 2.0802203316e-11
1.7657470703e+02 2.8065876461e-11 7.3345834568e-12 2.0731293004e-11
1.7663574219e+02 2.7952126550e-11 7.2974440389e-12 2.0654682511e-11
1.7669677734e+02 2.7833565605e-11 7.2577215858e-12 2.0575844019e-11
1.7675781250e+02 2.7715300531e-11 7.2175018260e-12 2.0497798705e-11
1.7681884766e+02 2.7593138452e-11 7.1785197185e-12 2.0414618734e-11
1.7687988281e+02 2.7456996720e-11 7.1401371984e-12 2.0316859521e-11
1.7694091797e+02 2.7303189584e-11 7.1007183554e-12 2.0202471229e-11
1.7700195312e+02 2.7136051578e-11 7.0594176885e-12 2.0076633889e-11
1.7706298828e+02 2.6959369133e-11 7.0158507144e-12 1.9943518418e-11
1.7712402344e+02 2.6772091035e-11 6.9694344187e-12 1.9802656616e-11
1.7718505859e+02 2.6570726292e-11 6.9197347982e-12 1.9650991494e-11
1.7724609375e+02 2.6353065837e-11 6.8666704168e-12 1.9486395421e-11
1.7730712891e+02 2.6119504885e-11 6.8100243980e-12 1.9309480487e-11
1.7736816406e+02 2.5872221687e-11 6.7496351211e-12 1.9122586566e-11
1.7742919922e+02 2.5616299213e-11 6.6866735049e-12 1.8929625708e-11
1.7749023438e+02 2.5361599265e-11 6.6239487242e-12 1.8737650540e-11
1.7755126953e+02 2.5119277079e-11 6.5641591992e-12 1.8555117880e-11
1.7761230469e+02 2.4893088084e-11 6.5079643807e-12 1.8385123703e-11
1.7767333984e+02 2.4676251291e-11 6.4543667402e-12 1.8221884551e-11
1.7773437500e+02 2.4459393420e-11 6.4025044824e-12 1.8056888938e-11
1.7779541016e+02 2.4239275582e-11 6.3517885955e-12 1.7887486987e-11
1.7785644531e+02 2.4018612520e-11 6.3008880327e-12 1.7717724487e-11
1.7791748047e+02 2.3799845393e-11 6.2483157086e-12 1.7551529684e-11
1.7797851562e+02 2.3581687036e-11 6.1940545469e-12 1.7387632489e-11
1.7803955078e+02 2.3362335404e-11 6.1396851537e-12 1.7222650250e-11
1.7810058594e+02 2.3143814012e-11 6.0870343291e-12 1.7056779683e-11
1.7816162109e+02 2.2930001755e-11 6.0370379327e-12 1.6892963823e-11
1.7822265625e+02 2.2720031215e-11 5.9889359487e-12 1.6731095266e-11
1.7828369141e+02 2.2506404972e-11 5.9399064871e-12 1.6566498485e-11
1.7834472656e+02 2.2282537269e-11 5.8870386915e-12 1.6395498577e-11
1.7840576172e+02 2.2052114729e-11 5.8310793859e-12 1.6221035343e-11
1.7846679688e+02 2.1826807420e-11 5.7767207447e-12 1.6050086675e-11
1.7852783203e+02 2.1612639106e-11 5.7273267884e-12 1.5885312317e-11
1.7858886719e+02 2.1403553866e-11 5.6808915427e-12 1.5722662323e-11
1.7864990234e+02 2.1191893887e-11 5.6334057407e-12 1.5558488146e-11
1.7871093750e+02 2.0980863824e-11 5.5847567976e-12 1.5396107026e-11
1.7877197266e+02 2.0780732182e-11 5.5383797293e-12 1.5242352453e-11
1.7883300781e+02 2.0594804988e-11 5.4959309412e-12 1.5098874046e-11
1.7889404297e+02 2.0417159844e-11 5.4558599911e-12 1.4961299853e-11
1.7895507812e+02 2.0244368580e-11 5.4172924764e-12 1.4827076104e-11
1.7901611328e+02 2.0081006893e-11 5.3815715711e-12 1.4699435322e-11
1.7907714844e+02 1.9931003517e-11 5.3490215516e-12 1.4581981965e-11
1.7913818359e+02 1.9789344212e-11 5.3173951276e-12 1.4471949084e-11
1.7919921875e+02 1.9646007500e-11 5.2847262362e-12 1.4361281264e-11
1.7926025391e+02 1.9495972895e-11 5.2515536510e-12 1.4244419244e-11
1.7932128906e+02 1.9342151704e-11 5.2195809677e-12 1.4122570736e-11
1.7938232422e+02 1.9189956596e-11 5.1897934944e-12 1.4000163102e-11
1.7944335938e+02 1.9042719072e-11 5.1622406562e-12 1.3880478416e-11
1.7950439453e+02 1.8901719854e-11 5.1363107974e-12 1.3765409056e-11
1.7956542969e+02 1.8767661604e-11 5.1111899555e-12 1.3656471648e-11
1.7962646484e+02 1.8640632550e-11 5.0868084312e-12 1.3553824119e-11
1.7968750000e+02 1.8518523359e-11 5.0636841144e-12 1.3454839244e-11
1.7974853516e+02 1.8395925490e-11 5.0411626560e-12 1.3354762834e-11
1.7980957031e+02 1.8265908872e-11 5.0168296778e-12 1.3249079195e-11
1.7987060547e+02 1.8126490286e-11 4.9890709060e-12 1.3137419380e-11
1.7993164062e+02 1.7985891426e-11 4.9597536475e-12 1.3026137779e-11
1.7999267578e+02 1.7855625101e-11 4.9325907842e-12 1.2923034317e-11
1.8005371094e+02 1.7736961635e-11 4.9087930379e-12 1.2828168597e-11
1.8011474609e+02 1.7619966217e-11 4.8857030695e-12 1.2734263147e-11
1.8017578125e+02 1.7497131132e-11 4.8600321673e-12 1.2637098965e-11
1.8023681641e+02 1.7372725262e-11 4.8318016910e-12 1.2540923571e-11
1.8029785156e+02 1.7256182287e-11 4.8043953454e-12 1.2451786942e-11
1.8035888672e+02 1.7150475373e-11 4.7808788950e-12 1.2369596478e-11
1.8041992188e+02 1.7052271861e-11 4.7616370353e-12 1.2290634826e-11
1.8048095703e+02 1.6961786520e-11 4.7460048773e-12 1.2215781643e-11
1.8054199219e+02 1.6886581101e-11 4.7344185924e-12 1.2152162508e-11
1.8060302734e+02 1.6833341623e-11 4.7275216115e-12 1.2105820011e-11
1.8066406250e+02 1.6797992613e-11 4.7240854339e-12 1.2073907179e-11
1.8072509766e+02 1.6767726121e-11 4.7214314758e-12 1.2046294645e-11
1.8078613281e+02 1.6733488963e-11 4.7178699403e-12 1.2015619023e-11
1.8084716797e+02 1.6698242660e-11 4.7140550292e-12 1.1984187630e-11
1.8090820312e+02 1.6672449670e-11 4.7121610080e-12 1.1960288662e-11
1.8096923828e+02 1.6662215946e-11 4.7136658168e-12 1.1948550129e-11
1.8103027344e+02 1.6662037544e-11 4.7173840936e-12 1.1944653450e-11
1.8109130859e+02 1.6659287601e-11 4.7199931692e-12 1.1939294431e-11
1.8115234375e+02 1.6645910643e-11 4.7190701355e-12 1.1926840508e-11
1.8121337891e+02 1.6624485119e-11 4.7150564815e-12 1.1909428638e-11
1.8127441406e+02 1.6602641052e-11 4.7097823966e-12 1.1892858656e-11
1.8133544922e+02 1.6584880429e-11 4.7042255661e-12 1.1880654863e-11
1.8139648438e+02 1.6572044608e-11 4.6987435151e-12 1.1873301093e-11
1.8145751953e+02 1.6565424128e-11 4.6944635428e-12 1.1870960585e-11
1.8151855469e+02 1.6565735394e-11 4.6926896427e-12 1.1873045751e-11
1.8157958984e+02 1.6569295727e-11 4.6931013636e-12 1.1876194363e-11
1.8164062500e+02 1.6570704026e-11 4.6938055926e-12 1.1876898434e-11
1.8170166016e+02 1.6568372789e-11 4.6931797672e-12 1.1875193021e-11
1.8176269531e+02 1.6564852189e-11 4.6911476669e-12 1.1873704522e-11
1.8182373047e+02 1.6563556087e-11 4.6887208246e-12 1.1874835262e-11
1.8188476562e+02 1.6566379920e-11 4.6865990325e-12 1.1879780887e-11
1.8194580078e+02 1.6572494574e-11 4.6844471210e-12 1.1888047453e-11
1.8200683594e+02 1.6578549323e-11 4.6815688006e-12 1.1896980523e-11
1.8206787109e+02 1.6580931274e-11 4.6776974972e-12 1.1903233776e-11
1.8212890625e+02 1.6577919337e-11 4.6728782700e-12 1.1905041067e-11
1.8218994141e+02 1.6569876314e-11 4.6672580590e-12 1.1902618255e-11
1.8225097656e+02 1.6558207069e-11 4.6609109308e-12 1.1897296138e-11
1.8231201172e+02 1.6545371432e-11 4.6536811884e-12 1.1891690244e-11
1.8237304688e+02 1.6534995163e-11 4.6457718928e-12 1.1889223270e-11
1.8243408203e+02 1.6529218864e-11 4.6381886937e-12 1.1891030171e-11
1.8249511719e+02 1.6526059770e-11 4.6317280695e-12 1.1894331700e-11
1.8255615234e+02 1.6520632942e-11 4.6257302591e-12 1.1894902683e-11
1.8261718750e+02 1.6509159566e-11 4.6188170136e-12 1.1890342552e-11
1.8267822266e+02 1.6490869221e-11 4.6104542066e-12 1.1880415015e-11
1.8273925781e+02 1.6466004218e-11 4.6006395245e-12 1.1865364693e-11
1.8280029297e+02 1.6435206336e-11 4.5888476281e-12 1.1846358708e-11
1.8286132812e+02 1.6401601459e-11 4.5747388904e-12 1.1826862568e-11
1.8292236328e+02 1.6369841517e-11 4.5594425106e-12 1.1810399006e-11
1.8298339844e+02 1.6341376496e-11 4.5446499311e-12 1.1796726564e-11
1.8304443359e+02 1.6313067296e-11 4.5307479974e-12 1.1782319299e-11
1.8310546875e+02 1.6281591654e-11 4.5171146734e-12 1.1764476981e-11
1.8316650391e+02 1.6247781900e-11 4.5037139642e-12 1.1744067936e-11
1.8322753906e+02 1.6216263735e-11 4.4910159288e-12 1.1725247806e-11
1.8328857422e+02 1.6190912084e-11 4.4786256287e-12 1.1712286456e-11
1.8334960938e+02 1.6171218831e-11 4.4656816728e-12 1.1705537158e-11
1.8341064453e+02 1.6153975057e-11 4.4527511262e-12 1.1701223931e-11
1.8347167969e+02 1.6137823858e-11 4.4417328671e-12 1.1696090991e-11
1.8353271484e+02 1.6123979659e-11 4.4334994666e-12 1.1690480192e-11
1.8359375000e+02 1.6111890147e-11 4.4267198370e-12 1.1685170310e-11
1.8365478516e+02 1.6097591743e-11 4.4192670395e-12 1.1678324703e-11
1.8371582031e+02 1.6078505724e-11 4.4098602331e-12 1.1668645491e-11
1.8377685547e+02 1.6057517023e-11 4.3983088649e-12 1.1659208158e-11
1.8383789062e+02 1.6040243712e-11 4.3852905074e-12 1.1654953205e-11
1.8389892578e+02 1.6028757514e-11 4.3721263348e-12 1.1656631179e-11
1.8395996094e+02 1.6019044270e-11 4.3597863273e-12 1.1659257943e-11
1.8402099609e+02 1.6005076255e-11 4.3477579520e-12 1.1657318303e-11
1.8408203125e+02 1.5983949101e-11 4.3344966243e-12 1.1649452477e-11
1.8414306641e+02 1.5955410671e-11 4.3189951168e-12 1.1636415555e-11
1.8420410156e+02 1.5919013221e-11 4.3015308949e-12 1.1617482326e-11
1.8426513672e+02 1.5875555770e-11 4.2832840119e-12 1.1592271758e-11
1.8432617188e+02 1.5830998312e-11 4.2659023318e-12 1.1565095980e-11
1.8438720703e+02 1.5794740387e-11 4.2509201484e-12 1.1543820238e-11
1.8444824219e+02 1.5770929871e-11 4.2384466358e-12 1.1532483235e-11
1.8450927734e+02 1.5753526196e-11 4.2268476305e-12 1.1526678566e-11
1.8457031250e+02 1.5732103637e-11 4.2146346250e-12 1.1517469012e-11
1.8463134766e+02 1.5701469471e-11 4.2018811423e-12 1.1499588328e-11
1.8469238281e+02 1.5664098319e-11 4.1889620723e-12 1.1475136246e-11
1.8475341797e+02 1.5623405314e-11 4.1750391890e-12 1.1448366125e-11
1.8481445312e+02 1.5577668504e-11 4.1589461967e-12 1.1418722308e-11
1.8487548828e+02 1.5523551246e-11 4.1409736199e-12 1.1382577626e-11
1.8493652344e+02 1.5462917476e-11 4.1226775101e-12 1.1340239966e-11
1.8499755859e+02 1.5400577829e-11 4.1047512601e-12 1.1295826569e-11
1.8505859375e+02 1.5336520009e-11 4.0860772735e-12 1.1250442735e-11
1.8511962891e+02 1.5264839803e-11 4.0650778742e-12 1.1199761929e-11
1.8518066406e+02 1.5180703192e-11 4.0410141863e-12 1.1139689006e-11
1.8524169922e+02 1.5086670498e-11 4.0141496669e-12 1.1072520831e-11
1.8530273438e+02 1.4989944401e-11 3.9855858523e-12 1.1004358549e-11
1.8536376953e+02 1.4893333231e-11 3.9567906764e-12 1.0936542554e-11
1.8542480469e+02 1.4791959084e-11 3.9284162085e-12 1.0863542876e-11
1.8548583984e+02 1.4680219835e-11 3.8996018647e-12 1.0780617970e-11
1.8554687500e+02 1.4558892124e-11 3.8690596552e-12 1.0689832469e-11
1.8560791016e+02 1.4432667639e-11 3.8364455874e-12 1.0596222051e-11
1.8566894531e+02 1.4303258088e-11 3.8020311574e-12 1.0501226930e-11
1.8572998047e+02 1.4168894275e-11 3.7659618465e-12 1.0402932429e-11
1.8579101562e+02 1.4030753222e-11 3.7289568251e-12 1.0301796397e-11
1.8585205078e+02 1.3895017961e-11 3.6925678945e-12 1.0202450066e-11
1.8591308594e+02 1.3765695873e-11 3.6575561440e-12 1.0108139729e-11
1.8597412109e+02 1.3639044012e-11 3.6229047387e-12 1.0016139273e-11
1.8603515625e+02 1.3508546106e-11 3.5873041196e-12 9.9212419867e-12
1.8609619141e+02 1.3373833193e-11 3.5511407752e-12 9.8226924176e-12
1.8615722656e+02 1.3240644310e-11 3.5159949281e-12 9.7246493824e-12
1.8621826172e+02 1.3112676378e-11 3.4824480157e-12 9.6302283624e-12
1.8627929688e+02 1.2987608548e-11 3.4495620243e-12 9.5380465232e-12
1.8634033203e+02 1.2861239861e-11 3.4164359435e-12 9.4448039173e-12
1.8640136719e+02 1.2732874019e-11 3.3833188893e-12 9.3495551297e-12
1.8646240234e+02 1.2605441163e-11 3.3510482502e-12 9.2543929128e-12
1.8652343750e+02 1.2481148121e-11 3.3201369870e-12 9.1610111343e-12
1.8658447266e+02 1.2358318458e-11 3.2904309530e-12 9.0678875047e-12
1.8664550781e+02 1.2233491956e-11 3.2610278846e-12 8.9724640710e-12
1.8670654297e+02 1.2105373298e-11 3.2306126673e-12 8.8747606307e-12
1.8676757812e+02 1.1974911369e-11 3.1984844133e-12 8.7764269561e-12
1.8682861328e+02 1.1842659293e-11 3.1653116933e-12 8.6773476000e-12
1.8688964844e+02 1.1707158991e-11 3.1321697012e-12 8.5749892893e-12
1.8695068359e+02 1.1566569565e-11 3.0990734679e-12 8.4674960973e-12
1.8701171875e+02 1.1422024794e-11 3.0654099810e-12 8.3566148125e-12
1.8707275391e+02 1.1277957461e-11 3.0313974261e-12 8.2465600345e-12
1.8713378906e+02 1.1138172868e-11 2.9979616421e-12 8.1402112255e-12
1.8719482422e+02 1.1002232741e-11 2.9653290042e-12 8.0369037372e-12
1.8725585938e+02 1.0867530882e-11 2.9329166748e-12 7.9346142072e-12
1.8731689453e+02 1.0733641516e-11 2.9004291803e-12 7.8332123358e-12
1.8737792969e+02 1.0601834156e-11 2.8682441354e-12 7.7335900211e-12
1.8743896484e+02 1.0472070464e-11 2.8370107576e-12 7.6350597060e-12
1.8750000000e+02 1.0343325336e-11 2.8071692189e-12 7.5361561168e-12
1.8756103516e+02 1.0215748493e-11 2.7787330941e-12 7.4370153988e-12
1.8762207031e+02 1.0090053490e-11 2.7513485521e-12 7.3387049382e-12
1.8768310547e+02 9.9653764985e-12 2.7243085253e-12 7.2410679732e-12
1.8774414062e+02 9.8401071498e-12 2.6967456630e-12 7.1433614868e-12
1.8780517578e+02 9.7151165196e-12 2.6683768462e-12 7.0467396735e-12
1.8786621094e+02 9.5938464482e-12 2.6399524968e-12 6.9538939515e-12
1.8792724609e+02 9.4785378187e-12 2.6126578254e-12 6.8658799933e-12
1.8798828125e+02 9.3683313287e-12 2.5871705112e-12 6.7811608175e-12
1.8804931641e+02 9.2614134252e-12 2.5633942576e-12 6.6980191676e-12
1.8811035156e+02 9.1580606341e-12 2.5410351880e-12 6.6170254461e-12
1.8817138672e+02 9.0607896377e-12 2.5199696815e-12 6.5408199563e-12
1.8823242188e+02 8.9710221815e-12 2.4998862084e-12 6.4711359731e-12
1.8829345703e+02 8.8866615620e-12 2.4803448797e-12 6.4063166823e-12
1.8835449219e+02 8.8038893629e-12 2.4613648357e-12 6.3425245272e-12
1.8841552734e+02 8.7206339684e-12 2.4431797827e-12 6.2774541856e-12
1.8847656250e+02 8.6379683374e-12 2.4255384146e-12 6.2124299228e-12
1.8853759766e+02 8.5589694376e-12 2.4081059632e-12 6.1508634744e-12
1.8859863281e+02 8.4866863306e-12 2.3914685858e-12 6.0952177448e-12
1.8865966797e+02 8.4229179502e-12 2.3770388915e-12 6.0458790587e-12
1.8872070312e+02 8.3675855039e-12 2.3656128744e-12 6.0019726295e-12
1.8878173828e+02 8.3184879781e-12 2.3562764386e-12 5.9622115395e-12
1.8884277344e+02 8.2727604611e-12 2.3472703758e-12 5.9254900854e-12
1.8890380859e+02 8.2286956120e-12 2.3377649202e-12 5.8909306918e-12
1.8896484375e+02 8.1860493284e-12 2.3283629666e-12 5.8576863617e-12
1.8902587891e+02 8.1455563202e-12 2.3200639331e-12 5.8254923871e-12
1.8908691406e+02 8.1082827394e-12 2.3131488748e-12 5.7951338646e-12
1.8914794922e+02 8.0747800586e-12 2.3070402403e-12 5.7677398184e-12
1.8920898438e+02 8.0446758593e-12 2.3008941750e-12 5.7437816843e-12
1.8927001953e+02 8.0174483625e-12 2.2943914555e-12 5.7230569070e-12
1.8933105469e+02 7.9933612380e-12 2.2881752300e-12 5.7051860080e-12
1.8939208984e+02 7.9730019995e-12 2.2832478669e-12 5.6897541325e-12
1.8945312500e+02 7.9559729303e-12 2.2797703361e-12 5.6762025942e-12
1.8951416016e+02 7.9407989549e-12 2.2768785051e-12 5.6639204498e-12
1.8957519531e+02 7.9262644426e-12 2.2737089766e-12 5.6525554660e-12
1.8963623047e+02 7.9125335033e-12 2.2702021675e-12 5.6423313358e-12
1.8969726562e+02 7.9007831901e-12 2.2669160269e-12 5.6338671632e-12
1.8975830078e+02 7.8912927306e-12 2.2642259948e-12 5.6270667357e-12
1.8981933594e+02 7.8828247258e-12 2.2619425175e-12 5.6208822083e-12
1.8988037109e+02 7.8744999171e-12 2.2596548663e-12 5.6148450508e-12
1.8994140625e+02 7.8673618759e-12 2.2572932163e-12 5.6100686596e-12
1.9000244141e+02 7.8642293830e-12 2.2556009386e-12 5.6086284444e-12
1.9006347656e+02 7.8676406838e-12 2.2556172388e-12 5.6120234450e-12
1.9012451172e+02 7.8767989940e-12 2.2571925475e-12 5.6196064465e-12
1.9018554688e+02 7.8871956098e-12 2.2587806963e-12 5.6284149135e-12
1.9024658203e+02 7.8949622275e-12 2.2593559056e-12 5.6356063218e-12
1.9030761719e+02 7.9006565258e-12 2.2596592744e-12 5.6409972514e-12
1.9036865234e+02 7.9066871881e-12 2.2607374040e-12 5.6459497841e-12
1.9042968750e+02 7.9128684190e-12 2.2621886385e-12 5.6506797805e-12
1.9049072266e+02 7.9173427709e-12 2.2628734477e-12 5.6544693232e-12
1.9055175781e+02 7.9211052602e-12 2.2628405844e-12 5.6582646759e-12
1.9061279297e+02 7.9284495271e-12 2.2634056650e-12 5.6650438621e-12
1.9067382812e+02 7.9421836528e-12 2.2653842556e-12 5.6767993972e-12
1.9073486328e+02 7.9603316034e-12 2.2682254435e-12 5.6921061599e-12
1.9079589844e+02 7.9781592751e-12 2.2708713806e-12 5.7072878945e-12
1.9085693359e+02 7.9928527785e-12 2.2728134490e-12 5.7200393294e-12
1.9091796875e+02 8.0053428001e-12 2.2742278771e-12 5.7311149231e-12
1.9097900391e+02 8.0180862768e-12 2.2755592077e-12 5.7425270691e-12
1.9104003906e+02 8.0325183424e-12 2.2771779380e-12 5.7553404044e-12
1.9110107422e+02 8.0482064903e-12 2.2790655545e-12 5.7691409358e-12
1.9116210938e+02 8.0637683498e-12 2.2806578841e-12 5.7831104657e-12
1.9122314453e+02 8.0784859641e-12 2.2811996569e-12 5.7972863072e-12
1.9128417969e+02 8.0926889466e-12 2.2804760273e-12 5.8122129193e-12
1.9134521484e+02 8.1066405589e-12 2.2791494811e-12 5.8274910778e-12
1.9140625000e+02 8.1202424967e-12 2.2783200074e-12 5.8419224892e-12
1.9146728516e+02 8.1342251044e-12 2.2788535631e-12 5.8553715413e-12
1.9152832031e+02 8.1501657188e-12 2.2808945449e-12 5.8692711738e-12
1.9158935547e+02 8.1687456225e-12 2.2836547435e-12 5.8850908790e-12
1.9165039062e+02 8.1886881456e-12 2.2858228949e-12 5.9028652507e-12
1.9171142578e+02 8.2082208707e-12 2.2867279791e-12 5.9214928916e-12
1.9177246094e+02 8.2270640406e-12 2.2869034459e-12 5.9401605947e-12
1.9183349609e+02 8.2460408087e-12 2.2870364717e-12 5.9590043370e-12
1.9189453125e+02 8.2653360083e-12 2.2870002090e-12 5.9783357993e-12
1.9195556641e+02 8.2840852680e-12 2.2865289223e-12 5.9975563457e-12
1.9201660156e+02 8.3020211145e-12 2.2862513316e-12 6.0157697829e-12
1.9207763672e+02 8.3204212606e-12 2.2871621107e-12 6.0332591499e-12
1.9213867188e+02 8.3403089896e-12 2.2891155412e-12 6.0511934484e-12
1.9219970703e+02 8.3604222532e-12 2.2905516106e-12 6.0698706426e-12
1.9226074219e+02 8.3779751286e-12 2.2899968246e-12 6.0879783040e-12
1.9232177734e+02 8.3912954692e-12 2.2875033047e-12 6.1037921645e-12
1.9238281250e+02 8.4009133467e-12 2.2843822617e-12 6.1165310851e-12
1.9244384766e+02 8.4082472822e-12 2.2818857624e-12 6.1263615198e-12
1.9250488281e+02 8.4137248872e-12 2.2802472645e-12 6.1334776227e-12
1.9256591797e+02 8.4163651678e-12 2.2786117327e-12 6.1377534350e-12
1.9262695312e+02 8.4153912434e-12 2.2758192853e-12 6.1395719581e-12
1.9268798828e+02 8.4116101690e-12 2.2713346323e-12 6.1402755367e-12
1.9274902344e+02 8.4063831665e-12 2.2653826604e-12 6.1410005061e-12
1.9281005859e+02 8.3993705162e-12 2.2583964394e-12 6.1409740768e-12
1.9287109375e+02 8.3886339758e-12 2.2507748441e-12 6.1378591317e-12
1.9293212891e+02 8.3731728999e-12 2.2429308461e-12 6.1302420538e-12
1.9299316406e+02 8.3538930087e-12 2.2350206663e-12 6.1188723423e-12
1.9305419922e+02 8.3319033389e-12 2.2268278858e-12 6.1050754531e-12
1.9311523438e+02 8.3067183986e-12 2.2180150190e-12 6.0887033796e-12
1.9317626953e+02 8.2769178826e-12 2.2082681539e-12 6.0686497287e-12
1.9323730469e+02 8.2425321042e-12 2.1974255142e-12 6.0451065900e-12
1.9329833984e+02 8.2053657249e-12 2.1856998744e-12 6.0196658505e-12
1.9335937500e+02 8.1663095197e-12 2.1734372176e-12 5.9928723021e-12
1.9342041016e+02 8.1241001690e-12 2.1605388250e-12 5.9635613440e-12
1.9348144531e+02 8.0780395410e-12 2.1466614959e-12 5.9313780450e-12
1.9354248047e+02 8.0301578562e-12 2.1320415132e-12 5.8981163430e-12
1.9360351562e+02 7.9829840839e-12 2.1174644693e-12 5.8655196146e-12
1.9366455078e+02 7.9362316066e-12 2.1032438725e-12 5.8329877341e-12
1.9372558594e+02 7.8873967157e-12 2.0888582718e-12 5.7985384439e-12
1.9378662109e+02 7.8351856555e-12 2.0738144230e-12 5.7613712325e-12
1.9384765625e+02 7.7809992326e-12 2.0583121846e-12 5.7226870481e-12
1.9390869141e+02 7.7269028954e-12 2.0428073896e-12 5.6840955058e-12
1.9396972656e+02 7.6727737024e-12 2.0273227513e-12 5.6454509512e-12
1.9403076172e+02 7.6166016616e-12 2.0116357007e-12 5.6049659608e-12
1.9409179688e+02 7.5576294043e-12 1.9958279972e-12 5.5618014070e-12
1.9415283203e+02 7.4976408539e-12 1.9801047939e-12 5.5175360601e-12
1.9421386719e+02 7.4386337530e-12 1.9643696768e-12 5.4742640762e-12
1.9427490234e+02 7.3806478128e-12 1.9484984118e-12 5.4321494010e-12
1.9433593750e+02 7.3227966247e-12 1.9327299488e-12 5.3900666759e-12
1.9439697266e+02 7.2648748677e-12 1.9172459445e-12 5.3476289232e-12
1.9445800781e+02 7.2068817722e-12 1.9017732642e-12 5.3051085080e-12
1.9451904297e+02 7.1480551468e-12 1.8860530814e-12 5.2620020653e-12
1.9458007812e+02 7.0875287601e-12 1.8702530233e-12 5.2172757369e-12
1.9464111328e+02 7.0257542671e-12 1.8546410783e-12 5.1711131888e-12
1.9470214844e+02 6.9643308027e-12 1.8392420820e-12 5.1250887207e-12
1.9476318359e+02 6.9041328513e-12 1.8239311711e-12 5.0802016802e-12
1.9482421875e+02 6.8439428771e-12 1.8084725659e-12 5.0354703112e-12
1.9488525391e+02 6.7818190251e-12 1.7925600613e-12 4.9892589638e-12
1.9494628906e+02 6.7176409259e-12 1.7761691129e-12 4.9414718130e-12
1.9500732422e+02 6.6529360263e-12 1.7597121756e-12 4.8932238507e-12
1.9506835938e+02 6.5883486089e-12 1.7435810918e-12 4.8447675171e-12
1.9512939453e+02 6.5224488390e-12 1.7275721862e-12 4.7948766528e-12
1.9519042969e+02 6.4535590290e-12 1.7111107365e-12 4.7424482926e-12
1.9525146484e+02 6.3820329147e-12 1.6940726994e-12 4.6879602153e-12
1.9531250000e+02 6.3099009653e-12 1.6769259742e-12 4.6329749911e-12
1.9537353516e+02 6.2386737481e-12 1.6600132920e-12 4.5786604560e-12
1.9543457031e+02 6.1681279491e-12 1.6431863247e-12 4.5249416245e-12
1.9549560547e+02 6.0972679097e-12 1.6262711572e-12 4.4709967525e-12
1.9555664062e+02 6.0258491314e-12 1.6094213410e-12 4.4164277904e-12
1.9561767578e+02 5.9547348160e-12 1.5929184377e-12 4.3618163784e-12
1.9567871094e+02 5.8850765224e-12 1.5769726289e-12 4.3081038935e-12
1.9573974609e+02 5.8172590030e-12 1.5617032773e-12 4.2555557257e-12
1.9580078125e+02 5.7507979232e-12 1.5470699679e-12 4.2037279553e-12
1.9586181641e+02 5.6852515064e-12 1.5328315550e-12 4.1524199514e-12
1.9592285156e+02 5.6208327148e-12 1.5187663472e-12 4.1020663675e-12
1.9598388672e+02 5.5577516069e-12 1.5048938575e-12 4.0528577494e-12
1.9604492188e+02 5.4956147396e-12 1.4913607991e-12 4.0042539405e-12
1.9610595703e+02 5.4340972905e-12 1.4781844689e-12 3.9559128216e-12
1.9616699219e+02 5.3734947209e-12 1.4652564665e-12 3.9082382544e-12
1.9622802734e+02 5.3141375301e-12 1.4525765206e-12 3.8615610095e-12
1.9628906250e+02 5.2558963354e-12 1.4402796235e-12 3.8156167120e-12
1.9635009766e+02 5.1988117891e-12 1.4284441909e-12 3.7703675982e-12
1.9641113281e+02 5.1435885179e-12 1.4170468786e-12 3.7265416393e-12
1.9647216797e+02 5.0910241235e-12 1.4061218182e-12 3.6849023053e-12
1.9653320312e+02 5.0414342368e-12 1.3957987492e-12 3.6456354876e-12
1.9659423828e+02 4.9947682094e-12 1.3861538516e-12 3.6086143578e-12
1.9665527344e+02 4.9509286012e-12 1.3771985439e-12 3.5737300573e-12
1.9671630859e+02 4.9098186441e-12 1.3689744702e-12 3.5408441738e-12
1.9677734375e+02 4.8713494561e-12 1.3614704448e-12 3.5098790113e-12
1.9683837891e+02 4.8354656055e-12 1.3544557833e-12 3.4810098222e-12
1.9689941406e+02 4.8020391195e-12 1.3475650769e-12 3.4544740426e-12
1.9696044922e+02 4.7707330809e-12 1.3406058015e-12 3.4301272793e-12
1.9702148438e+02 4.7410067594e-12 1.3337202514e-12 3.4072865079e-12
1.9708251953e+02 4.7124253673e-12 1.3272377582e-12 3.3851876091e-12
1.9714355469e+02 4.6849484459e-12 1.3213933191e-12 3.3635551268e-12
1.9720458984e+02 4.6589295250e-12 1.3162480204e-12 3.3426815046e-12
1.9726562500e+02 4.6346023925e-12 1.3117551579e-12 3.3228472345e-12
1.9732666016e+02 4.6113650378e-12 1.3076560663e-12 3.3037089715e-12
1.9738769531e+02 4.5881028362e-12 1.3034766684e-12 3.2846261678e-12
1.9744873047e+02 4.5643939511e-12 1.2989787271e-12 3.2654152241e-12
1.9750976562e+02 4.5409134933e-12 1.2944774682e-12 3.2464360251e-12
1.9757080078e+02 4.5184640641e-12 1.2903234375e-12 3.2281406266e-12
1.9763183594e+02 4.4971008559e-12 1.2863078439e-12 3.2107930120e-12
1.9769287109e+02 4.4762169058e-12 1.2819987158e-12 3.1942181900e-12
1.9775390625e+02 4.4549968206e-12 1.2773326958e-12 3.1776641247e-12
1.9781494141e+02 4.4328650018e-12 1.2724415508e-12 3.1604234510e-12
1.9787597656e+02 4.4096137050e-12 1.2671663441e-12 3.1424473609e-12
1.9793701172e+02 4.3853226584e-12 1.2611936615e-12 3.1241289969e-12
1.9799804688e+02 4.3605037573e-12 1.2545977918e-12 3.1059059655e-12
1.9805908203e+02 4.3362301234e-12 1.2480232398e-12 3.0882068836e-12
1.9812011719e+02 4.3136474398e-12 1.2422623092e-12 3.0713851306e-12
1.9818115234e+02 4.2931363909e-12 1.2375926832e-12 3.0555437077e-12
1.9824218750e+02 4.2741556020e-12 1.2335925685e-12 3.0405630335e-12
1.9830322266e+02 4.2558627190e-12 1.2296428179e-12 3.0262199011e-12
1.9836425781e+02 4.2378706296e-12 1.2254727563e-12 3.0123978733e-12
1.9842529297e+02 4.2205004050e-12 1.2212250000e-12 2.9992754050e-12
1.9848632812e+02 4.2043635506e-12 1.2172317663e-12 2.9871317844e-12
1.9854736328e+02 4.1897876749e-12 1.2137169933e-12 2.9760706815e-12
1.9860839844e+02 4.1765920890e-12 1.2105458787e-12 2.9660462103e-12
1.9866943359e+02 4.1643978267e-12 1.2073776511e-12 2.9570201756e-12
1.9873046875e+02 4.1530154774e-12 1.2040785012e-12 2.9489369763e-12
1.9879150391e+02 4.1425059050e-12 1.2008000905e-12 2.9417058145e-12
1.9885253906e+02 4.1330403939e-12 1.1977219764e-12 2.9353184175e-12
1.9891357422e+02 4.1247927091e-12 1.1950033836e-12 2.9297893255e-12
1.9897460938e+02 4.1178824613e-12 1.1929199323e-12 2.9249625290e-12
1.9903564453e+02 4.1121287523e-12 1.1916326605e-12 2.9204960918e-12
1.9909667969e+02 4.1069096121e-12 1.1907725937e-12 2.9161370185e-12
1.9915771484e+02 4.1015900866e-12 1.1895429046e-12 2.9120471820e-12
1.9921875000e+02 4.0961950657e-12 1.1874034684e-12 2.9087915974e-12
1.9927978516e+02 4.0913900748e-12 1.1846013727e-12 2.9067887021e-12
1.9934082031e+02 4.0877501634e-12 1.1819445611e-12 2.9058056023e-12
1.9940185547e+02 4.0854853071e-12 1.1801227536e-12 2.9053625535e-12
1.9946289062e+02 4.0847335725e-12 1.1792092511e-12 2.9055243214e-12
1.9952392578e+02 4.0855634953e-12 1.1786582502e-12 2.9069052451e-12
1.9958496094e+02 4.0876649214e-12 1.1777923226e-12 2.9098725989e-12
1.9964599609e+02 4.0904678831e-12 1.1764482951e-12 2.9140195880e-12
1.9970703125e+02 4.0937473490e-12 1.1751773568e-12 2.9185699922e-12
1.9976806641e+02 4.0976783782e-12 1.1746128587e-12 2.9230655195e-12
1.9982910156e+02 4.1021205026e-12 1.1746377491e-12 2.9274827535e-12
1.9989013672e+02 4.1065327455e-12 1.1745351078e-12 2.9319976378e-12
1.9995117188e+02 4.1111032448e-12 1.1740300075e-12 2.9370732372e-12
2.0001220703e+02 4.1172165708e-12 1.1736857686e-12 2.9435308022e-12
2.0007324219e+02 4.1259612797e-12 1.1740684006e-12 2.9518928790e-12
2.0013427734e+02 4.1365527128e-12 1.1750142744e-12 2.9615384384e-12
2.0019531250e+02 4.1470117261e-12 1.1759991557e-12 2.9710125705e-12
2.0025634766e+02 4.1565025575e-12 1.1768457945e-12 2.9796567630e-12
2.0031738281e+02 4.1663338638e-12 1.1777683812e-12 2.9885654826e-12
2.0037841797e+02 4.1782473347e-12 1.1789616257e-12 2.9992857089e-12
2.0043945312e+02 4.1921132133e-12 1.1803734960e-12 3.0117397173e-12
2.0050048828e+02 4.2057571257e-12 1.1817282314e-12 3.0240288942e-12
2.0056152344e+02 4.2169118126e-12 1.1826552151e-12 3.0342565975e-12
2.0062255859e+02 4.2250001812e-12 1.1829596854e-12 3.0420404958e-12
2.0068359375e+02 4.2310126643e-12 1.1827941493e-12 3.0482185150e-12
2.0074462891e+02 4.2358651258e-12 1.1823824672e-12 3.0534826587e-12
2.0080566406e+02 4.2394539514e-12 1.1817356773e-12 3.0577182741e-12
2.0086669922e+02 4.2415150658e-12 1.1808545468e-12 3.0606605190e-12
2.0092773438e+02 4.2425234049e-12 1.1799333414e-12 3.0625900635e-12
2.0098876953e+02 4.2430019773e-12 1.1790677119e-12 3.0639342654e-12
2.0104980469e+02 4.2424769509e-12 1.1779188909e-12 3.0645580601e-12
2.0111083984e+02 4.2401200769e-12 1.1759742515e-12 3.0641458254e-12
2.0117187500e+02 4.2362774755e-12 1.1731688618e-12 3.0631086137e-12
2.0123291016e+02 4.2324069509e-12 1.1700350760e-12 3.0623718749e-12
2.0129394531e+02 4.2291912654e-12 1.1671597760e-12 3.0620314894e-12
2.0135498047e+02 4.2255523936e-12 1.1647252079e-12 3.0608271857e-12
2.0141601562e+02 4.2202520648e-12 1.1626204663e-12 3.0576315986e-12
2.0147705078e+02 4.2136265968e-12 1.1606234592e-12 3.0530031376e-12
2.0153808594e+02 4.2069344687e-12 1.1584282783e-12 3.0485061904e-12
2.0159912109e+02 4.2005489439e-12 1.1558093863e-12 3.0447395576e-12
2.0166015625e+02 4.1935687301e-12 1.1527825130e-12 3.0407862171e-12
2.0172119141e+02 4.1851657321e-12 1.1494981289e-12 3.0356676032e-12
2.0178222656e+02 4.1755614591e-12 1.1459935158e-12 3.0295679432e-12
2.0184326172e+02 4.1654679440e-12 1.1420975806e-12 3.0233703634e-12
2.0190429688e+02 4.1552768728e-12 1.1376653434e-12 3.0176115294e-12
2.0196533203e+02 4.1451094065e-12 1.1328970388e-12 3.0122123677e-12
2.0202636719e+02 4.1349882911e-12 1.1282295681e-12 3.0067587230e-12
2.0208740234e+02 4.1246154429e-12 1.1239123181e-12 3.0007031248e-12
2.0214843750e+02 4.1134129996e-12 1.1198387150e-12 2.9935742845e-12
2.0220947266e+02 4.1008663839e-12 1.1156876431e-12 2.9851787407e-12
2.0227050781e+02 4.0867101027e-12 1.1111449782e-12 2.9755651245e-12
2.0233154297e+02 4.0709251648e-12 1.1060639503e-12 2.9648612145e-12
2.0239257812e+02 4.0536674365e-12 1.1005008335e-12 2.9531666031e-12
2.0245361328e+02 4.0351811985e-12 1.0946754367e-12 2.9405057618e-12
2.0251464844e+02 4.0157444314e-12 1.0888530727e-12 2.9268913587e-12
2.0257568359e+02 3.9956568035e-12 1.0832071314e-12 2.9124496721e-12
2.0263671875e+02 3.9751083935e-12 1.0777568170e-12 2.8973515765e-12
2.0269775391e+02 3.9540092708e-12 1.0722995674e-12 2.8817097034e-12
2.0275878906e+02 3.9320291944e-12 1.0664139693e-12 2.8656152251e-12
2.0281982422e+02 3.9088864299e-12 1.0598216661e-12 2.8490647639e-12
2.0288085938e+02 3.8847623697e-12 1.0527756921e-12 2.8319866776e-12
2.0294189453e+02 3.8603671845e-12 1.0457838236e-12 2.8145833610e-12
2.0300292969e+02 3.8363309288e-12 1.0390410021e-12 2.7972899267e-12
2.0306396484e+02 3.8124809504e-12 1.0323936751e-12 2.7800872754e-12
2.0312500000e+02 3.7879630940e-12 1.0256746007e-12 2.7622884933e-12
2.0318603516e+02 3.7620933494e-12 1.0188280540e-12 2.7432652954e-12
2.0324707031e+02 3.7347623626e-12 1.0117807442e-12 2.7229816184e-12
2.0330810547e+02 3.7059885479e-12 1.0043773028e-12 2.7016112451e-12
2.0336914062e+02 3.6755199556e-12 9.9650157863e-13 2.6790183770e-12
2.0343017578e+02 3.6432357474e-12 9.8822518245e-13 2.6550105649e-12
2.0349121094e+02 3.6096105330e-12 9.7977265180e-13 2.6298378812e-12
2.0355224609e+02 3.5752182303e-12 9.7126307422e-13 2.6039551561e-12
2.0361328125e+02 3.5399425385e-12 9.6254765305e-13 2.5773948855e-12
2.0367431641e+02 3.5032505731e-12 9.5342651260e-13 2.5498240605e-12
2.0373535156e+02 3.4652738613e-12 9.4394419961e-13 2.5213296617e-12
2.0379638672e+02 3.4270904438e-12 9.3436459845e-13 2.4927258453e-12
2.0385742188e+02 3.3897324417e-12 9.2497212973e-13 2.4647603120e-12
2.0391845703e+02 3.3532111673e-12 9.1592573799e-13 2.4372854293e-12
2.0397949219e+02 3.3167583970e-12 9.0721039873e-13 2.4095479983e-12
2.0404052734e+02 3.2799883320e-12 8.9877460622e-13 2.3812137257e-12
2.0410156250e+02 3.2434831954e-12 8.9066641034e-13 2.3528167851e-12
2.0416259766e+02 3.2080740394e-12 8.8294209868e-13 2.3251319408e-12
2.0422363281e+02 3.1740053869e-12 8.7552843255e-13 2.2984769543e-12
2.0428466797e+02 3.1411182918e-12 8.6823253364e-13 2.2728857581e-12
2.0434570312e+02 3.1094494865e-12 8.6091191278e-13 2.2485375737e-12
2.0440673828e+02 3.0793081767e-12 8.5364659252e-13 2.2256615842e-12
2.0446777344e+02 3.0508775034e-12 8.4665810725e-13 2.2042193961e-12
2.0452880859e+02 3.0237844288e-12 8.4006110094e-13 2.1837233279e-12
2.0458984375e+02 2.9971115807e-12 8.3377380238e-13 2.1633377783e-12
2.0465087891e+02 2.9700593898e-12 8.2764944008e-13 2.1424099497e-12
2.0471191406e+02 2.9426026045e-12 8.2163507208e-13 2.1209675324e-12
2.0477294922e+02 2.9154030005e-12 8.1577405978e-13 2.0996289407e-12
2.0483398438e+02 2.8891127682e-12 8.1007678302e-13 2.0790359852e-12
2.0489501953e+02 2.8637749140e-12 8.0447802079e-13 2.0592968932e-12
2.0495605469e+02 2.8390399333e-12 7.9894427433e-13 2.0400956589e-12
2.0501708984e+02 2.8148801346e-12 7.9351939579e-13 2.0213607388e-12
2.0507812500e+02 2.7916016202e-12 7.8825995599e-13 2.0033416642e-12
2.0513916016e+02 2.7691612138e-12 7.8321698516e-13 1.9859442287e-12
2.0520019531e+02 2.7470240927e-12 7.7841381774e-13 1.9686102750e-12
2.0526123047e+02 2.7249259182e-12 7.7378572279e-13 1.9511401954e-12
2.0532226562e+02 2.7034175741e-12 7.6925992411e-13 1.9341576500e-12
2.0538330078e+02 2.6833062192e-12 7.6489565614e-13 1.9184105631e-12
2.0544433594e+02 2.6646416836e-12 7.6076480134e-13 1.9038768822e-12
2.0550537109e+02 2.6464556931e-12 7.5671418309e-13 1.8897415100e-12
2.0556640625e+02 2.6276596005e-12 7.5249962188e-13 1.8751599786e-12
2.0562744141e+02 2.6082581743e-12 7.4817565514e-13 1.8600825192e-12
2.0568847656e+02 2.5894648495e-12 7.4411245664e-13 1.8453523929e-12
2.0574951172e+02 2.5724392264e-12 7.4056073425e-13 1.8318784921e-12
2.0581054688e+02 2.5571951214e-12 7.3739574639e-13 1.8197993750e-12
2.0587158203e+02 2.5430247639e-12 7.3440307343e-13 1.8086216905e-12
2.0593261719e+02 2.5295185430e-12 7.3159365797e-13 1.7979248851e-12
2.0599365234e+02 2.5167184514e-12 7.2906198275e-13 1.7876564686e-12
2.0605468750e+02 2.5046292733e-12 7.2673545664e-13 1.7778938166e-12
2.0611572266e+02 2.4929777059e-12 7.2443638816e-13 1.7685413177e-12
2.0617675781e+02 2.4813981819e-12 7.2209026360e-13 1.7593079183e-12
2.0623779297e+02 2.4697422706e-12 7.1978461874e-13 1.7499576519e-12
2.0629882812e+02 2.4582857750e-12 7.1768696628e-13 1.7405988088e-12
2.0635986328e+02 2.4476151930e-12 7.1591040782e-13 1.7317047852e-12
2.0642089844e+02 2.4381124855e-12 7.1439712212e-13 1.7237153634e-12
2.0648193359e+02 2.4295706299e-12 7.1296485001e-13 1.7166057799e-12
2.0654296875e+02 2.4215318037e-12 7.1149513997e-13 1.7100366637e-12
2.0660400391e+02 2.4139532983e-12 7.1004911165e-13 1.7039041866e-12
2.0666503906e+02 2.4072287209e-12 7.0877533863e-13 1.6984533823e-12
2.0672607422e+02 2.4016404917e-12 7.0773262626e-13 1.6939078654e-12
2.0678710938e+02 2.3972240525e-12 7.0688831521e-13 1.6903357373e-12
2.0684814453e+02 2.3940581809e-12 7.0627281226e-13 1.6877853686e-12
2.0690917969e+02 2.3921999755e-12 7.0600696150e-13 1.6861930140e-12
2.0697021484e+02 2.3913337278e-12 7.0611787911e-13 1.6852158487e-12
2.0703125000e+02 2.3909315966e-12 7.0644264146e-13 1.6844889551e-12
2.0709228516e+02 2.3909100001e-12 7.0684345916e-13 1.6840665410e-12
2.0715332031e+02 2.3917807796e-12 7.0738078611e-13 1.6843999935e-12
2.0721435547e+02 2.3940213304e-12 7.0811461045e-13 1.6859067199e-12
2.0727539062e+02 2.3975418946e-12 7.0889834046e-13 1.6886435541e-12
2.0733642578e+02 2.4018430542e-12 7.0954408789e-13 1.6922989663e-12
2.0739746094e+02 2.4064847816e-12 7.1006761606e-13 1.6964171656e-12
2.0745849609e+02 2.4112381689e-12 7.1060036602e-13 1.7006378029e-12
2.0751953125e+02 2.4159013427e-12 7.1115086026e-13 1.7047504825e-12
2.0758056641e+02 2.4202106536e-12 7.1161227740e-13 1.7085983762e-12
2.0764160156e+02 2.4240612346e-12 7.1193928941e-13 1.7121219452e-12
2.0770263672e+02 2.4278028429e-12 7.1222735073e-13 1.7155754922e-12
2.0776367188e+02 2.4321956467e-12 7.1270118703e-13 1.7194944597e-12
2.0782470703e+02 2.4379218309e-12 7.1362724656e-13 1.7242945843e-12
2.0788574219e+02 2.4450269639e-12 7.1507371106e-13 1.7299532529e-12
2.0794677734e+02 2.4529300759e-12 7.1675067209e-13 1.7361794038e-12
2.0800781250e+02 2.4610390826e-12 7.1822902945e-13 1.7428100531e-12
2.0806884766e+02 2.4690704583e-12 7.1933130310e-13 1.7497391552e-12
2.0812988281e+02 2.4767796526e-12 7.2022214304e-13 1.7565575096e-12
2.0819091797e+02 2.4838964667e-12 7.2111287846e-13 1.7627835883e-12
2.0825195312e+02 2.4905651074e-12 7.2205704368e-13 1.7685080637e-12
2.0831298828e+02 2.4974626452e-12 7.2308734513e-13 1.7743753001e-12
2.0837402344e+02 2.5051239665e-12 7.2428111302e-13 1.7808428534e-12
2.0843505859e+02 2.5133678832e-12 7.2557726625e-13 1.7877906170e-12
2.0849609375e+02 2.5215327224e-12 7.2673002517e-13 1.7948026973e-12
2.0855712891e+02 2.5290930000e-12 7.2755190264e-13 1.8015410974e-12
2.0861816406e+02 2.5360642329e-12 7.2809155746e-13 1.8079726754e-12
2.0867919922e+02 2.5428796826e-12 7.2853603102e-13 1.8143436515e-12
2.0874023438e+02 2.5498140434e-12 7.2906129304e-13 1.8207527504e-12
2.0880126953e+02 2.5566599129e-12 7.2978939885e-13 1.8268705140e-12
2.0886230469e+02 2.5630751162e-12 7.3074078587e-13 1.8323343303e-12
2.0892333984e+02 2.5688475650e-12 7.3171647474e-13 1.8371310903e-12
2.0898437500e+02 2.5736526441e-12 7.3229946010e-13 1.8413531840e-12
2.0904541016e+02 2.5771021835e-12 7.3214373748e-13 1.8449584461e-12
2.0910644531e+02 2.5792907084e-12 7.3132994093e-13 1.8479607675e-12
2.0916748047e+02 2.5808669969e-12 7.3032039525e-13 1.8505466017e-12
2.0922851562e+02 2.5822967545e-12 7.2947752897e-13 1.8528192256e-12
2.0928955078e+02 2.5833494543e-12 7.2876906785e-13 1.8545803865e-12
2.0935058594e+02 2.5834662723e-12 7.2795815597e-13 1.8555081164e-12
2.0941162109e+02 2.5824032899e-12 7.2688230929e-13 1.8555209807e-12
2.0947265625e+02 2.5804719405e-12 7.2555292893e-13 1.8549190116e-12
2.0953369141e+02 2.5782338260e-12 7.2410444320e-13 1.8541293828e-12
2.0959472656e+02 2.5759657149e-12 7.2265225418e-13 1.8533134607e-12
2.0965576172e+02 2.5735264468e-12 7.2118635855e-13 1.8523400882e-12
2.0971679688e+02 2.5708675738e-12 7.1965230415e-13 1.8512152697e-12
2.0977783203e+02 2.5684164092e-12 7.1809941614e-13 1.8503169931e-12
2.0983886719e+02 2.5665511116e-12 7.1658251041e-13 1.8499686012e-12
2.0989990234e+02 2.5649414152e-12 7.1499020464e-13 1.8499512106e-12
2.0996093750e+02 2.5628870011e-12 7.1322991665e-13 1.8496570844e-12
2.1002197266e+02 2.5601251300e-12 7.1147021555e-13 1.8486549144e-12
2.1008300781e+02 2.5569335128e-12 7.0993814777e-13 1.8469953651e-12
2.1014404297e+02 2.5535488415e-12 7.0856975903e-13 1.8449790825e-12
2.1020507812e+02 2.5497840391e-12 7.0701189910e-13 1.8427721400e-12
2.1026611328e+02 2.5452719237e-12 7.0492340092e-13 1.8403485228e-12
2.1032714844e+02 2.5398735998e-12 7.0223045059e-13 1.8376431492e-12
2.1038818359e+02 2.5335840613e-12 6.9911291033e-13 1.8344711509e-12
2.1044921875e+02 2.5261567356e-12 6.9580764624e-13 1.8303490894e-12
2.1051025391e+02 2.5172743524e-12 6.9247563533e-13 1.8247987171e-12
2.1057128906e+02 2.5070354436e-12 6.8913929390e-13 1.8178961497e-12
2.1063232422e+02 2.4958242373e-12 6.8562689226e-13 1.8101973451e-12
2.1069335938e+02 2.4837808269e-12 6.8169806570e-13 1.8020827612e-12
2.1075439453e+02 2.4707017989e-12 6.7729876633e-13 1.7934030326e-12
2.1081542969e+02 2.4562795232e-12 6.7258652551e-13 1.7836929977e-12
2.1087646484e+02 2.4402661405e-12 6.6772978003e-13 1.7725363605e-12
2.1093750000e+02 2.4226242478e-12 6.6278060554e-13 1.7598436423e-12
2.1099853516e+02 2.4036254348e-12 6.5767004564e-13 1.7459553892e-12
2.1105957031e+02 2.3837432256e-12 6.5230199274e-13 1.7314412329e-12
2.1112060547e+02 2.3633927696e-12 6.4671993115e-13 1.7166728384e-12
2.1118164062e+02 2.3426944548e-12 6.4108091661e-13 1.7016135382e-12
2.1124267578e+02 2.3215610412e-12 6.3542688390e-13 1.6861341573e-12
2.1130371094e+02 2.3000133882e-12 6.2964906686e-13 1.6703643213e-12
2.1136474609e+02 2.2781702111e-12 6.2368416226e-13 1.6544860489e-12
2.1142578125e+02 2.2559525080e-12 6.1759449170e-13 1.6383580163e-12
2.1148681641e+02 2.2331466679e-12 6.1144466692e-13 1.6217020010e-12
2.1154785156e+02 2.2098366048e-12 6.0521592642e-13 1.6046206784e-12
2.1160888672e+02 2.1863855810e-12 5.9887160549e-13 1.5875139755e-12
2.1166992188e+02 2.1628501946e-12 5.9240295948e-13 1.5704472351e-12
2.1173095703e+02 2.1388717637e-12 5.8576787085e-13 1.5531038928e-12
2.1179199219e+02 2.1142739048e-12 5.7889871052e-13 1.5353751943e-12
2.1185302734e+02 2.0893100260e-12 5.7186946388e-13 1.5174405621e-12
2.1191406250e+02 2.0642283893e-12 5.6495660675e-13 1.4992717826e-12
2.1197509766e+02 2.0389410397e-12 5.5840312420e-13 1.4805379155e-12
2.1203613281e+02 2.0132009852e-12 5.5215554802e-13 1.4610454372e-12
2.1209716797e+02 1.9869432970e-12 5.4591070244e-13 1.4410325945e-12
2.1215820312e+02 1.9604273388e-12 5.3943583905e-13 1.4209914997e-12
2.1221923828e+02 1.9340836496e-12 5.3279399521e-13 1.4012896544e-12
2.1228027344e+02 1.9082053235e-12 5.2622678615e-13 1.3819785374e-12
2.1234130859e+02 1.8827640217e-12 5.1990473372e-13 1.3628592880e-12
2.1240234375e+02 1.8575321079e-12 5.1384789393e-13 1.3436842140e-12
2.1246337891e+02 1.8323634147e-12 5.0797035334e-13 1.3243930614e-12
2.1252441406e+02 1.8073369877e-12 5.0213112816e-13 1.3052058595e-12
2.1258544922e+02 1.7827115021e-12 4.9622942759e-13 1.2864820745e-12
2.1264648438e+02 1.7587503145e-12 4.9026613136e-13 1.2684841832e-12
2.1270751953e+02 1.7355520510e-12 4.8431572940e-13 1.2512363216e-12
2.1276855469e+02 1.7130576836e-12 4.7849954892e-13 1.2345581347e-12
2.1282958984e+02 1.6910689824e-12 4.7290331468e-13 1.2181656677e-12
2.1289062500e+02 1.6691859094e-12 4.6745225454e-13 1.2017336549e-12
2.1295166016e+02 1.6469680137e-12 4.6196339802e-13 1.1850046157e-12
2.1301269531e+02 1.6242970303e-12 4.5634695150e-13 1.1679500788e-12
2.1307373047e+02 1.6014315311e-12 4.5069828533e-13 1.1507332458e-12
2.1313476562e+02 1.5786472154e-12 4.4517960241e-13 1.1334676130e-12
2.1319580078e+02 1.5559909639e-12 4.3983096593e-13 1.1161599980e-12
2.1325683594e+02 1.5334376122e-12 4.3453281157e-13 1.0989048007e-12
2.1331787109e+02 1.5111470390e-12 4.2915917980e-13 1.0819878592e-12
2.1337890625e+02 1.4894726563e-12 4.2372235179e-13 1.0657503045e-12
2.1343994141e+02 1.4686220851e-12 4.1834805695e-13 1.0502740282e-12
2.1350097656e+02 1.4482817231e-12 4.1315659198e-13 1.0351251311e-12
2.1356201172e+02 1.4278598982e-12 4.0819385962e-13 1.0196660386e-12
2.1362304688e+02 1.4071963970e-12 4.0341527503e-13 1.0037811219e-12
2.1368408203e+02 1.3866889163e-12 3.9871057971e-13 9.8797833660e-13
2.1374511719e+02 1.3667426993e-12 3.9400012905e-13 9.7274257025e-13
2.1380615234e+02 1.3474376605e-12 3.8929503347e-13 9.5814262698e-13
2.1386718750e+02 1.3286216074e-12 3.8462807245e-13 9.4399353495e-13
2.1392822266e+02 1.3100620759e-12 3.8000721691e-13 9.3005485898e-13
2.1398925781e+02 1.2916294053e-12 3.7548666871e-13 9.1614273658e-13
2.1405029297e+02 1.2734898211e-12 3.7119153850e-13 9.0229828261e-13
2.1411132812e+02 1.2560089496e-12 3.6720904238e-13 8.8879990720e-13
2.1417236328e+02 1.2393855041e-12 3.6347921316e-13 8.7590629096e-13
2.1423339844e+02 1.2234647260e-12 3.5984122121e-13 8.6362350481e-13
2.1429443359e+02 1.2079545215e-12 3.5621184548e-13 8.5174267602e-13
2.1435546875e+02 1.1927517318e-12 3.5265393773e-13 8.4009779406e-13
2.1441650391e+02 1.1779898107e-12 3.4925254893e-13 8.2873726173e-13
2.1447753906e+02 1.1638232977e-12 3.4603536271e-13 8.1778793498e-13
2.1453857422e+02 1.1502869254e-12 3.4302371063e-13 8.0726321480e-13
2.1459960938e+02 1.1373272968e-12 3.4023136385e-13 7.9709593292e-13
2.1466064453e+02 1.1248603132e-12 3.3757923317e-13 7.8728108007e-13
2.1472167969e+02 1.1128165405e-12 3.3489560447e-13 7.7792093607e-13
2.1478271484e+02 1.1011788757e-12 3.3205536960e-13 7.6912350605e-13
2.1484375000e+02 1.0900116787e-12 3.2913702356e-13 7.6087465516e-13
2.1490478516e+02 1.0794228239e-12 3.2641615379e-13 7.5300667011e-13
2.1496582031e+02 1.0694491970e-12 3.2412464657e-13 7.4532455044e-13
2.1502685547e+02 1.0600415930e-12 3.2220833391e-13 7.3783325906e-13
2.1508789062e+02 1.0511736540e-12 3.2038447847e-13 7.3078917551e-13
2.1514892578e+02 1.0428695617e-12 3.1842138719e-13 7.2444817447e-13
2.1520996094e+02 1.0350555564e-12 3.1630851990e-13 7.1874703653e-13
2.1527099609e+02 1.0275209125e-12 3.1420853070e-13 7.1331238178e-13
2.1533203125e+02 1.0202187393e-12 3.1229913099e-13 7.0791960828e-13
2.1539306641e+02 1.0134683081e-12 3.1062801984e-13 7.0284028825e-13
2.1545410156e+02 1.0076285604e-12 3.0910824129e-13 6.9852031907e-13
2.1551513672e+02 1.0026474272e-12 3.0764165994e-13 6.9500576723e-13
2.1557617188e+02 9.9815264360e-13 3.0622279814e-13 6.9192984546e-13
2.1563720703e+02 9.9395479625e-13 3.0493782183e-13 6.8901697442e-13
2.1569824219e+02 9.9019504870e-13 3.0387753826e-13 6.8631751045e-13
2.1575927734e+02 9.8692918206e-13 3.0303824548e-13 6.8389093659e-13
2.1582031250e+02 9.8386420975e-13 3.0229146026e-13 6.8157274948e-13
2.1588134766e+02 9.8073262645e-13 3.0149008510e-13 6.7924254136e-13
2.1594238281e+02 9.7768789174e-13 3.0062363059e-13 6.7706426115e-13
2.1600341797e+02 9.7513011014e-13 2.9981589225e-13 6.7531421789e-13
2.1606445312e+02 9.7329718513e-13 2.9917456259e-13 6.7412262254e-13
2.1612548828e+02 9.7206349748e-13 2.9868563013e-13 6.7337786736e-13
2.1618652344e+02 9.7107920477e-13 2.9825372041e-13 6.7282548436e-13
2.1624755859e+02 9.7017275307e-13 2.9783702238e-13 6.7233573070e-13
2.1630859375e+02 9.6957729826e-13 2.9750118892e-13 6.7207610934e-13
2.1636962891e+02 9.6961603820e-13 2.9731001272e-13 6.7230602549e-13
2.1643066406e+02 9.7022746770e-13 2.9723941985e-13 6.7298804785e-13
2.1649169922e+02 9.7098456171e-13 2.9721482499e-13 6.7376973671e-13
2.1655273438e+02 9.7152965618e-13 2.9714309078e-13 6.7438656539e-13
2.1661376953e+02 9.7182027943e-13 2.9692628011e-13 6.7489399932e-13
2.1667480469e+02 9.7196727008e-13 2.9651144989e-13 6.7545582019e-13
2.1673583984e+02 9.7203094412e-13 2.9594386714e-13 6.7608707698e-13
2.1679687500e+02 9.7207826710e-13 2.9537736948e-13 6.7670089762e-13
2.1685791016e+02 9.7231355418e-13 2.9498185748e-13 6.7733169669e-13
2.1691894531e+02 9.7299481712e-13 2.9479107364e-13 6.7820374348e-13
2.1697998047e+02 9.7418119313e-13 2.9467887342e-13 6.7950231971e-13
2.1704101562e+02 9.7568427388e-13 2.9452404406e-13 6.8116022982e-13
2.1710205078e+02 9.7731700441e-13 2.9435201633e-13 6.8296498808e-13
2.1716308594e+02 9.7904140746e-13 2.9428140712e-13 6.8476000033e-13
2.1722412109e+02 9.8086044883e-13 2.9439220880e-13 6.8646824004e-13
2.1728515625e+02 9.8273173988e-13 2.9466689426e-13 6.8806484562e-13
2.1734619141e+02 9.8463053645e-13 2.9499346051e-13 6.8963707594e-13
2.1740722656e+02 9.8657437254e-13 2.9521271261e-13 6.9136165993e-13
2.1746826172e+02 9.8858094394e-13 2.9523842814e-13 6.9334251580e-13
2.1752929688e+02 9.9066866170e-13 2.9516377342e-13 6.9550488829e-13
2.1759033203e+02 9.9280324142e-13 2.9518551579e-13 6.9761772564e-13
2.1765136719e+02 9.9485930720e-13 2.9538798699e-13 6.9947132021e-13
2.1771240234e+02 9.9681065664e-13 2.9565943254e-13 7.0115122411e-13
2.1777343750e+02 9.9884646344e-13 2.9582711672e-13 7.0301934673e-13
2.1783447266e+02 1.0010920211e-12 2.9579704206e-13 7.0529497906e-13
2.1789550781e+02 1.0034071845e-12 2.9559889555e-13 7.0780828898e-13
2.1795654297e+02 1.0056016140e-12 2.9540400075e-13 7.1019761329e-13
2.1801757812e+02 1.0076209240e-12 2.9544948120e-13 7.1217144282e-13
2.1807861328e+02 1.0094679413e-12 2.9581553177e-13 7.1365240955e-13
2.1813964844e+02 1.0111493978e-12 2.9629464953e-13 7.1485474831e-13
2.1820068359e+02 1.0127860011e-12 2.9658715189e-13 7.1619884917e-13
2.1826171875e+02 1.0146073599e-12 2.9660218015e-13 7.1800517976e-13
2.1832275391e+02 1.0166988371e-12 2.9647573829e-13 7.2022309886e-13
2.1838378906e+02 1.0188279891e-12 2.9633230555e-13 7.2249568357e-13
2.1844482422e+02 1.0205990043e-12 2.9614191543e-13 7.2445708891e-13
2.1850585938e+02 1.0217991254e-12 2.9583345261e-13 7.2596567275e-13
2.1856689453e+02 1.0225057649e-12 2.9542453507e-13 7.2708122981e-13
2.1862792969e+02 1.0228393460e-12 2.9497086591e-13 7.2786848013e-13
2.1868896484e+02 1.0228980933e-12 2.9450826676e-13 7.2838982652e-13
2.1875000000e+02 1.0229523336e-12 2.9407023377e-13 7.2888209982e-13
2.1881103516e+02 1.0232699586e-12 2.9363703442e-13 7.2963292421e-13
2.1887207031e+02 1.0236928729e-12 2.9310805891e-13 7.3058481404e-13
2.1893310547e+02 1.0236962123e-12 2.9242113051e-13 7.3127508180e-13
2.1899414062e+02 1.0228784295e-12 2.9162897133e-13 7.3124945818e-13
2.1905517578e+02 1.0213491734e-12 2.9084400450e-13 7.3050516885e-13
2.1911621094e+02 1.0196665392e-12 2.9017947923e-13 7.2948705999e-13
2.1917724609e+02 1.0182799209e-12 2.8969647510e-13 7.2858344579e-13
2.1923828125e+02 1.0170529630e-12 2.8933411082e-13 7.2771885214e-13
2.1929931641e+02 1.0154576776e-12 2.8890467731e-13 7.2655300031e-13
2.1936035156e+02 1.0131575681e-12 2.8819901053e-13 7.2495855758e-13
2.1942138672e+02 1.0102573948e-12 2.8713974212e-13 7.2311765271e-13
2.1948242188e+02 1.0070472987e-12 2.8585091868e-13 7.2119638002e-13
2.1954345703e+02 1.0037045189e-12 2.8456153213e-13 7.1914298680e-13
2.1960449219e+02 1.0002722616e-12 2.8343203055e-13 7.1684023102e-13
2.1966552734e+02 9.9675616337e-13 2.8246704766e-13 7.1428911571e-13
2.1972656250e+02 9.9314689657e-13 2.8156576538e-13 7.1158113119e-13
2.1978759766e+02 9.8939186130e-13 2.8061939001e-13 7.0877247130e-13
2.1984863281e+02 9.8541789191e-13 2.7956899900e-13 7.0584889290e-13
2.1990966797e+02 9.8124138973e-13 2.7842426796e-13 7.0281712176e-13
2.1997070312e+02 9.7697117460e-13 2.7722354669e-13 6.9974762791e-13
2.2003173828e+02 9.7265034296e-13 2.7597454362e-13 6.9667579934e-13
2.2009277344e+02 9.6824079019e-13 2.7468392662e-13 6.9355686357e-13
2.2015380859e+02 9.6373449154e-13 2.7339227040e-13 6.9034222114e-13
2.2021484375e+02 9.5916040277e-13 2.7211991743e-13 6.8704048534e-13
2.2027587891e+02 9.5454216662e-13 2.7083430251e-13 6.8370786411e-13
2.2033691406e+02 9.4992099477e-13 2.6951111059e-13 6.8040988418e-13
2.2039794922e+02 9.4541970277e-13 2.6820929699e-13 6.7721040578e-13
2.2045898438e+02 9.4116532566e-13 2.6703247799e-13 6.7413284767e-13
2.2052001953e+02 9.3706515138e-13 2.6599236424e-13 6.7107278714e-13
2.2058105469e+02 9.3279691271e-13 2.6497201869e-13 6.6782489402e-13
2.2064208984e+02 9.2809779338e-13 2.6385150926e-13 6.6424628412e-13
2.2070312500e+02 9.2296717127e-13 2.6262329472e-13 6.6034387655e-13
2.2076416016e+02 9.1762049756e-13 2.6138050392e-13 6.5623999364e-13
2.2082519531e+02 9.1231739572e-13 2.6021136480e-13 6.5210603092e-13
2.2088623047e+02 9.0716685060e-13 2.5911587026e-13 6.4805098034e-13
2.2094726562e+02 9.0212559542e-13 2.5805952015e-13 6.4406607527e-13
2.2100830078e+02 8.9720686927e-13 2.5706025522e-13 6.4014661404e-13
2.2106933594e+02 8.9253382522e-13 2.5614457141e-13 6.3638925381e-13
2.2113037109e+02 8.8813316256e-13 2.5527755733e-13 6.3285560523e-13
2.2119140625e+02 8.8382595699e-13 2.5438412274e-13 6.2944183425e-13
2.2125244141e+02 8.7940468431e-13 2.5339042736e-13 6.2601425695e-13
2.2131347656e+02 8.7481691563e-13 2.5226859372e-13 6.2254832191e-13
2.2137451172e+02 8.7010214319e-13 2.5108069919e-13 6.1902144400e-13
2.2143554688e+02 8.6522788268e-13 2.4991763419e-13 6.1531024850e-13
2.2149658203e+02 8.6007752147e-13 2.4876883023e-13 6.1130869124e-13
2.2155761719e+02 8.5457167771e-13 2.4751574697e-13 6.0705593074e-13
2.2161865234e+02 8.4876556567e-13 2.4608469177e-13 6.0268087391e-13
2.2167968750e+02 8.4284109272e-13 2.4456041188e-13 5.9828068083e-13
2.2174072266e+02 8.3698337450e-13 2.4312100933e-13 5.9386236518e-13
2.2180175781e+02 8.3125995956e-13 2.4189902051e-13 5.8936093905e-13
2.2186279297e+02 8.2559864180e-13 2.4089244076e-13 5.8470620105e-13
2.2192382812e+02 8.1985193466e-13 2.3995194730e-13 5.7989998736e-13
2.2198486328e+02 8.1395064305e-13 2.3889068991e-13 5.7505995314e-13
2.2204589844e+02 8.0801277522e-13 2.3765648285e-13 5.7035629237e-13
2.2210693359e+02 8.0222907254e-13 2.3634785411e-13 5.6588121843e-13
2.2216796875e+02 7.9668702210e-13 2.3506020805e-13 5.6162681406e-13
2.2222900391e+02 7.9138405958e-13 2.3381006888e-13 5.5757399070e-13
2.2229003906e+02 7.8627581715e-13 2.3258694764e-13 5.5368886951e-13
2.2235107422e+02 7.8122733656e-13 2.3138277103e-13 5.4984456553e-13
2.2241210938e+02 7.7609932341e-13 2.3019799734e-13 5.4590132607e-13
2.2247314453e+02 7.7093334775e-13 2.2906227168e-13 5.4187107607e-13
2.2253417969e+02 7.6587987094e-13 2.2801096844e-13 5.3786890249e-13
2.2259521484e+02 7.6093706019e-13 2.2704009208e-13 5.3389696811e-13
2.2265625000e+02 7.5595153827e-13 2.2613284253e-13 5.2981869574e-13
2.2271728516e+02 7.5086748042e-13 2.2529554514e-13 5.2557193527e-13
2.2277832031e+02 7.4578026736e-13 2.2449867689e-13 5.2128159047e-13
2.2283935547e+02 7.4078773372e-13 2.2365119168e-13 5.1713654204e-13
2.2290039062e+02 7.3596503556e-13 2.2273292321e-13 5.1323211236e-13
2.2296142578e+02 7.3141359083e-13 2.2187408130e-13 5.0953950952e-13
2.2302246094e+02 7.2715970372e-13 2.2118589789e-13 5.0597380583e-13
2.2308349609e+02 7.2311545993e-13 2.2059093485e-13 5.0252452508e-13
2.2314453125e+02 7.1923928573e-13 2.1991722710e-13 4.9932205862e-13
2.2320556641e+02 7.1555818339e-13 2.1909038601e-13 4.9646779739e-13
2.2326660156e+02 7.1205532588e-13 2.1818577433e-13 4.9386955155e-13
2.2332763672e+02 7.0869205313e-13 2.1733215918e-13 4.9135989395e-13
2.2338867188e+02 7.0547792063e-13 2.1659833892e-13 4.8887958171e-13
2.2344970703e+02 7.0245086004e-13 2.1597536311e-13 4.8647549693e-13
2.2351074219e+02 6.9963114088e-13 2.1541346844e-13 4.8421767245e-13
2.2357177734e+02 6.9700592943e-13 2.1484167218e-13 4.8216425724e-13
2.2363281250e+02 6.9455094032e-13 2.1421832943e-13 4.8033261088e-13
2.2369384766e+02 6.9227153293e-13 2.1360264089e-13 4.7866889204e-13
2.2375488281e+02 6.9016810252e-13 2.1309543939e-13 4.7707266314e-13
2.2381591797e+02 6.8818363526e-13 2.1268687141e-13 4.7549676385e-13
2.2387695312e+02 6.8627527107e-13 2.1225705889e-13 4.7401821218e-13
2.2393798828e+02 6.8449556888e-13 2.1174232485e-13 4.7275324403e-13
2.2399902344e+02 6.8291080310e-13 2.1120811003e-13 4.7170269308e-13
2.2406005859e+02 6.8143969146e-13 2.1072429095e-13 4.7071540050e-13
2.2412109375e+02 6.7988000754e-13 2.1026593370e-13 4.6961407384e-13
2.2418212891e+02 6.7814444052e-13 2.0978610012e-13 4.6835834040e-13
2.2424316406e+02 6.7637449205e-13 2.0928600635e-13 4.6708848570e-13
2.2430419922e+02 6.7478082610e-13 2.0877960187e-13 4.6600122422e-13
2.2436523438e+02 6.7343985727e-13 2.0828155225e-13 4.6515830502e-13
2.2442626953e+02 6.7226348520e-13 2.0783657207e-13 4.6442691313e-13
2.2448730469e+02 6.7111418990e-13 2.0748524637e-13 4.6362894353e-13
2.2454833984e+02 6.6991533297e-13 2.0722029891e-13 4.6269503406e-13
2.2460937500e+02 6.6864198294e-13 2.0701779364e-13 4.6162418929e-13
2.2467041016e+02 6.6730273197e-13 2.0686408092e-13 4.6043865106e-13
2.2473144531e+02 6.6604410687e-13 2.0672836753e-13 4.5931573934e-13
2.2479248047e+02 6.6514359142e-13 2.0655523696e-13 4.5858835447e-13
2.2485351562e+02 6.6475428819e-13 2.0631274097e-13 4.5844154722e-13
2.2491455078e+02 6.6472806125e-13 2.0602433141e-13 4.5870372984e-13
2.2497558594e+02 6.6476713037e-13 2.0573815258e-13 4.5902897779e-13
2.2503662109e+02 6.6469580018e-13 2.0549193929e-13 4.5920386089e-13
2.2509765625e+02 6.6454125585e-13 2.0530945332e-13 4.5923180253e-13
2.2515869141e+02 6.6441558131e-13 2.0519426188e-13 4.5922131943e-13
2.2521972656e+02 6.6438403140e-13 2.0511832437e-13 4.5926570703e-13
2.2528076172e+02 6.6446918063e-13 2.0503453350e-13 4.5943464714e-13
2.2534179688e+02 6.6473909533e-13 2.0491278008e-13 4.5982631525e-13
2.2540283203e+02 6.6527876672e-13 2.0476871808e-13 4.6051004864e-13
2.2546386719e+02 6.6603992328e-13 2.0464982603e-13 4.6139009725e-13
2.2552490234e+02 6.6681123849e-13 2.0459525572e-13 4.6221598277e-13
2.2558593750e+02 6.6740691121e-13 2.0461278643e-13 4.6279412478e-13
2.2564697266e+02 6.6783997181e-13 2.0467364087e-13 4.6316633093e-13
2.2570800781e+02 6.6826672434e-13 2.0471995884e-13 4.6354676550e-13
2.2576904297e+02 6.6878785268e-13 2.0468944582e-13 4.6409840686e-13
2.2583007812e+02 6.6937858959e-13 2.0455670850e-13 4.6482188109e-13
2.2589111328e+02 6.7003713175e-13 2.0437081274e-13 4.6566631901e-13
2.2595214844e+02 6.7088090162e-13 2.0423105059e-13 4.6664985103e-13
2.2601318359e+02 6.7199119428e-13 2.0420651456e-13 4.6778467972e-13
2.2607421875e+02 6.7323743359e-13 2.0429437055e-13 4.6894306304e-13
2.2613525391e+02 6.7438754793e-13 2.0442798812e-13 4.6995955981e-13
2.2619628906e+02 6.7534593295e-13 2.0450117983e-13 4.7084475312e-13
2.2625732422e+02 6.7616414012e-13 2.0444485749e-13 4.7171928263e-13
2.2631835938e+02 6.7687259642e-13 2.0429935291e-13 4.7257324351e-13
2.2637939453e+02 6.7742993740e-13 2.0416215818e-13 4.7326777922e-13
2.2644042969e+02 6.7784117087e-13 2.0406303727e-13 4.7377813359e-13
2.2650146484e+02 6.7819764393e-13 2.0393244266e-13 4.7426520127e-13
2.2656250000e+02 6.7853189554e-13 2.0370794029e-13 4.7482395526e-13
2.2662353516e+02 6.7872874040e-13 2.0342908901e-13 4.7529965138e-13
2.2668457031e+02 6.7867788283e-13 2.0318472912e-13 4.7549315371e-13
2.2674560547e+02 6.7844692242e-13 2.0298761542e-13 4.7545930699e-13
2.2680664062e+02 6.7818099302e-13 2.0274220787e-13 4.7543878515e-13
2.2686767578e+02 6.7789528509e-13 2.0234467488e-13 4.7555061021e-13
2.2692871094e+02 6.7746939449e-13 2.0179461685e-13 4.7567477764e-13
2.2698974609e+02 6.7677911087e-13 2.0118028679e-13 4.7559882408e-13
2.2705078125e+02 6.7580083924e-13 2.0056748108e-13 4.7523335816e-13
2.2711181641e+02 6.7465969907e-13 1.9996390892e-13 4.7469579015e-13
2.2717285156e+02 6.7354189512e-13 1.9938365709e-13 4.7415823803e-13
2.2723388672e+02 6.7247620621e-13 1.9885713193e-13 4.7361907428e-13
2.2729492188e+02 6.7127242582e-13 1.9835898323e-13 4.7291344260e-13
2.2735595703e+02 6.6975021148e-13 1.9778956677e-13 4.7196064470e-13
2.2741699219e+02 6.6794604589e-13 1.9706792081e-13 4.7087812509e-13
2.2747802734e+02 6.6601945480e-13 1.9622144726e-13 4.6979800754e-13
2.2753906250e+02 6.6401718127e-13 1.9533590188e-13 4.6868127938e-13
2.2760009766e+02 6.6182408917e-13 1.9443933823e-13 4.6738475094e-13
2.2766113281e+02 6.5932455488e-13 1.9350295814e-13 4.6582159675e-13
2.2772216797e+02 6.5654986994e-13 1.9253459439e-13 4.6401527556e-13
2.2778320312e+02 6.5367431226e-13 1.9160608214e-13 4.6206823012e-13
2.2784423828e+02 6.5089546220e-13 1.9078750426e-13 4.6010795794e-13
2.2790527344e+02 6.4832561265e-13 1.9007701559e-13 4.5824859706e-13
2.2796630859e+02 6.4594023075e-13 1.8940084957e-13 4.5653938118e-13
2.2802734375e+02 6.4356741800e-13 1.8868136223e-13 4.5488605577e-13
2.2808837891e+02 6.4098809674e-13 1.8789258801e-13 4.5309550873e-13
2.2814941406e+02 6.3814048163e-13 1.8706336064e-13 4.5107712098e-13
2.2821044922e+02 6.3518220455e-13 1.8625094907e-13 4.4893125548e-13
2.2827148438e+02 6.3226230921e-13 1.8548291667e-13 4.4677939254e-13
2.2833251953e+02 6.2928975087e-13 1.8471297452e-13 4.4457677635e-13
2.2839355469e+02 6.2605977189e-13 1.8386832039e-13 4.4219145151e-13
2.2845458984e+02 6.2259341453e-13 1.8293416505e-13 4.3965924948e-13
2.2851562500e+02 6.1918206755e-13 1.8195576034e-13 4.3722630721e-13
2.2857666016e+02 6.1604960613e-13 1.8097902784e-13 4.3507057828e-13
2.2863769531e+02 6.1310117908e-13 1.8003087011e-13 4.3307030897e-13
2.2869873047e+02 6.1005153679e-13 1.7913214313e-13 4.3091939366e-13
2.2875976562e+02 6.0672365441e-13 1.7828949408e-13 4.2843416033e-13
2.2882080078e+02 6.0315995405e-13 1.7746634939e-13 4.2569360467e-13
2.2888183594e+02 5.9946827466e-13 1.7657985812e-13 4.2288841654e-13
2.2894287109e+02 5.9567511292e-13 1.7557175247e-13 4.2010336044e-13
2.2900390625e+02 5.9177965880e-13 1.7448038258e-13 4.1729927622e-13
2.2906494141e+02 5.8783380775e-13 1.7340299137e-13 4.1443081638e-13
2.2912597656e+02 5.8389407728e-13 1.7241222264e-13 4.1148185464e-13
2.2918701172e+02 5.7996739758e-13 1.7151719823e-13 4.0845019935e-13
2.2924804688e+02 5.7600890475e-13 1.7064565959e-13 4.0536324516e-13
2.2930908203e+02 5.7193672277e-13 1.6967764736e-13 4.0225907540e-13
2.2937011719e+02 5.6769661967e-13 1.6855493694e-13 3.9914168273e-13
2.2943115234e+02 5.6331950009e-13 1.6733883133e-13 3.9598066876e-13
2.2949218750e+02 5.5891587173e-13 1.6614858095e-13 3.9276729079e-13
2.2955322266e+02 5.5464187600e-13 1.6507752485e-13 3.8956435115e-13
2.2961425781e+02 5.5059834410e-13 1.6414328266e-13 3.8645506144e-13
2.2967529297e+02 5.4670860178e-13 1.6326652863e-13 3.8344207315e-13
2.2973632812e+02 5.4275880076e-13 1.6232121045e-13 3.8043759031e-13
2.2979736328e+02 5.3859296243e-13 1.6124756996e-13 3.7734539247e-13
2.2985839844e+02 5.3426305020e-13 1.6010222596e-13 3.7416082425e-13
2.2991943359e+02 5.2998954160e-13 1.5898992884e-13 3.7099961276e-13
2.2998046875e+02 5.2594869558e-13 1.5797891746e-13 3.6796977813e-13
2.3004150391e+02 5.2211244965e-13 1.5707253971e-13 3.6503990994e-13
2.3010253906e+02 5.1832338389e-13 1.5621239626e-13 3.6211098763e-13
2.3016357422e+02 5.1446362746e-13 1.5530663234e-13 3.5915699512e-13
2.3022460938e+02 5.1051714487e-13 1.5429854049e-13 3.5621860438e-13
2.3028564453e+02 5.0653703064e-13 1.5322841664e-13 3.5330861399e-13
2.3034667969e+02 5.0259503047e-13 1.5219868555e-13 3.5039634492e-13
2.3040771484e+02 4.9873828913e-13 1.5127048168e-13 3.4746780745e-13
2.3046875000e+02 4.9498521545e-13 1.5044102439e-13 3.4454419106e-13
2.3052978516e+02 4.9135381043e-13 1.4970872951e-13 3.4164508092e-13
2.3059082031e+02 4.8785322800e-13 1.4907954102e-13 3.3877368698e-13
2.3065185547e+02 4.8444932173e-13 1.4850948282e-13 3.3593983891e-13
2.3071289062e+02 4.8110020199e-13 1.4791848013e-13 3.3318172186e-13
2.3077392578e+02 4.7784043404e-13 1.4726527912e-13 3.3057515492e-13
2.3083496094e+02 4.7476359991e-13 1.4656431689e-13 3.2819928303e-13
2.3089599609e+02 4.7189064087e-13 1.4586145478e-13 3.2602918609e-13
2.3095703125e+02 4.6911972703e-13 1.4521485770e-13 3.2390486933e-13
2.3101806641e+02 4.6636296692e-13 1.4464540994e-13 3.2171755699e-13
2.3107910156e+02 4.6367453155e-13 1.4410683852e-13 3.1956769303e-13
2.3114013672e+02 4.6115266470e-13 1.4354612650e-13 3.1760653820e-13
2.3120117188e+02 4.5875986124e-13 1.4296831529e-13 3.1579154595e-13
2.3126220703e+02 4.5635752850e-13 1.4241816057e-13 3.1393936793e-13
2.3132324219e+02 4.5388250729e-13 1.4193216276e-13 3.1195034453e-13
2.3138427734e+02 4.5136469281e-13 1.4151549068e-13 3.0984920213e-13
2.3144531250e+02 4.4882584440e-13 1.4112933334e-13 3.0769651106e-13
2.3150634766e+02 4.4629783068e-13 1.4071425286e-13 3.0558357783e-13
2.3156738281e+02 4.4389256000e-13 1.4026392393e-13 3.0362863608e-13
2.3162841797e+02 4.4173738600e-13 1.3983653236e-13 3.0190085364e-13
2.3168945312e+02 4.3986075322e-13 1.3945172932e-13 3.0040902390e-13
2.3175048828e+02 4.3818808978e-13 1.3903631934e-13 2.9915177044e-13
2.3181152344e+02 4.3660993782e-13 1.3852309908e-13 2.9808683874e-13
2.3187255859e+02 4.3503950129e-13 1.3795015447e-13 2.9708934682e-13
2.3193359375e+02 4.3344781696e-13 1.3742244296e-13 2.9602537400e-13
2.3199462891e+02 4.3184709246e-13 1.3701063173e-13 2.9483646073e-13
2.3205566406e+02 4.3025313240e-13 1.3670475486e-13 2.9354837754e-13
2.3211669922e+02 4.2870429633e-13 1.3644405640e-13 2.9226023993e-13
2.3217773438e+02 4.2727895521e-13 1.3617951440e-13 2.9109944081e-13
2.3223876953e+02 4.2604606339e-13 1.3591125896e-13 2.9013480443e-13
2.3229980469e+02 4.2500715152e-13 1.3567025964e-13 2.8933689188e-13
2.3236083984e+02 4.2407863992e-13 1.3547268334e-13 2.8860595657e-13
2.3242187500e+02 4.2312578567e-13 1.3529508359e-13 2.8783070208e-13
2.3248291016e+02 4.2206886509e-13 1.3509145453e-13 2.8697741056e-13
2.3254394531e+02 4.2098861248e-13 1.3484361198e-13 2.8614500050e-13
2.3260498047e+02 4.2006331191e-13 1.3458263602e-13 2.8548067590e-13
2.3266601562e+02 4.1936300599e-13 1.3434764105e-13 2.8501536494e-13
2.3272705078e+02 4.1876284908e-13 1.3415080779e-13 2.8461204129e-13
2.3278808594e+02 4.1808732831e-13 1.3398054300e-13 2.8410678531e-13
2.3284912109e+02 4.1727988604e-13 1.3381101124e-13 2.8346887480e-13
2.3291015625e+02 4.1640596117e-13 1.3361950838e-13 2.8278645279e-13
2.3297119141e+02 4.1556655783e-13 1.3340190845e-13 2.8216464938e-13
2.3303222656e+02 4.1485430911e-13 1.3317026206e-13 2.8168404706e-13
2.3309326172e+02 4.1436314807e-13 1.3296082393e-13 2.8140232413e-13
2.3315429688e+02 4.1418050129e-13 1.3284058084e-13 2.8133992045e-13
2.3321533203e+02 4.1428767234e-13 1.3285327026e-13 2.8143440207e-13
2.3327636719e+02 4.1449322274e-13 1.3295079128e-13 2.8154243146e-13
2.3333740234e+02 4.1457771762e-13 1.3302255015e-13 2.8155516747e-13
2.3339843750e+02 4.1449946104e-13 1.3298805168e-13 2.8151140936e-13
2.3345947266e+02 4.1439973106e-13 1.3284763506e-13 2.8155209599e-13
2.3352050781e+02 4.1444603857e-13 1.3268371913e-13 2.8176231944e-13
2.3358154297e+02 4.1471920429e-13 1.3260806953e-13 2.8211113476e-13
2.3364257812e+02 4.1523105244e-13 1.3267028006e-13 2.8256077238e-13
2.3370361328e+02 4.1596922127e-13 1.3282865258e-13 2.8314056869e-13
2.3376464844e+02 4.1682829657e-13 1.3299996079e-13 2.8382833578e-13
2.3382568359e+02 4.1757339516e-13 1.3311090752e-13 2.8446248764e-13
2.3388671875e+02 4.1805345052e-13 1.3313048562e-13 2.8492296490e-13
2.3394775391e+02 4.1840298128e-13 1.3307369960e-13 2.8532928168e-13
2.3400878906e+02 4.1887306523e-13 1.3297243120e-13 2.8590063403e-13
2.3406982422e+02 4.1952441193e-13 1.3286399730e-13 2.8666041463e-13
2.3413085938e+02 4.2021156132e-13 1.3278956466e-13 2.8742199666e-13
2.3419189453e+02 4.2079593401e-13 1.3276058832e-13 2.8803534569e-13
2.3425292969e+02 4.2126404275e-13 1.3274977142e-13 2.8851427133e-13
2.3431396484e+02 4.2165874925e-13 1.3274076036e-13 2.8891798888e-13
2.3437500000e+02 4.2198387656e-13 1.3275232083e-13 2.8923155573e-13
2.3443603516e+02 4.2224923968e-13 1.3279597641e-13 2.8945326327e-13
2.3449707031e+02 4.2254930080e-13 1.3283717807e-13 2.8971212274e-13
2.3455810547e+02 4.2297140232e-13 1.3280924499e-13 2.9016215733e-13
2.3461914062e+02 4.2346985244e-13 1.3266495894e-13 2.9080489351e-13
2.3468017578e+02 4.2391833732e-13 1.3242502511e-13 2.9149331221e-13
2.3474121094e+02 4.2423577585e-13 1.3216482010e-13 2.9207095574e-13
2.3480224609e+02 4.2441107378e-13 1.3194143032e-13 2.9246964347e-13
2.3486328125e+02 4.2443744143e-13 1.3174709826e-13 2.9269034317e-13
2.3492431641e+02 4.2429595782e-13 1.3154761614e-13 2.9274834168e-13
2.3498535156e+02 4.2402757338e-13 1.3134931171e-13 2.9267826167e-13
2.3504638672e+02 4.2375308202e-13 1.3118808926e-13 2.9256499276e-13
2.3510742188e+02 4.2357228131e-13 1.3106052043e-13 2.9251176088e-13
2.3516845703e+02 4.2345622424e-13 1.3091647921e-13 2.9253974503e-13
2.3522949219e+02 4.2326906846e-13 1.3071962836e-13 2.9254944010e-13
2.3529052734e+02 4.2289898990e-13 1.3047140789e-13 2.9242758201e-13
2.3535156250e+02 4.2234598191e-13 1.3017999848e-13 2.9216598343e-13
2.3541259766e+02 4.2169397887e-13 1.2984918723e-13 2.9184479164e-13
2.3547363281e+02 4.2102728064e-13 1.2949311758e-13 2.9153416306e-13
2.3553466797e+02 4.2036471733e-13 1.2912777026e-13 2.9123694707e-13
2.3559570312e+02 4.1964572627e-13 1.2875037660e-13 2.9089534967e-13
2.3565673828e+02 4.1878412042e-13 1.2834466922e-13 2.9043945120e-13
2.3571777344e+02 4.1775669935e-13 1.2790602279e-13 2.8985067656e-13
2.3577880859e+02 4.1663061226e-13 1.2745562510e-13 2.8917498716e-13
2.3583984375e+02 4.1549927381e-13 1.2702554870e-13 2.8847372511e-13
2.3590087891e+02 4.1440367252e-13 1.2662359841e-13 2.8778007411e-13
2.3596191406e+02 4.1328835171e-13 1.2621614353e-13 2.8707220818e-13
2.3602294922e+02 4.1201256353e-13 1.2575301298e-13 2.8625955055e-13
2.3608398438e+02 4.1045877218e-13 1.2520460046e-13 2.8525417172e-13
2.3614501953e+02 4.0868644968e-13 1.2458911325e-13 2.8409733642e-13
2.3620605469e+02 4.0692418338e-13 1.2397790589e-13 2.8294627749e-13
2.3626708984e+02 4.0532793425e-13 1.2344206683e-13 2.8188586741e-13
2.3632812500e+02 4.0380102423e-13 1.2298230311e-13 2.8081872112e-13
2.3638916016e+02 4.0211704078e-13 1.2253506635e-13 2.7958197444e-13
2.3645019531e+02 4.0016183059e-13 1.2203907386e-13 2.7812275673e-13
2.3651123047e+02 3.9800622626e-13 1.2147726463e-13 2.7652896163e-13
2.3657226562e+02 3.9577378563e-13 1.2086293330e-13 2.7491085233e-13
2.3663330078e+02 3.9350722237e-13 1.2020638407e-13 2.7330083830e-13
2.3669433594e+02 3.9119667077e-13 1.1950579682e-13 2.7169087395e-13
2.3675537109e+02 3.8885962682e-13 1.1875314386e-13 2.7010648297e-13
2.3681640625e+02 3.8652721791e-13 1.1793727019e-13 2.6858994773e-13
2.3687744141e+02 3.8418610503e-13 1.1705854796e-13 2.6712755707e-13
2.3693847656e+02 3.8176192342e-13 1.1614091794e-13 2.6562100549e-13
2.3699951172e+02 3.7919016526e-13 1.1522662366e-13 2.6396354160e-13
2.3706054688e+02 3.7651135259e-13 1.1437041187e-13 2.6214094072e-13
2.3712158203e+02 3.7382691362e-13 1.1361794139e-13 2.6020897223e-13
2.3718261719e+02 3.7115346021e-13 1.1296138644e-13 2.5819207377e-13
2.3724365234e+02 3.6838734893e-13 1.1232709609e-13 2.5606025283e-13
2.3730468750e+02 3.6542265204e-13 1.1163028111e-13 2.5379237092e-13
2.3736572266e+02 3.6225109838e-13 1.1083476235e-13 2.5141633602e-13
2.3742675781e+02 3.5890501885e-13 1.0994253716e-13 2.4896248169e-13
2.3748779297e+02 3.5537035312e-13 1.0896288968e-13 2.4640746345e-13
2.3754882812e+02 3.5165511788e-13 1.0792815875e-13 2.4372695913e-13
2.3760986328e+02 3.4786817568e-13 1.0689583997e-13 2.4097233571e-13
2.3767089844e+02 3.4412307339e-13 1.0590495606e-13 2.3821811733e-13
2.3773193359e+02 3.4043222599e-13 1.0495334867e-13 2.3547887732e-13
2.3779296875e+02 3.3675481575e-13 1.0401832114e-13 2.3273649461e-13
2.3785400391e+02 3.3308238725e-13 1.0308683335e-13 2.2999555390e-13
2.3791503906e+02 3.2943607225e-13 1.0216342779e-13 2.2727264446e-13
2.3797607422e+02 3.2582061048e-13 1.0125059646e-13 2.2457001402e-13
2.3803710938e+02 3.2222291888e-13 1.0033337417e-13 2.2188954472e-13
2.3809814453e+02 3.1863393783e-13 9.9390443951e-14 2.1924349388e-13
2.3815917969e+02 3.1503728625e-13 9.8418836183e-14 2.1661845007e-13
2.3822021484e+02 3.1140878724e-13 9.7443788487e-14 2.1396499875e-13
2.3828125000e+02 3.0776582118e-13 9.6498261898e-14 2.1126755928e-13
2.3834228516e+02 3.0418506897e-13 9.5597527680e-14 2.0858754129e-13
2.3840332031e+02 3.0072761424e-13 9.4734965936e-14 2.0599264830e-13
2.3846435547e+02 2.9737065888e-13 9.3889123615e-14 2.0348153526e-13
2.3852539062e+02 2.9404386801e-13 9.3032028281e-14 2.0101183973e-13
2.3858642578e+02 2.9069421914e-13 9.2143456903e-14 1.9855076224e-13
2.3864746094e+02 2.8729012140e-13 9.1229683662e-14 1.9606043774e-13
2.3870849609e+02 2.8380426492e-13 9.0322311557e-14 1.9348195336e-13
2.3876953125e+02 2.8022970511e-13 8.9443919323e-14 1.9078578578e-13
2.3883056641e+02 2.7660778826e-13 8.8588705121e-14 1.8801908314e-13
2.3889160156e+02 2.7301055382e-13 8.7747023546e-14 1.8526353028e-13
2.3895263672e+02 2.6947615884e-13 8.6919509710e-14 1.8255664913e-13
2.3901367188e+02 2.6599009185e-13 8.6099474852e-14 1.7989061700e-13
2.3907470703e+02 2.6254014457e-13 8.5266775821e-14 1.7727336874e-13
2.3913574219e+02 2.5913227429e-13 8.4402539800e-14 1.7472973449e-13
2.3919677734e+02 2.5575164403e-13 8.3507747134e-14 1.7224389690e-13
2.3925781250e+02 2.5239269154e-13 8.2621400586e-14 1.6977129096e-13
2.3931884766e+02 2.4913685900e-13 8.1815142058e-14 1.6732171695e-13
2.3937988281e+02 2.4610450361e-13 8.1135339188e-14 1.6496916442e-13
2.3944091797e+02 2.4330696589e-13 8.0544277540e-14 1.6276268835e-13
2.3950195312e+02 2.4062193848e-13 7.9947152838e-14 1.6067478564e-13
2.3956298828e+02 2.3790630975e-13 7.9270183102e-14 1.5863612665e-13
2.3962402344e+02 2.3507014789e-13 7.8496873619e-14 1.5657327427e-13
2.3968505859e+02 2.3209245612e-13 7.7665384321e-14 1.5442707180e-13
2.3974609375e+02 2.2904886926e-13 7.6856624707e-14 1.5219224456e-13
2.3980712891e+02 2.2608693407e-13 7.6142482370e-14 1.4994445170e-13
2.3986816406e+02 2.2330883658e-13 7.5510099567e-14 1.4779873702e-13
2.3992919922e+02 2.2068180158e-13 7.4865346351e-14 1.4581645523e-13
2.3999023438e+02 2.1807891303e-13 7.4137660995e-14 1.4394125203e-13
2.4005126953e+02 2.1540846922e-13 7.3357364607e-14 1.4205110461e-13
2.4011230469e+02 2.1268883655e-13 7.2606557524e-14 1.4008227903e-13
2.4017333984e+02 2.0999984697e-13 7.1920772214e-14 1.3807907475e-13
2.4023437500e+02 2.0740717769e-13 7.1274336525e-14 1.3613284117e-13
2.4029541016e+02 2.0494065681e-13 7.0643904213e-14 1.3429675260e-13
2.4035644531e+02 2.0260228450e-13 7.0039286958e-14 1.3256299754e-13
2.4041748047e+02 2.0037570639e-13 6.9469628491e-14 1.3090607790e-13
2.4047851562e+02 1.9824243545e-13 6.8922223013e-14 1.2932021243e-13
2.4053955078e+02 1.9620822146e-13 6.8392147733e-14 1.2781607373e-13
2.4060058594e+02 1.9429563545e-13 6.7898367859e-14 1.2639726759e-13
2.4066162109e+02 1.9248123319e-13 6.7445588779e-14 1.2503564442e-13
2.4072265625e+02 1.9068215579e-13 6.6998775838e-14 1.2368337995e-13
2.4078369141e+02 1.8884143087e-13 6.6519493075e-14 1.2232193779e-13
2.4084472656e+02 1.8697772413e-13 6.6004170874e-14 1.2097355326e-13
2.4090576172e+02 1.8514656872e-13 6.5478988322e-14 1.1966758040e-13
2.4096679688e+02 1.8340314196e-13 6.4978892901e-14 1.1842424905e-13
2.4102783203e+02 1.8179139130e-13 6.4528895092e-14 1.1726249621e-13
2.4108886719e+02 1.8033045273e-13 6.4137358750e-14 1.1619309399e-13
2.4114990234e+02 1.7899140614e-13 6.3805111637e-14 1.1518629450e-13
2.4121093750e+02 1.7769627138e-13 6.3522837509e-14 1.1417343387e-13
2.4127197266e+02 1.7638665522e-13 6.3261236735e-14 1.1312541848e-13
2.4133300781e+02 1.7510569125e-13 6.2987292439e-14 1.1211839882e-13
2.4139404297e+02 1.7396612417e-13 6.2690744610e-14 1.1127537957e-13
2.4145507812e+02 1.7302452293e-13 6.2390620084e-14 1.1063390285e-13
2.4151611328e+02 1.7223109306e-13 6.2121219001e-14 1.1010987406e-13
2.4157714844e+02 1.7149830856e-13 6.1899296074e-14 1.0959901248e-13
2.4163818359e+02 1.7076233670e-13 6.1696661314e-14 1.0906567539e-13
2.4169921875e+02 1.6999346162e-13 6.1464849042e-14 1.0852861258e-13
2.4176025391e+02 1.6920290242e-13 6.1191557904e-14 1.0801134452e-13
2.4182128906e+02 1.6843032582e-13 6.0907667288e-14 1.0752265853e-13
2.4188232422e+02 1.6771279369e-13 6.0644553688e-14 1.0706824000e-13
2.4194335938e+02 1.6709116095e-13 6.0419776389e-14 1.0667138456e-13
2.4200439453e+02 1.6661037360e-13 6.0251192180e-14 1.0635918142e-13
2.4206542969e+02 1.6625685514e-13 6.0142886515e-14 1.0611396863e-13
2.4212646484e+02 1.6593324715e-13 6.0060876826e-14 1.0587237032e-13
2.4218750000e+02 1.6555155784e-13 5.9955512769e-14 1.0559604507e-13
2.4224853516e+02 1.6513352603e-13 5.9816414462e-14 1.0531711156e-13
2.4230957031e+02 1.6476783055e-13 5.9678234901e-14 1.0508959565e-13
2.4237060547e+02 1.6448628405e-13 5.9563270318e-14 1.0492301373e-13
2.4243164062e+02 1.6425235922e-13 5.9456790610e-14 1.0479556861e-13
2.4249267578e+02 1.6404253344e-13 5.9341008194e-14 1.0470152524e-13
2.4255371094e+02 1.6386508655e-13 5.9212085751e-14 1.0465300080e-13
2.4261474609e+02 1.6372526459e-13 5.9068578499e-14 1.0465668609e-13
2.4267578125e+02 1.6361303849e-13 5.8907177865e-14 1.0470586063e-13
2.4273681641e+02 1.6351486127e-13 5.8730502878e-14 1.0478435839e-13
2.4279785156e+02 1.6343300850e-13 5.8559751979e-14 1.0487325652e-13
2.4285888672e+02 1.6338588287e-13 5.8432097382e-14 1.0495378548e-13
2.4291992188e+02 1.6338674428e-13 5.8377169844e-14 1.0500957443e-13
2.4298095703e+02 1.6344550280e-13 5.8398724805e-14 1.0504677800e-13
2.4304199219e+02 1.6356863180e-13 5.8468952196e-14 1.0509967960e-13
2.4310302734e+02 1.6372576029e-13 5.8536822479e-14 1.0518893781e-13
2.4316406250e+02 1.6385118389e-13 5.8562073447e-14 1.0528911044e-13
2.4322509766e+02 1.6389790750e-13 5.8543039113e-14 1.0535486839e-13
2.4328613281e+02 1.6387834410e-13 5.8499066673e-14 1.0537927743e-13
2.4334716797e+02 1.6385883736e-13 5.8442353779e-14 1.0541648358e-13
2.4340820312e+02 1.6391495145e-13 5.8381232488e-14 1.0553371896e-13
2.4346923828e+02 1.6407065872e-13 5.8327187107e-14 1.0574347162e-13
2.4353027344e+02 1.6427342035e-13 5.8286272843e-14 1.0598714750e-13
2.4359130859e+02 1.6445168718e-13 5.8261552936e-14 1.0619013425e-13
2.4365234375e+02 1.6459306140e-13 5.8263556808e-14 1.0632950459e-13
2.4371337891e+02 1.6472654177e-13 5.8301279684e-14 1.0642526208e-13
2.4377441406e+02 1.6484542855e-13 5.8362498208e-14 1.0648293035e-13
2.4383544922e+02 1.6490178336e-13 5.8409897067e-14 1.0649188629e-13
2.4389648438e+02 1.6487000463e-13 5.8400365037e-14 1.0646963960e-13
2.4395751953e+02 1.6478616849e-13 5.8319357986e-14 1.0646681051e-13
2.4401855469e+02 1.6472155416e-13 5.8201405226e-14 1.0652014894e-13
2.4407958984e+02 1.6472846116e-13 5.8103905410e-14 1.0662455575e-13
2.4414062500e+02 1.6482675412e-13 5.8056389840e-14 1.0677036428e-13
2.4420166016e+02 1.6502465999e-13 5.8047521412e-14 1.0697713858e-13
2.4426269531e+02 1.6531623330e-13 5.8058450802e-14 1.0725778249e-13
2.4432373047e+02 1.6565354283e-13 5.8081988621e-14 1.0757155421e-13
2.4438476562e+02 1.6593979679e-13 5.8103780660e-14 1.0783601613e-13
2.4444580078e+02 1.6609035444e-13 5.8101775405e-14 1.0798857903e-13
2.4450683594e+02 1.6612439889e-13 5.8076801343e-14 1.0804759755e-13
2.4456787109e+02 1.6614300958e-13 5.8049565545e-14 1.0809344404e-13
2.4462890625e+02 1.6619501137e-13 5.8029223364e-14 1.0816578801e-13
2.4468994141e+02 1.6624238126e-13 5.8014964974e-14 1.0822741628e-13
2.4475097656e+02 1.6625786420e-13 5.8010085241e-14 1.0824777896e-13
2.4481201172e+02 1.6626100140e-13 5.8009827054e-14 1.0825117435e-13
2.4487304688e+02 1.6625894219e-13 5.7992930379e-14 1.0826601181e-13
2.4493408203e+02 1.6622958656e-13 5.7942716091e-14 1.0828687046e-13
2.4499511719e+02 1.6616292582e-13 5.7869036286e-14 1.0829388953e-13
2.4505615234e+02 1.6607133178e-13 5.7796349711e-14 1.0827498207e-13
2.4511718750e+02 1.6597636922e-13 5.7737010361e-14 1.0823935886e-13
2.4517822266e+02 1.6590985360e-13 5.7688485554e-14 1.0822136805e-13
2.4523925781e+02 1.6589371674e-13 5.7646110801e-14 1.0824760594e-13
2.4530029297e+02 1.6591039389e-13 5.7609381352e-14 1.0830101254e-13
2.4536132812e+02 1.6591717940e-13 5.7582756961e-14 1.0833442244e-13
2.4542236328e+02 1.6587766668e-13 5.7569294940e-14 1.0830837174e-13
2.4548339844e+02 1.6577068880e-13 5.7560177462e-14 1.0821051134e-13
2.4554443359e+02 1.6559681176e-13 5.7537874101e-14 1.0805893766e-13
2.4560546875e+02 1.6537928632e-13 5.7490492056e-14 1.0788879426e-13
2.4566650391e+02 1.6513864660e-13 5.7417271012e-14 1.0772137559e-13
2.4572753906e+02 1.6487405149e-13 5.7323962145e-14 1.0755008934e-13
2.4578857422e+02 1.6457146614e-13 5.7217692903e-14 1.0735377324e-13
2.4584960938e+02 1.6421993270e-13 5.7104713198e-14 1.0711521950e-13
2.4591064453e+02 1.6383017896e-13 5.6990087706e-14 1.0684009126e-13
2.4597167969e+02 1.6343967031e-13 5.6874588596e-14 1.0656508172e-13
2.4603271484e+02 1.6308342533e-13 5.6751181203e-14 1.0633224412e-13
2.4609375000e+02 1.6275841280e-13 5.6614926195e-14 1.0614348661e-13
2.4615478516e+02 1.6243570473e-13 5.6485800941e-14 1.0594990379e-13
2.4621582031e+02 1.6210072176e-13 5.6404347866e-14 1.0569637389e-13
2.4627685547e+02 1.6175675382e-13 5.6385691989e-14 1.0537106183e-13
2.4633789062e+02 1.6141916356e-13 5.6401161276e-14 1.0501800228e-13
2.4639892578e+02 1.6112660112e-13 5.6415396986e-14 1.0471120414e-13
2.4645996094e+02 1.6091418507e-13 5.6411100156e-14 1.0450308491e-13
2.4652099609e+02 1.6076371066e-13 5.6379859673e-14 1.0438385098e-13
2.4658203125e+02 1.6059388274e-13 5.6313818799e-14 1.0428006394e-13
2.4664306641e+02 1.6030915759e-13 5.6206021015e-14 1.0410313657e-13
2.4670410156e+02 1.5989481833e-13 5.6063473649e-14 1.0383134468e-13
2.4676513672e+02 1.5945376060e-13 5.5922334877e-14 1.0353142572e-13
2.4682617188e+02 1.5910390490e-13 5.5824459395e-14 1.0327944551e-13
2.4688720703e+02 1.5886657900e-13 5.5776187404e-14 1.0309039160e-13
2.4694824219e+02 1.5867835414e-13 5.5755986878e-14 1.0292236726e-13
2.4700927734e+02 1.5846194102e-13 5.5747998919e-14 1.0271394210e-13
2.4707031250e+02 1.5816756107e-13 5.5739898297e-14 1.0242766277e-13
2.4713134766e+02 1.5777939305e-13 5.5708463676e-14 1.0207092937e-13
2.4719238281e+02 1.5730942666e-13 5.5634613256e-14 1.0167481341e-13
2.4725341797e+02 1.5680285650e-13 5.5529336530e-14 1.0127351997e-13
2.4731445312e+02 1.5633766750e-13 5.5433074003e-14 1.0090459350e-13
2.4737548828e+02 1.5597730333e-13 5.5379529292e-14 1.0059777404e-13
2.4743652344e+02 1.5570816734e-13 5.5357724857e-14 1.0035044248e-13
2.4749755859e+02 1.5544213802e-13 5.5321212787e-14 1.0012092523e-13
2.4755859375e+02 1.5508974808e-13 5.5239096739e-14 9.9850651342e-14
2.4761962891e+02 1.5462742387e-13 5.5128000349e-14 9.9499423521e-14
2.4768066406e+02 1.5410362060e-13 5.5032075841e-14 9.9071544756e-14
2.4774169922e+02 1.5359275340e-13 5.4975967395e-14 9.8616786009e-14
2.4780273438e+02 1.5313458908e-13 5.4939239442e-14 9.8195349638e-14
2.4786376953e+02 1.5270424992e-13 5.4878501877e-14 9.7825748044e-14
2.4792480469e+02 1.5224215813e-13 5.4766472074e-14 9.7475686054e-14
2.4798583984e+02 1.5171388812e-13 5.4607464276e-14 9.7106423848e-14
2.4804687500e+02 1.5113621900e-13 5.4432872005e-14 9.6703346998e-14
2.4810791016e+02 1.5055306534e-13 5.4285458776e-14 9.6267606559e-14
2.4816894531e+02 1.4999435818e-13 5.4185205970e-14 9.5809152205e-14
2.4822998047e+02 1.4945320209e-13 5.4104279747e-14 9.5348922341e-14
2.4829101562e+02 1.4890919071e-13 5.3998743788e-14 9.4910446927e-14
2.4835205078e+02 1.4837233269e-13 5.3865247005e-14 9.4507085686e-14
2.4841308594e+02 1.4787422061e-13 5.3740033594e-14 9.4134187019e-14
2.4847412109e+02 1.4741701491e-13 5.3645359489e-14 9.3771655420e-14
2.4853515625e+02 1.4696679226e-13 5.3565057247e-14 9.3401735009e-14
2.4859619141e+02 1.4650803559e-13 5.3475558937e-14 9.3032476653e-14
2.4865722656e+02 1.4607443896e-13 5.3375588175e-14 9.2698850781e-14
2.4871826172e+02 1.4570419901e-13 5.3278194265e-14 9.2426004743e-14
2.4877929688e+02 1.4539351825e-13 5.3193153218e-14 9.2200365035e-14
2.4884033203e+02 1.4511476266e-13 5.3127158215e-14 9.1987604445e-14
2.4890136719e+02 1.4485162077e-13 5.3090802392e-14 9.1760818375e-14
2.4896240234e+02 1.4458532966e-13 5.3084675790e-14 9.1500653867e-14
2.4902343750e+02 1.4426976415e-13 5.3075777525e-14 9.1193986627e-14
2.4908447266e+02 1.4386850903e-13 5.3016071883e-14 9.0852437146e-14
2.4914550781e+02 1.4340490475e-13 5.2896632055e-14 9.0508272699e-14
2.4920654297e+02 1.4294432209e-13 5.2757842006e-14 9.0186480081e-14
2.4926757812e+02 1.4254066559e-13 5.2635005900e-14 8.9905659693e-14
2.4932861328e+02 1.4220077113e-13 5.2518386128e-14 8.9682385007e-14
2.4938964844e+02 1.4187981256e-13 5.2382110507e-14 8.9497702052e-14
2.4945068359e+02 1.4152980109e-13 5.2236482271e-14 8.9293318822e-14
2.4951171875e+02 1.4116384950e-13 5.2126528306e-14 8.9037321193e-14
2.4957275391e+02 1.4083041160e-13 5.2072350133e-14 8.8758061468e-14
2.4963378906e+02 1.4052772328e-13 5.2034935076e-14 8.8492788203e-14
2.4969482422e+02 1.4020745189e-13 5.1961218146e-14 8.8246233741e-14
2.4975585938e+02 1.3985562209e-13 5.1845608388e-14 8.8010013699e-14
2.4981689453e+02 1.3951286345e-13 5.1728867813e-14 8.7783995632e-14
2.4987792969e+02 1.3922699275e-13 5.1650378104e-14 8.7576614647e-14
2.4993896484e+02 1.3901593282e-13 5.1615379396e-14 8.7400553428e-14
2.5000000000e+02 1.3885700602e-13 5.1599963789e-14 8.7257042230e-14
2.5006103516e+02 1.3870179619e-13 5.1573145567e-14 8.7128650627e-14
2.5012207031e+02 1.3851389845e-13 5.1511208689e-14 8.7002689761e-14
2.5018310547e+02 1.3829237843e-13 5.1403950403e-14 8.6888428030e-14
2.5024414062e+02 1.3806864301e-13 5.1261557881e-14 8.6807085134e-14
2.5030517578e+02 1.3788848712e-13 5.1111990742e-14 8.6776496376e-14
2.5036621094e+02 1.3777074116e-13 5.0979672433e-14 8.6791068723e-14
2.5042724609e+02 1.3767879532e-13 5.0868170325e-14 8.6810624993e-14
2.5048828125e+02 1.3755744026e-13 5.0767155446e-14 8.6790284814e-14
2.5054931641e+02 1.3738493221e-13 5.0666853445e-14 8.6718078767e-14
2.5061035156e+02 1.3717976839e-13 5.0567458152e-14 8.6612310241e-14
2.5067138672e+02 1.3698036670e-13 5.0481774207e-14 8.6498592495e-14
2.5073242188e+02 1.3680845419e-13 5.0414786378e-14 8.6393667810e-14
2.5079345703e+02 1.3663879397e-13 5.0346553496e-14 8.6292240473e-14
2.5085449219e+02 1.3642522572e-13 5.0258106565e-14 8.6167119157e-14
2.5091552734e+02 1.3615678897e-13 5.0154438538e-14 8.6002350433e-14
2.5097656250e+02 1.3587922778e-13 5.0048561551e-14 8.5830666224e-14
2.5103759766e+02 1.3566769181e-13 4.9951344286e-14 8.5716347526e-14
2.5109863281e+02 1.3556797931e-13 4.9876797299e-14 8.5691182015e-14
2.5115966797e+02 1.3555315776e-13 4.9834503826e-14 8.5718653937e-14
2.5122070312e+02 1.3555442699e-13 4.9825555204e-14 8.5728871783e-14
2.5128173828e+02 1.3554655291e-13 4.9851971381e-14 8.5694581533e-14
2.5134277344e+02 1.3557613200e-13 4.9908004890e-14 8.5668127109e-14
2.5140380859e+02 1.3568400199e-13 4.9963309704e-14 8.5720692282e-14
2.5146484375e+02 1.3583244275e-13 4.9982805908e-14 8.5849636847e-14
2.5152587891e+02 1.3593690606e-13 4.9959419593e-14 8.5977486472e-14
2.5158691406e+02 1.3594722088e-13 4.9909119586e-14 8.6038101298e-14
2.5164794922e+02 1.3587991239e-13 4.9848658577e-14 8.6031253817e-14
2.5170898438e+02 1.3578193826e-13 4.9791490628e-14 8.5990447629e-14
2.5177001953e+02 1.3567607067e-13 4.9744741847e-14 8.5931328826e-14
2.5183105469e+02 1.3555004988e-13 4.9697309280e-14 8.5852740600e-14
2.5189208984e+02 1.3540448365e-13 4.9632364507e-14 8.5772119144e-14
2.5195312500e+02 1.3529109766e-13 4.9554322305e-14 8.5736775354e-14
2.5201416016e+02 1.3525917145e-13 4.9478854474e-14 8.5780316976e-14
2.5207519531e+02 1.3527871531e-13 4.9408199364e-14 8.5870515950e-14
2.5213623047e+02 1.3527710843e-13 4.9343430983e-14 8.5933677450e-14
2.5219726562e+02 1.3522805776e-13 4.9299535323e-14 8.5928522436e-14
2.5225830078e+02 1.3514724441e-13 4.9277151999e-14 8.5870092413e-14
2.5231933594e+02 1.3503550285e-13 4.9242302977e-14 8.5793199876e-14
2.5238037109e+02 1.3487991239e-13 4.9166058346e-14 8.5713854046e-14
2.5244140625e+02 1.3468957782e-13 4.9062906637e-14 8.5626671181e-14
2.5250244141e+02 1.3449915631e-13 4.8968737113e-14 8.5530419199e-14
2.5256347656e+02 1.3434176537e-13 4.8899736307e-14 8.5442029063e-14
2.5262451172e+02 1.3422051050e-13 4.8841629262e-14 8.5378881236e-14
2.5268554688e+02 1.3410740227e-13 4.8769141007e-14 8.5338261266e-14
2.5274658203e+02 1.3397553315e-13 4.8670613086e-14 8.5304920062e-14
2.5280761719e+02 1.3381946125e-13 4.8551477195e-14 8.5267984050e-14
2.5286865234e+02 1.3364099142e-13 4.8423447274e-14 8.5217544146e-14
2.5292968750e+02 1.3344893155e-13 4.8306471025e-14 8.5142460525e-14
2.5299072266e+02 1.3327359220e-13 4.8224547636e-14 8.5049044567e-14
2.5305175781e+02 1.3313730785e-13 4.8174910541e-14 8.4962397307e-14
2.5311279297e+02 1.3301871417e-13 4.8121011871e-14 8.4897702300e-14
2.5317382812e+02 1.3287885445e-13 4.8033375620e-14 8.4845478828e-14
2.5323486328e+02 1.3270427974e-13 4.7920516967e-14 8.4783762774e-14
2.5329589844e+02 1.3250344830e-13 4.7811578889e-14 8.4691869409e-14
2.5335693359e+02 1.3226886234e-13 4.7719208691e-14 8.4549653646e-14
2.5341796875e+02 1.3196338980e-13 4.7629746636e-14 8.4333643168e-14
2.5347900391e+02 1.3156867828e-13 4.7527933260e-14 8.4040745016e-14
2.5354003906e+02 1.3113662191e-13 4.7414017555e-14 8.3722604358e-14
2.5360107422e+02 1.3075410747e-13 4.7290676682e-14 8.3463430784e-14
2.5366210938e+02 1.3045735298e-13 4.7155040597e-14 8.3302312387e-14
2.5372314453e+02 1.3020495461e-13 4.7014327288e-14 8.3190627321e-14
2.5378417969e+02 1.2993061363e-13 4.6892124960e-14 8.3038488675e-14
2.5384521484e+02 1.2960715143e-13 4.6808887191e-14 8.2798264240e-14
2.5390625000e+02 1.2925297704e-13 4.6760201516e-14 8.2492775527e-14
2.5396728516e+02 1.2889334882e-13 4.6721813451e-14 8.2171535374e-14
2.5402832031e+02 1.2853712355e-13 4.6676295726e-14 8.1860827829e-14
2.5408935547e+02 1.2816919565e-13 4.6616382947e-14 8.1552812706e-14
2.5415039062e+02 1.2775346507e-13 4.6523255629e-14 8.1230209446e-14
2.5421142578e+02 1.2726981470e-13 4.6374991026e-14 8.0894823670e-14
2.5427246094e+02 1.2673789197e-13 4.6178017442e-14 8.0559874527e-14
2.5433349609e+02 1.2618068096e-13 4.5961346936e-14 8.0219334020e-14
2.5439453125e+02 1.2559960017e-13 4.5747710973e-14 7.9851889197e-14
2.5445556641e+02 1.2500959991e-13 4.5554848244e-14 7.9454751669e-14
2.5451660156e+02 1.2445245473e-13 4.5406052870e-14 7.9046401859e-14
2.5457763672e+02 1.2394553546e-13 4.5306434654e-14 7.8639100805e-14
2.5463867188e+02 1.2344744020e-13 4.5217428271e-14 7.8230011927e-14
2.5469970703e+02 1.2290567455e-13 4.5088080060e-14 7.7817594491e-14
2.5476074219e+02 1.2232906512e-13 4.4915168086e-14 7.7413897031e-14
2.5482177734e+02 1.2178432991e-13 4.4746598962e-14 7.7037730951e-14
2.5488281250e+02 1.2131584952e-13 4.4621621334e-14 7.6694228182e-14
2.5494384766e+02 1.2088899523e-13 4.4527851245e-14 7.6361143990e-14
2.5500488281e+02 1.2043830942e-13 4.4423290496e-14 7.6015018928e-14
2.5506591797e+02 1.1995337983e-13 4.4283911790e-14 7.5669468039e-14
2.5512695312e+02 1.1946343416e-13 4.4115491379e-14 7.5347942783e-14
2.5518798828e+02 1.1896425677e-13 4.3935241680e-14 7.5029015086e-14
2.5524902344e+02 1.1843269056e-13 4.3761877565e-14 7.4670812995e-14
2.5531005859e+02 1.1788630352e-13 4.3608218473e-14 7.4278085052e-14
2.5537109375e+02 1.1736527710e-13 4.3466084198e-14 7.3899192904e-14
2.5543212891e+02 1.1687308664e-13 4.3312616610e-14 7.3560470031e-14
2.5549316406e+02 1.1636743884e-13 4.3139068095e-14 7.3228370747e-14
2.5555419922e+02 1.1579924074e-13 4.2961348583e-14 7.2837892152e-14
2.5561523438e+02 1.1515872025e-13 4.2806263885e-14 7.2352456364e-14
2.5567626953e+02 1.1449089758e-13 4.2691487845e-14 7.1799409734e-14
2.5573730469e+02 1.1385723319e-13 4.2606238987e-14 7.1250994202e-14
2.5579833984e+02 1.1328050900e-13 4.2515006143e-14 7.0765502853e-14
2.5585937500e+02 1.1273477821e-13 4.2388410134e-14 7.0346368076e-14
2.5592041016e+02 1.1218130005e-13 4.2223592714e-14 6.9957707331e-14
2.5598144531e+02 1.1160195486e-13 4.2041945553e-14 6.9560009308e-14
2.5604248047e+02 1.1100845667e-13 4.1877592829e-14 6.9130863840e-14
2.5610351562e+02 1.1043165552e-13 4.1753658851e-14 6.8677996668e-14
2.5616455078e+02 1.0989039107e-13 4.1657490716e-14 6.8232900350e-14
2.5622558594e+02 1.0937335383e-13 4.1552950712e-14 6.7820403120e-14
2.5628662109e+02 1.0886420315e-13 4.1425211275e-14 6.7438991879e-14
2.5634765625e+02 1.0836143336e-13 4.1293269629e-14 6.7068163727e-14
2.5640869141e+02 1.0785944055e-13 4.1172053820e-14 6.6687386727e-14
2.5646972656e+02 1.0734300237e-13 4.1048606376e-14 6.6294395992e-14
2.5653076172e+02 1.0682233637e-13 4.0908876254e-14 6.5913460116e-14
2.5659179688e+02 1.0634229843e-13 4.0767052801e-14 6.5575245627e-14
2.5665283203e+02 1.0592877073e-13 4.0648174321e-14 6.5280596409e-14
2.5671386719e+02 1.0555606007e-13 4.0553994914e-14 6.5002065155e-14
2.5677490234e+02 1.0518577055e-13 4.0467023886e-14 6.4718746664e-14
2.5683593750e+02 1.0480244929e-13 4.0382458374e-14 6.4419990916e-14
2.5689697266e+02 1.0439921880e-13 4.0313581157e-14 6.4085637647e-14
2.5695800781e+02 1.0395822657e-13 4.0258838965e-14 6.3699387607e-14
2.5701904297e+02 1.0346436520e-13 4.0184437799e-14 6.3279927404e-14
2.5708007812e+02 1.0293681197e-13 4.0060278849e-14 6.2876533121e-14
2.5714111328e+02 1.0243234277e-13 3.9903883477e-14 6.2528459298e-14
2.5720214844e+02 1.0200187710e-13 3.9768085818e-14 6.2233791281e-14
2.5726318359e+02 1.0164775235e-13 3.9688489725e-14 6.1959262625e-14
2.5732421875e+02 1.0133074748e-13 3.9651766078e-14 6.1678981406e-14
2.5738525391e+02 1.0101076147e-13 3.9608113647e-14 6.1402647825e-14
2.5744628906e+02 1.0067561210e-13 3.9517454859e-14 6.1158157237e-14
2.5750732422e+02 1.0034125956e-13 3.9389659345e-14 6.0951600219e-14
2.5756835938e+02 1.0003616445e-13 3.9268641115e-14 6.0767523333e-14
2.5762939453e+02 9.9777921863e-14 3.9182867492e-14 6.0595054371e-14
2.5769042969e+02 9.9552612986e-14 3.9129342861e-14 6.0423270125e-14
2.5775146484e+02 9.9319653365e-14 3.9088953571e-14 6.0230699794e-14
2.5781250000e+02 9.9043268583e-14 3.9039052466e-14 6.0004216117e-14
2.5787353516e+02 9.8724162428e-14 3.8967263107e-14 5.9756899321e-14
2.5793457031e+02 9.8392634450e-14 3.8880250074e-14 5.9512384376e-14
2.5799560547e+02 9.8068642143e-14 3.8793777362e-14 5.9274864780e-14
2.5805664062e+02 9.7754754186e-14 3.8721445096e-14 5.9033309090e-14
2.5811767578e+02 9.7465553647e-14 3.8671809256e-14 5.8793744391e-14
2.5817871094e+02 9.7224278298e-14 3.8643600507e-14 5.8580677791e-14
2.5823974609e+02 9.7028178669e-14 3.8621780886e-14 5.8406397783e-14
2.5830078125e+02 9.6843579927e-14 3.8588178843e-14 5.8255401084e-14
2.5836181641e+02 9.6633226617e-14 3.8537837527e-14 5.8095389090e-14
2.5842285156e+02 9.6382136373e-14 3.8477294298e-14 5.7904842075e-14
2.5848388672e+02 9.6110011025e-14 3.8411365519e-14 5.7698645506e-14
2.5854492188e+02 9.5854738282e-14 3.8336406337e-14 5.7518331945e-14
2.5860595703e+02 9.5631594947e-14 3.8240908112e-14 5.7390686835e-14
2.5866699219e+02 9.5429325292e-14 3.8120249533e-14 5.7309075759e-14
2.5872802734e+02 9.5247182989e-14 3.7993021665e-14 5.7254161324e-14
2.5878906250e+02 9.5093620582e-14 3.7887863581e-14 5.7205757001e-14
2.5885009766e+02 9.4953415146e-14 3.7816621379e-14 5.7136793768e-14
2.5891113281e+02 9.4803675632e-14 3.7770320200e-14 5.7033355433e-14
2.5897216797e+02 9.4661980300e-14 3.7736899906e-14 5.6925080394e-14
2.5903320312e+02 9.4576707582e-14 3.7714857793e-14 5.6861849789e-14
2.5909423828e+02 9.4560228836e-14 3.7705500888e-14 5.6854727948e-14
2.5915527344e+02 9.4562063598e-14 3.7698683546e-14 5.6863380052e-14
2.5921630859e+02 9.4518573192e-14 3.7678574068e-14 5.6839999124e-14
2.5927734375e+02 9.4410410587e-14 3.7639129297e-14 5.6771281290e-14
2.5933837891e+02 9.4258948087e-14 3.7582609986e-14 5.6676338102e-14
2.5939941406e+02 9.4081383174e-14 3.7512431344e-14 5.6568951831e-14
2.5946044922e+02 9.3880359834e-14 3.7438474129e-14 5.6441885705e-14
2.5952148438e+02 9.3674627130e-14 3.7379270289e-14 5.6295356841e-14
2.5958251953e+02 9.3505290200e-14 3.7351246113e-14 5.6154044088e-14
2.5964355469e+02 9.3400886565e-14 3.7358147096e-14 5.6042739469e-14
2.5970458984e+02 9.3353670636e-14 3.7389372314e-14 5.5964298322e-14
2.5976562500e+02 9.3339683863e-14 3.7422320559e-14 5.5917363304e-14
2.5982666016e+02 9.3341150074e-14 3.7424752578e-14 5.5916397496e-14
2.5988769531e+02 9.3336699743e-14 3.7369818736e-14 5.5966881007e-14
2.5994873047e+02 9.3302694522e-14 3.7261893710e-14 5.6040800811e-14
2.6000976562e+02 9.3238551485e-14 3.7134425472e-14 5.6104126014e-14
2.6007080078e+02 9.3163408237e-14 3.7013309944e-14 5.6150098292e-14
2.6013183594e+02 9.3087870561e-14 3.6901947034e-14 5.6185923527e-14
2.6019287109e+02 9.3006483541e-14 3.6806713758e-14 5.6199769783e-14
2.6025390625e+02 9.2910585819e-14 3.6746832659e-14 5.6163753160e-14
2.6031494141e+02 9.2793774319e-14 3.6725037562e-14 5.6068736757e-14
2.6037597656e+02 9.2650480305e-14 3.6712371942e-14 5.5938108363e-14
2.6043701172e+02 9.2490028869e-14 3.6677334541e-14 5.5812694327e-14
2.6049804688e+02 9.2340531113e-14 3.6614044760e-14 5.5726486353e-14
2.6055908203e+02 9.2209104494e-14 3.6535958101e-14 5.5673146393e-14
2.6062011719e+02 9.2060664619e-14 3.6457435082e-14 5.5603229537e-14
2.6068115234e+02 9.1862382403e-14 3.6382480764e-14 5.5479901639e-14
2.6074218750e+02 9.1618820353e-14 3.6305014735e-14 5.5313805618e-14
2.6080322266e+02 9.1353255978e-14 3.6224534904e-14 5.5128721073e-14
2.6086425781e+02 9.1087831704e-14 3.6158097168e-14 5.4929734535e-14
2.6092529297e+02 9.0845297880e-14 3.6124347401e-14 5.4720950478e-14
2.6098632812e+02 9.0640084366e-14 3.6115855436e-14 5.4524228930e-14
2.6104736328e+02 9.0459884274e-14 3.6099252120e-14 5.4360632154e-14
2.6110839844e+02 9.0273126424e-14 3.6043536579e-14 5.4229589844e-14
2.6116943359e+02 9.0058837228e-14 3.5943761859e-14 5.4115075369e-14
2.6123046875e+02 8.9826278680e-14 3.5824931356e-14 5.4001347324e-14
2.6129150391e+02 8.9604321060e-14 3.5722578922e-14 5.3881742138e-14
2.6135253906e+02 8.9406518552e-14 3.5652444171e-14 5.3754074381e-14
2.6141357422e+02 8.9213419163e-14 3.5602906875e-14 5.3610512288e-14
2.6147460938e+02 8.8998396301e-14 3.5551465392e-14 5.3446930909e-14
2.6153564453e+02 8.8759533199e-14 3.5477421028e-14 5.3282112171e-14
2.6159667969e+02 8.8515469735e-14 3.5369946365e-14 5.3145523369e-14
2.6165771484e+02 8.8278940074e-14 3.5239789050e-14 5.3039151024e-14
2.6171875000e+02 8.8039836911e-14 3.5114565967e-14 5.2925270944e-14
2.6177978516e+02 8.7769241965e-14 3.5011061326e-14 5.2758180640e-14
2.6184082031e+02 8.7444796297e-14 3.4920253953e-14 5.2524542344e-14
2.6190185547e+02 8.7079812468e-14 3.4826347435e-14 5.2253465033e-14
2.6196289062e+02 8.6720210951e-14 3.4731581892e-14 5.1988629059e-14
2.6202392578e+02 8.6399014378e-14 3.4650603023e-14 5.1748411355e-14
2.6208496094e+02 8.6100404296e-14 3.4586007209e-14 5.1514397087e-14
2.6214599609e+02 8.5786582118e-14 3.4526014308e-14 5.1260567811e-14
2.6220703125e+02 8.5445050291e-14 3.4459701032e-14 5.0985349259e-14
2.6226806641e+02 8.5084389968e-14 3.4378440415e-14 5.0705949553e-14
2.6232910156e+02 8.4705191274e-14 3.4274006817e-14 5.0431184458e-14
2.6239013672e+02 8.4307138517e-14 3.4149486823e-14 5.0157651694e-14
2.6245117188e+02 8.3904878506e-14 3.4016900729e-14 4.9887977778e-14
2.6251220703e+02 8.3509628502e-14 3.3877756524e-14 4.9631871979e-14
2.6257324219e+02 8.3117580885e-14 3.3729398224e-14 4.9388182661e-14
2.6263427734e+02 8.2731325231e-14 3.3587190423e-14 4.9144134808e-14
2.6269531250e+02 8.2361196981e-14 3.3468841150e-14 4.8892355831e-14
2.6275634766e+02 8.1996190218e-14 3.3363991789e-14 4.8632198429e-14
2.6281738281e+02 8.1605679199e-14 3.3249033279e-14 4.8356645920e-14
2.6287841797e+02 8.1178252862e-14 3.3122208136e-14 4.8056044726e-14
2.6293945312e+02 8.0738515612e-14 3.3000517198e-14 4.7737998413e-14
2.6300048828e+02 8.0318622542e-14 3.2891951708e-14 4.7426670834e-14
2.6306152344e+02 7.9919956576e-14 3.2787464168e-14 4.7132492409e-14
2.6312255859e+02 7.9509380950e-14 3.2675115440e-14 4.6834265510e-14
2.6318359375e+02 7.9054768774e-14 3.2553957782e-14 4.6500810992e-14
2.6324462891e+02 7.8561460096e-14 3.2434411749e-14 4.6127048347e-14
2.6330566406e+02 7.8071643740e-14 3.2325084145e-14 4.5746559595e-14
2.6336669922e+02 7.7629405361e-14 3.2221084492e-14 4.5408320869e-14
2.6342773438e+02 7.7244871527e-14 3.2110746318e-14 4.5134125209e-14
2.6348876953e+02 7.6885937118e-14 3.1989550704e-14 4.4896386414e-14
2.6354980469e+02 7.6506060787e-14 3.1860386400e-14 4.4645674387e-14
2.6361083984e+02 7.6085075890e-14 3.1727775536e-14 4.4357300354e-14
2.6367187500e+02 7.5640567875e-14 3.1595456416e-14 4.4045111459e-14
2.6373291016e+02 7.5200589361e-14 3.1461935846e-14 4.3738653515e-14
2.6379394531e+02 7.4773849233e-14 3.1322001722e-14 4.3451847511e-14
2.6385498047e+02 7.4343682222e-14 3.1176238737e-14 4.3167443485e-14
2.6391601562e+02 7.3885712553e-14 3.1032608689e-14 4.2853103864e-14
2.6397705078e+02 7.3401474324e-14 3.0901963977e-14 4.2499510347e-14
2.6403808594e+02 7.2928735822e-14 3.0793908806e-14 4.2134827016e-14
2.6409912109e+02 7.2497273078e-14 3.0704375925e-14 4.1792897153e-14
2.6416015625e+02 7.2088958845e-14 3.0608909570e-14 4.1480049276e-14
2.6422119141e+02 7.1661470752e-14 3.0483956642e-14 4.1177514110e-14
2.6428222656e+02 7.1191984351e-14 3.0332424949e-14 4.0859559402e-14
2.6434326172e+02 7.0693559453e-14 3.0181509828e-14 4.0512049625e-14
2.6440429688e+02 7.0211992795e-14 3.0062838432e-14 4.0149154363e-14
2.6446533203e+02 6.9799260336e-14 2.9992962519e-14 3.9806297817e-14
2.6452636719e+02 6.9464383963e-14 2.9958248900e-14 3.9506135063e-14
2.6458740234e+02 6.9153882494e-14 2.9918109809e-14 3.9235772685e-14
2.6464843750e+02 6.8802566017e-14 2.9838205568e-14 3.8964360449e-14
2.6470947266e+02 6.8398457127e-14 2.9720470277e-14 3.8677986850e-14
2.6477050781e+02 6.7975039734e-14 2.9588348918e-14 3.8386690816e-14
2.6483154297e+02 6.7556953360e-14 2.9454121424e-14 3.8102831936e-14
2.6489257812e+02 6.7145966015e-14 2.9317614543e-14 3.7828351472e-14
2.6495361328e+02 6.6745569714e-14 2.9184630864e-14 3.7560938850e-14
2.6501464844e+02 6.6368337321e-14 2.9067724541e-14 3.7300612780e-14
2.6507568359e+02 6.6022906361e-14 2.8972022488e-14 3.7050883873e-14
2.6513671875e+02 6.5706091316e-14 2.8891405294e-14 3.6814686022e-14
2.6519775391e+02 6.5401476425e-14 2.8817350721e-14 3.6584125704e-14
2.6525878906e+02 6.5085280126e-14 2.8745617144e-14 3.6339662982e-14
2.6531982422e+02 6.4743754165e-14 2.8675417292e-14 3.6068336873e-14
2.6538085938e+02 6.4385164574e-14 2.8607898257e-14 3.5777266317e-14
2.6544189453e+02 6.4026283890e-14 2.8544297755e-14 3.5481986134e-14
2.6550292969e+02 6.3670890266e-14 2.8479203091e-14 3.5191687175e-14
2.6556396484e+02 6.3314196880e-14 2.8399720057e-14 3.4914476822e-14
2.6562500000e+02 6.2960087361e-14 2.8297252633e-14 3.4662834727e-14
2.6568603516e+02 6.2620137076e-14 2.8175411407e-14 3.4444725670e-14
2.6574707031e+02 6.2302369685e-14 2.8045340652e-14 3.4257029033e-14
2.6580810547e+02 6.2008947295e-14 2.7921319372e-14 3.4087627923e-14
2.6586914062e+02 6.1740029468e-14 2.7818824552e-14 3.3921204916e-14
2.6593017578e+02 6.1493195565e-14 2.7746109916e-14 3.3747085649e-14
2.6599121094e+02 6.1262491511e-14 2.7697796772e-14 3.3564694740e-14
2.6605224609e+02 6.1041510361e-14 2.7659002083e-14 3.3382508277e-14
2.6611328125e+02 6.0822106276e-14 2.7613013124e-14 3.3209093152e-14
2.6617431641e+02 6.0590171632e-14 2.7547755477e-14 3.3042416154e-14
2.6623535156e+02 6.0330160387e-14 2.7459561831e-14 3.2870598556e-14
2.6629638672e+02 6.0042245748e-14 2.7355699598e-14 3.2686546150e-14
2.6635742188e+02 5.9755353356e-14 2.7256059282e-14 3.2499294075e-14
2.6641845703e+02 5.9507460630e-14 2.7183505184e-14 3.2323955447e-14
2.6647949219e+02 5.9307328092e-14 2.7144650732e-14 3.2162677360e-14
2.6654052734e+02 5.9130134399e-14 2.7124242099e-14 3.2005892300e-14
2.6660156250e+02 5.8951215071e-14 2.7101596287e-14 3.1849618784e-14
2.6666259766e+02 5.8766602756e-14 2.7067860780e-14 3.1698741976e-14
2.6672363281e+02 5.8580043949e-14 2.7024586300e-14 3.1555457649e-14
2.6678466797e+02 5.8389366560e-14 2.6972811205e-14 3.1416555355e-14
2.6684570312e+02 5.8191202898e-14 2.6911054267e-14 3.1280148631e-14
2.6690673828e+02 5.7989806227e-14 2.6840535628e-14 3.1149270599e-14
2.6696777344e+02 5.7798326390e-14 2.6766363003e-14 3.1031963387e-14
2.6702880859e+02 5.7630094769e-14 2.6695495259e-14 3.0934599509e-14
2.6708984375e+02 5.7483483853e-14 2.6635621768e-14 3.0847862084e-14
2.6715087891e+02 5.7334601643e-14 2.6588235496e-14 3.0746366147e-14
2.6721191406e+02 5.7155059946e-14 2.6541220906e-14 3.0613839039e-14
2.6727294922e+02 5.6944540161e-14 2.6479615274e-14 3.0464924887e-14
2.6733398438e+02 5.6735288356e-14 2.6403479445e-14 3.0331808911e-14
2.6739501953e+02 5.6559145204e-14 2.6328283257e-14 3.0230861946e-14
2.6745605469e+02 5.6421606653e-14 2.6272287586e-14 3.0149319067e-14
2.6751708984e+02 5.6307297828e-14 2.6244543339e-14 3.0062754489e-14
2.6757812500e+02 5.6200797738e-14 2.6240095327e-14 2.9960702411e-14
2.6763916016e+02 5.6100381795e-14 2.6246436721e-14 2.9853945074e-14
2.6770019531e+02 5.6009176103e-14 2.6250876325e-14 2.9758299777e-14
2.6776123047e+02 5.5916075269e-14 2.6239240032e-14 2.9676835237e-14
2.6782226562e+02 5.5798446428e-14 2.6199279401e-14 2.9599167027e-14
2.6788330078e+02 5.5648619311e-14 2.6135460376e-14 2.9513158935e-14
2.6794433594e+02 5.5486419762e-14 2.6069818600e-14 2.9416601162e-14
2.6800537109e+02 5.5339596354e-14 2.6018171907e-14 2.9321424448e-14
2.6806640625e+02 5.5222544169e-14 2.5975736412e-14 2.9246807758e-14
2.6812744141e+02 5.5136396941e-14 2.5931414463e-14 2.9204982479e-14
2.6818847656e+02 5.5075618391e-14 2.5882537227e-14 2.9193081164e-14
2.6824951172e+02 5.5027269252e-14 2.5831883861e-14 2.9195385391e-14
2.6831054688e+02 5.4975418157e-14 2.5784898998e-14 2.9190519159e-14
2.6837158203e+02 5.4914184540e-14 2.5750914586e-14 2.9163269954e-14
2.6843261719e+02 5.4850331369e-14 2.5734765729e-14 2.9115565640e-14
2.6849365234e+02 5.4794491475e-14 2.5729544345e-14 2.9064947131e-14
2.6855468750e+02 5.4753809183e-14 2.5725304350e-14 2.9028504833e-14
2.6861572266e+02 5.4725327195e-14 2.5720643626e-14 2.9004683569e-14
2.6867675781e+02 5.4695282602e-14 2.5720341521e-14 2.8974941081e-14
2.6873779297e+02 5.4651131742e-14 2.5722794286e-14 2.8928337456e-14
2.6879882812e+02 5.4588677640e-14 2.5714706403e-14 2.8873971237e-14
2.6885986328e+02 5.4506988466e-14 2.5683158952e-14 2.8823829514e-14
2.6892089844e+02 5.4411434763e-14 2.5629804549e-14 2.8781630215e-14
2.6898193359e+02 5.4322780441e-14 2.5569990447e-14 2.8752789994e-14
2.6904296875e+02 5.4270599159e-14 2.5524980455e-14 2.8745618704e-14
2.6910400391e+02 5.4271787142e-14 2.5513963453e-14 2.8757823689e-14
2.6916503906e+02 5.4313108184e-14 2.5538706080e-14 2.8774402104e-14
2.6922607422e+02 5.4357569079e-14 2.5574544643e-14 2.8783024436e-14
2.6928710938e+02 5.4376488964e-14 2.5591628469e-14 2.8784860496e-14
2.6934814453e+02 5.4375399870e-14 2.5585531598e-14 2.8789868272e-14
2.6940917969e+02 5.4376691384e-14 2.5574540447e-14 2.8802150937e-14
2.6947021484e+02 5.4380555868e-14 2.5572987371e-14 2.8807568497e-14
2.6953125000e+02 5.4366349100e-14 2.5580388723e-14 2.8785960377e-14
2.6959228516e+02 5.4327879857e-14 2.5588796285e-14 2.8739083572e-14
2.6965332031e+02 5.4280369332e-14 2.5591061295e-14 2.8689308036e-14
2.6971435547e+02 5.4240224034e-14 2.5589206738e-14 2.8651017296e-14
2.6977539062e+02 5.4219589758e-14 2.5594519869e-14 2.8625069889e-14
2.6983642578e+02 5.4223713429e-14 2.5608132030e-14 2.8615581399e-14
2.6989746094e+02 5.4235909918e-14 2.5609221151e-14 2.8626688767e-14
2.6995849609e+02 5.4227442470e-14 2.5579294889e-14 2.8648147581e-14
2.7001953125e+02 5.4193073692e-14 2.5529388031e-14 2.8663685661e-14
2.7008056641e+02 5.4155190487e-14 2.5486385108e-14 2.8668805379e-14
2.7014160156e+02 5.4136416275e-14 2.5466251523e-14 2.8670164753e-14
2.7020263672e+02 5.4151484498e-14 2.5475134129e-14 2.8676350369e-14
2.7026367188e+02 5.4206979804e-14 2.5513124345e-14 2.8693855459e-14
2.7032470703e+02 5.4281775981e-14 2.5561760581e-14 2.8720015400e-14
2.7038574219e+02 5.4330538288e-14 2.5590297783e-14 2.8740240505e-14
2.7044677734e+02 5.4324297917e-14 2.5582795410e-14 2.8741502508e-14
2.7050781250e+02 5.4268437894e-14 2.5543075334e-14 2.8725362561e-14
2.7056884766e+02 5.4183503434e-14 2.5480773538e-14 2.8702729896e-14
2.7062988281e+02 5.4091491386e-14 2.5413253834e-14 2.8678237553e-14
2.7069091797e+02 5.4013843018e-14 2.5367376149e-14 2.8646466869e-14
2.7075195312e+02 5.3960804700e-14 2.5356286838e-14 2.8604517862e-14
2.7081298828e+02 5.3926226215e-14 2.5364655292e-14 2.8561570922e-14
2.7087402344e+02 5.3907098380e-14 2.5371711234e-14 2.8535387147e-14
2.7093505859e+02 5.3915031287e-14 2.5375029000e-14 2.8540002287e-14
2.7099609375e+02 5.3948737513e-14 2.5380282446e-14 2.8568455067e-14
2.7105712891e+02 5.3972944553e-14 2.5386467467e-14 2.8586477085e-14
2.7111816406e+02 5.3948372029e-14 2.5391566301e-14 2.8556805728e-14
2.7117919922e+02 5.3871367957e-14 2.5395489051e-14 2.8475878906e-14
2.7124023438e+02 5.3772690885e-14 2.5392767896e-14 2.8379922989e-14
2.7130126953e+02 5.3690415529e-14 2.5377512153e-14 2.8312903376e-14
2.7136230469e+02 5.3647735866e-14 2.5356977243e-14 2.8290758624e-14
2.7142333984e+02 5.3642055668e-14 2.5345419810e-14 2.8296635859e-14
2.7148437500e+02 5.3649430691e-14 2.5342288576e-14 2.8307142115e-14
2.7154541016e+02 5.3643116855e-14 2.5332131718e-14 2.8310985137e-14
2.7160644531e+02 5.3610102090e-14 2.5308721382e-14 2.8301380708e-14
2.7166748047e+02 5.3559769955e-14 2.5286149280e-14 2.8273620675e-14
2.7172851562e+02 5.3521011092e-14 2.5283972950e-14 2.8237038142e-14
2.7178955078e+02 5.3516798749e-14 2.5303965507e-14 2.8212833242e-14
2.7185058594e+02 5.3539008603e-14 2.5323437319e-14 2.8215571285e-14
2.7191162109e+02 5.3563260840e-14 2.5321619371e-14 2.8241641469e-14
2.7197265625e+02 5.3581463837e-14 2.5308282970e-14 2.8273180867e-14
2.7203369141e+02 5.3594792628e-14 2.5306349181e-14 2.8288443447e-14
2.7209472656e+02 5.3584978699e-14 2.5312712731e-14 2.8272265968e-14
2.7215576172e+02 5.3528478431e-14 2.5302113485e-14 2.8226364946e-14
2.7221679688e+02 5.3438284168e-14 2.5265860596e-14 2.8172423572e-14
2.7227783203e+02 5.3358472885e-14 2.5221203681e-14 2.8137269204e-14
2.7233886719e+02 5.3310694361e-14 2.5183357582e-14 2.8127336779e-14
2.7239990234e+02 5.3270416780e-14 2.5149933331e-14 2.8120483449e-14
2.7246093750e+02 5.3202468049e-14 2.5114942062e-14 2.8087525988e-14
2.7252197266e+02 5.3101769798e-14 2.5084690137e-14 2.8017079660e-14
2.7258300781e+02 5.2990052213e-14 2.5073309204e-14 2.7916743008e-14
2.7264404297e+02 5.2886702615e-14 2.5084328156e-14 2.7802374459e-14
2.7270507812e+02 5.2801662511e-14 2.5105902687e-14 2.7695759824e-14
2.7276611328e+02 5.2747838382e-14 2.5126471711e-14 2.7621366672e-14
2.7282714844e+02 5.2732781079e-14 2.5143194380e-14 2.7589586699e-14
2.7288818359e+02 5.2735936478e-14 2.5153902941e-14 2.7582033537e-14
2.7294921875e+02 5.2717073199e-14 2.5151783686e-14 2.7565289513e-14
2.7301025391e+02 5.2654671151e-14 2.5129612339e-14 2.7525058812e-14
2.7307128906e+02 5.2563962480e-14 2.5085360145e-14 2.7478602335e-14
2.7313232422e+02 5.2478332810e-14 2.5025249264e-14 2.7453083546e-14
2.7319335938e+02 5.2419240024e-14 2.4962625330e-14 2.7456614694e-14
2.7325439453e+02 5.2380113315e-14 2.4911926114e-14 2.7468187202e-14
2.7331542969e+02 5.2340878717e-14 2.4882618563e-14 2.7458260154e-14
2.7337646484e+02 5.2292860544e-14 2.4875308236e-14 2.7417552308e-14
2.7343750000e+02 5.2241027653e-14 2.4882674394e-14 2.7358353260e-14
2.7349853516e+02 5.2193172882e-14 2.4896223069e-14 2.7296949813e-14
2.7355957031e+02 5.2152915938e-14 2.4908536590e-14 2.7244379348e-14
2.7362060547e+02 5.2116018809e-14 2.4911657709e-14 2.7204361100e-14
2.7368164062e+02 5.2071542652e-14 2.4901150999e-14 2.7170391654e-14
2.7374267578e+02 5.2006689326e-14 2.4877972706e-14 2.7128716620e-14
2.7380371094e+02 5.1916745346e-14 2.4844372035e-14 2.7072373311e-14
2.7386474609e+02 5.1818832666e-14 2.4806636547e-14 2.7012196119e-14
2.7392578125e+02 5.1746077439e-14 2.4779559415e-14 2.6966518024e-14
2.7398681641e+02 5.1716289072e-14 2.4776232102e-14 2.6940056971e-14
2.7404785156e+02 5.1716934226e-14 2.4794219402e-14 2.6922714824e-14
2.7410888672e+02 5.1723360185e-14 2.4816649117e-14 2.6906711068e-14
2.7416992188e+02 5.1713556055e-14 2.4823903403e-14 2.6889652652e-14
2.7423095703e+02 5.1671871870e-14 2.4806756407e-14 2.6865115463e-14
2.7429199219e+02 5.1599384104e-14 2.4773876219e-14 2.6825507885e-14
2.7435302734e+02 5.1514268335e-14 2.4743496313e-14 2.6770772022e-14
2.7441406250e+02 5.1433952095e-14 2.4724730056e-14 2.6709222039e-14
2.7447509766e+02 5.1363794685e-14 2.4711169984e-14 2.6652624701e-14
2.7453613281e+02 5.1303805263e-14 2.4695230655e-14 2.6608574608e-14
2.7459716797e+02 5.1262568979e-14 2.4682433350e-14 2.6580135628e-14
2.7465820312e+02 5.1256563669e-14 2.4684175196e-14 2.6572388473e-14
2.7471923828e+02 5.1284525313e-14 2.4700695810e-14 2.6583829503e-14
2.7478027344e+02 5.1311383982e-14 2.4718789631e-14 2.6592594351e-14
2.7484130859e+02 5.1295700383e-14 2.4723617223e-14 2.6572083160e-14
2.7490234375e+02 5.1228876878e-14 2.4709133803e-14 2.6519743075e-14
2.7496337891e+02 5.1138524977e-14 2.4680783899e-14 2.6457741078e-14
2.7502441406e+02 5.1061020448e-14 2.4650446589e-14 2.6410573859e-14
2.7508544922e+02 5.1015693372e-14 2.4625665824e-14 2.6390027549e-14
2.7514648438e+02 5.0996521507e-14 2.4602923045e-14 2.6393598462e-14
2.7520751953e+02 5.0978265186e-14 2.4573960721e-14 2.6404304465e-14
2.7526855469e+02 5.0931771716e-14 2.4536564102e-14 2.6395207615e-14
2.7532958984e+02 5.0842949909e-14 2.4493703422e-14 2.6349246487e-14
2.7539062500e+02 5.0723754611e-14 2.4447006169e-14 2.6276748442e-14
2.7545166016e+02 5.0603744253e-14 2.4398704224e-14 2.6205040028e-14
2.7551269531e+02 5.0506131788e-14 2.4354295828e-14 2.6151835960e-14
2.7557373047e+02 5.0433882946e-14 2.4317811597e-14 2.6116071349e-14
2.7563476562e+02 5.0378970903e-14 2.4288299832e-14 2.6090671070e-14
2.7569580078e+02 5.0334376078e-14 2.4262019895e-14 2.6072356183e-14
2.7575683594e+02 5.0291802080e-14 2.4233874364e-14 2.6057927716e-14
2.7581787109e+02 5.0236530317e-14 2.4198207096e-14 2.6038323221e-14
2.7587890625e+02 5.0161163261e-14 2.4155642929e-14 2.6005520331e-14
2.7593994141e+02 5.0084837489e-14 2.4117475525e-14 2.5967361964e-14
2.7600097656e+02 5.0041640781e-14 2.4096097865e-14 2.5945542917e-14
2.7606201172e+02 5.0047610331e-14 2.4094556896e-14 2.5953053435e-14
2.7612304688e+02 5.0086672503e-14 2.4110280690e-14 2.5976391813e-14
2.7618408203e+02 5.0125495515e-14 2.4140598191e-14 2.5984897325e-14
2.7624511719e+02 5.0132717892e-14 2.4174406315e-14 2.5958311577e-14
2.7630615234e+02 5.0088483036e-14 2.4186070287e-14 2.5902412749e-14
2.7636718750e+02 4.9994203953e-14 2.4155593352e-14 2.5838610601e-14
2.7642822266e+02 4.9878097192e-14 2.4095084837e-14 2.5783012355e-14
2.7648925781e+02 4.9777789677e-14 2.4037971309e-14 2.5739818368e-14
2.7655029297e+02 4.9710113926e-14 2.4001509525e-14 2.5708604401e-14
2.7661132812e+02 4.9664448917e-14 2.3978363361e-14 2.5686085556e-14
2.7667236328e+02 4.9626364370e-14 2.3960210190e-14 2.5666154180e-14
2.7673339844e+02 4.9597319709e-14 2.3948035114e-14 2.5649284595e-14
2.7679443359e+02 4.9589838269e-14 2.3945080037e-14 2.5644758233e-14
2.7685546875e+02 4.9609865977e-14 2.3954011313e-14 2.5655854665e-14
2.7691650391e+02 4.9642041245e-14 2.3972693983e-14 2.5669347261e-14
2.7697753906e+02 4.9650044436e-14 2.3986985840e-14 2.5663058596e-14
2.7703857422e+02 4.9601125557e-14 2.3979702568e-14 2.5621422989e-14
2.7709960938e+02 4.9500017437e-14 2.3949938378e-14 2.5550079058e-14
2.7716064453e+02 4.9390514665e-14 2.3911332085e-14 2.5479182580e-14
2.7722167969e+02 4.9311747642e-14 2.3871082384e-14 2.5440665258e-14
2.7728271484e+02 4.9261723933e-14 2.3825897482e-14 2.5435826451e-14
2.7734375000e+02 4.9214556884e-14 2.3778041218e-14 2.5436515666e-14
2.7740478516e+02 4.9161707985e-14 2.3740783002e-14 2.5420924983e-14
2.7746582031e+02 4.9120773644e-14 2.3727586498e-14 2.5393187146e-14
2.7752685547e+02 4.9105889799e-14 2.3739595844e-14 2.5366293955e-14
2.7758789062e+02 4.9103810440e-14 2.3762312301e-14 2.5341498139e-14
2.7764892578e+02 4.9087934676e-14 2.3779578236e-14 2.5308356440e-14
2.7770996094e+02 4.9045782785e-14 2.3789054057e-14 2.5256728728e-14
2.7777099609e+02 4.8981281785e-14 2.3793533862e-14 2.5187747923e-14
2.7783203125e+02 4.8903452241e-14 2.3786028380e-14 2.5117423861e-14
2.7789306641e+02 4.8824361211e-14 2.3758586149e-14 2.5065775061e-14
2.7795410156e+02 4.8751286540e-14 2.3714637110e-14 2.5036649430e-14
2.7801513672e+02 4.8672576024e-14 2.3660383328e-14 2.5012192696e-14
2.7807617188e+02 4.8569238592e-14 2.3596882689e-14 2.4972355903e-14
2.7813720703e+02 4.8443681081e-14 2.3527173361e-14 2.4916507720e-14
2.7819824219e+02 4.8320982956e-14 2.3458607203e-14 2.4862375753e-14
2.7825927734e+02 4.8224976419e-14 2.3398107617e-14 2.4826868802e-14
2.7832031250e+02 4.8162533452e-14 2.3351758437e-14 2.4810775015e-14
2.7838134766e+02 4.8120226860e-14 2.3320935194e-14 2.4799291665e-14
2.7844238281e+02 4.8074244749e-14 2.3300181092e-14 2.4774063658e-14
2.7850341797e+02 4.8013803303e-14 2.3287925102e-14 2.4725878201e-14
2.7856445312e+02 4.7944823698e-14 2.3286728847e-14 2.4658094851e-14
2.7862548828e+02 4.7868481006e-14 2.3287880817e-14 2.4580600189e-14
2.7868652344e+02 4.7782773742e-14 2.3276228772e-14 2.4506544970e-14
2.7874755859e+02 4.7704852935e-14 2.3250986822e-14 2.4453866113e-14
2.7880859375e+02 4.7655261806e-14 2.3222911349e-14 2.4432350457e-14
2.7886962891e+02 4.7622185065e-14 2.3197834740e-14 2.4424350325e-14
2.7893066406e+02 4.7576865153e-14 2.3179238493e-14 2.4397626660e-14
2.7899169922e+02 4.7510415351e-14 2.3173131942e-14 2.4337283410e-14
2.7905273438e+02 4.7426038357e-14 2.3174950278e-14 2.4251088079e-14
2.7911376953e+02 4.7324614600e-14 2.3169205860e-14 2.4155408740e-14
2.7917480469e+02 4.7220480669e-14 2.3153555061e-14 2.4066925608e-14
2.7923583984e+02 4.7135697589e-14 2.3141790954e-14 2.3993906635e-14
2.7929687500e+02 4.7067635557e-14 2.3137456056e-14 2.3930179501e-14
2.7935791016e+02 4.6995105381e-14 2.3126817969e-14 2.3868287413e-14
2.7941894531e+02 4.6909537797e-14 2.3097160693e-14 2.3812377104e-14
2.7947998047e+02 4.6811847903e-14 2.3045070553e-14 2.3766777350e-14
2.7954101562e+02 4.6702266639e-14 2.2976620912e-14 2.3725645727e-14
2.7960205078e+02 4.6595601060e-14 2.2912998847e-14 2.3682602213e-14
2.7966308594e+02 4.6516808096e-14 2.2880256218e-14 2.3636551878e-14
2.7972412109e+02 4.6470255682e-14 2.2883034637e-14 2.3587221045e-14
2.7978515625e+02 4.6436868019e-14 2.2902203437e-14 2.3534664581e-14
2.7984619141e+02 4.6394265357e-14 2.2916154867e-14 2.3478110490e-14
2.7990722656e+02 4.6324030821e-14 2.2910603879e-14 2.3413426942e-14
2.7996826172e+02 4.6220034345e-14 2.2880116331e-14 2.3339918015e-14
2.8002929688e+02 4.6098240402e-14 2.2833621610e-14 2.3264618792e-14
2.8009033203e+02 4.5979836699e-14 2.2788676452e-14 2.3191160247e-14
2.8015136719e+02 4.5870095855e-14 2.2756444878e-14 2.3113650977e-14
2.8021240234e+02 4.5765534492e-14 2.2737368630e-14 2.3028165862e-14
2.8027343750e+02 4.5665818274e-14 2.2725235729e-14 2.2940582545e-14
2.8033447266e+02 4.5570191889e-14 2.2710341449e-14 2.2859850439e-14
2.8039550781e+02 4.5472119563e-14 2.2683015260e-14 2.2789104304e-14
2.8045654297e+02 4.5361693762e-14 2.2637719662e-14 2.2723974100e-14
2.8051757812e+02 4.5235611450e-14 2.2579102368e-14 2.2656509082e-14
2.8057861328e+02 4.5105969272e-14 2.2523705575e-14 2.2582263696e-14
2.8063964844e+02 4.4994080412e-14 2.2485116991e-14 2.2508963422e-14
2.8070068359e+02 4.4910884722e-14 2.2459127553e-14 2.2451757168e-14
2.8076171875e+02 4.4847326291e-14 2.2434346979e-14 2.2412979312e-14
2.8082275391e+02 4.4790976210e-14 2.2410832075e-14 2.2380144135e-14
2.8088378906e+02 4.4740195925e-14 2.2394911861e-14 2.2345284065e-14
2.8094482422e+02 4.4688179911e-14 2.2383663800e-14 2.2304516112e-14
2.8100585938e+02 4.4613302800e-14 2.2369109428e-14 2.2244193372e-14
2.8106689453e+02 4.4503402475e-14 2.2349733455e-14 2.2153669020e-14
2.8112792969e+02 4.4374870028e-14 2.2327142465e-14 2.2047727563e-14
2.8118896484e+02 4.4259236546e-14 2.2303336005e-14 2.1955900541e-14
2.8125000000e+02 4.4177874627e-14 2.2286697986e-14 2.1891176641e-14
2.8131103516e+02 4.4127093514e-14 2.2283520089e-14 2.1843573425e-14
2.8137207031e+02 4.4083652924e-14 2.2282431957e-14 2.1801220968e-14
2.8143310547e+02 4.4026772343e-14 2.2264380745e-14 2.1762391599e-14
2.8149414062e+02 4.3952912921e-14 2.2226884603e-14 2.1726028318e-14
2.8155517578e+02 4.3873640632e-14 2.2188412320e-14 2.1685228311e-14
2.8161621094e+02 4.3808058641e-14 2.2171381374e-14 2.1636677267e-14
2.8167724609e+02 4.3770215344e-14 2.2182728636e-14 2.1587486708e-14
2.8173828125e+02 4.3756307821e-14 2.2209448094e-14 2.1546859727e-14
2.8179931641e+02 4.3748133537e-14 2.2233055907e-14 2.1515077630e-14
2.8186035156e+02 4.3727436000e-14 2.2244286519e-14 2.1483149481e-14
2.8192138672e+02 4.3684476924e-14 2.2242955652e-14 2.1441521272e-14
2.8198242188e+02 4.3617375183e-14 2.2227204057e-14 2.1390171126e-14
2.8204345703e+02 4.3526655506e-14 2.2186801532e-14 2.1339853974e-14
2.8210449219e+02 4.3413503744e-14 2.2114436319e-14 2.1299067426e-14
2.8216552734e+02 4.3285254408e-14 2.2022915604e-14 2.1262338804e-14
2.8222656250e+02 4.3156512518e-14 2.1941286432e-14 2.1215226086e-14
2.8228759766e+02 4.3040361312e-14 2.1891274225e-14 2.1149087087e-14
2.8234863281e+02 4.2944541660e-14 2.1872730310e-14 2.1071811349e-14
2.8240966797e+02 4.2874458240e-14 2.1872469882e-14 2.1001988358e-14
2.8247070312e+02 4.2828533909e-14 2.1879551729e-14 2.0948982180e-14
2.8253173828e+02 4.2796920221e-14 2.1889178328e-14 2.0907741893e-14
2.8259277344e+02 4.2772001185e-14 2.1897341191e-14 2.0874659994e-14
2.8265380859e+02 4.2744491962e-14 2.1896454708e-14 2.0848037254e-14
2.8271484375e+02 4.2697297726e-14 2.1881770939e-14 2.0815526787e-14
2.8277587891e+02 4.2630877182e-14 2.1862101985e-14 2.0768775197e-14
2.8283691406e+02 4.2574740649e-14 2.1851108288e-14 2.0723632361e-14
2.8289794922e+02 4.2548184543e-14 2.1846635055e-14 2.0701549488e-14
2.8295898438e+02 4.2531663823e-14 2.1834773231e-14 2.0696890592e-14
2.8302001953e+02 4.2493533404e-14 2.1812733128e-14 2.0680800276e-14
2.8308105469e+02 4.2428775246e-14 2.1791639574e-14 2.0637135672e-14
2.8314208984e+02 4.2357837663e-14 2.1778814680e-14 2.0579022983e-14
2.8320312500e+02 4.2298902121e-14 2.1769772782e-14 2.0529129339e-14
2.8326416016e+02 4.2259137340e-14 2.1758936225e-14 2.0500201115e-14
2.8332519531e+02 4.2243546124e-14 2.1750873697e-14 2.0492672427e-14
2.8338623047e+02 4.2247471176e-14 2.1754402643e-14 2.0493068533e-14
2.8344726562e+02 4.2244476875e-14 2.1767197707e-14 2.0477279167e-14
2.8350830078e+02 4.2205164900e-14 2.1774106274e-14 2.0431058626e-14
2.8356933594e+02 4.2128526927e-14 2.1761120715e-14 2.0367406212e-14
2.8363037109e+02 4.2038920125e-14 2.1726085788e-14 2.0312834338e-14
2.8369140625e+02 4.1953648174e-14 2.1677999349e-14 2.0275648825e-14
2.8375244141e+02 4.1872108238e-14 2.1632115018e-14 2.0239993220e-14
2.8381347656e+02 4.1797528308e-14 2.1603489928e-14 2.0194038380e-14
2.8387451172e+02 4.1745975065e-14 2.1596442150e-14 2.0149532915e-14
2.8393554688e+02 4.1724529071e-14 2.1599986399e-14 2.0124542673e-14
2.8399658203e+02 4.1717218028e-14 2.1599049898e-14 2.0118168131e-14
2.8405761719e+02 4.1702566067e-14 2.1588729719e-14 2.0113836348e-14
2.8411865234e+02 4.1672508992e-14 2.1573969608e-14 2.0098539383e-14
2.8417968750e+02 4.1626182992e-14 2.1557510934e-14 2.0068672058e-14
2.8424072266e+02 4.1558687933e-14 2.1534295979e-14 2.0024391954e-14
2.8430175781e+02 4.1468893496e-14 2.1500542544e-14 1.9968350953e-14
2.8436279297e+02 4.1370375691e-14 2.1460710812e-14 1.9909664879e-14
2.8442382812e+02 4.1282514994e-14 2.1419593065e-14 1.9862921928e-14
2.8448486328e+02 4.1218338307e-14 2.1380275571e-14 1.9838062736e-14
2.8454589844e+02 4.1185942040e-14 2.1353549049e-14 1.9832392991e-14
2.8460693359e+02 4.1184540468e-14 2.1349512596e-14 1.9835027871e-14
2.8466796875e+02 4.1192815498e-14 2.1359716291e-14 1.9833099206e-14
2.8472900391e+02 4.1179768426e-14 2.1366991513e-14 1.9812776913e-14
2.8479003906e+02 4.1136137755e-14 2.1368752199e-14 1.9767385556e-14
2.8485107422e+02 4.1081573218e-14 2.1373498062e-14 1.9708075156e-14
2.8491210938e+02 4.1037727630e-14 2.1381014062e-14 1.9656713568e-14
2.8497314453e+02 4.1010442155e-14 2.1382938997e-14 1.9627503158e-14
2.8503417969e+02 4.0994723553e-14 2.1376084826e-14 1.9618638727e-14
2.8509521484e+02 4.0975748313e-14 2.1359710892e-14 1.9616037421e-14
2.8515625000e+02 4.0934084111e-14 2.1330268090e-14 1.9603816021e-14
2.8521728516e+02 4.0872813688e-14 2.1295273107e-14 1.9577540582e-14
2.8527832031e+02 4.0826489135e-14 2.1278421564e-14 1.9548067571e-14
2.8533935547e+02 4.0822633624e-14 2.1294027714e-14 1.9528605911e-14
2.8540039062e+02 4.0846507538e-14 2.1326724918e-14 1.9519782620e-14
2.8546142578e+02 4.0861328386e-14 2.1348912139e-14 1.9512416247e-14
2.8552246094e+02 4.0852825067e-14 2.1352281942e-14 1.9500543125e-14
2.8558349609e+02 4.0835963422e-14 2.1350523112e-14 1.9485440310e-14
2.8564453125e+02 4.0824701756e-14 2.1353809301e-14 1.9470892456e-14
2.8570556641e+02 4.0811468254e-14 2.1354652791e-14 1.9456815463e-14
2.8576660156e+02 4.0774669475e-14 2.1339202542e-14 1.9435466933e-14
2.8582763672e+02 4.0697407600e-14 2.1300367655e-14 1.9397039946e-14
2.8588867188e+02 4.0581216688e-14 2.1239531220e-14 1.9341685469e-14
2.8594970703e+02 4.0449072950e-14 2.1165834269e-14 1.9283238681e-14
2.8601074219e+02 4.0333683089e-14 2.1097188302e-14 1.9236494787e-14
2.8607177734e+02 4.0255073992e-14 2.1054061966e-14 1.9201012025e-14
2.8613281250e+02 4.0209982279e-14 2.1044984004e-14 1.9164998274e-14
2.8619384766e+02 4.0186331838e-14 2.1060548679e-14 1.9125783160e-14
2.8625488281e+02 4.0177190898e-14 2.1083098687e-14 1.9094092211e-14
2.8631591797e+02 4.0171873884e-14 2.1097035865e-14 1.9074838019e-14
2.8637695312e+02 4.0149568496e-14 2.1091145117e-14 1.9058423379e-14
2.8643798828e+02 4.0098345465e-14 2.1063138107e-14 1.9035207359e-14
2.8649902344e+02 4.0030567809e-14 2.1025644430e-14 1.9004923379e-14
2.8656005859e+02 3.9969807096e-14 2.0997287890e-14 1.8972519207e-14
2.8662109375e+02 3.9933097035e-14 2.0986927213e-14 1.8946169821e-14
2.8668212891e+02 3.9925461264e-14 2.0992388385e-14 1.8933072879e-14
2.8674316406e+02 3.9931930333e-14 2.1003350692e-14 1.8928579641e-14
2.8680419922e+02 3.9919564900e-14 2.1000807621e-14 1.8918757279e-14
2.8686523438e+02 3.9873481666e-14 2.0974875209e-14 1.8898606456e-14
2.8692626953e+02 3.9820856444e-14 2.0945333793e-14 1.8875522650e-14
2.8698730469e+02 3.9791618806e-14 2.0940008387e-14 1.8851610420e-14
2.8704833984e+02 3.9772562847e-14 2.0955408971e-14 1.8817153876e-14
2.8710937500e+02 3.9728655056e-14 2.0962149240e-14 1.8766505817e-14
2.8717041016e+02 3.9653742637e-14 2.0944221990e-14 1.8709520648e-14
2.8723144531e+02 3.9574271626e-14 2.0911527818e-14 1.8662743809e-14
2.8729248047e+02 3.9510907737e-14 2.0877541698e-14 1.8633366039e-14
2.8735351562e+02 3.9460710995e-14 2.0846845343e-14 1.8613865652e-14
2.8741455078e+02 3.9414763443e-14 2.0824766862e-14 1.8589996581e-14
2.8747558594e+02 3.9366976766e-14 2.0818247244e-14 1.8548729522e-14
2.8753662109e+02 3.9305519443e-14 2.0823225982e-14 1.8482293461e-14
2.8759765625e+02 3.9221614373e-14 2.0825475835e-14 1.8396138538e-14
2.8765869141e+02 3.9129276168e-14 2.0817104254e-14 1.8312171914e-14
2.8771972656e+02 3.9056874226e-14 2.0803198919e-14 1.8253675307e-14
2.8778076172e+02 3.9015144894e-14 2.0790601522e-14 1.8224543372e-14
2.8784179688e+02 3.8984134071e-14 2.0776416442e-14 1.8207717629e-14
2.8790283203e+02 3.8935884957e-14 2.0751637899e-14 1.8184247058e-14
2.8796386719e+02 3.8867081707e-14 2.0716848740e-14 1.8150232968e-14
2.8802490234e+02 3.8803666805e-14 2.0689273548e-14 1.8114393257e-14
2.8808593750e+02 3.8769934498e-14 2.0685453894e-14 1.8084480603e-14
2.8814697266e+02 3.8760173877e-14 2.0699733553e-14 1.8060440324e-14
2.8820800781e+02 3.8745425582e-14 2.0709256042e-14 1.8036169541e-14
2.8826904297e+02 3.8702538781e-14 2.0698146436e-14 1.8004392345e-14
2.8833007812e+02 3.8632510773e-14 2.0670191719e-14 1.7962319054e-14
2.8839111328e+02 3.8551708065e-14 2.0638156018e-14 1.7913552047e-14
2.8845214844e+02 3.8474878779e-14 2.0609175994e-14 1.7865702785e-14
2.8851318359e+02 3.8411556252e-14 2.0584660421e-14 1.7826895831e-14
2.8857421875e+02 3.8368100408e-14 2.0565719610e-14 1.7802380797e-14
2.8863525391e+02 3.8346790909e-14 2.0553794370e-14 1.7792996539e-14
2.8869628906e+02 3.8343274872e-14 2.0548823190e-14 1.7794451682e-14
2.8875732422e+02 3.8345326939e-14 2.0549290636e-14 1.7796036303e-14
2.8881835938e+02 3.8336697307e-14 2.0553930365e-14 1.7782766942e-14
2.8887939453e+02 3.8300321352e-14 2.0557767549e-14 1.7742553803e-14
2.8894042969e+02 3.8223360508e-14 2.0547959991e-14 1.7675400517e-14
2.8900146484e+02 3.8113985603e-14 2.0516036711e-14 1.7597948891e-14
2.8906250000e+02 3.8007232992e-14 2.0473195197e-14 1.7534037796e-14
2.8912353516e+02 3.7937295203e-14 2.0441304154e-14 1.7495991048e-14
2.8918457031e+02 3.7906843685e-14 2.0431685019e-14 1.7475158666e-14
2.8924560547e+02 3.7889919223e-14 2.0439553950e-14 1.7450365273e-14
2.8930664062e+02 3.7860075453e-14 2.0454130147e-14 1.7405945307e-14
2.8936767578e+02 3.7811229038e-14 2.0467735349e-14 1.7343493689e-14
2.8942871094e+02 3.7753434474e-14 2.0475191661e-14 1.7278242813e-14
2.8948974609e+02 3.7697911016e-14 2.0470808403e-14 1.7227102613e-14
2.8955078125e+02 3.7650972754e-14 2.0451563463e-14 1.7199409291e-14
2.8961181641e+02 3.7615239007e-14 2.0421445524e-14 1.7193793484e-14
2.8967285156e+02 3.7589197580e-14 2.0388935813e-14 1.7200261766e-14
2.8973388672e+02 3.7566388756e-14 2.0361383778e-14 1.7205004978e-14
2.8979492188e+02 3.7536992672e-14 2.0342277863e-14 1.7194714809e-14
2.8985595703e+02 3.7491593201e-14 2.0330027861e-14 1.7161565340e-14
2.8991699219e+02 3.7430374891e-14 2.0319284289e-14 1.7111090601e-14
2.8997802734e+02 3.7365546333e-14 2.0305049254e-14 1.7060497079e-14
2.9003906250e+02 3.7304145982e-14 2.0283932776e-14 1.7020213206e-14
2.9010009766e+02 3.7240554231e-14 2.0256258287e-14 1.6984295944e-14
2.9016113281e+02 3.7177179472e-14 2.0231966773e-14 1.6945212698e-14
2.9022216797e+02 3.7133517982e-14 2.0225969419e-14 1.6907548564e-14
2.9028320312e+02 3.7122474420e-14 2.0242300514e-14 1.6880173906e-14
2.9034423828e+02 3.7131716135e-14 2.0269437829e-14 1.6862278306e-14
2.9040527344e+02 3.7134871765e-14 2.0291293634e-14 1.6843578132e-14
2.9046630859e+02 3.7111613765e-14 2.0297899728e-14 1.6813714037e-14
2.9052734375e+02 3.7060197521e-14 2.0289752774e-14 1.6770444747e-14
2.9058837891e+02 3.6999463528e-14 2.0275462360e-14 1.6724001168e-14
2.9064941406e+02 3.6951395314e-14 2.0261448449e-14 1.6689946865e-14
2.9071044922e+02 3.6919292763e-14 2.0245140943e-14 1.6674151820e-14
2.9077148438e+02 3.6889963941e-14 2.0220789646e-14 1.6669174295e-14
2.9083251953e+02 3.6851722250e-14 2.0187927985e-14 1.6663794265e-14
2.9089355469e+02 3.6799797093e-14 2.0151480196e-14 1.6648316897e-14
2.9095458984e+02 3.6730452770e-14 2.0115550357e-14 1.6614902413e-14
2.9101562500e+02 3.6646337193e-14 2.0081286352e-14 1.6565050840e-14
2.9107666016e+02 3.6565670488e-14 2.0050492884e-14 1.6515177604e-14
2.9113769531e+02 3.6510567132e-14 2.0023454528e-14 1.6487112604e-14
2.9119873047e+02 3.6485563345e-14 1.9993839987e-14 1.6491723358e-14
2.9125976562e+02 3.6477998697e-14 1.9958826341e-14 1.6519172356e-14
2.9132080078e+02 3.6477107449e-14 1.9932612256e-14 1.6544495193e-14
2.9138183594e+02 3.6478377219e-14 1.9932104839e-14 1.6546272380e-14
2.9144287109e+02 3.6471456500e-14 1.9950748235e-14 1.6520708265e-14
2.9150390625e+02 3.6443339953e-14 1.9963101303e-14 1.6480238649e-14
2.9156494141e+02 3.6399273791e-14 1.9955567822e-14 1.6443705969e-14
2.9162597656e+02 3.6366146693e-14 1.9940798491e-14 1.6425348202e-14
2.9168701172e+02 3.6363021608e-14 1.9937463120e-14 1.6425558488e-14
2.9174804688e+02 3.6375199219e-14 1.9944779453e-14 1.6430419766e-14
2.9180908203e+02 3.6367853115e-14 1.9944912424e-14 1.6422940691e-14
2.9187011719e+02 3.6319756671e-14 1.9924870313e-14 1.6394886358e-14
2.9193115234e+02 3.6239161375e-14 1.9890235905e-14 1.6348925469e-14
2.9199218750e+02 3.6154240634e-14 1.9858889838e-14 1.6295350796e-14
2.9205322266e+02 3.6089876695e-14 1.9843197987e-14 1.6246678707e-14
2.9211425781e+02 3.6049727692e-14 1.9840679835e-14 1.6209047858e-14
2.9217529297e+02 3.6019983384e-14 1.9839448351e-14 1.6180535033e-14
2.9223632812e+02 3.5986994170e-14 1.9827960033e-14 1.6159034136e-14
2.9229736328e+02 3.5947222642e-14 1.9803211882e-14 1.6144010760e-14
2.9235839844e+02 3.5905102596e-14 1.9773625579e-14 1.6131477017e-14
2.9241943359e+02 3.5868317908e-14 1.9753435960e-14 1.6114881948e-14
2.9248046875e+02 3.5842795147e-14 1.9750959613e-14 1.6091835534e-14
2.9254150391e+02 3.5827711759e-14 1.9759303363e-14 1.6068408396e-14
2.9260253906e+02 3.5816688696e-14 1.9763571068e-14 1.6053117628e-14
2.9266357422e+02 3.5805016022e-14 1.9760204730e-14 1.6044811292e-14
2.9272460938e+02 3.5794137663e-14 1.9761425355e-14 1.6032712309e-14
2.9278564453e+02 3.5788224696e-14 1.9778136668e-14 1.6010088028e-14
2.9284667969e+02 3.5785764583e-14 1.9806450833e-14 1.5979313751e-14
2.9290771484e+02 3.5777611646e-14 1.9833967345e-14 1.5943644301e-14
2.9296875000e+02 3.5758702392e-14 1.9852853459e-14 1.5905848933e-14
2.9302978516e+02 3.5736884672e-14 1.9861790346e-14 1.5875094326e-14
2.9309082031e+02 3.5721586444e-14 1.9858607975e-14 1.5862978468e-14
2.9315185547e+02 3.5708121415e-14 1.9839047200e-14 1.5869074215e-14
2.9321289062e+02 3.5679727145e-14 1.9802786662e-14 1.5876940483e-14
2.9327392578e+02 3.5623217288e-14 1.9753765085e-14 1.5869452204e-14
2.9333496094e+02 3.5546799991e-14 1.9698362761e-14 1.5848437230e-14
2.9339599609e+02 3.5485847908e-14 1.9650352705e-14 1.5835495204e-14
2.9345703125e+02 3.5476645903e-14 1.9628017408e-14 1.5848628495e-14
2.9351806641e+02 3.5516802242e-14 1.9635881606e-14 1.5880920635e-14
2.9357910156e+02 3.5565568918e-14 1.9656956051e-14 1.5908612867e-14
2.9364013672e+02 3.5587501233e-14 1.9671056180e-14 1.5916445053e-14
2.9370117188e+02 3.5582933246e-14 1.9675617012e-14 1.5907316235e-14
2.9376220703e+02 3.5571295393e-14 1.9681296434e-14 1.5889998959e-14
2.9382324219e+02 3.5558843482e-14 1.9691097184e-14 1.5867746299e-14
2.9388427734e+02 3.5537837678e-14 1.9696430921e-14 1.5841406757e-14
2.9394531250e+02 3.5506591076e-14 1.9691328511e-14 1.5815262565e-14
2.9400634766e+02 3.5471019956e-14 1.9675855189e-14 1.5795164767e-14
2.9406738281e+02 3.5432054086e-14 1.9650403825e-14 1.5781650261e-14
2.9412841797e+02 3.5386728063e-14 1.9620000387e-14 1.5766727676e-14
2.9418945312e+02 3.5338548656e-14 1.9596126123e-14 1.5742422533e-14
2.9425048828e+02 3.5294289832e-14 1.9583986177e-14 1.5710303655e-14
2.9431152344e+02 3.5256085501e-14 1.9577697018e-14 1.5678388483e-14
2.9437255859e+02 3.5226588912e-14 1.9572941744e-14 1.5653647169e-14
2.9443359375e+02 3.5209072808e-14 1.9571549405e-14 1.5637523403e-14
2.9449462891e+02 3.5193341459e-14 1.9570497578e-14 1.5622843881e-14
2.9455566406e+02 3.5159677028e-14 1.9560450329e-14 1.5599226699e-14
2.9461669922e+02 3.5105840846e-14 1.9539220035e-14 1.5566620811e-14
2.9467773438e+02 3.5052370514e-14 1.9514875020e-14 1.5537495494e-14
2.9473876953e+02 3.5017474311e-14 1.9494397066e-14 1.5523077245e-14
2.9479980469e+02 3.5003617422e-14 1.9480727915e-14 1.5522889507e-14
2.9486083984e+02 3.5007004609e-14 1.9478745537e-14 1.5528259072e-14
2.9492187500e+02 3.5023602112e-14 1.9491921237e-14 1.5531680875e-14
2.9498291016e+02 3.5044540500e-14 1.9513137191e-14 1.5531403310e-14
2.9504394531e+02 3.5056370466e-14 1.9527164770e-14 1.5529205695e-14
2.9510498047e+02 3.5052259176e-14 1.9525843476e-14 1.5526415699e-14
2.9516601562e+02 3.5039095092e-14 1.9517173795e-14 1.5521921297e-14
2.9522705078e+02 3.5025885729e-14 1.9514301750e-14 1.5511583979e-14
2.9528808594e+02 3.5010341470e-14 1.9519234096e-14 1.5491107373e-14
2.9534912109e+02 3.4984599184e-14 1.9523083768e-14 1.5461515416e-14
2.9541015625e+02 3.4945032346e-14 1.9517471329e-14 1.5427561017e-14
2.9547119141e+02 3.4893429689e-14 1.9502638384e-14 1.5390791305e-14
2.9553222656e+02 3.4838290420e-14 1.9487972623e-14 1.5350317797e-14
2.9559326172e+02 3.4794102959e-14 1.9483137904e-14 1.5310965054e-14
2.9565429688e+02 3.4772832914e-14 1.9487565511e-14 1.5285267403e-14
2.9571533203e+02 3.4771941422e-14 1.9489984437e-14 1.5281956984e-14
2.9577636719e+02 3.4770892041e-14 1.9476896075e-14 1.5293995967e-14
2.9583740234e+02 3.4750044808e-14 1.9444496682e-14 1.5305548125e-14
2.9589843750e+02 3.4715475094e-14 1.9405225474e-14 1.5310249621e-14
2.9595947266e+02 3.4691975262e-14 1.9378219543e-14 1.5313755720e-14
2.9602050781e+02 3.4689239170e-14 1.9372146039e-14 1.5317093131e-14
2.9608154297e+02 3.4686067469e-14 1.9379318348e-14 1.5306749121e-14
2.9614257812e+02 3.4653138618e-14 1.9383888838e-14 1.5269249780e-14
2.9620361328e+02 3.4586500357e-14 1.9374024337e-14 1.5212476020e-14
2.9626464844e+02 3.4511828643e-14 1.9349946053e-14 1.5161882590e-14
2.9632568359e+02 3.4459591996e-14 1.9324924517e-14 1.5134667480e-14
2.9638671875e+02 3.4442584998e-14 1.9315737087e-14 1.5126847912e-14
2.9644775391e+02 3.4451655461e-14 1.9326822689e-14 1.5124832772e-14
2.9650878906e+02 3.4468131730e-14 1.9347637990e-14 1.5120493740e-14
2.9656982422e+02 3.4479823761e-14 1.9365689512e-14 1.5114134248e-14
2.9663085938e+02 3.4482890576e-14 1.9374339086e-14 1.5108551491e-14
2.9669189453e+02 3.4475425280e-14 1.9370673876e-14 1.5104751404e-14
2.9675292969e+02 3.4456894181e-14 1.9353934178e-14 1.5102960003e-14
2.9681396484e+02 3.4430358275e-14 1.9328218954e-14 1.5102139321e-14
2.9687500000e+02 3.4403781613e-14 1.9305897552e-14 1.5097884062e-14
2.9693603516e+02 3.4387798729e-14 1.9301771015e-14 1.5086027714e-14
2.9699707031e+02 3.4387697879e-14 1.9319192476e-14 1.5068505403e-14
2.9705810547e+02 3.4399749870e-14 1.9347669241e-14 1.5052080628e-14
2.9711914062e+02 3.4415680303e-14 1.9375341715e-14 1.5040338588e-14
2.9718017578e+02 3.4428078714e-14 1.9396687778e-14 1.5031390936e-14
2.9724121094e+02 3.4433709073e-14 1.9408636860e-14 1.5025072213e-14
2.9730224609e+02 3.4432065718e-14 1.9408649304e-14 1.5023416414e-14
2.9736328125e+02 3.4422409134e-14 1.9398980973e-14 1.5023428161e-14
2.9742431641e+02 3.4405242164e-14 1.9385111051e-14 1.5020131113e-14
2.9748535156e+02 3.4381391504e-14 1.9369183263e-14 1.5012208241e-14
2.9754638672e+02 3.4346680408e-14 1.9351714368e-14 1.4994966039e-14
2.9760742188e+02 3.4294871725e-14 1.9334597581e-14 1.4960274144e-14
2.9766845703e+02 3.4232164790e-14 1.9316361263e-14 1.4915803526e-14
2.9772949219e+02 3.4183189492e-14 1.9293687620e-14 1.4889501872e-14
2.9779052734e+02 3.4171781676e-14 1.9270980569e-14 1.4900801107e-14
2.9785156250e+02 3.4195010651e-14 1.9259767048e-14 1.4935243602e-14
2.9791259766e+02 3.4223440205e-14 1.9266288642e-14 1.4957151563e-14
2.9797363281e+02 3.4230151084e-14 1.9284672311e-14 1.4945478774e-14
2.9803466797e+02 3.4212815620e-14 1.9303557491e-14 1.4909258129e-14
2.9809570312e+02 3.4184498773e-14 1.9315006628e-14 1.4869492146e-14
2.9815673828e+02 3.4153656782e-14 1.9315834560e-14 1.4837822222e-14
2.9821777344e+02 3.4119366159e-14 1.9306348202e-14 1.4813017957e-14
2.9827880859e+02 3.4080408983e-14 1.9291845571e-14 1.4788563412e-14
2.9833984375e+02 3.4043121001e-14 1.9280357123e-14 1.4762763878e-14
2.9840087891e+02 3.4017711568e-14 1.9274049288e-14 1.4743662280e-14
2.9846191406e+02 3.4006540724e-14 1.9265451967e-14 1.4741088757e-14
2.9852294922e+02 3.3999051390e-14 1.9244052042e-14 1.4754999348e-14
2.9858398438e+02 3.3981194480e-14 1.9206017598e-14 1.4775176882e-14
2.9864501953e+02 3.3949026756e-14 1.9159283948e-14 1.4789742808e-14
2.9870605469e+02 3.3912567745e-14 1.9119582631e-14 1.4792985114e-14
2.9876708984e+02 3.3886442398e-14 1.9099226519e-14 1.4787215879e-14
2.9882812500e+02 3.3873894277e-14 1.9098211781e-14 1.4775682496e-14
2.9888916016e+02 3.3862816840e-14 1.9106050059e-14 1.4756766780e-14
2.9895019531e+02 3.3842126160e-14 1.9112927279e-14 1.4729198881e-14
2.9901123047e+02 3.3816209442e-14 1.9119423706e-14 1.4696785736e-14
2.9907226562e+02 3.3799898009e-14 1.9132900045e-14 1.4666997963e-14
2.9913330078e+02 3.3804112678e-14 1.9154681737e-14 1.4649430940e-14
2.9919433594e+02 3.3826509630e-14 1.9176740325e-14 1.4649769305e-14
2.9925537109e+02 3.3850216559e-14 1.9188136199e-14 1.4662080360e-14
2.9931640625e+02 3.3853078785e-14 1.9180712605e-14 1.4672366181e-14
2.9937744141e+02 3.3827502376e-14 1.9158323197e-14 1.4669179179e-14
2.9943847656e+02 3.3792177587e-14 1.9141851374e-14 1.4650326213e-14
2.9949951172e+02 3.3776723986e-14 1.9151754553e-14 1.4624969433e-14
2.9956054688e+02 3.3791780462e-14 1.9182402681e-14 1.4609377780e-14
2.9962158203e+02 3.3816724596e-14 1.9202814151e-14 1.4613910445e-14
2.9968261719e+02 3.3818293398e-14 1.9186651938e-14 1.4631641459e-14
2.9974365234e+02 3.3781359369e-14 1.9136699024e-14 1.4644660345e-14
2.9980468750e+02 3.3723537526e-14 1.9079465809e-14 1.4644071717e-14
2.9986572266e+02 3.3679315336e-14 1.9041678127e-14 1.4637637209e-14
2.9992675781e+02 3.3668599771e-14 1.9033480565e-14 1.4635119206e-14
2.9998779297e+02 3.3683938749e-14 1.9048979973e-14 1.4634958776e-14
3.0004882812e+02 3.3702356317e-14 1.9073671383e-14 1.4628684934e-14
3.0010986328e+02 3.3700666842e-14 1.9090043206e-14 1.4610623636e-14
3.0017089844e+02 3.3670067396e-14 1.9086829521e-14 1.4583237875e-14
3.0023193359e+02 3.3624952672e-14 1.9067091282e-14 1.4557861390e-14
3.0029296875e+02 3.3587842419e-14 1.9042922777e-14 1.4544919642e-14
3.0035400391e+02 3.3564511012e-14 1.9022286125e-14 1.4542224887e-14
3.0041503906e+02 3.3545858708e-14 1.9005546414e-14 1.4540312294e-14
3.0047607422e+02 3.3530931081e-14 1.8995809884e-14 1.4535121197e-14
3.0053710938e+02 3.3529972077e-14 1.9001227213e-14 1.4528744864e-14
3.0059814453e+02 3.3542564610e-14 1.9018837985e-14 1.4523726625e-14
3.0065917969e+02 3.3549371188e-14 1.9029204206e-14 1.4520166982e-14
3.0072021484e+02 3.3533110998e-14 1.9017766618e-14 1.4515344380e-14
3.0078125000e+02 3.3499206199e-14 1.8992230927e-14 1.4506975271e-14
3.0084228516e+02 3.3467484987e-14 1.8970846719e-14 1.4496638269e-14
3.0090332031e+02 3.3445109781e-14 1.8959694435e-14 1.4485415346e-14
3.0096435547e+02 3.3418368822e-14 1.8949444885e-14 1.4468923937e-14
3.0102539062e+02 3.3377141126e-14 1.8931988815e-14 1.4445152311e-14
3.0108642578e+02 3.3335317000e-14 1.8912313359e-14 1.4423003641e-14
3.0114746094e+02 3.3316121861e-14 1.8902834932e-14 1.4413286929e-14
3.0120849609e+02 3.3327394905e-14 1.8911740024e-14 1.4415654881e-14
3.0126953125e+02 3.3358991772e-14 1.8937598721e-14 1.4421393052e-14
3.0133056641e+02 3.3393652985e-14 1.8968621563e-14 1.4425031422e-14
3.0139160156e+02 3.3415214175e-14 1.8988571235e-14 1.4426642939e-14
3.0145263672e+02 3.3413921446e-14 1.8990761677e-14 1.4423159769e-14
3.0151367188e+02 3.3387929744e-14 1.8982482066e-14 1.4405447678e-14
3.0157470703e+02 3.3342737896e-14 1.8973135912e-14 1.4369601984e-14
3.0163574219e+02 3.3294845253e-14 1.8967006587e-14 1.4327838666e-14
3.0169677734e+02 3.3269405623e-14 1.8967910796e-14 1.4301494827e-14
3.0175781250e+02 3.3280655131e-14 1.8978444342e-14 1.4302210789e-14
3.0181884766e+02 3.3316699912e-14 1.8992592740e-14 1.4324107172e-14
3.0187988281e+02 3.3352605443e-14 1.9000636773e-14 1.4351968670e-14
3.0194091797e+02 3.3373293532e-14 1.9003160753e-14 1.4370132779e-14
3.0200195312e+02 3.3377459473e-14 1.9010845558e-14 1.4366613916e-14
3.0206298828e+02 3.3366154726e-14 1.9028202440e-14 1.4337952286e-14
3.0212402344e+02 3.3336159679e-14 1.9043536194e-14 1.4292623486e-14
3.0218505859e+02 3.3287314413e-14 1.9039917451e-14 1.4247396962e-14
3.0224609375e+02 3.3230115738e-14 1.9013584244e-14 1.4216531494e-14
3.0230712891e+02 3.3176747667e-14 1.8976098245e-14 1.4200649422e-14
3.0236816406e+02 3.3129552103e-14 1.8941328984e-14 1.4188223119e-14
3.0242919922e+02 3.3086916231e-14 1.8915388821e-14 1.4171527410e-14
3.0249023438e+02 3.3054613679e-14 1.8897151554e-14 1.4157462124e-14
3.0255126953e+02 3.3041579058e-14 1.8883656544e-14 1.4157922514e-14
3.0261230469e+02 3.3043911939e-14 1.8871022989e-14 1.4172888950e-14
3.0267333984e+02 3.3042683912e-14 1.8854310472e-14 1.4188373441e-14
3.0273437500e+02 3.3024216795e-14 1.8835403833e-14 1.4188812962e-14
3.0279541016e+02 3.2994766179e-14 1.8826366718e-14 1.4168399461e-14
3.0285644531e+02 3.2968445676e-14 1.8835417162e-14 1.4133028514e-14
3.0291748047e+02 3.2949419556e-14 1.8855445957e-14 1.4093973599e-14
3.0297851562e+02 3.2933082990e-14 1.8872624358e-14 1.4060458633e-14
3.0303955078e+02 3.2913532623e-14 1.8877107873e-14 1.4036424751e-14
3.0310058594e+02 3.2882226884e-14 1.8862617768e-14 1.4019609116e-14
3.0316162109e+02 3.2833603305e-14 1.8830602688e-14 1.4003000618e-14
3.0322265625e+02 3.2778963895e-14 1.8797960858e-14 1.3981003037e-14
3.0328369141e+02 3.2739625616e-14 1.8783614081e-14 1.3956011535e-14
3.0334472656e+02 3.2720976618e-14 1.8785258380e-14 1.3935718238e-14
3.0340576172e+02 3.2704818882e-14 1.8782954077e-14 1.3921864806e-14
3.0346679688e+02 3.2671632234e-14 1.8762565401e-14 1.3909066833e-14
3.0352783203e+02 3.2624343256e-14 1.8727542248e-14 1.3896801009e-14
3.0358886719e+02 3.2586079678e-14 1.8696103618e-14 1.3889976060e-14
3.0364990234e+02 3.2577007160e-14 1.8690516145e-14 1.3886491015e-14
3.0371093750e+02 3.2595670612e-14 1.8718569390e-14 1.3877101222e-14
3.0377197266e+02 3.2619814548e-14 1.8762249044e-14 1.3857565504e-14
3.0383300781e+02 3.2624742891e-14 1.8790523086e-14 1.3834219805e-14
3.0389404297e+02 3.2605910160e-14 1.8785875581e-14 1.3820034579e-14
3.0395507812e+02 3.2581319264e-14 1.8756989216e-14 1.3824330048e-14
3.0401611328e+02 3.2565031810e-14 1.8723098499e-14 1.3841933311e-14
3.0407714844e+02 3.2546840817e-14 1.8690973587e-14 1.3855867231e-14
3.0413818359e+02 3.2510237994e-14 1.8658184593e-14 1.3852053401e-14
3.0419921875e+02 3.2461558288e-14 1.8632075110e-14 1.3829483178e-14
3.0426025391e+02 3.2426013408e-14 1.8626162266e-14 1.3799851142e-14
3.0432128906e+02 3.2417670470e-14 1.8639464888e-14 1.3778205582e-14
3.0438232422e+02 3.2426823021e-14 1.8655822811e-14 1.3771000210e-14
3.0444335938e+02 3.2438031213e-14 1.8664888699e-14 1.3773142514e-14
3.0450439453e+02 3.2445660178e-14 1.8671684317e-14 1.3773975861e-14
3.0456542969e+02 3.2447965151e-14 1.8682808482e-14 1.3765156669e-14
3.0462646484e+02 3.2441827254e-14 1.8693951718e-14 1.3747875536e-14
3.0468750000e+02 3.2426558341e-14 1.8694084196e-14 1.3732474145e-14
3.0474853516e+02 3.2401646971e-14 1.8673400605e-14 1.3728246367e-14
3.0480957031e+02 3.2366372222e-14 1.8631211411e-14 1.3735160811e-14
3.0487060547e+02 3.2328503728e-14 1.8585025830e-14 1.3743477899e-14
3.0493164062e+02 3.2299376158e-14 1.8560639038e-14 1.3738737120e-14
3.0499267578e+02 3.2279394624e-14 1.8567039677e-14 1.3712354948e-14
3.0505371094e+02 3.2264366327e-14 1.8593313396e-14 1.3671052931e-14
3.0511474609e+02 3.2256908191e-14 1.8625814441e-14 1.3631093750e-14
3.0517578125e+02 3.2256256454e-14 1.8654451879e-14 1.3601804575e-14
3.0523681641e+02 3.2250607577e-14 1.8671079839e-14 1.3579527737e-14
3.0529785156e+02 3.2227474637e-14 1.8671924699e-14 1.3555549938e-14
3.0535888672e+02 3.2181036727e-14 1.8655251624e-14 1.3525785102e-14
3.0541992188e+02 3.2114885809e-14 1.8619344836e-14 1.3495540973e-14
3.0548095703e+02 3.2048623179e-14 1.8572900610e-14 1.3475722568e-14
3.0554199219e+02 3.2009823361e-14 1.8538653730e-14 1.3471169631e-14
3.0560302734e+02 3.2005684287e-14 1.8532546886e-14 1.3473137401e-14
3.0566406250e+02 3.2013589292e-14 1.8545765463e-14 1.3467823828e-14
3.0572509766e+02 3.2011252773e-14 1.8558937292e-14 1.3452315481e-14
3.0578613281e+02 3.2001595904e-14 1.8566351320e-14 1.3435244583e-14
3.0584716797e+02 3.1995903507e-14 1.8574301511e-14 1.3421601996e-14
3.0590820312e+02 3.1989655192e-14 1.8583440470e-14 1.3406214722e-14
3.0596923828e+02 3.1969030710e-14 1.8585857247e-14 1.3383173463e-14
3.0603027344e+02 3.1930772755e-14 1.8576651450e-14 1.3354121305e-14
3.0609130859e+02 3.1887395700e-14 1.8560780079e-14 1.3326615621e-14
3.0615234375e+02 3.1856910882e-14 1.8548649197e-14 1.3308261686e-14
3.0621337891e+02 3.1846735086e-14 1.8545361702e-14 1.3301373384e-14
3.0627441406e+02 3.1846189189e-14 1.8544877916e-14 1.3301311273e-14
3.0633544922e+02 3.1838575704e-14 1.8538132521e-14 1.3300443183e-14
3.0639648438e+02 3.1816543228e-14 1.8524090523e-14 1.3292452705e-14
3.0645751953e+02 3.1782902703e-14 1.8508595280e-14 1.3274307422e-14
3.0651855469e+02 3.1745142925e-14 1.8496306617e-14 1.3248836308e-14
3.0657958984e+02 3.1712130638e-14 1.8487933344e-14 1.3224197294e-14
3.0664062500e+02 3.1692622957e-14 1.8484150006e-14 1.3208472951e-14
3.0670166016e+02 3.1693674513e-14 1.8488302661e-14 1.3205371852e-14
3.0676269531e+02 3.1711703308e-14 1.8500596934e-14 1.3211106374e-14
3.0682373047e+02 3.1725753941e-14 1.8511641111e-14 1.3214112829e-14
3.0688476562e+02 3.1714585565e-14 1.8509738949e-14 1.3204846615e-14
3.0694580078e+02 3.1680983563e-14 1.8493870944e-14 1.3187112619e-14
3.0700683594e+02 3.1645794558e-14 1.8471233538e-14 1.3174561019e-14
3.0706787109e+02 3.1623080875e-14 1.8446304809e-14 1.3176776066e-14
3.0712890625e+02 3.1615661703e-14 1.8424611598e-14 1.3191050105e-14
3.0718994141e+02 3.1624444879e-14 1.8419721332e-14 1.3204723547e-14
3.0725097656e+02 3.1645822590e-14 1.8440632233e-14 1.3205190357e-14
3.0731201172e+02 3.1667271449e-14 1.8477707215e-14 1.3189564233e-14
3.0737304688e+02 3.1674447111e-14 1.8511123682e-14 1.3163323429e-14
3.0743408203e+02 3.1658866836e-14 1.8527551022e-14 1.3131315814e-14
3.0749511719e+02 3.1620810332e-14 1.8524845831e-14 1.3095964501e-14
3.0755615234e+02 3.1572844259e-14 1.8507974092e-14 1.3064870167e-14
3.0761718750e+02 3.1536258477e-14 1.8485868075e-14 1.3050390402e-14
3.0767822266e+02 3.1521120966e-14 1.8466559960e-14 1.3054561006e-14
3.0773925781e+02 3.1511818591e-14 1.8449270510e-14 1.3062548081e-14
3.0780029297e+02 3.1487933175e-14 1.8429214914e-14 1.3058718261e-14
3.0786132812e+02 3.1455397033e-14 1.8411762967e-14 1.3043634067e-14
3.0792236328e+02 3.1436147326e-14 1.8406090339e-14 1.3030056987e-14
3.0798339844e+02 3.1430912100e-14 1.8404829377e-14 1.3026082724e-14
3.0804443359e+02 3.1417480206e-14 1.8389966115e-14 1.3027514091e-14
3.0810546875e+02 3.1388864683e-14 1.8362439727e-14 1.3026424956e-14
3.0816650391e+02 3.1369426853e-14 1.8347239408e-14 1.3022187445e-14
3.0822753906e+02 3.1381750266e-14 1.8361837948e-14 1.3019912319e-14
3.0828857422e+02 3.1414480973e-14 1.8394315416e-14 1.3020165558e-14
3.0834960938e+02 3.1438015281e-14 1.8419937206e-14 1.3018078075e-14
3.0841064453e+02 3.1440000313e-14 1.8426158502e-14 1.3013841811e-14
3.0847167969e+02 3.1430697511e-14 1.8415564536e-14 1.3015132976e-14
3.0853271484e+02 3.1424813414e-14 1.8399025369e-14 1.3025788046e-14
3.0859375000e+02 3.1429974914e-14 1.8390725838e-14 1.3039249075e-14
3.0865478516e+02 3.1442812605e-14 1.8396079264e-14 1.3046733341e-14
3.0871582031e+02 3.1451243174e-14 1.8403703328e-14 1.3047539846e-14
3.0877685547e+02 3.1447948729e-14 1.8399836757e-14 1.3048111972e-14
3.0883789062e+02 3.1437914079e-14 1.8386367558e-14 1.3051546521e-14
3.0889892578e+02 3.1428846898e-14 1.8376238764e-14 1.3052608134e-14
3.0895996094e+02 3.1423780959e-14 1.8377152660e-14 1.3046628299e-14
3.0902099609e+02 3.1423058341e-14 1.8386780646e-14 1.3036277694e-14
3.0908203125e+02 3.1422502662e-14 1.8398250198e-14 1.3024252465e-14
3.0914306641e+02 3.1410846724e-14 1.8402978831e-14 1.3007867894e-14
3.0920410156e+02 3.1378704631e-14 1.8392680249e-14 1.2986024382e-14
3.0926513672e+02 3.1331576873e-14 1.8368112680e-14 1.2963464193e-14
3.0932617188e+02 3.1287486570e-14 1.8343785313e-14 1.2943701257e-14
3.0938720703e+02 3.1261643004e-14 1.8335947424e-14 1.2925695580e-14
3.0944824219e+02 3.1261200826e-14 1.8349057012e-14 1.2912143813e-14
3.0950927734e+02 3.1289003158e-14 1.8376859577e-14 1.2912143581e-14
3.0957031250e+02 3.1337503210e-14 1.8408174130e-14 1.2929329080e-14
3.0963134766e+02 3.1386424163e-14 1.8432271346e-14 1.2954152817e-14
3.0969238281e+02 3.1418921114e-14 1.8446383261e-14 1.2972537853e-14
3.0975341797e+02 3.1429855723e-14 1.8452542240e-14 1.2977313484e-14
3.0981445312e+02 3.1416003674e-14 1.8445395523e-14 1.2970608151e-14
3.0987548828e+02 3.1375894419e-14 1.8415429368e-14 1.2960465051e-14
3.0993652344e+02 3.1320243851e-14 1.8366451641e-14 1.2953792210e-14
3.0999755859e+02 3.1269312001e-14 1.8320855519e-14 1.2948456482e-14
3.1005859375e+02 3.1240924414e-14 1.8305044357e-14 1.2935880058e-14
3.1011962891e+02 3.1243125725e-14 1.8328898966e-14 1.2914226759e-14
3.1018066406e+02 3.1267384572e-14 1.8374603460e-14 1.2892781113e-14
3.1024169922e+02 3.1289855042e-14 1.8408764795e-14 1.2881090247e-14
3.1030273438e+02 3.1293043171e-14 1.8412542199e-14 1.2880500972e-14
3.1036376953e+02 3.1278975213e-14 1.8393727548e-14 1.2885247666e-14
3.1042480469e+02 3.1251958797e-14 1.8366271338e-14 1.2885687459e-14
3.1048583984e+02 3.1208831176e-14 1.8333911614e-14 1.2874919562e-14
3.1054687500e+02 3.1157076746e-14 1.8299723415e-14 1.2857353331e-14
3.1060791016e+02 3.1121284090e-14 1.8275699763e-14 1.2845584327e-14
3.1066894531e+02 3.1119344311e-14 1.8274269750e-14 1.2845074561e-14
3.1072998047e+02 3.1142904867e-14 1.8294251155e-14 1.2848653712e-14
3.1079101562e+02 3.1169234983e-14 1.8319600647e-14 1.2849634336e-14
3.1085205078e+02 3.1185354439e-14 1.8334508577e-14 1.2850845862e-14
3.1091308594e+02 3.1192209384e-14 1.8336412759e-14 1.2855796624e-14
3.1097412109e+02 3.1192862364e-14 1.8332760723e-14 1.2860101640e-14
3.1103515625e+02 3.1189231782e-14 1.8330788451e-14 1.2858443331e-14
3.1109619141e+02 3.1185844876e-14 1.8331420901e-14 1.2854423975e-14
3.1115722656e+02 3.1184442024e-14 1.8328852016e-14 1.2855590009e-14
3.1121826172e+02 3.1178055755e-14 1.8317166193e-14 1.2860889561e-14
3.1127929688e+02 3.1159088936e-14 1.8298828638e-14 1.2860260298e-14
3.1134033203e+02 3.1129389904e-14 1.8282834314e-14 1.2846555590e-14
3.1140136719e+02 3.1097935736e-14 1.8275437031e-14 1.2822498706e-14
3.1146240234e+02 3.1073896215e-14 1.8277707318e-14 1.2796188898e-14
3.1152343750e+02 3.1064610909e-14 1.8288299553e-14 1.2776311356e-14
3.1158447266e+02 3.1072970061e-14 1.8302439938e-14 1.2770530123e-14
3.1164550781e+02 3.1091953333e-14 1.8312034365e-14 1.2779918968e-14
3.1170654297e+02 3.1108479631e-14 1.8312093429e-14 1.2796386201e-14
3.1176757812e+02 3.1118033292e-14 1.8305234425e-14 1.2812798867e-14
3.1182861328e+02 3.1125499883e-14 1.8296119254e-14 1.2829380629e-14
3.1188964844e+02 3.1125507651e-14 1.8283054103e-14 1.2842453548e-14
3.1195068359e+02 3.1100874812e-14 1.8262105132e-14 1.2838769681e-14
3.1201171875e+02 3.1052660350e-14 1.8240274139e-14 1.2812386211e-14
3.1207275391e+02 3.1013655698e-14 1.8235162978e-14 1.2778492720e-14
3.1213378906e+02 3.1016753789e-14 1.8256977841e-14 1.2759775947e-14
3.1219482422e+02 3.1056180155e-14 1.8294422409e-14 1.2761757746e-14
3.1225585938e+02 3.1092881665e-14 1.8321724865e-14 1.2771156801e-14
3.1231689453e+02 3.1099782745e-14 1.8321984401e-14 1.2777798344e-14
3.1237792969e+02 3.1084749977e-14 1.8301492620e-14 1.2783257356e-14
3.1243896484e+02 3.1063808641e-14 1.8276740810e-14 1.2787067831e-14
3.1250000000e+02 3.1035717472e-14 1.8253537192e-14 1.2782180280e-14
3.1256103516e+02 3.0993278726e-14 1.8227692583e-14 1.2765586142e-14
3.1262207031e+02 3.0942980251e-14 1.8200189851e-14 1.2742790400e-14
3.1268310547e+02 3.0903938161e-14 1.8181199638e-14 1.2722738522e-14
3.1274414062e+02 3.0890120316e-14 1.8179084905e-14 1.2711035411e-14
3.1280517578e+02 3.0897200474e-14 1.8190263008e-14 1.2706937466e-14
3.1286621094e+02 3.0909734650e-14 1.8202968900e-14 1.2706765750e-14
3.1292724609e+02 3.0918081436e-14 1.8209760173e-14 1.2708321263e-14
3.1298828125e+02 3.0922889139e-14 1.8211898068e-14 1.2710991070e-14
3.1304931641e+02 3.0927458840e-14 1.8212863288e-14 1.2714595552e-14
3.1311035156e+02 3.0932987093e-14 1.8213267285e-14 1.2719719808e-14
3.1317138672e+02 3.0937086133e-14 1.8210777666e-14 1.2726308467e-14
3.1323242188e+02 3.0934360321e-14 1.8203138807e-14 1.2731221514e-14
3.1329345703e+02 3.0925827179e-14 1.8194318593e-14 1.2731508586e-14
3.1335449219e+02 3.0922802503e-14 1.8194075805e-14 1.2728726699e-14
3.1341552734e+02 3.0930906635e-14 1.8207395240e-14 1.2723511396e-14
3.1347656250e+02 3.0938320642e-14 1.8228958028e-14 1.2709362614e-14
3.1353759766e+02 3.0928027679e-14 1.8247791161e-14 1.2680236518e-14
3.1359863281e+02 3.0893367018e-14 1.8252467347e-14 1.2640899671e-14
3.1365966797e+02 3.0838590596e-14 1.8235834960e-14 1.2602755636e-14
3.1372070312e+02 3.0774370894e-14 1.8200563891e-14 1.2573807004e-14
3.1378173828e+02 3.0715398457e-14 1.8159257274e-14 1.2556141183e-14
3.1384277344e+02 3.0676421748e-14 1.8127638608e-14 1.2548783140e-14
3.1390380859e+02 3.0665327435e-14 1.8115163291e-14 1.2550164144e-14
3.1396484375e+02 3.0676671749e-14 1.8120304897e-14 1.2556366851e-14
3.1402587891e+02 3.0695949018e-14 1.8135631477e-14 1.2560317542e-14
3.1408691406e+02 3.0712694918e-14 1.8155069184e-14 1.2557625734e-14
3.1414794922e+02 3.0724031412e-14 1.8174266690e-14 1.2549764721e-14
3.1420898438e+02 3.0726574399e-14 1.8186601063e-14 1.2539973336e-14
3.1427001953e+02 3.0714710272e-14 1.8184273959e-14 1.2530436313e-14
3.1433105469e+02 3.0690972762e-14 1.8166529722e-14 1.2524443040e-14
3.1439208984e+02 3.0669262751e-14 1.8141381595e-14 1.2527881157e-14
3.1445312500e+02 3.0659006610e-14 1.8116103804e-14 1.2542902807e-14
3.1451416016e+02 3.0653361392e-14 1.8094302323e-14 1.2559059069e-14
3.1457519531e+02 3.0642558687e-14 1.8082661225e-14 1.2559897462e-14
3.1463623047e+02 3.0631811762e-14 1.8089154108e-14 1.2542657654e-14
3.1469726562e+02 3.0634554708e-14 1.8113134519e-14 1.2521420189e-14
3.1475830078e+02 3.0652257212e-14 1.8144039693e-14 1.2508217520e-14
3.1481933594e+02 3.0672036824e-14 1.8171108586e-14 1.2500928238e-14
3.1488037109e+02 3.0681350222e-14 1.8191261374e-14 1.2490088848e-14
3.1494140625e+02 3.0677392721e-14 1.8206191829e-14 1.2471200892e-14
3.1500244141e+02 3.0665534821e-14 1.8215015177e-14 1.2450519644e-14
3.1506347656e+02 3.0653575181e-14 1.8213713891e-14 1.2439861290e-14
3.1512451172e+02 3.0645011049e-14 1.8200404133e-14 1.2444606916e-14
3.1518554688e+02 3.0636918875e-14 1.8179115594e-14 1.2457803280e-14
3.1524658203e+02 3.0626646979e-14 1.8158866414e-14 1.2467780565e-14
3.1530761719e+02 3.0616014442e-14 1.8146377484e-14 1.2469636959e-14
3.1536865234e+02 3.0606146351e-14 1.8139656502e-14 1.2466489848e-14
3.1542968750e+02 3.0595911364e-14 1.8133078220e-14 1.2462833145e-14
3.1549072266e+02 3.0587376347e-14 1.8127007081e-14 1.2460369266e-14
3.1555175781e+02 3.0583811659e-14 1.8126399185e-14 1.2457412475e-14
3.1561279297e+02 3.0581903210e-14 1.8130008483e-14 1.2451894726e-14
3.1567382812e+02 3.0574383669e-14 1.8128191108e-14 1.2446192560e-14
3.1573486328e+02 3.0557848519e-14 1.8113963173e-14 1.2443885346e-14
3.1579589844e+02 3.0531500480e-14 1.8090442558e-14 1.2441057922e-14
3.1585693359e+02 3.0495117284e-14 1.8065918963e-14 1.2429198321e-14
3.1591796875e+02 3.0454902958e-14 1.8046122981e-14 1.2408779977e-14
3.1597900391e+02 3.0423429550e-14 1.8031665993e-14 1.2391763557e-14
3.1604003906e+02 3.0408634479e-14 1.8020945633e-14 1.2387688846e-14
3.1610107422e+02 3.0407906762e-14 1.8014910123e-14 1.2392996639e-14
3.1616210938e+02 3.0412433060e-14 1.8016938427e-14 1.2395494633e-14
3.1622314453e+02 3.0414184980e-14 1.8027376013e-14 1.2386808966e-14
3.1628417969e+02 3.0412151315e-14 1.8041158200e-14 1.2370993115e-14
3.1634521484e+02 3.0413894944e-14 1.8053066083e-14 1.2360828861e-14
3.1640625000e+02 3.0429949484e-14 1.8064158573e-14 1.2365790912e-14
3.1646728516e+02 3.0464049469e-14 1.8078853348e-14 1.2385196120e-14
3.1652832031e+02 3.0505795784e-14 1.8094871828e-14 1.2410923956e-14
3.1658935547e+02 3.0538464488e-14 1.8104201762e-14 1.2434262726e-14
3.1665039062e+02 3.0556493145e-14 1.8106301808e-14 1.2450191337e-14
3.1671142578e+02 3.0565728966e-14 1.8109605634e-14 1.2456123331e-14
3.1677246094e+02 3.0568741264e-14 1.8118289224e-14 1.2450452041e-14
3.1683349609e+02 3.0560498172e-14 1.8125986363e-14 1.2434511809e-14
3.1689453125e+02 3.0536700388e-14 1.8123026070e-14 1.2413674318e-14
3.1695556641e+02 3.0503131196e-14 1.8107473197e-14 1.2395657999e-14
3.1701660156e+02 3.0473380140e-14 1.8086841061e-14 1.2386539079e-14
3.1707763672e+02 3.0453760727e-14 1.8068508282e-14 1.2385252445e-14
3.1713867188e+02 3.0438798280e-14 1.8055633457e-14 1.2383164823e-14
3.1719970703e+02 3.0422778759e-14 1.8049571544e-14 1.2373207215e-14
3.1726074219e+02 3.0407015380e-14 1.8047503468e-14 1.2359511912e-14
3.1732177734e+02 3.0399573489e-14 1.8045050567e-14 1.2354522922e-14
3.1738281250e+02 3.0409729948e-14 1.8045209962e-14 1.2364519986e-14
3.1744384766e+02 3.0436414349e-14 1.8056354163e-14 1.2380060187e-14
3.1750488281e+02 3.0464666906e-14 1.8080410094e-14 1.2384256812e-14
3.1756591797e+02 3.0476359035e-14 1.8106946024e-14 1.2369413012e-14
3.1762695312e+02 3.0461492580e-14 1.8118755019e-14 1.2342737562e-14
3.1768798828e+02 3.0421605075e-14 1.8104065838e-14 1.2317539238e-14
3.1774902344e+02 3.0369343999e-14 1.8067702286e-14 1.2301641713e-14
3.1781005859e+02 3.0323969884e-14 1.8029020757e-14 1.2294949126e-14
3.1787109375e+02 3.0297383575e-14 1.8001716221e-14 1.2295667354e-14
3.1793212891e+02 3.0283928104e-14 1.7980762359e-14 1.2303165745e-14
3.1799316406e+02 3.0272403082e-14 1.7959212578e-14 1.2313190504e-14
3.1805419922e+02 3.0261161142e-14 1.7945774288e-14 1.2315386854e-14
3.1811523438e+02 3.0251478889e-14 1.7950719263e-14 1.2300759626e-14
3.1817626953e+02 3.0239032839e-14 1.7966121724e-14 1.2272911114e-14
3.1823730469e+02 3.0223551279e-14 1.7973987068e-14 1.2249564211e-14
3.1829833984e+02 3.0217028011e-14 1.7967100044e-14 1.2249927967e-14
3.1835937500e+02 3.0233598207e-14 1.7955135658e-14 1.2278462549e-14
3.1842041016e+02 3.0272141842e-14 1.7953655654e-14 1.2318486188e-14
3.1848144531e+02 3.0311752674e-14 1.7968464096e-14 1.2343288577e-14
3.1854248047e+02 3.0329186999e-14 1.7990027364e-14 1.2339159635e-14
3.1860351562e+02 3.0318935933e-14 1.8002836462e-14 1.2316099471e-14
3.1866455078e+02 3.0291150761e-14 1.7998528697e-14 1.2292622064e-14
3.1872558594e+02 3.0254634576e-14 1.7979707678e-14 1.2274926898e-14
3.1878662109e+02 3.0209921906e-14 1.7954752227e-14 1.2255169679e-14
3.1884765625e+02 3.0160053380e-14 1.7933615923e-14 1.2226437456e-14
3.1890869141e+02 3.0118929173e-14 1.7925561388e-14 1.2193367785e-14
3.1896972656e+02 3.0098756031e-14 1.7931698020e-14 1.2167058011e-14
3.1903076172e+02 3.0094222052e-14 1.7940605048e-14 1.2153617004e-14
3.1909179688e+02 3.0090153966e-14 1.7939411072e-14 1.2150742894e-14
3.1915283203e+02 3.0081199730e-14 1.7927773153e-14 1.2153426577e-14
3.1921386719e+02 3.0075653523e-14 1.7916240657e-14 1.2159412866e-14
3.1927490234e+02 3.0081795149e-14 1.7912920097e-14 1.2168875052e-14
3.1933593750e+02 3.0094251409e-14 1.7914517857e-14 1.2179733551e-14
3.1939697266e+02 3.0095481523e-14 1.7910313404e-14 1.2185168119e-14
3.1945800781e+02 3.0074206197e-14 1.7894571974e-14 1.2179634223e-14
3.1951904297e+02 3.0041526403e-14 1.7874414682e-14 1.2167111720e-14
3.1958007812e+02 3.0021479667e-14 1.7863286294e-14 1.2158193373e-14
3.1964111328e+02 3.0024241184e-14 1.7867094487e-14 1.2157146697e-14
3.1970214844e+02 3.0037124617e-14 1.7881325404e-14 1.2155799213e-14
3.1976318359e+02 3.0042943602e-14 1.7899575513e-14 1.2143368089e-14
3.1982421875e+02 3.0037290300e-14 1.7917991804e-14 1.2119298496e-14
3.1988525391e+02 3.0027705966e-14 1.7934464982e-14 1.2093240984e-14
3.1994628906e+02 3.0023171116e-14 1.7948699945e-14 1.2074471171e-14
3.2000732422e+02 3.0024922087e-14 1.7961208131e-14 1.2063713956e-14
3.2006835938e+02 3.0028263901e-14 1.7972642874e-14 1.2055621027e-14
3.2012939453e+02 3.0030738667e-14 1.7983507549e-14 1.2047231117e-14
3.2019042969e+02 3.0029479826e-14 1.7988627249e-14 1.2040852577e-14
3.2025146484e+02 3.0017184134e-14 1.7978251879e-14 1.2038932255e-14
3.2031250000e+02 2.9994875328e-14 1.7954782090e-14 1.2040093238e-14
3.2037353516e+02 2.9979072469e-14 1.7937186681e-14 1.2041885789e-14
3.2043457031e+02 2.9981479205e-14 1.7938103234e-14 1.2043375971e-14
3.2049560547e+02 2.9989565354e-14 1.7946966829e-14 1.2042598525e-14
3.2055664062e+02 2.9980417350e-14 1.7943686626e-14 1.2036730724e-14
3.2061767578e+02 2.9949904419e-14 1.7921738077e-14 1.2028166342e-14
3.2067871094e+02 2.9915520378e-14 1.7891352305e-14 1.2024168073e-14
3.2073974609e+02 2.9890199443e-14 1.7865079859e-14 1.2025119584e-14
3.2080078125e+02 2.9866849834e-14 1.7848083261e-14 1.2018766573e-14
3.2086181641e+02 2.9834766162e-14 1.7840318248e-14 1.1994447915e-14
3.2092285156e+02 2.9800403179e-14 1.7840522468e-14 1.1959880711e-14
3.2098388672e+02 2.9780694686e-14 1.7846473626e-14 1.1934221060e-14
3.2104492188e+02 2.9779814954e-14 1.7854106084e-14 1.1925708870e-14
3.2110595703e+02 2.9784566380e-14 1.7859071793e-14 1.1925494587e-14
3.2116699219e+02 2.9782022900e-14 1.7859828739e-14 1.1922194161e-14
3.2122802734e+02 2.9771073729e-14 1.7857806312e-14 1.1913267417e-14
3.2128906250e+02 2.9758510256e-14 1.7855475500e-14 1.1903034756e-14
3.2135009766e+02 2.9752405474e-14 1.7854969355e-14 1.1897436118e-14
3.2141113281e+02 2.9757514641e-14 1.7856591953e-14 1.1900922688e-14
3.2147216797e+02 2.9771632135e-14 1.7858394617e-14 1.1913237518e-14
3.2153320312e+02 2.9785160794e-14 1.7858235872e-14 1.1926924922e-14
3.2159423828e+02 2.9785899703e-14 1.7855972594e-14 1.1929927109e-14
3.2165527344e+02 2.9770378764e-14 1.7853978109e-14 1.1916400655e-14
3.2171630859e+02 2.9752095371e-14 1.7855987634e-14 1.1896107737e-14
3.2177734375e+02 2.9748379416e-14 1.7862505880e-14 1.1885873536e-14
3.2183837891e+02 2.9757591452e-14 1.7866872569e-14 1.1890718883e-14
3.2189941406e+02 2.9762533136e-14 1.7861840513e-14 1.1900692623e-14
3.2196044922e+02 2.9755408905e-14 1.7850698683e-14 1.1904710222e-14
3.2202148438e+02 2.9743962602e-14 1.7843941980e-14 1.1900020623e-14
3.2208251953e+02 2.9735265562e-14 1.7844931434e-14 1.1890334128e-14
3.2214355469e+02 2.9729169960e-14 1.7848763074e-14 1.1880406886e-14
3.2220458984e+02 2.9726394475e-14 1.7853598478e-14 1.1872795997e-14
3.2226562500e+02 2.9729977008e-14 1.7861775972e-14 1.1868201037e-14
3.2232666016e+02 2.9738324430e-14 1.7871277444e-14 1.1867046986e-14
3.2238769531e+02 2.9743083419e-14 1.7875471938e-14 1.1867611482e-14
3.2244873047e+02 2.9733380830e-14 1.7871125713e-14 1.1862255117e-14
3.2250976562e+02 2.9703048897e-14 1.7861100978e-14 1.1841947919e-14
3.2257080078e+02 2.9657951795e-14 1.7849586200e-14 1.1808365595e-14
3.2263183594e+02 2.9614167977e-14 1.7838170287e-14 1.1775997690e-14
3.2269287109e+02 2.9585599228e-14 1.7827470169e-14 1.1758129060e-14
3.2275390625e+02 2.9573879112e-14 1.7819563911e-14 1.1754315201e-14
3.2281494141e+02 2.9567802731e-14 1.7813322529e-14 1.1754480202e-14
3.2287597656e+02 2.9551942580e-14 1.7800640272e-14 1.1751302308e-14
3.2293701172e+02 2.9521635722e-14 1.7777742742e-14 1.1743892980e-14
3.2299804688e+02 2.9491080220e-14 1.7757703022e-14 1.1733377198e-14
3.2305908203e+02 2.9479990097e-14 1.7758790030e-14 1.1721200067e-14
3.2312011719e+02 2.9489170160e-14 1.7780352589e-14 1.1708817572e-14
3.2318115234e+02 2.9497780763e-14 1.7801108764e-14 1.1696671999e-14
3.2324218750e+02 2.9488100721e-14 1.7800874045e-14 1.1687226676e-14
3.2330322266e+02 2.9463198981e-14 1.7776864259e-14 1.1686334723e-14
3.2336425781e+02 2.9440551826e-14 1.7744276489e-14 1.1696275337e-14
3.2342529297e+02 2.9438115380e-14 1.7726942942e-14 1.1711172438e-14
3.2348632812e+02 2.9460203593e-14 1.7737780530e-14 1.1722423062e-14
3.2354736328e+02 2.9490170007e-14 1.7763881567e-14 1.1726288441e-14
3.2360839844e+02 2.9507243312e-14 1.7780492540e-14 1.1726750772e-14
3.2366943359e+02 2.9509639229e-14 1.7779255653e-14 1.1730383576e-14
3.2373046875e+02 2.9511346359e-14 1.7773338582e-14 1.1738007777e-14
3.2379150391e+02 2.9522187591e-14 1.7776417219e-14 1.1745770372e-14
3.2385253906e+02 2.9535858590e-14 1.7784149552e-14 1.1751709038e-14
3.2391357422e+02 2.9535500315e-14 1.7781104541e-14 1.1754395774e-14
3.2397460938e+02 2.9513494660e-14 1.7764350788e-14 1.1749143872e-14
3.2403564453e+02 2.9481691670e-14 1.7749335723e-14 1.1732355946e-14
3.2409667969e+02 2.9459178147e-14 1.7749988654e-14 1.1709189493e-14
3.2415771484e+02 2.9457963297e-14 1.7765699943e-14 1.1692263354e-14
3.2421875000e+02 2.9479554661e-14 1.7789772891e-14 1.1689781770e-14
3.2427978516e+02 2.9516343361e-14 1.7817408683e-14 1.1698934677e-14
3.2434082031e+02 2.9553904444e-14 1.7842682577e-14 1.1711221867e-14
3.2440185547e+02 2.9575682565e-14 1.7858206738e-14 1.1717475827e-14
3.2446289062e+02 2.9572473476e-14 1.7862197825e-14 1.1710275651e-14
3.2452392578e+02 2.9549799119e-14 1.7860586291e-14 1.1689212828e-14
3.2458496094e+02 2.9520690530e-14 1.7856675934e-14 1.1664014596e-14
3.2464599609e+02 2.9492147069e-14 1.7842874468e-14 1.1649272601e-14
3.2470703125e+02 2.9466047227e-14 1.7812947904e-14 1.1653099323e-14
3.2476806641e+02 2.9447176175e-14 1.7777708767e-14 1.1669467408e-14
3.2482910156e+02 2.9437659493e-14 1.7755065516e-14 1.1682593977e-14
3.2489013672e+02 2.9427753624e-14 1.7748304382e-14 1.1679449242e-14
3.2495117188e+02 2.9403790398e-14 1.7744247558e-14 1.1659542840e-14
3.2501220703e+02 2.9363264669e-14 1.7729271982e-14 1.1633992687e-14
3.2507324219e+02 2.9317344254e-14 1.7703085357e-14 1.1614258897e-14
3.2513427734e+02 2.9285593600e-14 1.7682316250e-14 1.1603277350e-14
3.2519531250e+02 2.9286378403e-14 1.7688120391e-14 1.1598258012e-14
3.2525634766e+02 2.9317878718e-14 1.7721169963e-14 1.1596708754e-14
3.2531738281e+02 2.9353575969e-14 1.7756987610e-14 1.1596588359e-14
3.2537841797e+02 2.9369606268e-14 1.7774341624e-14 1.1595264644e-14
3.2543945312e+02 2.9366875901e-14 1.7774284346e-14 1.1592591555e-14
3.2550048828e+02 2.9360089002e-14 1.7768330248e-14 1.1591758754e-14
3.2556152344e+02 2.9359536426e-14 1.7765772978e-14 1.1593763448e-14
3.2562255859e+02 2.9365554249e-14 1.7770257536e-14 1.1595296714e-14
3.2568359375e+02 2.9369538700e-14 1.7775629917e-14 1.1593908783e-14
3.2574462891e+02 2.9362487449e-14 1.7772448766e-14 1.1590038683e-14
3.2580566406e+02 2.9346616060e-14 1.7763100348e-14 1.1583515712e-14
3.2586669922e+02 2.9333446237e-14 1.7760079624e-14 1.1573366613e-14
3.2592773438e+02 2.9329851858e-14 1.7767789710e-14 1.1562062148e-14
3.2598876953e+02 2.9330555263e-14 1.7774912655e-14 1.1555642608e-14
3.2604980469e+02 2.9325856330e-14 1.7769013038e-14 1.1556843293e-14
3.2611083984e+02 2.9313241732e-14 1.7752868895e-14 1.1560372837e-14
3.2617187500e+02 2.9295922096e-14 1.7736747088e-14 1.1559175008e-14
3.2623291016e+02 2.9274369899e-14 1.7720197828e-14 1.1554172071e-14
3.2629394531e+02 2.9249434423e-14 1.7696723765e-14 1.1552710658e-14
3.2635498047e+02 2.9228224397e-14 1.7669921177e-14 1.1558303220e-14
3.2641601562e+02 2.9217385501e-14 1.7651382822e-14 1.1566002679e-14
3.2647705078e+02 2.9217110896e-14 1.7649022902e-14 1.1568087994e-14
3.2653808594e+02 2.9226161828e-14 1.7662857593e-14 1.1563304235e-14
3.2659912109e+02 2.9243904620e-14 1.7686419083e-14 1.1557485536e-14
3.2666015625e+02 2.9266446565e-14 1.7712031964e-14 1.1554414602e-14
3.2672119141e+02 2.9289911643e-14 1.7737281278e-14 1.1552630365e-14
3.2678222656e+02 2.9314134782e-14 1.7763201259e-14 1.1550933523e-14
3.2684326172e+02 2.9335524376e-14 1.7786906335e-14 1.1548618042e-14
3.2690429688e+02 2.9342403732e-14 1.7799700775e-14 1.1542702957e-14
3.2696533203e+02 2.9324677386e-14 1.7791518249e-14 1.1533159136e-14
3.2702636719e+02 2.9286395551e-14 1.7759629467e-14 1.1526766084e-14
3.2708740234e+02 2.9243006413e-14 1.7714606763e-14 1.1528399650e-14
3.2714843750e+02 2.9206816515e-14 1.7674998720e-14 1.1531817795e-14
3.2720947266e+02 2.9183567387e-14 1.7656752084e-14 1.1526815303e-14
3.2727050781e+02 2.9178840983e-14 1.7663606024e-14 1.1515234959e-14
3.2733154297e+02 2.9191890241e-14 1.7681612391e-14 1.1510277850e-14
3.2739257812e+02 2.9206647234e-14 1.7688612182e-14 1.1518035052e-14
3.2745361328e+02 2.9204695095e-14 1.7674561082e-14 1.1530134013e-14
3.2751464844e+02 2.9185052368e-14 1.7648638154e-14 1.1536414214e-14
3.2757568359e+02 2.9161531718e-14 1.7625613095e-14 1.1535918624e-14
3.2763671875e+02 2.9146573800e-14 1.7612439866e-14 1.1534133934e-14
3.2769775391e+02 2.9146859469e-14 1.7611397319e-14 1.1535462150e-14
3.2775878906e+02 2.9165933344e-14 1.7627148167e-14 1.1538785178e-14
3.2781982422e+02 2.9197780289e-14 1.7660465391e-14 1.1537314898e-14
3.2788085938e+02 2.9223601237e-14 1.7698519307e-14 1.1525081929e-14
3.2794189453e+02 2.9227028744e-14 1.7721032072e-14 1.1505996673e-14
3.2800292969e+02 2.9210719630e-14 1.7717821820e-14 1.1492897810e-14
3.2806396484e+02 2.9192646664e-14 1.7697132102e-14 1.1495514562e-14
3.2812500000e+02 2.9187224953e-14 1.7676023402e-14 1.1511201551e-14
3.2818603516e+02 2.9191440793e-14 1.7664003871e-14 1.1527436922e-14
3.2824707031e+02 2.9188814510e-14 1.7656179537e-14 1.1532634973e-14
3.2830810547e+02 2.9167304889e-14 1.7642225959e-14 1.1525078930e-14
3.2836914062e+02 2.9134021346e-14 1.7622243900e-14 1.1511777446e-14
3.2843017578e+02 2.9109492740e-14 1.7609498420e-14 1.1499994319e-14
3.2849121094e+02 2.9106203137e-14 1.7615201897e-14 1.1491001240e-14
3.2855224609e+02 2.9116617331e-14 1.7636515053e-14 1.1480102278e-14
3.2861328125e+02 2.9121092895e-14 1.7659501174e-14 1.1461591721e-14
3.2867431641e+02 2.9103743874e-14 1.7667713847e-14 1.1436030027e-14
3.2873535156e+02 2.9063807302e-14 1.7651354948e-14 1.1412452355e-14
3.2879638672e+02 2.9015284652e-14 1.7615220432e-14 1.1400064220e-14
3.2885742188e+02 2.8976896503e-14 1.7577603447e-14 1.1399293055e-14
3.2891845703e+02 2.8962931611e-14 1.7558934122e-14 1.1403997488e-14
3.2897949219e+02 2.8978387531e-14 1.7569398839e-14 1.1408988692e-14
3.2904052734e+02 2.9015194041e-14 1.7602732381e-14 1.1412461660e-14
3.2910156250e+02 2.9053371059e-14 1.7639835862e-14 1.1413535197e-14
3.2916259766e+02 2.9075013199e-14 1.7664255545e-14 1.1410757653e-14
3.2922363281e+02 2.9080658109e-14 1.7675134700e-14 1.1405523409e-14
3.2928466797e+02 2.9082571451e-14 1.7678056411e-14 1.1404515039e-14
3.2934570312e+02 2.9083507639e-14 1.7669970349e-14 1.1413537291e-14
3.2940673828e+02 2.9076723653e-14 1.7646948419e-14 1.1429775234e-14
3.2946777344e+02 2.9060370468e-14 1.7618264887e-14 1.1442105581e-14
3.2952880859e+02 2.9038278836e-14 1.7597439170e-14 1.1440839666e-14
3.2958984375e+02 2.9016515493e-14 1.7586581714e-14 1.1429933779e-14
3.2965087891e+02 2.9004547152e-14 1.7580129943e-14 1.1424417209e-14
3.2971191406e+02 2.9010386167e-14 1.7577538232e-14 1.1432847935e-14
3.2977294922e+02 2.9033813433e-14 1.7584623642e-14 1.1449189791e-14
3.2983398438e+02 2.9063908625e-14 1.7602728254e-14 1.1461180371e-14
3.2989501953e+02 2.9081999211e-14 1.7621908094e-14 1.1460091116e-14
3.2995605469e+02 2.9075269804e-14 1.7630041211e-14 1.1445228593e-14
3.3001708984e+02 2.9050329742e-14 1.7626267276e-14 1.1424062466e-14
3.3007812500e+02 2.9029607282e-14 1.7622096685e-14 1.1407510597e-14
3.3013916016e+02 2.9032561380e-14 1.7629342052e-14 1.1403219328e-14
3.3020019531e+02 2.9057221475e-14 1.7646680396e-14 1.1410541079e-14
3.3026123047e+02 2.9083040891e-14 1.7662300133e-14 1.1420740759e-14
3.3032226562e+02 2.9094948576e-14 1.7670875560e-14 1.1424073016e-14
3.3038330078e+02 2.9095649166e-14 1.7678969411e-14 1.1416679754e-14
3.3044433594e+02 2.9094438752e-14 1.7692688879e-14 1.1401749873e-14
3.3050537109e+02 2.9096796849e-14 1.7709170434e-14 1.1387626416e-14
3.3056640625e+02 2.9102260095e-14 1.7720549754e-14 1.1381710341e-14
3.3062744141e+02 2.9100468888e-14 1.7718517957e-14 1.1381950930e-14
3.3068847656e+02 2.9073325540e-14 1.7695776037e-14 1.1377549503e-14
3.3074951172e+02 2.9012836373e-14 1.7653040650e-14 1.1359795722e-14
3.3081054688e+02 2.8936115004e-14 1.7605907734e-14 1.1330207269e-14
3.3087158203e+02 2.8873611788e-14 1.7575089244e-14 1.1298522543e-14
3.3093261719e+02 2.8844159274e-14 1.7568997771e-14 1.1275161503e-14
3.3099365234e+02 2.8847350108e-14 1.7581354388e-14 1.1265995719e-14
3.3105468750e+02 2.8871765357e-14 1.7601691171e-14 1.1270074185e-14
3.3111572266e+02 2.8902651469e-14 1.7623511040e-14 1.1279140429e-14
3.3117675781e+02 2.8928847075e-14 1.7645172591e-14 1.1283674484e-14
3.3123779297e+02 2.8945343842e-14 1.7663464048e-14 1.1281879795e-14
3.3129882812e+02 2.8946537313e-14 1.7667618859e-14 1.1278918454e-14
3.3135986328e+02 2.8926739534e-14 1.7648686585e-14 1.1278052950e-14
3.3142089844e+02 2.8890074499e-14 1.7614035994e-14 1.1276038504e-14
3.3148193359e+02 2.8849057555e-14 1.7582131956e-14 1.1266925599e-14
3.3154296875e+02 2.8815374239e-14 1.7565153421e-14 1.1250220818e-14
3.3160400391e+02 2.8797886096e-14 1.7563025813e-14 1.1234860283e-14
3.3166503906e+02 2.8801426569e-14 1.7569617261e-14 1.1231809307e-14
3.3172607422e+02 2.8821541467e-14 1.7579552887e-14 1.1241988580e-14
3.3178710938e+02 2.8845975129e-14 1.7590574619e-14 1.1255400511e-14
3.3184814453e+02 2.8865297244e-14 1.7602085324e-14 1.1263211920e-14
3.3190917969e+02 2.8879313722e-14 1.7613108923e-14 1.1266204799e-14
3.3197021484e+02 2.8891314469e-14 1.7621681024e-14 1.1269633445e-14
3.3203125000e+02 2.8900410603e-14 1.7625174724e-14 1.1275235880e-14
3.3209228516e+02 2.8903163883e-14 1.7621834544e-14 1.1281329340e-14
3.3215332031e+02 2.8899137831e-14 1.7614515899e-14 1.1284621932e-14
3.3221435547e+02 2.8890243678e-14 1.7611013229e-14 1.1279230449e-14
3.3227539062e+02 2.8876528508e-14 1.7614818901e-14 1.1261709607e-14
3.3233642578e+02 2.8856594210e-14 1.7618582529e-14 1.1238011682e-14
3.3239746094e+02 2.8831263553e-14 1.7612917736e-14 1.1218345818e-14
3.3245849609e+02 2.8804599460e-14 1.7596818603e-14 1.1207780857e-14
3.3251953125e+02 2.8783117524e-14 1.7576183886e-14 1.1206933638e-14
3.3258056641e+02 2.8774361579e-14 1.7558067870e-14 1.1216293709e-14
3.3264160156e+02 2.8781275371e-14 1.7547072561e-14 1.1234202811e-14
3.3270263672e+02 2.8796354458e-14 1.7542864818e-14 1.1253489641e-14
3.3276367188e+02 2.8805411616e-14 1.7540554887e-14 1.1264856729e-14
3.3282470703e+02 2.8797769611e-14 1.7534799722e-14 1.1262969888e-14
3.3288574219e+02 2.8771391300e-14 1.7524840244e-14 1.1246551056e-14
3.3294677734e+02 2.8732461114e-14 1.7515054325e-14 1.1217406789e-14
3.3300781250e+02 2.8692937360e-14 1.7509238185e-14 1.1183699175e-14
3.3306884766e+02 2.8663113428e-14 1.7506155214e-14 1.1156958213e-14
3.3312988281e+02 2.8645095435e-14 1.7502181657e-14 1.1142913778e-14
3.3319091797e+02 2.8638072109e-14 1.7496648165e-14 1.1141423944e-14
3.3325195312e+02 2.8643783508e-14 1.7492488171e-14 1.1151295336e-14
3.3331298828e+02 2.8658555818e-14 1.7492401383e-14 1.1166154436e-14
3.3337402344e+02 2.8669710414e-14 1.7496503025e-14 1.1173207389e-14
3.3343505859e+02 2.8668879249e-14 1.7501914145e-14 1.1166965105e-14
3.3349609375e+02 2.8661882933e-14 1.7503914335e-14 1.1157968598e-14
3.3355712891e+02 2.8662250023e-14 1.7501624362e-14 1.1160625662e-14
3.3361816406e+02 2.8678148541e-14 1.7501306149e-14 1.1176842392e-14
3.3367919922e+02 2.8703990634e-14 1.7509583371e-14 1.1194407263e-14
3.3374023438e+02 2.8724495449e-14 1.7525561816e-14 1.1198933633e-14
3.3380126953e+02 2.8728667859e-14 1.7541418520e-14 1.1187249338e-14
3.3386230469e+02 2.8718002987e-14 1.7548314022e-14 1.1169688964e-14
3.3392333984e+02 2.8702060820e-14 1.7542487048e-14 1.1159573772e-14
3.3398437500e+02 2.8689575114e-14 1.7527944830e-14 1.1161630283e-14
3.3404541016e+02 2.8682851086e-14 1.7513068516e-14 1.1169782570e-14
3.3410644531e+02 2.8678931242e-14 1.7504743375e-14 1.1174187867e-14
3.3416748047e+02 2.8674922980e-14 1.7504716785e-14 1.1170206195e-14
3.3422851562e+02 2.8670806667e-14 1.7509277535e-14 1.1161529132e-14
3.3428955078e+02 2.8668381232e-14 1.7513143251e-14 1.1155237981e-14
3.3435058594e+02 2.8667952220e-14 1.7513561282e-14 1.1154390937e-14
3.3441162109e+02 2.8666073635e-14 1.7508900958e-14 1.1157172678e-14
3.3447265625e+02 2.8661052030e-14 1.7498144497e-14 1.1162907533e-14
3.3453369141e+02 2.8659148266e-14 1.7486488060e-14 1.1172660206e-14
3.3459472656e+02 2.8664514734e-14 1.7482534023e-14 1.1181980711e-14
3.3465576172e+02 2.8666867698e-14 1.7484399463e-14 1.1182468235e-14
3.3471679688e+02 2.8654844209e-14 1.7480637360e-14 1.1174206849e-14
3.3477783203e+02 2.8635769017e-14 1.7468634280e-14 1.1167134737e-14
3.3483886719e+02 2.8626183414e-14 1.7458714478e-14 1.1167468937e-14
3.3489990234e+02 2.8628798620e-14 1.7457393767e-14 1.1171404853e-14
3.3496093750e+02 2.8632885638e-14 1.7460022872e-14 1.1172862766e-14
3.3502197266e+02 2.8634661841e-14 1.7464214588e-14 1.1170447253e-14
3.3508300781e+02 2.8643544854e-14 1.7476725803e-14 1.1166819051e-14
3.3514404297e+02 2.8663795544e-14 1.7498769676e-14 1.1165025868e-14
3.3520507812e+02 2.8680868799e-14 1.7515991195e-14 1.1164877604e-14
3.3526611328e+02 2.8676930485e-14 1.7514557946e-14 1.1162372539e-14
3.3532714844e+02 2.8653876637e-14 1.7499260591e-14 1.1154616045e-14
3.3538818359e+02 2.8626935795e-14 1.7483183329e-14 1.1143752467e-14
3.3544921875e+02 2.8601107532e-14 1.7467674649e-14 1.1133432882e-14
3.3551025391e+02 2.8571591466e-14 1.7447095383e-14 1.1124496083e-14
3.3557128906e+02 2.8543362838e-14 1.7426096412e-14 1.1117266426e-14
3.3563232422e+02 2.8531850046e-14 1.7416892354e-14 1.1114957692e-14
3.3569335938e+02 2.8544294456e-14 1.7423233359e-14 1.1121061097e-14
3.3575439453e+02 2.8573188168e-14 1.7438882732e-14 1.1134305436e-14
3.3581542969e+02 2.8606843588e-14 1.7459414285e-14 1.1147429303e-14
3.3587646484e+02 2.8637931558e-14 1.7486405446e-14 1.1151526112e-14
3.3593750000e+02 2.8662417097e-14 1.7518581888e-14 1.1143835209e-14
3.3599853516e+02 2.8675902999e-14 1.7544917298e-14 1.1130985702e-14
3.3605957031e+02 2.8674837384e-14 1.7553032617e-14 1.1121804767e-14
3.3612060547e+02 2.8659670000e-14 1.7542231254e-14 1.1117438746e-14
3.3618164062e+02 2.8633891110e-14 1.7522025917e-14 1.1111865193e-14
3.3624267578e+02 2.8603344029e-14 1.7501547774e-14 1.1101796255e-14
3.3630371094e+02 2.8577756166e-14 1.7485246003e-14 1.1092510163e-14
3.3636474609e+02 2.8564264594e-14 1.7471902450e-14 1.1092362143e-14
3.3642578125e+02 2.8559288612e-14 1.7456732938e-14 1.1102555673e-14
3.3648681641e+02 2.8557062715e-14 1.7442101417e-14 1.1114961297e-14
3.3654785156e+02 2.8561062552e-14 1.7440110578e-14 1.1120951975e-14
3.3660888672e+02 2.8577896910e-14 1.7457996784e-14 1.1119900125e-14
3.3666992188e+02 2.8605690819e-14 1.7489198954e-14 1.1116491865e-14
3.3673095703e+02 2.8632814327e-14 1.7521257982e-14 1.1111556345e-14
3.3679199219e+02 2.8647411537e-14 1.7545874166e-14 1.1101537371e-14
3.3685302734e+02 2.8648692079e-14 1.7560873028e-14 1.1087819052e-14
3.3691406250e+02 2.8646103831e-14 1.7566172943e-14 1.1079930889e-14
3.3697509766e+02 2.8646296327e-14 1.7561483627e-14 1.1084812700e-14
3.3703613281e+02 2.8645542919e-14 1.7549027803e-14 1.1096515116e-14
3.3709716797e+02 2.8637726887e-14 1.7534351619e-14 1.1103375267e-14
3.3715820312e+02 2.8625033343e-14 1.7522641062e-14 1.1102392281e-14
3.3721923828e+02 2.8613915801e-14 1.7515249682e-14 1.1098666119e-14
3.3728027344e+02 2.8602685818e-14 1.7507439362e-14 1.1095246456e-14
3.3734130859e+02 2.8583110682e-14 1.7491095105e-14 1.1092015577e-14
3.3740234375e+02 2.8555638526e-14 1.7465798086e-14 1.1089840440e-14
3.3746337891e+02 2.8531416919e-14 1.7442508228e-14 1.1088908691e-14
3.3752441406e+02 2.8517606721e-14 1.7430467184e-14 1.1087139537e-14
3.3758544922e+02 2.8513636476e-14 1.7429571526e-14 1.1084064950e-14
3.3764648438e+02 2.8519053992e-14 1.7437582182e-14 1.1081471811e-14
3.3770751953e+02 2.8530667449e-14 1.7452586675e-14 1.1078080774e-14
3.3776855469e+02 2.8538661009e-14 1.7468878767e-14 1.1069782242e-14
3.3782958984e+02 2.8539393789e-14 1.7481638103e-14 1.1057755686e-14
3.3789062500e+02 2.8543890935e-14 1.7493947038e-14 1.1049943897e-14
3.3795166016e+02 2.8560795811e-14 1.7510361990e-14 1.1050433822e-14
3.3801269531e+02 2.8578809088e-14 1.7526108354e-14 1.1052700735e-14
3.3807373047e+02 2.8579363410e-14 1.7530491849e-14 1.1048871562e-14
3.3813476562e+02 2.8562086805e-14 1.7520308096e-14 1.1041778709e-14
3.3819580078e+02 2.8545386443e-14 1.7503830244e-14 1.1041556199e-14
3.3825683594e+02 2.8542816260e-14 1.7490347001e-14 1.1052469259e-14
3.3831787109e+02 2.8550138907e-14 1.7482049816e-14 1.1068089091e-14
3.3837890625e+02 2.8558288309e-14 1.7479901505e-14 1.1078386804e-14
3.3843994141e+02 2.8568401039e-14 1.7489662353e-14 1.1078738686e-14
3.3850097656e+02 2.8585709439e-14 1.7513697929e-14 1.1072011510e-14
3.3856201172e+02 2.8603695816e-14 1.7540232921e-14 1.1063462895e-14
3.3862304688e+02 2.8606120306e-14 1.7550111562e-14 1.1056008744e-14
3.3868408203e+02 2.8585973261e-14 1.7535208528e-14 1.1050764733e-14
3.3874511719e+02 2.8552282967e-14 1.7503860146e-14 1.1048422822e-14
3.3880615234e+02 2.8518502340e-14 1.7470809464e-14 1.1047692876e-14
3.3886718750e+02 2.8492693088e-14 1.7447819008e-14 1.1044874080e-14
3.3892822266e+02 2.8476893341e-14 1.7439334686e-14 1.1037558655e-14
3.3898925781e+02 2.8469561869e-14 1.7441751243e-14 1.1027810626e-14
3.3905029297e+02 2.8465954983e-14 1.7446708036e-14 1.1019246947e-14
3.3911132812e+02 2.8458143638e-14 1.7445740846e-14 1.1012402792e-14
3.3917236328e+02 2.8442849708e-14 1.7435690833e-14 1.1007158875e-14
3.3923339844e+02 2.8428195428e-14 1.7422199470e-14 1.1005995959e-14
3.3929443359e+02 2.8421152356e-14 1.7412815459e-14 1.1008336898e-14
3.3935546875e+02 2.8412689676e-14 1.7405172323e-14 1.1007517353e-14
3.3941650391e+02 2.8390574273e-14 1.7390657715e-14 1.0999916558e-14
3.3947753906e+02 2.8363679814e-14 1.7372907536e-14 1.0990772278e-14
3.3953857422e+02 2.8356951478e-14 1.7371089868e-14 1.0985861610e-14
3.3959960938e+02 2.8379219083e-14 1.7396159671e-14 1.0983059413e-14
3.3966064453e+02 2.8411593809e-14 1.7433742923e-14 1.0977850887e-14
3.3972167969e+02 2.8433666963e-14 1.7460712158e-14 1.0972954805e-14
3.3978271484e+02 2.8444863377e-14 1.7469675104e-14 1.0975188274e-14
3.3984375000e+02 2.8453212659e-14 1.7467191350e-14 1.0986021310e-14
3.3990478516e+02 2.8458060131e-14 1.7457250837e-14 1.1000809294e-14
3.3996582031e+02 2.8453248199e-14 1.7440313205e-14 1.1012934995e-14
3.4002685547e+02 2.8439223966e-14 1.7422787709e-14 1.1016436257e-14
3.4008789062e+02 2.8422629519e-14 1.7412665436e-14 1.1009964083e-14
3.4014892578e+02 2.8405801904e-14 1.7406613324e-14 1.0999188580e-14
3.4020996094e+02 2.8385046788e-14 1.7392054182e-14 1.0992992606e-14
3.4027099609e+02 2.8360841728e-14 1.7365060974e-14 1.0995780754e-14
3.4033203125e+02 2.8341077124e-14 1.7338920930e-14 1.1002156194e-14
3.4039306641e+02 2.8332269280e-14 1.7329876469e-14 1.1002392811e-14
3.4045410156e+02 2.8333498313e-14 1.7339950397e-14 1.0993547916e-14
3.4051513672e+02 2.8338196582e-14 1.7358454332e-14 1.0979742250e-14
3.4057617188e+02 2.8340844590e-14 1.7375305792e-14 1.0965538798e-14
3.4063720703e+02 2.8342405695e-14 1.7387415457e-14 1.0954990238e-14
3.4069824219e+02 2.8346657464e-14 1.7396192035e-14 1.0950465429e-14
3.4075927734e+02 2.8355104574e-14 1.7405864200e-14 1.0949240374e-14
3.4082031250e+02 2.8369336053e-14 1.7422125246e-14 1.0947210807e-14
3.4088134766e+02 2.8389698113e-14 1.7444965466e-14 1.0944732647e-14
3.4094238281e+02 2.8408804443e-14 1.7464017189e-14 1.0944787254e-14
3.4100341797e+02 2.8417599764e-14 1.7468430451e-14 1.0949169314e-14
3.4106445312e+02 2.8416903207e-14 1.7458831964e-14 1.0958071243e-14
3.4112548828e+02 2.8412606350e-14 1.7444477043e-14 1.0968129307e-14
3.4118652344e+02 2.8406524279e-14 1.7434831471e-14 1.0971692808e-14
3.4124755859e+02 2.8400700941e-14 1.7436205153e-14 1.0964495787e-14
3.4130859375e+02 2.8398720157e-14 1.7446897927e-14 1.0951822230e-14
3.4136962891e+02 2.8395405609e-14 1.7453239372e-14 1.0942166237e-14
3.4143066406e+02 2.8380076849e-14 1.7441327016e-14 1.0938749833e-14
3.4149169922e+02 2.8356551600e-14 1.7415336432e-14 1.0941215168e-14
3.4155273438e+02 2.8346812240e-14 1.7396867820e-14 1.0949944421e-14
3.4161376953e+02 2.8369710584e-14 1.7406919812e-14 1.0962790772e-14
3.4167480469e+02 2.8421569648e-14 1.7448244436e-14 1.0973325212e-14
3.4173583984e+02 2.8477483778e-14 1.7499319536e-14 1.0978164243e-14
3.4179687500e+02 2.8509069809e-14 1.7528945360e-14 1.0980124449e-14
3.4185791016e+02 2.8504552098e-14 1.7523195796e-14 1.0981356302e-14
3.4191894531e+02 2.8474791745e-14 1.7494925288e-14 1.0979866457e-14
3.4197998047e+02 2.8438642861e-14 1.7465733740e-14 1.0972909121e-14
3.4204101562e+02 2.8405327541e-14 1.7446346495e-14 1.0958981046e-14
3.4210205078e+02 2.8373640133e-14 1.7434295834e-14 1.0939344299e-14
3.4216308594e+02 2.8341843192e-14 1.7420995729e-14 1.0920847463e-14
3.4222412109e+02 2.8312953243e-14 1.7400187613e-14 1.0912765631e-14
3.4228515625e+02 2.8291842752e-14 1.7374550703e-14 1.0917292049e-14
3.4234619141e+02 2.8279019819e-14 1.7353032742e-14 1.0925987076e-14
3.4240722656e+02 2.8272517829e-14 1.7343328141e-14 1.0929189688e-14
3.4246826172e+02 2.8278676223e-14 1.7351587369e-14 1.0927088854e-14
3.4252929688e+02 2.8308392497e-14 1.7381131777e-14 1.0927260721e-14
3.4259033203e+02 2.8356493992e-14 1.7423101834e-14 1.0933392158e-14
3.4265136719e+02 2.8399323193e-14 1.7457544084e-14 1.0941779109e-14
3.4271240234e+02 2.8418204577e-14 1.7469738808e-14 1.0948465769e-14
3.4277343750e+02 2.8416577801e-14 1.7461101611e-14 1.0955476191e-14
3.4283447266e+02 2.8414144115e-14 1.7446808410e-14 1.0967335705e-14
3.4289550781e+02 2.8425019628e-14 1.7442444082e-14 1.0982575546e-14
3.4295654297e+02 2.8437181317e-14 1.7445589844e-14 1.0991591473e-14
3.4301757812e+02 2.8421694462e-14 1.7437434778e-14 1.0984259683e-14
3.4307861328e+02 2.8368604263e-14 1.7408167010e-14 1.0960437252e-14
3.4313964844e+02 2.8300911652e-14 1.7369098545e-14 1.0931813107e-14
3.4320068359e+02 2.8249552294e-14 1.7338662006e-14 1.0910890289e-14
3.4326171875e+02 2.8227797259e-14 1.7327787327e-14 1.0900009933e-14
3.4332275391e+02 2.8230251945e-14 1.7337313631e-14 1.0892938314e-14
3.4338378906e+02 2.8244254989e-14 1.7360603620e-14 1.0883651369e-14
3.4344482422e+02 2.8259910340e-14 1.7387284669e-14 1.0872625670e-14
3.4350585938e+02 2.8275432719e-14 1.7408165783e-14 1.0867266937e-14
3.4356689453e+02 2.8293533578e-14 1.7419586678e-14 1.0873946900e-14
3.4362792969e+02 2.8309124672e-14 1.7421014851e-14 1.0888109821e-14
3.4368896484e+02 2.8306311001e-14 1.7408889482e-14 1.0897421519e-14
3.4375000000e+02 2.8277030667e-14 1.7381699023e-14 1.0895331645e-14
3.4381103516e+02 2.8236219522e-14 1.7349075302e-14 1.0887144220e-14
3.4387207031e+02 2.8207892549e-14 1.7325488769e-14 1.0882403781e-14
3.4393310547e+02 2.8202637205e-14 1.7318459861e-14 1.0884177344e-14
3.4399414062e+02 2.8213943051e-14 1.7325648203e-14 1.0888294849e-14
3.4405517578e+02 2.8227855522e-14 1.7336990153e-14 1.0890865368e-14
3.4411621094e+02 2.8232500767e-14 1.7340999007e-14 1.0891501760e-14
3.4417724609e+02 2.8222235133e-14 1.7333742361e-14 1.0888492772e-14
3.4423828125e+02 2.8198101843e-14 1.7322441845e-14 1.0875659999e-14
3.4429931641e+02 2.8171493067e-14 1.7321028540e-14 1.0850464527e-14
3.4436035156e+02 2.8162366192e-14 1.7339112381e-14 1.0823253811e-14
3.4442138672e+02 2.8178096258e-14 1.7369040118e-14 1.0809056140e-14
3.4448242188e+02 2.8200430584e-14 1.7388443453e-14 1.0811987131e-14
3.4454345703e+02 2.8210924876e-14 1.7384647787e-14 1.0826277088e-14
3.4460449219e+02 2.8213435453e-14 1.7367222582e-14 1.0846212871e-14
3.4466552734e+02 2.8215000467e-14 1.7348480047e-14 1.0866520420e-14
3.4472656250e+02 2.8208588141e-14 1.7328107106e-14 1.0880481035e-14
3.4478759766e+02 2.8188206691e-14 1.7304840604e-14 1.0883366087e-14
3.4484863281e+02 2.8160680678e-14 1.7287519182e-14 1.0873161496e-14
3.4490966797e+02 2.8136242614e-14 1.7286135698e-14 1.0850106916e-14
3.4497070312e+02 2.8118958824e-14 1.7297342945e-14 1.0821615879e-14
3.4503173828e+02 2.8108028061e-14 1.7305611932e-14 1.0802416128e-14
3.4509277344e+02 2.8105094904e-14 1.7302405410e-14 1.0802689494e-14
3.4515380859e+02 2.8117359983e-14 1.7298650325e-14 1.0818709658e-14
3.4521484375e+02 2.8147225161e-14 1.7310173542e-14 1.0837051620e-14
3.4527587891e+02 2.8181401478e-14 1.7336067578e-14 1.0845333900e-14
3.4533691406e+02 2.8202155897e-14 1.7360941253e-14 1.0841214645e-14
3.4539794922e+02 2.8206623212e-14 1.7374003259e-14 1.0832619953e-14
3.4545898438e+02 2.8204784757e-14 1.7378036377e-14 1.0826748380e-14
3.4552001953e+02 2.8206149132e-14 1.7383046095e-14 1.0823103038e-14
3.4558105469e+02 2.8215037901e-14 1.7395568399e-14 1.0819469502e-14
3.4564208984e+02 2.8228268092e-14 1.7412296704e-14 1.0815971388e-14
3.4570312500e+02 2.8236298410e-14 1.7424902797e-14 1.0811395613e-14
3.4576416016e+02 2.8234269929e-14 1.7430962169e-14 1.0803307760e-14
3.4582519531e+02 2.8225083785e-14 1.7432803028e-14 1.0792280757e-14
3.4588623047e+02 2.8208826946e-14 1.7427061862e-14 1.0781765084e-14
3.4594726562e+02 2.8182816600e-14 1.7408000155e-14 1.0774816445e-14
3.4600830078e+02 2.8152111142e-14 1.7380075689e-14 1.0772035452e-14
3.4606933594e+02 2.8125593639e-14 1.7354257538e-14 1.0771336101e-14
3.4613037109e+02 2.8106921014e-14 1.7335640773e-14 1.0771280241e-14
3.4619140625e+02 2.8100420814e-14 1.7326262184e-14 1.0774158631e-14
3.4625244141e+02 2.8112502677e-14 1.7331107302e-14 1.0781395375e-14
3.4631347656e+02 2.8135154713e-14 1.7347234706e-14 1.0787920007e-14
3.4637451172e+02 2.8141003795e-14 1.7354399566e-14 1.0786604229e-14
3.4643554688e+02 2.8109645666e-14 1.7332789146e-14 1.0776856520e-14
3.4649658203e+02 2.8055690089e-14 1.7290172416e-14 1.0765517672e-14
3.4655761719e+02 2.8017827811e-14 1.7256777544e-14 1.0761050267e-14
3.4661865234e+02 2.8017292109e-14 1.7249648262e-14 1.0767643847e-14
3.4667968750e+02 2.8038955819e-14 1.7256331884e-14 1.0782623935e-14
3.4674072266e+02 2.8056833358e-14 1.7257794048e-14 1.0799039310e-14
3.4680175781e+02 2.8062501969e-14 1.7252786192e-14 1.0809715777e-14
3.4686279297e+02 2.8062352041e-14 1.7253282591e-14 1.0809069450e-14
3.4692382812e+02 2.8061376136e-14 1.7266262734e-14 1.0795113402e-14
3.4698486328e+02 2.8056724732e-14 1.7286031519e-14 1.0770693213e-14
3.4704589844e+02 2.8044196055e-14 1.7301728316e-14 1.0742467739e-14
3.4710693359e+02 2.8031120652e-14 1.7311224155e-14 1.0719896498e-14
3.4716796875e+02 2.8034927973e-14 1.7323439695e-14 1.0711488279e-14
3.4722900391e+02 2.8060740691e-14 1.7342922835e-14 1.0717817857e-14
3.4729003906e+02 2.8091375849e-14 1.7360296489e-14 1.0731079360e-14
3.4735107422e+02 2.8108109779e-14 1.7364901814e-14 1.0743207965e-14
3.4741210938e+02 2.8108147319e-14 1.7357538930e-14 1.0750608389e-14
3.4747314453e+02 2.8094181278e-14 1.7342655621e-14 1.0751525657e-14
3.4753417969e+02 2.8062457756e-14 1.7318070794e-14 1.0744386963e-14
3.4759521484e+02 2.8014645581e-14 1.7283782339e-14 1.0730863242e-14
3.4765625000e+02 2.7971976034e-14 1.7254018983e-14 1.0717957051e-14
3.4771728516e+02 2.7961771427e-14 1.7248635371e-14 1.0713136056e-14
3.4777832031e+02 2.7990396994e-14 1.7273366106e-14 1.0717030888e-14
3.4783935547e+02 2.8036411817e-14 1.7313079483e-14 1.0723332334e-14
3.4790039062e+02 2.8068397780e-14 1.7342999594e-14 1.0725398186e-14
3.4796142578e+02 2.8066603117e-14 1.7345249635e-14 1.0721353482e-14
3.4802246094e+02 2.8032993993e-14 1.7318574458e-14 1.0714419535e-14
3.4808349609e+02 2.7987631555e-14 1.7278248891e-14 1.0709382665e-14
3.4814453125e+02 2.7954070125e-14 1.7246947544e-14 1.0707122581e-14
3.4820556641e+02 2.7943727469e-14 1.7239315140e-14 1.0704412329e-14
3.4826660156e+02 2.7952194400e-14 1.7251570098e-14 1.0700624301e-14
3.4832763672e+02 2.7967138869e-14 1.7267612697e-14 1.0699526171e-14
3.4838867188e+02 2.7978956759e-14 1.7276625533e-14 1.0702331225e-14
3.4844970703e+02 2.7987107097e-14 1.7282693140e-14 1.0704413957e-14
3.4851074219e+02 2.7996298168e-14 1.7294178472e-14 1.0702119696e-14
3.4857177734e+02 2.8006704125e-14 1.7308249954e-14 1.0698454170e-14
3.4863281250e+02 2.8010544278e-14 1.7313552167e-14 1.0696992110e-14
3.4869384766e+02 2.7998997686e-14 1.7305440540e-14 1.0693557146e-14
3.4875488281e+02 2.7972942628e-14 1.7293271903e-14 1.0679670725e-14
3.4881591797e+02 2.7947327696e-14 1.7293373924e-14 1.0653953772e-14
3.4887695312e+02 2.7941943035e-14 1.7315431313e-14 1.0626511722e-14
3.4893798828e+02 2.7962649960e-14 1.7352698407e-14 1.0609951554e-14
3.4899902344e+02 2.7991418628e-14 1.7382680865e-14 1.0608737763e-14
3.4906005859e+02 2.8001458110e-14 1.7383395861e-14 1.0618062249e-14
3.4912109375e+02 2.7983194326e-14 1.7354665363e-14 1.0628528963e-14
3.4918212891e+02 2.7949489082e-14 1.7316955274e-14 1.0632533808e-14
3.4924316406e+02 2.7920110198e-14 1.7289737720e-14 1.0630372477e-14
3.4930419922e+02 2.7908148655e-14 1.7280125017e-14 1.0628023637e-14
3.4936523438e+02 2.7915047080e-14 1.7287138725e-14 1.0627908356e-14
3.4942626953e+02 2.7933099226e-14 1.7305932591e-14 1.0627166635e-14
3.4948730469e+02 2.7952060152e-14 1.7327668293e-14 1.0624391859e-14
3.4954833984e+02 2.7962053490e-14 1.7340257066e-14 1.0621796424e-14
3.4960937500e+02 2.7957960985e-14 1.7335762475e-14 1.0622198510e-14
3.4967041016e+02 2.7947560412e-14 1.7319324371e-14 1.0628236041e-14
3.4973144531e+02 2.7944601706e-14 1.7304027104e-14 1.0640574603e-14
3.4979248047e+02 2.7950608214e-14 1.7297002294e-14 1.0653605920e-14
3.4985351562e+02 2.7956210448e-14 1.7297155961e-14 1.0659054487e-14
3.4991455078e+02 2.7956295955e-14 1.7299127929e-14 1.0657168027e-14
3.4997558594e+02 2.7952239127e-14 1.7294447616e-14 1.0657791511e-14
3.5003662109e+02 2.7948281704e-14 1.7281195618e-14 1.0667086085e-14
3.5009765625e+02 2.7951993402e-14 1.7272528184e-14 1.0679465219e-14
3.5015869141e+02 2.7966368183e-14 1.7281720526e-14 1.0684647657e-14
3.5021972656e+02 2.7979346614e-14 1.7302285711e-14 1.0677060903e-14
3.5028076172e+02 2.7972582809e-14 1.7314285022e-14 1.0658297787e-14
3.5034179688e+02 2.7940617373e-14 1.7305333469e-14 1.0635283904e-14
3.5040283203e+02 2.7894650055e-14 1.7277961313e-14 1.0616688742e-14
3.5046386719e+02 2.7851217441e-14 1.7243156592e-14 1.0608060848e-14
3.5052490234e+02 2.7824309051e-14 1.7214750947e-14 1.0609558104e-14
3.5058593750e+02 2.7823059836e-14 1.7205257385e-14 1.0617802451e-14
3.5064697266e+02 2.7845097717e-14 1.7218070546e-14 1.0627027171e-14
3.5070800781e+02 2.7871998063e-14 1.7241688886e-14 1.0630309177e-14
3.5076904297e+02 2.7880178984e-14 1.7254977872e-14 1.0625201113e-14
3.5083007812e+02 2.7860273282e-14 1.7243299997e-14 1.0616973285e-14
3.5089111328e+02 2.7825278956e-14 1.7213158424e-14 1.0612120533e-14
3.5095214844e+02 2.7800830324e-14 1.7188776379e-14 1.0612053945e-14
3.5101318359e+02 2.7805318079e-14 1.7189509411e-14 1.0615808668e-14
3.5107421875e+02 2.7834854852e-14 1.7212066878e-14 1.0622787974e-14
3.5113525391e+02 2.7869685281e-14 1.7238303776e-14 1.0631381505e-14
3.5119628906e+02 2.7895497358e-14 1.7255623785e-14 1.0639873573e-14
3.5125732422e+02 2.7910745157e-14 1.7263478633e-14 1.0647266524e-14
3.5131835938e+02 2.7915747094e-14 1.7265003499e-14 1.0650743595e-14
3.5137939453e+02 2.7909758214e-14 1.7262723044e-14 1.0647035170e-14
3.5144042969e+02 2.7900330952e-14 1.7261890487e-14 1.0638440465e-14
3.5150146484e+02 2.7901184431e-14 1.7268682571e-14 1.0632501860e-14
3.5156250000e+02 2.7915980798e-14 1.7282312617e-14 1.0633668181e-14
3.5162353516e+02 2.7931253999e-14 1.7292807506e-14 1.0638446493e-14
3.5168457031e+02 2.7927240623e-14 1.7287924408e-14 1.0639316216e-14
3.5174560547e+02 2.7895739151e-14 1.7264197618e-14 1.0631541534e-14
3.5180664062e+02 2.7851614255e-14 1.7234808543e-14 1.0616805712e-14
3.5186767578e+02 2.7823643596e-14 1.7221933039e-14 1.0601710558e-14
3.5192871094e+02 2.7827633667e-14 1.7234626143e-14 1.0593007524e-14
3.5198974609e+02 2.7853532799e-14 1.7259413964e-14 1.0594118835e-14
3.5205078125e+02 2.7882905516e-14 1.7278513794e-14 1.0604391722e-14
3.5211181641e+02 2.7909285590e-14 1.7289833238e-14 1.0619452352e-14
3.5217285156e+02 2.7934185805e-14 1.7300273450e-14 1.0633912355e-14
3.5223388672e+02 2.7951438325e-14 1.7306886130e-14 1.0644552195e-14
3.5229492188e+02 2.7947256881e-14 1.7298580535e-14 1.0648676346e-14
3.5235595703e+02 2.7914949718e-14 1.7272051719e-14 1.0642897999e-14
3.5241699219e+02 2.7863183889e-14 1.7235114681e-14 1.0628069207e-14
3.5247802734e+02 2.7811694234e-14 1.7200739922e-14 1.0610954313e-14
3.5253906250e+02 2.7780216053e-14 1.7182434810e-14 1.0597781243e-14
3.5260009766e+02 2.7777254128e-14 1.7187106235e-14 1.0590147893e-14
3.5266113281e+02 2.7798677442e-14 1.7210744716e-14 1.0587932725e-14
3.5272216797e+02 2.7834834512e-14 1.7243003239e-14 1.0591831274e-14
3.5278320312e+02 2.7874240146e-14 1.7273209733e-14 1.0601030413e-14
3.5284423828e+02 2.7904905760e-14 1.7294145637e-14 1.0610760123e-14
3.5290527344e+02 2.7918441904e-14 1.7304274116e-14 1.0614167788e-14
3.5296630859e+02 2.7911593717e-14 1.7304894981e-14 1.0606698736e-14
3.5302734375e+02 2.7886194637e-14 1.7296162710e-14 1.0590031927e-14
3.5308837891e+02 2.7853826849e-14 1.7281538921e-14 1.0572287928e-14
3.5314941406e+02 2.7835807456e-14 1.7272776358e-14 1.0563031099e-14
3.5321044922e+02 2.7845780728e-14 1.7280080278e-14 1.0565700450e-14
3.5327148438e+02 2.7871831166e-14 1.7298456466e-14 1.0573374700e-14
3.5333251953e+02 2.7887250418e-14 1.7312071756e-14 1.0575178662e-14
3.5339355469e+02 2.7879149594e-14 1.7310411934e-14 1.0568737660e-14
3.5345458984e+02 2.7856333234e-14 1.7294709298e-14 1.0561623936e-14
3.5351562500e+02 2.7830627660e-14 1.7271466752e-14 1.0559160909e-14
3.5357666016e+02 2.7804981717e-14 1.7246502609e-14 1.0558479108e-14
3.5363769531e+02 2.7781435989e-14 1.7224451240e-14 1.0556984749e-14
3.5369873047e+02 2.7766211635e-14 1.7208953272e-14 1.0557258363e-14
3.5375976562e+02 2.7765491431e-14 1.7204729613e-14 1.0560761817e-14
3.5382080078e+02 2.7781271851e-14 1.7216331861e-14 1.0564939989e-14
3.5388183594e+02 2.7804962703e-14 1.7237172623e-14 1.0567790080e-14
3.5394287109e+02 2.7817868295e-14 1.7248528883e-14 1.0569339412e-14
3.5400390625e+02 2.7810335706e-14 1.7240672574e-14 1.0569663131e-14
3.5406494141e+02 2.7795207714e-14 1.7226060950e-14 1.0569146764e-14
3.5412597656e+02 2.7790468490e-14 1.7222585875e-14 1.0567882616e-14
3.5418701172e+02 2.7794340734e-14 1.7231517236e-14 1.0562823497e-14
3.5424804688e+02 2.7788785118e-14 1.7239478540e-14 1.0549306579e-14
3.5430908203e+02 2.7767139410e-14 1.7239355164e-14 1.0527784246e-14
3.5437011719e+02 2.7747968219e-14 1.7240763723e-14 1.0507204495e-14
3.5443115234e+02 2.7753995743e-14 1.7253550248e-14 1.0500445494e-14
3.5449218750e+02 2.7784660671e-14 1.7269247058e-14 1.0515413614e-14
3.5455322266e+02 2.7819480326e-14 1.7272390212e-14 1.0547090114e-14
3.5461425781e+02 2.7840633043e-14 1.7263313169e-14 1.0577319874e-14
3.5467529297e+02 2.7843156607e-14 1.7254914077e-14 1.0588242531e-14
3.5473632812e+02 2.7833359978e-14 1.7253885855e-14 1.0579474124e-14
3.5479736328e+02 2.7825084485e-14 1.7257703525e-14 1.0567380960e-14
3.5485839844e+02 2.7828041667e-14 1.7262269088e-14 1.0565772578e-14
3.5491943359e+02 2.7835500773e-14 1.7263181407e-14 1.0572319366e-14
3.5498046875e+02 2.7832903075e-14 1.7257742150e-14 1.0575160924e-14
3.5504150391e+02 2.7819034115e-14 1.7251378954e-14 1.0567655161e-14
3.5510253906e+02 2.7807232229e-14 1.7253698642e-14 1.0553533587e-14
3.5516357422e+02 2.7805418508e-14 1.7264262562e-14 1.0541155946e-14
3.5522460938e+02 2.7804281352e-14 1.7268213369e-14 1.0536067984e-14
3.5528564453e+02 2.7787143299e-14 1.7249497442e-14 1.0537645857e-14
3.5534667969e+02 2.7748642448e-14 1.7207954975e-14 1.0540687473e-14
3.5540771484e+02 2.7703479326e-14 1.7163235458e-14 1.0540243868e-14
3.5546875000e+02 2.7676302439e-14 1.7140326846e-14 1.0535975593e-14
3.5552978516e+02 2.7682352939e-14 1.7150701135e-14 1.0531651804e-14
3.5559082031e+02 2.7717373200e-14 1.7186626080e-14 1.0530747120e-14
3.5565185547e+02 2.7762603181e-14 1.7228336830e-14 1.0534266351e-14
3.5571289062e+02 2.7798210549e-14 1.7256715154e-14 1.0541495395e-14
3.5577392578e+02 2.7813131733e-14 1.7263433246e-14 1.0549698487e-14
3.5583496094e+02 2.7804999072e-14 1.7250897472e-14 1.0554101600e-14
3.5589599609e+02 2.7778455890e-14 1.7227494100e-14 1.0550961790e-14
3.5595703125e+02 2.7743288908e-14 1.7202725588e-14 1.0540563321e-14
3.5601806641e+02 2.7709299521e-14 1.7182533152e-14 1.0526766369e-14
3.5607910156e+02 2.7686599516e-14 1.7171946196e-14 1.0514653320e-14
3.5614013672e+02 2.7684678753e-14 1.7176892361e-14 1.0507786392e-14
3.5620117188e+02 2.7699058092e-14 1.7193884106e-14 1.0505173986e-14
3.5626220703e+02 2.7709899551e-14 1.7206801726e-14 1.0503097825e-14
3.5632324219e+02 2.7706225845e-14 1.7204899242e-14 1.0501326603e-14
3.5638427734e+02 2.7699936556e-14 1.7197973115e-14 1.0501963442e-14
3.5644531250e+02 2.7707720908e-14 1.7203902613e-14 1.0503818295e-14
3.5650634766e+02 2.7728495309e-14 1.7223300344e-14 1.0505194966e-14
3.5656738281e+02 2.7746009634e-14 1.7238074446e-14 1.0507935187e-14
3.5662841797e+02 2.7748753672e-14 1.7236659661e-14 1.0512094011e-14
3.5668945312e+02 2.7739476053e-14 1.7227322909e-14 1.0512153144e-14
3.5675048828e+02 2.7727423153e-14 1.7222817464e-14 1.0504605689e-14
3.5681152344e+02 2.7718208802e-14 1.7224471788e-14 1.0493737014e-14
3.5687255859e+02 2.7709733707e-14 1.7225907520e-14 1.0483826186e-14
3.5693359375e+02 2.7694823084e-14 1.7222705160e-14 1.0472117924e-14
3.5699462891e+02 2.7670838956e-14 1.7214109230e-14 1.0456729726e-14
3.5705566406e+02 2.7645314872e-14 1.7200511181e-14 1.0444803691e-14
3.5711669922e+02 2.7627645564e-14 1.7182163885e-14 1.0445481679e-14
3.5717773438e+02 2.7620362214e-14 1.7160305093e-14 1.0460057120e-14
3.5723876953e+02 2.7622240929e-14 1.7139312938e-14 1.0482927991e-14
3.5729980469e+02 2.7632254964e-14 1.7126029684e-14 1.0506225280e-14
3.5736083984e+02 2.7648500353e-14 1.7126871279e-14 1.0521629074e-14
3.5742187500e+02 2.7668376992e-14 1.7144734607e-14 1.0523642385e-14
3.5748291016e+02 2.7687532014e-14 1.7173618373e-14 1.0513913642e-14
3.5754394531e+02 2.7698410754e-14 1.7197574479e-14 1.0500836275e-14
3.5760498047e+02 2.7696882140e-14 1.7203096987e-14 1.0493785153e-14
3.5766601562e+02 2.7689199270e-14 1.7192672442e-14 1.0496526828e-14
3.5772705078e+02 2.7686116210e-14 1.7180100443e-14 1.0506015767e-14
3.5778808594e+02 2.7690421367e-14 1.7172487720e-14 1.0517933647e-14
3.5784912109e+02 2.7692882420e-14 1.7163339653e-14 1.0529542767e-14
3.5791015625e+02 2.7682385724e-14 1.7146255991e-14 1.0536129733e-14
3.5797119141e+02 2.7661533452e-14 1.7129008905e-14 1.0532524548e-14
3.5803222656e+02 2.7648169387e-14 1.7128322499e-14 1.0519846888e-14
3.5809326172e+02 2.7655139467e-14 1.7151515176e-14 1.0503624290e-14
3.5815429688e+02 2.7672311393e-14 1.7186450923e-14 1.0485860471e-14
3.5821533203e+02 2.7678019344e-14 1.7212952023e-14 1.0465067321e-14
3.5827636719e+02 2.7664377400e-14 1.7220625952e-14 1.0443751448e-14
3.5833740234e+02 2.7641357602e-14 1.7210880939e-14 1.0430476664e-14
3.5839843750e+02 2.7621457967e-14 1.7190262943e-14 1.0431195024e-14
3.5845947266e+02 2.7611553468e-14 1.7170257039e-14 1.0441296429e-14
3.5852050781e+02 2.7615301548e-14 1.7165083339e-14 1.0450218209e-14
3.5858154297e+02 2.7629417405e-14 1.7178144479e-14 1.0451272926e-14
3.5864257812e+02 2.7638168597e-14 1.7193715744e-14 1.0444452853e-14
3.5870361328e+02 2.7627574190e-14 1.7192672497e-14 1.0434901693e-14
3.5876464844e+02 2.7603492059e-14 1.7173169583e-14 1.0430322476e-14
3.5882568359e+02 2.7580553733e-14 1.7145636902e-14 1.0434916830e-14
3.5888671875e+02 2.7564288391e-14 1.7117334001e-14 1.0446954389e-14
3.5894775391e+02 2.7558126574e-14 1.7095344897e-14 1.0462781677e-14
3.5900878906e+02 2.7569386511e-14 1.7093075427e-14 1.0476311084e-14
3.5906982422e+02 2.7593077421e-14 1.7115685653e-14 1.0477391768e-14
3.5913085938e+02 2.7605666274e-14 1.7144700358e-14 1.0460965917e-14
3.5919189453e+02 2.7591147124e-14 1.7155743108e-14 1.0435404016e-14
3.5925292969e+02 2.7564643271e-14 1.7149267968e-14 1.0415375303e-14
3.5931396484e+02 2.7557657976e-14 1.7148048315e-14 1.0409609661e-14
3.5937500000e+02 2.7585538255e-14 1.7167811940e-14 1.0417726314e-14
3.5943603516e+02 2.7636112136e-14 1.7202615810e-14 1.0433496326e-14
3.5949707031e+02 2.7682498082e-14 1.7234810088e-14 1.0447687995e-14
3.5955810547e+02 2.7702342878e-14 1.7249391678e-14 1.0452951201e-14
3.5961914062e+02 2.7693198694e-14 1.7243088860e-14 1.0450109835e-14
3.5968017578e+02 2.7674077180e-14 1.7228471290e-14 1.0445605890e-14
3.5974121094e+02 2.7667015860e-14 1.7224439360e-14 1.0442576499e-14
3.5980224609e+02 2.7675943316e-14 1.7236319479e-14 1.0439623838e-14
3.5986328125e+02 2.7688485205e-14 1.7252534131e-14 1.0435951074e-14
3.5992431641e+02 2.7696599682e-14 1.7263137667e-14 1.0433462015e-14
3.5998535156e+02 2.7704908339e-14 1.7270054313e-14 1.0434854026e-14
3.6004638672e+02 2.7716504188e-14 1.7277210328e-14 1.0439293860e-14
3.6010742188e+02 2.7725904361e-14 1.7283186878e-14 1.0442717483e-14
3.6016845703e+02 2.7733275738e-14 1.7286554577e-14 1.0446721160e-14
3.6022949219e+02 2.7747746791e-14 1.7288483253e-14 1.0459263539e-14
3.6029052734e+02 2.7767592018e-14 1.7287510120e-14 1.0480081898e-14
3.6035156250e+02 2.7773264376e-14 1.7278354635e-14 1.0494909740e-14
3.6041259766e+02 2.7748286352e-14 1.7258372347e-14 1.0489914005e-14
3.6047363281e+02 2.7698189963e-14 1.7232618325e-14 1.0465571637e-14
3.6053466797e+02 2.7645716846e-14 1.7210602218e-14 1.0435114627e-14
3.6059570312e+02 2.7611448666e-14 1.7197689425e-14 1.0413759241e-14
3.6065673828e+02 2.7599205949e-14 1.7190917969e-14 1.0408287980e-14
3.6071777344e+02 2.7596782584e-14 1.7182967228e-14 1.0413815355e-14
3.6077880859e+02 2.7588272870e-14 1.7168343780e-14 1.0419929090e-14
3.6083984375e+02 2.7567472138e-14 1.7147547748e-14 1.0419924390e-14
3.6090087891e+02 2.7541724758e-14 1.7126553093e-14 1.0415171665e-14
3.6096191406e+02 2.7522131819e-14 1.7110045723e-14 1.0412086096e-14
3.6102294922e+02 2.7513053980e-14 1.7097590897e-14 1.0415463083e-14
3.6108398438e+02 2.7514768657e-14 1.7090227087e-14 1.0424541570e-14
3.6114501953e+02 2.7529506814e-14 1.7095001697e-14 1.0434505117e-14
3.6120605469e+02 2.7556774045e-14 1.7115940362e-14 1.0440833683e-14
3.6126708984e+02 2.7587205226e-14 1.7145217749e-14 1.0441987477e-14
3.6132812500e+02 2.7607171147e-14 1.7168371779e-14 1.0438799368e-14
3.6138916016e+02 2.7607638230e-14 1.7174672872e-14 1.0432965358e-14
3.6145019531e+02 2.7589878679e-14 1.7163263190e-14 1.0426615488e-14
3.6151123047e+02 2.7566678827e-14 1.7144188976e-14 1.0422489851e-14
3.6157226562e+02 2.7555011099e-14 1.7131510657e-14 1.0423500442e-14
3.6163330078e+02 2.7563326455e-14 1.7133284986e-14 1.0430041469e-14
3.6169433594e+02 2.7585647089e-14 1.7149554751e-14 1.0436092339e-14
3.6175537109e+02 2.7607165129e-14 1.7175501520e-14 1.0431663609e-14
3.6181640625e+02 2.7615698988e-14 1.7202393791e-14 1.0413305197e-14
3.6187744141e+02 2.7609814556e-14 1.7220420709e-14 1.0389393847e-14
3.6193847656e+02 2.7597440409e-14 1.7224162282e-14 1.0373278128e-14
3.6199951172e+02 2.7588216615e-14 1.7214654830e-14 1.0373561785e-14
3.6206054688e+02 2.7585070723e-14 1.7195743304e-14 1.0389327419e-14
3.6212158203e+02 2.7581151581e-14 1.7170543439e-14 1.0410608143e-14
3.6218261719e+02 2.7569599293e-14 1.7145550690e-14 1.0424048603e-14
3.6224365234e+02 2.7555023706e-14 1.7131964834e-14 1.0423058872e-14
3.6230468750e+02 2.7547700036e-14 1.7134287955e-14 1.0413412082e-14
3.6236572266e+02 2.7549429482e-14 1.7143889803e-14 1.0405539679e-14
3.6242675781e+02 2.7550181023e-14 1.7148541245e-14 1.0401639778e-14
3.6248779297e+02 2.7535866697e-14 1.7141537154e-14 1.0394329543e-14
3.6254882812e+02 2.7502346451e-14 1.7123448501e-14 1.0378897950e-14
3.6260986328e+02 2.7465814482e-14 1.7104572434e-14 1.0361242049e-14
3.6267089844e+02 2.7450268849e-14 1.7099991453e-14 1.0350277396e-14
3.6273193359e+02 2.7458775436e-14 1.7111363389e-14 1.0347412048e-14
3.6279296875e+02 2.7468582072e-14 1.7121123549e-14 1.0347458523e-14
3.6285400391e+02 2.7462312064e-14 1.7114627890e-14 1.0347684174e-14
3.6291503906e+02 2.7452249284e-14 1.7100698767e-14 1.0351550518e-14
3.6297607422e+02 2.7463409543e-14 1.7101462407e-14 1.0361947136e-14
3.6303710938e+02 2.7499703459e-14 1.7124698995e-14 1.0375004464e-14
3.6309814453e+02 2.7538017958e-14 1.7153426062e-14 1.0384591896e-14
3.6315917969e+02 2.7554783109e-14 1.7165154848e-14 1.0389628262e-14
3.6322021484e+02 2.7548649966e-14 1.7155736637e-14 1.0392913328e-14
3.6328125000e+02 2.7533765739e-14 1.7139538427e-14 1.0394227312e-14
3.6334228516e+02 2.7517453758e-14 1.7129796414e-14 1.0387657344e-14
3.6340332031e+02 2.7494458955e-14 1.7126345522e-14 1.0368113433e-14
3.6346435547e+02 2.7464751241e-14 1.7124195630e-14 1.0340555612e-14
3.6352539062e+02 2.7443180642e-14 1.7124753092e-14 1.0318427551e-14
3.6358642578e+02 2.7443409712e-14 1.7132410627e-14 1.0310999085e-14
3.6364746094e+02 2.7462081124e-14 1.7145970521e-14 1.0316110602e-14
3.6370849609e+02 2.7486635697e-14 1.7159778959e-14 1.0326856738e-14
3.6376953125e+02 2.7514800643e-14 1.7173188766e-14 1.0341611877e-14
3.6383056641e+02 2.7555600794e-14 1.7192403548e-14 1.0363197246e-14
3.6389160156e+02 2.7608465004e-14 1.7219014171e-14 1.0389450833e-14
3.6395263672e+02 2.7654384424e-14 1.7243359353e-14 1.0411025071e-14
3.6401367188e+02 2.7673363757e-14 1.7253004830e-14 1.0420358927e-14
3.6407470703e+02 2.7662022368e-14 1.7244125368e-14 1.0417897000e-14
3.6413574219e+02 2.7631886018e-14 1.7223686854e-14 1.0408199164e-14
3.6419677734e+02 2.7597103957e-14 1.7202169321e-14 1.0394934636e-14
3.6425781250e+02 2.7566795608e-14 1.7186701234e-14 1.0380094374e-14
3.6431884766e+02 2.7544967538e-14 1.7180870135e-14 1.0364097403e-14
3.6437988281e+02 2.7532550625e-14 1.7185337037e-14 1.0347213588e-14
3.6444091797e+02 2.7528361450e-14 1.7195909902e-14 1.0332451549e-14
3.6450195312e+02 2.7529744890e-14 1.7204386624e-14 1.0325358267e-14
3.6456298828e+02 2.7531897649e-14 1.7203035749e-14 1.0328861899e-14
3.6462402344e+02 2.7524837380e-14 1.7186816216e-14 1.0338021164e-14
3.6468505859e+02 2.7497005281e-14 1.7154272578e-14 1.0342732703e-14
3.6474609375e+02 2.7448478670e-14 1.7111221621e-14 1.0337257049e-14
3.6480712891e+02 2.7397355154e-14 1.7071589240e-14 1.0325765914e-14
3.6486816406e+02 2.7369334713e-14 1.7050585061e-14 1.0318749652e-14
3.6492919922e+02 2.7377715952e-14 1.7054202709e-14 1.0323513244e-14
3.6499023438e+02 2.7409763622e-14 1.7072946627e-14 1.0336816995e-14
3.6505126953e+02 2.7437673967e-14 1.7089502985e-14 1.0348170982e-14
3.6511230469e+02 2.7446327622e-14 1.7095837401e-14 1.0350490221e-14
3.6517333984e+02 2.7442789783e-14 1.7098137806e-14 1.0344651976e-14
3.6523437500e+02 2.7439257584e-14 1.7104727258e-14 1.0334530327e-14
3.6529541016e+02 2.7442158711e-14 1.7118083637e-14 1.0324075074e-14
3.6535644531e+02 2.7458844199e-14 1.7139507373e-14 1.0319336826e-14
3.6541748047e+02 2.7492765084e-14 1.7168825898e-14 1.0323939186e-14
3.6547851562e+02 2.7527604195e-14 1.7196027628e-14 1.0331576567e-14
3.6553955078e+02 2.7536629450e-14 1.7204951988e-14 1.0331677462e-14
3.6560058594e+02 2.7513106624e-14 1.7190818472e-14 1.0322288152e-14
3.6566162109e+02 2.7479768014e-14 1.7169307296e-14 1.0310460718e-14
3.6572265625e+02 2.7462957025e-14 1.7161727540e-14 1.0301229484e-14
3.6578369141e+02 2.7461334764e-14 1.7168205008e-14 1.0293129756e-14
3.6584472656e+02 2.7449714935e-14 1.7165031159e-14 1.0284683776e-14
3.6590576172e+02 2.7414851661e-14 1.7136485374e-14 1.0278366287e-14
3.6596679688e+02 2.7373084364e-14 1.7095797989e-14 1.0277286375e-14
3.6602783203e+02 2.7350810349e-14 1.7067783993e-14 1.0283026356e-14
3.6608886719e+02 2.7361153471e-14 1.7066173632e-14 1.0294979839e-14
3.6614990234e+02 2.7398733211e-14 1.7090169702e-14 1.0308563509e-14
3.6621093750e+02 2.7445883087e-14 1.7128329919e-14 1.0317553167e-14
3.6627197266e+02 2.7483120916e-14 1.7163108161e-14 1.0320012755e-14
3.6633300781e+02 2.7498501736e-14 1.7179071761e-14 1.0319429975e-14
3.6639404297e+02 2.7489588853e-14 1.7170630894e-14 1.0318957959e-14
3.6645507812e+02 2.7461805620e-14 1.7145215311e-14 1.0316590309e-14
3.6651611328e+02 2.7429473168e-14 1.7119989860e-14 1.0309483308e-14
3.6657714844e+02 2.7411442154e-14 1.7110236405e-14 1.0301205749e-14
3.6663818359e+02 2.7416753520e-14 1.7118044123e-14 1.0298709397e-14
3.6669921875e+02 2.7437103037e-14 1.7134880927e-14 1.0302222110e-14
3.6676025391e+02 2.7457382763e-14 1.7154198895e-14 1.0303183868e-14
3.6682128906e+02 2.7469434292e-14 1.7174534515e-14 1.0294899777e-14
3.6688232422e+02 2.7473384290e-14 1.7190663724e-14 1.0282720566e-14
3.6694335938e+02 2.7473669007e-14 1.7195232092e-14 1.0278436914e-14
3.6700439453e+02 2.7476930338e-14 1.7191363223e-14 1.0285567116e-14
3.6706542969e+02 2.7484956329e-14 1.7188022769e-14 1.0296933560e-14
3.6712646484e+02 2.7488768036e-14 1.7183768063e-14 1.0304999973e-14
3.6718750000e+02 2.7477591451e-14 1.7170632129e-14 1.0306959321e-14
3.6724853516e+02 2.7452421758e-14 1.7149986839e-14 1.0302434919e-14
3.6730957031e+02 2.7424379762e-14 1.7131659754e-14 1.0292720008e-14
3.6737060547e+02 2.7402015801e-14 1.7121091699e-14 1.0280924102e-14
3.6743164062e+02 2.7385912245e-14 1.7115628872e-14 1.0270283373e-14
3.6749267578e+02 2.7372136167e-14 1.7109593238e-14 1.0262542929e-14
3.6755371094e+02 2.7356793726e-14 1.7099676793e-14 1.0257116933e-14
3.6761474609e+02 2.7340906965e-14 1.7090011455e-14 1.0250895509e-14
3.6767578125e+02 2.7332021677e-14 1.7090576290e-14 1.0241445387e-14
3.6773681641e+02 2.7338266588e-14 1.7105774425e-14 1.0232492163e-14
3.6779785156e+02 2.7360929593e-14 1.7127848587e-14 1.0233081006e-14
3.6785888672e+02 2.7393378166e-14 1.7146294008e-14 1.0247084158e-14
3.6791992188e+02 2.7423236879e-14 1.7158138399e-14 1.0265098480e-14
3.6798095703e+02 2.7434750010e-14 1.7161531126e-14 1.0273218884e-14
3.6804199219e+02 2.7419434306e-14 1.7149394057e-14 1.0270040249e-14
3.6810302734e+02 2.7389826126e-14 1.7122907157e-14 1.0266918969e-14
3.6816406250e+02 2.7372686921e-14 1.7100980860e-14 1.0271706062e-14
3.6822509766e+02 2.7383425519e-14 1.7102271596e-14 1.0281153923e-14
3.6828613281e+02 2.7411886435e-14 1.7123872113e-14 1.0288014322e-14
3.6834716797e+02 2.7435784335e-14 1.7147438550e-14 1.0288345785e-14
3.6840820312e+02 2.7446153990e-14 1.7162849738e-14 1.0283304252e-14
3.6846923828e+02 2.7452603678e-14 1.7175141386e-14 1.0277462292e-14
3.6853027344e+02 2.7462881044e-14 1.7189017895e-14 1.0273863149e-14
3.6859130859e+02 2.7468852432e-14 1.7198716646e-14 1.0270135786e-14
3.6865234375e+02 2.7460061748e-14 1.7197225566e-14 1.0262836183e-14
3.6871337891e+02 2.7443397692e-14 1.7188385440e-14 1.0255012252e-14
3.6877441406e+02 2.7437149803e-14 1.7182691492e-14 1.0254458311e-14
3.6883544922e+02 2.7447952940e-14 1.7183614363e-14 1.0264338577e-14
3.6889648438e+02 2.7463942981e-14 1.7185345123e-14 1.0278597858e-14
3.6895751953e+02 2.7470171923e-14 1.7182765327e-14 1.0287406597e-14
3.6901855469e+02 2.7462878707e-14 1.7176293469e-14 1.0286585238e-14
3.6907958984e+02 2.7447485740e-14 1.7167131175e-14 1.0280354565e-14
3.6914062500e+02 2.7430855830e-14 1.7156169487e-14 1.0274686343e-14
3.6920166016e+02 2.7419249205e-14 1.7148483800e-14 1.0270765406e-14
3.6926269531e+02 2.7415430378e-14 1.7148846276e-14 1.0266584102e-14
3.6932373047e+02 2.7412597560e-14 1.7150906669e-14 1.0261690891e-14
3.6938476562e+02 2.7398171691e-14 1.7140997145e-14 1.0257174546e-14
3.6944580078e+02 2.7367695601e-14 1.7115607666e-14 1.0252087935e-14
3.6950683594e+02 2.7330769582e-14 1.7087571993e-14 1.0243197589e-14
3.6956787109e+02 2.7304014100e-14 1.7073674066e-14 1.0230340034e-14
3.6962890625e+02 2.7299676262e-14 1.7080348328e-14 1.0219327934e-14
3.6968994141e+02 2.7314096304e-14 1.7098400021e-14 1.0215696283e-14
3.6975097656e+02 2.7328328437e-14 1.7110201822e-14 1.0218126616e-14
3.6981201172e+02 2.7328837572e-14 1.7106715100e-14 1.0222122472e-14
3.6987304688e+02 2.7321028987e-14 1.7094721827e-14 1.0226307160e-14
3.6993408203e+02 2.7314486511e-14 1.7084155835e-14 1.0230330676e-14
3.6999511719e+02 2.7307117279e-14 1.7076260995e-14 1.0230856284e-14
3.7005615234e+02 2.7291873303e-14 1.7066711191e-14 1.0225162112e-14
3.7011718750e+02 2.7268389622e-14 1.7052353030e-14 1.0216036592e-14
3.7017822266e+02 2.7244763123e-14 1.7035968029e-14 1.0208795094e-14
3.7023925781e+02 2.7235066518e-14 1.7029462161e-14 1.0205604357e-14
3.7030029297e+02 2.7251151572e-14 1.7045137864e-14 1.0206013708e-14
3.7036132812e+02 2.7290424826e-14 1.7079640489e-14 1.0210784337e-14
3.7042236328e+02 2.7339141469e-14 1.7116558794e-14 1.0222582675e-14
3.7048339844e+02 2.7390098862e-14 1.7147179775e-14 1.0242919087e-14
3.7054443359e+02 2.7440982471e-14 1.7174315157e-14 1.0266667314e-14
3.7060546875e+02 2.7474707787e-14 1.7193794053e-14 1.0280913734e-14
3.7066650391e+02 2.7468651174e-14 1.7192854027e-14 1.0275797148e-14
3.7072753906e+02 2.7428388387e-14 1.7171761823e-14 1.0256626563e-14
3.7078857422e+02 2.7383935815e-14 1.7146328697e-14 1.0237607118e-14
3.7084960938e+02 2.7349535443e-14 1.7125038177e-14 1.0224497267e-14
3.7091064453e+02 2.7315712328e-14 1.7103006094e-14 1.0212706234e-14
3.7097167969e+02 2.7280282611e-14 1.7080413611e-14 1.0199869000e-14
3.7103271484e+02 2.7258562904e-14 1.7068031194e-14 1.0190531710e-14
3.7109375000e+02 2.7261477199e-14 1.7071170591e-14 1.0190306608e-14
3.7115478516e+02 2.7283281923e-14 1.7082988309e-14 1.0200293614e-14
3.7121582031e+02 2.7313312207e-14 1.7098601892e-14 1.0214710314e-14
3.7127685547e+02 2.7346485123e-14 1.7123174342e-14 1.0223310781e-14
3.7133789062e+02 2.7375065564e-14 1.7155659712e-14 1.0219405852e-14
3.7139892578e+02 2.7383204822e-14 1.7176599809e-14 1.0206605013e-14
3.7145996094e+02 2.7365296122e-14 1.7169120265e-14 1.0196175857e-14
3.7152099609e+02 2.7340372383e-14 1.7144315011e-14 1.0196057372e-14
3.7158203125e+02 2.7333273543e-14 1.7129688524e-14 1.0203585020e-14
3.7164306641e+02 2.7346150273e-14 1.7136029328e-14 1.0210120945e-14
3.7170410156e+02 2.7357293390e-14 1.7146930528e-14 1.0210362862e-14
3.7176513672e+02 2.7346016731e-14 1.7140081370e-14 1.0205935361e-14
3.7182617188e+02 2.7313133249e-14 1.7111518889e-14 1.0201614360e-14
3.7188720703e+02 2.7276359369e-14 1.7076717610e-14 1.0199641760e-14
3.7194824219e+02 2.7250472376e-14 1.7052355433e-14 1.0198116942e-14
3.7200927734e+02 2.7234918515e-14 1.7041688346e-14 1.0193230169e-14
3.7207031250e+02 2.7220476897e-14 1.7037182052e-14 1.0183294846e-14
3.7213134766e+02 2.7207219105e-14 1.7034533613e-14 1.0172685491e-14
3.7219238281e+02 2.7207760916e-14 1.7039011604e-14 1.0168749312e-14
3.7225341797e+02 2.7225318549e-14 1.7053070385e-14 1.0172248164e-14
3.7231445312e+02 2.7240616854e-14 1.7064860790e-14 1.0175756064e-14
3.7237548828e+02 2.7235360727e-14 1.7061314566e-14 1.0174046161e-14
3.7243652344e+02 2.7218291211e-14 1.7048167804e-14 1.0170123407e-14
3.7249755859e+02 2.7214078776e-14 1.7044728996e-14 1.0169349780e-14
3.7255859375e+02 2.7237651645e-14 1.7063422726e-14 1.0174228919e-14
3.7261962891e+02 2.7287990710e-14 1.7102828925e-14 1.0185161785e-14
3.7268066406e+02 2.7351389322e-14 1.7151335190e-14 1.0200054131e-14
3.7274169922e+02 2.7403329563e-14 1.7190396415e-14 1.0212933148e-14
3.7280273438e+02 2.7423066800e-14 1.7205654899e-14 1.0217411900e-14
3.7286376953e+02 2.7412736692e-14 1.7199236836e-14 1.0213499856e-14
3.7292480469e+02 2.7390225681e-14 1.7181971401e-14 1.0208254280e-14
3.7298583984e+02 2.7363830441e-14 1.7157080023e-14 1.0206750418e-14
3.7304687500e+02 2.7327486598e-14 1.7120805516e-14 1.0206681082e-14
3.7310791016e+02 2.7280230850e-14 1.7074070660e-14 1.0206160189e-14
3.7316894531e+02 2.7237084103e-14 1.7027576293e-14 1.0209507809e-14
3.7322998047e+02 2.7215975400e-14 1.6997580154e-14 1.0218395246e-14
3.7329101562e+02 2.7219353541e-14 1.6995080533e-14 1.0224273008e-14
3.7335205078e+02 2.7232790547e-14 1.7015863846e-14 1.0216926701e-14
3.7341308594e+02 2.7242791295e-14 1.7045209286e-14 1.0197582009e-14
3.7347412109e+02 2.7252437696e-14 1.7072946715e-14 1.0179490981e-14
3.7353515625e+02 2.7271980070e-14 1.7096421491e-14 1.0175558579e-14
3.7359619141e+02 2.7297695571e-14 1.7111750981e-14 1.0185944590e-14
3.7365722656e+02 2.7311872662e-14 1.7113991575e-14 1.0197881086e-14
3.7371826172e+02 2.7305769044e-14 1.7106595521e-14 1.0199173523e-14
3.7377929688e+02 2.7292760956e-14 1.7101130418e-14 1.0191630539e-14
3.7384033203e+02 2.7289463064e-14 1.7102925828e-14 1.0186537236e-14
3.7390136719e+02 2.7293855984e-14 1.7104846023e-14 1.0189009961e-14
3.7396240234e+02 2.7295292037e-14 1.7100691251e-14 1.0194600786e-14
3.7402343750e+02 2.7291462608e-14 1.7094940148e-14 1.0196522460e-14
3.7408447266e+02 2.7282451088e-14 1.7092847531e-14 1.0189603557e-14
3.7414550781e+02 2.7265364692e-14 1.7091128239e-14 1.0174236453e-14
3.7420654297e+02 2.7244390066e-14 1.7084720558e-14 1.0159669509e-14
3.7426757812e+02 2.7231400825e-14 1.7074881032e-14 1.0156519794e-14
3.7432861328e+02 2.7232065232e-14 1.7066862630e-14 1.0165202603e-14
3.7438964844e+02 2.7240145060e-14 1.7063506309e-14 1.0176638752e-14
3.7445068359e+02 2.7247316210e-14 1.7063819171e-14 1.0183497039e-14
3.7451171875e+02 2.7254760478e-14 1.7067937879e-14 1.0186822599e-14
3.7457275391e+02 2.7272143081e-14 1.7079326548e-14 1.0192816534e-14
3.7463378906e+02 2.7305550714e-14 1.7100473398e-14 1.0205077316e-14
3.7469482422e+02 2.7345942450e-14 1.7128117229e-14 1.0217825220e-14
3.7475585938e+02 2.7369956129e-14 1.7151312865e-14 1.0218643264e-14
3.7481689453e+02 2.7362096165e-14 1.7159214410e-14 1.0202881755e-14
3.7487792969e+02 2.7335745404e-14 1.7154002741e-14 1.0181742663e-14
3.7493896484e+02 2.7315133762e-14 1.7144780797e-14 1.0170352965e-14
3.7500000000e+02 2.7300193975e-14 1.7129199153e-14 1.0170994822e-14
3.7506103516e+02 2.7271741927e-14 1.7097577665e-14 1.0174164262e-14
3.7512207031e+02 2.7225998813e-14 1.7051995438e-14 1.0174003375e-14
3.7518310547e+02 2.7179239734e-14 1.7005336381e-14 1.0173903352e-14
3.7524414062e+02 2.7145731056e-14 1.6969152061e-14 1.0176578994e-14
3.7530517578e+02 2.7132951427e-14 1.6955224816e-14 1.0177726611e-14
3.7536621094e+02 2.7144658657e-14 1.6972853769e-14 1.0171804888e-14
3.7542724609e+02 2.7169937702e-14 1.7010583768e-14 1.0159353934e-14
3.7548828125e+02 2.7186000848e-14 1.7038801147e-14 1.0147199701e-14
3.7554931641e+02 2.7185640367e-14 1.7043241753e-14 1.0142398613e-14
3.7561035156e+02 2.7185568387e-14 1.7039097750e-14 1.0146470637e-14
3.7567138672e+02 2.7199304693e-14 1.7043527880e-14 1.0155776813e-14
3.7573242188e+02 2.7220538859e-14 1.7053747565e-14 1.0166791293e-14
3.7579345703e+02 2.7239800093e-14 1.7060572862e-14 1.0179227231e-14
3.7585449219e+02 2.7255686761e-14 1.7063253176e-14 1.0192433585e-14
3.7591552734e+02 2.7263537210e-14 1.7062509359e-14 1.0201027852e-14
3.7597656250e+02 2.7255088526e-14 1.7056749237e-14 1.0198339289e-14
3.7603759766e+02 2.7235559854e-14 1.7051422202e-14 1.0184137652e-14
3.7609863281e+02 2.7225453739e-14 1.7058768046e-14 1.0166685693e-14
3.7615966797e+02 2.7239516576e-14 1.7083582912e-14 1.0155933664e-14
3.7622070312e+02 2.7270685018e-14 1.7116349427e-14 1.0154335591e-14
3.7628173828e+02 2.7298255047e-14 1.7142443903e-14 1.0155811144e-14
3.7634277344e+02 2.7307769930e-14 1.7153907268e-14 1.0153862662e-14
3.7640380859e+02 2.7298459646e-14 1.7150818884e-14 1.0147640762e-14
3.7646484375e+02 2.7275286495e-14 1.7134757890e-14 1.0140528606e-14
3.7652587891e+02 2.7243740972e-14 1.7107091835e-14 1.0136649137e-14
3.7658691406e+02 2.7212446890e-14 1.7074834905e-14 1.0137611985e-14
3.7664794922e+02 2.7190908190e-14 1.7050738473e-14 1.0140169716e-14
3.7670898438e+02 2.7181352567e-14 1.7041642361e-14 1.0139710206e-14
3.7677001953e+02 2.7177953392e-14 1.7040882673e-14 1.0137070719e-14
3.7683105469e+02 2.7176439466e-14 1.7038255440e-14 1.0138184025e-14
3.7689208984e+02 2.7179889337e-14 1.7034057161e-14 1.0145832175e-14
3.7695312500e+02 2.7191774060e-14 1.7036676086e-14 1.0155097974e-14
3.7701416016e+02 2.7208289128e-14 1.7048280758e-14 1.0160008370e-14
3.7707519531e+02 2.7222950125e-14 1.7061192620e-14 1.0161757504e-14
3.7713623047e+02 2.7234363575e-14 1.7069296042e-14 1.0165067534e-14
3.7719726562e+02 2.7244555254e-14 1.7074376373e-14 1.0170178882e-14
3.7725830078e+02 2.7253117279e-14 1.7079020266e-14 1.0174097013e-14
3.7731933594e+02 2.7256035680e-14 1.7081241227e-14 1.0174794453e-14
3.7738037109e+02 2.7249625945e-14 1.7078609126e-14 1.0171016819e-14
3.7744140625e+02 2.7235230431e-14 1.7071918603e-14 1.0163311827e-14
3.7750244141e+02 2.7219717516e-14 1.7064580407e-14 1.0155137109e-14
3.7756347656e+02 2.7210723870e-14 1.7061525736e-14 1.0149198134e-14
3.7762451172e+02 2.7211303276e-14 1.7066159662e-14 1.0145143614e-14
3.7768554688e+02 2.7219147851e-14 1.7077256017e-14 1.0141891834e-14
3.7774658203e+02 2.7228730560e-14 1.7089620813e-14 1.0139109747e-14
3.7780761719e+02 2.7233737635e-14 1.7097075970e-14 1.0136661665e-14
3.7786865234e+02 2.7231755867e-14 1.7097625666e-14 1.0134130200e-14
3.7792968750e+02 2.7225794248e-14 1.7095756992e-14 1.0130037256e-14
3.7799072266e+02 2.7218943951e-14 1.7096041295e-14 1.0122902656e-14
3.7805175781e+02 2.7213792388e-14 1.7098138777e-14 1.0115653611e-14
3.7811279297e+02 2.7214385487e-14 1.7099753691e-14 1.0114631797e-14
3.7817382812e+02 2.7219118198e-14 1.7098803857e-14 1.0120314341e-14
3.7823486328e+02 2.7219243210e-14 1.7093254652e-14 1.0125988558e-14
3.7829589844e+02 2.7211181114e-14 1.7083072012e-14 1.0128109102e-14
3.7835693359e+02 2.7200277000e-14 1.7071943884e-14 1.0128333116e-14
3.7841796875e+02 2.7190246324e-14 1.7064771923e-14 1.0125474400e-14
3.7847900391e+02 2.7178030113e-14 1.7061708939e-14 1.0116321174e-14
3.7854003906e+02 2.7160495495e-14 1.7057400782e-14 1.0103094713e-14
3.7860107422e+02 2.7140692901e-14 1.7048728468e-14 1.0091964433e-14
3.7866210938e+02 2.7125469553e-14 1.7038750565e-14 1.0086718988e-14
3.7872314453e+02 2.7121986854e-14 1.7033239472e-14 1.0088747382e-14
3.7878417969e+02 2.7136907362e-14 1.7038167818e-14 1.0098739544e-14
3.7884521484e+02 2.7169667561e-14 1.7055589972e-14 1.0114077589e-14
3.7890625000e+02 2.7205475698e-14 1.7076903294e-14 1.0128572404e-14
3.7896728516e+02 2.7224808762e-14 1.7087192746e-14 1.0137616015e-14
3.7902832031e+02 2.7221651223e-14 1.7081081281e-14 1.0140569942e-14
3.7908935547e+02 2.7203968135e-14 1.7066602558e-14 1.0137365577e-14
3.7915039062e+02 2.7180050254e-14 1.7052041572e-14 1.0128008683e-14
3.7921142578e+02 2.7158284822e-14 1.7040917079e-14 1.0117367742e-14
3.7927246094e+02 2.7152889753e-14 1.7040194610e-14 1.0112695144e-14
3.7933349609e+02 2.7171776863e-14 1.7057827675e-14 1.0113949188e-14
3.7939453125e+02 2.7203162268e-14 1.7088179189e-14 1.0114983079e-14
3.7945556641e+02 2.7226166302e-14 1.7111492085e-14 1.0114674217e-14
3.7951660156e+02 2.7231400644e-14 1.7112680917e-14 1.0118719727e-14
3.7957763672e+02 2.7223322242e-14 1.7093443651e-14 1.0129878591e-14
3.7963867188e+02 2.7206712342e-14 1.7063710890e-14 1.0143001452e-14
3.7969970703e+02 2.7184131041e-14 1.7032041766e-14 1.0152089275e-14
3.7976074219e+02 2.7165143802e-14 1.7008146675e-14 1.0156997127e-14
3.7982177734e+02 2.7163161181e-14 1.7003184008e-14 1.0159977173e-14
3.7988281250e+02 2.7181878550e-14 1.7021298123e-14 1.0160580427e-14
3.7994384766e+02 2.7211375134e-14 1.7054508913e-14 1.0156866221e-14
3.8000488281e+02 2.7236380550e-14 1.7088290350e-14 1.0148090200e-14
3.8006591797e+02 2.7247697018e-14 1.7112002614e-14 1.0135694404e-14
3.8012695312e+02 2.7246688294e-14 1.7122240977e-14 1.0124447317e-14
3.8018798828e+02 2.7239985166e-14 1.7118575346e-14 1.0121409820e-14
3.8024902344e+02 2.7233470354e-14 1.7103896629e-14 1.0129573725e-14
3.8031005859e+02 2.7228143394e-14 1.7086273999e-14 1.0141869395e-14
3.8037109375e+02 2.7219650006e-14 1.7072724114e-14 1.0146925892e-14
3.8043212891e+02 2.7207985900e-14 1.7065339178e-14 1.0142646722e-14
3.8049316406e+02 2.7200253332e-14 1.7063073161e-14 1.0137180171e-14
3.8055419922e+02 2.7197806669e-14 1.7061836265e-14 1.0135970405e-14
3.8061523438e+02 2.7197037537e-14 1.7060086021e-14 1.0136951516e-14
3.8067626953e+02 2.7202621672e-14 1.7064367509e-14 1.0138254163e-14
3.8073730469e+02 2.7220695647e-14 1.7078782048e-14 1.0141913599e-14
3.8079833984e+02 2.7243465489e-14 1.7094147394e-14 1.0149318096e-14
3.8085937500e+02 2.7256209412e-14 1.7098602751e-14 1.0157606661e-14
3.8092041016e+02 2.7256506485e-14 1.7093892415e-14 1.0162614070e-14
3.8098144531e+02 2.7255743118e-14 1.7091642766e-14 1.0164100353e-14
3.8104248047e+02 2.7260105467e-14 1.7095944007e-14 1.0164161460e-14
3.8110351562e+02 2.7259172789e-14 1.7097334789e-14 1.0161837999e-14
3.8116455078e+02 2.7241852509e-14 1.7086412576e-14 1.0155439933e-14
3.8122558594e+02 2.7217000750e-14 1.7068398670e-14 1.0148602079e-14
3.8128662109e+02 2.7205244087e-14 1.7057689358e-14 1.0147554730e-14
3.8134765625e+02 2.7214539930e-14 1.7061367102e-14 1.0153172828e-14
3.8140869141e+02 2.7234579830e-14 1.7074993879e-14 1.0159585951e-14
3.8146972656e+02 2.7249842498e-14 1.7090028258e-14 1.0159814240e-14
3.8153076172e+02 2.7251859745e-14 1.7099896266e-14 1.0151963479e-14
3.8159179688e+02 2.7245202441e-14 1.7103643299e-14 1.0141559142e-14
3.8165283203e+02 2.7241758097e-14 1.7105342095e-14 1.0136416002e-14
3.8171386719e+02 2.7244356521e-14 1.7106741326e-14 1.0137615195e-14
3.8177490234e+02 2.7244966338e-14 1.7105399218e-14 1.0139567119e-14
3.8183593750e+02 2.7240237255e-14 1.7101233948e-14 1.0139003307e-14
3.8189697266e+02 2.7233262892e-14 1.7095723310e-14 1.0137539581e-14
3.8195800781e+02 2.7221887452e-14 1.7085771830e-14 1.0136115622e-14
3.8201904297e+02 2.7199684041e-14 1.7067042896e-14 1.0132641145e-14
3.8208007812e+02 2.7170036475e-14 1.7043909990e-14 1.0126126486e-14
3.8214111328e+02 2.7152858973e-14 1.7031898546e-14 1.0120960427e-14
3.8220214844e+02 2.7168065672e-14 1.7044232763e-14 1.0123832908e-14
3.8226318359e+02 2.7210024425e-14 1.7073928009e-14 1.0136096416e-14
3.8232421875e+02 2.7248638952e-14 1.7095917700e-14 1.0152721251e-14
3.8238525391e+02 2.7257945632e-14 1.7091679833e-14 1.0166265798e-14
3.8244628906e+02 2.7236994060e-14 1.7068471050e-14 1.0168523010e-14
3.8250732422e+02 2.7204890463e-14 1.7049173981e-14 1.0155716482e-14
3.8256835938e+02 2.7180570961e-14 1.7045654653e-14 1.0134916308e-14
3.8262939453e+02 2.7168089578e-14 1.7050871324e-14 1.0117218254e-14
3.8269042969e+02 2.7162521797e-14 1.7056064842e-14 1.0106456955e-14
3.8275146484e+02 2.7166438055e-14 1.7064367882e-14 1.0102070173e-14
3.8281250000e+02 2.7188572202e-14 1.7082822878e-14 1.0105749324e-14
3.8287353516e+02 2.7222853621e-14 1.7105807716e-14 1.0117045905e-14
3.8293457031e+02 2.7243566131e-14 1.7114563213e-14 1.0129002918e-14
3.8299560547e+02 2.7231327324e-14 1.7097107404e-14 1.0134219920e-14
3.8305664062e+02 2.7195706099e-14 1.7063034922e-14 1.0132671177e-14
3.8311767578e+02 2.7165746621e-14 1.7035100003e-14 1.0130646617e-14
3.8317871094e+02 2.7161960161e-14 1.7029742971e-14 1.0132217190e-14
3.8323974609e+02 2.7179807658e-14 1.7044738374e-14 1.0135069284e-14
3.8330078125e+02 2.7198524634e-14 1.7063285505e-14 1.0135239129e-14
3.8336181641e+02 2.7202132575e-14 1.7071226393e-14 1.0130906182e-14
3.8342285156e+02 2.7188990031e-14 1.7068626024e-14 1.0120364007e-14
3.8348388672e+02 2.7165684429e-14 1.7064063525e-14 1.0101620904e-14
3.8354492188e+02 2.7140456721e-14 1.7062426957e-14 1.0078029763e-14
3.8360595703e+02 2.7121845593e-14 1.7061073638e-14 1.0060771955e-14
3.8366699219e+02 2.7115093008e-14 1.7055942652e-14 1.0059150356e-14
3.8372802734e+02 2.7116763359e-14 1.7047471732e-14 1.0069291626e-14
3.8378906250e+02 2.7116656236e-14 1.7038662993e-14 1.0077993243e-14
3.8385009766e+02 2.7109381297e-14 1.7031221728e-14 1.0078159569e-14
3.8391113281e+02 2.7100373179e-14 1.7024984318e-14 1.0075388860e-14
3.8397216797e+02 2.7094423453e-14 1.7017569040e-14 1.0076854413e-14
3.8403320312e+02 2.7087564005e-14 1.7007303633e-14 1.0080260373e-14
3.8409423828e+02 2.7079502478e-14 1.6999968701e-14 1.0079533776e-14
3.8415527344e+02 2.7081165805e-14 1.7005547537e-14 1.0075618268e-14
3.8421630859e+02 2.7098678905e-14 1.7023999623e-14 1.0074679282e-14
3.8427734375e+02 2.7119326424e-14 1.7041073542e-14 1.0078252882e-14
3.8433837891e+02 2.7123557430e-14 1.7041948404e-14 1.0081609027e-14
3.8439941406e+02 2.7109193669e-14 1.7026441088e-14 1.0082752581e-14
3.8446044922e+02 2.7095843002e-14 1.7008826427e-14 1.0087016574e-14
3.8452148438e+02 2.7102740358e-14 1.7003797123e-14 1.0098943235e-14
3.8458251953e+02 2.7130731978e-14 1.7016303898e-14 1.0114428080e-14
3.8464355469e+02 2.7168300462e-14 1.7043140527e-14 1.0125159935e-14
3.8470458984e+02 2.7204149940e-14 1.7076770100e-14 1.0127379840e-14
3.8476562500e+02 2.7231598315e-14 1.7107411908e-14 1.0124186406e-14
3.8482666016e+02 2.7249455717e-14 1.7126832700e-14 1.0122623017e-14
3.8488769531e+02 2.7258093395e-14 1.7130349696e-14 1.0127743698e-14
3.8494873047e+02 2.7252322740e-14 1.7116238972e-14 1.0136083769e-14
3.8500976562e+02 2.7227362679e-14 1.7089833626e-14 1.0137529053e-14
3.8507080078e+02 2.7191939687e-14 1.7065956445e-14 1.0125983242e-14
3.8513183594e+02 2.7163423260e-14 1.7057214769e-14 1.0106208491e-14
3.8519287109e+02 2.7152098511e-14 1.7062154206e-14 1.0089944305e-14
3.8525390625e+02 2.7157949022e-14 1.7071388527e-14 1.0086560495e-14
3.8531494141e+02 2.7174571226e-14 1.7077794869e-14 1.0096776357e-14
3.8537597656e+02 2.7188804806e-14 1.7075613028e-14 1.0113191778e-14
3.8543701172e+02 2.7186877210e-14 1.7060728137e-14 1.0126149073e-14
3.8549804688e+02 2.7171241501e-14 1.7040069184e-14 1.0131172318e-14
3.8555908203e+02 2.7162744637e-14 1.7031537953e-14 1.0131206684e-14
3.8562011719e+02 2.7176271732e-14 1.7045451933e-14 1.0130819799e-14
3.8568115234e+02 2.7202672071e-14 1.7071819662e-14 1.0130852409e-14
3.8574218750e+02 2.7219190865e-14 1.7090128856e-14 1.0129062009e-14
3.8580322266e+02 2.7207225203e-14 1.7085076331e-14 1.0122148872e-14
3.8586425781e+02 2.7160553611e-14 1.7053026295e-14 1.0107527316e-14
3.8592529297e+02 2.7089723212e-14 1.7003747799e-14 1.0085975413e-14
3.8598632812e+02 2.7021501330e-14 1.6958598464e-14 1.0062902866e-14
3.8604736328e+02 2.6984458946e-14 1.6938029311e-14 1.0046429635e-14
3.8610839844e+02 2.6986687197e-14 1.6945154743e-14 1.0041532454e-14
3.8616943359e+02 2.7010014782e-14 1.6966170776e-14 1.0043844006e-14
3.8623046875e+02 2.7031198480e-14 1.6988029925e-14 1.0043168556e-14
3.8629150391e+02 2.7043121370e-14 1.7007720098e-14 1.0035401272e-14
3.8635253906e+02 2.7050280500e-14 1.7023906135e-14 1.0026374365e-14
3.8641357422e+02 2.7053448449e-14 1.7030144570e-14 1.0023303879e-14
3.8647460938e+02 2.7049048693e-14 1.7022221669e-14 1.0026827024e-14
3.8653564453e+02 2.7039043600e-14 1.7007019167e-14 1.0032024433e-14
3.8659667969e+02 2.7033125695e-14 1.6997307107e-14 1.0035818589e-14
3.8665771484e+02 2.7040918108e-14 1.6998843446e-14 1.0042074662e-14
3.8671875000e+02 2.7063430538e-14 1.7007717388e-14 1.0055713150e-14
3.8677978516e+02 2.7089338295e-14 1.7017655062e-14 1.0071683234e-14
3.8684082031e+02 2.7100555913e-14 1.7023214946e-14 1.0077340966e-14
3.8690185547e+02 2.7088439846e-14 1.7020416364e-14 1.0068023481e-14
3.8696289062e+02 2.7063399219e-14 1.7010617185e-14 1.0052782034e-14
3.8702392578e+02 2.7041935227e-14 1.6997784314e-14 1.0044150913e-14
3.8708496094e+02 2.7028377255e-14 1.6980414956e-14 1.0047962299e-14
3.8714599609e+02 2.7016162172e-14 1.6955826026e-14 1.0060336147e-14
3.8720703125e+02 2.7001849366e-14 1.6931144855e-14 1.0070704511e-14
3.8726806641e+02 2.6991652533e-14 1.6920206392e-14 1.0071446141e-14
3.8732910156e+02 2.6996715713e-14 1.6930933843e-14 1.0065781870e-14
3.8739013672e+02 2.7021242799e-14 1.6958752634e-14 1.0062490165e-14
3.8745117188e+02 2.7053041734e-14 1.6989337439e-14 1.0063704294e-14
3.8751220703e+02 2.7071747316e-14 1.7008990442e-14 1.0062756874e-14
3.8757324219e+02 2.7067355345e-14 1.7013905502e-14 1.0053449842e-14
3.8763427734e+02 2.7046199732e-14 1.7009227386e-14 1.0036972346e-14
3.8769531250e+02 2.7022650613e-14 1.7002236293e-14 1.0020414319e-14
3.8775634766e+02 2.7009561437e-14 1.6998235815e-14 1.0011325622e-14
3.8781738281e+02 2.7013635153e-14 1.7001397806e-14 1.0012237346e-14
3.8787841797e+02 2.7035586266e-14 1.7015807992e-14 1.0019778274e-14
3.8793945312e+02 2.7071668665e-14 1.7041658483e-14 1.0030010181e-14
3.8800048828e+02 2.7112684765e-14 1.7070695753e-14 1.0041989011e-14
3.8806152344e+02 2.7146364784e-14 1.7091789366e-14 1.0054575419e-14
3.8812255859e+02 2.7166995860e-14 1.7103219356e-14 1.0063776504e-14
3.8818359375e+02 2.7177624754e-14 1.7110690129e-14 1.0066934625e-14
3.8824462891e+02 2.7178922625e-14 1.7112030791e-14 1.0066891834e-14
3.8830566406e+02 2.7164853355e-14 1.7097557201e-14 1.0067296155e-14
3.8836669922e+02 2.7131687359e-14 1.7066278986e-14 1.0065408373e-14
3.8842773438e+02 2.7083674657e-14 1.7028126127e-14 1.0055548530e-14
3.8848876953e+02 2.7032357364e-14 1.6992648840e-14 1.0039708524e-14
3.8854980469e+02 2.6991301811e-14 1.6963732384e-14 1.0027569427e-14
3.8861083984e+02 2.6964139232e-14 1.6940888751e-14 1.0023250481e-14
3.8867187500e+02 2.6944912756e-14 1.6925039242e-14 1.0019873514e-14
3.8873291016e+02 2.6935779135e-14 1.6923797855e-14 1.0011981281e-14
3.8879394531e+02 2.6947822842e-14 1.6943024532e-14 1.0004798310e-14
3.8885498047e+02 2.6980066320e-14 1.6974203671e-14 1.0005862649e-14
3.8891601562e+02 2.7014295823e-14 1.6999156230e-14 1.0015139594e-14
3.8897705078e+02 2.7033367060e-14 1.7006341997e-14 1.0027025063e-14
3.8903808594e+02 2.7035806211e-14 1.6999310985e-14 1.0036495226e-14
3.8909912109e+02 2.7034341940e-14 1.6992083619e-14 1.0042258321e-14
3.8916015625e+02 2.7045276826e-14 1.6998362207e-14 1.0046914619e-14
3.8922119141e+02 2.7074542846e-14 1.7021258506e-14 1.0053284341e-14
3.8928222656e+02 2.7108727641e-14 1.7048365289e-14 1.0060362351e-14
3.8934326172e+02 2.7125753642e-14 1.7061206972e-14 1.0064546670e-14
3.8940429688e+02 2.7120107821e-14 1.7056285629e-14 1.0063822192e-14
3.8946533203e+02 2.7108754695e-14 1.7049035675e-14 1.0059719020e-14
3.8952636719e+02 2.7106483053e-14 1.7050925799e-14 1.0055557254e-14
3.8958740234e+02 2.7106566516e-14 1.7055117774e-14 1.0051448741e-14
3.8964843750e+02 2.7094210942e-14 1.7051936018e-14 1.0042274923e-14
3.8970947266e+02 2.7071710268e-14 1.7046286854e-14 1.0025423414e-14
3.8977050781e+02 2.7058523156e-14 1.7049680394e-14 1.0008842761e-14
3.8983154297e+02 2.7066083580e-14 1.7061123584e-14 1.0004959996e-14
3.8989257812e+02 2.7080635378e-14 1.7064106550e-14 1.0016528828e-14
3.8995361328e+02 2.7076507353e-14 1.7043578107e-14 1.0032929246e-14
3.9001464844e+02 2.7046654295e-14 1.7005244580e-14 1.0041409715e-14
3.9007568359e+02 2.7011721083e-14 1.6972913484e-14 1.0038807599e-14
3.9013671875e+02 2.6993457909e-14 1.6963292267e-14 1.0030165642e-14
3.9019775391e+02 2.6990648950e-14 1.6971962078e-14 1.0018686872e-14
3.9025878906e+02 2.6990321325e-14 1.6987376440e-14 1.0002944886e-14
3.9031982422e+02 2.6992253896e-14 1.7007235347e-14 9.9850185491e-15
3.9038085938e+02 2.7009075434e-14 1.7034698250e-14 9.9743771841e-15
3.9044189453e+02 2.7043212921e-14 1.7064169719e-14 9.9790432018e-15
3.9050292969e+02 2.7076399474e-14 1.7080626358e-14 9.9957731166e-15
3.9056396484e+02 2.7088941041e-14 1.7076959851e-14 1.0011981191e-14
3.9062500000e+02 2.7080165166e-14 1.7062653485e-14 1.0017511682e-14
3.9068603516e+02 2.7062633372e-14 1.7049585573e-14 1.0013047799e-14
3.9074707031e+02 2.7045295050e-14 1.7040089090e-14 1.0005205960e-14
3.9080810547e+02 2.7029619667e-14 1.7032270106e-14 9.9973495611e-15
3.9086914062e+02 2.7015253581e-14 1.7024216984e-14 9.9910365971e-15
3.9093017578e+02 2.7005450914e-14 1.7014299018e-14 9.9911518960e-15
3.9099121094e+02 2.7010283075e-14 1.7009589639e-14 1.0000693436e-14
3.9105224609e+02 2.7037579536e-14 1.7023975355e-14 1.0013604181e-14
3.9111328125e+02 2.7075214212e-14 1.7055928805e-14 1.0019285407e-14
3.9117431641e+02 2.7096792926e-14 1.7083073311e-14 1.0013719615e-14
3.9123535156e+02 2.7093861190e-14 1.7089009752e-14 1.0004851437e-14
3.9129638672e+02 2.7088020477e-14 1.7082039737e-14 1.0005980740e-14
3.9135742188e+02 2.7101675041e-14 1.7079534147e-14 1.0022140894e-14
3.9141845703e+02 2.7129604019e-14 1.7084612726e-14 1.0044991294e-14
3.9147949219e+02 2.7147452548e-14 1.7085878433e-14 1.0061574115e-14
3.9154052734e+02 2.7136906606e-14 1.7072436227e-14 1.0064470379e-14
3.9160156250e+02 2.7099033386e-14 1.7043535650e-14 1.0055497736e-14
3.9166259766e+02 2.7053934013e-14 1.7010005491e-14 1.0043928522e-14
3.9172363281e+02 2.7026772729e-14 1.6988895461e-14 1.0037877268e-14
3.9178466797e+02 2.7027192491e-14 1.6991149472e-14 1.0036043019e-14
3.9184570312e+02 2.7046089060e-14 1.7013742611e-14 1.0032346449e-14
3.9190673828e+02 2.7068086810e-14 1.7042982254e-14 1.0025104555e-14
3.9196777344e+02 2.7077219396e-14 1.7060688841e-14 1.0016530555e-14
3.9202880859e+02 2.7062206045e-14 1.7053089364e-14 1.0009116680e-14
3.9208984375e+02 2.7028263357e-14 1.7022449065e-14 1.0005814292e-14
3.9215087891e+02 2.6994395843e-14 1.6985623128e-14 1.0008772715e-14
3.9221191406e+02 2.6975304681e-14 1.6958748411e-14 1.0016556270e-14
3.9227294922e+02 2.6973749694e-14 1.6948736294e-14 1.0025013400e-14
3.9233398438e+02 2.6988113452e-14 1.6957318998e-14 1.0030794454e-14
3.9239501953e+02 2.7015976491e-14 1.6983414135e-14 1.0032562356e-14
3.9245605469e+02 2.7048418272e-14 1.7017769801e-14 1.0030648471e-14
3.9251708984e+02 2.7072350676e-14 1.7043510792e-14 1.0028839884e-14
3.9257812500e+02 2.7083757652e-14 1.7051149039e-14 1.0032608613e-14
3.9263916016e+02 2.7088116977e-14 1.7048523672e-14 1.0039593305e-14
3.9270019531e+02 2.7084642651e-14 1.7047189959e-14 1.0037452692e-14
3.9276123047e+02 2.7063132280e-14 1.7044794633e-14 1.0018337647e-14
3.9282226562e+02 2.7018808318e-14 1.7029696538e-14 9.9891117793e-15
3.9288330078e+02 2.6961876436e-14 1.6999409555e-14 9.9624668807e-15
3.9294433594e+02 2.6912680547e-14 1.6966770951e-14 9.9459095968e-15
3.9300537109e+02 2.6888875393e-14 1.6946511130e-14 9.9423642637e-15
3.9306640625e+02 2.6894592304e-14 1.6942067022e-14 9.9525252825e-15
3.9312744141e+02 2.6921534866e-14 1.6948961992e-14 9.9725728747e-15
3.9318847656e+02 2.6958899431e-14 1.6963951893e-14 9.9949475383e-15
3.9324951172e+02 2.6999081423e-14 1.6986090625e-14 1.0012990798e-14
3.9331054688e+02 2.7037363731e-14 1.7013292511e-14 1.0024071220e-14
3.9337158203e+02 2.7070605356e-14 1.7039575357e-14 1.0031029999e-14
3.9343261719e+02 2.7096806859e-14 1.7057283324e-14 1.0039523535e-14
3.9349365234e+02 2.7117928364e-14 1.7066735404e-14 1.0051192960e-14
3.9355468750e+02 2.7137793482e-14 1.7076584690e-14 1.0061208793e-14
3.9361572266e+02 2.7150708900e-14 1.7087600160e-14 1.0063108740e-14
3.9367675781e+02 2.7143772324e-14 1.7089147969e-14 1.0054624355e-14
3.9373779297e+02 2.7117405224e-14 1.7077956987e-14 1.0039448237e-14
3.9379882812e+02 2.7087448980e-14 1.7063033701e-14 1.0024415278e-14
3.9385986328e+02 2.7065048841e-14 1.7050837676e-14 1.0014211166e-14
3.9392089844e+02 2.7052426106e-14 1.7043665195e-14 1.0008760910e-14
3.9398193359e+02 2.7053037514e-14 1.7046569832e-14 1.0006467682e-14
3.9404296875e+02 2.7069553643e-14 1.7062218206e-14 1.0007335437e-14
3.9410400391e+02 2.7096694682e-14 1.7085484472e-14 1.0011210210e-14
3.9416503906e+02 2.7120244886e-14 1.7104544633e-14 1.0015700253e-14
3.9422607422e+02 2.7122792223e-14 1.7105780708e-14 1.0017011515e-14
3.9428710938e+02 2.7100985979e-14 1.7087482112e-14 1.0013503867e-14
3.9434814453e+02 2.7073943213e-14 1.7064440680e-14 1.0009502533e-14
3.9440917969e+02 2.7061035790e-14 1.7049633384e-14 1.0011402405e-14
3.9447021484e+02 2.7061110498e-14 1.7043328472e-14 1.0017782026e-14
3.9453125000e+02 2.7061206264e-14 1.7041805567e-14 1.0019400698e-14
3.9459228516e+02 2.7052220001e-14 1.7040489836e-14 1.0011730165e-14
3.9465332031e+02 2.7034871928e-14 1.7032489403e-14 1.0002382525e-14
3.9471435547e+02 2.7017864831e-14 1.7015082862e-14 1.0002781970e-14
3.9477539062e+02 2.7007079386e-14 1.6992304040e-14 1.0014775346e-14
3.9483642578e+02 2.6999493400e-14 1.6971004826e-14 1.0028488573e-14
3.9489746094e+02 2.6993040437e-14 1.6960320148e-14 1.0032720288e-14
3.9495849609e+02 2.6991849609e-14 1.6967025217e-14 1.0024824392e-14
3.9501953125e+02 2.6996749057e-14 1.6986041507e-14 1.0010707549e-14
3.9508056641e+02 2.7003248234e-14 1.7004751029e-14 9.9984972049e-15
3.9514160156e+02 2.7008987425e-14 1.7015828552e-14 9.9931588729e-15
3.9520263672e+02 2.7011763985e-14 1.7017489579e-14 9.9942744059e-15
3.9526367188e+02 2.7007318279e-14 1.7009763708e-14 9.9975545712e-15
3.9532470703e+02 2.6996108626e-14 1.6996925529e-14 9.9991830968e-15
3.9538574219e+02 2.6982887808e-14 1.6983585067e-14 9.9993027405e-15
3.9544677734e+02 2.6971717892e-14 1.6969770358e-14 1.0001947533e-14
3.9550781250e+02 2.6967465877e-14 1.6956693752e-14 1.0010772125e-14
3.9556884766e+02 2.6972643690e-14 1.6948752971e-14 1.0023890719e-14
3.9562988281e+02 2.6983018097e-14 1.6948756569e-14 1.0034261527e-14
3.9569091797e+02 2.6997445988e-14 1.6960657799e-14 1.0036788189e-14
3.9575195312e+02 2.7023256090e-14 1.6989347080e-14 1.0033909010e-14
3.9581298828e+02 2.7059799430e-14 1.7028205559e-14 1.0031593871e-14
3.9587402344e+02 2.7088719579e-14 1.7057818907e-14 1.0030900672e-14
3.9593505859e+02 2.7092216476e-14 1.7064607819e-14 1.0027608656e-14
3.9599609375e+02 2.7072235065e-14 1.7052650199e-14 1.0019584866e-14
3.9605712891e+02 2.7044961440e-14 1.7034968188e-14 1.0009993252e-14
3.9611816406e+02 2.7023591640e-14 1.7021251071e-14 1.0002340569e-14
3.9617919922e+02 2.7011027940e-14 1.7016408242e-14 9.9946196978e-15
3.9624023438e+02 2.7004889681e-14 1.7023406294e-14 9.9814833878e-15
3.9630126953e+02 2.7002203513e-14 1.7038721111e-14 9.9634824020e-15
3.9636230469e+02 2.6998454628e-14 1.7048027733e-14 9.9504268954e-15
3.9642333984e+02 2.6991792892e-14 1.7039613299e-14 9.9521795929e-15
3.9648437500e+02 2.6989191932e-14 1.7021451293e-14 9.9677406391e-15
3.9654541016e+02 2.6998269363e-14 1.7011866008e-14 9.9864033551e-15
3.9660644531e+02 2.7014409938e-14 1.7015030714e-14 9.9993792236e-15
3.9666748047e+02 2.7022238021e-14 1.7015796656e-14 1.0006441365e-14
3.9672851562e+02 2.7006706861e-14 1.6997543714e-14 1.0009163147e-14
3.9678955078e+02 2.6963339212e-14 1.6959458994e-14 1.0003880218e-14
3.9685058594e+02 2.6903750989e-14 1.6915973207e-14 9.9877777816e-15
3.9691162109e+02 2.6850647899e-14 1.6884038047e-14 9.9666098524e-15
3.9697265625e+02 2.6823547063e-14 1.6874035524e-14 9.9495115394e-15
3.9703369141e+02 2.6826553319e-14 1.6887252088e-14 9.9393012310e-15
3.9709472656e+02 2.6846964578e-14 1.6915040969e-14 9.9319236098e-15
3.9715576172e+02 2.6864724107e-14 1.6941263270e-14 9.9234608375e-15
3.9721679688e+02 2.6867089417e-14 1.6951075394e-14 9.9160140229e-15
3.9727783203e+02 2.6859141761e-14 1.6941441440e-14 9.9177003210e-15
3.9733886719e+02 2.6858269433e-14 1.6922705373e-14 9.9355640606e-15
3.9739990234e+02 2.6874812065e-14 1.6909440019e-14 9.9653720463e-15
3.9746093750e+02 2.6901983012e-14 1.6911822293e-14 9.9901607197e-15
3.9752197266e+02 2.6926188451e-14 1.6932008249e-14 9.9941802020e-15
3.9758300781e+02 2.6940158971e-14 1.6961497863e-14 9.9786611087e-15
3.9764404297e+02 2.6946097097e-14 1.6985969781e-14 9.9601273158e-15
3.9770507812e+02 2.6950622210e-14 1.6998030412e-14 9.9525917986e-15
3.9776611328e+02 2.6955314701e-14 1.7000340355e-14 9.9549743459e-15
3.9782714844e+02 2.6956029048e-14 1.6998316669e-14 9.9577123789e-15
3.9788818359e+02 2.6953287121e-14 1.6996531387e-14 9.9567557340e-15
3.9794921875e+02 2.6954163623e-14 1.6997551270e-14 9.9566123532e-15
3.9801025391e+02 2.6962021414e-14 1.6999919016e-14 9.9621023979e-15
3.9807128906e+02 2.6970218621e-14 1.6999227230e-14 9.9709913911e-15
3.9813232422e+02 2.6968007942e-14 1.6991411301e-14 9.9765966402e-15
3.9819335938e+02 2.6951732558e-14 1.6976097610e-14 9.9756349483e-15
3.9825439453e+02 2.6928728833e-14 1.6958895916e-14 9.9698329177e-15
3.9831542969e+02 2.6913172128e-14 1.6950232415e-14 9.9629397135e-15
3.9837646484e+02 2.6918439019e-14 1.6958772629e-14 9.9596663907e-15
3.9843750000e+02 2.6946373540e-14 1.6982648910e-14 9.9637246297e-15
3.9849853516e+02 2.6984421207e-14 1.7009658777e-14 9.9747624297e-15
3.9855957031e+02 2.7017917372e-14 1.7028953966e-14 9.9889634059e-15
3.9862060547e+02 2.7042206281e-14 1.7039912819e-14 1.0002293462e-14
3.9868164062e+02 2.7060339614e-14 1.7048280885e-14 1.0012058729e-14
3.9874267578e+02 2.7071348638e-14 1.7055564883e-14 1.0015783755e-14
3.9880371094e+02 2.7065356649e-14 1.7054457029e-14 1.0010899620e-14
3.9886474609e+02 2.7036310119e-14 1.7037721161e-14 9.9985889584e-15
3.9892578125e+02 2.6996738550e-14 1.7010512877e-14 9.9862256733e-15
3.9898681641e+02 2.6968415249e-14 1.6986902476e-14 9.9815127739e-15
3.9904785156e+02 2.6959206073e-14 1.6973882432e-14 9.9853236411e-15
3.9910888672e+02 2.6959883487e-14 1.6967199144e-14 9.9926843436e-15
3.9916992188e+02 2.6961391913e-14 1.6962777896e-14 9.9986140169e-15
3.9923095703e+02 2.6965470899e-14 1.6963444578e-14 1.0002026321e-14
3.9929199219e+02 2.6979127102e-14 1.6973003574e-14 1.0006123528e-14
3.9935302734e+02 2.7002734863e-14 1.6987755120e-14 1.0014979743e-14
3.9941406250e+02 2.7024719380e-14 1.6997238957e-14 1.0027480423e-14
3.9947509766e+02 2.7029432025e-14 1.6994140964e-14 1.0035291061e-14
3.9953613281e+02 2.7010286658e-14 1.6980990114e-14 1.0029296543e-14
3.9959716797e+02 2.6978270501e-14 1.6969355629e-14 1.0008914871e-14
3.9965820312e+02 2.6958026759e-14 1.6972549250e-14 9.9854775083e-15
3.9971923828e+02 2.6968005325e-14 1.6992804461e-14 9.9752008635e-15
3.9978027344e+02 2.7003281174e-14 1.7018295718e-14 9.9849854559e-15
3.9984130859e+02 2.7039632625e-14 1.7035693532e-14 1.0003939092e-14
3.9990234375e+02 2.7051843350e-14 1.7039228350e-14 1.0012615000e-14
3.9996337891e+02 2.7033108177e-14 1.7031132013e-14 1.0001976164e-14
4.0002441406e+02 2.7000327530e-14 1.7020395652e-14 9.9799318771e-15
4.0008544922e+02 2.6973535300e-14 1.7013461827e-14 9.9600734728e-15
4.0014648438e+02 2.6954656945e-14 1.7005057407e-14 9.9495995375e-15
4.0020751953e+02 2.6935480686e-14 1.6986843119e-14 9.9486375666e-15
4.0026855469e+02 2.6915341305e-14 1.6960190559e-14 9.9551507460e-15
4.0032958984e+02 2.6902165743e-14 1.6935310576e-14 9.9668551669e-15
4.0039062500e+02 2.6904108347e-14 1.6923447197e-14 9.9806611498e-15
4.0045166016e+02 2.6922792151e-14 1.6929875460e-14 9.9929166908e-15
4.0051269531e+02 2.6950168462e-14 1.6949266824e-14 1.0000901638e-14
4.0057373047e+02 2.6972890898e-14 1.6968409787e-14 1.0004481111e-14
4.0063476562e+02 2.6981797237e-14 1.6976361436e-14 1.0005435801e-14
4.0069580078e+02 2.6976279348e-14 1.6972223988e-14 1.0004055360e-14
4.0075683594e+02 2.6963898704e-14 1.6964864610e-14 9.9990340939e-15
4.0081787109e+02 2.6956973411e-14 1.6964535007e-14 9.9924384038e-15
4.0087890625e+02 2.6959016744e-14 1.6969534563e-14 9.9894821813e-15
4.0093994141e+02 2.6955498896e-14 1.6964947578e-14 9.9905513188e-15
4.0100097656e+02 2.6931397713e-14 1.6941598331e-14 9.9897993825e-15
4.0106201172e+02 2.6893822179e-14 1.6910240156e-14 9.9835820236e-15
4.0112304688e+02 2.6865226845e-14 1.6891443750e-14 9.9737830951e-15
4.0118408203e+02 2.6860111254e-14 1.6896467430e-14 9.9636438232e-15
4.0124511719e+02 2.6876497992e-14 1.6919733941e-14 9.9567640506e-15
4.0130615234e+02 2.6901637010e-14 1.6944975356e-14 9.9566616540e-15
4.0136718750e+02 2.6918961206e-14 1.6957953776e-14 9.9610074297e-15
4.0142822266e+02 2.6918554826e-14 1.6956961729e-14 9.9615930969e-15
4.0148925781e+02 2.6907059188e-14 1.6951700211e-14 9.9553589775e-15
4.0155029297e+02 2.6899680490e-14 1.6950748198e-14 9.9489322920e-15
4.0161132812e+02 2.6900974041e-14 1.6952146614e-14 9.9488274268e-15
4.0167236328e+02 2.6904740924e-14 1.6950026284e-14 9.9547146399e-15
4.0173339844e+02 2.6909353777e-14 1.6946138916e-14 9.9632148611e-15
4.0179443359e+02 2.6915562015e-14 1.6945543104e-14 9.9700189109e-15
4.0185546875e+02 2.6916213066e-14 1.6946493610e-14 9.9697194557e-15
4.0191650391e+02 2.6907962167e-14 1.6946398803e-14 9.9615633645e-15
4.0197753906e+02 2.6901568250e-14 1.6948847957e-14 9.9527202926e-15
4.0203857422e+02 2.6904280411e-14 1.6954536225e-14 9.9497441863e-15
4.0209960938e+02 2.6909781772e-14 1.6958234242e-14 9.9515475307e-15
4.0216064453e+02 2.6914562925e-14 1.6959218143e-14 9.9553447821e-15
4.0222167969e+02 2.6920588433e-14 1.6958898756e-14 9.9616896766e-15
4.0228271484e+02 2.6919509682e-14 1.6950227719e-14 9.9692819633e-15
4.0234375000e+02 2.6899488460e-14 1.6926695221e-14 9.9727932393e-15
4.0240478516e+02 2.6867950638e-14 1.6898650146e-14 9.9693004916e-15
4.0246582031e+02 2.6848637472e-14 1.6887216685e-14 9.9614207871e-15
4.0252685547e+02 2.6855338081e-14 1.6902000078e-14 9.9533380025e-15
4.0258789062e+02 2.6878969679e-14 1.6931273616e-14 9.9476960631e-15
4.0264892578e+02 2.6902221835e-14 1.6956737477e-14 9.9454843585e-15
4.0270996094e+02 2.6919763546e-14 1.6973515405e-14 9.9462481411e-15
4.0277099609e+02 2.6937470918e-14 1.6988761442e-14 9.9487094766e-15
4.0283203125e+02 2.6955371646e-14 1.7004367192e-14 9.9510044539e-15
4.0289306641e+02 2.6961011411e-14 1.7011278560e-14 9.9497328515e-15
4.0295410156e+02 2.6942175197e-14 1.7001370900e-14 9.9408042971e-15
4.0301513672e+02 2.6904050194e-14 1.6979251345e-14 9.9247988494e-15
4.0307617188e+02 2.6870519637e-14 1.6959564783e-14 9.9109548532e-15
4.0313720703e+02 2.6862431672e-14 1.6952737788e-14 9.9096938838e-15
4.0319824219e+02 2.6876989859e-14 1.6956473992e-14 9.9205158666e-15
4.0325927734e+02 2.6894442231e-14 1.6961844165e-14 9.9325980659e-15
4.0332031250e+02 2.6900210799e-14 1.6963802093e-14 9.9364087064e-15
4.0338134766e+02 2.6897886481e-14 1.6965813297e-14 9.9320731843e-15
4.0344238281e+02 2.6903919843e-14 1.6975368522e-14 9.9285513211e-15
4.0350341797e+02 2.6926723123e-14 1.6992254428e-14 9.9344686953e-15
4.0356445312e+02 2.6950966447e-14 1.7002824750e-14 9.9481416969e-15
4.0362548828e+02 2.6952662466e-14 1.6993258901e-14 9.9594035655e-15
4.0368652344e+02 2.6930663045e-14 1.6969085647e-14 9.9615773979e-15
4.0374755859e+02 2.6908714517e-14 1.6951180143e-14 9.9575343743e-15
4.0380859375e+02 2.6904464055e-14 1.6951091127e-14 9.9533729283e-15
4.0386962891e+02 2.6914202015e-14 1.6964195729e-14 9.9500062861e-15
4.0393066406e+02 2.6930407664e-14 1.6985452816e-14 9.9449548477e-15
4.0399169922e+02 2.6952846063e-14 1.7012413951e-14 9.9404321126e-15
4.0405273438e+02 2.6977590806e-14 1.7034399082e-14 9.9431917236e-15
4.0411376953e+02 2.6994662687e-14 1.7038781792e-14 9.9558808956e-15
4.0417480469e+02 2.7000081449e-14 1.7027598573e-14 9.9724828759e-15
4.0423583984e+02 2.6996634893e-14 1.7013834308e-14 9.9828005855e-15
4.0429687500e+02 2.6986032091e-14 1.7004939095e-14 9.9810929964e-15
4.0435791016e+02 2.6970815539e-14 1.7000279483e-14 9.9705360558e-15
4.0441894531e+02 2.6957711205e-14 1.6999462499e-14 9.9582487063e-15
4.0447998047e+02 2.6950613006e-14 1.7003391969e-14 9.9472210374e-15
4.0454101562e+02 2.6945646386e-14 1.7010096165e-14 9.9355502215e-15
4.0460205078e+02 2.6938136255e-14 1.7016450083e-14 9.9216861727e-15
4.0466308594e+02 2.6927995732e-14 1.7020008852e-14 9.9079868800e-15
4.0472412109e+02 2.6916922873e-14 1.7016177201e-14 9.9007456720e-15
4.0478515625e+02 2.6906955598e-14 1.7000631249e-14 9.9063243493e-15
4.0484619141e+02 2.6899493338e-14 1.6975644506e-14 9.9238488319e-15
4.0490722656e+02 2.6893478238e-14 1.6949509899e-14 9.9439683388e-15
4.0496826172e+02 2.6890682448e-14 1.6931332464e-14 9.9593499834e-15
4.0502929688e+02 2.6899236160e-14 1.6927384346e-14 9.9718518142e-15
4.0509033203e+02 2.6922056099e-14 1.6937783875e-14 9.9842722239e-15
4.0515136719e+02 2.6948086258e-14 1.6955581605e-14 9.9925046528e-15
4.0521240234e+02 2.6967032164e-14 1.6974826312e-14 9.9922058519e-15
4.0527343750e+02 2.6984685317e-14 1.6998554679e-14 9.9861306381e-15
4.0533447266e+02 2.7010888494e-14 1.7030662446e-14 9.9802260477e-15
4.0539550781e+02 2.7040084125e-14 1.7062811960e-14 9.9772721654e-15
4.0545654297e+02 2.7054057995e-14 1.7078496130e-14 9.9755618644e-15
4.0551757812e+02 2.7039938151e-14 1.7068200614e-14 9.9717375377e-15
4.0557861328e+02 2.7001966014e-14 1.7036239361e-14 9.9657266522e-15
4.0563964844e+02 2.6959597720e-14 1.6997853065e-14 9.9617446545e-15
4.0570068359e+02 2.6935477064e-14 1.6972649687e-14 9.9628273768e-15
4.0576171875e+02 2.6940694757e-14 1.6973228898e-14 9.9674658592e-15
4.0582275391e+02 2.6969065155e-14 1.6996546814e-14 9.9725183410e-15
4.0588378906e+02 2.7005412844e-14 1.7028938938e-14 9.9764739063e-15
4.0594482422e+02 2.7034138652e-14 1.7054285598e-14 9.9798530547e-15
4.0600585938e+02 2.7040280207e-14 1.7057772487e-14 9.9825077203e-15
4.0606689453e+02 2.7017976718e-14 1.7037098221e-14 9.9808784972e-15
4.0612792969e+02 2.6982635810e-14 1.7010493725e-14 9.9721420843e-15
4.0618896484e+02 2.6959750867e-14 1.6999244842e-14 9.9605060253e-15
4.0625000000e+02 2.6958904184e-14 1.7004593702e-14 9.9543104824e-15
4.0631103516e+02 2.6967132136e-14 1.7009583874e-14 9.9575482620e-15
4.0637207031e+02 2.6964815687e-14 1.6998427819e-14 9.9663878675e-15
4.0643310547e+02 2.6944289551e-14 1.6971131771e-14 9.9731577802e-15
4.0649414062e+02 2.6915167258e-14 1.6941386344e-14 9.9737809137e-15
4.0655517578e+02 2.6891193410e-14 1.6921652912e-14 9.9695404979e-15
4.0661621094e+02 2.6874010690e-14 1.6913549076e-14 9.9604616131e-15
4.0667724609e+02 2.6854495072e-14 1.6910678916e-14 9.9438161562e-15
4.0673828125e+02 2.6827129127e-14 1.6904614694e-14 9.9225144324e-15
4.0679931641e+02 2.6798551608e-14 1.6892068698e-14 9.9064829101e-15
4.0686035156e+02 2.6783105333e-14 1.6881521284e-14 9.9015840485e-15
4.0692138672e+02 2.6790422521e-14 1.6885370688e-14 9.9050518328e-15
4.0698242188e+02 2.6817654796e-14 1.6904030296e-14 9.9136245005e-15
4.0704345703e+02 2.6854338544e-14 1.6927739750e-14 9.9265987942e-15
4.0710449219e+02 2.6891019274e-14 1.6950994062e-14 9.9400252119e-15
4.0716552734e+02 2.6922086001e-14 1.6974543376e-14 9.9475426253e-15
4.0722656250e+02 2.6945143236e-14 1.6996502739e-14 9.9486404967e-15
4.0728759766e+02 2.6959935478e-14 1.7010925170e-14 9.9490103086e-15
4.0734863281e+02 2.6966394734e-14 1.7014804820e-14 9.9515899141e-15
4.0740966797e+02 2.6963275166e-14 1.7009552961e-14 9.9537222049e-15
4.0747070312e+02 2.6949692058e-14 1.6996224760e-14 9.9534672977e-15
4.0753173828e+02 2.6928257876e-14 1.6975923632e-14 9.9523342443e-15
4.0759277344e+02 2.6906614543e-14 1.6954296420e-14 9.9523181233e-15
4.0765380859e+02 2.6893573842e-14 1.6939889941e-14 9.9536839007e-15
4.0771484375e+02 2.6890324774e-14 1.6936807405e-14 9.9535173682e-15
4.0777587891e+02 2.6888898927e-14 1.6941089940e-14 9.9478089878e-15
4.0783691406e+02 2.6883937608e-14 1.6945895230e-14 9.9380423778e-15
4.0789794922e+02 2.6880435378e-14 1.6949425687e-14 9.9310096917e-15
4.0795898438e+02 2.6883901029e-14 1.6953948848e-14 9.9299521814e-15
4.0802001953e+02 2.6891274171e-14 1.6958695583e-14 9.9325785881e-15
4.0808105469e+02 2.6897665869e-14 1.6959048234e-14 9.9386176345e-15
4.0814208984e+02 2.6901924828e-14 1.6951400871e-14 9.9505239579e-15
4.0820312500e+02 2.6903345193e-14 1.6937733210e-14 9.9656119839e-15
4.0826416016e+02 2.6901003013e-14 1.6925958639e-14 9.9750443739e-15
4.0832519531e+02 2.6894317286e-14 1.6922451149e-14 9.9718661371e-15
4.0838623047e+02 2.6881600191e-14 1.6924992768e-14 9.9566074238e-15
4.0844726562e+02 2.6862243248e-14 1.6926472201e-14 9.9357710470e-15
4.0850830078e+02 2.6841092085e-14 1.6923108311e-14 9.9179837736e-15
4.0856933594e+02 2.6829205482e-14 1.6918755530e-14 9.9104499525e-15
4.0863037109e+02 2.6836099257e-14 1.6921926235e-14 9.9141730215e-15
4.0869140625e+02 2.6856852543e-14 1.6934596044e-14 9.9222564999e-15
4.0875244141e+02 2.6874802654e-14 1.6947240675e-14 9.9275619787e-15
4.0881347656e+02 2.6881491079e-14 1.6950537674e-14 9.9309534054e-15
4.0887451172e+02 2.6881454491e-14 1.6944611584e-14 9.9368429067e-15
4.0893554688e+02 2.6876750339e-14 1.6933335561e-14 9.9434147786e-15
4.0899658203e+02 2.6863395300e-14 1.6920699694e-14 9.9426956058e-15
4.0905761719e+02 2.6843668839e-14 1.6913774755e-14 9.9298940844e-15
4.0911865234e+02 2.6829790793e-14 1.6918717576e-14 9.9110732169e-15
4.0917968750e+02 2.6834674542e-14 1.6934379455e-14 9.9002950862e-15
4.0924072266e+02 2.6860579234e-14 1.6953654243e-14 9.9069249919e-15
4.0930175781e+02 2.6894417772e-14 1.6968592393e-14 9.9258253789e-15
4.0936279297e+02 2.6919595803e-14 1.6976814888e-14 9.9427809145e-15
4.0942382812e+02 2.6933241370e-14 1.6984117281e-14 9.9491240892e-15
4.0948486328e+02 2.6942534164e-14 1.6995472357e-14 9.9470618070e-15
4.0954589844e+02 2.6949927538e-14 1.7007289406e-14 9.9426381322e-15
4.0960693359e+02 2.6951394518e-14 1.7012774762e-14 9.9386197564e-15
4.0966796875e+02 2.6941461416e-14 1.7008772987e-14 9.9326884287e-15
4.0972900391e+02 2.6918384799e-14 1.6996459149e-14 9.9219256497e-15
4.0979003906e+02 2.6890270310e-14 1.6980288229e-14 9.9099820807e-15
4.0985107422e+02 2.6869902269e-14 1.6964855419e-14 9.9050468499e-15
4.0991210938e+02 2.6860520429e-14 1.6950046817e-14 9.9104736120e-15
4.0997314453e+02 2.6856997550e-14 1.6934485239e-14 9.9225123113e-15
4.1003417969e+02 2.6859850210e-14 1.6924644953e-14 9.9352052574e-15
4.1009521484e+02 2.6871847063e-14 1.6928922868e-14 9.9429241949e-15
4.1015625000e+02 2.6884306130e-14 1.6942999681e-14 9.9413064489e-15
4.1021728516e+02 2.6887075111e-14 1.6954865399e-14 9.9322097123e-15
4.1027832031e+02 2.6885723789e-14 1.6959830188e-14 9.9258936011e-15
4.1033935547e+02 2.6888698796e-14 1.6958230187e-14 9.9304686093e-15
4.1040039062e+02 2.6889683188e-14 1.6949197896e-14 9.9404852925e-15
4.1046142578e+02 2.6881571012e-14 1.6937992242e-14 9.9435787695e-15
4.1052246094e+02 2.6872436851e-14 1.6936267274e-14 9.9361695767e-15
4.1058349609e+02 2.6871720983e-14 1.6946937485e-14 9.9247834982e-15
4.1064453125e+02 2.6875239228e-14 1.6960485148e-14 9.9147540801e-15
4.1070556641e+02 2.6876525117e-14 1.6969778420e-14 9.9067466961e-15
4.1076660156e+02 2.6878362944e-14 1.6975539948e-14 9.9028229966e-15
4.1082763672e+02 2.6882449896e-14 1.6975766996e-14 9.9066829005e-15
4.1088867188e+02 2.6881673587e-14 1.6965447634e-14 9.9162259531e-15
4.1094970703e+02 2.6868754906e-14 1.6946942186e-14 9.9218127199e-15
4.1101074219e+02 2.6843625929e-14 1.6927659077e-14 9.9159668519e-15
4.1107177734e+02 2.6814512548e-14 1.6911932387e-14 9.9025801607e-15
4.1113281250e+02 2.6795005708e-14 1.6903501741e-14 9.8915039671e-15
4.1119384766e+02 2.6793955784e-14 1.6908025228e-14 9.8859305563e-15
4.1125488281e+02 2.6809682774e-14 1.6927465558e-14 9.8822172164e-15
4.1131591797e+02 2.6837109452e-14 1.6956910375e-14 9.8801990771e-15
4.1137695312e+02 2.6872310133e-14 1.6987656206e-14 9.8846539271e-15
4.1143798828e+02 2.6904714435e-14 1.7008652620e-14 9.8960618148e-15
4.1149902344e+02 2.6914320932e-14 1.7007200149e-14 9.9071207831e-15
4.1156005859e+02 2.6889596251e-14 1.6978172672e-14 9.9114235793e-15
4.1162109375e+02 2.6846435106e-14 1.6933834305e-14 9.9126008008e-15
4.1168212891e+02 2.6815605451e-14 1.6896661647e-14 9.9189438032e-15
4.1174316406e+02 2.6810043999e-14 1.6881504689e-14 9.9285393098e-15
4.1180419922e+02 2.6816028518e-14 1.6887020016e-14 9.9290085023e-15
4.1186523438e+02 2.6814494115e-14 1.6900580786e-14 9.9139133291e-15
4.1192626953e+02 2.6800858320e-14 1.6910018495e-14 9.8908398253e-15
4.1198730469e+02 2.6786536845e-14 1.6912853776e-14 9.8736830694e-15
4.1204833984e+02 2.6787425348e-14 1.6914360656e-14 9.8730646921e-15
4.1210937500e+02 2.6810295831e-14 1.6920048471e-14 9.8902473598e-15
4.1217041016e+02 2.6845500778e-14 1.6931106656e-14 9.9143941224e-15
4.1223144531e+02 2.6870672564e-14 1.6941815262e-14 9.9288573017e-15
4.1229248047e+02 2.6867701262e-14 1.6944176465e-14 9.9235247971e-15
4.1235351562e+02 2.6839869222e-14 1.6939615760e-14 9.9002534627e-15
4.1241455078e+02 2.6807615521e-14 1.6938098767e-14 9.8695167537e-15
4.1247558594e+02 2.6788174768e-14 1.6942828953e-14 9.8453458156e-15
4.1253662109e+02 2.6784325366e-14 1.6944840635e-14 9.8394847309e-15
4.1259765625e+02 2.6788649079e-14 1.6934258689e-14 9.8543903901e-15
4.1265869141e+02 2.6792403659e-14 1.6911058292e-14 9.8813453670e-15
4.1271972656e+02 2.6792163988e-14 1.6884696168e-14 9.9074678196e-15
4.1278076172e+02 2.6791012808e-14 1.6866893282e-14 9.9241195267e-15
4.1284179688e+02 2.6794125091e-14 1.6864119817e-14 9.9300052737e-15
4.1290283203e+02 2.6804416688e-14 1.6874281563e-14 9.9301351250e-15
4.1296386719e+02 2.6820970022e-14 1.6890329004e-14 9.9306410180e-15
4.1302490234e+02 2.6837923020e-14 1.6906194145e-14 9.9317288745e-15
4.1308593750e+02 2.6845186977e-14 1.6918113537e-14 9.9270734401e-15
4.1314697266e+02 2.6836061031e-14 1.6923766317e-14 9.9122947138e-15
4.1320800781e+02 2.6817206100e-14 1.6924227946e-14 9.8929781534e-15
4.1326904297e+02 2.6804167092e-14 1.6924369222e-14 9.8797978693e-15
4.1333007812e+02 2.6803343811e-14 1.6927073140e-14 9.8762706711e-15
4.1339111328e+02 2.6806109855e-14 1.6928862893e-14 9.8772469620e-15
4.1345214844e+02 2.6803368921e-14 1.6925804861e-14 9.8775640600e-15
4.1351318359e+02 2.6799610073e-14 1.6921732658e-14 9.8778774142e-15
4.1357421875e+02 2.6808403156e-14 1.6924681406e-14 9.8837217499e-15
4.1363525391e+02 2.6834315743e-14 1.6935693800e-14 9.8986219438e-15
4.1369628906e+02 2.6863376936e-14 1.6946288230e-14 9.9170887065e-15
4.1375732422e+02 2.6877229943e-14 1.6949338706e-14 9.9278912379e-15
4.1381835938e+02 2.6876111472e-14 1.6950490934e-14 9.9256205385e-15
4.1387939453e+02 2.6877238245e-14 1.6962508707e-14 9.9147295383e-15
4.1394042969e+02 2.6886052086e-14 1.6984669209e-14 9.9013828765e-15
4.1400146484e+02 2.6885627355e-14 1.6997352323e-14 9.8882750318e-15
4.1406250000e+02 2.6866453513e-14 1.6987347439e-14 9.8791060741e-15
4.1412353516e+02 2.6847023578e-14 1.6967737976e-14 9.8792856022e-15
4.1418457031e+02 2.6848793008e-14 1.6959957618e-14 9.8888353905e-15
4.1424560547e+02 2.6867892192e-14 1.6966702273e-14 9.9011899187e-15
4.1430664062e+02 2.6884473769e-14 1.6974257297e-14 9.9102164726e-15
4.1436767578e+02 2.6885742971e-14 1.6972958527e-14 9.9127844437e-15
4.1442871094e+02 2.6870780622e-14 1.6963661873e-14 9.9071187481e-15
4.1448974609e+02 2.6846069055e-14 1.6950208610e-14 9.8958604456e-15
4.1455078125e+02 2.6823106056e-14 1.6936325616e-14 9.8867804393e-15
4.1461181641e+02 2.6809631545e-14 1.6924964546e-14 9.8846669986e-15
4.1467285156e+02 2.6802049990e-14 1.6915106325e-14 9.8869436642e-15
4.1473388672e+02 2.6794301831e-14 1.6904834219e-14 9.8894676118e-15
4.1479492188e+02 2.6787543687e-14 1.6896396170e-14 9.8911475165e-15
4.1485595703e+02 2.6785815559e-14 1.6893100395e-14 9.8927151647e-15
4.1491699219e+02 2.6791056961e-14 1.6895636575e-14 9.8954203868e-15
4.1497802734e+02 2.6802254578e-14 1.6902039117e-14 9.9002154608e-15
4.1503906250e+02 2.6815268402e-14 1.6908696654e-14 9.9065717480e-15
4.1510009766e+02 2.6825683802e-14 1.6912992164e-14 9.9126916380e-15
4.1516113281e+02 2.6828778034e-14 1.6912226219e-14 9.9165518150e-15
4.1522216797e+02 2.6819435933e-14 1.6903063620e-14 9.9163723135e-15
4.1528320312e+02 2.6801057213e-14 1.6890231047e-14 9.9108261658e-15
4.1534423828e+02 2.6790852089e-14 1.6889932225e-14 9.9009198641e-15
4.1540527344e+02 2.6804657481e-14 1.6913377952e-14 9.8912795293e-15
4.1546630859e+02 2.6834569659e-14 1.6948575561e-14 9.8859940980e-15
4.1552734375e+02 2.6856487575e-14 1.6971818254e-14 9.8846693209e-15
4.1558837891e+02 2.6861751053e-14 1.6976270989e-14 9.8854800639e-15
4.1564941406e+02 2.6860691703e-14 1.6971848073e-14 9.8888436302e-15
4.1571044922e+02 2.6858432680e-14 1.6962535953e-14 9.8958967267e-15
4.1577148438e+02 2.6848666170e-14 1.6942658737e-14 9.9060074329e-15
4.1583251953e+02 2.6828318280e-14 1.6911421002e-14 9.9168972781e-15
4.1589355469e+02 2.6806288021e-14 1.6880725980e-14 9.9255620413e-15
4.1595458984e+02 2.6795917348e-14 1.6866323765e-14 9.9295935825e-15
4.1601562500e+02 2.6802440064e-14 1.6873184110e-14 9.9292559539e-15
4.1607666016e+02 2.6823216010e-14 1.6896036812e-14 9.9271791986e-15
4.1613769531e+02 2.6853346794e-14 1.6927738199e-14 9.9256085949e-15
4.1619873047e+02 2.6881086448e-14 1.6956547843e-14 9.9245386050e-15
4.1625976562e+02 2.6889031882e-14 1.6968059467e-14 9.9209724146e-15
4.1632080078e+02 2.6871179575e-14 1.6959035943e-14 9.9121436321e-15
4.1638183594e+02 2.6839414780e-14 1.6937591865e-14 9.9018229152e-15
4.1644287109e+02 2.6809050492e-14 1.6911998890e-14 9.8970516020e-15
4.1650390625e+02 2.6789931619e-14 1.6892576019e-14 9.8973556002e-15
4.1656494141e+02 2.6789236682e-14 1.6893705647e-14 9.8955310353e-15
4.1662597656e+02 2.6805340420e-14 1.6916028384e-14 9.8893120353e-15
4.1668701172e+02 2.6822395873e-14 1.6937257586e-14 9.8851382873e-15
4.1674804688e+02 2.6826261271e-14 1.6937706384e-14 9.8885548869e-15
4.1680908203e+02 2.6820083045e-14 1.6925070516e-14 9.8950125291e-15
4.1687011719e+02 2.6815806207e-14 1.6920961484e-14 9.8948447232e-15
4.1693115234e+02 2.6819425048e-14 1.6932817449e-14 9.8866075987e-15
4.1699218750e+02 2.6829735112e-14 1.6949834838e-14 9.8799002731e-15
4.1705322266e+02 2.6843867526e-14 1.6960281542e-14 9.8835859839e-15
4.1711425781e+02 2.6859289677e-14 1.6963168169e-14 9.8961215081e-15
4.1717529297e+02 2.6872025311e-14 1.6962730800e-14 9.9092945106e-15
4.1723632812e+02 2.6877581784e-14 1.6960584794e-14 9.9169969902e-15
4.1729736328e+02 2.6877679808e-14 1.6958799088e-14 9.9188807191e-15
4.1735839844e+02 2.6880397780e-14 1.6961922942e-14 9.9184748376e-15
4.1741943359e+02 2.6885424120e-14 1.6967775914e-14 9.9176482055e-15
4.1748046875e+02 2.6876581638e-14 1.6963992175e-14 9.9125894630e-15
4.1754150391e+02 2.6842553740e-14 1.6943390450e-14 9.8991632899e-15
4.1760253906e+02 2.6799728184e-14 1.6917418466e-14 9.8823097181e-15
4.1766357422e+02 2.6777630680e-14 1.6903730139e-14 9.8739005415e-15
4.1772460938e+02 2.6784834781e-14 1.6904478343e-14 9.8803564387e-15
4.1778564453e+02 2.6804391315e-14 1.6907701348e-14 9.8966899668e-15
4.1784667969e+02 2.6817334169e-14 1.6905425481e-14 9.9119086885e-15
4.1790771484e+02 2.6820073140e-14 1.6901447568e-14 9.9186255719e-15
4.1796875000e+02 2.6823144776e-14 1.6904052009e-14 9.9190927668e-15
4.1802978516e+02 2.6835505546e-14 1.6915067609e-14 9.9204379379e-15
4.1809082031e+02 2.6850445397e-14 1.6926828152e-14 9.9236172450e-15
4.1815185547e+02 2.6852971256e-14 1.6930456464e-14 9.9225147923e-15
4.1821289062e+02 2.6839456533e-14 1.6925757869e-14 9.9136986644e-15
4.1827392578e+02 2.6822102117e-14 1.6921719545e-14 9.9003825714e-15
4.1833496094e+02 2.6814538552e-14 1.6927110745e-14 9.8874278075e-15
4.1839599609e+02 2.6818356317e-14 1.6940861811e-14 9.8774945057e-15
4.1845703125e+02 2.6825711521e-14 1.6953875861e-14 9.8718356593e-15
4.1851806641e+02 2.6830515411e-14 1.6958844030e-14 9.8716713810e-15
4.1857910156e+02 2.6832122168e-14 1.6955526423e-14 9.8765957451e-15
4.1864013672e+02 2.6834093425e-14 1.6951787012e-14 9.8823064130e-15
4.1870117188e+02 2.6844269864e-14 1.6960605843e-14 9.8836640211e-15
4.1876220703e+02 2.6866909683e-14 1.6986340485e-14 9.8805691986e-15
4.1882324219e+02 2.6891077911e-14 1.7012996533e-14 9.8780813778e-15
4.1888427734e+02 2.6899602168e-14 1.7017916774e-14 9.8816853938e-15
4.1894531250e+02 2.6891008311e-14 1.6999013364e-14 9.8919949471e-15
4.1900634766e+02 2.6878822826e-14 1.6976901782e-14 9.9019210442e-15
4.1906738281e+02 2.6872605372e-14 1.6969845970e-14 9.9027594020e-15
4.1912841797e+02 2.6872933177e-14 1.6978564112e-14 9.8943690651e-15
4.1918945312e+02 2.6878255801e-14 1.6993192201e-14 9.8850636000e-15
4.1925048828e+02 2.6884677291e-14 1.7002510524e-14 9.8821667673e-15
4.1931152344e+02 2.6885832622e-14 1.6999900717e-14 9.8859319050e-15
4.1937255859e+02 2.6880602433e-14 1.6989962540e-14 9.8906398930e-15
4.1943359375e+02 2.6874935697e-14 1.6985250130e-14 9.8896855669e-15
4.1949462891e+02 2.6872619090e-14 1.6991608673e-14 9.8810104167e-15
4.1955566406e+02 2.6869781068e-14 1.7001547033e-14 9.8682340355e-15
4.1961669922e+02 2.6863679551e-14 1.7004769843e-14 9.8589097079e-15
4.1967773438e+02 2.6861294111e-14 1.7000511097e-14 9.8607830142e-15
4.1973876953e+02 2.6868072469e-14 1.6995421028e-14 9.8726514415e-15
4.1979980469e+02 2.6874050748e-14 1.6992063254e-14 9.8819874941e-15
4.1986083984e+02 2.6865522061e-14 1.6985762316e-14 9.8797597456e-15
4.1992187500e+02 2.6844845628e-14 1.6973341287e-14 9.8715043412e-15
4.1998291016e+02 2.6827043304e-14 1.6959527801e-14 9.8675155032e-15
4.2004394531e+02 2.6821169184e-14 1.6951732412e-14 9.8694367713e-15
4.2010498047e+02 2.6821803809e-14 1.6951684358e-14 9.8701194507e-15
4.2016601562e+02 2.6817991424e-14 1.6955610657e-14 9.8623807663e-15
4.2022705078e+02 2.6808570609e-14 1.6960031957e-14 9.8485386523e-15
4.2028808594e+02 2.6804506644e-14 1.6963892660e-14 9.8406139840e-15
4.2034912109e+02 2.6812999594e-14 1.6966873913e-14 9.8461256805e-15
4.2041015625e+02 2.6826938203e-14 1.6968437081e-14 9.8585011227e-15
4.2047119141e+02 2.6835040280e-14 1.6967104271e-14 9.8679360091e-15
4.2053222656e+02 2.6833184028e-14 1.6959398585e-14 9.8737854430e-15
4.2059326172e+02 2.6821318519e-14 1.6941802728e-14 9.8795157911e-15
4.2065429688e+02 2.6800837992e-14 1.6917284531e-14 9.8835534614e-15
4.2071533203e+02 2.6782117432e-14 1.6899432711e-14 9.8826847211e-15
4.2077636719e+02 2.6782950452e-14 1.6903476987e-14 9.8794734647e-15
4.2083740234e+02 2.6809472525e-14 1.6929832144e-14 9.8796403815e-15
4.2089843750e+02 2.6846467219e-14 1.6961068254e-14 9.8853989648e-15
4.2095947266e+02 2.6874315523e-14 1.6978449331e-14 9.8958661923e-15
4.2102050781e+02 2.6888522126e-14 1.6979505655e-14 9.9090164706e-15
4.2108154297e+02 2.6896795454e-14 1.6977399306e-14 9.9193961480e-15
4.2114257812e+02 2.6902790066e-14 1.6983157885e-14 9.9196321808e-15
4.2120361328e+02 2.6897796289e-14 1.6990243343e-14 9.9075529456e-15
4.2126464844e+02 2.6869545340e-14 1.6980971851e-14 9.8885734893e-15
4.2132568359e+02 2.6820411317e-14 1.6950138343e-14 9.8702729741e-15
4.2138671875e+02 2.6773817165e-14 1.6916631846e-14 9.8571853193e-15
4.2144775391e+02 2.6757513093e-14 1.6906452927e-14 9.8510601654e-15
4.2150878906e+02 2.6780119849e-14 1.6927140191e-14 9.8529796578e-15
4.2156982422e+02 2.6826266723e-14 1.6963767769e-14 9.8624989542e-15
4.2163085938e+02 2.6871990329e-14 1.6996153637e-14 9.8758366920e-15
4.2169189453e+02 2.6901235958e-14 1.7013345181e-14 9.8878907763e-15
4.2175292969e+02 2.6912224956e-14 1.7015931212e-14 9.8962937440e-15
4.2181396484e+02 2.6911414468e-14 1.7010249219e-14 9.9011652495e-15
4.2187500000e+02 2.6901037580e-14 1.6999938684e-14 9.9010988955e-15
4.2193603516e+02 2.6878465396e-14 1.6984669866e-14 9.8937955301e-15
4.2199707031e+02 2.6847814096e-14 1.6966091887e-14 9.8817222090e-15
4.2205810547e+02 2.6823012379e-14 1.6951241720e-14 9.8717706589e-15
4.2211914062e+02 2.6815939480e-14 1.6948963968e-14 9.8669755118e-15
4.2218017578e+02 2.6823162276e-14 1.6959904786e-14 9.8632574898e-15
4.2224121094e+02 2.6830237935e-14 1.6972760932e-14 9.8574770036e-15
4.2230224609e+02 2.6830437883e-14 1.6976339462e-14 9.8540984212e-15
4.2236328125e+02 2.6827562032e-14 1.6969059882e-14 9.8585021499e-15
4.2242431641e+02 2.6822239902e-14 1.6955684626e-14 9.8665552753e-15
4.2248535156e+02 2.6810575216e-14 1.6943318561e-14 9.8672566551e-15
4.2254638672e+02 2.6793142962e-14 1.6937600323e-14 9.8555426394e-15
4.2260742188e+02 2.6777184773e-14 1.6939262086e-14 9.8379226875e-15
4.2266845703e+02 2.6771755229e-14 1.6945474630e-14 9.8262805996e-15
4.2272949219e+02 2.6778812199e-14 1.6950594450e-14 9.8282177489e-15
4.2279052734e+02 2.6787629029e-14 1.6947133362e-14 9.8404956667e-15
4.2285156250e+02 2.6784483044e-14 1.6932299999e-14 9.8521830450e-15
4.2291259766e+02 2.6770193750e-14 1.6913329603e-14 9.8568641474e-15
4.2297363281e+02 2.6760952399e-14 1.6901954210e-14 9.8589981890e-15
4.2303466797e+02 2.6769462312e-14 1.6902509268e-14 9.8669530436e-15
4.2309570312e+02 2.6791945555e-14 1.6909305219e-14 9.8826403359e-15
4.2315673828e+02 2.6812153992e-14 1.6914174456e-14 9.8979795358e-15
4.2321777344e+02 2.6812758370e-14 1.6911429049e-14 9.9013293214e-15
4.2327880859e+02 2.6790624166e-14 1.6900918551e-14 9.8897056147e-15
4.2333984375e+02 2.6762873709e-14 1.6890042111e-14 9.8728315980e-15
4.2340087891e+02 2.6749308241e-14 1.6886954324e-14 9.8623539172e-15
4.2346191406e+02 2.6754054747e-14 1.6893025172e-14 9.8610295753e-15
4.2352294922e+02 2.6769194985e-14 1.6904226583e-14 9.8649684016e-15
4.2358398438e+02 2.6784348631e-14 1.6913992519e-14 9.8703561120e-15
4.2364501953e+02 2.6790104646e-14 1.6915897320e-14 9.8742073261e-15
4.2370605469e+02 2.6785667450e-14 1.6911455242e-14 9.8742122076e-15
4.2376708984e+02 2.6782980985e-14 1.6911799274e-14 9.8711817109e-15
4.2382812500e+02 2.6792421853e-14 1.6924648683e-14 9.8677731701e-15
4.2388916016e+02 2.6809994834e-14 1.6944498608e-14 9.8654962262e-15
4.2395019531e+02 2.6825982007e-14 1.6959907000e-14 9.8660750071e-15
4.2401123047e+02 2.6837084452e-14 1.6965119853e-14 9.8719645993e-15
4.2407226562e+02 2.6843773302e-14 1.6961111695e-14 9.8826616069e-15
4.2413330078e+02 2.6843677252e-14 1.6950228436e-14 9.8934488159e-15
4.2419433594e+02 2.6834491491e-14 1.6934801458e-14 9.8996900335e-15
4.2425537109e+02 2.6819774268e-14 1.6919196331e-14 9.9005779373e-15
4.2431640625e+02 2.6807649770e-14 1.6909388059e-14 9.8982617110e-15
4.2437744141e+02 2.6804260035e-14 1.6908790870e-14 9.8954691648e-15
4.2443847656e+02 2.6807738090e-14 1.6915179511e-14 9.8925585793e-15
4.2449951172e+02 2.6808162416e-14 1.6922080562e-14 9.8860818541e-15
4.2456054688e+02 2.6794922856e-14 1.6921274300e-14 9.8736485558e-15
4.2462158203e+02 2.6766634402e-14 1.6906799855e-14 9.8598345471e-15
4.2468261719e+02 2.6734703046e-14 1.6881165309e-14 9.8535377363e-15
4.2474365234e+02 2.6712229141e-14 1.6854672207e-14 9.8575569339e-15
4.2480468750e+02 2.6700572280e-14 1.6836611990e-14 9.8639602897e-15
4.2486572266e+02 2.6694442859e-14 1.6829919268e-14 9.8645235910e-15
4.2492675781e+02 2.6693796935e-14 1.6832851236e-14 9.8609456984e-15
4.2498779297e+02 2.6701068418e-14 1.6842246480e-14 9.8588219380e-15
4.2504882812e+02 2.6714454725e-14 1.6856004742e-14 9.8584499832e-15
4.2510986328e+02 2.6731511522e-14 1.6873887366e-14 9.8576241553e-15
4.2517089844e+02 2.6754080140e-14 1.6896895450e-14 9.8571846904e-15
4.2523193359e+02 2.6783355020e-14 1.6924704241e-14 9.8586507793e-15
4.2529296875e+02 2.6809935273e-14 1.6950084116e-14 9.8598511565e-15
4.2535400391e+02 2.6818055039e-14 1.6961484863e-14 9.8565701760e-15
4.2541503906e+02 2.6805816242e-14 1.6957002804e-14 9.8488134381e-15
4.2547607422e+02 2.6788879315e-14 1.6946641789e-14 9.8422375251e-15
4.2553710938e+02 2.6778246970e-14 1.6937898802e-14 9.8403481684e-15
4.2559814453e+02 2.6770569511e-14 1.6931090917e-14 9.8394785945e-15
4.2565917969e+02 2.6763128620e-14 1.6928480687e-14 9.8346479339e-15
4.2572021484e+02 2.6761281741e-14 1.6935133654e-14 9.8261480866e-15
4.2578125000e+02 2.6769080517e-14 1.6949951545e-14 9.8191289719e-15
4.2584228516e+02 2.6782635830e-14 1.6963504290e-14 9.8191315392e-15
4.2590332031e+02 2.6792389220e-14 1.6965132024e-14 9.8272571965e-15
4.2596435547e+02 2.6790324328e-14 1.6950648827e-14 9.8396755012e-15
4.2602539062e+02 2.6779313524e-14 1.6926977822e-14 9.8523357021e-15
4.2608642578e+02 2.6773057739e-14 1.6910080768e-14 9.8629769705e-15
4.2614746094e+02 2.6782527617e-14 1.6913359289e-14 9.8691683284e-15
4.2620849609e+02 2.6804767632e-14 1.6934988344e-14 9.8697792880e-15
4.2626953125e+02 2.6824688324e-14 1.6957631393e-14 9.8670569306e-15
4.2633056641e+02 2.6828625485e-14 1.6965213540e-14 9.8634119455e-15
4.2639160156e+02 2.6820545694e-14 1.6960929375e-14 9.8596163194e-15
4.2645263672e+02 2.6817940418e-14 1.6961756454e-14 9.8561839643e-15
4.2651367188e+02 2.6827552288e-14 1.6975949234e-14 9.8516030537e-15
4.2657470703e+02 2.6839313277e-14 1.6996743676e-14 9.8425696012e-15
4.2663574219e+02 2.6846252694e-14 1.7015603598e-14 9.8306490959e-15
4.2669677734e+02 2.6852594122e-14 1.7027329579e-14 9.8252645423e-15
4.2675781250e+02 2.6860672276e-14 1.7025062026e-14 9.8356102505e-15
4.2681884766e+02 2.6865219651e-14 1.7005234428e-14 9.8599852237e-15
4.2687988281e+02 2.6860478050e-14 1.6975347865e-14 9.8851301855e-15
4.2694091797e+02 2.6843384813e-14 1.6946927495e-14 9.8964573177e-15
4.2700195312e+02 2.6815465257e-14 1.6925838634e-14 9.8896266224e-15
4.2706298828e+02 2.6787798626e-14 1.6914276523e-14 9.8735221035e-15
4.2712402344e+02 2.6775481282e-14 1.6913861687e-14 9.8616195950e-15
4.2718505859e+02 2.6782708969e-14 1.6923019001e-14 9.8596899683e-15
4.2724609375e+02 2.6798837831e-14 1.6936061523e-14 9.8627763087e-15
4.2730712891e+02 2.6809988016e-14 1.6946685200e-14 9.8633028158e-15
4.2736816406e+02 2.6810925137e-14 1.6951863994e-14 9.8590611428e-15
4.2742919922e+02 2.6805788639e-14 1.6951430027e-14 9.8543586125e-15
4.2749023438e+02 2.6801929865e-14 1.6945647326e-14 9.8562825383e-15
4.2755126953e+02 2.6805581366e-14 1.6938265976e-14 9.8673153900e-15
4.2761230469e+02 2.6819256857e-14 1.6938335537e-14 9.8809213202e-15
4.2767333984e+02 2.6838575052e-14 1.6950220125e-14 9.8883549277e-15
4.2773437500e+02 2.6851111601e-14 1.6964071469e-14 9.8870401325e-15
4.2779541016e+02 2.6840810967e-14 1.6962460320e-14 9.8783506466e-15
4.2785644531e+02 2.6799958732e-14 1.6936935908e-14 9.8630228237e-15
4.2791748047e+02 2.6742753240e-14 1.6898579598e-14 9.8441736424e-15
4.2797851562e+02 2.6702674216e-14 1.6871634655e-14 9.8310395613e-15
4.2803955078e+02 2.6706836305e-14 1.6873367194e-14 9.8334691105e-15
4.2810058594e+02 2.6750536644e-14 1.6898963905e-14 9.8515727394e-15
4.2816162109e+02 2.6802278354e-14 1.6927348375e-14 9.8749299790e-15
4.2822265625e+02 2.6834462114e-14 1.6940946580e-14 9.8935155342e-15
4.2828369141e+02 2.6839602363e-14 1.6935418123e-14 9.9041842396e-15
4.2834472656e+02 2.6819967501e-14 1.6914044297e-14 9.9059232040e-15
4.2840576172e+02 2.6782736855e-14 1.6886336718e-14 9.8964001375e-15
4.2846679688e+02 2.6746252009e-14 1.6870332403e-14 9.8759196065e-15
4.2852783203e+02 2.6728498425e-14 1.6878695565e-14 9.8498028601e-15
4.2858886719e+02 2.6726543043e-14 1.6902102304e-14 9.8244407391e-15
4.2864990234e+02 2.6724222948e-14 1.6919594692e-14 9.8046282562e-15
4.2871093750e+02 2.6716448597e-14 1.6921455381e-14 9.7949932166e-15
4.2877197266e+02 2.6711972041e-14 1.6913087793e-14 9.7988842478e-15
4.2883300781e+02 2.6719256247e-14 1.6904305187e-14 9.8149510598e-15
4.2889404297e+02 2.6736983987e-14 1.6899785283e-14 9.8371987041e-15
4.2895507812e+02 2.6754322496e-14 1.6896963756e-14 9.8573587400e-15
4.2901611328e+02 2.6762699180e-14 1.6895180790e-14 9.8675183895e-15
4.2907714844e+02 2.6767164491e-14 1.6902072986e-14 9.8650915055e-15
4.2913818359e+02 2.6778387670e-14 1.6923036559e-14 9.8553511109e-15
4.2919921875e+02 2.6795232298e-14 1.6949323047e-14 9.8459092517e-15
4.2926025391e+02 2.6804618926e-14 1.6963604922e-14 9.8410140040e-15
4.2932128906e+02 2.6797863590e-14 1.6956003876e-14 9.8418597136e-15
4.2938232422e+02 2.6778474235e-14 1.6931685981e-14 9.8467882541e-15
4.2944335938e+02 2.6755613525e-14 1.6904882325e-14 9.8507312007e-15
4.2950439453e+02 2.6738128604e-14 1.6889110254e-14 9.8490183505e-15
4.2956542969e+02 2.6732152499e-14 1.6891678931e-14 9.8404735678e-15
4.2962646484e+02 2.6737229835e-14 1.6910899898e-14 9.8263299369e-15
4.2968750000e+02 2.6746701268e-14 1.6936158490e-14 9.8105427782e-15
4.2974853516e+02 2.6756025672e-14 1.6957018006e-14 9.7990076657e-15
4.2980957031e+02 2.6767135776e-14 1.6971894784e-14 9.7952409916e-15
4.2987060547e+02 2.6782916996e-14 1.6982740288e-14 9.8001767078e-15
4.2993164062e+02 2.6802827392e-14 1.6987940568e-14 9.8148868237e-15
4.2999267578e+02 2.6821617566e-14 1.6983182463e-14 9.8384351028e-15
4.3005371094e+02 2.6828207089e-14 1.6963525665e-14 9.8646814243e-15
4.3011474609e+02 2.6814182878e-14 1.6929608304e-14 9.8845745738e-15
4.3017578125e+02 2.6786536137e-14 1.6894364827e-14 9.8921713099e-15
4.3023681641e+02 2.6762071416e-14 1.6873110487e-14 9.8889609290e-15
4.3029785156e+02 2.6748331996e-14 1.6866793996e-14 9.8815380000e-15
4.3035888672e+02 2.6741886805e-14 1.6867211618e-14 9.8746751870e-15
4.3041992188e+02 2.6744933892e-14 1.6875654438e-14 9.8692794536e-15
4.3048095703e+02 2.6766157107e-14 1.6899476651e-14 9.8666804570e-15
4.3054199219e+02 2.6802264116e-14 1.6932242847e-14 9.8700212689e-15
4.3060302734e+02 2.6835529286e-14 1.6955748546e-14 9.8797807396e-15
4.3066406250e+02 2.6851397251e-14 1.6961309514e-14 9.8900877371e-15
4.3072509766e+02 2.6847304145e-14 1.6955670249e-14 9.8916338958e-15
4.3078613281e+02 2.6830940063e-14 1.6949956240e-14 9.8809838229e-15
4.3084716797e+02 2.6818627238e-14 1.6951609426e-14 9.8670178124e-15
4.3090820312e+02 2.6823731535e-14 1.6960504910e-14 9.8632266255e-15
4.3096923828e+02 2.6840478934e-14 1.6967467919e-14 9.8730110149e-15
4.3103027344e+02 2.6848589776e-14 1.6961667065e-14 9.8869227107e-15
4.3109130859e+02 2.6834401890e-14 1.6941475811e-14 9.8929260788e-15
4.3115234375e+02 2.6802126203e-14 1.6916265511e-14 9.8858606919e-15
4.3121337891e+02 2.6767843218e-14 1.6898267410e-14 9.8695758086e-15
4.3127441406e+02 2.6746278406e-14 1.6893052862e-14 9.8532255440e-15
4.3133544922e+02 2.6742961719e-14 1.6898476720e-14 9.8444849989e-15
4.3139648438e+02 2.6756114252e-14 1.6910790368e-14 9.8453238843e-15
4.3145751953e+02 2.6777424392e-14 1.6924023742e-14 9.8534006501e-15
4.3151855469e+02 2.6790389837e-14 1.6925871738e-14 9.8645180985e-15
4.3157958984e+02 2.6780503371e-14 1.6907427191e-14 9.8730761799e-15
4.3164062500e+02 2.6750705918e-14 1.6877774474e-14 9.8729314438e-15
4.3170166016e+02 2.6722154908e-14 1.6860723535e-14 9.8614313733e-15
4.3176269531e+02 2.6718279524e-14 1.6874459086e-14 9.8438204377e-15
4.3182373047e+02 2.6744195212e-14 1.6914004989e-14 9.8301902235e-15
4.3188476562e+02 2.6780702107e-14 1.6954326829e-14 9.8263752787e-15
4.3194580078e+02 2.6802900011e-14 1.6972245230e-14 9.8306547810e-15
4.3200683594e+02 2.6802465006e-14 1.6964163353e-14 9.8383016531e-15
4.3206787109e+02 2.6788423493e-14 1.6942421151e-14 9.8460023422e-15
4.3212890625e+02 2.6774189492e-14 1.6920774106e-14 9.8534153853e-15
4.3218994141e+02 2.6768919586e-14 1.6907641907e-14 9.8612776790e-15
4.3225097656e+02 2.6773855317e-14 1.6906489248e-14 9.8673660691e-15
4.3231201172e+02 2.6783369145e-14 1.6916211579e-14 9.8671575656e-15
4.3237304688e+02 2.6792635499e-14 1.6933567745e-14 9.8590677538e-15
4.3243408203e+02 2.6801802865e-14 1.6955547654e-14 9.8462552110e-15
4.3249511719e+02 2.6810140907e-14 1.6976309620e-14 9.8338312867e-15
4.3255615234e+02 2.6811579685e-14 1.6984982772e-14 9.8265969132e-15
4.3261718750e+02 2.6801025154e-14 1.6972782428e-14 9.8282427260e-15
4.3267822266e+02 2.6782718379e-14 1.6942941273e-14 9.8397771059e-15
4.3273925781e+02 2.6768681243e-14 1.6910712208e-14 9.8579690353e-15
4.3280029297e+02 2.6768679909e-14 1.6892439270e-14 9.8762406393e-15
4.3286132812e+02 2.6781500714e-14 1.6893742846e-14 9.8877578682e-15
4.3292236328e+02 2.6796430542e-14 1.6908117493e-14 9.8883130483e-15
4.3298339844e+02 2.6804370544e-14 1.6926124346e-14 9.8782461985e-15
4.3304443359e+02 2.6805243372e-14 1.6942305027e-14 9.8629383451e-15
4.3310546875e+02 2.6803710864e-14 1.6954287422e-14 9.8494234423e-15
4.3316650391e+02 2.6800118331e-14 1.6959309949e-14 9.8408083823e-15
4.3322753906e+02 2.6787420842e-14 1.6952993744e-14 9.8344270978e-15
4.3328857422e+02 2.6761037861e-14 1.6935405772e-14 9.8256320895e-15
4.3334960938e+02 2.6731186784e-14 1.6917316503e-14 9.8138702810e-15
4.3341064453e+02 2.6717473488e-14 1.6913154308e-14 9.8043191795e-15
4.3347167969e+02 2.6731527213e-14 1.6929244963e-14 9.8022822496e-15
4.3353271484e+02 2.6768566502e-14 1.6960049974e-14 9.8085165276e-15
4.3359375000e+02 2.6809788975e-14 1.6989570855e-14 9.8202181199e-15
4.3365478516e+02 2.6830935867e-14 1.6998659282e-14 9.8322765847e-15
4.3371582031e+02 2.6819153984e-14 1.6979786190e-14 9.8393677937e-15
4.3377685547e+02 2.6787386402e-14 1.6946333806e-14 9.8410525958e-15
4.3383789062e+02 2.6765778902e-14 1.6922860038e-14 9.8429188635e-15
4.3389892578e+02 2.6773096282e-14 1.6923515745e-14 9.8495805363e-15
4.3395996094e+02 2.6797193685e-14 1.6940419719e-14 9.8567739659e-15
4.3402099609e+02 2.6807061350e-14 1.6952242081e-14 9.8548192692e-15
4.3408203125e+02 2.6785148905e-14 1.6943303720e-14 9.8418451850e-15
4.3414306641e+02 2.6742281146e-14 1.6915882554e-14 9.8263985920e-15
4.3420410156e+02 2.6700522811e-14 1.6884902289e-14 9.8156205220e-15
4.3426513672e+02 2.6675029888e-14 1.6864335648e-14 9.8106942402e-15
4.3432617188e+02 2.6675373242e-14 1.6862901762e-14 9.8124714794e-15
4.3438720703e+02 2.6706713653e-14 1.6885028291e-14 9.8216853614e-15
4.3444824219e+02 2.6761022230e-14 1.6924984865e-14 9.8360373647e-15
4.3450927734e+02 2.6814826993e-14 1.6963284782e-14 9.8515422103e-15
4.3457031250e+02 2.6843522751e-14 1.6978883139e-14 9.8646396119e-15
4.3463134766e+02 2.6842637950e-14 1.6968901126e-14 9.8737368240e-15
4.3469238281e+02 2.6831232973e-14 1.6951918805e-14 9.8793141680e-15
4.3475341797e+02 2.6828606874e-14 1.6947863435e-14 9.8807434393e-15
4.3481445312e+02 2.6835167562e-14 1.6960074693e-14 9.8750928691e-15
4.3487548828e+02 2.6839818196e-14 1.6979058334e-14 9.8607598627e-15
4.3493652344e+02 2.6835119014e-14 1.6993959464e-14 9.8411595504e-15
4.3499755859e+02 2.6821046858e-14 1.6996252531e-14 9.8247943268e-15
4.3505859375e+02 2.6801221296e-14 1.6981727912e-14 9.8194933841e-15
4.3511962891e+02 2.6781262147e-14 1.6956772887e-14 9.8244892604e-15
4.3518066406e+02 2.6768350561e-14 1.6936961619e-14 9.8313889413e-15
4.3524169922e+02 2.6765718456e-14 1.6930706308e-14 9.8350121481e-15
4.3530273438e+02 2.6769027841e-14 1.6929622787e-14 9.8394050535e-15
4.3536376953e+02 2.6772092417e-14 1.6922041703e-14 9.8500507143e-15
4.3542480469e+02 2.6771280136e-14 1.6908366939e-14 9.8629131971e-15
4.3548583984e+02 2.6762856298e-14 1.6897345230e-14 9.8655110681e-15
4.3554687500e+02 2.6743406110e-14 1.6893926840e-14 9.8494792703e-15
4.3560791016e+02 2.6716378629e-14 1.6895539704e-14 9.8208389243e-15
4.3566894531e+02 2.6694012513e-14 1.6896557429e-14 9.7974550846e-15
4.3572998047e+02 2.6687690445e-14 1.6893039931e-14 9.7946505137e-15
4.3579101562e+02 2.6697913078e-14 1.6886004266e-14 9.8119088118e-15
4.3585205078e+02 2.6715592485e-14 1.6880993017e-14 9.8345994676e-15
4.3591308594e+02 2.6731219525e-14 1.6882411026e-14 9.8488084989e-15
4.3597412109e+02 2.6744504578e-14 1.6891358308e-14 9.8531462704e-15
4.3603515625e+02 2.6760718880e-14 1.6905452801e-14 9.8552660786e-15
4.3609619141e+02 2.6775563511e-14 1.6915937707e-14 9.8596258043e-15
4.3615722656e+02 2.6778550177e-14 1.6915796677e-14 9.8627534996e-15
4.3621826172e+02 2.6770716650e-14 1.6911799825e-14 9.8589168241e-15
4.3627929688e+02 2.6763394373e-14 1.6917466394e-14 9.8459279786e-15
4.3634033203e+02 2.6763983572e-14 1.6937280182e-14 9.8267033900e-15
4.3640136719e+02 2.6769829203e-14 1.6960309669e-14 9.8095195341e-15
4.3646240234e+02 2.6771616746e-14 1.6967213725e-14 9.8044030210e-15
4.3652343750e+02 2.6764263322e-14 1.6949660471e-14 9.8146028510e-15
4.3658447266e+02 2.6754224872e-14 1.6921240999e-14 9.8329838724e-15
4.3664550781e+02 2.6749976489e-14 1.6900774205e-14 9.8492022839e-15
4.3670654297e+02 2.6751790244e-14 1.6892229764e-14 9.8595604805e-15
4.3676757812e+02 2.6759360781e-14 1.6890884160e-14 9.8684766210e-15
4.3682861328e+02 2.6776963968e-14 1.6896504328e-14 9.8804596396e-15
4.3688964844e+02 2.6800910219e-14 1.6908499561e-14 9.8924106583e-15
4.3695068359e+02 2.6814991922e-14 1.6919505128e-14 9.8954867939e-15
4.3701171875e+02 2.6807130764e-14 1.6922654113e-14 9.8844766508e-15
4.3707275391e+02 2.6781070229e-14 1.6917411817e-14 9.8636584122e-15
4.3713378906e+02 2.6749055391e-14 1.6906796659e-14 9.8422587325e-15
4.3719482422e+02 2.6722503167e-14 1.6896078039e-14 9.8264251285e-15
4.3725585938e+02 2.6706704985e-14 1.6888846918e-14 9.8178580667e-15
4.3731689453e+02 2.6696067797e-14 1.6879241991e-14 9.8168258060e-15
4.3737792969e+02 2.6683273465e-14 1.6861840348e-14 9.8214331169e-15
4.3743896484e+02 2.6676641134e-14 1.6850400510e-14 9.8262406239e-15
4.3750000000e+02 2.6691817110e-14 1.6864243516e-14 9.8275735945e-15
4.3756103516e+02 2.6724953586e-14 1.6897457554e-14 9.8274960323e-15
4.3762207031e+02 2.6752086072e-14 1.6923339488e-14 9.8287465847e-15
4.3768310547e+02 2.6754484846e-14 1.6923761365e-14 9.8307234810e-15
4.3774414062e+02 2.6732178835e-14 1.6900374820e-14 9.8318040152e-15
4.3780517578e+02 2.6699228629e-14 1.6867493008e-14 9.8317356212e-15
4.3786621094e+02 2.6677233974e-14 1.6844790171e-14 9.8324438025e-15
4.3792724609e+02 2.6683146388e-14 1.6846126339e-14 9.8370200493e-15
4.3798828125e+02 2.6710392369e-14 1.6864682987e-14 9.8457093813e-15
4.3804931641e+02 2.6731628984e-14 1.6878148460e-14 9.8534805239e-15
4.3811035156e+02 2.6729520478e-14 1.6875340888e-14 9.8541795901e-15
4.3817138672e+02 2.6714663759e-14 1.6867583185e-14 9.8470805733e-15
4.3823242188e+02 2.6709173028e-14 1.6872232191e-14 9.8369408368e-15
4.3829345703e+02 2.6723306633e-14 1.6895698960e-14 9.8276076721e-15
4.3835449219e+02 2.6749709204e-14 1.6931202945e-14 9.8185062590e-15
4.3841552734e+02 2.6772704484e-14 1.6964921210e-14 9.8077832746e-15
4.3847656250e+02 2.6782701931e-14 1.6986618208e-14 9.7960837224e-15
4.3853759766e+02 2.6783949955e-14 1.6996866712e-14 9.7870832428e-15
4.3859863281e+02 2.6784961853e-14 1.6999411794e-14 9.7855500590e-15
4.3865966797e+02 2.6783164043e-14 1.6990481884e-14 9.7926821586e-15
4.3872070312e+02 2.6767718371e-14 1.6965375650e-14 9.8023427206e-15
4.3878173828e+02 2.6735656503e-14 1.6930010376e-14 9.8056461274e-15
4.3884277344e+02 2.6698006740e-14 1.6897452810e-14 9.8005539296e-15
4.3890380859e+02 2.6672580000e-14 1.6878249929e-14 9.7943300708e-15
4.3896484375e+02 2.6671650456e-14 1.6875168862e-14 9.7964815937e-15
4.3902587891e+02 2.6692048024e-14 1.6882674562e-14 9.8093734619e-15
4.3908691406e+02 2.6718489959e-14 1.6893262894e-14 9.8252270652e-15
4.3914794922e+02 2.6737524490e-14 1.6902199773e-14 9.8353247168e-15
4.3920898438e+02 2.6745437470e-14 1.6904500448e-14 9.8409370226e-15
4.3927001953e+02 2.6745374883e-14 1.6896635936e-14 9.8487389473e-15
4.3933105469e+02 2.6743190939e-14 1.6884738541e-14 9.8584523975e-15
4.3939208984e+02 2.6747060464e-14 1.6883835989e-14 9.8632244747e-15
4.3945312500e+02 2.6765425944e-14 1.6905417731e-14 9.8600082126e-15
4.3951416016e+02 2.6800467362e-14 1.6947217792e-14 9.8532495699e-15
4.3957519531e+02 2.6841828706e-14 1.6993724434e-14 9.8481042722e-15
4.3963623047e+02 2.6868631497e-14 1.7025445239e-14 9.8431862576e-15
4.3969726562e+02 2.6865923687e-14 1.7032116435e-14 9.8338072520e-15
4.3975830078e+02 2.6840270993e-14 1.7018323783e-14 9.8219472096e-15
4.3981933594e+02 2.6811344546e-14 1.6995865522e-14 9.8154790242e-15
4.3988037109e+02 2.6791209050e-14 1.6975398472e-14 9.8158105779e-15
4.3994140625e+02 2.6777372965e-14 1.6962175897e-14 9.8151970673e-15
4.4000244141e+02 2.6760886284e-14 1.6952197529e-14 9.8086887548e-15
4.4006347656e+02 2.6738475774e-14 1.6937229928e-14 9.8012458461e-15
4.4012451172e+02 2.6717826003e-14 1.6917757473e-14 9.8000685306e-15
4.4018554688e+02 2.6709351644e-14 1.6905202852e-14 9.8041487916e-15
4.4024658203e+02 2.6714828944e-14 1.6908931272e-14 9.8058976722e-15
4.4030761719e+02 2.6728879266e-14 1.6925654539e-14 9.8032247274e-15
4.4036865234e+02 2.6748378414e-14 1.6943737110e-14 9.8046413040e-15
4.4042968750e+02 2.6771847854e-14 1.6953333783e-14 9.8185140713e-15
4.4049072266e+02 2.6791086356e-14 1.6949619910e-14 9.8414664461e-15
4.4055175781e+02 2.6793058472e-14 1.6931482509e-14 9.8615759638e-15
4.4061279297e+02 2.6773791238e-14 1.6904119870e-14 9.8696713686e-15
4.4067382812e+02 2.6747462337e-14 1.6882693867e-14 9.8647684699e-15
4.4073486328e+02 2.6736902926e-14 1.6884536572e-14 9.8523663534e-15
4.4079589844e+02 2.6752708193e-14 1.6912112423e-14 9.8405957700e-15
4.4085693359e+02 2.6782943871e-14 1.6947753707e-14 9.8351901641e-15
4.4091796875e+02 2.6803934763e-14 1.6968729806e-14 9.8352049576e-15
4.4097900391e+02 2.6801643982e-14 1.6966652680e-14 9.8349913028e-15
4.4104003906e+02 2.6782769015e-14 1.6951157774e-14 9.8316112405e-15
4.4110107422e+02 2.6764741223e-14 1.6936543016e-14 9.8281982070e-15
4.4116210938e+02 2.6759095414e-14 1.6930072887e-14 9.8290225262e-15
4.4122314453e+02 2.6766751662e-14 1.6933082732e-14 9.8336689301e-15
4.4128417969e+02 2.6782083838e-14 1.6944053541e-14 9.8380302972e-15
4.4134521484e+02 2.6796381233e-14 1.6956346493e-14 9.8400347399e-15
4.4140625000e+02 2.6803054925e-14 1.6961074908e-14 9.8419800170e-15
4.4146728516e+02 2.6803480857e-14 1.6956293010e-14 9.8471878471e-15
4.4152832031e+02 2.6806136947e-14 1.6949447150e-14 9.8566897965e-15
4.4158935547e+02 2.6818880302e-14 1.6950655227e-14 9.8682250747e-15
4.4165039062e+02 2.6837585592e-14 1.6962225239e-14 9.8753603531e-15
4.4171142578e+02 2.6843557036e-14 1.6973208645e-14 9.8703483907e-15
4.4177246094e+02 2.6821259638e-14 1.6969051348e-14 9.8522082902e-15
4.4183349609e+02 2.6776740276e-14 1.6947043834e-14 9.8296964416e-15
4.4189453125e+02 2.6729896588e-14 1.6916395675e-14 9.8135009133e-15
4.4195556641e+02 2.6692961465e-14 1.6885480473e-14 9.8074809925e-15
4.4201660156e+02 2.6666202283e-14 1.6857729393e-14 9.8084728897e-15
4.4207763672e+02 2.6648361120e-14 1.6836721688e-14 9.8116394314e-15
4.4213867188e+02 2.6640431859e-14 1.6826422739e-14 9.8140091197e-15
4.4219970703e+02 2.6642614372e-14 1.6827815627e-14 9.8147987453e-15
4.4226074219e+02 2.6652542214e-14 1.6837914884e-14 9.8146273298e-15
4.4232177734e+02 2.6664845086e-14 1.6850977064e-14 9.8138680211e-15
4.4238281250e+02 2.6675095855e-14 1.6863267344e-14 9.8118285106e-15
4.4244384766e+02 2.6686067868e-14 1.6877184713e-14 9.8088831548e-15
4.4250488281e+02 2.6703944201e-14 1.6895882039e-14 9.8080621625e-15
4.4256591797e+02 2.6727848797e-14 1.6915019817e-14 9.8128289799e-15
4.4262695312e+02 2.6750896652e-14 1.6926669262e-14 9.8242273905e-15
4.4268798828e+02 2.6769712450e-14 1.6929592499e-14 9.8401199508e-15
4.4274902344e+02 2.6783393851e-14 1.6928104156e-14 9.8552896956e-15
4.4281005859e+02 2.6786482009e-14 1.6923674774e-14 9.8628072350e-15
4.4287109375e+02 2.6771867233e-14 1.6914182993e-14 9.8576842398e-15
4.4293212891e+02 2.6741739697e-14 1.6900488706e-14 9.8412509913e-15
4.4299316406e+02 2.6714837377e-14 1.6892036527e-14 9.8228008498e-15
4.4305419922e+02 2.6714227226e-14 1.6900974251e-14 9.8132529747e-15
4.4311523438e+02 2.6740248454e-14 1.6925694295e-14 9.8145541590e-15
4.4317626953e+02 2.6767305758e-14 1.6947732977e-14 9.8195727813e-15
4.4323730469e+02 2.6774536784e-14 1.6951664756e-14 9.8228720276e-15
4.4329833984e+02 2.6768862017e-14 1.6942488978e-14 9.8263730391e-15
4.4335937500e+02 2.6773029049e-14 1.6938607544e-14 9.8344215047e-15
4.4342041016e+02 2.6796942766e-14 1.6949489928e-14 9.8474528382e-15
4.4348144531e+02 2.6825559715e-14 1.6964355108e-14 9.8612046078e-15
4.4354248047e+02 2.6835041396e-14 1.6965972173e-14 9.8690692223e-15
4.4360351562e+02 2.6816977241e-14 1.6950663863e-14 9.8663133778e-15
4.4366455078e+02 2.6783234695e-14 1.6927540750e-14 9.8556939446e-15
4.4372558594e+02 2.6751276154e-14 1.6905431333e-14 9.8458448218e-15
4.4378662109e+02 2.6732282465e-14 1.6890576859e-14 9.8417056056e-15
4.4384765625e+02 2.6729909977e-14 1.6889465963e-14 9.8404440138e-15
4.4390869141e+02 2.6741249522e-14 1.6904000531e-14 9.8372489915e-15
4.4396972656e+02 2.6758703198e-14 1.6927168140e-14 9.8315350583e-15
4.4403076172e+02 2.6773416631e-14 1.6947174611e-14 9.8262420207e-15
4.4409179688e+02 2.6776626415e-14 1.6953816989e-14 9.8228094262e-15
4.4415283203e+02 2.6763752827e-14 1.6943773041e-14 9.8199797853e-15
4.4421386719e+02 2.6742917875e-14 1.6924453714e-14 9.8184641601e-15
4.4427490234e+02 2.6731497961e-14 1.6908781288e-14 9.8227166737e-15
4.4433593750e+02 2.6737898307e-14 1.6903843888e-14 9.8340544198e-15
4.4439697266e+02 2.6753679834e-14 1.6908330086e-14 9.8453497473e-15
4.4445800781e+02 2.6766063544e-14 1.6917990200e-14 9.8480733436e-15
4.4451904297e+02 2.6769441804e-14 1.6927197992e-14 9.8422438111e-15
4.4458007812e+02 2.6761848312e-14 1.6927604341e-14 9.8342439709e-15
4.4464111328e+02 2.6740797978e-14 1.6913411472e-14 9.8273865063e-15
4.4470214844e+02 2.6709801219e-14 1.6888976287e-14 9.8208249322e-15
4.4476318359e+02 2.6680239457e-14 1.6864307538e-14 9.8159319190e-15
4.4482421875e+02 2.6661189916e-14 1.6844522339e-14 9.8166675769e-15
4.4488525391e+02 2.6653193415e-14 1.6830049407e-14 9.8231440076e-15
4.4494628906e+02 2.6652467492e-14 1.6822884830e-14 9.8295826620e-15
4.4500732422e+02 2.6658015502e-14 1.6827159138e-14 9.8308563642e-15
4.4506835938e+02 2.6673439598e-14 1.6844415971e-14 9.8290236268e-15
4.4512939453e+02 2.6700932304e-14 1.6870892982e-14 9.8300393218e-15
4.4519042969e+02 2.6735718136e-14 1.6901540063e-14 9.8341780730e-15
4.4525146484e+02 2.6768223421e-14 1.6934276014e-14 9.8339474073e-15
4.4531250000e+02 2.6791151152e-14 1.6966666668e-14 9.8244844840e-15
4.4537353516e+02 2.6803714629e-14 1.6991029287e-14 9.8126853428e-15
4.4543457031e+02 2.6808567824e-14 1.6997935429e-14 9.8106323952e-15
4.4549560547e+02 2.6808855995e-14 1.6987244008e-14 9.8216119872e-15
4.4555664062e+02 2.6810177969e-14 1.6972900652e-14 9.8372773179e-15
4.4561767578e+02 2.6815855584e-14 1.6968480315e-14 9.8473752691e-15
4.4567871094e+02 2.6818349669e-14 1.6969326909e-14 9.8490227592e-15
4.4573974609e+02 2.6807426788e-14 1.6960748867e-14 9.8466779212e-15
4.4580078125e+02 2.6787049851e-14 1.6942216617e-14 9.8448332339e-15
4.4586181641e+02 2.6773348381e-14 1.6930817341e-14 9.8425310395e-15
4.4592285156e+02 2.6776619968e-14 1.6940471622e-14 9.8361483462e-15
4.4598388672e+02 2.6793203761e-14 1.6966622042e-14 9.8265817186e-15
4.4604492188e+02 2.6812827192e-14 1.6992119703e-14 9.8207074888e-15
4.4610595703e+02 2.6824764214e-14 1.7000909451e-14 9.8238547632e-15
4.4616699219e+02 2.6817798112e-14 1.6985259881e-14 9.8325382309e-15
4.4622802734e+02 2.6787434523e-14 1.6950436145e-14 9.8369983772e-15
4.4628906250e+02 2.6746573438e-14 1.6915691925e-14 9.8308815138e-15
4.4635009766e+02 2.6717525849e-14 1.6899469060e-14 9.8180567890e-15
4.4641113281e+02 2.6711289128e-14 1.6901660530e-14 9.8096285983e-15
4.4647216797e+02 2.6723341288e-14 1.6910298714e-14 9.8130425741e-15
4.4653320312e+02 2.6747763326e-14 1.6922786776e-14 9.8249765504e-15
4.4659423828e+02 2.6783342968e-14 1.6947905377e-14 9.8354375912e-15
4.4665527344e+02 2.6824009849e-14 1.6987133604e-14 9.8368762451e-15
4.4671630859e+02 2.6854742869e-14 1.7025023152e-14 9.8297197179e-15
4.4677734375e+02 2.6863413825e-14 1.7042132311e-14 9.8212815141e-15
4.4683837891e+02 2.6853138151e-14 1.7033166676e-14 9.8199714751e-15
4.4689941406e+02 2.6838873556e-14 1.7009849097e-14 9.8290244589e-15
4.4696044922e+02 2.6831092214e-14 1.6987073196e-14 9.8440190185e-15
4.4702148438e+02 2.6827453749e-14 1.6970502909e-14 9.8569508402e-15
4.4708251953e+02 2.6824235423e-14 1.6961340295e-14 9.8628951286e-15
4.4714355469e+02 2.6827018776e-14 1.6965177968e-14 9.8618408087e-15
4.4720458984e+02 2.6840731426e-14 1.6984395529e-14 9.8563358978e-15
4.4726562500e+02 2.6856084410e-14 1.7006496091e-14 9.8495883189e-15
4.4732666016e+02 2.6855170232e-14 1.7011468780e-14 9.8437014518e-15
4.4738769531e+02 2.6827565919e-14 1.6989284784e-14 9.8382811353e-15
4.4744873047e+02 2.6777509043e-14 1.6946162238e-14 9.8313468043e-15
4.4750976562e+02 2.6721503960e-14 1.6899686752e-14 9.8218172080e-15
4.4757080078e+02 2.6681414571e-14 1.6869460684e-14 9.8119538866e-15
4.4763183594e+02 2.6669005993e-14 1.6862252089e-14 9.8067539035e-15
4.4769287109e+02 2.6673828224e-14 1.6864717775e-14 9.8091104493e-15
4.4775390625e+02 2.6677981732e-14 1.6862002685e-14 9.8159790467e-15
4.4781494141e+02 2.6679898536e-14 1.6859655508e-14 9.8202430280e-15
4.4787597656e+02 2.6689449638e-14 1.6872304366e-14 9.8171452721e-15
4.4793701172e+02 2.6707377701e-14 1.6897812813e-14 9.8095648872e-15
4.4799804688e+02 2.6724234735e-14 1.6919074944e-14 9.8051597907e-15
4.4805908203e+02 2.6733070160e-14 1.6926214776e-14 9.8068553848e-15
4.4812011719e+02 2.6732201436e-14 1.6922710829e-14 9.8094906066e-15
4.4818115234e+02 2.6722813259e-14 1.6914695161e-14 9.8081180981e-15
4.4824218750e+02 2.6713989369e-14 1.6908595829e-14 9.8053935397e-15
4.4830322266e+02 2.6721255221e-14 1.6913121429e-14 9.8081337920e-15
4.4836425781e+02 2.6747499625e-14 1.6928988318e-14 9.8185113075e-15
4.4842529297e+02 2.6772972250e-14 1.6942280465e-14 9.8306917850e-15
4.4848632812e+02 2.6776760519e-14 1.6940229160e-14 9.8365313588e-15
4.4854736328e+02 2.6759692450e-14 1.6927104619e-14 9.8325878307e-15
4.4860839844e+02 2.6735142236e-14 1.6913662880e-14 9.8214793556e-15
4.4866943359e+02 2.6709224438e-14 1.6900645397e-14 9.8085790406e-15
4.4873046875e+02 2.6682757115e-14 1.6884745832e-14 9.7980112836e-15
4.4879150391e+02 2.6663266061e-14 1.6871073766e-14 9.7921922942e-15
4.4885253906e+02 2.6662289433e-14 1.6868824742e-14 9.7934646907e-15
4.4891357422e+02 2.6681896763e-14 1.6880239416e-14 9.8016573465e-15
4.4897460938e+02 2.6709334865e-14 1.6898667207e-14 9.8106676581e-15
4.4903564453e+02 2.6726673054e-14 1.6913651006e-14 9.8130220476e-15
4.4909667969e+02 2.6725497636e-14 1.6917435083e-14 9.8080625528e-15
4.4915771484e+02 2.6711755561e-14 1.6910812046e-14 9.8009435155e-15
4.4921875000e+02 2.6697763683e-14 1.6903192745e-14 9.7945709382e-15
4.4927978516e+02 2.6693201326e-14 1.6905084421e-14 9.7881169046e-15
4.4934082031e+02 2.6701470314e-14 1.6919070479e-14 9.7823998349e-15
4.4940185547e+02 2.6718762137e-14 1.6937186266e-14 9.7815758708e-15
4.4946289062e+02 2.6738560350e-14 1.6949397736e-14 9.7891626144e-15
4.4952392578e+02 2.6757167785e-14 1.6953713809e-14 9.8034539765e-15
4.4958496094e+02 2.6770071585e-14 1.6952977279e-14 9.8170943061e-15
4.4964599609e+02 2.6770235627e-14 1.6947031154e-14 9.8232044722e-15
4.4970703125e+02 2.6757902520e-14 1.6936645255e-14 9.8212572650e-15
4.4976806641e+02 2.6744397612e-14 1.6929416718e-14 9.8149808946e-15
4.4982910156e+02 2.6740871935e-14 1.6932467680e-14 9.8084042546e-15
4.4989013672e+02 2.6748369263e-14 1.6943111499e-14 9.8052577642e-15
4.4995117188e+02 2.6760930362e-14 1.6953442255e-14 9.8074881066e-15
4.5001220703e+02 2.6772964517e-14 1.6958616783e-14 9.8143477335e-15
4.5007324219e+02 2.6779292048e-14 1.6955522595e-14 9.8237694539e-15
4.5013427734e+02 2.6773773163e-14 1.6941236179e-14 9.8325369844e-15
4.5019531250e+02 2.6754533889e-14 1.6917224032e-14 9.8373098573e-15
4.5025634766e+02 2.6726432106e-14 1.6889258316e-14 9.8371737897e-15
4.5031738281e+02 2.6696402035e-14 1.6863371004e-14 9.8330310309e-15
4.5037841797e+02 2.6671893502e-14 1.6846113537e-14 9.8257799646e-15
4.5043945312e+02 2.6661560977e-14 1.6845079437e-14 9.8164815405e-15
4.5050048828e+02 2.6668245153e-14 1.6862376301e-14 9.8058688528e-15
4.5056152344e+02 2.6682338856e-14 1.6887258847e-14 9.7950800090e-15
4.5062255859e+02 2.6691767437e-14 1.6902386320e-14 9.7893811173e-15
4.5068359375e+02 2.6696045068e-14 1.6900723189e-14 9.7953218786e-15
4.5074462891e+02 2.6699369773e-14 1.6889718149e-14 9.8096516243e-15
4.5080566406e+02 2.6697576754e-14 1.6878636201e-14 9.8189405534e-15
4.5086669922e+02 2.6686649445e-14 1.6870769811e-14 9.8158796344e-15
4.5092773438e+02 2.6674231925e-14 1.6865621380e-14 9.8086105452e-15
4.5098876953e+02 2.6670648358e-14 1.6861101032e-14 9.8095473268e-15
4.5104980469e+02 2.6680411973e-14 1.6858830051e-14 9.8215819219e-15
4.5111083984e+02 2.6707274281e-14 1.6868721283e-14 9.8385529975e-15
4.5117187500e+02 2.6750404470e-14 1.6897608832e-14 9.8527956382e-15
4.5123291016e+02 2.6793681699e-14 1.6934195535e-14 9.8594861643e-15
4.5129394531e+02 2.6813826348e-14 1.6955270414e-14 9.8585559335e-15
4.5135498047e+02 2.6798521423e-14 1.6944934370e-14 9.8535870529e-15
4.5141601562e+02 2.6754731785e-14 1.6906238259e-14 9.8484935266e-15
4.5147705078e+02 2.6707406991e-14 1.6861100517e-14 9.8463064742e-15
4.5153808594e+02 2.6684015198e-14 1.6836337733e-14 9.8476774652e-15
4.5159912109e+02 2.6690686452e-14 1.6842362742e-14 9.8483237096e-15
4.5166015625e+02 2.6708308434e-14 1.6867406459e-14 9.8409019752e-15
4.5172119141e+02 2.6715644551e-14 1.6893268176e-14 9.8223763748e-15
4.5178222656e+02 2.6710762012e-14 1.6910662285e-14 9.8000997267e-15
4.5184326172e+02 2.6706011961e-14 1.6919297351e-14 9.7867146108e-15
4.5190429688e+02 2.6709677285e-14 1.6922867751e-14 9.7868095337e-15
4.5196533203e+02 2.6721116744e-14 1.6927211287e-14 9.7939054570e-15
4.5202636719e+02 2.6736540708e-14 1.6935293718e-14 9.8012469900e-15
4.5208740234e+02 2.6749114268e-14 1.6941343220e-14 9.8077710476e-15
4.5214843750e+02 2.6748770224e-14 1.6935427629e-14 9.8133425955e-15
4.5220947266e+02 2.6732892661e-14 1.6916263657e-14 9.8166290032e-15
4.5227050781e+02 2.6714390197e-14 1.6895456274e-14 9.8189339231e-15
4.5233154297e+02 2.6710890794e-14 1.6886569684e-14 9.8243211091e-15
4.5239257812e+02 2.6727293766e-14 1.6893213037e-14 9.8340807288e-15
4.5245361328e+02 2.6750705437e-14 1.6906970977e-14 9.8437344606e-15
4.5251464844e+02 2.6761409607e-14 1.6914353871e-14 9.8470557355e-15
4.5257568359e+02 2.6751185557e-14 1.6909845161e-14 9.8413403956e-15
4.5263671875e+02 2.6729194581e-14 1.6901711259e-14 9.8274833220e-15
4.5269775391e+02 2.6708152931e-14 1.6900523653e-14 9.8076292786e-15
4.5275878906e+02 2.6694725582e-14 1.6908816063e-14 9.7859095191e-15
4.5281982422e+02 2.6695812550e-14 1.6925901952e-14 9.7699105984e-15
4.5288085938e+02 2.6717752682e-14 1.6950133507e-14 9.7676191755e-15
4.5294189453e+02 2.6751839420e-14 1.6970955930e-14 9.7808834903e-15
4.5300292969e+02 2.6772492527e-14 1.6970362156e-14 9.8021303709e-15
4.5306396484e+02 2.6760720336e-14 1.6940507862e-14 9.8202124736e-15
4.5312500000e+02 2.6726945189e-14 1.6896233189e-14 9.8307120007e-15
4.5318603516e+02 2.6700627604e-14 1.6864077023e-14 9.8365505810e-15
4.5324707031e+02 2.6698590463e-14 1.6860959345e-14 9.8376311174e-15
4.5330810547e+02 2.6715260630e-14 1.6886566575e-14 9.8286940554e-15
4.5336914062e+02 2.6739075008e-14 1.6927202273e-14 9.8118727357e-15
4.5343017578e+02 2.6761711865e-14 1.6960662917e-14 9.8010489481e-15
4.5349121094e+02 2.6773746463e-14 1.6967925063e-14 9.8058213999e-15
4.5355224609e+02 2.6768428887e-14 1.6948395894e-14 9.8200329930e-15
4.5361328125e+02 2.6752390852e-14 1.6919832997e-14 9.8325578547e-15
4.5367431641e+02 2.6740359968e-14 1.6900942441e-14 9.8394175263e-15
4.5373535156e+02 2.6737262766e-14 1.6896146272e-14 9.8411164942e-15
4.5379638672e+02 2.6733880797e-14 1.6896089065e-14 9.8377917321e-15
4.5385742188e+02 2.6720097823e-14 1.6889405536e-14 9.8306922872e-15
4.5391845703e+02 2.6697266106e-14 1.6873577652e-14 9.8236884536e-15
4.5397949219e+02 2.6678328581e-14 1.6857542926e-14 9.8207856552e-15
4.5404052734e+02 2.6677480500e-14 1.6854368261e-14 9.8231122393e-15
4.5410156250e+02 2.6696829839e-14 1.6867914206e-14 9.8289156333e-15
4.5416259766e+02 2.6722663537e-14 1.6888710663e-14 9.8339528740e-15
4.5422363281e+02 2.6737305627e-14 1.6905644931e-14 9.8316606961e-15
4.5428466797e+02 2.6734293208e-14 1.6915442216e-14 9.8188509918e-15
4.5434570312e+02 2.6720861636e-14 1.6918690475e-14 9.8021711613e-15
4.5440673828e+02 2.6706876951e-14 1.6914713156e-14 9.7921637951e-15
4.5446777344e+02 2.6696765287e-14 1.6904949572e-14 9.7918157145e-15
4.5452880859e+02 2.6693358753e-14 1.6896900858e-14 9.7964578950e-15
4.5458984375e+02 2.6699770309e-14 1.6898744623e-14 9.8010256855e-15
4.5465087891e+02 2.6713844924e-14 1.6910387370e-14 9.8034575541e-15
4.5471191406e+02 2.6727544362e-14 1.6923334522e-14 9.8042098394e-15
4.5477294922e+02 2.6734411709e-14 1.6929335805e-14 9.8050759040e-15
4.5483398438e+02 2.6735540197e-14 1.6928097628e-14 9.8074425693e-15
4.5489501953e+02 2.6734845667e-14 1.6926424462e-14 9.8084212049e-15
4.5495605469e+02 2.6731851080e-14 1.6930866113e-14 9.8009849669e-15
4.5501708984e+02 2.6727146569e-14 1.6942620095e-14 9.7845264740e-15
4.5507812500e+02 2.6726828842e-14 1.6955448450e-14 9.7713803921e-15
4.5513916016e+02 2.6732312654e-14 1.6956478289e-14 9.7758343647e-15
4.5520019531e+02 2.6734901765e-14 1.6935866054e-14 9.7990357112e-15
4.5526123047e+02 2.6726303544e-14 1.6898939591e-14 9.8273639529e-15
4.5532226562e+02 2.6711206524e-14 1.6866693962e-14 9.8445125626e-15
4.5538330078e+02 2.6706572225e-14 1.6862561300e-14 9.8440109256e-15
4.5544433594e+02 2.6723768641e-14 1.6893824460e-14 9.8299441805e-15
4.5550537109e+02 2.6752825124e-14 1.6942791306e-14 9.8100338177e-15
4.5556640625e+02 2.6772641602e-14 1.6980963828e-14 9.7916777739e-15
4.5562744141e+02 2.6774336560e-14 1.6994166434e-14 9.7801701259e-15
4.5568847656e+02 2.6766279301e-14 1.6989301716e-14 9.7769775854e-15
4.5574951172e+02 2.6759600473e-14 1.6977997379e-14 9.7816030933e-15
4.5581054688e+02 2.6757335845e-14 1.6963341453e-14 9.7939943927e-15
4.5587158203e+02 2.6757523781e-14 1.6946005980e-14 9.8115178017e-15
4.5593261719e+02 2.6759427479e-14 1.6933156468e-14 9.8262710114e-15
4.5599365234e+02 2.6763065565e-14 1.6931493999e-14 9.8315715667e-15
4.5605468750e+02 2.6765929758e-14 1.6935925711e-14 9.8300040468e-15
4.5611572266e+02 2.6763549783e-14 1.6933862052e-14 9.8296877308e-15
4.5617675781e+02 2.6753676313e-14 1.6918806277e-14 9.8348700361e-15
4.5623779297e+02 2.6739744369e-14 1.6895560838e-14 9.8441835316e-15
4.5629882812e+02 2.6728818623e-14 1.6875224803e-14 9.8535938199e-15
4.5635986328e+02 2.6725871737e-14 1.6867732615e-14 9.8581391219e-15
4.5642089844e+02 2.6731581117e-14 1.6876843442e-14 9.8547376751e-15
4.5648193359e+02 2.6740070029e-14 1.6895675920e-14 9.8443941093e-15
4.5654296875e+02 2.6736876370e-14 1.6906268327e-14 9.8306080428e-15
4.5660400391e+02 2.6710867168e-14 1.6894107745e-14 9.8167594237e-15
4.5666503906e+02 2.6670304802e-14 1.6865297109e-14 9.8050076931e-15
4.5672607422e+02 2.6636617000e-14 1.6839851877e-14 9.7967651239e-15
4.5678710938e+02 2.6623091984e-14 1.6829219957e-14 9.7938720272e-15
4.5684814453e+02 2.6626759519e-14 1.6829737038e-14 9.7970224817e-15
4.5690917969e+02 2.6637353262e-14 1.6834956745e-14 9.8023965164e-15
4.5697021484e+02 2.6646681727e-14 1.6842285822e-14 9.8043959048e-15
4.5703125000e+02 2.6650119922e-14 1.6848715114e-14 9.8014048083e-15
4.5709228516e+02 2.6647019500e-14 1.6852813944e-14 9.7942055562e-15
4.5715332031e+02 2.6643808608e-14 1.6860381642e-14 9.7834269654e-15
4.5721435547e+02 2.6651272188e-14 1.6877860416e-14 9.7734117726e-15
4.5727539062e+02 2.6674912934e-14 1.6902173823e-14 9.7727391114e-15
4.5733642578e+02 2.6711101144e-14 1.6924633995e-14 9.7864671486e-15
4.5739746094e+02 2.6750301537e-14 1.6940687045e-14 9.8096144923e-15
4.5745849609e+02 2.6779632954e-14 1.6949048046e-14 9.8305849085e-15
4.5751953125e+02 2.6788794944e-14 1.6947320858e-14 9.8414740861e-15
4.5758056641e+02 2.6778400757e-14 1.6935119170e-14 9.8432815866e-15
4.5764160156e+02 2.6759590936e-14 1.6918277684e-14 9.8413132521e-15
4.5770263672e+02 2.6743900532e-14 1.6905489547e-14 9.8384109852e-15
4.5776367188e+02 2.6732530185e-14 1.6899438540e-14 9.8330916449e-15
4.5782470703e+02 2.6718351775e-14 1.6895335653e-14 9.8230161219e-15
4.5788574219e+02 2.6699141652e-14 1.6890158834e-14 9.8089828180e-15
4.5794677734e+02 2.6681173557e-14 1.6886454428e-14 9.7947191291e-15
4.5800781250e+02 2.6671723886e-14 1.6887224493e-14 9.7844993924e-15
4.5806884766e+02 2.6673679473e-14 1.6893180365e-14 9.7804991084e-15
4.5812988281e+02 2.6683559095e-14 1.6903048495e-14 9.7805106004e-15
4.5819091797e+02 2.6696374128e-14 1.6915197395e-14 9.7811767331e-15
4.5825195312e+02 2.6711360304e-14 1.6927915032e-14 9.7834452724e-15
4.5831298828e+02 2.6724867057e-14 1.6934355845e-14 9.7905112127e-15
4.5837402344e+02 2.6725243688e-14 1.6922189785e-14 9.8030539030e-15
4.5843505859e+02 2.6705661994e-14 1.6885685482e-14 9.8199765117e-15
4.5849609375e+02 2.6676302078e-14 1.6837542256e-14 9.8387598219e-15
4.5855712891e+02 2.6657103355e-14 1.6804427090e-14 9.8526762648e-15
4.5861816406e+02 2.6660043560e-14 1.6806081329e-14 9.8539622309e-15
4.5867919922e+02 2.6680055120e-14 1.6837763599e-14 9.8422915211e-15
4.5874023438e+02 2.6701257815e-14 1.6876407405e-14 9.8248504099e-15
4.5880126953e+02 2.6710768548e-14 1.6902933117e-14 9.8078354310e-15
4.5886230469e+02 2.6709139834e-14 1.6914974234e-14 9.7941656003e-15
4.5892333984e+02 2.6707378766e-14 1.6919643128e-14 9.7877356383e-15
4.5898437500e+02 2.6712198571e-14 1.6920134092e-14 9.7920644791e-15
4.5904541016e+02 2.6720341926e-14 1.6915878685e-14 9.8044632412e-15
4.5910644531e+02 2.6728865487e-14 1.6912138847e-14 9.8167266395e-15
4.5916748047e+02 2.6739104147e-14 1.6916139107e-14 9.8229650399e-15
4.5922851562e+02 2.6750074618e-14 1.6925571766e-14 9.8245028527e-15
4.5928955078e+02 2.6761297287e-14 1.6933813789e-14 9.8274834981e-15
4.5935058594e+02 2.6777744318e-14 1.6940805722e-14 9.8369385964e-15
4.5941162109e+02 2.6799212890e-14 1.6948538728e-14 9.8506741622e-15
4.5947265625e+02 2.6812995520e-14 1.6954164403e-14 9.8588311174e-15
4.5953369141e+02 2.6807324230e-14 1.6954204939e-14 9.8531192915e-15
4.5959472656e+02 2.6783303713e-14 1.6947689107e-14 9.8356146059e-15
4.5965576172e+02 2.6748927517e-14 1.6933500669e-14 9.8154268488e-15
4.5971679688e+02 2.6711558064e-14 1.6913199494e-14 9.7983585707e-15
4.5977783203e+02 2.6679966725e-14 1.6895959367e-14 9.7840073588e-15
4.5983886719e+02 2.6665597198e-14 1.6892569533e-14 9.7730276652e-15
4.5989990234e+02 2.6674165029e-14 1.6903184560e-14 9.7709804689e-15
4.5996093750e+02 2.6697651014e-14 1.6916364590e-14 9.7812864245e-15
4.6002197266e+02 2.6721790318e-14 1.6922246936e-14 9.7995433822e-15
4.6008300781e+02 2.6739067160e-14 1.6921025673e-14 9.8180414879e-15
4.6014404297e+02 2.6748453096e-14 1.6917065519e-14 9.8313875764e-15
4.6020507812e+02 2.6750823108e-14 1.6912044410e-14 9.8387786986e-15
4.6026611328e+02 2.6752599879e-14 1.6907411439e-14 9.8451884408e-15
4.6032714844e+02 2.6761970439e-14 1.6907123271e-14 9.8548471678e-15
4.6038818359e+02 2.6771927818e-14 1.6910609062e-14 9.8613187560e-15
4.6044921875e+02 2.6762002207e-14 1.6908274843e-14 9.8537273639e-15
4.6051025391e+02 2.6724360245e-14 1.6890880314e-14 9.8334799314e-15
4.6057128906e+02 2.6673381604e-14 1.6859348552e-14 9.8140330522e-15
4.6063232422e+02 2.6630558252e-14 1.6825968307e-14 9.8045899448e-15
4.6069335938e+02 2.6612525636e-14 1.6809695629e-14 9.8028300075e-15
4.6075439453e+02 2.6627067186e-14 1.6824380978e-14 9.8026862083e-15
4.6081542969e+02 2.6667916795e-14 1.6865895127e-14 9.8020216677e-15
4.6087646484e+02 2.6713454197e-14 1.6912194910e-14 9.8012592869e-15
4.6093750000e+02 2.6739397325e-14 1.6939819596e-14 9.7995777291e-15
4.6099853516e+02 2.6736448120e-14 1.6941052083e-14 9.7953960368e-15
4.6105957031e+02 2.6713728222e-14 1.6924899505e-14 9.7888287171e-15
4.6112060547e+02 2.6689468937e-14 1.6906868042e-14 9.7826008952e-15
4.6118164062e+02 2.6680019786e-14 1.6899806816e-14 9.7802129693e-15
4.6124267578e+02 2.6688799611e-14 1.6905781136e-14 9.7830184749e-15
4.6130371094e+02 2.6702620542e-14 1.6912473087e-14 9.7901474546e-15
4.6136474609e+02 2.6705988544e-14 1.6905714067e-14 9.8002744768e-15
4.6142578125e+02 2.6700306065e-14 1.6888060176e-14 9.8122458892e-15
4.6148681641e+02 2.6702697781e-14 1.6877090500e-14 9.8256072811e-15
4.6154785156e+02 2.6724980801e-14 1.6884872605e-14 9.8401081956e-15
4.6160888672e+02 2.6758550400e-14 1.6905332081e-14 9.8532183186e-15
4.6166992188e+02 2.6780578680e-14 1.6920998174e-14 9.8595805064e-15
4.6173095703e+02 2.6771837715e-14 1.6917616319e-14 9.8542213956e-15
4.6179199219e+02 2.6731455206e-14 1.6894396469e-14 9.8370587375e-15
4.6185302734e+02 2.6678364101e-14 1.6863839264e-14 9.8145248370e-15
4.6191406250e+02 2.6635343134e-14 1.6839929552e-14 9.7954135821e-15
4.6197509766e+02 2.6613544161e-14 1.6827977593e-14 9.7855665674e-15
4.6203613281e+02 2.6615109080e-14 1.6828333550e-14 9.7867755298e-15
4.6209716797e+02 2.6639443855e-14 1.6842091257e-14 9.7973525980e-15
4.6215820312e+02 2.6679341594e-14 1.6867178474e-14 9.8121631194e-15
4.6221923828e+02 2.6720784065e-14 1.6894839612e-14 9.8259444527e-15
4.6228027344e+02 2.6753535413e-14 1.6914852139e-14 9.8386832743e-15
4.6234130859e+02 2.6774808124e-14 1.6921791952e-14 9.8530161713e-15
4.6240234375e+02 2.6781922990e-14 1.6916171914e-14 9.8657510759e-15
4.6246337891e+02 2.6772048806e-14 1.6902849288e-14 9.8691995179e-15
4.6252441406e+02 2.6748832388e-14 1.6887178558e-14 9.8616538294e-15
4.6258544922e+02 2.6721826141e-14 1.6870981270e-14 9.8508448717e-15
4.6264648438e+02 2.6701736522e-14 1.6855273663e-14 9.8464628591e-15
4.6270751953e+02 2.6698247109e-14 1.6846580225e-14 9.8516668832e-15
4.6276855469e+02 2.6712949372e-14 1.6852170909e-14 9.8607784623e-15
4.6282958984e+02 2.6731074456e-14 1.6867125715e-14 9.8639487410e-15
4.6289062500e+02 2.6733285586e-14 1.6876152632e-14 9.8571329536e-15
4.6295166016e+02 2.6719745795e-14 1.6871777836e-14 9.8479679588e-15
4.6301269531e+02 2.6709469264e-14 1.6862889138e-14 9.8465801252e-15
4.6307373047e+02 2.6713831826e-14 1.6862187718e-14 9.8516441073e-15
4.6313476562e+02 2.6724097584e-14 1.6871400065e-14 9.8526975184e-15
4.6319580078e+02 2.6726346500e-14 1.6881880279e-14 9.8444662210e-15
4.6325683594e+02 2.6716561410e-14 1.6884808259e-14 9.8317531509e-15
4.6331787109e+02 2.6698908408e-14 1.6877721672e-14 9.8211867354e-15
4.6337890625e+02 2.6679768380e-14 1.6866416950e-14 9.8133514304e-15
4.6343994141e+02 2.6668209894e-14 1.6863033584e-14 9.8051763092e-15
4.6350097656e+02 2.6672766560e-14 1.6874971963e-14 9.7977945966e-15
4.6356201172e+02 2.6690454455e-14 1.6894573763e-14 9.7958806921e-15
4.6362304688e+02 2.6707868592e-14 1.6908156045e-14 9.7997125466e-15
4.6368408203e+02 2.6720263417e-14 1.6914502806e-14 9.8057606109e-15
4.6374511719e+02 2.6737437507e-14 1.6923984189e-14 9.8134533183e-15
4.6380615234e+02 2.6761705914e-14 1.6938389958e-14 9.8233159556e-15
4.6386718750e+02 2.6775504691e-14 1.6944034344e-14 9.8314703470e-15
4.6392822266e+02 2.6765166526e-14 1.6931356818e-14 9.8338097082e-15
4.6398925781e+02 2.6744891483e-14 1.6911982623e-14 9.8329088595e-15
4.6405029297e+02 2.6741322675e-14 1.6907296880e-14 9.8340257953e-15
4.6411132812e+02 2.6760171662e-14 1.6923533617e-14 9.8366380449e-15
4.6417236328e+02 2.6781834953e-14 1.6945625792e-14 9.8362091605e-15
4.6423339844e+02 2.6787612284e-14 1.6954888943e-14 9.8327233414e-15
4.6429443359e+02 2.6776028881e-14 1.6945213858e-14 9.8308150234e-15
4.6435546875e+02 2.6753268112e-14 1.6922185549e-14 9.8310825631e-15
4.6441650391e+02 2.6722434013e-14 1.6894437957e-14 9.8279960562e-15
4.6447753906e+02 2.6686649087e-14 1.6868127346e-14 9.8185217415e-15
4.6453857422e+02 2.6653707883e-14 1.6846174154e-14 9.8075337297e-15
4.6459960938e+02 2.6634328997e-14 1.6831512781e-14 9.8028162160e-15
4.6466064453e+02 2.6640439854e-14 1.6832137234e-14 9.8083026194e-15
4.6472167969e+02 2.6678852006e-14 1.6856920508e-14 9.8219314979e-15
4.6478271484e+02 2.6736126627e-14 1.6899790449e-14 9.8363361782e-15
4.6484375000e+02 2.6779981328e-14 1.6936853475e-14 9.8431278533e-15
4.6490478516e+02 2.6788059072e-14 1.6949349494e-14 9.8387095789e-15
4.6496582031e+02 2.6767589707e-14 1.6942596967e-14 9.8249927396e-15
4.6502685547e+02 2.6742159378e-14 1.6934361908e-14 9.8077974701e-15
4.6508789062e+02 2.6727401224e-14 1.6931899292e-14 9.7955019318e-15
4.6514892578e+02 2.6722114362e-14 1.6928736649e-14 9.7933777126e-15
4.6520996094e+02 2.6718487552e-14 1.6918951826e-14 9.7995357261e-15
4.6527099609e+02 2.6714193642e-14 1.6905240445e-14 9.8089531965e-15
4.6533203125e+02 2.6712056844e-14 1.6894574243e-14 9.8174826003e-15
4.6539306641e+02 2.6715249187e-14 1.6892709883e-14 9.8225393042e-15
4.6545410156e+02 2.6724617296e-14 1.6900343338e-14 9.8242739576e-15
4.6551513672e+02 2.6735678127e-14 1.6911595686e-14 9.8240824411e-15
4.6557617188e+02 2.6741954525e-14 1.6920437461e-14 9.8215170639e-15
4.6563720703e+02 2.6744059554e-14 1.6928045891e-14 9.8160136631e-15
4.6569824219e+02 2.6748630126e-14 1.6938947211e-14 9.8096829148e-15
4.6575927734e+02 2.6758067551e-14 1.6951951904e-14 9.8061156466e-15
4.6582031250e+02 2.6767355469e-14 1.6959763048e-14 9.8075924210e-15
4.6588134766e+02 2.6769390591e-14 1.6957342808e-14 9.8120477832e-15
4.6594238281e+02 2.6762010290e-14 1.6948834872e-14 9.8131754174e-15
4.6600341797e+02 2.6751082891e-14 1.6943836190e-14 9.8072467012e-15
4.6606445312e+02 2.6743280218e-14 1.6944602296e-14 9.7986779225e-15
4.6612548828e+02 2.6736506858e-14 1.6940644045e-14 9.7958628136e-15
4.6618652344e+02 2.6723725690e-14 1.6921330592e-14 9.8023950976e-15
4.6624755859e+02 2.6704673847e-14 1.6891068005e-14 9.8136058414e-15
4.6630859375e+02 2.6687827058e-14 1.6866350366e-14 9.8214766928e-15
4.6636962891e+02 2.6682729736e-14 1.6860266898e-14 9.8224628381e-15
4.6643066406e+02 2.6693366239e-14 1.6874360358e-14 9.8190058811e-15
4.6649169922e+02 2.6715941411e-14 1.6901620083e-14 9.8143213284e-15
4.6655273438e+02 2.6742547765e-14 1.6932325695e-14 9.8102220695e-15
4.6661376953e+02 2.6767456220e-14 1.6958629505e-14 9.8088267158e-15
4.6667480469e+02 2.6785348046e-14 1.6974361539e-14 9.8109865068e-15
4.6673583984e+02 2.6787935149e-14 1.6973477930e-14 9.8144572187e-15
4.6679687500e+02 2.6773220987e-14 1.6956433483e-14 9.8167875036e-15
4.6685791016e+02 2.6751073185e-14 1.6934244951e-14 9.8168282342e-15
4.6691894531e+02 2.6731311648e-14 1.6917826841e-14 9.8134848069e-15
4.6697998047e+02 2.6718400406e-14 1.6909490461e-14 9.8089099450e-15
4.6704101562e+02 2.6719229571e-14 1.6909344002e-14 9.8098855689e-15
4.6710205078e+02 2.6737067330e-14 1.6918550866e-14 9.8185164641e-15
4.6716308594e+02 2.6758508449e-14 1.6932322491e-14 9.8261859574e-15
4.6722412109e+02 2.6765233498e-14 1.6941467912e-14 9.8237655859e-15
4.6728515625e+02 2.6756159176e-14 1.6943161827e-14 9.8129973486e-15
4.6734619141e+02 2.6744176655e-14 1.6940741329e-14 9.8034353255e-15
4.6740722656e+02 2.6736824579e-14 1.6934113256e-14 9.8027113221e-15
4.6746826172e+02 2.6731598191e-14 1.6920254235e-14 9.8113439558e-15
4.6752929688e+02 2.6726573512e-14 1.6902629407e-14 9.8239441053e-15
4.6759033203e+02 2.6725136472e-14 1.6890902785e-14 9.8342336874e-15
4.6765136719e+02 2.6728559436e-14 1.6890288299e-14 9.8382711367e-15
4.6771240234e+02 2.6730738535e-14 1.6896194076e-14 9.8345444584e-15
4.6777343750e+02 2.6724729774e-14 1.6899827837e-14 9.8249019367e-15
4.6783447266e+02 2.6714346558e-14 1.6899362175e-14 9.8149843830e-15
4.6789550781e+02 2.6714176558e-14 1.6903739286e-14 9.8104372723e-15
4.6795654297e+02 2.6731696793e-14 1.6919582897e-14 9.8121138969e-15
4.6801757812e+02 2.6753507427e-14 1.6938212175e-14 9.8152952521e-15
4.6807861328e+02 2.6759836808e-14 1.6946162398e-14 9.8136744100e-15
4.6813964844e+02 2.6749495002e-14 1.6943943455e-14 9.8055515475e-15
4.6820068359e+02 2.6737039934e-14 1.6941251132e-14 9.7957888024e-15
4.6826171875e+02 2.6730993519e-14 1.6940014009e-14 9.7909795102e-15
4.6832275391e+02 2.6731220261e-14 1.6937203307e-14 9.7940169543e-15
4.6838378906e+02 2.6738457131e-14 1.6936110985e-14 9.8023461455e-15
4.6844482422e+02 2.6750414237e-14 1.6939924076e-14 9.8104901606e-15
4.6850585938e+02 2.6758195470e-14 1.6942757166e-14 9.8154383043e-15
4.6856689453e+02 2.6756408365e-14 1.6938315994e-14 9.8180923714e-15
4.6862792969e+02 2.6749313845e-14 1.6929895118e-14 9.8194187274e-15
4.6868896484e+02 2.6743094221e-14 1.6923522620e-14 9.8195716007e-15
4.6875000000e+02 2.6738017162e-14 1.6917445362e-14 9.8205718004e-15
4.6881103516e+02 2.6733109329e-14 1.6908377163e-14 9.8247321651e-15
4.6887207031e+02 2.6733006731e-14 1.6902551621e-14 9.8304551097e-15
4.6893310547e+02 2.6740189068e-14 1.6907192826e-14 9.8329962423e-15
4.6899414062e+02 2.6744939545e-14 1.6916472472e-14 9.8284670728e-15
4.6905517578e+02 2.6735342065e-14 1.6919830183e-14 9.8155118822e-15
4.6911621094e+02 2.6712957635e-14 1.6917540272e-14 9.7954173635e-15
4.6917724609e+02 2.6690862291e-14 1.6917202075e-14 9.7736602163e-15
4.6923828125e+02 2.6683694122e-14 1.6923234799e-14 9.7604593237e-15
4.6929931641e+02 2.6699517685e-14 1.6935121445e-14 9.7643962400e-15
4.6936035156e+02 2.6730962584e-14 1.6947556612e-14 9.7834059720e-15
4.6942138672e+02 2.6759397142e-14 1.6953027082e-14 9.8063700603e-15
4.6948242188e+02 2.6776155997e-14 1.6951370952e-14 9.8247850452e-15
4.6954345703e+02 2.6790758993e-14 1.6951896717e-14 9.8388622756e-15
4.6960449219e+02 2.6812244379e-14 1.6961162579e-14 9.8510818003e-15
4.6966552734e+02 2.6832832802e-14 1.6975070607e-14 9.8577621952e-15
4.6972656250e+02 2.6834795724e-14 1.6983589013e-14 9.8512067107e-15
4.6978759766e+02 2.6806958000e-14 1.6976752877e-14 9.8302051227e-15
4.6984863281e+02 2.6756454856e-14 1.6951101293e-14 9.8053535628e-15
4.6990966797e+02 2.6709265690e-14 1.6917375259e-14 9.7918904312e-15
4.6997070312e+02 2.6691760544e-14 1.6895809058e-14 9.7959514869e-15
4.7003173828e+02 2.6706639319e-14 1.6898684725e-14 9.8079545936e-15
4.7009277344e+02 2.6734749875e-14 1.6921779230e-14 9.8129706456e-15
4.7015380859e+02 2.6761533859e-14 1.6953438019e-14 9.8080958403e-15
4.7021484375e+02 2.6789470258e-14 1.6984846237e-14 9.8046240214e-15
4.7027587891e+02 2.6821872309e-14 1.7009074566e-14 9.8127977434e-15
4.7033691406e+02 2.6847589293e-14 1.7017037601e-14 9.8305516914e-15
4.7039794922e+02 2.6848838291e-14 1.7000915749e-14 9.8479225418e-15
4.7045898438e+02 2.6818199343e-14 1.6961221480e-14 9.8569778623e-15
4.7052001953e+02 2.6765528990e-14 1.6908545320e-14 9.8569836694e-15
4.7058105469e+02 2.6714764715e-14 1.6861763905e-14 9.8530008106e-15
4.7064208984e+02 2.6692941427e-14 1.6843510468e-14 9.8494309589e-15
4.7070312500e+02 2.6709586778e-14 1.6864267196e-14 9.8453195818e-15
4.7076416016e+02 2.6744976526e-14 1.6907064831e-14 9.8379116954e-15
4.7082519531e+02 2.6770008135e-14 1.6939891903e-14 9.8301162323e-15
4.7088623047e+02 2.6775984772e-14 1.6946202960e-14 9.8297818115e-15
4.7094726562e+02 2.6775596638e-14 1.6936775160e-14 9.8388214777e-15
4.7100830078e+02 2.6781253200e-14 1.6932959611e-14 9.8482935890e-15
4.7106933594e+02 2.6791291095e-14 1.6943304545e-14 9.8479865499e-15
4.7113037109e+02 2.6793602006e-14 1.6956978865e-14 9.8366231412e-15
4.7119140625e+02 2.6777814059e-14 1.6955994764e-14 9.8218192953e-15
4.7125244141e+02 2.6743481672e-14 1.6929798520e-14 9.8136831516e-15
4.7131347656e+02 2.6699158781e-14 1.6882042426e-14 9.8171163552e-15
4.7137451172e+02 2.6658077919e-14 1.6830490986e-14 9.8275869332e-15
4.7143554688e+02 2.6634724533e-14 1.6798374519e-14 9.8363500143e-15
4.7149658203e+02 2.6638616209e-14 1.6798669620e-14 9.8399465898e-15
4.7155761719e+02 2.6664559182e-14 1.6823615501e-14 9.8409436810e-15
4.7161865234e+02 2.6691434858e-14 1.6850022409e-14 9.8414124491e-15
4.7167968750e+02 2.6698281283e-14 1.6858030436e-14 9.8402508468e-15
4.7174072266e+02 2.6682471535e-14 1.6847787344e-14 9.8346841914e-15
4.7180175781e+02 2.6658634913e-14 1.6836203342e-14 9.8224315709e-15
4.7186279297e+02 2.6641754606e-14 1.6837472057e-14 9.8042825485e-15
4.7192382812e+02 2.6635613985e-14 1.6851619091e-14 9.7839948934e-15
4.7198486328e+02 2.6636838561e-14 1.6870322357e-14 9.7665162037e-15
4.7204589844e+02 2.6643964656e-14 1.6885998740e-14 9.7579659157e-15
4.7210693359e+02 2.6657900540e-14 1.6895156415e-14 9.7627441253e-15
4.7216796875e+02 2.6677133592e-14 1.6899582771e-14 9.7775508216e-15
4.7222900391e+02 2.6697535955e-14 1.6905031245e-14 9.7925047091e-15
4.7229003906e+02 2.6715353428e-14 1.6915001622e-14 9.8003518059e-15
4.7235107422e+02 2.6727623878e-14 1.6926527834e-14 9.8010960448e-15
4.7241210938e+02 2.6730181121e-14 1.6933309181e-14 9.7968719405e-15
4.7247314453e+02 2.6719467462e-14 1.6931216255e-14 9.7882512072e-15
4.7253417969e+02 2.6698964313e-14 1.6920578149e-14 9.7783861644e-15
4.7259521484e+02 2.6678691897e-14 1.6905054206e-14 9.7736376903e-15
4.7265625000e+02 2.6664941541e-14 1.6889951099e-14 9.7749904418e-15
4.7271728516e+02 2.6656322575e-14 1.6881267792e-14 9.7750547828e-15
4.7277832031e+02 2.6651105407e-14 1.6882017192e-14 9.7690882150e-15
4.7283935547e+02 2.6649108571e-14 1.6885871170e-14 9.7632374014e-15
4.7290039062e+02 2.6645979263e-14 1.6879874045e-14 9.7661052181e-15
4.7296142578e+02 2.6637988500e-14 1.6860626049e-14 9.7773624510e-15
4.7302246094e+02 2.6634018737e-14 1.6843689952e-14 9.7903287845e-15
4.7308349609e+02 2.6648699750e-14 1.6847770476e-14 9.8009292743e-15
4.7314453125e+02 2.6680017557e-14 1.6870833629e-14 9.8091839277e-15
4.7320556641e+02 2.6706173372e-14 1.6890246899e-14 9.8159264731e-15
4.7326660156e+02 2.6707219624e-14 1.6886020538e-14 9.8211990859e-15
4.7332763672e+02 2.6682949953e-14 1.6858167597e-14 9.8247823559e-15
4.7338867188e+02 2.6652753012e-14 1.6824575748e-14 9.8281772637e-15
4.7344970703e+02 2.6640944251e-14 1.6807026988e-14 9.8339172634e-15
4.7351074219e+02 2.6656794443e-14 1.6815108952e-14 9.8416854907e-15
4.7357177734e+02 2.6689634617e-14 1.6841042599e-14 9.8485920173e-15
4.7363281250e+02 2.6723149851e-14 1.6871020639e-14 9.8521292121e-15
4.7369384766e+02 2.6746118196e-14 1.6896323438e-14 9.8497947581e-15
4.7375488281e+02 2.6753611470e-14 1.6913442002e-14 9.8401694679e-15
4.7381591797e+02 2.6747471404e-14 1.6921582522e-14 9.8258888820e-15
4.7387695312e+02 2.6732205618e-14 1.6920585011e-14 9.8116206071e-15
4.7393798828e+02 2.6710590946e-14 1.6909769070e-14 9.8008218760e-15
4.7399902344e+02 2.6686101200e-14 1.6890538047e-14 9.7955631537e-15
4.7406005859e+02 2.6662229943e-14 1.6866574756e-14 9.7956551864e-15
4.7412109375e+02 2.6641823460e-14 1.6842717752e-14 9.7991057077e-15
4.7418212891e+02 2.6632217929e-14 1.6827171049e-14 9.8050468796e-15
4.7424316406e+02 2.6639183954e-14 1.6826095758e-14 9.8130881957e-15
4.7430419922e+02 2.6656590814e-14 1.6835771258e-14 9.8208195563e-15
4.7436523438e+02 2.6676035792e-14 1.6849646937e-14 9.8263888554e-15
4.7442626953e+02 2.6698880531e-14 1.6866316263e-14 9.8325642679e-15
4.7448730469e+02 2.6727215875e-14 1.6884692432e-14 9.8425234424e-15
4.7454833984e+02 2.6754263549e-14 1.6902435066e-14 9.8518284831e-15
4.7460937500e+02 2.6772504264e-14 1.6920994834e-14 9.8515094296e-15
4.7467041016e+02 2.6781668276e-14 1.6942603887e-14 9.8390643886e-15
4.7473144531e+02 2.6785822483e-14 1.6963892126e-14 9.8219303571e-15
4.7479248047e+02 2.6787639829e-14 1.6976536329e-14 9.8111034992e-15
4.7485351562e+02 2.6781826177e-14 1.6970530680e-14 9.8112954974e-15
4.7491455078e+02 2.6756556629e-14 1.6940571068e-14 9.8159855604e-15
4.7497558594e+02 2.6711090330e-14 1.6896329005e-14 9.8147613254e-15
4.7503662109e+02 2.6666105530e-14 1.6861311702e-14 9.8047938276e-15
4.7509765625e+02 2.6645857664e-14 1.6854346006e-14 9.7915116582e-15
4.7515869141e+02 2.6654156193e-14 1.6873130978e-14 9.7810252149e-15
4.7521972656e+02 2.6674837648e-14 1.6898608721e-14 9.7762289272e-15
4.7528076172e+02 2.6692828923e-14 1.6914848667e-14 9.7779802553e-15
4.7534179688e+02 2.6705822406e-14 1.6920410043e-14 9.7854123628e-15
4.7540283203e+02 2.6715968358e-14 1.6921365643e-14 9.7946027149e-15
4.7546386719e+02 2.6724733682e-14 1.6924787491e-14 9.7999461913e-15
4.7552490234e+02 2.6736487006e-14 1.6937862555e-14 9.7986244512e-15
4.7558593750e+02 2.6751704332e-14 1.6959018898e-14 9.7926854344e-15
4.7564697266e+02 2.6760003075e-14 1.6974005821e-14 9.7859972542e-15
4.7570800781e+02 2.6750719311e-14 1.6970294127e-14 9.7804251831e-15
4.7576904297e+02 2.6725981686e-14 1.6950572331e-14 9.7754093554e-15
4.7583007812e+02 2.6702149613e-14 1.6931919603e-14 9.7702300094e-15
4.7589111328e+02 2.6697636438e-14 1.6932431557e-14 9.7652048811e-15
4.7595214844e+02 2.6712118061e-14 1.6951378543e-14 9.7607395174e-15
4.7601318359e+02 2.6722809990e-14 1.6965186272e-14 9.7576237184e-15
4.7607421875e+02 2.6707195040e-14 1.6949092635e-14 9.7581024051e-15
4.7613525391e+02 2.6663434228e-14 1.6899871766e-14 9.7635624628e-15
4.7619628906e+02 2.6610421892e-14 1.6839009457e-14 9.7714124350e-15
4.7625732422e+02 2.6575568177e-14 1.6797772341e-14 9.7777958369e-15
4.7631835938e+02 2.6577183240e-14 1.6794598451e-14 9.7825847885e-15
4.7637939453e+02 2.6609097556e-14 1.6821630613e-14 9.7874669434e-15
4.7644042969e+02 2.6644085622e-14 1.6852343796e-14 9.7917418256e-15
4.7650146484e+02 2.6658876063e-14 1.6863905725e-14 9.7949703375e-15
4.7656250000e+02 2.6653553980e-14 1.6854532534e-14 9.7990214459e-15
4.7662353516e+02 2.6642693558e-14 1.6839858448e-14 9.8028351098e-15
4.7668457031e+02 2.6636541845e-14 1.6834285324e-14 9.8022565214e-15
4.7674560547e+02 2.6637418073e-14 1.6839317554e-14 9.7981005190e-15
4.7680664062e+02 2.6646287306e-14 1.6849801441e-14 9.7964858653e-15
4.7686767578e+02 2.6665949844e-14 1.6865414834e-14 9.8005350101e-15
4.7692871094e+02 2.6696767713e-14 1.6890043843e-14 9.8067238698e-15
4.7698974609e+02 2.6732090054e-14 1.6922143302e-14 9.8099467526e-15
4.7705078125e+02 2.6763125079e-14 1.6951146712e-14 9.8119783670e-15
4.7711181641e+02 2.6785463334e-14 1.6964510412e-14 9.8209529220e-15
4.7717285156e+02 2.6796978849e-14 1.6958635062e-14 9.8383437876e-15
4.7723388672e+02 2.6796294684e-14 1.6943246527e-14 9.8530481569e-15
4.7729492188e+02 2.6786434679e-14 1.6932249786e-14 9.8541848935e-15
4.7735595703e+02 2.6772561828e-14 1.6928845886e-14 9.8437159427e-15
4.7741699219e+02 2.6757492096e-14 1.6925093700e-14 9.8323983962e-15
4.7747802734e+02 2.6744746467e-14 1.6917123303e-14 9.8276231647e-15
4.7753906250e+02 2.6737771845e-14 1.6910084856e-14 9.8276869888e-15
4.7760009766e+02 2.6734070710e-14 1.6907637133e-14 9.8264335772e-15
4.7766113281e+02 2.6729654403e-14 1.6909405918e-14 9.8202484847e-15
4.7772216797e+02 2.6725851142e-14 1.6917069998e-14 9.8087811439e-15
4.7778320312e+02 2.6725524367e-14 1.6931375143e-14 9.7941492248e-15
4.7784423828e+02 2.6728866685e-14 1.6946632633e-14 9.7822340516e-15
4.7790527344e+02 2.6736065947e-14 1.6957548390e-14 9.7785175569e-15
4.7796630859e+02 2.6749223270e-14 1.6967436097e-14 9.7817871727e-15
4.7802734375e+02 2.6768286982e-14 1.6981361233e-14 9.7869257483e-15
4.7808837891e+02 2.6787055666e-14 1.6994621366e-14 9.7924342995e-15
4.7814941406e+02 2.6797681024e-14 1.6996886317e-14 9.8007947072e-15
4.7821044922e+02 2.6796647834e-14 1.6984843987e-14 9.8118038472e-15
4.7827148438e+02 2.6780621293e-14 1.6961803236e-14 9.8188180567e-15
4.7833251953e+02 2.6746356849e-14 1.6931497369e-14 9.8148594802e-15
4.7839355469e+02 2.6704806521e-14 1.6902632437e-14 9.8021740846e-15
4.7845458984e+02 2.6678511981e-14 1.6887660498e-14 9.7908514821e-15
4.7851562500e+02 2.6672416319e-14 1.6884676806e-14 9.7877395127e-15
4.7857666016e+02 2.6665943249e-14 1.6874710260e-14 9.7912329888e-15
4.7863769531e+02 2.6642921490e-14 1.6847765304e-14 9.7951561863e-15
4.7869873047e+02 2.6610766495e-14 1.6817026179e-14 9.7937403161e-15
4.7875976562e+02 2.6588919414e-14 1.6802646698e-14 9.7862727162e-15
4.7882080078e+02 2.6594751242e-14 1.6815146961e-14 9.7796042809e-15
4.7888183594e+02 2.6634410001e-14 1.6851680378e-14 9.7827296232e-15
4.7894287109e+02 2.6693137684e-14 1.6896354237e-14 9.7967834475e-15
4.7900390625e+02 2.6739568083e-14 1.6928042241e-14 9.8115258420e-15
4.7906494141e+02 2.6749134669e-14 1.6934363632e-14 9.8147710369e-15
4.7912597656e+02 2.6724698438e-14 1.6919189470e-14 9.8055089672e-15
4.7918701172e+02 2.6692918553e-14 1.6898925446e-14 9.7939931068e-15
4.7924804688e+02 2.6680436982e-14 1.6889866042e-14 9.7905709408e-15
4.7930908203e+02 2.6694582050e-14 1.6895516691e-14 9.7990653588e-15
4.7937011719e+02 2.6722645771e-14 1.6906118622e-14 9.8165271484e-15
4.7943115234e+02 2.6742461542e-14 1.6909963772e-14 9.8324977696e-15
4.7949218750e+02 2.6737824031e-14 1.6904632596e-14 9.8331914348e-15
4.7955322266e+02 2.6712161027e-14 1.6898030924e-14 9.8141301021e-15
4.7961425781e+02 2.6684203297e-14 1.6897811803e-14 9.7863914941e-15
4.7967529297e+02 2.6667707172e-14 1.6902101866e-14 9.7656053056e-15
4.7973632812e+02 2.6661951665e-14 1.6904476619e-14 9.7574750451e-15
4.7979736328e+02 2.6661673846e-14 1.6903639067e-14 9.7580347790e-15
4.7985839844e+02 2.6669455836e-14 1.6905998899e-14 9.7634569377e-15
4.7991943359e+02 2.6695398654e-14 1.6922405471e-14 9.7729931835e-15
4.7998046875e+02 2.6741366088e-14 1.6956335077e-14 9.7850310109e-15
4.8004150391e+02 2.6788184108e-14 1.6992457548e-14 9.7957265604e-15
4.8010253906e+02 2.6809039504e-14 1.7007497519e-14 9.8015419851e-15
4.8016357422e+02 2.6795854607e-14 1.6993761590e-14 9.8020930170e-15
4.8022460938e+02 2.6762702287e-14 1.6962933832e-14 9.7997684555e-15
4.8028564453e+02 2.6725254456e-14 1.6928787149e-14 9.7964673079e-15
4.8034667969e+02 2.6689850961e-14 1.6897144816e-14 9.7927061456e-15
4.8040771484e+02 2.6661111437e-14 1.6872002339e-14 9.7891090981e-15
4.8046875000e+02 2.6645160684e-14 1.6859112714e-14 9.7860479700e-15
4.8052978516e+02 2.6643143258e-14 1.6860137403e-14 9.7830058555e-15
4.8059082031e+02 2.6649298041e-14 1.6868905794e-14 9.7803922473e-15
4.8065185547e+02 2.6655648664e-14 1.6875267027e-14 9.7803816362e-15
4.8071289062e+02 2.6657032952e-14 1.6873817963e-14 9.7832149893e-15
4.8077392578e+02 2.6653917389e-14 1.6869338180e-14 9.7845792084e-15
4.8083496094e+02 2.6650678642e-14 1.6869219027e-14 9.7814596143e-15
4.8089599609e+02 2.6652247267e-14 1.6873328625e-14 9.7789186413e-15
4.8095703125e+02 2.6663984128e-14 1.6879286917e-14 9.7846972105e-15
4.8101806641e+02 2.6687447687e-14 1.6889738922e-14 9.7977087650e-15
4.8107910156e+02 2.6710521137e-14 1.6902111335e-14 9.8084098018e-15
4.8114013672e+02 2.6711750068e-14 1.6900853143e-14 9.8108969250e-15
4.8120117188e+02 2.6683417105e-14 1.6874788248e-14 9.8086288571e-15
4.8126220703e+02 2.6645513033e-14 1.6837264646e-14 9.8082483877e-15
4.8132324219e+02 2.6630706298e-14 1.6818046315e-14 9.8126599829e-15
4.8138427734e+02 2.6652948580e-14 1.6834399309e-14 9.8185492709e-15
4.8144531250e+02 2.6692776883e-14 1.6874621701e-14 9.8181551811e-15
4.8150634766e+02 2.6718201861e-14 1.6911565812e-14 9.8066360491e-15
4.8156738281e+02 2.6716808341e-14 1.6927637477e-14 9.7891708637e-15
4.8162841797e+02 2.6702545444e-14 1.6923871457e-14 9.7786739868e-15
4.8168945312e+02 2.6696349993e-14 1.6912281537e-14 9.7840684559e-15
4.8175048828e+02 2.6706793191e-14 1.6905910512e-14 9.8008826791e-15
4.8181152344e+02 2.6727462431e-14 1.6911243165e-14 9.8162192659e-15
4.8187255859e+02 2.6745931757e-14 1.6924245984e-14 9.8216857738e-15
4.8193359375e+02 2.6752815172e-14 1.6935064454e-14 9.8177507177e-15
4.8199462891e+02 2.6746764483e-14 1.6937017645e-14 9.8097468379e-15
4.8205566406e+02 2.6734066767e-14 1.6928591228e-14 9.8054755395e-15
4.8211669922e+02 2.6724232588e-14 1.6912928131e-14 9.8113044566e-15
4.8217773438e+02 2.6725891369e-14 1.6901425366e-14 9.8244660029e-15
4.8223876953e+02 2.6742149939e-14 1.6908063195e-14 9.8340867443e-15
4.8229980469e+02 2.6766511210e-14 1.6932845401e-14 9.8336658091e-15
4.8236083984e+02 2.6784878545e-14 1.6957018141e-14 9.8278604045e-15
4.8242187500e+02 2.6783676318e-14 1.6958605801e-14 9.8250705174e-15
4.8248291016e+02 2.6758792900e-14 1.6931029633e-14 9.8277632669e-15
4.8254394531e+02 2.6719092328e-14 1.6887225135e-14 9.8318671927e-15
4.8260498047e+02 2.6681532875e-14 1.6849408591e-14 9.8321242842e-15
4.8266601562e+02 2.6660136143e-14 1.6834366170e-14 9.8257699732e-15
4.8272705078e+02 2.6656825615e-14 1.6842637265e-14 9.8141883509e-15
4.8278808594e+02 2.6663810563e-14 1.6860683989e-14 9.8031265737e-15
4.8284912109e+02 2.6674156643e-14 1.6875310045e-14 9.7988465986e-15
4.8291015625e+02 2.6687264193e-14 1.6884492757e-14 9.8027714364e-15
4.8297119141e+02 2.6703720635e-14 1.6893369738e-14 9.8103508970e-15
4.8303222656e+02 2.6717309927e-14 1.6901970692e-14 9.8153392352e-15
4.8309326172e+02 2.6718123806e-14 1.6902741085e-14 9.8153827209e-15
4.8315429688e+02 2.6704646006e-14 1.6892175293e-14 9.8124707133e-15
4.8321533203e+02 2.6685990160e-14 1.6877486702e-14 9.8085034582e-15
4.8327636719e+02 2.6670928230e-14 1.6866990576e-14 9.8039376534e-15
4.8333740234e+02 2.6659608226e-14 1.6859441643e-14 9.8001665824e-15
4.8339843750e+02 2.6646096060e-14 1.6847207797e-14 9.7988882622e-15
4.8345947266e+02 2.6626211849e-14 1.6826552682e-14 9.7996591669e-15
4.8352050781e+02 2.6604282807e-14 1.6802722526e-14 9.8015602812e-15
4.8358154297e+02 2.6593532460e-14 1.6787074930e-14 9.8064575306e-15
4.8364257812e+02 2.6606327847e-14 1.6788571610e-14 9.8177562370e-15
4.8370361328e+02 2.6641971629e-14 1.6806865470e-14 9.8351061591e-15
4.8376464844e+02 2.6684877071e-14 1.6833957432e-14 9.8509196389e-15
4.8382568359e+02 2.6714502634e-14 1.6859521816e-14 9.8549808174e-15
4.8388671875e+02 2.6719147734e-14 1.6874826247e-14 9.8443214864e-15
4.8394775391e+02 2.6703250967e-14 1.6877064823e-14 9.8261861437e-15
4.8400878906e+02 2.6681223648e-14 1.6871320877e-14 9.8099027715e-15
4.8406982422e+02 2.6665240680e-14 1.6867099066e-14 9.7981416140e-15
4.8413085938e+02 2.6659696580e-14 1.6871677294e-14 9.7880192861e-15
4.8419189453e+02 2.6662455226e-14 1.6883972323e-14 9.7784829029e-15
4.8425292969e+02 2.6668745440e-14 1.6895292383e-14 9.7734530575e-15
4.8431396484e+02 2.6675645474e-14 1.6898055117e-14 9.7775903570e-15
4.8437500000e+02 2.6681510721e-14 1.6891313413e-14 9.7901973084e-15
4.8443603516e+02 2.6680695205e-14 1.6877135546e-14 9.8035596597e-15
4.8449707031e+02 2.6664968774e-14 1.6857221814e-14 9.8077469606e-15
4.8455810547e+02 2.6634732513e-14 1.6835154290e-14 9.7995782227e-15
4.8461914062e+02 2.6604863615e-14 1.6818381878e-14 9.7864817362e-15
4.8468017578e+02 2.6594473061e-14 1.6816540333e-14 9.7779327276e-15
4.8474121094e+02 2.6610456658e-14 1.6835202443e-14 9.7752542151e-15
4.8480224609e+02 2.6641012107e-14 1.6866950618e-14 9.7740614889e-15
4.8486328125e+02 2.6664885910e-14 1.6891528107e-14 9.7733578028e-15
4.8492431641e+02 2.6665635370e-14 1.6890445810e-14 9.7751895606e-15
4.8498535156e+02 2.6637741061e-14 1.6862263399e-14 9.7754776621e-15
4.8504638672e+02 2.6589174594e-14 1.6824606048e-14 9.7645685453e-15
4.8510742188e+02 2.6543964046e-14 1.6803040647e-14 9.7409233985e-15
4.8516845703e+02 2.6530952565e-14 1.6814123634e-14 9.7168289311e-15
4.8522949219e+02 2.6560108134e-14 1.6852794728e-14 9.7073134058e-15
4.8529052734e+02 2.6613821736e-14 1.6896612463e-14 9.7172092734e-15
4.8535156250e+02 2.6663152795e-14 1.6924475501e-14 9.7386772943e-15
4.8541259766e+02 2.6686906637e-14 1.6928027374e-14 9.7588792630e-15
4.8547363281e+02 2.6679104909e-14 1.6908632501e-14 9.7704724072e-15
4.8553466797e+02 2.6650832048e-14 1.6875832531e-14 9.7749995170e-15
4.8559570312e+02 2.6626462893e-14 1.6848788726e-14 9.7776741668e-15
4.8565673828e+02 2.6629003920e-14 1.6846298046e-14 9.7827058739e-15
4.8571777344e+02 2.6663585753e-14 1.6871607545e-14 9.7919782083e-15
4.8577880859e+02 2.6713611585e-14 1.6910466212e-14 9.8031453728e-15
4.8583984375e+02 2.6753070844e-14 1.6942661997e-14 9.8104088465e-15
4.8590087891e+02 2.6765633398e-14 1.6955687891e-14 9.8099455070e-15
4.8596191406e+02 2.6753888208e-14 1.6950537574e-14 9.8033506342e-15
4.8602294922e+02 2.6733824148e-14 1.6937864280e-14 9.7959598681e-15
4.8608398438e+02 2.6722853082e-14 1.6929973658e-14 9.7928794236e-15
4.8614501953e+02 2.6725476767e-14 1.6930744186e-14 9.7947325812e-15
4.8620605469e+02 2.6727540953e-14 1.6931046437e-14 9.7964945159e-15
4.8626708984e+02 2.6712655014e-14 1.6919530909e-14 9.7931241055e-15
4.8632812500e+02 2.6685079634e-14 1.6898005219e-14 9.7870744147e-15
4.8638916016e+02 2.6669031686e-14 1.6881955411e-14 9.7870762755e-15
4.8645019531e+02 2.6681664212e-14 1.6884794513e-14 9.7968696986e-15
4.8651123047e+02 2.6711619420e-14 1.6903341723e-14 9.8082776972e-15
4.8657226562e+02 2.6731779862e-14 1.6921056768e-14 9.8107230933e-15
4.8663330078e+02 2.6729266072e-14 1.6924559058e-14 9.8047070134e-15
4.8669433594e+02 2.6714089228e-14 1.6914538761e-14 9.7995504669e-15
4.8675537109e+02 2.6701946108e-14 1.6900529973e-14 9.8014161350e-15
4.8681640625e+02 2.6698271724e-14 1.6889090176e-14 9.8091815481e-15
4.8687744141e+02 2.6699187314e-14 1.6881447157e-14 9.8177401567e-15
4.8693847656e+02 2.6700309920e-14 1.6878608442e-14 9.8217014783e-15
4.8699951172e+02 2.6701393532e-14 1.6881754881e-14 9.8196386509e-15
4.8706054688e+02 2.6704312124e-14 1.6888607650e-14 9.8157044743e-15
4.8712158203e+02 2.6708433455e-14 1.6893846911e-14 9.8145865443e-15
4.8718261719e+02 2.6710496564e-14 1.6893762533e-14 9.8167340319e-15
4.8724365234e+02 2.6710522389e-14 1.6889872896e-14 9.8206494928e-15
4.8730468750e+02 2.6714521565e-14 1.6888166517e-14 9.8263550479e-15
4.8736572266e+02 2.6729018774e-14 1.6894381103e-14 9.8346376715e-15
4.8742675781e+02 2.6754399191e-14 1.6909311520e-14 9.8450876712e-15
4.8748779297e+02 2.6781714139e-14 1.6927363607e-14 9.8543505317e-15
4.8754882812e+02 2.6795246346e-14 1.6938905147e-14 9.8563411991e-15
4.8760986328e+02 2.6784867402e-14 1.6936201874e-14 9.8486655279e-15
4.8767089844e+02 2.6759365967e-14 1.6920311120e-14 9.8390548469e-15
4.8773193359e+02 2.6739074228e-14 1.6900504035e-14 9.8385701931e-15
4.8779296875e+02 2.6729859985e-14 1.6884029178e-14 9.8458308075e-15
4.8785400391e+02 2.6718318826e-14 1.6872208784e-14 9.8461100416e-15
4.8791503906e+02 2.6700328676e-14 1.6868829098e-14 9.8314995779e-15
4.8797607422e+02 2.6692921450e-14 1.6880536813e-14 9.8123846369e-15
4.8803710938e+02 2.6704372290e-14 1.6902960883e-14 9.8014114068e-15
4.8809814453e+02 2.6714200643e-14 1.6917513941e-14 9.7966867017e-15
4.8815917969e+02 2.6700343253e-14 1.6910728648e-14 9.7896146043e-15
4.8822021484e+02 2.6668229541e-14 1.6888309425e-14 9.7799201154e-15
4.8828125000e+02 2.6638472974e-14 1.6864306396e-14 9.7741665774e-15
4.8834228516e+02 2.6625195679e-14 1.6849346892e-14 9.7758487868e-15
4.8840332031e+02 2.6635332864e-14 1.6852025591e-14 9.7833072725e-15
4.8846435547e+02 2.6668634816e-14 1.6874981363e-14 9.7936534533e-15
4.8852539062e+02 2.6714046940e-14 1.6908697788e-14 9.8053491513e-15
4.8858642578e+02 2.6758797559e-14 1.6940510298e-14 9.8182872610e-15
4.8864746094e+02 2.6796570395e-14 1.6965206872e-14 9.8313635225e-15
4.8870849609e+02 2.6821321650e-14 1.6982229367e-14 9.8390922830e-15
4.8876953125e+02 2.6825631119e-14 1.6991142685e-14 9.8344884342e-15
4.8883056641e+02 2.6810102228e-14 1.6991467410e-14 9.8186348187e-15
4.8889160156e+02 2.6784085227e-14 1.6982457442e-14 9.8016277858e-15
4.8895263672e+02 2.6756011670e-14 1.6965976760e-14 9.7900349097e-15
4.8901367188e+02 2.6729144947e-14 1.6948423016e-14 9.7807219304e-15
4.8907470703e+02 2.6703791786e-14 1.6933836273e-14 9.7699555133e-15
4.8913574219e+02 2.6678849268e-14 1.6918306116e-14 9.7605431516e-15
4.8919677734e+02 2.6653158144e-14 1.6895820946e-14 9.7573371979e-15
4.8925781250e+02 2.6627945430e-14 1.6866612796e-14 9.7613326341e-15
4.8931884766e+02 2.6606871156e-14 1.6837569848e-14 9.7693013077e-15
4.8937988281e+02 2.6593905865e-14 1.6817565890e-14 9.7763399757e-15
4.8944091797e+02 2.6591389910e-14 1.6812371019e-14 9.7790188911e-15
4.8950195312e+02 2.6597831659e-14 1.6820564951e-14 9.7772667082e-15
4.8956298828e+02 2.6610750316e-14 1.6837086687e-14 9.7736636288e-15
4.8962402344e+02 2.6630212527e-14 1.6860122599e-14 9.7700899281e-15
4.8968505859e+02 2.6651795965e-14 1.6885893608e-14 9.7659023572e-15
4.8974609375e+02 2.6665654001e-14 1.6902997336e-14 9.7626566652e-15
4.8980712891e+02 2.6672678784e-14 1.6905781021e-14 9.7668977624e-15
4.8986816406e+02 2.6687893340e-14 1.6906018897e-14 9.7818744430e-15
4.8992919922e+02 2.6718406374e-14 1.6919080598e-14 9.7993257763e-15
4.8999023438e+02 2.6750389695e-14 1.6945328844e-14 9.8050608503e-15
4.9005126953e+02 2.6765975122e-14 1.6973293407e-14 9.7926817155e-15
4.9011230469e+02 2.6762489224e-14 1.6992985300e-14 9.7695039245e-15
4.9017333984e+02 2.6748454717e-14 1.6999108325e-14 9.7493463918e-15
4.9023437500e+02 2.6731087216e-14 1.6989931351e-14 9.7411558653e-15
4.9029541016e+02 2.6712532940e-14 1.6968062743e-14 9.7444701969e-15
4.9035644531e+02 2.6692786668e-14 1.6938329421e-14 9.7544572472e-15
4.9041748047e+02 2.6675792734e-14 1.6908250815e-14 9.7675419186e-15
4.9047851562e+02 2.6671446585e-14 1.6891094411e-14 9.7803521741e-15
4.9053955078e+02 2.6687185048e-14 1.6898651910e-14 9.7885331380e-15
4.9060058594e+02 2.6718674225e-14 1.6928486938e-14 9.7901872868e-15
4.9066162109e+02 2.6749594217e-14 1.6962870981e-14 9.7867232360e-15
4.9072265625e+02 2.6760261653e-14 1.6980865777e-14 9.7793958763e-15
4.9078369141e+02 2.6743250945e-14 1.6974083511e-14 9.7691674336e-15
4.9084472656e+02 2.6713051405e-14 1.6953286065e-14 9.7597653401e-15
4.9090576172e+02 2.6691294709e-14 1.6934134546e-14 9.7571601630e-15
4.9096679688e+02 2.6682311583e-14 1.6918144089e-14 9.7641674934e-15
4.9102783203e+02 2.6674076577e-14 1.6897995192e-14 9.7760813849e-15
4.9108886719e+02 2.6660382653e-14 1.6875634916e-14 9.7847477371e-15
4.9114990234e+02 2.6650272197e-14 1.6862277130e-14 9.7879950674e-15
4.9121093750e+02 2.6655922945e-14 1.6865611638e-14 9.7903113075e-15
4.9127197266e+02 2.6675949924e-14 1.6883498323e-14 9.7924516009e-15
4.9133300781e+02 2.6692713445e-14 1.6905424887e-14 9.7872885576e-15
4.9139404297e+02 2.6691750407e-14 1.6920535301e-14 9.7712151066e-15
4.9145507812e+02 2.6681317424e-14 1.6926431159e-14 9.7548862651e-15
4.9151611328e+02 2.6680041127e-14 1.6925093613e-14 9.7549475146e-15
4.9157714844e+02 2.6689211280e-14 1.6914039255e-14 9.7751720254e-15
4.9163818359e+02 2.6693688700e-14 1.6891714793e-14 9.8019739073e-15
4.9169921875e+02 2.6686796042e-14 1.6867015476e-14 9.8197805660e-15
4.9176025391e+02 2.6678806417e-14 1.6852934405e-14 9.8258720117e-15
4.9182128906e+02 2.6681267953e-14 1.6852310018e-14 9.8289579351e-15
4.9188232422e+02 2.6693668739e-14 1.6856005558e-14 9.8376631803e-15
4.9194335938e+02 2.6708096317e-14 1.6854828561e-14 9.8532677564e-15
4.9200439453e+02 2.6721003259e-14 1.6850549669e-14 9.8704535903e-15
4.9206542969e+02 2.6734434391e-14 1.6853636218e-14 9.8807981732e-15
4.9212646484e+02 2.6747197235e-14 1.6869033907e-14 9.8781633281e-15
4.9218750000e+02 2.6751560472e-14 1.6887127758e-14 9.8644327141e-15
4.9224853516e+02 2.6742038071e-14 1.6894184620e-14 9.8478534510e-15
4.9230957031e+02 2.6726385296e-14 1.6891502817e-14 9.8348824788e-15
4.9237060547e+02 2.6722668194e-14 1.6896446437e-14 9.8262217572e-15
4.9243164062e+02 2.6739444504e-14 1.6919661279e-14 9.8197832256e-15
4.9249267578e+02 2.6764149447e-14 1.6949637007e-14 9.8145124394e-15
4.9255371094e+02 2.6778667799e-14 1.6966996752e-14 9.8116710469e-15
4.9261474609e+02 2.6776594742e-14 1.6964258938e-14 9.8123358041e-15
4.9267578125e+02 2.6758120987e-14 1.6945124210e-14 9.8129967772e-15
4.9273681641e+02 2.6722727606e-14 1.6914877617e-14 9.8078499895e-15
4.9279785156e+02 2.6678250531e-14 1.6880451612e-14 9.7977989187e-15
4.9285888672e+02 2.6647287398e-14 1.6855847307e-14 9.7914400907e-15
4.9291992188e+02 2.6648318110e-14 1.6854845092e-14 9.7934730181e-15
4.9298095703e+02 2.6670966253e-14 1.6873713679e-14 9.7972525749e-15
4.9304199219e+02 2.6686242991e-14 1.6892221603e-14 9.7940213881e-15
4.9310302734e+02 2.6682371008e-14 1.6896830876e-14 9.7855401324e-15
4.9316406250e+02 2.6673774799e-14 1.6892489344e-14 9.7812854547e-15
4.9322509766e+02 2.6675009286e-14 1.6888747562e-14 9.7862617240e-15
4.9328613281e+02 2.6684490077e-14 1.6887641231e-14 9.7968488459e-15
4.9334716797e+02 2.6695281406e-14 1.6888660858e-14 9.8066205481e-15
4.9340820312e+02 2.6704561903e-14 1.6891360153e-14 9.8132017498e-15
4.9346923828e+02 2.6710332193e-14 1.6891695077e-14 9.8186371166e-15
4.9353027344e+02 2.6712556050e-14 1.6888957463e-14 9.8235985879e-15
4.9359130859e+02 2.6716657012e-14 1.6891774964e-14 9.8248820484e-15
4.9365234375e+02 2.6724308767e-14 1.6904860784e-14 9.8194479825e-15
4.9371337891e+02 2.6725188456e-14 1.6917729936e-14 9.8074585204e-15
4.9377441406e+02 2.6709108310e-14 1.6916584614e-14 9.7925236968e-15
4.9383544922e+02 2.6682794216e-14 1.6900926287e-14 9.7818679285e-15
4.9389648438e+02 2.6664867586e-14 1.6882991526e-14 9.7818760594e-15
4.9395751953e+02 2.6664345248e-14 1.6874061949e-14 9.7902832993e-15
4.9401855469e+02 2.6671180708e-14 1.6873147059e-14 9.7980336489e-15
4.9407958984e+02 2.6669968517e-14 1.6869856996e-14 9.8001115203e-15
4.9414062500e+02 2.6658449360e-14 1.6859134008e-14 9.7993153522e-15
4.9420166016e+02 2.6648419814e-14 1.6848689792e-14 9.7997300218e-15
4.9426269531e+02 2.6649119998e-14 1.6847774500e-14 9.8013454980e-15
4.9432373047e+02 2.6657447440e-14 1.6855436827e-14 9.8020106127e-15
4.9438476562e+02 2.6667071979e-14 1.6865650371e-14 9.8014216088e-15
4.9444580078e+02 2.6675075105e-14 1.6874577791e-14 9.8004973145e-15
4.9450683594e+02 2.6676132467e-14 1.6878311606e-14 9.7978208612e-15
4.9456787109e+02 2.6664522858e-14 1.6874117045e-14 9.7904058136e-15
4.9462890625e+02 2.6645603568e-14 1.6866361010e-14 9.7792425574e-15
4.9468994141e+02 2.6632657198e-14 1.6862202744e-14 9.7704544540e-15
4.9475097656e+02 2.6631313577e-14 1.6861356277e-14 9.7699572999e-15
4.9481201172e+02 2.6639778503e-14 1.6859136164e-14 9.7806423397e-15
4.9487304688e+02 2.6660026588e-14 1.6857154184e-14 9.8028724034e-15
4.9493408203e+02 2.6692642065e-14 1.6859856745e-14 9.8327853207e-15
4.9499511719e+02 2.6726911619e-14 1.6864950786e-14 9.8619608330e-15
4.9505615234e+02 2.6749433891e-14 1.6867205013e-14 9.8822288783e-15
4.9511718750e+02 2.6755992402e-14 1.6866093302e-14 9.8898991003e-15
4.9517822266e+02 2.6748959322e-14 1.6864201870e-14 9.8847574529e-15
4.9523925781e+02 2.6732757459e-14 1.6864166063e-14 9.8685913962e-15
4.9530029297e+02 2.6715430972e-14 1.6868575101e-14 9.8468558711e-15
4.9536132812e+02 2.6706177396e-14 1.6877928441e-14 9.8282489542e-15
4.9542236328e+02 2.6710012200e-14 1.6890733737e-14 9.8192784634e-15
4.9548339844e+02 2.6726252542e-14 1.6906954772e-14 9.8192977706e-15
4.9554443359e+02 2.6745041643e-14 1.6924499919e-14 9.8205417243e-15
4.9560546875e+02 2.6746099267e-14 1.6932409680e-14 9.8136895864e-15
4.9566650391e+02 2.6715879874e-14 1.6919384117e-14 9.7964957572e-15
4.9572753906e+02 2.6668086422e-14 1.6891754735e-14 9.7763316876e-15
4.9578857422e+02 2.6631955354e-14 1.6870149724e-14 9.7618056297e-15
4.9584960938e+02 2.6619870076e-14 1.6865413635e-14 9.7544564414e-15
4.9591064453e+02 2.6619812274e-14 1.6869097593e-14 9.7507146811e-15
4.9597167969e+02 2.6616498546e-14 1.6868427405e-14 9.7480711409e-15
4.9603271484e+02 2.6607397958e-14 1.6861173600e-14 9.7462243580e-15
4.9609375000e+02 2.6599561129e-14 1.6853947763e-14 9.7456133657e-15
4.9615478516e+02 2.6599995398e-14 1.6851760926e-14 9.7482344721e-15
4.9621582031e+02 2.6612147969e-14 1.6854627604e-14 9.7575203652e-15
4.9627685547e+02 2.6639358108e-14 1.6863764499e-14 9.7755936091e-15
4.9633789062e+02 2.6683960677e-14 1.6882949590e-14 9.8010110871e-15
4.9639892578e+02 2.6735566148e-14 1.6908189910e-14 9.8273762384e-15
4.9645996094e+02 2.6769099080e-14 1.6924398480e-14 9.8447006002e-15
4.9652099609e+02 2.6766942642e-14 1.6921162834e-14 9.8457798083e-15
4.9658203125e+02 2.6735451644e-14 1.6903924101e-14 9.8315275435e-15
4.9664306641e+02 2.6692988862e-14 1.6883510287e-14 9.8094785745e-15
4.9670410156e+02 2.6653573346e-14 1.6865132805e-14 9.7884405417e-15
4.9676513672e+02 2.6625242003e-14 1.6851197624e-14 9.7740443788e-15
4.9682617188e+02 2.6612388323e-14 1.6844829213e-14 9.7675591100e-15
4.9688720703e+02 2.6613684487e-14 1.6845898172e-14 9.7677863149e-15
4.9694824219e+02 2.6621132327e-14 1.6848121853e-14 9.7730104738e-15
4.9700927734e+02 2.6628462687e-14 1.6847789494e-14 9.7806731935e-15
4.9707031250e+02 2.6639380192e-14 1.6852256396e-14 9.7871237962e-15
4.9713134766e+02 2.6658344573e-14 1.6867713434e-14 9.7906311396e-15
4.9719238281e+02 2.6678180824e-14 1.6884774311e-14 9.7934065131e-15
4.9725341797e+02 2.6687316972e-14 1.6890277705e-14 9.7970392671e-15
4.9731445312e+02 2.6683310577e-14 1.6885124973e-14 9.7981856032e-15
4.9737548828e+02 2.6672618134e-14 1.6878515127e-14 9.7941030067e-15
4.9743652344e+02 2.6661821451e-14 1.6872559892e-14 9.7892615585e-15
4.9749755859e+02 2.6651467706e-14 1.6861847034e-14 9.7896206717e-15
4.9755859375e+02 2.6637789224e-14 1.6844103218e-14 9.7936860054e-15
4.9761962891e+02 2.6621179181e-14 1.6826590399e-14 9.7945887822e-15
4.9768066406e+02 2.6609078559e-14 1.6821468934e-14 9.7876096251e-15
4.9774169922e+02 2.6609867262e-14 1.6835241959e-14 9.7746253026e-15
4.9780273438e+02 2.6627761941e-14 1.6863733457e-14 9.7640284842e-15
4.9786376953e+02 2.6657880202e-14 1.6894434938e-14 9.7634452641e-15
4.9792480469e+02 2.6685101448e-14 1.6913079537e-14 9.7720219112e-15
4.9798583984e+02 2.6699078251e-14 1.6914295399e-14 9.7847828524e-15
4.9804687500e+02 2.6707374707e-14 1.6906545153e-14 9.8008295545e-15
4.9810791016e+02 2.6721523180e-14 1.6903085417e-14 9.8184377626e-15
4.9816894531e+02 2.6737490506e-14 1.6910176617e-14 9.8273138889e-15
4.9822998047e+02 2.6741601044e-14 1.6923660277e-14 9.8179407673e-15
4.9829101562e+02 2.6727572651e-14 1.6932174355e-14 9.7953982966e-15
4.9835205078e+02 2.6699878736e-14 1.6925751607e-14 9.7741271287e-15
4.9841308594e+02 2.6668155506e-14 1.6905400143e-14 9.7627553634e-15
4.9847412109e+02 2.6643880782e-14 1.6882581650e-14 9.7612991320e-15
4.9853515625e+02 2.6636566165e-14 1.6868696072e-14 9.7678700927e-15
4.9859619141e+02 2.6645972242e-14 1.6865972550e-14 9.7799996919e-15
4.9865722656e+02 2.6659350782e-14 1.6866436225e-14 9.7929145568e-15
4.9871826172e+02 2.6662854118e-14 1.6859844852e-14 9.8030092658e-15
4.9877929688e+02 2.6656262892e-14 1.6845672773e-14 9.8105901194e-15
4.9884033203e+02 2.6651499039e-14 1.6835617382e-14 9.8158816565e-15
4.9890136719e+02 2.6657707784e-14 1.6841093946e-14 9.8166138383e-15
4.9896240234e+02 2.6672436540e-14 1.6859941368e-14 9.8124951724e-15
4.9902343750e+02 2.6685934916e-14 1.6878056409e-14 9.8078785070e-15
4.9908447266e+02 2.6691260099e-14 1.6884464333e-14 9.8067957655e-15
4.9914550781e+02 2.6691158045e-14 1.6882708040e-14 9.8084500051e-15
4.9920654297e+02 2.6695051000e-14 1.6884061380e-14 9.8109896203e-15
4.9926757812e+02 2.6707163929e-14 1.6891914580e-14 9.8152493486e-15
4.9932861328e+02 2.6718144306e-14 1.6897276718e-14 9.8208675876e-15
4.9938964844e+02 2.6712409439e-14 1.6888297282e-14 9.8241121570e-15
4.9945068359e+02 2.6686389772e-14 1.6864232925e-14 9.8221568474e-15
4.9951171875e+02 2.6656411366e-14 1.6840717737e-14 9.8156936282e-15
4.9957275391e+02 2.6643488034e-14 1.6836340960e-14 9.8071470733e-15
4.9963378906e+02 2.6651033488e-14 1.6852870518e-14 9.7981629693e-15
4.9969482422e+02 2.6663438101e-14 1.6874568317e-14 9.7888697839e-15
4.9975585938e+02 2.6665986188e-14 1.6886010201e-14 9.7799759866e-15
4.9981689453e+02 2.6657247086e-14 1.6883538696e-14 9.7737083894e-15
4.9987792969e+02 2.6642188619e-14 1.6871746219e-14 9.7704424003e-15
4.9993896484e+02 2.6626594751e-14 1.6858324212e-14 9.7682705386e-15
5.0000000000e+02 2.6619517884e-14 1.6852310490e-14 9.7672073931e-15
