# freq_THz  G_total  G_Ga  G_S
# MD-derived velocity power spectrum. Common normalization: integral(G_total) = 3*primitive_atoms.
# mass_weighted=True; primitive_atoms=4; block_duration_ps=16.38400000; df_THz=0.06103516; total_equals_sum_of_partials=True
0.0000000000e+00 0.0000000000e+00 0.0000000000e+00 0.0000000000e+00
6.1035156250e-02 1.2580550949e-01 8.6136418095e-02 3.9669091398e-02
1.2207031250e-01 1.6327526698e-01 1.1181059338e-01 5.1464673594e-02
1.8310546875e-01 1.1657952631e-01 7.9829460726e-02 3.6750065581e-02
2.4414062500e-01 1.2754800728e-01 8.7382204968e-02 4.0165802317e-02
3.0517578125e-01 1.2232530156e-01 8.3866738600e-02 3.8458562960e-02
3.6621093750e-01 1.8528764603e-01 1.2712640897e-01 5.8161237059e-02
4.2724609375e-01 2.2301783972e-01 1.5310262365e-01 6.9915216070e-02
4.8828125000e-01 1.7537836444e-01 1.2052411935e-01 5.4854245089e-02
5.4931640625e-01 3.1169005324e-01 2.1428688905e-01 9.7403164192e-02
6.1035156250e-01 2.5396335106e-01 1.7467304917e-01 7.9290301888e-02
6.7138671875e-01 1.7849410893e-01 1.2307894620e-01 5.5415162731e-02
7.3242187500e-01 2.1009634480e-01 1.4486402812e-01 6.5232316681e-02
7.9345703125e-01 2.2815359349e-01 1.5726928638e-01 7.0884307108e-02
8.5449218750e-01 2.6396651496e-01 1.8234115589e-01 8.1625359073e-02
9.1552734375e-01 2.6419829315e-01 1.8256933024e-01 8.1628962915e-02
9.7656250000e-01 2.1014448694e-01 1.4563194763e-01 6.4512539304e-02
1.0375976562e+00 2.6100447867e-01 1.8129454630e-01 7.9709932373e-02
1.0986328125e+00 3.3714601578e-01 2.3400482907e-01 1.0314118670e-01
1.1596679688e+00 3.1781441329e-01 2.2095868152e-01 9.6855731767e-02
1.2207031250e+00 2.9451782469e-01 2.0548699221e-01 8.9030832478e-02
1.2817382812e+00 3.4270193663e-01 2.3911235725e-01 1.0358957938e-01
1.3427734375e+00 3.5695995329e-01 2.4888735358e-01 1.0807259971e-01
1.4038085938e+00 3.6973900657e-01 2.5859495281e-01 1.1114405375e-01
1.4648437500e+00 3.9455139109e-01 2.7465657875e-01 1.1989481234e-01
1.5258789062e+00 4.5691399344e-01 3.1607072717e-01 1.4084326627e-01
1.5869140625e+00 5.4873997468e-01 3.7712190442e-01 1.7161807026e-01
1.6479492188e+00 5.5296721996e-01 3.8086998319e-01 1.7209723677e-01
1.7089843750e+00 5.7896397980e-01 3.9980189899e-01 1.7916208082e-01
1.7700195312e+00 5.2013810863e-01 3.5687738869e-01 1.6326071993e-01
1.8310546875e+00 5.7260648607e-01 3.9512429740e-01 1.7748218867e-01
1.8920898438e+00 5.7026694821e-01 3.9554170790e-01 1.7472524031e-01
1.9531250000e+00 5.9312212958e-01 4.1287321808e-01 1.8024891151e-01
2.0141601562e+00 5.9623272540e-01 4.1106675678e-01 1.8516596862e-01
2.0751953125e+00 6.6925838877e-01 4.6672509891e-01 2.0253328986e-01
2.1362304688e+00 7.1524089101e-01 5.0312533454e-01 2.1211555647e-01
2.1972656250e+00 7.0572024009e-01 4.9433110807e-01 2.1138913202e-01
2.2583007812e+00 7.0142698960e-01 4.9387003594e-01 2.0755695366e-01
2.3193359375e+00 8.1239462863e-01 5.7566863386e-01 2.3672599477e-01
2.3803710938e+00 8.6884608417e-01 6.1323570650e-01 2.5561037767e-01
2.4414062500e+00 7.9304357097e-01 5.6106947275e-01 2.3197409821e-01
2.5024414062e+00 8.2452116559e-01 5.9353307045e-01 2.3098809514e-01
2.5634765625e+00 8.5998181101e-01 6.1784335448e-01 2.4213845653e-01
2.6245117188e+00 1.0014417078e+00 7.1947232686e-01 2.8196938096e-01
2.6855468750e+00 1.0360965502e+00 7.4873167787e-01 2.8736487235e-01
2.7465820312e+00 9.7448982812e-01 7.1217639996e-01 2.6231342816e-01
2.8076171875e+00 1.1064980394e+00 8.1405969072e-01 2.9243834873e-01
2.8686523438e+00 1.2956018775e+00 9.5668394878e-01 3.3891792872e-01
2.9296875000e+00 1.3852238784e+00 1.0372528422e+00 3.4797103624e-01
2.9907226562e+00 1.5833652396e+00 1.2116494958e+00 3.7171574376e-01
3.0517578125e+00 1.9554689678e+00 1.5095779894e+00 4.4589097836e-01
3.1127929688e+00 1.7996476016e+00 1.3710510665e+00 4.2859653509e-01
3.1738281250e+00 1.2296687617e+00 9.2288647801e-01 3.0678228366e-01
3.2348632812e+00 1.0025736827e+00 7.1186385670e-01 2.9070982602e-01
3.2958984375e+00 1.0393969863e+00 7.1940559159e-01 3.1999139475e-01
3.3569335938e+00 1.1179619465e+00 7.6698019364e-01 3.5098175286e-01
3.4179687500e+00 1.1654970898e+00 7.9582866701e-01 3.6966842278e-01
3.4790039062e+00 1.3795808606e+00 9.3700109388e-01 4.4257976670e-01
3.5400390625e+00 1.5908755695e+00 1.0713359273e+00 5.1953964227e-01
3.6010742188e+00 1.7852231845e+00 1.1876359037e+00 5.9758728086e-01
3.6621093750e+00 2.3371188772e+00 1.5240684428e+00 8.1305043441e-01
3.7231445312e+00 3.1062586122e+00 2.0010656246e+00 1.1051929876e+00
3.7841796875e+00 2.9404281668e+00 1.9263281559e+00 1.0141000108e+00
3.8452148438e+00 2.0402061732e+00 1.3545510966e+00 6.8565507661e-01
3.9062500000e+00 1.5497997939e+00 1.0262322879e+00 5.2356750598e-01
3.9672851562e+00 1.5377074185e+00 1.0176858958e+00 5.2002152267e-01
4.0283203125e+00 1.6678689715e+00 1.1062336216e+00 5.6163534990e-01
4.0893554688e+00 1.7554677742e+00 1.1657331509e+00 5.8973462330e-01
4.1503906250e+00 1.8061725062e+00 1.2005982432e+00 6.0557426298e-01
4.2114257812e+00 1.6849845343e+00 1.1214455924e+00 5.6353894191e-01
4.2724609375e+00 1.5931917675e+00 1.0685347450e+00 5.2465702254e-01
4.3334960938e+00 1.6325776350e+00 1.1064688396e+00 5.2610879539e-01
4.3945312500e+00 1.5442939425e+00 1.0519102273e+00 4.9238371516e-01
4.4555664062e+00 1.5371277862e+00 1.0422202745e+00 4.9490751164e-01
4.5166015625e+00 1.7770738818e+00 1.1876188696e+00 5.8945501226e-01
4.5776367188e+00 1.9182745124e+00 1.2747594565e+00 6.4351505593e-01
4.6386718750e+00 1.7622309896e+00 1.1946931508e+00 5.6753783879e-01
4.6997070312e+00 1.5817261462e+00 1.1038033910e+00 4.7792275516e-01
4.7607421875e+00 1.4928456889e+00 1.0678273059e+00 4.2501838300e-01
4.8217773438e+00 1.4413040901e+00 1.0497091220e+00 3.9159496816e-01
4.8828125000e+00 1.4594566957e+00 1.0689180147e+00 3.9053868103e-01
4.9438476562e+00 1.4988495021e+00 1.0993531356e+00 3.9949636650e-01
5.0048828125e+00 1.5603920711e+00 1.1471224546e+00 4.1326961652e-01
5.0659179688e+00 1.6537424530e+00 1.2068494713e+00 4.4689298163e-01
5.1269531250e+00 1.8275958469e+00 1.3059369098e+00 5.2165893708e-01
5.1879882812e+00 2.0557641045e+00 1.4302906680e+00 6.2547343657e-01
5.2490234375e+00 1.9854895190e+00 1.3739090645e+00 6.1158045451e-01
5.3100585938e+00 1.5681856424e+00 1.1163525175e+00 4.5183312493e-01
5.3710937500e+00 1.2134876551e+00 8.9210446771e-01 3.2138318741e-01
5.4321289062e+00 9.7403929903e-01 7.2770580325e-01 2.4633349578e-01
5.4931640625e+00 7.9932632394e-01 5.9917114859e-01 2.0015517535e-01
5.5541992188e+00 6.3604487799e-01 4.7569355812e-01 1.6035131988e-01
5.6152343750e+00 4.8481524343e-01 3.5857578262e-01 1.2623946080e-01
5.6762695312e+00 4.1247012082e-01 3.0176038324e-01 1.1070973758e-01
5.7373046875e+00 3.5832106275e-01 2.6071026838e-01 9.7610794365e-02
5.7983398438e+00 3.0943134218e-01 2.2394224437e-01 8.5489097806e-02
5.8593750000e+00 2.5427013625e-01 1.8229226205e-01 7.1977874203e-02
5.9204101562e+00 1.8223441551e-01 1.2773293475e-01 5.4501480757e-02
5.9814453125e+00 1.3823648534e-01 9.4100810206e-02 4.4135675130e-02
6.0424804688e+00 1.1709223142e-01 7.8066396010e-02 3.9025835411e-02
6.1035156250e+00 1.0336748167e-01 6.7256085383e-02 3.6111396288e-02
6.1645507812e+00 9.1504244767e-02 5.7623472970e-02 3.3880771797e-02
6.2255859375e+00 8.3194839580e-02 5.1274151795e-02 3.1920687785e-02
6.2866210938e+00 7.7569334098e-02 4.6392873178e-02 3.1176460920e-02
6.3476562500e+00 7.4005029608e-02 4.3014498111e-02 3.0990531496e-02
6.4086914062e+00 7.1275102925e-02 4.0441624900e-02 3.0833478025e-02
6.4697265625e+00 6.8033942287e-02 3.7544321921e-02 3.0489620366e-02
6.5307617188e+00 6.5411040300e-02 3.5012085582e-02 3.0398954718e-02
6.5917968750e+00 6.3447894435e-02 3.2867480840e-02 3.0580413595e-02
6.6528320312e+00 6.2490953361e-02 3.1678902773e-02 3.0812050589e-02
6.7138671875e+00 6.1581716972e-02 3.0367950777e-02 3.1213766195e-02
6.7749023438e+00 6.1516467691e-02 2.9497532709e-02 3.2018934983e-02
6.8359375000e+00 6.2247977013e-02 2.8870834163e-02 3.3377142850e-02
6.8969726562e+00 6.2285051509e-02 2.8161935743e-02 3.4123115766e-02
6.9580078125e+00 6.1931782512e-02 2.7154647060e-02 3.4777135452e-02
7.0190429688e+00 6.3826256871e-02 2.7214560283e-02 3.6611696588e-02
7.0800781250e+00 6.5487232209e-02 2.7203275209e-02 3.8283957000e-02
7.1411132812e+00 6.7528168019e-02 2.7285583066e-02 4.0242584953e-02
7.2021484375e+00 7.0167524772e-02 2.7597595826e-02 4.2569928946e-02
7.2631835938e+00 7.2287905529e-02 2.7838592410e-02 4.4449313119e-02
7.3242187500e+00 7.6577135191e-02 2.8664260892e-02 4.7912874299e-02
7.3852539062e+00 8.2162595641e-02 2.9857059570e-02 5.2305536071e-02
7.4462890625e+00 8.8196426528e-02 3.1397215683e-02 5.6799210845e-02
7.5073242188e+00 9.3404424837e-02 3.2404482787e-02 6.0999942050e-02
7.5683593750e+00 9.8064179239e-02 3.3501953234e-02 6.4562226005e-02
7.6293945312e+00 1.0588533515e-01 3.5861004293e-02 7.0024330858e-02
7.6904296875e+00 1.1381883680e-01 3.8168943603e-02 7.5649893200e-02
7.7514648438e+00 1.2401124653e-01 4.0916361710e-02 8.3094884818e-02
7.8125000000e+00 1.3748571762e-01 4.5260637812e-02 9.2225079803e-02
7.8735351562e+00 1.5275136320e-01 5.0305110741e-02 1.0244625246e-01
7.9345703125e+00 1.7118823514e-01 5.6547137096e-02 1.1464109805e-01
7.9956054688e+00 1.9905065380e-01 6.6271199775e-02 1.3277945402e-01
8.0566406250e+00 2.3263015773e-01 7.8286170287e-02 1.5434398745e-01
8.1176757812e+00 2.7930238718e-01 9.4567493727e-02 1.8473489346e-01
8.1787109375e+00 3.4429517831e-01 1.1825250408e-01 2.2604267422e-01
8.2397460938e+00 4.3406616254e-01 1.5192766219e-01 2.8213850035e-01
8.3007812500e+00 5.6574062653e-01 2.0084941055e-01 3.6489121598e-01
8.3618164062e+00 7.6603077938e-01 2.7745609782e-01 4.8857468156e-01
8.4228515625e+00 1.1009091836e+00 4.0731950408e-01 6.9358967956e-01
8.4838867188e+00 1.6205041910e+00 6.1287882429e-01 1.0076253667e+00
8.5449218750e+00 2.3864099953e+00 9.2164245715e-01 1.4647675382e+00
8.6059570312e+00 3.0479132853e+00 1.1870961450e+00 1.8608171403e+00
8.6669921875e+00 3.1568083603e+00 1.2377828649e+00 1.9190254954e+00
8.7280273438e+00 2.8738512810e+00 1.1401967450e+00 1.7336545360e+00
8.7890625000e+00 2.5919096559e+00 1.0559904313e+00 1.5359192247e+00
8.8500976562e+00 2.3552103285e+00 9.9072811656e-01 1.3644822119e+00
8.9111328125e+00 1.9978023125e+00 8.4604577027e-01 1.1517565423e+00
8.9721679688e+00 1.6528313467e+00 6.9740275377e-01 9.5542859296e-01
9.0332031250e+00 1.3192687234e+00 5.4483936584e-01 7.7442935759e-01
9.0942382812e+00 1.0273752859e+00 4.0794416611e-01 6.1943111980e-01
9.1552734375e+00 8.2347754519e-01 3.1514170002e-01 5.0833584517e-01
9.2163085938e+00 6.7197467721e-01 2.5248398782e-01 4.1949068939e-01
9.2773437500e+00 5.3434164139e-01 1.9898585590e-01 3.3535578549e-01
9.3383789062e+00 4.3620213408e-01 1.6177599754e-01 2.7442613654e-01
9.3994140625e+00 3.5819450566e-01 1.3127258316e-01 2.2692192250e-01
9.4604492188e+00 2.9933744225e-01 1.0694728730e-01 1.9239015495e-01
9.5214843750e+00 2.6529915288e-01 9.1953248544e-02 1.7334590434e-01
9.5825195312e+00 2.4310912557e-01 8.0726870127e-02 1.6238225545e-01
9.6435546875e+00 2.3652423209e-01 7.4733541353e-02 1.6179069073e-01
9.7045898438e+00 2.3433524862e-01 6.8884061440e-02 1.6545118718e-01
9.7656250000e+00 2.4019234333e-01 6.5994214184e-02 1.7419812914e-01
9.8266601562e+00 2.6054734447e-01 6.5769660334e-02 1.9477768414e-01
9.8876953125e+00 3.0373115422e-01 6.9362032246e-02 2.3436912197e-01
9.9487304688e+00 3.8425685592e-01 7.8756359024e-02 3.0550049690e-01
1.0009765625e+01 4.9262718999e-01 9.2676021312e-02 3.9995116868e-01
1.0070800781e+01 6.1445080176e-01 1.1043510566e-01 5.0401569610e-01
1.0131835938e+01 7.0264690125e-01 1.2583418883e-01 5.7681271242e-01
1.0192871094e+01 7.6854153109e-01 1.3959858135e-01 6.2894294974e-01
1.0253906250e+01 8.5449424416e-01 1.5736790944e-01 6.9712633472e-01
1.0314941406e+01 9.1133523224e-01 1.7126037006e-01 7.4007486218e-01
1.0375976562e+01 9.8260144632e-01 1.8879724749e-01 7.9380419883e-01
1.0437011719e+01 1.0743077856e+00 2.0817055755e-01 8.6613722802e-01
1.0498046875e+01 1.1401963181e+00 2.2627854247e-01 9.1391777565e-01
1.0559082031e+01 1.2218928009e+00 2.4610072004e-01 9.7579208084e-01
1.0620117188e+01 1.3317313830e+00 2.7018336678e-01 1.0615480162e+00
1.0681152344e+01 1.4657697152e+00 3.0546415228e-01 1.1603055629e+00
1.0742187500e+01 1.6147252885e+00 3.4949590295e-01 1.2652293856e+00
1.0803222656e+01 1.8151944865e+00 4.0571775761e-01 1.4094767289e+00
1.0864257812e+01 2.0536705594e+00 4.6120937542e-01 1.5924611840e+00
1.0925292969e+01 2.4210832527e+00 5.4006741874e-01 1.8810158340e+00
1.0986328125e+01 2.6687049225e+00 5.9659570481e-01 2.0721092176e+00
1.1047363281e+01 2.6311838416e+00 6.1064773590e-01 2.0205361057e+00
1.1108398438e+01 2.5198718438e+00 6.1889076601e-01 1.9009810778e+00
1.1169433594e+01 2.6331748774e+00 6.8138906517e-01 1.9517858122e+00
1.1230468750e+01 2.8507849732e+00 7.6195150545e-01 2.0888334678e+00
1.1291503906e+01 3.0561747962e+00 8.3175695788e-01 2.2244178383e+00
1.1352539062e+01 3.0054705887e+00 8.3106627213e-01 2.1744043165e+00
1.1413574219e+01 2.8034088540e+00 7.9178994343e-01 2.0116189105e+00
1.1474609375e+01 2.5169871154e+00 7.2577273972e-01 1.7912143757e+00
1.1535644531e+01 2.2869158225e+00 6.7320766880e-01 1.6137081537e+00
1.1596679688e+01 2.1260335572e+00 6.3821814246e-01 1.4878154147e+00
1.1657714844e+01 2.0188007154e+00 6.1704341625e-01 1.4017572991e+00
1.1718750000e+01 1.9025157544e+00 5.9089372812e-01 1.3116220263e+00
1.1779785156e+01 1.7046843990e+00 5.3689129132e-01 1.1677931077e+00
1.1840820312e+01 1.4340913001e+00 4.5883767685e-01 9.7525362322e-01
1.1901855469e+01 1.1556893088e+00 3.7646961604e-01 7.7921969273e-01
1.1962890625e+01 1.0122893954e+00 3.3572965898e-01 6.7655973637e-01
1.2023925781e+01 9.1331913799e-01 3.0783865309e-01 6.0548048490e-01
1.2084960938e+01 8.3396429766e-01 2.8479539759e-01 5.4916890007e-01
1.2145996094e+01 6.9746586827e-01 2.4033959135e-01 4.5712627692e-01
1.2207031250e+01 5.0871096188e-01 1.7544900067e-01 3.3326196121e-01
1.2268066406e+01 3.3365343869e-01 1.1431229909e-01 2.1934113960e-01
1.2329101562e+01 2.2324952434e-01 7.5943365185e-02 1.4730615915e-01
1.2390136719e+01 1.6708355771e-01 5.6604541805e-02 1.1047901590e-01
1.2451171875e+01 1.3527141246e-01 4.5975692727e-02 8.9295719732e-02
1.2512207031e+01 1.1368569014e-01 3.8805173007e-02 7.4880517135e-02
1.2573242188e+01 9.8018706772e-02 3.3584961947e-02 6.4433744825e-02
1.2634277344e+01 8.6280583554e-02 2.9698685587e-02 5.6581897967e-02
1.2695312500e+01 7.7322526362e-02 2.6796845687e-02 5.0525680675e-02
1.2756347656e+01 7.0260708064e-02 2.4560103420e-02 4.5700604644e-02
1.2817382812e+01 6.3984427571e-02 2.2528261637e-02 4.1456165934e-02
1.2878417969e+01 5.8682768756e-02 2.0865921886e-02 3.7816846869e-02
1.2939453125e+01 5.4748986291e-02 1.9535493833e-02 3.5213492458e-02
1.3000488281e+01 5.1185406000e-02 1.8387750318e-02 3.2797655682e-02
1.3061523438e+01 4.8073311634e-02 1.7418283581e-02 3.0655028053e-02
1.3122558594e+01 4.5157582104e-02 1.6472685054e-02 2.8684897051e-02
1.3183593750e+01 4.2164188375e-02 1.5533627616e-02 2.6630560759e-02
1.3244628906e+01 3.9956448207e-02 1.4786409157e-02 2.5170039050e-02
1.3305664062e+01 3.7951368057e-02 1.4088452145e-02 2.3862915911e-02
1.3366699219e+01 3.6153337529e-02 1.3535982695e-02 2.2617354834e-02
1.3427734375e+01 3.4541068820e-02 1.3060289535e-02 2.1480779285e-02
1.3488769531e+01 3.2808452550e-02 1.2513288087e-02 2.0295164464e-02
1.3549804688e+01 3.1301422552e-02 1.1943950293e-02 1.9357472259e-02
1.3610839844e+01 3.0064174734e-02 1.1554893567e-02 1.8509281167e-02
1.3671875000e+01 2.9003039582e-02 1.1206497212e-02 1.7796542370e-02
1.3732910156e+01 2.8059885102e-02 1.0891978682e-02 1.7167906419e-02
1.3793945312e+01 2.6956475871e-02 1.0543200833e-02 1.6413275037e-02
1.3854980469e+01 2.6089169641e-02 1.0195065474e-02 1.5894104166e-02
1.3916015625e+01 2.5356197416e-02 1.0015949488e-02 1.5340247929e-02
1.3977050781e+01 2.4601066777e-02 9.8056733838e-03 1.4795393393e-02
1.4038085938e+01 2.3776109785e-02 9.5164604902e-03 1.4259649295e-02
1.4099121094e+01 2.2909923129e-02 9.1978463067e-03 1.3712076822e-02
1.4160156250e+01 2.1923152562e-02 8.8655749218e-03 1.3057577640e-02
1.4221191406e+01 2.1174404459e-02 8.6492158346e-03 1.2525188625e-02
1.4282226562e+01 2.0568665232e-02 8.4488699207e-03 1.2119795311e-02
1.4343261719e+01 1.9979878355e-02 8.2404457659e-03 1.1739432589e-02
1.4404296875e+01 1.9347707034e-02 8.0407382202e-03 1.1306968814e-02
1.4465332031e+01 1.9005890381e-02 7.9377164894e-03 1.1068173892e-02
1.4526367188e+01 1.8534165004e-02 7.7529946469e-03 1.0781170357e-02
1.4587402344e+01 1.8034022202e-02 7.5701132447e-03 1.0463908958e-02
1.4648437500e+01 1.7544573749e-02 7.3673597902e-03 1.0177213959e-02
1.4709472656e+01 1.7234433089e-02 7.2484665314e-03 9.9859665578e-03
1.4770507812e+01 1.6890786906e-02 7.1497732346e-03 9.7410136712e-03
1.4831542969e+01 1.6591934017e-02 7.0476336010e-03 9.5443004164e-03
1.4892578125e+01 1.6401005172e-02 6.9422222851e-03 9.4587828871e-03
1.4953613281e+01 1.6130757031e-02 6.8276613951e-03 9.3030956361e-03
1.5014648438e+01 1.5921139917e-02 6.7431593067e-03 9.1779806100e-03
1.5075683594e+01 1.5772460283e-02 6.6758891379e-03 9.0965711454e-03
1.5136718750e+01 1.5549328506e-02 6.5471594444e-03 9.0021690613e-03
1.5197753906e+01 1.5300756657e-02 6.4568908422e-03 8.8438658151e-03
1.5258789062e+01 1.5014337941e-02 6.3767837858e-03 8.6375541553e-03
1.5319824219e+01 1.4728710209e-02 6.2603289403e-03 8.4683812688e-03
1.5380859375e+01 1.4449037502e-02 6.1082869693e-03 8.3407505328e-03
1.5441894531e+01 1.4092590940e-02 6.0000294453e-03 8.0925614946e-03
1.5502929688e+01 1.3932124873e-02 5.9653389386e-03 7.9667859348e-03
1.5563964844e+01 1.3461765214e-02 5.7888530976e-03 7.6729121160e-03
1.5625000000e+01 1.3126299338e-02 5.6640284738e-03 7.4622708640e-03
1.5686035156e+01 1.2693453321e-02 5.4857744576e-03 7.2076788638e-03
1.5747070312e+01 1.2242133629e-02 5.3278490180e-03 6.9142846115e-03
1.5808105469e+01 1.1841147971e-02 5.1946178953e-03 6.6465300755e-03
1.5869140625e+01 1.1464717985e-02 5.0475422463e-03 6.4171757382e-03
1.5930175781e+01 1.1119200967e-02 4.8920702073e-03 6.2271307593e-03
1.5991210938e+01 1.0622253637e-02 4.6826436615e-03 5.9396099753e-03
1.6052246094e+01 1.0249796842e-02 4.5231967415e-03 5.7266001000e-03
1.6113281250e+01 9.8809139886e-03 4.3760623531e-03 5.5048516354e-03
1.6174316406e+01 9.5777230104e-03 4.2563727764e-03 5.3213502340e-03
1.6235351562e+01 9.2327576518e-03 4.1163327440e-03 5.1164249078e-03
1.6296386719e+01 8.8484461939e-03 3.9658959851e-03 4.8825502088e-03
1.6357421875e+01 8.5059601570e-03 3.8080289513e-03 4.6979312057e-03
1.6418457031e+01 8.1044971092e-03 3.6191683960e-03 4.4853287132e-03
1.6479492188e+01 7.8866426674e-03 3.5290730233e-03 4.3575696441e-03
1.6540527344e+01 7.6364896689e-03 3.4204490340e-03 4.2160406349e-03
1.6601562500e+01 7.2669907187e-03 3.2432111547e-03 4.0237795640e-03
1.6662597656e+01 7.0722678941e-03 3.1428948385e-03 3.9293730556e-03
1.6723632812e+01 6.9604414047e-03 3.0982239490e-03 3.8622174557e-03
1.6784667969e+01 6.8379778888e-03 3.0287092015e-03 3.8092686873e-03
1.6845703125e+01 6.7824978620e-03 2.9853686620e-03 3.7971291999e-03
1.6906738281e+01 6.8165592571e-03 2.9834400494e-03 3.8331192076e-03
1.6967773438e+01 6.8849572619e-03 2.9891706502e-03 3.8957866116e-03
1.7028808594e+01 7.0387670065e-03 3.0148992245e-03 4.0238677820e-03
1.7089843750e+01 7.2650495403e-03 3.0530517053e-03 4.2119978351e-03
1.7150878906e+01 7.4566259113e-03 3.0769463207e-03 4.3796795906e-03
1.7211914062e+01 7.7916863416e-03 3.1976345128e-03 4.5940518287e-03
1.7272949219e+01 7.9931779278e-03 3.2589868180e-03 4.7341911098e-03
1.7333984375e+01 8.0267328280e-03 3.2733616890e-03 4.7533711390e-03
1.7395019531e+01 7.9257594927e-03 3.2336188997e-03 4.6921405930e-03
1.7456054688e+01 7.7451250905e-03 3.1875047788e-03 4.5576203118e-03
1.7517089844e+01 7.5876725360e-03 3.1539885494e-03 4.4336839866e-03
1.7578125000e+01 7.2931622342e-03 3.0701417020e-03 4.2230205322e-03
1.7639160156e+01 6.9063558656e-03 2.9402084988e-03 3.9661473667e-03
1.7700195312e+01 6.5329541179e-03 2.8177752229e-03 3.7151788949e-03
1.7761230469e+01 6.1852727935e-03 2.7038363210e-03 3.4814364725e-03
1.7822265625e+01 5.8177988063e-03 2.5859950923e-03 3.2318037140e-03
1.7883300781e+01 5.5586173717e-03 2.4968469395e-03 3.0617704322e-03
1.7944335938e+01 5.3695865522e-03 2.4332903832e-03 2.9362961690e-03
1.8005371094e+01 5.1489716905e-03 2.3609904662e-03 2.7879812243e-03
1.8066406250e+01 4.9930926680e-03 2.2980223414e-03 2.6950703266e-03
1.8127441406e+01 4.8694326800e-03 2.2473216687e-03 2.6221110113e-03
1.8188476562e+01 4.7929189672e-03 2.2147501009e-03 2.5781688663e-03
1.8249511719e+01 4.7736121892e-03 2.1998531931e-03 2.5737589960e-03
1.8310546875e+01 4.7839809926e-03 2.1910136993e-03 2.5929672933e-03
1.8371582031e+01 4.8532744340e-03 2.1921440162e-03 2.6611304178e-03
1.8432617188e+01 4.9735608727e-03 2.2141078252e-03 2.7594530475e-03
1.8493652344e+01 5.1429972230e-03 2.2366186119e-03 2.9063786111e-03
1.8554687500e+01 5.3965904395e-03 2.2860067245e-03 3.1105837149e-03
1.8615722656e+01 5.6704674003e-03 2.3416613022e-03 3.3288060982e-03
1.8676757812e+01 5.9572192503e-03 2.3945344974e-03 3.5626847529e-03
1.8737792969e+01 6.3154018351e-03 2.4681463815e-03 3.8472554537e-03
1.8798828125e+01 6.6901707409e-03 2.5666379111e-03 4.1235328298e-03
1.8859863281e+01 6.9627268290e-03 2.5906590458e-03 4.3720677832e-03
1.8920898438e+01 7.3463080100e-03 2.6708425345e-03 4.6754654755e-03
1.8981933594e+01 7.7107544548e-03 2.7551398000e-03 4.9556146548e-03
1.9042968750e+01 8.0395568029e-03 2.8252057346e-03 5.2143510682e-03
1.9104003906e+01 8.3676333050e-03 2.8965517485e-03 5.4710815565e-03
1.9165039062e+01 8.8504867466e-03 2.9965124389e-03 5.8539743077e-03
1.9226074219e+01 9.1973663503e-03 3.0543445001e-03 6.1430218502e-03
1.9287109375e+01 9.5903475045e-03 3.1479360796e-03 6.4424114249e-03
1.9348144531e+01 1.0199175541e-02 3.2860952165e-03 6.9130803247e-03
1.9409179688e+01 1.0780125027e-02 3.4158636809e-03 7.3642613465e-03
1.9470214844e+01 1.1188491444e-02 3.5012270517e-03 7.6872643925e-03
1.9531250000e+01 1.1743874424e-02 3.6155175084e-03 8.1283569154e-03
1.9592285156e+01 1.2284644769e-02 3.7363374678e-03 8.5483073014e-03
1.9653320312e+01 1.2642961253e-02 3.8087347237e-03 8.8342265297e-03
1.9714355469e+01 1.2882948947e-02 3.8572336864e-03 9.0257152611e-03
1.9775390625e+01 1.3128842581e-02 3.8908763569e-03 9.2379662240e-03
1.9836425781e+01 1.3353145864e-02 3.9254734774e-03 9.4276723870e-03
1.9897460938e+01 1.3576915080e-02 3.9732038368e-03 9.6037112434e-03
1.9958496094e+01 1.3473523019e-02 3.9282989772e-03 9.5452240421e-03
2.0019531250e+01 1.3318145951e-02 3.8728846963e-03 9.4452612552e-03
2.0080566406e+01 1.3079607598e-02 3.7774856232e-03 9.3021219744e-03
2.0141601562e+01 1.2753853017e-02 3.6794025973e-03 9.0744504197e-03
2.0202636719e+01 1.2235250377e-02 3.5426755869e-03 8.6925747905e-03
2.0263671875e+01 1.1702408248e-02 3.4041072362e-03 8.2983010119e-03
2.0324707031e+01 1.1262070747e-02 3.2900040032e-03 7.9720667434e-03
2.0385742188e+01 1.0651229562e-02 3.1329956291e-03 7.5182339327e-03
2.0446777344e+01 9.9858015912e-03 2.9638163081e-03 7.0219852831e-03
2.0507812500e+01 9.3939600288e-03 2.8077309206e-03 6.5862291082e-03
2.0568847656e+01 8.7805157264e-03 2.6501581918e-03 6.1303575345e-03
2.0629882812e+01 8.2511681711e-03 2.5214532045e-03 5.7297149666e-03
2.0690917969e+01 7.7242832427e-03 2.3892245393e-03 5.3350587034e-03
2.0751953125e+01 7.1286765435e-03 2.2519532999e-03 4.8767232435e-03
2.0812988281e+01 6.6632551066e-03 2.1456243329e-03 4.5176307737e-03
2.0874023438e+01 6.1285859331e-03 2.0209484551e-03 4.1076374780e-03
2.0935058594e+01 5.6987372771e-03 1.9144102142e-03 3.7843270629e-03
2.0996093750e+01 5.3742684666e-03 1.8334030282e-03 3.5408654385e-03
2.1057128906e+01 5.1326589686e-03 1.7854196090e-03 3.3472393596e-03
2.1118164062e+01 4.9073368772e-03 1.7330402545e-03 3.1742966227e-03
2.1179199219e+01 4.7100258590e-03 1.6906046410e-03 3.0194212180e-03
2.1240234375e+01 4.5769644667e-03 1.6631180217e-03 2.9138464450e-03
2.1301269531e+01 4.5274722935e-03 1.6540993128e-03 2.8733729807e-03
2.1362304688e+01 4.4550923208e-03 1.6334471566e-03 2.8216451642e-03
2.1423339844e+01 4.4342134182e-03 1.6228548307e-03 2.8113585875e-03
2.1484375000e+01 4.4604152515e-03 1.6279012341e-03 2.8325140173e-03
2.1545410156e+01 4.4730168837e-03 1.6277471484e-03 2.8452697353e-03
2.1606445312e+01 4.5259954428e-03 1.6369744286e-03 2.8890210143e-03
2.1667480469e+01 4.6080134040e-03 1.6602713546e-03 2.9477420494e-03
2.1728515625e+01 4.6343544367e-03 1.6609992814e-03 2.9733551553e-03
2.1789550781e+01 4.7215284063e-03 1.6769312845e-03 3.0445971217e-03
2.1850585938e+01 4.7881158679e-03 1.6877509521e-03 3.1003649157e-03
2.1911621094e+01 4.8437954593e-03 1.6941524882e-03 3.1496429711e-03
2.1972656250e+01 4.9151583113e-03 1.7097584931e-03 3.2053998182e-03
2.2033691406e+01 4.9862633846e-03 1.7264628083e-03 3.2598005764e-03
2.2094726562e+01 5.0462219047e-03 1.7426837430e-03 3.3035381618e-03
2.2155761719e+01 5.1004147731e-03 1.7504393270e-03 3.3499754460e-03
2.2216796875e+01 5.1700879702e-03 1.7645903937e-03 3.4054975765e-03
2.2277832031e+01 5.1813309546e-03 1.7605801602e-03 3.4207507944e-03
2.2338867188e+01 5.1976840198e-03 1.7657154101e-03 3.4319686097e-03
2.2399902344e+01 5.2254929809e-03 1.7717522322e-03 3.4537407487e-03
2.2460937500e+01 5.2000218517e-03 1.7550353345e-03 3.4449865172e-03
2.2521972656e+01 5.1326893087e-03 1.7249258122e-03 3.4077634965e-03
2.2583007812e+01 5.0538875218e-03 1.6935056241e-03 3.3603818977e-03
2.2644042969e+01 4.9849217499e-03 1.6736674277e-03 3.3112543222e-03
2.2705078125e+01 4.9223118521e-03 1.6525640980e-03 3.2697477541e-03
2.2766113281e+01 4.7797866152e-03 1.6050964561e-03 3.1746901591e-03
2.2827148438e+01 4.5893282199e-03 1.5483293723e-03 3.0409988476e-03
2.2888183594e+01 4.4493473916e-03 1.5046371851e-03 2.9447102065e-03
2.2949218750e+01 4.3300586564e-03 1.4708127459e-03 2.8592459105e-03
2.3010253906e+01 4.1403103085e-03 1.4187023937e-03 2.7216079149e-03
2.3071289062e+01 3.9518968758e-03 1.3629324087e-03 2.5889644671e-03
2.3132324219e+01 3.7880865934e-03 1.3185425336e-03 2.4695440598e-03
2.3193359375e+01 3.5622644745e-03 1.2522699832e-03 2.3099944912e-03
2.3254394531e+01 3.3309832133e-03 1.1817996310e-03 2.1491835822e-03
2.3315429688e+01 3.1182459259e-03 1.1164833531e-03 2.0017625728e-03
2.3376464844e+01 2.9026565163e-03 1.0583216559e-03 1.8443348604e-03
2.3437500000e+01 2.7146673969e-03 9.9913914828e-04 1.7155282487e-03
2.3498535156e+01 2.5102488713e-03 9.3764738712e-04 1.5726014841e-03
2.3559570312e+01 2.3256258755e-03 8.8590723651e-04 1.4397186390e-03
2.3620605469e+01 2.1683252841e-03 8.4497625722e-04 1.3233490268e-03
2.3681640625e+01 1.9853098073e-03 7.8599476623e-04 1.1993150411e-03
2.3742675781e+01 1.8546929471e-03 7.5268419497e-04 1.1020087521e-03
2.3803710938e+01 1.7144215263e-03 7.1043681618e-04 1.0039847101e-03
2.3864746094e+01 1.5815268462e-03 6.6802440673e-04 9.1350243944e-04
2.3925781250e+01 1.4725125775e-03 6.3644440415e-04 8.3606817336e-04
2.3986816406e+01 1.3797117891e-03 6.0824315308e-04 7.7146863598e-04
2.4047851562e+01 1.2898625956e-03 5.7946578696e-04 7.1039680865e-04
2.4108886719e+01 1.1995524630e-03 5.4901559197e-04 6.5053687099e-04
2.4169921875e+01 1.1430868625e-03 5.3422376651e-04 6.0886309600e-04
2.4230957031e+01 1.0781650432e-03 5.1338826152e-04 5.6477678169e-04
2.4291992188e+01 1.0264715271e-03 4.9856335993e-04 5.2790816715e-04
2.4353027344e+01 9.8066116688e-04 4.8185768487e-04 4.9880348201e-04
2.4414062500e+01 9.4102828474e-04 4.6768124460e-04 4.7334704015e-04
2.4475097656e+01 9.0480246588e-04 4.5633597921e-04 4.4846648667e-04
2.4536132812e+01 8.7402174551e-04 4.4677019485e-04 4.2725155066e-04
2.4597167969e+01 8.4716986305e-04 4.3609193251e-04 4.1107793054e-04
2.4658203125e+01 8.1974584967e-04 4.2268833776e-04 3.9705751191e-04
2.4719238281e+01 7.9178583110e-04 4.1148915401e-04 3.8029667709e-04
2.4780273438e+01 7.6784528165e-04 4.0043576151e-04 3.6740952015e-04
2.4841308594e+01 7.5083815029e-04 3.9333702032e-04 3.5750112996e-04
2.4902343750e+01 7.2953396891e-04 3.8260086885e-04 3.4693310005e-04
2.4963378906e+01 7.0804238699e-04 3.7077813562e-04 3.3726425137e-04
2.5024414062e+01 6.8917486771e-04 3.6270181587e-04 3.2647305184e-04
2.5085449219e+01 6.7152073687e-04 3.5500455996e-04 3.1651617691e-04
2.5146484375e+01 6.4833729697e-04 3.4330471667e-04 3.0503258031e-04
2.5207519531e+01 6.2740159739e-04 3.3186789503e-04 2.9553370236e-04
2.5268554688e+01 6.1241445808e-04 3.2423086376e-04 2.8818359432e-04
2.5329589844e+01 5.9726299367e-04 3.1773957301e-04 2.7952342066e-04
2.5390625000e+01 5.8599367914e-04 3.1326109533e-04 2.7273258381e-04
2.5451660156e+01 5.7786472879e-04 3.0934318556e-04 2.6852154323e-04
2.5512695312e+01 5.5496140034e-04 2.9548708744e-04 2.5947431290e-04
2.5573730469e+01 5.4285978924e-04 2.9018681081e-04 2.5267297842e-04
2.5634765625e+01 5.3021461881e-04 2.8328037633e-04 2.4693424247e-04
2.5695800781e+01 5.1660840404e-04 2.7574621243e-04 2.4086219161e-04
2.5756835938e+01 5.0623338561e-04 2.6983192830e-04 2.3640145731e-04
2.5817871094e+01 4.9723594209e-04 2.6541816183e-04 2.3181778026e-04
2.5878906250e+01 4.8479558497e-04 2.5956598760e-04 2.2522959738e-04
2.5939941406e+01 4.7311178143e-04 2.5377985277e-04 2.1933192866e-04
2.6000976562e+01 4.6366518349e-04 2.4728601898e-04 2.1637916451e-04
2.6062011719e+01 4.5280970491e-04 2.4211251601e-04 2.1069718890e-04
2.6123046875e+01 4.4304057694e-04 2.3789319411e-04 2.0514738284e-04
2.6184082031e+01 4.3134071234e-04 2.3111710644e-04 2.0022360590e-04
2.6245117188e+01 4.2602631036e-04 2.3028448953e-04 1.9574182083e-04
2.6306152344e+01 4.1591763085e-04 2.2320207088e-04 1.9271555997e-04
2.6367187500e+01 4.0463295201e-04 2.1672309169e-04 1.8790986032e-04
2.6428222656e+01 3.9509806962e-04 2.1159349667e-04 1.8350457295e-04
2.6489257812e+01 3.8462476790e-04 2.0634292228e-04 1.7828184562e-04
2.6550292969e+01 3.7706878161e-04 2.0188796397e-04 1.7518081764e-04
2.6611328125e+01 3.7224155035e-04 1.9980149186e-04 1.7244005850e-04
2.6672363281e+01 3.6534536373e-04 1.9592214913e-04 1.6942321460e-04
2.6733398438e+01 3.5751979517e-04 1.9187455245e-04 1.6564524272e-04
2.6794433594e+01 3.4915073974e-04 1.8691063939e-04 1.6224010035e-04
2.6855468750e+01 3.3969963296e-04 1.7995591722e-04 1.5974371575e-04
2.6916503906e+01 3.3670489527e-04 1.7795306122e-04 1.5875183406e-04
2.6977539062e+01 3.3469099678e-04 1.7630757073e-04 1.5838342605e-04
2.7038574219e+01 3.2675434741e-04 1.7083101778e-04 1.5592332963e-04
2.7099609375e+01 3.2220658837e-04 1.6781606915e-04 1.5439051923e-04
2.7160644531e+01 3.2107522512e-04 1.6671224802e-04 1.5436297711e-04
2.7221679688e+01 3.1750930089e-04 1.6309282358e-04 1.5441647731e-04
2.7282714844e+01 3.1481708414e-04 1.6042064163e-04 1.5439644251e-04
2.7343750000e+01 3.0953691183e-04 1.5643688740e-04 1.5310002443e-04
2.7404785156e+01 3.0587562914e-04 1.5295761500e-04 1.5291801414e-04
2.7465820312e+01 3.0468487695e-04 1.5138471517e-04 1.5330016179e-04
2.7526855469e+01 3.0384389156e-04 1.5017067523e-04 1.5367321634e-04
2.7587890625e+01 2.9979564259e-04 1.4617079986e-04 1.5362484273e-04
2.7648925781e+01 3.0088770155e-04 1.4572850254e-04 1.5515919901e-04
2.7709960938e+01 3.0243531885e-04 1.4591418584e-04 1.5652113301e-04
2.7770996094e+01 3.0130530088e-04 1.4363247568e-04 1.5767282520e-04
2.7832031250e+01 2.9901363233e-04 1.4088010514e-04 1.5813352719e-04
2.7893066406e+01 2.9955188639e-04 1.4000326389e-04 1.5954862250e-04
2.7954101562e+01 3.0041445074e-04 1.3880883560e-04 1.6160561514e-04
2.8015136719e+01 3.0071924206e-04 1.3766495925e-04 1.6305428281e-04
2.8076171875e+01 3.0162710849e-04 1.3672437869e-04 1.6490272980e-04
2.8137207031e+01 3.0210547129e-04 1.3565197485e-04 1.6645349645e-04
2.8198242188e+01 2.9911355316e-04 1.3409322289e-04 1.6502033027e-04
2.8259277344e+01 2.9601219416e-04 1.3147884363e-04 1.6453335052e-04
2.8320312500e+01 2.9533491900e-04 1.2973328374e-04 1.6560163526e-04
2.8381347656e+01 2.9615725703e-04 1.2913302681e-04 1.6702423022e-04
2.8442382812e+01 2.9352488131e-04 1.2718492901e-04 1.6633995230e-04
2.8503417969e+01 2.8944870163e-04 1.2542513273e-04 1.6402356890e-04
2.8564453125e+01 2.9015458311e-04 1.2562181553e-04 1.6453276758e-04
2.8625488281e+01 2.8764583847e-04 1.2442732070e-04 1.6321851777e-04
2.8686523438e+01 2.8075355015e-04 1.2029016950e-04 1.6046338065e-04
2.8747558594e+01 2.7544293868e-04 1.1790066433e-04 1.5754227436e-04
2.8808593750e+01 2.7180936252e-04 1.1653965141e-04 1.5526971110e-04
2.8869628906e+01 2.6671880553e-04 1.1479611579e-04 1.5192268974e-04
2.8930664062e+01 2.5938975068e-04 1.1182130811e-04 1.4756844257e-04
2.8991699219e+01 2.5538843999e-04 1.1012934005e-04 1.4525909994e-04
2.9052734375e+01 2.4972118300e-04 1.0806514514e-04 1.4165603786e-04
2.9113769531e+01 2.4287347971e-04 1.0514139582e-04 1.3773208389e-04
2.9174804688e+01 2.3749799371e-04 1.0346399513e-04 1.3403399858e-04
2.9235839844e+01 2.3222964290e-04 1.0169370166e-04 1.3053594124e-04
2.9296875000e+01 2.2667309346e-04 9.9170396289e-05 1.2750269717e-04
2.9357910156e+01 2.2046650188e-04 9.6791870543e-05 1.2367463134e-04
2.9418945312e+01 2.1488521178e-04 9.4973683588e-05 1.1991152819e-04
2.9479980469e+01 2.0924525114e-04 9.3089194342e-05 1.1615605680e-04
2.9541015625e+01 2.0454532623e-04 9.1052321231e-05 1.1349300500e-04
2.9602050781e+01 2.0034840211e-04 8.9486143952e-05 1.1086225816e-04
2.9663085938e+01 1.9597203437e-04 8.7409309486e-05 1.0856272488e-04
2.9724121094e+01 1.9431438394e-04 8.6788144116e-05 1.0752623983e-04
2.9785156250e+01 1.9069456576e-04 8.4970560095e-05 1.0572400566e-04
2.9846191406e+01 1.8957305485e-04 8.4852441170e-05 1.0472061368e-04
2.9907226562e+01 1.8845364964e-04 8.3631745972e-05 1.0482190367e-04
2.9968261719e+01 1.8735046746e-04 8.2846940642e-05 1.0450352682e-04
3.0029296875e+01 1.8570657242e-04 8.1978076669e-05 1.0372849575e-04
3.0090332031e+01 1.8533692979e-04 8.1338587560e-05 1.0399834223e-04
3.0151367188e+01 1.8470333873e-04 8.0480357454e-05 1.0422298128e-04
3.0212402344e+01 1.8589153088e-04 8.0314567764e-05 1.0557696312e-04
3.0273437500e+01 1.8578561116e-04 7.9481520048e-05 1.0630409112e-04
3.0334472656e+01 1.8485563597e-04 7.8546421505e-05 1.0630921447e-04
3.0395507812e+01 1.8615670364e-04 7.8841233212e-05 1.0731547043e-04
3.0456542969e+01 1.8582566260e-04 7.7914104146e-05 1.0791155846e-04
3.0517578125e+01 1.8525644816e-04 7.6870413835e-05 1.0838603433e-04
3.0578613281e+01 1.8770603211e-04 7.7019052006e-05 1.1068698010e-04
3.0639648438e+01 1.8855014486e-04 7.6748631167e-05 1.1180151369e-04
3.0700683594e+01 1.8892171214e-04 7.6475416709e-05 1.1244629544e-04
3.0761718750e+01 1.8823882040e-04 7.5344224638e-05 1.1289459576e-04
3.0822753906e+01 1.8788220715e-04 7.4742388421e-05 1.1313981873e-04
3.0883789062e+01 1.8696842536e-04 7.3764211951e-05 1.1320421341e-04
3.0944824219e+01 1.8680754651e-04 7.3162135597e-05 1.1364541091e-04
3.1005859375e+01 1.8714428177e-04 7.3003401806e-05 1.1414087996e-04
3.1066894531e+01 1.8608173066e-04 7.1637376864e-05 1.1444435380e-04
3.1127929688e+01 1.8405539533e-04 7.0461241959e-05 1.1359415337e-04
3.1188964844e+01 1.8238235511e-04 6.9633880609e-05 1.1274847450e-04
3.1250000000e+01 1.8203068621e-04 6.8875838997e-05 1.1315484722e-04
3.1311035156e+01 1.8084198390e-04 6.8528027837e-05 1.1231395606e-04
3.1372070312e+01 1.7783080280e-04 6.7028496489e-05 1.1080230631e-04
3.1433105469e+01 1.7699255687e-04 6.6397396746e-05 1.1059516013e-04
3.1494140625e+01 1.7499546437e-04 6.5323577867e-05 1.0967188651e-04
3.1555175781e+01 1.7105906976e-04 6.3627531773e-05 1.0743153798e-04
3.1616210938e+01 1.6961863284e-04 6.2764119562e-05 1.0685451328e-04
3.1677246094e+01 1.6541396433e-04 6.1351599242e-05 1.0406236508e-04
3.1738281250e+01 1.6199727272e-04 5.9931436333e-05 1.0206583639e-04
3.1799316406e+01 1.5984631073e-04 5.8898569792e-05 1.0094774094e-04
3.1860351562e+01 1.5831225705e-04 5.8257866523e-05 1.0005439053e-04
3.1921386719e+01 1.5348057040e-04 5.6577758284e-05 9.6902812113e-05
3.1982421875e+01 1.4986556600e-04 5.5166017643e-05 9.4699548355e-05
3.2043457031e+01 1.4823394944e-04 5.4523137592e-05 9.3710811846e-05
3.2104492188e+01 1.4453970289e-04 5.3069788183e-05 9.1469914711e-05
3.2165527344e+01 1.4110651838e-04 5.1835717047e-05 8.9270801331e-05
3.2226562500e+01 1.3826564649e-04 5.0793654566e-05 8.7471991929e-05
3.2287597656e+01 1.3565150786e-04 4.9608197126e-05 8.6043310738e-05
3.2348632812e+01 1.3384790489e-04 4.8698740661e-05 8.5149164229e-05
3.2409667969e+01 1.3094381935e-04 4.7346839538e-05 8.3596979812e-05
3.2470703125e+01 1.2970305435e-04 4.6743738342e-05 8.2959316006e-05
3.2531738281e+01 1.2755931780e-04 4.5784325681e-05 8.1774992122e-05
3.2592773438e+01 1.2583631496e-04 4.4812050084e-05 8.1024264873e-05
3.2653808594e+01 1.2482095652e-04 4.4142180551e-05 8.0678775967e-05
3.2714843750e+01 1.2493501762e-04 4.4114014818e-05 8.0821002797e-05
3.2775878906e+01 1.2413654485e-04 4.3761139188e-05 8.0375405660e-05
3.2836914062e+01 1.2272855974e-04 4.2931551077e-05 7.9797008666e-05
3.2897949219e+01 1.2107649333e-04 4.2150660207e-05 7.8925833128e-05
3.2958984375e+01 1.2197496576e-04 4.2318215085e-05 7.9656750677e-05
3.3020019531e+01 1.2207338974e-04 4.2188261151e-05 7.9885128588e-05
3.3081054688e+01 1.2279794756e-04 4.2062159266e-05 8.0735788296e-05
3.3142089844e+01 1.2354883239e-04 4.1972601365e-05 8.1576231023e-05
3.3203125000e+01 1.2266220825e-04 4.1513806707e-05 8.1148401540e-05
3.3264160156e+01 1.2279934631e-04 4.1308617245e-05 8.1490729065e-05
3.3325195312e+01 1.2405751557e-04 4.1303147604e-05 8.2754367964e-05
3.3386230469e+01 1.2595397445e-04 4.1832679811e-05 8.4121294637e-05
3.3447265625e+01 1.2569658866e-04 4.1641741717e-05 8.4054846938e-05
3.3508300781e+01 1.2654196724e-04 4.1655135979e-05 8.4886831259e-05
3.3569335938e+01 1.2645742933e-04 4.1285656085e-05 8.5171773247e-05
3.3630371094e+01 1.2689762785e-04 4.1382532924e-05 8.5515094922e-05
3.3691406250e+01 1.2720273474e-04 4.1497400151e-05 8.5705334592e-05
3.3752441406e+01 1.2731677299e-04 4.1383374467e-05 8.5933398522e-05
3.3813476562e+01 1.2775550911e-04 4.1223975950e-05 8.6531533164e-05
3.3874511719e+01 1.2740432663e-04 4.1076516058e-05 8.6327810569e-05
3.3935546875e+01 1.2721542328e-04 4.0945061978e-05 8.6270361301e-05
3.3996582031e+01 1.2721367554e-04 4.0735374753e-05 8.6478300791e-05
3.4057617188e+01 1.2734875405e-04 4.0594446829e-05 8.6754307220e-05
3.4118652344e+01 1.2766020253e-04 4.0653038745e-05 8.7007163780e-05
3.4179687500e+01 1.2590045960e-04 4.0102088068e-05 8.5798371531e-05
3.4240722656e+01 1.2454769416e-04 3.9621156543e-05 8.4926537619e-05
3.4301757812e+01 1.2147986989e-04 3.8603321687e-05 8.2876548202e-05
3.4362792969e+01 1.2051189297e-04 3.8324037707e-05 8.2187855266e-05
3.4423828125e+01 1.2046103360e-04 3.8342372660e-05 8.2118660945e-05
3.4484863281e+01 1.1861267212e-04 3.7765980431e-05 8.0846691686e-05
3.4545898438e+01 1.1718300667e-04 3.7394646825e-05 7.9788359841e-05
3.4606933594e+01 1.1461696117e-04 3.6551607590e-05 7.8065353579e-05
3.4667968750e+01 1.1204323601e-04 3.5788291375e-05 7.6254944631e-05
3.4729003906e+01 1.0919546123e-04 3.5015060659e-05 7.4180400566e-05
3.4790039062e+01 1.0773388110e-04 3.4747334811e-05 7.2986546289e-05
3.4851074219e+01 1.0475591555e-04 3.3763345853e-05 7.0992569698e-05
3.4912109375e+01 1.0284069653e-04 3.3127052292e-05 6.9713644234e-05
3.4973144531e+01 9.9797328231e-05 3.2186082297e-05 6.7611245935e-05
3.5034179688e+01 9.6770898620e-05 3.1341326738e-05 6.5429571882e-05
3.5095214844e+01 9.4276472738e-05 3.0609063414e-05 6.3667409324e-05
3.5156250000e+01 9.1932909928e-05 2.9916811179e-05 6.2016098748e-05
3.5217285156e+01 8.9084685427e-05 2.9233208213e-05 5.9851477214e-05
3.5278320312e+01 8.7250339905e-05 2.8670256012e-05 5.8580083893e-05
3.5339355469e+01 8.4123852068e-05 2.7686307892e-05 5.6437544176e-05
3.5400390625e+01 8.1297556100e-05 2.6894716986e-05 5.4402839114e-05
3.5461425781e+01 7.8874099517e-05 2.6257869150e-05 5.2616230366e-05
3.5522460938e+01 7.6552480531e-05 2.5579180714e-05 5.0973299817e-05
3.5583496094e+01 7.4809318623e-05 2.5110947211e-05 4.9698371412e-05
3.5644531250e+01 7.2939623570e-05 2.4501510107e-05 4.8438113463e-05
3.5705566406e+01 7.0353949314e-05 2.3777234866e-05 4.6576714448e-05
3.5766601562e+01 6.8508475499e-05 2.3202106772e-05 4.5306368728e-05
3.5827636719e+01 6.6925052993e-05 2.2776900669e-05 4.4148152324e-05
3.5888671875e+01 6.5134351884e-05 2.2231254420e-05 4.2903097464e-05
3.5949707031e+01 6.3467968742e-05 2.1635067626e-05 4.1832901116e-05
3.6010742188e+01 6.1656307409e-05 2.1139426367e-05 4.0516881041e-05
3.6071777344e+01 6.0053620322e-05 2.0690340955e-05 3.9363279367e-05
3.6132812500e+01 5.9057901631e-05 2.0380999863e-05 3.8676901768e-05
3.6193847656e+01 5.7205028898e-05 1.9799566083e-05 3.7405462815e-05
3.6254882812e+01 5.5929878808e-05 1.9424081415e-05 3.6505797393e-05
3.6315917969e+01 5.4619293704e-05 1.9002411791e-05 3.5616881913e-05
3.6376953125e+01 5.3566400944e-05 1.8700085086e-05 3.4866315858e-05
3.6437988281e+01 5.2412753820e-05 1.8235337160e-05 3.4177416660e-05
3.6499023438e+01 5.1513356733e-05 1.7907702898e-05 3.3605653836e-05
3.6560058594e+01 5.0786466885e-05 1.7791875709e-05 3.2994591175e-05
3.6621093750e+01 4.9319852355e-05 1.7306878597e-05 3.2012973758e-05
3.6682128906e+01 4.8232962789e-05 1.6919940020e-05 3.1313022769e-05
3.6743164062e+01 4.7575970896e-05 1.6726083748e-05 3.0849887148e-05
3.6804199219e+01 4.7219930898e-05 1.6618404757e-05 3.0601526141e-05
3.6865234375e+01 4.6293848131e-05 1.6323648569e-05 2.9970199562e-05
3.6926269531e+01 4.5679773117e-05 1.6195677473e-05 2.9484095644e-05
3.6987304688e+01 4.5240260014e-05 1.6015862468e-05 2.9224397546e-05
3.7048339844e+01 4.4248871458e-05 1.5680631971e-05 2.8568239486e-05
3.7109375000e+01 4.3630871280e-05 1.5478168646e-05 2.8152702634e-05
3.7170410156e+01 4.3098818556e-05 1.5274044418e-05 2.7824774137e-05
3.7231445312e+01 4.2677095363e-05 1.5112376706e-05 2.7564718657e-05
3.7292480469e+01 4.2155905194e-05 1.4894969747e-05 2.7260935447e-05
3.7353515625e+01 4.1696822321e-05 1.4682500227e-05 2.7014322094e-05
3.7414550781e+01 4.1272340614e-05 1.4596749946e-05 2.6675590668e-05
3.7475585938e+01 4.0875423054e-05 1.4488543215e-05 2.6386879839e-05
3.7536621094e+01 4.0327671206e-05 1.4262780039e-05 2.6064891166e-05
3.7597656250e+01 3.9821000426e-05 1.4103608639e-05 2.5717391788e-05
3.7658691406e+01 3.9383276152e-05 1.3938895003e-05 2.5444381149e-05
3.7719726562e+01 3.8839612072e-05 1.3723960597e-05 2.5115651476e-05
3.7780761719e+01 3.8388030168e-05 1.3583048208e-05 2.4804981960e-05
3.7841796875e+01 3.8031610641e-05 1.3483278859e-05 2.4548331783e-05
3.7902832031e+01 3.8029184978e-05 1.3507962205e-05 2.4521222773e-05
3.7963867188e+01 3.7407381582e-05 1.3286243647e-05 2.4121137935e-05
3.8024902344e+01 3.6910703898e-05 1.3087026526e-05 2.3823677372e-05
3.8085937500e+01 3.6367360567e-05 1.2886877527e-05 2.3480483040e-05
3.8146972656e+01 3.5951788301e-05 1.2758054142e-05 2.3193734159e-05
3.8208007812e+01 3.5556993265e-05 1.2608395193e-05 2.2948598072e-05
3.8269042969e+01 3.5320099715e-05 1.2512809643e-05 2.2807290072e-05
3.8330078125e+01 3.4860692250e-05 1.2367937261e-05 2.2492754989e-05
3.8391113281e+01 3.4755014875e-05 1.2370214673e-05 2.2384800202e-05
3.8452148438e+01 3.4298933892e-05 1.2253346165e-05 2.2045587727e-05
3.8513183594e+01 3.4003323663e-05 1.2130890903e-05 2.1872432761e-05
3.8574218750e+01 3.3461719689e-05 1.1913443465e-05 2.1548276224e-05
3.8635253906e+01 3.3213132851e-05 1.1826622997e-05 2.1386509853e-05
3.8696289062e+01 3.2914753882e-05 1.1749571789e-05 2.1165182093e-05
3.8757324219e+01 3.2603955736e-05 1.1671459960e-05 2.0932495776e-05
3.8818359375e+01 3.2254013314e-05 1.1512221050e-05 2.0741792265e-05
3.8879394531e+01 3.2032287426e-05 1.1382866025e-05 2.0649421401e-05
3.8940429688e+01 3.1605017217e-05 1.1263188019e-05 2.0341829198e-05
3.9001464844e+01 3.1283147432e-05 1.1192635460e-05 2.0090511972e-05
3.9062500000e+01 3.1051471757e-05 1.1101601121e-05 1.9949870637e-05
3.9123535156e+01 3.0600519378e-05 1.0953593169e-05 1.9646926209e-05
3.9184570312e+01 3.0344026129e-05 1.0867156873e-05 1.9476869256e-05
3.9245605469e+01 3.0025146140e-05 1.0751026296e-05 1.9274119844e-05
3.9306640625e+01 2.9686311490e-05 1.0599770577e-05 1.9086540913e-05
3.9367675781e+01 2.9345854717e-05 1.0463503777e-05 1.8882350940e-05
3.9428710938e+01 2.9150132972e-05 1.0390844070e-05 1.8759288902e-05
3.9489746094e+01 2.9006868789e-05 1.0346473674e-05 1.8660395115e-05
3.9550781250e+01 2.8719498693e-05 1.0229792415e-05 1.8489706278e-05
3.9611816406e+01 2.8253205415e-05 1.0031978601e-05 1.8221226814e-05
3.9672851562e+01 2.7843036700e-05 9.9231815847e-06 1.7919855115e-05
3.9733886719e+01 2.7629369430e-05 9.8697349366e-06 1.7759634493e-05
3.9794921875e+01 2.7279027060e-05 9.7627630984e-06 1.7516263962e-05
3.9855957031e+01 2.6859283046e-05 9.6140985573e-06 1.7245184489e-05
3.9916992188e+01 2.6341009044e-05 9.4599058024e-06 1.6881103242e-05
3.9978027344e+01 2.6232424436e-05 9.3932251706e-06 1.6839199265e-05
4.0039062500e+01 2.6123260729e-05 9.3054331415e-06 1.6817827587e-05
4.0100097656e+01 2.6009671471e-05 9.2803148931e-06 1.6729356578e-05
4.0161132812e+01 2.5624918077e-05 9.1658404739e-06 1.6459077603e-05
4.0222167969e+01 2.5267952094e-05 9.0254988864e-06 1.6242453207e-05
4.0283203125e+01 2.4910672820e-05 8.8831687071e-06 1.6027504113e-05
4.0344238281e+01 2.4742950244e-05 8.8498598260e-06 1.5893090418e-05
4.0405273438e+01 2.4448757207e-05 8.7411884882e-06 1.5707568718e-05
4.0466308594e+01 2.4200747438e-05 8.6571801429e-06 1.5543567295e-05
4.0527343750e+01 2.3766465223e-05 8.5078965313e-06 1.5258568692e-05
4.0588378906e+01 2.3506917269e-05 8.3946804221e-06 1.5112236847e-05
4.0649414062e+01 2.3322793218e-05 8.3084414992e-06 1.5014351719e-05
4.0710449219e+01 2.3134004126e-05 8.2608711583e-06 1.4873132968e-05
4.0771484375e+01 2.2755575169e-05 8.1547096902e-06 1.4600865479e-05
4.0832519531e+01 2.2752632035e-05 8.1377927800e-06 1.4614839255e-05
4.0893554688e+01 2.2649038855e-05 8.1052944107e-06 1.4543744444e-05
4.0954589844e+01 2.2422566551e-05 8.0208696446e-06 1.4401696906e-05
4.1015625000e+01 2.2191769785e-05 7.9275008568e-06 1.4264268928e-05
4.1076660156e+01 2.1972154883e-05 7.8449595801e-06 1.4127195303e-05
4.1137695312e+01 2.1727837550e-05 7.7705523928e-06 1.3957285157e-05
4.1198730469e+01 2.1657005665e-05 7.7445290055e-06 1.3912476660e-05
4.1259765625e+01 2.1473544395e-05 7.6982639162e-06 1.3775280479e-05
4.1320800781e+01 2.1211078135e-05 7.5969607275e-06 1.3614117408e-05
4.1381835938e+01 2.1177846723e-05 7.5598044357e-06 1.3618042288e-05
4.1442871094e+01 2.1319894074e-05 7.5988065493e-06 1.3721087525e-05
4.1503906250e+01 2.1372575081e-05 7.6135015136e-06 1.3759073568e-05
4.1564941406e+01 2.1184760110e-05 7.5372952928e-06 1.3647464817e-05
4.1625976562e+01 2.1018613351e-05 7.4490147495e-06 1.3569598602e-05
4.1687011719e+01 2.0845312091e-05 7.3466808183e-06 1.3498631273e-05
4.1748046875e+01 2.0548625206e-05 7.2568846822e-06 1.3291740524e-05
4.1809082031e+01 2.0538127429e-05 7.2527191805e-06 1.3285408248e-05
4.1870117188e+01 2.0466078739e-05 7.2184248371e-06 1.3247653902e-05
4.1931152344e+01 2.0258727230e-05 7.1325520874e-06 1.3126175142e-05
4.1992187500e+01 2.0190242303e-05 7.1224415284e-06 1.3067800774e-05
4.2053222656e+01 2.0181223203e-05 7.0885009565e-06 1.3092722246e-05
4.2114257812e+01 2.0070588428e-05 7.0518778933e-06 1.3018710535e-05
4.2175292969e+01 2.0106598442e-05 7.0443062874e-06 1.3062292155e-05
4.2236328125e+01 2.0090833410e-05 6.9918195998e-06 1.3099013810e-05
4.2297363281e+01 1.9820713606e-05 6.8680190919e-06 1.2952694514e-05
4.2358398438e+01 1.9664887127e-05 6.8142892435e-06 1.2850597883e-05
4.2419433594e+01 1.9487365587e-05 6.7668600537e-06 1.2720505533e-05
4.2480468750e+01 1.9474394369e-05 6.7436342989e-06 1.2730760071e-05
4.2541503906e+01 1.9522011919e-05 6.7609380731e-06 1.2761073846e-05
4.2602539062e+01 1.9326586476e-05 6.6788488480e-06 1.2647737628e-05
4.2663574219e+01 1.9230655084e-05 6.5898765912e-06 1.2640778493e-05
4.2724609375e+01 1.9141376073e-05 6.5337805983e-06 1.2607595475e-05
4.2785644531e+01 1.9067455564e-05 6.5324943859e-06 1.2534961178e-05
4.2846679688e+01 1.8870745298e-05 6.4876477029e-06 1.2383097595e-05
4.2907714844e+01 1.8663470577e-05 6.3874389855e-06 1.2276031592e-05
4.2968750000e+01 1.8717884373e-05 6.3719226685e-06 1.2345961705e-05
4.3029785156e+01 1.8494697764e-05 6.3160233030e-06 1.2178674461e-05
4.3090820312e+01 1.8379069548e-05 6.2609499881e-06 1.2118119560e-05
4.3151855469e+01 1.8196627010e-05 6.1657852003e-06 1.2030841809e-05
4.3212890625e+01 1.7975268466e-05 6.0858330399e-06 1.1889435426e-05
4.3273925781e+01 1.7803290451e-05 6.0250953188e-06 1.1778195133e-05
4.3334960938e+01 1.7630258103e-05 5.9533256560e-06 1.1676932447e-05
4.3395996094e+01 1.7452612975e-05 5.8746296674e-06 1.1577983307e-05
4.3457031250e+01 1.7207130901e-05 5.8068435783e-06 1.1400287322e-05
4.3518066406e+01 1.7156070453e-05 5.7670122955e-06 1.1389058157e-05
4.3579101562e+01 1.6987006348e-05 5.7023165083e-06 1.1284689840e-05
4.3640136719e+01 1.6921321292e-05 5.6631378257e-06 1.1258183467e-05
4.3701171875e+01 1.6678384265e-05 5.5690895938e-06 1.1109294671e-05
4.3762207031e+01 1.6537499294e-05 5.5307115938e-06 1.1006787700e-05
4.3823242188e+01 1.6214450116e-05 5.4100428841e-06 1.0804407232e-05
4.3884277344e+01 1.6282666848e-05 5.4251386433e-06 1.0857528205e-05
4.3945312500e+01 1.6151739727e-05 5.3588850534e-06 1.0792854673e-05
4.4006347656e+01 1.5924897102e-05 5.2676349882e-06 1.0657262114e-05
4.4067382812e+01 1.5697286452e-05 5.1937179196e-06 1.0503568532e-05
4.4128417969e+01 1.5516343577e-05 5.1151604824e-06 1.0401183094e-05
4.4189453125e+01 1.5330426682e-05 5.0292713329e-06 1.0301155349e-05
4.4250488281e+01 1.5172031247e-05 4.9545728204e-06 1.0217458427e-05
4.4311523438e+01 1.5052317553e-05 4.9282845125e-06 1.0124033041e-05
4.4372558594e+01 1.4849415738e-05 4.8836910360e-06 9.9657247023e-06
4.4433593750e+01 1.4703958371e-05 4.8388567907e-06 9.8651015803e-06
4.4494628906e+01 1.4631492334e-05 4.7830296533e-06 9.8484626804e-06
4.4555664062e+01 1.4447391426e-05 4.7115569590e-06 9.7358344674e-06
4.4616699219e+01 1.4234243728e-05 4.6286705511e-06 9.6055731770e-06
4.4677734375e+01 1.4174376689e-05 4.5935313733e-06 9.5808453161e-06
4.4738769531e+01 1.4000024720e-05 4.5387842242e-06 9.4612404955e-06
4.4799804688e+01 1.3946827782e-05 4.5051989595e-06 9.4416288223e-06
4.4860839844e+01 1.3757322292e-05 4.4367512288e-06 9.3205710635e-06
4.4921875000e+01 1.3610886935e-05 4.3894124562e-06 9.2214744789e-06
4.4982910156e+01 1.3562422701e-05 4.3646234768e-06 9.1977992237e-06
4.5043945312e+01 1.3348294433e-05 4.2843554453e-06 9.0639389879e-06
4.5104980469e+01 1.3286945026e-05 4.2537428423e-06 9.0332021841e-06
4.5166015625e+01 1.3169797013e-05 4.1989876324e-06 8.9708093802e-06
4.5227050781e+01 1.3075201377e-05 4.1579604857e-06 8.9172408916e-06
4.5288085938e+01 1.2940916197e-05 4.1226886188e-06 8.8182275781e-06
4.5349121094e+01 1.2759952609e-05 4.0527270318e-06 8.7072255775e-06
4.5410156250e+01 1.2651797744e-05 4.0081487345e-06 8.6436490091e-06
4.5471191406e+01 1.2558391993e-05 3.9829821687e-06 8.5754098247e-06
4.5532226562e+01 1.2365459572e-05 3.9300142633e-06 8.4354453090e-06
4.5593261719e+01 1.2218472952e-05 3.8714635322e-06 8.3470094201e-06
4.5654296875e+01 1.2110352506e-05 3.8319470629e-06 8.2784054427e-06
4.5715332031e+01 1.1897568507e-05 3.7720125290e-06 8.1255559779e-06
4.5776367188e+01 1.1645681153e-05 3.6830969016e-06 7.9625842514e-06
4.5837402344e+01 1.1540980168e-05 3.6241793789e-06 7.9168007891e-06
4.5898437500e+01 1.1394526790e-05 3.5815428912e-06 7.8129838991e-06
4.5959472656e+01 1.1260565554e-05 3.5325216195e-06 7.7280439345e-06
4.6020507812e+01 1.1153932795e-05 3.4923031803e-06 7.6616296150e-06
4.6081542969e+01 1.0986032213e-05 3.4370711923e-06 7.5489610204e-06
4.6142578125e+01 1.0808950412e-05 3.3843458772e-06 7.4246045351e-06
4.6203613281e+01 1.0697149713e-05 3.3480893067e-06 7.3490604063e-06
4.6264648438e+01 1.0609410961e-05 3.3217065635e-06 7.2877043973e-06
4.6325683594e+01 1.0431725960e-05 3.2612167848e-06 7.1705091754e-06
4.6386718750e+01 1.0213874977e-05 3.1958973814e-06 7.0179775960e-06
4.6447753906e+01 1.0043330391e-05 3.1380471058e-06 6.9052832848e-06
4.6508789062e+01 9.7977731833e-06 3.0739011996e-06 6.7238719837e-06
4.6569824219e+01 9.6494629204e-06 3.0323769466e-06 6.6170859739e-06
4.6630859375e+01 9.4958524122e-06 2.9757225728e-06 6.5201298394e-06
4.6691894531e+01 9.2802744163e-06 2.9079668557e-06 6.3723075606e-06
4.6752929688e+01 9.2600149544e-06 2.9091513975e-06 6.3508635569e-06
4.6813964844e+01 9.0924568541e-06 2.8513256211e-06 6.2411312331e-06
4.6875000000e+01 8.8807852878e-06 2.7849958356e-06 6.0957894522e-06
4.6936035156e+01 8.7569648417e-06 2.7570509594e-06 5.9999138823e-06
4.6997070312e+01 8.6671443860e-06 2.7253789795e-06 5.9417654064e-06
4.7058105469e+01 8.5126047933e-06 2.6699316772e-06 5.8426731161e-06
4.7119140625e+01 8.3474491984e-06 2.6293764452e-06 5.7180727533e-06
4.7180175781e+01 8.2558639659e-06 2.5976991877e-06 5.6581647783e-06
4.7241210938e+01 8.2200356199e-06 2.5790752503e-06 5.6409603696e-06
4.7302246094e+01 8.1014008274e-06 2.5448075298e-06 5.5565932976e-06
4.7363281250e+01 7.9963112786e-06 2.5157263628e-06 5.4805849157e-06
4.7424316406e+01 7.8562730109e-06 2.4783152379e-06 5.3779577731e-06
4.7485351562e+01 7.7407030579e-06 2.4358072204e-06 5.3048958375e-06
4.7546386719e+01 7.6162635242e-06 2.3818230851e-06 5.2344404392e-06
4.7607421875e+01 7.5244543585e-06 2.3566654761e-06 5.1677888824e-06
4.7668457031e+01 7.3909141773e-06 2.3091768956e-06 5.0817372817e-06
4.7729492188e+01 7.2805007609e-06 2.2688128250e-06 5.0116879359e-06
4.7790527344e+01 7.1659119984e-06 2.2419847666e-06 4.9239272317e-06
4.7851562500e+01 7.0514015803e-06 2.2060518765e-06 4.8453497038e-06
4.7912597656e+01 7.0496277737e-06 2.2043814565e-06 4.8452463172e-06
4.7973632812e+01 7.0373154361e-06 2.1944078143e-06 4.8429076218e-06
4.8034667969e+01 6.9802282763e-06 2.1679731204e-06 4.8122551559e-06
4.8095703125e+01 6.8945809694e-06 2.1381039634e-06 4.7564770060e-06
4.8156738281e+01 6.7845972594e-06 2.1104646068e-06 4.6741326525e-06
4.8217773438e+01 6.7242832098e-06 2.0875478264e-06 4.6367353834e-06
4.8278808594e+01 6.6473020856e-06 2.0638480986e-06 4.5834539870e-06
4.8339843750e+01 6.5505683307e-06 2.0409261339e-06 4.5096421967e-06
4.8400878906e+01 6.4284913491e-06 2.0039195046e-06 4.4245718445e-06
4.8461914062e+01 6.4049418065e-06 1.9954416923e-06 4.4095001142e-06
4.8522949219e+01 6.3212255300e-06 1.9772749387e-06 4.3439505913e-06
4.8583984375e+01 6.2416205181e-06 1.9470219830e-06 4.2945985351e-06
4.8645019531e+01 6.2142274545e-06 1.9345744300e-06 4.2796530245e-06
4.8706054688e+01 6.1136013901e-06 1.8959663027e-06 4.2176350874e-06
4.8767089844e+01 6.0543020045e-06 1.8719657567e-06 4.1823362479e-06
4.8828125000e+01 5.9476582284e-06 1.8438907104e-06 4.1037675180e-06
4.8889160156e+01 5.9279690351e-06 1.8436885883e-06 4.0842804468e-06
4.8950195312e+01 5.9001569169e-06 1.8392164749e-06 4.0609404420e-06
4.9011230469e+01 5.7853110067e-06 1.7964340270e-06 3.9888769797e-06
4.9072265625e+01 5.7253509016e-06 1.7785163926e-06 3.9468345089e-06
4.9133300781e+01 5.7089015356e-06 1.7701295945e-06 3.9387719411e-06
4.9194335938e+01 5.6466710504e-06 1.7460225263e-06 3.9006485241e-06
4.9255371094e+01 5.5568903592e-06 1.7214799982e-06 3.8354103611e-06
4.9316406250e+01 5.5112247648e-06 1.7078408537e-06 3.8033839111e-06
4.9377441406e+01 5.4798145165e-06 1.6867151342e-06 3.7930993822e-06
4.9438476562e+01 5.4465324026e-06 1.6773820681e-06 3.7691503346e-06
4.9499511719e+01 5.4017303175e-06 1.6750543222e-06 3.7266759953e-06
4.9560546875e+01 5.3305262865e-06 1.6483252671e-06 3.6822010195e-06
4.9621582031e+01 5.2559894546e-06 1.6281365479e-06 3.6278529066e-06
4.9682617188e+01 5.2075183690e-06 1.6121216102e-06 3.5953967589e-06
4.9743652344e+01 5.1782669799e-06 1.5945438758e-06 3.5837231040e-06
4.9804687500e+01 5.1565864750e-06 1.5850097687e-06 3.5715767063e-06
4.9865722656e+01 5.0758224093e-06 1.5650156881e-06 3.5108067211e-06
4.9926757812e+01 4.9893419629e-06 1.5396960013e-06 3.4496459616e-06
4.9987792969e+01 4.9578534956e-06 1.5268641109e-06 3.4309893846e-06
5.0048828125e+01 4.9372798501e-06 1.5238359633e-06 3.4134438868e-06
5.0109863281e+01 4.8856704969e-06 1.4955232615e-06 3.3901472354e-06
5.0170898438e+01 4.7915094194e-06 1.4714771845e-06 3.3200322349e-06
5.0231933594e+01 4.7755668416e-06 1.4656916675e-06 3.3098751741e-06
5.0292968750e+01 4.7143187177e-06 1.4478430885e-06 3.2664756291e-06
5.0354003906e+01 4.6691729847e-06 1.4358062901e-06 3.2333666946e-06
5.0415039062e+01 4.6570706682e-06 1.4315128402e-06 3.2255578280e-06
5.0476074219e+01 4.5909778882e-06 1.4145768569e-06 3.1764010313e-06
5.0537109375e+01 4.5203626460e-06 1.3968148290e-06 3.1235478170e-06
5.0598144531e+01 4.4883278344e-06 1.3847352320e-06 3.1035926024e-06
5.0659179688e+01 4.4490665474e-06 1.3718761465e-06 3.0771904008e-06
5.0720214844e+01 4.4061217942e-06 1.3585599890e-06 3.0475618052e-06
5.0781250000e+01 4.3737975394e-06 1.3486043373e-06 3.0251932021e-06
5.0842285156e+01 4.2846613312e-06 1.3127314294e-06 2.9719299019e-06
5.0903320312e+01 4.2606105470e-06 1.3015684034e-06 2.9590421436e-06
5.0964355469e+01 4.2340385757e-06 1.2997112624e-06 2.9343273134e-06
5.1025390625e+01 4.2253423424e-06 1.2948397516e-06 2.9305025907e-06
5.1086425781e+01 4.1258053909e-06 1.2646541913e-06 2.8611511995e-06
5.1147460938e+01 4.1080729777e-06 1.2576052422e-06 2.8504677354e-06
5.1208496094e+01 4.0976111578e-06 1.2570780262e-06 2.8405331316e-06
5.1269531250e+01 4.0517460590e-06 1.2464252172e-06 2.8053208418e-06
5.1330566406e+01 4.0155138717e-06 1.2390390658e-06 2.7764748059e-06
5.1391601562e+01 3.9932936313e-06 1.2325707192e-06 2.7607229122e-06
5.1452636719e+01 3.9746909319e-06 1.2169934915e-06 2.7576974404e-06
5.1513671875e+01 3.9343159918e-06 1.2070356301e-06 2.7272803617e-06
5.1574707031e+01 3.8752445670e-06 1.1906276674e-06 2.6846168997e-06
5.1635742188e+01 3.8038003888e-06 1.1660772409e-06 2.6377231479e-06
5.1696777344e+01 3.7730725264e-06 1.1574209291e-06 2.6156515973e-06
5.1757812500e+01 3.7767018503e-06 1.1559439518e-06 2.6207578985e-06
5.1818847656e+01 3.7512132620e-06 1.1528896957e-06 2.5983235663e-06
5.1879882812e+01 3.7048874241e-06 1.1392577698e-06 2.5656296542e-06
5.1940917969e+01 3.7029104698e-06 1.1411216466e-06 2.5617888232e-06
5.2001953125e+01 3.6713743019e-06 1.1236199971e-06 2.5477543049e-06
5.2062988281e+01 3.6276263470e-06 1.1117419815e-06 2.5158843654e-06
5.2124023438e+01 3.5909953195e-06 1.0987000727e-06 2.4922952468e-06
5.2185058594e+01 3.5581281368e-06 1.0880360553e-06 2.4700920816e-06
5.2246093750e+01 3.5623761472e-06 1.0920103733e-06 2.4703657739e-06
5.2307128906e+01 3.5341959369e-06 1.0800025480e-06 2.4541933889e-06
5.2368164062e+01 3.5168217611e-06 1.0738756719e-06 2.4429460891e-06
5.2429199219e+01 3.4721772829e-06 1.0608373223e-06 2.4113399606e-06
5.2490234375e+01 3.4603447927e-06 1.0558124872e-06 2.4045323054e-06
5.2551269531e+01 3.4510253520e-06 1.0523740927e-06 2.3986512593e-06
5.2612304688e+01 3.4353220245e-06 1.0456927995e-06 2.3896292250e-06
5.2673339844e+01 3.4087317305e-06 1.0366301100e-06 2.3721016205e-06
5.2734375000e+01 3.3825526000e-06 1.0292223080e-06 2.3533302920e-06
5.2795410156e+01 3.3433647972e-06 1.0157745558e-06 2.3275902414e-06
5.2856445312e+01 3.3368868200e-06 1.0090526215e-06 2.3278341985e-06
5.2917480469e+01 3.3138055121e-06 9.9925194124e-07 2.3145535708e-06
5.2978515625e+01 3.3025331328e-06 9.9517403142e-07 2.3073591014e-06
5.3039550781e+01 3.2642998209e-06 9.8969672293e-07 2.2746030980e-06
5.3100585938e+01 3.2284160255e-06 9.7383724914e-07 2.2545787764e-06
5.3161621094e+01 3.2210990399e-06 9.6911044075e-07 2.2519885991e-06
5.3222656250e+01 3.2148487794e-06 9.6298688561e-07 2.2518618938e-06
5.3283691406e+01 3.1890049495e-06 9.5505682684e-07 2.2339481226e-06
5.3344726562e+01 3.1697611169e-06 9.4886759908e-07 2.2208935178e-06
5.3405761719e+01 3.1663484003e-06 9.4638679196e-07 2.2199616083e-06
5.3466796875e+01 3.1713936609e-06 9.5002748230e-07 2.2213661786e-06
5.3527832031e+01 3.1643399531e-06 9.4490184814e-07 2.2194381050e-06
5.3588867188e+01 3.1296248296e-06 9.3303014198e-07 2.1965946877e-06
5.3649902344e+01 3.1098252937e-06 9.2971067165e-07 2.1801146220e-06
5.3710937500e+01 3.0968263550e-06 9.2444854704e-07 2.1723778079e-06
5.3771972656e+01 3.0756145606e-06 9.1847656633e-07 2.1571379943e-06
5.3833007812e+01 3.0971281758e-06 9.2397161448e-07 2.1731565613e-06
5.3894042969e+01 3.0722385197e-06 9.1247495825e-07 2.1597635615e-06
5.3955078125e+01 3.0719595940e-06 9.0835870106e-07 2.1636008929e-06
5.4016113281e+01 3.0810261063e-06 9.1425998427e-07 2.1667661221e-06
5.4077148438e+01 3.0784609519e-06 9.0695102352e-07 2.1715099284e-06
5.4138183594e+01 3.0415927800e-06 8.9588267716e-07 2.1457101028e-06
5.4199218750e+01 3.0273589495e-06 8.9476934577e-07 2.1325896038e-06
5.4260253906e+01 3.0136558182e-06 8.8880240763e-07 2.1248534106e-06
5.4321289062e+01 3.0039411392e-06 8.8344812105e-07 2.1204930181e-06
5.4382324219e+01 3.0102109736e-06 8.8475860047e-07 2.1254523731e-06
5.4443359375e+01 2.9943011157e-06 8.8214414295e-07 2.1121569728e-06
5.4504394531e+01 2.9866629661e-06 8.7588649705e-07 2.1107764691e-06
5.4565429688e+01 2.9888526438e-06 8.7463185622e-07 2.1142207876e-06
5.4626464844e+01 2.9822030791e-06 8.7251766012e-07 2.1096854190e-06
5.4687500000e+01 2.9753843463e-06 8.7371256312e-07 2.1016717832e-06
5.4748535156e+01 2.9740167534e-06 8.7174605227e-07 2.1022707011e-06
5.4809570312e+01 2.9517955500e-06 8.6309704698e-07 2.0886985030e-06
5.4870605469e+01 2.9424901322e-06 8.5975230592e-07 2.0827378263e-06
5.4931640625e+01 2.9344772375e-06 8.5354399523e-07 2.0809332423e-06
5.4992675781e+01 2.9280361443e-06 8.5112334538e-07 2.0769127989e-06
5.5053710938e+01 2.8979612905e-06 8.4258133450e-07 2.0553799560e-06
5.5114746094e+01 2.8971347661e-06 8.4005895922e-07 2.0570758068e-06
5.5175781250e+01 2.8771527102e-06 8.3440215503e-07 2.0427505552e-06
5.5236816406e+01 2.8814321538e-06 8.3482692328e-07 2.0466052305e-06
5.5297851562e+01 2.8725199862e-06 8.2906725427e-07 2.0434527319e-06
5.5358886719e+01 2.8754049696e-06 8.3010297282e-07 2.0453019968e-06
5.5419921875e+01 2.8531276607e-06 8.2606089484e-07 2.0270667659e-06
5.5480957031e+01 2.8362992869e-06 8.1730239420e-07 2.0189968927e-06
5.5541992188e+01 2.8331945269e-06 8.1734892594e-07 2.0158456010e-06
5.5603027344e+01 2.8182381633e-06 8.1126367149e-07 2.0069744918e-06
5.5664062500e+01 2.8319138042e-06 8.1070181027e-07 2.0212119940e-06
5.5725097656e+01 2.8252272746e-06 8.1101049750e-07 2.0142167771e-06
5.5786132812e+01 2.8068158211e-06 8.0553127316e-07 2.0012845480e-06
5.5847167969e+01 2.7993957100e-06 8.0411946775e-07 1.9952762423e-06
5.5908203125e+01 2.7907948405e-06 8.0378497808e-07 1.9870098624e-06
5.5969238281e+01 2.7897272966e-06 7.9813334541e-07 1.9915939512e-06
5.6030273438e+01 2.7897075768e-06 7.9621176764e-07 1.9934958092e-06
5.6091308594e+01 2.7691217229e-06 7.9150137072e-07 1.9776203521e-06
5.6152343750e+01 2.7676506653e-06 7.8723715226e-07 1.9804135130e-06
5.6213378906e+01 2.7801475893e-06 7.8653292228e-07 1.9936146670e-06
5.6274414062e+01 2.7657899973e-06 7.8652404317e-07 1.9792659541e-06
5.6335449219e+01 2.7273348850e-06 7.7785494726e-07 1.9494799377e-06
5.6396484375e+01 2.7120651600e-06 7.7110271409e-07 1.9409624459e-06
5.6457519531e+01 2.7347708663e-06 7.7790491810e-07 1.9568659482e-06
5.6518554688e+01 2.7091185827e-06 7.6934804172e-07 1.9397705410e-06
5.6579589844e+01 2.6883004656e-06 7.6123514747e-07 1.9270653181e-06
5.6640625000e+01 2.6941169693e-06 7.6359844666e-07 1.9305185227e-06
5.6701660156e+01 2.6697346507e-06 7.5506421784e-07 1.9146704329e-06
5.6762695312e+01 2.6751186306e-06 7.5535731506e-07 1.9197613156e-06
5.6823730469e+01 2.6821902515e-06 7.5586339504e-07 1.9263268565e-06
5.6884765625e+01 2.6557413056e-06 7.4993030517e-07 1.9058110004e-06
5.6945800781e+01 2.6467160634e-06 7.4907411991e-07 1.8976419435e-06
5.7006835938e+01 2.6404639543e-06 7.4728167076e-07 1.8931822835e-06
5.7067871094e+01 2.6430008321e-06 7.4429110966e-07 1.8987097224e-06
5.7128906250e+01 2.6343027473e-06 7.4246969478e-07 1.8918330525e-06
5.7189941406e+01 2.6097509223e-06 7.3838862028e-07 1.8713623020e-06
5.7250976562e+01 2.6036928976e-06 7.3418374975e-07 1.8695091479e-06
5.7312011719e+01 2.6019435845e-06 7.3165953294e-07 1.8702840515e-06
5.7373046875e+01 2.5841819314e-06 7.2510556673e-07 1.8590763647e-06
5.7434082031e+01 2.5571034081e-06 7.1783739149e-07 1.8392660166e-06
5.7495117188e+01 2.5435919527e-06 7.1216647728e-07 1.8314254754e-06
5.7556152344e+01 2.5513554039e-06 7.1325688133e-07 1.8380985225e-06
5.7617187500e+01 2.5234290696e-06 7.0628201639e-07 1.8171470532e-06
5.7678222656e+01 2.4842616008e-06 6.9655528836e-07 1.7877063125e-06
5.7739257812e+01 2.4646806977e-06 6.9275814219e-07 1.7719225555e-06
5.7800292969e+01 2.4571363433e-06 6.8987295626e-07 1.7672633870e-06
5.7861328125e+01 2.4302620113e-06 6.8337738667e-07 1.7468846246e-06
5.7922363281e+01 2.4004144932e-06 6.7651551409e-07 1.7238989791e-06
5.7983398438e+01 2.3782234637e-06 6.7035305898e-07 1.7078704047e-06
5.8044433594e+01 2.3739060391e-06 6.6714573935e-07 1.7067602997e-06
5.8105468750e+01 2.3535837093e-06 6.6018376678e-07 1.6933999425e-06
5.8166503906e+01 2.3258234322e-06 6.5395240277e-07 1.6718710294e-06
5.8227539062e+01 2.2905775543e-06 6.4646949268e-07 1.6441080616e-06
5.8288574219e+01 2.2870258667e-06 6.4456048063e-07 1.6424653861e-06
5.8349609375e+01 2.2613591301e-06 6.3589917332e-07 1.6254599568e-06
5.8410644531e+01 2.2261720511e-06 6.2404354608e-07 1.6021285051e-06
5.8471679688e+01 2.2123186364e-06 6.2024502682e-07 1.5920736095e-06
5.8532714844e+01 2.1873725657e-06 6.1616288377e-07 1.5712096819e-06
5.8593750000e+01 2.1738851891e-06 6.1041122938e-07 1.5634739597e-06
5.8654785156e+01 2.1423167163e-06 6.0045853459e-07 1.5418581817e-06
5.8715820312e+01 2.1211643921e-06 5.9719082434e-07 1.5239735678e-06
5.8776855469e+01 2.0879441928e-06 5.8986641587e-07 1.4980777770e-06
5.8837890625e+01 2.0655635586e-06 5.8304198757e-07 1.4825215710e-06
5.8898925781e+01 2.0493161346e-06 5.7573906865e-07 1.4735770659e-06
5.8959960938e+01 2.0464446722e-06 5.7277412534e-07 1.4736705468e-06
5.9020996094e+01 2.0160608044e-06 5.6735622049e-07 1.4487045839e-06
5.9082031250e+01 2.0166958232e-06 5.6649244823e-07 1.4502033750e-06
5.9143066406e+01 1.9854554343e-06 5.5754431401e-07 1.4279111203e-06
5.9204101562e+01 1.9632916652e-06 5.5363940380e-07 1.4096522614e-06
5.9265136719e+01 1.9601942841e-06 5.5354779942e-07 1.4066464847e-06
5.9326171875e+01 1.9316605688e-06 5.4508255011e-07 1.3865780187e-06
5.9387207031e+01 1.9171877268e-06 5.4035172373e-07 1.3768360030e-06
5.9448242188e+01 1.9145908956e-06 5.3845791668e-07 1.3761329789e-06
5.9509277344e+01 1.9074255407e-06 5.3544278092e-07 1.3719827598e-06
5.9570312500e+01 1.8734763356e-06 5.2582562017e-07 1.3476507154e-06
5.9631347656e+01 1.8411180310e-06 5.1672267806e-07 1.3243953530e-06
5.9692382812e+01 1.8274235733e-06 5.1332293074e-07 1.3141006426e-06
5.9753417969e+01 1.8238190210e-06 5.1232328999e-07 1.3114957310e-06
5.9814453125e+01 1.7855488378e-06 5.0123384508e-07 1.2843149927e-06
5.9875488281e+01 1.7771298824e-06 4.9934986490e-07 1.2777800175e-06
5.9936523438e+01 1.7737614481e-06 4.9877941763e-07 1.2749820305e-06
5.9997558594e+01 1.7510656430e-06 4.9188578693e-07 1.2591798561e-06
6.0058593750e+01 1.7464020278e-06 4.8979721782e-07 1.2566048100e-06
6.0119628906e+01 1.7232512457e-06 4.8144721081e-07 1.2418040349e-06
6.0180664062e+01 1.7067672766e-06 4.7616218525e-07 1.2306050914e-06
6.0241699219e+01 1.6944883092e-06 4.7526214258e-07 1.2192261666e-06
6.0302734375e+01 1.6894213483e-06 4.7412671473e-07 1.2152946336e-06
6.0363769531e+01 1.6681522268e-06 4.6720700528e-07 1.2009452215e-06
6.0424804688e+01 1.6442573394e-06 4.6081498218e-07 1.1834423572e-06
6.0485839844e+01 1.6419903682e-06 4.5892765103e-07 1.1830627171e-06
6.0546875000e+01 1.6322988814e-06 4.5772321186e-07 1.1745756695e-06
6.0607910156e+01 1.6382488553e-06 4.5860119316e-07 1.1796476621e-06
6.0668945312e+01 1.6187274494e-06 4.5391008039e-07 1.1648173690e-06
6.0729980469e+01 1.5931571814e-06 4.4771636448e-07 1.1454408170e-06
6.0791015625e+01 1.5879831998e-06 4.4711713102e-07 1.1408660688e-06
6.0852050781e+01 1.5769927913e-06 4.4299065833e-07 1.1340021330e-06
6.0913085938e+01 1.5722150114e-06 4.4095507316e-07 1.1312599382e-06
6.0974121094e+01 1.5658363992e-06 4.3720285566e-07 1.1286335436e-06
6.1035156250e+01 1.5521671717e-06 4.3385442148e-07 1.1183127502e-06
6.1096191406e+01 1.5363564880e-06 4.3051615167e-07 1.1058403364e-06
6.1157226562e+01 1.5186742309e-06 4.2512708928e-07 1.0935471416e-06
6.1218261719e+01 1.5012384111e-06 4.2011302341e-07 1.0811253877e-06
6.1279296875e+01 1.5064126369e-06 4.2103043045e-07 1.0853822065e-06
6.1340332031e+01 1.5023988322e-06 4.2015669505e-07 1.0822421372e-06
6.1401367188e+01 1.4843456775e-06 4.1546202095e-07 1.0688836566e-06
6.1462402344e+01 1.4823748641e-06 4.1431976666e-07 1.0680550975e-06
6.1523437500e+01 1.4720620116e-06 4.1056877944e-07 1.0614932321e-06
6.1584472656e+01 1.4438676976e-06 4.0272806931e-07 1.0411396283e-06
6.1645507812e+01 1.4315597483e-06 4.0011942023e-07 1.0314403281e-06
6.1706542969e+01 1.4311106509e-06 3.9859380161e-07 1.0325168493e-06
6.1767578125e+01 1.4126761680e-06 3.9475834424e-07 1.0179178238e-06
6.1828613281e+01 1.4002644947e-06 3.9193715250e-07 1.0083273422e-06
6.1889648438e+01 1.3922542019e-06 3.8833563363e-07 1.0039185683e-06
6.1950683594e+01 1.4024892234e-06 3.9077726519e-07 1.0117119582e-06
6.2011718750e+01 1.3868206374e-06 3.8680280343e-07 1.0000178339e-06
6.2072753906e+01 1.3742999609e-06 3.8431641516e-07 9.8998354577e-07
6.2133789062e+01 1.3557003595e-06 3.7863503345e-07 9.7706532606e-07
6.2194824219e+01 1.3537940585e-06 3.7791619575e-07 9.7587786272e-07
6.2255859375e+01 1.3577924677e-06 3.7894332535e-07 9.7884914231e-07
6.2316894531e+01 1.3347129785e-06 3.7287711655e-07 9.6183586193e-07
6.2377929688e+01 1.3298904970e-06 3.7137315194e-07 9.5851734501e-07
6.2438964844e+01 1.3309772388e-06 3.7102825377e-07 9.5994898504e-07
6.2500000000e+01 1.3111517924e-06 3.6596713735e-07 9.4518465501e-07
6.2561035156e+01 1.2995194576e-06 3.6201858396e-07 9.3750087364e-07
6.2622070312e+01 1.2880028304e-06 3.5808813966e-07 9.2991469073e-07
6.2683105469e+01 1.2793953293e-06 3.5700429633e-07 9.2239103295e-07
6.2744140625e+01 1.2698029553e-06 3.5395116419e-07 9.1585179116e-07
6.2805175781e+01 1.2637075292e-06 3.5145459380e-07 9.1225293543e-07
6.2866210938e+01 1.2598747767e-06 3.5082595240e-07 9.0904882432e-07
6.2927246094e+01 1.2453946489e-06 3.4645283504e-07 8.9894181382e-07
6.2988281250e+01 1.2384430785e-06 3.4269425609e-07 8.9574882242e-07
6.3049316406e+01 1.2370000700e-06 3.4231178440e-07 8.9468828558e-07
6.3110351562e+01 1.2388201363e-06 3.4371908234e-07 8.9510105397e-07
6.3171386719e+01 1.2215130747e-06 3.3836187568e-07 8.8315119897e-07
6.3232421875e+01 1.2113637410e-06 3.3538086214e-07 8.7598287883e-07
6.3293457031e+01 1.2051945250e-06 3.3490544718e-07 8.7028907784e-07
6.3354492188e+01 1.1897317210e-06 3.2998754464e-07 8.5974417631e-07
6.3415527344e+01 1.1879889132e-06 3.2890620013e-07 8.5908271305e-07
6.3476562500e+01 1.1781877932e-06 3.2598341236e-07 8.5220438086e-07
6.3537597656e+01 1.1692042400e-06 3.2385493543e-07 8.4534930455e-07
6.3598632812e+01 1.1617281217e-06 3.2221024421e-07 8.3951787746e-07
6.3659667969e+01 1.1550074945e-06 3.2061614867e-07 8.3439134584e-07
6.3720703125e+01 1.1443464007e-06 3.1651834915e-07 8.2782805156e-07
6.3781738281e+01 1.1404952008e-06 3.1441813365e-07 8.2607706717e-07
6.3842773438e+01 1.1353275121e-06 3.1270565847e-07 8.2262185362e-07
6.3903808594e+01 1.1231708244e-06 3.1095489130e-07 8.1221593315e-07
6.3964843750e+01 1.1180609128e-06 3.0854652984e-07 8.0951438297e-07
6.4025878906e+01 1.1180794978e-06 3.0685420114e-07 8.1122529663e-07
6.4086914062e+01 1.1129379656e-06 3.0547958130e-07 8.0745838429e-07
6.4147949219e+01 1.0928036828e-06 3.0020585624e-07 7.9259782655e-07
6.4208984375e+01 1.0909224430e-06 2.9992997747e-07 7.9099246558e-07
6.4270019531e+01 1.0853263961e-06 2.9795793079e-07 7.8736846533e-07
6.4331054688e+01 1.0812315082e-06 2.9676575042e-07 7.8446575777e-07
6.4392089844e+01 1.0738754125e-06 2.9514189380e-07 7.7873351874e-07
6.4453125000e+01 1.0653930217e-06 2.9251051237e-07 7.7288250929e-07
6.4514160156e+01 1.0698730333e-06 2.9362392483e-07 7.7624910845e-07
6.4575195312e+01 1.0642740856e-06 2.9099605727e-07 7.7327802828e-07
6.4636230469e+01 1.0491326224e-06 2.8798074486e-07 7.6115187757e-07
6.4697265625e+01 1.0422480558e-06 2.8673062033e-07 7.5551743549e-07
6.4758300781e+01 1.0218711086e-06 2.8066284958e-07 7.4120825903e-07
6.4819335938e+01 1.0226551216e-06 2.8068177084e-07 7.4197335074e-07
6.4880371094e+01 1.0235329842e-06 2.8088629811e-07 7.4264668607e-07
6.4941406250e+01 1.0214796110e-06 2.8033985499e-07 7.4113975604e-07
6.5002441406e+01 1.0257468093e-06 2.8161808859e-07 7.4412872067e-07
6.5063476562e+01 1.0127778304e-06 2.7723895988e-07 7.3553887048e-07
6.5124511719e+01 1.0056535917e-06 2.7473288814e-07 7.3092070355e-07
6.5185546875e+01 9.9961903788e-07 2.7370413491e-07 7.2591490297e-07
6.5246582031e+01 1.0000267574e-06 2.7450734427e-07 7.2551941317e-07
6.5307617188e+01 9.9494349623e-07 2.7330310285e-07 7.2164039338e-07
6.5368652344e+01 9.8020897932e-07 2.6856320575e-07 7.1164577357e-07
6.5429687500e+01 9.7844239640e-07 2.6807642865e-07 7.1036596776e-07
6.5490722656e+01 9.6968040782e-07 2.6559722653e-07 7.0408318129e-07
6.5551757812e+01 9.6255586890e-07 2.6365471548e-07 6.9890115342e-07
6.5612792969e+01 9.5595747199e-07 2.6107849413e-07 6.9487897786e-07
6.5673828125e+01 9.5797309938e-07 2.6092830269e-07 6.9704479669e-07
6.5734863281e+01 9.5135713441e-07 2.5863764425e-07 6.9271949017e-07
6.5795898438e+01 9.4243450008e-07 2.5583234582e-07 6.8660215426e-07
6.5856933594e+01 9.3480960931e-07 2.5418569031e-07 6.8062391900e-07
6.5917968750e+01 9.3118205856e-07 2.5336858732e-07 6.7781347124e-07
6.5979003906e+01 9.2686687162e-07 2.5173559728e-07 6.7513127434e-07
6.6040039062e+01 9.1373838928e-07 2.4837117431e-07 6.6536721497e-07
6.6101074219e+01 9.0738638016e-07 2.4640597364e-07 6.6098040652e-07
6.6162109375e+01 9.0874067592e-07 2.4690122500e-07 6.6183945092e-07
6.6223144531e+01 9.0665530811e-07 2.4647177298e-07 6.6018353513e-07
6.6284179688e+01 9.0529733038e-07 2.4600056258e-07 6.5929676780e-07
6.6345214844e+01 9.0464244141e-07 2.4600566385e-07 6.5863677756e-07
6.6406250000e+01 8.9501286661e-07 2.4292591442e-07 6.5208695219e-07
6.6467285156e+01 8.8838004536e-07 2.4112020688e-07 6.4725983848e-07
6.6528320312e+01 8.8779825671e-07 2.4093540445e-07 6.4686285226e-07
6.6589355469e+01 8.7837706610e-07 2.3849361590e-07 6.3988345020e-07
6.6650390625e+01 8.6557886752e-07 2.3514256690e-07 6.3043630062e-07
6.6711425781e+01 8.7063786819e-07 2.3608023760e-07 6.3455763059e-07
6.6772460938e+01 8.6996898402e-07 2.3624398779e-07 6.3372499623e-07
6.6833496094e+01 8.5109609116e-07 2.3104062577e-07 6.2005546538e-07
6.6894531250e+01 8.4417125636e-07 2.2953333133e-07 6.1463792502e-07
6.6955566406e+01 8.4289235612e-07 2.2918162239e-07 6.1371073373e-07
6.7016601562e+01 8.4034553600e-07 2.2836371130e-07 6.1198182470e-07
6.7077636719e+01 8.3412911675e-07 2.2662015314e-07 6.0750896361e-07
6.7138671875e+01 8.2404530482e-07 2.2353772593e-07 6.0050757888e-07
6.7199707031e+01 8.1997301889e-07 2.2195447645e-07 5.9801854244e-07
6.7260742188e+01 8.2018099645e-07 2.2160508010e-07 5.9857591635e-07
6.7321777344e+01 8.1217138859e-07 2.1988112405e-07 5.9229026454e-07
6.7382812500e+01 7.9787364763e-07 2.1629527903e-07 5.8157836861e-07
6.7443847656e+01 7.9474847500e-07 2.1438176526e-07 5.8036670974e-07
6.7504882812e+01 7.9411652878e-07 2.1455259904e-07 5.7956392974e-07
6.7565917969e+01 7.8725168861e-07 2.1220714571e-07 5.7504454290e-07
6.7626953125e+01 7.7542101872e-07 2.0950048673e-07 5.6592053199e-07
6.7687988281e+01 7.6878059533e-07 2.0782384876e-07 5.6095674656e-07
6.7749023438e+01 7.6493466987e-07 2.0672105796e-07 5.5821361191e-07
6.7810058594e+01 7.6865931341e-07 2.0762215495e-07 5.6103715846e-07
6.7871093750e+01 7.6557039226e-07 2.0719829065e-07 5.5837210161e-07
6.7932128906e+01 7.4881072775e-07 2.0271286535e-07 5.4609786240e-07
6.7993164062e+01 7.4494565240e-07 2.0082475333e-07 5.4412089907e-07
6.8054199219e+01 7.4008738074e-07 1.9951784454e-07 5.4056953621e-07
6.8115234375e+01 7.3119101475e-07 1.9790323534e-07 5.3328777940e-07
6.8176269531e+01 7.2336663697e-07 1.9626583329e-07 5.2710080367e-07
6.8237304688e+01 7.2140952259e-07 1.9589705590e-07 5.2551246668e-07
6.8298339844e+01 7.1131445793e-07 1.9248908075e-07 5.1882537717e-07
6.8359375000e+01 7.0534357267e-07 1.9086361027e-07 5.1447996240e-07
6.8420410156e+01 7.0198795765e-07 1.8971381063e-07 5.1227414701e-07
6.8481445312e+01 6.9048418717e-07 1.8698105654e-07 5.0350313063e-07
6.8542480469e+01 6.8677343701e-07 1.8637287007e-07 5.0040056695e-07
6.8603515625e+01 6.8114304033e-07 1.8413393980e-07 4.9700910052e-07
6.8664550781e+01 6.7819619957e-07 1.8292446970e-07 4.9527172987e-07
6.8725585938e+01 6.7231609139e-07 1.8102215736e-07 4.9129393404e-07
6.8786621094e+01 6.6899482092e-07 1.8038210267e-07 4.8861271825e-07
6.8847656250e+01 6.6816660559e-07 1.8005633731e-07 4.8811026828e-07
6.8908691406e+01 6.5968144882e-07 1.7769157256e-07 4.8198987626e-07
6.8969726562e+01 6.5148354945e-07 1.7524931637e-07 4.7623423308e-07
6.9030761719e+01 6.5044130492e-07 1.7556530275e-07 4.7487600217e-07
6.9091796875e+01 6.4087757502e-07 1.7318769829e-07 4.6768987673e-07
6.9152832031e+01 6.3445646236e-07 1.7098113402e-07 4.6347532833e-07
6.9213867188e+01 6.2842638962e-07 1.6945260580e-07 4.5897378382e-07
6.9274902344e+01 6.2561541420e-07 1.6886014274e-07 4.5675527146e-07
6.9335937500e+01 6.2673089794e-07 1.6899652011e-07 4.5773437783e-07
6.9396972656e+01 6.1813716884e-07 1.6657012429e-07 4.5156704455e-07
6.9458007812e+01 6.0982444384e-07 1.6467111877e-07 4.4515332507e-07
6.9519042969e+01 6.0624106078e-07 1.6347899306e-07 4.4276206772e-07
6.9580078125e+01 6.0206800202e-07 1.6177817672e-07 4.4028982529e-07
6.9641113281e+01 5.9790813797e-07 1.6090555730e-07 4.3700258067e-07
6.9702148438e+01 5.8852418902e-07 1.5848364374e-07 4.3004054528e-07
6.9763183594e+01 5.8802354339e-07 1.5817718638e-07 4.2984635701e-07
6.9824218750e+01 5.8010789986e-07 1.5620311904e-07 4.2390478082e-07
6.9885253906e+01 5.7674996724e-07 1.5500350809e-07 4.2174645915e-07
6.9946289062e+01 5.7890918970e-07 1.5549664806e-07 4.2341254164e-07
7.0007324219e+01 5.7915066610e-07 1.5586629462e-07 4.2328437148e-07
7.0068359375e+01 5.7324509433e-07 1.5418728349e-07 4.1905781085e-07
7.0129394531e+01 5.6812103008e-07 1.5316358887e-07 4.1495744121e-07
7.0190429688e+01 5.5655649601e-07 1.5071912578e-07 4.0583737023e-07
7.0251464844e+01 5.5107733884e-07 1.4865818302e-07 4.0241915582e-07
7.0312500000e+01 5.5069629433e-07 1.4762765549e-07 4.0306863884e-07
7.0373535156e+01 5.4626420554e-07 1.4653076061e-07 3.9973344493e-07
7.0434570312e+01 5.3654569101e-07 1.4425347354e-07 3.9229221746e-07
7.0495605469e+01 5.3078606891e-07 1.4252868759e-07 3.8825738132e-07
7.0556640625e+01 5.2438715377e-07 1.4111610178e-07 3.8327105199e-07
7.0617675781e+01 5.1966227511e-07 1.4012665811e-07 3.7953561700e-07
7.0678710938e+01 5.1779772467e-07 1.3959985499e-07 3.7819786968e-07
7.0739746094e+01 5.1710609072e-07 1.3890110459e-07 3.7820498614e-07
7.0800781250e+01 5.0608765462e-07 1.3598319976e-07 3.7010445486e-07
7.0861816406e+01 5.0000364877e-07 1.3468818509e-07 3.6531546367e-07
7.0922851562e+01 4.9611553400e-07 1.3353167212e-07 3.6258386188e-07
7.0983886719e+01 4.9093689694e-07 1.3210961309e-07 3.5882728385e-07
7.1044921875e+01 4.8783900434e-07 1.3168184961e-07 3.5615715472e-07
7.1105957031e+01 4.8175838392e-07 1.2971362919e-07 3.5204475472e-07
7.1166992188e+01 4.7740922228e-07 1.2863165461e-07 3.4877756767e-07
7.1228027344e+01 4.7592807257e-07 1.2824294861e-07 3.4768512395e-07
7.1289062500e+01 4.7159915502e-07 1.2653541677e-07 3.4506373825e-07
7.1350097656e+01 4.6729980011e-07 1.2520230221e-07 3.4209749790e-07
7.1411132812e+01 4.6302904186e-07 1.2425734887e-07 3.3877169300e-07
7.1472167969e+01 4.6071555213e-07 1.2354215789e-07 3.3717339424e-07
7.1533203125e+01 4.5806127697e-07 1.2243131796e-07 3.3562995901e-07
7.1594238281e+01 4.5419310245e-07 1.2123597929e-07 3.3295712316e-07
7.1655273438e+01 4.5528467897e-07 1.2164011299e-07 3.3364456598e-07
7.1716308594e+01 4.5661403334e-07 1.2190729291e-07 3.3470674043e-07
7.1777343750e+01 4.5200580230e-07 1.2047991153e-07 3.3152589077e-07
7.1838378906e+01 4.4368944441e-07 1.1813205916e-07 3.2555738525e-07
7.1899414062e+01 4.3979056383e-07 1.1751812311e-07 3.2227244072e-07
7.1960449219e+01 4.3742781422e-07 1.1690332259e-07 3.2052449163e-07
7.2021484375e+01 4.3544082759e-07 1.1614864238e-07 3.1929218522e-07
7.2082519531e+01 4.3226758247e-07 1.1518876764e-07 3.1707881484e-07
7.2143554688e+01 4.3169536750e-07 1.1475993866e-07 3.1693542884e-07
7.2204589844e+01 4.2890114341e-07 1.1393765185e-07 3.1496349156e-07
7.2265625000e+01 4.2843536010e-07 1.1348674133e-07 3.1494861876e-07
7.2326660156e+01 4.2330662155e-07 1.1246126628e-07 3.1084535527e-07
7.2387695312e+01 4.2179969169e-07 1.1255983861e-07 3.0923985308e-07
7.2448730469e+01 4.1855978667e-07 1.1128600987e-07 3.0727377681e-07
7.2509765625e+01 4.1786369833e-07 1.1149428182e-07 3.0636941651e-07
7.2570800781e+01 4.1081716699e-07 1.0939233521e-07 3.0142483178e-07
7.2631835938e+01 4.0531343961e-07 1.0735121808e-07 2.9796222153e-07
7.2692871094e+01 4.0344798402e-07 1.0687453347e-07 2.9657345055e-07
7.2753906250e+01 4.0207357202e-07 1.0688872784e-07 2.9518484418e-07
7.2814941406e+01 4.0079028694e-07 1.0678603221e-07 2.9400425474e-07
7.2875976562e+01 3.9522239616e-07 1.0550159357e-07 2.8972080260e-07
7.2937011719e+01 3.9147726372e-07 1.0446224603e-07 2.8701501770e-07
7.2998046875e+01 3.8743586353e-07 1.0310145351e-07 2.8433441002e-07
7.3059082031e+01 3.8673982666e-07 1.0306004817e-07 2.8367977849e-07
7.3120117188e+01 3.8488332924e-07 1.0239593721e-07 2.8248739203e-07
7.3181152344e+01 3.8264352964e-07 1.0136021755e-07 2.8128331210e-07
7.3242187500e+01 3.7988221010e-07 1.0092662634e-07 2.7895558377e-07
7.3303222656e+01 3.7168721326e-07 9.8628791280e-08 2.7305842198e-07
7.3364257812e+01 3.6783183599e-07 9.7960408871e-08 2.6987142712e-07
7.3425292969e+01 3.6794664689e-07 9.7937164869e-08 2.7000948202e-07
7.3486328125e+01 3.6644796209e-07 9.7163524404e-08 2.6928443769e-07
7.3547363281e+01 3.6255883805e-07 9.6158071284e-08 2.6640076677e-07
7.3608398438e+01 3.6039484659e-07 9.5853388478e-08 2.6454145811e-07
7.3669433594e+01 3.5796766838e-07 9.5123360859e-08 2.6284430752e-07
7.3730468750e+01 3.5451672891e-07 9.4296583466e-08 2.6022014545e-07
7.3791503906e+01 3.5357827664e-07 9.4148103598e-08 2.5943017305e-07
7.3852539062e+01 3.4689677658e-07 9.2146176694e-08 2.5475059989e-07
7.3913574219e+01 3.4527716789e-07 9.1208043970e-08 2.5406912392e-07
7.3974609375e+01 3.4290685141e-07 9.0555398545e-08 2.5235145287e-07
7.4035644531e+01 3.3459096184e-07 8.8479563562e-08 2.4611139828e-07
7.4096679688e+01 3.3425284274e-07 8.8467977964e-08 2.4578486478e-07
7.4157714844e+01 3.3387293613e-07 8.8488925945e-08 2.4538401018e-07
7.4218750000e+01 3.2843496893e-07 8.7078430216e-08 2.4135653871e-07
7.4279785156e+01 3.2731257115e-07 8.6767180847e-08 2.4054539031e-07
7.4340820312e+01 3.2674205929e-07 8.6637672956e-08 2.4010438633e-07
7.4401855469e+01 3.2240778079e-07 8.5625809722e-08 2.3678197107e-07
7.4462890625e+01 3.1639125738e-07 8.4195799734e-08 2.3219545764e-07
7.4523925781e+01 3.1776739109e-07 8.4237077239e-08 2.3353031385e-07
7.4584960938e+01 3.1421063409e-07 8.3243855879e-08 2.3096677821e-07
7.4645996094e+01 3.0981103699e-07 8.2041526134e-08 2.2776951085e-07
7.4707031250e+01 3.0742898835e-07 8.1620136484e-08 2.2580885186e-07
7.4768066406e+01 3.0455070878e-07 8.0771270603e-08 2.2377943818e-07
7.4829101562e+01 3.0124436259e-07 8.0212232280e-08 2.2103213031e-07
7.4890136719e+01 2.9610874779e-07 7.9209982007e-08 2.1689876578e-07
7.4951171875e+01 2.9235166749e-07 7.7879451364e-08 2.1447221613e-07
7.5012207031e+01 2.9374769002e-07 7.8008560336e-08 2.1573912969e-07
7.5073242188e+01 2.9291100926e-07 7.7591420999e-08 2.1531958826e-07
7.5134277344e+01 2.9180797955e-07 7.7742820149e-08 2.1406515940e-07
7.5195312500e+01 2.8646667064e-07 7.6383969361e-08 2.1008270128e-07
7.5256347656e+01 2.8302571521e-07 7.5578484230e-08 2.0744723098e-07
7.5317382812e+01 2.7881065364e-07 7.4477129961e-08 2.0433352368e-07
7.5378417969e+01 2.7568180330e-07 7.3437215477e-08 2.0224458783e-07
7.5439453125e+01 2.7450380414e-07 7.3036185967e-08 2.0146761818e-07
7.5500488281e+01 2.7216641913e-07 7.2185003657e-08 1.9998141547e-07
7.5561523438e+01 2.7071059887e-07 7.1950929101e-08 1.9875966977e-07
7.5622558594e+01 2.6648425123e-07 7.0980621879e-08 1.9550362935e-07
7.5683593750e+01 2.6455522482e-07 7.0362780303e-08 1.9419244452e-07
7.5744628906e+01 2.6299745324e-07 6.9925154231e-08 1.9307229900e-07
7.5805664062e+01 2.6257017313e-07 7.0160140894e-08 1.9241003223e-07
7.5866699219e+01 2.6114805178e-07 6.9899271857e-08 1.9124877992e-07
7.5927734375e+01 2.5652138142e-07 6.8526715036e-08 1.8799466638e-07
7.5988769531e+01 2.5461139841e-07 6.7780034167e-08 1.8683136424e-07
7.6049804688e+01 2.5107468543e-07 6.6796711415e-08 1.8427797402e-07
7.6110839844e+01 2.4755074512e-07 6.5905755212e-08 1.8164498990e-07
7.6171875000e+01 2.4502067533e-07 6.5151530017e-08 1.7986914531e-07
7.6232910156e+01 2.4462997527e-07 6.4936687480e-08 1.7969328779e-07
7.6293945312e+01 2.4450025637e-07 6.4912953050e-08 1.7958730332e-07
7.6354980469e+01 2.4505789445e-07 6.5101374566e-08 1.7995651988e-07
7.6416015625e+01 2.4293869284e-07 6.4569225412e-08 1.7836946742e-07
7.6477050781e+01 2.4126637938e-07 6.3985041398e-08 1.7728133798e-07
7.6538085938e+01 2.4043224467e-07 6.3639331079e-08 1.7679291359e-07
7.6599121094e+01 2.3923478597e-07 6.3484483490e-08 1.7575030248e-07
7.6660156250e+01 2.3670394112e-07 6.2751634572e-08 1.7395230655e-07
7.6721191406e+01 2.3488668715e-07 6.2081232809e-08 1.7280545434e-07
7.6782226562e+01 2.3329983304e-07 6.1872539913e-08 1.7142729313e-07
7.6843261719e+01 2.2955585301e-07 6.0985473392e-08 1.6857037962e-07
7.6904296875e+01 2.2664066138e-07 6.0086508601e-08 1.6655415278e-07
7.6965332031e+01 2.2592874991e-07 5.9788898872e-08 1.6613985104e-07
7.7026367188e+01 2.2397825692e-07 5.9220272391e-08 1.6475798453e-07
7.7087402344e+01 2.2385594573e-07 5.9020228822e-08 1.6483571691e-07
7.7148437500e+01 2.2313332356e-07 5.8540449908e-08 1.6459287365e-07
7.7209472656e+01 2.2123182565e-07 5.8229297042e-08 1.6300252861e-07
7.7270507812e+01 2.2131340084e-07 5.8106046623e-08 1.6320735422e-07
7.7331542969e+01 2.1921256247e-07 5.7550530604e-08 1.6166203187e-07
7.7392578125e+01 2.1744466282e-07 5.7268246078e-08 1.6017641675e-07
7.7453613281e+01 2.1572352120e-07 5.6644639521e-08 1.5907888168e-07
7.7514648438e+01 2.1385711328e-07 5.6204936224e-08 1.5765217706e-07
7.7575683594e+01 2.1444776289e-07 5.6583005256e-08 1.5786475763e-07
7.7636718750e+01 2.1468188939e-07 5.6522426944e-08 1.5815946245e-07
7.7697753906e+01 2.1301329189e-07 5.6071156788e-08 1.5694213510e-07
7.7758789062e+01 2.1040130798e-07 5.5436121421e-08 1.5496518656e-07
7.7819824219e+01 2.0847293435e-07 5.4979556242e-08 1.5349337811e-07
7.7880859375e+01 2.0897404669e-07 5.5049776712e-08 1.5392426998e-07
7.7941894531e+01 2.0752050130e-07 5.4535130256e-08 1.5298537104e-07
7.8002929688e+01 2.0596906526e-07 5.4181501740e-08 1.5178756352e-07
7.8063964844e+01 2.0274161630e-07 5.3384930651e-08 1.4935668565e-07
7.8125000000e+01 2.0313852000e-07 5.3274405667e-08 1.4986411433e-07
7.8186035156e+01 2.0134040591e-07 5.2757432218e-08 1.4858297369e-07
7.8247070312e+01 1.9876544218e-07 5.2145196517e-08 1.4662024566e-07
7.8308105469e+01 1.9660944822e-07 5.1630447491e-08 1.4497900073e-07
7.8369140625e+01 1.9691967087e-07 5.1450053507e-08 1.4546961737e-07
7.8430175781e+01 1.9827277662e-07 5.1835729227e-08 1.4643704739e-07
7.8491210938e+01 1.9543562830e-07 5.1304107587e-08 1.4413152072e-07
7.8552246094e+01 1.9357435300e-07 5.0675997864e-08 1.4289835514e-07
7.8613281250e+01 1.9386885051e-07 5.0584801798e-08 1.4328404871e-07
7.8674316406e+01 1.9092819270e-07 4.9804665755e-08 1.4112352694e-07
7.8735351562e+01 1.8890313374e-07 4.9543740215e-08 1.3935939353e-07
7.8796386719e+01 1.8669730102e-07 4.9122816403e-08 1.3757448462e-07
7.8857421875e+01 1.8388513740e-07 4.8213200489e-08 1.3567193691e-07
7.8918457031e+01 1.8402272901e-07 4.8115856451e-08 1.3590687256e-07
7.8979492188e+01 1.8240875130e-07 4.7644644825e-08 1.3476410648e-07
7.9040527344e+01 1.8053068284e-07 4.7064214909e-08 1.3346646793e-07
7.9101562500e+01 1.7733586956e-07 4.6305810529e-08 1.3103005903e-07
7.9162597656e+01 1.7645838904e-07 4.6157365851e-08 1.3030102319e-07
7.9223632812e+01 1.7595634491e-07 4.5984983614e-08 1.2997136130e-07
7.9284667969e+01 1.7495213652e-07 4.5715755638e-08 1.2923638088e-07
7.9345703125e+01 1.7458444343e-07 4.5589874272e-08 1.2899456916e-07
7.9406738281e+01 1.7121643692e-07 4.4696910394e-08 1.2651952653e-07
7.9467773438e+01 1.7097588608e-07 4.4548755296e-08 1.2642713078e-07
7.9528808594e+01 1.6993684859e-07 4.4214845892e-08 1.2572200270e-07
7.9589843750e+01 1.6845223748e-07 4.3849538550e-08 1.2460269893e-07
7.9650878906e+01 1.6725719274e-07 4.3574670322e-08 1.2368252242e-07
7.9711914062e+01 1.6535432035e-07 4.3219523755e-08 1.2213479660e-07
7.9772949219e+01 1.6447023006e-07 4.2963767402e-08 1.2150646266e-07
7.9833984375e+01 1.6144682060e-07 4.2186472439e-08 1.1926034816e-07
7.9895019531e+01 1.6043291400e-07 4.1919322577e-08 1.1851359142e-07
7.9956054688e+01 1.5819709918e-07 4.1363568077e-08 1.1683353110e-07
8.0017089844e+01 1.5900224158e-07 4.1546682472e-08 1.1745555910e-07
8.0078125000e+01 1.5813325977e-07 4.1533884529e-08 1.1659937524e-07
8.0139160156e+01 1.5622646339e-07 4.1031952105e-08 1.1519451129e-07
8.0200195312e+01 1.5582670477e-07 4.0816029896e-08 1.1501067488e-07
8.0261230469e+01 1.5399761516e-07 4.0398544612e-08 1.1359907055e-07
8.0322265625e+01 1.5403455843e-07 4.0452838103e-08 1.1358172032e-07
8.0383300781e+01 1.5268208486e-07 4.0142741772e-08 1.1253934309e-07
8.0444335938e+01 1.5157668136e-07 3.9953999534e-08 1.1162268183e-07
8.0505371094e+01 1.5097169167e-07 3.9618505375e-08 1.1135318630e-07
8.0566406250e+01 1.4796954892e-07 3.8962479192e-08 1.0900706973e-07
8.0627441406e+01 1.4616322135e-07 3.8555702705e-08 1.0760751864e-07
8.0688476562e+01 1.4735813224e-07 3.8772585865e-08 1.0858554638e-07
8.0749511719e+01 1.4769777031e-07 3.8806196855e-08 1.0889157346e-07
8.0810546875e+01 1.4650036538e-07 3.8583029163e-08 1.0791733621e-07
8.0871582031e+01 1.4358366455e-07 3.7792223312e-08 1.0579144124e-07
8.0932617188e+01 1.4128336711e-07 3.7188519732e-08 1.0409484738e-07
8.0993652344e+01 1.4057085393e-07 3.6948927714e-08 1.0362192622e-07
8.1054687500e+01 1.4032275909e-07 3.6773608602e-08 1.0354915049e-07
8.1115722656e+01 1.3953874545e-07 3.6615345892e-08 1.0292339956e-07
8.1176757812e+01 1.3847386293e-07 3.6396894477e-08 1.0207696846e-07
8.1237792969e+01 1.3722340722e-07 3.6110903929e-08 1.0111250329e-07
8.1298828125e+01 1.3606002493e-07 3.5727555402e-08 1.0033246953e-07
8.1359863281e+01 1.3566248183e-07 3.5644897160e-08 1.0001758467e-07
8.1420898438e+01 1.3585374165e-07 3.5600682289e-08 1.0025305936e-07
8.1481933594e+01 1.3542253790e-07 3.5402202843e-08 1.0002033505e-07
8.1542968750e+01 1.3248271123e-07 3.4709168198e-08 9.7773543036e-08
8.1604003906e+01 1.3171932521e-07 3.4489778826e-08 9.7229546384e-08
8.1665039062e+01 1.3065188026e-07 3.4108530378e-08 9.6543349881e-08
8.1726074219e+01 1.2966030781e-07 3.3913264752e-08 9.5747043060e-08
8.1787109375e+01 1.2903355030e-07 3.3828465789e-08 9.5205084507e-08
8.1848144531e+01 1.2723891333e-07 3.3374212272e-08 9.3864701057e-08
8.1909179688e+01 1.2674969647e-07 3.3267737886e-08 9.3481958587e-08
8.1970214844e+01 1.2640293904e-07 3.3163440022e-08 9.3239499018e-08
8.2031250000e+01 1.2523351451e-07 3.2677559224e-08 9.2555955281e-08
8.2092285156e+01 1.2362912769e-07 3.2278556604e-08 9.1350571083e-08
8.2153320312e+01 1.2359538498e-07 3.2328216301e-08 9.1267168679e-08
8.2214355469e+01 1.2348026254e-07 3.2281305857e-08 9.1198956683e-08
8.2275390625e+01 1.2197100868e-07 3.1947543290e-08 9.0023465389e-08
8.2336425781e+01 1.2144969605e-07 3.1879109836e-08 8.9570586209e-08
8.2397460938e+01 1.2012927817e-07 3.1502840463e-08 8.8626437712e-08
8.2458496094e+01 1.1865061204e-07 3.1130433697e-08 8.7520178343e-08
8.2519531250e+01 1.1882719291e-07 3.1010565977e-08 8.7816626931e-08
8.2580566406e+01 1.1825163090e-07 3.0828015673e-08 8.7423615230e-08
8.2641601562e+01 1.1716379651e-07 3.0513310869e-08 8.6650485640e-08
8.2702636719e+01 1.1567326842e-07 3.0301187163e-08 8.5372081253e-08
8.2763671875e+01 1.1565989053e-07 3.0295546388e-08 8.5364344141e-08
8.2824707031e+01 1.1491752116e-07 3.0151810995e-08 8.4765710164e-08
8.2885742188e+01 1.1398984437e-07 2.9930195071e-08 8.4059649295e-08
8.2946777344e+01 1.1234702451e-07 2.9406139042e-08 8.2940885470e-08
8.3007812500e+01 1.1131533582e-07 2.9069560666e-08 8.2245775151e-08
8.3068847656e+01 1.1075915800e-07 2.8986426332e-08 8.1772731670e-08
8.3129882812e+01 1.1039194660e-07 2.8902826230e-08 8.1489120373e-08
8.3190917969e+01 1.1056635140e-07 2.8874671090e-08 8.1691680313e-08
8.3251953125e+01 1.0914704200e-07 2.8541359078e-08 8.0605682925e-08
8.3312988281e+01 1.0838484592e-07 2.8356628277e-08 8.0028217647e-08
8.3374023438e+01 1.0833212577e-07 2.8337202810e-08 7.9994922957e-08
8.3435058594e+01 1.0674410399e-07 2.7917926885e-08 7.8826177101e-08
8.3496093750e+01 1.0662281112e-07 2.7824212502e-08 7.8798598622e-08
8.3557128906e+01 1.0640246474e-07 2.7656633352e-08 7.8745831386e-08
8.3618164062e+01 1.0522813131e-07 2.7507619730e-08 7.7720511581e-08
8.3679199219e+01 1.0481381315e-07 2.7499449719e-08 7.7314363428e-08
8.3740234375e+01 1.0362071677e-07 2.7134016678e-08 7.6486700088e-08
8.3801269531e+01 1.0363337946e-07 2.7169489279e-08 7.6463890186e-08
8.3862304688e+01 1.0269885328e-07 2.6880930551e-08 7.5817922729e-08
8.3923339844e+01 1.0148913394e-07 2.6529830561e-08 7.4959303378e-08
8.3984375000e+01 1.0172680486e-07 2.6528862741e-08 7.5197942116e-08
8.4045410156e+01 1.0216810507e-07 2.6519807303e-08 7.5648297763e-08
8.4106445312e+01 1.0159904458e-07 2.6410757199e-08 7.5188287381e-08
8.4167480469e+01 1.0003594614e-07 2.6079871472e-08 7.3956074666e-08
8.4228515625e+01 9.9148728840e-08 2.5836715346e-08 7.3312013495e-08
8.4289550781e+01 9.8831343110e-08 2.5683268716e-08 7.3148074394e-08
8.4350585938e+01 9.7579062429e-08 2.5461578733e-08 7.2117483695e-08
8.4411621094e+01 9.7047353244e-08 2.5306892131e-08 7.1740461113e-08
8.4472656250e+01 9.6293452324e-08 2.5120076704e-08 7.1173375620e-08
8.4533691406e+01 9.5803894013e-08 2.4936821065e-08 7.0867072948e-08
8.4594726562e+01 9.5561359814e-08 2.4857681948e-08 7.0703677865e-08
8.4655761719e+01 9.4538426036e-08 2.4646882814e-08 6.9891543222e-08
8.4716796875e+01 9.3817182213e-08 2.4508645812e-08 6.9308536401e-08
8.4777832031e+01 9.2876805665e-08 2.4361232766e-08 6.8515572898e-08
8.4838867188e+01 9.2162426043e-08 2.4027543267e-08 6.8134882776e-08
8.4899902344e+01 9.1969304504e-08 2.3968289742e-08 6.8001014762e-08
8.4960937500e+01 9.1120983672e-08 2.3831195379e-08 6.7289788293e-08
8.5021972656e+01 8.9861676243e-08 2.3494520248e-08 6.6367155995e-08
8.5083007812e+01 8.8814681787e-08 2.3132443616e-08 6.5682238170e-08
8.5144042969e+01 8.7659461491e-08 2.2918534269e-08 6.4740927222e-08
8.5205078125e+01 8.7802853086e-08 2.2961587098e-08 6.4841265989e-08
8.5266113281e+01 8.7213426149e-08 2.2774552431e-08 6.4438873719e-08
8.5327148438e+01 8.6548830683e-08 2.2671505431e-08 6.3877325252e-08
8.5388183594e+01 8.5292839553e-08 2.2287746583e-08 6.3005092969e-08
8.5449218750e+01 8.3932416409e-08 2.1965331163e-08 6.1967085247e-08
8.5510253906e+01 8.3201683078e-08 2.1769590846e-08 6.1432092232e-08
8.5571289062e+01 8.2561696764e-08 2.1606455272e-08 6.0955241491e-08
8.5632324219e+01 8.1917237990e-08 2.1491070107e-08 6.0426167883e-08
8.5693359375e+01 8.1082936890e-08 2.1362024999e-08 5.9720911891e-08
8.5754394531e+01 8.0998992281e-08 2.1290272135e-08 5.9708720146e-08
8.5815429688e+01 8.0403898505e-08 2.1067937915e-08 5.9335960590e-08
8.5876464844e+01 7.9336853236e-08 2.0792496264e-08 5.8544356972e-08
8.5937500000e+01 7.9407303332e-08 2.0796292943e-08 5.8611010389e-08
8.5998535156e+01 7.9247109539e-08 2.0706840746e-08 5.8540268793e-08
8.6059570312e+01 7.8533033240e-08 2.0543427181e-08 5.7989606059e-08
8.6120605469e+01 7.7738817700e-08 2.0365012499e-08 5.7373805200e-08
8.6181640625e+01 7.6480149964e-08 2.0069878174e-08 5.6410271790e-08
8.6242675781e+01 7.5696659779e-08 1.9927802572e-08 5.5768857207e-08
8.6303710938e+01 7.5461109546e-08 1.9838548947e-08 5.5622560598e-08
8.6364746094e+01 7.5645200051e-08 1.9840634291e-08 5.5804565760e-08
8.6425781250e+01 7.5223699807e-08 1.9755625303e-08 5.5468074504e-08
8.6486816406e+01 7.4306096341e-08 1.9493645471e-08 5.4812450870e-08
8.6547851562e+01 7.3592111439e-08 1.9338901698e-08 5.4253209741e-08
8.6608886719e+01 7.2594239284e-08 1.9103428795e-08 5.3490810489e-08
8.6669921875e+01 7.2541937444e-08 1.9081092109e-08 5.3460845335e-08
8.6730957031e+01 7.2256880792e-08 1.9022732437e-08 5.3234148355e-08
8.6791992188e+01 7.2229801827e-08 1.9001273875e-08 5.3228527952e-08
8.6853027344e+01 7.2186780212e-08 1.9037524053e-08 5.3149256159e-08
8.6914062500e+01 7.1245932153e-08 1.8811270744e-08 5.2434661409e-08
8.6975097656e+01 7.1497546488e-08 1.8787495950e-08 5.2710050538e-08
8.7036132812e+01 7.0492953286e-08 1.8450920765e-08 5.2042032521e-08
8.7097167969e+01 6.9713721826e-08 1.8316498232e-08 5.1397223594e-08
8.7158203125e+01 6.9175954113e-08 1.8199143176e-08 5.0976810936e-08
8.7219238281e+01 6.8985844058e-08 1.8182408389e-08 5.0803435669e-08
8.7280273438e+01 6.8841171296e-08 1.8097332885e-08 5.0743838411e-08
8.7341308594e+01 6.8821445922e-08 1.8013111332e-08 5.0808334589e-08
8.7402343750e+01 6.8250597291e-08 1.7855193202e-08 5.0395404089e-08
8.7463378906e+01 6.7873048936e-08 1.7758283229e-08 5.0114765707e-08
8.7524414062e+01 6.7424321220e-08 1.7582009114e-08 4.9842312105e-08
8.7585449219e+01 6.6330458202e-08 1.7334615613e-08 4.8995842590e-08
8.7646484375e+01 6.5768133738e-08 1.7173718640e-08 4.8594415099e-08
8.7707519531e+01 6.6534036291e-08 1.7407098564e-08 4.9126937727e-08
8.7768554688e+01 6.5706221059e-08 1.7207778223e-08 4.8498442835e-08
8.7829589844e+01 6.5756314367e-08 1.7143951825e-08 4.8612362541e-08
8.7890625000e+01 6.6513008592e-08 1.7319023472e-08 4.9193985120e-08
8.7951660156e+01 6.5602444361e-08 1.7134464861e-08 4.8467979500e-08
8.8012695312e+01 6.5357584538e-08 1.7057911808e-08 4.8299672729e-08
8.8073730469e+01 6.4645185026e-08 1.6893147019e-08 4.7752038007e-08
8.8134765625e+01 6.4393256080e-08 1.6805113833e-08 4.7588142247e-08
8.8195800781e+01 6.4634444717e-08 1.6846120906e-08 4.7788323812e-08
8.8256835938e+01 6.4355473833e-08 1.6781751062e-08 4.7573722771e-08
8.8317871094e+01 6.3959375095e-08 1.6696985973e-08 4.7262389122e-08
8.8378906250e+01 6.2814222448e-08 1.6395097790e-08 4.6419124659e-08
8.8439941406e+01 6.2451144859e-08 1.6305840749e-08 4.6145304111e-08
8.8500976562e+01 6.2495137626e-08 1.6278003477e-08 4.6217134149e-08
8.8562011719e+01 6.2368908124e-08 1.6299544488e-08 4.6069363636e-08
8.8623046875e+01 6.1976378454e-08 1.6175606433e-08 4.5800772021e-08
8.8684082031e+01 6.1533368508e-08 1.6032829325e-08 4.5500539183e-08
8.8745117188e+01 6.1472040796e-08 1.6028345258e-08 4.5443695538e-08
8.8806152344e+01 6.1604424102e-08 1.6076219806e-08 4.5528204296e-08
8.8867187500e+01 6.0993054573e-08 1.5913434669e-08 4.5079619904e-08
8.8928222656e+01 6.0127286553e-08 1.5730831037e-08 4.4396455516e-08
8.8989257812e+01 5.9003443253e-08 1.5400945403e-08 4.3602497850e-08
8.9050292969e+01 5.9000959434e-08 1.5341508192e-08 4.3659451242e-08
8.9111328125e+01 5.8869442007e-08 1.5348008953e-08 4.3521433054e-08
8.9172363281e+01 5.8453859438e-08 1.5233459253e-08 4.3220400185e-08
8.9233398438e+01 5.7861340155e-08 1.5078016727e-08 4.2783323428e-08
8.9294433594e+01 5.7327308336e-08 1.4911478281e-08 4.2415830055e-08
8.9355468750e+01 5.7989063469e-08 1.5009428404e-08 4.2979635066e-08
8.9416503906e+01 5.8140009620e-08 1.5037570686e-08 4.3102438934e-08
8.9477539062e+01 5.7704892475e-08 1.4946363439e-08 4.2758529036e-08
8.9538574219e+01 5.7317477033e-08 1.4844495741e-08 4.2472981292e-08
8.9599609375e+01 5.7307723909e-08 1.4808149137e-08 4.2499574772e-08
8.9660644531e+01 5.6916483231e-08 1.4731229628e-08 4.2185253603e-08
8.9721679688e+01 5.7161238403e-08 1.4750021675e-08 4.2411216728e-08
8.9782714844e+01 5.6497404794e-08 1.4544646114e-08 4.1952758680e-08
8.9843750000e+01 5.6233027317e-08 1.4478375368e-08 4.1754651948e-08
8.9904785156e+01 5.5784997690e-08 1.4374654091e-08 4.1410343599e-08
8.9965820312e+01 5.5598232057e-08 1.4352718967e-08 4.1245513090e-08
9.0026855469e+01 5.5629650837e-08 1.4339881322e-08 4.1289769515e-08
9.0087890625e+01 5.5197605091e-08 1.4212774955e-08 4.0984830137e-08
9.0148925781e+01 5.4505373765e-08 1.4074477371e-08 4.0430896394e-08
9.0209960938e+01 5.4540331282e-08 1.4060316323e-08 4.0480014959e-08
9.0270996094e+01 5.4555994129e-08 1.4030640414e-08 4.0525353715e-08
9.0332031250e+01 5.3986349803e-08 1.3882456212e-08 4.0103893591e-08
9.0393066406e+01 5.3282435107e-08 1.3703873173e-08 3.9578561933e-08
9.0454101562e+01 5.3129864745e-08 1.3690097528e-08 3.9439767218e-08
9.0515136719e+01 5.3220173374e-08 1.3723634865e-08 3.9496538509e-08
9.0576171875e+01 5.3113981322e-08 1.3692255601e-08 3.9421725722e-08
9.0637207031e+01 5.2334171822e-08 1.3440469560e-08 3.8893702262e-08
9.0698242188e+01 5.2191761009e-08 1.3397568310e-08 3.8794192699e-08
9.0759277344e+01 5.2263614706e-08 1.3392430335e-08 3.8871184370e-08
9.0820312500e+01 5.1917611617e-08 1.3326071695e-08 3.8591539922e-08
9.0881347656e+01 5.1351732215e-08 1.3212527116e-08 3.8139205098e-08
9.0942382812e+01 5.0270494371e-08 1.2931959384e-08 3.7338534988e-08
9.1003417969e+01 4.9412559370e-08 1.2741206632e-08 3.6671352738e-08
9.1064453125e+01 4.9052365301e-08 1.2669528303e-08 3.6382836998e-08
9.1125488281e+01 4.8589852396e-08 1.2535222515e-08 3.6054629881e-08
9.1186523438e+01 4.8717666343e-08 1.2591768579e-08 3.6125897764e-08
9.1247558594e+01 4.8066640744e-08 1.2399218249e-08 3.5667422495e-08
9.1308593750e+01 4.7718784961e-08 1.2340250160e-08 3.5378534802e-08
9.1369628906e+01 4.7391146272e-08 1.2243375805e-08 3.5147770467e-08
9.1430664062e+01 4.7145201732e-08 1.2220031176e-08 3.4925170556e-08
9.1491699219e+01 4.6153370333e-08 1.1929791665e-08 3.4223578668e-08
9.1552734375e+01 4.5858273959e-08 1.1885079197e-08 3.3973194762e-08
9.1613769531e+01 4.6033666614e-08 1.1952608872e-08 3.4081057742e-08
9.1674804688e+01 4.5635647586e-08 1.1867158231e-08 3.3768489355e-08
9.1735839844e+01 4.5378900654e-08 1.1797857155e-08 3.3581043499e-08
9.1796875000e+01 4.4955876338e-08 1.1693594393e-08 3.3262281945e-08
9.1857910156e+01 4.4526077314e-08 1.1598354683e-08 3.2927722631e-08
9.1918945312e+01 4.4118688582e-08 1.1485635186e-08 3.2633053396e-08
9.1979980469e+01 4.3900280365e-08 1.1460802185e-08 3.2439478180e-08
9.2041015625e+01 4.3565361992e-08 1.1391984836e-08 3.2173377155e-08
9.2102050781e+01 4.3289524997e-08 1.1282345430e-08 3.2007179567e-08
9.2163085938e+01 4.2801171627e-08 1.1122917481e-08 3.1678254146e-08
9.2224121094e+01 4.2616497225e-08 1.1071080888e-08 3.1545416337e-08
9.2285156250e+01 4.2545608676e-08 1.1059693006e-08 3.1485915670e-08
9.2346191406e+01 4.2210532106e-08 1.0946231099e-08 3.1264301007e-08
9.2407226562e+01 4.1860390962e-08 1.0867669916e-08 3.0992721047e-08
9.2468261719e+01 4.1965624898e-08 1.0900544703e-08 3.1065080194e-08
9.2529296875e+01 4.1658822163e-08 1.0830756472e-08 3.0828065691e-08
9.2590332031e+01 4.1537071448e-08 1.0798278326e-08 3.0738793122e-08
9.2651367188e+01 4.1311460576e-08 1.0731501466e-08 3.0579959110e-08
9.2712402344e+01 4.0863196956e-08 1.0628779531e-08 3.0234417426e-08
9.2773437500e+01 4.0627808541e-08 1.0605294280e-08 3.0022514261e-08
9.2834472656e+01 4.0116774534e-08 1.0467745861e-08 2.9649028673e-08
9.2895507812e+01 3.9976183888e-08 1.0411586062e-08 2.9564597826e-08
9.2956542969e+01 3.9642349129e-08 1.0282574837e-08 2.9359774292e-08
9.3017578125e+01 3.9314547876e-08 1.0240594445e-08 2.9073953431e-08
9.3078613281e+01 3.8840608323e-08 1.0126232699e-08 2.8714375624e-08
9.3139648438e+01 3.8548744831e-08 1.0061844049e-08 2.8486900782e-08
9.3200683594e+01 3.8136526040e-08 9.9735974581e-09 2.8162928582e-08
9.3261718750e+01 3.7980096158e-08 9.9364425781e-09 2.8043653580e-08
9.3322753906e+01 3.7673104456e-08 9.8497370583e-09 2.7823367398e-08
9.3383789062e+01 3.7132166097e-08 9.7484518160e-09 2.7383714281e-08
9.3444824219e+01 3.6994143222e-08 9.7158111237e-09 2.7278332099e-08
9.3505859375e+01 3.6580692393e-08 9.5760631492e-09 2.7004629244e-08
9.3566894531e+01 3.6300411934e-08 9.5160195255e-09 2.6784392408e-08
9.3627929688e+01 3.5904139278e-08 9.4175643434e-09 2.6486574935e-08
9.3688964844e+01 3.5809934450e-08 9.4036320253e-09 2.6406302425e-08
9.3750000000e+01 3.5331103858e-08 9.3041134351e-09 2.6026990423e-08
9.3811035156e+01 3.5142973310e-08 9.2459858376e-09 2.5896987472e-08
9.3872070312e+01 3.4938005740e-08 9.1913915826e-09 2.5746614158e-08
9.3933105469e+01 3.4600061775e-08 9.1322433641e-09 2.5467818411e-08
9.3994140625e+01 3.4222946670e-08 9.0212382437e-09 2.5201708426e-08
9.4055175781e+01 3.4309716252e-08 9.0628694602e-09 2.5246846792e-08
9.4116210938e+01 3.3972549449e-08 8.9919335366e-09 2.4980615912e-08
9.4177246094e+01 3.3908558985e-08 8.9656113390e-09 2.4942947646e-08
9.4238281250e+01 3.3635985832e-08 8.9068762411e-09 2.4729109591e-08
9.4299316406e+01 3.3087063583e-08 8.7726912745e-09 2.4314372308e-08
9.4360351562e+01 3.2583858425e-08 8.6557086096e-09 2.3928149815e-08
9.4421386719e+01 3.2474900364e-08 8.6246004752e-09 2.3850299889e-08
9.4482421875e+01 3.2500315290e-08 8.5997114129e-09 2.3900603877e-08
9.4543457031e+01 3.2288862489e-08 8.5183370618e-09 2.3770525427e-08
9.4604492188e+01 3.1973485225e-08 8.4695040785e-09 2.3503981147e-08
9.4665527344e+01 3.1731868771e-08 8.4291513992e-09 2.3302717372e-08
9.4726562500e+01 3.1615655299e-08 8.3815591783e-09 2.3234096121e-08
9.4787597656e+01 3.1598969132e-08 8.3793972419e-09 2.3219571890e-08
9.4848632812e+01 3.1443725948e-08 8.3630790745e-09 2.3080646873e-08
9.4909667969e+01 3.0893067845e-08 8.2207285003e-09 2.2672339345e-08
9.4970703125e+01 3.0900287434e-08 8.2003521678e-09 2.2699935266e-08
9.5031738281e+01 3.0920295822e-08 8.1798353141e-09 2.2740460508e-08
9.5092773438e+01 3.0707624939e-08 8.1509144674e-09 2.2556710472e-08
9.5153808594e+01 3.0355632411e-08 8.0861544886e-09 2.2269477922e-08
9.5214843750e+01 3.0372606889e-08 8.0708354310e-09 2.2301771458e-08
9.5275878906e+01 3.0277273266e-08 8.0342973083e-09 2.2242975957e-08
9.5336914062e+01 3.0187714486e-08 7.9984592357e-09 2.2189255251e-08
9.5397949219e+01 3.0191615729e-08 8.0070968318e-09 2.2184518898e-08
9.5458984375e+01 3.0062245779e-08 7.9914267469e-09 2.2070819032e-08
9.5520019531e+01 2.9745672151e-08 7.8807676844e-09 2.1864904467e-08
9.5581054688e+01 2.9497148746e-08 7.8354797910e-09 2.1661668955e-08
9.5642089844e+01 2.9409560214e-08 7.8244374091e-09 2.1585122805e-08
9.5703125000e+01 2.9379615960e-08 7.7913821894e-09 2.1588233770e-08
9.5764160156e+01 2.9252014349e-08 7.7450196438e-09 2.1506994705e-08
9.5825195312e+01 2.9053858279e-08 7.7036463778e-09 2.1350211902e-08
9.5886230469e+01 2.8909468555e-08 7.6556368548e-09 2.1253831700e-08
9.5947265625e+01 2.8664375658e-08 7.5857250251e-09 2.1078650633e-08
9.6008300781e+01 2.8307605658e-08 7.4926668068e-09 2.0814938852e-08
9.6069335938e+01 2.8113119615e-08 7.4479173682e-09 2.0665202247e-08
9.6130371094e+01 2.8067716261e-08 7.4250000677e-09 2.0642716193e-08
9.6191406250e+01 2.8035520764e-08 7.4091472095e-09 2.0626373554e-08
9.6252441406e+01 2.7770295102e-08 7.3364250505e-09 2.0433870052e-08
9.6313476562e+01 2.7557545664e-08 7.2592409825e-09 2.0298304681e-08
9.6374511719e+01 2.7422205753e-08 7.2239169302e-09 2.0198288823e-08
9.6435546875e+01 2.7029059008e-08 7.1347047117e-09 1.9894354296e-08
9.6496582031e+01 2.6628736384e-08 7.0221974483e-09 1.9606538936e-08
9.6557617188e+01 2.6591051489e-08 7.0104721063e-09 1.9580579383e-08
9.6618652344e+01 2.6335313682e-08 6.9305492076e-09 1.9404764474e-08
9.6679687500e+01 2.6073879599e-08 6.8677270846e-09 1.9206152514e-08
9.6740722656e+01 2.5771324386e-08 6.7815018439e-09 1.8989822542e-08
9.6801757812e+01 2.5830658784e-08 6.8102211613e-09 1.9020437623e-08
9.6862792969e+01 2.5696138547e-08 6.7848987141e-09 1.8911239833e-08
9.6923828125e+01 2.5269229030e-08 6.6608567502e-09 1.8608372280e-08
9.6984863281e+01 2.5312445659e-08 6.6720165107e-09 1.8640429148e-08
9.7045898438e+01 2.5058812185e-08 6.6135678774e-09 1.8445244308e-08
9.7106933594e+01 2.5058502361e-08 6.5924557273e-09 1.8466046633e-08
9.7167968750e+01 2.4771796565e-08 6.5246688376e-09 1.8247127727e-08
9.7229003906e+01 2.4457900764e-08 6.4527474240e-09 1.8005153340e-08
9.7290039062e+01 2.4359346660e-08 6.4250573112e-09 1.7934289349e-08
9.7351074219e+01 2.4178959778e-08 6.3648905381e-09 1.7814069240e-08
9.7412109375e+01 2.4073367817e-08 6.3428189044e-09 1.7730548913e-08
9.7473144531e+01 2.3984551500e-08 6.3130840011e-09 1.7671467499e-08
9.7534179688e+01 2.4004826826e-08 6.3074207055e-09 1.7697406120e-08
9.7595214844e+01 2.3844176296e-08 6.2451184046e-09 1.7599057892e-08
9.7656250000e+01 2.3730723491e-08 6.2053925361e-09 1.7525330954e-08
9.7717285156e+01 2.3571880428e-08 6.1646189538e-09 1.7407261474e-08
9.7778320312e+01 2.3348854332e-08 6.0960267401e-09 1.7252827592e-08
9.7839355469e+01 2.3262059853e-08 6.0681708984e-09 1.7193888955e-08
9.7900390625e+01 2.3202131587e-08 6.0406985301e-09 1.7161433057e-08
9.7961425781e+01 2.2948063089e-08 5.9785140316e-09 1.6969549057e-08
9.8022460938e+01 2.2882075088e-08 5.9733889809e-09 1.6908686107e-08
9.8083496094e+01 2.2678894407e-08 5.8896656547e-09 1.6789228752e-08
9.8144531250e+01 2.2709020060e-08 5.9126611309e-09 1.6796358930e-08
9.8205566406e+01 2.2657657664e-08 5.9060369355e-09 1.6751620728e-08
9.8266601562e+01 2.2846007568e-08 5.9582172379e-09 1.6887790330e-08
9.8327636719e+01 2.2607482549e-08 5.8828868743e-09 1.6724595675e-08
9.8388671875e+01 2.2477148060e-08 5.8367719325e-09 1.6640376128e-08
9.8449707031e+01 2.2375400933e-08 5.8143549384e-09 1.6561045995e-08
9.8510742188e+01 2.2111476018e-08 5.7419194429e-09 1.6369556575e-08
9.8571777344e+01 2.2058389625e-08 5.7337201666e-09 1.6324669458e-08
9.8632812500e+01 2.1814280495e-08 5.6711903385e-09 1.6143090157e-08
9.8693847656e+01 2.1641859035e-08 5.6296636176e-09 1.6012195418e-08
9.8754882812e+01 2.1465141912e-08 5.5922281600e-09 1.5872913752e-08
9.8815917969e+01 2.1519819664e-08 5.5946576588e-09 1.5925162005e-08
9.8876953125e+01 2.1620788005e-08 5.6342641415e-09 1.5986523864e-08
9.8937988281e+01 2.1403355156e-08 5.5750789718e-09 1.5828276184e-08
9.8999023438e+01 2.1273211120e-08 5.5526095392e-09 1.5720601580e-08
9.9060058594e+01 2.1090640056e-08 5.5107895658e-09 1.5579850490e-08
9.9121093750e+01 2.1073303293e-08 5.4899666658e-09 1.5583336628e-08
9.9182128906e+01 2.0780692641e-08 5.4154520177e-09 1.5365240623e-08
9.9243164062e+01 2.0387285888e-08 5.3229950372e-09 1.5064290851e-08
9.9304199219e+01 2.0416534066e-08 5.3296134052e-09 1.5086920661e-08
9.9365234375e+01 2.0125320361e-08 5.2596160010e-09 1.4865704360e-08
9.9426269531e+01 2.0009628542e-08 5.2251557407e-09 1.4784472801e-08
9.9487304688e+01 1.9887766736e-08 5.2026255811e-09 1.4685141155e-08
9.9548339844e+01 1.9734308768e-08 5.1561949097e-09 1.4578113858e-08
9.9609375000e+01 1.9661540295e-08 5.1285325872e-09 1.4533007707e-08
9.9670410156e+01 1.9433048090e-08 5.0673538372e-09 1.4365694252e-08
9.9731445312e+01 1.9278893669e-08 5.0364730318e-09 1.4242420637e-08
9.9792480469e+01 1.9114243380e-08 5.0054979205e-09 1.4108745460e-08
9.9853515625e+01 1.9080024809e-08 5.0125704376e-09 1.4067454371e-08
9.9914550781e+01 1.8860202502e-08 4.9532699628e-09 1.3906932540e-08
9.9975585938e+01 1.8786866872e-08 4.9211903536e-09 1.3865676519e-08
1.0003662109e+02 1.8644634702e-08 4.8939295457e-09 1.3750705157e-08
1.0009765625e+02 1.8334268584e-08 4.8082343751e-09 1.3526034209e-08
1.0015869141e+02 1.8292622299e-08 4.7957778582e-09 1.3496844441e-08
1.0021972656e+02 1.8264298441e-08 4.7945698054e-09 1.3469728635e-08
1.0028076172e+02 1.8172780984e-08 4.7586648280e-09 1.3414116156e-08
1.0034179688e+02 1.8058797370e-08 4.7095234290e-09 1.3349273941e-08
1.0040283203e+02 1.7854857627e-08 4.6643867675e-09 1.3190470859e-08
1.0046386719e+02 1.7885873989e-08 4.6846702052e-09 1.3201203784e-08
1.0052490234e+02 1.7631651992e-08 4.6208369878e-09 1.3010815004e-08
1.0058593750e+02 1.7613783384e-08 4.6061057591e-09 1.3007677625e-08
1.0064697266e+02 1.7375832043e-08 4.5293282570e-09 1.2846503786e-08
1.0070800781e+02 1.7121943116e-08 4.4778779425e-09 1.2644065174e-08
1.0076904297e+02 1.7063111656e-08 4.4709007466e-09 1.2592210909e-08
1.0083007812e+02 1.6913238828e-08 4.4247592190e-09 1.2488479609e-08
1.0089111328e+02 1.6893636289e-08 4.4157039142e-09 1.2477932375e-08
1.0095214844e+02 1.6712493388e-08 4.3593755238e-09 1.2353117865e-08
1.0101318359e+02 1.6738893887e-08 4.3792308610e-09 1.2359663026e-08
1.0107421875e+02 1.6579845175e-08 4.3557786594e-09 1.2224066515e-08
1.0113525391e+02 1.6630026729e-08 4.3666287743e-09 1.2263397954e-08
1.0119628906e+02 1.6512736738e-08 4.3182220610e-09 1.2194514677e-08
1.0125732422e+02 1.6272613919e-08 4.2609475094e-09 1.2011666410e-08
1.0131835938e+02 1.6271226739e-08 4.2621693608e-09 1.2009057378e-08
1.0137939453e+02 1.6149457926e-08 4.2231697948e-09 1.1926288131e-08
1.0144042969e+02 1.6032742991e-08 4.1997635809e-09 1.1832979410e-08
1.0150146484e+02 1.5735218676e-08 4.1275368237e-09 1.1607681852e-08
1.0156250000e+02 1.5654972985e-08 4.0986619404e-09 1.1556311045e-08
1.0162353516e+02 1.5794403062e-08 4.1300790233e-09 1.1664324038e-08
1.0168457031e+02 1.5807825685e-08 4.1530745308e-09 1.1654751154e-08
1.0174560547e+02 1.5756888706e-08 4.1438522980e-09 1.1613036408e-08
1.0180664062e+02 1.5702151009e-08 4.1235271974e-09 1.1578623812e-08
1.0186767578e+02 1.5517648992e-08 4.0707842847e-09 1.1446864707e-08
1.0192871094e+02 1.5391960807e-08 4.0501379749e-09 1.1341822832e-08
1.0198974609e+02 1.5426513921e-08 4.0506526694e-09 1.1375861251e-08
1.0205078125e+02 1.5516932398e-08 4.0778784934e-09 1.1439053904e-08
1.0211181641e+02 1.5298717558e-08 4.0222429578e-09 1.1276474600e-08
1.0217285156e+02 1.5173625556e-08 3.9960080098e-09 1.1177617546e-08
1.0223388672e+02 1.5111977215e-08 3.9942680825e-09 1.1117709133e-08
1.0229492188e+02 1.4937073401e-08 3.9417833322e-09 1.0995290069e-08
1.0235595703e+02 1.4959236938e-08 3.9476791749e-09 1.1011557763e-08
1.0241699219e+02 1.4897578627e-08 3.9322469757e-09 1.0965331652e-08
1.0247802734e+02 1.4893438332e-08 3.9376043767e-09 1.0955833956e-08
1.0253906250e+02 1.4759988704e-08 3.8959850053e-09 1.0864003699e-08
1.0260009766e+02 1.4800625324e-08 3.8874528498e-09 1.0913172474e-08
1.0266113281e+02 1.4784523293e-08 3.8954564905e-09 1.0889066802e-08
1.0272216797e+02 1.4720362066e-08 3.8777062592e-09 1.0842655807e-08
1.0278320312e+02 1.4504322527e-08 3.8221682026e-09 1.0682154324e-08
1.0284423828e+02 1.4297219546e-08 3.7565741904e-09 1.0540645356e-08
1.0290527344e+02 1.4377431098e-08 3.8002772075e-09 1.0577153890e-08
1.0296630859e+02 1.4248932445e-08 3.7650606959e-09 1.0483871749e-08
1.0302734375e+02 1.4194998497e-08 3.7403344206e-09 1.0454664077e-08
1.0308837891e+02 1.4085989474e-08 3.7014552586e-09 1.0384534216e-08
1.0314941406e+02 1.4070062675e-08 3.7066480209e-09 1.0363414654e-08
1.0321044922e+02 1.3945489388e-08 3.6689086909e-09 1.0276580697e-08
1.0327148438e+02 1.3778435360e-08 3.6277898348e-09 1.0150645525e-08
1.0333251953e+02 1.3731332422e-08 3.6132018096e-09 1.0118130613e-08
1.0339355469e+02 1.3704926575e-08 3.6066532394e-09 1.0098273336e-08
1.0345458984e+02 1.3587066169e-08 3.5741140249e-09 1.0012952144e-08
1.0351562500e+02 1.3462077038e-08 3.5350205240e-09 9.9270565140e-09
1.0357666016e+02 1.3315331350e-08 3.4935296123e-09 9.8218017376e-09
1.0363769531e+02 1.3326055645e-08 3.4991110325e-09 9.8269446123e-09
1.0369873047e+02 1.3236204286e-08 3.4758761874e-09 9.7603280985e-09
1.0375976562e+02 1.3220805275e-08 3.4752479269e-09 9.7455573484e-09
1.0382080078e+02 1.3048073796e-08 3.4319360194e-09 9.6161377768e-09
1.0388183594e+02 1.3011447051e-08 3.4097937821e-09 9.6016532689e-09
1.0394287109e+02 1.2886780571e-08 3.3748372844e-09 9.5119432862e-09
1.0400390625e+02 1.2744064055e-08 3.3458411645e-09 9.3982228907e-09
1.0406494141e+02 1.2820922853e-08 3.3665480560e-09 9.4543747972e-09
1.0412597656e+02 1.2612210325e-08 3.3109075662e-09 9.3013027591e-09
1.0418701172e+02 1.2572948406e-08 3.3101075678e-09 9.2628408384e-09
1.0424804688e+02 1.2439035114e-08 3.2856392938e-09 9.1533958207e-09
1.0430908203e+02 1.2361174241e-08 3.2793659533e-09 9.0818082877e-09
1.0437011719e+02 1.2286032757e-08 3.2492392766e-09 9.0367934805e-09
1.0443115234e+02 1.2225675641e-08 3.2269037886e-09 8.9987718526e-09
1.0449218750e+02 1.2250807518e-08 3.2367552812e-09 9.0140522371e-09
1.0455322266e+02 1.2107871064e-08 3.1969710631e-09 8.9109000008e-09
1.0461425781e+02 1.2047659041e-08 3.1859328754e-09 8.8617261653e-09
1.0467529297e+02 1.2007476650e-08 3.1793036314e-09 8.8281730182e-09
1.0473632812e+02 1.1982065854e-08 3.1744123827e-09 8.8076534718e-09
1.0479736328e+02 1.1999806529e-08 3.1748875851e-09 8.8249189444e-09
1.0485839844e+02 1.1762345312e-08 3.1069048683e-09 8.6554404437e-09
1.0491943359e+02 1.1629788264e-08 3.0734375567e-09 8.5563507072e-09
1.0498046875e+02 1.1486392958e-08 3.0290564139e-09 8.4573365443e-09
1.0504150391e+02 1.1454727915e-08 3.0090145182e-09 8.4457133973e-09
1.0510253906e+02 1.1483777717e-08 3.0277064471e-09 8.4560712701e-09
1.0516357422e+02 1.1342273628e-08 2.9918557833e-09 8.3504178452e-09
1.0522460938e+02 1.1441252131e-08 3.0199304216e-09 8.4213217090e-09
1.0528564453e+02 1.1176034062e-08 2.9559255116e-09 8.2201085501e-09
1.0534667969e+02 1.1241012836e-08 2.9733183118e-09 8.2676945239e-09
1.0540771484e+02 1.1253933672e-08 2.9683208425e-09 8.2856128293e-09
1.0546875000e+02 1.1156076686e-08 2.9383761972e-09 8.2177004886e-09
1.0552978516e+02 1.1148217885e-08 2.9283329588e-09 8.2198849265e-09
1.0559082031e+02 1.1024770700e-08 2.8954433155e-09 8.1293273847e-09
1.0565185547e+02 1.1034694930e-08 2.9032587873e-09 8.1314361422e-09
1.0571289062e+02 1.0889368446e-08 2.8633356965e-09 8.0260327491e-09
1.0577392578e+02 1.0830173844e-08 2.8507517577e-09 7.9794220859e-09
1.0583496094e+02 1.0806113089e-08 2.8448002166e-09 7.9613128722e-09
1.0589599609e+02 1.0816194155e-08 2.8353431430e-09 7.9808510115e-09
1.0595703125e+02 1.0853486755e-08 2.8486386854e-09 8.0048480693e-09
1.0601806641e+02 1.0702088641e-08 2.8196943162e-09 7.8823943247e-09
1.0607910156e+02 1.0610555453e-08 2.7915605509e-09 7.8189949017e-09
1.0614013672e+02 1.0532873842e-08 2.7750461632e-09 7.7578276792e-09
1.0620117188e+02 1.0378055302e-08 2.7310177630e-09 7.6470375389e-09
1.0626220703e+02 1.0397619835e-08 2.7385287536e-09 7.6590910813e-09
1.0632324219e+02 1.0250904233e-08 2.6971721448e-09 7.5537320878e-09
1.0638427734e+02 1.0240972480e-08 2.6962195896e-09 7.5447528901e-09
1.0644531250e+02 1.0142296006e-08 2.6625960291e-09 7.4796999771e-09
1.0650634766e+02 1.0202015054e-08 2.6725176134e-09 7.5294974409e-09
1.0656738281e+02 1.0181622949e-08 2.6637737615e-09 7.5178491870e-09
1.0662841797e+02 1.0016042033e-08 2.6267687667e-09 7.3892732659e-09
1.0668945312e+02 1.0030145557e-08 2.6356653220e-09 7.3944802352e-09
1.0675048828e+02 9.9850419890e-09 2.6277258654e-09 7.3573161236e-09
1.0681152344e+02 1.0023532234e-08 2.6312710127e-09 7.3922612216e-09
1.0687255859e+02 9.8720948159e-09 2.5876822806e-09 7.2844125353e-09
1.0693359375e+02 9.7996168170e-09 2.5735522073e-09 7.2260646097e-09
1.0699462891e+02 9.6810911448e-09 2.5431045276e-09 7.1379866172e-09
1.0705566406e+02 9.6395500289e-09 2.5302216759e-09 7.1093283530e-09
1.0711669922e+02 9.6357119818e-09 2.5256960474e-09 7.1100159344e-09
1.0717773438e+02 9.5171641981e-09 2.4998232158e-09 7.0173409823e-09
1.0723876953e+02 9.4706898013e-09 2.4905909134e-09 6.9800988879e-09
1.0729980469e+02 9.3569772975e-09 2.4611139860e-09 6.8958633115e-09
1.0736083984e+02 9.3174924384e-09 2.4462124422e-09 6.8712799961e-09
1.0742187500e+02 9.3160813486e-09 2.4449110822e-09 6.8711702664e-09
1.0748291016e+02 9.1855959374e-09 2.4141999549e-09 6.7713959824e-09
1.0754394531e+02 9.1817240398e-09 2.4151831886e-09 6.7665408512e-09
1.0760498047e+02 9.1526432555e-09 2.4093283034e-09 6.7433149521e-09
1.0766601562e+02 9.2103969647e-09 2.4303324309e-09 6.7800645339e-09
1.0772705078e+02 9.1287406573e-09 2.4105900532e-09 6.7181506041e-09
1.0778808594e+02 9.0275171462e-09 2.3767002796e-09 6.6508168665e-09
1.0784912109e+02 9.0351157405e-09 2.3804710534e-09 6.6546446871e-09
1.0791015625e+02 8.9702500121e-09 2.3591962122e-09 6.6110538000e-09
1.0797119141e+02 8.9918580878e-09 2.3592932243e-09 6.6325648635e-09
1.0803222656e+02 8.8164194471e-09 2.3103742158e-09 6.5060452314e-09
1.0809326172e+02 8.7212989977e-09 2.2915811593e-09 6.4297178384e-09
1.0815429688e+02 8.6497843631e-09 2.2759652895e-09 6.3738190736e-09
1.0821533203e+02 8.6209771300e-09 2.2671787692e-09 6.3537983608e-09
1.0827636719e+02 8.6798122629e-09 2.2752098980e-09 6.4046023649e-09
1.0833740234e+02 8.6231607787e-09 2.2561892859e-09 6.3669714928e-09
1.0839843750e+02 8.6342221951e-09 2.2651871797e-09 6.3690350154e-09
1.0845947266e+02 8.5369726803e-09 2.2384674020e-09 6.2985052783e-09
1.0852050781e+02 8.5084400253e-09 2.2257640613e-09 6.2826759640e-09
1.0858154297e+02 8.5535115243e-09 2.2329510861e-09 6.3205604382e-09
1.0864257812e+02 8.4682195089e-09 2.2206237027e-09 6.2475958062e-09
1.0870361328e+02 8.3320466166e-09 2.1959325216e-09 6.1361140950e-09
1.0876464844e+02 8.1883258642e-09 2.1514350253e-09 6.0368908389e-09
1.0882568359e+02 8.2279336035e-09 2.1503918652e-09 6.0775417383e-09
1.0888671875e+02 8.2558629228e-09 2.1605139013e-09 6.0953490214e-09
1.0894775391e+02 8.1720951443e-09 2.1434129554e-09 6.0286821889e-09
1.0900878906e+02 8.0944386759e-09 2.1199626579e-09 5.9744760180e-09
1.0906982422e+02 7.9497097500e-09 2.0786371553e-09 5.8710725948e-09
1.0913085938e+02 8.0452568721e-09 2.1053515494e-09 5.9399053227e-09
1.0919189453e+02 7.9574367105e-09 2.0855553319e-09 5.8718813787e-09
1.0925292969e+02 7.9351221488e-09 2.0897384824e-09 5.8453836664e-09
1.0931396484e+02 7.9396224379e-09 2.0855448474e-09 5.8540775904e-09
1.0937500000e+02 7.8666183548e-09 2.0579983225e-09 5.8086200323e-09
1.0943603516e+02 7.8768295225e-09 2.0646653752e-09 5.8121641473e-09
1.0949707031e+02 7.7575678484e-09 2.0358122998e-09 5.7217555486e-09
1.0955810547e+02 7.7499373984e-09 2.0340757390e-09 5.7158616594e-09
1.0961914062e+02 7.6446373141e-09 2.0122827872e-09 5.6323545268e-09
1.0968017578e+02 7.6377833789e-09 2.0038384762e-09 5.6339449026e-09
1.0974121094e+02 7.6480983011e-09 1.9989443752e-09 5.6491539259e-09
1.0980224609e+02 7.5254864398e-09 1.9681566192e-09 5.5573298207e-09
1.0986328125e+02 7.4572939704e-09 1.9559057823e-09 5.5013881881e-09
1.0992431641e+02 7.3634444496e-09 1.9319608234e-09 5.4314836262e-09
1.0998535156e+02 7.3657561430e-09 1.9306239617e-09 5.4351321813e-09
1.1004638672e+02 7.3753982358e-09 1.9304295866e-09 5.4449686493e-09
1.1010742188e+02 7.2214149022e-09 1.8933860947e-09 5.3280288075e-09
1.1016845703e+02 7.1657346633e-09 1.8799314275e-09 5.2858032358e-09
1.1022949219e+02 7.1709915307e-09 1.8777329245e-09 5.2932586061e-09
1.1029052734e+02 7.1629889977e-09 1.8772081044e-09 5.2857808933e-09
1.1035156250e+02 7.1255250413e-09 1.8694368146e-09 5.2560882267e-09
1.1041259766e+02 7.0576284853e-09 1.8495562777e-09 5.2080722076e-09
1.1047363281e+02 7.0310381215e-09 1.8468754311e-09 5.1841626904e-09
1.1053466797e+02 6.9280592518e-09 1.8222269766e-09 5.1058322752e-09
1.1059570312e+02 6.8846427066e-09 1.8077236573e-09 5.0769190494e-09
1.1065673828e+02 6.8328895623e-09 1.7941311591e-09 5.0387584032e-09
1.1071777344e+02 6.8074897214e-09 1.7850653727e-09 5.0224243487e-09
1.1077880859e+02 6.7266198157e-09 1.7691380595e-09 4.9574817562e-09
1.1083984375e+02 6.6863810278e-09 1.7611709276e-09 4.9252101001e-09
1.1090087891e+02 6.7099528385e-09 1.7657740629e-09 4.9441787756e-09
1.1096191406e+02 6.6276890065e-09 1.7407570838e-09 4.8869319227e-09
1.1102294922e+02 6.5334701831e-09 1.7240527485e-09 4.8094174346e-09
1.1108398438e+02 6.4867391359e-09 1.7129699812e-09 4.7737691548e-09
1.1114501953e+02 6.4565055649e-09 1.7079078150e-09 4.7485977499e-09
1.1120605469e+02 6.4304196106e-09 1.7013610943e-09 4.7290585163e-09
1.1126708984e+02 6.3850762423e-09 1.6864068491e-09 4.6986693932e-09
1.1132812500e+02 6.2972431010e-09 1.6663230235e-09 4.6309200775e-09
1.1138916016e+02 6.3319417185e-09 1.6737008837e-09 4.6582408348e-09
1.1145019531e+02 6.3044620864e-09 1.6673016994e-09 4.6371603870e-09
1.1151123047e+02 6.2178564030e-09 1.6447145299e-09 4.5731418731e-09
1.1157226562e+02 6.1311403626e-09 1.6146911956e-09 4.5164491670e-09
1.1163330078e+02 6.0711639519e-09 1.6049931244e-09 4.4661708275e-09
1.1169433594e+02 6.0537879508e-09 1.6068446042e-09 4.4469433465e-09
1.1175537109e+02 6.0440628488e-09 1.6033458065e-09 4.4407170423e-09
1.1181640625e+02 6.0058650826e-09 1.5931432792e-09 4.4127218034e-09
1.1187744141e+02 5.9258134018e-09 1.5747943671e-09 4.3510190347e-09
1.1193847656e+02 5.8949030588e-09 1.5655521225e-09 4.3293509364e-09
1.1199951172e+02 5.8236460276e-09 1.5497296723e-09 4.2739163552e-09
1.1206054688e+02 5.7775032960e-09 1.5368683125e-09 4.2406349835e-09
1.1212158203e+02 5.8360447261e-09 1.5524648523e-09 4.2835798738e-09
1.1218261719e+02 5.7934596632e-09 1.5365202202e-09 4.2569394430e-09
1.1224365234e+02 5.7594093035e-09 1.5272298778e-09 4.2321794257e-09
1.1230468750e+02 5.7332525468e-09 1.5240491466e-09 4.2092034003e-09
1.1236572266e+02 5.6660190942e-09 1.5038982892e-09 4.1621208050e-09
1.1242675781e+02 5.7145461684e-09 1.5153961975e-09 4.1991499708e-09
1.1248779297e+02 5.6196569889e-09 1.4889216095e-09 4.1307353794e-09
1.1254882812e+02 5.5893978317e-09 1.4783083820e-09 4.1110894498e-09
1.1260986328e+02 5.5689600072e-09 1.4695767013e-09 4.0993833059e-09
1.1267089844e+02 5.5188773960e-09 1.4615718999e-09 4.0573054961e-09
1.1273193359e+02 5.5790822544e-09 1.4781192982e-09 4.1009629563e-09
1.1279296875e+02 5.5654962551e-09 1.4720221142e-09 4.0934741409e-09
1.1285400391e+02 5.5224905507e-09 1.4657443309e-09 4.0567462198e-09
1.1291503906e+02 5.4335664182e-09 1.4411152389e-09 3.9924511793e-09
1.1297607422e+02 5.4182574116e-09 1.4333497820e-09 3.9849076297e-09
1.1303710938e+02 5.4302024101e-09 1.4338411779e-09 3.9963612322e-09
1.1309814453e+02 5.4327719737e-09 1.4375589265e-09 3.9952130472e-09
1.1315917969e+02 5.4468953629e-09 1.4397269645e-09 4.0071683984e-09
1.1322021484e+02 5.4192607903e-09 1.4310360880e-09 3.9882247023e-09
1.1328125000e+02 5.4332869672e-09 1.4292657636e-09 4.0040212037e-09
1.1334228516e+02 5.4534770293e-09 1.4347612150e-09 4.0187158143e-09
1.1340332031e+02 5.3746464015e-09 1.4148989158e-09 3.9597474856e-09
1.1346435547e+02 5.3932670137e-09 1.4215515363e-09 3.9717154773e-09
1.1352539062e+02 5.3492354779e-09 1.4099016925e-09 3.9393337855e-09
1.1358642578e+02 5.3949326967e-09 1.4195699757e-09 3.9753627210e-09
1.1364746094e+02 5.4527042711e-09 1.4321706101e-09 4.0205336610e-09
1.1370849609e+02 5.4094710213e-09 1.4229038394e-09 3.9865671819e-09
1.1376953125e+02 5.4118601128e-09 1.4240330747e-09 3.9878270381e-09
1.1383056641e+02 5.3748452162e-09 1.4139817392e-09 3.9608634770e-09
1.1389160156e+02 5.3986162424e-09 1.4200437459e-09 3.9785724965e-09
1.1395263672e+02 5.3738367581e-09 1.4075936260e-09 3.9662431321e-09
1.1401367188e+02 5.3698152797e-09 1.4049227099e-09 3.9648925698e-09
1.1407470703e+02 5.3343360227e-09 1.3955179759e-09 3.9388180467e-09
1.1413574219e+02 5.3206004072e-09 1.3898138150e-09 3.9307865922e-09
1.1419677734e+02 5.3323334132e-09 1.3886589542e-09 3.9436744589e-09
1.1425781250e+02 5.3532961674e-09 1.3886781026e-09 3.9646180648e-09
1.1431884766e+02 5.3343463480e-09 1.3862858248e-09 3.9480605232e-09
1.1437988281e+02 5.2126397888e-09 1.3565813243e-09 3.8560584645e-09
1.1444091797e+02 5.2049589149e-09 1.3516028330e-09 3.8533560820e-09
1.1450195312e+02 5.2063266681e-09 1.3481503217e-09 3.8581763464e-09
1.1456298828e+02 5.1839257570e-09 1.3423555580e-09 3.8415701991e-09
1.1462402344e+02 5.1506568851e-09 1.3346234058e-09 3.8160334793e-09
1.1468505859e+02 5.1206307594e-09 1.3272255900e-09 3.7934051694e-09
1.1474609375e+02 5.0922463262e-09 1.3184864954e-09 3.7737598308e-09
1.1480712891e+02 5.0792004609e-09 1.3136860390e-09 3.7655144218e-09
1.1486816406e+02 5.0115236417e-09 1.2975185300e-09 3.7140051118e-09
1.1492919922e+02 4.9851142169e-09 1.2924285845e-09 3.6926856324e-09
1.1499023438e+02 4.9439910120e-09 1.2838325943e-09 3.6601584177e-09
1.1505126953e+02 4.9293650713e-09 1.2800179206e-09 3.6493471507e-09
1.1511230469e+02 4.9343201385e-09 1.2815469080e-09 3.6527732305e-09
1.1517333984e+02 4.9203072613e-09 1.2740825665e-09 3.6462246948e-09
1.1523437500e+02 4.8612401807e-09 1.2604558027e-09 3.6007843779e-09
1.1529541016e+02 4.7936275636e-09 1.2451262148e-09 3.5485013487e-09
1.1535644531e+02 4.7501156027e-09 1.2305374320e-09 3.5195781707e-09
1.1541748047e+02 4.7148186861e-09 1.2169905693e-09 3.4978281168e-09
1.1547851562e+02 4.6851754315e-09 1.2083589530e-09 3.4768164785e-09
1.1553955078e+02 4.6042964288e-09 1.1887780493e-09 3.4155183795e-09
1.1560058594e+02 4.5912142128e-09 1.1843040967e-09 3.4069101161e-09
1.1566162109e+02 4.5833190345e-09 1.1815655273e-09 3.4017535072e-09
1.1572265625e+02 4.5765633191e-09 1.1803855353e-09 3.3961777838e-09
1.1578369141e+02 4.5370391875e-09 1.1683716409e-09 3.3686675466e-09
1.1584472656e+02 4.4917794812e-09 1.1560351001e-09 3.3357443811e-09
1.1590576172e+02 4.4741515392e-09 1.1484260052e-09 3.3257255340e-09
1.1596679688e+02 4.4854770735e-09 1.1478936232e-09 3.3375834503e-09
1.1602783203e+02 4.4807783298e-09 1.1464126279e-09 3.3343657019e-09
1.1608886719e+02 4.4636645088e-09 1.1429620194e-09 3.3207024894e-09
1.1614990234e+02 4.4640774341e-09 1.1417539375e-09 3.3223234966e-09
1.1621093750e+02 4.4642712947e-09 1.1399390950e-09 3.3243321997e-09
1.1627197266e+02 4.4382541357e-09 1.1328207933e-09 3.3054333424e-09
1.1633300781e+02 4.4287865288e-09 1.1324122718e-09 3.2963742569e-09
1.1639404297e+02 4.3782194219e-09 1.1208217006e-09 3.2573977213e-09
1.1645507812e+02 4.3432797200e-09 1.1101358340e-09 3.2331438861e-09
1.1651611328e+02 4.3582409182e-09 1.1086618575e-09 3.2495790607e-09
1.1657714844e+02 4.3551058806e-09 1.1097879430e-09 3.2453179376e-09
1.1663818359e+02 4.3529357609e-09 1.1123230702e-09 3.2406126906e-09
1.1669921875e+02 4.2773626305e-09 1.0970491056e-09 3.1803135249e-09
1.1676025391e+02 4.2505630892e-09 1.0928261941e-09 3.1577368951e-09
1.1682128906e+02 4.2470488551e-09 1.0879510122e-09 3.1590978428e-09
1.1688232422e+02 4.2044771069e-09 1.0788943180e-09 3.1255827889e-09
1.1694335938e+02 4.1920261811e-09 1.0755708154e-09 3.1164553658e-09
1.1700439453e+02 4.1567524442e-09 1.0689214926e-09 3.0878309517e-09
1.1706542969e+02 4.1300432560e-09 1.0603646348e-09 3.0696786211e-09
1.1712646484e+02 4.1007513564e-09 1.0540375214e-09 3.0467138351e-09
1.1718750000e+02 4.0785930920e-09 1.0490609287e-09 3.0295321633e-09
1.1724853516e+02 4.0284363376e-09 1.0384694811e-09 2.9899668565e-09
1.1730957031e+02 3.9799064143e-09 1.0281818131e-09 2.9517246012e-09
1.1737060547e+02 3.9348919481e-09 1.0185390515e-09 2.9163528966e-09
1.1743164062e+02 3.8933692709e-09 1.0063650999e-09 2.8870041710e-09
1.1749267578e+02 3.8643620584e-09 9.9676816457e-10 2.8675938938e-09
1.1755371094e+02 3.8170624592e-09 9.8768494136e-10 2.8293775178e-09
1.1761474609e+02 3.7677454750e-09 9.7950571320e-10 2.7882397618e-09
1.1767578125e+02 3.7731066227e-09 9.8119418614e-10 2.7919124365e-09
1.1773681641e+02 3.7387259941e-09 9.7291235147e-10 2.7658136426e-09
1.1779785156e+02 3.7064056493e-09 9.6649463035e-10 2.7399110190e-09
1.1785888672e+02 3.6636252636e-09 9.5766215649e-10 2.7059631071e-09
1.1791992188e+02 3.6340529172e-09 9.4852778348e-10 2.6855251337e-09
1.1798095703e+02 3.6453049674e-09 9.4875987134e-10 2.6965450960e-09
1.1804199219e+02 3.6059148196e-09 9.3808099780e-10 2.6678338218e-09
1.1810302734e+02 3.5911546720e-09 9.3497024280e-10 2.6561844292e-09
1.1816406250e+02 3.5479940638e-09 9.2454817820e-10 2.6234458856e-09
1.1822509766e+02 3.5290048981e-09 9.2115901477e-10 2.6078458833e-09
1.1828613281e+02 3.4810507996e-09 9.0901164780e-10 2.5720391518e-09
1.1834716797e+02 3.4838935988e-09 9.1083946564e-10 2.5730541332e-09
1.1840820312e+02 3.4528297344e-09 9.0179204834e-10 2.5510376861e-09
1.1846923828e+02 3.3773338515e-09 8.8208346565e-10 2.4952503859e-09
1.1853027344e+02 3.3632858379e-09 8.7782917219e-10 2.4854566657e-09
1.1859130859e+02 3.3570691962e-09 8.7702660313e-10 2.4800425931e-09
1.1865234375e+02 3.3416499089e-09 8.7275968427e-10 2.4688902246e-09
1.1871337891e+02 3.3105862573e-09 8.6580895992e-10 2.4447772974e-09
1.1877441406e+02 3.2590913491e-09 8.5226642845e-10 2.4068249206e-09
1.1883544922e+02 3.2513786070e-09 8.5282610468e-10 2.3985525023e-09
1.1889648438e+02 3.2237699898e-09 8.4355791489e-10 2.3802120749e-09
1.1895751953e+02 3.1955535412e-09 8.3594349205e-10 2.3596100491e-09
1.1901855469e+02 3.2036510565e-09 8.3877979496e-10 2.3648712616e-09
1.1907958984e+02 3.1744110137e-09 8.3516371967e-10 2.3392472940e-09
1.1914062500e+02 3.1518930008e-09 8.2927734889e-10 2.3226156519e-09
1.1920166016e+02 3.1164616982e-09 8.2146646281e-10 2.2949952354e-09
1.1926269531e+02 3.0830958098e-09 8.1466124155e-10 2.2684345683e-09
1.1932373047e+02 3.0465118877e-09 8.0583475649e-10 2.2406771312e-09
1.1938476562e+02 3.0280377795e-09 7.9987299855e-10 2.2281647809e-09
1.1944580078e+02 3.0145151451e-09 7.9792433429e-10 2.2165908108e-09
1.1950683594e+02 3.0022075440e-09 7.9743781050e-10 2.2047697335e-09
1.1956787109e+02 2.9792089324e-09 7.9089079709e-10 2.1883181353e-09
1.1962890625e+02 2.9313875465e-09 7.7769232050e-10 2.1536952260e-09
1.1968994141e+02 2.9102267493e-09 7.7284876513e-10 2.1373779842e-09
1.1975097656e+02 2.8915132659e-09 7.6948713840e-10 2.1220261275e-09
1.1981201172e+02 2.8641104848e-09 7.6367990263e-10 2.1004305822e-09
1.1987304688e+02 2.8191566610e-09 7.5026088641e-10 2.0688957746e-09
1.1993408203e+02 2.8055376427e-09 7.4719153322e-10 2.0583461095e-09
1.1999511719e+02 2.7630510796e-09 7.3836698019e-10 2.0246840995e-09
1.2005615234e+02 2.7366838404e-09 7.3359155939e-10 2.0030922810e-09
1.2011718750e+02 2.7267995897e-09 7.3066010547e-10 1.9961394843e-09
1.2017822266e+02 2.7151502072e-09 7.2709536631e-10 1.9880548409e-09
1.2023925781e+02 2.7020396585e-09 7.2444074742e-10 1.9775989111e-09
1.2030029297e+02 2.6735126289e-09 7.1761977597e-10 1.9558928529e-09
1.2036132812e+02 2.6428079542e-09 7.1208909892e-10 1.9307188553e-09
1.2042236328e+02 2.6398605382e-09 7.1019684488e-10 1.9296636933e-09
1.2048339844e+02 2.6246288633e-09 7.0614669042e-10 1.9184821729e-09
1.2054443359e+02 2.6254510061e-09 7.1034116603e-10 1.9151098401e-09
1.2060546875e+02 2.6035942891e-09 7.0404807367e-10 1.8995462154e-09
1.2066650391e+02 2.5936898898e-09 6.9961389328e-10 1.8940759966e-09
1.2072753906e+02 2.5875902699e-09 6.9753694547e-10 1.8900533244e-09
1.2078857422e+02 2.5792956108e-09 6.9654722736e-10 1.8827483834e-09
1.2084960938e+02 2.5917057331e-09 7.0059281416e-10 1.8911129190e-09
1.2091064453e+02 2.5728759684e-09 6.9453690953e-10 1.8783390588e-09
1.2097167969e+02 2.5755940699e-09 6.9181916665e-10 1.8837749033e-09
1.2103271484e+02 2.5471930853e-09 6.8430039717e-10 1.8628926881e-09
1.2109375000e+02 2.5439674159e-09 6.8405058402e-10 1.8599168319e-09
1.2115478516e+02 2.5354877534e-09 6.8298096002e-10 1.8525067934e-09
1.2121582031e+02 2.5161316935e-09 6.7580021061e-10 1.8403314829e-09
1.2127685547e+02 2.5063979898e-09 6.7137527269e-10 1.8350227171e-09
1.2133789062e+02 2.4776515581e-09 6.6478432462e-10 1.8128672335e-09
1.2139892578e+02 2.4815054954e-09 6.6554317711e-10 1.8159623183e-09
1.2145996094e+02 2.4731771044e-09 6.6259657210e-10 1.8105805323e-09
1.2152099609e+02 2.4683051746e-09 6.5971028081e-10 1.8085948938e-09
1.2158203125e+02 2.4844601782e-09 6.6341834991e-10 1.8210418283e-09
1.2164306641e+02 2.4622982864e-09 6.5537207122e-10 1.8069262152e-09
1.2170410156e+02 2.4483887207e-09 6.5370601350e-10 1.7946827072e-09
1.2176513672e+02 2.4306058663e-09 6.4888416852e-10 1.7817216978e-09
1.2182617188e+02 2.4210135335e-09 6.4527427561e-10 1.7757392579e-09
1.2188720703e+02 2.4071964869e-09 6.3971254361e-10 1.7674839433e-09
1.2194824219e+02 2.3911258645e-09 6.3463762889e-10 1.7564882356e-09
1.2200927734e+02 2.4075990747e-09 6.4127121887e-10 1.7663278558e-09
1.2207031250e+02 2.3797098217e-09 6.3430003443e-10 1.7454097872e-09
1.2213134766e+02 2.3805823209e-09 6.3443515199e-10 1.7461471689e-09
1.2219238281e+02 2.3682635737e-09 6.2922660532e-10 1.7390369684e-09
1.2225341797e+02 2.3478286921e-09 6.2621098709e-10 1.7216177050e-09
1.2231445312e+02 2.3473079573e-09 6.2638836868e-10 1.7209195886e-09
1.2237548828e+02 2.3014705044e-09 6.1507578700e-10 1.6863947174e-09
1.2243652344e+02 2.2912807510e-09 6.1240580595e-10 1.6788749451e-09
1.2249755859e+02 2.2920820166e-09 6.1061498468e-10 1.6814670319e-09
1.2255859375e+02 2.2659505729e-09 6.0395566203e-10 1.6619949108e-09
1.2261962891e+02 2.2470711036e-09 5.9841595637e-10 1.6486551472e-09
1.2268066406e+02 2.2412726085e-09 5.9619045387e-10 1.6450821547e-09
1.2274169922e+02 2.2328308910e-09 5.9461754416e-10 1.6382133469e-09
1.2280273438e+02 2.2243059817e-09 5.9230471583e-10 1.6320012659e-09
1.2286376953e+02 2.2069560109e-09 5.8597519973e-10 1.6209808111e-09
1.2292480469e+02 2.1881341013e-09 5.8027258870e-10 1.6078615126e-09
1.2298583984e+02 2.1854377930e-09 5.7887176309e-10 1.6065660299e-09
1.2304687500e+02 2.1747741708e-09 5.7561397581e-10 1.5991601950e-09
1.2310791016e+02 2.1471784116e-09 5.6940787578e-10 1.5777705358e-09
1.2316894531e+02 2.1278061219e-09 5.6218634239e-10 1.5656197795e-09
1.2322998047e+02 2.1108036126e-09 5.5720762419e-10 1.5535959884e-09
1.2329101562e+02 2.1058136545e-09 5.5589996332e-10 1.5499136912e-09
1.2335205078e+02 2.1156282780e-09 5.5728957425e-10 1.5583387038e-09
1.2341308594e+02 2.0970972360e-09 5.5182093118e-10 1.5452763048e-09
1.2347412109e+02 2.0910498488e-09 5.5030772264e-10 1.5407421261e-09
1.2353515625e+02 2.0752668161e-09 5.4519162800e-10 1.5300751881e-09
1.2359619141e+02 2.0689694746e-09 5.4441391879e-10 1.5245555558e-09
1.2365722656e+02 2.0629619353e-09 5.4036977633e-10 1.5225921590e-09
1.2371826172e+02 2.0609433601e-09 5.3922455429e-10 1.5217188058e-09
1.2377929688e+02 2.0447339329e-09 5.3623225783e-10 1.5085016751e-09
1.2384033203e+02 2.0138677311e-09 5.2673176741e-10 1.4871359637e-09
1.2390136719e+02 2.0055334558e-09 5.2342909576e-10 1.4821043601e-09
1.2396240234e+02 2.0015773761e-09 5.2356797832e-10 1.4780093978e-09
1.2402343750e+02 2.0093707164e-09 5.2451365769e-10 1.4848570587e-09
1.2408447266e+02 1.9862770600e-09 5.1844933911e-10 1.4678277209e-09
1.2414550781e+02 1.9750740039e-09 5.1381276753e-10 1.4612612363e-09
1.2420654297e+02 1.9743853665e-09 5.1328777590e-10 1.4610975906e-09
1.2426757812e+02 1.9562635300e-09 5.0808378188e-10 1.4481797481e-09
1.2432861328e+02 1.9553545220e-09 5.0939471996e-10 1.4459598020e-09
1.2438964844e+02 1.9441523791e-09 5.0619505494e-10 1.4379573241e-09
1.2445068359e+02 1.9214230084e-09 5.0088865396e-10 1.4205343545e-09
1.2451171875e+02 1.9262909659e-09 5.0099416183e-10 1.4252968040e-09
1.2457275391e+02 1.9111403823e-09 4.9538473697e-10 1.4157556453e-09
1.2463378906e+02 1.8951067960e-09 4.9100153237e-10 1.4041052636e-09
1.2469482422e+02 1.8834205288e-09 4.8988390788e-10 1.3935366209e-09
1.2475585938e+02 1.8667812076e-09 4.8628486266e-10 1.3804963449e-09
1.2481689453e+02 1.8613699604e-09 4.8382001599e-10 1.3775499445e-09
1.2487792969e+02 1.8504618541e-09 4.7983335749e-10 1.3706284966e-09
1.2493896484e+02 1.8424805945e-09 4.8013250834e-10 1.3623480862e-09
1.2500000000e+02 1.8133047035e-09 4.7274946616e-10 1.3405552374e-09
1.2506103516e+02 1.8162359800e-09 4.7111172528e-10 1.3451242547e-09
1.2512207031e+02 1.7973254548e-09 4.6730354669e-10 1.3300219081e-09
1.2518310547e+02 1.7895672362e-09 4.6662207529e-10 1.3229451609e-09
1.2524414062e+02 1.7708932523e-09 4.6133514820e-10 1.3095581041e-09
1.2530517578e+02 1.7440475975e-09 4.5516050984e-10 1.2888870876e-09
1.2536621094e+02 1.7359972122e-09 4.5158700603e-10 1.2844102062e-09
1.2542724609e+02 1.7318923919e-09 4.5056966802e-10 1.2813227239e-09
1.2548828125e+02 1.7200270642e-09 4.4716380438e-10 1.2728632598e-09
1.2554931641e+02 1.7115081338e-09 4.4462937568e-10 1.2668787581e-09
1.2561035156e+02 1.6938465739e-09 4.3995683055e-10 1.2538897434e-09
1.2567138672e+02 1.6932939150e-09 4.4040613600e-10 1.2528877790e-09
1.2573242188e+02 1.6828898186e-09 4.3572676150e-10 1.2471630571e-09
1.2579345703e+02 1.6691333360e-09 4.3219695376e-10 1.2369363822e-09
1.2585449219e+02 1.6548967312e-09 4.2921703844e-10 1.2256796927e-09
1.2591552734e+02 1.6462379731e-09 4.2678131842e-10 1.2194566546e-09
1.2597656250e+02 1.6361029745e-09 4.2504735116e-10 1.2110556234e-09
1.2603759766e+02 1.6255228557e-09 4.2216060998e-10 1.2033622457e-09
1.2609863281e+02 1.6291999488e-09 4.2294892788e-10 1.2062510209e-09
1.2615966797e+02 1.6062184361e-09 4.1859360117e-10 1.1876248349e-09
1.2622070312e+02 1.6108064982e-09 4.1941998367e-10 1.1913865145e-09
1.2628173828e+02 1.6109181293e-09 4.1930026546e-10 1.1916178639e-09
1.2634277344e+02 1.6044712103e-09 4.1857043932e-10 1.1859007709e-09
1.2640380859e+02 1.5918392696e-09 4.1558412057e-10 1.1762551490e-09
1.2646484375e+02 1.5883206663e-09 4.1482338470e-10 1.1734972816e-09
1.2652587891e+02 1.5898326223e-09 4.1523839915e-10 1.1745942232e-09
1.2658691406e+02 1.5840246141e-09 4.1289018608e-10 1.1711344280e-09
1.2664794922e+02 1.5736231350e-09 4.1186145412e-10 1.1617616809e-09
1.2670898438e+02 1.5478007752e-09 4.0608831519e-10 1.1417124600e-09
1.2677001953e+02 1.5449868079e-09 4.0423508868e-10 1.1407517192e-09
1.2683105469e+02 1.5328289191e-09 3.9952453282e-10 1.1333043863e-09
1.2689208984e+02 1.5221005046e-09 3.9673380355e-10 1.1253667011e-09
1.2695312500e+02 1.5237351035e-09 3.9914520017e-10 1.1245899033e-09
1.2701416016e+02 1.5095981619e-09 3.9542638460e-10 1.1141717773e-09
1.2707519531e+02 1.5096035184e-09 3.9473404804e-10 1.1148694703e-09
1.2713623047e+02 1.5077316447e-09 3.9406299846e-10 1.1136686463e-09
1.2719726562e+02 1.4988815147e-09 3.9225820162e-10 1.1066233131e-09
1.2725830078e+02 1.4816106416e-09 3.8835704396e-10 1.0932535976e-09
1.2731933594e+02 1.4624573184e-09 3.8325211454e-10 1.0792052039e-09
1.2738037109e+02 1.4615420812e-09 3.8289280804e-10 1.0786492732e-09
1.2744140625e+02 1.4620031406e-09 3.8236688267e-10 1.0796362580e-09
1.2750244141e+02 1.4514992705e-09 3.7968764036e-10 1.0718116301e-09
1.2756347656e+02 1.4350464980e-09 3.7672836803e-10 1.0583181300e-09
1.2762451172e+02 1.4225033730e-09 3.7393221182e-10 1.0485711612e-09
1.2768554688e+02 1.4163496999e-09 3.7245884044e-10 1.0438908594e-09
1.2774658203e+02 1.4051831334e-09 3.6868867366e-10 1.0364944597e-09
1.2780761719e+02 1.4089363737e-09 3.7081835975e-10 1.0381180139e-09
1.2786865234e+02 1.3847517152e-09 3.6619658741e-10 1.0185551278e-09
1.2792968750e+02 1.3808186598e-09 3.6559658754e-10 1.0152220722e-09
1.2799072266e+02 1.3734627684e-09 3.6396089677e-10 1.0095018716e-09
1.2805175781e+02 1.3603519951e-09 3.6064740777e-10 9.9970458729e-10
1.2811279297e+02 1.3633589567e-09 3.6150537029e-10 1.0018535864e-09
1.2817382812e+02 1.3476683577e-09 3.5933439261e-10 9.8833396511e-10
1.2823486328e+02 1.3373925775e-09 3.5770794883e-10 9.7968462865e-10
1.2829589844e+02 1.3263550270e-09 3.5458500932e-10 9.7177001765e-10
1.2835693359e+02 1.3318369351e-09 3.5491998498e-10 9.7691695016e-10
1.2841796875e+02 1.3275479928e-09 3.5289348481e-10 9.7465450803e-10
1.2847900391e+02 1.3165571371e-09 3.5078206283e-10 9.6577507427e-10
1.2854003906e+02 1.3112854878e-09 3.4991577747e-10 9.6136971033e-10
1.2860107422e+02 1.2963882084e-09 3.4607037993e-10 9.5031782852e-10
1.2866210938e+02 1.2874482342e-09 3.4371141874e-10 9.4373681545e-10
1.2872314453e+02 1.2774726759e-09 3.4235377047e-10 9.3511890541e-10
1.2878417969e+02 1.2726566303e-09 3.4213582727e-10 9.3052080306e-10
1.2884521484e+02 1.2667141701e-09 3.3964011146e-10 9.2707405861e-10
1.2890625000e+02 1.2534766846e-09 3.3595252413e-10 9.1752416048e-10
1.2896728516e+02 1.2479395241e-09 3.3362568534e-10 9.1431383876e-10
1.2902832031e+02 1.2405388446e-09 3.3187217358e-10 9.0866667104e-10
1.2908935547e+02 1.2404566569e-09 3.3180336172e-10 9.0865329519e-10
1.2915039062e+02 1.2353473676e-09 3.3143129296e-10 9.0391607468e-10
1.2921142578e+02 1.2301486388e-09 3.3131213888e-10 8.9883649995e-10
1.2927246094e+02 1.2259535608e-09 3.2918694119e-10 8.9676661958e-10
1.2933349609e+02 1.2167543751e-09 3.2646733566e-10 8.9028703946e-10
1.2939453125e+02 1.2158580011e-09 3.2629568572e-10 8.8956231538e-10
1.2945556641e+02 1.1952246655e-09 3.2153606433e-10 8.7368860112e-10
1.2951660156e+02 1.2032431334e-09 3.2265740028e-10 8.8058573311e-10
1.2957763672e+02 1.1929108200e-09 3.1912673855e-10 8.7378408149e-10
1.2963867188e+02 1.1834865601e-09 3.1721174142e-10 8.6627481872e-10
1.2969970703e+02 1.1770848808e-09 3.1616120780e-10 8.6092367296e-10
1.2976074219e+02 1.1673601916e-09 3.1446242079e-10 8.5289777083e-10
1.2982177734e+02 1.1779476643e-09 3.1754745113e-10 8.6040021318e-10
1.2988281250e+02 1.1794112230e-09 3.1731707944e-10 8.6209414355e-10
1.2994384766e+02 1.1841335192e-09 3.1887257789e-10 8.6526094136e-10
1.3000488281e+02 1.1726635235e-09 3.1564723264e-10 8.5701629084e-10
1.3006591797e+02 1.1608534646e-09 3.1272510158e-10 8.4812836304e-10
1.3012695312e+02 1.1609782040e-09 3.1418250487e-10 8.4679569909e-10
1.3018798828e+02 1.1568665108e-09 3.1304847904e-10 8.4381803176e-10
1.3024902344e+02 1.1670166022e-09 3.1595330489e-10 8.5106329735e-10
1.3031005859e+02 1.1551611752e-09 3.1323434518e-10 8.4192683006e-10
1.3037109375e+02 1.1436636312e-09 3.0944579006e-10 8.3421784117e-10
1.3043212891e+02 1.1531251602e-09 3.1152316737e-10 8.4160199281e-10
1.3049316406e+02 1.1413012729e-09 3.0786103199e-10 8.3344024090e-10
1.3055419922e+02 1.1478528530e-09 3.0965373064e-10 8.3819912239e-10
1.3061523438e+02 1.1317295826e-09 3.0500404167e-10 8.2672554093e-10
1.3067626953e+02 1.1362347699e-09 3.0680763462e-10 8.2942713527e-10
1.3073730469e+02 1.1267387271e-09 3.0305200489e-10 8.2368672216e-10
1.3079833984e+02 1.1232200126e-09 3.0233687977e-10 8.2088313279e-10
1.3085937500e+02 1.1291856971e-09 3.0362858500e-10 8.2555711206e-10
1.3092041016e+02 1.1219145454e-09 3.0077341716e-10 8.2114112822e-10
1.3098144531e+02 1.1273327790e-09 3.0224277843e-10 8.2509000059e-10
1.3104248047e+02 1.1106702331e-09 2.9777451947e-10 8.1289571363e-10
1.3110351562e+02 1.1106949765e-09 2.9866653194e-10 8.1202844457e-10
1.3116455078e+02 1.1055244235e-09 2.9785296400e-10 8.0767145955e-10
1.3122558594e+02 1.1023451041e-09 2.9679409428e-10 8.0555100983e-10
1.3128662109e+02 1.1029097650e-09 2.9591525734e-10 8.0699450766e-10
1.3134765625e+02 1.1024664549e-09 2.9584723851e-10 8.0661921638e-10
1.3140869141e+02 1.0999259725e-09 2.9536778304e-10 8.0455818945e-10
1.3146972656e+02 1.0825156829e-09 2.8987385280e-10 7.9264183012e-10
1.3153076172e+02 1.0744097817e-09 2.8675942254e-10 7.8765035913e-10
1.3159179688e+02 1.0784905895e-09 2.8789267311e-10 7.9059791634e-10
1.3165283203e+02 1.0789632588e-09 2.8787633712e-10 7.9108692169e-10
1.3171386719e+02 1.0839157426e-09 2.8879329643e-10 7.9512244617e-10
1.3177490234e+02 1.0658126507e-09 2.8341482446e-10 7.8239782624e-10
1.3183593750e+02 1.0662058767e-09 2.8336407365e-10 7.8284180300e-10
1.3189697266e+02 1.0697845641e-09 2.8431016389e-10 7.8547440021e-10
1.3195800781e+02 1.0631789646e-09 2.8202126372e-10 7.8115770091e-10
1.3201904297e+02 1.0630561854e-09 2.8128822504e-10 7.8176796038e-10
1.3208007812e+02 1.0531959199e-09 2.7926115772e-10 7.7393476221e-10
1.3214111328e+02 1.0616372515e-09 2.8191895556e-10 7.7971829594e-10
1.3220214844e+02 1.0510784440e-09 2.7833649760e-10 7.7274194641e-10
1.3226318359e+02 1.0529478332e-09 2.7768768943e-10 7.7526014375e-10
1.3232421875e+02 1.0467425901e-09 2.7702726364e-10 7.6971532648e-10
1.3238525391e+02 1.0392239160e-09 2.7506759225e-10 7.6415632377e-10
1.3244628906e+02 1.0345727026e-09 2.7347764784e-10 7.6109505475e-10
1.3250732422e+02 1.0225506424e-09 2.6980332504e-10 7.5274731739e-10
1.3256835938e+02 1.0236839407e-09 2.6993975471e-10 7.5374418598e-10
1.3262939453e+02 1.0085564704e-09 2.6590014297e-10 7.4265632741e-10
1.3269042969e+02 1.0053931313e-09 2.6541029977e-10 7.3998283156e-10
1.3275146484e+02 1.0084400190e-09 2.6581860440e-10 7.4262141461e-10
1.3281250000e+02 1.0008542380e-09 2.6324425202e-10 7.3760998598e-10
1.3287353516e+02 1.0007689441e-09 2.6310013380e-10 7.3766881034e-10
1.3293457031e+02 9.8533274822e-10 2.5881112927e-10 7.2652161895e-10
1.3299560547e+02 9.8322681882e-10 2.5898242689e-10 7.2424439193e-10
1.3305664062e+02 9.8129168360e-10 2.5852349074e-10 7.2276819286e-10
1.3311767578e+02 9.7374211340e-10 2.5669127785e-10 7.1705083555e-10
1.3317871094e+02 9.6972902561e-10 2.5594337841e-10 7.1378564720e-10
1.3323974609e+02 9.5318990764e-10 2.5100019540e-10 7.0218971224e-10
1.3330078125e+02 9.5940876082e-10 2.5300346607e-10 7.0640529475e-10
1.3336181641e+02 9.5458207318e-10 2.5109811410e-10 7.0348395908e-10
1.3342285156e+02 9.5555305993e-10 2.5155759784e-10 7.0399546209e-10
1.3348388672e+02 9.4341630706e-10 2.4832247331e-10 6.9509383375e-10
1.3354492188e+02 9.2368979164e-10 2.4334754655e-10 6.8034224509e-10
1.3360595703e+02 9.2820387622e-10 2.4371904974e-10 6.8448482647e-10
1.3366699219e+02 9.2342207345e-10 2.4220622289e-10 6.8121585056e-10
1.3372802734e+02 9.3133263970e-10 2.4402653385e-10 6.8730610585e-10
1.3378906250e+02 9.1867481220e-10 2.4020905973e-10 6.7846575246e-10
1.3385009766e+02 9.0793750418e-10 2.3778444902e-10 6.7015305516e-10
1.3391113281e+02 9.0598500254e-10 2.3761985295e-10 6.6836514959e-10
1.3397216797e+02 8.9998300222e-10 2.3545087288e-10 6.6453212934e-10
1.3403320312e+02 9.0209416159e-10 2.3603919067e-10 6.6605497092e-10
1.3409423828e+02 8.8923802929e-10 2.3335399239e-10 6.5588403690e-10
1.3415527344e+02 8.8733878556e-10 2.3292969465e-10 6.5440909092e-10
1.3421630859e+02 8.8679059493e-10 2.3204125114e-10 6.5474934378e-10
1.3427734375e+02 8.8349346861e-10 2.3082242362e-10 6.5267104499e-10
1.3433837891e+02 8.7762293113e-10 2.2996723968e-10 6.4765569144e-10
1.3439941406e+02 8.6367090456e-10 2.2661142427e-10 6.3705948030e-10
1.3446044922e+02 8.6091907825e-10 2.2527667414e-10 6.3564240412e-10
1.3452148438e+02 8.5059744261e-10 2.2181872753e-10 6.2877871507e-10
1.3458251953e+02 8.5448374627e-10 2.2286157533e-10 6.3162217094e-10
1.3464355469e+02 8.5276931640e-10 2.2248701979e-10 6.3028229662e-10
1.3470458984e+02 8.4143347852e-10 2.2005937309e-10 6.2137410543e-10
1.3476562500e+02 8.5086118860e-10 2.2233254748e-10 6.2852864112e-10
1.3482666016e+02 8.3582725917e-10 2.1767642930e-10 6.1815082988e-10
1.3488769531e+02 8.3973323743e-10 2.1935482371e-10 6.2037841372e-10
1.3494873047e+02 8.2484459386e-10 2.1599993963e-10 6.0884465423e-10
1.3500976562e+02 8.1618148951e-10 2.1389499053e-10 6.0228649898e-10
1.3507080078e+02 8.1082483666e-10 2.1257122599e-10 5.9825361067e-10
1.3513183594e+02 8.0010285820e-10 2.0942216908e-10 5.9068068912e-10
1.3519287109e+02 8.0541209049e-10 2.1067459870e-10 5.9473749179e-10
1.3525390625e+02 7.9145819485e-10 2.0703787505e-10 5.8442031980e-10
1.3531494141e+02 7.8847992650e-10 2.0696011916e-10 5.8151980734e-10
1.3537597656e+02 7.7866218145e-10 2.0482548086e-10 5.7383670058e-10
1.3543701172e+02 7.7151698520e-10 2.0257040936e-10 5.6894657585e-10
1.3549804688e+02 7.7274716415e-10 2.0323594665e-10 5.6951121750e-10
1.3555908203e+02 7.5780512344e-10 1.9952312843e-10 5.5828199501e-10
1.3562011719e+02 7.5584655105e-10 1.9930632055e-10 5.5654023049e-10
1.3568115234e+02 7.4848595513e-10 1.9764195547e-10 5.5084399966e-10
1.3574218750e+02 7.4406295845e-10 1.9660890435e-10 5.4745405410e-10
1.3580322266e+02 7.4150270535e-10 1.9565635123e-10 5.4584635412e-10
1.3586425781e+02 7.2717057345e-10 1.9286786905e-10 5.3430270441e-10
1.3592529297e+02 7.2784186018e-10 1.9330156303e-10 5.3454029715e-10
1.3598632812e+02 7.1401178897e-10 1.8891743570e-10 5.2509435327e-10
1.3604736328e+02 7.1609157191e-10 1.8920208527e-10 5.2688948664e-10
1.3610839844e+02 7.1326859935e-10 1.8903327974e-10 5.2423531961e-10
1.3616943359e+02 7.0491478753e-10 1.8716568377e-10 5.1774910377e-10
1.3623046875e+02 7.0287987560e-10 1.8679620647e-10 5.1608366912e-10
1.3629150391e+02 6.9340371532e-10 1.8437909786e-10 5.0902461746e-10
1.3635253906e+02 6.9646262686e-10 1.8563795019e-10 5.1082467667e-10
1.3641357422e+02 6.8360575921e-10 1.8245134234e-10 5.0115441687e-10
1.3647460938e+02 6.8051869269e-10 1.8090351160e-10 4.9961518109e-10
1.3653564453e+02 6.7546792503e-10 1.7999116156e-10 4.9547676347e-10
1.3659667969e+02 6.7481124660e-10 1.8042764166e-10 4.9438360494e-10
1.3665771484e+02 6.7702183140e-10 1.8072952846e-10 4.9629230294e-10
1.3671875000e+02 6.7158845759e-10 1.7887376735e-10 4.9271469024e-10
1.3677978516e+02 6.7174718666e-10 1.7904560267e-10 4.9270158400e-10
1.3684082031e+02 6.6678396930e-10 1.7837834862e-10 4.8840562068e-10
1.3690185547e+02 6.5976995752e-10 1.7736312142e-10 4.8240683610e-10
1.3696289062e+02 6.5346925659e-10 1.7515962507e-10 4.7830963152e-10
1.3702392578e+02 6.5094817275e-10 1.7411034219e-10 4.7683783056e-10
1.3708496094e+02 6.5162120049e-10 1.7441948917e-10 4.7720171132e-10
1.3714599609e+02 6.4766236216e-10 1.7351383029e-10 4.7414853187e-10
1.3720703125e+02 6.4599971182e-10 1.7294486524e-10 4.7305484658e-10
1.3726806641e+02 6.4176887961e-10 1.7233257436e-10 4.6943630525e-10
1.3732910156e+02 6.3772963312e-10 1.7164744456e-10 4.6608218857e-10
1.3739013672e+02 6.3474889210e-10 1.7058050809e-10 4.6416838401e-10
1.3745117188e+02 6.3261747974e-10 1.7001292082e-10 4.6260455892e-10
1.3751220703e+02 6.3657347089e-10 1.7055103480e-10 4.6602243609e-10
1.3757324219e+02 6.3423903036e-10 1.7007955377e-10 4.6415947659e-10
1.3763427734e+02 6.3331870190e-10 1.7006440193e-10 4.6325429997e-10
1.3769531250e+02 6.2654640391e-10 1.6830062222e-10 4.5824578168e-10
1.3775634766e+02 6.2873610851e-10 1.6899958822e-10 4.5973652029e-10
1.3781738281e+02 6.2503125873e-10 1.6809932281e-10 4.5693193592e-10
1.3787841797e+02 6.2217270122e-10 1.6713924470e-10 4.5503345652e-10
1.3793945312e+02 6.2029551432e-10 1.6645017414e-10 4.5384534018e-10
1.3800048828e+02 6.1472461521e-10 1.6483887689e-10 4.4988573833e-10
1.3806152344e+02 6.1973667658e-10 1.6635902415e-10 4.5337765244e-10
1.3812255859e+02 6.1940433550e-10 1.6620706077e-10 4.5319727473e-10
1.3818359375e+02 6.2494216678e-10 1.6760467464e-10 4.5733749213e-10
1.3824462891e+02 6.1966158387e-10 1.6652574991e-10 4.5313583396e-10
1.3830566406e+02 6.1543996731e-10 1.6590169342e-10 4.4953827389e-10
1.3836669922e+02 6.1885336544e-10 1.6675757952e-10 4.5209578592e-10
1.3842773438e+02 6.1369976013e-10 1.6516011703e-10 4.4853964309e-10
1.3848876953e+02 6.1855829488e-10 1.6615797017e-10 4.5240032471e-10
1.3854980469e+02 6.1455884201e-10 1.6533544069e-10 4.4922340132e-10
1.3861083984e+02 6.1147904488e-10 1.6469151588e-10 4.4678752900e-10
1.3867187500e+02 6.1273743361e-10 1.6461451703e-10 4.4812291658e-10
1.3873291016e+02 6.0792350087e-10 1.6293800644e-10 4.4498549444e-10
1.3879394531e+02 6.1210320932e-10 1.6456272333e-10 4.4754048599e-10
1.3885498047e+02 6.0683758652e-10 1.6301771519e-10 4.4381987134e-10
1.3891601562e+02 6.0654155224e-10 1.6279367531e-10 4.4374787693e-10
1.3897705078e+02 6.0681357787e-10 1.6253884221e-10 4.4427473566e-10
1.3903808594e+02 6.0602748935e-10 1.6196387461e-10 4.4406361474e-10
1.3909912109e+02 6.0788362271e-10 1.6260983598e-10 4.4527378673e-10
1.3916015625e+02 6.0001031377e-10 1.6097158213e-10 4.3903873164e-10
1.3922119141e+02 6.0226905364e-10 1.6157349180e-10 4.4069556184e-10
1.3928222656e+02 5.9817811936e-10 1.6043058005e-10 4.3774753932e-10
1.3934326172e+02 6.0102594464e-10 1.6071118212e-10 4.4031476252e-10
1.3940429688e+02 5.9986322881e-10 1.6014705499e-10 4.3971617381e-10
1.3946533203e+02 5.9566646700e-10 1.5921342572e-10 4.3645304128e-10
1.3952636719e+02 5.9841704275e-10 1.5980680764e-10 4.3861023511e-10
1.3958740234e+02 5.9710409632e-10 1.5911715791e-10 4.3798693841e-10
1.3964843750e+02 6.0403721325e-10 1.6094917997e-10 4.4308803328e-10
1.3970947266e+02 5.9794721232e-10 1.5919814348e-10 4.3874906884e-10
1.3977050781e+02 5.9309491784e-10 1.5830228317e-10 4.3479263467e-10
1.3983154297e+02 5.9020727695e-10 1.5724685658e-10 4.3296042038e-10
1.3989257812e+02 5.8801481707e-10 1.5573322859e-10 4.3228158848e-10
1.3995361328e+02 5.9123375363e-10 1.5621044442e-10 4.3502330921e-10
1.4001464844e+02 5.8781220779e-10 1.5566471432e-10 4.3214749347e-10
1.4007568359e+02 5.8380880471e-10 1.5421390286e-10 4.2959490185e-10
1.4013671875e+02 5.8087819752e-10 1.5330125802e-10 4.2757693950e-10
1.4019775391e+02 5.8352190128e-10 1.5371668488e-10 4.2980521640e-10
1.4025878906e+02 5.8793912490e-10 1.5448114758e-10 4.3345797732e-10
1.4031982422e+02 5.8107889595e-10 1.5247592129e-10 4.2860297466e-10
1.4038085938e+02 5.8363603801e-10 1.5276738934e-10 4.3086864867e-10
1.4044189453e+02 5.8025274957e-10 1.5167729086e-10 4.2857545871e-10
1.4050292969e+02 5.7871788729e-10 1.5109713415e-10 4.2762075313e-10
1.4056396484e+02 5.7656977541e-10 1.5033138187e-10 4.2623839355e-10
1.4062500000e+02 5.6936637081e-10 1.4860347218e-10 4.2076289863e-10
1.4068603516e+02 5.6796661458e-10 1.4823642640e-10 4.1973018817e-10
1.4074707031e+02 5.5958876734e-10 1.4599934683e-10 4.1358942051e-10
1.4080810547e+02 5.5797795880e-10 1.4554704139e-10 4.1243091741e-10
1.4086914062e+02 5.5372478635e-10 1.4443808749e-10 4.0928669886e-10
1.4093017578e+02 5.5263595701e-10 1.4356549409e-10 4.0907046292e-10
1.4099121094e+02 5.4620690531e-10 1.4211842985e-10 4.0408847546e-10
1.4105224609e+02 5.4075417467e-10 1.4070999179e-10 4.0004418288e-10
1.4111328125e+02 5.4173893536e-10 1.4063433953e-10 4.0110459582e-10
1.4117431641e+02 5.3443545261e-10 1.3879432382e-10 3.9564112879e-10
1.4123535156e+02 5.3061952988e-10 1.3806375385e-10 3.9255577604e-10
1.4129638672e+02 5.2522164385e-10 1.3662240374e-10 3.8859924011e-10
1.4135742188e+02 5.2405876819e-10 1.3586247145e-10 3.8819629673e-10
1.4141845703e+02 5.2299161860e-10 1.3501214743e-10 3.8797947117e-10
1.4147949219e+02 5.1772457230e-10 1.3389688021e-10 3.8382769209e-10
1.4154052734e+02 5.1620088069e-10 1.3361889511e-10 3.8258198559e-10
1.4160156250e+02 5.1314914714e-10 1.3291911885e-10 3.8023002829e-10
1.4166259766e+02 5.1048930960e-10 1.3183099038e-10 3.7865831922e-10
1.4172363281e+02 5.0752631725e-10 1.3100304391e-10 3.7652327334e-10
1.4178466797e+02 5.0276640302e-10 1.3031080742e-10 3.7245559561e-10
1.4184570312e+02 4.9988063892e-10 1.2946304980e-10 3.7041758913e-10
1.4190673828e+02 4.9335134316e-10 1.2734114163e-10 3.6601020154e-10
1.4196777344e+02 4.9374531717e-10 1.2671680182e-10 3.6702851535e-10
1.4202880859e+02 4.9099166004e-10 1.2620922028e-10 3.6478243976e-10
1.4208984375e+02 4.8821591086e-10 1.2586106144e-10 3.6235484942e-10
1.4215087891e+02 4.8401871313e-10 1.2482893367e-10 3.5918977946e-10
1.4221191406e+02 4.7949178153e-10 1.2349968131e-10 3.5599210022e-10
1.4227294922e+02 4.8387068349e-10 1.2445701693e-10 3.5941366656e-10
1.4233398438e+02 4.7848844082e-10 1.2292640054e-10 3.5556204028e-10
1.4239501953e+02 4.7603640797e-10 1.2243897385e-10 3.5359743411e-10
1.4245605469e+02 4.7234004456e-10 1.2151823522e-10 3.5082180935e-10
1.4251708984e+02 4.6998592715e-10 1.2069974243e-10 3.4928618472e-10
1.4257812500e+02 4.6769722796e-10 1.2028773657e-10 3.4740949139e-10
1.4263916016e+02 4.6197045738e-10 1.1890153680e-10 3.4306892058e-10
1.4270019531e+02 4.5682577186e-10 1.1763814361e-10 3.3918762825e-10
1.4276123047e+02 4.5322187091e-10 1.1678523484e-10 3.3643663607e-10
1.4282226562e+02 4.5128768461e-10 1.1619255317e-10 3.3509513144e-10
1.4288330078e+02 4.4528274948e-10 1.1454055133e-10 3.3074219815e-10
1.4294433594e+02 4.3940990312e-10 1.1306404838e-10 3.2634585474e-10
1.4300537109e+02 4.3714530116e-10 1.1267383848e-10 3.2447146269e-10
1.4306640625e+02 4.3177116673e-10 1.1118594241e-10 3.2058522432e-10
1.4312744141e+02 4.3013034267e-10 1.1069374981e-10 3.1943659286e-10
1.4318847656e+02 4.2503279994e-10 1.0954706566e-10 3.1548573428e-10
1.4324951172e+02 4.1822947034e-10 1.0793701410e-10 3.1029245624e-10
1.4331054688e+02 4.1374507233e-10 1.0671289244e-10 3.0703217989e-10
1.4337158203e+02 4.0839908476e-10 1.0528821030e-10 3.0311087446e-10
1.4343261719e+02 4.0847612748e-10 1.0528141218e-10 3.0319471530e-10
1.4349365234e+02 4.0317197621e-10 1.0391154705e-10 2.9926042917e-10
1.4355468750e+02 3.9725765723e-10 1.0260110328e-10 2.9465655395e-10
1.4361572266e+02 3.8947755172e-10 1.0069124295e-10 2.8878630877e-10
1.4367675781e+02 3.8614417763e-10 9.9884243479e-11 2.8625993415e-10
1.4373779297e+02 3.8125167148e-10 9.8988576788e-11 2.8226309470e-10
1.4379882812e+02 3.7332071944e-10 9.6995565177e-11 2.7632515426e-10
1.4385986328e+02 3.7043042074e-10 9.6244795210e-11 2.7418562553e-10
1.4392089844e+02 3.6332631904e-10 9.4607140134e-11 2.6871917890e-10
1.4398193359e+02 3.6184005715e-10 9.4411027284e-11 2.6742902987e-10
1.4404296875e+02 3.5823507418e-10 9.3665176941e-11 2.6456989724e-10
1.4410400391e+02 3.5210478167e-10 9.2325195366e-11 2.5977958630e-10
1.4416503906e+02 3.5042590942e-10 9.1810467600e-11 2.5861544182e-10
1.4422607422e+02 3.4748001389e-10 9.1217904910e-11 2.5626210898e-10
1.4428710938e+02 3.4535635179e-10 9.0896248529e-11 2.5446010326e-10
1.4434814453e+02 3.4445569271e-10 9.0684358272e-11 2.5377133444e-10
1.4440917969e+02 3.3887168094e-10 8.9520721581e-11 2.4935095936e-10
1.4447021484e+02 3.3808648959e-10 8.9472041286e-11 2.4861444831e-10
1.4453125000e+02 3.3337952407e-10 8.8352497635e-11 2.4502702644e-10
1.4459228516e+02 3.3161368893e-10 8.8009418985e-11 2.4360426994e-10
1.4465332031e+02 3.2869559452e-10 8.7416853445e-11 2.4127874107e-10
1.4471435547e+02 3.2734105237e-10 8.7235230607e-11 2.4010582176e-10
1.4477539062e+02 3.2483588334e-10 8.6738111144e-11 2.3809777219e-10
1.4483642578e+02 3.2062969654e-10 8.5484833590e-11 2.3514486295e-10
1.4489746094e+02 3.2055786987e-10 8.5357227332e-11 2.3520064254e-10
1.4495849609e+02 3.1749988765e-10 8.4694636021e-11 2.3280525163e-10
1.4501953125e+02 3.1744542557e-10 8.4649715496e-11 2.3279571007e-10
1.4508056641e+02 3.1399903413e-10 8.3792120569e-11 2.3020691357e-10
1.4514160156e+02 3.1157929458e-10 8.3415611993e-11 2.2816368258e-10
1.4520263672e+02 3.1110653435e-10 8.3247250266e-11 2.2785928408e-10
1.4526367188e+02 3.0983554874e-10 8.2943876271e-11 2.2689167247e-10
1.4532470703e+02 3.0826627364e-10 8.2369393433e-11 2.2589688020e-10
1.4538574219e+02 3.0737224437e-10 8.2115611161e-11 2.2525663321e-10
1.4544677734e+02 3.0392757337e-10 8.1424610927e-11 2.2250296244e-10
1.4550781250e+02 3.0382212713e-10 8.1560957500e-11 2.2226116963e-10
1.4556884766e+02 3.0294602696e-10 8.1578035596e-11 2.2136799136e-10
1.4562988281e+02 3.0100862956e-10 8.1285934475e-11 2.1972269509e-10
1.4569091797e+02 2.9928981464e-10 8.1109617791e-11 2.1818019684e-10
1.4575195312e+02 2.9576275803e-10 8.0483004772e-11 2.1527975326e-10
1.4581298828e+02 2.9400643274e-10 8.0051769237e-11 2.1395466350e-10
1.4587402344e+02 2.9308575060e-10 7.9614103879e-11 2.1347164672e-10
1.4593505859e+02 2.9225603312e-10 7.9672983461e-11 2.1258304966e-10
1.4599609375e+02 2.8977308135e-10 7.9492431717e-11 2.1028064963e-10
1.4605712891e+02 2.8810985087e-10 7.8931608216e-11 2.0917824266e-10
1.4611816406e+02 2.8594243724e-10 7.8273287880e-11 2.0766914936e-10
1.4617919922e+02 2.8545659411e-10 7.8169869420e-11 2.0728672470e-10
1.4624023438e+02 2.8436851315e-10 7.8147456373e-11 2.0622105678e-10
1.4630126953e+02 2.8224606681e-10 7.7833552275e-11 2.0441251454e-10
1.4636230469e+02 2.7992921218e-10 7.6979934121e-11 2.0294927806e-10
1.4642333984e+02 2.7885448925e-10 7.6551697398e-11 2.0230279185e-10
1.4648437500e+02 2.7590215382e-10 7.6189501381e-11 1.9971265244e-10
1.4654541016e+02 2.7443951672e-10 7.5976384300e-11 1.9846313242e-10
1.4660644531e+02 2.7302441980e-10 7.5594420385e-11 1.9742999942e-10
1.4666748047e+02 2.6958094209e-10 7.4597884517e-11 1.9498305757e-10
1.4672851562e+02 2.6968025163e-10 7.4791227587e-11 1.9488902404e-10
1.4678955078e+02 2.6839802188e-10 7.4464090070e-11 1.9393393181e-10
1.4685058594e+02 2.6799132790e-10 7.4276934577e-11 1.9371439332e-10
1.4691162109e+02 2.6758685413e-10 7.4028242061e-11 1.9355861207e-10
1.4697265625e+02 2.6690331524e-10 7.4012346186e-11 1.9289096906e-10
1.4703369141e+02 2.6649462221e-10 7.3788798489e-11 1.9270582372e-10
1.4709472656e+02 2.6519819413e-10 7.3181990568e-11 1.9201620356e-10
1.4715576172e+02 2.6232593490e-10 7.2559559922e-11 1.8976637497e-10
1.4721679688e+02 2.6255469242e-10 7.2558742624e-11 1.8999594980e-10
1.4727783203e+02 2.6254269272e-10 7.2373366733e-11 1.9016932599e-10
1.4733886719e+02 2.6164638996e-10 7.1887665542e-11 1.8975872442e-10
1.4739990234e+02 2.5929476442e-10 7.1145637867e-11 1.8814912655e-10
1.4746093750e+02 2.5831269404e-10 7.0966784819e-11 1.8734590923e-10
1.4752197266e+02 2.5789519668e-10 7.0741724723e-11 1.8715347196e-10
1.4758300781e+02 2.5732013506e-10 7.0450033487e-11 1.8687010157e-10
1.4764404297e+02 2.5751946997e-10 7.0509244651e-11 1.8701022532e-10
1.4770507812e+02 2.5588427221e-10 7.0123131123e-11 1.8576114108e-10
1.4776611328e+02 2.5712150980e-10 7.0303319153e-11 1.8681819065e-10
1.4782714844e+02 2.5606007803e-10 6.9882652068e-11 1.8617742596e-10
1.4788818359e+02 2.5444461982e-10 6.9322552557e-11 1.8512206726e-10
1.4794921875e+02 2.5367769079e-10 6.9018338789e-11 1.8465935200e-10
1.4801025391e+02 2.5308973859e-10 6.8879224368e-11 1.8421051422e-10
1.4807128906e+02 2.5218939874e-10 6.8349176106e-11 1.8384022263e-10
1.4813232422e+02 2.5171521058e-10 6.8055735764e-11 1.8365947481e-10
1.4819335938e+02 2.5142714097e-10 6.8055927236e-11 1.8337121373e-10
1.4825439453e+02 2.5040783488e-10 6.7743076026e-11 1.8266475885e-10
1.4831542969e+02 2.4862325813e-10 6.7115936010e-11 1.8150732211e-10
1.4837646484e+02 2.4733646825e-10 6.6770969757e-11 1.8056549850e-10
1.4843750000e+02 2.4730270903e-10 6.6644579482e-11 1.8065812955e-10
1.4849853516e+02 2.4638275833e-10 6.6229616309e-11 1.8015314202e-10
1.4855957031e+02 2.4476729833e-10 6.5746365719e-11 1.7902093261e-10
1.4862060547e+02 2.4305406242e-10 6.5240812226e-11 1.7781325019e-10
1.4868164062e+02 2.4241189861e-10 6.5209948807e-11 1.7720194980e-10
1.4874267578e+02 2.4098963351e-10 6.4721725106e-11 1.7626790840e-10
1.4880371094e+02 2.4081012374e-10 6.4425357358e-11 1.7638476639e-10
1.4886474609e+02 2.3917474862e-10 6.4004290770e-11 1.7517045785e-10
1.4892578125e+02 2.3788878246e-10 6.3707245578e-11 1.7418153688e-10
1.4898681641e+02 2.3665566503e-10 6.3189602885e-11 1.7346606214e-10
1.4904785156e+02 2.3608729832e-10 6.2756892498e-11 1.7333040583e-10
1.4910888672e+02 2.3542072766e-10 6.2494074022e-11 1.7292665363e-10
1.4916992188e+02 2.3261134940e-10 6.1815837151e-11 1.7079551225e-10
1.4923095703e+02 2.3049917680e-10 6.1329282701e-11 1.6916989410e-10
1.4929199219e+02 2.2850831062e-10 6.0405162055e-11 1.6810314857e-10
1.4935302734e+02 2.2923897241e-10 6.0497809496e-11 1.6874116291e-10
1.4941406250e+02 2.2696025992e-10 5.9824134760e-11 1.6713612516e-10
1.4947509766e+02 2.2627559764e-10 5.9567303480e-11 1.6670829416e-10
1.4953613281e+02 2.2467847740e-10 5.9015590900e-11 1.6566288650e-10
1.4959716797e+02 2.2392571959e-10 5.8709867414e-11 1.6521585217e-10
1.4965820312e+02 2.2520177218e-10 5.9042751987e-11 1.6615902019e-10
1.4971923828e+02 2.2399949558e-10 5.8723714136e-11 1.6527578144e-10
1.4978027344e+02 2.2310254508e-10 5.8423834376e-11 1.6467871071e-10
1.4984130859e+02 2.2247542673e-10 5.8156173607e-11 1.6431925312e-10
1.4990234375e+02 2.2221641858e-10 5.8047152753e-11 1.6416926583e-10
1.4996337891e+02 2.2214703561e-10 5.7844253782e-11 1.6430278183e-10
1.5002441406e+02 2.2016085599e-10 5.7176591596e-11 1.6298426440e-10
1.5008544922e+02 2.1894883999e-10 5.6950315001e-11 1.6199852499e-10
1.5014648438e+02 2.1800583928e-10 5.6731415566e-11 1.6127442371e-10
1.5020751953e+02 2.1811247984e-10 5.6632994981e-11 1.6147948486e-10
1.5026855469e+02 2.1830939772e-10 5.6570810350e-11 1.6173858737e-10
1.5032958984e+02 2.1704480080e-10 5.6108696393e-11 1.6093610441e-10
1.5039062500e+02 2.1698911965e-10 5.6068911298e-11 1.6092020835e-10
1.5045166016e+02 2.1461018438e-10 5.5475690289e-11 1.5913449409e-10
1.5051269531e+02 2.1477309102e-10 5.5405311403e-11 1.5936777961e-10
1.5057373047e+02 2.1433422019e-10 5.5330671070e-11 1.5900354912e-10
1.5063476562e+02 2.1234073109e-10 5.4758532142e-11 1.5758219895e-10
1.5069580078e+02 2.1127207478e-10 5.4403891106e-11 1.5686818367e-10
1.5075683594e+02 2.0908121444e-10 5.3833414914e-11 1.5524779952e-10
1.5081787109e+02 2.0882676553e-10 5.3745396917e-11 1.5508136861e-10
1.5087890625e+02 2.0773010469e-10 5.3475297082e-11 1.5425480760e-10
1.5093994141e+02 2.0564885952e-10 5.2861012238e-11 1.5278784729e-10
1.5100097656e+02 2.0382156469e-10 5.2374730883e-11 1.5144683381e-10
1.5106201172e+02 2.0255815390e-10 5.1904133448e-11 1.5065402046e-10
1.5112304688e+02 2.0161407293e-10 5.1690334753e-11 1.4992373818e-10
1.5118408203e+02 1.9950423830e-10 5.1144051541e-11 1.4836018676e-10
1.5124511719e+02 1.9734066236e-10 5.0675705451e-11 1.4666495691e-10
1.5130615234e+02 1.9566644915e-10 5.0248475294e-11 1.4541797386e-10
1.5136718750e+02 1.9456211784e-10 4.9876141006e-11 1.4468597684e-10
1.5142822266e+02 1.9407906395e-10 4.9831348517e-11 1.4424771544e-10
1.5148925781e+02 1.9155710708e-10 4.9300882588e-11 1.4225622450e-10
1.5155029297e+02 1.9103581770e-10 4.9299210335e-11 1.4173660736e-10
1.5161132812e+02 1.8920223877e-10 4.8721717754e-11 1.4048052101e-10
1.5167236328e+02 1.8823058651e-10 4.8526913413e-11 1.3970367310e-10
1.5173339844e+02 1.8706377428e-10 4.8344824415e-11 1.3871894987e-10
1.5179443359e+02 1.8525861024e-10 4.7928200367e-11 1.3733040987e-10
1.5185546875e+02 1.8504809283e-10 4.7902677279e-11 1.3714541555e-10
1.5191650391e+02 1.8313792858e-10 4.7453389340e-11 1.3568453924e-10
1.5197753906e+02 1.8185759202e-10 4.7233643903e-11 1.3462394812e-10
1.5203857422e+02 1.8016052426e-10 4.6799306686e-11 1.3336121758e-10
1.5209960938e+02 1.7897202124e-10 4.6615889503e-11 1.3235613173e-10
1.5216064453e+02 1.7646290083e-10 4.5960701127e-11 1.3050219970e-10
1.5222167969e+02 1.7517967549e-10 4.5520604238e-11 1.2965907125e-10
1.5228271484e+02 1.7522075874e-10 4.5531441038e-11 1.2968931770e-10
1.5234375000e+02 1.7380185852e-10 4.5204132205e-11 1.2859772631e-10
1.5240478516e+02 1.7240238328e-10 4.4857246208e-11 1.2754513708e-10
1.5246582031e+02 1.7179902146e-10 4.4802108137e-11 1.2699691333e-10
1.5252685547e+02 1.7073161903e-10 4.4579242533e-11 1.2615237649e-10
1.5258789062e+02 1.7026960359e-10 4.4436431855e-11 1.2583317174e-10
1.5264892578e+02 1.6857728096e-10 4.4091289772e-11 1.2448599119e-10
1.5270996094e+02 1.6738046609e-10 4.3810484955e-11 1.2356998113e-10
1.5277099609e+02 1.6672095512e-10 4.3679216562e-11 1.2304173856e-10
1.5283203125e+02 1.6554700962e-10 4.3349655168e-11 1.2219735446e-10
1.5289306641e+02 1.6533263250e-10 4.3299759875e-11 1.2203287262e-10
1.5295410156e+02 1.6364164241e-10 4.2945382808e-11 1.2069625960e-10
1.5301513672e+02 1.6220201733e-10 4.2671241067e-11 1.1953077626e-10
1.5307617188e+02 1.6057891308e-10 4.2264639124e-11 1.1831427396e-10
1.5313720703e+02 1.6030511788e-10 4.2150109803e-11 1.1815500808e-10
1.5319824219e+02 1.5904743595e-10 4.1935509693e-11 1.1711192625e-10
1.5325927734e+02 1.5792819489e-10 4.1586184981e-11 1.1634200991e-10
1.5332031250e+02 1.5597074168e-10 4.1158716760e-11 1.1481202492e-10
1.5338134766e+02 1.5375409477e-10 4.0596751560e-11 1.1315734321e-10
1.5344238281e+02 1.5363249772e-10 4.0560762066e-11 1.1307173565e-10
1.5350341797e+02 1.5143828554e-10 4.0062042316e-11 1.1137624322e-10
1.5356445312e+02 1.5024821486e-10 3.9845969605e-11 1.1040224526e-10
1.5362548828e+02 1.4875359929e-10 3.9571828859e-11 1.0918177043e-10
1.5368652344e+02 1.4789489865e-10 3.9480968601e-11 1.0841393005e-10
1.5374755859e+02 1.4759071872e-10 3.9408652250e-11 1.0818206647e-10
1.5380859375e+02 1.4634229165e-10 3.8953169137e-11 1.0738912251e-10
1.5386962891e+02 1.4516602421e-10 3.8780631514e-11 1.0638539270e-10
1.5393066406e+02 1.4409255785e-10 3.8620230932e-11 1.0547232691e-10
1.5399169922e+02 1.4299901511e-10 3.8395645358e-11 1.0460336975e-10
1.5405273438e+02 1.4202562785e-10 3.8148013077e-11 1.0387761477e-10
1.5411376953e+02 1.4086830570e-10 3.8006931132e-11 1.0286137457e-10
1.5417480469e+02 1.3988251770e-10 3.7810738434e-11 1.0207177926e-10
1.5423583984e+02 1.3786043051e-10 3.7398797127e-11 1.0046163338e-10
1.5429687500e+02 1.3762670763e-10 3.7365327263e-11 1.0026138037e-10
1.5435791016e+02 1.3793748649e-10 3.7532021998e-11 1.0040546449e-10
1.5441894531e+02 1.3727294374e-10 3.7399720521e-11 9.9873223221e-11
1.5447998047e+02 1.3655301031e-10 3.7212446055e-11 9.9340564253e-11
1.5454101562e+02 1.3529523078e-10 3.6932424664e-11 9.8362806117e-11
1.5460205078e+02 1.3567111438e-10 3.7123081481e-11 9.8548032903e-11
1.5466308594e+02 1.3459200648e-10 3.6834600710e-11 9.7757405767e-11
1.5472412109e+02 1.3412546553e-10 3.6719731196e-11 9.7405734333e-11
1.5478515625e+02 1.3260245457e-10 3.6352503555e-11 9.6249951018e-11
1.5484619141e+02 1.3226269072e-10 3.6309307874e-11 9.5953382849e-11
1.5490722656e+02 1.3132460188e-10 3.6086295331e-11 9.5238306546e-11
1.5496826172e+02 1.3105727928e-10 3.5991574831e-11 9.5065704445e-11
1.5502929688e+02 1.3067810192e-10 3.5925428120e-11 9.4752673801e-11
1.5509033203e+02 1.2913168612e-10 3.5635208337e-11 9.3496477784e-11
1.5515136719e+02 1.2937601752e-10 3.5698442322e-11 9.3677575197e-11
1.5521240234e+02 1.2869311016e-10 3.5475965177e-11 9.3217144979e-11
1.5527343750e+02 1.2928856250e-10 3.5575272449e-11 9.3713290046e-11
1.5533447266e+02 1.2966760167e-10 3.5818930259e-11 9.3848671415e-11
1.5539550781e+02 1.2868231219e-10 3.5611029582e-11 9.3071282609e-11
1.5545654297e+02 1.2877062114e-10 3.5610724421e-11 9.3159896723e-11
1.5551757812e+02 1.2751661743e-10 3.5192511708e-11 9.2324105723e-11
1.5557861328e+02 1.2809636547e-10 3.5359885270e-11 9.2736480205e-11
1.5563964844e+02 1.2901071838e-10 3.5593112538e-11 9.3417605846e-11
1.5570068359e+02 1.2824953709e-10 3.5434124007e-11 9.2815413084e-11
1.5576171875e+02 1.2894037813e-10 3.5517074074e-11 9.3423304053e-11
1.5582275391e+02 1.2799202580e-10 3.5182534527e-11 9.2809491276e-11
1.5588378906e+02 1.2892655793e-10 3.5464402908e-11 9.3462155021e-11
1.5594482422e+02 1.2808629006e-10 3.5226086534e-11 9.2860203524e-11
1.5600585938e+02 1.2771837136e-10 3.5187165299e-11 9.2531206063e-11
1.5606689453e+02 1.2786179146e-10 3.5180682019e-11 9.2681109439e-11
1.5612792969e+02 1.2715261468e-10 3.4970864336e-11 9.2181750341e-11
1.5618896484e+02 1.2797372534e-10 3.5182024072e-11 9.2791701269e-11
1.5625000000e+02 1.2672526037e-10 3.4902242529e-11 9.1823017844e-11
1.5631103516e+02 1.2738260198e-10 3.5032202056e-11 9.2350399928e-11
1.5637207031e+02 1.2648939144e-10 3.4750384540e-11 9.1739006899e-11
1.5643310547e+02 1.2634181600e-10 3.4698578795e-11 9.1643237202e-11
1.5649414062e+02 1.2643548617e-10 3.4653548832e-11 9.1781937343e-11
1.5655517578e+02 1.2601411065e-10 3.4659134925e-11 9.1354975728e-11
1.5661621094e+02 1.2643203994e-10 3.4786990027e-11 9.1645049913e-11
1.5667724609e+02 1.2593482309e-10 3.4624962963e-11 9.1309860130e-11
1.5673828125e+02 1.2609988735e-10 3.4644513040e-11 9.1455374306e-11
1.5679931641e+02 1.2604645087e-10 3.4614666680e-11 9.1431784187e-11
1.5686035156e+02 1.2468760005e-10 3.4208693204e-11 9.0478906845e-11
1.5692138672e+02 1.2499299116e-10 3.4360860201e-11 9.0632130954e-11
1.5698242188e+02 1.2430807796e-10 3.4125163046e-11 9.0182914914e-11
1.5704345703e+02 1.2493370312e-10 3.4238744655e-11 9.0694958463e-11
1.5710449219e+02 1.2464823480e-10 3.4151350129e-11 9.0496884675e-11
1.5716552734e+02 1.2430404100e-10 3.4045908078e-11 9.0258132922e-11
1.5722656250e+02 1.2446184593e-10 3.4116362894e-11 9.0345483040e-11
1.5728759766e+02 1.2386017206e-10 3.3906793023e-11 8.9953379041e-11
1.5734863281e+02 1.2464792438e-10 3.4051985877e-11 9.0595938502e-11
1.5740966797e+02 1.2351621312e-10 3.3663231657e-11 8.9852981461e-11
1.5747070312e+02 1.2396002233e-10 3.3793815764e-11 9.0166206568e-11
1.5753173828e+02 1.2273856103e-10 3.3416986793e-11 8.9321574232e-11
1.5759277344e+02 1.2274049996e-10 3.3343761319e-11 8.9396738644e-11
1.5765380859e+02 1.2300855991e-10 3.3298510875e-11 8.9710049034e-11
1.5771484375e+02 1.2178477711e-10 3.2890418026e-11 8.8894359087e-11
1.5777587891e+02 1.2200753762e-10 3.3006482888e-11 8.9001054732e-11
1.5783691406e+02 1.2101771296e-10 3.2678766583e-11 8.8338946376e-11
1.5789794922e+02 1.2142540682e-10 3.2728525951e-11 8.8696880868e-11
1.5795898438e+02 1.2084104524e-10 3.2450765664e-11 8.8390279578e-11
1.5802001953e+02 1.2037055051e-10 3.2288143511e-11 8.8082406995e-11
1.5808105469e+02 1.2024125091e-10 3.2203898155e-11 8.8037352754e-11
1.5814208984e+02 1.2014754798e-10 3.2161402069e-11 8.7986145916e-11
1.5820312500e+02 1.2048985121e-10 3.2190696211e-11 8.8299154997e-11
1.5826416016e+02 1.1956862767e-10 3.1893719313e-11 8.7674908360e-11
1.5832519531e+02 1.1928095297e-10 3.1788063948e-11 8.7492889017e-11
1.5838623047e+02 1.1855387578e-10 3.1561265783e-11 8.6992609998e-11
1.5844726562e+02 1.1782614230e-10 3.1271835504e-11 8.6554306796e-11
1.5850830078e+02 1.1796423907e-10 3.1159520761e-11 8.6804718307e-11
1.5856933594e+02 1.1707249316e-10 3.0939705261e-11 8.6132787901e-11
1.5863037109e+02 1.1718234360e-10 3.0994403474e-11 8.6187940127e-11
1.5869140625e+02 1.1604116390e-10 3.0701516618e-11 8.5339647285e-11
1.5875244141e+02 1.1557325677e-10 3.0533048364e-11 8.5040208407e-11
1.5881347656e+02 1.1561634045e-10 3.0543881905e-11 8.5072458542e-11
1.5887451172e+02 1.1415770034e-10 3.0164628710e-11 8.3993071630e-11
1.5893554688e+02 1.1348572191e-10 2.9892517806e-11 8.3593204102e-11
1.5899658203e+02 1.1176502542e-10 2.9449016761e-11 8.2316008658e-11
1.5905761719e+02 1.1221120478e-10 2.9528224535e-11 8.2682980249e-11
1.5911865234e+02 1.1165983772e-10 2.9386037690e-11 8.2273800026e-11
1.5917968750e+02 1.1092011719e-10 2.9137061392e-11 8.1783055799e-11
1.5924072266e+02 1.0991222419e-10 2.8959558581e-11 8.0952665608e-11
1.5930175781e+02 1.0877204339e-10 2.8726953558e-11 8.0045089834e-11
1.5936279297e+02 1.0888216660e-10 2.8687524952e-11 8.0194641646e-11
1.5942382812e+02 1.0758199816e-10 2.8285002984e-11 7.9296995175e-11
1.5948486328e+02 1.0727246351e-10 2.8241073722e-11 7.9031389788e-11
1.5954589844e+02 1.0622541090e-10 2.8015582121e-11 7.8209828775e-11
1.5960693359e+02 1.0515655273e-10 2.7716284879e-11 7.7440267848e-11
1.5966796875e+02 1.0488380433e-10 2.7513950867e-11 7.7369853465e-11
1.5972900391e+02 1.0369736677e-10 2.7214620451e-11 7.6482746318e-11
1.5979003906e+02 1.0311146295e-10 2.7176792544e-11 7.5934670407e-11
1.5985107422e+02 1.0188607051e-10 2.6878023884e-11 7.5008046623e-11
1.5991210938e+02 1.0113974728e-10 2.6591411281e-11 7.4548335997e-11
1.5997314453e+02 1.0098907107e-10 2.6482775396e-11 7.4506295671e-11
1.6003417969e+02 1.0025061606e-10 2.6296189930e-11 7.3954426126e-11
1.6009521484e+02 1.0011733147e-10 2.6289185556e-11 7.3828145915e-11
1.6015625000e+02 9.8748176046e-11 2.5935384562e-11 7.2812791484e-11
1.6021728516e+02 9.8779136083e-11 2.5942201873e-11 7.2836934210e-11
1.6027832031e+02 9.7652564314e-11 2.5593521868e-11 7.2059042446e-11
1.6033935547e+02 9.6963707613e-11 2.5432590434e-11 7.1531117179e-11
1.6040039062e+02 9.6089018779e-11 2.5184955092e-11 7.0904063686e-11
1.6046142578e+02 9.4678922222e-11 2.4837064995e-11 6.9841857228e-11
1.6052246094e+02 9.4933659906e-11 2.4897914573e-11 7.0035745333e-11
1.6058349609e+02 9.3912616779e-11 2.4570695992e-11 6.9341920787e-11
1.6064453125e+02 9.3789953022e-11 2.4522071147e-11 6.9267881875e-11
1.6070556641e+02 9.2499319944e-11 2.4248316484e-11 6.8251003461e-11
1.6076660156e+02 9.1513861708e-11 2.4058000215e-11 6.7455861493e-11
1.6082763672e+02 9.1138278973e-11 2.3931025459e-11 6.7207253514e-11
1.6088867188e+02 9.0388774430e-11 2.3678605917e-11 6.6710168513e-11
1.6094970703e+02 8.9890783847e-11 2.3506386888e-11 6.6384396959e-11
1.6101074219e+02 8.8706288733e-11 2.3261468458e-11 6.5444820274e-11
1.6107177734e+02 8.8167171567e-11 2.3192120466e-11 6.4975051101e-11
1.6113281250e+02 8.7659902693e-11 2.3017325869e-11 6.4642576825e-11
1.6119384766e+02 8.6509136800e-11 2.2727840947e-11 6.3781295853e-11
1.6125488281e+02 8.6176437714e-11 2.2729062592e-11 6.3447375122e-11
1.6131591797e+02 8.4888650385e-11 2.2490441399e-11 6.2398208986e-11
1.6137695312e+02 8.4376410441e-11 2.2353072920e-11 6.2023337522e-11
1.6143798828e+02 8.3671168828e-11 2.2179262289e-11 6.1491906539e-11
1.6149902344e+02 8.2886495138e-11 2.1984153542e-11 6.0902341597e-11
1.6156005859e+02 8.2745267299e-11 2.1978339247e-11 6.0766928052e-11
1.6162109375e+02 8.1307267835e-11 2.1597464224e-11 5.9709803611e-11
1.6168212891e+02 8.0943911996e-11 2.1540056054e-11 5.9403855942e-11
1.6174316406e+02 7.9849910487e-11 2.1344405974e-11 5.8505504513e-11
1.6180419922e+02 7.9289453415e-11 2.1239430934e-11 5.8050022481e-11
1.6186523438e+02 7.8413922204e-11 2.0992246066e-11 5.7421676138e-11
1.6192626953e+02 7.7866159010e-11 2.0851635508e-11 5.7014523501e-11
1.6198730469e+02 7.7700924095e-11 2.0881700247e-11 5.6819223848e-11
1.6204833984e+02 7.7224594454e-11 2.0808771059e-11 5.6415823395e-11
1.6210937500e+02 7.7141064156e-11 2.0752664284e-11 5.6388399872e-11
1.6217041016e+02 7.6390003861e-11 2.0623948524e-11 5.5766055337e-11
1.6223144531e+02 7.6041951186e-11 2.0582987923e-11 5.5458963263e-11
1.6229248047e+02 7.5595532113e-11 2.0492926687e-11 5.5102605426e-11
1.6235351562e+02 7.5097149835e-11 2.0333882838e-11 5.4763266997e-11
1.6241455078e+02 7.4627226969e-11 2.0226981743e-11 5.4400245226e-11
1.6247558594e+02 7.4272891971e-11 2.0227709221e-11 5.4045182750e-11
1.6253662109e+02 7.3981500667e-11 2.0150127980e-11 5.3831372687e-11
1.6259765625e+02 7.3777273790e-11 2.0082856304e-11 5.3694417486e-11
1.6265869141e+02 7.3722079633e-11 2.0091113499e-11 5.3630966135e-11
1.6271972656e+02 7.3575712870e-11 2.0098511283e-11 5.3477201587e-11
1.6278076172e+02 7.3103498769e-11 1.9972235462e-11 5.3131263307e-11
1.6284179688e+02 7.3286240809e-11 2.0010734490e-11 5.3275506320e-11
1.6290283203e+02 7.3095448889e-11 1.9956851924e-11 5.3138596964e-11
1.6296386719e+02 7.3531288040e-11 2.0085370022e-11 5.3445918019e-11
1.6302490234e+02 7.2977816060e-11 1.9965514773e-11 5.3012301287e-11
1.6308593750e+02 7.2509038330e-11 1.9868102782e-11 5.2640935549e-11
1.6314697266e+02 7.2371826072e-11 1.9836978113e-11 5.2534847959e-11
1.6320800781e+02 7.2030111090e-11 1.9777715088e-11 5.2252396001e-11
1.6326904297e+02 7.2283565479e-11 1.9891741104e-11 5.2391824375e-11
1.6333007812e+02 7.1672974510e-11 1.9701497460e-11 5.1971477050e-11
1.6339111328e+02 7.1944052662e-11 1.9767497437e-11 5.2176555225e-11
1.6345214844e+02 7.1745245683e-11 1.9691584154e-11 5.2053661529e-11
1.6351318359e+02 7.2255651608e-11 1.9817782107e-11 5.2437869501e-11
1.6357421875e+02 7.2130664006e-11 1.9824351909e-11 5.2306312096e-11
1.6363525391e+02 7.1950232423e-11 1.9806365346e-11 5.2143867076e-11
1.6369628906e+02 7.2091754476e-11 1.9840721424e-11 5.2251033052e-11
1.6375732422e+02 7.1531486848e-11 1.9673369800e-11 5.1858117048e-11
1.6381835938e+02 7.2001115776e-11 1.9821507350e-11 5.2179608426e-11
1.6387939453e+02 7.1703612484e-11 1.9749683560e-11 5.1953928925e-11
1.6394042969e+02 7.1599583395e-11 1.9693397063e-11 5.1906186331e-11
1.6400146484e+02 7.1959465023e-11 1.9788723355e-11 5.2170741668e-11
1.6406250000e+02 7.1596263591e-11 1.9737276195e-11 5.1858987396e-11
1.6412353516e+02 7.2029243543e-11 1.9857156497e-11 5.2172087046e-11
1.6418457031e+02 7.1760206125e-11 1.9751094408e-11 5.2009111717e-11
1.6424560547e+02 7.1805919711e-11 1.9828209372e-11 5.1977710339e-11
1.6430664062e+02 7.1742837509e-11 1.9823251996e-11 5.1919585513e-11
1.6436767578e+02 7.1547494071e-11 1.9718917796e-11 5.1828576275e-11
1.6442871094e+02 7.2244246409e-11 1.9859191546e-11 5.2385054863e-11
1.6448974609e+02 7.1561975011e-11 1.9694595341e-11 5.1867379670e-11
1.6455078125e+02 7.1862136546e-11 1.9807238774e-11 5.2054897772e-11
1.6461181641e+02 7.1222980902e-11 1.9632019592e-11 5.1590961309e-11
1.6467285156e+02 7.1523986176e-11 1.9689421909e-11 5.1834564268e-11
1.6473388672e+02 7.1852148649e-11 1.9791413552e-11 5.2060735097e-11
1.6479492188e+02 7.1321725675e-11 1.9663578687e-11 5.1658146988e-11
1.6485595703e+02 7.1790945077e-11 1.9759150418e-11 5.2031794658e-11
1.6491699219e+02 7.1039742739e-11 1.9533353870e-11 5.1506388868e-11
1.6497802734e+02 7.1498823791e-11 1.9639267917e-11 5.1859555875e-11
1.6503906250e+02 7.1421764741e-11 1.9617206481e-11 5.1804558260e-11
1.6510009766e+02 7.1099645100e-11 1.9504195523e-11 5.1595449576e-11
1.6516113281e+02 7.1045998223e-11 1.9480904865e-11 5.1565093358e-11
1.6522216797e+02 7.0194312748e-11 1.9244304020e-11 5.0950008728e-11
1.6528320312e+02 7.0530814616e-11 1.9331000566e-11 5.1199814050e-11
1.6534423828e+02 7.0483080413e-11 1.9270292851e-11 5.1212787562e-11
1.6540527344e+02 7.0590002003e-11 1.9223372597e-11 5.1366629406e-11
1.6546630859e+02 7.0469060488e-11 1.9159813591e-11 5.1309246898e-11
1.6552734375e+02 7.0098257547e-11 1.9049906804e-11 5.1048350743e-11
1.6558837891e+02 7.0625281853e-11 1.9160654511e-11 5.1464627342e-11
1.6564941406e+02 7.0282688389e-11 1.9049664875e-11 5.1233023514e-11
1.6571044922e+02 7.0662675079e-11 1.9113409764e-11 5.1549265315e-11
1.6577148438e+02 7.0219775518e-11 1.9010589068e-11 5.1209186449e-11
1.6583251953e+02 7.0195907790e-11 1.8947221416e-11 5.1248686374e-11
1.6589355469e+02 7.0391110931e-11 1.8902045743e-11 5.1489065187e-11
1.6595458984e+02 6.9940828368e-11 1.8769689727e-11 5.1171138641e-11
1.6601562500e+02 7.0470621215e-11 1.8892444628e-11 5.1578176587e-11
1.6607666016e+02 6.9626314457e-11 1.8655593409e-11 5.0970721048e-11
1.6613769531e+02 6.9590800359e-11 1.8618300467e-11 5.0972499891e-11
1.6619873047e+02 6.9439616102e-11 1.8524369450e-11 5.0915246652e-11
1.6625976562e+02 6.9525645119e-11 1.8555309328e-11 5.0970335791e-11
1.6632080078e+02 6.9451082899e-11 1.8532399365e-11 5.0918683534e-11
1.6638183594e+02 6.8893363227e-11 1.8317167915e-11 5.0576195312e-11
1.6644287109e+02 6.9070871085e-11 1.8350969430e-11 5.0719901656e-11
1.6650390625e+02 6.8658579385e-11 1.8219425996e-11 5.0439153389e-11
1.6656494141e+02 6.8878890735e-11 1.8258109086e-11 5.0620781650e-11
1.6662597656e+02 6.8091800643e-11 1.8026393507e-11 5.0065407135e-11
1.6668701172e+02 6.7742994302e-11 1.7940180786e-11 4.9802813516e-11
1.6674804688e+02 6.7992753641e-11 1.7956728246e-11 5.0036025394e-11
1.6680908203e+02 6.7422831566e-11 1.7793155115e-11 4.9629676451e-11
1.6687011719e+02 6.7490287154e-11 1.7759213460e-11 4.9731073695e-11
1.6693115234e+02 6.6711291618e-11 1.7558947619e-11 4.9152343999e-11
1.6699218750e+02 6.6309426308e-11 1.7485057282e-11 4.8824369026e-11
1.6705322266e+02 6.6217246016e-11 1.7392980804e-11 4.8824265212e-11
1.6711425781e+02 6.5590556412e-11 1.7160474277e-11 4.8430082135e-11
1.6717529297e+02 6.5610484244e-11 1.7165023982e-11 4.8445460262e-11
1.6723632812e+02 6.4681384079e-11 1.6943573710e-11 4.7737810368e-11
1.6729736328e+02 6.4466342565e-11 1.6889941606e-11 4.7576400960e-11
1.6735839844e+02 6.3867300997e-11 1.6669678324e-11 4.7197622673e-11
1.6741943359e+02 6.3528877029e-11 1.6579014791e-11 4.6949862237e-11
1.6748046875e+02 6.3260589560e-11 1.6509175496e-11 4.6751414063e-11
1.6754150391e+02 6.2453036946e-11 1.6300475265e-11 4.6152561681e-11
1.6760253906e+02 6.2443398505e-11 1.6281163779e-11 4.6162234726e-11
1.6766357422e+02 6.1692829497e-11 1.6092005168e-11 4.5600824329e-11
1.6772460938e+02 6.1865317630e-11 1.6134043387e-11 4.5731274243e-11
1.6778564453e+02 6.1141565006e-11 1.5922519653e-11 4.5219045354e-11
1.6784667969e+02 6.0552681525e-11 1.5779548917e-11 4.4773132608e-11
1.6790771484e+02 6.0446985381e-11 1.5726268387e-11 4.4720716994e-11
1.6796875000e+02 5.9617998143e-11 1.5495028318e-11 4.4122969826e-11
1.6802978516e+02 5.9390751901e-11 1.5427993169e-11 4.3962758732e-11
1.6809082031e+02 5.8623819293e-11 1.5218189556e-11 4.3405629736e-11
1.6815185547e+02 5.8281816774e-11 1.5157819965e-11 4.3123996809e-11
1.6821289062e+02 5.7976551651e-11 1.5085190609e-11 4.2891361042e-11
1.6827392578e+02 5.7503689539e-11 1.4920644170e-11 4.2583045369e-11
1.6833496094e+02 5.7319343263e-11 1.4847991106e-11 4.2471352157e-11
1.6839599609e+02 5.6616046070e-11 1.4652782179e-11 4.1963263891e-11
1.6845703125e+02 5.6526901169e-11 1.4624315208e-11 4.1902585960e-11
1.6851806641e+02 5.5980296526e-11 1.4467324781e-11 4.1512971745e-11
1.6857910156e+02 5.5879348922e-11 1.4432914736e-11 4.1446434185e-11
1.6864013672e+02 5.5515984204e-11 1.4342296498e-11 4.1173687707e-11
1.6870117188e+02 5.4587197020e-11 1.4108331347e-11 4.0478865673e-11
1.6876220703e+02 5.4675914448e-11 1.4099354752e-11 4.0576559696e-11
1.6882324219e+02 5.3859345811e-11 1.3856124311e-11 4.0003221499e-11
1.6888427734e+02 5.3809280439e-11 1.3862488612e-11 3.9946791827e-11
1.6894531250e+02 5.3048057085e-11 1.3659517942e-11 3.9388539142e-11
1.6900634766e+02 5.2240444000e-11 1.3461996029e-11 3.8778447971e-11
1.6906738281e+02 5.1852792113e-11 1.3349257378e-11 3.8503534735e-11
1.6912841797e+02 5.1123287390e-11 1.3186076218e-11 3.7937211172e-11
1.6918945312e+02 5.1005585915e-11 1.3185825984e-11 3.7819759931e-11
1.6925048828e+02 5.0114491767e-11 1.2959912535e-11 3.7154579232e-11
1.6931152344e+02 4.9677188136e-11 1.2832346419e-11 3.6844841717e-11
1.6937255859e+02 4.8964818971e-11 1.2641567056e-11 3.6323251914e-11
1.6943359375e+02 4.8519088522e-11 1.2542945178e-11 3.5976143344e-11
1.6949462891e+02 4.8187104118e-11 1.2473499965e-11 3.5713604153e-11
1.6955566406e+02 4.7294470612e-11 1.2295439338e-11 3.4999031274e-11
1.6961669922e+02 4.7063526726e-11 1.2256086157e-11 3.4807440569e-11
1.6967773438e+02 4.6346038363e-11 1.2109210705e-11 3.4236827657e-11
1.6973876953e+02 4.5844996085e-11 1.1984955551e-11 3.3860040534e-11
1.6979980469e+02 4.5422430135e-11 1.1892377617e-11 3.3530052518e-11
1.6986083984e+02 4.4348521154e-11 1.1645241147e-11 3.2703280007e-11
1.6992187500e+02 4.4030535094e-11 1.1593925149e-11 3.2436609944e-11
1.6998291016e+02 4.3222582974e-11 1.1411153812e-11 3.1811429163e-11
1.7004394531e+02 4.2787950278e-11 1.1298158036e-11 3.1489792242e-11
1.7010498047e+02 4.2208816994e-11 1.1174059361e-11 3.1034757633e-11
1.7016601562e+02 4.1500535563e-11 1.1017399273e-11 3.0483136290e-11
1.7022705078e+02 4.1190332343e-11 1.0971505621e-11 3.0218826722e-11
1.7028808594e+02 4.0476515469e-11 1.0795725167e-11 2.9680790302e-11
1.7034912109e+02 4.0327924365e-11 1.0758984587e-11 2.9568939778e-11
1.7041015625e+02 3.9507280930e-11 1.0552077696e-11 2.8955203234e-11
1.7047119141e+02 3.9198146740e-11 1.0505593811e-11 2.8692552929e-11
1.7053222656e+02 3.8755554802e-11 1.0413856928e-11 2.8341697874e-11
1.7059326172e+02 3.8308093929e-11 1.0305306506e-11 2.8002787423e-11
1.7065429688e+02 3.8245768042e-11 1.0278203874e-11 2.7967564169e-11
1.7071533203e+02 3.7706907859e-11 1.0174379553e-11 2.7532528306e-11
1.7077636719e+02 3.7464148241e-11 1.0131508519e-11 2.7332639722e-11
1.7083740234e+02 3.7046503741e-11 1.0028605586e-11 2.7017898156e-11
1.7089843750e+02 3.6830952229e-11 9.9930974474e-12 2.6837854781e-11
1.7095947266e+02 3.6584395710e-11 9.9366341242e-12 2.6647761586e-11
1.7102050781e+02 3.6217207711e-11 9.8407635825e-12 2.6376444129e-11
1.7108154297e+02 3.5887125361e-11 9.7799040102e-12 2.6107221351e-11
1.7114257812e+02 3.5526335691e-11 9.7068539058e-12 2.5819481785e-11
1.7120361328e+02 3.5293601246e-11 9.6527517241e-12 2.5640849522e-11
1.7126464844e+02 3.4993694794e-11 9.5648380828e-12 2.5428856712e-11
1.7132568359e+02 3.4730160267e-11 9.5207777627e-12 2.5209382504e-11
1.7138671875e+02 3.4649171011e-11 9.5263596414e-12 2.5122811369e-11
1.7144775391e+02 3.4248457139e-11 9.4377308347e-12 2.4810726304e-11
1.7150878906e+02 3.4099700238e-11 9.3858485085e-12 2.4713851729e-11
1.7156982422e+02 3.3779175936e-11 9.2919690747e-12 2.4487206861e-11
1.7163085938e+02 3.3746725925e-11 9.3103641910e-12 2.4436361734e-11
1.7169189453e+02 3.3445308039e-11 9.2814578626e-12 2.4163850176e-11
1.7175292969e+02 3.3140197475e-11 9.2039740216e-12 2.3936223453e-11
1.7181396484e+02 3.2960560447e-11 9.1503796925e-12 2.3810180755e-11
1.7187500000e+02 3.2591338862e-11 9.0750296222e-12 2.3516309240e-11
1.7193603516e+02 3.2480607795e-11 9.0624143726e-12 2.3418193422e-11
1.7199707031e+02 3.2087963946e-11 8.9624122126e-12 2.3125551734e-11
1.7205810547e+02 3.2031778940e-11 8.9572874699e-12 2.3074491470e-11
1.7211914062e+02 3.1780791349e-11 8.9334134563e-12 2.2847377892e-11
1.7218017578e+02 3.1658723711e-11 8.9113488838e-12 2.2747374827e-11
1.7224121094e+02 3.1576307279e-11 8.8847949861e-12 2.2691512293e-11
1.7230224609e+02 3.1286806058e-11 8.8085032936e-12 2.2478302765e-11
1.7236328125e+02 3.1211743197e-11 8.8000969655e-12 2.2411646232e-11
1.7242431641e+02 3.1005757100e-11 8.7535520912e-12 2.2252205008e-11
1.7248535156e+02 3.0871814366e-11 8.7183284627e-12 2.2153485903e-11
1.7254638672e+02 3.0737057831e-11 8.7055877107e-12 2.2031470120e-11
1.7260742188e+02 3.0499632165e-11 8.6563755514e-12 2.1843256613e-11
1.7266845703e+02 3.0434153544e-11 8.6486178089e-12 2.1785535735e-11
1.7272949219e+02 3.0272701454e-11 8.5936167211e-12 2.1679084733e-11
1.7279052734e+02 3.0189247743e-11 8.5642738204e-12 2.1624973923e-11
1.7285156250e+02 2.9990895093e-11 8.5148680010e-12 2.1476027092e-11
1.7291259766e+02 2.9816415116e-11 8.4525072898e-12 2.1363907826e-11
1.7297363281e+02 2.9786257371e-11 8.4348097896e-12 2.1351447581e-11
1.7303466797e+02 2.9628443359e-11 8.3849583166e-12 2.1243485043e-11
1.7309570312e+02 2.9719199079e-11 8.4099167527e-12 2.1309282326e-11
1.7315673828e+02 2.9515344546e-11 8.3517740663e-12 2.1163570479e-11
1.7321777344e+02 2.9567557780e-11 8.3500836808e-12 2.1217474099e-11
1.7327880859e+02 2.9481677243e-11 8.2991471086e-12 2.1182530134e-11
1.7333984375e+02 2.9451729061e-11 8.3046910387e-12 2.1147038023e-11
1.7340087891e+02 2.9568304216e-11 8.3224191881e-12 2.1245885028e-11
1.7346191406e+02 2.9521609434e-11 8.2988687445e-12 2.1222740689e-11
1.7352294922e+02 2.9626720517e-11 8.3082998880e-12 2.1318420629e-11
1.7358398438e+02 2.9663991362e-11 8.2881280186e-12 2.1375863343e-11
1.7364501953e+02 2.9805759992e-11 8.3327849861e-12 2.1472975006e-11
1.7370605469e+02 2.9777022606e-11 8.3203853750e-12 2.1456637231e-11
1.7376708984e+02 2.9807409096e-11 8.3155254914e-12 2.1491883604e-11
1.7382812500e+02 2.9874159771e-11 8.3264663338e-12 2.1547693437e-11
1.7388916016e+02 2.9994241329e-11 8.3464645782e-12 2.1647776751e-11
1.7395019531e+02 3.0039118907e-11 8.3367873096e-12 2.1702331597e-11
1.7401123047e+02 2.9938897110e-11 8.2939898901e-12 2.1644907220e-11
1.7407226562e+02 3.0001142146e-11 8.3129188880e-12 2.1688223258e-11
1.7413330078e+02 3.0169188360e-11 8.3491590473e-12 2.1820029313e-11
1.7419433594e+02 3.0197279289e-11 8.3341720924e-12 2.1863107196e-11
1.7425537109e+02 3.0277932077e-11 8.3259602667e-12 2.1951971811e-11
1.7431640625e+02 3.0161488950e-11 8.2856714056e-12 2.1875817545e-11
1.7437744141e+02 3.0223976461e-11 8.3032703682e-12 2.1920706093e-11
1.7443847656e+02 3.0269438206e-11 8.2926070359e-12 2.1976831170e-11
1.7449951172e+02 3.0298854340e-11 8.2721683516e-12 2.2026685988e-11
1.7456054688e+02 3.0248984279e-11 8.2466816300e-12 2.2002302649e-11
1.7462158203e+02 3.0090175350e-11 8.1977867609e-12 2.1892388589e-11
1.7468261719e+02 3.0142097496e-11 8.2022963330e-12 2.1939801163e-11
1.7474365234e+02 3.0068468095e-11 8.1649364305e-12 2.1903531664e-11
1.7480468750e+02 3.0200986333e-11 8.1868655692e-12 2.2014120764e-11
1.7486572266e+02 3.0085738311e-11 8.1374134525e-12 2.1948324858e-11
1.7492675781e+02 3.0033083287e-11 8.1075594862e-12 2.1925523801e-11
1.7498779297e+02 3.0059362656e-11 8.1061498409e-12 2.1953212815e-11
1.7504882812e+02 3.0026376291e-11 8.0828291999e-12 2.1943547091e-11
1.7510986328e+02 3.0158628810e-11 8.0958381110e-12 2.2062790699e-11
1.7517089844e+02 2.9989873142e-11 8.0481991835e-12 2.1941673958e-11
1.7523193359e+02 2.9940853180e-11 8.0463875563e-12 2.1894465624e-11
1.7529296875e+02 2.9890137414e-11 8.0209218398e-12 2.1869215574e-11
1.7535400391e+02 2.9835546664e-11 7.9774741566e-12 2.1858072507e-11
1.7541503906e+02 2.9834461762e-11 7.9748318377e-12 2.1859629924e-11
1.7547607422e+02 2.9651454944e-11 7.9158065308e-12 2.1735648413e-11
1.7553710938e+02 2.9545715923e-11 7.8881586531e-12 2.1657557270e-11
1.7559814453e+02 2.9462364485e-11 7.8506249421e-12 2.1611739543e-11
1.7565917969e+02 2.9393575441e-11 7.8399365138e-12 2.1553638927e-11
1.7572021484e+02 2.9411245225e-11 7.8321434349e-12 2.1579101790e-11
1.7578125000e+02 2.9204888929e-11 7.7614663261e-12 2.1443422603e-11
1.7584228516e+02 2.9172977748e-11 7.7516994125e-12 2.1421278336e-11
1.7590332031e+02 2.9010819474e-11 7.6960592795e-12 2.1314760194e-11
1.7596435547e+02 2.9009089740e-11 7.6810148199e-12 2.1328074920e-11
1.7602539062e+02 2.8940613626e-11 7.6500868219e-12 2.1290526805e-11
1.7608642578e+02 2.8742216471e-11 7.5808813099e-12 2.1161335161e-11
1.7614746094e+02 2.8766973391e-11 7.5688917198e-12 2.1198081671e-11
1.7620849609e+02 2.8585074699e-11 7.5173593341e-12 2.1067715365e-11
1.7626953125e+02 2.8633940547e-11 7.5109063495e-12 2.1123034198e-11
1.7633056641e+02 2.8509859419e-11 7.4750298907e-12 2.1034829528e-11
1.7639160156e+02 2.8355382883e-11 7.4419587689e-12 2.0913424114e-11
1.7645263672e+02 2.8259651554e-11 7.4042377034e-12 2.0855413851e-11
1.7651367188e+02 2.8125476334e-11 7.3477846594e-12 2.0777691675e-11
1.7657470703e+02 2.8140244388e-11 7.3533301360e-12 2.0786914252e-11
1.7663574219e+02 2.7943100064e-11 7.3003368222e-12 2.0642763242e-11
1.7669677734e+02 2.7792776600e-11 7.2559527885e-12 2.0536823811e-11
1.7675781250e+02 2.7702131501e-11 7.2087291660e-12 2.0493402335e-11
1.7681884766e+02 2.7610605013e-11 7.1672667465e-12 2.0443338266e-11
1.7687988281e+02 2.7536074314e-11 7.1572616772e-12 2.0378812636e-11
1.7694091797e+02 2.7248578466e-11 7.0884715058e-12 2.0160106961e-11
1.7700195312e+02 2.7170046610e-11 7.0669370213e-12 2.0103109589e-11
1.7706298828e+02 2.6955502244e-11 7.0143911606e-12 1.9941111083e-11
1.7712402344e+02 2.6767710919e-11 6.9741382432e-12 1.9793572676e-11
1.7718505859e+02 2.6632044156e-11 6.9259957993e-12 1.9706048357e-11
1.7724609375e+02 2.6319719710e-11 6.8592192791e-12 1.9460500431e-11
1.7730712891e+02 2.6170609413e-11 6.8246680947e-12 1.9345941318e-11
1.7736816406e+02 2.5856891740e-11 6.7485629269e-12 1.9108328813e-11
1.7742919922e+02 2.5634774290e-11 6.6892024876e-12 1.8945571802e-11
1.7749023438e+02 2.5330298105e-11 6.6130390974e-12 1.8717259008e-11
1.7755126953e+02 2.5043413574e-11 6.5500134717e-12 1.8493400102e-11
1.7761230469e+02 2.4895659573e-11 6.5098844924e-12 1.8385775081e-11
1.7767333984e+02 2.4672244589e-11 6.4522244520e-12 1.8220020137e-11
1.7773437500e+02 2.4476502867e-11 6.3935830976e-12 1.8082919769e-11
1.7779541016e+02 2.4226305264e-11 6.3497404268e-12 1.7876564838e-11
1.7785644531e+02 2.3999063438e-11 6.3050993742e-12 1.7693964064e-11
1.7791748047e+02 2.3789161892e-11 6.2533393702e-12 1.7535822522e-11
1.7797851562e+02 2.3589449683e-11 6.1905837111e-12 1.7398865972e-11
1.7803955078e+02 2.3365388915e-11 6.1327646828e-12 1.7232624232e-11
1.7810058594e+02 2.3119878799e-11 6.0854771505e-12 1.7034401649e-11
1.7816162109e+02 2.2900231239e-11 6.0250966703e-12 1.6875134568e-11
1.7822265625e+02 2.2722979815e-11 5.9879341885e-12 1.6735045627e-11
1.7828369141e+02 2.2517934409e-11 5.9440693302e-12 1.6573865079e-11
1.7834472656e+02 2.2336691288e-11 5.9091336406e-12 1.6427557647e-11
1.7840576172e+02 2.2006024787e-11 5.8216003837e-12 1.6184424403e-11
1.7846679688e+02 2.1777741856e-11 5.7537530123e-12 1.6023988844e-11
1.7852783203e+02 2.1597902022e-11 5.7147531440e-12 1.5883148878e-11
1.7858886719e+02 2.1422794514e-11 5.6941831224e-12 1.5728611392e-11
1.7864990234e+02 2.1228411344e-11 5.6477318626e-12 1.5580679482e-11
1.7871093750e+02 2.0916891169e-11 5.5675588504e-12 1.5349332319e-11
1.7877197266e+02 2.0735792688e-11 5.5223006889e-12 1.5213491999e-11
1.7883300781e+02 2.0581790342e-11 5.4924549837e-12 1.5089335358e-11
1.7889404297e+02 2.0454865102e-11 5.4715942712e-12 1.4983270830e-11
1.7895507812e+02 2.0197170308e-11 5.3991013617e-12 1.4798068946e-11
1.7901611328e+02 2.0053367630e-11 5.3696320767e-12 1.4683735553e-11
1.7907714844e+02 1.9889008015e-11 5.3472732284e-12 1.4541734787e-11
1.7913818359e+02 1.9806345677e-11 5.3281187100e-12 1.4478226967e-11
1.7919921875e+02 1.9676404281e-11 5.2829928061e-12 1.4393411475e-11
1.7926025391e+02 1.9479305448e-11 5.2427767166e-12 1.4236528732e-11
1.7932128906e+02 1.9336573839e-11 5.2177535301e-12 1.4118820309e-11
1.7938232422e+02 1.9175360633e-11 5.1856156010e-12 1.3989745032e-11
1.7944335938e+02 1.9026056632e-11 5.1544260828e-12 1.3871630550e-11
1.7950439453e+02 1.8895700884e-11 5.1362290531e-12 1.3759471831e-11
1.7956542969e+02 1.8744767347e-11 5.1145646667e-12 1.3630202680e-11
1.7962646484e+02 1.8623238897e-11 5.0780556932e-12 1.3545183203e-11
1.7968750000e+02 1.8522340848e-11 5.0605015660e-12 1.3461839282e-11
1.7974853516e+02 1.8376963184e-11 5.0351795347e-12 1.3341783649e-11
1.7980957031e+02 1.8317946504e-11 5.0346042429e-12 1.3283342261e-11
1.7987060547e+02 1.8134117694e-11 4.9946579906e-12 1.3139459703e-11
1.7993164062e+02 1.7943673742e-11 4.9467561547e-12 1.2996917587e-11
1.7999267578e+02 1.7792208023e-11 4.9196312777e-12 1.2872576745e-11
1.8005371094e+02 1.7757202596e-11 4.9054956526e-12 1.2851706943e-11
1.8011474609e+02 1.7637897460e-11 4.8931549250e-12 1.2744742535e-11
1.8017578125e+02 1.7522259546e-11 4.8733977580e-12 1.2648861788e-11
1.8023681641e+02 1.7324632256e-11 4.8261218580e-12 1.2498510398e-11
1.8029785156e+02 1.7212848334e-11 4.7879567159e-12 1.2424891618e-11
1.8035888672e+02 1.7166919740e-11 4.7744495700e-12 1.2392470170e-11
1.8041992188e+02 1.7037388826e-11 4.7602934858e-12 1.2277095340e-11
1.8048095703e+02 1.6957066111e-11 4.7428313218e-12 1.2214234789e-11
1.8054199219e+02 1.6818952834e-11 4.7195808925e-12 1.2099371941e-11
1.8060302734e+02 1.6779277436e-11 4.7168135375e-12 1.2062463899e-11
1.8066406250e+02 1.6808853876e-11 4.7279001801e-12 1.2080953696e-11
1.8072509766e+02 1.6782430395e-11 4.7236003858e-12 1.2058830009e-11
1.8078613281e+02 1.6752807244e-11 4.7186320911e-12 1.2034175153e-11
1.8084716797e+02 1.6667361361e-11 4.7122053050e-12 1.1955156056e-11
1.8090820312e+02 1.6624401301e-11 4.6995962837e-12 1.1924805018e-11
1.8096923828e+02 1.6636164629e-11 4.7060187581e-12 1.1930145871e-11
1.8103027344e+02 1.6654096149e-11 4.7152664789e-12 1.1938829670e-11
1.8109130859e+02 1.6719089739e-11 4.7369070606e-12 1.1982182678e-11
1.8115234375e+02 1.6636433520e-11 4.7197801135e-12 1.1916653406e-11
1.8121337891e+02 1.6621953427e-11 4.7127167763e-12 1.1909236650e-11
1.8127441406e+02 1.6576264104e-11 4.7059142497e-12 1.1870349854e-11
1.8133544922e+02 1.6572892832e-11 4.7051861571e-12 1.1867706675e-11
1.8139648438e+02 1.6600064188e-11 4.7047018551e-12 1.1895362333e-11
1.8145751953e+02 1.6489086453e-11 4.6754271440e-12 1.1813659309e-11
1.8151855469e+02 1.6588289733e-11 4.6941060933e-12 1.1894183640e-11
1.8157958984e+02 1.6559565609e-11 4.6857367841e-12 1.1873828825e-11
1.8164062500e+02 1.6591849838e-11 4.7033709560e-12 1.1888478882e-11
1.8170166016e+02 1.6553303083e-11 4.6913352565e-12 1.1861967827e-11
1.8176269531e+02 1.6556881212e-11 4.6920416879e-12 1.1864839524e-11
1.8182373047e+02 1.6562416470e-11 4.6846180905e-12 1.1877798380e-11
1.8188476562e+02 1.6532217263e-11 4.6806121161e-12 1.1851605147e-11
1.8194580078e+02 1.6588178099e-11 4.6933966961e-12 1.1894781403e-11
1.8200683594e+02 1.6570206363e-11 4.6763277617e-12 1.1893878601e-11
1.8206787109e+02 1.6589377470e-11 4.6764998143e-12 1.1912877655e-11
1.8212890625e+02 1.6592224850e-11 4.6808536901e-12 1.1911371160e-11
1.8218994141e+02 1.6543102430e-11 4.6555185457e-12 1.1887583884e-11
1.8225097656e+02 1.6591451710e-11 4.6693491129e-12 1.1922102597e-11
1.8231201172e+02 1.6517283075e-11 4.6501902502e-12 1.1867092825e-11
1.8237304688e+02 1.6517670530e-11 4.6486759008e-12 1.1868994629e-11
1.8243408203e+02 1.6531183190e-11 4.6316555211e-12 1.1899527669e-11
1.8249511719e+02 1.6496213646e-11 4.6207432389e-12 1.1875470407e-11
1.8255615234e+02 1.6573592431e-11 4.6401431352e-12 1.1933449295e-11
1.8261718750e+02 1.6478349126e-11 4.6126556139e-12 1.1865693512e-11
1.8267822266e+02 1.6510267272e-11 4.6137319941e-12 1.1896535278e-11
1.8273925781e+02 1.6465813059e-11 4.5961502089e-12 1.1869662851e-11
1.8280029297e+02 1.6446805654e-11 4.5971314673e-12 1.1849674187e-11
1.8286132812e+02 1.6395621116e-11 4.5821581439e-12 1.1813462972e-11
1.8292236328e+02 1.6324839739e-11 4.5437725736e-12 1.1781067165e-11
1.8298339844e+02 1.6370372733e-11 4.5483764064e-12 1.1821996327e-11
1.8304443359e+02 1.6291782654e-11 4.5243849284e-12 1.1767397725e-11
1.8310546875e+02 1.6309637179e-11 4.5261289912e-12 1.1783508188e-11
1.8316650391e+02 1.6229758493e-11 4.4932998177e-12 1.1736458675e-11
1.8322753906e+02 1.6192478306e-11 4.4857653678e-12 1.1706712938e-11
1.8328857422e+02 1.6180226630e-11 4.4853281095e-12 1.1694898521e-11
1.8334960938e+02 1.6156854507e-11 4.4670997381e-12 1.1689754769e-11
1.8341064453e+02 1.6172595477e-11 4.4481424677e-12 1.1724453009e-11
1.8347167969e+02 1.6119738090e-11 4.4282342038e-12 1.1691503886e-11
1.8353271484e+02 1.6099226746e-11 4.4317666848e-12 1.1667460061e-11
1.8359375000e+02 1.6121783615e-11 4.4306378374e-12 1.1691145778e-11
1.8365478516e+02 1.6107032430e-11 4.4193970784e-12 1.1687635351e-11
1.8371582031e+02 1.6090479084e-11 4.4134793452e-12 1.1676999739e-11
1.8377685547e+02 1.6029784423e-11 4.3983390647e-12 1.1631445358e-11
1.8383789062e+02 1.6030654347e-11 4.3891478278e-12 1.1641506519e-11
1.8389892578e+02 1.5997848608e-11 4.3624149918e-12 1.1635433616e-11
1.8395996094e+02 1.6049794845e-11 4.3567109029e-12 1.1693083942e-11
1.8402099609e+02 1.6012094994e-11 4.3521023488e-12 1.1659992645e-11
1.8408203125e+02 1.5971761447e-11 4.3355360118e-12 1.1636225435e-11
1.8414306641e+02 1.5980331320e-11 4.3261586125e-12 1.1654172708e-11
1.8420410156e+02 1.5904640080e-11 4.2937269117e-12 1.1610913169e-11
1.8426513672e+02 1.5920545363e-11 4.2901142094e-12 1.1630431154e-11
1.8432617188e+02 1.5782426577e-11 4.2560619584e-12 1.1526364618e-11
1.8438720703e+02 1.5758999189e-11 4.2415425687e-12 1.1517456620e-11
1.8444824219e+02 1.5753274555e-11 4.2361800521e-12 1.1517094503e-11
1.8450927734e+02 1.5757632226e-11 4.2327306870e-12 1.1524901539e-11
1.8457031250e+02 1.5774063859e-11 4.2177340874e-12 1.1556329772e-11
1.8463134766e+02 1.5689510804e-11 4.1891772719e-12 1.1500333532e-11
1.8469238281e+02 1.5668065231e-11 4.1958765654e-12 1.1472188666e-11
1.8475341797e+02 1.5591512982e-11 4.1739602564e-12 1.1417552725e-11
1.8481445312e+02 1.5624444775e-11 4.1684261602e-12 1.1456018615e-11
1.8487548828e+02 1.5540763057e-11 4.1392196661e-12 1.1401543391e-11
1.8493652344e+02 1.5422851772e-11 4.1085022419e-12 1.1314349530e-11
1.8499755859e+02 1.5415216598e-11 4.1147401681e-12 1.1300476430e-11
1.8505859375e+02 1.5317422737e-11 4.0835548362e-12 1.1233867901e-11
1.8511962891e+02 1.5310086299e-11 4.0727293787e-12 1.1237356920e-11
1.8518066406e+02 1.5202260663e-11 4.0422368606e-12 1.1160023802e-11
1.8524169922e+02 1.5065911287e-11 4.0165197001e-12 1.1049391587e-11
1.8530273438e+02 1.4982171398e-11 3.9883593102e-12 1.0993812088e-11
1.8536376953e+02 1.4866954788e-11 3.9445769177e-12 1.0922377870e-11
1.8542480469e+02 1.4857006078e-11 3.9332674514e-12 1.0923738627e-11
1.8548583984e+02 1.4666617283e-11 3.8983743827e-12 1.0768242900e-11
1.8554687500e+02 1.4571125821e-11 3.8797037321e-12 1.0691422089e-11
1.8560791016e+02 1.4413162371e-11 3.8285755119e-12 1.0584586859e-11
1.8566894531e+02 1.4299360383e-11 3.8034558876e-12 1.0495904495e-11
1.8572998047e+02 1.4224331433e-11 3.7787640569e-12 1.0445567376e-11
1.8579101562e+02 1.3977792575e-11 3.7144625204e-12 1.0263330055e-11
1.8585205078e+02 1.3899310791e-11 3.6947789493e-12 1.0204531842e-11
1.8591308594e+02 1.3719543687e-11 3.6471103727e-12 1.0072433315e-11
1.8597412109e+02 1.3673891889e-11 3.6317212569e-12 1.0042170632e-11
1.8603515625e+02 1.3534668983e-11 3.5931782210e-12 9.9414907619e-12
1.8609619141e+02 1.3336816152e-11 3.5389804271e-12 9.7978357249e-12
1.8615722656e+02 1.3238466627e-11 3.5153255944e-12 9.7231410324e-12
1.8621826172e+02 1.3082289093e-11 3.4757345128e-12 9.6065545803e-12
1.8627929688e+02 1.3013543933e-11 3.4576615990e-12 9.5558823343e-12
1.8634033203e+02 1.2857938154e-11 3.4136312786e-12 9.4443068756e-12
1.8640136719e+02 1.2725927118e-11 3.3774146018e-12 9.3485125165e-12
1.8646240234e+02 1.2602799188e-11 3.3541382142e-12 9.2486609742e-12
1.8652343750e+02 1.2440392807e-11 3.3092007843e-12 9.1311920231e-12
1.8658447266e+02 1.2405463248e-11 3.2956521940e-12 9.1098110537e-12
1.8664550781e+02 1.2206195455e-11 3.2549778817e-12 8.9512175729e-12
1.8670654297e+02 1.2119021303e-11 3.2384541186e-12 8.8805671848e-12
1.8676757812e+02 1.1974842517e-11 3.2041286647e-12 8.7707138518e-12
1.8682861328e+02 1.1816523953e-11 3.1527404118e-12 8.6637835413e-12
1.8688964844e+02 1.1751940798e-11 3.1377083294e-12 8.6142324690e-12
1.8695068359e+02 1.1540307396e-11 3.0934855034e-12 8.4468218922e-12
1.8701171875e+02 1.1450133355e-11 3.0768783930e-12 8.3732549619e-12
1.8707275391e+02 1.1240266492e-11 3.0207357422e-12 8.2195307493e-12
1.8713378906e+02 1.1121020635e-11 2.9932125614e-12 8.1278080736e-12
1.8719482422e+02 1.1024570440e-11 2.9720154167e-12 8.0525550234e-12
1.8725585938e+02 1.0851136505e-11 2.9266396166e-12 7.9244968887e-12
1.8731689453e+02 1.0735623938e-11 2.9044483614e-12 7.8311755767e-12
1.8737792969e+02 1.0576131761e-11 2.8627875307e-12 7.7133442303e-12
1.8743896484e+02 1.0490775569e-11 2.8353917925e-12 7.6553837763e-12
1.8750000000e+02 1.0330307154e-11 2.8026052928e-12 7.5277018613e-12
1.8756103516e+02 1.0211101225e-11 2.7788692076e-12 7.4322320174e-12
1.8762207031e+02 1.0079797388e-11 2.7471374463e-12 7.3326599415e-12
1.8768310547e+02 9.9629710573e-12 2.7242901956e-12 7.2386808617e-12
1.8774414062e+02 9.8620577115e-12 2.7030182802e-12 7.1590394313e-12
1.8780517578e+02 9.6853746509e-12 2.6639447306e-12 7.0214299203e-12
1.8786621094e+02 9.5852995608e-12 2.6402883545e-12 6.9450112063e-12
1.8792724609e+02 9.4682185527e-12 2.6060107875e-12 6.8622077651e-12
1.8798828125e+02 9.3581761214e-12 2.5829267039e-12 6.7752494175e-12
1.8804931641e+02 9.2718331506e-12 2.5658503075e-12 6.7059828432e-12
1.8811035156e+02 9.1371183431e-12 2.5350384942e-12 6.6020798489e-12
1.8817138672e+02 9.0441536870e-12 2.5170313257e-12 6.5271223614e-12
1.8823242188e+02 8.9538485223e-12 2.5001323710e-12 6.4537161512e-12
1.8829345703e+02 8.8926697642e-12 2.4823431787e-12 6.4103265854e-12
1.8835449219e+02 8.8033851476e-12 2.4547329335e-12 6.3486522142e-12
1.8841552734e+02 8.7189160053e-12 2.4411919079e-12 6.2777240974e-12
1.8847656250e+02 8.6385873629e-12 2.4294095703e-12 6.2091777925e-12
1.8853759766e+02 8.5273136480e-12 2.4041611350e-12 6.1231525129e-12
1.8859863281e+02 8.4969711976e-12 2.3931792532e-12 6.1037919444e-12
1.8865966797e+02 8.3827022267e-12 2.3627903110e-12 6.0199119157e-12
1.8872070312e+02 8.3668842528e-12 2.3629355699e-12 6.0039486828e-12
1.8878173828e+02 8.3165517424e-12 2.3580763663e-12 5.9584753761e-12
1.8884277344e+02 8.2610118393e-12 2.3486117492e-12 5.9124000901e-12
1.8890380859e+02 8.2374040744e-12 2.3400826564e-12 5.8973214180e-12
1.8896484375e+02 8.1682563648e-12 2.3204764443e-12 5.8477799205e-12
1.8902587891e+02 8.1529368708e-12 2.3201265888e-12 5.8328102820e-12
1.8908691406e+02 8.0856582389e-12 2.3085078805e-12 5.7771503584e-12
1.8914794922e+02 8.0766581979e-12 2.3087321117e-12 5.7679260862e-12
1.8920898438e+02 8.0363776294e-12 2.3009772849e-12 5.7354003445e-12
1.8927001953e+02 8.0134426964e-12 2.2963967174e-12 5.7170459790e-12
1.8933105469e+02 7.9887881900e-12 2.2843051536e-12 5.7044830364e-12
1.8939208984e+02 7.9515741945e-12 2.2742184551e-12 5.6773557395e-12
1.8945312500e+02 7.9687773431e-12 2.2847916493e-12 5.6839856938e-12
1.8951416016e+02 7.9247771234e-12 2.2734603807e-12 5.6513167427e-12
1.8957519531e+02 7.9335123253e-12 2.2768916288e-12 5.6566206964e-12
1.8963623047e+02 7.9134560390e-12 2.2708200674e-12 5.6426359716e-12
1.8969726562e+02 7.8682363385e-12 2.2573847081e-12 5.6108516303e-12
1.8975830078e+02 7.9175480085e-12 2.2721472757e-12 5.6454007327e-12
1.8981933594e+02 7.8604697917e-12 2.2536577590e-12 5.6068120328e-12
1.8988037109e+02 7.8870116420e-12 2.2640007736e-12 5.6230108684e-12
1.8994140625e+02 7.8580885992e-12 2.2587745002e-12 5.5993140990e-12
1.9000244141e+02 7.8441413634e-12 2.2479745054e-12 5.5961668580e-12
1.9006347656e+02 7.8619873729e-12 2.2516500274e-12 5.6103373455e-12
1.9012451172e+02 7.8467904903e-12 2.2516949026e-12 5.5950955877e-12
1.9018554688e+02 7.9335384044e-12 2.2731899061e-12 5.6603484983e-12
1.9024658203e+02 7.8755344430e-12 2.2536466191e-12 5.6218878239e-12
1.9030761719e+02 7.9016278718e-12 2.2558653893e-12 5.6457624824e-12
1.9036865234e+02 7.8931139053e-12 2.2569553293e-12 5.6361585760e-12
1.9042968750e+02 7.9146053399e-12 2.2639462228e-12 5.6506591172e-12
1.9049072266e+02 7.9465099426e-12 2.2729986592e-12 5.6735112833e-12
1.9055175781e+02 7.8842219449e-12 2.2522764455e-12 5.6319454994e-12
1.9061279297e+02 7.9288339754e-12 2.2620707507e-12 5.6667632247e-12
1.9067382812e+02 7.9170519557e-12 2.2618131573e-12 5.6552387984e-12
1.9073486328e+02 7.9619330651e-12 2.2688008811e-12 5.6931321841e-12
1.9079589844e+02 8.0054974379e-12 2.2756656936e-12 5.7298317443e-12
1.9085693359e+02 7.9694671026e-12 2.2672778048e-12 5.7021892978e-12
1.9091796875e+02 8.0232417512e-12 2.2794896760e-12 5.7437520752e-12
1.9097900391e+02 7.9948546580e-12 2.2700085360e-12 5.7248461220e-12
1.9104003906e+02 8.0342371230e-12 2.2773686185e-12 5.7568685045e-12
1.9110107422e+02 8.0485363416e-12 2.2783349705e-12 5.7702013711e-12
1.9116210938e+02 8.0577157989e-12 2.2793462248e-12 5.7783695742e-12
1.9122314453e+02 8.0939538932e-12 2.2896393296e-12 5.8043145636e-12
1.9128417969e+02 8.0615811163e-12 2.2746101318e-12 5.7869709844e-12
1.9134521484e+02 8.1348673822e-12 2.2833381423e-12 5.8515292399e-12
1.9140625000e+02 8.0995428741e-12 2.2702581695e-12 5.8292847046e-12
1.9146728516e+02 8.1403819630e-12 2.2784363396e-12 5.8619456234e-12
1.9152832031e+02 8.1378972577e-12 2.2772040349e-12 5.8606932228e-12
1.9158935547e+02 8.1523192749e-12 2.2808929119e-12 5.8714263630e-12
1.9165039062e+02 8.2120723852e-12 2.2969577431e-12 5.9151146421e-12
1.9171142578e+02 8.1874647262e-12 2.2817847428e-12 5.9056799834e-12
1.9177246094e+02 8.2409792920e-12 2.2862625434e-12 5.9547167486e-12
1.9183349609e+02 8.2286246532e-12 2.2840705142e-12 5.9445541390e-12
1.9189453125e+02 8.2653874630e-12 2.2907227801e-12 5.9746646829e-12
1.9195556641e+02 8.2975197049e-12 2.2888173281e-12 6.0087023767e-12
1.9201660156e+02 8.2859117870e-12 2.2785017846e-12 6.0074100023e-12
1.9207763672e+02 8.3248444665e-12 2.2847930581e-12 6.0400514084e-12
1.9213867188e+02 8.3203136089e-12 2.2861232268e-12 6.0341903821e-12
1.9219970703e+02 8.3743295363e-12 2.2989743241e-12 6.0753552122e-12
1.9226074219e+02 8.3855133987e-12 2.2938831364e-12 6.0916302623e-12
1.9232177734e+02 8.3864259237e-12 2.2840287790e-12 6.1023971447e-12
1.9238281250e+02 8.4151975598e-12 2.2859899570e-12 6.1292076028e-12
1.9244384766e+02 8.3864128763e-12 2.2737130703e-12 6.1126998060e-12
1.9250488281e+02 8.4315768311e-12 2.2826731390e-12 6.1489036921e-12
1.9256591797e+02 8.4127036905e-12 2.2785136811e-12 6.1341900095e-12
1.9262695312e+02 8.4229773628e-12 2.2804541222e-12 6.1425232407e-12
1.9268798828e+02 8.4136485793e-12 2.2735669766e-12 6.1400816027e-12
1.9274902344e+02 8.3839120114e-12 2.2605433638e-12 6.1233686476e-12
1.9281005859e+02 8.4272261270e-12 2.2666712319e-12 6.1605548950e-12
1.9287109375e+02 8.3794802730e-12 2.2440809875e-12 6.1353992855e-12
1.9293212891e+02 8.3884493497e-12 2.2442284705e-12 6.1442208792e-12
1.9299316406e+02 8.3453210808e-12 2.2346912374e-12 6.1106298434e-12
1.9305419922e+02 8.3308762962e-12 2.2267098957e-12 6.1041664005e-12
1.9311523438e+02 8.3165274943e-12 2.2195391944e-12 6.0969882999e-12
1.9317626953e+02 8.2832137658e-12 2.2071269124e-12 6.0760868534e-12
1.9323730469e+02 8.2506534009e-12 2.2036358111e-12 6.0470175899e-12
1.9329833984e+02 8.1846959809e-12 2.1799801519e-12 6.0047158289e-12
1.9335937500e+02 8.1799916608e-12 2.1749959551e-12 6.0049957057e-12
1.9342041016e+02 8.1307134497e-12 2.1614672076e-12 5.9692462421e-12
1.9348144531e+02 8.0827538481e-12 2.1500806274e-12 5.9326732207e-12
1.9354248047e+02 8.0201633687e-12 2.1310706104e-12 5.8890927583e-12
1.9360351562e+02 7.9667862150e-12 2.1101984541e-12 5.8565877609e-12
1.9366455078e+02 7.9544545076e-12 2.1080662883e-12 5.8463882193e-12
1.9372558594e+02 7.8823089785e-12 2.0872444855e-12 5.7950644930e-12
1.9378662109e+02 7.8477086548e-12 2.0775481003e-12 5.7701605545e-12
1.9384765625e+02 7.7705524916e-12 2.0547587859e-12 5.7157937057e-12
1.9390869141e+02 7.7126806990e-12 2.0397373889e-12 5.6729433101e-12
1.9396972656e+02 7.6892057467e-12 2.0325442049e-12 5.6566615418e-12
1.9403076172e+02 7.6113005433e-12 2.0076387349e-12 5.6036618083e-12
1.9409179688e+02 7.5737461430e-12 1.9977455574e-12 5.5760005856e-12
1.9415283203e+02 7.4707993264e-12 1.9746897747e-12 5.4961095518e-12
1.9421386719e+02 7.4440169031e-12 1.9696000299e-12 5.4744168732e-12
1.9427490234e+02 7.3828345617e-12 1.9473177343e-12 5.4355168275e-12
1.9433593750e+02 7.3141260167e-12 1.9270367603e-12 5.3870892564e-12
1.9439697266e+02 7.2721236526e-12 1.9208665294e-12 5.3512571232e-12
1.9445800781e+02 7.1888264195e-12 1.8995679135e-12 5.2892585060e-12
1.9451904297e+02 7.1686936251e-12 1.8895713088e-12 5.2791223164e-12
1.9458007812e+02 7.0769311937e-12 1.8640804573e-12 5.2128507364e-12
1.9464111328e+02 7.0293301643e-12 1.8571249653e-12 5.1722051990e-12
1.9470214844e+02 6.9583169100e-12 1.8387712891e-12 5.1195456209e-12
1.9476318359e+02 6.8872614877e-12 1.8202252342e-12 5.0670362535e-12
1.9482421875e+02 6.8663694217e-12 1.8125792366e-12 5.0537901851e-12
1.9488525391e+02 6.7743624037e-12 1.7908292853e-12 4.9835331183e-12
1.9494628906e+02 6.7211099244e-12 1.7780863568e-12 4.9430235677e-12
1.9500732422e+02 6.6446381952e-12 1.7572589413e-12 4.8873792538e-12
1.9506835938e+02 6.5808306600e-12 1.7394777932e-12 4.8413528668e-12
1.9512939453e+02 6.5425978399e-12 1.7321076876e-12 4.8104901523e-12
1.9519042969e+02 6.4453091865e-12 1.7105948386e-12 4.7347143480e-12
1.9525146484e+02 6.3912087780e-12 1.6956623823e-12 4.6955463957e-12
1.9531250000e+02 6.2944389655e-12 1.6718834220e-12 4.6225555435e-12
1.9537353516e+02 6.2374792919e-12 1.6608685539e-12 4.5766107379e-12
1.9543457031e+02 6.1738017949e-12 1.6456121571e-12 4.5281896378e-12
1.9549560547e+02 6.0883679833e-12 1.6222754798e-12 4.4660925034e-12
1.9555664062e+02 6.0373551869e-12 1.6118667641e-12 4.4254884227e-12
1.9561767578e+02 5.9362111849e-12 1.5881990532e-12 4.3480121317e-12
1.9567871094e+02 5.8907325181e-12 1.5791961970e-12 4.3115363211e-12
1.9573974609e+02 5.8052165882e-12 1.5569291052e-12 4.2482874830e-12
1.9580078125e+02 5.7546234696e-12 1.5474130108e-12 4.2072104588e-12
1.9586181641e+02 5.6854765670e-12 1.5333109149e-12 4.1521656522e-12
1.9592285156e+02 5.6054065714e-12 1.5166885766e-12 4.0887179948e-12
1.9598388672e+02 5.5667076658e-12 1.5063522471e-12 4.0603554187e-12
1.9604492188e+02 5.4852835912e-12 1.4865077984e-12 3.9987757928e-12
1.9610595703e+02 5.4408706281e-12 1.4812476246e-12 3.9596230035e-12
1.9616699219e+02 5.3608452470e-12 1.4626897858e-12 3.8981554612e-12
1.9622802734e+02 5.3136548066e-12 1.4525325907e-12 3.8611222159e-12
1.9628906250e+02 5.2593151226e-12 1.4387243409e-12 3.8205907817e-12
1.9635009766e+02 5.1875046957e-12 1.4267351816e-12 3.7607695141e-12
1.9641113281e+02 5.1449367375e-12 1.4184683013e-12 3.7264684362e-12
1.9647216797e+02 5.0780905396e-12 1.4025082828e-12 3.6755822568e-12
1.9653320312e+02 5.0424537244e-12 1.3955892029e-12 3.6468645215e-12
1.9659423828e+02 4.9869088452e-12 1.3847024475e-12 3.6022063977e-12
1.9665527344e+02 4.9440606517e-12 1.3759020403e-12 3.5681586114e-12
1.9671630859e+02 4.9112489576e-12 1.3678438302e-12 3.5434051274e-12
1.9677734375e+02 4.8576664189e-12 1.3585299040e-12 3.4991365149e-12
1.9683837891e+02 4.8405043012e-12 1.3561594587e-12 3.4843448425e-12
1.9689941406e+02 4.7888993336e-12 1.3463853426e-12 3.4425139910e-12
1.9696044922e+02 4.7719810080e-12 1.3412257723e-12 3.4307552357e-12
1.9702148438e+02 4.7401616758e-12 1.3330756522e-12 3.4070860236e-12
1.9708251953e+02 4.7029419078e-12 1.3235257507e-12 3.3794161571e-12
1.9714355469e+02 4.6942408983e-12 1.3231165051e-12 3.3711243932e-12
1.9720458984e+02 4.6408573357e-12 1.3125254478e-12 3.3283318879e-12
1.9726562500e+02 4.6405177558e-12 1.3119148581e-12 3.3286028977e-12
1.9732666016e+02 4.6040377028e-12 1.3056013288e-12 3.2984363741e-12
1.9738769531e+02 4.5950490269e-12 1.3064039421e-12 3.2886450848e-12
1.9744873047e+02 4.5632435701e-12 1.3000840562e-12 3.2631595139e-12
1.9750976562e+02 4.5294567463e-12 1.2888955257e-12 3.2405612206e-12
1.9757080078e+02 4.5259246854e-12 1.2918355514e-12 3.2340891340e-12
1.9763183594e+02 4.4843396657e-12 1.2859620215e-12 3.1983776442e-12
1.9769287109e+02 4.4837907316e-12 1.2849413132e-12 3.1988494185e-12
1.9775390625e+02 4.4522932168e-12 1.2739258817e-12 3.1783673350e-12
1.9781494141e+02 4.4326004833e-12 1.2728064583e-12 3.1597940249e-12
1.9787597656e+02 4.4135110692e-12 1.2695681073e-12 3.1439429619e-12
1.9793701172e+02 4.3800993655e-12 1.2608175583e-12 3.1192818073e-12
1.9799804688e+02 4.3673518761e-12 1.2569693015e-12 3.1103825747e-12
1.9805908203e+02 4.3234379623e-12 1.2437998326e-12 3.0796381297e-12
1.9812011719e+02 4.3129584445e-12 1.2401377961e-12 3.0728206484e-12
1.9818115234e+02 4.2888762807e-12 1.2352956077e-12 3.0535806729e-12
1.9824218750e+02 4.2696528375e-12 1.2348872286e-12 3.0347656088e-12
1.9830322266e+02 4.2623130921e-12 1.2304481631e-12 3.0318649290e-12
1.9836425781e+02 4.2280949646e-12 1.2235769724e-12 3.0045179922e-12
1.9842529297e+02 4.2250330896e-12 1.2232808439e-12 3.0017522457e-12
1.9848632812e+02 4.1942925181e-12 1.2133523790e-12 2.9809401390e-12
1.9854736328e+02 4.1887997430e-12 1.2130529135e-12 2.9757468295e-12
1.9860839844e+02 4.1767068040e-12 1.2112607159e-12 2.9654460881e-12
1.9866943359e+02 4.1572215409e-12 1.2070373335e-12 2.9501842075e-12
1.9873046875e+02 4.1585068176e-12 1.2052563138e-12 2.9532505038e-12
1.9879150391e+02 4.1310908399e-12 1.1968053229e-12 2.9342855169e-12
1.9885253906e+02 4.1384969726e-12 1.2006385153e-12 2.9378584572e-12
1.9891357422e+02 4.1163133155e-12 1.1922539308e-12 2.9240593846e-12
1.9897460938e+02 4.1165900704e-12 1.1910215229e-12 2.9255685475e-12
1.9903564453e+02 4.1102409656e-12 1.1898429599e-12 2.9203980058e-12
1.9909667969e+02 4.1039840504e-12 1.1904194117e-12 2.9135646387e-12
1.9915771484e+02 4.1079562984e-12 1.1933316484e-12 2.9146246499e-12
1.9921875000e+02 4.0882677352e-12 1.1882516684e-12 2.9000160668e-12
1.9927978516e+02 4.0898626227e-12 1.1833579372e-12 2.9065046854e-12
1.9934082031e+02 4.0858883032e-12 1.1805922503e-12 2.9052960529e-12
1.9940185547e+02 4.0806735179e-12 1.1761875087e-12 2.9044860091e-12
1.9946289062e+02 4.0841387258e-12 1.1796399348e-12 2.9044987910e-12
1.9952392578e+02 4.0773880035e-12 1.1780135362e-12 2.8993744673e-12
1.9958496094e+02 4.0901399792e-12 1.1807588611e-12 2.9093811181e-12
1.9964599609e+02 4.0883515653e-12 1.1763155062e-12 2.9120360591e-12
1.9970703125e+02 4.0923566391e-12 1.1722280441e-12 2.9201285951e-12
1.9976806641e+02 4.0930974893e-12 1.1713166906e-12 2.9217807987e-12
1.9982910156e+02 4.0997324296e-12 1.1752672377e-12 2.9244651919e-12
1.9989013672e+02 4.1147344806e-12 1.1788946101e-12 2.9358398706e-12
1.9995117188e+02 4.1018695092e-12 1.1717800554e-12 2.9300894538e-12
2.0001220703e+02 4.1134339479e-12 1.1708660157e-12 2.9425679322e-12
2.0007324219e+02 4.1147407976e-12 1.1716343125e-12 2.9431064851e-12
2.0013427734e+02 4.1404277198e-12 1.1770356741e-12 2.9633920457e-12
2.0019531250e+02 4.1532553941e-12 1.1762342088e-12 2.9770211853e-12
2.0025634766e+02 4.1534754068e-12 1.1755744992e-12 2.9779009076e-12
2.0031738281e+02 4.1619621711e-12 1.1773172930e-12 2.9846448781e-12
2.0037841797e+02 4.1645832686e-12 1.1774501228e-12 2.9871331457e-12
2.0043945312e+02 4.1983773634e-12 1.1811704992e-12 3.0172068642e-12
2.0050048828e+02 4.2055848980e-12 1.1800991998e-12 3.0254856982e-12
2.0056152344e+02 4.2269381413e-12 1.1858690747e-12 3.0410690666e-12
2.0062255859e+02 4.2257337013e-12 1.1831805682e-12 3.0425531331e-12
2.0068359375e+02 4.2247115818e-12 1.1808643842e-12 3.0438471976e-12
2.0074462891e+02 4.2406383381e-12 1.1832874687e-12 3.0573508693e-12
2.0080566406e+02 4.2390490369e-12 1.1821834197e-12 3.0568656172e-12
2.0086669922e+02 4.2474665264e-12 1.1812007101e-12 3.0662658163e-12
2.0092773438e+02 4.2346784438e-12 1.1777065272e-12 3.0569719165e-12
2.0098876953e+02 4.2424386971e-12 1.1788234364e-12 3.0636152607e-12
2.0104980469e+02 4.2491189037e-12 1.1795384787e-12 3.0695804250e-12
2.0111083984e+02 4.2402161046e-12 1.1781961878e-12 3.0620199168e-12
2.0117187500e+02 4.2401897273e-12 1.1740548977e-12 3.0661348297e-12
2.0123291016e+02 4.2181049661e-12 1.1666293285e-12 3.0514756376e-12
2.0129394531e+02 4.2316178793e-12 1.1668287465e-12 3.0647891327e-12
2.0135498047e+02 4.2331616835e-12 1.1652721442e-12 3.0678895392e-12
2.0141601562e+02 4.2188296082e-12 1.1596815134e-12 3.0591480948e-12
2.0147705078e+02 4.2150455708e-12 1.1624240924e-12 3.0526214784e-12
2.0153808594e+02 4.1964013249e-12 1.1581572844e-12 3.0382440405e-12
2.0159912109e+02 4.2053667801e-12 1.1570469928e-12 3.0483197873e-12
2.0166015625e+02 4.1953439225e-12 1.1519615423e-12 3.0433823802e-12
2.0172119141e+02 4.1873897387e-12 1.1496075409e-12 3.0377821977e-12
2.0178222656e+02 4.1726721265e-12 1.1455216362e-12 3.0271504903e-12
2.0184326172e+02 4.1627953231e-12 1.1430218775e-12 3.0197734456e-12
2.0190429688e+02 4.1591923903e-12 1.1401649992e-12 3.0190273911e-12
2.0196533203e+02 4.1384059090e-12 1.1295736258e-12 3.0088322832e-12
2.0202636719e+02 4.1361632565e-12 1.1283884221e-12 3.0077748344e-12
2.0208740234e+02 4.1250790029e-12 1.1228847532e-12 3.0021942497e-12
2.0214843750e+02 4.1126818252e-12 1.1187299585e-12 2.9939518668e-12
2.0220947266e+02 4.1051033332e-12 1.1178925032e-12 2.9872108300e-12
2.0227050781e+02 4.0844786763e-12 1.1100283732e-12 2.9744503031e-12
2.0233154297e+02 4.0755839227e-12 1.1078987883e-12 2.9676851344e-12
2.0239257812e+02 4.0511389325e-12 1.1001720016e-12 2.9509669308e-12
2.0245361328e+02 4.0369948409e-12 1.0941010048e-12 2.9428938362e-12
2.0251464844e+02 4.0163619187e-12 1.0883896231e-12 2.9279722956e-12
2.0257568359e+02 3.9920123717e-12 1.0822750808e-12 2.9097372908e-12
2.0263671875e+02 3.9780921197e-12 1.0778424955e-12 2.9002496242e-12
2.0269775391e+02 3.9504213621e-12 1.0704530892e-12 2.8799682729e-12
2.0275878906e+02 3.9357612307e-12 1.0702710743e-12 2.8654901564e-12
2.0281982422e+02 3.9090736360e-12 1.0607056811e-12 2.8483679549e-12
2.0288085938e+02 3.8847153397e-12 1.0500671149e-12 2.8346482248e-12
2.0294189453e+02 3.8582236157e-12 1.0456966188e-12 2.8125269969e-12
2.0300292969e+02 3.8307067873e-12 1.0382630081e-12 2.7924437792e-12
2.0306396484e+02 3.8163990836e-12 1.0331657867e-12 2.7832332969e-12
2.0312500000e+02 3.7878191749e-12 1.0250964444e-12 2.7627227305e-12
2.0318603516e+02 3.7650673836e-12 1.0184063415e-12 2.7466610421e-12
2.0324707031e+02 3.7334302236e-12 1.0125171067e-12 2.7209131169e-12
2.0330810547e+02 3.7062109872e-12 1.0044116257e-12 2.7017993615e-12
2.0336914062e+02 3.6810514093e-12 9.9776234620e-13 2.6832890631e-12
2.0343017578e+02 3.6430187852e-12 9.8789699092e-13 2.6551217943e-12
2.0349121094e+02 3.6089303367e-12 9.7884441854e-13 2.6300859181e-12
2.0355224609e+02 3.5725413020e-12 9.7081612277e-13 2.6017251792e-12
2.0361328125e+02 3.5432081886e-12 9.6393470392e-13 2.5792734846e-12
2.0367431641e+02 3.5073834948e-12 9.5434045146e-13 2.5530430433e-12
2.0373535156e+02 3.4630039023e-12 9.4228668845e-13 2.5207172138e-12
2.0379638672e+02 3.4239614354e-12 9.3565386076e-13 2.4883075746e-12
2.0385742188e+02 3.3853501994e-12 9.2249921900e-13 2.4628509804e-12
2.0391845703e+02 3.3525822398e-12 9.1531538086e-13 2.4372668590e-12
2.0397949219e+02 3.3204605208e-12 9.0784980343e-13 2.4126107173e-12
2.0404052734e+02 3.2781172221e-12 8.9719376197e-13 2.3809234601e-12
2.0410156250e+02 3.2392882750e-12 8.8999446830e-13 2.3492938067e-12
2.0416259766e+02 3.2039687247e-12 8.8235746096e-13 2.3216112637e-12
2.0422363281e+02 3.1743543694e-12 8.7438434170e-13 2.2999700277e-12
2.0428466797e+02 3.1375508928e-12 8.6913508413e-13 2.2684158087e-12
2.0434570312e+02 3.1072325629e-12 8.6096932592e-13 2.2462632370e-12
2.0440673828e+02 3.0755158947e-12 8.5229293090e-13 2.2232229638e-12
2.0446777344e+02 3.0468100778e-12 8.4594268232e-13 2.2008673955e-12
2.0452880859e+02 3.0216685875e-12 8.3903738199e-13 2.1826312055e-12
2.0458984375e+02 3.0001873821e-12 8.3376571973e-13 2.1664216624e-12
2.0465087891e+02 2.9693975991e-12 8.2749159148e-13 2.1419060076e-12
2.0471191406e+02 2.9419383700e-12 8.2116170469e-13 2.1207766653e-12
2.0477294922e+02 2.9134828203e-12 8.1493760849e-13 2.0985452118e-12
2.0483398438e+02 2.8825328173e-12 8.0962858706e-13 2.0729042303e-12
2.0489501953e+02 2.8669762887e-12 8.0521784700e-13 2.0617584417e-12
2.0495605469e+02 2.8367849077e-12 7.9756907869e-13 2.0392158290e-12
2.0501708984e+02 2.8129151969e-12 7.9345687596e-13 2.0194583210e-12
2.0507812500e+02 2.7875112010e-12 7.8809711508e-13 1.9994140859e-12
2.0513916016e+02 2.7681016149e-12 7.8211341638e-13 1.9859881986e-12
2.0520019531e+02 2.7497076070e-12 7.7785982678e-13 1.9718477802e-12
2.0526123047e+02 2.7230665383e-12 7.7374457127e-13 1.9493219670e-12
2.0532226562e+02 2.6995210734e-12 7.6966984442e-13 1.9298512290e-12
2.0538330078e+02 2.6791197662e-12 7.6330106286e-13 1.9158187034e-12
2.0544433594e+02 2.6614796843e-12 7.5961688016e-13 1.9018628041e-12
2.0550537109e+02 2.6500583547e-12 7.5817438413e-13 1.8918839706e-12
2.0556640625e+02 2.6292890445e-12 7.5284468010e-13 1.8764443644e-12
2.0562744141e+02 2.6084114355e-12 7.4774216107e-13 1.8606692745e-12
2.0568847656e+02 2.5817600647e-12 7.4188128168e-13 1.8398787830e-12
2.0574951172e+02 2.5675346425e-12 7.3917217408e-13 1.8283624684e-12
2.0581054688e+02 2.5593167942e-12 7.3920382001e-13 1.8201129742e-12
2.0587158203e+02 2.5397713577e-12 7.3293293845e-13 1.8068384192e-12
2.0593261719e+02 2.5293318015e-12 7.3104623956e-13 1.7982855619e-12
2.0599365234e+02 2.5128494172e-12 7.2789766742e-13 1.7849517498e-12
2.0605468750e+02 2.5044919196e-12 7.2726975556e-13 1.7772221641e-12
2.0611572266e+02 2.4921057843e-12 7.2455304202e-13 1.7675527423e-12
2.0617675781e+02 2.4809833108e-12 7.2134951664e-13 1.7596337942e-12
2.0623779297e+02 2.4703829213e-12 7.2020760299e-13 1.7501753183e-12
2.0629882812e+02 2.4560350629e-12 7.1600929062e-13 1.7400257723e-12
2.0635986328e+02 2.4440569786e-12 7.1532225865e-13 1.7287347200e-12
2.0642089844e+02 2.4353653958e-12 7.1444495848e-13 1.7209204374e-12
2.0648193359e+02 2.4289196756e-12 7.1269958970e-13 1.7162200859e-12
2.0654296875e+02 2.4232360131e-12 7.1217556359e-13 1.7110604495e-12
2.0660400391e+02 2.4096661366e-12 7.0883212950e-13 1.7008340071e-12
2.0666503906e+02 2.4044468513e-12 7.0797193018e-13 1.6964749211e-12
2.0672607422e+02 2.4008828468e-12 7.0788894880e-13 1.6929938980e-12
2.0678710938e+02 2.3945236220e-12 7.0615418400e-13 1.6883694380e-12
2.0684814453e+02 2.3918690935e-12 7.0632670638e-13 1.6855423871e-12
2.0690917969e+02 2.3875685403e-12 7.0393287595e-13 1.6836356643e-12
2.0697021484e+02 2.3922100933e-12 7.0570876936e-13 1.6865013239e-12
2.0703125000e+02 2.3917076146e-12 7.0744517048e-13 1.6842624441e-12
2.0709228516e+02 2.3878270276e-12 7.0616815966e-13 1.6816588679e-12
2.0715332031e+02 2.3888601483e-12 7.0610270817e-13 1.6827574401e-12
2.0721435547e+02 2.3900990340e-12 7.0779286627e-13 1.6823061678e-12
2.0727539062e+02 2.3970993338e-12 7.0948997537e-13 1.6876093585e-12
2.0733642578e+02 2.4012557221e-12 7.1032308381e-13 1.6909326383e-12
2.0739746094e+02 2.4050776183e-12 7.0862177586e-13 1.6964558425e-12
2.0745849609e+02 2.4110580015e-12 7.1054086822e-13 1.7005171332e-12
2.0751953125e+02 2.4150034954e-12 7.1125567204e-13 1.7037478234e-12
2.0758056641e+02 2.4214385498e-12 7.1198741470e-13 1.7094511351e-12
2.0764160156e+02 2.4246433216e-12 7.1148698038e-13 1.7131563413e-12
2.0770263672e+02 2.4251863573e-12 7.1222388931e-13 1.7129624680e-12
2.0776367188e+02 2.4309314470e-12 7.1225847646e-13 1.7186729706e-12
2.0782470703e+02 2.4311484404e-12 7.1094212473e-13 1.7202063157e-12
2.0788574219e+02 2.4454899512e-12 7.1512671521e-13 1.7303632360e-12
2.0794677734e+02 2.4533530428e-12 7.1679540964e-13 1.7365576332e-12
2.0800781250e+02 2.4589355683e-12 7.1952532128e-13 1.7394102471e-12
2.0806884766e+02 2.4696889737e-12 7.2004505474e-13 1.7496439189e-12
2.0812988281e+02 2.4751938221e-12 7.1790844104e-13 1.7572853811e-12
2.0819091797e+02 2.4882826464e-12 7.2218970727e-13 1.7660929391e-12
2.0825195312e+02 2.4878884519e-12 7.2184800787e-13 1.7660404441e-12
2.0831298828e+02 2.4933996394e-12 7.2226447372e-13 1.7711351657e-12
2.0837402344e+02 2.5047031871e-12 7.2357188016e-13 1.7811313069e-12
2.0843505859e+02 2.5115881617e-12 7.2511133449e-13 1.7864768272e-12
2.0849609375e+02 2.5238522405e-12 7.2877651404e-13 1.7950757265e-12
2.0855712891e+02 2.5289230192e-12 7.2658146968e-13 1.8023415496e-12
2.0861816406e+02 2.5369507299e-12 7.2880925538e-13 1.8081414746e-12
2.0867919922e+02 2.5391508194e-12 7.2748655800e-13 1.8116642614e-12
2.0874023438e+02 2.5489596725e-12 7.2911335859e-13 1.8198463139e-12
2.0880126953e+02 2.5599152037e-12 7.2899241634e-13 1.8309227873e-12
2.0886230469e+02 2.5602806375e-12 7.2960687175e-13 1.8306737658e-12
2.0892333984e+02 2.5699289615e-12 7.3254813977e-13 1.8373808218e-12
2.0898437500e+02 2.5748152350e-12 7.3308940261e-13 1.8417258324e-12
2.0904541016e+02 2.5807111603e-12 7.3455895120e-13 1.8461522091e-12
2.0910644531e+02 2.5792465687e-12 7.3116673131e-13 1.8480798374e-12
2.0916748047e+02 2.5766284547e-12 7.2757072107e-13 1.8490577337e-12
2.0922851562e+02 2.5840943775e-12 7.3070982282e-13 1.8533845547e-12
2.0928955078e+02 2.5830551681e-12 7.2773096388e-13 1.8553242043e-12
2.0935058594e+02 2.5859964089e-12 7.2902015758e-13 1.8569762513e-12
2.0941162109e+02 2.5835708252e-12 7.2697575675e-13 1.8565950685e-12
2.0947265625e+02 2.5789800819e-12 7.2550460646e-13 1.8534754754e-12
2.0953369141e+02 2.5775142704e-12 7.2390413104e-13 1.8536101394e-12
2.0959472656e+02 2.5736978104e-12 7.2176413846e-13 1.8519336719e-12
2.0965576172e+02 2.5765550093e-12 7.2169414796e-13 1.8548608613e-12
2.0971679688e+02 2.5700676534e-12 7.2024521490e-13 1.8498224385e-12
2.0977783203e+02 2.5638935356e-12 7.1664437045e-13 1.8472491651e-12
2.0983886719e+02 2.5649885102e-12 7.1582997482e-13 1.8491585354e-12
2.0989990234e+02 2.5667060572e-12 7.1723493659e-13 1.8494711206e-12
2.0996093750e+02 2.5640998888e-12 7.1225871273e-13 1.8518411761e-12
2.1002197266e+02 2.5598818270e-12 7.1060198634e-13 1.8492798406e-12
2.1008300781e+02 2.5548846174e-12 7.0877813948e-13 1.8461064779e-12
2.1014404297e+02 2.5537841988e-12 7.0903025915e-13 1.8447539397e-12
2.1020507812e+02 2.5497217489e-12 7.0766630834e-13 1.8420554406e-12
2.1026611328e+02 2.5482815996e-12 7.0644201967e-13 1.8418395799e-12
2.1032714844e+02 2.5380649956e-12 7.0233187284e-13 1.8357331228e-12
2.1038818359e+02 2.5335120045e-12 6.9860537075e-13 1.8349066337e-12
2.1044921875e+02 2.5297918506e-12 6.9644649893e-13 1.8333453517e-12
2.1051025391e+02 2.5189819409e-12 6.9143043049e-13 1.8275515105e-12
2.1057128906e+02 2.5065655914e-12 6.8880133569e-13 1.8177642557e-12
2.1063232422e+02 2.4948135186e-12 6.8661946871e-13 1.8081940499e-12
2.1069335938e+02 2.4866716214e-12 6.8296946592e-13 1.8037021555e-12
2.1075439453e+02 2.4699415306e-12 6.7683734466e-13 1.7931041859e-12
2.1081542969e+02 2.4588155393e-12 6.7247722304e-13 1.7863383163e-12
2.1087646484e+02 2.4425401231e-12 6.6810300138e-13 1.7744371217e-12
2.1093750000e+02 2.4234384675e-12 6.6192275864e-13 1.7615157089e-12
2.1099853516e+02 2.4046015824e-12 6.5824910221e-13 1.7463524802e-12
2.1105957031e+02 2.3836625500e-12 6.5359154073e-13 1.7300710093e-12
2.1112060547e+02 2.3611834066e-12 6.4541465360e-13 1.7157687530e-12
2.1118164062e+02 2.3446369832e-12 6.4071940325e-13 1.7039175799e-12
2.1124267578e+02 2.3214875472e-12 6.3585097126e-13 1.6856365759e-12
2.1130371094e+02 2.2992081201e-12 6.2983655669e-13 1.6693715634e-12
2.1136474609e+02 2.2774789302e-12 6.2406366082e-13 1.6534152694e-12
2.1142578125e+02 2.2559433726e-12 6.1652475897e-13 1.6394186137e-12
2.1148681641e+02 2.2363341577e-12 6.1206367733e-13 1.6242704803e-12
2.1154785156e+02 2.2073217367e-12 6.0499527217e-13 1.6023264646e-12
2.1160888672e+02 2.1840804934e-12 5.9912524342e-13 1.5849552500e-12
2.1166992188e+02 2.1643064899e-12 5.9201147114e-13 1.5722950187e-12
2.1173095703e+02 2.1406721433e-12 5.8582215789e-13 1.5548499854e-12
2.1179199219e+02 2.1134898187e-12 5.8032330012e-13 1.5331665186e-12
2.1185302734e+02 2.0877811097e-12 5.7081498569e-13 1.5169661240e-12
2.1191406250e+02 2.0643254196e-12 5.6419004778e-13 1.5001353719e-12
2.1197509766e+02 2.0390127421e-12 5.5705321000e-13 1.4819595321e-12
2.1203613281e+02 2.0139654287e-12 5.5212798509e-13 1.4618374436e-12
2.1209716797e+02 1.9874495627e-12 5.4701173061e-13 1.4404378320e-12
2.1215820312e+02 1.9587060835e-12 5.3966905294e-13 1.4190370305e-12
2.1221923828e+02 1.9334535537e-12 5.3232463343e-13 1.4011289203e-12
2.1228027344e+02 1.9052737092e-12 5.2504787471e-13 1.3802258345e-12
2.1234130859e+02 1.8837104162e-12 5.2025073284e-13 1.3634596833e-12
2.1240234375e+02 1.8565437885e-12 5.1259999893e-13 1.3439437895e-12
2.1246337891e+02 1.8317703523e-12 5.0793670703e-13 1.3238336453e-12
2.1252441406e+02 1.8072861945e-12 5.0283716237e-13 1.3044490322e-12
2.1258544922e+02 1.7800420990e-12 4.9561948091e-13 1.2844226180e-12
2.1264648438e+02 1.7571729799e-12 4.9018072179e-13 1.2669922581e-12
2.1270751953e+02 1.7350609736e-12 4.8480722250e-13 1.2502537511e-12
2.1276855469e+02 1.7105998866e-12 4.7690192808e-13 1.2336979585e-12
2.1282958984e+02 1.6905859200e-12 4.7269999220e-13 1.2178859278e-12
2.1289062500e+02 1.6693030999e-12 4.6756856614e-13 1.2017345337e-12
2.1295166016e+02 1.6489492375e-12 4.6231107531e-13 1.1866381622e-12
2.1301269531e+02 1.6232455230e-12 4.5652861002e-13 1.1667169130e-12
2.1307373047e+02 1.6004185956e-12 4.5012070563e-13 1.1502978900e-12
2.1313476562e+02 1.5777889731e-12 4.4429522271e-13 1.1334937504e-12
2.1319580078e+02 1.5563613498e-12 4.3988819704e-13 1.1164731527e-12
2.1325683594e+02 1.5323826496e-12 4.3463126647e-13 1.0977513831e-12
2.1331787109e+02 1.5106159317e-12 4.2964310251e-13 1.0809728292e-12
2.1337890625e+02 1.4872882451e-12 4.2307981659e-13 1.0642084285e-12
2.1343994141e+02 1.4648634753e-12 4.1802356877e-13 1.0468399065e-12
2.1350097656e+02 1.4505487060e-12 4.1278036508e-13 1.0377683410e-12
2.1356201172e+02 1.4294657280e-12 4.0754180274e-13 1.0219239253e-12
2.1362304688e+02 1.4051272755e-12 4.0313857039e-13 1.0019887051e-12
2.1368408203e+02 1.3851589900e-12 3.9913382253e-13 9.8602516751e-13
2.1374511719e+02 1.3656286665e-12 3.9387817501e-13 9.7175049153e-13
2.1380615234e+02 1.3464981605e-12 3.8864126319e-13 9.5785689727e-13
2.1386718750e+02 1.3271372083e-12 3.8477660227e-13 9.4236060606e-13
2.1392822266e+02 1.3108770278e-12 3.8015436594e-13 9.3072266182e-13
2.1398925781e+02 1.2910651312e-12 3.7465992210e-13 9.1640520910e-13
2.1405029297e+02 1.2722282842e-12 3.7086803325e-13 9.0136025096e-13
2.1411132812e+02 1.2532298400e-12 3.6609752417e-13 8.8713231587e-13
2.1417236328e+02 1.2383845873e-12 3.6346698044e-13 8.7491760689e-13
2.1423339844e+02 1.2226718855e-12 3.6054802034e-13 8.6212386513e-13
2.1429443359e+02 1.2081286268e-12 3.5556706757e-13 8.5256155926e-13
2.1435546875e+02 1.1917629275e-12 3.5217293241e-13 8.3958999506e-13
2.1441650391e+02 1.1757233354e-12 3.4898207150e-13 8.2674126390e-13
2.1447753906e+02 1.1639985652e-12 3.4603087922e-13 8.1796768594e-13
2.1453857422e+02 1.1479198044e-12 3.4216915448e-13 8.0575064991e-13
2.1459960938e+02 1.1371075377e-12 3.3977974773e-13 7.9732778999e-13
2.1466064453e+02 1.1241282323e-12 3.3774627031e-13 7.8638196201e-13
2.1472167969e+02 1.1111338256e-12 3.3495296825e-13 7.7618085734e-13
2.1478271484e+02 1.1019596384e-12 3.3292219476e-13 7.6903744366e-13
2.1484375000e+02 1.0873373974e-12 3.2858505617e-13 7.5875234120e-13
2.1490478516e+02 1.0789144595e-12 3.2526967842e-13 7.5364478112e-13
2.1496582031e+02 1.0682879638e-12 3.2279345448e-13 7.4549450929e-13
2.1502685547e+02 1.0588708364e-12 3.2244515234e-13 7.3642568407e-13
2.1508789062e+02 1.0512785763e-12 3.2108481493e-13 7.3019376133e-13
2.1514892578e+02 1.0397612933e-12 3.1822375906e-13 7.2153753426e-13
2.1520996094e+02 1.0354868774e-12 3.1682065478e-13 7.1866622264e-13
2.1527099609e+02 1.0278536774e-12 3.1330014390e-13 7.1455353355e-13
2.1533203125e+02 1.0193391942e-12 3.1149320503e-13 7.0784598915e-13
2.1539306641e+02 1.0113593314e-12 3.1085749179e-13 7.0050183959e-13
2.1545410156e+02 1.0042737733e-12 3.0851881133e-13 6.9575496193e-13
2.1551513672e+02 1.0036768306e-12 3.0829929466e-13 6.9537753597e-13
2.1557617188e+02 9.9737345398e-13 3.0542115261e-13 6.9195230138e-13
2.1563720703e+02 9.9419538920e-13 3.0474069752e-13 6.8945469168e-13
2.1569824219e+02 9.8683215405e-13 3.0331347018e-13 6.8351868387e-13
2.1575927734e+02 9.8643085513e-13 3.0230017937e-13 6.8413067576e-13
2.1582031250e+02 9.8622856896e-13 3.0305264882e-13 6.8317592014e-13
2.1588134766e+02 9.7924526665e-13 3.0163747529e-13 6.7760779136e-13
2.1594238281e+02 9.7702349713e-13 3.0029312144e-13 6.7673037570e-13
2.1600341797e+02 9.7345352370e-13 2.9936079645e-13 6.7409272725e-13
2.1606445312e+02 9.7125989535e-13 2.9873890404e-13 6.7252099132e-13
2.1612548828e+02 9.7208002316e-13 2.9842401420e-13 6.7365600897e-13
2.1618652344e+02 9.7134306018e-13 2.9872295356e-13 6.7262010662e-13
2.1624755859e+02 9.7069295750e-13 2.9775732018e-13 6.7293563732e-13
2.1630859375e+02 9.6652970810e-13 2.9629002175e-13 6.7023968635e-13
2.1636962891e+02 9.6809751013e-13 2.9782081147e-13 6.7027669866e-13
2.1643066406e+02 9.7039827113e-13 2.9683424551e-13 6.7356402561e-13
2.1649169922e+02 9.7119712796e-13 2.9687096867e-13 6.7432615929e-13
2.1655273438e+02 9.7289739018e-13 2.9788172809e-13 6.7501566209e-13
2.1661376953e+02 9.6971772399e-13 2.9663208247e-13 6.7308564152e-13
2.1667480469e+02 9.7333278826e-13 2.9721060397e-13 6.7612218429e-13
2.1673583984e+02 9.7105282287e-13 2.9587880759e-13 6.7517401529e-13
2.1679687500e+02 9.7236364800e-13 2.9481465303e-13 6.7754899497e-13
2.1685791016e+02 9.7152628744e-13 2.9431075898e-13 6.7721552846e-13
2.1691894531e+02 9.6998550199e-13 2.9433720757e-13 6.7564829442e-13
2.1697998047e+02 9.7527738715e-13 2.9554732479e-13 6.7973006236e-13
2.1704101562e+02 9.7455755869e-13 2.9422403877e-13 6.8033351992e-13
2.1710205078e+02 9.7779345592e-13 2.9413922528e-13 6.8365423064e-13
2.1716308594e+02 9.7763702270e-13 2.9373045548e-13 6.8390656722e-13
2.1722412109e+02 9.8085334262e-13 2.9416520080e-13 6.8668814182e-13
2.1728515625e+02 9.8322643706e-13 2.9427710330e-13 6.8894933376e-13
2.1734619141e+02 9.8310664513e-13 2.9506996382e-13 6.8803668130e-13
2.1740722656e+02 9.8705113144e-13 2.9578434318e-13 6.9126678826e-13
2.1746826172e+02 9.8817092734e-13 2.9562621067e-13 6.9254471667e-13
2.1752929688e+02 9.8993249714e-13 2.9480397965e-13 6.9512851749e-13
2.1759033203e+02 9.9206995487e-13 2.9406833122e-13 6.9800162365e-13
2.1765136719e+02 9.9635304088e-13 2.9543732699e-13 7.0091571388e-13
2.1771240234e+02 9.9662241868e-13 2.9610895857e-13 7.0051346011e-13
2.1777343750e+02 9.9575093661e-13 2.9572649903e-13 7.0002443759e-13
2.1783447266e+02 1.0026089896e-12 2.9631142956e-13 7.0629756003e-13
2.1789550781e+02 1.0028927249e-12 2.9576743332e-13 7.0712529159e-13
2.1795654297e+02 1.0056931147e-12 2.9490725184e-13 7.1078586285e-13
2.1801757812e+02 1.0077974479e-12 2.9426473868e-13 7.1353270918e-13
2.1807861328e+02 1.0082703643e-12 2.9494117714e-13 7.1332918717e-13
2.1813964844e+02 1.0135862649e-12 2.9769964536e-13 7.1588661955e-13
2.1820068359e+02 1.0098420963e-12 2.9682677167e-13 7.1301532462e-13
2.1826171875e+02 1.0148705627e-12 2.9696816395e-13 7.1790239874e-13
2.1832275391e+02 1.0153817254e-12 2.9570945444e-13 7.1967227097e-13
2.1838378906e+02 1.0189821595e-12 2.9613714281e-13 7.2284501673e-13
2.1844482422e+02 1.0230135105e-12 2.9701689796e-13 7.2599661252e-13
2.1850585938e+02 1.0213608526e-12 2.9574209664e-13 7.2561875592e-13
2.1856689453e+02 1.0219103834e-12 2.9485627544e-13 7.2705410798e-13
2.1862792969e+02 1.0235973749e-12 2.9543548638e-13 7.2816188850e-13
2.1868896484e+02 1.0245405464e-12 2.9456086569e-13 7.2997968072e-13
2.1875000000e+02 1.0192471895e-12 2.9300810919e-13 7.2623908035e-13
2.1881103516e+02 1.0230471146e-12 2.9425219898e-13 7.2879491560e-13
2.1887207031e+02 1.0248031121e-12 2.9367078648e-13 7.3113232567e-13
2.1893310547e+02 1.0239099993e-12 2.9203507410e-13 7.3187492518e-13
2.1899414062e+02 1.0259838817e-12 2.9182321658e-13 7.3416066508e-13
2.1905517578e+02 1.0205525021e-12 2.9059293311e-13 7.2995956901e-13
2.1911621094e+02 1.0175992713e-12 2.8960078060e-13 7.2799849069e-13
2.1917724609e+02 1.0171011888e-12 2.8926435535e-13 7.2783683341e-13
2.1923828125e+02 1.0177808398e-12 2.8932826025e-13 7.2845257951e-13
2.1929931641e+02 1.0175018100e-12 2.8924316117e-13 7.2825864880e-13
2.1936035156e+02 1.0135241861e-12 2.8912269806e-13 7.2440148808e-13
2.1942138672e+02 1.0099431393e-12 2.8751702847e-13 7.2242611081e-13
2.1948242188e+02 1.0067006432e-12 2.8551484225e-13 7.2118580093e-13
2.1954345703e+02 1.0040212863e-12 2.8415770597e-13 7.1986358036e-13
2.1960449219e+02 9.9970878484e-13 2.8275166867e-13 7.1695711617e-13
2.1966552734e+02 9.9673356859e-13 2.8262517977e-13 7.1410838881e-13
2.1972656250e+02 9.9333567151e-13 2.8157822973e-13 7.1175744177e-13
2.1978759766e+02 9.8823522203e-13 2.8039588355e-13 7.0783933848e-13
2.1984863281e+02 9.8781720605e-13 2.8046819202e-13 7.0734901403e-13
2.1990966797e+02 9.7925660036e-13 2.7758514125e-13 7.0167145911e-13
2.1997070312e+02 9.7669660714e-13 2.7731666703e-13 6.9937994012e-13
2.2003173828e+02 9.7385555577e-13 2.7659818755e-13 6.9725736822e-13
2.2009277344e+02 9.6657355498e-13 2.7392225946e-13 6.9265129552e-13
2.2015380859e+02 9.6500837606e-13 2.7362414936e-13 6.9138422670e-13
2.2021484375e+02 9.5780372511e-13 2.7177361170e-13 6.8603011341e-13
2.2027587891e+02 9.5490770630e-13 2.7102683161e-13 6.8388087469e-13
2.2033691406e+02 9.4989539655e-13 2.6976517484e-13 6.8013022171e-13
2.2039794922e+02 9.4439565383e-13 2.6768774632e-13 6.7670790750e-13
2.2045898438e+02 9.3972748150e-13 2.6632436569e-13 6.7340311581e-13
2.2052001953e+02 9.3738635821e-13 2.6603467928e-13 6.7135167893e-13
2.2058105469e+02 9.3436419727e-13 2.6543725662e-13 6.6892694064e-13
2.2064208984e+02 9.2735163124e-13 2.6370790443e-13 6.6364372681e-13
2.2070312500e+02 9.2434826018e-13 2.6302480216e-13 6.6132345802e-13
2.2076416016e+02 9.1655743144e-13 2.6073024442e-13 6.5582718702e-13
2.2082519531e+02 9.1107324124e-13 2.5974563716e-13 6.5132760408e-13
2.2088623047e+02 9.0755554571e-13 2.5965693049e-13 6.4789861522e-13
2.2094726562e+02 9.0187008101e-13 2.5781178504e-13 6.4405829597e-13
2.2100830078e+02 8.9680331159e-13 2.5641554619e-13 6.4038776540e-13
2.2106933594e+02 8.9077052621e-13 2.5628304308e-13 6.3448748313e-13
2.2113037109e+02 8.8819473774e-13 2.5529520016e-13 6.3289953759e-13
2.2119140625e+02 8.8408479896e-13 2.5411725210e-13 6.2996754686e-13
2.2125244141e+02 8.7961879205e-13 2.5397753857e-13 6.2564125349e-13
2.2131347656e+02 8.7458014435e-13 2.5241639180e-13 6.2216375255e-13
2.2137451172e+02 8.6938208633e-13 2.5063003247e-13 6.1875205385e-13
2.2143554688e+02 8.6634612959e-13 2.4965431427e-13 6.1669181532e-13
2.2149658203e+02 8.5958351345e-13 2.4872901584e-13 6.1085449761e-13
2.2155761719e+02 8.5565198275e-13 2.4831658412e-13 6.0733539863e-13
2.2161865234e+02 8.4863693818e-13 2.4622916088e-13 6.0240777730e-13
2.2167968750e+02 8.4174100166e-13 2.4398194032e-13 5.9775906134e-13
2.2174072266e+02 8.3728791374e-13 2.4301497489e-13 5.9427293885e-13
2.2180175781e+02 8.3005126326e-13 2.4103061466e-13 5.8902064860e-13
2.2186279297e+02 8.2593477789e-13 2.4070647275e-13 5.8522830514e-13
2.2192382812e+02 8.2004295823e-13 2.4010548280e-13 5.7993747542e-13
2.2198486328e+02 8.1439683284e-13 2.3989727806e-13 5.7449955478e-13
2.2204589844e+02 8.0685152394e-13 2.3725171038e-13 5.6959981356e-13
2.2210693359e+02 8.0119926929e-13 2.3581868445e-13 5.6538058484e-13
2.2216796875e+02 7.9743546580e-13 2.3550221823e-13 5.6193324757e-13
2.2222900391e+02 7.8968639821e-13 2.3339628029e-13 5.5629011792e-13
2.2229003906e+02 7.8602945888e-13 2.3253199251e-13 5.5349746638e-13
2.2235107422e+02 7.8172076286e-13 2.3137219619e-13 5.5034856666e-13
2.2241210938e+02 7.7627672747e-13 2.3020512279e-13 5.4607160468e-13
2.2247314453e+02 7.7054217839e-13 2.2874712812e-13 5.4179505027e-13
2.2253417969e+02 7.6381356820e-13 2.2753129067e-13 5.3628227753e-13
2.2259521484e+02 7.6261216306e-13 2.2744082009e-13 5.3517134296e-13
2.2265625000e+02 7.5545697652e-13 2.2578391293e-13 5.2967306358e-13
2.2271728516e+02 7.5081443499e-13 2.2489161046e-13 5.2592282454e-13
2.2277832031e+02 7.4502747890e-13 2.2441973304e-13 5.2060774585e-13
2.2283935547e+02 7.4045605562e-13 2.2439036970e-13 5.1606568591e-13
2.2290039062e+02 7.3675217305e-13 2.2282875365e-13 5.1392341940e-13
2.2296142578e+02 7.2784674633e-13 2.2038728319e-13 5.0745946314e-13
2.2302246094e+02 7.2921907488e-13 2.2137053499e-13 5.0784853988e-13
2.2308349609e+02 7.2206601328e-13 2.2081680140e-13 5.0124921188e-13
2.2314453125e+02 7.1821883250e-13 2.2010845193e-13 4.9811038057e-13
2.2320556641e+02 7.1571265520e-13 2.1962454992e-13 4.9608810528e-13
2.2326660156e+02 7.1126556665e-13 2.1741416127e-13 4.9385140538e-13
2.2332763672e+02 7.0905127486e-13 2.1731526635e-13 4.9173600851e-13
2.2338867188e+02 7.0400604766e-13 2.1622243311e-13 4.8778361455e-13
2.2344970703e+02 7.0307989331e-13 2.1603903111e-13 4.8704086220e-13
2.2351074219e+02 6.9813857077e-13 2.1500673589e-13 4.8313183488e-13
2.2357177734e+02 6.9711173362e-13 2.1513704843e-13 4.8197468519e-13
2.2363281250e+02 6.9461670709e-13 2.1474690493e-13 4.7986980215e-13
2.2369384766e+02 6.9069257595e-13 2.1258276643e-13 4.7810980952e-13
2.2375488281e+02 6.9067138400e-13 2.1292306254e-13 4.7774832145e-13
2.2381591797e+02 6.8760709694e-13 2.1259672919e-13 4.7501036775e-13
2.2387695312e+02 6.8635258979e-13 2.1287019620e-13 4.7348239358e-13
2.2393798828e+02 6.8388614466e-13 2.1181321460e-13 4.7207293006e-13
2.2399902344e+02 6.8154156211e-13 2.1029311554e-13 4.7124844657e-13
2.2406005859e+02 6.8229686982e-13 2.1099613404e-13 4.7130073579e-13
2.2412109375e+02 6.8010268496e-13 2.1042711349e-13 4.6967557147e-13
2.2418212891e+02 6.7839053443e-13 2.0969662496e-13 4.6869390947e-13
2.2424316406e+02 6.7528227908e-13 2.0895178518e-13 4.6633049390e-13
2.2430419922e+02 6.7418546350e-13 2.0908128834e-13 4.6510417516e-13
2.2436523438e+02 6.7314532573e-13 2.0824532630e-13 4.6489999943e-13
2.2442626953e+02 6.7160362865e-13 2.0714312577e-13 4.6446050287e-13
2.2448730469e+02 6.7232623254e-13 2.0762608452e-13 4.6470014802e-13
2.2454833984e+02 6.6829711962e-13 2.0707300919e-13 4.6122411043e-13
2.2460937500e+02 6.6946416819e-13 2.0683871844e-13 4.6262544975e-13
2.2467041016e+02 6.6763963394e-13 2.0674480895e-13 4.6089482499e-13
2.2473144531e+02 6.6473527229e-13 2.0660142606e-13 4.5813384623e-13
2.2479248047e+02 6.6411235600e-13 2.0698735812e-13 4.5712499788e-13
2.2485351562e+02 6.6308300093e-13 2.0613906510e-13 4.5694393583e-13
2.2491455078e+02 6.6575772637e-13 2.0597272147e-13 4.5978500491e-13
2.2497558594e+02 6.6438538231e-13 2.0560316178e-13 4.5878222053e-13
2.2503662109e+02 6.6505287583e-13 2.0545386499e-13 4.5959901084e-13
2.2509765625e+02 6.6424090181e-13 2.0493519896e-13 4.5930570285e-13
2.2515869141e+02 6.6342808282e-13 2.0521625846e-13 4.5821182436e-13
2.2521972656e+02 6.6494128998e-13 2.0498334665e-13 4.5995794333e-13
2.2528076172e+02 6.6355763356e-13 2.0509851883e-13 4.5845911473e-13
2.2534179688e+02 6.6473195952e-13 2.0514771316e-13 4.5958424636e-13
2.2540283203e+02 6.6349173645e-13 2.0433269140e-13 4.5915904506e-13
2.2546386719e+02 6.6655298582e-13 2.0475555087e-13 4.6179743496e-13
2.2552490234e+02 6.6708194347e-13 2.0422499611e-13 4.6285694736e-13
2.2558593750e+02 6.6762099956e-13 2.0452899358e-13 4.6309200598e-13
2.2564697266e+02 6.6799348621e-13 2.0462476781e-13 4.6336871840e-13
2.2570800781e+02 6.6678021190e-13 2.0479224277e-13 4.6198796913e-13
2.2576904297e+02 6.6925723207e-13 2.0479857442e-13 4.6445865765e-13
2.2583007812e+02 6.6913241561e-13 2.0488704462e-13 4.6424537099e-13
2.2589111328e+02 6.6999277753e-13 2.0409869549e-13 4.6589408204e-13
2.2595214844e+02 6.6964881441e-13 2.0367646451e-13 4.6597234990e-13
2.2601318359e+02 6.7089045695e-13 2.0437010827e-13 4.6652034868e-13
2.2607421875e+02 6.7450344084e-13 2.0381843006e-13 4.7068501078e-13
2.2613525391e+02 6.7407157438e-13 2.0436782419e-13 4.6970375019e-13
2.2619628906e+02 6.7570202734e-13 2.0517497016e-13 4.7052705718e-13
2.2625732422e+02 6.7544169090e-13 2.0437541072e-13 4.7106628018e-13
2.2631835938e+02 6.7709735334e-13 2.0429460146e-13 4.7280275188e-13
2.2637939453e+02 6.7814855417e-13 2.0362436863e-13 4.7452418554e-13
2.2644042969e+02 6.7715339195e-13 2.0409183265e-13 4.7306155930e-13
2.2650146484e+02 6.7808658216e-13 2.0438334637e-13 4.7370323579e-13
2.2656250000e+02 6.7784585716e-13 2.0377743061e-13 4.7406842655e-13
2.2662353516e+02 6.7993685555e-13 2.0317979894e-13 4.7675705661e-13
2.2668457031e+02 6.7903772867e-13 2.0276602852e-13 4.7627170015e-13
2.2674560547e+02 6.7731196807e-13 2.0305423886e-13 4.7425772920e-13
2.2680664062e+02 6.7827987086e-13 2.0300940965e-13 4.7527046122e-13
2.2686767578e+02 6.7781463889e-13 2.0287784892e-13 4.7493678997e-13
2.2692871094e+02 6.7787957294e-13 2.0165008962e-13 4.7622948332e-13
2.2698974609e+02 6.7686116373e-13 2.0075981753e-13 4.7610134620e-13
2.2705078125e+02 6.7654839760e-13 2.0076779848e-13 4.7578059911e-13
2.2711181641e+02 6.7409709436e-13 2.0005480013e-13 4.7404229423e-13
2.2717285156e+02 6.7232126758e-13 1.9896284649e-13 4.7335842109e-13
2.2723388672e+02 6.7295175393e-13 1.9874694020e-13 4.7420481373e-13
2.2729492188e+02 6.7181065484e-13 1.9823040399e-13 4.7358025085e-13
2.2735595703e+02 6.7049844278e-13 1.9827514403e-13 4.7222329876e-13
2.2741699219e+02 6.6746209112e-13 1.9750998560e-13 4.6995210552e-13
2.2747802734e+02 6.6525697914e-13 1.9576530626e-13 4.6949167288e-13
2.2753906250e+02 6.6482548041e-13 1.9518471765e-13 4.6964076276e-13
2.2760009766e+02 6.6157459061e-13 1.9466855851e-13 4.6690603209e-13
2.2766113281e+02 6.6050544859e-13 1.9361488143e-13 4.6689056716e-13
2.2772216797e+02 6.5595127656e-13 1.9237394917e-13 4.6357732739e-13
2.2778320312e+02 6.5346397768e-13 1.9134089668e-13 4.6212308100e-13
2.2784423828e+02 6.5026279794e-13 1.9043542023e-13 4.5982737772e-13
2.2790527344e+02 6.4779994357e-13 1.8984026197e-13 4.5795968160e-13
2.2796630859e+02 6.4540238370e-13 1.8989917058e-13 4.5550321313e-13
2.2802734375e+02 6.4384313805e-13 1.8832189872e-13 4.5552123933e-13
2.2808837891e+02 6.4201849285e-13 1.8827269774e-13 4.5374579511e-13
2.2814941406e+02 6.3802826701e-13 1.8691000969e-13 4.5111825732e-13
2.2821044922e+02 6.3434285008e-13 1.8589660048e-13 4.4844624960e-13
2.2827148438e+02 6.3168980555e-13 1.8541419067e-13 4.4627561488e-13
2.2833251953e+02 6.2984491879e-13 1.8481986306e-13 4.4502505573e-13
2.2839355469e+02 6.2763184954e-13 1.8435361040e-13 4.4327823914e-13
2.2845458984e+02 6.2141029077e-13 1.8251891478e-13 4.3889137599e-13
2.2851562500e+02 6.1831780164e-13 1.8206311389e-13 4.3625468774e-13
2.2857666016e+02 6.1510882222e-13 1.8091266051e-13 4.3419616171e-13
2.2863769531e+02 6.1346571997e-13 1.7982231595e-13 4.3364340402e-13
2.2869873047e+02 6.1082343471e-13 1.7907222324e-13 4.3175121147e-13
2.2875976562e+02 6.0696347128e-13 1.7810804591e-13 4.2885542536e-13
2.2882080078e+02 6.0268012583e-13 1.7725469446e-13 4.2542543137e-13
2.2888183594e+02 5.9928901240e-13 1.7722393366e-13 4.2206507874e-13
2.2894287109e+02 5.9633707418e-13 1.7569807291e-13 4.2063900127e-13
2.2900390625e+02 5.9141379697e-13 1.7406681912e-13 4.1734697785e-13
2.2906494141e+02 5.8723888736e-13 1.7342572571e-13 4.1381316165e-13
2.2912597656e+02 5.8442699043e-13 1.7216150075e-13 4.1226548968e-13
2.2918701172e+02 5.7908758615e-13 1.7107766894e-13 4.0800991721e-13
2.2924804688e+02 5.7624895879e-13 1.7093016628e-13 4.0531879252e-13
2.2930908203e+02 5.7244799751e-13 1.7023333304e-13 4.0221466447e-13
2.2937011719e+02 5.6738832618e-13 1.6853710854e-13 3.9885121764e-13
2.2943115234e+02 5.6343153496e-13 1.6715595571e-13 3.9627557925e-13
2.2949218750e+02 5.5887542672e-13 1.6602828030e-13 3.9284714642e-13
2.2955322266e+02 5.5355377045e-13 1.6460252585e-13 3.8895124460e-13
2.2961425781e+02 5.4994526924e-13 1.6390580556e-13 3.8603946368e-13
2.2967529297e+02 5.4699122116e-13 1.6336054513e-13 3.8363067604e-13
2.2973632812e+02 5.4302595130e-13 1.6288478280e-13 3.8014116849e-13
2.2979736328e+02 5.3906634574e-13 1.6123545956e-13 3.7783088618e-13
2.2985839844e+02 5.3429925730e-13 1.5982614075e-13 3.7447311656e-13
2.2991943359e+02 5.2848852224e-13 1.5890849879e-13 3.6958002345e-13
2.2998046875e+02 5.2577309744e-13 1.5760472507e-13 3.6816837237e-13
2.3004150391e+02 5.2189360959e-13 1.5696813346e-13 3.6492547613e-13
2.3010253906e+02 5.1866333189e-13 1.5621236171e-13 3.6245097019e-13
2.3016357422e+02 5.1419054121e-13 1.5551281129e-13 3.5867772992e-13
2.3022460938e+02 5.1074241333e-13 1.5471366596e-13 3.5602874736e-13
2.3028564453e+02 5.0615400335e-13 1.5285728019e-13 3.5329672315e-13
2.3034667969e+02 5.0226053194e-13 1.5174194275e-13 3.5051858920e-13
2.3040771484e+02 4.9854953251e-13 1.5135288297e-13 3.4719664954e-13
2.3046875000e+02 4.9476668000e-13 1.5032695326e-13 3.4443972674e-13
2.3052978516e+02 4.9094637449e-13 1.4946237135e-13 3.4148400313e-13
2.3059082031e+02 4.8734845000e-13 1.4855329717e-13 3.3879515282e-13
2.3065185547e+02 4.8456277354e-13 1.4896030735e-13 3.3560246619e-13
2.3071289062e+02 4.8106292956e-13 1.4798319060e-13 3.3307973895e-13
2.3077392578e+02 4.7733551467e-13 1.4707360814e-13 3.3026190653e-13
2.3083496094e+02 4.7397111568e-13 1.4679468507e-13 3.2717643061e-13
2.3089599609e+02 4.7152499583e-13 1.4575963269e-13 3.2576536314e-13
2.3095703125e+02 4.6956597619e-13 1.4467307477e-13 3.2489290142e-13
2.3101806641e+02 4.6630838153e-13 1.4469018774e-13 3.2161819378e-13
2.3107910156e+02 4.6293283874e-13 1.4426605532e-13 3.1866678342e-13
2.3114013672e+02 4.6026541248e-13 1.4360453887e-13 3.1666087361e-13
2.3120117188e+02 4.5929407404e-13 1.4273128973e-13 3.1656278431e-13
2.3126220703e+02 4.5665866549e-13 1.4234778617e-13 3.1431087932e-13
2.3132324219e+02 4.5332195688e-13 1.4182445315e-13 3.1149750373e-13
2.3138427734e+02 4.5124752609e-13 1.4118539660e-13 3.1006212949e-13
2.3144531250e+02 4.4913407199e-13 1.4123876878e-13 3.0789530321e-13
2.3150634766e+02 4.4606406492e-13 1.4107327268e-13 3.0499079224e-13
2.3156738281e+02 4.4305479310e-13 1.4010118041e-13 3.0295361269e-13
2.3162841797e+02 4.4112736952e-13 1.3932097074e-13 3.0180639878e-13
2.3168945312e+02 4.3962053961e-13 1.3947580121e-13 3.0014473840e-13
2.3175048828e+02 4.3784233516e-13 1.3961310467e-13 2.9822923050e-13
2.3181152344e+02 4.3646229297e-13 1.3845192364e-13 2.9801036933e-13
2.3187255859e+02 4.3546873014e-13 1.3787948261e-13 2.9758924753e-13
2.3193359375e+02 4.3276060824e-13 1.3700816544e-13 2.9575244279e-13
2.3199462891e+02 4.3198354912e-13 1.3681426777e-13 2.9516928134e-13
2.3205566406e+02 4.3029671347e-13 1.3661650845e-13 2.9368020502e-13
2.3211669922e+02 4.2819974338e-13 1.3649116321e-13 2.9170858017e-13
2.3217773438e+02 4.2697712818e-13 1.3631058204e-13 2.9066654614e-13
2.3223876953e+02 4.2542080459e-13 1.3563235617e-13 2.8978844842e-13
2.3229980469e+02 4.2484501196e-13 1.3565147461e-13 2.8919353735e-13
2.3236083984e+02 4.2373930274e-13 1.3532489695e-13 2.8841440579e-13
2.3242187500e+02 4.2356876815e-13 1.3517665573e-13 2.8839211242e-13
2.3248291016e+02 4.2247200336e-13 1.3552752588e-13 2.8694447748e-13
2.3254394531e+02 4.2017244810e-13 1.3463793024e-13 2.8553451786e-13
2.3260498047e+02 4.1938436970e-13 1.3437362279e-13 2.8501074691e-13
2.3266601562e+02 4.1878832830e-13 1.3445904089e-13 2.8432928741e-13
2.3272705078e+02 4.1941631513e-13 1.3389325150e-13 2.8552306363e-13
2.3278808594e+02 4.1825029159e-13 1.3395578968e-13 2.8429450191e-13
2.3284912109e+02 4.1693628483e-13 1.3395030359e-13 2.8298598125e-13
2.3291015625e+02 4.1670580396e-13 1.3353996305e-13 2.8316584091e-13
2.3297119141e+02 4.1474933878e-13 1.3339108994e-13 2.8135824884e-13
2.3303222656e+02 4.1485267628e-13 1.3317146560e-13 2.8168121067e-13
2.3309326172e+02 4.1390520082e-13 1.3297211955e-13 2.8093308127e-13
2.3315429688e+02 4.1292389981e-13 1.3232389403e-13 2.8060000578e-13
2.3321533203e+02 4.1403030117e-13 1.3241683182e-13 2.8161346935e-13
2.3327636719e+02 4.1504428598e-13 1.3338858692e-13 2.8165569906e-13
2.3333740234e+02 4.1511794922e-13 1.3299892068e-13 2.8211902854e-13
2.3339843750e+02 4.1403608667e-13 1.3316646570e-13 2.8086962097e-13
2.3345947266e+02 4.1431390355e-13 1.3317574707e-13 2.8113815648e-13
2.3352050781e+02 4.1347646921e-13 1.3222632176e-13 2.8125014745e-13
2.3358154297e+02 4.1462007841e-13 1.3215581260e-13 2.8246426581e-13
2.3364257812e+02 4.1506968450e-13 1.3266416218e-13 2.8240552231e-13
2.3370361328e+02 4.1480581170e-13 1.3273942765e-13 2.8206638405e-13
2.3376464844e+02 4.1685472840e-13 1.3294938088e-13 2.8390534752e-13
2.3382568359e+02 4.1889801235e-13 1.3356109932e-13 2.8533691304e-13
2.3388671875e+02 4.1839351558e-13 1.3299874345e-13 2.8539477213e-13
2.3394775391e+02 4.1732546801e-13 1.3304909046e-13 2.8427637755e-13
2.3400878906e+02 4.1803918901e-13 1.3314478599e-13 2.8489440302e-13
2.3406982422e+02 4.1990268252e-13 1.3272361513e-13 2.8717906739e-13
2.3413085938e+02 4.2015315603e-13 1.3241633214e-13 2.8773682389e-13
2.3419189453e+02 4.2122867072e-13 1.3290014187e-13 2.8832852885e-13
2.3425292969e+02 4.2096290791e-13 1.3275344431e-13 2.8820946360e-13
2.3431396484e+02 4.2127715294e-13 1.3276820620e-13 2.8850894674e-13
2.3437500000e+02 4.2259336103e-13 1.3233658197e-13 2.9025677906e-13
2.3443603516e+02 4.2234979035e-13 1.3302799923e-13 2.8932179112e-13
2.3449707031e+02 4.2120153841e-13 1.3260686517e-13 2.8859467324e-13
2.3455810547e+02 4.2331431876e-13 1.3321620638e-13 2.9009811237e-13
2.3461914062e+02 4.2317385601e-13 1.3289928439e-13 2.9027457162e-13
2.3468017578e+02 4.2430690320e-13 1.3224663738e-13 2.9206026581e-13
2.3474121094e+02 4.2442811399e-13 1.3211266746e-13 2.9231544652e-13
2.3480224609e+02 4.2390726962e-13 1.3156781569e-13 2.9233945393e-13
2.3486328125e+02 4.2512345029e-13 1.3201924189e-13 2.9310420840e-13
2.3492431641e+02 4.2432196415e-13 1.3162083707e-13 2.9270112708e-13
2.3498535156e+02 4.2400613931e-13 1.3107834511e-13 2.9292779421e-13
2.3504638672e+02 4.2331354040e-13 1.3097714416e-13 2.9233639624e-13
2.3510742188e+02 4.2293258977e-13 1.3110550523e-13 2.9182708453e-13
2.3516845703e+02 4.2376062798e-13 1.3118352326e-13 2.9257710472e-13
2.3522949219e+02 4.2351045182e-13 1.3059075424e-13 2.9291969758e-13
2.3529052734e+02 4.2319786572e-13 1.3045763844e-13 2.9274022727e-13
2.3535156250e+02 4.2230351424e-13 1.3032238050e-13 2.9198113373e-13
2.3541259766e+02 4.2151675952e-13 1.2983614921e-13 2.9168061030e-13
2.3547363281e+02 4.2081896663e-13 1.2938910428e-13 2.9142986235e-13
2.3553466797e+02 4.2021382850e-13 1.2912475038e-13 2.9108907811e-13
2.3559570312e+02 4.1977742658e-13 1.2872510920e-13 2.9105231738e-13
2.3565673828e+02 4.1929362359e-13 1.2847498908e-13 2.9081863451e-13
2.3571777344e+02 4.1760484607e-13 1.2782888054e-13 2.8977596553e-13
2.3577880859e+02 4.1645924055e-13 1.2747571936e-13 2.8898352119e-13
2.3583984375e+02 4.1539059363e-13 1.2677248073e-13 2.8861811289e-13
2.3590087891e+02 4.1392001991e-13 1.2654562633e-13 2.8737439358e-13
2.3596191406e+02 4.1362769716e-13 1.2649743246e-13 2.8713026471e-13
2.3602294922e+02 4.1209585477e-13 1.2559174247e-13 2.8650411231e-13
2.3608398438e+02 4.1163461191e-13 1.2555988004e-13 2.8607473187e-13
2.3614501953e+02 4.0827302952e-13 1.2461607034e-13 2.8365695917e-13
2.3620605469e+02 4.0577889115e-13 1.2354740235e-13 2.8223148880e-13
2.3626708984e+02 4.0508051151e-13 1.2325897313e-13 2.8182153837e-13
2.3632812500e+02 4.0424518603e-13 1.2297634972e-13 2.8126883630e-13
2.3638916016e+02 4.0260694233e-13 1.2264604446e-13 2.7996089787e-13
2.3645019531e+02 4.0063341747e-13 1.2215655640e-13 2.7847686107e-13
2.3651123047e+02 3.9749352053e-13 1.2150871187e-13 2.7598480866e-13
2.3657226562e+02 3.9550069732e-13 1.2072149313e-13 2.7477920419e-13
2.3663330078e+02 3.9409931362e-13 1.2047145815e-13 2.7362785546e-13
2.3669433594e+02 3.9070016990e-13 1.1934333600e-13 2.7135683389e-13
2.3675537109e+02 3.8884744188e-13 1.1883224510e-13 2.7001519678e-13
2.3681640625e+02 3.8650746460e-13 1.1818367786e-13 2.6832378674e-13
2.3687744141e+02 3.8365383334e-13 1.1690861497e-13 2.6674521837e-13
2.3693847656e+02 3.8252315871e-13 1.1620369039e-13 2.6631946832e-13
2.3699951172e+02 3.7938643720e-13 1.1518538276e-13 2.6420105443e-13
2.3706054688e+02 3.7603264596e-13 1.1405666294e-13 2.6197598302e-13
2.3712158203e+02 3.7356062568e-13 1.1338553331e-13 2.6017509237e-13
2.3718261719e+02 3.7113070339e-13 1.1278734278e-13 2.5834336060e-13
2.3724365234e+02 3.6877027901e-13 1.1254842559e-13 2.5622185342e-13
2.3730468750e+02 3.6603780604e-13 1.1196584388e-13 2.5407196216e-13
2.3736572266e+02 3.6177814483e-13 1.1057052385e-13 2.5120762098e-13
2.3742675781e+02 3.5894262550e-13 1.1021667356e-13 2.4872595195e-13
2.3748779297e+02 3.5634224926e-13 1.0921757249e-13 2.4712467677e-13
2.3754882812e+02 3.5138494291e-13 1.0762248655e-13 2.4376245636e-13
2.3760986328e+02 3.4731959180e-13 1.0687899554e-13 2.4044059626e-13
2.3767089844e+02 3.4406808001e-13 1.0575974869e-13 2.3830833133e-13
2.3773193359e+02 3.4039568626e-13 1.0489055966e-13 2.3550512660e-13
2.3779296875e+02 3.3676848981e-13 1.0411329301e-13 2.3265519680e-13
2.3785400391e+02 3.3288947094e-13 1.0299829874e-13 2.2989117219e-13
2.3791503906e+02 3.2909823795e-13 1.0204240289e-13 2.2705583506e-13
2.3797607422e+02 3.2601474385e-13 1.0130556638e-13 2.2470917746e-13
2.3803710938e+02 3.2198603094e-13 1.0024846575e-13 2.2173756518e-13
2.3809814453e+02 3.1847041627e-13 9.9569010276e-14 2.1890140600e-13
2.3815917969e+02 3.1507386990e-13 9.8381566670e-14 2.1669230323e-13
2.3822021484e+02 3.1149162426e-13 9.7283683782e-14 2.1420794048e-13
2.3828125000e+02 3.0777857375e-13 9.6448480111e-14 2.1133009364e-13
2.3834228516e+02 3.0341578868e-13 9.5485064943e-14 2.0793072373e-13
2.3840332031e+02 3.0063942356e-13 9.4662200284e-14 2.0597722328e-13
2.3846435547e+02 2.9733800892e-13 9.3928600471e-14 2.0340940845e-13
2.3852539062e+02 2.9402883133e-13 9.3000603599e-14 2.0102822774e-13
2.3858642578e+02 2.9059719769e-13 9.2287047322e-14 1.9831015037e-13
2.3864746094e+02 2.8739259284e-13 9.1224946619e-14 1.9616764622e-13
2.3870849609e+02 2.8387944849e-13 9.0030429016e-14 1.9384901947e-13
2.3876953125e+02 2.8032156437e-13 8.9481008714e-14 1.9084055566e-13
2.3883056641e+02 2.7659337248e-13 8.8675528564e-14 1.8791784391e-13
2.3889160156e+02 2.7237469910e-13 8.7541070797e-14 1.8483362830e-13
2.3895263672e+02 2.6962231020e-13 8.6927651878e-14 1.8269465832e-13
2.3901367188e+02 2.6601123451e-13 8.6105552610e-14 1.7990568190e-13
2.3907470703e+02 2.6220335372e-13 8.5257654183e-14 1.7694569953e-13
2.3913574219e+02 2.5896426676e-13 8.4528389468e-14 1.7443587729e-13
2.3919677734e+02 2.5574018061e-13 8.3427357634e-14 1.7231282298e-13
2.3925781250e+02 2.5279881484e-13 8.2741979759e-14 1.7005683508e-13
2.3931884766e+02 2.4808011693e-13 8.1189231835e-14 1.6689088509e-13
2.3937988281e+02 2.4556840568e-13 8.0983223021e-14 1.6458518266e-13
2.3944091797e+02 2.4315182566e-13 8.0624933401e-14 1.6252689226e-13
2.3950195312e+02 2.4090212267e-13 8.0167155119e-14 1.6073496755e-13
2.3956298828e+02 2.3773906158e-13 7.9301988044e-14 1.5843707354e-13
2.3962402344e+02 2.3540084044e-13 7.8682675651e-14 1.5671816479e-13
2.3968505859e+02 2.3249293277e-13 7.7707315987e-14 1.5478561678e-13
2.3974609375e+02 2.2859712734e-13 7.6529496521e-14 1.5206763081e-13
2.3980712891e+02 2.2560892197e-13 7.5753075057e-14 1.4985584691e-13
2.3986816406e+02 2.2291981900e-13 7.5588099625e-14 1.4733171937e-13
2.3992919922e+02 2.2044062535e-13 7.5215874900e-14 1.4522475045e-13
2.3999023438e+02 2.1873476696e-13 7.4326962750e-14 1.4440780421e-13
2.4005126953e+02 2.1520216433e-13 7.3089504742e-14 1.4211265959e-13
2.4011230469e+02 2.1257344832e-13 7.2338712232e-14 1.4023473609e-13
2.4017333984e+02 2.0981699132e-13 7.1934965630e-14 1.3788202569e-13
2.4023437500e+02 2.0710769893e-13 7.1371630053e-14 1.3573606887e-13
2.4029541016e+02 2.0472805656e-13 7.0556180062e-14 1.3417187650e-13
2.4035644531e+02 2.0239577101e-13 6.9836602872e-14 1.3255916813e-13
2.4041748047e+02 2.0014014545e-13 6.9464984031e-14 1.3067516142e-13
2.4047851562e+02 1.9822504425e-13 6.8997618418e-14 1.2922742583e-13
2.4053955078e+02 1.9607145031e-13 6.8348099428e-14 1.2772335088e-13
2.4060058594e+02 1.9356327185e-13 6.7587569052e-14 1.2597570280e-13
2.4066162109e+02 1.9269234810e-13 6.7460074076e-14 1.2523227402e-13
2.4072265625e+02 1.9102760171e-13 6.7222430671e-14 1.2380517104e-13
2.4078369141e+02 1.8849594817e-13 6.6434883390e-14 1.2206106478e-13
2.4084472656e+02 1.8708621530e-13 6.6065016603e-14 1.2102119869e-13
2.4090576172e+02 1.8493874312e-13 6.5472505959e-14 1.1946623716e-13
2.4096679688e+02 1.8303867851e-13 6.4734253459e-14 1.1830442505e-13
2.4102783203e+02 1.8173386810e-13 6.4511482059e-14 1.1722238604e-13
2.4108886719e+02 1.7977623015e-13 6.4094817933e-14 1.1568141221e-13
2.4114990234e+02 1.7896404417e-13 6.3574034292e-14 1.1539000987e-13
2.4121093750e+02 1.7781044750e-13 6.3490899192e-14 1.1431954831e-13
2.4127197266e+02 1.7662539728e-13 6.3366528193e-14 1.1325886908e-13
2.4133300781e+02 1.7468440126e-13 6.2963373947e-14 1.1172102732e-13
2.4139404297e+02 1.7323872778e-13 6.2738389270e-14 1.1050033851e-13
2.4145507812e+02 1.7297200346e-13 6.2356237940e-14 1.1061576552e-13
2.4151611328e+02 1.7218887191e-13 6.1921606145e-14 1.1026726577e-13
2.4157714844e+02 1.7137427837e-13 6.1764524756e-14 1.0960975361e-13
2.4163818359e+02 1.7079795662e-13 6.1802080902e-14 1.0899587572e-13
2.4169921875e+02 1.7020460020e-13 6.1728337889e-14 1.0847626231e-13
2.4176025391e+02 1.6897435682e-13 6.1029937711e-14 1.0794441910e-13
2.4182128906e+02 1.6814587862e-13 6.0784867103e-14 1.0736101151e-13
2.4188232422e+02 1.6797121167e-13 6.0730122197e-14 1.0724108948e-13
2.4194335938e+02 1.6656559817e-13 6.0278418547e-14 1.0628717962e-13
2.4200439453e+02 1.6617834990e-13 6.0061906244e-14 1.0611644365e-13
2.4206542969e+02 1.6623529392e-13 6.0060031041e-14 1.0617526288e-13
2.4212646484e+02 1.6605797598e-13 6.0064586173e-14 1.0599338981e-13
2.4218750000e+02 1.6606825188e-13 6.0268214389e-14 1.0580003749e-13
2.4224853516e+02 1.6456343939e-13 5.9708316481e-14 1.0485512291e-13
2.4230957031e+02 1.6430938976e-13 5.9333466809e-14 1.0497592295e-13
2.4237060547e+02 1.6485927878e-13 5.9817318820e-14 1.0504195996e-13
2.4243164062e+02 1.6401199984e-13 5.9394450447e-14 1.0461754939e-13
2.4249267578e+02 1.6395642325e-13 5.9273081440e-14 1.0468334181e-13
2.4255371094e+02 1.6374649753e-13 5.9322176795e-14 1.0442432073e-13
2.4261474609e+02 1.6371333613e-13 5.8991712344e-14 1.0472162379e-13
2.4267578125e+02 1.6336776154e-13 5.8934264118e-14 1.0443349742e-13
2.4273681641e+02 1.6377933908e-13 5.8842890384e-14 1.0493644870e-13
2.4279785156e+02 1.6316062474e-13 5.8369818298e-14 1.0479080644e-13
2.4285888672e+02 1.6309463820e-13 5.8305502553e-14 1.0478913565e-13
2.4291992188e+02 1.6373201761e-13 5.8277354625e-14 1.0545466299e-13
2.4298095703e+02 1.6287840995e-13 5.8219634105e-14 1.0465877585e-13
2.4304199219e+02 1.6351584293e-13 5.8433779358e-14 1.0508206358e-13
2.4310302734e+02 1.6380781939e-13 5.8735691859e-14 1.0507212753e-13
2.4316406250e+02 1.6391808354e-13 5.8642493342e-14 1.0527559019e-13
2.4322509766e+02 1.6412497938e-13 5.8444778070e-14 1.0568020131e-13
2.4328613281e+02 1.6375494537e-13 5.8503317535e-14 1.0525162784e-13
2.4334716797e+02 1.6375293542e-13 5.8561152209e-14 1.0519178322e-13
2.4340820312e+02 1.6353633251e-13 5.8217646441e-14 1.0531868606e-13
2.4346923828e+02 1.6384162397e-13 5.8330075151e-14 1.0551154882e-13
2.4353027344e+02 1.6445571512e-13 5.8267426953e-14 1.0618828817e-13
2.4359130859e+02 1.6475609266e-13 5.8257310934e-14 1.0649878173e-13
2.4365234375e+02 1.6416311503e-13 5.8099461923e-14 1.0606365311e-13
2.4371337891e+02 1.6471299566e-13 5.8266722267e-14 1.0644627339e-13
2.4377441406e+02 1.6499606487e-13 5.8325374221e-14 1.0667069065e-13
2.4383544922e+02 1.6495618848e-13 5.8487115242e-14 1.0646907324e-13
2.4389648438e+02 1.6514109392e-13 5.8583023115e-14 1.0655807080e-13
2.4395751953e+02 1.6453642673e-13 5.8450508450e-14 1.0608591828e-13
2.4401855469e+02 1.6445919611e-13 5.8036411664e-14 1.0642278445e-13
2.4407958984e+02 1.6474164993e-13 5.7955523535e-14 1.0678612639e-13
2.4414062500e+02 1.6452541844e-13 5.7949737859e-14 1.0657568058e-13
2.4420166016e+02 1.6487850997e-13 5.8156842305e-14 1.0672166767e-13
2.4426269531e+02 1.6509498759e-13 5.7978111692e-14 1.0711687590e-13
2.4432373047e+02 1.6563835600e-13 5.7924769574e-14 1.0771358642e-13
2.4438476562e+02 1.6607099440e-13 5.8230355777e-14 1.0784063862e-13
2.4444580078e+02 1.6689214505e-13 5.8300507044e-14 1.0859163800e-13
2.4450683594e+02 1.6560635142e-13 5.7816218105e-14 1.0779013331e-13
2.4456787109e+02 1.6573880099e-13 5.8063593455e-14 1.0767520754e-13
2.4462890625e+02 1.6644960598e-13 5.8136810139e-14 1.0831279584e-13
2.4468994141e+02 1.6640615287e-13 5.7855879915e-14 1.0855027295e-13
2.4475097656e+02 1.6607664489e-13 5.8024573478e-14 1.0805207141e-13
2.4481201172e+02 1.6607249696e-13 5.7944090773e-14 1.0812840619e-13
2.4487304688e+02 1.6638197330e-13 5.8129194195e-14 1.0825277910e-13
2.4493408203e+02 1.6641692693e-13 5.8023234094e-14 1.0839369284e-13
2.4499511719e+02 1.6581848016e-13 5.7740188948e-14 1.0807829122e-13
2.4505615234e+02 1.6632916852e-13 5.7752084887e-14 1.0857708363e-13
2.4511718750e+02 1.6584471733e-13 5.7770225418e-14 1.0807449191e-13
2.4517822266e+02 1.6565276949e-13 5.7603211407e-14 1.0804955808e-13
2.4523925781e+02 1.6576690505e-13 5.7666623562e-14 1.0810028148e-13
2.4530029297e+02 1.6599164767e-13 5.7589705042e-14 1.0840194263e-13
2.4536132812e+02 1.6593025130e-13 5.7528328521e-14 1.0840192278e-13
2.4542236328e+02 1.6581726214e-13 5.7484285901e-14 1.0833297624e-13
2.4548339844e+02 1.6605993734e-13 5.7633701358e-14 1.0842623599e-13
2.4554443359e+02 1.6551302511e-13 5.7558030440e-14 1.0795499467e-13
2.4560546875e+02 1.6523633757e-13 5.7489108783e-14 1.0774722879e-13
2.4566650391e+02 1.6529500702e-13 5.7480937692e-14 1.0781406933e-13
2.4572753906e+02 1.6471641852e-13 5.7262134877e-14 1.0745428364e-13
2.4578857422e+02 1.6469969198e-13 5.7260536866e-14 1.0743915512e-13
2.4584960938e+02 1.6428554672e-13 5.7073121085e-14 1.0721242563e-13
2.4591064453e+02 1.6375759366e-13 5.6951588079e-14 1.0680600558e-13
2.4597167969e+02 1.6339451023e-13 5.6898157636e-14 1.0649635259e-13
2.4603271484e+02 1.6269387936e-13 5.6676330890e-14 1.0601754847e-13
2.4609375000e+02 1.6297937180e-13 5.6811226085e-14 1.0616814572e-13
2.4615478516e+02 1.6249434350e-13 5.6338144129e-14 1.0615619937e-13
2.4621582031e+02 1.6173992039e-13 5.6044700851e-14 1.0569521954e-13
2.4627685547e+02 1.6205062661e-13 5.6484614445e-14 1.0556601217e-13
2.4633789062e+02 1.6132943764e-13 5.6457248999e-14 1.0487218864e-13
2.4639892578e+02 1.6064468280e-13 5.6301292340e-14 1.0434339046e-13
2.4645996094e+02 1.6100551420e-13 5.6532460778e-14 1.0447305342e-13
2.4652099609e+02 1.6047881918e-13 5.6387951260e-14 1.0409086792e-13
2.4658203125e+02 1.6076372234e-13 5.6302573950e-14 1.0446114839e-13
2.4664306641e+02 1.6088472571e-13 5.6319785481e-14 1.0456494023e-13
2.4670410156e+02 1.5994943285e-13 5.6177047340e-14 1.0377238551e-13
2.4676513672e+02 1.5877243929e-13 5.5663067607e-14 1.0310937168e-13
2.4682617188e+02 1.5902800253e-13 5.5629119248e-14 1.0339888328e-13
2.4688720703e+02 1.5874198879e-13 5.5937272826e-14 1.0280471597e-13
2.4694824219e+02 1.5865555754e-13 5.5642982390e-14 1.0301257515e-13
2.4700927734e+02 1.5866736937e-13 5.5686910007e-14 1.0298045936e-13
2.4707031250e+02 1.5821150560e-13 5.5771940236e-14 1.0243956537e-13
2.4713134766e+02 1.5783409555e-13 5.5792002808e-14 1.0204209274e-13
2.4719238281e+02 1.5746142695e-13 5.5728504776e-14 1.0173292217e-13
2.4725341797e+02 1.5672014272e-13 5.5514657164e-14 1.0120548555e-13
2.4731445312e+02 1.5600193500e-13 5.5281679047e-14 1.0072025595e-13
2.4737548828e+02 1.5563107376e-13 5.5185739654e-14 1.0044533411e-13
2.4743652344e+02 1.5571539406e-13 5.5444228378e-14 1.0027116568e-13
2.4749755859e+02 1.5564153697e-13 5.5485318451e-14 1.0015621852e-13
2.4755859375e+02 1.5529629581e-13 5.5245883246e-14 1.0005041256e-13
2.4761962891e+02 1.5469418150e-13 5.5146390125e-14 9.9547791372e-14
2.4768066406e+02 1.5402373443e-13 5.4792829649e-14 9.9230904782e-14
2.4774169922e+02 1.5333919090e-13 5.4908131048e-14 9.8431059849e-14
2.4780273438e+02 1.5297345932e-13 5.5055473445e-14 9.7917985877e-14
2.4786376953e+02 1.5279246872e-13 5.4935466710e-14 9.7857002012e-14
2.4792480469e+02 1.5240489100e-13 5.4846602917e-14 9.7558288086e-14
2.4798583984e+02 1.5175307575e-13 5.4635144505e-14 9.7117931240e-14
2.4804687500e+02 1.5103912717e-13 5.4407335801e-14 9.6631791368e-14
2.4810791016e+02 1.5055368829e-13 5.4100711888e-14 9.6452976407e-14
2.4816894531e+02 1.4964163108e-13 5.3980045391e-14 9.5661585694e-14
2.4822998047e+02 1.4969780122e-13 5.4375720351e-14 9.5322080867e-14
2.4829101562e+02 1.4892602682e-13 5.4044374538e-14 9.4881652286e-14
2.4835205078e+02 1.4807822772e-13 5.3829320444e-14 9.4248907272e-14
2.4841308594e+02 1.4785989700e-13 5.3533459100e-14 9.4326437902e-14
2.4847412109e+02 1.4712402920e-13 5.3610261101e-14 9.3513768097e-14
2.4853515625e+02 1.4742444026e-13 5.3724398510e-14 9.3700041745e-14
2.4859619141e+02 1.4620749216e-13 5.3378400225e-14 9.2829091937e-14
2.4865722656e+02 1.4589017810e-13 5.3415521158e-14 9.2474656937e-14
2.4871826172e+02 1.4556629300e-13 5.3184611961e-14 9.2381681037e-14
2.4877929688e+02 1.4529836518e-13 5.3179344029e-14 9.2119021152e-14
2.4884033203e+02 1.4527964754e-13 5.3138515163e-14 9.2141132379e-14
2.4890136719e+02 1.4451032718e-13 5.2935907003e-14 9.1574420178e-14
2.4896240234e+02 1.4461157026e-13 5.2961749771e-14 9.1649820486e-14
2.4902343750e+02 1.4463954352e-13 5.3247653940e-14 9.1391889581e-14
2.4908447266e+02 1.4386291294e-13 5.3241628509e-14 9.0621284427e-14
2.4914550781e+02 1.4334068388e-13 5.2866667245e-14 9.0474016633e-14
2.4920654297e+02 1.4276705900e-13 5.2562377996e-14 9.0204681008e-14
2.4926757812e+02 1.4243499044e-13 5.2616199471e-14 8.9818790970e-14
2.4932861328e+02 1.4186989232e-13 5.2581150212e-14 8.9288742107e-14
2.4938964844e+02 1.4218693656e-13 5.2531610690e-14 8.9655325871e-14
2.4945068359e+02 1.4168534589e-13 5.2126265519e-14 8.9559080368e-14
2.4951171875e+02 1.4086755240e-13 5.1846103371e-14 8.9021449030e-14
2.4957275391e+02 1.4045629598e-13 5.1990280442e-14 8.8466015534e-14
2.4963378906e+02 1.4086896849e-13 5.2269682090e-14 8.8599286396e-14
2.4969482422e+02 1.4026555439e-13 5.2040852935e-14 8.8224701458e-14
2.4975585938e+02 1.3970207272e-13 5.1814887243e-14 8.7887185475e-14
2.4981689453e+02 1.3941315204e-13 5.1594119832e-14 8.7819032209e-14
2.4987792969e+02 1.3907859938e-13 5.1531470822e-14 8.7547128555e-14
2.4993896484e+02 1.3875301825e-13 5.1593442836e-14 8.7159575413e-14
2.5000000000e+02 1.3890265225e-13 5.1620796325e-14 8.7281855921e-14
2.5006103516e+02 1.3881874419e-13 5.1603156629e-14 8.7215587559e-14
2.5012207031e+02 1.3845640927e-13 5.1572143936e-14 8.6884265338e-14
2.5018310547e+02 1.3831873939e-13 5.1499354384e-14 8.6819385004e-14
2.5024414062e+02 1.3807303159e-13 5.1257882200e-14 8.6815149392e-14
2.5030517578e+02 1.3749439544e-13 5.1006529635e-14 8.6487865806e-14
2.5036621094e+02 1.3764173848e-13 5.0892790232e-14 8.6748948246e-14
2.5042724609e+02 1.3797897070e-13 5.0952818262e-14 8.7026152441e-14
2.5048828125e+02 1.3743293768e-13 5.0642551652e-14 8.6790386028e-14
2.5054931641e+02 1.3746824640e-13 5.0713904788e-14 8.6754341613e-14
2.5061035156e+02 1.3725779739e-13 5.0660207960e-14 8.6597589425e-14
2.5067138672e+02 1.3664689470e-13 5.0195448333e-14 8.6451446362e-14
2.5073242188e+02 1.3674226742e-13 5.0433144190e-14 8.6309123234e-14
2.5079345703e+02 1.3683943053e-13 5.0580198203e-14 8.6259232324e-14
2.5085449219e+02 1.3642868535e-13 5.0109652539e-14 8.6319032810e-14
2.5091552734e+02 1.3626500424e-13 5.0140072761e-14 8.6124931483e-14
2.5097656250e+02 1.3571839402e-13 5.0111127558e-14 8.5607266460e-14
2.5103759766e+02 1.3532596597e-13 4.9877115213e-14 8.5448850753e-14
2.5109863281e+02 1.3532127723e-13 4.9748420816e-14 8.5572856410e-14
2.5115966797e+02 1.3551369619e-13 4.9816144413e-14 8.5697551780e-14
2.5122070312e+02 1.3585218532e-13 4.9843013770e-14 8.6009171553e-14
2.5128173828e+02 1.3543088569e-13 4.9667423410e-14 8.5763462277e-14
2.5134277344e+02 1.3512642599e-13 4.9816548931e-14 8.5309877060e-14
2.5140380859e+02 1.3559170058e-13 5.0214905391e-14 8.5376795192e-14
2.5146484375e+02 1.3594723309e-13 4.9957600815e-14 8.5989632272e-14
2.5152587891e+02 1.3611707239e-13 5.0009984703e-14 8.6107087682e-14
2.5158691406e+02 1.3612852620e-13 4.9832814486e-14 8.6295711715e-14
2.5164794922e+02 1.3573387654e-13 4.9943487386e-14 8.5790389149e-14
2.5170898438e+02 1.3575288351e-13 4.9695327862e-14 8.6057555647e-14
2.5177001953e+02 1.3558895648e-13 4.9602518631e-14 8.5986437851e-14
2.5183105469e+02 1.3566845966e-13 4.9888944005e-14 8.5779515657e-14
2.5189208984e+02 1.3560999006e-13 4.9672196033e-14 8.5937794029e-14
2.5195312500e+02 1.3466111154e-13 4.9392715060e-14 8.5268396481e-14
2.5201416016e+02 1.3507264650e-13 4.9480320939e-14 8.5592325564e-14
2.5207519531e+02 1.3557518525e-13 4.9467829738e-14 8.6107355509e-14
2.5213623047e+02 1.3537881672e-13 4.9355601337e-14 8.6023215387e-14
2.5219726562e+02 1.3505568060e-13 4.9035587664e-14 8.6020092938e-14
2.5225830078e+02 1.3509512067e-13 4.9276575518e-14 8.5818545154e-14
2.5231933594e+02 1.3526788907e-13 4.9557842045e-14 8.5710047020e-14
2.5238037109e+02 1.3477506846e-13 4.9056050529e-14 8.5719017931e-14
2.5244140625e+02 1.3477030400e-13 4.9075981536e-14 8.5694322462e-14
2.5250244141e+02 1.3431493039e-13 4.8827075980e-14 8.5487854407e-14
2.5256347656e+02 1.3421107474e-13 4.8875114784e-14 8.5335959958e-14
2.5262451172e+02 1.3413246738e-13 4.8863130051e-14 8.5269337330e-14
2.5268554688e+02 1.3423613280e-13 4.8859307071e-14 8.5376825731e-14
2.5274658203e+02 1.3400431660e-13 4.8682191339e-14 8.5322125262e-14
2.5280761719e+02 1.3357635349e-13 4.8428468900e-14 8.5147884586e-14
2.5286865234e+02 1.3390701308e-13 4.8630918984e-14 8.5276094094e-14
2.5292968750e+02 1.3340664343e-13 4.8106404778e-14 8.5300238648e-14
2.5299072266e+02 1.3290063398e-13 4.8022935572e-14 8.4877698410e-14
2.5305175781e+02 1.3316416919e-13 4.8282572367e-14 8.4881596823e-14
2.5311279297e+02 1.3309610766e-13 4.8185796237e-14 8.4910311420e-14
2.5317382812e+02 1.3287310844e-13 4.8128949639e-14 8.4744158798e-14
2.5323486328e+02 1.3276900145e-13 4.7834917845e-14 8.4934083607e-14
2.5329589844e+02 1.3235358999e-13 4.7721245570e-14 8.4632344418e-14
2.5335693359e+02 1.3229479374e-13 4.7674734520e-14 8.4620059224e-14
2.5341796875e+02 1.3226093497e-13 4.7754936521e-14 8.4505998452e-14
2.5347900391e+02 1.3175458951e-13 4.7506096733e-14 8.4248492775e-14
2.5354003906e+02 1.3076719139e-13 4.7321979697e-14 8.3445211691e-14
2.5360107422e+02 1.3053976968e-13 4.7367661121e-14 8.3172108555e-14
2.5366210938e+02 1.3034104427e-13 4.7206652013e-14 8.3134392255e-14
2.5372314453e+02 1.3017679481e-13 4.6913349563e-14 8.3263445252e-14
2.5378417969e+02 1.3030155253e-13 4.6871792555e-14 8.3429759976e-14
2.5384521484e+02 1.2933134965e-13 4.6607599345e-14 8.2723750310e-14
2.5390625000e+02 1.2929394740e-13 4.6785453785e-14 8.2508493611e-14
2.5396728516e+02 1.2893399037e-13 4.6849589799e-14 8.2084400571e-14
2.5402832031e+02 1.2831300158e-13 4.6560769470e-14 8.1752232111e-14
2.5408935547e+02 1.2825435452e-13 4.6579140868e-14 8.1675213655e-14
2.5415039062e+02 1.2795063058e-13 4.6718244678e-14 8.1232385906e-14
2.5421142578e+02 1.2740273063e-13 4.6515592198e-14 8.0887138431e-14
2.5427246094e+02 1.2637679140e-13 4.6056406812e-14 8.0320384591e-14
2.5433349609e+02 1.2641700125e-13 4.5943437324e-14 8.0473563924e-14
2.5439453125e+02 1.2565278561e-13 4.5803067712e-14 7.9849717903e-14
2.5445556641e+02 1.2486366599e-13 4.5451420830e-14 7.9412245157e-14
2.5451660156e+02 1.2425281566e-13 4.5255332852e-14 7.8997482812e-14
2.5457763672e+02 1.2373948305e-13 4.5132589775e-14 7.8606893278e-14
2.5463867188e+02 1.2374784685e-13 4.5453560271e-14 7.8294286581e-14
2.5469970703e+02 1.2301256931e-13 4.5264369639e-14 7.7748199672e-14
2.5476074219e+02 1.2216669658e-13 4.4807632391e-14 7.7359064186e-14
2.5482177734e+02 1.2161802440e-13 4.4617089019e-14 7.7000935382e-14
2.5488281250e+02 1.2085387144e-13 4.4430970643e-14 7.6422900792e-14
2.5494384766e+02 1.2130061515e-13 4.4671461549e-14 7.6629153606e-14
2.5500488281e+02 1.2060096802e-13 4.4515444213e-14 7.6085523802e-14
2.5506591797e+02 1.1962846559e-13 4.4257544464e-14 7.5370921125e-14
2.5512695312e+02 1.1934112457e-13 4.4119549528e-14 7.5221575046e-14
2.5518798828e+02 1.1927462205e-13 4.3967712661e-14 7.5306909387e-14
2.5524902344e+02 1.1845449270e-13 4.3687999936e-14 7.4766492761e-14
2.5531005859e+02 1.1759832766e-13 4.3447576147e-14 7.4150751511e-14
2.5537109375e+02 1.1734082625e-13 4.3604321769e-14 7.3736504479e-14
2.5543212891e+02 1.1680082077e-13 4.3357528242e-14 7.3443292526e-14
2.5549316406e+02 1.1646142879e-13 4.3092265650e-14 7.3369163142e-14
2.5555419922e+02 1.1600117040e-13 4.2950215074e-14 7.3050955326e-14
2.5561523438e+02 1.1522497773e-13 4.2754262081e-14 7.2470715648e-14
2.5567626953e+02 1.1427399337e-13 4.2434477742e-14 7.1839515630e-14
2.5573730469e+02 1.1369461362e-13 4.2770075458e-14 7.0924538158e-14
2.5579833984e+02 1.1316024533e-13 4.2539618625e-14 7.0620626705e-14
2.5585937500e+02 1.1286289017e-13 4.2442896416e-14 7.0419993752e-14
2.5592041016e+02 1.1210390077e-13 4.2272754029e-14 6.9831146738e-14
2.5598144531e+02 1.1167860667e-13 4.2008232098e-14 6.9670374575e-14
2.5604248047e+02 1.1102577815e-13 4.1772357880e-14 6.9253420274e-14
2.5610351562e+02 1.1012756801e-13 4.1572496490e-14 6.8555071524e-14
2.5616455078e+02 1.0987669818e-13 4.1729842689e-14 6.8146855494e-14
2.5622558594e+02 1.0949201583e-13 4.1742384978e-14 6.7749630855e-14
2.5628662109e+02 1.0869172461e-13 4.1315235915e-14 6.7376488691e-14
2.5634765625e+02 1.0836734286e-13 4.1221165666e-14 6.7146177193e-14
2.5640869141e+02 1.0773175260e-13 4.1112492118e-14 6.6619260483e-14
2.5646972656e+02 1.0764040201e-13 4.1193970009e-14 6.6446431999e-14
2.5653076172e+02 1.0662996519e-13 4.0948282963e-14 6.5681682224e-14
2.5659179688e+02 1.0598227531e-13 4.0585075084e-14 6.5397200224e-14
2.5665283203e+02 1.0594412266e-13 4.0616577112e-14 6.5327545549e-14
2.5671386719e+02 1.0562550583e-13 4.0509035002e-14 6.5116470830e-14
2.5677490234e+02 1.0512933114e-13 4.0605908805e-14 6.4523422339e-14
2.5683593750e+02 1.0477346702e-13 4.0259578951e-14 6.4513888069e-14
2.5689697266e+02 1.0442162772e-13 4.0224541626e-14 6.4197086093e-14
2.5695800781e+02 1.0400057766e-13 4.0206970849e-14 6.3793606814e-14
2.5701904297e+02 1.0365164380e-13 4.0407075435e-14 6.3244568366e-14
2.5708007812e+02 1.0284105544e-13 4.0187935564e-14 6.2653119878e-14
2.5714111328e+02 1.0218543864e-13 3.9747940428e-14 6.2437498207e-14
2.5720214844e+02 1.0181290073e-13 3.9641357293e-14 6.2171543441e-14
2.5726318359e+02 1.0160189906e-13 3.9581414291e-14 6.2020484766e-14
2.5732421875e+02 1.0133565197e-13 3.9581376748e-14 6.1754275224e-14
2.5738525391e+02 1.0110676730e-13 3.9813948838e-14 6.1292818463e-14
2.5744628906e+02 1.0052495567e-13 3.9676481751e-14 6.0848473916e-14
2.5750732422e+02 1.0046422409e-13 3.9242506560e-14 6.1221717528e-14
2.5756835938e+02 9.9709047551e-14 3.9115244608e-14 6.0593802943e-14
2.5762939453e+02 9.9766584217e-14 3.9253085109e-14 6.0513499108e-14
2.5769042969e+02 9.9533593075e-14 3.9002551487e-14 6.0531041588e-14
2.5775146484e+02 9.9298578617e-14 3.9077259343e-14 6.0221319274e-14
2.5781250000e+02 9.9362684832e-14 3.9213219280e-14 6.0149465552e-14
2.5787353516e+02 9.8496009969e-14 3.8865605801e-14 5.9630404168e-14
2.5793457031e+02 9.8334112062e-14 3.8927557109e-14 5.9406554954e-14
2.5799560547e+02 9.8054981240e-14 3.8725930244e-14 5.9329050996e-14
2.5805664062e+02 9.7885315166e-14 3.8704309133e-14 5.9181006033e-14
2.5811767578e+02 9.7114217119e-14 3.8594350666e-14 5.8519866453e-14
2.5817871094e+02 9.7215954889e-14 3.8593579414e-14 5.8622375475e-14
2.5823974609e+02 9.6912921870e-14 3.8662850501e-14 5.8250071369e-14
2.5830078125e+02 9.6975116946e-14 3.8693465537e-14 5.8281651409e-14
2.5836181641e+02 9.6570985815e-14 3.8402044683e-14 5.8168941132e-14
2.5842285156e+02 9.6581598354e-14 3.8571585612e-14 5.8010012742e-14
2.5848388672e+02 9.5996339143e-14 3.8380449746e-14 5.7615889397e-14
2.5854492188e+02 9.5541141512e-14 3.8255720694e-14 5.7285420818e-14
2.5860595703e+02 9.5792123632e-14 3.8443435192e-14 5.7348688440e-14
2.5866699219e+02 9.5452090877e-14 3.8092772473e-14 5.7359318404e-14
2.5872802734e+02 9.4987988733e-14 3.7887710016e-14 5.7100278717e-14
2.5878906250e+02 9.5065457716e-14 3.7835545114e-14 5.7229912602e-14
2.5885009766e+02 9.4973442344e-14 3.7732576608e-14 5.7240865737e-14
2.5891113281e+02 9.5009804068e-14 3.7802600648e-14 5.7207203420e-14
2.5897216797e+02 9.4368787454e-14 3.7731256541e-14 5.6637530913e-14
2.5903320312e+02 9.4308977180e-14 3.7636487042e-14 5.6672490139e-14
2.5909423828e+02 9.4564018469e-14 3.7659041135e-14 5.6904977334e-14
2.5915527344e+02 9.4611165151e-14 3.7755534910e-14 5.6855630240e-14
2.5921630859e+02 9.4792820710e-14 3.7756169128e-14 5.7036651582e-14
2.5927734375e+02 9.4321960495e-14 3.7533064124e-14 5.6788896371e-14
2.5933837891e+02 9.4150890356e-14 3.7682632542e-14 5.6468257814e-14
2.5939941406e+02 9.4241887652e-14 3.7511934366e-14 5.6729953287e-14
2.5946044922e+02 9.3864332533e-14 3.7382250947e-14 5.6482081586e-14
2.5952148438e+02 9.3622303980e-14 3.7345148274e-14 5.6277155706e-14
2.5958251953e+02 9.3278823638e-14 3.7228633029e-14 5.6050190608e-14
2.5964355469e+02 9.3234059120e-14 3.7348533518e-14 5.5885525602e-14
2.5970458984e+02 9.3423836302e-14 3.7358788564e-14 5.6065047738e-14
2.5976562500e+02 9.3304033803e-14 3.7409988111e-14 5.5894045692e-14
2.5982666016e+02 9.3087965253e-14 3.7537005138e-14 5.5550960115e-14
2.5988769531e+02 9.3630391722e-14 3.7566852112e-14 5.6063539610e-14
2.5994873047e+02 9.3277223717e-14 3.7222128375e-14 5.6055095342e-14
2.6000976562e+02 9.3162176478e-14 3.6987733166e-14 5.6174443312e-14
2.6007080078e+02 9.3171969252e-14 3.7062899405e-14 5.6109069846e-14
2.6013183594e+02 9.2995394498e-14 3.6933977624e-14 5.6061416874e-14
2.6019287109e+02 9.3114654405e-14 3.6740090660e-14 5.6374563745e-14
2.6025390625e+02 9.2844775061e-14 3.6532468903e-14 5.6312306158e-14
2.6031494141e+02 9.2763045381e-14 3.6734929632e-14 5.6028115749e-14
2.6037597656e+02 9.2787187555e-14 3.6843295243e-14 5.5943892312e-14
2.6043701172e+02 9.2522156183e-14 3.6684952157e-14 5.5837204026e-14
2.6049804688e+02 9.1918420127e-14 3.6595599845e-14 5.5322820282e-14
2.6055908203e+02 9.2400722976e-14 3.6588332956e-14 5.5812390020e-14
2.6062011719e+02 9.2214364762e-14 3.6331901179e-14 5.5882463583e-14
2.6068115234e+02 9.1827528554e-14 3.6429904808e-14 5.5397623747e-14
2.6074218750e+02 9.1643997247e-14 3.6325172142e-14 5.5318825106e-14
2.6080322266e+02 9.1279349819e-14 3.6233262182e-14 5.5046087637e-14
2.6086425781e+02 9.1173721887e-14 3.6060424546e-14 5.5113297341e-14
2.6092529297e+02 9.0582546354e-14 3.5950714767e-14 5.4631831587e-14
2.6098632812e+02 9.0595885919e-14 3.6227989823e-14 5.4367896096e-14
2.6104736328e+02 9.0493542167e-14 3.6135515348e-14 5.4358026819e-14
2.6110839844e+02 9.0269725151e-14 3.6104133361e-14 5.4165591790e-14
2.6116943359e+02 9.0176573666e-14 3.6083226327e-14 5.4093347339e-14
2.6123046875e+02 8.9741086501e-14 3.5663223718e-14 5.4077862783e-14
2.6129150391e+02 8.9442767937e-14 3.5639664558e-14 5.3803103378e-14
2.6135253906e+02 8.9364344486e-14 3.5627085374e-14 5.3737259112e-14
2.6141357422e+02 8.9313966119e-14 3.5619205032e-14 5.3694761086e-14
2.6147460938e+02 8.9049219037e-14 3.5539640340e-14 5.3509578697e-14
2.6153564453e+02 8.8673633681e-14 3.5537115890e-14 5.3136517791e-14
2.6159667969e+02 8.8502946854e-14 3.5491766468e-14 5.3011180386e-14
2.6165771484e+02 8.8193373949e-14 3.5165285073e-14 5.3028088876e-14
2.6171875000e+02 8.8047280367e-14 3.4999166240e-14 5.3048114128e-14
2.6177978516e+02 8.7908943760e-14 3.5010273348e-14 5.2898670413e-14
2.6184082031e+02 8.7502784045e-14 3.4902206869e-14 5.2600577176e-14
2.6190185547e+02 8.7137809737e-14 3.4958827612e-14 5.2178982124e-14
2.6196289062e+02 8.6426846069e-14 3.4571879555e-14 5.1854966514e-14
2.6202392578e+02 8.6300726041e-14 3.4594596304e-14 5.1706129737e-14
2.6208496094e+02 8.6242403499e-14 3.4633137447e-14 5.1609266053e-14
2.6214599609e+02 8.5861082452e-14 3.4523939518e-14 5.1337142934e-14
2.6220703125e+02 8.5342342055e-14 3.4432700312e-14 5.0909641743e-14
2.6226806641e+02 8.5033005490e-14 3.4387846493e-14 5.0645158997e-14
2.6232910156e+02 8.4876735295e-14 3.4431947763e-14 5.0444787532e-14
2.6239013672e+02 8.4260624219e-14 3.4046069263e-14 5.0214554955e-14
2.6245117188e+02 8.3716527156e-14 3.3932895752e-14 4.9783631404e-14
2.6251220703e+02 8.3586409222e-14 3.4029453986e-14 4.9556955236e-14
2.6257324219e+02 8.3164293114e-14 3.3743737281e-14 4.9420555833e-14
2.6263427734e+02 8.2614504653e-14 3.3416247810e-14 4.9198256843e-14
2.6269531250e+02 8.2177219464e-14 3.3373487020e-14 4.8803732444e-14
2.6275634766e+02 8.2200711845e-14 3.3525165247e-14 4.8675546598e-14
2.6281738281e+02 8.1584603416e-14 3.3258111700e-14 4.8326491716e-14
2.6287841797e+02 8.1305878470e-14 3.3061498935e-14 4.8244379535e-14
2.6293945312e+02 8.0529728021e-14 3.2939922501e-14 4.7589805520e-14
2.6300048828e+02 8.0257792114e-14 3.2894018976e-14 4.7363773138e-14
2.6306152344e+02 7.9876980911e-14 3.2796251947e-14 4.7080728964e-14
2.6312255859e+02 7.9638113376e-14 3.2708431904e-14 4.6929681472e-14
2.6318359375e+02 7.9174062458e-14 3.2546991327e-14 4.6627071132e-14
2.6324462891e+02 7.8491697603e-14 3.2384744709e-14 4.6106952894e-14
2.6330566406e+02 7.7970625501e-14 3.2251200512e-14 4.5719424989e-14
2.6336669922e+02 7.7441345422e-14 3.2300266226e-14 4.5141079196e-14
2.6342773438e+02 7.7152955426e-14 3.2122362086e-14 4.5030593340e-14
2.6348876953e+02 7.6952400601e-14 3.1932899555e-14 4.5019501047e-14
2.6354980469e+02 7.6631033629e-14 3.1922423961e-14 4.4708609668e-14
2.6361083984e+02 7.6116509118e-14 3.1700279981e-14 4.4416229137e-14
2.6367187500e+02 7.5506129405e-14 3.1522744500e-14 4.3983384905e-14
2.6373291016e+02 7.5207940039e-14 3.1537908212e-14 4.3670031827e-14
2.6379394531e+02 7.4691331376e-14 3.1320127991e-14 4.3371203385e-14
2.6385498047e+02 7.4365326787e-14 3.1138428634e-14 4.3226898153e-14
2.6391601562e+02 7.4036489720e-14 3.1019414012e-14 4.3017075708e-14
2.6397705078e+02 7.3447073424e-14 3.0912074610e-14 4.2534998815e-14
2.6403808594e+02 7.2546463552e-14 3.0626433260e-14 4.1920030292e-14
2.6409912109e+02 7.2529203682e-14 3.0726961119e-14 4.1802242563e-14
2.6416015625e+02 7.2166704713e-14 3.0723095383e-14 4.1443609330e-14
2.6422119141e+02 7.1684980770e-14 3.0536499941e-14 4.1148480828e-14
2.6428222656e+02 7.1253478776e-14 3.0290682133e-14 4.0962796643e-14
2.6434326172e+02 7.0756531344e-14 3.0167256075e-14 4.0589275269e-14
2.6440429688e+02 6.9967488515e-14 2.9900591802e-14 4.0066896713e-14
2.6446533203e+02 6.9632205244e-14 2.9951157150e-14 3.9681048094e-14
2.6452636719e+02 6.9214257024e-14 2.9830718544e-14 3.9383538480e-14
2.6458740234e+02 6.9487902029e-14 3.0186146663e-14 3.9301755366e-14
2.6464843750e+02 6.8914735156e-14 2.9868068729e-14 3.9046666427e-14
2.6470947266e+02 6.8304237868e-14 2.9667000921e-14 3.8637236948e-14
2.6477050781e+02 6.7871650796e-14 2.9553738534e-14 3.8317912262e-14
2.6483154297e+02 6.7608371093e-14 2.9490036886e-14 3.8118334207e-14
2.6489257812e+02 6.7153427080e-14 2.9348680341e-14 3.7804746739e-14
2.6495361328e+02 6.6618479701e-14 2.9094086635e-14 3.7524393066e-14
2.6501464844e+02 6.6338904569e-14 2.9027804888e-14 3.7311099681e-14
2.6507568359e+02 6.5963291226e-14 2.8948934426e-14 3.7014356800e-14
2.6513671875e+02 6.5593735270e-14 2.8870243739e-14 3.6723491531e-14
2.6519775391e+02 6.5487240969e-14 2.8851556165e-14 3.6635684804e-14
2.6525878906e+02 6.5049577556e-14 2.8662584007e-14 3.6386993549e-14
2.6531982422e+02 6.4909944803e-14 2.8748277428e-14 3.6161667375e-14
2.6538085938e+02 6.4200844152e-14 2.8544500285e-14 3.5656343866e-14
2.6544189453e+02 6.4013185630e-14 2.8519231795e-14 3.5493953836e-14
2.6550292969e+02 6.3737810365e-14 2.8496322129e-14 3.5241488236e-14
2.6556396484e+02 6.3254634915e-14 2.8467819215e-14 3.4786815700e-14
2.6562500000e+02 6.2944201795e-14 2.8319673989e-14 3.4624527806e-14
2.6568603516e+02 6.2536518394e-14 2.8138110594e-14 3.4398407799e-14
2.6574707031e+02 6.2263497505e-14 2.8086789930e-14 3.4176707576e-14
2.6580810547e+02 6.1997476986e-14 2.7871870269e-14 3.4125606717e-14
2.6586914062e+02 6.1608672031e-14 2.7701757444e-14 3.3906914587e-14
2.6593017578e+02 6.1526856245e-14 2.7756237316e-14 3.3770618929e-14
2.6599121094e+02 6.1214945270e-14 2.7636162695e-14 3.3578782576e-14
2.6605224609e+02 6.0987793696e-14 2.7674572889e-14 3.3313220807e-14
2.6611328125e+02 6.0861448281e-14 2.7668869959e-14 3.3192578322e-14
2.6617431641e+02 6.0561066777e-14 2.7539288689e-14 3.3021778088e-14
2.6623535156e+02 6.0435119415e-14 2.7510525131e-14 3.2924594284e-14
2.6629638672e+02 6.0108553425e-14 2.7380087273e-14 3.2728466152e-14
2.6635742188e+02 5.9562608479e-14 2.7159427043e-14 3.2403181435e-14
2.6641845703e+02 5.9367623049e-14 2.7093628503e-14 3.2273994546e-14
2.6647949219e+02 5.9266085743e-14 2.7100892711e-14 3.2165193031e-14
2.6654052734e+02 5.9220752911e-14 2.7157383606e-14 3.2063369304e-14
2.6660156250e+02 5.8924231122e-14 2.7149160540e-14 3.1775070582e-14
2.6666259766e+02 5.8682312040e-14 2.7020609465e-14 3.1661702574e-14
2.6672363281e+02 5.8645720385e-14 2.7051845204e-14 3.1593875181e-14
2.6678466797e+02 5.8330137596e-14 2.6964500106e-14 3.1365637490e-14
2.6684570312e+02 5.8242216461e-14 2.6950504128e-14 3.1291712333e-14
2.6690673828e+02 5.7944771625e-14 2.6815885375e-14 3.1128886250e-14
2.6696777344e+02 5.7740037287e-14 2.6743925249e-14 3.0996112038e-14
2.6702880859e+02 5.7559029575e-14 2.6733362418e-14 3.0825667157e-14
2.6708984375e+02 5.7415391202e-14 2.6527080052e-14 3.0888311150e-14
2.6715087891e+02 5.7404488502e-14 2.6559229714e-14 3.0845258788e-14
2.6721191406e+02 5.7323996110e-14 2.6638242778e-14 3.0685753332e-14
2.6727294922e+02 5.6866295135e-14 2.6490667180e-14 3.0375627955e-14
2.6733398438e+02 5.6587403585e-14 2.6374184013e-14 3.0213219571e-14
2.6739501953e+02 5.6550298248e-14 2.6334307440e-14 3.0215990809e-14
2.6745605469e+02 5.6279532323e-14 2.6151797352e-14 3.0127734971e-14
2.6751708984e+02 5.6393158750e-14 2.6217393279e-14 3.0175765471e-14
2.6757812500e+02 5.6170017095e-14 2.6236523027e-14 2.9933494068e-14
2.6763916016e+02 5.6034017924e-14 2.6239941741e-14 2.9794076183e-14
2.6770019531e+02 5.5972977234e-14 2.6241191852e-14 2.9731785382e-14
2.6776123047e+02 5.5902471059e-14 2.6266304372e-14 2.9636166687e-14
2.6782226562e+02 5.6002336149e-14 2.6348619462e-14 2.9653716686e-14
2.6788330078e+02 5.5555573964e-14 2.6056917529e-14 2.9498656435e-14
2.6794433594e+02 5.5470210563e-14 2.6008761840e-14 2.9461448723e-14
2.6800537109e+02 5.5225889836e-14 2.5964058940e-14 2.9261830895e-14
2.6806640625e+02 5.5207052399e-14 2.6067689657e-14 2.9139362742e-14
2.6812744141e+02 5.5086400867e-14 2.5888748391e-14 2.9197652475e-14
2.6818847656e+02 5.4965367298e-14 2.5851841792e-14 2.9113525506e-14
2.6824951172e+02 5.5101116670e-14 2.5885113962e-14 2.9216002709e-14
2.6831054688e+02 5.4984804162e-14 2.5739875633e-14 2.9244928529e-14
2.6837158203e+02 5.4880733363e-14 2.5677107190e-14 2.9203626174e-14
2.6843261719e+02 5.4828064027e-14 2.5709157276e-14 2.9118906752e-14
2.6849365234e+02 5.4783577941e-14 2.5767787232e-14 2.9015790709e-14
2.6855468750e+02 5.4648544592e-14 2.5702520317e-14 2.8946024275e-14
2.6861572266e+02 5.4724802181e-14 2.5731672765e-14 2.8993129417e-14
2.6867675781e+02 5.4769486555e-14 2.5654853599e-14 2.9114632956e-14
2.6873779297e+02 5.4624721769e-14 2.5716298307e-14 2.8908423462e-14
2.6879882812e+02 5.4552302820e-14 2.5809296877e-14 2.8743005943e-14
2.6885986328e+02 5.4638149200e-14 2.5705036117e-14 2.8933113084e-14
2.6892089844e+02 5.4314809121e-14 2.5616184433e-14 2.8698624687e-14
2.6898193359e+02 5.4319812152e-14 2.5566528350e-14 2.8753283801e-14
2.6904296875e+02 5.4092058925e-14 2.5472195520e-14 2.8619863404e-14
2.6910400391e+02 5.4168216231e-14 2.5389925126e-14 2.8778291105e-14
2.6916503906e+02 5.4305622904e-14 2.5458869249e-14 2.8846753656e-14
2.6922607422e+02 5.4412840241e-14 2.5704851188e-14 2.8707989053e-14
2.6928710938e+02 5.4537066845e-14 2.5667536300e-14 2.8869530545e-14
2.6934814453e+02 5.4205782440e-14 2.5526163737e-14 2.8679618703e-14
2.6940917969e+02 5.4287955014e-14 2.5522448983e-14 2.8765506030e-14
2.6947021484e+02 5.4473200779e-14 2.5582843263e-14 2.8890357516e-14
2.6953125000e+02 5.4488857570e-14 2.5564347997e-14 2.8924509573e-14
2.6959228516e+02 5.4210491643e-14 2.5557957550e-14 2.8652534092e-14
2.6965332031e+02 5.4261484284e-14 2.5679871313e-14 2.8581612972e-14
2.6971435547e+02 5.4278211371e-14 2.5546984697e-14 2.8731226674e-14
2.6977539062e+02 5.4108624966e-14 2.5502439483e-14 2.8606185483e-14
2.6983642578e+02 5.4073882158e-14 2.5585471647e-14 2.8488410511e-14
2.6989746094e+02 5.4380772974e-14 2.5760541566e-14 2.8620231408e-14
2.6995849609e+02 5.4330702872e-14 2.5665499741e-14 2.8665203131e-14
2.7001953125e+02 5.4125185691e-14 2.5375504118e-14 2.8749681572e-14
2.7008056641e+02 5.4010056112e-14 2.5459541036e-14 2.8550515076e-14
2.7014160156e+02 5.4262003730e-14 2.5515469927e-14 2.8746533803e-14
2.7020263672e+02 5.3961536772e-14 2.5325629823e-14 2.8635906949e-14
2.7026367188e+02 5.4033916645e-14 2.5443780646e-14 2.8590135999e-14
2.7032470703e+02 5.4414632433e-14 2.5635725761e-14 2.8778906672e-14
2.7038574219e+02 5.4494270673e-14 2.5735912165e-14 2.8758358509e-14
2.7044677734e+02 5.4306083696e-14 2.5515263366e-14 2.8790820330e-14
2.7050781250e+02 5.4304014744e-14 2.5578776001e-14 2.8725238743e-14
2.7056884766e+02 5.4201250860e-14 2.5581907400e-14 2.8619343461e-14
2.7062988281e+02 5.4060135239e-14 2.5324110459e-14 2.8736024780e-14
2.7069091797e+02 5.3907750668e-14 2.5246043074e-14 2.8661707593e-14
2.7075195312e+02 5.3873290831e-14 2.5267627243e-14 2.8605663589e-14
2.7081298828e+02 5.4043024537e-14 2.5512314320e-14 2.8530710217e-14
2.7087402344e+02 5.3822776881e-14 2.5336154967e-14 2.8486621914e-14
2.7093505859e+02 5.3728947890e-14 2.5301632219e-14 2.8427315671e-14
2.7099609375e+02 5.3930593895e-14 2.5399298397e-14 2.8531295497e-14
2.7105712891e+02 5.4178918175e-14 2.5438653372e-14 2.8740264803e-14
2.7111816406e+02 5.3994829206e-14 2.5305807210e-14 2.8689021996e-14
2.7117919922e+02 5.3909934658e-14 2.5419678474e-14 2.8490256184e-14
2.7124023438e+02 5.3681585101e-14 2.5403292130e-14 2.8278292970e-14
2.7130126953e+02 5.3658589820e-14 2.5459226597e-14 2.8199363222e-14
2.7136230469e+02 5.3451183713e-14 2.5276565103e-14 2.8174618609e-14
2.7142333984e+02 5.3691596851e-14 2.5240875928e-14 2.8450720923e-14
2.7148437500e+02 5.3651643485e-14 2.5427996741e-14 2.8223646744e-14
2.7154541016e+02 5.3662666406e-14 2.5379398242e-14 2.8283268164e-14
2.7160644531e+02 5.3684577520e-14 2.5272898978e-14 2.8411678541e-14
2.7166748047e+02 5.3553305160e-14 2.5282812626e-14 2.8270492534e-14
2.7172851562e+02 5.3367520399e-14 2.5157410441e-14 2.8210109958e-14
2.7178955078e+02 5.3386646727e-14 2.5259297066e-14 2.8127349661e-14
2.7185058594e+02 5.3623643405e-14 2.5465239562e-14 2.8158403843e-14
2.7191162109e+02 5.3647277671e-14 2.5401660131e-14 2.8245617540e-14
2.7197265625e+02 5.3423646374e-14 2.5159097813e-14 2.8264548561e-14
2.7203369141e+02 5.3587574165e-14 2.5222259705e-14 2.8365314460e-14
2.7209472656e+02 5.3708867238e-14 2.5393200117e-14 2.8315667121e-14
2.7215576172e+02 5.3722885766e-14 2.5444592365e-14 2.8278293402e-14
2.7221679688e+02 5.3287172665e-14 2.5194391908e-14 2.8092780757e-14
2.7227783203e+02 5.3184734916e-14 2.5156420306e-14 2.8028314610e-14
2.7233886719e+02 5.3304521561e-14 2.5200837564e-14 2.8103683997e-14
2.7239990234e+02 5.3352728202e-14 2.5148977294e-14 2.8203750908e-14
2.7246093750e+02 5.3316466086e-14 2.5137355983e-14 2.8179110102e-14
2.7252197266e+02 5.3060997901e-14 2.5060004237e-14 2.8000993664e-14
2.7258300781e+02 5.2868114560e-14 2.4919815257e-14 2.7948299303e-14
2.7264404297e+02 5.2967355737e-14 2.5137637098e-14 2.7829718639e-14
2.7270507812e+02 5.2709323840e-14 2.5122158401e-14 2.7587165439e-14
2.7276611328e+02 5.2673991390e-14 2.5096544653e-14 2.7577446737e-14
2.7282714844e+02 5.2549451644e-14 2.5146003888e-14 2.7403447756e-14
2.7288818359e+02 5.2859285376e-14 2.5152019698e-14 2.7707265678e-14
2.7294921875e+02 5.2857880996e-14 2.5205966253e-14 2.7651914743e-14
2.7301025391e+02 5.2616339832e-14 2.5121546416e-14 2.7494793415e-14
2.7307128906e+02 5.2602315412e-14 2.5154513124e-14 2.7447802288e-14
2.7313232422e+02 5.2360979838e-14 2.5003522962e-14 2.7357456877e-14
2.7319335938e+02 5.2256670599e-14 2.4909548337e-14 2.7347122263e-14
2.7325439453e+02 5.2561462168e-14 2.4932171623e-14 2.7629290545e-14
2.7331542969e+02 5.2249054800e-14 2.4747584730e-14 2.7501470070e-14
2.7337646484e+02 5.2306529180e-14 2.4910037437e-14 2.7396491742e-14
2.7343750000e+02 5.2243599361e-14 2.4868814386e-14 2.7374784974e-14
2.7349853516e+02 5.2125644941e-14 2.4864566025e-14 2.7261078916e-14
2.7355957031e+02 5.2128657429e-14 2.4911379893e-14 2.7217277537e-14
2.7362060547e+02 5.2146848055e-14 2.4982707196e-14 2.7164140859e-14
2.7368164062e+02 5.2028789533e-14 2.4863545372e-14 2.7165244160e-14
2.7374267578e+02 5.2090735552e-14 2.4886991966e-14 2.7203743586e-14
2.7380371094e+02 5.1952909277e-14 2.4875969064e-14 2.7076940213e-14
2.7386474609e+02 5.1804464184e-14 2.4821513109e-14 2.6982951075e-14
2.7392578125e+02 5.1468906194e-14 2.4640790666e-14 2.6828115529e-14
2.7398681641e+02 5.1771552981e-14 2.4780087468e-14 2.6991465514e-14
2.7404785156e+02 5.1713813675e-14 2.4750665529e-14 2.6963148146e-14
2.7410888672e+02 5.1657436446e-14 2.4848204808e-14 2.6809231639e-14
2.7416992188e+02 5.1791103469e-14 2.4871952834e-14 2.6919150635e-14
2.7423095703e+02 5.1794168140e-14 2.4872443787e-14 2.6921724353e-14
2.7429199219e+02 5.1512270734e-14 2.4711678071e-14 2.6800592663e-14
2.7435302734e+02 5.1516166720e-14 2.4707521342e-14 2.6808645377e-14
2.7441406250e+02 5.1386490618e-14 2.4680426290e-14 2.6706064328e-14
2.7447509766e+02 5.1325613012e-14 2.4768085779e-14 2.6557527232e-14
2.7453613281e+02 5.1334733607e-14 2.4714015574e-14 2.6620718032e-14
2.7459716797e+02 5.1196964383e-14 2.4588858404e-14 2.6608105979e-14
2.7465820312e+02 5.1076008916e-14 2.4661249547e-14 2.6414759370e-14
2.7471923828e+02 5.1235816736e-14 2.4675506779e-14 2.6560309957e-14
2.7478027344e+02 5.1502599918e-14 2.4772635356e-14 2.6729964562e-14
2.7484130859e+02 5.1343037109e-14 2.4719210631e-14 2.6623826478e-14
2.7490234375e+02 5.1298564756e-14 2.4776812489e-14 2.6521752267e-14
2.7496337891e+02 5.1031489996e-14 2.4635198145e-14 2.6396291851e-14
2.7502441406e+02 5.0999027138e-14 2.4642950043e-14 2.6356077095e-14
2.7508544922e+02 5.0939376932e-14 2.4573164084e-14 2.6366212848e-14
2.7514648438e+02 5.0959321129e-14 2.4638663350e-14 2.6320657778e-14
2.7520751953e+02 5.1039426144e-14 2.4623618024e-14 2.6415808120e-14
2.7526855469e+02 5.1006513354e-14 2.4463024741e-14 2.6543488613e-14
2.7532958984e+02 5.0893364411e-14 2.4531463271e-14 2.6361901140e-14
2.7539062500e+02 5.0758522949e-14 2.4454125913e-14 2.6304397036e-14
2.7545166016e+02 5.0404000397e-14 2.4372354812e-14 2.6031645586e-14
2.7551269531e+02 5.0554400861e-14 2.4332963929e-14 2.6221436932e-14
2.7557373047e+02 5.0349443847e-14 2.4288431003e-14 2.6061012843e-14
2.7563476562e+02 5.0376477737e-14 2.4302852942e-14 2.6073624796e-14
2.7569580078e+02 5.0342541095e-14 2.4237633973e-14 2.6104907123e-14
2.7575683594e+02 5.0149359550e-14 2.4219842742e-14 2.5929516808e-14
2.7581787109e+02 5.0476720291e-14 2.4269906301e-14 2.6206813990e-14
2.7587890625e+02 5.0075656322e-14 2.4126399193e-14 2.5949257129e-14
2.7593994141e+02 5.0046211859e-14 2.4058038916e-14 2.5988172944e-14
2.7600097656e+02 4.9868908311e-14 2.4052987781e-14 2.5815920530e-14
2.7606201172e+02 4.9965744244e-14 2.4085702859e-14 2.5880041386e-14
2.7612304688e+02 5.0145124590e-14 2.4103421268e-14 2.6041703322e-14
2.7618408203e+02 5.0104752617e-14 2.4053190349e-14 2.6051562267e-14
2.7624511719e+02 5.0228613006e-14 2.4194230605e-14 2.6034382402e-14
2.7630615234e+02 5.0184741717e-14 2.4299497174e-14 2.5885244543e-14
2.7636718750e+02 5.0052651062e-14 2.4290766111e-14 2.5761884951e-14
2.7642822266e+02 4.9803714646e-14 2.4011492652e-14 2.5792221994e-14
2.7648925781e+02 4.9620385984e-14 2.3875689818e-14 2.5744696167e-14
2.7655029297e+02 4.9704333861e-14 2.4094482620e-14 2.5609851241e-14
2.7661132812e+02 4.9689941528e-14 2.3961356640e-14 2.5728584888e-14
2.7667236328e+02 4.9594888591e-14 2.3914305758e-14 2.5680582833e-14
2.7673339844e+02 4.9561321749e-14 2.3936218426e-14 2.5625103323e-14
2.7679443359e+02 4.9505585323e-14 2.3960923412e-14 2.5544661911e-14
2.7685546875e+02 4.9544639198e-14 2.3875777316e-14 2.5668861882e-14
2.7691650391e+02 4.9641275176e-14 2.3948061139e-14 2.5693214037e-14
2.7697753906e+02 4.9759110722e-14 2.4056380673e-14 2.5702730049e-14
2.7703857422e+02 4.9783976938e-14 2.4060172810e-14 2.5723804128e-14
2.7709960938e+02 4.9497404560e-14 2.3931109890e-14 2.5566294670e-14
2.7716064453e+02 4.9182124061e-14 2.3807242849e-14 2.5374881212e-14
2.7722167969e+02 4.9247018030e-14 2.3975635672e-14 2.5271382358e-14
2.7728271484e+02 4.9289317678e-14 2.3813404802e-14 2.5475912876e-14
2.7734375000e+02 4.9295461227e-14 2.3742474011e-14 2.5552987216e-14
2.7740478516e+02 4.9101207576e-14 2.3715440378e-14 2.5385767198e-14
2.7746582031e+02 4.9027297383e-14 2.3647782837e-14 2.5379514546e-14
2.7752685547e+02 4.8988206523e-14 2.3675423405e-14 2.5312783118e-14
2.7758789062e+02 4.9227478302e-14 2.3841405761e-14 2.5386072541e-14
2.7764892578e+02 4.9127666977e-14 2.3822459675e-14 2.5305207302e-14
2.7770996094e+02 4.9008056190e-14 2.3690957467e-14 2.5317098723e-14
2.7777099609e+02 4.9008974418e-14 2.3809063026e-14 2.5199911393e-14
2.7783203125e+02 4.8948749515e-14 2.3883780479e-14 2.5064969036e-14
2.7789306641e+02 4.8722445127e-14 2.3763552481e-14 2.4958892646e-14
2.7795410156e+02 4.8685135284e-14 2.3656984984e-14 2.5028150301e-14
2.7801513672e+02 4.8784637713e-14 2.3705110342e-14 2.5079527371e-14
2.7807617188e+02 4.8660705220e-14 2.3648863411e-14 2.5011841809e-14
2.7813720703e+02 4.8350377867e-14 2.3436932084e-14 2.4913445783e-14
2.7819824219e+02 4.8255909065e-14 2.3482190948e-14 2.4773718117e-14
2.7825927734e+02 4.8215813184e-14 2.3410479415e-14 2.4805333769e-14
2.7832031250e+02 4.7986907060e-14 2.3229067724e-14 2.4757839336e-14
2.7838134766e+02 4.8188250296e-14 2.3325598484e-14 2.4862651812e-14
2.7844238281e+02 4.8168996594e-14 2.3379888812e-14 2.4789107782e-14
2.7850341797e+02 4.7959428872e-14 2.3172804085e-14 2.4786624787e-14
2.7856445312e+02 4.7847821464e-14 2.3225518553e-14 2.4622302911e-14
2.7862548828e+02 4.7970398486e-14 2.3393973040e-14 2.4576425446e-14
2.7868652344e+02 4.7873934018e-14 2.3322942605e-14 2.4550991413e-14
2.7874755859e+02 4.7475061925e-14 2.3177327921e-14 2.4297734005e-14
2.7880859375e+02 4.7505824116e-14 2.3195370120e-14 2.4310453996e-14
2.7886962891e+02 4.7873181956e-14 2.3268886342e-14 2.4604295614e-14
2.7893066406e+02 4.7544323927e-14 2.3121561586e-14 2.4422762341e-14
2.7899169922e+02 4.7409272776e-14 2.3065054548e-14 2.4344218228e-14
2.7905273438e+02 4.7497616729e-14 2.3220415311e-14 2.4277201418e-14
2.7911376953e+02 4.7473844911e-14 2.3319274458e-14 2.4154570453e-14
2.7917480469e+02 4.7000835753e-14 2.3010800284e-14 2.3990035469e-14
2.7923583984e+02 4.7017221792e-14 2.3096440177e-14 2.3920781615e-14
2.7929687500e+02 4.7223311767e-14 2.3176818443e-14 2.4046493325e-14
2.7935791016e+02 4.7024601126e-14 2.3195746996e-14 2.3828854129e-14
2.7941894531e+02 4.6747886966e-14 2.3046571643e-14 2.3701315323e-14
2.7947998047e+02 4.6930435366e-14 2.3118106394e-14 2.3812328973e-14
2.7954101562e+02 4.6787094620e-14 2.3028890197e-14 2.3758204423e-14
2.7960205078e+02 4.6414965111e-14 2.2801964542e-14 2.3613000569e-14
2.7966308594e+02 4.6376249911e-14 2.2702906311e-14 2.3673343600e-14
2.7972412109e+02 4.6580363781e-14 2.2981643874e-14 2.3598719908e-14
2.7978515625e+02 4.6368840939e-14 2.2869058649e-14 2.3499782289e-14
2.7984619141e+02 4.6382927621e-14 2.2914567044e-14 2.3468360577e-14
2.7990722656e+02 4.6466146267e-14 2.2979871560e-14 2.3486274707e-14
2.7996826172e+02 4.6280717349e-14 2.2953028570e-14 2.3327688778e-14
2.8002929688e+02 4.5918614469e-14 2.2744071397e-14 2.3174543072e-14
2.8009033203e+02 4.6019649247e-14 2.2778823017e-14 2.3240826230e-14
2.8015136719e+02 4.5892706455e-14 2.2741669481e-14 2.3151036975e-14
2.8021240234e+02 4.5678141191e-14 2.2693287606e-14 2.2984853585e-14
2.8027343750e+02 4.5697674102e-14 2.2726936988e-14 2.2970737114e-14
2.8033447266e+02 4.5519486189e-14 2.2760347347e-14 2.2759138842e-14
2.8039550781e+02 4.5478067242e-14 2.2635342358e-14 2.2842724885e-14
2.8045654297e+02 4.5423467777e-14 2.2749711901e-14 2.2673755876e-14
2.8051757812e+02 4.5225769922e-14 2.2550036696e-14 2.2675733225e-14
2.8057861328e+02 4.5081014935e-14 2.2442647887e-14 2.2638367048e-14
2.8063964844e+02 4.4891592528e-14 2.2424713704e-14 2.2466878825e-14
2.8070068359e+02 4.4803175675e-14 2.2520530836e-14 2.2282644839e-14
2.8076171875e+02 4.4967996380e-14 2.2460003857e-14 2.2507992523e-14
2.8082275391e+02 4.4753647132e-14 2.2322868423e-14 2.2430778709e-14
2.8088378906e+02 4.4582783053e-14 2.2367693277e-14 2.2215089777e-14
2.8094482422e+02 4.4805364865e-14 2.2439395408e-14 2.2365969457e-14
2.8100585938e+02 4.4696933133e-14 2.2383610647e-14 2.2313322485e-14
2.8106689453e+02 4.4531120701e-14 2.2265090066e-14 2.2266030635e-14
2.8112792969e+02 4.4309523124e-14 2.2394978523e-14 2.1914544601e-14
2.8118896484e+02 4.4205490874e-14 2.2325215595e-14 2.1880275278e-14
2.8125000000e+02 4.4039909092e-14 2.2165410322e-14 2.1874498770e-14
2.8131103516e+02 4.4127749339e-14 2.2251805685e-14 2.1875943653e-14
2.8137207031e+02 4.4168262700e-14 2.2375441542e-14 2.1792821158e-14
2.8143310547e+02 4.3997502874e-14 2.2307633037e-14 2.1689869837e-14
2.8149414062e+02 4.3967624657e-14 2.2202646056e-14 2.1764978601e-14
2.8155517578e+02 4.3894808350e-14 2.2182717669e-14 2.1712090681e-14
2.8161621094e+02 4.3659741778e-14 2.2024191605e-14 2.1635550173e-14
2.8167724609e+02 4.3729327435e-14 2.2182106284e-14 2.1547221152e-14
2.8173828125e+02 4.3760337199e-14 2.2256071292e-14 2.1504265907e-14
2.8179931641e+02 4.3736945482e-14 2.2199445055e-14 2.1537500427e-14
2.8186035156e+02 4.3789231559e-14 2.2328261373e-14 2.1460970186e-14
2.8192138672e+02 4.3682323354e-14 2.2172586746e-14 2.1509736608e-14
2.8198242188e+02 4.3649294493e-14 2.2259163609e-14 2.1390130883e-14
2.8204345703e+02 4.3516788316e-14 2.2279167830e-14 2.1237620486e-14
2.8210449219e+02 4.3495838690e-14 2.2165398318e-14 2.1330440372e-14
2.8216552734e+02 4.3236721509e-14 2.1994833659e-14 2.1241887850e-14
2.8222656250e+02 4.3103309978e-14 2.1830343631e-14 2.1272966346e-14
2.8228759766e+02 4.3015357428e-14 2.1823762206e-14 2.1191595223e-14
2.8234863281e+02 4.2944725516e-14 2.1888144939e-14 2.1056580577e-14
2.8240966797e+02 4.2721194730e-14 2.1838269401e-14 2.0882925329e-14
2.8247070312e+02 4.2821447308e-14 2.1884786936e-14 2.0936660372e-14
2.8253173828e+02 4.2922031554e-14 2.1883853780e-14 2.1038177775e-14
2.8259277344e+02 4.2547594590e-14 2.1868655216e-14 2.0678939374e-14
2.8265380859e+02 4.2804323873e-14 2.1941279494e-14 2.0863044379e-14
2.8271484375e+02 4.2937570623e-14 2.1963603675e-14 2.0973966948e-14
2.8277587891e+02 4.2458825481e-14 2.1746698192e-14 2.0712127289e-14
2.8283691406e+02 4.2465203132e-14 2.1790271781e-14 2.0674931351e-14
2.8289794922e+02 4.2481509007e-14 2.1928249608e-14 2.0553259398e-14
2.8295898438e+02 4.2638790464e-14 2.1868633654e-14 2.0770156810e-14
2.8302001953e+02 4.2591315655e-14 2.1778952133e-14 2.0812363523e-14
2.8308105469e+02 4.2368597838e-14 2.1740719950e-14 2.0627877888e-14
2.8314208984e+02 4.2283029569e-14 2.1780285824e-14 2.0502743745e-14
2.8320312500e+02 4.2296908046e-14 2.1769375525e-14 2.0527532520e-14
2.8326416016e+02 4.2275292050e-14 2.1809818151e-14 2.0465473899e-14
2.8332519531e+02 4.2056034336e-14 2.1663402035e-14 2.0392632301e-14
2.8338623047e+02 4.2280594532e-14 2.1714746583e-14 2.0565847949e-14
2.8344726562e+02 4.2313797132e-14 2.1787313804e-14 2.0526483327e-14
2.8350830078e+02 4.2352206585e-14 2.1809236590e-14 2.0542969995e-14
2.8356933594e+02 4.2080920429e-14 2.1812574634e-14 2.0268345795e-14
2.8363037109e+02 4.1925535511e-14 2.1714429077e-14 2.0211106434e-14
2.8369140625e+02 4.1999018018e-14 2.1697495036e-14 2.0301522982e-14
2.8375244141e+02 4.1899003949e-14 2.1598979128e-14 2.0300024821e-14
2.8381347656e+02 4.1750472551e-14 2.1504803438e-14 2.0245669113e-14
2.8387451172e+02 4.1594471885e-14 2.1594068563e-14 2.0000403322e-14
2.8393554688e+02 4.1700544320e-14 2.1609964912e-14 2.0090579408e-14
2.8399658203e+02 4.1793300819e-14 2.1649209871e-14 2.0144090949e-14
2.8405761719e+02 4.1692894772e-14 2.1555795006e-14 2.0137099766e-14
2.8411865234e+02 4.1676052555e-14 2.1572908508e-14 2.0103144047e-14
2.8417968750e+02 4.1599636918e-14 2.1520359859e-14 2.0079277059e-14
2.8424072266e+02 4.1661178865e-14 2.1608491242e-14 2.0052687623e-14
2.8430175781e+02 4.1495683969e-14 2.1527278602e-14 1.9968405367e-14
2.8436279297e+02 4.1241565557e-14 2.1329287826e-14 1.9912277731e-14
2.8442382812e+02 4.1306144615e-14 2.1535156305e-14 1.9770988310e-14
2.8448486328e+02 4.1158363625e-14 2.1363342938e-14 1.9795020687e-14
2.8454589844e+02 4.1101652574e-14 2.1239270249e-14 1.9862382325e-14
2.8460693359e+02 4.1083219523e-14 2.1284573315e-14 1.9798646208e-14
2.8466796875e+02 4.1276257518e-14 2.1438078862e-14 1.9838178656e-14
2.8472900391e+02 4.1308891280e-14 2.1408115915e-14 1.9900775364e-14
2.8479003906e+02 4.1111970195e-14 2.1295198965e-14 1.9816771230e-14
2.8485107422e+02 4.0966759197e-14 2.1332502934e-14 1.9634256263e-14
2.8491210938e+02 4.1047567008e-14 2.1431543723e-14 1.9616023284e-14
2.8497314453e+02 4.1022052667e-14 2.1426211417e-14 1.9595841250e-14
2.8503417969e+02 4.0860803439e-14 2.1299234690e-14 1.9561568749e-14
2.8509521484e+02 4.1058461234e-14 2.1380348495e-14 1.9678112739e-14
2.8515625000e+02 4.1079006583e-14 2.1462040298e-14 1.9616966285e-14
2.8521728516e+02 4.0808522814e-14 2.1186804805e-14 1.9621718009e-14
2.8527832031e+02 4.0656294916e-14 2.1186298166e-14 1.9469996750e-14
2.8533935547e+02 4.0689339804e-14 2.1213897465e-14 1.9475442338e-14
2.8540039062e+02 4.0968018239e-14 2.1399655973e-14 1.9568362266e-14
2.8546142578e+02 4.0943546702e-14 2.1440033000e-14 1.9503513702e-14
2.8552246094e+02 4.0813149580e-14 2.1320282805e-14 1.9492866775e-14
2.8558349609e+02 4.0771226705e-14 2.1267928762e-14 1.9503297943e-14
2.8564453125e+02 4.0806046520e-14 2.1377655797e-14 1.9428390723e-14
2.8570556641e+02 4.0842521786e-14 2.1392222591e-14 1.9450299195e-14
2.8576660156e+02 4.0841006408e-14 2.1354820730e-14 1.9486185679e-14
2.8582763672e+02 4.0769058108e-14 2.1349742271e-14 1.9419315837e-14
2.8588867188e+02 4.0609879821e-14 2.1228104117e-14 1.9381775704e-14
2.8594970703e+02 4.0426122964e-14 2.1218598199e-14 1.9207524765e-14
2.8601074219e+02 4.0177084331e-14 2.1001773666e-14 1.9175310665e-14
2.8607177734e+02 4.0205252178e-14 2.0976993212e-14 1.9228258966e-14
2.8613281250e+02 4.0215349877e-14 2.0993823468e-14 1.9221526409e-14
2.8619384766e+02 4.0175718109e-14 2.1072242904e-14 1.9103475205e-14
2.8625488281e+02 4.0063115655e-14 2.1092868089e-14 1.8970247567e-14
2.8631591797e+02 4.0213016361e-14 2.1090106995e-14 1.9122909366e-14
2.8637695312e+02 4.0267129247e-14 2.1164293468e-14 1.9102835779e-14
2.8643798828e+02 4.0108295128e-14 2.1113827574e-14 1.8994467554e-14
2.8649902344e+02 3.9958300874e-14 2.0940570251e-14 1.9017730623e-14
2.8656005859e+02 3.9930520371e-14 2.0937791385e-14 1.8992728986e-14
2.8662109375e+02 3.9926263690e-14 2.1032247006e-14 1.8894016684e-14
2.8668212891e+02 3.9770568773e-14 2.0915152989e-14 1.8855415784e-14
2.8674316406e+02 3.9937878748e-14 2.0961785016e-14 1.8976093732e-14
2.8680419922e+02 4.0141689304e-14 2.1159260745e-14 1.8982428559e-14
2.8686523438e+02 3.9911084145e-14 2.1040042515e-14 1.8871041630e-14
2.8692626953e+02 3.9552880440e-14 2.0748519431e-14 1.8804361009e-14
2.8698730469e+02 3.9770496850e-14 2.0873493705e-14 1.8897003145e-14
2.8704833984e+02 3.9882893775e-14 2.1000552887e-14 1.8882340888e-14
2.8710937500e+02 3.9840239419e-14 2.1091999160e-14 1.8748240259e-14
2.8717041016e+02 3.9633670165e-14 2.0921643404e-14 1.8712026761e-14
2.8723144531e+02 3.9402744843e-14 2.0836219251e-14 1.8566525592e-14
2.8729248047e+02 3.9551278342e-14 2.0926813349e-14 1.8624464993e-14
2.8735351562e+02 3.9495576131e-14 2.0845283812e-14 1.8650292319e-14
2.8741455078e+02 3.9334886842e-14 2.0767997326e-14 1.8566889515e-14
2.8747558594e+02 3.9350372376e-14 2.0743184741e-14 1.8607187635e-14
2.8753662109e+02 3.9408797846e-14 2.0870054949e-14 1.8538742898e-14
2.8759765625e+02 3.9267628728e-14 2.0857350262e-14 1.8410278466e-14
2.8765869141e+02 3.9040733392e-14 2.0821210521e-14 1.8219522871e-14
2.8771972656e+02 3.8929962527e-14 2.0764123412e-14 1.8165839115e-14
2.8778076172e+02 3.8997673789e-14 2.0780903102e-14 1.8216770687e-14
2.8784179688e+02 3.9012197955e-14 2.0783427943e-14 1.8228770012e-14
2.8790283203e+02 3.9053084584e-14 2.0802696588e-14 1.8250387996e-14
2.8796386719e+02 3.8857082448e-14 2.0756645477e-14 1.8100436971e-14
2.8802490234e+02 3.8621055588e-14 2.0525324048e-14 1.8095731539e-14
2.8808593750e+02 3.8761108146e-14 2.0671209348e-14 1.8089898799e-14
2.8814697266e+02 3.8716271001e-14 2.0701942806e-14 1.8014328194e-14
2.8820800781e+02 3.8846005913e-14 2.0766201374e-14 1.8079804539e-14
2.8826904297e+02 3.8794966527e-14 2.0779368917e-14 1.8015597609e-14
2.8833007812e+02 3.8521739889e-14 2.0561995138e-14 1.7959744751e-14
2.8839111328e+02 3.8608867409e-14 2.0685047543e-14 1.7923819866e-14
2.8845214844e+02 3.8425115536e-14 2.0587075876e-14 1.7838039660e-14
2.8851318359e+02 3.8340966441e-14 2.0553348585e-14 1.7787617857e-14
2.8857421875e+02 3.8381624648e-14 2.0588305664e-14 1.7793318984e-14
2.8863525391e+02 3.8245731279e-14 2.0490658341e-14 1.7755072938e-14
2.8869628906e+02 3.8333164911e-14 2.0563815874e-14 1.7769349037e-14
2.8875732422e+02 3.8390508970e-14 2.0546973780e-14 1.7843535190e-14
2.8881835938e+02 3.8315472077e-14 2.0527457626e-14 1.7788014451e-14
2.8887939453e+02 3.8343366394e-14 2.0513011208e-14 1.7830355186e-14
2.8894042969e+02 3.8386501367e-14 2.0687574358e-14 1.7698927009e-14
2.8900146484e+02 3.8083562031e-14 2.0532474972e-14 1.7551087058e-14
2.8906250000e+02 3.7835834946e-14 2.0385636128e-14 1.7450198817e-14
2.8912353516e+02 3.7896349903e-14 2.0429182521e-14 1.7467167382e-14
2.8918457031e+02 3.7802810665e-14 2.0345290292e-14 1.7457520373e-14
2.8924560547e+02 3.8028638837e-14 2.0492075394e-14 1.7536563443e-14
2.8930664062e+02 3.7843927644e-14 2.0417073053e-14 1.7426854591e-14
2.8936767578e+02 3.7823515584e-14 2.0484462131e-14 1.7339053454e-14
2.8942871094e+02 3.7717464190e-14 2.0463920730e-14 1.7253543460e-14
2.8948974609e+02 3.7683918735e-14 2.0521697368e-14 1.7162221367e-14
2.8955078125e+02 3.7633802602e-14 2.0462426340e-14 1.7171376262e-14
2.8961181641e+02 3.7558700900e-14 2.0406034742e-14 1.7152666158e-14
2.8967285156e+02 3.7587581042e-14 2.0373666990e-14 1.7213914052e-14
2.8973388672e+02 3.7586842908e-14 2.0359416186e-14 1.7227426723e-14
2.8979492188e+02 3.7475588871e-14 2.0284563959e-14 1.7191024912e-14
2.8985595703e+02 3.7629062573e-14 2.0350399476e-14 1.7278663097e-14
2.8991699219e+02 3.7403839149e-14 2.0331941624e-14 1.7071897525e-14
2.8997802734e+02 3.7233928697e-14 2.0273514683e-14 1.6960414014e-14
2.9003906250e+02 3.7365273888e-14 2.0311938910e-14 1.7053334978e-14
2.9010009766e+02 3.7300234445e-14 2.0303580606e-14 1.6996653838e-14
2.9016113281e+02 3.7113936591e-14 2.0137970943e-14 1.6975965648e-14
2.9022216797e+02 3.7006112448e-14 2.0169724100e-14 1.6836388348e-14
2.9028320312e+02 3.7057797963e-14 2.0222209527e-14 1.6835588436e-14
2.9034423828e+02 3.7222582645e-14 2.0304142877e-14 1.6918439768e-14
2.9040527344e+02 3.7069121712e-14 2.0274815494e-14 1.6794306218e-14
2.9046630859e+02 3.7260642834e-14 2.0371136032e-14 1.6889506801e-14
2.9052734375e+02 3.7067423518e-14 2.0280449868e-14 1.6786973649e-14
2.9058837891e+02 3.6888010698e-14 2.0221058555e-14 1.6666952143e-14
2.9064941406e+02 3.6922008382e-14 2.0284207328e-14 1.6637801054e-14
2.9071044922e+02 3.6892289962e-14 2.0248498655e-14 1.6643791307e-14
2.9077148438e+02 3.6963191686e-14 2.0241547967e-14 1.6721643718e-14
2.9083251953e+02 3.6813546636e-14 2.0197855038e-14 1.6615691597e-14
2.9089355469e+02 3.6780922228e-14 2.0101877059e-14 1.6679045169e-14
2.9095458984e+02 3.6845032942e-14 2.0139383637e-14 1.6705649305e-14
2.9101562500e+02 3.6599804533e-14 2.0075733322e-14 1.6524071211e-14
2.9107666016e+02 3.6523229265e-14 2.0031521397e-14 1.6491707868e-14
2.9113769531e+02 3.6364150000e-14 1.9958182239e-14 1.6405967760e-14
2.9119873047e+02 3.6504684165e-14 2.0091159585e-14 1.6413524581e-14
2.9125976562e+02 3.6518684043e-14 1.9988090354e-14 1.6530593689e-14
2.9132080078e+02 3.6387080593e-14 1.9766306269e-14 1.6620774324e-14
2.9138183594e+02 3.6485525597e-14 1.9903825677e-14 1.6581699920e-14
2.9144287109e+02 3.6494882605e-14 1.9949105969e-14 1.6545776637e-14
2.9150390625e+02 3.6547831491e-14 2.0077597980e-14 1.6470233510e-14
2.9156494141e+02 3.6365745521e-14 1.9969629974e-14 1.6396115547e-14
2.9162597656e+02 3.6218280967e-14 1.9851309091e-14 1.6366971876e-14
2.9168701172e+02 3.6278699555e-14 1.9875773322e-14 1.6402926233e-14
2.9174804688e+02 3.6484733614e-14 2.0005062510e-14 1.6479671104e-14
2.9180908203e+02 3.6409687590e-14 1.9953739206e-14 1.6455948384e-14
2.9187011719e+02 3.6406865379e-14 2.0001877374e-14 1.6404988005e-14
2.9193115234e+02 3.6235347878e-14 1.9859910904e-14 1.6375436974e-14
2.9199218750e+02 3.6058889211e-14 1.9762625308e-14 1.6296263903e-14
2.9205322266e+02 3.6021892394e-14 1.9872699069e-14 1.6149193325e-14
2.9211425781e+02 3.6034358832e-14 1.9788594245e-14 1.6245764587e-14
2.9217529297e+02 3.6058058884e-14 1.9873639564e-14 1.6184419320e-14
2.9223632812e+02 3.5963267429e-14 1.9875244024e-14 1.6088023405e-14
2.9229736328e+02 3.5960110051e-14 1.9781582816e-14 1.6178527235e-14
2.9235839844e+02 3.5887380938e-14 1.9782697334e-14 1.6104683605e-14
2.9241943359e+02 3.5835134975e-14 1.9690964844e-14 1.6144170131e-14
2.9248046875e+02 3.5792293626e-14 1.9677070070e-14 1.6115223556e-14
2.9254150391e+02 3.5833984698e-14 1.9813983986e-14 1.6020000712e-14
2.9260253906e+02 3.5815400828e-14 1.9807207139e-14 1.6008193689e-14
2.9266357422e+02 3.5793000443e-14 1.9742156150e-14 1.6050844293e-14
2.9272460938e+02 3.5795410084e-14 1.9684094013e-14 1.6111316070e-14
2.9278564453e+02 3.5722254475e-14 1.9754106033e-14 1.5968148441e-14
2.9284667969e+02 3.5791975457e-14 1.9820237470e-14 1.5971737987e-14
2.9290771484e+02 3.5826771360e-14 1.9853858644e-14 1.5972912716e-14
2.9296875000e+02 3.5781253982e-14 1.9870285837e-14 1.5910968145e-14
2.9302978516e+02 3.5637336077e-14 1.9818293817e-14 1.5819042260e-14
2.9309082031e+02 3.5718382634e-14 1.9927817870e-14 1.5790564764e-14
2.9315185547e+02 3.5730770192e-14 1.9859467920e-14 1.5871302272e-14
2.9321289062e+02 3.5702142453e-14 1.9792781331e-14 1.5909361122e-14
2.9327392578e+02 3.5701174795e-14 1.9754570460e-14 1.5946604335e-14
2.9333496094e+02 3.5583655262e-14 1.9752082691e-14 1.5831572571e-14
2.9339599609e+02 3.5300294865e-14 1.9568708084e-14 1.5731586782e-14
2.9345703125e+02 3.5274543053e-14 1.9507907190e-14 1.5766635863e-14
2.9351806641e+02 3.5587534991e-14 1.9642621755e-14 1.5944913236e-14
2.9357910156e+02 3.5612569971e-14 1.9668030139e-14 1.5944539832e-14
2.9364013672e+02 3.5724232345e-14 1.9756029181e-14 1.5968203164e-14
2.9370117188e+02 3.5476198766e-14 1.9622935454e-14 1.5853263312e-14
2.9376220703e+02 3.5499815575e-14 1.9598381744e-14 1.5901433831e-14
2.9382324219e+02 3.5675642384e-14 1.9759464385e-14 1.5916178000e-14
2.9388427734e+02 3.5498048535e-14 1.9724867376e-14 1.5773181159e-14
2.9394531250e+02 3.5531770076e-14 1.9654596727e-14 1.5877173349e-14
2.9400634766e+02 3.5385283895e-14 1.9683769907e-14 1.5701513989e-14
2.9406738281e+02 3.5504133142e-14 1.9720131065e-14 1.5784002077e-14
2.9412841797e+02 3.5407752193e-14 1.9574939974e-14 1.5832812219e-14
2.9418945312e+02 3.5242950370e-14 1.9512382121e-14 1.5730568249e-14
2.9425048828e+02 3.5306480029e-14 1.9608098640e-14 1.5698381389e-14
2.9431152344e+02 3.5276060759e-14 1.9606517268e-14 1.5669543490e-14
2.9437255859e+02 3.5179920163e-14 1.9539936256e-14 1.5639983907e-14
2.9443359375e+02 3.5093692894e-14 1.9519155351e-14 1.5574537543e-14
2.9449462891e+02 3.5287351300e-14 1.9606982960e-14 1.5680368340e-14
2.9455566406e+02 3.5274805577e-14 1.9629468872e-14 1.5645336705e-14
2.9461669922e+02 3.5025139495e-14 1.9492909035e-14 1.5532230460e-14
2.9467773438e+02 3.4974710866e-14 1.9479268497e-14 1.5495442369e-14
2.9473876953e+02 3.5010099442e-14 1.9524985926e-14 1.5485113516e-14
2.9479980469e+02 3.4976036929e-14 1.9455208841e-14 1.5520828088e-14
2.9486083984e+02 3.4964774820e-14 1.9424806973e-14 1.5539967847e-14
2.9492187500e+02 3.4993909550e-14 1.9461557125e-14 1.5532352424e-14
2.9498291016e+02 3.5052667572e-14 1.9517080062e-14 1.5535587510e-14
2.9504394531e+02 3.5086781779e-14 1.9587219431e-14 1.5499562348e-14
2.9510498047e+02 3.5129182570e-14 1.9562986785e-14 1.5566195785e-14
2.9516601562e+02 3.4902769820e-14 1.9440726639e-14 1.5462043180e-14
2.9522705078e+02 3.5053465786e-14 1.9480030050e-14 1.5573435736e-14
2.9528808594e+02 3.5069827266e-14 1.9560967376e-14 1.5508859890e-14
2.9534912109e+02 3.4924896125e-14 1.9492111133e-14 1.5432784992e-14
2.9541015625e+02 3.5004545305e-14 1.9575226961e-14 1.5429318344e-14
2.9547119141e+02 3.4898795519e-14 1.9501630687e-14 1.5397164832e-14
2.9553222656e+02 3.4791724915e-14 1.9428008968e-14 1.5363715948e-14
2.9559326172e+02 3.4764462239e-14 1.9457776570e-14 1.5306685669e-14
2.9565429688e+02 3.4701891190e-14 1.9501511993e-14 1.5200379196e-14
2.9571533203e+02 3.4693834761e-14 1.9470445368e-14 1.5223389394e-14
2.9577636719e+02 3.4908032107e-14 1.9573369690e-14 1.5334662417e-14
2.9583740234e+02 3.4793925219e-14 1.9449480281e-14 1.5344444937e-14
2.9589843750e+02 3.4648582845e-14 1.9354890616e-14 1.5293692229e-14
2.9595947266e+02 3.4585054516e-14 1.9317193186e-14 1.5267861330e-14
2.9602050781e+02 3.4665982460e-14 1.9350692041e-14 1.5315290418e-14
2.9608154297e+02 3.4747189891e-14 1.9364295051e-14 1.5382894840e-14
2.9614257812e+02 3.4821831243e-14 1.9452615285e-14 1.5369215958e-14
2.9620361328e+02 3.4492271117e-14 1.9349875459e-14 1.5142395658e-14
2.9626464844e+02 3.4497812066e-14 1.9420438565e-14 1.5077373502e-14
2.9632568359e+02 3.4361929050e-14 1.9249812801e-14 1.5112116249e-14
2.9638671875e+02 3.4351378011e-14 1.9222319688e-14 1.5129058322e-14
2.9644775391e+02 3.4488418654e-14 1.9353817197e-14 1.5134601457e-14
2.9650878906e+02 3.4490658567e-14 1.9360192264e-14 1.5130466303e-14
2.9656982422e+02 3.4431042962e-14 1.9343693469e-14 1.5087349493e-14
2.9663085938e+02 3.4519812817e-14 1.9421045699e-14 1.5098767118e-14
2.9669189453e+02 3.4499517923e-14 1.9362773687e-14 1.5136744236e-14
2.9675292969e+02 3.4405424244e-14 1.9366180676e-14 1.5039243568e-14
2.9681396484e+02 3.4508257943e-14 1.9374315577e-14 1.5133942366e-14
2.9687500000e+02 3.4321088689e-14 1.9219017454e-14 1.5102071235e-14
2.9693603516e+02 3.4341575229e-14 1.9239951958e-14 1.5101623271e-14
2.9699707031e+02 3.4386322012e-14 1.9309240973e-14 1.5077081039e-14
2.9705810547e+02 3.4365955042e-14 1.9374282319e-14 1.4991672723e-14
2.9711914062e+02 3.4409202853e-14 1.9368145866e-14 1.5041056987e-14
2.9718017578e+02 3.4482886355e-14 1.9391098069e-14 1.5091788286e-14
2.9724121094e+02 3.4362392636e-14 1.9427251390e-14 1.4935141245e-14
2.9730224609e+02 3.4477283133e-14 1.9453634730e-14 1.5023648402e-14
2.9736328125e+02 3.4433623740e-14 1.9371047463e-14 1.5062576277e-14
2.9742431641e+02 3.4365395607e-14 1.9337188071e-14 1.5028207537e-14
2.9748535156e+02 3.4415497736e-14 1.9465465024e-14 1.4950032712e-14
2.9754638672e+02 3.4302216588e-14 1.9266963140e-14 1.5035253449e-14
2.9760742188e+02 3.4438059129e-14 1.9334800137e-14 1.5103258991e-14
2.9766845703e+02 3.4140802011e-14 1.9344681298e-14 1.4796120713e-14
2.9772949219e+02 3.4122665911e-14 1.9305335605e-14 1.4817330306e-14
2.9779052734e+02 3.4024007737e-14 1.9244750829e-14 1.4779256908e-14
2.9785156250e+02 3.4183563012e-14 1.9189272239e-14 1.4994290773e-14
2.9791259766e+02 3.4346225920e-14 1.9247567701e-14 1.5098658219e-14
2.9797363281e+02 3.4245673156e-14 1.9295183665e-14 1.4950489492e-14
2.9803466797e+02 3.4193588801e-14 1.9314079201e-14 1.4879509600e-14
2.9809570312e+02 3.4169495321e-14 1.9319620442e-14 1.4849874879e-14
2.9815673828e+02 3.4140928262e-14 1.9321396202e-14 1.4819532059e-14
2.9821777344e+02 3.4142910789e-14 1.9344851377e-14 1.4798059411e-14
2.9827880859e+02 3.4079193963e-14 1.9256741489e-14 1.4822452474e-14
2.9833984375e+02 3.4008519750e-14 1.9240115263e-14 1.4768404487e-14
2.9840087891e+02 3.3956182034e-14 1.9287391671e-14 1.4668790363e-14
2.9846191406e+02 3.3979806456e-14 1.9271267078e-14 1.4708539378e-14
2.9852294922e+02 3.4040027062e-14 1.9286110687e-14 1.4753916375e-14
2.9858398438e+02 3.4007393439e-14 1.9232683975e-14 1.4774709464e-14
2.9864501953e+02 3.3937946428e-14 1.9128763273e-14 1.4809183155e-14
2.9870605469e+02 3.3935119527e-14 1.9082929175e-14 1.4852190352e-14
2.9876708984e+02 3.3725510597e-14 1.9023558757e-14 1.4701951840e-14
2.9882812500e+02 3.3941783017e-14 1.9118454578e-14 1.4823328439e-14
2.9888916016e+02 3.3870500748e-14 1.9075865723e-14 1.4794635025e-14
2.9895019531e+02 3.3869899816e-14 1.9182415253e-14 1.4687484563e-14
2.9901123047e+02 3.3778805012e-14 1.9060493198e-14 1.4718311814e-14
2.9907226562e+02 3.3730601106e-14 1.9063730626e-14 1.4666870480e-14
2.9913330078e+02 3.3788656939e-14 1.9222786691e-14 1.4565870248e-14
2.9919433594e+02 3.3757362475e-14 1.9137158498e-14 1.4620203977e-14
2.9925537109e+02 3.3903701169e-14 1.9207914987e-14 1.4695786181e-14
2.9931640625e+02 3.3936188912e-14 1.9271524037e-14 1.4664664875e-14
2.9937744141e+02 3.3864552236e-14 1.9140204513e-14 1.4724347723e-14
2.9943847656e+02 3.3712074170e-14 1.9059630591e-14 1.4652443578e-14
2.9949951172e+02 3.3670888958e-14 1.9042269499e-14 1.4628619459e-14
2.9956054688e+02 3.3730027536e-14 1.9207561798e-14 1.4522465738e-14
2.9962158203e+02 3.3910170008e-14 1.9331399329e-14 1.4578770680e-14
2.9968261719e+02 3.3863825384e-14 1.9235031023e-14 1.4628794361e-14
2.9974365234e+02 3.3898008784e-14 1.9152998889e-14 1.4745009895e-14
2.9980468750e+02 3.3629671650e-14 1.9008520628e-14 1.4621151021e-14
2.9986572266e+02 3.3545701279e-14 1.8954079830e-14 1.4591621449e-14
2.9992675781e+02 3.3661033266e-14 1.9042924490e-14 1.4618108776e-14
2.9998779297e+02 3.3670142773e-14 1.8988829005e-14 1.4681313769e-14
3.0004882812e+02 3.3677792346e-14 1.9072861048e-14 1.4604931298e-14
3.0010986328e+02 3.3835971097e-14 1.9182973323e-14 1.4652997774e-14
3.0017089844e+02 3.3685627917e-14 1.9073737981e-14 1.4611889936e-14
3.0023193359e+02 3.3567719857e-14 1.9098962000e-14 1.4468757857e-14
3.0029296875e+02 3.3481143767e-14 1.8977802453e-14 1.4503341314e-14
3.0035400391e+02 3.3616534924e-14 1.9011059788e-14 1.4605475136e-14
3.0041503906e+02 3.3577857204e-14 1.9062891862e-14 1.4514965342e-14
3.0047607422e+02 3.3471417168e-14 1.8938979963e-14 1.4532437205e-14
3.0053710938e+02 3.3426995982e-14 1.8893248020e-14 1.4533747962e-14
3.0059814453e+02 3.3568522916e-14 1.9066693100e-14 1.4501829816e-14
3.0065917969e+02 3.3615331307e-14 1.9099548742e-14 1.4515782565e-14
3.0072021484e+02 3.3587049024e-14 1.9061425586e-14 1.4525623438e-14
3.0078125000e+02 3.3470805780e-14 1.8940863432e-14 1.4529942349e-14
3.0084228516e+02 3.3358247363e-14 1.8901030223e-14 1.4457217140e-14
3.0090332031e+02 3.3451060835e-14 1.8986788228e-14 1.4464272607e-14
3.0096435547e+02 3.3515971745e-14 1.8966297636e-14 1.4549674109e-14
3.0102539062e+02 3.3402043594e-14 1.8966899059e-14 1.4435144534e-14
3.0108642578e+02 3.3193856808e-14 1.8848963924e-14 1.4344892884e-14
3.0114746094e+02 3.3285907039e-14 1.8872578161e-14 1.4413328879e-14
3.0120849609e+02 3.3279968283e-14 1.8897410686e-14 1.4382557597e-14
3.0126953125e+02 3.3350893877e-14 1.8869731897e-14 1.4481161980e-14
3.0133056641e+02 3.3390747404e-14 1.9003242439e-14 1.4387504964e-14
3.0139160156e+02 3.3488937323e-14 1.9077279844e-14 1.4411657479e-14
3.0145263672e+02 3.3403911709e-14 1.8957880223e-14 1.4446031486e-14
3.0151367188e+02 3.3419714944e-14 1.8969294734e-14 1.4450420210e-14
3.0157470703e+02 3.3379240949e-14 1.8958604736e-14 1.4420636213e-14
3.0163574219e+02 3.3259782972e-14 1.8998393618e-14 1.4261389354e-14
3.0169677734e+02 3.3125585617e-14 1.8901685345e-14 1.4223900272e-14
3.0175781250e+02 3.3205296895e-14 1.8935488393e-14 1.4269808502e-14
3.0181884766e+02 3.3390691457e-14 1.9056686838e-14 1.4334004619e-14
3.0187988281e+02 3.3345179201e-14 1.9009904560e-14 1.4335274642e-14
3.0194091797e+02 3.3409141489e-14 1.8990249749e-14 1.4418891740e-14
3.0200195312e+02 3.3365038883e-14 1.8949638033e-14 1.4415400850e-14
3.0206298828e+02 3.3363083231e-14 1.9002294615e-14 1.4360788616e-14
3.0212402344e+02 3.3400482477e-14 1.9102090520e-14 1.4298391958e-14
3.0218505859e+02 3.3327994879e-14 1.9122518121e-14 1.4205476758e-14
3.0224609375e+02 3.3110966716e-14 1.8966006697e-14 1.4144960019e-14
3.0230712891e+02 3.3218770319e-14 1.9005953109e-14 1.4212817210e-14
3.0236816406e+02 3.3089154149e-14 1.8866841230e-14 1.4222312919e-14
3.0242919922e+02 3.3119695184e-14 1.8927744782e-14 1.4191950402e-14
3.0249023438e+02 3.2984020790e-14 1.8896268370e-14 1.4087752420e-14
3.0255126953e+02 3.2955558023e-14 1.8851458787e-14 1.4104099237e-14
3.0261230469e+02 3.3051991486e-14 1.8861721014e-14 1.4190270472e-14
3.0267333984e+02 3.3126414794e-14 1.8920432033e-14 1.4205982761e-14
3.0273437500e+02 3.3041104437e-14 1.8805469346e-14 1.4235635091e-14
3.0279541016e+02 3.2935542070e-14 1.8731943062e-14 1.4203599008e-14
3.0285644531e+02 3.2918781495e-14 1.8817967201e-14 1.4100814294e-14
3.0291748047e+02 3.2994916687e-14 1.8895198677e-14 1.4099718010e-14
3.0297851562e+02 3.2909370966e-14 1.8878615362e-14 1.4030755604e-14
3.0303955078e+02 3.2863622701e-14 1.8856258009e-14 1.4007364693e-14
3.0310058594e+02 3.2971310486e-14 1.8945420245e-14 1.4025890241e-14
3.0316162109e+02 3.2885921459e-14 1.8878779821e-14 1.4007141639e-14
3.0322265625e+02 3.2676199880e-14 1.8667962201e-14 1.4008237679e-14
3.0328369141e+02 3.2667969067e-14 1.8713381158e-14 1.3954587909e-14
3.0334472656e+02 3.2693473439e-14 1.8855167261e-14 1.3838306178e-14
3.0340576172e+02 3.2781134173e-14 1.8804549002e-14 1.3976585171e-14
3.0346679688e+02 3.2724631265e-14 1.8783094142e-14 1.3941537124e-14
3.0352783203e+02 3.2582114912e-14 1.8747069721e-14 1.3835045191e-14
3.0358886719e+02 3.2503519107e-14 1.8651494590e-14 1.3852024517e-14
3.0364990234e+02 3.2498487172e-14 1.8559365603e-14 1.3939121569e-14
3.0371093750e+02 3.2579373373e-14 1.8689353787e-14 1.3890019586e-14
3.0377197266e+02 3.2640734092e-14 1.8793795363e-14 1.3846938729e-14
3.0383300781e+02 3.2740537557e-14 1.8877569296e-14 1.3862968261e-14
3.0389404297e+02 3.2598538717e-14 1.8863567219e-14 1.3734971498e-14
3.0395507812e+02 3.2468672732e-14 1.8698829724e-14 1.3769843009e-14
3.0401611328e+02 3.2530925018e-14 1.8651542063e-14 1.3879382955e-14
3.0407714844e+02 3.2661409676e-14 1.8773547796e-14 1.3887861880e-14
3.0413818359e+02 3.2539655402e-14 1.8668380528e-14 1.3871274874e-14
3.0419921875e+02 3.2428286546e-14 1.8542621966e-14 1.3885664579e-14
3.0426025391e+02 3.2284272174e-14 1.8554931246e-14 1.3729340928e-14
3.0432128906e+02 3.2397715492e-14 1.8651535297e-14 1.3746180195e-14
3.0438232422e+02 3.2481979390e-14 1.8718903749e-14 1.3763075641e-14
3.0444335938e+02 3.2420088798e-14 1.8656634011e-14 1.3763454787e-14
3.0450439453e+02 3.2391215002e-14 1.8611204080e-14 1.3780010921e-14
3.0456542969e+02 3.2505306640e-14 1.8670648696e-14 1.3834657944e-14
3.0462646484e+02 3.2464868079e-14 1.8763148287e-14 1.3701719792e-14
3.0468750000e+02 3.2346382988e-14 1.8641190878e-14 1.3705192110e-14
3.0474853516e+02 3.2469720711e-14 1.8759770540e-14 1.3709950171e-14
3.0480957031e+02 3.2414271940e-14 1.8705774273e-14 1.3708497667e-14
3.0487060547e+02 3.2231461702e-14 1.8466248523e-14 1.3765213179e-14
3.0493164062e+02 3.2221496244e-14 1.8443292868e-14 1.3778203376e-14
3.0499267578e+02 3.2404381035e-14 1.8614809841e-14 1.3789571194e-14
3.0505371094e+02 3.2184717264e-14 1.8570926639e-14 1.3613790625e-14
3.0511474609e+02 3.2166584177e-14 1.8585311557e-14 1.3581272620e-14
3.0517578125e+02 3.2328621596e-14 1.8707526464e-14 1.3621095132e-14
3.0523681641e+02 3.2253174788e-14 1.8706398325e-14 1.3546776463e-14
3.0529785156e+02 3.2243683643e-14 1.8640309560e-14 1.3603374083e-14
3.0535888672e+02 3.2206607820e-14 1.8688296299e-14 1.3518311521e-14
3.0541992188e+02 3.2190027736e-14 1.8701649624e-14 1.3488378112e-14
3.0548095703e+02 3.1947609195e-14 1.8540032979e-14 1.3407576216e-14
3.0554199219e+02 3.1868188605e-14 1.8419365032e-14 1.3448823572e-14
3.0560302734e+02 3.1957334547e-14 1.8466397171e-14 1.3490937377e-14
3.0566406250e+02 3.2164160885e-14 1.8616529995e-14 1.3547630890e-14
3.0572509766e+02 3.1996945962e-14 1.8592852982e-14 1.3404092980e-14
3.0578613281e+02 3.1905795737e-14 1.8509000356e-14 1.3396795381e-14
3.0584716797e+02 3.1993353842e-14 1.8553711157e-14 1.3439642685e-14
3.0590820312e+02 3.2028710504e-14 1.8603786730e-14 1.3424923774e-14
3.0596923828e+02 3.2022638454e-14 1.8623218714e-14 1.3399419740e-14
3.0603027344e+02 3.1893492883e-14 1.8561448598e-14 1.3332044285e-14
3.0609130859e+02 3.1923316507e-14 1.8592420793e-14 1.3330895715e-14
3.0615234375e+02 3.1707556022e-14 1.8457715505e-14 1.3249840517e-14
3.0621337891e+02 3.1845139766e-14 1.8550006586e-14 1.3295133180e-14
3.0627441406e+02 3.1888922460e-14 1.8573018798e-14 1.3315903663e-14
3.0633544922e+02 3.1855159328e-14 1.8561590760e-14 1.3293568568e-14
3.0639648438e+02 3.1793745863e-14 1.8491955688e-14 1.3301790175e-14
3.0645751953e+02 3.1839764160e-14 1.8515011335e-14 1.3324752825e-14
3.0651855469e+02 3.1670573510e-14 1.8462475560e-14 1.3208097950e-14
3.0657958984e+02 3.1711613745e-14 1.8500248651e-14 1.3211365094e-14
3.0664062500e+02 3.1683782834e-14 1.8482036047e-14 1.3201746786e-14
3.0670166016e+02 3.1576522965e-14 1.8426595696e-14 1.3149927269e-14
3.0676269531e+02 3.1702550409e-14 1.8494848325e-14 1.3207702085e-14
3.0682373047e+02 3.1803886289e-14 1.8536965161e-14 1.3266921128e-14
3.0688476562e+02 3.1831517798e-14 1.8592635375e-14 1.3238882423e-14
3.0694580078e+02 3.1575456756e-14 1.8426964790e-14 1.3148491966e-14
3.0700683594e+02 3.1593439793e-14 1.8460702438e-14 1.3132737354e-14
3.0706787109e+02 3.1665955922e-14 1.8500379812e-14 1.3165576110e-14
3.0712890625e+02 3.1547353623e-14 1.8405751283e-14 1.3141602340e-14
3.0718994141e+02 3.1572340832e-14 1.8285331541e-14 1.3287009291e-14
3.0725097656e+02 3.1639928752e-14 1.8431121679e-14 1.3208807073e-14
3.0731201172e+02 3.1715856579e-14 1.8502646169e-14 1.3213210410e-14
3.0737304688e+02 3.1663456398e-14 1.8527231270e-14 1.3136225129e-14
3.0743408203e+02 3.1721642731e-14 1.8581205448e-14 1.3140437283e-14
3.0749511719e+02 3.1627692008e-14 1.8496095139e-14 1.3131596869e-14
3.0755615234e+02 3.1586786057e-14 1.8562075784e-14 1.3024710272e-14
3.0761718750e+02 3.1403689688e-14 1.8460529125e-14 1.2943160563e-14
3.0767822266e+02 3.1450116816e-14 1.8375323795e-14 1.3074793022e-14
3.0773925781e+02 3.1646172825e-14 1.8542531481e-14 1.3103641344e-14
3.0780029297e+02 3.1541279463e-14 1.8438433295e-14 1.3102846168e-14
3.0786132812e+02 3.1357223038e-14 1.8338957427e-14 1.3018265611e-14
3.0792236328e+02 3.1308179582e-14 1.8331140652e-14 1.2977038930e-14
3.0798339844e+02 3.1495702981e-14 1.8474320431e-14 1.3021382550e-14
3.0804443359e+02 3.1535459417e-14 1.8499427050e-14 1.3036032367e-14
3.0810546875e+02 3.1359762694e-14 1.8300090343e-14 1.3059672351e-14
3.0816650391e+02 3.1217785828e-14 1.8220318956e-14 1.2997466872e-14
3.0822753906e+02 3.1280992021e-14 1.8307390936e-14 1.2973601085e-14
3.0828857422e+02 3.1523671811e-14 1.8472798714e-14 1.3050873097e-14
3.0834960938e+02 3.1502281520e-14 1.8458085806e-14 1.3044195714e-14
3.0841064453e+02 3.1391996146e-14 1.8396873781e-14 1.2995122364e-14
3.0847167969e+02 3.1430812557e-14 1.8477795855e-14 1.2953016702e-14
3.0853271484e+02 3.1411807290e-14 1.8379813418e-14 1.3031993872e-14
3.0859375000e+02 3.1357602357e-14 1.8295064094e-14 1.3062538263e-14
3.0865478516e+02 3.1437199872e-14 1.8381372956e-14 1.3055826915e-14
3.0871582031e+02 3.1547657884e-14 1.8481796014e-14 1.3065861870e-14
3.0877685547e+02 3.1405829352e-14 1.8421197896e-14 1.2984631456e-14
3.0883789062e+02 3.1399227822e-14 1.8345543620e-14 1.3053684201e-14
3.0889892578e+02 3.1454872660e-14 1.8340129238e-14 1.3114743422e-14
3.0895996094e+02 3.1392750854e-14 1.8365010988e-14 1.3027739866e-14
3.0902099609e+02 3.1394492053e-14 1.8390014910e-14 1.3004477143e-14
3.0908203125e+02 3.1421826720e-14 1.8382271841e-14 1.3039554880e-14
3.0914306641e+02 3.1455973923e-14 1.8418242806e-14 1.3037731117e-14
3.0920410156e+02 3.1438681688e-14 1.8453485067e-14 1.2985196621e-14
3.0926513672e+02 3.1301511865e-14 1.8389604176e-14 1.2911907688e-14
3.0932617188e+02 3.1189362189e-14 1.8232824115e-14 1.2956538074e-14
3.0938720703e+02 3.1279808251e-14 1.8324457660e-14 1.2955350591e-14
3.0944824219e+02 3.1216947648e-14 1.8341512859e-14 1.2875434789e-14
3.0950927734e+02 3.1158025500e-14 1.8319604000e-14 1.2838421499e-14
3.0957031250e+02 3.1357136917e-14 1.8439167073e-14 1.2917969843e-14
3.0963134766e+02 3.1493523590e-14 1.8502440663e-14 1.2991082927e-14
3.0969238281e+02 3.1363727019e-14 1.8380143680e-14 1.2983583339e-14
3.0975341797e+02 3.1448707902e-14 1.8453900727e-14 1.2994807175e-14
3.0981445312e+02 3.1495557772e-14 1.8505396836e-14 1.2990160936e-14
3.0987548828e+02 3.1408218267e-14 1.8481812842e-14 1.2926405425e-14
3.0993652344e+02 3.1271489199e-14 1.8346880186e-14 1.2924609012e-14
3.0999755859e+02 3.1219156566e-14 1.8258231478e-14 1.2960925088e-14
3.1005859375e+02 3.1228903347e-14 1.8223652250e-14 1.3005251097e-14
3.1011962891e+02 3.1108149263e-14 1.8220773236e-14 1.2887376027e-14
3.1018066406e+02 3.1256712783e-14 1.8422094784e-14 1.2834618000e-14
3.1024169922e+02 3.1438041430e-14 1.8536413133e-14 1.2901628297e-14
3.1030273438e+02 3.1276248282e-14 1.8441809917e-14 1.2834438366e-14
3.1036376953e+02 3.1188913792e-14 1.8297659900e-14 1.2891253892e-14
3.1042480469e+02 3.1338712969e-14 1.8424938094e-14 1.2913774875e-14
3.1048583984e+02 3.1275220203e-14 1.8358521056e-14 1.2916699146e-14
3.1054687500e+02 3.1085066043e-14 1.8251817462e-14 1.2833248581e-14
3.1060791016e+02 3.1037766662e-14 1.8268098977e-14 1.2769667685e-14
3.1066894531e+02 3.0997558782e-14 1.8153428234e-14 1.2844130548e-14
3.1072998047e+02 3.1226753762e-14 1.8314821427e-14 1.2911932335e-14
3.1079101562e+02 3.1171560963e-14 1.8358507397e-14 1.2813053566e-14
3.1085205078e+02 3.1198263797e-14 1.8364033092e-14 1.2834230705e-14
3.1091308594e+02 3.1140561775e-14 1.8313436826e-14 1.2827124949e-14
3.1097412109e+02 3.1249435522e-14 1.8339533024e-14 1.2909902498e-14
3.1103515625e+02 3.1178604223e-14 1.8301313845e-14 1.2877290378e-14
3.1109619141e+02 3.1118789079e-14 1.8319325979e-14 1.2799463101e-14
3.1115722656e+02 3.1200166602e-14 1.8358047230e-14 1.2842119372e-14
3.1121826172e+02 3.1209964287e-14 1.8355314615e-14 1.2854649672e-14
3.1127929688e+02 3.1183660986e-14 1.8257545334e-14 1.2926115652e-14
3.1134033203e+02 3.1095724945e-14 1.8251075689e-14 1.2844649256e-14
3.1140136719e+02 3.1089355940e-14 1.8285112353e-14 1.2804243588e-14
3.1146240234e+02 3.1054407206e-14 1.8245383403e-14 1.2809023803e-14
3.1152343750e+02 3.1010446576e-14 1.8262967337e-14 1.2747479239e-14
3.1158447266e+02 3.1031809651e-14 1.8312841185e-14 1.2718968466e-14
3.1164550781e+02 3.1075860597e-14 1.8337744123e-14 1.2738116474e-14
3.1170654297e+02 3.1199871199e-14 1.8323538933e-14 1.2876332265e-14
3.1176757812e+02 3.1082032776e-14 1.8297564702e-14 1.2784468074e-14
3.1182861328e+02 3.1013604294e-14 1.8247669452e-14 1.2765934842e-14
3.1188964844e+02 3.1228426664e-14 1.8339014467e-14 1.2889412196e-14
3.1195068359e+02 3.1219333540e-14 1.8295431801e-14 1.2923901739e-14
3.1201171875e+02 3.1011342612e-14 1.8180575939e-14 1.2830766673e-14
3.1207275391e+02 3.0897955796e-14 1.8169193952e-14 1.2728761844e-14
3.1213378906e+02 3.0849101270e-14 1.8194494423e-14 1.2654606846e-14
3.1219482422e+02 3.1068931164e-14 1.8307057290e-14 1.2761873875e-14
3.1225585938e+02 3.1294784434e-14 1.8420022402e-14 1.2874762033e-14
3.1231689453e+02 3.1082563275e-14 1.8378482823e-14 1.2704080452e-14
3.1237792969e+02 3.0979995625e-14 1.8237396545e-14 1.2742599080e-14
3.1243896484e+02 3.1116653992e-14 1.8245867640e-14 1.2870786351e-14
3.1250000000e+02 3.1054198336e-14 1.8294904697e-14 1.2759293639e-14
3.1256103516e+02 3.1028461625e-14 1.8231215010e-14 1.2797246615e-14
3.1262207031e+02 3.0920646322e-14 1.8190457811e-14 1.2730188512e-14
3.1268310547e+02 3.0810609987e-14 1.8124934263e-14 1.2685675724e-14
3.1274414062e+02 3.0827808747e-14 1.8131933071e-14 1.2695875676e-14
3.1280517578e+02 3.0913747042e-14 1.8199192820e-14 1.2714554223e-14
3.1286621094e+02 3.0934763563e-14 1.8241974057e-14 1.2692789506e-14
3.1292724609e+02 3.0905519569e-14 1.8196419504e-14 1.2709100065e-14
3.1298828125e+02 3.0882832697e-14 1.8186497862e-14 1.2696334835e-14
3.1304931641e+02 3.0971644463e-14 1.8243307707e-14 1.2728336756e-14
3.1311035156e+02 3.0878410290e-14 1.8175254024e-14 1.2703156266e-14
3.1317138672e+02 3.0913899341e-14 1.8219969875e-14 1.2693929466e-14
3.1323242188e+02 3.1046371300e-14 1.8257225914e-14 1.2789145385e-14
3.1329345703e+02 3.0845643510e-14 1.8131429758e-14 1.2714213753e-14
3.1335449219e+02 3.0875327069e-14 1.8157777770e-14 1.2717549299e-14
3.1341552734e+02 3.0882676311e-14 1.8188666485e-14 1.2694009826e-14
3.1347656250e+02 3.1046307291e-14 1.8249943137e-14 1.2796364154e-14
3.1353759766e+02 3.0916193042e-14 1.8219506951e-14 1.2696686091e-14
3.1359863281e+02 3.0915279799e-14 1.8332513512e-14 1.2582766287e-14
3.1365966797e+02 3.0887809352e-14 1.8254254541e-14 1.2633554811e-14
3.1372070312e+02 3.0705615201e-14 1.8196371451e-14 1.2509243750e-14
3.1378173828e+02 3.0726306290e-14 1.8171114317e-14 1.2555191974e-14
3.1384277344e+02 3.0590818672e-14 1.8029470756e-14 1.2561347916e-14
3.1390380859e+02 3.0585447513e-14 1.8108818670e-14 1.2476628843e-14
3.1396484375e+02 3.0698650442e-14 1.8104386889e-14 1.2594263554e-14
3.1402587891e+02 3.0711380409e-14 1.8125346128e-14 1.2586034281e-14
3.1408691406e+02 3.0691901134e-14 1.8158047518e-14 1.2533853616e-14
3.1414794922e+02 3.0725944453e-14 1.8155114526e-14 1.2570829927e-14
3.1420898438e+02 3.0715244839e-14 1.8203637477e-14 1.2511607362e-14
3.1427001953e+02 3.0804959640e-14 1.8254419923e-14 1.2550539717e-14
3.1433105469e+02 3.0657042416e-14 1.8156426958e-14 1.2500615457e-14
3.1439208984e+02 3.0585428916e-14 1.8077781342e-14 1.2507647574e-14
3.1445312500e+02 3.0642802757e-14 1.8174905307e-14 1.2467897450e-14
3.1451416016e+02 3.0691747441e-14 1.8062289337e-14 1.2629458104e-14
3.1457519531e+02 3.0689800868e-14 1.8039089824e-14 1.2650711044e-14
3.1463623047e+02 3.0533798051e-14 1.8035503483e-14 1.2498294568e-14
3.1469726562e+02 3.0576198659e-14 1.8103892717e-14 1.2472305941e-14
3.1475830078e+02 3.0677278989e-14 1.8164025883e-14 1.2513253106e-14
3.1481933594e+02 3.0675988930e-14 1.8188154907e-14 1.2487834023e-14
3.1488037109e+02 3.0716555627e-14 1.8183337889e-14 1.2533217738e-14
3.1494140625e+02 3.0656533186e-14 1.8180522036e-14 1.2476011150e-14
3.1500244141e+02 3.0694321568e-14 1.8265247954e-14 1.2429073614e-14
3.1506347656e+02 3.0582506551e-14 1.8201019721e-14 1.2381486829e-14
3.1512451172e+02 3.0649464925e-14 1.8225793669e-14 1.2423671255e-14
3.1518554688e+02 3.0669570741e-14 1.8197490012e-14 1.2472080729e-14
3.1524658203e+02 3.0596362686e-14 1.8080716565e-14 1.2515646122e-14
3.1530761719e+02 3.0591161752e-14 1.8156742760e-14 1.2434418992e-14
3.1536865234e+02 3.0605124033e-14 1.8128244996e-14 1.2476879037e-14
3.1542968750e+02 3.0634438744e-14 1.8168810791e-14 1.2465627953e-14
3.1549072266e+02 3.0508630237e-14 1.8088731482e-14 1.2419898755e-14
3.1555175781e+02 3.0575454401e-14 1.8080923679e-14 1.2494530722e-14
3.1561279297e+02 3.0605854541e-14 1.8147552880e-14 1.2458301661e-14
3.1567382812e+02 3.0593519751e-14 1.8176363709e-14 1.2417156042e-14
3.1573486328e+02 3.0521573548e-14 1.8113156232e-14 1.2408417316e-14
3.1579589844e+02 3.0556180579e-14 1.8077431828e-14 1.2478748751e-14
3.1585693359e+02 3.0543408086e-14 1.8061995359e-14 1.2481412727e-14
3.1591796875e+02 3.0390330524e-14 1.8007400101e-14 1.2382930424e-14
3.1597900391e+02 3.0376172192e-14 1.8045633836e-14 1.2330538357e-14
3.1604003906e+02 3.0392686282e-14 1.8012561993e-14 1.2380124289e-14
3.1610107422e+02 3.0383584867e-14 1.7999041141e-14 1.2384543726e-14
3.1616210938e+02 3.0403912175e-14 1.7975038045e-14 1.2428874130e-14
3.1622314453e+02 3.0464450966e-14 1.8031699578e-14 1.2432751387e-14
3.1628417969e+02 3.0357803555e-14 1.8033372120e-14 1.2324431435e-14
3.1634521484e+02 3.0413095720e-14 1.8084905624e-14 1.2328190096e-14
3.1640625000e+02 3.0379493108e-14 1.8038415347e-14 1.2341077761e-14
3.1646728516e+02 3.0377413380e-14 1.8019945250e-14 1.2357468130e-14
3.1652832031e+02 3.0569039297e-14 1.8132262344e-14 1.2436776953e-14
3.1658935547e+02 3.0618890034e-14 1.8175239723e-14 1.2443650312e-14
3.1665039062e+02 3.0463945338e-14 1.8026610991e-14 1.2437334347e-14
3.1671142578e+02 3.0600722424e-14 1.8106639001e-14 1.2494083423e-14
3.1677246094e+02 3.0575830714e-14 1.8116260285e-14 1.2459570429e-14
3.1683349609e+02 3.0543823402e-14 1.8109251267e-14 1.2434572135e-14
3.1689453125e+02 3.0628458129e-14 1.8209605866e-14 1.2418852263e-14
3.1695556641e+02 3.0459846467e-14 1.8093217698e-14 1.2366628769e-14
3.1701660156e+02 3.0352987696e-14 1.7999268631e-14 1.2353719065e-14
3.1707763672e+02 3.0544763611e-14 1.8168114106e-14 1.2376649505e-14
3.1713867188e+02 3.0391428263e-14 1.7966452267e-14 1.2424975995e-14
3.1719970703e+02 3.0411490734e-14 1.8025543518e-14 1.2385947216e-14
3.1726074219e+02 3.0442647440e-14 1.8096344757e-14 1.2346302683e-14
3.1732177734e+02 3.0322501759e-14 1.8033331017e-14 1.2289170742e-14
3.1738281250e+02 3.0341875039e-14 1.8014468286e-14 1.2327406752e-14
3.1744384766e+02 3.0448202535e-14 1.8013942448e-14 1.2434260086e-14
3.1750488281e+02 3.0477328669e-14 1.8054375756e-14 1.2422952913e-14
3.1756591797e+02 3.0535637332e-14 1.8145019666e-14 1.2390617666e-14
3.1762695312e+02 3.0476040182e-14 1.8144850025e-14 1.2331190157e-14
3.1768798828e+02 3.0451996285e-14 1.8183409297e-14 1.2268586989e-14
3.1774902344e+02 3.0375488887e-14 1.8077656621e-14 1.2297832267e-14
3.1781005859e+02 3.0220733376e-14 1.7921389118e-14 1.2299344258e-14
3.1787109375e+02 3.0232281323e-14 1.7965377682e-14 1.2266903641e-14
3.1793212891e+02 3.0376591574e-14 1.8089588696e-14 1.2287002878e-14
3.1799316406e+02 3.0238992870e-14 1.7929115650e-14 1.2309877220e-14
3.1805419922e+02 3.0205304205e-14 1.7845202927e-14 1.2360101278e-14
3.1811523438e+02 3.0253772863e-14 1.7911314365e-14 1.2342458498e-14
3.1817626953e+02 3.0313447623e-14 1.8036481867e-14 1.2276965756e-14
3.1823730469e+02 3.0141502586e-14 1.7974536365e-14 1.2166966220e-14
3.1829833984e+02 3.0225349785e-14 1.8014211713e-14 1.2211138072e-14
3.1835937500e+02 3.0103422554e-14 1.7900046991e-14 1.2203375563e-14
3.1842041016e+02 3.0257717393e-14 1.7897917010e-14 1.2359800383e-14
3.1848144531e+02 3.0409125195e-14 1.7949516783e-14 1.2459608413e-14
3.1854248047e+02 3.0359089395e-14 1.8011555944e-14 1.2347533451e-14
3.1860351562e+02 3.0341066299e-14 1.8045553921e-14 1.2295512378e-14
3.1866455078e+02 3.0251875632e-14 1.8017164100e-14 1.2234711532e-14
3.1872558594e+02 3.0261419130e-14 1.7966925852e-14 1.2294493278e-14
3.1878662109e+02 3.0245537907e-14 1.7955383911e-14 1.2290153995e-14
3.1884765625e+02 3.0175824966e-14 1.7934930286e-14 1.2240894680e-14
3.1890869141e+02 2.9991609195e-14 1.7823765685e-14 1.2167843510e-14
3.1896972656e+02 3.0063222434e-14 1.7944159171e-14 1.2119063263e-14
3.1903076172e+02 3.0123447427e-14 1.7975558182e-14 1.2147889245e-14
3.1909179688e+02 3.0119647074e-14 1.7975221377e-14 1.2144425698e-14
3.1915283203e+02 3.0048915350e-14 1.7902995321e-14 1.2145920029e-14
3.1921386719e+02 3.0053805324e-14 1.7892355802e-14 1.2161449522e-14
3.1927490234e+02 3.0009532611e-14 1.7868065317e-14 1.2141467294e-14
3.1933593750e+02 3.0121096656e-14 1.7946340403e-14 1.2174756253e-14
3.1939697266e+02 3.0152551270e-14 1.7924654449e-14 1.2227896821e-14
3.1945800781e+02 3.0139240662e-14 1.7936710414e-14 1.2202530247e-14
3.1951904297e+02 2.9975000064e-14 1.7829719291e-14 1.2145280773e-14
3.1958007812e+02 2.9908391240e-14 1.7789486236e-14 1.2118905003e-14
3.1964111328e+02 3.0013719532e-14 1.7889113133e-14 1.2124606398e-14
3.1970214844e+02 3.0106026081e-14 1.7871092405e-14 1.2234933676e-14
3.1976318359e+02 3.0007948141e-14 1.7874701140e-14 1.2133247002e-14
3.1982421875e+02 3.0085984559e-14 1.7936718676e-14 1.2149265883e-14
3.1988525391e+02 2.9974438060e-14 1.7937236740e-14 1.2037201320e-14
3.1994628906e+02 2.9985521671e-14 1.7926377826e-14 1.2059143845e-14
3.2000732422e+02 3.0022343543e-14 1.7961166045e-14 1.2061177498e-14
3.2006835938e+02 3.0091819983e-14 1.8018335142e-14 1.2073484841e-14
3.2012939453e+02 2.9913158191e-14 1.7876300953e-14 1.2036857238e-14
3.2019042969e+02 3.0081759303e-14 1.8064339188e-14 1.2017420116e-14
3.2025146484e+02 3.0089326230e-14 1.8063071441e-14 1.2026254789e-14
3.2031250000e+02 2.9966078989e-14 1.7910002970e-14 1.2056076019e-14
3.2037353516e+02 2.9877039106e-14 1.7839499063e-14 1.2037540043e-14
3.2043457031e+02 2.9930342530e-14 1.7915804943e-14 1.2014537586e-14
3.2049560547e+02 3.0062712112e-14 1.7990980862e-14 1.2071731249e-14
3.2055664062e+02 3.0065784390e-14 1.8013897184e-14 1.2051887206e-14
3.2061767578e+02 2.9928038644e-14 1.7906217109e-14 1.2021821536e-14
3.2067871094e+02 2.9817474551e-14 1.7857424529e-14 1.1960050022e-14
3.2073974609e+02 2.9883600514e-14 1.7854492524e-14 1.2029107990e-14
3.2080078125e+02 2.9924218565e-14 1.7835829047e-14 1.2088389518e-14
3.2086181641e+02 2.9858387111e-14 1.7808557231e-14 1.2049829880e-14
3.2092285156e+02 2.9754232609e-14 1.7853238687e-14 1.1900993922e-14
3.2098388672e+02 2.9649857197e-14 1.7797270180e-14 1.1852587017e-14
3.2104492188e+02 2.9836031840e-14 1.7895848580e-14 1.1940183260e-14
3.2110595703e+02 2.9789924477e-14 1.7846040117e-14 1.1943884361e-14
3.2116699219e+02 2.9794889612e-14 1.7858794636e-14 1.1936094976e-14
3.2122802734e+02 2.9751379160e-14 1.7860884927e-14 1.1890494232e-14
3.2128906250e+02 2.9766616974e-14 1.7841668759e-14 1.1924948215e-14
3.2135009766e+02 2.9690347469e-14 1.7843772906e-14 1.1846574563e-14
3.2141113281e+02 2.9747378187e-14 1.7847909002e-14 1.1899469185e-14
3.2147216797e+02 2.9755480927e-14 1.7866920798e-14 1.1888560129e-14
3.2153320312e+02 2.9784993123e-14 1.7856894923e-14 1.1928098200e-14
3.2159423828e+02 2.9836381625e-14 1.7842234039e-14 1.1994147586e-14
3.2165527344e+02 2.9825803698e-14 1.7872851645e-14 1.1952952053e-14
3.2171630859e+02 2.9644573868e-14 1.7799955497e-14 1.1844618371e-14
3.2177734375e+02 2.9663277623e-14 1.7863004307e-14 1.1800273317e-14
3.2183837891e+02 2.9816682609e-14 1.7886309069e-14 1.1930373540e-14
3.2189941406e+02 2.9824357414e-14 1.7921206147e-14 1.1903151266e-14
3.2196044922e+02 2.9716306636e-14 1.7796259675e-14 1.1920046961e-14
3.2202148438e+02 2.9694604767e-14 1.7780169735e-14 1.1914435032e-14
3.2208251953e+02 2.9759315559e-14 1.7896002127e-14 1.1863313431e-14
3.2214355469e+02 2.9734248681e-14 1.7839800877e-14 1.1894447803e-14
3.2220458984e+02 2.9671963262e-14 1.7832964857e-14 1.1838998404e-14
3.2226562500e+02 2.9722774698e-14 1.7827677670e-14 1.1895097028e-14
3.2232666016e+02 2.9728581446e-14 1.7898460719e-14 1.1830120728e-14
3.2238769531e+02 2.9759041823e-14 1.7900611004e-14 1.1858430820e-14
3.2244873047e+02 2.9750326183e-14 1.7852506601e-14 1.1897819582e-14
3.2250976562e+02 2.9781553373e-14 1.7878277879e-14 1.1903275494e-14
3.2257080078e+02 2.9601732012e-14 1.7811867722e-14 1.1789864290e-14
3.2263183594e+02 2.9578052680e-14 1.7857431810e-14 1.1720620870e-14
3.2269287109e+02 2.9553626807e-14 1.7833668821e-14 1.1719957986e-14
3.2275390625e+02 2.9517464888e-14 1.7766376261e-14 1.1751088627e-14
3.2281494141e+02 2.9614158794e-14 1.7811182296e-14 1.1802976498e-14
3.2287597656e+02 2.9573156545e-14 1.7864057081e-14 1.1709099464e-14
3.2293701172e+02 2.9569170855e-14 1.7807107714e-14 1.1762063140e-14
3.2299804688e+02 2.9408015204e-14 1.7661268032e-14 1.1746747172e-14
3.2305908203e+02 2.9365824508e-14 1.7669462246e-14 1.1696362262e-14
3.2312011719e+02 2.9509839830e-14 1.7807010203e-14 1.1702829626e-14
3.2318115234e+02 2.9588288450e-14 1.7869412148e-14 1.1718876301e-14
3.2324218750e+02 2.9492376033e-14 1.7816738741e-14 1.1675637292e-14
3.2330322266e+02 2.9420002207e-14 1.7811870967e-14 1.1608131240e-14
3.2336425781e+02 2.9471918340e-14 1.7740992517e-14 1.1730925824e-14
3.2342529297e+02 2.9293854365e-14 1.7599244390e-14 1.1694609975e-14
3.2348632812e+02 2.9406221271e-14 1.7666430095e-14 1.1739791175e-14
3.2354736328e+02 2.9616817966e-14 1.7854735018e-14 1.1762082948e-14
3.2360839844e+02 2.9514427193e-14 1.7829635452e-14 1.1684791741e-14
3.2366943359e+02 2.9465144686e-14 1.7770459766e-14 1.1694684919e-14
3.2373046875e+02 2.9513998450e-14 1.7736247455e-14 1.1777750995e-14
3.2379150391e+02 2.9448576805e-14 1.7704569116e-14 1.1744007690e-14
3.2385253906e+02 2.9541605885e-14 1.7829169311e-14 1.1712436574e-14
3.2391357422e+02 2.9680421604e-14 1.7880014314e-14 1.1800407290e-14
3.2397460938e+02 2.9449136794e-14 1.7717204912e-14 1.1731931882e-14
3.2403564453e+02 2.9468994770e-14 1.7671854295e-14 1.1797140475e-14
3.2409667969e+02 2.9421909632e-14 1.7738385519e-14 1.1683524113e-14
3.2415771484e+02 2.9384843014e-14 1.7777643324e-14 1.1607199690e-14
3.2421875000e+02 2.9473474773e-14 1.7762208696e-14 1.1711266077e-14
3.2427978516e+02 2.9478098097e-14 1.7793149078e-14 1.1684949019e-14
3.2434082031e+02 2.9583763591e-14 1.7887819119e-14 1.1695944473e-14
3.2440185547e+02 2.9612061023e-14 1.7853719303e-14 1.1758341720e-14
3.2446289062e+02 2.9651358386e-14 1.7914692304e-14 1.1736666082e-14
3.2452392578e+02 2.9487509186e-14 1.7788927007e-14 1.1698582179e-14
3.2458496094e+02 2.9493628615e-14 1.7841460996e-14 1.1652167619e-14
3.2464599609e+02 2.9530314416e-14 1.7949775849e-14 1.1580538567e-14
3.2470703125e+02 2.9444782284e-14 1.7825592967e-14 1.1619189317e-14
3.2476806641e+02 2.9389774275e-14 1.7701746273e-14 1.1688028003e-14
3.2482910156e+02 2.9399955417e-14 1.7696642937e-14 1.1703312480e-14
3.2489013672e+02 2.9495817616e-14 1.7759983275e-14 1.1735834341e-14
3.2495117188e+02 2.9443892830e-14 1.7777525883e-14 1.1666366946e-14
3.2501220703e+02 2.9313970972e-14 1.7732768380e-14 1.1581202592e-14
3.2507324219e+02 2.9355751781e-14 1.7750374410e-14 1.1605377371e-14
3.2513427734e+02 2.9218749289e-14 1.7618137391e-14 1.1600611898e-14
3.2519531250e+02 2.9118634037e-14 1.7526521902e-14 1.1592112135e-14
3.2525634766e+02 2.9325552663e-14 1.7742414752e-14 1.1583137911e-14
3.2531738281e+02 2.9483902862e-14 1.7894371149e-14 1.1589531713e-14
3.2537841797e+02 2.9368332417e-14 1.7745624002e-14 1.1622708416e-14
3.2543945312e+02 2.9316685470e-14 1.7733674928e-14 1.1583010542e-14
3.2550048828e+02 2.9385892053e-14 1.7843208900e-14 1.1542683153e-14
3.2556152344e+02 2.9305099554e-14 1.7676599909e-14 1.1628499645e-14
3.2562255859e+02 2.9332890295e-14 1.7743033077e-14 1.1589857218e-14
3.2568359375e+02 2.9435228119e-14 1.7835071495e-14 1.1600156624e-14
3.2574462891e+02 2.9373868631e-14 1.7807919588e-14 1.1565949044e-14
3.2580566406e+02 2.9325207669e-14 1.7714543988e-14 1.1610663681e-14
3.2586669922e+02 2.9284224954e-14 1.7712168479e-14 1.1572056475e-14
3.2592773438e+02 2.9309134237e-14 1.7749887170e-14 1.1559247067e-14
3.2598876953e+02 2.9334840183e-14 1.7819539965e-14 1.1515300217e-14
3.2604980469e+02 2.9391134285e-14 1.7852305255e-14 1.1538829030e-14
3.2611083984e+02 2.9249040442e-14 1.7662151358e-14 1.1586889083e-14
3.2617187500e+02 2.9281674308e-14 1.7684167599e-14 1.1597506709e-14
3.2623291016e+02 2.9344873520e-14 1.7844444175e-14 1.1500429344e-14
3.2629394531e+02 2.9197187543e-14 1.7646632701e-14 1.1550554842e-14
3.2635498047e+02 2.9195808469e-14 1.7659915499e-14 1.1535892970e-14
3.2641601562e+02 2.9179146676e-14 1.7610544134e-14 1.1568602542e-14
3.2647705078e+02 2.9256622324e-14 1.7627102205e-14 1.1629520119e-14
3.2653808594e+02 2.9150472323e-14 1.7621644692e-14 1.1528827631e-14
3.2659912109e+02 2.9217103419e-14 1.7690992444e-14 1.1526110975e-14
3.2666015625e+02 2.9328805000e-14 1.7759354616e-14 1.1569450384e-14
3.2672119141e+02 2.9230041628e-14 1.7656538587e-14 1.1573503040e-14
3.2678222656e+02 2.9304290283e-14 1.7801400235e-14 1.1502890048e-14
3.2684326172e+02 2.9342414680e-14 1.7781933026e-14 1.1560481655e-14
3.2690429688e+02 2.9383932496e-14 1.7798355417e-14 1.1585577079e-14
3.2696533203e+02 2.9399739971e-14 1.7891913231e-14 1.1507826740e-14
3.2702636719e+02 2.9258459979e-14 1.7760379488e-14 1.1498080491e-14
3.2708740234e+02 2.9170134163e-14 1.7678031041e-14 1.1492103121e-14
3.2714843750e+02 2.9236380934e-14 1.7674232246e-14 1.1562148687e-14
3.2720947266e+02 2.9167071520e-14 1.7558131343e-14 1.1608940177e-14
3.2727050781e+02 2.9064018153e-14 1.7620848869e-14 1.1443169284e-14
3.2733154297e+02 2.9181687765e-14 1.7723440701e-14 1.1458247064e-14
3.2739257812e+02 2.9275881291e-14 1.7759705197e-14 1.1516176094e-14
3.2745361328e+02 2.9259157544e-14 1.7688662750e-14 1.1570494795e-14
3.2751464844e+02 2.9143908059e-14 1.7605591078e-14 1.1538316980e-14
3.2757568359e+02 2.9121128919e-14 1.7591910113e-14 1.1529218805e-14
3.2763671875e+02 2.9150108040e-14 1.7625590551e-14 1.1524517489e-14
3.2769775391e+02 2.9115905462e-14 1.7592690187e-14 1.1523215275e-14
3.2775878906e+02 2.9069673848e-14 1.7546222340e-14 1.1523451508e-14
3.2781982422e+02 2.9214504823e-14 1.7640662928e-14 1.1573841895e-14
3.2788085938e+02 2.9299467175e-14 1.7732156455e-14 1.1567310719e-14
3.2794189453e+02 2.9254695622e-14 1.7788980029e-14 1.1465715593e-14
3.2800292969e+02 2.9216766558e-14 1.7755282400e-14 1.1461484158e-14
3.2806396484e+02 2.9113004125e-14 1.7665069978e-14 1.1447934146e-14
3.2812500000e+02 2.9157910519e-14 1.7641151780e-14 1.1516758739e-14
3.2818603516e+02 2.9190201764e-14 1.7639708796e-14 1.1550492968e-14
3.2824707031e+02 2.9236656967e-14 1.7658780816e-14 1.1577876151e-14
3.2830810547e+02 2.9231505240e-14 1.7722734957e-14 1.1508770283e-14
3.2836914062e+02 2.9080328989e-14 1.7574516243e-14 1.1505812746e-14
3.2843017578e+02 2.9016945736e-14 1.7536775130e-14 1.1480170607e-14
3.2849121094e+02 2.9096532254e-14 1.7603660554e-14 1.1492871700e-14
3.2855224609e+02 2.9102393745e-14 1.7619251780e-14 1.1483141965e-14
3.2861328125e+02 2.9168104532e-14 1.7669796089e-14 1.1498308443e-14
3.2867431641e+02 2.9169839866e-14 1.7728434681e-14 1.1441405184e-14
3.2873535156e+02 2.9046519070e-14 1.7695283678e-14 1.1351235391e-14
3.2879638672e+02 2.8993458595e-14 1.7614461711e-14 1.1378996884e-14
3.2885742188e+02 2.8931439730e-14 1.7525699266e-14 1.1405740464e-14
3.2891845703e+02 2.8896342000e-14 1.7499780296e-14 1.1396561704e-14
3.2897949219e+02 2.8932535276e-14 1.7520655192e-14 1.1411880084e-14
3.2904052734e+02 2.8975765655e-14 1.7557562501e-14 1.1418203155e-14
3.2910156250e+02 2.9105763228e-14 1.7720379311e-14 1.1385383917e-14
3.2916259766e+02 2.9175878377e-14 1.7713757809e-14 1.1462120568e-14
3.2922363281e+02 2.8994745770e-14 1.7605102578e-14 1.1389643192e-14
3.2928466797e+02 2.9017668455e-14 1.7674747893e-14 1.1342920563e-14
3.2934570312e+02 2.9193143527e-14 1.7756275487e-14 1.1436868040e-14
3.2940673828e+02 2.9054874253e-14 1.7675869394e-14 1.1379004859e-14
3.2946777344e+02 2.9006446191e-14 1.7508540256e-14 1.1497905935e-14
3.2952880859e+02 2.9122001310e-14 1.7613982121e-14 1.1508019189e-14
3.2958984375e+02 2.8949584316e-14 1.7574570249e-14 1.1375014067e-14
3.2965087891e+02 2.8947481135e-14 1.7586502367e-14 1.1360978769e-14
3.2971191406e+02 2.9018332533e-14 1.7575313306e-14 1.1443019227e-14
3.2977294922e+02 2.8956222621e-14 1.7507805729e-14 1.1448416891e-14
3.2983398438e+02 2.9072206248e-14 1.7594133592e-14 1.1478072655e-14
3.2989501953e+02 2.9182594020e-14 1.7680702749e-14 1.1501891270e-14
3.2995605469e+02 2.9083254716e-14 1.7634297824e-14 1.1448956892e-14
3.3001708984e+02 2.9044038711e-14 1.7641373697e-14 1.1402665014e-14
3.3007812500e+02 2.8989880828e-14 1.7593728794e-14 1.1396152034e-14
3.3013916016e+02 2.8879149653e-14 1.7528376641e-14 1.1350773012e-14
3.3020019531e+02 2.9116570131e-14 1.7711582353e-14 1.1404987778e-14
3.3026123047e+02 2.9142067908e-14 1.7688700259e-14 1.1453367649e-14
3.3032226562e+02 2.9095092144e-14 1.7659996517e-14 1.1435095627e-14
3.3038330078e+02 2.9037234201e-14 1.7625572373e-14 1.1411661828e-14
3.3044433594e+02 2.9149831136e-14 1.7703210224e-14 1.1446620913e-14
3.3050537109e+02 2.9020752220e-14 1.7706219069e-14 1.1314533152e-14
3.3056640625e+02 2.9113968793e-14 1.7745755337e-14 1.1368213456e-14
3.3062744141e+02 2.9095184365e-14 1.7706955501e-14 1.1388228864e-14
3.3068847656e+02 2.9190704817e-14 1.7778078300e-14 1.1412626517e-14
3.3074951172e+02 2.9076685131e-14 1.7688605104e-14 1.1388080027e-14
3.3081054688e+02 2.8826476638e-14 1.7501495052e-14 1.1324981586e-14
3.3087158203e+02 2.8818144887e-14 1.7547390025e-14 1.1270754861e-14
3.3093261719e+02 2.8773159835e-14 1.7518106310e-14 1.1255053524e-14
3.3099365234e+02 2.8851339692e-14 1.7607133399e-14 1.1244206293e-14
3.3105468750e+02 2.8767909142e-14 1.7553031816e-14 1.1214877327e-14
3.3111572266e+02 2.9025438509e-14 1.7683790227e-14 1.1341648282e-14
3.3117675781e+02 2.8872948455e-14 1.7585695368e-14 1.1287253087e-14
3.3123779297e+02 2.8921011132e-14 1.7649899964e-14 1.1271111168e-14
3.3129882812e+02 2.9038471860e-14 1.7775341348e-14 1.1263130512e-14
3.3135986328e+02 2.8949936039e-14 1.7677899477e-14 1.1272036561e-14
3.3142089844e+02 2.8851699194e-14 1.7568944819e-14 1.1282754375e-14
3.3148193359e+02 2.8839527908e-14 1.7539654843e-14 1.1299873065e-14
3.3154296875e+02 2.8810630142e-14 1.7551401571e-14 1.1259228571e-14
3.3160400391e+02 2.8716447974e-14 1.7527713204e-14 1.1188734769e-14
3.3166503906e+02 2.8775616963e-14 1.7592833902e-14 1.1182783061e-14
3.3172607422e+02 2.8789901476e-14 1.7551828167e-14 1.1238073309e-14
3.3178710938e+02 2.8897706126e-14 1.7600021602e-14 1.1297684524e-14
3.3184814453e+02 2.8851347177e-14 1.7585510006e-14 1.1265837171e-14
3.3190917969e+02 2.8866414006e-14 1.7617144967e-14 1.1249269039e-14
3.3197021484e+02 2.8868706835e-14 1.7624942651e-14 1.1243764184e-14
3.3203125000e+02 2.8928696479e-14 1.7621579933e-14 1.1307116546e-14
3.3209228516e+02 2.8904594547e-14 1.7643571487e-14 1.1261023060e-14
3.3215332031e+02 2.8890092821e-14 1.7629790861e-14 1.1260301960e-14
3.3221435547e+02 2.8878873493e-14 1.7517877029e-14 1.1360996464e-14
3.3227539062e+02 2.8890850094e-14 1.7632601528e-14 1.1258248566e-14
3.3233642578e+02 2.8863909481e-14 1.7657912469e-14 1.1205997012e-14
3.3239746094e+02 2.8813183498e-14 1.7621868741e-14 1.1191314757e-14
3.3245849609e+02 2.8803672893e-14 1.7580981822e-14 1.1222691071e-14
3.3251953125e+02 2.8763425516e-14 1.7597881711e-14 1.1165543805e-14
3.3258056641e+02 2.8717188510e-14 1.7506053705e-14 1.1211134805e-14
3.3264160156e+02 2.8742830354e-14 1.7544626160e-14 1.1198204194e-14
3.3270263672e+02 2.8818420981e-14 1.7530741518e-14 1.1287679464e-14
3.3276367188e+02 2.8837152545e-14 1.7534288791e-14 1.1302863755e-14
3.3282470703e+02 2.8807292999e-14 1.7572381109e-14 1.1234911890e-14
3.3288574219e+02 2.8795228559e-14 1.7500135666e-14 1.1295092893e-14
3.3294677734e+02 2.8745583331e-14 1.7497714180e-14 1.1247869152e-14
3.3300781250e+02 2.8632411155e-14 1.7497231853e-14 1.1135179302e-14
3.3306884766e+02 2.8618600890e-14 1.7504665194e-14 1.1113935696e-14
3.3312988281e+02 2.8675066264e-14 1.7520057991e-14 1.1155008274e-14
3.3319091797e+02 2.8614882552e-14 1.7480822962e-14 1.1134059591e-14
3.3325195312e+02 2.8534606106e-14 1.7465033433e-14 1.1069572673e-14
3.3331298828e+02 2.8718173472e-14 1.7508744592e-14 1.1209428879e-14
3.3337402344e+02 2.8696414295e-14 1.7460883369e-14 1.1235530926e-14
3.3343505859e+02 2.8671939615e-14 1.7500260705e-14 1.1171678910e-14
3.3349609375e+02 2.8640776331e-14 1.7548105037e-14 1.1092671294e-14
3.3355712891e+02 2.8621056073e-14 1.7482196316e-14 1.1138859757e-14
3.3361816406e+02 2.8613817261e-14 1.7462797232e-14 1.1151020029e-14
3.3367919922e+02 2.8726185434e-14 1.7491965615e-14 1.1234219819e-14
3.3374023438e+02 2.8777262940e-14 1.7523445389e-14 1.1253817551e-14
3.3380126953e+02 2.8727004373e-14 1.7544259667e-14 1.1182744706e-14
3.3386230469e+02 2.8729158312e-14 1.7583747995e-14 1.1145410317e-14
3.3392333984e+02 2.8679653506e-14 1.7560800431e-14 1.1118853075e-14
3.3398437500e+02 2.8645334882e-14 1.7498529761e-14 1.1146805122e-14
3.3404541016e+02 2.8701459145e-14 1.7519761188e-14 1.1181697957e-14
3.3410644531e+02 2.8658729614e-14 1.7459352681e-14 1.1199376933e-14
3.3416748047e+02 2.8678679098e-14 1.7500294043e-14 1.1178385056e-14
3.3422851562e+02 2.8654174253e-14 1.7505447825e-14 1.1148726427e-14
3.3428955078e+02 2.8668822862e-14 1.7540787591e-14 1.1128035271e-14
3.3435058594e+02 2.8616263517e-14 1.7475861643e-14 1.1140401874e-14
3.3441162109e+02 2.8717231062e-14 1.7522758949e-14 1.1194472114e-14
3.3447265625e+02 2.8675102761e-14 1.7552651074e-14 1.1122451687e-14
3.3453369141e+02 2.8571943866e-14 1.7430525843e-14 1.1141418023e-14
3.3459472656e+02 2.8612802687e-14 1.7399502377e-14 1.1213300309e-14
3.3465576172e+02 2.8807552221e-14 1.7559353515e-14 1.1248198706e-14
3.3471679688e+02 2.8636170159e-14 1.7507350104e-14 1.1128820055e-14
3.3477783203e+02 2.8590243327e-14 1.7464433176e-14 1.1125810151e-14
3.3483886719e+02 2.8544856739e-14 1.7368932095e-14 1.1175924644e-14
3.3489990234e+02 2.8655148549e-14 1.7473592264e-14 1.1181556285e-14
3.3496093750e+02 2.8682115860e-14 1.7507320281e-14 1.1174795579e-14
3.3502197266e+02 2.8597447955e-14 1.7426468906e-14 1.1170979048e-14
3.3508300781e+02 2.8575981734e-14 1.7414765156e-14 1.1161216577e-14
3.3514404297e+02 2.8619703794e-14 1.7470405432e-14 1.1149298363e-14
3.3520507812e+02 2.8774469225e-14 1.7623976232e-14 1.1150492993e-14
3.3526611328e+02 2.8762986833e-14 1.7555591037e-14 1.1207395796e-14
3.3532714844e+02 2.8560278541e-14 1.7421165973e-14 1.1139112568e-14
3.3538818359e+02 2.8597729877e-14 1.7459483166e-14 1.1138246711e-14
3.3544921875e+02 2.8631016994e-14 1.7517147151e-14 1.1113869842e-14
3.3551025391e+02 2.8630574920e-14 1.7485209263e-14 1.1145365657e-14
3.3557128906e+02 2.8449624427e-14 1.7343354484e-14 1.1106269942e-14
3.3563232422e+02 2.8455254523e-14 1.7376291526e-14 1.1078962998e-14
3.3569335938e+02 2.8553852827e-14 1.7432088397e-14 1.1121764430e-14
3.3575439453e+02 2.8531184494e-14 1.7428675309e-14 1.1102509185e-14
3.3581542969e+02 2.8648042436e-14 1.7468166759e-14 1.1179875677e-14
3.3587646484e+02 2.8599810060e-14 1.7422495307e-14 1.1177314753e-14
3.3593750000e+02 2.8684621192e-14 1.7522164292e-14 1.1162456901e-14
3.3599853516e+02 2.8690205336e-14 1.7588509045e-14 1.1101696291e-14
3.3605957031e+02 2.8704883979e-14 1.7623208402e-14 1.1081675577e-14
3.3612060547e+02 2.8644475359e-14 1.7499602994e-14 1.1144872366e-14
3.3618164062e+02 2.8633243845e-14 1.7516050417e-14 1.1117193429e-14
3.3624267578e+02 2.8651078044e-14 1.7533378129e-14 1.1117699915e-14
3.3630371094e+02 2.8467116689e-14 1.7403849307e-14 1.1063267382e-14
3.3636474609e+02 2.8528723185e-14 1.7492270867e-14 1.1036452318e-14
3.3642578125e+02 2.8647071663e-14 1.7524586672e-14 1.1122484991e-14
3.3648681641e+02 2.8483619661e-14 1.7372302066e-14 1.1111317595e-14
3.3654785156e+02 2.8543925308e-14 1.7371123899e-14 1.1172801409e-14
3.3660888672e+02 2.8541079798e-14 1.7453755713e-14 1.1087324085e-14
3.3666992188e+02 2.8577289287e-14 1.7484273698e-14 1.1093015590e-14
3.3673095703e+02 2.8675302985e-14 1.7531339981e-14 1.1143963004e-14
3.3679199219e+02 2.8690081472e-14 1.7580351361e-14 1.1109730111e-14
3.3685302734e+02 2.8624350435e-14 1.7524331082e-14 1.1100019353e-14
3.3691406250e+02 2.8618592200e-14 1.7608529523e-14 1.1010062678e-14
3.3697509766e+02 2.8615378291e-14 1.7569339491e-14 1.1046038800e-14
3.3703613281e+02 2.8690831081e-14 1.7541645293e-14 1.1149185788e-14
3.3709716797e+02 2.8650728301e-14 1.7517450910e-14 1.1133277390e-14
3.3715820312e+02 2.8589767393e-14 1.7519947514e-14 1.1069819880e-14
3.3721923828e+02 2.8576142859e-14 1.7493307586e-14 1.1082835274e-14
3.3728027344e+02 2.8612348935e-14 1.7485772471e-14 1.1126576464e-14
3.3734130859e+02 2.8675496129e-14 1.7603131197e-14 1.1072364931e-14
3.3740234375e+02 2.8480985526e-14 1.7408361343e-14 1.1072624183e-14
3.3746337891e+02 2.8469853625e-14 1.7379524576e-14 1.1090329049e-14
3.3752441406e+02 2.8553467043e-14 1.7442328156e-14 1.1111138887e-14
3.3758544922e+02 2.8496819921e-14 1.7432081497e-14 1.1064738424e-14
3.3764648438e+02 2.8440668818e-14 1.7385364772e-14 1.1055304045e-14
3.3770751953e+02 2.8543520206e-14 1.7440597141e-14 1.1102923066e-14
3.3776855469e+02 2.8602376506e-14 1.7507841207e-14 1.1094535299e-14
3.3782958984e+02 2.8537221964e-14 1.7489504484e-14 1.1047717480e-14
3.3789062500e+02 2.8435188880e-14 1.7441370703e-14 1.0993818177e-14
3.3795166016e+02 2.8536010347e-14 1.7495073314e-14 1.1040937034e-14
3.3801269531e+02 2.8649485899e-14 1.7557337593e-14 1.1092148306e-14
3.3807373047e+02 2.8647124435e-14 1.7569435476e-14 1.1077688959e-14
3.3813476562e+02 2.8533372160e-14 1.7540087368e-14 1.0993284793e-14
3.3819580078e+02 2.8455823884e-14 1.7442502161e-14 1.1013321723e-14
3.3825683594e+02 2.8523199454e-14 1.7487152950e-14 1.1036046504e-14
3.3831787109e+02 2.8588187033e-14 1.7503168187e-14 1.1085018846e-14
3.3837890625e+02 2.8550819157e-14 1.7447639616e-14 1.1103179541e-14
3.3843994141e+02 2.8543470502e-14 1.7451583356e-14 1.1091887146e-14
3.3850097656e+02 2.8500972620e-14 1.7448270817e-14 1.1052701803e-14
3.3856201172e+02 2.8671447028e-14 1.7610056214e-14 1.1061390814e-14
3.3862304688e+02 2.8685416753e-14 1.7627631214e-14 1.1057785538e-14
3.3868408203e+02 2.8552672514e-14 1.7512546040e-14 1.1040126475e-14
3.3874511719e+02 2.8551614354e-14 1.7521950059e-14 1.1029664295e-14
3.3880615234e+02 2.8500169371e-14 1.7442948897e-14 1.1057220474e-14
3.3886718750e+02 2.8445121748e-14 1.7397574867e-14 1.1047546880e-14
3.3892822266e+02 2.8487420987e-14 1.7427708110e-14 1.1059712877e-14
3.3898925781e+02 2.8439156262e-14 1.7435488992e-14 1.1003667270e-14
3.3905029297e+02 2.8431715775e-14 1.7440434013e-14 1.0991281762e-14
3.3911132812e+02 2.8527440992e-14 1.7475813361e-14 1.1051627631e-14
3.3917236328e+02 2.8456358753e-14 1.7462283328e-14 1.0994075425e-14
3.3923339844e+02 2.8323153723e-14 1.7375925902e-14 1.0947227820e-14
3.3929443359e+02 2.8406359568e-14 1.7371096792e-14 1.1035262776e-14
3.3935546875e+02 2.8484754639e-14 1.7439525967e-14 1.1045228672e-14
3.3941650391e+02 2.8433929083e-14 1.7444077061e-14 1.0989852021e-14
3.3947753906e+02 2.8328351957e-14 1.7360072023e-14 1.0968279934e-14
3.3953857422e+02 2.8156340206e-14 1.7208596054e-14 1.0947744152e-14
3.3959960938e+02 2.8425855001e-14 1.7394263864e-14 1.1031591136e-14
3.3966064453e+02 2.8468671425e-14 1.7480744434e-14 1.0987926991e-14
3.3972167969e+02 2.8453937673e-14 1.7530542685e-14 1.0923394988e-14
3.3978271484e+02 2.8390707898e-14 1.7438586095e-14 1.0952121804e-14
3.3984375000e+02 2.8439076417e-14 1.7431863204e-14 1.1007213213e-14
3.3990478516e+02 2.8501285520e-14 1.7532216109e-14 1.0969069411e-14
3.3996582031e+02 2.8461444722e-14 1.7427128134e-14 1.1034316588e-14
3.4002685547e+02 2.8438415273e-14 1.7381645111e-14 1.1056770163e-14
3.4008789062e+02 2.8372561800e-14 1.7379922614e-14 1.0992639186e-14
3.4014892578e+02 2.8409520474e-14 1.7405706249e-14 1.1003814225e-14
3.4020996094e+02 2.8459243621e-14 1.7492725341e-14 1.0966518280e-14
3.4027099609e+02 2.8268381295e-14 1.7330609178e-14 1.0937772117e-14
3.4033203125e+02 2.8351144865e-14 1.7290402427e-14 1.1060742438e-14
3.4039306641e+02 2.8296004144e-14 1.7261134918e-14 1.1034869226e-14
3.4045410156e+02 2.8297507246e-14 1.7347066927e-14 1.0950440319e-14
3.4051513672e+02 2.8377514835e-14 1.7380180327e-14 1.0997334508e-14
3.4057617188e+02 2.8337456173e-14 1.7357513839e-14 1.0979942334e-14
3.4063720703e+02 2.8305435093e-14 1.7402995936e-14 1.0902439157e-14
3.4069824219e+02 2.8323597644e-14 1.7382675987e-14 1.0940921656e-14
3.4075927734e+02 2.8400730895e-14 1.7418766947e-14 1.0981963948e-14
3.4082031250e+02 2.8290036803e-14 1.7357042716e-14 1.0932994087e-14
3.4088134766e+02 2.8361432631e-14 1.7425876251e-14 1.0935556380e-14
3.4094238281e+02 2.8477723178e-14 1.7552929761e-14 1.0924793417e-14
3.4100341797e+02 2.8442092036e-14 1.7467710472e-14 1.0974381563e-14
3.4106445312e+02 2.8346192846e-14 1.7447610868e-14 1.0898581978e-14
3.4112548828e+02 2.8432836327e-14 1.7442889444e-14 1.0989946883e-14
3.4118652344e+02 2.8430841589e-14 1.7410744543e-14 1.1020097047e-14
3.4124755859e+02 2.8379101201e-14 1.7414351436e-14 1.0964749764e-14
3.4130859375e+02 2.8295594630e-14 1.7366508887e-14 1.0929085743e-14
3.4136962891e+02 2.8507257261e-14 1.7595173944e-14 1.0912083318e-14
3.4143066406e+02 2.8401606185e-14 1.7445871143e-14 1.0955735042e-14
3.4149169922e+02 2.8327031756e-14 1.7392203343e-14 1.0934828412e-14
3.4155273438e+02 2.8247375648e-14 1.7352133518e-14 1.0895242130e-14
3.4161376953e+02 2.8290821361e-14 1.7307112379e-14 1.0983708981e-14
3.4167480469e+02 2.8416316021e-14 1.7402125523e-14 1.1014190498e-14
3.4173583984e+02 2.8503036931e-14 1.7546873230e-14 1.0956163701e-14
3.4179687500e+02 2.8618645978e-14 1.7661522981e-14 1.0957122997e-14
3.4185791016e+02 2.8541597591e-14 1.7535624719e-14 1.1005972872e-14
3.4191894531e+02 2.8429334647e-14 1.7448293723e-14 1.0981040923e-14
3.4197998047e+02 2.8412475809e-14 1.7446754609e-14 1.0965721200e-14
3.4204101562e+02 2.8415762349e-14 1.7431079998e-14 1.0984682351e-14
3.4210205078e+02 2.8366495591e-14 1.7417173730e-14 1.0949321861e-14
3.4216308594e+02 2.8329957461e-14 1.7445328937e-14 1.0884628523e-14
3.4222412109e+02 2.8315595413e-14 1.7439604932e-14 1.0875990482e-14
3.4228515625e+02 2.8218112825e-14 1.7329174025e-14 1.0888938800e-14
3.4234619141e+02 2.8281842318e-14 1.7312097078e-14 1.0969745240e-14
3.4240722656e+02 2.8332775220e-14 1.7377726329e-14 1.0955048891e-14
3.4246826172e+02 2.8159677040e-14 1.7266676511e-14 1.0893000529e-14
3.4252929688e+02 2.8217877816e-14 1.7313480441e-14 1.0904397374e-14
3.4259033203e+02 2.8394214611e-14 1.7464520671e-14 1.0929693941e-14
3.4265136719e+02 2.8480132875e-14 1.7528727509e-14 1.0951405366e-14
3.4271240234e+02 2.8420938378e-14 1.7452765845e-14 1.0968172533e-14
3.4277343750e+02 2.8449693485e-14 1.7533339947e-14 1.0916353538e-14
3.4283447266e+02 2.8344913263e-14 1.7394584007e-14 1.0950329256e-14
3.4289550781e+02 2.8305539444e-14 1.7316467742e-14 1.0989071702e-14
3.4295654297e+02 2.8551622198e-14 1.7540624545e-14 1.1010997653e-14
3.4301757812e+02 2.8555295506e-14 1.7507145093e-14 1.1048150413e-14
3.4307861328e+02 2.8364953537e-14 1.7402825654e-14 1.0962127884e-14
3.4313964844e+02 2.8205989546e-14 1.7324263707e-14 1.0881725839e-14
3.4320068359e+02 2.8211684932e-14 1.7323416963e-14 1.0888267969e-14
3.4326171875e+02 2.8162623675e-14 1.7262718666e-14 1.0899905009e-14
3.4332275391e+02 2.8227930859e-14 1.7325476827e-14 1.0902454032e-14
3.4338378906e+02 2.8230171298e-14 1.7351873601e-14 1.0878297697e-14
3.4344482422e+02 2.8280617562e-14 1.7377384221e-14 1.0903233341e-14
3.4350585938e+02 2.8261483171e-14 1.7465116672e-14 1.0796366499e-14
3.4356689453e+02 2.8237107671e-14 1.7402089575e-14 1.0835018096e-14
3.4362792969e+02 2.8315139229e-14 1.7380238758e-14 1.0934900471e-14
3.4368896484e+02 2.8431111861e-14 1.7525689416e-14 1.0905422445e-14
3.4375000000e+02 2.8302389127e-14 1.7368812198e-14 1.0933576929e-14
3.4381103516e+02 2.8126003280e-14 1.7277023922e-14 1.0848979359e-14
3.4387207031e+02 2.8191947974e-14 1.7346544982e-14 1.0845402992e-14
3.4393310547e+02 2.8150450703e-14 1.7244444712e-14 1.0906005991e-14
3.4399414062e+02 2.8199781963e-14 1.7319404940e-14 1.0880377024e-14
3.4405517578e+02 2.8268151476e-14 1.7363432247e-14 1.0904719229e-14
3.4411621094e+02 2.8229533533e-14 1.7357864808e-14 1.0871668725e-14
3.4417724609e+02 2.8239434011e-14 1.7356935247e-14 1.0882498764e-14
3.4423828125e+02 2.8212776182e-14 1.7280767852e-14 1.0932008330e-14
3.4429931641e+02 2.8205014681e-14 1.7314543273e-14 1.0890471408e-14
3.4436035156e+02 2.7959934779e-14 1.7222397803e-14 1.0737536975e-14
3.4442138672e+02 2.8153637582e-14 1.7397458157e-14 1.0756179425e-14
3.4448242188e+02 2.8375232230e-14 1.7524951428e-14 1.0850280802e-14
3.4454345703e+02 2.8176813835e-14 1.7384108870e-14 1.0792704964e-14
3.4460449219e+02 2.8082489502e-14 1.7257767054e-14 1.0824722448e-14
3.4466552734e+02 2.8305361983e-14 1.7416648864e-14 1.0888713119e-14
3.4472656250e+02 2.8246366500e-14 1.7331588426e-14 1.0914778074e-14
3.4478759766e+02 2.8163971905e-14 1.7302904100e-14 1.0861067806e-14
3.4484863281e+02 2.8149866197e-14 1.7240072664e-14 1.0909793533e-14
3.4490966797e+02 2.8107799602e-14 1.7223336288e-14 1.0884463314e-14
3.4497070312e+02 2.8102496910e-14 1.7300395121e-14 1.0802101789e-14
3.4503173828e+02 2.8101945187e-14 1.7380301394e-14 1.0721643793e-14
3.4509277344e+02 2.8111172091e-14 1.7325901808e-14 1.0785270283e-14
3.4515380859e+02 2.8021151514e-14 1.7200243607e-14 1.0820907907e-14
3.4521484375e+02 2.8090941989e-14 1.7258316533e-14 1.0832625456e-14
3.4527587891e+02 2.8282626149e-14 1.7367788419e-14 1.0914837730e-14
3.4533691406e+02 2.8234487470e-14 1.7395679990e-14 1.0838807480e-14
3.4539794922e+02 2.8153879834e-14 1.7381899547e-14 1.0771980288e-14
3.4545898438e+02 2.8208671840e-14 1.7366120854e-14 1.0842550986e-14
3.4552001953e+02 2.8222116898e-14 1.7371768985e-14 1.0850347913e-14
3.4558105469e+02 2.8108865857e-14 1.7329307320e-14 1.0779558537e-14
3.4564208984e+02 2.8282942111e-14 1.7462149778e-14 1.0820792333e-14
3.4570312500e+02 2.8270899064e-14 1.7450290977e-14 1.0820608087e-14
3.4576416016e+02 2.8228003114e-14 1.7407461425e-14 1.0820541688e-14
3.4582519531e+02 2.8153704521e-14 1.7390285050e-14 1.0763419471e-14
3.4588623047e+02 2.8295754589e-14 1.7502630951e-14 1.0793123638e-14
3.4594726562e+02 2.8205691221e-14 1.7450870170e-14 1.0754821050e-14
3.4600830078e+02 2.8055252625e-14 1.7304862414e-14 1.0750390211e-14
3.4606933594e+02 2.8133435794e-14 1.7336297994e-14 1.0797137800e-14
3.4613037109e+02 2.8140864605e-14 1.7370566815e-14 1.0770297789e-14
3.4619140625e+02 2.8018763060e-14 1.7289605181e-14 1.0729157878e-14
3.4625244141e+02 2.8036983331e-14 1.7253567340e-14 1.0783415992e-14
3.4631347656e+02 2.8146489385e-14 1.7340479967e-14 1.0806009418e-14
3.4637451172e+02 2.8261297849e-14 1.7435143958e-14 1.0826153891e-14
3.4643554688e+02 2.8208030591e-14 1.7464830374e-14 1.0743200217e-14
3.4649658203e+02 2.7983523017e-14 1.7200936522e-14 1.0782586495e-14
3.4655761719e+02 2.7848258091e-14 1.7138537297e-14 1.0709720794e-14
3.4661865234e+02 2.7970359163e-14 1.7224576099e-14 1.0745783064e-14
3.4667968750e+02 2.8134227669e-14 1.7331399279e-14 1.0802828390e-14
3.4674072266e+02 2.8063213790e-14 1.7278727403e-14 1.0784486387e-14
3.4680175781e+02 2.8023258886e-14 1.7197839243e-14 1.0825419644e-14
3.4686279297e+02 2.8093032341e-14 1.7241019905e-14 1.0852012436e-14
3.4692382812e+02 2.8004029004e-14 1.7218963357e-14 1.0785065647e-14
3.4698486328e+02 2.8087391373e-14 1.7300311595e-14 1.0787079778e-14
3.4704589844e+02 2.8097184786e-14 1.7358120243e-14 1.0739064544e-14
3.4710693359e+02 2.7985533412e-14 1.7295144685e-14 1.0690388727e-14
3.4716796875e+02 2.7891847202e-14 1.7243062350e-14 1.0648784852e-14
3.4722900391e+02 2.8072765270e-14 1.7347166916e-14 1.0725598354e-14
3.4729003906e+02 2.8175447474e-14 1.7425501171e-14 1.0749946303e-14
3.4735107422e+02 2.8110619338e-14 1.7383403309e-14 1.0727216029e-14
3.4741210938e+02 2.8087713085e-14 1.7318868801e-14 1.0768844284e-14
3.4747314453e+02 2.8082409853e-14 1.7335201286e-14 1.0747208567e-14
3.4753417969e+02 2.8170518970e-14 1.7398710301e-14 1.0771808670e-14
3.4759521484e+02 2.8010618905e-14 1.7273541691e-14 1.0737077213e-14
3.4765625000e+02 2.7862019766e-14 1.7185443368e-14 1.0676576399e-14
3.4771728516e+02 2.7862163268e-14 1.7168619033e-14 1.0693544234e-14
3.4777832031e+02 2.7941921597e-14 1.7236420491e-14 1.0705501106e-14
3.4783935547e+02 2.8087775344e-14 1.7336030970e-14 1.0751744374e-14
3.4790039062e+02 2.8120879654e-14 1.7405586334e-14 1.0715293320e-14
3.4796142578e+02 2.8130001922e-14 1.7386801122e-14 1.0743200800e-14
3.4802246094e+02 2.8062635984e-14 1.7358314456e-14 1.0704321528e-14
3.4808349609e+02 2.7924657050e-14 1.7253318831e-14 1.0671338219e-14
3.4814453125e+02 2.7886842854e-14 1.7166699625e-14 1.0720143230e-14
3.4820556641e+02 2.7925195953e-14 1.7190399010e-14 1.0734796944e-14
3.4826660156e+02 2.7916171054e-14 1.7252051724e-14 1.0664119330e-14
3.4832763672e+02 2.7990731064e-14 1.7297448170e-14 1.0693282894e-14
3.4838867188e+02 2.8005378442e-14 1.7326597859e-14 1.0678780583e-14
3.4844970703e+02 2.7935881911e-14 1.7189648089e-14 1.0746233823e-14
3.4851074219e+02 2.8000073208e-14 1.7284556877e-14 1.0715516330e-14
3.4857177734e+02 2.7978220845e-14 1.7344971295e-14 1.0633249550e-14
3.4863281250e+02 2.8060434721e-14 1.7329516881e-14 1.0730917840e-14
3.4869384766e+02 2.8014206318e-14 1.7344093907e-14 1.0670112411e-14
3.4875488281e+02 2.8004361049e-14 1.7241737143e-14 1.0762623906e-14
3.4881591797e+02 2.7870459982e-14 1.7235664774e-14 1.0634795208e-14
3.4887695312e+02 2.7885918102e-14 1.7296056904e-14 1.0589861198e-14
3.4893798828e+02 2.7864832896e-14 1.7292655739e-14 1.0572177158e-14
3.4899902344e+02 2.8095403372e-14 1.7489092005e-14 1.0606311367e-14
3.4906005859e+02 2.8082258955e-14 1.7494212183e-14 1.0588046772e-14
3.4912109375e+02 2.7954557838e-14 1.7296272652e-14 1.0658285186e-14
3.4918212891e+02 2.7947701690e-14 1.7281063135e-14 1.0666638555e-14
3.4924316406e+02 2.7886762955e-14 1.7282106619e-14 1.0604656337e-14
3.4930419922e+02 2.7820152835e-14 1.7225553321e-14 1.0594599515e-14
3.4936523438e+02 2.7934817161e-14 1.7282045554e-14 1.0652771607e-14
3.4942626953e+02 2.7918702099e-14 1.7282785126e-14 1.0635916973e-14
3.4948730469e+02 2.7937984144e-14 1.7329657753e-14 1.0608326391e-14
3.4954833984e+02 2.7979348080e-14 1.7370168992e-14 1.0609179088e-14
3.4960937500e+02 2.8060468245e-14 1.7422031730e-14 1.0638436515e-14
3.4967041016e+02 2.7824462649e-14 1.7235448441e-14 1.0589014209e-14
3.4973144531e+02 2.7892420108e-14 1.7275142592e-14 1.0617277516e-14
3.4979248047e+02 2.8023801979e-14 1.7339038311e-14 1.0684763668e-14
3.4985351562e+02 2.7934976857e-14 1.7237771700e-14 1.0697205157e-14
3.4991455078e+02 2.7939063785e-14 1.7284870635e-14 1.0654193150e-14
3.4997558594e+02 2.7955636326e-14 1.7385158528e-14 1.0570477799e-14
3.5003662109e+02 2.7983530287e-14 1.7278931777e-14 1.0704598510e-14
3.5009765625e+02 2.7831097769e-14 1.7163266839e-14 1.0667830930e-14
3.5015869141e+02 2.7969099310e-14 1.7242306265e-14 1.0726793044e-14
3.5021972656e+02 2.8031600496e-14 1.7349510653e-14 1.0682089842e-14
3.5028076172e+02 2.8028736039e-14 1.7361389270e-14 1.0667346769e-14
3.5034179688e+02 2.7961968082e-14 1.7325438589e-14 1.0636529493e-14
3.5040283203e+02 2.7830905782e-14 1.7269237201e-14 1.0561668580e-14
3.5046386719e+02 2.7880562077e-14 1.7265537415e-14 1.0615024662e-14
3.5052490234e+02 2.7733352054e-14 1.7144528739e-14 1.0588823315e-14
3.5058593750e+02 2.7781210206e-14 1.7174198361e-14 1.0607011845e-14
3.5064697266e+02 2.7780331275e-14 1.7152365265e-14 1.0627966010e-14
3.5070800781e+02 2.7949289970e-14 1.7281618022e-14 1.0667671948e-14
3.5076904297e+02 2.7935035934e-14 1.7292469730e-14 1.0642566204e-14
3.5083007812e+02 2.7885998871e-14 1.7328972836e-14 1.0557026035e-14
3.5089111328e+02 2.7809306896e-14 1.7184230209e-14 1.0625076687e-14
3.5095214844e+02 2.7714385446e-14 1.7095534691e-14 1.0618850755e-14
3.5101318359e+02 2.7706319386e-14 1.7122276654e-14 1.0584042732e-14
3.5107421875e+02 2.7856584420e-14 1.7236413677e-14 1.0620170743e-14
3.5113525391e+02 2.7928222209e-14 1.7279401878e-14 1.0648820331e-14
3.5119628906e+02 2.7875830948e-14 1.7251163961e-14 1.0624666986e-14
3.5125732422e+02 2.7881729589e-14 1.7247186956e-14 1.0634542633e-14
3.5131835938e+02 2.7963566931e-14 1.7287224589e-14 1.0676342342e-14
3.5137939453e+02 2.7942132259e-14 1.7269778658e-14 1.0672353602e-14
3.5144042969e+02 2.7842653017e-14 1.7224869397e-14 1.0617783619e-14
3.5150146484e+02 2.7831580534e-14 1.7233503101e-14 1.0598077433e-14
3.5156250000e+02 2.7923377387e-14 1.7292117415e-14 1.0631259972e-14
3.5162353516e+02 2.7946661328e-14 1.7308013779e-14 1.0638647549e-14
3.5168457031e+02 2.7988088736e-14 1.7324094501e-14 1.0663994235e-14
3.5174560547e+02 2.7965524998e-14 1.7324395304e-14 1.0641129694e-14
3.5180664062e+02 2.7795079871e-14 1.7173436024e-14 1.0621643847e-14
3.5186767578e+02 2.7685219085e-14 1.7115311364e-14 1.0569907721e-14
3.5192871094e+02 2.7798607632e-14 1.7213571656e-14 1.0585035976e-14
3.5198974609e+02 2.7886633019e-14 1.7310443775e-14 1.0576189244e-14
3.5205078125e+02 2.7898328097e-14 1.7324098217e-14 1.0574229880e-14
3.5211181641e+02 2.7881843715e-14 1.7241065414e-14 1.0640778301e-14
3.5217285156e+02 2.7881480314e-14 1.7236305806e-14 1.0645174508e-14
3.5223388672e+02 2.8031392792e-14 1.7412681218e-14 1.0618711574e-14
3.5229492188e+02 2.7987195261e-14 1.7314600201e-14 1.0672595061e-14
3.5235595703e+02 2.7936822264e-14 1.7249118033e-14 1.0687704231e-14
3.5241699219e+02 2.7877048538e-14 1.7273760664e-14 1.0603287874e-14
3.5247802734e+02 2.7754448000e-14 1.7159445138e-14 1.0595002862e-14
3.5253906250e+02 2.7689118997e-14 1.7096832579e-14 1.0592286418e-14
3.5260009766e+02 2.7764461220e-14 1.7187883893e-14 1.0576577326e-14
3.5266113281e+02 2.7775207612e-14 1.7177706521e-14 1.0597501091e-14
3.5272216797e+02 2.7788541509e-14 1.7249074021e-14 1.0539467488e-14
3.5278320312e+02 2.7909537809e-14 1.7282653241e-14 1.0626884568e-14
3.5284423828e+02 2.7931163506e-14 1.7332246904e-14 1.0598916601e-14
3.5290527344e+02 2.7918737301e-14 1.7283483108e-14 1.0635254193e-14
3.5296630859e+02 2.7952946648e-14 1.7307079548e-14 1.0645867100e-14
3.5302734375e+02 2.7893752219e-14 1.7332523084e-14 1.0561229135e-14
3.5308837891e+02 2.7881752978e-14 1.7297281714e-14 1.0584471263e-14
3.5314941406e+02 2.7676593729e-14 1.7173833926e-14 1.0502759803e-14
3.5321044922e+02 2.7799373211e-14 1.7251566043e-14 1.0547807168e-14
3.5327148438e+02 2.7920898203e-14 1.7326281995e-14 1.0594616208e-14
3.5333251953e+02 2.7958855720e-14 1.7339219235e-14 1.0619636485e-14
3.5339355469e+02 2.7917668297e-14 1.7353757237e-14 1.0563911060e-14
3.5345458984e+02 2.7740996293e-14 1.7244117946e-14 1.0496878347e-14
3.5351562500e+02 2.7895988714e-14 1.7318793401e-14 1.0577195313e-14
3.5357666016e+02 2.7809892927e-14 1.7219475558e-14 1.0590417369e-14
3.5363769531e+02 2.7710958825e-14 1.7182469660e-14 1.0528489166e-14
3.5369873047e+02 2.7776665780e-14 1.7244839111e-14 1.0531826670e-14
3.5375976562e+02 2.7731572635e-14 1.7159771909e-14 1.0571800726e-14
3.5382080078e+02 2.7708002962e-14 1.7125940024e-14 1.0582062938e-14
3.5388183594e+02 2.7803838093e-14 1.7269287178e-14 1.0534550915e-14
3.5394287109e+02 2.7947222730e-14 1.7355806778e-14 1.0591415952e-14
3.5400390625e+02 2.7798864709e-14 1.7235797624e-14 1.0563067085e-14
3.5406494141e+02 2.7723189754e-14 1.7155081779e-14 1.0568107975e-14
3.5412597656e+02 2.7734155622e-14 1.7186785131e-14 1.0547370491e-14
3.5418701172e+02 2.7808450640e-14 1.7217092542e-14 1.0591358098e-14
3.5424804688e+02 2.7890442297e-14 1.7317436345e-14 1.0573005952e-14
3.5430908203e+02 2.7766724056e-14 1.7242150868e-14 1.0524573188e-14
3.5437011719e+02 2.7643954668e-14 1.7157807571e-14 1.0486147097e-14
3.5443115234e+02 2.7634461533e-14 1.7189029003e-14 1.0445432529e-14
3.5449218750e+02 2.7866183595e-14 1.7384722959e-14 1.0481460636e-14
3.5455322266e+02 2.7806923953e-14 1.7299760321e-14 1.0507163632e-14
3.5461425781e+02 2.7872993141e-14 1.7213566289e-14 1.0659426852e-14
3.5467529297e+02 2.7861542965e-14 1.7211034062e-14 1.0650508903e-14
3.5473632812e+02 2.7851299069e-14 1.7288710329e-14 1.0562588740e-14
3.5479736328e+02 2.7753427901e-14 1.7237479462e-14 1.0515948439e-14
3.5485839844e+02 2.7759236190e-14 1.7231427381e-14 1.0527808809e-14
3.5491943359e+02 2.7915418699e-14 1.7311473744e-14 1.0603944954e-14
3.5498046875e+02 2.7874656599e-14 1.7269352982e-14 1.0605303617e-14
3.5504150391e+02 2.7780294494e-14 1.7213286797e-14 1.0567007696e-14
3.5510253906e+02 2.7750195570e-14 1.7195097546e-14 1.0555098024e-14
3.5516357422e+02 2.7783358674e-14 1.7276805827e-14 1.0506552847e-14
3.5522460938e+02 2.7846864198e-14 1.7319519590e-14 1.0527344608e-14
3.5528564453e+02 2.7824907492e-14 1.7297074936e-14 1.0527832557e-14
3.5534667969e+02 2.7804753219e-14 1.7256960325e-14 1.0547792893e-14
3.5540771484e+02 2.7618020321e-14 1.7053479986e-14 1.0564540335e-14
3.5546875000e+02 2.7601506113e-14 1.7085233427e-14 1.0516272686e-14
3.5552978516e+02 2.7638808077e-14 1.7115116685e-14 1.0523691392e-14
3.5559082031e+02 2.7647442344e-14 1.7128630580e-14 1.0518811764e-14
3.5565185547e+02 2.7846396109e-14 1.7307105283e-14 1.0539290826e-14
3.5571289062e+02 2.7799453605e-14 1.7291370759e-14 1.0508082845e-14
3.5577392578e+02 2.7814511717e-14 1.7239321946e-14 1.0575189771e-14
3.5583496094e+02 2.7890705945e-14 1.7338688424e-14 1.0552017521e-14
3.5589599609e+02 2.7743477601e-14 1.7165281992e-14 1.0578195610e-14
3.5595703125e+02 2.7708070675e-14 1.7177096401e-14 1.0530974274e-14
3.5601806641e+02 2.7746175062e-14 1.7227406168e-14 1.0518768894e-14
3.5607910156e+02 2.7646665642e-14 1.7118960760e-14 1.0527704882e-14
3.5614013672e+02 2.7527234422e-14 1.7089015971e-14 1.0438218451e-14
3.5620117188e+02 2.7780753017e-14 1.7230695429e-14 1.0550057587e-14
3.5626220703e+02 2.7767421377e-14 1.7253696590e-14 1.0513724787e-14
3.5632324219e+02 2.7710623887e-14 1.7253637281e-14 1.0456986606e-14
3.5638427734e+02 2.7624457453e-14 1.7127702280e-14 1.0496755173e-14
3.5644531250e+02 2.7642604824e-14 1.7105734953e-14 1.0536869871e-14
3.5650634766e+02 2.7751057932e-14 1.7261178995e-14 1.0489878936e-14
3.5656738281e+02 2.7805564025e-14 1.7329185401e-14 1.0476378624e-14
3.5662841797e+02 2.7741860354e-14 1.7226908533e-14 1.0514951821e-14
3.5668945312e+02 2.7728466055e-14 1.7173445269e-14 1.0555020786e-14
3.5675048828e+02 2.7718134475e-14 1.7201175904e-14 1.0516958571e-14
3.5681152344e+02 2.7691109469e-14 1.7254791246e-14 1.0436318222e-14
3.5687255859e+02 2.7700046079e-14 1.7207989787e-14 1.0492056292e-14
3.5693359375e+02 2.7751129959e-14 1.7237789710e-14 1.0513340250e-14
3.5699462891e+02 2.7671075920e-14 1.7213136126e-14 1.0457939794e-14
3.5705566406e+02 2.7574506963e-14 1.7197963731e-14 1.0376543232e-14
3.5711669922e+02 2.7620750614e-14 1.7185589519e-14 1.0435161095e-14
3.5717773438e+02 2.7628797058e-14 1.7176984876e-14 1.0451812182e-14
3.5723876953e+02 2.7565779014e-14 1.7097770451e-14 1.0468008562e-14
3.5729980469e+02 2.7626368904e-14 1.7112464457e-14 1.0513904446e-14
3.5736083984e+02 2.7662745161e-14 1.7108580903e-14 1.0554164258e-14
3.5742187500e+02 2.7619602157e-14 1.7072732928e-14 1.0546869229e-14
3.5748291016e+02 2.7693599706e-14 1.7181512700e-14 1.0512087005e-14
3.5754394531e+02 2.7752682036e-14 1.7261639405e-14 1.0491042631e-14
3.5760498047e+02 2.7695210208e-14 1.7239992547e-14 1.0455217661e-14
3.5766601562e+02 2.7659294205e-14 1.7182863051e-14 1.0476431154e-14
3.5772705078e+02 2.7653878813e-14 1.7118761804e-14 1.0535117009e-14
3.5778808594e+02 2.7662248309e-14 1.7161346317e-14 1.0500901992e-14
3.5784912109e+02 2.7737488231e-14 1.7242154337e-14 1.0495333894e-14
3.5791015625e+02 2.7719084473e-14 1.7117200407e-14 1.0601884065e-14
3.5797119141e+02 2.7667378924e-14 1.7127618888e-14 1.0539760036e-14
3.5803222656e+02 2.7531423972e-14 1.7026165906e-14 1.0505258066e-14
3.5809326172e+02 2.7597213627e-14 1.7104480327e-14 1.0492733300e-14
3.5815429688e+02 2.7745434714e-14 1.7249853264e-14 1.0495581451e-14
3.5821533203e+02 2.7738271310e-14 1.7255026746e-14 1.0483244564e-14
3.5827636719e+02 2.7637878063e-14 1.7203602067e-14 1.0434275996e-14
3.5833740234e+02 2.7620675803e-14 1.7245376506e-14 1.0375299297e-14
3.5839843750e+02 2.7598310271e-14 1.7201279546e-14 1.0397030725e-14
3.5845947266e+02 2.7609742626e-14 1.7137362496e-14 1.0472380130e-14
3.5852050781e+02 2.7564105889e-14 1.7098910350e-14 1.0465195539e-14
3.5858154297e+02 2.7549891314e-14 1.7109462342e-14 1.0440428973e-14
3.5864257812e+02 2.7789857303e-14 1.7314279661e-14 1.0475577642e-14
3.5870361328e+02 2.7667592949e-14 1.7241898716e-14 1.0425694233e-14
3.5876464844e+02 2.7463223655e-14 1.7096982688e-14 1.0366240967e-14
3.5882568359e+02 2.7627170574e-14 1.7175586142e-14 1.0451584432e-14
3.5888671875e+02 2.7569237144e-14 1.7114286868e-14 1.0454950276e-14
3.5894775391e+02 2.7522630245e-14 1.7106010065e-14 1.0416620180e-14
3.5900878906e+02 2.7452621410e-14 1.6960383342e-14 1.0492238067e-14
3.5906982422e+02 2.7611802692e-14 1.7049611991e-14 1.0562190701e-14
3.5913085938e+02 2.7736377371e-14 1.7284271371e-14 1.0452106001e-14
3.5919189453e+02 2.7627480268e-14 1.7205724141e-14 1.0421756127e-14
3.5925292969e+02 2.7473730036e-14 1.7106965521e-14 1.0366764516e-14
3.5931396484e+02 2.7450181566e-14 1.7052650981e-14 1.0397530585e-14
3.5937500000e+02 2.7562412645e-14 1.7158393154e-14 1.0404019491e-14
3.5943603516e+02 2.7615076394e-14 1.7202884994e-14 1.0412191400e-14
3.5949707031e+02 2.7747823603e-14 1.7268333374e-14 1.0479490229e-14
3.5955810547e+02 2.7769233967e-14 1.7270892656e-14 1.0498341312e-14
3.5961914062e+02 2.7730111637e-14 1.7322679506e-14 1.0407432131e-14
3.5968017578e+02 2.7583362936e-14 1.7150505485e-14 1.0432857451e-14
3.5974121094e+02 2.7610084633e-14 1.7143691973e-14 1.0466392659e-14
3.5980224609e+02 2.7673727776e-14 1.7249879098e-14 1.0423848678e-14
3.5986328125e+02 2.7739804226e-14 1.7308178449e-14 1.0431625777e-14
3.5992431641e+02 2.7702195323e-14 1.7249993560e-14 1.0452201763e-14
3.5998535156e+02 2.7594514199e-14 1.7220892947e-14 1.0373621252e-14
3.6004638672e+02 2.7760089833e-14 1.7305869246e-14 1.0454220587e-14
3.6010742188e+02 2.7788704211e-14 1.7290018838e-14 1.0498685372e-14
3.6016845703e+02 2.7670767097e-14 1.7275689297e-14 1.0395077800e-14
3.6022949219e+02 2.7656637884e-14 1.7263479316e-14 1.0393158568e-14
3.6029052734e+02 2.7820246274e-14 1.7316095846e-14 1.0504150428e-14
3.6035156250e+02 2.7846236350e-14 1.7288624745e-14 1.0557611606e-14
3.6041259766e+02 2.7797489331e-14 1.7282422417e-14 1.0515066914e-14
3.6047363281e+02 2.7693988507e-14 1.7215050466e-14 1.0478938040e-14
3.6053466797e+02 2.7576676945e-14 1.7163719155e-14 1.0412957790e-14
3.6059570312e+02 2.7546776826e-14 1.7192009840e-14 1.0354766987e-14
3.6065673828e+02 2.7591794946e-14 1.7196195816e-14 1.0395599129e-14
3.6071777344e+02 2.7588342272e-14 1.7175219466e-14 1.0413122806e-14
3.6077880859e+02 2.7645705942e-14 1.7206546427e-14 1.0439159514e-14
3.6083984375e+02 2.7572821489e-14 1.7134917287e-14 1.0437904202e-14
3.6090087891e+02 2.7491465074e-14 1.7094247138e-14 1.0397217936e-14
3.6096191406e+02 2.7488804906e-14 1.7091826612e-14 1.0396978294e-14
3.6102294922e+02 2.7521712076e-14 1.7127878181e-14 1.0393833895e-14
3.6108398438e+02 2.7497592430e-14 1.7072337122e-14 1.0425255309e-14
3.6114501953e+02 2.7453007292e-14 1.7009778060e-14 1.0443229232e-14
3.6120605469e+02 2.7559314635e-14 1.7110476643e-14 1.0448837992e-14
3.6126708984e+02 2.7609449691e-14 1.7170133462e-14 1.0439316228e-14
3.6132812500e+02 2.7615676947e-14 1.7168655566e-14 1.0447021381e-14
3.6138916016e+02 2.7658815855e-14 1.7234996232e-14 1.0423819623e-14
3.6145019531e+02 2.7600372936e-14 1.7169002214e-14 1.0431370722e-14
3.6151123047e+02 2.7528229816e-14 1.7128968694e-14 1.0399261122e-14
3.6157226562e+02 2.7482949314e-14 1.7052589530e-14 1.0430359784e-14
3.6163330078e+02 2.7551482430e-14 1.7173253930e-14 1.0378228500e-14
3.6169433594e+02 2.7549967274e-14 1.7075394067e-14 1.0474573207e-14
3.6175537109e+02 2.7668088559e-14 1.7179879292e-14 1.0488209267e-14
3.6181640625e+02 2.7629150449e-14 1.7234325609e-14 1.0394824840e-14
3.6187744141e+02 2.7601685501e-14 1.7210451652e-14 1.0391233849e-14
3.6193847656e+02 2.7599242657e-14 1.7284431567e-14 1.0314811090e-14
3.6199951172e+02 2.7546640320e-14 1.7190763987e-14 1.0355876333e-14
3.6206054688e+02 2.7539943888e-14 1.7174600257e-14 1.0365343631e-14
3.6212158203e+02 2.7659233264e-14 1.7249233020e-14 1.0410000244e-14
3.6218261719e+02 2.7571373542e-14 1.7074179423e-14 1.0497194119e-14
3.6224365234e+02 2.7493918628e-14 1.7077066500e-14 1.0416852128e-14
3.6230468750e+02 2.7523768674e-14 1.7113879565e-14 1.0409889110e-14
3.6236572266e+02 2.7551945946e-14 1.7196818210e-14 1.0355127736e-14
3.6242675781e+02 2.7531706504e-14 1.7123962561e-14 1.0407743943e-14
3.6248779297e+02 2.7621881649e-14 1.7166208305e-14 1.0455673345e-14
3.6254882812e+02 2.7528993442e-14 1.7165654220e-14 1.0363339222e-14
3.6260986328e+02 2.7400719021e-14 1.7064635514e-14 1.0336083507e-14
3.6267089844e+02 2.7303350861e-14 1.6984214654e-14 1.0319136208e-14
3.6273193359e+02 2.7479292921e-14 1.7130635341e-14 1.0348657580e-14
3.6279296875e+02 2.7576854440e-14 1.7211997745e-14 1.0364856694e-14
3.6285400391e+02 2.7473197551e-14 1.7125934553e-14 1.0347262998e-14
3.6291503906e+02 2.7379218291e-14 1.7073938083e-14 1.0305280208e-14
3.6297607422e+02 2.7330968191e-14 1.6978013466e-14 1.0352954725e-14
3.6303710938e+02 2.7518924813e-14 1.7115043590e-14 1.0403881222e-14
3.6309814453e+02 2.7616126675e-14 1.7229585952e-14 1.0386540724e-14
3.6315917969e+02 2.7594047462e-14 1.7206500972e-14 1.0387546490e-14
3.6322021484e+02 2.7554495415e-14 1.7178476824e-14 1.0376018591e-14
3.6328125000e+02 2.7458685148e-14 1.7058229808e-14 1.0400455340e-14
3.6334228516e+02 2.7522033694e-14 1.7114108285e-14 1.0407925409e-14
3.6340332031e+02 2.7605105101e-14 1.7173620808e-14 1.0431484293e-14
3.6346435547e+02 2.7382057467e-14 1.7095593365e-14 1.0286464103e-14
3.6352539062e+02 2.7392864453e-14 1.7103539903e-14 1.0289324550e-14
3.6358642578e+02 2.7386451613e-14 1.7114208864e-14 1.0272242749e-14
3.6364746094e+02 2.7444021078e-14 1.7119709461e-14 1.0324311617e-14
3.6370849609e+02 2.7575898395e-14 1.7228366306e-14 1.0347532088e-14
3.6376953125e+02 2.7426867682e-14 1.7126094573e-14 1.0300773109e-14
3.6383056641e+02 2.7471815315e-14 1.7131410386e-14 1.0340404929e-14
3.6389160156e+02 2.7638631334e-14 1.7251679509e-14 1.0386951825e-14
3.6395263672e+02 2.7710924285e-14 1.7242521817e-14 1.0468402468e-14
3.6401367188e+02 2.7734031709e-14 1.7313251475e-14 1.0420780234e-14
3.6407470703e+02 2.7673342823e-14 1.7260064537e-14 1.0413278285e-14
3.6413574219e+02 2.7608033724e-14 1.7185652493e-14 1.0422381231e-14
3.6419677734e+02 2.7601858993e-14 1.7210398803e-14 1.0391460189e-14
3.6425781250e+02 2.7517025035e-14 1.7157639265e-14 1.0359385770e-14
3.6431884766e+02 2.7558733893e-14 1.7165650475e-14 1.0393083417e-14
3.6437988281e+02 2.7474649951e-14 1.7150070919e-14 1.0324579032e-14
3.6444091797e+02 2.7539833147e-14 1.7202757912e-14 1.0337075235e-14
3.6450195312e+02 2.7523301702e-14 1.7233813873e-14 1.0289487829e-14
3.6456298828e+02 2.7483059381e-14 1.7193018474e-14 1.0290040907e-14
3.6462402344e+02 2.7591711850e-14 1.7221157122e-14 1.0370554728e-14
3.6468505859e+02 2.7558350388e-14 1.7195548941e-14 1.0362801446e-14
3.6474609375e+02 2.7426866807e-14 1.7078834411e-14 1.0348032395e-14
3.6480712891e+02 2.7381335268e-14 1.7053008765e-14 1.0328326503e-14
3.6486816406e+02 2.7254906739e-14 1.6988032842e-14 1.0266873896e-14
3.6492919922e+02 2.7276150982e-14 1.6980632930e-14 1.0295518052e-14
3.6499023438e+02 2.7468908660e-14 1.7120376765e-14 1.0348531895e-14
3.6505126953e+02 2.7499634931e-14 1.7122679987e-14 1.0376954944e-14
3.6511230469e+02 2.7479596351e-14 1.7108420391e-14 1.0371175960e-14
3.6517333984e+02 2.7340901269e-14 1.7033305653e-14 1.0307595616e-14
3.6523437500e+02 2.7472507070e-14 1.7108573376e-14 1.0363933695e-14
3.6529541016e+02 2.7475289235e-14 1.7144833633e-14 1.0330455602e-14
3.6535644531e+02 2.7323602379e-14 1.7066107622e-14 1.0257494756e-14
3.6541748047e+02 2.7453404534e-14 1.7151678410e-14 1.0301726124e-14
3.6547851562e+02 2.7618997140e-14 1.7242956289e-14 1.0376040852e-14
3.6553955078e+02 2.7629878514e-14 1.7268198586e-14 1.0361679928e-14
3.6560058594e+02 2.7520883046e-14 1.7211984096e-14 1.0308898949e-14
3.6566162109e+02 2.7427763580e-14 1.7143954568e-14 1.0283809011e-14
3.6572265625e+02 2.7303247685e-14 1.7014344179e-14 1.0288903506e-14
3.6578369141e+02 2.7544260127e-14 1.7201552646e-14 1.0342707482e-14
3.6584472656e+02 2.7567061608e-14 1.7334112850e-14 1.0232948759e-14
3.6590576172e+02 2.7386964766e-14 1.7101247413e-14 1.0285717353e-14
3.6596679688e+02 2.7307197636e-14 1.7040476769e-14 1.0266720867e-14
3.6602783203e+02 2.7296549034e-14 1.7029288577e-14 1.0267260457e-14
3.6608886719e+02 2.7286667856e-14 1.7025031779e-14 1.0261636078e-14
3.6614990234e+02 2.7384647041e-14 1.7031089123e-14 1.0353557918e-14
3.6621093750e+02 2.7456400116e-14 1.7151204637e-14 1.0305195479e-14
3.6627197266e+02 2.7541703058e-14 1.7194337730e-14 1.0347365328e-14
3.6633300781e+02 2.7502496774e-14 1.7213176556e-14 1.0289320219e-14
3.6639404297e+02 2.7515676177e-14 1.7214525040e-14 1.0301151137e-14
3.6645507812e+02 2.7508004701e-14 1.7148269113e-14 1.0359735588e-14
3.6651611328e+02 2.7366157347e-14 1.7054621883e-14 1.0311535464e-14
3.6657714844e+02 2.7340847695e-14 1.7066643051e-14 1.0274204645e-14
3.6663818359e+02 2.7370803674e-14 1.7101266627e-14 1.0269537047e-14
3.6669921875e+02 2.7464583853e-14 1.7170303286e-14 1.0294280567e-14
3.6676025391e+02 2.7486112915e-14 1.7137093564e-14 1.0349019351e-14
3.6682128906e+02 2.7430517184e-14 1.7110424399e-14 1.0320092785e-14
3.6688232422e+02 2.7508463357e-14 1.7259189873e-14 1.0249273484e-14
3.6694335938e+02 2.7475267812e-14 1.7270861063e-14 1.0204406749e-14
3.6700439453e+02 2.7396330942e-14 1.7074935658e-14 1.0321395285e-14
3.6706542969e+02 2.7504133695e-14 1.7198589384e-14 1.0305544312e-14
3.6712646484e+02 2.7509123778e-14 1.7220731762e-14 1.0288392016e-14
3.6718750000e+02 2.7543504843e-14 1.7208494711e-14 1.0335010132e-14
3.6724853516e+02 2.7408981223e-14 1.7110475881e-14 1.0298505341e-14
3.6730957031e+02 2.7384902737e-14 1.7082994680e-14 1.0301908057e-14
3.6737060547e+02 2.7425323727e-14 1.7162241978e-14 1.0263081749e-14
3.6743164062e+02 2.7328232863e-14 1.7056650969e-14 1.0271581895e-14
3.6749267578e+02 2.7404252948e-14 1.7152450123e-14 1.0251802826e-14
3.6755371094e+02 2.7347006452e-14 1.7105789325e-14 1.0241217127e-14
3.6761474609e+02 2.7343392385e-14 1.7069519606e-14 1.0273872779e-14
3.6767578125e+02 2.7275399384e-14 1.7027097617e-14 1.0248301766e-14
3.6773681641e+02 2.7301376250e-14 1.7080977394e-14 1.0220398856e-14
3.6779785156e+02 2.7340641396e-14 1.7161714963e-14 1.0178926434e-14
3.6785888672e+02 2.7399400435e-14 1.7188134613e-14 1.0211265822e-14
3.6791992188e+02 2.7391512534e-14 1.7083794165e-14 1.0307718369e-14
3.6798095703e+02 2.7532031653e-14 1.7183822081e-14 1.0348209572e-14
3.6804199219e+02 2.7494974562e-14 1.7275255376e-14 1.0219719186e-14
3.6810302734e+02 2.7282528231e-14 1.7057641822e-14 1.0224886409e-14
3.6816406250e+02 2.7337572578e-14 1.7052531240e-14 1.0285041338e-14
3.6822509766e+02 2.7277173679e-14 1.7002110437e-14 1.0275063242e-14
3.6828613281e+02 2.7456241184e-14 1.7151441657e-14 1.0304799527e-14
3.6834716797e+02 2.7532985954e-14 1.7236695125e-14 1.0296290829e-14
3.6840820312e+02 2.7380030291e-14 1.7093826842e-14 1.0286203449e-14
3.6846923828e+02 2.7444979933e-14 1.7183427224e-14 1.0261552709e-14
3.6853027344e+02 2.7388141764e-14 1.7145144279e-14 1.0242997485e-14
3.6859130859e+02 2.7583947363e-14 1.7269724028e-14 1.0314223335e-14
3.6865234375e+02 2.7481905330e-14 1.7215061079e-14 1.0266844251e-14
3.6871337891e+02 2.7376605160e-14 1.7152612421e-14 1.0223992739e-14
3.6877441406e+02 2.7372444185e-14 1.7140346447e-14 1.0232097738e-14
3.6883544922e+02 2.7428546474e-14 1.7194865996e-14 1.0233680477e-14
3.6889648438e+02 2.7510175452e-14 1.7204671471e-14 1.0305503980e-14
3.6895751953e+02 2.7499119657e-14 1.7186696474e-14 1.0312423183e-14
3.6901855469e+02 2.7435807880e-14 1.7138922621e-14 1.0296885259e-14
3.6907958984e+02 2.7454616623e-14 1.7196408488e-14 1.0258208134e-14
3.6914062500e+02 2.7428441203e-14 1.7173185121e-14 1.0255256082e-14
3.6920166016e+02 2.7382272232e-14 1.7083665414e-14 1.0298606818e-14
3.6926269531e+02 2.7367883331e-14 1.7125053124e-14 1.0242830207e-14
3.6932373047e+02 2.7452556328e-14 1.7169774788e-14 1.0282781540e-14
3.6938476562e+02 2.7455283178e-14 1.7238022741e-14 1.0217260437e-14
3.6944580078e+02 2.7346247187e-14 1.7067414733e-14 1.0278832454e-14
3.6950683594e+02 2.7314993662e-14 1.7068255787e-14 1.0246737875e-14
3.6956787109e+02 2.7279858648e-14 1.7026150063e-14 1.0253708585e-14
3.6962890625e+02 2.7178809206e-14 1.7024611692e-14 1.0154197514e-14
3.6968994141e+02 2.7325822365e-14 1.7109771697e-14 1.0216050667e-14
3.6975097656e+02 2.7418824066e-14 1.7195921716e-14 1.0222902350e-14
3.6981201172e+02 2.7340745839e-14 1.7103814560e-14 1.0236931279e-14
3.6987304688e+02 2.7223687438e-14 1.7036546431e-14 1.0187141007e-14
3.6993408203e+02 2.7338772925e-14 1.7093798511e-14 1.0244974414e-14
3.6999511719e+02 2.7337989428e-14 1.7090332127e-14 1.0247657302e-14
3.7005615234e+02 2.7281064058e-14 1.7039545120e-14 1.0241518938e-14
3.7011718750e+02 2.7271937445e-14 1.7082789129e-14 1.0189148315e-14
3.7017822266e+02 2.7243302190e-14 1.7052106708e-14 1.0191195481e-14
3.7023925781e+02 2.7165270548e-14 1.6942516672e-14 1.0222753876e-14
3.7030029297e+02 2.7154572325e-14 1.6973475454e-14 1.0181096871e-14
3.7036132812e+02 2.7294607052e-14 1.7086129320e-14 1.0208477732e-14
3.7042236328e+02 2.7421587803e-14 1.7212241845e-14 1.0209345959e-14
3.7048339844e+02 2.7295601465e-14 1.7092447192e-14 1.0203154274e-14
3.7054443359e+02 2.7383632071e-14 1.7108398623e-14 1.0275233447e-14
3.7060546875e+02 2.7611204116e-14 1.7278743539e-14 1.0332460578e-14
3.7066650391e+02 2.7639850651e-14 1.7292379191e-14 1.0347471460e-14
3.7072753906e+02 2.7312895543e-14 1.7115509114e-14 1.0197386429e-14
3.7078857422e+02 2.7263730858e-14 1.7072509227e-14 1.0191221630e-14
3.7084960938e+02 2.7425790472e-14 1.7165249513e-14 1.0260540959e-14
3.7091064453e+02 2.7385188541e-14 1.7160263502e-14 1.0224925039e-14
3.7097167969e+02 2.7180306469e-14 1.7007919123e-14 1.0172387346e-14
3.7103271484e+02 2.7207273649e-14 1.7024056206e-14 1.0183217443e-14
3.7109375000e+02 2.7211195331e-14 1.7042319357e-14 1.0168875973e-14
3.7115478516e+02 2.7291748992e-14 1.7130306855e-14 1.0161442137e-14
3.7121582031e+02 2.7351132340e-14 1.7104066241e-14 1.0247066098e-14
3.7127685547e+02 2.7227986735e-14 1.6994068847e-14 1.0233917887e-14
3.7133789062e+02 2.7442421574e-14 1.7179412582e-14 1.0263008993e-14
3.7139892578e+02 2.7481031052e-14 1.7291531479e-14 1.0189499574e-14
3.7145996094e+02 2.7391717557e-14 1.7241214996e-14 1.0150502560e-14
3.7152099609e+02 2.7223630943e-14 1.7050555843e-14 1.0173075100e-14
3.7158203125e+02 2.7281577874e-14 1.7056318145e-14 1.0225259729e-14
3.7164306641e+02 2.7319356525e-14 1.7109243380e-14 1.0210113145e-14
3.7170410156e+02 2.7455058870e-14 1.7216977081e-14 1.0238081789e-14
3.7176513672e+02 2.7389066422e-14 1.7205391571e-14 1.0183674850e-14
3.7182617188e+02 2.7288199820e-14 1.7104689456e-14 1.0183510365e-14
3.7188720703e+02 2.7239447549e-14 1.7022006610e-14 1.0217440939e-14
3.7194824219e+02 2.7199851188e-14 1.7028007032e-14 1.0171844156e-14
3.7200927734e+02 2.7228289288e-14 1.7004369121e-14 1.0223920167e-14
3.7207031250e+02 2.7290382780e-14 1.7095257708e-14 1.0195125073e-14
3.7213134766e+02 2.7159866436e-14 1.7010741752e-14 1.0149124684e-14
3.7219238281e+02 2.7100659975e-14 1.6980275261e-14 1.0120384714e-14
3.7225341797e+02 2.7184128511e-14 1.7006788452e-14 1.0177340059e-14
3.7231445312e+02 2.7398058141e-14 1.7173750066e-14 1.0224308075e-14
3.7237548828e+02 2.7252799618e-14 1.7094608467e-14 1.0158191151e-14
3.7243652344e+02 2.7123569876e-14 1.6982908357e-14 1.0140661519e-14
3.7249755859e+02 2.7167772274e-14 1.6983293109e-14 1.0184479165e-14
3.7255859375e+02 2.7207018014e-14 1.7058637739e-14 1.0148380276e-14
3.7261962891e+02 2.7238454368e-14 1.7065294300e-14 1.0173160068e-14
3.7268066406e+02 2.7304793773e-14 1.7110404499e-14 1.0194389275e-14
3.7274169922e+02 2.7538266515e-14 1.7311731126e-14 1.0226535388e-14
3.7280273438e+02 2.7493514575e-14 1.7241133825e-14 1.0252380750e-14
3.7286376953e+02 2.7372274595e-14 1.7155970890e-14 1.0216303705e-14
3.7292480469e+02 2.7336154158e-14 1.7177229645e-14 1.0158924512e-14
3.7298583984e+02 2.7404530652e-14 1.7204034458e-14 1.0200496194e-14
3.7304687500e+02 2.7372652475e-14 1.7120352875e-14 1.0252299600e-14
3.7310791016e+02 2.7285359516e-14 1.7094756826e-14 1.0190602690e-14
3.7316894531e+02 2.7136309992e-14 1.6988903611e-14 1.0147406381e-14
3.7322998047e+02 2.7188928881e-14 1.6952081802e-14 1.0236847078e-14
3.7329101562e+02 2.7138427829e-14 1.6888053685e-14 1.0250374144e-14
3.7335205078e+02 2.7318547317e-14 1.7052117932e-14 1.0266429385e-14
3.7341308594e+02 2.7263827004e-14 1.7080638525e-14 1.0183188479e-14
3.7347412109e+02 2.7155972003e-14 1.7017355193e-14 1.0138616809e-14
3.7353515625e+02 2.7253636797e-14 1.7126362550e-14 1.0127274248e-14
3.7359619141e+02 2.7290939783e-14 1.7110847462e-14 1.0180092320e-14
3.7365722656e+02 2.7401675675e-14 1.7178104807e-14 1.0223570868e-14
3.7371826172e+02 2.7365902461e-14 1.7085483873e-14 1.0280418587e-14
3.7377929688e+02 2.7137323597e-14 1.7020537062e-14 1.0116786534e-14
3.7384033203e+02 2.7273512751e-14 1.7121100764e-14 1.0152411987e-14
3.7390136719e+02 2.7374163615e-14 1.7146912114e-14 1.0227251500e-14
3.7396240234e+02 2.7282679841e-14 1.7114770602e-14 1.0167909239e-14
3.7402343750e+02 2.7212536575e-14 1.7007933258e-14 1.0204603317e-14
3.7408447266e+02 2.7357224271e-14 1.7124652723e-14 1.0232571548e-14
3.7414550781e+02 2.7292385691e-14 1.7111111430e-14 1.0181274261e-14
3.7420654297e+02 2.7174042731e-14 1.7068039006e-14 1.0106003725e-14
3.7426757812e+02 2.7209757005e-14 1.7090338942e-14 1.0119418062e-14
3.7432861328e+02 2.7191886833e-14 1.7023845187e-14 1.0168041646e-14
3.7438964844e+02 2.7257709790e-14 1.7050030617e-14 1.0207679173e-14
3.7445068359e+02 2.7286600872e-14 1.7107822925e-14 1.0178777946e-14
3.7451171875e+02 2.7179691939e-14 1.6999743286e-14 1.0179948653e-14
3.7457275391e+02 2.7265750355e-14 1.7079798070e-14 1.0185952285e-14
3.7463378906e+02 2.7251568658e-14 1.7098852030e-14 1.0152716628e-14
3.7469482422e+02 2.7304643694e-14 1.7054589418e-14 1.0250054276e-14
3.7475585938e+02 2.7534134088e-14 1.7240898126e-14 1.0293235962e-14
3.7481689453e+02 2.7419607380e-14 1.7219327366e-14 1.0200280014e-14
3.7487792969e+02 2.7232122140e-14 1.7082766565e-14 1.0149355576e-14
3.7493896484e+02 2.7207179377e-14 1.7108505930e-14 1.0098673447e-14
3.7500000000e+02 2.7404595281e-14 1.7209544066e-14 1.0195051215e-14
3.7506103516e+02 2.7382644286e-14 1.7167073947e-14 1.0215570339e-14
3.7512207031e+02 2.7112994826e-14 1.6960759421e-14 1.0152235405e-14
3.7518310547e+02 2.7139890607e-14 1.7004588170e-14 1.0135302437e-14
3.7524414062e+02 2.7198320425e-14 1.7001017276e-14 1.0197303149e-14
3.7530517578e+02 2.7030754706e-14 1.6849573116e-14 1.0181181590e-14
3.7536621094e+02 2.7047814059e-14 1.6849687689e-14 1.0198126371e-14
3.7542724609e+02 2.7223770179e-14 1.7067584644e-14 1.0156185536e-14
3.7548828125e+02 2.7298467429e-14 1.7180854713e-14 1.0117612716e-14
3.7554931641e+02 2.7152128986e-14 1.7029197148e-14 1.0122931838e-14
3.7561035156e+02 2.7063280946e-14 1.6927130614e-14 1.0136150333e-14
3.7567138672e+02 2.7191909087e-14 1.7034659980e-14 1.0157249107e-14
3.7573242188e+02 2.7322046486e-14 1.7140456106e-14 1.0181590379e-14
3.7579345703e+02 2.7157262942e-14 1.7019024505e-14 1.0138238437e-14
3.7585449219e+02 2.7227639369e-14 1.7024099661e-14 1.0203539708e-14
3.7591552734e+02 2.7340933977e-14 1.7118131427e-14 1.0222802550e-14
3.7597656250e+02 2.7288054279e-14 1.7060965173e-14 1.0227089105e-14
3.7603759766e+02 2.7219074135e-14 1.7027518566e-14 1.0191555569e-14
3.7609863281e+02 2.7111220401e-14 1.6966321411e-14 1.0144898990e-14
3.7615966797e+02 2.7211390377e-14 1.7101664373e-14 1.0109726004e-14
3.7622070312e+02 2.7260884586e-14 1.7104493490e-14 1.0156391096e-14
3.7628173828e+02 2.7383946036e-14 1.7203045415e-14 1.0180900621e-14
3.7634277344e+02 2.7300362877e-14 1.7149855481e-14 1.0150507395e-14
3.7640380859e+02 2.7291548620e-14 1.7148915894e-14 1.0142632726e-14
3.7646484375e+02 2.7309767620e-14 1.7163778539e-14 1.0145989081e-14
3.7652587891e+02 2.7235030880e-14 1.7124885982e-14 1.0110144898e-14
3.7658691406e+02 2.7187556186e-14 1.7069759669e-14 1.0117796517e-14
3.7664794922e+02 2.7128999239e-14 1.6963494163e-14 1.0165505076e-14
3.7670898438e+02 2.7184606467e-14 1.7031102062e-14 1.0153504404e-14
3.7677001953e+02 2.7185026989e-14 1.7068092270e-14 1.0116934719e-14
3.7683105469e+02 2.7177044085e-14 1.7058797146e-14 1.0118246939e-14
3.7689208984e+02 2.7125420993e-14 1.7011523277e-14 1.0113897716e-14
3.7695312500e+02 2.7160448068e-14 1.6961170737e-14 1.0199277331e-14
3.7701416016e+02 2.7257139242e-14 1.7077953594e-14 1.0179185648e-14
3.7707519531e+02 2.7194707875e-14 1.7080785036e-14 1.0113922839e-14
3.7713623047e+02 2.7235197943e-14 1.7074343498e-14 1.0160854445e-14
3.7719726562e+02 2.7229786280e-14 1.7031112344e-14 1.0198673936e-14
3.7725830078e+02 2.7247970606e-14 1.7093948778e-14 1.0154021829e-14
3.7731933594e+02 2.7278051086e-14 1.7107057596e-14 1.0170993490e-14
3.7738037109e+02 2.7256416054e-14 1.7047820923e-14 1.0208595131e-14
3.7744140625e+02 2.7237481889e-14 1.7093967757e-14 1.0143514132e-14
3.7750244141e+02 2.7192579828e-14 1.7059143467e-14 1.0133436361e-14
3.7756347656e+02 2.7174057328e-14 1.7012033359e-14 1.0162023968e-14
3.7762451172e+02 2.7205528252e-14 1.7071624890e-14 1.0133903361e-14
3.7768554688e+02 2.7210805202e-14 1.7069327518e-14 1.0141477684e-14
3.7774658203e+02 2.7195202173e-14 1.7063899363e-14 1.0131302810e-14
3.7780761719e+02 2.7302128949e-14 1.7158777601e-14 1.0143351348e-14
3.7786865234e+02 2.7207396344e-14 1.7085643758e-14 1.0121752586e-14
3.7792968750e+02 2.7168367182e-14 1.7043883337e-14 1.0124483846e-14
3.7799072266e+02 2.7292575627e-14 1.7126189828e-14 1.0166385799e-14
3.7805175781e+02 2.7165929222e-14 1.7086331471e-14 1.0079597752e-14
3.7811279297e+02 2.7145231817e-14 1.7083087535e-14 1.0062144282e-14
3.7817382812e+02 2.7256913245e-14 1.7119960872e-14 1.0136952372e-14
3.7823486328e+02 2.7275465280e-14 1.7091569129e-14 1.0183896152e-14
3.7829589844e+02 2.7146531992e-14 1.7081296682e-14 1.0065235310e-14
3.7835693359e+02 2.7216337582e-14 1.7080908513e-14 1.0135429069e-14
3.7841796875e+02 2.7153045279e-14 1.6999795132e-14 1.0153250147e-14
3.7847900391e+02 2.7215812408e-14 1.7080003956e-14 1.0135808452e-14
3.7854003906e+02 2.7172483633e-14 1.7104413594e-14 1.0068070039e-14
3.7860107422e+02 2.7074501439e-14 1.6992523981e-14 1.0081977458e-14
3.7866210938e+02 2.7157006147e-14 1.7066327951e-14 1.0090678196e-14
3.7872314453e+02 2.7067659615e-14 1.6999747109e-14 1.0067912505e-14
3.7878417969e+02 2.7083047236e-14 1.7021684205e-14 1.0061363031e-14
3.7884521484e+02 2.7124255179e-14 1.6984908740e-14 1.0139346438e-14
3.7890625000e+02 2.7252663234e-14 1.7126727987e-14 1.0125935247e-14
3.7896728516e+02 2.7322874630e-14 1.7158504444e-14 1.0164370186e-14
3.7902832031e+02 2.7175294382e-14 1.7063316578e-14 1.0111977804e-14
3.7908935547e+02 2.7174384621e-14 1.7019192225e-14 1.0155192395e-14
3.7915039062e+02 2.7251587293e-14 1.7074745877e-14 1.0176841416e-14
3.7921142578e+02 2.7117015827e-14 1.7065520051e-14 1.0051495775e-14
3.7927246094e+02 2.7029655614e-14 1.6944717705e-14 1.0084937908e-14
3.7933349609e+02 2.7167337069e-14 1.7023757976e-14 1.0143579093e-14
3.7939453125e+02 2.7202959253e-14 1.7076010827e-14 1.0126948426e-14
3.7945556641e+02 2.7319108293e-14 1.7216663708e-14 1.0102444585e-14
3.7951660156e+02 2.7208260220e-14 1.7132052127e-14 1.0076208093e-14
3.7957763672e+02 2.7176476756e-14 1.7055504042e-14 1.0120972714e-14
3.7963867188e+02 2.7274239559e-14 1.7093517588e-14 1.0180721972e-14
3.7969970703e+02 2.7187345871e-14 1.7035648210e-14 1.0151697661e-14
3.7976074219e+02 2.7081451717e-14 1.6946020977e-14 1.0135430740e-14
3.7982177734e+02 2.7129550598e-14 1.6962513144e-14 1.0167037454e-14
3.7988281250e+02 2.7152655191e-14 1.6976714245e-14 1.0175940946e-14
3.7994384766e+02 2.7197129342e-14 1.7053533151e-14 1.0143596191e-14
3.8000488281e+02 2.7304301837e-14 1.7133725444e-14 1.0170576393e-14
3.8006591797e+02 2.7245697132e-14 1.7119151571e-14 1.0126545561e-14
3.8012695312e+02 2.7214656279e-14 1.7094729678e-14 1.0119926602e-14
3.8018798828e+02 2.7286824980e-14 1.7202366743e-14 1.0084458237e-14
3.8024902344e+02 2.7174900382e-14 1.7087359048e-14 1.0087541334e-14
3.8031005859e+02 2.7182829026e-14 1.7004028376e-14 1.0178800650e-14
3.8037109375e+02 2.7360981808e-14 1.7156301263e-14 1.0204680546e-14
3.8043212891e+02 2.7096880747e-14 1.6985703637e-14 1.0111177110e-14
3.8049316406e+02 2.7136429078e-14 1.7045530027e-14 1.0090899051e-14
3.8055419922e+02 2.7289682764e-14 1.7125899415e-14 1.0163783349e-14
3.8061523438e+02 2.7178229946e-14 1.7037342790e-14 1.0140887156e-14
3.8067626953e+02 2.7107602905e-14 1.6992031669e-14 1.0115571235e-14
3.8073730469e+02 2.7210322520e-14 1.7062544408e-14 1.0147778111e-14
3.8079833984e+02 2.7268187188e-14 1.7155843648e-14 1.0112343540e-14
3.8085937500e+02 2.7320866188e-14 1.7132513571e-14 1.0188352617e-14
3.8092041016e+02 2.7227219935e-14 1.7049554836e-14 1.0177665099e-14
3.8098144531e+02 2.7203516146e-14 1.7062707850e-14 1.0140808296e-14
3.8104248047e+02 2.7219834941e-14 1.7069156599e-14 1.0150678342e-14
3.8110351562e+02 2.7358348090e-14 1.7162888602e-14 1.0195459488e-14
3.8116455078e+02 2.7290883163e-14 1.7127389858e-14 1.0163493305e-14
3.8122558594e+02 2.7112227133e-14 1.7002244196e-14 1.0109982936e-14
3.8128662109e+02 2.7151104717e-14 1.7016554415e-14 1.0134550302e-14
3.8134765625e+02 2.7203004042e-14 1.7060567867e-14 1.0142436175e-14
3.8140869141e+02 2.7249176457e-14 1.7066083924e-14 1.0183092532e-14
3.8146972656e+02 2.7242628826e-14 1.7081895877e-14 1.0160732949e-14
3.8153076172e+02 2.7322887460e-14 1.7136804638e-14 1.0186082822e-14
3.8159179688e+02 2.7220682901e-14 1.7111343784e-14 1.0109339117e-14
3.8165283203e+02 2.7111406615e-14 1.7026494313e-14 1.0084912301e-14
3.8171386719e+02 2.7342213348e-14 1.7171898832e-14 1.0170314516e-14
3.8177490234e+02 2.7262801586e-14 1.7109198345e-14 1.0153603241e-14
3.8183593750e+02 2.7166013996e-14 1.7050401808e-14 1.0115612188e-14
3.8189697266e+02 2.7260989236e-14 1.7121281758e-14 1.0139707479e-14
3.8195800781e+02 2.7220505539e-14 1.7090323834e-14 1.0130181706e-14
3.8201904297e+02 2.7231343475e-14 1.7090035280e-14 1.0141308195e-14
3.8208007812e+02 2.7205308360e-14 1.7058916542e-14 1.0146391818e-14
3.8214111328e+02 2.7015999726e-14 1.6928012907e-14 1.0087986819e-14
3.8220214844e+02 2.7053686680e-14 1.6981130713e-14 1.0072555967e-14
3.8226318359e+02 2.7261660809e-14 1.7091637538e-14 1.0170023271e-14
3.8232421875e+02 2.7310842168e-14 1.7175766476e-14 1.0135075692e-14
3.8238525391e+02 2.7322503470e-14 1.7167441338e-14 1.0155062132e-14
3.8244628906e+02 2.7250955834e-14 1.7016848557e-14 1.0234107276e-14
3.8250732422e+02 2.7143688950e-14 1.6952180561e-14 1.0191508388e-14
3.8256835938e+02 2.7133756683e-14 1.7066591708e-14 1.0067164975e-14
3.8262939453e+02 2.7168843231e-14 1.7067096622e-14 1.0101746609e-14
3.8269042969e+02 2.7202082714e-14 1.7063514403e-14 1.0138568311e-14
3.8275146484e+02 2.7098838558e-14 1.7025303719e-14 1.0073534839e-14
3.8281250000e+02 2.7077927987e-14 1.7022045280e-14 1.0055882708e-14
3.8287353516e+02 2.7264404449e-14 1.7123859802e-14 1.0140544648e-14
3.8293457031e+02 2.7356071273e-14 1.7230421055e-14 1.0125650219e-14
3.8299560547e+02 2.7274702944e-14 1.7100452314e-14 1.0174250629e-14
3.8305664062e+02 2.7166483230e-14 1.7043900458e-14 1.0122582771e-14
3.8311767578e+02 2.7076948479e-14 1.6989027633e-14 1.0087920846e-14
3.8317871094e+02 2.7081284482e-14 1.6936262841e-14 1.0145021641e-14
3.8323974609e+02 2.7213043019e-14 1.7067519412e-14 1.0145523607e-14
3.8330078125e+02 2.7225405010e-14 1.7096441611e-14 1.0128963400e-14
3.8336181641e+02 2.7249094616e-14 1.7108400270e-14 1.0140694346e-14
3.8342285156e+02 2.7136676397e-14 1.7025167834e-14 1.0111508564e-14
3.8348388672e+02 2.7227424804e-14 1.7075652096e-14 1.0151772708e-14
3.8354492188e+02 2.7077110552e-14 1.7012242454e-14 1.0064868098e-14
3.8360595703e+02 2.7114837451e-14 1.7119333816e-14 9.9955036344e-15
3.8366699219e+02 2.7067881611e-14 1.7036987827e-14 1.0030893784e-14
3.8372802734e+02 2.7102273854e-14 1.7034325772e-14 1.0067948082e-14
3.8378906250e+02 2.7174387277e-14 1.7038248629e-14 1.0136138648e-14
3.8385009766e+02 2.7119088999e-14 1.7034024892e-14 1.0085064106e-14
3.8391113281e+02 2.7007158516e-14 1.6991043574e-14 1.0016114942e-14
3.8397216797e+02 2.7106757471e-14 1.7036049364e-14 1.0070708107e-14
3.8403320312e+02 2.7162155492e-14 1.7048023369e-14 1.0114132123e-14
3.8409423828e+02 2.7018150069e-14 1.6928341303e-14 1.0089808766e-14
3.8415527344e+02 2.7011312988e-14 1.6953980945e-14 1.0057332043e-14
3.8421630859e+02 2.7073447764e-14 1.7032075526e-14 1.0041372237e-14
3.8427734375e+02 2.7151215348e-14 1.7071036398e-14 1.0080178950e-14
3.8433837891e+02 2.7223948769e-14 1.7105814544e-14 1.0118134226e-14
3.8439941406e+02 2.7089945119e-14 1.7019076729e-14 1.0070868389e-14
3.8446044922e+02 2.6981350242e-14 1.6938412556e-14 1.0042937685e-14
3.8452148438e+02 2.7082071183e-14 1.6999244489e-14 1.0082826694e-14
3.8458251953e+02 2.7121365602e-14 1.6976618205e-14 1.0144747397e-14
3.8464355469e+02 2.7170525715e-14 1.7033551050e-14 1.0136974665e-14
3.8470458984e+02 2.7179982628e-14 1.7054897150e-14 1.0125085478e-14
3.8476562500e+02 2.7307881002e-14 1.7166115152e-14 1.0141765850e-14
3.8482666016e+02 2.7196564833e-14 1.7109301808e-14 1.0087263025e-14
3.8488769531e+02 2.7247250667e-14 1.7158499521e-14 1.0088751146e-14
3.8494873047e+02 2.7325011013e-14 1.7150887414e-14 1.0174123599e-14
3.8500976562e+02 2.7283058837e-14 1.7125966926e-14 1.0157091911e-14
3.8507080078e+02 2.7092199336e-14 1.6935258182e-14 1.0156941154e-14
3.8513183594e+02 2.7152662439e-14 1.7067760321e-14 1.0084902118e-14
3.8519287109e+02 2.7121105761e-14 1.7061819995e-14 1.0059285766e-14
3.8525390625e+02 2.7129303347e-14 1.7078647361e-14 1.0050655986e-14
3.8531494141e+02 2.7146679558e-14 1.7055048807e-14 1.0091630751e-14
3.8537597656e+02 2.7204077274e-14 1.7100690721e-14 1.0103386553e-14
3.8543701172e+02 2.7303642381e-14 1.7129829604e-14 1.0173812776e-14
3.8549804688e+02 2.7119546939e-14 1.6990765181e-14 1.0128781758e-14
3.8555908203e+02 2.7041448666e-14 1.6938236727e-14 1.0103211939e-14
3.8562011719e+02 2.7159111437e-14 1.7015118138e-14 1.0143993299e-14
3.8568115234e+02 2.7244180622e-14 1.7119303934e-14 1.0124876688e-14
3.8574218750e+02 2.7229462083e-14 1.7103874128e-14 1.0125587955e-14
3.8580322266e+02 2.7281564950e-14 1.7139314223e-14 1.0142250727e-14
3.8586425781e+02 2.7208825857e-14 1.7088395470e-14 1.0120430387e-14
3.8592529297e+02 2.7090788168e-14 1.7008741973e-14 1.0082046196e-14
3.8598632812e+02 2.6961308549e-14 1.6898578801e-14 1.0062729748e-14
3.8604736328e+02 2.6833377186e-14 1.6819296221e-14 1.0014080965e-14
3.8610839844e+02 2.6957179101e-14 1.6969155755e-14 9.9880233456e-15
3.8616943359e+02 2.7064846406e-14 1.6984184040e-14 1.0080662367e-14
3.8623046875e+02 2.7058728412e-14 1.6983491113e-14 1.0075237300e-14
3.8629150391e+02 2.7006173517e-14 1.6982276548e-14 1.0023896969e-14
3.8635253906e+02 2.7026405858e-14 1.7025820275e-14 1.0000585583e-14
3.8641357422e+02 2.7100054901e-14 1.7089524792e-14 1.0010530110e-14
3.8647460938e+02 2.7038083234e-14 1.7027934060e-14 1.0010149174e-14
3.8653564453e+02 2.7056016058e-14 1.6996722369e-14 1.0059293689e-14
3.8659667969e+02 2.6951331106e-14 1.6915189342e-14 1.0036141763e-14
3.8665771484e+02 2.7052879941e-14 1.7031561682e-14 1.0021318260e-14
3.8671875000e+02 2.6984786635e-14 1.6996543548e-14 9.9882430868e-15
3.8677978516e+02 2.7129830303e-14 1.6999639729e-14 1.0130190573e-14
3.8684082031e+02 2.7170993419e-14 1.7037378546e-14 1.0133614874e-14
3.8690185547e+02 2.7128711052e-14 1.7075357056e-14 1.0053353995e-14
3.8696289062e+02 2.6984095085e-14 1.6957160465e-14 1.0026934619e-14
3.8702392578e+02 2.7015210882e-14 1.6980348240e-14 1.0034862642e-14
3.8708496094e+02 2.7033990147e-14 1.7036413018e-14 9.9975771290e-15
3.8714599609e+02 2.7047370806e-14 1.6976400850e-14 1.0070969956e-14
3.8720703125e+02 2.6949819462e-14 1.6847482439e-14 1.0102337023e-14
3.8726806641e+02 2.7025833575e-14 1.6921436880e-14 1.0104396695e-14
3.8732910156e+02 2.6884044659e-14 1.6855648302e-14 1.0028396357e-14
3.8739013672e+02 2.6978619298e-14 1.6945729591e-14 1.0032889707e-14
3.8745117188e+02 2.7124277956e-14 1.7053971538e-14 1.0070306418e-14
3.8751220703e+02 2.7098205360e-14 1.6999330716e-14 1.0098874644e-14
3.8757324219e+02 2.7103237854e-14 1.7052123729e-14 1.0051114125e-14
3.8763427734e+02 2.7019782940e-14 1.6978445633e-14 1.0041337307e-14
3.8769531250e+02 2.7014195449e-14 1.7002170853e-14 1.0012024597e-14
3.8775634766e+02 2.6948644194e-14 1.6990857321e-14 9.9577868729e-15
3.8781738281e+02 2.6993656045e-14 1.6971963846e-14 1.0021692200e-14
3.8787841797e+02 2.7017672966e-14 1.7003179272e-14 1.0014493694e-14
3.8793945312e+02 2.7014351807e-14 1.6977699922e-14 1.0036651885e-14
3.8800048828e+02 2.7139476593e-14 1.7127986501e-14 1.0011490092e-14
3.8806152344e+02 2.7191265172e-14 1.7126000501e-14 1.0065264671e-14
3.8812255859e+02 2.7178027960e-14 1.7098257150e-14 1.0079770810e-14
3.8818359375e+02 2.7101507072e-14 1.7013176816e-14 1.0088330256e-14
3.8824462891e+02 2.7260876667e-14 1.7231127265e-14 1.0029749402e-14
3.8830566406e+02 2.7187879099e-14 1.7128543332e-14 1.0059335767e-14
3.8836669922e+02 2.7110103928e-14 1.7022141860e-14 1.0087962068e-14
3.8842773438e+02 2.7136964166e-14 1.7041009656e-14 1.0095954510e-14
3.8848876953e+02 2.7006475099e-14 1.6983664720e-14 1.0022810378e-14
3.8854980469e+02 2.6864854392e-14 1.6904168813e-14 9.9606855795e-15
3.8861083984e+02 2.7008443069e-14 1.6981491429e-14 1.0026951640e-14
3.8867187500e+02 2.7004652984e-14 1.6924661812e-14 1.0079991172e-14
3.8873291016e+02 2.6804910475e-14 1.6809192119e-14 9.9957183551e-15
3.8879394531e+02 2.6893830605e-14 1.6936152999e-14 9.9576776054e-15
3.8885498047e+02 2.6977948769e-14 1.6980589826e-14 9.9973589430e-15
3.8891601562e+02 2.7074400629e-14 1.7054830539e-14 1.0019570090e-14
3.8897705078e+02 2.7041553768e-14 1.7025568015e-14 1.0015985753e-14
3.8903808594e+02 2.7058648037e-14 1.7001734210e-14 1.0056913827e-14
3.8909912109e+02 2.6987372496e-14 1.6940720251e-14 1.0046652245e-14
3.8916015625e+02 2.7001529326e-14 1.6980626575e-14 1.0020902751e-14
3.8922119141e+02 2.7000688334e-14 1.6951155239e-14 1.0049533095e-14
3.8928222656e+02 2.7157015977e-14 1.7087969300e-14 1.0069046676e-14
3.8934326172e+02 2.7254512668e-14 1.7182624442e-14 1.0071888226e-14
3.8940429688e+02 2.7068339136e-14 1.7004274024e-14 1.0064065112e-14
3.8946533203e+02 2.7050493455e-14 1.6978674010e-14 1.0071819445e-14
3.8952636719e+02 2.7059127251e-14 1.7037344803e-14 1.0021782448e-14
3.8958740234e+02 2.7165672056e-14 1.7118474121e-14 1.0047197935e-14
3.8964843750e+02 2.7175581141e-14 1.7078057852e-14 1.0097523289e-14
3.8970947266e+02 2.6987119651e-14 1.6963748516e-14 1.0023371136e-14
3.8977050781e+02 2.7009923010e-14 1.7034309966e-14 9.9756130439e-15
3.8983154297e+02 2.6991920023e-14 1.7049385052e-14 9.9425349711e-15
3.8989257812e+02 2.7128612078e-14 1.7118827007e-14 1.0009785071e-14
3.8995361328e+02 2.7209456796e-14 1.7140963585e-14 1.0068493211e-14
3.9001464844e+02 2.7030223433e-14 1.6964545337e-14 1.0065678096e-14
3.9007568359e+02 2.6901109155e-14 1.6854162624e-14 1.0046946530e-14
3.9013671875e+02 2.6943931555e-14 1.6953154337e-14 9.9907772181e-15
3.9019775391e+02 2.7039320012e-14 1.6996584015e-14 1.0042735997e-14
3.9025878906e+02 2.6999434841e-14 1.6969054378e-14 1.0030380463e-14
3.9031982422e+02 2.6975931159e-14 1.7008230992e-14 9.9677001667e-15
3.9038085938e+02 2.6873858405e-14 1.6951630345e-14 9.9222280603e-15
3.9044189453e+02 2.7060761980e-14 1.7109646995e-14 9.9511149844e-15
3.9050292969e+02 2.7150699103e-14 1.7162863405e-14 9.9878356980e-15
3.9056396484e+02 2.7141905542e-14 1.7088571115e-14 1.0053334428e-14
3.9062500000e+02 2.7037887741e-14 1.6984608450e-14 1.0053279291e-14
3.9068603516e+02 2.7046832322e-14 1.7066195239e-14 9.9806370832e-15
3.9074707031e+02 2.7059416539e-14 1.7070159718e-14 9.9892568211e-15
3.9080810547e+02 2.7004628812e-14 1.6975849927e-14 1.0028778886e-14
3.9086914062e+02 2.6997435028e-14 1.7013586158e-14 9.9838488697e-15
3.9093017578e+02 2.7045980580e-14 1.7117652050e-14 9.9283285294e-15
3.9099121094e+02 2.6903277220e-14 1.6899261169e-14 1.0004016051e-14
3.9105224609e+02 2.6948074163e-14 1.6920997366e-14 1.0027076797e-14
3.9111328125e+02 2.7141395722e-14 1.7093786223e-14 1.0047609500e-14
3.9117431641e+02 2.7212768195e-14 1.7174422009e-14 1.0038346186e-14
3.9123535156e+02 2.7103583580e-14 1.7125741945e-14 9.9778416348e-15
3.9129638672e+02 2.6931396235e-14 1.7001430818e-14 9.9299654164e-15
3.9135742188e+02 2.7079082446e-14 1.7049603824e-14 1.0029478622e-14
3.9141845703e+02 2.7162347360e-14 1.7101708769e-14 1.0060638591e-14
3.9147949219e+02 2.7208047940e-14 1.7124705399e-14 1.0083342540e-14
3.9154052734e+02 2.7150815123e-14 1.7070131751e-14 1.0080683372e-14
3.9160156250e+02 2.7188661070e-14 1.7097232619e-14 1.0091428451e-14
3.9166259766e+02 2.6945744723e-14 1.6965322107e-14 9.9804226156e-15
3.9172363281e+02 2.6928261487e-14 1.6916363906e-14 1.0011897581e-14
3.9178466797e+02 2.7037953357e-14 1.6950242387e-14 1.0087710970e-14
3.9184570312e+02 2.7057154299e-14 1.7035850904e-14 1.0021303395e-14
3.9190673828e+02 2.6987603886e-14 1.6982325629e-14 1.0005278257e-14
3.9196777344e+02 2.7205802161e-14 1.7166873970e-14 1.0038928191e-14
3.9202880859e+02 2.7096633930e-14 1.7106578120e-14 9.9900558103e-15
3.9208984375e+02 2.6991323514e-14 1.7001904551e-14 9.9894189622e-15
3.9215087891e+02 2.6943797817e-14 1.6949139038e-14 9.9946587792e-15
3.9221191406e+02 2.6937147808e-14 1.6926050405e-14 1.0011097402e-14
3.9227294922e+02 2.6984141741e-14 1.6939340892e-14 1.0044800850e-14
3.9233398438e+02 2.6929655912e-14 1.6911590373e-14 1.0018065540e-14
3.9239501953e+02 2.6983142193e-14 1.6945533691e-14 1.0037608502e-14
3.9245605469e+02 2.7054254716e-14 1.7007299147e-14 1.0046955569e-14
3.9251708984e+02 2.7168165002e-14 1.7143977729e-14 1.0024187273e-14
3.9257812500e+02 2.7029802140e-14 1.7071178661e-14 9.9586234786e-15
3.9263916016e+02 2.7031897232e-14 1.6962730311e-14 1.0069166921e-14
3.9270019531e+02 2.7181239897e-14 1.7063950465e-14 1.0117289432e-14
3.9276123047e+02 2.7059433628e-14 1.7041151015e-14 1.0018282613e-14
3.9282226562e+02 2.7077649467e-14 1.7120075230e-14 9.9575742372e-15
3.9288330078e+02 2.6921785773e-14 1.6978879619e-14 9.9429061542e-15
3.9294433594e+02 2.6865396124e-14 1.6917954591e-14 9.9474415331e-15
3.9300537109e+02 2.6796337539e-14 1.6893581742e-14 9.9027557968e-15
3.9306640625e+02 2.6875596644e-14 1.6964937133e-14 9.9106595105e-15
3.9312744141e+02 2.6931808004e-14 1.6923943554e-14 1.0007864450e-14
3.9318847656e+02 2.6896309799e-14 1.6925353592e-14 9.9709562062e-15
3.9324951172e+02 2.7056031931e-14 1.7021638127e-14 1.0034393804e-14
3.9331054688e+02 2.6997522272e-14 1.6945787963e-14 1.0051734309e-14
3.9337158203e+02 2.7073441399e-14 1.7073810178e-14 9.9996312209e-15
3.9343261719e+02 2.7136662261e-14 1.7112334431e-14 1.0024327830e-14
3.9349365234e+02 2.7106833962e-14 1.7054510747e-14 1.0052323214e-14
3.9355468750e+02 2.7046972845e-14 1.6975031554e-14 1.0071941290e-14
3.9361572266e+02 2.7231017004e-14 1.7138480237e-14 1.0092536767e-14
3.9367675781e+02 2.7255950873e-14 1.7204028727e-14 1.0051922146e-14
3.9373779297e+02 2.7036460831e-14 1.6983147286e-14 1.0053313545e-14
3.9379882812e+02 2.7013181222e-14 1.7027853539e-14 9.9853276825e-15
3.9385986328e+02 2.7150856172e-14 1.7144309638e-14 1.0006546533e-14
3.9392089844e+02 2.6976088882e-14 1.6953602832e-14 1.0022486050e-14
3.9398193359e+02 2.6996849674e-14 1.7007562706e-14 9.9892869685e-15
3.9404296875e+02 2.7082939925e-14 1.7094650171e-14 9.9882897541e-15
3.9410400391e+02 2.7063781399e-14 1.7036810335e-14 1.0026971064e-14
3.9416503906e+02 2.7098122335e-14 1.7104930158e-14 9.9931921774e-15
3.9422607422e+02 2.7291500004e-14 1.7251672290e-14 1.0039827714e-14
3.9428710938e+02 2.7091040917e-14 1.7052813264e-14 1.0038227653e-14
3.9434814453e+02 2.6911159564e-14 1.6942367309e-14 9.9687922548e-15
3.9440917969e+02 2.7107496915e-14 1.7133782642e-14 9.9737142733e-15
3.9447021484e+02 2.7047711253e-14 1.7007631080e-14 1.0040080173e-14
3.9453125000e+02 2.7053766525e-14 1.6994731099e-14 1.0059035426e-14
3.9459228516e+02 2.7093795471e-14 1.7074814942e-14 1.0018980529e-14
3.9465332031e+02 2.7047316201e-14 1.7079591976e-14 9.9677242252e-15
3.9471435547e+02 2.6920067044e-14 1.6971788357e-14 9.9482786875e-15
3.9477539062e+02 2.7025009250e-14 1.6998985113e-14 1.0026024137e-14
3.9483642578e+02 2.7038074132e-14 1.6994952808e-14 1.0043121324e-14
3.9489746094e+02 2.6957688204e-14 1.6878231965e-14 1.0079456240e-14
3.9495849609e+02 2.6912541339e-14 1.6906728677e-14 1.0005812662e-14
3.9501953125e+02 2.7056118461e-14 1.7038127936e-14 1.0017990525e-14
3.9508056641e+02 2.7013363164e-14 1.7038103729e-14 9.9752594349e-15
3.9514160156e+02 2.6905561738e-14 1.6940085441e-14 9.9654762965e-15
3.9520263672e+02 2.7108921669e-14 1.7102689391e-14 1.0006232277e-14
3.9526367188e+02 2.7007627212e-14 1.7018744144e-14 9.9888830680e-15
3.9532470703e+02 2.6939441132e-14 1.6924651011e-14 1.0014790120e-14
3.9538574219e+02 2.7004034973e-14 1.7011119626e-14 9.9929153472e-15
3.9544677734e+02 2.6991279955e-14 1.7010494032e-14 9.9807859233e-15
3.9550781250e+02 2.6874607442e-14 1.6885517662e-14 9.9890897802e-15
3.9556884766e+02 2.6956701765e-14 1.6931788641e-14 1.0024913124e-14
3.9562988281e+02 2.7061139119e-14 1.6998067318e-14 1.0063071801e-14
3.9569091797e+02 2.6931260982e-14 1.6878573592e-14 1.0052687390e-14
3.9575195312e+02 2.6942387228e-14 1.6923092840e-14 1.0019294389e-14
3.9581298828e+02 2.7056320379e-14 1.7063426123e-14 9.9928942560e-15
3.9587402344e+02 2.7202339853e-14 1.7137685491e-14 1.0064654362e-14
3.9593505859e+02 2.7108805592e-14 1.7078883745e-14 1.0029921848e-14
3.9599609375e+02 2.7065478436e-14 1.7041460992e-14 1.0024017444e-14
3.9605712891e+02 2.7017419066e-14 1.7017774459e-14 9.9996446069e-15
3.9611816406e+02 2.6976814016e-14 1.7005715642e-14 9.9710983742e-15
3.9617919922e+02 2.7034049536e-14 1.7012684674e-14 1.0021364862e-14
3.9624023438e+02 2.6986043176e-14 1.6977629920e-14 1.0008413256e-14
3.9630126953e+02 2.6940352264e-14 1.6983466699e-14 9.9568855647e-15
3.9636230469e+02 2.7085639240e-14 1.7183083380e-14 9.9025558601e-15
3.9642333984e+02 2.6959637403e-14 1.7052503869e-14 9.9071335331e-15
3.9648437500e+02 2.6933033415e-14 1.6961234225e-14 9.9717991900e-15
3.9654541016e+02 2.6955138692e-14 1.6946780797e-14 1.0008357894e-14
3.9660644531e+02 2.7062458632e-14 1.7028834262e-14 1.0033624370e-14
3.9666748047e+02 2.7002398645e-14 1.7051107032e-14 9.9512916130e-15
3.9672851562e+02 2.7108311876e-14 1.7077229928e-14 1.0031081948e-14
3.9678955078e+02 2.6972709600e-14 1.6926488146e-14 1.0046221453e-14
3.9685058594e+02 2.6892612312e-14 1.6891994477e-14 1.0000617835e-14
3.9691162109e+02 2.6782744947e-14 1.6854939167e-14 9.9278057795e-15
3.9697265625e+02 2.6743427908e-14 1.6808634616e-14 9.9347932919e-15
3.9703369141e+02 2.6800560423e-14 1.6868848969e-14 9.9317114547e-15
3.9709472656e+02 2.6835642326e-14 1.6891326285e-14 9.9443160414e-15
3.9715576172e+02 2.6914941052e-14 1.6989874017e-14 9.9250670353e-15
3.9721679688e+02 2.6904711865e-14 1.6995375823e-14 9.9093360421e-15
3.9727783203e+02 2.6840651293e-14 1.6960219334e-14 9.8804319592e-15
3.9733886719e+02 2.6755473026e-14 1.6874836406e-14 9.8806366198e-15
3.9739990234e+02 2.6858754275e-14 1.6897452833e-14 9.9613014414e-15
3.9746093750e+02 2.6951808595e-14 1.6887188228e-14 1.0064620367e-14
3.9752197266e+02 2.6884299799e-14 1.6845666586e-14 1.0038633213e-14
3.9758300781e+02 2.7002246224e-14 1.7017353003e-14 9.9848932210e-15
3.9764404297e+02 2.6930804686e-14 1.7036251350e-14 9.8945533367e-15
3.9770507812e+02 2.6871711054e-14 1.6956229317e-14 9.9154817370e-15
3.9776611328e+02 2.7017503382e-14 1.7024989292e-14 9.9925140891e-15
3.9782714844e+02 2.6969326163e-14 1.7006830766e-14 9.9624953969e-15
3.9788818359e+02 2.6902072166e-14 1.6946606492e-14 9.9554656740e-15
3.9794921875e+02 2.6957536206e-14 1.7018028959e-14 9.9395072469e-15
3.9801025391e+02 2.6905208557e-14 1.6985683872e-14 9.9195246851e-15
3.9807128906e+02 2.7010774323e-14 1.7004483070e-14 1.0006291252e-14
3.9813232422e+02 2.7020618695e-14 1.7022523770e-14 9.9980949255e-15
3.9819335938e+02 2.6905290625e-14 1.6958109584e-14 9.9471810408e-15
3.9825439453e+02 2.6966779127e-14 1.6967886765e-14 9.9988923622e-15
3.9831542969e+02 2.6849575997e-14 1.6902860156e-14 9.9467158413e-15
3.9837646484e+02 2.6827928923e-14 1.6889264154e-14 9.9386647692e-15
3.9843750000e+02 2.6944001601e-14 1.7000492471e-14 9.9435091300e-15
3.9849853516e+02 2.7006387124e-14 1.7029309780e-14 9.9770773448e-15
3.9855957031e+02 2.7034499006e-14 1.7052194487e-14 9.9823045198e-15
3.9862060547e+02 2.7038128005e-14 1.7024163255e-14 1.0013964750e-14
3.9868164062e+02 2.7046284534e-14 1.7036180172e-14 1.0010104362e-14
3.9874267578e+02 2.7046299036e-14 1.7031389719e-14 1.0014909317e-14
3.9880371094e+02 2.7171423955e-14 1.7119426979e-14 1.0051996975e-14
3.9886474609e+02 2.7068778645e-14 1.7071659509e-14 9.9971191361e-15
3.9892578125e+02 2.6928762310e-14 1.6987330134e-14 9.9414321758e-15
3.9898681641e+02 2.6874637008e-14 1.6901881177e-14 9.9727558309e-15
3.9904785156e+02 2.6982255997e-14 1.7008959429e-14 9.9732965681e-15
3.9910888672e+02 2.6974503487e-14 1.6969527341e-14 1.0004976146e-14
3.9916992188e+02 2.6929750622e-14 1.6933242308e-14 9.9965083142e-15
3.9923095703e+02 2.6985744884e-14 1.6975761714e-14 1.0009983170e-14
3.9929199219e+02 2.6880364322e-14 1.6887150056e-14 9.9932142658e-15
3.9935302734e+02 2.7016821561e-14 1.7038959357e-14 9.9778622034e-15
3.9941406250e+02 2.7069142245e-14 1.7028731834e-14 1.0040410411e-14
3.9947509766e+02 2.7033056198e-14 1.6974787140e-14 1.0058269058e-14
3.9953613281e+02 2.7093272529e-14 1.7025733868e-14 1.0067538661e-14
3.9959716797e+02 2.6948201026e-14 1.6925176245e-14 1.0023024781e-14
3.9965820312e+02 2.6828032105e-14 1.6873221959e-14 9.9548101454e-15
3.9971923828e+02 2.6929564270e-14 1.7015334612e-14 9.9142296583e-15
3.9978027344e+02 2.6996767652e-14 1.7063400116e-14 9.9333675354e-15
3.9984130859e+02 2.7059390797e-14 1.7006605586e-14 1.0052785211e-14
3.9990234375e+02 2.7151734133e-14 1.7077145751e-14 1.0074588382e-14
3.9996337891e+02 2.7100897454e-14 1.7088186571e-14 1.0012710883e-14
4.0002441406e+02 2.6849259633e-14 1.6895095205e-14 9.9541644272e-15
4.0008544922e+02 2.6973634375e-14 1.7044560392e-14 9.9290739829e-15
4.0014648438e+02 2.7008097481e-14 1.7056366356e-14 9.9517311256e-15
4.0020751953e+02 2.6896001863e-14 1.6972019349e-14 9.9239825143e-15
4.0026855469e+02 2.6927298921e-14 1.6975142985e-14 9.9521559361e-15
4.0032958984e+02 2.6844248266e-14 1.6892352687e-14 9.9518955796e-15
4.0039062500e+02 2.6888780481e-14 1.6897867093e-14 9.9909133880e-15
4.0045166016e+02 2.6854496647e-14 1.6868268896e-14 9.9862277513e-15
4.0051269531e+02 2.6984924613e-14 1.6962001221e-14 1.0022923392e-14
4.0057373047e+02 2.7006918857e-14 1.7007577485e-14 9.9993413727e-15
4.0063476562e+02 2.6967106282e-14 1.6977100830e-14 9.9900054524e-15
4.0069580078e+02 2.7005281337e-14 1.6993650402e-14 1.0011630935e-14
4.0075683594e+02 2.6986687846e-14 1.6958295144e-14 1.0028392703e-14
4.0081787109e+02 2.6831180837e-14 1.6860385695e-14 9.9707951415e-15
4.0087890625e+02 2.6960248251e-14 1.7021674860e-14 9.9385733910e-15
4.0093994141e+02 2.7056367768e-14 1.7034011543e-14 1.0022356225e-14
4.0100097656e+02 2.6972956940e-14 1.6960439491e-14 1.0012517449e-14
4.0106201172e+02 2.6827668529e-14 1.6858650720e-14 9.9690178090e-15
4.0112304688e+02 2.6792172078e-14 1.6830049539e-14 9.9621225393e-15
4.0118408203e+02 2.6850369606e-14 1.6864529212e-14 9.9858403941e-15
4.0124511719e+02 2.6828059811e-14 1.6895037850e-14 9.9330219615e-15
4.0130615234e+02 2.6905981193e-14 1.6997348539e-14 9.9086326545e-15
4.0136718750e+02 2.6964767409e-14 1.6984059344e-14 9.9807080650e-15
4.0142822266e+02 2.6978142532e-14 1.6964451590e-14 1.0013690942e-14
4.0148925781e+02 2.6852967910e-14 1.6913602311e-14 9.9393655991e-15
4.0155029297e+02 2.6808894335e-14 1.6911464027e-14 9.8974303082e-15
4.0161132812e+02 2.6956621981e-14 1.6996587849e-14 9.9600341314e-15
4.0167236328e+02 2.6941450566e-14 1.6979228498e-14 9.9622220676e-15
4.0173339844e+02 2.6809467935e-14 1.6882400667e-14 9.9270672678e-15
4.0179443359e+02 2.6901657595e-14 1.6908119765e-14 9.9935378297e-15
4.0185546875e+02 2.7041016718e-14 1.7042655502e-14 9.9983612161e-15
4.0191650391e+02 2.6875266147e-14 1.6894673196e-14 9.9805929509e-15
4.0197753906e+02 2.6760249703e-14 1.6881736941e-14 9.8785127623e-15
4.0203857422e+02 2.6965734462e-14 1.7006533485e-14 9.9592009772e-15
4.0209960938e+02 2.6977771626e-14 1.7000996622e-14 9.9767750032e-15
4.0216064453e+02 2.6805716935e-14 1.6873817765e-14 9.9318991701e-15
4.0222167969e+02 2.6890188047e-14 1.6958209188e-14 9.9319788583e-15
4.0228271484e+02 2.7035498103e-14 1.7044981656e-14 9.9905164468e-15
4.0234375000e+02 2.6924351816e-14 1.6925224177e-14 9.9991276391e-15
4.0240478516e+02 2.6827106466e-14 1.6866138081e-14 9.9609683844e-15
4.0246582031e+02 2.6740726422e-14 1.6788720856e-14 9.9520055662e-15
4.0252685547e+02 2.6825021300e-14 1.6864356081e-14 9.9606652193e-15
4.0258789062e+02 2.6891500195e-14 1.6966808975e-14 9.9246912201e-15
4.0264892578e+02 2.6966777898e-14 1.7024001284e-14 9.9427766140e-15
4.0270996094e+02 2.6859796547e-14 1.6912326265e-14 9.9474702821e-15
4.0277099609e+02 2.6904833287e-14 1.6970285734e-14 9.9345475533e-15
4.0283203125e+02 2.6976345019e-14 1.7015841274e-14 9.9605037452e-15
4.0289306641e+02 2.6996835539e-14 1.7051231447e-14 9.9456040922e-15
4.0295410156e+02 2.7004372208e-14 1.7036714983e-14 9.9676572253e-15
4.0301513672e+02 2.6936213514e-14 1.6977313482e-14 9.9589000314e-15
4.0307617188e+02 2.6699290071e-14 1.6873813679e-14 9.8254763922e-15
4.0313720703e+02 2.6847080721e-14 1.6957281438e-14 9.8897992830e-15
4.0319824219e+02 2.6871487829e-14 1.6950163596e-14 9.9213242329e-15
4.0325927734e+02 2.6927788175e-14 1.6966929514e-14 9.9608586614e-15
4.0332031250e+02 2.6931641811e-14 1.6985607324e-14 9.9460344871e-15
4.0338134766e+02 2.6887632105e-14 1.6936152912e-14 9.9514791932e-15
4.0344238281e+02 2.6813052533e-14 1.6929339724e-14 9.8837128084e-15
4.0350341797e+02 2.6862959627e-14 1.6979009626e-14 9.8839500005e-15
4.0356445312e+02 2.7043494728e-14 1.7056252546e-14 9.9872421825e-15
4.0362548828e+02 2.7063561484e-14 1.7093841405e-14 9.9697200788e-15
4.0368652344e+02 2.6890355851e-14 1.6901627684e-14 9.9887281666e-15
4.0374755859e+02 2.6776381565e-14 1.6844153924e-14 9.9322276406e-15
4.0380859375e+02 2.6914095401e-14 1.6985767699e-14 9.9283277021e-15
4.0386962891e+02 2.6958066087e-14 1.6983580029e-14 9.9744860576e-15
4.0393066406e+02 2.6885142273e-14 1.6920862283e-14 9.9642799897e-15
4.0399169922e+02 2.6870863118e-14 1.6970312400e-14 9.9005507177e-15
4.0405273438e+02 2.7061196509e-14 1.7140877064e-14 9.9203194443e-15
4.0411376953e+02 2.7014069609e-14 1.7072620992e-14 9.9414486175e-15
4.0417480469e+02 2.6954765454e-14 1.6977880444e-14 9.9768850096e-15
4.0423583984e+02 2.7023147387e-14 1.6999290201e-14 1.0023857185e-14
4.0429687500e+02 2.6994333595e-14 1.6997006570e-14 9.9973270248e-15
4.0435791016e+02 2.6979698560e-14 1.7023362842e-14 9.9563357184e-15
4.0441894531e+02 2.6881959851e-14 1.6949348571e-14 9.9326112799e-15
4.0447998047e+02 2.6957189957e-14 1.6988524623e-14 9.9686653336e-15
4.0454101562e+02 2.6981685154e-14 1.7053605564e-14 9.9280795896e-15
4.0460205078e+02 2.6903207715e-14 1.6974263091e-14 9.9289446243e-15
4.0466308594e+02 2.6913112624e-14 1.7015454586e-14 9.8976580388e-15
4.0472412109e+02 2.6960135036e-14 1.7072567330e-14 9.8875677056e-15
4.0478515625e+02 2.6834809638e-14 1.6992908727e-14 9.8419009119e-15
4.0484619141e+02 2.6909270195e-14 1.6983844717e-14 9.9254254779e-15
4.0490722656e+02 2.6905896857e-14 1.6919370328e-14 9.9865265291e-15
4.0496826172e+02 2.6888511207e-14 1.6916980500e-14 9.9715307070e-15
4.0502929688e+02 2.6799890989e-14 1.6888169140e-14 9.9117218491e-15
4.0509033203e+02 2.6892209652e-14 1.6890210469e-14 1.0001999183e-14
4.0515136719e+02 2.7048618630e-14 1.7009750291e-14 1.0038868339e-14
4.0521240234e+02 2.6955319063e-14 1.6973966766e-14 9.9813522970e-15
4.0527343750e+02 2.6904430254e-14 1.6928146636e-14 9.9762836176e-15
4.0533447266e+02 2.6990554083e-14 1.7013576464e-14 9.9769776193e-15
4.0539550781e+02 2.7066655196e-14 1.7105037401e-14 9.9616177945e-15
4.0545654297e+02 2.7112758209e-14 1.7138014875e-14 9.9747433343e-15
4.0551757812e+02 2.7085127062e-14 1.7083976308e-14 1.0001150754e-14
4.0557861328e+02 2.7004395392e-14 1.7054204063e-14 9.9501913289e-15
4.0563964844e+02 2.6921549469e-14 1.6993736341e-14 9.9278131280e-15
4.0570068359e+02 2.6845932903e-14 1.6875175261e-14 9.9707576417e-15
4.0576171875e+02 2.6882365698e-14 1.6914573586e-14 9.9677921122e-15
4.0582275391e+02 2.6992510937e-14 1.7036178180e-14 9.9563327564e-15
4.0588378906e+02 2.7001169808e-14 1.6994568660e-14 1.0006601148e-14
4.0594482422e+02 2.7004750099e-14 1.7057590567e-14 9.9471595319e-15
4.0600585938e+02 2.7159381522e-14 1.7183946020e-14 9.9754355018e-15
4.0606689453e+02 2.7080636145e-14 1.7056149710e-14 1.0024486435e-14
4.0612792969e+02 2.6859418378e-14 1.6881543481e-14 9.9778748971e-15
4.0618896484e+02 2.6919745691e-14 1.6989415261e-14 9.9303304303e-15
4.0625000000e+02 2.6926817362e-14 1.6991986205e-14 9.9348311570e-15
4.0631103516e+02 2.6987161623e-14 1.7044267183e-14 9.9428944394e-15
4.0637207031e+02 2.7022694995e-14 1.7070574375e-14 9.9521206194e-15
4.0643310547e+02 2.6970375894e-14 1.6942826879e-14 1.0027549016e-14
4.0649414062e+02 2.6853472174e-14 1.6896345632e-14 9.9571265420e-15
4.0655517578e+02 2.6842837144e-14 1.6897343424e-14 9.9454937198e-15
4.0661621094e+02 2.6911612443e-14 1.6923178245e-14 9.9884341982e-15
4.0667724609e+02 2.6853918741e-14 1.6874075697e-14 9.9798430439e-15
4.0673828125e+02 2.6848379987e-14 1.6942635046e-14 9.9057449410e-15
4.0679931641e+02 2.6773444995e-14 1.6942603889e-14 9.8308411058e-15
4.0686035156e+02 2.6702457554e-14 1.6780337413e-14 9.9221201412e-15
4.0692138672e+02 2.6748254546e-14 1.6832387167e-14 9.9158673795e-15
4.0698242188e+02 2.6827674775e-14 1.6950788550e-14 9.8768862248e-15
4.0704345703e+02 2.6826142848e-14 1.6913391169e-14 9.9127516788e-15
4.0710449219e+02 2.6913825085e-14 1.6953867409e-14 9.9599576764e-15
4.0716552734e+02 2.6914909450e-14 1.6930925481e-14 9.9839839696e-15
4.0722656250e+02 2.6960377509e-14 1.7030380656e-14 9.9299968530e-15
4.0728759766e+02 2.6956609054e-14 1.7043139379e-14 9.9134696750e-15
4.0734863281e+02 2.6959728195e-14 1.6992852385e-14 9.9668758096e-15
4.0740966797e+02 2.7003255824e-14 1.7022723851e-14 9.9805319728e-15
4.0747070312e+02 2.6919149739e-14 1.7003750208e-14 9.9153995303e-15
4.0753173828e+02 2.6973453749e-14 1.7003647240e-14 9.9698065094e-15
4.0759277344e+02 2.6851142781e-14 1.6901513408e-14 9.9496293731e-15
4.0765380859e+02 2.6852627236e-14 1.6935265104e-14 9.9173621325e-15
4.0771484375e+02 2.6879110948e-14 1.6889693354e-14 9.9894175937e-15
4.0777587891e+02 2.6920304250e-14 1.6952762550e-14 9.9675416996e-15
4.0783691406e+02 2.6915850238e-14 1.6990723053e-14 9.9251271846e-15
4.0789794922e+02 2.6757012018e-14 1.6877849143e-14 9.8791628757e-15
4.0795898438e+02 2.6925071372e-14 1.6978599695e-14 9.9464716779e-15
4.0802001953e+02 2.6911339828e-14 1.6952364658e-14 9.9589751693e-15
4.0808105469e+02 2.6849476013e-14 1.6966701119e-14 9.8827748939e-15
4.0814208984e+02 2.6912718557e-14 1.6968284013e-14 9.9444345441e-15
4.0820312500e+02 2.6926378807e-14 1.6956493754e-14 9.9698850525e-15
4.0826416016e+02 2.6862794475e-14 1.6851364481e-14 1.0011429995e-14
4.0832519531e+02 2.6906841837e-14 1.6918389979e-14 9.9884518580e-15
4.0838623047e+02 2.6907422165e-14 1.6950039286e-14 9.9573828791e-15
4.0844726562e+02 2.6830894989e-14 1.6896454967e-14 9.9344400222e-15
4.0850830078e+02 2.6868878729e-14 1.6971587504e-14 9.8972912257e-15
4.0856933594e+02 2.6768484625e-14 1.6890742064e-14 9.8777425618e-15
4.0863037109e+02 2.6735211501e-14 1.6856269399e-14 9.8789421027e-15
4.0869140625e+02 2.6897818696e-14 1.6922788882e-14 9.9750298144e-15
4.0875244141e+02 2.6961299654e-14 1.7029381250e-14 9.9319184041e-15
4.0881347656e+02 2.6819329999e-14 1.6928808928e-14 9.8905210719e-15
4.0887451172e+02 2.6850474866e-14 1.6914643590e-14 9.9358312764e-15
4.0893554688e+02 2.6930256659e-14 1.6984663365e-14 9.9455932939e-15
4.0899658203e+02 2.6879101545e-14 1.6899758337e-14 9.9793432078e-15
4.0905761719e+02 2.6811785038e-14 1.6857563707e-14 9.9542213309e-15
4.0911865234e+02 2.6799040064e-14 1.6905312657e-14 9.8937274071e-15
4.0917968750e+02 2.6788757591e-14 1.6947069137e-14 9.8416884533e-15
4.0924072266e+02 2.6768774712e-14 1.6901214570e-14 9.8675601422e-15
4.0930175781e+02 2.6983426166e-14 1.7052542214e-14 9.9308839519e-15
4.0936279297e+02 2.6980514561e-14 1.6963646000e-14 1.0016868561e-14
4.0942382812e+02 2.6820588413e-14 1.6908996055e-14 9.9115923577e-15
4.0948486328e+02 2.6997635804e-14 1.7032884241e-14 9.9647515630e-15
4.0954589844e+02 2.6942730333e-14 1.7004351370e-14 9.9383789633e-15
4.0960693359e+02 2.6929499086e-14 1.7024553789e-14 9.9049452978e-15
4.0966796875e+02 2.6989524671e-14 1.7021397176e-14 9.9681274944e-15
4.0972900391e+02 2.6948143220e-14 1.6995678776e-14 9.9524644435e-15
4.0979003906e+02 2.6843265286e-14 1.6991564626e-14 9.8517006593e-15
4.0985107422e+02 2.6790477037e-14 1.6898632207e-14 9.8918448304e-15
4.0991210938e+02 2.6890872311e-14 1.6993538453e-14 9.8973338580e-15
4.0997314453e+02 2.6900782096e-14 1.6974303021e-14 9.9264790741e-15
4.1003417969e+02 2.6751802217e-14 1.6816372570e-14 9.9354296470e-15
4.1009521484e+02 2.6833134654e-14 1.6891903145e-14 9.9412315089e-15
4.1015625000e+02 2.6980863151e-14 1.6991201198e-14 9.9896619528e-15
4.1021728516e+02 2.6936631308e-14 1.7002587971e-14 9.9340433368e-15
4.1027832031e+02 2.6717430911e-14 1.6859580960e-14 9.8578499512e-15
4.1033935547e+02 2.6936678952e-14 1.7034698711e-14 9.9019802414e-15
4.1040039062e+02 2.6953884382e-14 1.6974400070e-14 9.9794843121e-15
4.1046142578e+02 2.6882882158e-14 1.6890365035e-14 9.9925171237e-15
4.1052246094e+02 2.6779689459e-14 1.6869518626e-14 9.9101708323e-15
4.1058349609e+02 2.6843688010e-14 1.6944714301e-14 9.8989737092e-15
4.1064453125e+02 2.6968482167e-14 1.7037189090e-14 9.9312930764e-15
4.1070556641e+02 2.6834272735e-14 1.6923040570e-14 9.9112321652e-15
4.1076660156e+02 2.6800042101e-14 1.6928619482e-14 9.8714226185e-15
4.1082763672e+02 2.6942735351e-14 1.7063316576e-14 9.8794187749e-15
4.1088867188e+02 2.6892067017e-14 1.6976218052e-14 9.9158489653e-15
4.1094970703e+02 2.6849268416e-14 1.6890918471e-14 9.9583499454e-15
4.1101074219e+02 2.6903505128e-14 1.6940136891e-14 9.9633682369e-15
4.1107177734e+02 2.6772569774e-14 1.6925623017e-14 9.8469467573e-15
4.1113281250e+02 2.6718301354e-14 1.6846748849e-14 9.8715525049e-15
4.1119384766e+02 2.6778336822e-14 1.6889016512e-14 9.8893203094e-15
4.1125488281e+02 2.6807027286e-14 1.6887847647e-14 9.9191796389e-15
4.1131591797e+02 2.6813296270e-14 1.6982621037e-14 9.8306752334e-15
4.1137695312e+02 2.6828455451e-14 1.6966019982e-14 9.8624354689e-15
4.1143798828e+02 2.6922325551e-14 1.7024111471e-14 9.8982140802e-15
4.1149902344e+02 2.7012956421e-14 1.7098008252e-14 9.9149481683e-15
4.1156005859e+02 2.6985869891e-14 1.7016003630e-14 9.9698662612e-15
4.1162109375e+02 2.6742106902e-14 1.6886398973e-14 9.8557079286e-15
4.1168212891e+02 2.6699025839e-14 1.6834137028e-14 9.8648888110e-15
4.1174316406e+02 2.6835594547e-14 1.6860031635e-14 9.9755629121e-15
4.1180419922e+02 2.6821391345e-14 1.6832174356e-14 9.9892169885e-15
4.1186523438e+02 2.6854548811e-14 1.6955478453e-14 9.8990703577e-15
4.1192626953e+02 2.6812074644e-14 1.6925057911e-14 9.8870167328e-15
4.1198730469e+02 2.6719135117e-14 1.6881336146e-14 9.8377989710e-15
4.1204833984e+02 2.6753871796e-14 1.6915429983e-14 9.8384418132e-15
4.1210937500e+02 2.6755078934e-14 1.6920300435e-14 9.8347784989e-15
4.1217041016e+02 2.6832321519e-14 1.6863489142e-14 9.9688323766e-15
4.1223144531e+02 2.6963049904e-14 1.6997588696e-14 9.9654612080e-15
4.1229248047e+02 2.6938270457e-14 1.6995829990e-14 9.9424404662e-15
4.1235351562e+02 2.6803106332e-14 1.6880791416e-14 9.9223149158e-15
4.1241455078e+02 2.6752778583e-14 1.6903734023e-14 9.8490445603e-15
4.1247558594e+02 2.6767649586e-14 1.6946569777e-14 9.8210798083e-15
4.1253662109e+02 2.6752557368e-14 1.6981458085e-14 9.7710992829e-15
4.1259765625e+02 2.6794540449e-14 1.6959750715e-14 9.8347897336e-15
4.1265869141e+02 2.6806285389e-14 1.6903519042e-14 9.9027663468e-15
4.1271972656e+02 2.6790309449e-14 1.6876342253e-14 9.9139671956e-15
4.1278076172e+02 2.6755211569e-14 1.6814384672e-14 9.9408268972e-15
4.1284179688e+02 2.6800571898e-14 1.6838426903e-14 9.9621449949e-15
4.1290283203e+02 2.6757169766e-14 1.6867972752e-14 9.8891970134e-15
4.1296386719e+02 2.6832738928e-14 1.6901943741e-14 9.9307951875e-15
4.1302490234e+02 2.6813429917e-14 1.6885336476e-14 9.9280934415e-15
4.1308593750e+02 2.6887201700e-14 1.6937348057e-14 9.9498536429e-15
4.1314697266e+02 2.6901959971e-14 1.6932946151e-14 9.9690138197e-15
4.1320800781e+02 2.6752186604e-14 1.6928177433e-14 9.8240091714e-15
4.1326904297e+02 2.6737615070e-14 1.6889110449e-14 9.8485046204e-15
4.1333007812e+02 2.6814530855e-14 1.6914261524e-14 9.9002693307e-15
4.1339111328e+02 2.6816496682e-14 1.6960920228e-14 9.8555764534e-15
4.1345214844e+02 2.6844121147e-14 1.6942946309e-14 9.9011748385e-15
4.1351318359e+02 2.6740824097e-14 1.6873629987e-14 9.8671941104e-15
4.1357421875e+02 2.6752257148e-14 1.6903304833e-14 9.8489523147e-15
4.1363525391e+02 2.6783973977e-14 1.6914668681e-14 9.8693052959e-15
4.1369628906e+02 2.6930753852e-14 1.6991043698e-14 9.9397101547e-15
4.1375732422e+02 2.6943461271e-14 1.6968064063e-14 9.9753972077e-15
4.1381835938e+02 2.6863216252e-14 1.6926900074e-14 9.9363161778e-15
4.1387939453e+02 2.6740099660e-14 1.6866096260e-14 9.8740034001e-15
4.1394042969e+02 2.6894402922e-14 1.6972112976e-14 9.9222899466e-15
4.1400146484e+02 2.7069040015e-14 1.7169694589e-14 9.8993454261e-15
4.1406250000e+02 2.6806170644e-14 1.6962732301e-14 9.8434383425e-15
4.1412353516e+02 2.6746738613e-14 1.6906439084e-14 9.8402995297e-15
4.1418457031e+02 2.6776314299e-14 1.6885571946e-14 9.8907423524e-15
4.1424560547e+02 2.6936616944e-14 1.6997862434e-14 9.9387545100e-15
4.1430664062e+02 2.6903744022e-14 1.7030821259e-14 9.8729227639e-15
4.1436767578e+02 2.6868057822e-14 1.6929596218e-14 9.9384616031e-15
4.1442871094e+02 2.6919308306e-14 1.6977642369e-14 9.9416659364e-15
4.1448974609e+02 2.6845764137e-14 1.6966469443e-14 9.8792946942e-15
4.1455078125e+02 2.6753637598e-14 1.6915174587e-14 9.8384630109e-15
4.1461181641e+02 2.6759587343e-14 1.6869616018e-14 9.8899713252e-15
4.1467285156e+02 2.6902799280e-14 1.6996867211e-14 9.9059320686e-15
4.1473388672e+02 2.6719174987e-14 1.6854507758e-14 9.8646672288e-15
4.1479492188e+02 2.6763889177e-14 1.6863175421e-14 9.9007137556e-15
4.1485595703e+02 2.6834785008e-14 1.6939093500e-14 9.8956915082e-15
4.1491699219e+02 2.6686721265e-14 1.6817052303e-14 9.8696689621e-15
4.1497802734e+02 2.6836361306e-14 1.6925479673e-14 9.9108816338e-15
4.1503906250e+02 2.6844171863e-14 1.6950077993e-14 9.8940938696e-15
4.1510009766e+02 2.6741866329e-14 1.6827267895e-14 9.9145984338e-15
4.1516113281e+02 2.6916638573e-14 1.6984867954e-14 9.9317706189e-15
4.1522216797e+02 2.6810518145e-14 1.6914564409e-14 9.8959537363e-15
4.1528320312e+02 2.6817986818e-14 1.6872789255e-14 9.9451975627e-15
4.1534423828e+02 2.6742898567e-14 1.6839940539e-14 9.9029580287e-15
4.1540527344e+02 2.6604522109e-14 1.6760531566e-14 9.8439905432e-15
4.1546630859e+02 2.6990815138e-14 1.7092193993e-14 9.8986211449e-15
4.1552734375e+02 2.6929137999e-14 1.7050077120e-14 9.8790608791e-15
4.1558837891e+02 2.6768377268e-14 1.6881929031e-14 9.8864482374e-15
4.1564941406e+02 2.6847563159e-14 1.6980530452e-14 9.8670327062e-15
4.1571044922e+02 2.6903243850e-14 1.7010131704e-14 9.8931121455e-15
4.1577148438e+02 2.6828284569e-14 1.6922764518e-14 9.9055200507e-15
4.1583251953e+02 2.6894233475e-14 1.6985894168e-14 9.9083393064e-15
4.1589355469e+02 2.6729651759e-14 1.6794822085e-14 9.9348296740e-15
4.1595458984e+02 2.6719200834e-14 1.6770731181e-14 9.9484696526e-15
4.1601562500e+02 2.6855399124e-14 1.6939536261e-14 9.9158628625e-15
4.1607666016e+02 2.6762974275e-14 1.6847056932e-14 9.9159173430e-15
4.1613769531e+02 2.6806439409e-14 1.6858346948e-14 9.9480924607e-15
4.1619873047e+02 2.6925437309e-14 1.7048455340e-14 9.8769819693e-15
4.1625976562e+02 2.6993451803e-14 1.7035378979e-14 9.9580728246e-15
4.1632080078e+02 2.6857653435e-14 1.6905310322e-14 9.9523431136e-15
4.1638183594e+02 2.6780059357e-14 1.6946133122e-14 9.8339262356e-15
4.1644287109e+02 2.6823503266e-14 1.6943151457e-14 9.8803518084e-15
4.1650390625e+02 2.6793750857e-14 1.6878105943e-14 9.9156449142e-15
4.1656494141e+02 2.6642408798e-14 1.6722290330e-14 9.9201184684e-15
4.1662597656e+02 2.6835340763e-14 1.6950432217e-14 9.8849085465e-15
4.1668701172e+02 2.6886234922e-14 1.7037488082e-14 9.8487468391e-15
4.1674804688e+02 2.6850811620e-14 1.6997674968e-14 9.8531366517e-15
4.1680908203e+02 2.6747808608e-14 1.6812430795e-14 9.9353778130e-15
4.1687011719e+02 2.6830372745e-14 1.6905061257e-14 9.9253114880e-15
4.1693115234e+02 2.6779578276e-14 1.6892165010e-14 9.8874132655e-15
4.1699218750e+02 2.6834830599e-14 1.7016005266e-14 9.8188253328e-15
4.1705322266e+02 2.6829942945e-14 1.6960255855e-14 9.8696870900e-15
4.1711425781e+02 2.6849392151e-14 1.6942137900e-14 9.9072542505e-15
4.1717529297e+02 2.6862479129e-14 1.6947995838e-14 9.9144832909e-15
4.1723632812e+02 2.6933072449e-14 1.7004892635e-14 9.9281798138e-15
4.1729736328e+02 2.6854562581e-14 1.6925634009e-14 9.9289285719e-15
4.1735839844e+02 2.6802373712e-14 1.6908177706e-14 9.8941960056e-15
4.1741943359e+02 2.6898455063e-14 1.6989378891e-14 9.9090761721e-15
4.1748046875e+02 2.6957685925e-14 1.7016824660e-14 9.9408612646e-15
4.1754150391e+02 2.6956394685e-14 1.7010930314e-14 9.9454643711e-15
4.1760253906e+02 2.6622826272e-14 1.6800111282e-14 9.8227149906e-15
4.1766357422e+02 2.6700226735e-14 1.6856763249e-14 9.8434634865e-15
4.1772460938e+02 2.6805557634e-14 1.6946487438e-14 9.8590701952e-15
4.1778564453e+02 2.6802154629e-14 1.6905816242e-14 9.8963383872e-15
4.1784667969e+02 2.6855707489e-14 1.6923057855e-14 9.9326496342e-15
4.1790771484e+02 2.6834530387e-14 1.6876869267e-14 9.9576611204e-15
4.1796875000e+02 2.6747349113e-14 1.6857577742e-14 9.8897713716e-15
4.1802978516e+02 2.6786463198e-14 1.6910887382e-14 9.8755758157e-15
4.1809082031e+02 2.6920971640e-14 1.6957308789e-14 9.9636628511e-15
4.1815185547e+02 2.6888877455e-14 1.6947020250e-14 9.9418572052e-15
4.1821289062e+02 2.6828619141e-14 1.6923699077e-14 9.9049200645e-15
4.1827392578e+02 2.6800717499e-14 1.6900540641e-14 9.9001768581e-15
4.1833496094e+02 2.6720639109e-14 1.6848791452e-14 9.8718476571e-15
4.1839599609e+02 2.6879902156e-14 1.7001039894e-14 9.8788622618e-15
4.1845703125e+02 2.6798442999e-14 1.6942868619e-14 9.8555743798e-15
4.1851806641e+02 2.6834205331e-14 1.6965293518e-14 9.8689118135e-15
4.1857910156e+02 2.6818397676e-14 1.6981896078e-14 9.8365015975e-15
4.1864013672e+02 2.6858960990e-14 1.6931472161e-14 9.9274888288e-15
4.1870117188e+02 2.6776854802e-14 1.6885556974e-14 9.8912978280e-15
4.1876220703e+02 2.6778239657e-14 1.6926537199e-14 9.8517024576e-15
4.1882324219e+02 2.7011765374e-14 1.7110773130e-14 9.9009922441e-15
4.1888427734e+02 2.6938702570e-14 1.7108732473e-14 9.8299700968e-15
4.1894531250e+02 2.6851931471e-14 1.6974602187e-14 9.8773292834e-15
4.1900634766e+02 2.6823561887e-14 1.6876865281e-14 9.9466966063e-15
4.1906738281e+02 2.6905316645e-14 1.6978333612e-14 9.9269830328e-15
4.1912841797e+02 2.6854313880e-14 1.6968612151e-14 9.8857017289e-15
4.1918945312e+02 2.6814327499e-14 1.6966093947e-14 9.8482335520e-15
4.1925048828e+02 2.6939733105e-14 1.7051443425e-14 9.8882896800e-15
4.1931152344e+02 2.6888209439e-14 1.7033715091e-14 9.8544943485e-15
4.1937255859e+02 2.6873190539e-14 1.6960282489e-14 9.9129080501e-15
4.1943359375e+02 2.6846453162e-14 1.6919039246e-14 9.9274139158e-15
4.1949462891e+02 2.6838604206e-14 1.6996695514e-14 9.8419086921e-15
4.1955566406e+02 2.6916971414e-14 1.7013738155e-14 9.9032332583e-15
4.1961669922e+02 2.6889858119e-14 1.7052990216e-14 9.8368679032e-15
4.1967773438e+02 2.6743215327e-14 1.6962262492e-14 9.7809528345e-15
4.1973876953e+02 2.6855434509e-14 1.6971216325e-14 9.8842181837e-15
4.1979980469e+02 2.6963361778e-14 1.7001209301e-14 9.9621524766e-15
4.1986083984e+02 2.6879622759e-14 1.7003332499e-14 9.8762902597e-15
4.1992187500e+02 2.6817609326e-14 1.6995470575e-14 9.8221387501e-15
4.1998291016e+02 2.6770950998e-14 1.6904163316e-14 9.8667876825e-15
4.2004394531e+02 2.6806971008e-14 1.6944813558e-14 9.8621574494e-15
4.2010498047e+02 2.6812141045e-14 1.6935761437e-14 9.8763796085e-15
4.2016601562e+02 2.6885381849e-14 1.6972700344e-14 9.9126815050e-15
4.2022705078e+02 2.6784376819e-14 1.6938016641e-14 9.8463601784e-15
4.2028808594e+02 2.6705425198e-14 1.6964584988e-14 9.7408402096e-15
4.2034912109e+02 2.6826641068e-14 1.6977787314e-14 9.8488537535e-15
4.2041015625e+02 2.6840112979e-14 1.6938768744e-14 9.9013442347e-15
4.2047119141e+02 2.6873219380e-14 1.6999996748e-14 9.8732226322e-15
4.2053222656e+02 2.6774676987e-14 1.6933742000e-14 9.8409349864e-15
4.2059326172e+02 2.6874375535e-14 1.7001537916e-14 9.8728376182e-15
4.2065429688e+02 2.6818225015e-14 1.6903684594e-14 9.9145404214e-15
4.2071533203e+02 2.6744769518e-14 1.6848337280e-14 9.8964322387e-15
4.2077636719e+02 2.6654255703e-14 1.6809575321e-14 9.8446803819e-15
4.2083740234e+02 2.6796876916e-14 1.6936230115e-14 9.8606468011e-15
4.2089843750e+02 2.6904871151e-14 1.6996566565e-14 9.9083045857e-15
4.2095947266e+02 2.6904344580e-14 1.7041533373e-14 9.8628112072e-15
4.2102050781e+02 2.6859082464e-14 1.6960337901e-14 9.8987445628e-15
4.2108154297e+02 2.6895649555e-14 1.6946754727e-14 9.9488948283e-15
4.2114257812e+02 2.6865127693e-14 1.6915761748e-14 9.9493659454e-15
4.2120361328e+02 2.6961786849e-14 1.7048450781e-14 9.9133360673e-15
4.2126464844e+02 2.6938887963e-14 1.7064432479e-14 9.8744554846e-15
4.2132568359e+02 2.6811879359e-14 1.6955542299e-14 9.8563370605e-15
4.2138671875e+02 2.6708234752e-14 1.6858603171e-14 9.8496315812e-15
4.2144775391e+02 2.6613427700e-14 1.6771699479e-14 9.8417282203e-15
4.2150878906e+02 2.6776408903e-14 1.6949987557e-14 9.8264213461e-15
4.2156982422e+02 2.6827167601e-14 1.6974945270e-14 9.8522223308e-15
4.2163085938e+02 2.6884089241e-14 1.7002374040e-14 9.8817152010e-15
4.2169189453e+02 2.6973951857e-14 1.7073988606e-14 9.8999632507e-15
4.2175292969e+02 2.6896035125e-14 1.6997157125e-14 9.8988779996e-15
4.2181396484e+02 2.6855316725e-14 1.6979145518e-14 9.8761712069e-15
4.2187500000e+02 2.6987357672e-14 1.7049987898e-14 9.9373697734e-15
4.2193603516e+02 2.6869694715e-14 1.6961972039e-14 9.9077226761e-15
4.2199707031e+02 2.6836039811e-14 1.6965356883e-14 9.8706829280e-15
4.2205810547e+02 2.6796885565e-14 1.6961668595e-14 9.8352169697e-15
4.2211914062e+02 2.6702405887e-14 1.6842258991e-14 9.8601468954e-15
4.2218017578e+02 2.6856414571e-14 1.6956722623e-14 9.8996919471e-15
4.2224121094e+02 2.6934758428e-14 1.7081003829e-14 9.8537545997e-15
4.2230224609e+02 2.6704455425e-14 1.6888933540e-14 9.8155218844e-15
4.2236328125e+02 2.6861193469e-14 1.7034795648e-14 9.8263978212e-15
4.2242431641e+02 2.6844653649e-14 1.6954584917e-14 9.8900687322e-15
4.2248535156e+02 2.6797384619e-14 1.6871900170e-14 9.9254844493e-15
4.2254638672e+02 2.6799671412e-14 1.6966199248e-14 9.8334721639e-15
4.2260742188e+02 2.6761156384e-14 1.6916835061e-14 9.8443213232e-15
4.2266845703e+02 2.6705204169e-14 1.6915961743e-14 9.7892424258e-15
4.2272949219e+02 2.6758474694e-14 1.6985208110e-14 9.7732665837e-15
4.2279052734e+02 2.6818749606e-14 1.6956950362e-14 9.8617992437e-15
4.2285156250e+02 2.6854318679e-14 1.6964473735e-14 9.8898449441e-15
4.2291259766e+02 2.6739055522e-14 1.6884280054e-14 9.8547754684e-15
4.2297363281e+02 2.6658378077e-14 1.6825554636e-14 9.8328234413e-15
4.2303466797e+02 2.6777446398e-14 1.6928820021e-14 9.8486263767e-15
4.2309570312e+02 2.6779167830e-14 1.6919523444e-14 9.8596443866e-15
4.2315673828e+02 2.6786504007e-14 1.6865889698e-14 9.9206143087e-15
4.2321777344e+02 2.6967168932e-14 1.7000452254e-14 9.9667166774e-15
4.2327880859e+02 2.6758916153e-14 1.6870069500e-14 9.8888466524e-15
4.2333984375e+02 2.6677397852e-14 1.6848588811e-14 9.8288090411e-15
4.2340087891e+02 2.6715848353e-14 1.6876592155e-14 9.8392561976e-15
4.2346191406e+02 2.6759240078e-14 1.6890449756e-14 9.8687903219e-15
4.2352294922e+02 2.6752061734e-14 1.6887334505e-14 9.8647272295e-15
4.2358398438e+02 2.6746956791e-14 1.6901915154e-14 9.8450416376e-15
4.2364501953e+02 2.6903176886e-14 1.7005154156e-14 9.8980227308e-15
4.2370605469e+02 2.6747287880e-14 1.6852065805e-14 9.8952220750e-15
4.2376708984e+02 2.6698943187e-14 1.6870329814e-14 9.8286133730e-15
4.2382812500e+02 2.6782612793e-14 1.6895403492e-14 9.8872093005e-15
4.2388916016e+02 2.6837782920e-14 1.6972238197e-14 9.8655447232e-15
4.2395019531e+02 2.6827562847e-14 1.6987423427e-14 9.8401394204e-15
4.2401123047e+02 2.6817637602e-14 1.6951401549e-14 9.8662360535e-15
4.2407226562e+02 2.6831327089e-14 1.6972804054e-14 9.8585230350e-15
4.2413330078e+02 2.6892914291e-14 1.6957800394e-14 9.9351138975e-15
4.2419433594e+02 2.6815793886e-14 1.6926714602e-14 9.8890792836e-15
4.2425537109e+02 2.6815767501e-14 1.6921625191e-14 9.8941423095e-15
4.2431640625e+02 2.6793369902e-14 1.6863278276e-14 9.9300916255e-15
4.2437744141e+02 2.6731615380e-14 1.6890953540e-14 9.8406618401e-15
4.2443847656e+02 2.6857902333e-14 1.6939520295e-14 9.9183820378e-15
4.2449951172e+02 2.6777410767e-14 1.6875651425e-14 9.9017593417e-15
4.2456054688e+02 2.6864713664e-14 1.6987965681e-14 9.8767479827e-15
4.2462158203e+02 2.6781461186e-14 1.6921589838e-14 9.8598713483e-15
4.2468261719e+02 2.6667484488e-14 1.6878058915e-14 9.7894255733e-15
4.2474365234e+02 2.6645903196e-14 1.6808099468e-14 9.8378037287e-15
4.2480468750e+02 2.6770162502e-14 1.6834599522e-14 9.9355629806e-15
4.2486572266e+02 2.6657071575e-14 1.6802389366e-14 9.8546822087e-15
4.2492675781e+02 2.6641299904e-14 1.6809792229e-14 9.8315076745e-15
4.2498779297e+02 2.6714264155e-14 1.6868656054e-14 9.8456081004e-15
4.2504882812e+02 2.6694401009e-14 1.6803651659e-14 9.8907493499e-15
4.2510986328e+02 2.6734279883e-14 1.6894468005e-14 9.8398118786e-15
4.2517089844e+02 2.6731709303e-14 1.6888805052e-14 9.8429042513e-15
4.2523193359e+02 2.6720028177e-14 1.6857226639e-14 9.8628015382e-15
4.2529296875e+02 2.6849205116e-14 1.7006377658e-14 9.8428274589e-15
4.2535400391e+02 2.6947824062e-14 1.7039003773e-14 9.9088202896e-15
4.2541503906e+02 2.6749389108e-14 1.6919355012e-14 9.8300340954e-15
4.2547607422e+02 2.6695133247e-14 1.6896836435e-14 9.7982968122e-15
4.2553710938e+02 2.6827170982e-14 1.6979286157e-14 9.8478848249e-15
4.2559814453e+02 2.6787430075e-14 1.6924659917e-14 9.8627701587e-15
4.2565917969e+02 2.6721761885e-14 1.6894402348e-14 9.8273595371e-15
4.2572021484e+02 2.6724768542e-14 1.6892732909e-14 9.8320356322e-15
4.2578125000e+02 2.6769900661e-14 1.6964315078e-14 9.8055855835e-15
4.2584228516e+02 2.6757483771e-14 1.6979438859e-14 9.7780449115e-15
4.2590332031e+02 2.6809816186e-14 1.6980097266e-14 9.8297189191e-15
4.2596435547e+02 2.6858152727e-14 1.7003530549e-14 9.8546221776e-15
4.2602539062e+02 2.6731381683e-14 1.6895024630e-14 9.8363570534e-15
4.2608642578e+02 2.6714011622e-14 1.6857153666e-14 9.8568579562e-15
4.2614746094e+02 2.6768108270e-14 1.6866111269e-14 9.9019970013e-15
4.2620849609e+02 2.6772669050e-14 1.6894900539e-14 9.8777685111e-15
4.2626953125e+02 2.6849461967e-14 1.7037638626e-14 9.8118233404e-15
4.2633056641e+02 2.6948503626e-14 1.7019778397e-14 9.9287252292e-15
4.2639160156e+02 2.6727920679e-14 1.6916713148e-14 9.8112075313e-15
4.2645263672e+02 2.6729699029e-14 1.6869006342e-14 9.8606926862e-15
4.2651367188e+02 2.6860936794e-14 1.7007884170e-14 9.8530526239e-15
4.2657470703e+02 2.6893537745e-14 1.7019225375e-14 9.8743123704e-15
4.2663574219e+02 2.6805690488e-14 1.6986097895e-14 9.8195925923e-15
4.2669677734e+02 2.6796814013e-14 1.7019873787e-14 9.7769402266e-15
4.2675781250e+02 2.6907771373e-14 1.7114629563e-14 9.7931418101e-15
4.2681884766e+02 2.6868904690e-14 1.7011776479e-14 9.8571282109e-15
4.2687988281e+02 2.6835671971e-14 1.6919956539e-14 9.9157154319e-15
4.2694091797e+02 2.6893197403e-14 1.6950522412e-14 9.9426749905e-15
4.2700195312e+02 2.6838664910e-14 1.6927789033e-14 9.9108758768e-15
4.2706298828e+02 2.6711011375e-14 1.6861969991e-14 9.8490413838e-15
4.2712402344e+02 2.6722258876e-14 1.6906783434e-14 9.8154754417e-15
4.2718505859e+02 2.6762690056e-14 1.6909484595e-14 9.8532054611e-15
4.2724609375e+02 2.6812224011e-14 1.6926548495e-14 9.8856755158e-15
4.2730712891e+02 2.6851788140e-14 1.6986541725e-14 9.8652464145e-15
4.2736816406e+02 2.6781493282e-14 1.6924989505e-14 9.8565037770e-15
4.2742919922e+02 2.6817128076e-14 1.6950549948e-14 9.8665781279e-15
4.2749023438e+02 2.6770610791e-14 1.6979007159e-14 9.7916036317e-15
4.2755126953e+02 2.6787782211e-14 1.6932418552e-14 9.8553636591e-15
4.2761230469e+02 2.6778038179e-14 1.6846068511e-14 9.9319696675e-15
4.2767333984e+02 2.6851670532e-14 1.6967001739e-14 9.8846687922e-15
4.2773437500e+02 2.6858978808e-14 1.6971220252e-14 9.8877585566e-15
4.2779541016e+02 2.6905359669e-14 1.7026891460e-14 9.8784682093e-15
4.2785644531e+02 2.6884850151e-14 1.6990066010e-14 9.8947841412e-15
4.2791748047e+02 2.6680405767e-14 1.6852016811e-14 9.8283889561e-15
4.2797851562e+02 2.6606754199e-14 1.6799977373e-14 9.8067768253e-15
4.2803955078e+02 2.6556882151e-14 1.6795430198e-14 9.7614519534e-15
4.2810058594e+02 2.6750181348e-14 1.6896501017e-14 9.8536803310e-15
4.2816162109e+02 2.6934535321e-14 1.7010777510e-14 9.9237578113e-15
4.2822265625e+02 2.6805992942e-14 1.6937159148e-14 9.8688337942e-15
4.2828369141e+02 2.6854418772e-14 1.6930189828e-14 9.9242289433e-15
4.2834472656e+02 2.6870865883e-14 1.6968533391e-14 9.9023324925e-15
4.2840576172e+02 2.6837095857e-14 1.6890790570e-14 9.9463052867e-15
4.2846679688e+02 2.6616694899e-14 1.6748596817e-14 9.8680980823e-15
4.2852783203e+02 2.6639528499e-14 1.6810319965e-14 9.8292085338e-15
4.2858886719e+02 2.6824206783e-14 1.6992028770e-14 9.8321780127e-15
4.2864990234e+02 2.6734493946e-14 1.6946317811e-14 9.7881761350e-15
4.2871093750e+02 2.6650741165e-14 1.6889392473e-14 9.7613486916e-15
4.2877197266e+02 2.6739111985e-14 1.6970253645e-14 9.7688583403e-15
4.2883300781e+02 2.6638963138e-14 1.6822531429e-14 9.8164317098e-15
4.2889404297e+02 2.6721964548e-14 1.6892683956e-14 9.8292805918e-15
4.2895507812e+02 2.6822783861e-14 1.6965040085e-14 9.8577437762e-15
4.2901611328e+02 2.6762956632e-14 1.6837242412e-14 9.9257142204e-15
4.2907714844e+02 2.6733153473e-14 1.6869947077e-14 9.8632063961e-15
4.2913818359e+02 2.6701304649e-14 1.6869062127e-14 9.8322425218e-15
4.2919921875e+02 2.6840731514e-14 1.6997956616e-14 9.8427748973e-15
4.2926025391e+02 2.6854096914e-14 1.7013565366e-14 9.8405315481e-15
4.2932128906e+02 2.6789605475e-14 1.6976255295e-14 9.8133501793e-15
4.2938232422e+02 2.6769826689e-14 1.6937395313e-14 9.8324313761e-15
4.2944335938e+02 2.6761509176e-14 1.6855199696e-14 9.9063094808e-15
4.2950439453e+02 2.6691966531e-14 1.6877534157e-14 9.8144323737e-15
4.2956542969e+02 2.6705395780e-14 1.6847131390e-14 9.8582643892e-15
4.2962646484e+02 2.6700576975e-14 1.6848359654e-14 9.8522173204e-15
4.2968750000e+02 2.6805756732e-14 1.7027698879e-14 9.7780578521e-15
4.2974853516e+02 2.6715022887e-14 1.6944135239e-14 9.7708876478e-15
4.2980957031e+02 2.6727357109e-14 1.6917014842e-14 9.8103422668e-15
4.2987060547e+02 2.6820449121e-14 1.7047732370e-14 9.7727167515e-15
4.2993164062e+02 2.6747582817e-14 1.6964250377e-14 9.7833324398e-15
4.2999267578e+02 2.6819776601e-14 1.6981478628e-14 9.8382979727e-15
4.3005371094e+02 2.6895133844e-14 1.7029797156e-14 9.8653366883e-15
4.3011474609e+02 2.6863905908e-14 1.6950836236e-14 9.9130696726e-15
4.3017578125e+02 2.6740516713e-14 1.6819742146e-14 9.9207745668e-15
4.3023681641e+02 2.6684327159e-14 1.6799430885e-14 9.8848962740e-15
4.3029785156e+02 2.6761596402e-14 1.6908829903e-14 9.8527664992e-15
4.3035888672e+02 2.6794474969e-14 1.6905470857e-14 9.8890041126e-15
4.3041992188e+02 2.6650452819e-14 1.6782164408e-14 9.8682884111e-15
4.3048095703e+02 2.6674589689e-14 1.6824565063e-14 9.8500246256e-15
4.3054199219e+02 2.6858693144e-14 1.7011670691e-14 9.8470224527e-15
4.3060302734e+02 2.6880936417e-14 1.7009368426e-14 9.8715679907e-15
4.3066406250e+02 2.6829375854e-14 1.6932924427e-14 9.8964514272e-15
4.3072509766e+02 2.6894600946e-14 1.6965154050e-14 9.9294468959e-15
4.3078613281e+02 2.6861792176e-14 1.6937596697e-14 9.9241954786e-15
4.3084716797e+02 2.6700156898e-14 1.6907916204e-14 9.7922406937e-15
4.3090820312e+02 2.6776775336e-14 1.6942918629e-14 9.8338567065e-15
4.3096923828e+02 2.6884115817e-14 1.7022953373e-14 9.8611624448e-15
4.3103027344e+02 2.6893536057e-14 1.6976706508e-14 9.9168295494e-15
4.3109130859e+02 2.6862967396e-14 1.6954110352e-14 9.9088570445e-15
4.3115234375e+02 2.6805591025e-14 1.6896787967e-14 9.9088030576e-15
4.3121337891e+02 2.6715936813e-14 1.6843401171e-14 9.8725356424e-15
4.3127441406e+02 2.6683402090e-14 1.6874552531e-14 9.8088495584e-15
4.3133544922e+02 2.6780322490e-14 1.6939287896e-14 9.8410345931e-15
4.3139648438e+02 2.6658682059e-14 1.6828011857e-14 9.8306702022e-15
4.3145751953e+02 2.6780223207e-14 1.6942324524e-14 9.8378986827e-15
4.3151855469e+02 2.6884417922e-14 1.7007655213e-14 9.8767627090e-15
4.3157958984e+02 2.6788695884e-14 1.6924912424e-14 9.8637834602e-15
4.3164062500e+02 2.6776529281e-14 1.6864107889e-14 9.9124213919e-15
4.3170166016e+02 2.6649327998e-14 1.6769145077e-14 9.8801829214e-15
4.3176269531e+02 2.6618896488e-14 1.6789481445e-14 9.8294150433e-15
4.3182373047e+02 2.6692736097e-14 1.6919184933e-14 9.7735511634e-15
4.3188476562e+02 2.6867220693e-14 1.7021098107e-14 9.8461225857e-15
4.3194580078e+02 2.6848477470e-14 1.7041980789e-14 9.8064966805e-15
4.3200683594e+02 2.6787275836e-14 1.6948191982e-14 9.8390838546e-15
4.3206787109e+02 2.6788620437e-14 1.6923834621e-14 9.8647858160e-15
4.3212890625e+02 2.6759125542e-14 1.6928588783e-14 9.8305367596e-15
4.3218994141e+02 2.6707639273e-14 1.6858843973e-14 9.8487953006e-15
4.3225097656e+02 2.6774342229e-14 1.6882957707e-14 9.8913845215e-15
4.3231201172e+02 2.6803134093e-14 1.6922750488e-14 9.8803836049e-15
4.3237304688e+02 2.6775711703e-14 1.6911693754e-14 9.8640179486e-15
4.3243408203e+02 2.6778831518e-14 1.6943623716e-14 9.8352078023e-15
4.3249511719e+02 2.6802291264e-14 1.6969028422e-14 9.8332628423e-15
4.3255615234e+02 2.6856872574e-14 1.7052751220e-14 9.8041213537e-15
4.3261718750e+02 2.6810462722e-14 1.7001735415e-14 9.8087273070e-15
4.3267822266e+02 2.6763602587e-14 1.6942349043e-14 9.8212535438e-15
4.3273925781e+02 2.6736050459e-14 1.6882223053e-14 9.8538274064e-15
4.3280029297e+02 2.6710812899e-14 1.6816785612e-14 9.8940272867e-15
4.3286132812e+02 2.6772966225e-14 1.6878590945e-14 9.8943752792e-15
4.3292236328e+02 2.6847813936e-14 1.6936408255e-14 9.9114056809e-15
4.3298339844e+02 2.6781294434e-14 1.6885351765e-14 9.8959426682e-15
4.3304443359e+02 2.6813099925e-14 1.6975404201e-14 9.8376957241e-15
4.3310546875e+02 2.6787418841e-14 1.6950763929e-14 9.8366549124e-15
4.3316650391e+02 2.6763668227e-14 1.6930664252e-14 9.8330039749e-15
4.3322753906e+02 2.6867279275e-14 1.7035910703e-14 9.8313685717e-15
4.3328857422e+02 2.6787747422e-14 1.6935813009e-14 9.8519344132e-15
4.3334960938e+02 2.6646524324e-14 1.6832012550e-14 9.8145117738e-15
4.3341064453e+02 2.6673769151e-14 1.6922331037e-14 9.7514381149e-15
4.3347167969e+02 2.6671595048e-14 1.6858828081e-14 9.8127669665e-15
4.3353271484e+02 2.6756223175e-14 1.6958797396e-14 9.7974257791e-15
4.3359375000e+02 2.6800922111e-14 1.7013410028e-14 9.7875120830e-15
4.3365478516e+02 2.6954448454e-14 1.7083541354e-14 9.8709070997e-15
4.3371582031e+02 2.6856528819e-14 1.7014400662e-14 9.8421281579e-15
4.3377685547e+02 2.6760930516e-14 1.6914605107e-14 9.8463254089e-15
4.3383789062e+02 2.6646726336e-14 1.6825504489e-14 9.8212218468e-15
4.3389892578e+02 2.6713846218e-14 1.6900136274e-14 9.8137099440e-15
4.3395996094e+02 2.6811879607e-14 1.6934609381e-14 9.8772702267e-15
4.3402099609e+02 2.6951164352e-14 1.7016086713e-14 9.9350776393e-15
4.3408203125e+02 2.6804118037e-14 1.6999814119e-14 9.8043039181e-15
4.3414306641e+02 2.6662549937e-14 1.6887935445e-14 9.7746144921e-15
4.3420410156e+02 2.6699462815e-14 1.6837351861e-14 9.8621109537e-15
4.3426513672e+02 2.6660988615e-14 1.6879794027e-14 9.7811945876e-15
4.3432617188e+02 2.6569773094e-14 1.6794932308e-14 9.7748407861e-15
4.3438720703e+02 2.6663540585e-14 1.6825269939e-14 9.8382706456e-15
4.3444824219e+02 2.6743178060e-14 1.6924101232e-14 9.8190768274e-15
4.3450927734e+02 2.6840831575e-14 1.6991917103e-14 9.8489144721e-15
4.3457031250e+02 2.6982255016e-14 1.7097358808e-14 9.8848962078e-15
4.3463134766e+02 2.6831728000e-14 1.6954241896e-14 9.8774861043e-15
4.3469238281e+02 2.6724847190e-14 1.6877176340e-14 9.8476708502e-15
4.3475341797e+02 2.6832159521e-14 1.6906545426e-14 9.9256140953e-15
4.3481445312e+02 2.6842736436e-14 1.6979669428e-14 9.8630670078e-15
4.3487548828e+02 2.6844465016e-14 1.6957965485e-14 9.8864995313e-15
4.3493652344e+02 2.6866043448e-14 1.7024396219e-14 9.8416472287e-15
4.3499755859e+02 2.6783096426e-14 1.6995388060e-14 9.7877083659e-15
4.3505859375e+02 2.6832911632e-14 1.7054941901e-14 9.7779697308e-15
4.3511962891e+02 2.6762730769e-14 1.6934362270e-14 9.8283684985e-15
4.3518066406e+02 2.6704944383e-14 1.6839012378e-14 9.8659320054e-15
4.3524169922e+02 2.6756438797e-14 1.6926183912e-14 9.8302548859e-15
4.3530273438e+02 2.6802610881e-14 1.6991646344e-14 9.8109645369e-15
4.3536376953e+02 2.6728163437e-14 1.6915795355e-14 9.8123680817e-15
4.3542480469e+02 2.6792551784e-14 1.6897638458e-14 9.8949133257e-15
4.3548583984e+02 2.6767421521e-14 1.6859528384e-14 9.9078931372e-15
4.3554687500e+02 2.6762342259e-14 1.6882384178e-14 9.8799580809e-15
4.3560791016e+02 2.6747050123e-14 1.6917324886e-14 9.8297252372e-15
4.3566894531e+02 2.6568261450e-14 1.6857914260e-14 9.7103471900e-15
4.3572998047e+02 2.6709214187e-14 1.6950767968e-14 9.7584462194e-15
4.3579101562e+02 2.6659958072e-14 1.6867519492e-14 9.7924385801e-15
4.3585205078e+02 2.6682492427e-14 1.6806796790e-14 9.8756956363e-15
4.3591308594e+02 2.6839444831e-14 1.6949959108e-14 9.8894857235e-15
4.3597412109e+02 2.6660358158e-14 1.6838150683e-14 9.8222074748e-15
4.3603515625e+02 2.6668914564e-14 1.6826576831e-14 9.8423377333e-15
4.3609619141e+02 2.6927583299e-14 1.7079677111e-14 9.8479061878e-15
4.3615722656e+02 2.6752596547e-14 1.6855027236e-14 9.8975693111e-15
4.3621826172e+02 2.6731716271e-14 1.6875678530e-14 9.8560377404e-15
4.3627929688e+02 2.6774012361e-14 1.6917883502e-14 9.8561288590e-15
4.3634033203e+02 2.6706583995e-14 1.6857016316e-14 9.8495676783e-15
4.3640136719e+02 2.6773324147e-14 1.7009060535e-14 9.7642636120e-15
4.3646240234e+02 2.6809079393e-14 1.7045625415e-14 9.7634539783e-15
4.3652343750e+02 2.6801346877e-14 1.7007020395e-14 9.7943264822e-15
4.3658447266e+02 2.6654498169e-14 1.6804846155e-14 9.8496520149e-15
4.3664550781e+02 2.6741096008e-14 1.6869728071e-14 9.8713679368e-15
4.3670654297e+02 2.6816786014e-14 1.6953120871e-14 9.8636651434e-15
4.3676757812e+02 2.6680639893e-14 1.6846097042e-14 9.8345428514e-15
4.3682861328e+02 2.6729985479e-14 1.6855120697e-14 9.8748647822e-15
4.3688964844e+02 2.6800905773e-14 1.6903242643e-14 9.8976631302e-15
4.3695068359e+02 2.6924232933e-14 1.6983189398e-14 9.9410435342e-15
4.3701171875e+02 2.6792717696e-14 1.6885581159e-14 9.9071365371e-15
4.3707275391e+02 2.6764222903e-14 1.6927249921e-14 9.8369729818e-15
4.3713378906e+02 2.6768466008e-14 1.6934323178e-14 9.8341428306e-15
4.3719482422e+02 2.6677412118e-14 1.6871243040e-14 9.8061690781e-15
4.3725585938e+02 2.6628724426e-14 1.6800784010e-14 9.8279404155e-15
4.3731689453e+02 2.6762198384e-14 1.6985464509e-14 9.7767338746e-15
4.3737792969e+02 2.6742590619e-14 1.6936214043e-14 9.8063765761e-15
4.3743896484e+02 2.6534252011e-14 1.6649225301e-14 9.8850267097e-15
4.3750000000e+02 2.6614163953e-14 1.6814946139e-14 9.7992178142e-15
4.3756103516e+02 2.6773207276e-14 1.6969643077e-14 9.8035641984e-15
4.3762207031e+02 2.6820766130e-14 1.6967394143e-14 9.8533719865e-15
4.3768310547e+02 2.6768685606e-14 1.6957736332e-14 9.8109492744e-15
4.3774414062e+02 2.6738569679e-14 1.6900400085e-14 9.8381695941e-15
4.3780517578e+02 2.6723539591e-14 1.6884898997e-14 9.8386405940e-15
4.3786621094e+02 2.6586765535e-14 1.6771467614e-14 9.8152979213e-15
4.3792724609e+02 2.6553502490e-14 1.6730154574e-14 9.8233479160e-15
4.3798828125e+02 2.6755196147e-14 1.6927825582e-14 9.8273705655e-15
4.3804931641e+02 2.6851842831e-14 1.6965843994e-14 9.8859988370e-15
4.3811035156e+02 2.6719140593e-14 1.6852594623e-14 9.8665459700e-15
4.3817138672e+02 2.6668870142e-14 1.6814140504e-14 9.8547296375e-15
4.3823242188e+02 2.6653358537e-14 1.6850080138e-14 9.8032783990e-15
4.3829345703e+02 2.6690871499e-14 1.6851733997e-14 9.8391375015e-15
4.3835449219e+02 2.6748084973e-14 1.6927386401e-14 9.8206985717e-15
4.3841552734e+02 2.6809909120e-14 1.7002095172e-14 9.8078139477e-15
4.3847656250e+02 2.6829055269e-14 1.7037344436e-14 9.7917108336e-15
4.3853759766e+02 2.6722162686e-14 1.6941985923e-14 9.7801767628e-15
4.3859863281e+02 2.6741813299e-14 1.6987564628e-14 9.7542486711e-15
4.3865966797e+02 2.6854435967e-14 1.7091090755e-14 9.7633452118e-15
4.3872070312e+02 2.6791332155e-14 1.6951971737e-14 9.8393604177e-15
4.3878173828e+02 2.6729466692e-14 1.6898276339e-14 9.8311903531e-15
4.3884277344e+02 2.6696401615e-14 1.6906990531e-14 9.7894110839e-15
4.3890380859e+02 2.6597822009e-14 1.6811082821e-14 9.7867391885e-15
4.3896484375e+02 2.6585633512e-14 1.6833150666e-14 9.7524828458e-15
4.3902587891e+02 2.6729096754e-14 1.6949124560e-14 9.7799721940e-15
4.3908691406e+02 2.6706161530e-14 1.6831152908e-14 9.8750086227e-15
4.3914794922e+02 2.6783304449e-14 1.6916663858e-14 9.8666405902e-15
4.3920898438e+02 2.6715560679e-14 1.6930644400e-14 9.7849162789e-15
4.3927001953e+02 2.6761605645e-14 1.6926104238e-14 9.8355014070e-15
4.3933105469e+02 2.6738367461e-14 1.6855326321e-14 9.8830411400e-15
4.3939208984e+02 2.6698877260e-14 1.6816670877e-14 9.8822063825e-15
4.3945312500e+02 2.6729351250e-14 1.6863640810e-14 9.8657104402e-15
4.3951416016e+02 2.6777561058e-14 1.6940468055e-14 9.8370930031e-15
4.3957519531e+02 2.6797660776e-14 1.6977823325e-14 9.8198374510e-15
4.3963623047e+02 2.7011303937e-14 1.7148324776e-14 9.8629791612e-15
4.3969726562e+02 2.6901981907e-14 1.7020175490e-14 9.8818064171e-15
4.3975830078e+02 2.6782998402e-14 1.7008016553e-14 9.7749818484e-15
4.3981933594e+02 2.6793078088e-14 1.7025592216e-14 9.7674858717e-15
4.3988037109e+02 2.6766377427e-14 1.6925918531e-14 9.8404588964e-15
4.3994140625e+02 2.6760909757e-14 1.6918658025e-14 9.8422517325e-15
4.4000244141e+02 2.6817762310e-14 1.7004578448e-14 9.8131838615e-15
4.4006347656e+02 2.6714370529e-14 1.6946549515e-14 9.7678210138e-15
4.4012451172e+02 2.6690065010e-14 1.6918151127e-14 9.7719138822e-15
4.4018554688e+02 2.6637031033e-14 1.6828500853e-14 9.8085301791e-15
4.4024658203e+02 2.6733756164e-14 1.6879777641e-14 9.8539785228e-15
4.4030761719e+02 2.6734803628e-14 1.6941777007e-14 9.7930266210e-15
4.4036865234e+02 2.6694994973e-14 1.6949372323e-14 9.7456226504e-15
4.4042968750e+02 2.6764018535e-14 1.6972198922e-14 9.7918196130e-15
4.4049072266e+02 2.6819469350e-14 1.6960138135e-14 9.8593312152e-15
4.4055175781e+02 2.6840460666e-14 1.6951015377e-14 9.8894452885e-15
4.4061279297e+02 2.6820963587e-14 1.6937521736e-14 9.8834418510e-15
4.4067382812e+02 2.6674993931e-14 1.6794991641e-14 9.8800022900e-15
4.4073486328e+02 2.6655911108e-14 1.6806893020e-14 9.8490180885e-15
4.4079589844e+02 2.6718728966e-14 1.6900545947e-14 9.8181830188e-15
4.4085693359e+02 2.6778486416e-14 1.6970578218e-14 9.8079081975e-15
4.4091796875e+02 2.6902422845e-14 1.7061199783e-14 9.8412230619e-15
4.4097900391e+02 2.6819619709e-14 1.6959781699e-14 9.8598380101e-15
4.4104003906e+02 2.6750846737e-14 1.6928949143e-14 9.8218975936e-15
4.4110107422e+02 2.6718863129e-14 1.6904858873e-14 9.8140042557e-15
4.4116210938e+02 2.6742749480e-14 1.6937104512e-14 9.8056449678e-15
4.4122314453e+02 2.6755911801e-14 1.6913720939e-14 9.8421908622e-15
4.4128417969e+02 2.6729343088e-14 1.6879607771e-14 9.8497353172e-15
4.4134521484e+02 2.6875487632e-14 1.7035414692e-14 9.8400729402e-15
4.4140625000e+02 2.6772828582e-14 1.6954655212e-14 9.8181733699e-15
4.4146728516e+02 2.6796810962e-14 1.6950635370e-14 9.8461755923e-15
4.4152832031e+02 2.6821779902e-14 1.6967554041e-14 9.8542258613e-15
4.4158935547e+02 2.6692976464e-14 1.6853762350e-14 9.8392141140e-15
4.4165039062e+02 2.6900985629e-14 1.6983363492e-14 9.9176221365e-15
4.4171142578e+02 2.6881553660e-14 1.6980082849e-14 9.9014708110e-15
4.4177246094e+02 2.6938036072e-14 1.7071750272e-14 9.8662858001e-15
4.4183349609e+02 2.6678111598e-14 1.6892560432e-14 9.7855511659e-15
4.4189453125e+02 2.6704374635e-14 1.6902749675e-14 9.8016249596e-15
4.4195556641e+02 2.6690145099e-14 1.6906796801e-14 9.7833482979e-15
4.4201660156e+02 2.6662564236e-14 1.6837773165e-14 9.8247910705e-15
4.4207763672e+02 2.6594152362e-14 1.6799448832e-14 9.7947035304e-15
4.4213867188e+02 2.6644260203e-14 1.6819067057e-14 9.8251931459e-15
4.4219970703e+02 2.6619728723e-14 1.6803855616e-14 9.8158731061e-15
4.4226074219e+02 2.6608901303e-14 1.6808882386e-14 9.8000189173e-15
4.4232177734e+02 2.6707510796e-14 1.6890181085e-14 9.8173297114e-15
4.4238281250e+02 2.6669884113e-14 1.6849757637e-14 9.8201264758e-15
4.4244384766e+02 2.6663009406e-14 1.6857553776e-14 9.8054556298e-15
4.4250488281e+02 2.6632499583e-14 1.6848156142e-14 9.7843434412e-15
4.4256591797e+02 2.6774682518e-14 1.6968154918e-14 9.8065275994e-15
4.4262695312e+02 2.6770774799e-14 1.6959250403e-14 9.8115243964e-15
4.4268798828e+02 2.6706020247e-14 1.6877262493e-14 9.8287577540e-15
4.4274902344e+02 2.6820696141e-14 1.6951654491e-14 9.8690416503e-15
4.4281005859e+02 2.6814040146e-14 1.6925345431e-14 9.8886947156e-15
4.4287109375e+02 2.6762307425e-14 1.6899265469e-14 9.8630419561e-15
4.4293212891e+02 2.6845291325e-14 1.6959877800e-14 9.8854135252e-15
4.4299316406e+02 2.6576990440e-14 1.6809565732e-14 9.7674247083e-15
4.4305419922e+02 2.6587254287e-14 1.6824421880e-14 9.7628324074e-15
4.4311523438e+02 2.6781217899e-14 1.6938942948e-14 9.8422749512e-15
4.4317626953e+02 2.6841194890e-14 1.7023248464e-14 9.8179464263e-15
4.4323730469e+02 2.6814376873e-14 1.6977689913e-14 9.8366869601e-15
4.4329833984e+02 2.6724970434e-14 1.6927866199e-14 9.7971042346e-15
4.4335937500e+02 2.6670834592e-14 1.6857713337e-14 9.8131212552e-15
4.4342041016e+02 2.6783493519e-14 1.6914833747e-14 9.8686597726e-15
4.4348144531e+02 2.6859431431e-14 1.7027847937e-14 9.8315834937e-15
4.4354248047e+02 2.6942871722e-14 1.7036425417e-14 9.9064463054e-15
4.4360351562e+02 2.6796635468e-14 1.6890560467e-14 9.9060750013e-15
4.4366455078e+02 2.6757754015e-14 1.6935183100e-14 9.8225709155e-15
4.4372558594e+02 2.6735120953e-14 1.6915333104e-14 9.8197878498e-15
4.4378662109e+02 2.6693584515e-14 1.6850695016e-14 9.8428894990e-15
4.4384765625e+02 2.6685421673e-14 1.6845624489e-14 9.8397971842e-15
4.4390869141e+02 2.6735126069e-14 1.6874046998e-14 9.8610790712e-15
4.4396972656e+02 2.6771923915e-14 1.6962188073e-14 9.8097358423e-15
4.4403076172e+02 2.6745346563e-14 1.6925510607e-14 9.8198359560e-15
4.4409179688e+02 2.6821143082e-14 1.7009064491e-14 9.8120785916e-15
4.4415283203e+02 2.6822755278e-14 1.6980913347e-14 9.8418419305e-15
4.4421386719e+02 2.6683599745e-14 1.6876324154e-14 9.8072755917e-15
4.4427490234e+02 2.6649641207e-14 1.6872404069e-14 9.7772371386e-15
4.4433593750e+02 2.6732337104e-14 1.6908721043e-14 9.8236160608e-15
4.4439697266e+02 2.6771600333e-14 1.6882740431e-14 9.8888599018e-15
4.4445800781e+02 2.6790712700e-14 1.6923377729e-14 9.8673349704e-15
4.4451904297e+02 2.6739432293e-14 1.6905168596e-14 9.8342636971e-15
4.4458007812e+02 2.6766562611e-14 1.6972111196e-14 9.7944514153e-15
4.4464111328e+02 2.6840275680e-14 1.6979379013e-14 9.8608966674e-15
4.4470214844e+02 2.6613120015e-14 1.6796354000e-14 9.8167660152e-15
4.4476318359e+02 2.6688209391e-14 1.6893046095e-14 9.7951632961e-15
4.4482421875e+02 2.6621330056e-14 1.6825410053e-14 9.7959200027e-15
4.4488525391e+02 2.6630165746e-14 1.6819684653e-14 9.8104810931e-15
4.4494628906e+02 2.6673719680e-14 1.6811368169e-14 9.8623515108e-15
4.4500732422e+02 2.6622821428e-14 1.6781970158e-14 9.8408512701e-15
4.4506835938e+02 2.6629885642e-14 1.6820387887e-14 9.8094977545e-15
4.4512939453e+02 2.6689883761e-14 1.6886992586e-14 9.8028911753e-15
4.4519042969e+02 2.6721604687e-14 1.6893214243e-14 9.8283904445e-15
4.4525146484e+02 2.6792562786e-14 1.6905341491e-14 9.8872212944e-15
4.4531250000e+02 2.6820748659e-14 1.6980114148e-14 9.8406345107e-15
4.4537353516e+02 2.6769384989e-14 1.7005382946e-14 9.7640020434e-15
4.4543457031e+02 2.6815273127e-14 1.7047595146e-14 9.7676779811e-15
4.4549560547e+02 2.6858626071e-14 1.7038194375e-14 9.8204316959e-15
4.4555664062e+02 2.6712135298e-14 1.6860936038e-14 9.8511992602e-15
4.4561767578e+02 2.6812566965e-14 1.6936807429e-14 9.8757595364e-15
4.4567871094e+02 2.6868664535e-14 1.7019709414e-14 9.8489551211e-15
4.4573974609e+02 2.6860532614e-14 1.7035031253e-14 9.8255013609e-15
4.4580078125e+02 2.6724541957e-14 1.6883465447e-14 9.8410765100e-15
4.4586181641e+02 2.6726386613e-14 1.6881206270e-14 9.8451803437e-15
4.4592285156e+02 2.6738321570e-14 1.6868709780e-14 9.8696117898e-15
4.4598388672e+02 2.6809997933e-14 1.7006236910e-14 9.8037610226e-15
4.4604492188e+02 2.6810280918e-14 1.7011080654e-14 9.7992002641e-15
4.4610595703e+02 2.6797498299e-14 1.7016182059e-14 9.7813162401e-15
4.4616699219e+02 2.6922936700e-14 1.7053880035e-14 9.8690566644e-15
4.4622802734e+02 2.6814573172e-14 1.6975718714e-14 9.8388544585e-15
4.4628906250e+02 2.6684876550e-14 1.6810411856e-14 9.8744646949e-15
4.4635009766e+02 2.6634725811e-14 1.6835698358e-14 9.7990274524e-15
4.4641113281e+02 2.6695979979e-14 1.6942484618e-14 9.7534953610e-15
4.4647216797e+02 2.6737266961e-14 1.6930113427e-14 9.8071535343e-15
4.4653320312e+02 2.6708888049e-14 1.6888150108e-14 9.8207379413e-15
4.4659423828e+02 2.6719779728e-14 1.6859842109e-14 9.8599376185e-15
4.4665527344e+02 2.6862846018e-14 1.7000410132e-14 9.8624358864e-15
4.4671630859e+02 2.6884889274e-14 1.7066984869e-14 9.8179044042e-15
4.4677734375e+02 2.6922501608e-14 1.7107446400e-14 9.8150552078e-15
4.4683837891e+02 2.6841603578e-14 1.7060073346e-14 9.7815302324e-15
4.4689941406e+02 2.6779486128e-14 1.6967661843e-14 9.8118242849e-15
4.4696044922e+02 2.6797812663e-14 1.6945354303e-14 9.8524583595e-15
4.4702148438e+02 2.6894429420e-14 1.7009100388e-14 9.8853290314e-15
4.4708251953e+02 2.6795420917e-14 1.6946427772e-14 9.8489931445e-15
4.4714355469e+02 2.6759885219e-14 1.6879536605e-14 9.8803486144e-15
4.4720458984e+02 2.6815845178e-14 1.6960223839e-14 9.8556213389e-15
4.4726562500e+02 2.6895378727e-14 1.7065875118e-14 9.8295036091e-15
4.4732666016e+02 2.6916441248e-14 1.7066555719e-14 9.8498855297e-15
4.4738769531e+02 2.6840029964e-14 1.7005787582e-14 9.8342423819e-15
4.4744873047e+02 2.6795777793e-14 1.6966206603e-14 9.8295711903e-15
4.4750976562e+02 2.6712278494e-14 1.6869996890e-14 9.8422816040e-15
4.4757080078e+02 2.6581901606e-14 1.6791561640e-14 9.7903399659e-15
4.4763183594e+02 2.6551598172e-14 1.6770066050e-14 9.7815321227e-15
4.4769287109e+02 2.6813196553e-14 1.7010345392e-14 9.8028511610e-15
4.4775390625e+02 2.6654605337e-14 1.6851647428e-14 9.8029579088e-15
4.4781494141e+02 2.6637254359e-14 1.6777898603e-14 9.8593557558e-15
4.4787597656e+02 2.6621678065e-14 1.6805737874e-14 9.8159401907e-15
4.4793701172e+02 2.6756563987e-14 1.6934969724e-14 9.8215942634e-15
4.4799804688e+02 2.6731020460e-14 1.6997232792e-14 9.7337876676e-15
4.4805908203e+02 2.6715966955e-14 1.6886719516e-14 9.8292474386e-15
4.4812011719e+02 2.6741522084e-14 1.6907488385e-14 9.8340336991e-15
4.4818115234e+02 2.6765646311e-14 1.6968652094e-14 9.7969942168e-15
4.4824218750e+02 2.6675501929e-14 1.6862000344e-14 9.8135015856e-15
4.4830322266e+02 2.6603359980e-14 1.6855490299e-14 9.7478696802e-15
4.4836425781e+02 2.6723076403e-14 1.6894855769e-14 9.8282206338e-15
4.4842529297e+02 2.6902415056e-14 1.7053560859e-14 9.8488541963e-15
4.4848632812e+02 2.6803620252e-14 1.6958179672e-14 9.8454405806e-15
4.4854736328e+02 2.6712787871e-14 1.6859573140e-14 9.8532147313e-15
4.4860839844e+02 2.6706214890e-14 1.6891325822e-14 9.8148890687e-15
4.4866943359e+02 2.6766268094e-14 1.6976949974e-14 9.7893181205e-15
4.4873046875e+02 2.6645336017e-14 1.6844880940e-14 9.8004550769e-15
4.4879150391e+02 2.6642773434e-14 1.6854019838e-14 9.7887535963e-15
4.4885253906e+02 2.6565851466e-14 1.6811276346e-14 9.7545751197e-15
4.4891357422e+02 2.6687432181e-14 1.6894470579e-14 9.7929616024e-15
4.4897460938e+02 2.6701806694e-14 1.6869674958e-14 9.8321317364e-15
4.4903564453e+02 2.6804251421e-14 1.6953371920e-14 9.8508795019e-15
4.4909667969e+02 2.6725165215e-14 1.6943627975e-14 9.7815372399e-15
4.4915771484e+02 2.6685528706e-14 1.6903033123e-14 9.7824955825e-15
4.4921875000e+02 2.6686740104e-14 1.6874061921e-14 9.8126781826e-15
4.4927978516e+02 2.6669927174e-14 1.6881706271e-14 9.7882209029e-15
4.4934082031e+02 2.6628783923e-14 1.6861795548e-14 9.7669883744e-15
4.4940185547e+02 2.6770086008e-14 1.7001996537e-14 9.7680894705e-15
4.4946289062e+02 2.6732170872e-14 1.6967043019e-14 9.7651278533e-15
4.4952392578e+02 2.6695757333e-14 1.6910297246e-14 9.7854600872e-15
4.4958496094e+02 2.6827264679e-14 1.6967580083e-14 9.8596845951e-15
4.4964599609e+02 2.6809979818e-14 1.6968773744e-14 9.8412060736e-15
4.4970703125e+02 2.6737851299e-14 1.6951933888e-14 9.7859174101e-15
4.4976806641e+02 2.6704083077e-14 1.6852416682e-14 9.8516663952e-15
4.4982910156e+02 2.6704633288e-14 1.6917137693e-14 9.7874955952e-15
4.4989013672e+02 2.6740578709e-14 1.6967946983e-14 9.7726317262e-15
4.4995117188e+02 2.6790065499e-14 1.6964338338e-14 9.8257271606e-15
4.5001220703e+02 2.6710995494e-14 1.6915752812e-14 9.7952426818e-15
4.5007324219e+02 2.6828560594e-14 1.7018047914e-14 9.8105126797e-15
4.5013427734e+02 2.6800308247e-14 1.6947170482e-14 9.8531377647e-15
4.5019531250e+02 2.6751926468e-14 1.6902512873e-14 9.8494135955e-15
4.5025634766e+02 2.6702869984e-14 1.6887209890e-14 9.8156600940e-15
4.5031738281e+02 2.6714208394e-14 1.6858531486e-14 9.8556769078e-15
4.5037841797e+02 2.6636930127e-14 1.6814203009e-14 9.8227271171e-15
4.5043945312e+02 2.6610415527e-14 1.6805994958e-14 9.8044205686e-15
4.5050048828e+02 2.6603043295e-14 1.6797080298e-14 9.8059629966e-15
4.5056152344e+02 2.6751206642e-14 1.6932612050e-14 9.8185945927e-15
4.5062255859e+02 2.6727921153e-14 1.6975588758e-14 9.7523323951e-15
4.5068359375e+02 2.6606746622e-14 1.6884582516e-14 9.7221641056e-15
4.5074462891e+02 2.6691432842e-14 1.6844608078e-14 9.8468247631e-15
4.5080566406e+02 2.6793446072e-14 1.6915827333e-14 9.8776187390e-15
4.5086669922e+02 2.6656507194e-14 1.6838051553e-14 9.8184556413e-15
4.5092773438e+02 2.6607748409e-14 1.6841043972e-14 9.7667044371e-15
4.5098876953e+02 2.6659653422e-14 1.6896208389e-14 9.7634450332e-15
4.5104980469e+02 2.6722277673e-14 1.6868662649e-14 9.8536150232e-15
4.5111083984e+02 2.6563006054e-14 1.6753778600e-14 9.8092274540e-15
4.5117187500e+02 2.6738555696e-14 1.6864210374e-14 9.8743453217e-15
4.5123291016e+02 2.6900644604e-14 1.7004927629e-14 9.8957169750e-15
4.5129394531e+02 2.6808176283e-14 1.6982883107e-14 9.8252931766e-15
4.5135498047e+02 2.6878415951e-14 1.7009200059e-14 9.8692158915e-15
4.5141601562e+02 2.6803683419e-14 1.6956159029e-14 9.8475243898e-15
4.5147705078e+02 2.6585366791e-14 1.6771831482e-14 9.8135353085e-15
4.5153808594e+02 2.6600911662e-14 1.6749381709e-14 9.8515299521e-15
4.5159912109e+02 2.6663915277e-14 1.6808461580e-14 9.8554536975e-15
4.5166015625e+02 2.6754174943e-14 1.6893603557e-14 9.8605713859e-15
4.5172119141e+02 2.6797138799e-14 1.6926899803e-14 9.8702389958e-15
4.5178222656e+02 2.6619115085e-14 1.6870623060e-14 9.7484920251e-15
4.5184326172e+02 2.6703158373e-14 1.6971140763e-14 9.7320176103e-15
4.5190429688e+02 2.6689555407e-14 1.6903195737e-14 9.7863596698e-15
4.5196533203e+02 2.6721847213e-14 1.6893809415e-14 9.8280377981e-15
4.5202636719e+02 2.6708234313e-14 1.6932085880e-14 9.7761484330e-15
4.5208740234e+02 2.6736816481e-14 1.6941446655e-14 9.7953698260e-15
4.5214843750e+02 2.6854867914e-14 1.7020011094e-14 9.8348568198e-15
4.5220947266e+02 2.6701641534e-14 1.6887537934e-14 9.8141036006e-15
4.5227050781e+02 2.6670441042e-14 1.6852074404e-14 9.8183666380e-15
4.5233154297e+02 2.6649121466e-14 1.6861704926e-14 9.7874165401e-15
4.5239257812e+02 2.6703436712e-14 1.6863426760e-14 9.8400099519e-15
4.5245361328e+02 2.6748979522e-14 1.6897110087e-14 9.8518694355e-15
4.5251464844e+02 2.6868620675e-14 1.6993975151e-14 9.8746455237e-15
4.5257568359e+02 2.6747160727e-14 1.6913890873e-14 9.8332698534e-15
4.5263671875e+02 2.6657428386e-14 1.6820408115e-14 9.8370202714e-15
4.5269775391e+02 2.6727670205e-14 1.6906053765e-14 9.8216164404e-15
4.5275878906e+02 2.6701374989e-14 1.6929993834e-14 9.7713811547e-15
4.5281982422e+02 2.6611202360e-14 1.6860998856e-14 9.7502035039e-15
4.5288085938e+02 2.6658438299e-14 1.6939569381e-14 9.7188689182e-15
4.5294189453e+02 2.6760194471e-14 1.6997545536e-14 9.7626489343e-15
4.5300292969e+02 2.6862253776e-14 1.7057553221e-14 9.8047005550e-15
4.5306396484e+02 2.6874537290e-14 1.6997522723e-14 9.8770145665e-15
4.5312500000e+02 2.6629502125e-14 1.6821667493e-14 9.8078346321e-15
4.5318603516e+02 2.6597459627e-14 1.6786454973e-14 9.8110046537e-15
4.5324707031e+02 2.6706972254e-14 1.6848890603e-14 9.8580816508e-15
4.5330810547e+02 2.6712359864e-14 1.6819012411e-14 9.8933474536e-15
4.5336914062e+02 2.6723113560e-14 1.6923988694e-14 9.7991248666e-15
4.5343017578e+02 2.6732956289e-14 1.7034373371e-14 9.6985829188e-15
4.5349121094e+02 2.6841056421e-14 1.7040857849e-14 9.8001985722e-15
4.5355224609e+02 2.6821308825e-14 1.6946064690e-14 9.8752441350e-15
4.5361328125e+02 2.6675701126e-14 1.6868933207e-14 9.8067679187e-15
4.5367431641e+02 2.6710312704e-14 1.6865196982e-14 9.8451157221e-15
4.5373535156e+02 2.6722926377e-14 1.6869741456e-14 9.8531849206e-15
4.5379638672e+02 2.6779122962e-14 1.6941380933e-14 9.8377420287e-15
4.5385742188e+02 2.6728869286e-14 1.6886940338e-14 9.8419289478e-15
4.5391845703e+02 2.6692079689e-14 1.6896014443e-14 9.7960652462e-15
4.5397949219e+02 2.6648377955e-14 1.6837505868e-14 9.8108720871e-15
4.5404052734e+02 2.6575418849e-14 1.6752933170e-14 9.8224856790e-15
4.5410156250e+02 2.6704448340e-14 1.6883401512e-14 9.8210468277e-15
4.5416259766e+02 2.6739740227e-14 1.6918065253e-14 9.8216749743e-15
4.5422363281e+02 2.6778344855e-14 1.6901409346e-14 9.8769355085e-15
4.5428466797e+02 2.6771657768e-14 1.6913478737e-14 9.8581790312e-15
4.5434570312e+02 2.6643519838e-14 1.6917276957e-14 9.7262428810e-15
4.5440673828e+02 2.6724043878e-14 1.6941849038e-14 9.7821948397e-15
4.5446777344e+02 2.6709480420e-14 1.6909698813e-14 9.7997816069e-15
4.5452880859e+02 2.6627403474e-14 1.6850031631e-14 9.7773718428e-15
4.5458984375e+02 2.6684469329e-14 1.6862647655e-14 9.8218216739e-15
4.5465087891e+02 2.6721483980e-14 1.6923964717e-14 9.7975192633e-15
4.5471191406e+02 2.6702696244e-14 1.6913554421e-14 9.7891418230e-15
4.5477294922e+02 2.6820118961e-14 1.6985045667e-14 9.8350732939e-15
4.5483398438e+02 2.6645763740e-14 1.6895783158e-14 9.7499805814e-15
4.5489501953e+02 2.6723417666e-14 1.6896139529e-14 9.8272781370e-15
4.5495605469e+02 2.6825570924e-14 1.6949687609e-14 9.8758833152e-15
4.5501708984e+02 2.6636847490e-14 1.6882663668e-14 9.7541838221e-15
4.5507812500e+02 2.6703787936e-14 1.6976882150e-14 9.7269057853e-15
4.5513916016e+02 2.6740300215e-14 1.7016017027e-14 9.7242831882e-15
4.5520019531e+02 2.6749020217e-14 1.6972059116e-14 9.7769611008e-15
4.5526123047e+02 2.6761294884e-14 1.6893572856e-14 9.8677220281e-15
4.5532226562e+02 2.6709609920e-14 1.6812624611e-14 9.8969853084e-15
4.5538330078e+02 2.6597086368e-14 1.6765400194e-14 9.8316861740e-15
4.5544433594e+02 2.6660586902e-14 1.6814227776e-14 9.8463591269e-15
4.5550537109e+02 2.6829681590e-14 1.7018125031e-14 9.8115565587e-15
4.5556640625e+02 2.6802534427e-14 1.7040050615e-14 9.7624838126e-15
4.5562744141e+02 2.6792016349e-14 1.7031327185e-14 9.7606891631e-15
4.5568847656e+02 2.6713368858e-14 1.6934543230e-14 9.7788256279e-15
4.5574951172e+02 2.6753074602e-14 1.6984902996e-14 9.7681716057e-15
4.5581054688e+02 2.6759234228e-14 1.6992844109e-14 9.7663901195e-15
4.5587158203e+02 2.6745576499e-14 1.6946969095e-14 9.7986074036e-15
4.5593261719e+02 2.6749326953e-14 1.6876784353e-14 9.8725426006e-15
4.5599365234e+02 2.6735966421e-14 1.6877064560e-14 9.8589018605e-15
4.5605468750e+02 2.6799266184e-14 1.7009837577e-14 9.7894286072e-15
4.5611572266e+02 2.6730073551e-14 1.6915320156e-14 9.8147533945e-15
4.5617675781e+02 2.6816853755e-14 1.6967958448e-14 9.8488953073e-15
4.5623779297e+02 2.6680380819e-14 1.6867946004e-14 9.8124348149e-15
4.5629882812e+02 2.6703529225e-14 1.6832987142e-14 9.8705420833e-15
4.5635986328e+02 2.6746905387e-14 1.6868720249e-14 9.8781851380e-15
4.5642089844e+02 2.6668303205e-14 1.6810203223e-14 9.8580999829e-15
4.5648193359e+02 2.6724540047e-14 1.6878904503e-14 9.8456355435e-15
4.5654296875e+02 2.6836125515e-14 1.7007268441e-14 9.8288570739e-15
4.5660400391e+02 2.6756504490e-14 1.6948412971e-14 9.8080915192e-15
4.5666503906e+02 2.6601520983e-14 1.6807295001e-14 9.7942259821e-15
4.5672607422e+02 2.6587882535e-14 1.6788124732e-14 9.7997578026e-15
4.5678710938e+02 2.6578840418e-14 1.6800843601e-14 9.7779968165e-15
4.5684814453e+02 2.6633091315e-14 1.6881930771e-14 9.7511605441e-15
4.5690917969e+02 2.6633018194e-14 1.6778204672e-14 9.8548135224e-15
4.5697021484e+02 2.6638042390e-14 1.6828227543e-14 9.8098148474e-15
4.5703125000e+02 2.6663310294e-14 1.6900107933e-14 9.7632023603e-15
4.5709228516e+02 2.6667935900e-14 1.6834386237e-14 9.8335496625e-15
4.5715332031e+02 2.6609626432e-14 1.6823327631e-14 9.7862988011e-15
4.5721435547e+02 2.6572414979e-14 1.6824990946e-14 9.7474240328e-15
4.5727539062e+02 2.6695383425e-14 1.6952356939e-14 9.7430264864e-15
4.5733642578e+02 2.6678463099e-14 1.6935787562e-14 9.7426755366e-15
4.5739746094e+02 2.6721574313e-14 1.6895905180e-14 9.8256691333e-15
4.5745849609e+02 2.6874549162e-14 1.7006968820e-14 9.8675803413e-15
4.5751953125e+02 2.6782654473e-14 1.6934723612e-14 9.8479308609e-15
4.5758056641e+02 2.6799628756e-14 1.6962876184e-14 9.8367525718e-15
4.5764160156e+02 2.6752162609e-14 1.6909739179e-14 9.8424234299e-15
4.5770263672e+02 2.6656625899e-14 1.6837035673e-14 9.8195902264e-15
4.5776367188e+02 2.6771329500e-14 1.6911205704e-14 9.8601237962e-15
4.5782470703e+02 2.6784497873e-14 1.6952050744e-14 9.8324471285e-15
4.5788574219e+02 2.6588569112e-14 1.6806574536e-14 9.7819945756e-15
4.5794677734e+02 2.6744845398e-14 1.6926031565e-14 9.8188138333e-15
4.5800781250e+02 2.6609060015e-14 1.6861827888e-14 9.7472321265e-15
4.5806884766e+02 2.6610024280e-14 1.6853834277e-14 9.7561900025e-15
4.5812988281e+02 2.6753003674e-14 1.6943432094e-14 9.8095715806e-15
4.5819091797e+02 2.6669618771e-14 1.6886465588e-14 9.7831531832e-15
4.5825195312e+02 2.6644190210e-14 1.6898941379e-14 9.7452488310e-15
4.5831298828e+02 2.6765256157e-14 1.6977652610e-14 9.7876035469e-15
4.5837402344e+02 2.6786820214e-14 1.6974628618e-14 9.8121915952e-15
4.5843505859e+02 2.6716530659e-14 1.6926379620e-14 9.7901510387e-15
4.5849609375e+02 2.6657236041e-14 1.6819853500e-14 9.8373825414e-15
4.5855712891e+02 2.6562790817e-14 1.6690502637e-14 9.8722881805e-15
4.5861816406e+02 2.6638539761e-14 1.6719946468e-14 9.9185932937e-15
4.5867919922e+02 2.6667787910e-14 1.6857928340e-14 9.8098595703e-15
4.5874023438e+02 2.6723082596e-14 1.6913486510e-14 9.8095960866e-15
4.5880126953e+02 2.6761890504e-14 1.6935909186e-14 9.8259813174e-15
4.5886230469e+02 2.6692455046e-14 1.6914447621e-14 9.7780074253e-15
4.5892333984e+02 2.6633905236e-14 1.6871067264e-14 9.7628379726e-15
4.5898437500e+02 2.6713525573e-14 1.6958917045e-14 9.7546085288e-15
4.5904541016e+02 2.6780264838e-14 1.6965505813e-14 9.8147590257e-15
4.5910644531e+02 2.6652436756e-14 1.6810060122e-14 9.8423766337e-15
4.5916748047e+02 2.6722358171e-14 1.6898349561e-14 9.8240086104e-15
4.5922851562e+02 2.6804494130e-14 1.6987605017e-14 9.8168891135e-15
4.5928955078e+02 2.6739560354e-14 1.6913250625e-14 9.8263097294e-15
4.5935058594e+02 2.6689865428e-14 1.6905295531e-14 9.7845698969e-15
4.5941162109e+02 2.6818516923e-14 1.6951305497e-14 9.8672114266e-15
4.5947265625e+02 2.6898444065e-14 1.6995895937e-14 9.9025481279e-15
4.5953369141e+02 2.6798284097e-14 1.6923702049e-14 9.8745820481e-15
4.5959472656e+02 2.6780599001e-14 1.6945380607e-14 9.8352183942e-15
4.5965576172e+02 2.6760272997e-14 1.6987082171e-14 9.7731908257e-15
4.5971679688e+02 2.6691828653e-14 1.6882965445e-14 9.8088632081e-15
4.5977783203e+02 2.6676180374e-14 1.6885897534e-14 9.7902828400e-15
4.5983886719e+02 2.6578122530e-14 1.6804270143e-14 9.7738523873e-15
4.5989990234e+02 2.6612099432e-14 1.6915813522e-14 9.6962859092e-15
4.5996093750e+02 2.6757129391e-14 1.6970466242e-14 9.7866631490e-15
4.6002197266e+02 2.6715484778e-14 1.6899032999e-14 9.8164517788e-15
4.6008300781e+02 2.6726567307e-14 1.6930141582e-14 9.7964257253e-15
4.6014404297e+02 2.6748548566e-14 1.6891459419e-14 9.8570891468e-15
4.6020507812e+02 2.6793269714e-14 1.6926542991e-14 9.8667267232e-15
4.6026611328e+02 2.6731749614e-14 1.6935194664e-14 9.7965549501e-15
4.6032714844e+02 2.6607098329e-14 1.6792354077e-14 9.8147442521e-15
4.6038818359e+02 2.6911799369e-14 1.6976201234e-14 9.9355981356e-15
4.6044921875e+02 2.6845257313e-14 1.6936059314e-14 9.9091979986e-15
4.6051025391e+02 2.6669804101e-14 1.6887175024e-14 9.7826290768e-15
4.6057128906e+02 2.6695016098e-14 1.6905036142e-14 9.7899799562e-15
4.6063232422e+02 2.6558546164e-14 1.6780589565e-14 9.7779565981e-15
4.6069335938e+02 2.6561896143e-14 1.6736226400e-14 9.8256697425e-15
4.6075439453e+02 2.6563596658e-14 1.6760673164e-14 9.8029234946e-15
4.6081542969e+02 2.6602323269e-14 1.6823097927e-14 9.7792253416e-15
4.6087646484e+02 2.6814868154e-14 1.7001585814e-14 9.8132823399e-15
4.6093750000e+02 2.6777021407e-14 1.6980488395e-14 9.7965330117e-15
4.6099853516e+02 2.6757678044e-14 1.6958816042e-14 9.7988620018e-15
4.6105957031e+02 2.6711016599e-14 1.6915835043e-14 9.7951815562e-15
4.6112060547e+02 2.6664590579e-14 1.6896257267e-14 9.7683333121e-15
4.6118164062e+02 2.6596169240e-14 1.6843797657e-14 9.7523715836e-15
4.6124267578e+02 2.6658322479e-14 1.6856793868e-14 9.8015286111e-15
4.6130371094e+02 2.6763523467e-14 1.7001524823e-14 9.7619986448e-15
4.6136474609e+02 2.6744133923e-14 1.6941575743e-14 9.8025581800e-15
4.6142578125e+02 2.6670802781e-14 1.6854802072e-14 9.8160007085e-15
4.6148681641e+02 2.6621186839e-14 1.6806304541e-14 9.8148822985e-15
4.6154785156e+02 2.6672131999e-14 1.6848848110e-14 9.8232838884e-15
4.6160888672e+02 2.6809258466e-14 1.6928970786e-14 9.8802876798e-15
4.6166992188e+02 2.6794865517e-14 1.6942911105e-14 9.8519544123e-15
4.6173095703e+02 2.6872311970e-14 1.6969554423e-14 9.9027575471e-15
4.6179199219e+02 2.6766698191e-14 1.6927727660e-14 9.8389705312e-15
4.6185302734e+02 2.6572381456e-14 1.6782107438e-14 9.7902740178e-15
4.6191406250e+02 2.6618946437e-14 1.6832943931e-14 9.7860025059e-15
4.6197509766e+02 2.6592603934e-14 1.6832700986e-14 9.7599029477e-15
4.6203613281e+02 2.6563135620e-14 1.6787258898e-14 9.7758767215e-15
4.6209716797e+02 2.6582718902e-14 1.6811376148e-14 9.7713427544e-15
4.6215820312e+02 2.6661892195e-14 1.6841873407e-14 9.8200187877e-15
4.6221923828e+02 2.6812477375e-14 1.6946448309e-14 9.8660290663e-15
4.6228027344e+02 2.6683524335e-14 1.6894697062e-14 9.7888272727e-15
4.6234130859e+02 2.6806266978e-14 1.6968282469e-14 9.8379845085e-15
4.6240234375e+02 2.6814241102e-14 1.6910673710e-14 9.9035673917e-15
4.6246337891e+02 2.6797579810e-14 1.6902809695e-14 9.8947701156e-15
4.6252441406e+02 2.6732344000e-14 1.6863766293e-14 9.8685777076e-15
4.6258544922e+02 2.6694032317e-14 1.6874446477e-14 9.8195858406e-15
4.6264648438e+02 2.6718967488e-14 1.6894965802e-14 9.8240016859e-15
4.6270751953e+02 2.6595155346e-14 1.6755499027e-14 9.8396563193e-15
4.6276855469e+02 2.6673490510e-14 1.6819903545e-14 9.8535869646e-15
4.6282958984e+02 2.6792948848e-14 1.6875681453e-14 9.9172673952e-15
4.6289062500e+02 2.6833080983e-14 1.6957839497e-14 9.8752414860e-15
4.6295166016e+02 2.6649953707e-14 1.6855959976e-14 9.7939937313e-15
4.6301269531e+02 2.6624250785e-14 1.6824683111e-14 9.7995676741e-15
4.6307373047e+02 2.6717482000e-14 1.6821921424e-14 9.8955605761e-15
4.6313476562e+02 2.6751875051e-14 1.6873138312e-14 9.8787367387e-15
4.6319580078e+02 2.6756465226e-14 1.6916258468e-14 9.8402067581e-15
4.6325683594e+02 2.6688793382e-14 1.6865729960e-14 9.8230634219e-15
4.6331787109e+02 2.6709488507e-14 1.6918528172e-14 9.7909603348e-15
4.6337890625e+02 2.6680499683e-14 1.6859099709e-14 9.8213999743e-15
4.6343994141e+02 2.6631609158e-14 1.6785481698e-14 9.8461274599e-15
4.6350097656e+02 2.6577201595e-14 1.6835459220e-14 9.7417423747e-15
4.6356201172e+02 2.6717758244e-14 1.6943553809e-14 9.7742044353e-15
4.6362304688e+02 2.6772244788e-14 1.6950647650e-14 9.8215971386e-15
4.6368408203e+02 2.6704696746e-14 1.6891698438e-14 9.8129983087e-15
4.6374511719e+02 2.6610673275e-14 1.6836540534e-14 9.7741327409e-15
4.6380615234e+02 2.6788613642e-14 1.6967918011e-14 9.8206956311e-15
4.6386718750e+02 2.6888589767e-14 1.7025316627e-14 9.8632731396e-15
4.6392822266e+02 2.6804801552e-14 1.6953136595e-14 9.8516649570e-15
4.6398925781e+02 2.6650741747e-14 1.6857385412e-14 9.7933563350e-15
4.6405029297e+02 2.6638660816e-14 1.6814941755e-14 9.8237190609e-15
4.6411132812e+02 2.6757617392e-14 1.6908893698e-14 9.8487236941e-15
4.6417236328e+02 2.6892804420e-14 1.7028005166e-14 9.8647992538e-15
4.6423339844e+02 2.6753393305e-14 1.6940342656e-14 9.8130506491e-15
4.6429443359e+02 2.6792608840e-14 1.7002105091e-14 9.7905037485e-15
4.6435546875e+02 2.6736314986e-14 1.6879405323e-14 9.8569096637e-15
4.6441650391e+02 2.6760168913e-14 1.6912960034e-14 9.8472088795e-15
4.6447753906e+02 2.6674715770e-14 1.6844802671e-14 9.8299130984e-15
4.6453857422e+02 2.6585430388e-14 1.6817727559e-14 9.7677028290e-15
4.6459960938e+02 2.6665615784e-14 1.6870417153e-14 9.7951986313e-15
4.6466064453e+02 2.6538622164e-14 1.6745412293e-14 9.7932098711e-15
4.6472167969e+02 2.6567134401e-14 1.6780499356e-14 9.7866350453e-15
4.6478271484e+02 2.6771182048e-14 1.6889499373e-14 9.8816826750e-15
4.6484375000e+02 2.6933277875e-14 1.7070596860e-14 9.8626810154e-15
4.6490478516e+02 2.6787016125e-14 1.6964248788e-14 9.8227673378e-15
4.6496582031e+02 2.6773736256e-14 1.6914168388e-14 9.8595678678e-15
4.6502685547e+02 2.6683461854e-14 1.6880313117e-14 9.8031487368e-15
4.6508789062e+02 2.6670307719e-14 1.6941791754e-14 9.7285159649e-15
4.6514892578e+02 2.6781813730e-14 1.6978781299e-14 9.8030324310e-15
4.6520996094e+02 2.6694833172e-14 1.6891416148e-14 9.8034170235e-15
4.6527099609e+02 2.6681767325e-14 1.6897490436e-14 9.7842768895e-15
4.6533203125e+02 2.6734854444e-14 1.6900001448e-14 9.8348529953e-15
4.6539306641e+02 2.6673245520e-14 1.6829844355e-14 9.8434011656e-15
4.6545410156e+02 2.6694424325e-14 1.6900397508e-14 9.7940268174e-15
4.6551513672e+02 2.6753846720e-14 1.6926309486e-14 9.8275372336e-15
4.6557617188e+02 2.6793867850e-14 1.6945328553e-14 9.8485392970e-15
4.6563720703e+02 2.6669506668e-14 1.6875140867e-14 9.7943658010e-15
4.6569824219e+02 2.6745691716e-14 1.6936147390e-14 9.8095443267e-15
4.6575927734e+02 2.6759355632e-14 1.6954110823e-14 9.8052448091e-15
4.6582031250e+02 2.6745782458e-14 1.6977804070e-14 9.7679783885e-15
4.6588134766e+02 2.6817619548e-14 1.6994131924e-14 9.8234876234e-15
4.6594238281e+02 2.6764736721e-14 1.6917237129e-14 9.8474995924e-15
4.6600341797e+02 2.6710721167e-14 1.6904247650e-14 9.8064735175e-15
4.6606445312e+02 2.6706863020e-14 1.6921464450e-14 9.7853985695e-15
4.6612548828e+02 2.6777557362e-14 1.7022284051e-14 9.7552733110e-15
4.6618652344e+02 2.6741487199e-14 1.6939555851e-14 9.8019313482e-15
4.6624755859e+02 2.6676922732e-14 1.6875981167e-14 9.8009415643e-15
4.6630859375e+02 2.6666877713e-14 1.6789440252e-14 9.8774374615e-15
4.6636962891e+02 2.6648885563e-14 1.6853567083e-14 9.7953184801e-15
4.6643066406e+02 2.6647473060e-14 1.6833946952e-14 9.8135261084e-15
4.6649169922e+02 2.6707926715e-14 1.6881997739e-14 9.8259289759e-15
4.6655273438e+02 2.6789449459e-14 1.6984709909e-14 9.8047395501e-15
4.6661376953e+02 2.6701017744e-14 1.6917102298e-14 9.7839154456e-15
4.6667480469e+02 2.6799358100e-14 1.6998665799e-14 9.8006923005e-15
4.6673583984e+02 2.6893347708e-14 1.7043701300e-14 9.8496464084e-15
4.6679687500e+02 2.6743467400e-14 1.6959751451e-14 9.7837159492e-15
4.6685791016e+02 2.6677134249e-14 1.6858468561e-14 9.8186656879e-15
4.6691894531e+02 2.6774502861e-14 1.6924647715e-14 9.8498551465e-15
4.6697998047e+02 2.6722016410e-14 1.6928368827e-14 9.7936475830e-15
4.6704101562e+02 2.6610813225e-14 1.6861872201e-14 9.7489410238e-15
4.6710205078e+02 2.6681619053e-14 1.6867411747e-14 9.8142073059e-15
4.6716308594e+02 2.6877316739e-14 1.6985746620e-14 9.8915701187e-15
4.6722412109e+02 2.6784298622e-14 1.6960576244e-14 9.8237223779e-15
4.6728515625e+02 2.6719548557e-14 1.6919631385e-14 9.7999171727e-15
4.6734619141e+02 2.6717361970e-14 1.6926071002e-14 9.7912909682e-15
4.6740722656e+02 2.6714097809e-14 1.6949751090e-14 9.7643467195e-15
4.6746826172e+02 2.6786990867e-14 1.6980221308e-14 9.8067695586e-15
4.6752929688e+02 2.6665475556e-14 1.6820466993e-14 9.8450085625e-15
4.6759033203e+02 2.6718387171e-14 1.6898068772e-14 9.8203183994e-15
4.6765136719e+02 2.6708334345e-14 1.6846393555e-14 9.8619407901e-15
4.6771240234e+02 2.6742145121e-14 1.6903511997e-14 9.8386331242e-15
4.6777343750e+02 2.6777502725e-14 1.6935607188e-14 9.8418955371e-15
4.6783447266e+02 2.6676149107e-14 1.6906936488e-14 9.7692126193e-15
4.6789550781e+02 2.6639755374e-14 1.6820940847e-14 9.8188145275e-15
4.6795654297e+02 2.6667021013e-14 1.6883655772e-14 9.7833652410e-15
4.6801757812e+02 2.6838222668e-14 1.7007986363e-14 9.8302363050e-15
4.6807861328e+02 2.6848311332e-14 1.7003464872e-14 9.8448464597e-15
4.6813964844e+02 2.6667950808e-14 1.6870289746e-14 9.7976610624e-15
4.6820068359e+02 2.6677693752e-14 1.6905463246e-14 9.7722305055e-15
4.6826171875e+02 2.6803779259e-14 1.7012146999e-14 9.7916322597e-15
4.6832275391e+02 2.6684788795e-14 1.6931427146e-14 9.7533616491e-15
4.6838378906e+02 2.6663184178e-14 1.6846250306e-14 9.8169338719e-15
4.6844482422e+02 2.6810284947e-14 1.6981143828e-14 9.8291411191e-15
4.6850585938e+02 2.6754374655e-14 1.6948468089e-14 9.8059065665e-15
4.6856689453e+02 2.6783845366e-14 1.6980102253e-14 9.8037431127e-15
4.6862792969e+02 2.6704211486e-14 1.6869576145e-14 9.8346353414e-15
4.6868896484e+02 2.6723857443e-14 1.6898138341e-14 9.8257191015e-15
4.6875000000e+02 2.6762171016e-14 1.6971199979e-14 9.7909710371e-15
4.6881103516e+02 2.6742131658e-14 1.6925985930e-14 9.8161457274e-15
4.6887207031e+02 2.6661120962e-14 1.6815318697e-14 9.8458022647e-15
4.6893310547e+02 2.6694645395e-14 1.6861926571e-14 9.8327188237e-15
4.6899414062e+02 2.6862090909e-14 1.7014126685e-14 9.8479642241e-15
4.6905517578e+02 2.6721727473e-14 1.6905294816e-14 9.8164326573e-15
4.6911621094e+02 2.6683613845e-14 1.6878114205e-14 9.8054996404e-15
4.6917724609e+02 2.6699646225e-14 1.6919392187e-14 9.7802540375e-15
4.6923828125e+02 2.6620059646e-14 1.6921891926e-14 9.6981677203e-15
4.6929931641e+02 2.6602258646e-14 1.6882379958e-14 9.7198786878e-15
4.6936035156e+02 2.6770492685e-14 1.6980314484e-14 9.7901782015e-15
4.6942138672e+02 2.6828577029e-14 1.6995847847e-14 9.8327291816e-15
4.6948242188e+02 2.6771933621e-14 1.6939753660e-14 9.8321799612e-15
4.6954345703e+02 2.6690531847e-14 1.6869972496e-14 9.8205593516e-15
4.6960449219e+02 2.6830825386e-14 1.6992723192e-14 9.8381021941e-15
4.6966552734e+02 2.6856177041e-14 1.6968115718e-14 9.8880613230e-15
4.6972656250e+02 2.6878371533e-14 1.6980528078e-14 9.8978434551e-15
4.6978759766e+02 2.6865442573e-14 1.7034434289e-14 9.8310082842e-15
4.6984863281e+02 2.6785263063e-14 1.6997010596e-14 9.7882524673e-15
4.6990966797e+02 2.6589079234e-14 1.6862820533e-14 9.7262587018e-15
4.6997070312e+02 2.6585993574e-14 1.6825857518e-14 9.7601360552e-15
4.7003173828e+02 2.6700711725e-14 1.6850561224e-14 9.8501505009e-15
4.7009277344e+02 2.6812239645e-14 1.6948654575e-14 9.8635850699e-15
4.7015380859e+02 2.6722864144e-14 1.6928982394e-14 9.7938817506e-15
4.7021484375e+02 2.6738646208e-14 1.6995341196e-14 9.7433050118e-15
4.7027587891e+02 2.6804224436e-14 1.7006663679e-14 9.7975607569e-15
4.7033691406e+02 2.6915080545e-14 1.7070666943e-14 9.8444136020e-15
4.7039794922e+02 2.6900504851e-14 1.7052910761e-14 9.8475940902e-15
4.7045898438e+02 2.6848830714e-14 1.6952424197e-14 9.8964065168e-15
4.7052001953e+02 2.6768336145e-14 1.6918134260e-14 9.8502018856e-15
4.7058105469e+02 2.6683890314e-14 1.6849451296e-14 9.8344390181e-15
4.7064208984e+02 2.6539386014e-14 1.6693925841e-14 9.8454601732e-15
4.7070312500e+02 2.6636696946e-14 1.6786343094e-14 9.8503538525e-15
4.7076416016e+02 2.6848793578e-14 1.6984656834e-14 9.8641367445e-15
4.7082519531e+02 2.6823437294e-14 1.7006485098e-14 9.8169521958e-15
4.7088623047e+02 2.6735909170e-14 1.6984529108e-14 9.7513800616e-15
4.7094726562e+02 2.6760487016e-14 1.6894840668e-14 9.8656463477e-15
4.7100830078e+02 2.6735905831e-14 1.6864264220e-14 9.8716416106e-15
4.7106933594e+02 2.6799579886e-14 1.6929356533e-14 9.8702233534e-15
4.7113037109e+02 2.6848340045e-14 1.7008881834e-14 9.8394582115e-15
4.7119140625e+02 2.6782987251e-14 1.6973086732e-14 9.8099005187e-15
4.7125244141e+02 2.6771696190e-14 1.6991698241e-14 9.7799979492e-15
4.7131347656e+02 2.6668192005e-14 1.6891180951e-14 9.7770110542e-15
4.7137451172e+02 2.6651973378e-14 1.6792983586e-14 9.8589897923e-15
4.7143554688e+02 2.6560356193e-14 1.6701484568e-14 9.8588716248e-15
4.7149658203e+02 2.6573830698e-14 1.6753074665e-14 9.8207560322e-15
4.7155761719e+02 2.6629453605e-14 1.6800304419e-14 9.8291491852e-15
4.7161865234e+02 2.6782159699e-14 1.6916718072e-14 9.8654416268e-15
4.7167968750e+02 2.6734891151e-14 1.6923386410e-14 9.8115047413e-15
4.7174072266e+02 2.6690075620e-14 1.6826395748e-14 9.8636798721e-15
4.7180175781e+02 2.6603721839e-14 1.6763983706e-14 9.8397381328e-15
4.7186279297e+02 2.6615220588e-14 1.6831264522e-14 9.7839560661e-15
4.7192382812e+02 2.6624042370e-14 1.6837185887e-14 9.7868564826e-15
4.7198486328e+02 2.6657322043e-14 1.6887395819e-14 9.7699262246e-15
4.7204589844e+02 2.6575491516e-14 1.6867375775e-14 9.7081157410e-15
4.7210693359e+02 2.6674760219e-14 1.6941609545e-14 9.7331506736e-15
4.7216796875e+02 2.6651402733e-14 1.6870666700e-14 9.7807360331e-15
4.7222900391e+02 2.6703257856e-14 1.6878933182e-14 9.8243246735e-15
4.7229003906e+02 2.6725480863e-14 1.6913429950e-14 9.8120509134e-15
4.7235107422e+02 2.6699443449e-14 1.6924075265e-14 9.7753681839e-15
4.7241210938e+02 2.6773757133e-14 1.6960195409e-14 9.8135617231e-15
4.7247314453e+02 2.6738020501e-14 1.6926981563e-14 9.8110389379e-15
4.7253417969e+02 2.6700976690e-14 1.6940983577e-14 9.7599931130e-15
4.7259521484e+02 2.6598879297e-14 1.6875871930e-14 9.7230073667e-15
4.7265625000e+02 2.6688276167e-14 1.6908294726e-14 9.7799814404e-15
4.7271728516e+02 2.6662337861e-14 1.6836412557e-14 9.8259253036e-15
4.7277832031e+02 2.6613655758e-14 1.6846522454e-14 9.7671333047e-15
4.7283935547e+02 2.6622511686e-14 1.6903587305e-14 9.7189243812e-15
4.7290039062e+02 2.6673311147e-14 1.6946549112e-14 9.7267620357e-15
4.7296142578e+02 2.6695439280e-14 1.6880716885e-14 9.8147223950e-15
4.7302246094e+02 2.6526547752e-14 1.6745721661e-14 9.7808260916e-15
4.7308349609e+02 2.6565596307e-14 1.6770014044e-14 9.7955822627e-15
4.7314453125e+02 2.6710848076e-14 1.6891416418e-14 9.8194316586e-15
4.7320556641e+02 2.6777101206e-14 1.6969590102e-14 9.8075111040e-15
4.7326660156e+02 2.6727479276e-14 1.6915745922e-14 9.8117333539e-15
4.7332763672e+02 2.6727663892e-14 1.6872049257e-14 9.8556146352e-15
4.7338867188e+02 2.6601257373e-14 1.6803859346e-14 9.7973980268e-15
4.7344970703e+02 2.6506299387e-14 1.6696031859e-14 9.8102675276e-15
4.7351074219e+02 2.6666576678e-14 1.6791429565e-14 9.8751471135e-15
4.7357177734e+02 2.6717382638e-14 1.6882308706e-14 9.8350739325e-15
4.7363281250e+02 2.6676581012e-14 1.6836750709e-14 9.8398303030e-15
4.7369384766e+02 2.6805673397e-14 1.6916844631e-14 9.8888287667e-15
4.7375488281e+02 2.6790284749e-14 1.6940724842e-14 9.8495599071e-15
4.7381591797e+02 2.6690233865e-14 1.6903183924e-14 9.7870499415e-15
4.7387695312e+02 2.6756204205e-14 1.6918057184e-14 9.8381470216e-15
4.7393798828e+02 2.6771250622e-14 1.6991717216e-14 9.7795334065e-15
4.7399902344e+02 2.6556056438e-14 1.6795329293e-14 9.7607271446e-15
4.7406005859e+02 2.6741552671e-14 1.6922467332e-14 9.8190853399e-15
4.7412109375e+02 2.6644495453e-14 1.6857902924e-14 9.7865925292e-15
4.7418212891e+02 2.6507795616e-14 1.6718424939e-14 9.7893706769e-15
4.7424316406e+02 2.6628274750e-14 1.6815640454e-14 9.8126342956e-15
4.7430419922e+02 2.6709060954e-14 1.6888722664e-14 9.8203382904e-15
4.7436523438e+02 2.6663476587e-14 1.6802477848e-14 9.8609987383e-15
4.7442626953e+02 2.6618319029e-14 1.6836883988e-14 9.7814350412e-15
4.7448730469e+02 2.6737073579e-14 1.6920885585e-14 9.8161879940e-15
4.7454833984e+02 2.6821272072e-14 1.6910859380e-14 9.9104126918e-15
4.7460937500e+02 2.6713734507e-14 1.6854338332e-14 9.8593961757e-15
4.7467041016e+02 2.6824863269e-14 1.6971627482e-14 9.8532357871e-15
4.7473144531e+02 2.6775088446e-14 1.6965477567e-14 9.8096108788e-15
4.7479248047e+02 2.6743145516e-14 1.6973016178e-14 9.7701293380e-15
4.7485351562e+02 2.6799842181e-14 1.7030094963e-14 9.7697472186e-15
4.7491455078e+02 2.6880741411e-14 1.7004631318e-14 9.8761100923e-15
4.7497558594e+02 2.6677253523e-14 1.6857478052e-14 9.8197754709e-15
4.7503662109e+02 2.6589393717e-14 1.6781432336e-14 9.8079613805e-15
4.7509765625e+02 2.6557728841e-14 1.6787435014e-14 9.7702938265e-15
4.7515869141e+02 2.6628197307e-14 1.6852279410e-14 9.7759178976e-15
4.7521972656e+02 2.6738121489e-14 1.6969037679e-14 9.7690838097e-15
4.7528076172e+02 2.6694118405e-14 1.6939706698e-14 9.7544117071e-15
4.7534179688e+02 2.6624517678e-14 1.6841664311e-14 9.7828533673e-15
4.7540283203e+02 2.6790965469e-14 1.7001688477e-14 9.7892769914e-15
4.7546386719e+02 2.6725087083e-14 1.6890015576e-14 9.8350715061e-15
4.7552490234e+02 2.6620542709e-14 1.6830750435e-14 9.7897922740e-15
4.7558593750e+02 2.6808745946e-14 1.7018461669e-14 9.7902842770e-15
4.7564697266e+02 2.6808606025e-14 1.7026999043e-14 9.7816069813e-15
4.7570800781e+02 2.6724043519e-14 1.6960124512e-14 9.7639190069e-15
4.7576904297e+02 2.6805184067e-14 1.7006690299e-14 9.7984937675e-15
4.7583007812e+02 2.6611353674e-14 1.6863432308e-14 9.7479213658e-15
4.7589111328e+02 2.6581530112e-14 1.6814836497e-14 9.7666936151e-15
4.7595214844e+02 2.6748092943e-14 1.6987344829e-14 9.7607481137e-15
4.7601318359e+02 2.6799818173e-14 1.7044567250e-14 9.7552509235e-15
4.7607421875e+02 2.6738486866e-14 1.6999610053e-14 9.7388768127e-15
4.7613525391e+02 2.6694501867e-14 1.6954554631e-14 9.7399472362e-15
4.7619628906e+02 2.6572580555e-14 1.6778348195e-14 9.7942323604e-15
4.7625732422e+02 2.6483577778e-14 1.6690926391e-14 9.7926513874e-15
4.7631835938e+02 2.6477970230e-14 1.6731362589e-14 9.7466076406e-15
4.7637939453e+02 2.6596495503e-14 1.6804348677e-14 9.7921468258e-15
4.7644042969e+02 2.6730669977e-14 1.6922590428e-14 9.8080795488e-15
4.7650146484e+02 2.6733666536e-14 1.6929577829e-14 9.8040887075e-15
4.7656250000e+02 2.6554249606e-14 1.6828690297e-14 9.7255593084e-15
4.7662353516e+02 2.6683747535e-14 1.6812058130e-14 9.8716894049e-15
4.7668457031e+02 2.6587643919e-14 1.6776066954e-14 9.8115769650e-15
4.7674560547e+02 2.6630405039e-14 1.6873332364e-14 9.7570726750e-15
4.7680664062e+02 2.6651028770e-14 1.6847302341e-14 9.8037264291e-15
4.7686767578e+02 2.6594906311e-14 1.6824148905e-14 9.7707574062e-15
4.7692871094e+02 2.6683426337e-14 1.6867610438e-14 9.8158158984e-15
4.7698974609e+02 2.6762976827e-14 1.6911635292e-14 9.8513415358e-15
4.7705078125e+02 2.6768143434e-14 1.6981486333e-14 9.7866571011e-15
4.7711181641e+02 2.6761636796e-14 1.7012162664e-14 9.7494741312e-15
4.7717285156e+02 2.6829528057e-14 1.6978699686e-14 9.8508283709e-15
4.7723388672e+02 2.6840301045e-14 1.6924250623e-14 9.9160504221e-15
4.7729492188e+02 2.6720374675e-14 1.6856387807e-14 9.8639868681e-15
4.7735595703e+02 2.6781623439e-14 1.6943161253e-14 9.8384621868e-15
4.7741699219e+02 2.6810570131e-14 1.7006278089e-14 9.8042920419e-15
4.7747802734e+02 2.6642212768e-14 1.6839513222e-14 9.8026995461e-15
4.7753906250e+02 2.6741556883e-14 1.6900288092e-14 9.8412687908e-15
4.7760009766e+02 2.6777531887e-14 1.6917508331e-14 9.8600235564e-15
4.7766113281e+02 2.6688112799e-14 1.6919519537e-14 9.7685932626e-15
4.7772216797e+02 2.6714513031e-14 1.6845740745e-14 9.8687722860e-15
4.7778320312e+02 2.6715508941e-14 1.6940288660e-14 9.7752202809e-15
4.7784423828e+02 2.6722616007e-14 1.6973657241e-14 9.7489587657e-15
4.7790527344e+02 2.6726000847e-14 1.6971839114e-14 9.7541617331e-15
4.7796630859e+02 2.6718294365e-14 1.6922446620e-14 9.7958477455e-15
4.7802734375e+02 2.6742209183e-14 1.6944263349e-14 9.7979458340e-15
4.7808837891e+02 2.6812403043e-14 1.7045890324e-14 9.7665127192e-15
4.7814941406e+02 2.6853086221e-14 1.7050037643e-14 9.8030485781e-15
4.7821044922e+02 2.6708500074e-14 1.6933970346e-14 9.7745297274e-15
4.7827148438e+02 2.6860114888e-14 1.6981494535e-14 9.8786203533e-15
4.7833251953e+02 2.6819926458e-14 1.6982141610e-14 9.8377848473e-15
4.7839355469e+02 2.6645920205e-14 1.6858774817e-14 9.7871453875e-15
4.7845458984e+02 2.6501716444e-14 1.6758327221e-14 9.7433892238e-15
4.7851562500e+02 2.6732466630e-14 1.6937988212e-14 9.7944784176e-15
4.7857666016e+02 2.6781609638e-14 1.6993537292e-14 9.7880723459e-15
4.7863769531e+02 2.6583066035e-14 1.6805072711e-14 9.7779933242e-15
4.7869873047e+02 2.6602020586e-14 1.6750591083e-14 9.8514295025e-15
4.7875976562e+02 2.6566456111e-14 1.6805454307e-14 9.7610018046e-15
4.7882080078e+02 2.6489804543e-14 1.6722206629e-14 9.7675979138e-15
4.7888183594e+02 2.6558958409e-14 1.6818637386e-14 9.7403210225e-15
4.7894287109e+02 2.6723747658e-14 1.6954298990e-14 9.7694486681e-15
4.7900390625e+02 2.6822795579e-14 1.6957022174e-14 9.8657734051e-15
4.7906494141e+02 2.6838745790e-14 1.6983679746e-14 9.8550660445e-15
4.7912597656e+02 2.6729777101e-14 1.6939298202e-14 9.7904788985e-15
4.7918701172e+02 2.6589412732e-14 1.6832447093e-14 9.7569656394e-15
4.7924804688e+02 2.6644013517e-14 1.6856119087e-14 9.7878944298e-15
4.7930908203e+02 2.6648696177e-14 1.6874013421e-14 9.7746827564e-15
4.7937011719e+02 2.6725491499e-14 1.6942576357e-14 9.7829151415e-15
4.7943115234e+02 2.6787269858e-14 1.6912771044e-14 9.8744988139e-15
4.7949218750e+02 2.6838802576e-14 1.6945582081e-14 9.8932204948e-15
4.7955322266e+02 2.6655585054e-14 1.6818793735e-14 9.8367913191e-15
4.7961425781e+02 2.6619506337e-14 1.6879922628e-14 9.7395837087e-15
4.7967529297e+02 2.6674307090e-14 1.6955786929e-14 9.7185201613e-15
4.7973632812e+02 2.6638606011e-14 1.6870818897e-14 9.7677871143e-15
4.7979736328e+02 2.6669932381e-14 1.6906763542e-14 9.7631688390e-15
4.7985839844e+02 2.6661723387e-14 1.6931846198e-14 9.7298771890e-15
4.7991943359e+02 2.6575742487e-14 1.6797278580e-14 9.7784639068e-15
4.7998046875e+02 2.6719435341e-14 1.6939890138e-14 9.7795452029e-15
4.8004150391e+02 2.6855831910e-14 1.7058923184e-14 9.7969087262e-15
4.8010253906e+02 2.6922064929e-14 1.7091852135e-14 9.8302127947e-15
4.8016357422e+02 2.6789317976e-14 1.7002255879e-14 9.7870620972e-15
4.8022460938e+02 2.6701639694e-14 1.6910355550e-14 9.7912841440e-15
4.8028564453e+02 2.6755979581e-14 1.6946734120e-14 9.8092454607e-15
4.8034667969e+02 2.6690431561e-14 1.6906488169e-14 9.7839433914e-15
4.8040771484e+02 2.6601888653e-14 1.6821553173e-14 9.7803354796e-15
4.8046875000e+02 2.6616814826e-14 1.6829710925e-14 9.7871039009e-15
4.8052978516e+02 2.6629748430e-14 1.6847908433e-14 9.7818399975e-15
4.8059082031e+02 2.6639649468e-14 1.6852659017e-14 9.7869904506e-15
4.8065185547e+02 2.6657505016e-14 1.6910741460e-14 9.7467635556e-15
4.8071289062e+02 2.6687495214e-14 1.6910115395e-14 9.7773798183e-15
4.8077392578e+02 2.6615288369e-14 1.6796337863e-14 9.8189505061e-15
4.8083496094e+02 2.6643575474e-14 1.6851223866e-14 9.7923516075e-15
4.8089599609e+02 2.6653453337e-14 1.6915899294e-14 9.7375540434e-15
4.8095703125e+02 2.6624718636e-14 1.6880118923e-14 9.7445997124e-15
4.8101806641e+02 2.6602876761e-14 1.6792237839e-14 9.8106389218e-15
4.8107910156e+02 2.6797276568e-14 1.6938362911e-14 9.8589136566e-15
4.8114013672e+02 2.6787234744e-14 1.6992356898e-14 9.7948778461e-15
4.8120117188e+02 2.6706478057e-14 1.6913336231e-14 9.7931418260e-15
4.8126220703e+02 2.6610325734e-14 1.6793996116e-14 9.8163296177e-15
4.8132324219e+02 2.6463417937e-14 1.6693771325e-14 9.7696466121e-15
4.8138427734e+02 2.6609987361e-14 1.6769006252e-14 9.8409811090e-15
4.8144531250e+02 2.6764208191e-14 1.6915652129e-14 9.8485560623e-15
4.8150634766e+02 2.6796116684e-14 1.6975956518e-14 9.8201601657e-15
4.8156738281e+02 2.6723273310e-14 1.6933504593e-14 9.7897687173e-15
4.8162841797e+02 2.6659574007e-14 1.6946996508e-14 9.7125774988e-15
4.8168945312e+02 2.6634263940e-14 1.6887306746e-14 9.7469571943e-15
4.8175048828e+02 2.6694994080e-14 1.6874583957e-14 9.8204101225e-15
4.8181152344e+02 2.6731222170e-14 1.6872650423e-14 9.8585717471e-15
4.8187255859e+02 2.6740647135e-14 1.6931559920e-14 9.8090872146e-15
4.8193359375e+02 2.6819655851e-14 1.6995072278e-14 9.8245835731e-15
4.8199462891e+02 2.6702791291e-14 1.6874102036e-14 9.8286892551e-15
4.8205566406e+02 2.6749847119e-14 1.6989682377e-14 9.7601647420e-15
4.8211669922e+02 2.6699582230e-14 1.6929820336e-14 9.7697618943e-15
4.8217773438e+02 2.6664973316e-14 1.6825671392e-14 9.8393019242e-15
4.8223876953e+02 2.6732677926e-14 1.6843701936e-14 9.8889759904e-15
4.8229980469e+02 2.6751725554e-14 1.6930046872e-14 9.8216786824e-15
4.8236083984e+02 2.6823408237e-14 1.7002022310e-14 9.8213859273e-15
4.8242187500e+02 2.6833960703e-14 1.7049257700e-14 9.7847030025e-15
4.8248291016e+02 2.6770389865e-14 1.6926001238e-14 9.8443886269e-15
4.8254394531e+02 2.6721612152e-14 1.6887983507e-14 9.8336286449e-15
4.8260498047e+02 2.6630901737e-14 1.6799917797e-14 9.8309839399e-15
4.8266601562e+02 2.6579019531e-14 1.6726390089e-14 9.8526294416e-15
4.8272705078e+02 2.6696149903e-14 1.6887141548e-14 9.8090083549e-15
4.8278808594e+02 2.6609735546e-14 1.6831508525e-14 9.7782270206e-15
4.8284912109e+02 2.6723498919e-14 1.6942567853e-14 9.7809310661e-15
4.8291015625e+02 2.6623781873e-14 1.6835388775e-14 9.7883930980e-15
4.8297119141e+02 2.6691107518e-14 1.6876357522e-14 9.8147499965e-15
4.8303222656e+02 2.6742391811e-14 1.6898250934e-14 9.8441408771e-15
4.8309326172e+02 2.6781818029e-14 1.6978741681e-14 9.8030763480e-15
4.8315429688e+02 2.6665675467e-14 1.6867769905e-14 9.7979055625e-15
4.8321533203e+02 2.6679320165e-14 1.6854046376e-14 9.8252737894e-15
4.8327636719e+02 2.6628093687e-14 1.6829784726e-14 9.7983089618e-15
4.8333740234e+02 2.6686810710e-14 1.6897455646e-14 9.7893550644e-15
4.8339843750e+02 2.6627565231e-14 1.6849634160e-14 9.7779310704e-15
4.8345947266e+02 2.6663428853e-14 1.6838527895e-14 9.8249009573e-15
4.8352050781e+02 2.6582573244e-14 1.6801729629e-14 9.7808436149e-15
4.8358154297e+02 2.6522484704e-14 1.6720964002e-14 9.8015207014e-15
4.8364257812e+02 2.6547621515e-14 1.6750401716e-14 9.7972197985e-15
4.8370361328e+02 2.6624155552e-14 1.6820366694e-14 9.8037888580e-15
4.8376464844e+02 2.6697419949e-14 1.6795103963e-14 9.9023159855e-15
4.8382568359e+02 2.6773686257e-14 1.6897067050e-14 9.8766192071e-15
4.8388671875e+02 2.6771006778e-14 1.6900344679e-14 9.8706620996e-15
4.8394775391e+02 2.6669610148e-14 1.6879565387e-14 9.7900447615e-15
4.8400878906e+02 2.6660649932e-14 1.6870764779e-14 9.7898851530e-15
4.8406982422e+02 2.6654898543e-14 1.6843211269e-14 9.8116872748e-15
4.8413085938e+02 2.6606539594e-14 1.6824095822e-14 9.7824437715e-15
4.8419189453e+02 2.6682811615e-14 1.6894176394e-14 9.7886352208e-15
4.8425292969e+02 2.6652328800e-14 1.6921094990e-14 9.7312338102e-15
4.8431396484e+02 2.6681091408e-14 1.6917073965e-14 9.7640174431e-15
4.8437500000e+02 2.6640111948e-14 1.6859724036e-14 9.7803879120e-15
4.8443603516e+02 2.6723438725e-14 1.6916814513e-14 9.8066242114e-15
4.8449707031e+02 2.6707505025e-14 1.6844016621e-14 9.8634884036e-15
4.8455810547e+02 2.6642236700e-14 1.6830182751e-14 9.8120539494e-15
4.8461914062e+02 2.6530597022e-14 1.6796337096e-14 9.7342599265e-15
4.8468017578e+02 2.6553885412e-14 1.6782402454e-14 9.7714829581e-15
4.8474121094e+02 2.6517761331e-14 1.6746960916e-14 9.7708004148e-15
4.8480224609e+02 2.6711853429e-14 1.6910085764e-14 9.8017676649e-15
4.8486328125e+02 2.6679594899e-14 1.6926612191e-14 9.7529827085e-15
4.8492431641e+02 2.6697251166e-14 1.6972502653e-14 9.7247485125e-15
4.8498535156e+02 2.6685251725e-14 1.6860775283e-14 9.8244764421e-15
4.8504638672e+02 2.6624778335e-14 1.6802679381e-14 9.8220989544e-15
4.8510742188e+02 2.6444964112e-14 1.6724970044e-14 9.7199940676e-15
4.8516845703e+02 2.6401973576e-14 1.6715844796e-14 9.6861287800e-15
4.8522949219e+02 2.6516549911e-14 1.6862594222e-14 9.6539556884e-15
4.8529052734e+02 2.6655653577e-14 1.6960838153e-14 9.6948154235e-15
4.8535156250e+02 2.6681454472e-14 1.6941107975e-14 9.7403464964e-15
4.8541259766e+02 2.6745945940e-14 1.6944380402e-14 9.8015655381e-15
4.8547363281e+02 2.6726626568e-14 1.6953566971e-14 9.7730595970e-15
4.8553466797e+02 2.6653194152e-14 1.6900691779e-14 9.7525023726e-15
4.8559570312e+02 2.6525136682e-14 1.6726914311e-14 9.7982223710e-15
4.8565673828e+02 2.6576201344e-14 1.6818917239e-14 9.7572841048e-15
4.8571777344e+02 2.6596206353e-14 1.6826403562e-14 9.7698027915e-15
4.8577880859e+02 2.6739380908e-14 1.6917843454e-14 9.8215374532e-15
4.8583984375e+02 2.6844185523e-14 1.7018910700e-14 9.8252748227e-15
4.8590087891e+02 2.6773314248e-14 1.6953410205e-14 9.8199040422e-15
4.8596191406e+02 2.6762158118e-14 1.6965529588e-14 9.7966285297e-15
4.8602294922e+02 2.6744693341e-14 1.6948706183e-14 9.7959871586e-15
4.8608398438e+02 2.6597911861e-14 1.6841547492e-14 9.7563643692e-15
4.8614501953e+02 2.6736910918e-14 1.6940885764e-14 9.7960251536e-15
4.8620605469e+02 2.6784073750e-14 1.6970643755e-14 9.8134299951e-15
4.8626708984e+02 2.6762262649e-14 1.6949678619e-14 9.8125840298e-15
4.8632812500e+02 2.6675768115e-14 1.6898236168e-14 9.7775319472e-15
4.8638916016e+02 2.6536640844e-14 1.6805394502e-14 9.7312463420e-15
4.8645019531e+02 2.6603251635e-14 1.6826982056e-14 9.7762695784e-15
4.8651123047e+02 2.6792401258e-14 1.6932338181e-14 9.8600630773e-15
4.8657226562e+02 2.6781931801e-14 1.6931949189e-14 9.8499826118e-15
4.8663330078e+02 2.6759329284e-14 1.7000706775e-14 9.7586225087e-15
4.8669433594e+02 2.6641458951e-14 1.6855392166e-14 9.7860667851e-15
4.8675537109e+02 2.6699248555e-14 1.6900116412e-14 9.7991321437e-15
4.8681640625e+02 2.6675283168e-14 1.6883343215e-14 9.7919399524e-15
4.8687744141e+02 2.6707608715e-14 1.6882178271e-14 9.8254304438e-15
4.8693847656e+02 2.6695605079e-14 1.6848548158e-14 9.8470569209e-15
4.8699951172e+02 2.6688075675e-14 1.6864463483e-14 9.8236121918e-15
4.8706054688e+02 2.6686138144e-14 1.6900781063e-14 9.7853570811e-15
4.8712158203e+02 2.6693045365e-14 1.6888086503e-14 9.8049588617e-15
4.8718261719e+02 2.6756907322e-14 1.6921128624e-14 9.8357786985e-15
4.8724365234e+02 2.6666484927e-14 1.6868173319e-14 9.7983116079e-15
4.8730468750e+02 2.6692569435e-14 1.6870052897e-14 9.8225165373e-15
4.8736572266e+02 2.6710307656e-14 1.6873103462e-14 9.8372041941e-15
4.8742675781e+02 2.6707892045e-14 1.6883580146e-14 9.8243118988e-15
4.8748779297e+02 2.6811255220e-14 1.6950834659e-14 9.8604205606e-15
4.8754882812e+02 2.6827659994e-14 1.6935109222e-14 9.8925507724e-15
4.8760986328e+02 2.6872343530e-14 1.7002089311e-14 9.8702542184e-15
4.8767089844e+02 2.6714947387e-14 1.6912729265e-14 9.8022181215e-15
4.8773193359e+02 2.6606484701e-14 1.6835059136e-14 9.7714255654e-15
4.8779296875e+02 2.6767252427e-14 1.6909758625e-14 9.8574938017e-15
4.8785400391e+02 2.6834723050e-14 1.6883419247e-14 9.9513038030e-15
4.8791503906e+02 2.6639789004e-14 1.6817702746e-14 9.8220862580e-15
4.8797607422e+02 2.6561113797e-14 1.6819597097e-14 9.7415166999e-15
4.8803710938e+02 2.6665104178e-14 1.6889569457e-14 9.7755347208e-15
4.8809814453e+02 2.6894242120e-14 1.7046018820e-14 9.8482233004e-15
4.8815917969e+02 2.6718220013e-14 1.6917916762e-14 9.8003032517e-15
4.8822021484e+02 2.6556429761e-14 1.6817267718e-14 9.7391620426e-15
4.8828125000e+02 2.6667435007e-14 1.6898731030e-14 9.7687039765e-15
4.8834228516e+02 2.6601041400e-14 1.6840030217e-14 9.7610111832e-15
4.8840332031e+02 2.6521990844e-14 1.6737922295e-14 9.7840685488e-15
4.8846435547e+02 2.6653908431e-14 1.6869673609e-14 9.7842348219e-15
4.8852539062e+02 2.6765898846e-14 1.6955122911e-14 9.8107759352e-15
4.8858642578e+02 2.6738903862e-14 1.6931811432e-14 9.8070924305e-15
4.8864746094e+02 2.6762453706e-14 1.6942611187e-14 9.8198425189e-15
4.8870849609e+02 2.6890245839e-14 1.7036276552e-14 9.8539692867e-15
4.8876953125e+02 2.6875789773e-14 1.6967050816e-14 9.9087389566e-15
4.8883056641e+02 2.6775195152e-14 1.6988224277e-14 9.7869708747e-15
4.8889160156e+02 2.6788662703e-14 1.7036841887e-14 9.7518208165e-15
4.8895263672e+02 2.6745882264e-14 1.6943952954e-14 9.8019293099e-15
4.8901367188e+02 2.6713578892e-14 1.6911125863e-14 9.8024530290e-15
4.8907470703e+02 2.6705155085e-14 1.6936571251e-14 9.7685838337e-15
4.8913574219e+02 2.6649960186e-14 1.6933039883e-14 9.7169203029e-15
4.8919677734e+02 2.6699291872e-14 1.6924877956e-14 9.7744139160e-15
4.8925781250e+02 2.6558192690e-14 1.6838533593e-14 9.7196590970e-15
4.8931884766e+02 2.6622441544e-14 1.6833124981e-14 9.7893165629e-15
4.8937988281e+02 2.6584295288e-14 1.6800646158e-14 9.7836491301e-15
4.8944091797e+02 2.6492329667e-14 1.6722181453e-14 9.7701482143e-15
4.8950195312e+02 2.6679235793e-14 1.6872203197e-14 9.8070325953e-15
4.8956298828e+02 2.6567792356e-14 1.6830789163e-14 9.7370031926e-15
4.8962402344e+02 2.6555307988e-14 1.6790315356e-14 9.7649926327e-15
4.8968505859e+02 2.6691920321e-14 1.6885907878e-14 9.8060124434e-15
4.8974609375e+02 2.6752351825e-14 1.7018823917e-14 9.7335279078e-15
4.8980712891e+02 2.6593475276e-14 1.6873167879e-14 9.7203073971e-15
4.8986816406e+02 2.6634453040e-14 1.6864521107e-14 9.7699319329e-15
4.8992919922e+02 2.6649198414e-14 1.6836368543e-14 9.8128298710e-15
4.8999023438e+02 2.6891214077e-14 1.7008076338e-14 9.8831377396e-15
4.9005126953e+02 2.6746635086e-14 1.6968618395e-14 9.7780166908e-15
4.9011230469e+02 2.6757633070e-14 1.6973140887e-14 9.7844921829e-15
4.9017333984e+02 2.6759809868e-14 1.7072334816e-14 9.6874750522e-15
4.9023437500e+02 2.6709747038e-14 1.6984792150e-14 9.7249548880e-15
4.9029541016e+02 2.6697331472e-14 1.6946895502e-14 9.7504359691e-15
4.9035644531e+02 2.6728246863e-14 1.6981370354e-14 9.7468765092e-15
4.9041748047e+02 2.6637446698e-14 1.6890155219e-14 9.7472914793e-15
4.9047851562e+02 2.6604933614e-14 1.6814634366e-14 9.7902992479e-15
4.9053955078e+02 2.6659036376e-14 1.6835206406e-14 9.8238299697e-15
4.9060058594e+02 2.6703175232e-14 1.6937540631e-14 9.7656346013e-15
4.9066162109e+02 2.6758487210e-14 1.6963410429e-14 9.7950767808e-15
4.9072265625e+02 2.6851413079e-14 1.7062287941e-14 9.7891251382e-15
4.9078369141e+02 2.6798509590e-14 1.7029978472e-14 9.7685311180e-15
4.9084472656e+02 2.6623853598e-14 1.6875717841e-14 9.7481357571e-15
4.9090576172e+02 2.6608764057e-14 1.6878557829e-14 9.7302062277e-15
4.9096679688e+02 2.6735880592e-14 1.7004058486e-14 9.7318221061e-15
4.9102783203e+02 2.6696100845e-14 1.6898817656e-14 9.7972831888e-15
4.9108886719e+02 2.6643908817e-14 1.6824594408e-14 9.8193144089e-15
4.9114990234e+02 2.6612584548e-14 1.6839763453e-14 9.7728210951e-15
4.9121093750e+02 2.6595038325e-14 1.6840772111e-14 9.7542662138e-15
4.9127197266e+02 2.6635081424e-14 1.6831649267e-14 9.8034321573e-15
4.9133300781e+02 2.6796584282e-14 1.6957584697e-14 9.8389995856e-15
4.9139404297e+02 2.6751951691e-14 1.6960601193e-14 9.7913504987e-15
4.9145507812e+02 2.6569151941e-14 1.6867730244e-14 9.7014216966e-15
4.9151611328e+02 2.6616748311e-14 1.6944984795e-14 9.6717635160e-15
4.9157714844e+02 2.6734994140e-14 1.6957980223e-14 9.7770139174e-15
4.9163818359e+02 2.6755212710e-14 1.6911877756e-14 9.8433349534e-15
4.9169921875e+02 2.6652537436e-14 1.6806206176e-14 9.8463312601e-15
4.9176025391e+02 2.6642936201e-14 1.6811752758e-14 9.8311834425e-15
4.9182128906e+02 2.6632620880e-14 1.6848614705e-14 9.7840061757e-15
4.9188232422e+02 2.6708604676e-14 1.6871082538e-14 9.8375221381e-15
4.9194335938e+02 2.6729631325e-14 1.6885120700e-14 9.8445106250e-15
4.9200439453e+02 2.6688942919e-14 1.6829209816e-14 9.8597331028e-15
4.9206542969e+02 2.6714162548e-14 1.6788970182e-14 9.9251923658e-15
4.9212646484e+02 2.6752604988e-14 1.6848740832e-14 9.9038641560e-15
4.9218750000e+02 2.6781971663e-14 1.6925555400e-14 9.8564162629e-15
4.9224853516e+02 2.6771324219e-14 1.6951592955e-14 9.8197312639e-15
4.9230957031e+02 2.6721135414e-14 1.6885307178e-14 9.8358282354e-15
4.9237060547e+02 2.6591961793e-14 1.6770769506e-14 9.8211922874e-15
4.9243164062e+02 2.6709112662e-14 1.6897349810e-14 9.8117628524e-15
4.9249267578e+02 2.6868121889e-14 1.7044568891e-14 9.8235529976e-15
4.9255371094e+02 2.6758069385e-14 1.6961122611e-14 9.7969467733e-15
4.9261474609e+02 2.6772798268e-14 1.6995585765e-14 9.7772125035e-15
4.9267578125e+02 2.6788720636e-14 1.6939994098e-14 9.8487265380e-15
4.9273681641e+02 2.6751860633e-14 1.6917381328e-14 9.8344793044e-15
4.9279785156e+02 2.6711488619e-14 1.6928942147e-14 9.7825464715e-15
4.9285888672e+02 2.6490154029e-14 1.6743472234e-14 9.7466817941e-15
4.9291992188e+02 2.6553806998e-14 1.6787015322e-14 9.7667916759e-15
4.9298095703e+02 2.6733278367e-14 1.6879333169e-14 9.8539451975e-15
4.9304199219e+02 2.6803393254e-14 1.6987780155e-14 9.8156130985e-15
4.9310302734e+02 2.6635544799e-14 1.6889536675e-14 9.7460081234e-15
4.9316406250e+02 2.6594166248e-14 1.6837430458e-14 9.7567357904e-15
4.9322509766e+02 2.6668804270e-14 1.6888176281e-14 9.7806279891e-15
4.9328613281e+02 2.6724302382e-14 1.6937299535e-14 9.7870028473e-15
4.9334716797e+02 2.6655169692e-14 1.6813738476e-14 9.8414312162e-15
4.9340820312e+02 2.6684059399e-14 1.6886153836e-14 9.7979055633e-15
4.9346923828e+02 2.6759262303e-14 1.6964047751e-14 9.7952145520e-15
4.9353027344e+02 2.6706658155e-14 1.6865939354e-14 9.8407188011e-15
4.9359130859e+02 2.6637500110e-14 1.6798074900e-14 9.8394252099e-15
4.9365234375e+02 2.6735732795e-14 1.6915604648e-14 9.8201281465e-15
4.9371337891e+02 2.6780165799e-14 1.6972541226e-14 9.8076245732e-15
4.9377441406e+02 2.6754959483e-14 1.6940231056e-14 9.8147284267e-15
4.9383544922e+02 2.6636582807e-14 1.6903227449e-14 9.7333553587e-15
4.9389648438e+02 2.6579081480e-14 1.6845960299e-14 9.7331211817e-15
4.9395751953e+02 2.6652133554e-14 1.6823041160e-14 9.8290923934e-15
4.9401855469e+02 2.6700000268e-14 1.6893704135e-14 9.8062961334e-15
4.9407958984e+02 2.6705740376e-14 1.6896962192e-14 9.8087781848e-15
4.9414062500e+02 2.6669999066e-14 1.6897722448e-14 9.7722766172e-15
4.9420166016e+02 2.6541088782e-14 1.6741500580e-14 9.7995882016e-15
4.9426269531e+02 2.6653836242e-14 1.6850928604e-14 9.8029076387e-15
4.9432373047e+02 2.6698589951e-14 1.6886191966e-14 9.8123979852e-15
4.9438476562e+02 2.6621120433e-14 1.6834163459e-14 9.7869569744e-15
4.9444580078e+02 2.6655498937e-14 1.6859358625e-14 9.7961403118e-15
4.9450683594e+02 2.6723944890e-14 1.6928212241e-14 9.7957326489e-15
4.9456787109e+02 2.6706434778e-14 1.6871566544e-14 9.8348682339e-15
4.9462890625e+02 2.6606574084e-14 1.6859322146e-14 9.7472519373e-15
4.9468994141e+02 2.6524259939e-14 1.6779961765e-14 9.7442981745e-15
4.9475097656e+02 2.6716339083e-14 1.6939153392e-14 9.7771856912e-15
4.9481201172e+02 2.6601372764e-14 1.6861953064e-14 9.7394196997e-15
4.9487304688e+02 2.6574318859e-14 1.6786588957e-14 9.7877299020e-15
4.9493408203e+02 2.6689213006e-14 1.6866551907e-14 9.8226610996e-15
4.9499511719e+02 2.6780101048e-14 1.6886385808e-14 9.8937152395e-15
4.9505615234e+02 2.6770894547e-14 1.6873760096e-14 9.8971344507e-15
4.9511718750e+02 2.6721935569e-14 1.6827012380e-14 9.8949231889e-15
4.9517822266e+02 2.6803885001e-14 1.6898075086e-14 9.9058099143e-15
4.9523925781e+02 2.6725670712e-14 1.6838721527e-14 9.8869491850e-15
4.9530029297e+02 2.6666978356e-14 1.6830953686e-14 9.8360246696e-15
4.9536132812e+02 2.6690986521e-14 1.6899403109e-14 9.7915834120e-15
4.9542236328e+02 2.6690643736e-14 1.6880340433e-14 9.8103033033e-15
4.9548339844e+02 2.6689455243e-14 1.6892264918e-14 9.7971903253e-15
4.9554443359e+02 2.6712593767e-14 1.6876173288e-14 9.8364204783e-15
4.9560546875e+02 2.6883137237e-14 1.7021397093e-14 9.8617401434e-15
4.9566650391e+02 2.6788831459e-14 1.6995732917e-14 9.7930985423e-15
4.9572753906e+02 2.6565072673e-14 1.6824566016e-14 9.7405066566e-15
4.9578857422e+02 2.6534651123e-14 1.6788975230e-14 9.7456758930e-15
4.9584960938e+02 2.6627327467e-14 1.6873522945e-14 9.7538045222e-15
4.9591064453e+02 2.6643330769e-14 1.6881634600e-14 9.7616961683e-15
4.9597167969e+02 2.6628379422e-14 1.6904260452e-14 9.7241189699e-15
4.9603271484e+02 2.6584835551e-14 1.6834393770e-14 9.7504417809e-15
4.9609375000e+02 2.6588458462e-14 1.6832380655e-14 9.7560778067e-15
4.9615478516e+02 2.6548281093e-14 1.6834531608e-14 9.7137494847e-15
4.9621582031e+02 2.6626809068e-14 1.6875271621e-14 9.7515374474e-15
4.9627685547e+02 2.6600379956e-14 1.6840774095e-14 9.7596058613e-15
4.9633789062e+02 2.6593034009e-14 1.6812206114e-14 9.7808278947e-15
4.9639892578e+02 2.6751249458e-14 1.6916244163e-14 9.8350052945e-15
4.9645996094e+02 2.6929433784e-14 1.7030411554e-14 9.8990222299e-15
4.9652099609e+02 2.6772400546e-14 1.6921660586e-14 9.8507399595e-15
4.9658203125e+02 2.6699225060e-14 1.6843978679e-14 9.8552463804e-15
4.9664306641e+02 2.6723082019e-14 1.6931416747e-14 9.7916652724e-15
4.9670410156e+02 2.6594279775e-14 1.6822789079e-14 9.7714906969e-15
4.9676513672e+02 2.6615951180e-14 1.6855517662e-14 9.7604335178e-15
4.9682617188e+02 2.6574225395e-14 1.6821108965e-14 9.7531164305e-15
4.9688720703e+02 2.6557550952e-14 1.6789279271e-14 9.7682716803e-15
4.9694824219e+02 2.6678197364e-14 1.6926172796e-14 9.7520245682e-15
4.9700927734e+02 2.6644143765e-14 1.6861274416e-14 9.7828693493e-15
4.9707031250e+02 2.6528380424e-14 1.6728017390e-14 9.8003630340e-15
4.9713134766e+02 2.6674535688e-14 1.6873684791e-14 9.8008508971e-15
4.9719238281e+02 2.6711115958e-14 1.6950500659e-14 9.7606152987e-15
4.9725341797e+02 2.6715101398e-14 1.6925218671e-14 9.7898827273e-15
4.9731445312e+02 2.6658453143e-14 1.6823060229e-14 9.8353929137e-15
4.9737548828e+02 2.6691421787e-14 1.6878784330e-14 9.8126374565e-15
4.9743652344e+02 2.6610758243e-14 1.6885576118e-14 9.7251821245e-15
4.9749755859e+02 2.6656077071e-14 1.6866130150e-14 9.7899469217e-15
4.9755859375e+02 2.6694173048e-14 1.6878719653e-14 9.8154533958e-15
4.9761962891e+02 2.6560171502e-14 1.6775983886e-14 9.7841876157e-15
4.9768066406e+02 2.6581878046e-14 1.6761560828e-14 9.8203172180e-15
4.9774169922e+02 2.6621860742e-14 1.6840288258e-14 9.7815724841e-15
4.9780273438e+02 2.6525021306e-14 1.6813674486e-14 9.7113468206e-15
4.9786376953e+02 2.6657859893e-14 1.6925942470e-14 9.7319174233e-15
4.9792480469e+02 2.6768117724e-14 1.6972794354e-14 9.7953233695e-15
4.9798583984e+02 2.6726930955e-14 1.6928004399e-14 9.7989265564e-15
4.9804687500e+02 2.6601659315e-14 1.6858581947e-14 9.7430773680e-15
4.9810791016e+02 2.6702157257e-14 1.6892130040e-14 9.8100272167e-15
4.9816894531e+02 2.6807514077e-14 1.6886691714e-14 9.9208223631e-15
4.9822998047e+02 2.6737815679e-14 1.6901626437e-14 9.8361892415e-15
4.9829101562e+02 2.6763824335e-14 1.6990950683e-14 9.7728736517e-15
4.9835205078e+02 2.6673487694e-14 1.6954081407e-14 9.7194062875e-15
4.9841308594e+02 2.6684723906e-14 1.6899484590e-14 9.7852393160e-15
4.9847412109e+02 2.6581751342e-14 1.6845319892e-14 9.7364314503e-15
4.9853515625e+02 2.6597280031e-14 1.6848507025e-14 9.7487730066e-15
4.9859619141e+02 2.6599067840e-14 1.6831413662e-14 9.7676541777e-15
4.9865722656e+02 2.6718983875e-14 1.6893060582e-14 9.8259232931e-15
4.9871826172e+02 2.6700537035e-14 1.6903725344e-14 9.7968116904e-15
4.9877929688e+02 2.6615256689e-14 1.6830888787e-14 9.7843679021e-15
4.9884033203e+02 2.6619494173e-14 1.6777799370e-14 9.8416948022e-15
4.9890136719e+02 2.6621282833e-14 1.6799413185e-14 9.8218696479e-15
4.9896240234e+02 2.6682342421e-14 1.6858709397e-14 9.8236330235e-15
4.9902343750e+02 2.6689528847e-14 1.6911183797e-14 9.7783450499e-15
4.9908447266e+02 2.6732120568e-14 1.6952564294e-14 9.7795562739e-15
4.9914550781e+02 2.6647456213e-14 1.6788366501e-14 9.8590897125e-15
4.9920654297e+02 2.6674480812e-14 1.6901340487e-14 9.7731403254e-15
4.9926757812e+02 2.6652400229e-14 1.6851887378e-14 9.8005128506e-15
4.9932861328e+02 2.6778951678e-14 1.6945269865e-14 9.8336818130e-15
4.9938964844e+02 2.6758549355e-14 1.6919492747e-14 9.8390566085e-15
4.9945068359e+02 2.6719352748e-14 1.6905698032e-14 9.8136547158e-15
4.9951171875e+02 2.6575152300e-14 1.6745798511e-14 9.8293537885e-15
4.9957275391e+02 2.6556765561e-14 1.6764398226e-14 9.7923673345e-15
4.9963378906e+02 2.6655630743e-14 1.6863117380e-14 9.7925133628e-15
4.9969482422e+02 2.6716114976e-14 1.6915587684e-14 9.8005272915e-15
4.9975585938e+02 2.6682254403e-14 1.6901546054e-14 9.7807083498e-15
4.9981689453e+02 2.6607444401e-14 1.6882043920e-14 9.7254004813e-15
4.9987792969e+02 2.6668855835e-14 1.6871432983e-14 9.7974228511e-15
4.9993896484e+02 2.6668480067e-14 1.6883725758e-14 9.7847543087e-15
5.0000000000e+02 2.6458975121e-14 1.6746529564e-14 9.7124455566e-15
