# freq_THz  G_total_s  G_In_s  G_Se_s
# Smoothed MD-derived velocity power spectrum. Common normalization: integral(G_total_s) = 3*primitive_atoms.
# Gaussian_sigma_THz=0.1; mass_weighted=True; primitive_atoms=4; total_equals_sum_of_partials=True
0.0000000000e+00 0.0000000000e+00 0.0000000000e+00 0.0000000000e+00
6.1035156250e-02 1.9140445042e-01 1.1271076839e-01 7.8693682029e-02
1.2207031250e-01 2.3802311485e-01 1.3990421310e-01 9.8118901755e-02
1.8310546875e-01 2.9747167929e-01 1.7438153299e-01 1.2309014629e-01
2.4414062500e-01 3.5672044770e-01 2.0837994447e-01 1.4834050323e-01
3.0517578125e-01 4.0987909229e-01 2.3833864266e-01 1.7154044963e-01
3.6621093750e-01 4.5917825482e-01 2.6546239676e-01 1.9371585805e-01
4.2724609375e-01 5.1103361594e-01 2.9340022903e-01 2.1763338691e-01
4.8828125000e-01 5.7108350028e-01 3.2531017298e-01 2.4577332731e-01
5.4931640625e-01 6.4586417754e-01 3.6477416250e-01 2.8109001504e-01
6.1035156250e-01 7.4410681137e-01 4.1643678825e-01 3.2767002312e-01
6.7138671875e-01 8.7096749922e-01 4.8242647502e-01 3.8854102419e-01
7.3242187500e-01 1.0262891800e+00 5.6079551443e-01 4.6549366562e-01
7.9345703125e-01 1.2139440181e+00 6.5002008789e-01 5.6392393023e-01
8.5449218750e-01 1.4490636577e+00 7.5338348233e-01 6.9568017541e-01
9.1552734375e-01 1.7485563735e+00 8.7683436359e-01 8.7172200986e-01
9.7656250000e-01 2.1115599094e+00 1.0218723638e+00 1.0896875457e+00
1.0375976562e+00 2.5145163322e+00 1.1819260076e+00 1.3325903246e+00
1.0986328125e+00 2.9260441372e+00 1.3462592436e+00 1.5797848936e+00
1.1596679688e+00 3.3114807354e+00 1.5021175919e+00 1.8093631436e+00
1.2207031250e+00 3.6130887474e+00 1.6279954656e+00 1.9850932817e+00
1.2817382812e+00 3.7422764028e+00 1.6899529469e+00 2.0523234559e+00
1.3427734375e+00 3.6232863822e+00 1.6574270273e+00 1.9658593549e+00
1.4038085938e+00 3.2638989439e+00 1.5307716038e+00 1.7331273402e+00
1.4648437500e+00 2.7734306085e+00 1.3496189736e+00 1.4238116349e+00
1.5258789062e+00 2.2968363864e+00 1.1693467268e+00 1.1274896596e+00
1.5869140625e+00 1.9357314169e+00 1.0320512644e+00 9.0368015249e-01
1.6479492188e+00 1.7272299610e+00 9.5782589116e-01 7.6940406986e-01
1.7089843750e+00 1.6668583931e+00 9.5091018967e-01 7.1594820340e-01
1.7700195312e+00 1.7309956510e+00 1.0054296119e+00 7.2556603907e-01
1.8310546875e+00 1.8849868688e+00 1.1071574166e+00 7.7782945219e-01
1.8920898438e+00 2.0882407994e+00 1.2369984512e+00 8.5124234814e-01
1.9531250000e+00 2.3046585469e+00 1.3788627341e+00 9.2579581286e-01
2.0141601562e+00 2.5050493374e+00 1.5205101947e+00 9.8453914271e-01
2.0751953125e+00 2.6482568540e+00 1.6369821073e+00 1.0112747467e+00
2.1362304688e+00 2.6732947763e+00 1.6814702821e+00 9.9182449414e-01
2.1972656250e+00 2.5496725960e+00 1.6226347029e+00 9.2703789302e-01
2.2583007812e+00 2.3444824571e+00 1.4998885455e+00 8.4459391158e-01
2.3193359375e+00 2.1959391709e+00 1.4101567791e+00 7.8578239176e-01
2.3803710938e+00 2.1913223113e+00 1.4189122903e+00 7.7241002101e-01
2.4414062500e+00 2.2842709289e+00 1.4957798849e+00 7.8849104398e-01
2.5024414062e+00 2.3389477632e+00 1.5434950854e+00 7.9545267783e-01
2.5634765625e+00 2.2498470474e+00 1.4852033945e+00 7.6464365288e-01
2.6245117188e+00 2.0202267232e+00 1.3235433343e+00 6.9668338892e-01
2.6855468750e+00 1.7323837036e+00 1.1198956880e+00 6.1248801566e-01
2.7465820312e+00 1.4630040491e+00 9.3162443512e-01 5.3137961401e-01
2.8076171875e+00 1.2403692947e+00 7.7972706752e-01 4.6064222721e-01
2.8686523438e+00 1.0610621015e+00 6.6108554483e-01 3.9997655671e-01
2.9296875000e+00 9.1881162155e-01 5.7008463291e-01 3.4872698864e-01
2.9907226562e+00 8.1511678169e-01 5.0667953683e-01 3.0843724486e-01
3.0517578125e+00 7.5498182101e-01 4.7342545844e-01 2.8155636257e-01
3.1127929688e+00 7.3953324133e-01 4.7026337392e-01 2.6926986741e-01
3.1738281250e+00 7.6190604768e-01 4.9172230025e-01 2.7018374743e-01
3.2348632812e+00 8.0697324491e-01 5.2683274071e-01 2.8014050419e-01
3.2958984375e+00 8.5378083813e-01 5.6081950128e-01 2.9296133685e-01
3.3569335938e+00 8.8031243669e-01 5.7838749118e-01 3.0192494550e-01
3.4179687500e+00 8.7015446205e-01 5.6842073282e-01 3.0173372923e-01
3.4790039062e+00 8.1881267945e-01 5.2846055356e-01 2.9035212590e-01
3.5400390625e+00 7.3521771885e-01 4.6566354790e-01 2.6955417095e-01
3.6010742188e+00 6.3623165614e-01 3.9263705083e-01 2.4359460531e-01
3.6621093750e+00 5.3845410701e-01 3.2136925364e-01 2.1708485337e-01
3.7231445312e+00 4.5303403651e-01 2.5957733089e-01 1.9345670562e-01
3.7841796875e+00 3.8447968003e-01 2.1019316533e-01 1.7428651469e-01
3.8452148438e+00 3.3209351650e-01 1.7263888174e-01 1.5945463476e-01
3.9062500000e+00 2.9293402371e-01 1.4481423020e-01 1.4811979351e-01
3.9672851562e+00 2.6449458586e-01 1.2473500922e-01 1.3975957664e-01
4.0283203125e+00 2.4556031125e-01 1.1112520449e-01 1.3443510676e-01
4.0893554688e+00 2.3579964341e-01 1.0329457217e-01 1.3250507124e-01
4.1503906250e+00 2.3555315182e-01 1.0101475868e-01 1.3453839314e-01
4.2114257812e+00 2.4635947336e-01 1.0469973794e-01 1.4165973542e-01
4.2724609375e+00 2.7260936729e-01 1.1610626761e-01 1.5650309968e-01
4.3334960938e+00 3.2567785614e-01 1.4016814455e-01 1.8550971160e-01
4.3945312500e+00 4.3070074618e-01 1.8804664519e-01 2.4265410099e-01
4.4555664062e+00 6.2791391628e-01 2.7780449656e-01 3.5010941972e-01
4.5166015625e+00 9.4914937392e-01 4.2417646174e-01 5.2497291218e-01
4.5776367188e+00 1.3679904902e+00 6.1689798057e-01 7.5109250966e-01
4.6386718750e+00 1.7805347639e+00 8.1258569538e-01 9.6794906851e-01
4.6997070312e+00 2.0754529189e+00 9.6560877371e-01 1.1098441452e+00
4.7607421875e+00 2.2337522271e+00 1.0714166699e+00 1.1623355572e+00
4.8217773438e+00 2.3351649664e+00 1.1677784359e+00 1.1673865305e+00
4.8828125000e+00 2.4664784699e+00 1.2910643345e+00 1.1754141354e+00
4.9438476562e+00 2.6358416597e+00 1.4340977422e+00 1.2017439175e+00
5.0048828125e+00 2.7612887809e+00 1.5405108228e+00 1.2207779581e+00
5.0659179688e+00 2.7335412391e+00 1.5411005165e+00 1.1924407225e+00
5.1269531250e+00 2.5094578173e+00 1.4090889101e+00 1.1003689072e+00
5.1879882812e+00 2.1571592248e+00 1.1856159338e+00 9.7154329100e-01
5.2490234375e+00 1.8072576299e+00 9.4884693821e-01 8.5841069165e-01
5.3100585938e+00 1.5631918914e+00 7.6100485094e-01 8.0218704042e-01
5.3710937500e+00 1.4561655067e+00 6.4357078293e-01 8.1259472381e-01
5.4321289062e+00 1.4610466682e+00 5.8733577996e-01 8.7371088825e-01
5.4931640625e+00 1.5314322822e+00 5.7224444252e-01 9.5918783965e-01
5.5541992188e+00 1.6229922186e+00 5.7995662387e-01 1.0430355947e+00
5.6152343750e+00 1.7048250401e+00 5.9822428168e-01 1.1066007584e+00
5.6762695312e+00 1.7669515452e+00 6.2162132496e-01 1.1453302203e+00
5.7373046875e+00 1.8243841546e+00 6.5181397086e-01 1.1725701838e+00
5.7983398438e+00 1.9141201635e+00 6.9753392112e-01 1.2165862424e+00
5.8593750000e+00 2.0845460114e+00 7.7249789143e-01 1.3120481200e+00
5.9204101562e+00 2.3760034405e+00 8.8924433507e-01 1.4867591054e+00
5.9814453125e+00 2.7921450306e+00 1.0490890349e+00 1.7430559957e+00
6.0424804688e+00 3.2794173967e+00 1.2348648235e+00 2.0445525733e+00
6.1035156250e+00 3.7420317079e+00 1.4153684821e+00 2.3266632257e+00
6.1645507812e+00 4.0871703755e+00 1.5590206153e+00 2.5281497602e+00
6.2255859375e+00 4.2595663573e+00 1.6440693005e+00 2.6154970568e+00
6.2866210938e+00 4.2434182895e+00 1.6600715915e+00 2.5833466980e+00
6.3476562500e+00 4.0489787564e+00 1.6060416951e+00 2.4429370613e+00
6.4086914062e+00 3.7045280678e+00 1.4895948155e+00 2.2149332523e+00
6.4697265625e+00 3.2538226616e+00 1.3260728947e+00 1.9277497669e+00
6.5307617188e+00 2.7498152987e+00 1.1355433975e+00 1.6142719012e+00
6.5917968750e+00 2.2433243688e+00 9.3816864345e-01 1.3051557254e+00
6.6528320312e+00 1.7738976706e+00 7.5061059579e-01 1.0232870749e+00
6.7138671875e+00 1.3672215674e+00 5.8475999791e-01 7.8246156952e-01
6.7749023438e+00 1.0360640685e+00 4.4755200499e-01 5.8851206350e-01
6.8359375000e+00 7.8153495046e-01 3.4090334028e-01 4.4063161018e-01
6.8969726562e+00 5.9526548854e-01 2.6229509886e-01 3.3297038967e-01
6.9580078125e+00 4.6333276961e-01 2.0637713278e-01 2.5695563684e-01
7.0190429688e+00 3.7085487258e-01 1.6705562302e-01 2.0379924956e-01
7.0800781250e+00 3.0539103939e-01 1.3913165182e-01 1.6625938756e-01
7.1411132812e+00 2.5802922712e-01 1.1888041616e-01 1.3914881095e-01
7.2021484375e+00 2.2278947327e-01 1.0381368858e-01 1.1897578469e-01
7.2631835938e+00 1.9573547798e-01 9.2286200012e-02 1.0344927797e-01
7.3242187500e+00 1.7432023286e-01 8.3215933908e-02 9.1104298956e-02
7.3852539062e+00 1.5687322217e-01 7.5872101567e-02 8.1001120607e-02
7.4462890625e+00 1.4226318512e-01 6.9740717326e-02 7.2522467796e-02
7.5073242188e+00 1.2972039371e-01 6.4468707611e-02 6.5251686103e-02
7.5683593750e+00 1.1873449974e-01 5.9836629069e-02 5.8897870668e-02
7.6293945312e+00 1.0901323530e-01 5.5732323727e-02 5.3280911569e-02
7.6904296875e+00 1.0041014194e-01 5.2096221885e-02 4.8313920051e-02
7.7514648438e+00 9.2798753691e-02 4.8863862994e-02 4.3934890697e-02
7.8125000000e+00 8.6050126780e-02 4.5979400014e-02 4.0070726766e-02
7.8735351562e+00 8.0105423803e-02 4.3435149627e-02 3.6670274176e-02
7.9345703125e+00 7.4966301101e-02 4.1244608946e-02 3.3721692156e-02
7.9956054688e+00 7.0602729049e-02 3.9387894260e-02 3.1214834789e-02
8.0566406250e+00 6.6901619617e-02 3.7802507792e-02 2.9099111825e-02
8.1176757812e+00 6.3711029960e-02 3.6421280146e-02 2.7289749814e-02
8.1787109375e+00 6.0931173822e-02 3.5215914622e-02 2.5715259199e-02
8.2397460938e+00 5.8530557851e-02 3.4187970824e-02 2.4342587026e-02
8.3007812500e+00 5.6463690429e-02 3.3314265340e-02 2.3149425089e-02
8.3618164062e+00 5.4622216156e-02 3.2527930257e-02 2.2094285899e-02
8.4228515625e+00 5.2880755313e-02 3.1752219373e-02 2.1128535940e-02
8.4838867188e+00 5.1143580429e-02 3.0924779456e-02 2.0218800974e-02
8.5449218750e+00 4.9341512814e-02 2.9999862522e-02 1.9341650291e-02
8.6059570312e+00 4.7437171783e-02 2.8964535066e-02 1.8472636716e-02
8.6669921875e+00 4.5450667607e-02 2.7853153880e-02 1.7597513727e-02
8.7280273438e+00 4.3442371667e-02 2.6719000269e-02 1.6723371397e-02
8.7890625000e+00 4.1456151583e-02 2.5589287239e-02 1.5866864344e-02
8.8500976562e+00 3.9499613839e-02 2.4461893111e-02 1.5037720728e-02
8.9111328125e+00 3.7579008608e-02 2.3341251651e-02 1.4237756958e-02
8.9721679688e+00 3.5728219262e-02 2.2257491441e-02 1.3470727821e-02
9.0332031250e+00 3.3991983584e-02 2.1244004815e-02 1.2747978769e-02
9.0942382812e+00 3.2396100870e-02 2.0311946767e-02 1.2084154103e-02
9.1552734375e+00 3.0942276617e-02 1.9452912029e-02 1.1489364588e-02
9.2163085938e+00 2.9619462130e-02 1.8655331619e-02 1.0964130511e-02
9.2773437500e+00 2.8419744003e-02 1.7917981796e-02 1.0501762207e-02
9.3383789062e+00 2.7347734680e-02 1.7250934445e-02 1.0096800236e-02
9.3994140625e+00 2.6408009988e-02 1.6660468064e-02 9.7475419238e-03
9.4604492188e+00 2.5592955666e-02 1.6141980468e-02 9.4509751973e-03
9.5214843750e+00 2.4889070363e-02 1.5689402135e-02 9.1996682280e-03
9.5825195312e+00 2.4274769543e-02 1.5293730704e-02 8.9810388383e-03
9.6435546875e+00 2.3709350907e-02 1.4931151406e-02 8.7781995011e-03
9.7045898438e+00 2.3144364780e-02 1.4569026162e-02 8.5753386178e-03
9.7656250000e+00 2.2552299408e-02 1.4188405310e-02 8.3638940974e-03
9.8266601562e+00 2.1940812454e-02 1.3795105469e-02 8.1457069854e-03
9.8876953125e+00 2.1341492544e-02 1.3408409940e-02 7.9330826047e-03
9.9487304688e+00 2.0789384492e-02 1.3045046797e-02 7.7443376950e-03
1.0009765625e+01 2.0308520077e-02 1.2712342359e-02 7.5961777180e-03
1.0070800781e+01 1.9902952775e-02 1.2406587181e-02 7.4963655934e-03
1.0131835938e+01 1.9554710827e-02 1.2114376110e-02 7.4403347171e-03
1.0192871094e+01 1.9236776597e-02 1.1820195844e-02 7.4165807532e-03
1.0253906250e+01 1.8939181276e-02 1.1521258606e-02 7.4179226700e-03
1.0314941406e+01 1.8688065203e-02 1.1239839480e-02 7.4482257231e-03
1.0375976562e+01 1.8534973231e-02 1.1014392981e-02 7.5205802501e-03
1.0437011719e+01 1.8520295721e-02 1.0871234363e-02 7.6490613581e-03
1.0498046875e+01 1.8644069270e-02 1.0805483440e-02 7.8385858297e-03
1.0559082031e+01 1.8871836490e-02 1.0790364107e-02 8.0814723832e-03
1.0620117188e+01 1.9163650265e-02 1.0801614311e-02 8.3620359534e-03
1.0681152344e+01 1.9489931232e-02 1.0828399200e-02 8.6615320311e-03
1.0742187500e+01 1.9824260850e-02 1.0863062219e-02 8.9611986312e-03
1.0803222656e+01 2.0135186902e-02 1.0890825853e-02 9.2443610490e-03
1.0864257812e+01 2.0391574464e-02 1.0894956461e-02 9.4966180032e-03
1.0925292969e+01 2.0574136944e-02 1.0867992347e-02 9.7061445966e-03
1.0986328125e+01 2.0675099132e-02 1.0811471026e-02 9.8636281067e-03
1.1047363281e+01 2.0679801276e-02 1.0721855626e-02 9.9579456508e-03
1.1108398438e+01 2.0555153427e-02 1.0583053278e-02 9.9721001495e-03
1.1169433594e+01 2.0266315782e-02 1.0378539242e-02 9.8877765396e-03
1.1230468750e+01 1.9801463529e-02 1.0105578291e-02 9.6958852380e-03
1.1291503906e+01 1.9178219801e-02 9.7756558100e-03 9.4025639914e-03
1.1352539062e+01 1.8435982218e-02 9.4086159506e-03 9.0273662672e-03
1.1413574219e+01 1.7627015082e-02 9.0279654015e-03 8.5990496804e-03
1.1474609375e+01 1.6804528484e-02 8.6544531847e-03 8.1500752994e-03
1.1535644531e+01 1.6007697886e-02 8.2998950922e-03 7.7078027938e-03
1.1596679688e+01 1.5256032295e-02 7.9676580983e-03 7.2883741965e-03
1.1657714844e+01 1.4557440566e-02 7.6577631482e-03 6.8996774183e-03
1.1718750000e+01 1.3918894609e-02 7.3704015258e-03 6.5484930832e-03
1.1779785156e+01 1.3349292858e-02 7.1067682296e-03 6.2425246286e-03
1.1840820312e+01 1.2855153638e-02 6.8689180294e-03 5.9862356086e-03
1.1901855469e+01 1.2436814648e-02 6.6592282960e-03 5.7775863524e-03
1.1962890625e+01 1.2088014613e-02 6.4779250709e-03 5.6100895420e-03
1.2023925781e+01 1.1796379506e-02 6.3193984998e-03 5.4769810064e-03
1.2084960938e+01 1.1547771026e-02 6.1740953319e-03 5.3736756939e-03
1.2145996094e+01 1.1333478022e-02 6.0357758635e-03 5.2977021580e-03
1.2207031250e+01 1.1150039285e-02 5.9038835061e-03 5.2461557793e-03
1.2268066406e+01 1.0991212643e-02 5.7790651192e-03 5.2121475234e-03
1.2329101562e+01 1.0841776317e-02 5.6585213262e-03 5.1832549909e-03
1.2390136719e+01 1.0679425430e-02 5.5350707452e-03 5.1443546850e-03
1.2451171875e+01 1.0483170689e-02 5.4003006773e-03 5.0828700116e-03
1.2512207031e+01 1.0239770518e-02 5.2488248737e-03 4.9909456439e-03
1.2573242188e+01 9.9426260824e-03 5.0788562970e-03 4.8637697854e-03
1.2634277344e+01 9.5879247362e-03 4.8894614889e-03 4.6984632472e-03
1.2695312500e+01 9.1747819072e-03 4.6801464646e-03 4.4946354427e-03
1.2756347656e+01 8.7084992443e-03 4.4538087985e-03 4.2546904458e-03
1.2817382812e+01 8.2011896160e-03 4.2171098115e-03 3.9840798044e-03
1.2878417969e+01 7.6678595599e-03 3.9761200755e-03 3.6917394844e-03
1.2939453125e+01 7.1229437638e-03 3.7336871280e-03 3.3892566358e-03
1.3000488281e+01 6.5812334139e-03 3.4927216558e-03 3.0885117581e-03
1.3061523438e+01 6.0592710283e-03 3.2598472625e-03 2.7994237658e-03
1.3122558594e+01 5.5729594945e-03 3.0437210089e-03 2.5292384856e-03
1.3183593750e+01 5.1331676082e-03 2.8501465225e-03 2.2830210857e-03
1.3244628906e+01 4.7429005981e-03 2.6791772626e-03 2.0637233355e-03
1.3305664062e+01 4.3987296670e-03 2.5270689879e-03 1.8716606791e-03
1.3366699219e+01 4.0956904029e-03 2.3908058376e-03 1.7048845652e-03
1.3427734375e+01 3.8301308452e-03 2.2696362969e-03 1.5604945483e-03
1.3488769531e+01 3.5979792777e-03 2.1625343470e-03 1.4354449307e-03
1.3549804688e+01 3.3933546585e-03 2.0666362957e-03 1.3267183628e-03
1.3610839844e+01 3.2111778477e-03 1.9792800826e-03 1.2318977651e-03
1.3671875000e+01 3.0489999805e-03 1.8994171959e-03 1.1495827846e-03
1.3732910156e+01 2.9039138607e-03 1.8256052942e-03 1.0783085665e-03
1.3793945312e+01 2.7704214605e-03 1.7549530121e-03 1.0154684484e-03
1.3854980469e+01 2.6442890944e-03 1.6857535967e-03 9.5853549768e-04
1.3916015625e+01 2.5261799410e-03 1.6193524208e-03 9.0682752024e-04
1.3977050781e+01 2.4189276695e-03 1.5580692271e-03 8.6085844234e-04
1.4038085938e+01 2.3226301016e-03 1.5023209003e-03 8.2030920128e-04
1.4099121094e+01 2.2343704834e-03 1.4507278824e-03 7.8364260097e-04
1.4160156250e+01 2.1516555449e-03 1.4020863950e-03 7.4956914993e-04
1.4221191406e+01 2.0737428237e-03 1.3558576787e-03 7.1788514505e-04
1.4282226562e+01 2.0003780844e-03 1.3116116655e-03 6.8876641886e-04
1.4343261719e+01 1.9313443834e-03 1.2692554905e-03 6.6208889291e-04
1.4404296875e+01 1.8663555013e-03 1.2288083124e-03 6.3754718897e-04
1.4465332031e+01 1.8042654733e-03 1.1894096170e-03 6.1485585630e-04
1.4526367188e+01 1.7436027286e-03 1.1498883842e-03 5.9371434442e-04
1.4587402344e+01 1.6844396206e-03 1.1105896640e-03 5.7384995665e-04
1.4648437500e+01 1.6285374250e-03 1.0733617837e-03 5.5517564136e-04
1.4709472656e+01 1.5771628519e-03 1.0394483494e-03 5.3771450245e-04
1.4770507812e+01 1.5297216827e-03 1.0083187970e-03 5.2140288577e-04
1.4831542969e+01 1.4850397881e-03 9.7887352342e-04 5.0616626470e-04
1.4892578125e+01 1.4428135329e-03 9.5086343376e-04 4.9195009911e-04
1.4953613281e+01 1.4029025109e-03 9.2439114788e-04 4.7851136302e-04
1.5014648438e+01 1.3644381587e-03 8.9889267401e-04 4.6554548473e-04
1.5075683594e+01 1.3265416252e-03 8.7352674485e-04 4.5301488033e-04
1.5136718750e+01 1.2890672346e-03 8.4805288443e-04 4.4101435018e-04
1.5197753906e+01 1.2524531016e-03 8.2292130700e-04 4.2953179456e-04
1.5258789062e+01 1.2176434442e-03 7.9896927088e-04 4.1867417331e-04
1.5319824219e+01 1.1858547913e-03 7.7697476733e-04 4.0888002400e-04
1.5380859375e+01 1.1572457078e-03 7.5676268971e-04 4.0048301808e-04
1.5441894531e+01 1.1301614075e-03 7.3701938501e-04 3.9314202244e-04
1.5502929688e+01 1.1028037074e-03 7.1669967185e-04 3.8610403550e-04
1.5563964844e+01 1.0750100581e-03 6.9601074886e-04 3.7899930922e-04
1.5625000000e+01 1.0477343553e-03 6.7569719030e-04 3.7203716502e-04
1.5686035156e+01 1.0218044960e-03 6.5625476051e-04 3.6554973548e-04
1.5747070312e+01 9.9759471869e-04 6.3793652166e-04 3.5965819703e-04
1.5808105469e+01 9.7497598324e-04 6.2075961549e-04 3.5421636775e-04
1.5869140625e+01 9.5320456126e-04 6.0433759483e-04 3.4886696643e-04
1.5930175781e+01 9.3134660377e-04 5.8806371295e-04 3.4328289082e-04
1.5991210938e+01 9.0904893096e-04 5.7163362450e-04 3.3741530646e-04
1.6052246094e+01 8.8678423067e-04 5.5531535431e-04 3.3146887636e-04
1.6113281250e+01 8.6538789716e-04 5.3963840768e-04 3.2574948948e-04
1.6174316406e+01 8.4546574006e-04 5.2492522325e-04 3.2054051681e-04
1.6235351562e+01 8.2709241432e-04 5.1114593531e-04 3.1594647901e-04
1.6296386719e+01 8.0979329982e-04 4.9795992345e-04 3.1183337637e-04
1.6357421875e+01 7.9291330489e-04 4.8493591692e-04 3.0797738797e-04
1.6418457031e+01 7.7617618861e-04 4.7198063774e-04 3.0419555087e-04
1.6479492188e+01 7.5979800902e-04 4.5945182472e-04 3.0034618430e-04
1.6540527344e+01 7.4418093080e-04 4.4780113177e-04 2.9637979903e-04
1.6601562500e+01 7.2961476265e-04 4.3715942582e-04 2.9245533682e-04
1.6662597656e+01 7.1604839651e-04 4.2718956408e-04 2.8885883242e-04
1.6723632812e+01 7.0310587039e-04 4.1740682496e-04 2.8569904543e-04
1.6784667969e+01 6.9051140769e-04 4.0769877088e-04 2.8281263681e-04
1.6845703125e+01 6.7840972332e-04 3.9835114267e-04 2.8005858065e-04
1.6906738281e+01 6.6724789058e-04 3.8965041041e-04 2.7759748017e-04
1.6967773438e+01 6.5761531695e-04 3.8181647555e-04 2.7579884140e-04
1.7028808594e+01 6.5003461836e-04 3.7516059152e-04 2.7487402683e-04
1.7089843750e+01 6.4448946426e-04 3.6979715015e-04 2.7469231411e-04
1.7150878906e+01 6.4025392503e-04 3.6524673968e-04 2.7500718535e-04
1.7211914062e+01 6.3640160479e-04 3.6074355517e-04 2.7565804962e-04
1.7272949219e+01 6.3237236887e-04 3.5591131830e-04 2.7646105056e-04
1.7333984375e+01 6.2807172372e-04 3.5089337417e-04 2.7717834954e-04
1.7395019531e+01 6.2374748119e-04 3.4601880007e-04 2.7772868111e-04
1.7456054688e+01 6.1978903335e-04 3.4155706280e-04 2.7823197056e-04
1.7517089844e+01 6.1632328105e-04 3.3755273602e-04 2.7877054503e-04
1.7578125000e+01 6.1298671266e-04 3.3375362633e-04 2.7923308632e-04
1.7639160156e+01 6.0919824981e-04 3.2982365521e-04 2.7937459461e-04
1.7700195312e+01 6.0453904675e-04 3.2559643901e-04 2.7894260774e-04
1.7761230469e+01 5.9893321452e-04 3.2108346439e-04 2.7784975013e-04
1.7822265625e+01 5.9270166537e-04 3.1639026104e-04 2.7631140433e-04
1.7883300781e+01 5.8643561532e-04 3.1169004105e-04 2.7474557426e-04
1.7944335938e+01 5.8060727439e-04 3.0714161130e-04 2.7346566309e-04
1.8005371094e+01 5.7522400316e-04 3.0276157263e-04 2.7246243052e-04
1.8066406250e+01 5.6994685398e-04 2.9842890585e-04 2.7151794813e-04
1.8127441406e+01 5.6455553102e-04 2.9403666639e-04 2.7051886463e-04
1.8188476562e+01 5.5924923071e-04 2.8966112499e-04 2.6958810572e-04
1.8249511719e+01 5.5449526046e-04 2.8557142270e-04 2.6892383776e-04
1.8310546875e+01 5.5060989950e-04 2.8200842281e-04 2.6860147670e-04
1.8371582031e+01 5.4752693170e-04 2.7899057982e-04 2.6853635189e-04
1.8432617188e+01 5.4493694656e-04 2.7637350678e-04 2.6856343978e-04
1.8493652344e+01 5.4261162464e-04 2.7403203947e-04 2.6857958517e-04
1.8554687500e+01 5.4070628423e-04 2.7198277031e-04 2.6872351392e-04
1.8615722656e+01 5.3969644700e-04 2.7035675660e-04 2.6933969041e-04
1.8676757812e+01 5.3979365716e-04 2.6920422109e-04 2.7058943607e-04
1.8737792969e+01 5.4059468213e-04 2.6837200200e-04 2.7222268012e-04
1.8798828125e+01 5.4156761263e-04 2.6767763544e-04 2.7388997720e-04
1.8859863281e+01 5.4260734832e-04 2.6710020282e-04 2.7550714550e-04
1.8920898438e+01 5.4383916256e-04 2.6665674077e-04 2.7718242179e-04
1.8981933594e+01 5.4514311858e-04 2.6621791173e-04 2.7892520685e-04
1.9042968750e+01 5.4621069727e-04 2.6562885899e-04 2.8058183827e-04
1.9104003906e+01 5.4688732373e-04 2.6489759432e-04 2.8198972941e-04
1.9165039062e+01 5.4703087680e-04 2.6404872865e-04 2.8298214815e-04
1.9226074219e+01 5.4620348965e-04 2.6290216904e-04 2.8330132061e-04
1.9287109375e+01 5.4394089170e-04 2.6120743819e-04 2.8273345350e-04
1.9348144531e+01 5.4019446698e-04 2.5891480988e-04 2.8127965710e-04
1.9409179688e+01 5.3537448009e-04 2.5622431990e-04 2.7915016019e-04
1.9470214844e+01 5.3003371183e-04 2.5339730851e-04 2.7663640333e-04
1.9531250000e+01 5.2430961415e-04 2.5046779179e-04 2.7384182235e-04
1.9592285156e+01 5.1774533348e-04 2.4719094634e-04 2.7055438714e-04
1.9653320312e+01 5.0989663054e-04 2.4334797549e-04 2.6654865506e-04
1.9714355469e+01 5.0085737482e-04 2.3896711155e-04 2.6189026327e-04
1.9775390625e+01 4.9111642093e-04 2.3425116667e-04 2.5686525426e-04
1.9836425781e+01 4.8119867577e-04 2.2944651256e-04 2.5175216320e-04
1.9897460938e+01 4.7143632709e-04 2.2474660987e-04 2.4668971723e-04
1.9958496094e+01 4.6191571592e-04 2.2021980865e-04 2.4169590727e-04
2.0019531250e+01 4.5250116795e-04 2.1577997576e-04 2.3672119219e-04
2.0080566406e+01 4.4288984219e-04 2.1123502088e-04 2.3165482131e-04
2.0141601562e+01 4.3289158535e-04 2.0647406382e-04 2.2641752153e-04
2.0202636719e+01 4.2270338992e-04 2.0161636000e-04 2.2108702992e-04
2.0263671875e+01 4.1271936454e-04 1.9688629779e-04 2.1583306675e-04
2.0324707031e+01 4.0314251692e-04 1.9238848114e-04 2.1075403579e-04
2.0385742188e+01 3.9391654253e-04 1.8807721910e-04 2.0583932343e-04
2.0446777344e+01 3.8492231826e-04 1.8388034487e-04 2.0104197339e-04
2.0507812500e+01 3.7610807691e-04 1.7978208352e-04 1.9632599339e-04
2.0568847656e+01 3.6747003816e-04 1.7581332067e-04 1.9165671749e-04
2.0629882812e+01 3.5900060482e-04 1.7199925296e-04 1.8700135187e-04
2.0690917969e+01 3.5065203243e-04 1.6830362398e-04 1.8234840844e-04
2.0751953125e+01 3.4236698481e-04 1.6463834709e-04 1.7772863772e-04
2.0812988281e+01 3.3422841520e-04 1.6097600043e-04 1.7325241477e-04
2.0874023438e+01 3.2648245611e-04 1.5741320455e-04 1.6906925156e-04
2.0935058594e+01 3.1926396069e-04 1.5405000000e-04 1.6521396070e-04
2.0996093750e+01 3.1241122891e-04 1.5085259281e-04 1.6155863610e-04
2.1057128906e+01 3.0563922922e-04 1.4769274183e-04 1.5794648739e-04
2.1118164062e+01 2.9878582986e-04 1.4448006974e-04 1.5430576012e-04
2.1179199219e+01 2.9187028784e-04 1.4122292082e-04 1.5064736703e-04
2.1240234375e+01 2.8497339177e-04 1.3797962157e-04 1.4699377020e-04
2.1301269531e+01 2.7808594453e-04 1.3477281838e-04 1.4331312615e-04
2.1362304688e+01 2.7115797182e-04 1.3158528256e-04 1.3957268926e-04
2.1423339844e+01 2.6432502107e-04 1.2845282193e-04 1.3587219914e-04
2.1484375000e+01 2.5792240440e-04 1.2550472037e-04 1.3241768402e-04
2.1545410156e+01 2.5215732884e-04 1.2285303449e-04 1.2930429436e-04
2.1606445312e+01 2.4684991830e-04 1.2045041732e-04 1.2639950098e-04
2.1667480469e+01 2.4160861755e-04 1.1811659078e-04 1.2349202677e-04
2.1728515625e+01 2.3623953545e-04 1.1572883829e-04 1.2051069717e-04
2.1789550781e+01 2.3088056659e-04 1.1332874143e-04 1.1755182516e-04
2.1850585938e+01 2.2576221603e-04 1.1102470729e-04 1.1473750874e-04
2.1911621094e+01 2.2100064241e-04 1.0887243515e-04 1.1212820725e-04
2.1972656250e+01 2.1659774357e-04 1.0686050474e-04 1.0973723883e-04
2.2033691406e+01 2.1244900131e-04 1.0492700211e-04 1.0752199920e-04
2.2094726562e+01 2.0837462070e-04 1.0299549948e-04 1.0537912123e-04
2.2155761719e+01 2.0428537295e-04 1.0104955085e-04 1.0323582210e-04
2.2216796875e+01 2.0026778031e-04 9.9146916307e-05 1.0112086400e-04
2.2277832031e+01 1.9644737963e-04 9.7347519083e-05 9.9099860547e-05
2.2338867188e+01 1.9285420817e-04 9.5660945105e-05 9.7193263067e-05
2.2399902344e+01 1.8944065611e-04 9.4052613935e-05 9.5388042173e-05
2.2460937500e+01 1.8613542309e-04 9.2467130804e-05 9.3668292283e-05
2.2521972656e+01 1.8282313083e-04 9.0839821015e-05 9.1983309818e-05
2.2583007812e+01 1.7932185129e-04 8.9101288380e-05 9.0220562907e-05
2.2644042969e+01 1.7549704802e-04 8.7212928955e-05 8.8284119063e-05
2.2705078125e+01 1.7143109269e-04 8.5225772993e-05 8.6205319700e-05
2.2766113281e+01 1.6741097342e-04 8.3281790189e-05 8.4129183231e-05
2.2827148438e+01 1.6372739406e-04 8.1525556304e-05 8.2201837753e-05
2.2888183594e+01 1.6050330118e-04 8.0004262374e-05 8.0499038808e-05
2.2949218750e+01 1.5767099582e-04 7.8655444926e-05 7.9015550899e-05
2.3010253906e+01 1.5503570386e-04 7.7376104052e-05 7.7659599806e-05
2.3071289062e+01 1.5237569662e-04 7.6088836883e-05 7.6286859740e-05
2.3132324219e+01 1.4957059957e-04 7.4763172700e-05 7.4807426871e-05
2.3193359375e+01 1.4665714322e-04 7.3401466270e-05 7.3255676954e-05
2.3254394531e+01 1.4375108621e-04 7.2016874823e-05 7.1734211389e-05
2.3315429688e+01 1.4093998042e-04 7.0625398282e-05 7.0314582135e-05
2.3376464844e+01 1.3824582997e-04 6.9247637881e-05 6.8998192090e-05
2.3437500000e+01 1.3564688810e-04 6.7907953903e-05 6.7738934200e-05
2.3498535156e+01 1.3311215236e-04 6.6623839011e-05 6.6488313347e-05
2.3559570312e+01 1.3061362726e-04 6.5388452264e-05 6.5225175000e-05
2.3620605469e+01 1.2812395688e-04 6.4170618709e-05 6.3953338167e-05
2.3681640625e+01 1.2563696719e-04 6.2944416021e-05 6.2692551166e-05
2.3742675781e+01 1.2318945720e-04 6.1717425868e-05 6.1472031333e-05
2.3803710938e+01 1.2083486818e-04 6.0523710312e-05 6.0311157872e-05
2.3864746094e+01 1.1859408571e-04 5.9388410061e-05 5.9205675648e-05
2.3925781250e+01 1.1643392605e-04 5.8301705949e-05 5.8132220104e-05
2.3986816406e+01 1.1428363572e-04 5.7228744983e-05 5.7054890742e-05
2.4047851562e+01 1.1208622003e-04 5.6142949595e-05 5.5943270433e-05
2.4108886719e+01 1.0985628728e-04 5.5050511687e-05 5.4805775596e-05
2.4169921875e+01 1.0768242762e-04 5.3986690294e-05 5.3695737322e-05
2.4230957031e+01 1.0563512896e-04 5.2974599293e-05 5.2660529663e-05
2.4291992188e+01 1.0365916873e-04 5.1979059369e-05 5.1680109364e-05
2.4353027344e+01 1.0161394594e-04 5.0933983836e-05 5.0679962104e-05
2.4414062500e+01 9.9448929848e-05 4.9830795539e-05 4.9618134309e-05
2.4475097656e+01 9.7288102721e-05 4.8746487565e-05 4.8541615156e-05
2.4536132812e+01 9.5310242501e-05 4.7770085300e-05 4.7540157201e-05
2.4597167969e+01 9.3574595220e-05 4.6921348467e-05 4.6653246753e-05
2.4658203125e+01 9.1993001566e-05 4.6148866468e-05 4.5844135098e-05
2.4719238281e+01 9.0453945069e-05 4.5392441013e-05 4.5061504056e-05
2.4780273438e+01 8.8921514240e-05 4.4629876236e-05 4.4291638004e-05
2.4841308594e+01 8.7404324290e-05 4.3865421733e-05 4.3538902558e-05
2.4902343750e+01 8.5895309688e-05 4.3100137803e-05 4.2795171885e-05
2.4963378906e+01 8.4390675351e-05 4.2333311898e-05 4.2057363453e-05
2.5024414062e+01 8.2918217955e-05 4.1576820827e-05 4.1341397128e-05
2.5085449219e+01 8.1500576865e-05 4.0847328198e-05 4.0653248667e-05
2.5146484375e+01 8.0128213636e-05 4.0152071919e-05 3.9976141717e-05
2.5207519531e+01 7.8786735893e-05 3.9489113147e-05 3.9297622746e-05
2.5268554688e+01 7.7468465104e-05 3.8845628959e-05 3.8622836145e-05
2.5329589844e+01 7.6140217747e-05 3.8189652415e-05 3.7950565332e-05
2.5390625000e+01 7.4745790798e-05 3.7488634580e-05 3.7257156219e-05
2.5451660156e+01 7.3269219578e-05 3.6746856936e-05 3.6522362643e-05
2.5512695312e+01 7.1753780020e-05 3.5998504077e-05 3.5755275943e-05
2.5573730469e+01 7.0261472591e-05 3.5269750207e-05 3.4991722384e-05
2.5634765625e+01 6.8861531228e-05 3.4576113376e-05 3.4285417853e-05
2.5695800781e+01 6.7610455737e-05 3.3933725017e-05 3.3676730719e-05
2.5756835938e+01 6.6488136758e-05 3.3342587110e-05 3.3145549648e-05
2.5817871094e+01 6.5396702087e-05 3.2774388199e-05 3.2622313888e-05
2.5878906250e+01 6.4253958039e-05 3.2196319023e-05 3.2057639016e-05
2.5939941406e+01 6.3068828561e-05 3.1605035250e-05 3.1463793310e-05
2.6000976562e+01 6.1918047763e-05 3.1029840159e-05 3.0888207604e-05
2.6062011719e+01 6.0859972086e-05 3.0498971756e-05 3.0361000330e-05
2.6123046875e+01 5.9878453265e-05 3.0007657151e-05 2.9870796114e-05
2.6184082031e+01 5.8910040544e-05 2.9525470532e-05 2.9384570012e-05
2.6245117188e+01 5.7914989683e-05 2.9029096446e-05 2.8885893237e-05
2.6306152344e+01 5.6906709204e-05 2.8518680133e-05 2.8388029071e-05
2.6367187500e+01 5.5917724630e-05 2.8007724918e-05 2.7909999712e-05
2.6428222656e+01 5.4957038136e-05 2.7506167099e-05 2.7450871037e-05
2.6489257812e+01 5.4006259325e-05 2.7011718345e-05 2.6994540980e-05
2.6550292969e+01 5.3047438440e-05 2.6514765655e-05 2.6532672785e-05
2.6611328125e+01 5.2079447056e-05 2.6010863885e-05 2.6068583170e-05
2.6672363281e+01 5.1109244166e-05 2.5508685396e-05 2.5600558770e-05
2.6733398438e+01 5.0149940637e-05 2.5026941426e-05 2.5122999211e-05
2.6794433594e+01 4.9223584890e-05 2.4579180757e-05 2.4644404133e-05
2.6855468750e+01 4.8339093506e-05 2.4157994994e-05 2.4181098512e-05
2.6916503906e+01 4.7477350341e-05 2.3740473450e-05 2.3736876891e-05
2.6977539062e+01 4.6620807131e-05 2.3312529181e-05 2.3308277950e-05
2.7038574219e+01 4.5776605524e-05 2.2878773111e-05 2.2897832412e-05
2.7099609375e+01 4.4957469501e-05 2.2449776315e-05 2.2507693185e-05
2.7160644531e+01 4.4170356862e-05 2.2035219386e-05 2.2135137476e-05
2.7221679688e+01 4.3424342600e-05 2.1646068851e-05 2.1778273749e-05
2.7282714844e+01 4.2722435475e-05 2.1288810899e-05 2.1433624575e-05
2.7343750000e+01 4.2054766782e-05 2.0960246559e-05 2.1094520223e-05
2.7404785156e+01 4.1415276990e-05 2.0653048153e-05 2.0762228837e-05
2.7465820312e+01 4.0812770299e-05 2.0362573278e-05 2.0450197021e-05
2.7526855469e+01 4.0253135049e-05 2.0085699783e-05 2.0167435266e-05
2.7587890625e+01 3.9714202972e-05 1.9812699421e-05 1.9901503552e-05
2.7648925781e+01 3.9151001189e-05 1.9525165785e-05 1.9625835404e-05
2.7709960938e+01 3.8533779860e-05 1.9210102847e-05 1.9323677013e-05
2.7770996094e+01 3.7873782674e-05 1.8873116491e-05 1.9000666183e-05
2.7832031250e+01 3.7207601035e-05 1.8531762607e-05 1.8675838428e-05
2.7893066406e+01 3.6563334432e-05 1.8200943913e-05 1.8362390519e-05
2.7954101562e+01 3.5943408425e-05 1.7887427081e-05 1.8055981343e-05
2.8015136719e+01 3.5337163766e-05 1.7591400566e-05 1.7745763199e-05
2.8076171875e+01 3.4744361342e-05 1.7309004416e-05 1.7435356926e-05
2.8137207031e+01 3.4175481013e-05 1.7034577544e-05 1.7140903469e-05
2.8198242188e+01 3.3630308887e-05 1.6762607158e-05 1.6867701729e-05
2.8259277344e+01 3.3092968830e-05 1.6491184674e-05 1.6601784156e-05
2.8320312500e+01 3.2553789296e-05 1.6224623924e-05 1.6329165373e-05
2.8381347656e+01 3.2023362512e-05 1.5969425043e-05 1.6053937470e-05
2.8442382812e+01 3.1514050965e-05 1.5725127698e-05 1.5788923267e-05
2.8503417969e+01 3.1012735309e-05 1.5479235804e-05 1.5533499505e-05
2.8564453125e+01 3.0492170205e-05 1.5216515821e-05 1.5275654383e-05
2.8625488281e+01 2.9956231455e-05 1.4938860303e-05 1.5017371152e-05
2.8686523438e+01 2.9448213078e-05 1.4669706557e-05 1.4778506521e-05
2.8747558594e+01 2.8998694235e-05 1.4429758838e-05 1.4568935397e-05
2.8808593750e+01 2.8588716256e-05 1.4214275033e-05 1.4374441224e-05
2.8869628906e+01 2.8179549210e-05 1.4002997497e-05 1.4176551712e-05
2.8930664062e+01 2.7754710421e-05 1.3783932965e-05 1.3970777457e-05
2.8991699219e+01 2.7316906980e-05 1.3557030498e-05 1.3759876482e-05
2.9052734375e+01 2.6867856650e-05 1.3324213032e-05 1.3543643617e-05
2.9113769531e+01 2.6415414504e-05 1.3090865419e-05 1.3324549085e-05
2.9174804688e+01 2.5988248637e-05 1.2872066600e-05 1.3116182037e-05
2.9235839844e+01 2.5618465116e-05 1.2682427920e-05 1.2936037196e-05
2.9296875000e+01 2.5308014281e-05 1.2519885135e-05 1.2788129146e-05
2.9357910156e+01 2.5023517416e-05 1.2367268325e-05 1.2656249091e-05
2.9418945312e+01 2.4725880178e-05 1.2208468397e-05 1.2517411781e-05
2.9479980469e+01 2.4400771614e-05 1.2039152808e-05 1.2361618805e-05
2.9541015625e+01 2.4058794062e-05 1.1863374825e-05 1.2195419237e-05
2.9602050781e+01 2.3713621517e-05 1.1685253526e-05 1.2028367991e-05
2.9663085938e+01 2.3371004520e-05 1.1507557183e-05 1.1863447336e-05
2.9724121094e+01 2.3033103150e-05 1.1333809175e-05 1.1699293974e-05
2.9785156250e+01 2.2703375876e-05 1.1168193535e-05 1.1535182341e-05
2.9846191406e+01 2.2391482928e-05 1.1015676960e-05 1.1375805967e-05
2.9907226562e+01 2.2112697556e-05 1.0879947404e-05 1.1232750152e-05
2.9968261719e+01 2.1874864593e-05 1.0759279306e-05 1.1115585287e-05
3.0029296875e+01 2.1669471388e-05 1.0648451865e-05 1.1021019523e-05
3.0090332031e+01 2.1479712317e-05 1.0544167625e-05 1.0935544692e-05
3.0151367188e+01 2.1291696307e-05 1.0444317754e-05 1.0847378553e-05
3.0212402344e+01 2.1098779344e-05 1.0345866613e-05 1.0752912731e-05
3.0273437500e+01 2.0903845472e-05 1.0248574396e-05 1.0655271077e-05
3.0334472656e+01 2.0717971169e-05 1.0156019338e-05 1.0561951831e-05
3.0395507812e+01 2.0548507707e-05 1.0067901177e-05 1.0480606530e-05
3.0456542969e+01 2.0386418686e-05 9.9764761656e-06 1.0409942521e-05
3.0517578125e+01 2.0212824189e-05 9.8754372442e-06 1.0337386945e-05
3.0578613281e+01 2.0016966404e-05 9.7659679781e-06 1.0250998426e-05
3.0639648438e+01 1.9800744916e-05 9.6503934965e-06 1.0150351419e-05
3.0700683594e+01 1.9570341753e-05 9.5276238646e-06 1.0042717889e-05
3.0761718750e+01 1.9333669303e-05 9.3989873202e-06 9.9346819828e-06
3.0822753906e+01 1.9105811059e-05 9.2729731171e-06 9.8328379416e-06
3.0883789062e+01 1.8904821527e-05 9.1593951405e-06 9.7454263870e-06
3.0944824219e+01 1.8735208510e-05 9.0603949789e-06 9.6748135310e-06
3.1005859375e+01 1.8584437661e-05 8.9710887025e-06 9.6133489586e-06
3.1066894531e+01 1.8441609591e-05 8.8887361230e-06 9.5528734683e-06
3.1127929688e+01 1.8309964954e-05 8.8164109370e-06 9.4935540171e-06
3.1188964844e+01 1.8196058051e-05 8.7566840193e-06 9.4393740315e-06
3.1250000000e+01 1.8096678063e-05 8.7060279924e-06 9.3906500701e-06
3.1311035156e+01 1.7999288829e-05 8.6553862194e-06 9.3439026092e-06
3.1372070312e+01 1.7888473018e-05 8.5944185188e-06 9.2940544987e-06
3.1433105469e+01 1.7756028092e-05 8.5193742246e-06 9.2366538672e-06
3.1494140625e+01 1.7608253279e-05 8.4371510075e-06 9.1711022720e-06
3.1555175781e+01 1.7457241027e-05 8.3570807916e-06 9.1001602356e-06
3.1616210938e+01 1.7308241911e-05 8.2816071560e-06 9.0266347550e-06
3.1677246094e+01 1.7161850765e-05 8.2087219355e-06 8.9531288290e-06
3.1738281250e+01 1.7020109431e-05 8.1378775272e-06 8.8822319035e-06
3.1799316406e+01 1.6882404650e-05 8.0688844965e-06 8.8135201533e-06
3.1860351562e+01 1.6742596880e-05 7.9991302183e-06 8.7434666618e-06
3.1921386719e+01 1.6597463157e-05 7.9260395458e-06 8.6714236108e-06
3.1982421875e+01 1.6453829483e-05 7.8510518817e-06 8.6027776008e-06
3.2043457031e+01 1.6321033629e-05 7.7783017368e-06 8.5427318918e-06
3.2104492188e+01 1.6197617423e-05 7.7091828700e-06 8.4884345527e-06
3.2165527344e+01 1.6071082006e-05 7.6405557748e-06 8.4305262316e-06
3.2226562500e+01 1.5929912694e-05 7.5682073281e-06 8.3617053662e-06
3.2287597656e+01 1.5771695987e-05 7.4899935708e-06 8.2817024162e-06
3.2348632812e+01 1.5602503081e-05 7.4068707078e-06 8.1956323733e-06
3.2409667969e+01 1.5431036359e-05 7.3222237518e-06 8.1088126070e-06
3.2470703125e+01 1.5263507644e-05 7.2400667763e-06 8.0234408680e-06
3.2531738281e+01 1.5106163876e-05 7.1647719017e-06 7.9413919739e-06
3.2592773438e+01 1.4965539496e-05 7.0997372273e-06 7.8658022689e-06
3.2653808594e+01 1.4839471587e-05 7.0436258914e-06 7.7958456953e-06
3.2714843750e+01 1.4717118803e-05 6.9908619003e-06 7.7262569032e-06
3.2775878906e+01 1.4592065255e-05 6.9365172850e-06 7.6555479703e-06
3.2836914062e+01 1.4467397537e-05 6.8793405882e-06 7.5880569488e-06
3.2897949219e+01 1.4348215275e-05 6.8214475623e-06 7.5267677123e-06
3.2958984375e+01 1.4235871947e-05 6.7654865870e-06 7.4703853599e-06
3.3020019531e+01 1.4129120976e-05 6.7116998431e-06 7.4174211325e-06
3.3081054688e+01 1.4026434017e-05 6.6582742074e-06 7.3681598099e-06
3.3142089844e+01 1.3925558181e-05 6.6037812260e-06 7.3217769545e-06
3.3203125000e+01 1.3822054508e-05 6.5480554478e-06 7.2739990605e-06
3.3264160156e+01 1.3712319017e-05 6.4917534543e-06 7.2205655628e-06
3.3325195312e+01 1.3599517506e-05 6.4363624877e-06 7.1631550185e-06
3.3386230469e+01 1.3488685114e-05 6.3823088946e-06 7.1063762189e-06
3.3447265625e+01 1.3374786417e-05 6.3261005358e-06 7.0486858812e-06
3.3508300781e+01 1.3248323101e-05 6.2635346537e-06 6.9847884471e-06
3.3569335938e+01 1.3111585902e-05 6.1957795990e-06 6.9158063027e-06
3.3630371094e+01 1.2975056792e-05 6.1276822767e-06 6.8473745151e-06
3.3691406250e+01 1.2840737863e-05 6.0609864620e-06 6.7797514007e-06
3.3752441406e+01 1.2700356456e-05 5.9928091091e-06 6.7075473474e-06
3.3813476562e+01 1.2547353022e-05 5.9201929673e-06 6.6271600546e-06
3.3874511719e+01 1.2384197561e-05 5.8438487154e-06 6.5403488452e-06
3.3935546875e+01 1.2219113350e-05 5.7668269178e-06 6.4522864321e-06
3.3996582031e+01 1.2059586997e-05 5.6913117912e-06 6.3682752054e-06
3.4057617188e+01 1.1910741501e-05 5.6188310372e-06 6.2919104640e-06
3.4118652344e+01 1.1776597139e-05 5.5522728252e-06 6.2243243141e-06
3.4179687500e+01 1.1658312182e-05 5.4945963104e-06 6.1637158718e-06
3.4240722656e+01 1.1551967238e-05 5.4454003999e-06 6.1065668381e-06
3.4301757812e+01 1.1450470195e-05 5.4006668107e-06 6.0498033843e-06
3.4362792969e+01 1.1347636052e-05 5.3560116153e-06 5.9916244370e-06
3.4423828125e+01 1.1239661490e-05 5.3084719751e-06 5.9311895145e-06
3.4484863281e+01 1.1124487513e-05 5.2559412202e-06 5.8685462926e-06
3.4545898438e+01 1.1002713558e-05 5.1978686921e-06 5.8048448654e-06
3.4606933594e+01 1.0877054926e-05 5.1359436433e-06 5.7411112824e-06
3.4667968750e+01 1.0749626404e-05 5.0726923220e-06 5.6769340820e-06
3.4729003906e+01 1.0622887932e-05 5.0108497778e-06 5.6120381538e-06
3.4790039062e+01 1.0501123633e-05 4.9532510361e-06 5.5478725973e-06
3.4851074219e+01 1.0386144768e-05 4.9005213091e-06 5.4856234592e-06
3.4912109375e+01 1.0273520207e-05 4.8496305373e-06 5.4238896698e-06
3.4973144531e+01 1.0157017785e-05 4.7967266360e-06 5.3602911486e-06
3.5034179688e+01 1.0036069145e-05 4.7408344007e-06 5.2952347438e-06
3.5095214844e+01 9.9170463109e-06 4.6843491636e-06 5.2326971473e-06
3.5156250000e+01 9.8069886734e-06 4.6307972295e-06 5.1761914439e-06
3.5217285156e+01 9.7051686955e-06 4.5812931034e-06 5.1238755921e-06
3.5278320312e+01 9.6009927633e-06 4.5320037606e-06 5.0689890027e-06
3.5339355469e+01 9.4837005585e-06 4.4770612327e-06 5.0066393258e-06
3.5400390625e+01 9.3542855245e-06 4.4153940318e-06 4.9388914927e-06
3.5461425781e+01 9.2243996316e-06 4.3525653962e-06 4.8718342354e-06
3.5522460938e+01 9.1055868421e-06 4.2954786147e-06 4.8101082274e-06
3.5583496094e+01 9.0023954286e-06 4.2472283017e-06 4.7551671269e-06
3.5644531250e+01 8.9125069797e-06 4.2064292287e-06 4.7060777510e-06
3.5705566406e+01 8.8300931846e-06 4.1692919910e-06 4.6608011936e-06
3.5766601562e+01 8.7478818868e-06 4.1314588410e-06 4.6164230458e-06
3.5827636719e+01 8.6586273169e-06 4.0894179556e-06 4.5692093613e-06
3.5888671875e+01 8.5608852072e-06 4.0430449006e-06 4.5178403066e-06
3.5949707031e+01 8.4618316984e-06 3.9961600152e-06 4.4656716832e-06
3.6010742188e+01 8.3691858036e-06 3.9525223361e-06 4.4166634675e-06
3.6071777344e+01 8.2827437026e-06 3.9121740395e-06 4.3705696631e-06
3.6132812500e+01 8.1960020419e-06 3.8721289482e-06 4.3238730938e-06
3.6193847656e+01 8.1029242267e-06 3.8293150658e-06 4.2736091610e-06
3.6254882812e+01 8.0014604293e-06 3.7826349393e-06 4.2188254899e-06
3.6315917969e+01 7.8936772710e-06 3.7332699634e-06 4.1604073077e-06
3.6376953125e+01 7.7851856267e-06 3.6837329931e-06 4.1014526336e-06
3.6437988281e+01 7.6822153005e-06 3.6360324360e-06 4.0461828645e-06
3.6499023438e+01 7.5871203117e-06 3.5902710597e-06 3.9968492521e-06
3.6560058594e+01 7.4973267427e-06 3.5452926703e-06 3.9520340724e-06
3.6621093750e+01 7.4079468151e-06 3.4999856574e-06 3.9079611577e-06
3.6682128906e+01 7.3157999153e-06 3.4539404654e-06 3.8618594499e-06
3.6743164062e+01 7.2236381860e-06 3.4085500784e-06 3.8150881075e-06
3.6804199219e+01 7.1391259718e-06 3.3670667349e-06 3.7720592369e-06
3.6865234375e+01 7.0673620807e-06 3.3319568181e-06 3.7354052627e-06
3.6926269531e+01 7.0063807910e-06 3.3025686285e-06 3.7038121625e-06
3.6987304688e+01 6.9499406345e-06 3.2754930370e-06 3.6744475975e-06
3.7048339844e+01 6.8922154012e-06 3.2469520055e-06 3.6452633956e-06
3.7109375000e+01 6.8303718746e-06 3.2155990528e-06 3.6147728218e-06
3.7170410156e+01 6.7639888129e-06 3.1826174922e-06 3.5813713207e-06
3.7231445312e+01 6.6927164795e-06 3.1487724246e-06 3.5439440550e-06
3.7292480469e+01 6.6164599915e-06 3.1133606323e-06 3.5030993592e-06
3.7353515625e+01 6.5373721906e-06 3.0763828702e-06 3.4609893204e-06
3.7414550781e+01 6.4587182140e-06 3.0393233638e-06 3.4193948502e-06
3.7475585938e+01 6.3824365144e-06 3.0035693011e-06 3.3788672133e-06
3.7536621094e+01 6.3091374199e-06 2.9695079082e-06 3.3396295117e-06
3.7597656250e+01 6.2382212987e-06 2.9367365846e-06 3.3014847141e-06
3.7658691406e+01 6.1671576810e-06 2.9041599042e-06 3.2629977767e-06
3.7719726562e+01 6.0932758523e-06 2.8704527730e-06 3.2228230793e-06
3.7780761719e+01 6.0173969384e-06 2.8354987795e-06 3.1818981590e-06
3.7841796875e+01 5.9433864040e-06 2.8007947165e-06 3.1425916875e-06
3.7902832031e+01 5.8730251907e-06 2.7673898863e-06 3.1056353044e-06
3.7963867188e+01 5.8037250345e-06 2.7343081778e-06 3.0694168567e-06
3.8024902344e+01 5.7326343228e-06 2.7001259377e-06 3.0325083851e-06
3.8085937500e+01 5.6611925033e-06 2.6653698595e-06 2.9958226438e-06
3.8146972656e+01 5.5937206487e-06 2.6321314264e-06 2.9615892223e-06
3.8208007812e+01 5.5317543235e-06 2.6013425719e-06 2.9304117516e-06
3.8269042969e+01 5.4723306408e-06 2.5718004715e-06 2.9005301693e-06
3.8330078125e+01 5.4125098716e-06 2.5422467494e-06 2.8702631222e-06
3.8391113281e+01 5.3515209720e-06 2.5123619729e-06 2.8391589991e-06
3.8452148438e+01 5.2876941706e-06 2.4813508917e-06 2.8063432789e-06
3.8513183594e+01 5.2189308608e-06 2.4483147414e-06 2.7706161194e-06
3.8574218750e+01 5.1476642261e-06 2.4145082388e-06 2.7331559873e-06
3.8635253906e+01 5.0808720883e-06 2.3830103815e-06 2.6978617068e-06
3.8696289062e+01 5.0232304711e-06 2.3557060290e-06 2.6675244422e-06
3.8757324219e+01 4.9717086188e-06 2.3313459334e-06 2.6403626854e-06
3.8818359375e+01 4.9182592623e-06 2.3065424580e-06 2.6117168043e-06
3.8879394531e+01 4.8571505241e-06 2.2784217817e-06 2.5787287424e-06
3.8940429688e+01 4.7888078239e-06 2.2466026343e-06 2.5422051896e-06
3.9001464844e+01 4.7184212668e-06 2.2133708742e-06 2.5050503926e-06
3.9062500000e+01 4.6516848389e-06 2.1818244321e-06 2.4698604068e-06
3.9123535156e+01 4.5901690646e-06 2.1530665445e-06 2.4371025201e-06
3.9184570312e+01 4.5313363710e-06 2.1257745744e-06 2.4055617966e-06
3.9245605469e+01 4.4734018262e-06 2.0987530522e-06 2.3746487739e-06
3.9306640625e+01 4.4172211071e-06 2.0721527936e-06 2.3450683135e-06
3.9367675781e+01 4.3637145876e-06 2.0462052189e-06 2.3175093688e-06
3.9428710938e+01 4.3134266705e-06 2.0211091832e-06 2.2923174873e-06
3.9489746094e+01 4.2681136254e-06 1.9979936121e-06 2.2701200133e-06
3.9550781250e+01 4.2293568191e-06 1.9780303754e-06 2.2513264437e-06
3.9611816406e+01 4.1956558869e-06 1.9607830949e-06 2.2348727920e-06
3.9672851562e+01 4.1622267970e-06 1.9442832183e-06 2.2179435787e-06
3.9733886719e+01 4.1233844016e-06 1.9262362565e-06 2.1971481451e-06
3.9794921875e+01 4.0754430687e-06 1.9050328905e-06 2.1704101782e-06
3.9855957031e+01 4.0189358797e-06 1.8805691179e-06 2.1383667618e-06
3.9916992188e+01 3.9585713706e-06 1.8544459294e-06 2.1041254412e-06
3.9978027344e+01 3.9005147387e-06 1.8290275780e-06 2.0714871607e-06
4.0039062500e+01 3.8497391665e-06 1.8063951244e-06 2.0433440420e-06
4.0100097656e+01 3.8084934877e-06 1.7876277319e-06 2.0208657558e-06
4.0161132812e+01 3.7747862881e-06 1.7719399250e-06 2.0028463630e-06
4.0222167969e+01 3.7430946181e-06 1.7569033681e-06 1.9861912500e-06
4.0283203125e+01 3.7084024811e-06 1.7404004064e-06 1.9680020747e-06
4.0344238281e+01 3.6693048774e-06 1.7220808736e-06 1.9472240039e-06
4.0405273438e+01 3.6271662184e-06 1.7026524688e-06 1.9245137496e-06
4.0466308594e+01 3.5832527291e-06 1.6823222262e-06 1.9009305029e-06
4.0527343750e+01 3.5370897804e-06 1.6604657104e-06 1.8766240700e-06
4.0588378906e+01 3.4877776180e-06 1.6367605282e-06 1.8510170898e-06
4.0649414062e+01 3.4364713965e-06 1.6120447150e-06 1.8244266815e-06
4.0710449219e+01 3.3858314129e-06 1.5875485677e-06 1.7982828453e-06
4.0771484375e+01 3.3368374362e-06 1.5636803438e-06 1.7731570924e-06
4.0832519531e+01 3.2880734875e-06 1.5401477365e-06 1.7479257510e-06
4.0893554688e+01 3.2385267191e-06 1.5169236044e-06 1.7216031147e-06
4.0954589844e+01 3.1892378971e-06 1.4943733591e-06 1.6948645379e-06
4.1015625000e+01 3.1415184671e-06 1.4725632105e-06 1.6689552566e-06
4.1076660156e+01 3.0954970141e-06 1.4512688408e-06 1.6442281733e-06
4.1137695312e+01 3.0512358999e-06 1.4306541425e-06 1.6205817574e-06
4.1198730469e+01 3.0094125666e-06 1.4111588261e-06 1.5982537405e-06
4.1259765625e+01 2.9702730114e-06 1.3927206535e-06 1.5775523579e-06
4.1320800781e+01 2.9331255313e-06 1.3746814025e-06 1.5584441288e-06
4.1381835938e+01 2.8974438935e-06 1.3567142178e-06 1.5407296757e-06
4.1442871094e+01 2.8636203227e-06 1.3394823041e-06 1.5241380186e-06
4.1503906250e+01 2.8315219516e-06 1.3236606306e-06 1.5078613210e-06
4.1564941406e+01 2.7996976891e-06 1.3088317612e-06 1.4908659279e-06
4.1625976562e+01 2.7673836705e-06 1.2942311612e-06 1.4731525093e-06
4.1687011719e+01 2.7351896456e-06 1.2796660224e-06 1.4555236232e-06
4.1748046875e+01 2.7029286791e-06 1.2650187167e-06 1.4379099624e-06
4.1809082031e+01 2.6688061714e-06 1.2496864027e-06 1.4191197687e-06
4.1870117188e+01 2.6316159624e-06 1.2331346552e-06 1.3984813072e-06
4.1931152344e+01 2.5928496874e-06 1.2158495835e-06 1.3770001040e-06
4.1992187500e+01 2.5554537608e-06 1.1991053985e-06 1.3563483623e-06
4.2053222656e+01 2.5209474001e-06 1.1836847043e-06 1.3372626959e-06
4.2114257812e+01 2.4892928879e-06 1.1694931851e-06 1.3197997029e-06
4.2175292969e+01 2.4605393580e-06 1.1561973339e-06 1.3043420241e-06
4.2236328125e+01 2.4345852542e-06 1.1434890114e-06 1.2910962428e-06
4.2297363281e+01 2.4102200190e-06 1.1310470866e-06 1.2791729324e-06
4.2358398438e+01 2.3857978212e-06 1.1186825422e-06 1.2671152790e-06
4.2419433594e+01 2.3601696248e-06 1.1062006509e-06 1.2539689739e-06
4.2480468750e+01 2.3327770918e-06 1.0932514060e-06 1.2395256859e-06
4.2541503906e+01 2.3040059628e-06 1.0798367387e-06 1.2241692241e-06
4.2602539062e+01 2.2752463719e-06 1.0665865850e-06 1.2086597869e-06
4.2663574219e+01 2.2475101973e-06 1.0539867066e-06 1.1935234907e-06
4.2724609375e+01 2.2200696672e-06 1.0415605324e-06 1.1785091348e-06
4.2785644531e+01 2.1908603489e-06 1.0281580550e-06 1.1627022939e-06
4.2846679688e+01 2.1583486637e-06 1.0131221397e-06 1.1452265240e-06
4.2907714844e+01 2.1231904499e-06 9.9704889533e-07 1.1261415545e-06
4.2968750000e+01 2.0880624400e-06 9.8132123931e-07 1.1067412007e-06
4.3029785156e+01 2.0559175149e-06 9.6712392836e-07 1.0887935865e-06
4.3090820312e+01 2.0283273227e-06 9.5492082187e-07 1.0734065008e-06
4.3151855469e+01 2.0049416770e-06 9.4442311603e-07 1.0605185610e-06
4.3212890625e+01 1.9838795214e-06 9.3473332526e-07 1.0491461961e-06
4.3273925781e+01 1.9625375467e-06 9.2465563912e-07 1.0378819076e-06
4.3334960938e+01 1.9389593586e-06 9.1337419291e-07 1.0255851657e-06
4.3395996094e+01 1.9132667775e-06 9.0112044667e-07 1.0121463308e-06
4.3457031250e+01 1.8874236984e-06 8.8888192921e-07 9.9854176922e-07
4.3518066406e+01 1.8633000647e-06 8.7733429177e-07 9.8596577291e-07
4.3579101562e+01 1.8410662592e-06 8.6628629936e-07 9.7477995986e-07
4.3640136719e+01 1.8190987556e-06 8.5502329413e-07 9.6407546151e-07
4.3701171875e+01 1.7952695247e-06 8.4295939567e-07 9.5231012906e-07
4.3762207031e+01 1.7688971549e-06 8.3018721497e-07 9.3870993990e-07
4.3823242188e+01 1.7414973378e-06 8.1748858563e-07 9.2400875216e-07
4.3884277344e+01 1.7150780988e-06 8.0554096940e-07 9.0953712945e-07
4.3945312500e+01 1.6902804450e-06 7.9429635981e-07 8.9598408514e-07
4.4006347656e+01 1.6670094283e-06 7.8345870329e-07 8.8355072506e-07
4.4067382812e+01 1.6456621990e-06 7.7306694806e-07 8.7259525091e-07
4.4128417969e+01 1.6266699499e-06 7.6330748028e-07 8.6336246959e-07
4.4189453125e+01 1.6098116784e-06 7.5430102248e-07 8.5551065596e-07
4.4250488281e+01 1.5941853543e-06 7.4603543727e-07 8.4814991699e-07
4.4311523438e+01 1.5784450339e-06 7.3818185373e-07 8.4026318013e-07
4.4372558594e+01 1.5617193475e-06 7.3029782892e-07 8.3142151861e-07
4.4433593750e+01 1.5439802945e-06 7.2211089825e-07 8.2186939622e-07
4.4494628906e+01 1.5248632062e-06 7.1324658350e-07 8.1161662265e-07
4.4555664062e+01 1.5033498987e-06 7.0318530266e-07 8.0016459604e-07
4.4616699219e+01 1.4794266545e-06 6.9194896173e-07 7.8747769272e-07
4.4677734375e+01 1.4550987994e-06 6.8049245002e-07 7.7460634941e-07
4.4738769531e+01 1.4329811897e-06 6.7004286230e-07 7.6293832736e-07
4.4799804688e+01 1.4138645022e-06 6.6102594819e-07 7.5283855401e-07
4.4860839844e+01 1.3962251868e-06 6.5287558489e-07 7.4334960190e-07
4.4921875000e+01 1.3785111395e-06 6.4498382569e-07 7.3352731378e-07
4.4982910156e+01 1.3608939536e-06 6.3738480935e-07 7.2350914428e-07
4.5043945312e+01 1.3441557220e-06 6.3031123460e-07 7.1384448737e-07
4.5104980469e+01 1.3280554925e-06 6.2358505411e-07 7.0447043842e-07
4.5166015625e+01 1.3114713632e-06 6.1666274010e-07 6.9480862314e-07
4.5227050781e+01 1.2934466162e-06 6.0900233206e-07 6.8444428418e-07
4.5288085938e+01 1.2738595107e-06 6.0038509294e-07 6.7347441780e-07
4.5349121094e+01 1.2534489104e-06 5.9104273464e-07 6.6240617576e-07
4.5410156250e+01 1.2332669096e-06 5.8147538138e-07 6.5179152827e-07
4.5471191406e+01 1.2142086664e-06 5.7222855623e-07 6.4198011012e-07
4.5532226562e+01 1.1969684607e-06 5.6378210446e-07 6.3318635628e-07
4.5593261719e+01 1.1816860732e-06 5.5628131952e-07 6.2540475368e-07
4.5654296875e+01 1.1675471178e-06 5.4933736464e-07 6.1820975314e-07
4.5715332031e+01 1.1534673155e-06 5.4239504000e-07 6.1107227552e-07
4.5776367188e+01 1.1388961474e-06 5.3519029885e-07 6.0370584857e-07
4.5837402344e+01 1.1235608829e-06 5.2769129083e-07 5.9586959210e-07
4.5898437500e+01 1.1073673023e-06 5.1996364430e-07 5.8740365799e-07
4.5959472656e+01 1.0909127832e-06 5.1226665606e-07 5.7864612711e-07
4.6020507812e+01 1.0753433743e-06 5.0501471864e-07 5.7032865570e-07
4.6081542969e+01 1.0616188863e-06 4.9856381022e-07 5.6305507612e-07
4.6142578125e+01 1.0500587245e-06 4.9303206189e-07 5.5702666260e-07
4.6203613281e+01 1.0402735866e-06 4.8825825788e-07 5.5201532871e-07
4.6264648438e+01 1.0316249433e-06 4.8401128689e-07 5.4761365638e-07
4.6325683594e+01 1.0239005138e-06 4.8021149106e-07 5.4368902274e-07
4.6386718750e+01 1.0173104712e-06 4.7687912277e-07 5.4043134839e-07
4.6447753906e+01 1.0118294915e-06 4.7398350735e-07 5.3784598420e-07
4.6508789062e+01 1.0067192368e-06 4.7131158527e-07 5.3540765149e-07
4.6569824219e+01 1.0008935231e-06 4.6844334269e-07 5.3245018038e-07
4.6630859375e+01 9.9373350530e-07 4.6501205916e-07 5.2872144614e-07
4.6691894531e+01 9.8525955362e-07 4.6095132404e-07 5.2430822958e-07
4.6752929688e+01 9.7581260655e-07 4.5642987588e-07 5.1938273067e-07
4.6813964844e+01 9.6604914510e-07 4.5175001873e-07 5.1429912637e-07
4.6875000000e+01 9.5673017014e-07 4.4725790271e-07 5.0947226743e-07
4.6936035156e+01 9.4795393274e-07 4.4306740871e-07 5.0488652403e-07
4.6997070312e+01 9.3898933056e-07 4.3893036658e-07 5.0005896398e-07
4.7058105469e+01 9.2911307545e-07 4.3451283920e-07 4.9460023625e-07
4.7119140625e+01 9.1816287246e-07 4.2965976547e-07 4.8850310698e-07
4.7180175781e+01 9.0616089487e-07 4.2433049232e-07 4.8183040255e-07
4.7241210938e+01 8.9299402196e-07 4.1847111050e-07 4.7452291146e-07
4.7302246094e+01 8.7876900596e-07 4.1209023461e-07 4.6667877135e-07
4.7363281250e+01 8.6415053425e-07 4.0543045722e-07 4.5872007704e-07
4.7424316406e+01 8.5013902419e-07 3.9898467166e-07 4.5115435253e-07
4.7485351562e+01 8.3743596143e-07 3.9316865096e-07 4.4426731046e-07
4.7546386719e+01 8.2595001401e-07 3.8791941750e-07 4.3803059651e-07
4.7607421875e+01 8.1522113204e-07 3.8287699341e-07 4.3234413863e-07
4.7668457031e+01 8.0535567982e-07 3.7800437466e-07 4.2735130516e-07
4.7729492188e+01 7.9707270460e-07 3.7374018245e-07 4.2333252216e-07
4.7790527344e+01 7.9081174260e-07 3.7050025781e-07 4.2031148479e-07
4.7851562500e+01 7.8602622276e-07 3.6814605519e-07 4.1788016757e-07
4.7912597656e+01 7.8131073554e-07 3.6596774991e-07 4.1534298563e-07
4.7973632812e+01 7.7521954197e-07 3.6319521907e-07 4.1202432290e-07
4.8034667969e+01 7.6703231810e-07 3.5946732015e-07 4.0756499795e-07
4.8095703125e+01 7.5700062009e-07 3.5491062507e-07 4.0208999502e-07
4.8156738281e+01 7.4616796760e-07 3.4999081299e-07 3.9617715461e-07
4.8217773438e+01 7.3573752547e-07 3.4521545437e-07 3.9052207109e-07
4.8278808594e+01 7.2639092245e-07 3.4085727799e-07 3.8553364446e-07
4.8339843750e+01 7.1825258295e-07 3.3696498891e-07 3.8128759405e-07
4.8400878906e+01 7.1127265655e-07 3.3353212881e-07 3.7774052774e-07
4.8461914062e+01 7.0548182801e-07 3.3061236322e-07 3.7486946479e-07
4.8522949219e+01 7.0095659364e-07 3.2831168719e-07 3.7264490646e-07
4.8583984375e+01 6.9739749439e-07 3.2656876805e-07 3.7082872634e-07
4.8645019531e+01 6.9377611391e-07 3.2493213262e-07 3.6884398129e-07
4.8706054688e+01 6.8877902204e-07 3.2273600996e-07 3.6604301208e-07
4.8767089844e+01 6.8171689679e-07 3.1958973845e-07 3.6212715834e-07
4.8828125000e+01 6.7291714531e-07 3.1564219614e-07 3.5727494918e-07
4.8889160156e+01 6.6330671047e-07 3.1134690791e-07 3.5195980255e-07
4.8950195312e+01 6.5370810756e-07 3.0705797202e-07 3.4665013553e-07
4.9011230469e+01 6.4455067537e-07 3.0291693488e-07 3.4163374049e-07
4.9072265625e+01 6.3609775707e-07 2.9901374248e-07 3.3708401459e-07
4.9133300781e+01 6.2851853272e-07 2.9544725319e-07 3.3307127953e-07
4.9194335938e+01 6.2162430437e-07 2.9220292674e-07 3.2942137763e-07
4.9255371094e+01 6.1494358915e-07 2.8913101045e-07 3.2581257870e-07
4.9316406250e+01 6.0814745574e-07 2.8606805189e-07 3.2207940384e-07
4.9377441406e+01 6.0122139398e-07 2.8291383429e-07 3.1830755969e-07
4.9438476562e+01 5.9442475119e-07 2.7968899761e-07 3.1473575358e-07
4.9499511719e+01 5.8829263637e-07 2.7662066173e-07 3.1167197464e-07
4.9560546875e+01 5.8336288384e-07 2.7404006826e-07 3.0932281558e-07
4.9621582031e+01 5.7955140748e-07 2.7203191263e-07 3.0751949484e-07
4.9682617188e+01 5.7595658217e-07 2.7025218686e-07 3.0570439531e-07
4.9743652344e+01 5.7149654112e-07 2.6819564583e-07 3.0330089529e-07
4.9804687500e+01 5.6573586140e-07 2.6563143673e-07 3.0010442467e-07
4.9865722656e+01 5.5910000825e-07 2.6275111724e-07 2.9634889102e-07
4.9926757812e+01 5.5233354720e-07 2.5990192741e-07 2.9243161979e-07
4.9987792969e+01 5.4591102786e-07 2.5728469607e-07 2.8862633178e-07
5.0048828125e+01 5.3997206991e-07 2.5491767382e-07 2.8505439610e-07
5.0109863281e+01 5.3441971617e-07 2.5266728183e-07 2.8175243434e-07
5.0170898438e+01 5.2895751962e-07 2.5027108751e-07 2.7868643211e-07
5.0231933594e+01 5.2331723612e-07 2.4750810366e-07 2.7580913246e-07
5.0292968750e+01 5.1742197500e-07 2.4434408839e-07 2.7307788662e-07
5.0354003906e+01 5.1119963782e-07 2.4086297327e-07 2.7033666455e-07
5.0415039062e+01 5.0443530219e-07 2.3715055367e-07 2.6728474851e-07
5.0476074219e+01 4.9697775459e-07 2.3328044869e-07 2.6369730590e-07
5.0537109375e+01 4.8908783533e-07 2.2938811536e-07 2.5969971997e-07
5.0598144531e+01 4.8144327312e-07 2.2571872170e-07 2.5572455142e-07
5.0659179688e+01 4.7460104647e-07 2.2248832839e-07 2.5211271808e-07
5.0720214844e+01 4.6858686736e-07 2.1971145715e-07 2.4887541021e-07
5.0781250000e+01 4.6320093772e-07 2.1729159534e-07 2.4590934238e-07
5.0842285156e+01 4.5842794983e-07 2.1520019907e-07 2.4322775076e-07
5.0903320312e+01 4.5435774332e-07 2.1345592223e-07 2.4090182110e-07
5.0964355469e+01 4.5093009064e-07 2.1199993027e-07 2.3893016037e-07
5.1025390625e+01 4.4782460693e-07 2.1064156090e-07 2.3718304603e-07
5.1086425781e+01 4.4456440596e-07 2.0913464352e-07 2.3542976245e-07
5.1147460938e+01 4.4085998228e-07 2.0736241612e-07 2.3349756616e-07
5.1208496094e+01 4.3695005957e-07 2.0548018665e-07 2.3146987292e-07
5.1269531250e+01 4.3344187105e-07 2.0380593080e-07 2.2963594025e-07
5.1330566406e+01 4.3063275158e-07 2.0248505454e-07 2.2814769704e-07
5.1391601562e+01 4.2817643175e-07 2.0133815468e-07 2.2683827707e-07
5.1452636719e+01 4.2557053215e-07 2.0011067574e-07 2.2545985641e-07
5.1513671875e+01 4.2273604571e-07 1.9876004527e-07 2.2397600044e-07
5.1574707031e+01 4.2000506775e-07 1.9744263393e-07 2.2256243382e-07
5.1635742188e+01 4.1767980548e-07 1.9630342032e-07 2.2137638516e-07
5.1696777344e+01 4.1568295026e-07 1.9531653392e-07 2.2036641634e-07
5.1757812500e+01 4.1370016748e-07 1.9433629016e-07 2.1936387733e-07
5.1818847656e+01 4.1159948529e-07 1.9328530635e-07 2.1831417893e-07
5.1879882812e+01 4.0952781889e-07 1.9222096607e-07 2.1730685281e-07
5.1940917969e+01 4.0771403313e-07 1.9124223881e-07 2.1647179431e-07
5.2001953125e+01 4.0633127497e-07 1.9041321431e-07 2.1591806066e-07
5.2062988281e+01 4.0536302900e-07 1.8973359564e-07 2.1562943336e-07
5.2124023438e+01 4.0445958310e-07 1.8909804488e-07 2.1536153822e-07
5.2185058594e+01 4.0301846628e-07 1.8830173523e-07 2.1471673105e-07
5.2246093750e+01 4.0054318266e-07 1.8715728624e-07 2.1338589642e-07
5.2307128906e+01 3.9697205238e-07 1.8561571734e-07 2.1135633504e-07
5.2368164062e+01 3.9260692663e-07 1.8374908495e-07 2.0885784168e-07
5.2429199219e+01 3.8778471849e-07 1.8166151791e-07 2.0612320058e-07
5.2490234375e+01 3.8275463562e-07 1.7946115590e-07 2.0329347971e-07
5.2551269531e+01 3.7772888449e-07 1.7724260357e-07 2.0048628093e-07
5.2612304688e+01 3.7279226712e-07 1.7501527928e-07 1.9777698784e-07
5.2673339844e+01 3.6780392050e-07 1.7269465673e-07 1.9510926377e-07
5.2734375000e+01 3.6259886766e-07 1.7022829787e-07 1.9237056979e-07
5.2795410156e+01 3.5731871290e-07 1.6770642962e-07 1.8961228328e-07
5.2856445312e+01 3.5240298926e-07 1.6531549985e-07 1.8708748941e-07
5.2917480469e+01 3.4826016149e-07 1.6322449023e-07 1.8503567125e-07
5.2978515625e+01 3.4506515212e-07 1.6153553178e-07 1.8352962034e-07
5.3039550781e+01 3.4275334906e-07 1.6025975060e-07 1.8249359846e-07
5.3100585938e+01 3.4098946536e-07 1.5927406159e-07 1.8171540377e-07
5.3161621094e+01 3.3921181721e-07 1.5834554511e-07 1.8086627211e-07
5.3222656250e+01 3.3694094367e-07 1.5727258014e-07 1.7966836353e-07
5.3283691406e+01 3.3408940023e-07 1.5600994011e-07 1.7807946012e-07
5.3344726562e+01 3.3090310463e-07 1.5463475469e-07 1.7626834994e-07
5.3405761719e+01 3.2770165568e-07 1.5324484205e-07 1.7445681363e-07
5.3466796875e+01 3.2477680573e-07 1.5194250670e-07 1.7283429903e-07
5.3527832031e+01 3.2231496401e-07 1.5081482735e-07 1.7150013666e-07
5.3588867188e+01 3.2021907221e-07 1.4983903339e-07 1.7038003881e-07
5.3649902344e+01 3.1817129293e-07 1.4888667992e-07 1.6928461301e-07
5.3710937500e+01 3.1593081213e-07 1.4785024633e-07 1.6808056579e-07
5.3771972656e+01 3.1345633441e-07 1.4669984080e-07 1.6675649360e-07
5.3833007812e+01 3.1079572120e-07 1.4543490055e-07 1.6536082065e-07
5.3894042969e+01 3.0796603050e-07 1.4404785539e-07 1.6391817511e-07
5.3955078125e+01 3.0500911346e-07 1.4257107814e-07 1.6243803533e-07
5.4016113281e+01 3.0209401864e-07 1.4111857259e-07 1.6097544605e-07
5.4077148438e+01 2.9935942281e-07 1.3979312997e-07 1.5956629284e-07
5.4138183594e+01 2.9671411973e-07 1.3857096965e-07 1.5814315008e-07
5.4199218750e+01 2.9396188290e-07 1.3734039112e-07 1.5662149178e-07
5.4260253906e+01 2.9104467035e-07 1.3603579527e-07 1.5500887507e-07
5.4321289062e+01 2.8810421388e-07 1.3471216653e-07 1.5339204735e-07
5.4382324219e+01 2.8536280247e-07 1.3348610667e-07 1.5187669580e-07
5.4443359375e+01 2.8292663073e-07 1.3239684525e-07 1.5052978548e-07
5.4504394531e+01 2.8063999795e-07 1.3133444773e-07 1.4930555022e-07
5.4565429688e+01 2.7813328960e-07 1.3011395579e-07 1.4801933382e-07
5.4626464844e+01 2.7507182882e-07 1.2860448325e-07 1.4646734557e-07
5.4687500000e+01 2.7135941407e-07 1.2677197578e-07 1.4458743829e-07
5.4748535156e+01 2.6711996459e-07 1.2465602355e-07 1.4246394105e-07
5.4809570312e+01 2.6263983496e-07 1.2240266815e-07 1.4023716682e-07
5.4870605469e+01 2.5836236869e-07 1.2028755694e-07 1.3807481175e-07
5.4931640625e+01 2.5471952257e-07 1.1857001605e-07 1.3614950651e-07
5.4992675781e+01 2.5188014840e-07 1.1730736139e-07 1.3457278700e-07
5.5053710938e+01 2.4975391517e-07 1.1638012585e-07 1.3337378932e-07
5.5114746094e+01 2.4818624710e-07 1.1566185026e-07 1.3252439683e-07
5.5175781250e+01 2.4708130324e-07 1.1511240604e-07 1.3196889720e-07
5.5236816406e+01 2.4638487748e-07 1.1473787876e-07 1.3164699872e-07
5.5297851562e+01 2.4597577823e-07 1.1450491179e-07 1.3147086644e-07
5.5358886719e+01 2.4562606572e-07 1.1432418875e-07 1.3130187697e-07
5.5419921875e+01 2.4510877740e-07 1.1410202819e-07 1.3100674921e-07
5.5480957031e+01 2.4435004275e-07 1.1378755866e-07 1.3056248409e-07
5.5541992188e+01 2.4344819258e-07 1.1337887621e-07 1.3006931637e-07
5.5603027344e+01 2.4247175170e-07 1.1287597464e-07 1.2959577706e-07
5.5664062500e+01 2.4135731271e-07 1.1227003705e-07 1.2908727566e-07
5.5725097656e+01 2.4007862120e-07 1.1159835756e-07 1.2848026364e-07
5.5786132812e+01 2.3869823948e-07 1.1092451858e-07 1.2777372089e-07
5.5847167969e+01 2.3721570785e-07 1.1025355947e-07 1.2696214838e-07
5.5908203125e+01 2.3551099456e-07 1.0951513114e-07 1.2599586342e-07
5.5969238281e+01 2.3345113626e-07 1.0862647606e-07 1.2482466019e-07
5.6030273438e+01 2.3100175487e-07 1.0755639601e-07 1.2344535886e-07
5.6091308594e+01 2.2822274894e-07 1.0632554296e-07 1.2189720598e-07
5.6152343750e+01 2.2524621890e-07 1.0498660580e-07 1.2025961310e-07
5.6213378906e+01 2.2228041044e-07 1.0362574172e-07 1.1865466872e-07
5.6274414062e+01 2.1953156083e-07 1.0233922806e-07 1.1719233277e-07
5.6335449219e+01 2.1711734722e-07 1.0119372338e-07 1.1592362384e-07
5.6396484375e+01 2.1504476603e-07 1.0020316363e-07 1.1484160239e-07
5.6457519531e+01 2.1319900117e-07 9.9320247905e-08 1.1387875327e-07
5.6518554688e+01 2.1136542287e-07 9.8450747159e-08 1.1291467571e-07
5.6579589844e+01 2.0930618056e-07 9.7485876134e-08 1.1182030443e-07
5.6640625000e+01 2.0687636597e-07 9.6350837680e-08 1.1052552829e-07
5.6701660156e+01 2.0411479595e-07 9.5049735978e-08 1.0906505998e-07
5.6762695312e+01 2.0119217318e-07 9.3647181701e-08 1.0754499148e-07
5.6823730469e+01 1.9828766401e-07 9.2216430608e-08 1.0607123340e-07
5.6884765625e+01 1.9556701510e-07 9.0839083096e-08 1.0472793201e-07
5.6945800781e+01 1.9319763272e-07 8.9619756562e-08 1.0357787616e-07
5.7006835938e+01 1.9126630912e-07 8.8640015654e-08 1.0262629347e-07
5.7067871094e+01 1.8970146189e-07 8.7896991700e-08 1.0180447019e-07
5.7128906250e+01 1.8835850554e-07 8.7316753865e-08 1.0104175167e-07
5.7189941406e+01 1.8715511544e-07 8.6815627681e-08 1.0033948776e-07
5.7250976562e+01 1.8604607303e-07 8.6322380551e-08 9.9723692476e-08
5.7312011719e+01 1.8494101818e-07 8.5779194506e-08 9.9161823676e-08
5.7373046875e+01 1.8376294199e-07 8.5169639815e-08 9.8593302177e-08
5.7434082031e+01 1.8253223632e-07 8.4525879150e-08 9.8006357173e-08
5.7495117188e+01 1.8128147791e-07 8.3871721701e-08 9.7409756208e-08
5.7556152344e+01 1.7994126196e-07 8.3181140713e-08 9.6760121243e-08
5.7617187500e+01 1.7844692723e-07 8.2435859607e-08 9.6011067622e-08
5.7678222656e+01 1.7689532653e-07 8.1690176598e-08 9.5205149935e-08
5.7739257812e+01 1.7546090940e-07 8.1028843729e-08 9.4432065675e-08
5.7800292969e+01 1.7423641899e-07 8.0497490038e-08 9.3738928956e-08
5.7861328125e+01 1.7323258765e-07 8.0097748363e-08 9.3134839290e-08
5.7922363281e+01 1.7241381917e-07 7.9790773177e-08 9.2623045995e-08
5.7983398438e+01 1.7166808648e-07 7.9488871352e-08 9.2179215123e-08
5.8044433594e+01 1.7080080015e-07 7.9087275003e-08 9.1713525149e-08
5.8105468750e+01 1.6959395422e-07 7.8512426072e-08 9.1081528148e-08
5.8166503906e+01 1.6793853400e-07 7.7757380800e-08 9.0181153196e-08
5.8227539062e+01 1.6596636137e-07 7.6902002809e-08 8.9064358564e-08
5.8288574219e+01 1.6398900991e-07 7.6069924455e-08 8.7919085450e-08
5.8349609375e+01 1.6226950648e-07 7.5342555075e-08 8.6926951408e-08
5.8410644531e+01 1.6086950129e-07 7.4725201312e-08 8.6144299981e-08
5.8471679688e+01 1.5967092633e-07 7.4174949310e-08 8.5495977017e-08
5.8532714844e+01 1.5848845941e-07 7.3638077826e-08 8.4850381586e-08
5.8593750000e+01 1.5715596843e-07 7.3065946101e-08 8.4090022328e-08
5.8654785156e+01 1.5556995744e-07 7.2414995425e-08 8.3154962019e-08
5.8715820312e+01 1.5372702427e-07 7.1656288190e-08 8.2070736078e-08
5.8776855469e+01 1.5169598690e-07 7.0784757230e-08 8.0911229666e-08
5.8837890625e+01 1.4954163677e-07 6.9817083848e-08 7.9724552921e-08
5.8898925781e+01 1.4732448231e-07 6.8791138469e-08 7.8533343844e-08
5.8959960938e+01 1.4512874396e-07 6.7754164622e-08 7.7374579339e-08
5.9020996094e+01 1.4302729469e-07 6.6741933474e-08 7.6285361218e-08
5.9082031250e+01 1.4106193884e-07 6.5783132400e-08 7.5278806438e-08
5.9143066406e+01 1.3927832133e-07 6.4914538007e-08 7.4363783326e-08
5.9204101562e+01 1.3771823409e-07 6.4160640014e-08 7.3557594077e-08
5.9265136719e+01 1.3635585873e-07 6.3501592008e-08 7.2854266724e-08
5.9326171875e+01 1.3509431761e-07 6.2888874772e-08 7.2205442841e-08
5.9387207031e+01 1.3384932303e-07 6.2289567609e-08 7.1559755424e-08
5.9448242188e+01 1.3260284488e-07 6.1698799664e-08 7.0904045218e-08
5.9509277344e+01 1.3136742386e-07 6.1118749874e-08 7.0248673982e-08
5.9570312500e+01 1.3013911053e-07 6.0545200144e-08 6.9593910390e-08
5.9631347656e+01 1.2889958000e-07 5.9971937850e-08 6.8927642148e-08
5.9692382812e+01 1.2765090221e-07 5.9399791054e-08 6.8251111155e-08
5.9753417969e+01 1.2644962160e-07 5.8849057893e-08 6.7600563705e-08
5.9814453125e+01 1.2538565331e-07 5.8356424286e-08 6.7029229020e-08
5.9875488281e+01 1.2450481911e-07 5.7942724380e-08 6.6562094732e-08
5.9936523438e+01 1.2376843996e-07 5.7589457123e-08 6.6178982833e-08
5.9997558594e+01 1.2308287410e-07 5.7250500622e-08 6.5832373477e-08
6.0058593750e+01 1.2234006413e-07 5.6875789654e-08 6.5464274476e-08
6.0119628906e+01 1.2144291255e-07 5.6426953733e-08 6.5015958814e-08
6.0180664062e+01 1.2032497607e-07 5.5884053566e-08 6.4440922499e-08
6.0241699219e+01 1.1897168160e-07 5.5245870925e-08 6.3725810680e-08
6.0302734375e+01 1.1743490290e-07 5.4528637716e-08 6.2906265187e-08
6.0363769531e+01 1.1579999466e-07 5.3760374715e-08 6.2039619945e-08
6.0424804688e+01 1.1413018758e-07 5.2973064423e-08 6.1157123158e-08
6.0485839844e+01 1.1248018483e-07 5.2205747880e-08 6.0274436946e-08
6.0546875000e+01 1.1093146169e-07 5.1498782991e-08 5.9432678699e-08
6.0607910156e+01 1.0953858960e-07 5.0862008046e-08 5.8676581556e-08
6.0668945312e+01 1.0827591990e-07 5.0270593414e-08 5.8005326485e-08
6.0729980469e+01 1.0710697528e-07 4.9714256644e-08 5.7392718632e-08
6.0791015625e+01 1.0606343488e-07 4.9220349844e-08 5.6843085035e-08
6.0852050781e+01 1.0519256146e-07 4.8809685539e-08 5.6382875920e-08
6.0913085938e+01 1.0445628963e-07 4.8456409151e-08 5.5999880482e-08
6.0974121094e+01 1.0373238700e-07 4.8105410618e-08 5.5626976381e-08
6.1035156250e+01 1.0291678385e-07 4.7717439158e-08 5.5199344690e-08
6.1096191406e+01 1.0201610561e-07 4.7297717177e-08 5.4718388437e-08
6.1157226562e+01 1.0113313952e-07 4.6888148074e-08 5.4244991451e-08
6.1218261719e+01 1.0035893142e-07 4.6531173923e-08 5.3827757495e-08
6.1279296875e+01 9.9715233322e-08 4.6248442849e-08 5.3466790473e-08
6.1340332031e+01 9.9199665310e-08 4.6047398947e-08 5.3152266364e-08
6.1401367188e+01 9.8805212859e-08 4.5913518963e-08 5.2891693897e-08
6.1462402344e+01 9.8481911106e-08 4.5797628490e-08 5.2684282616e-08
6.1523437500e+01 9.8147999196e-08 4.5646889698e-08 5.2501109497e-08
6.1584472656e+01 9.7751577628e-08 4.5445021552e-08 5.2306556076e-08
6.1645507812e+01 9.7287379062e-08 4.5202768131e-08 5.2084610931e-08
6.1706542969e+01 9.6747155483e-08 4.4920549348e-08 5.1826606136e-08
6.1767578125e+01 9.6087874171e-08 4.4580380170e-08 5.1507494001e-08
6.1828613281e+01 9.5289427589e-08 4.4179468961e-08 5.1109958628e-08
6.1889648438e+01 9.4415680250e-08 4.3752887190e-08 5.0662793061e-08
6.1950683594e+01 9.3567596614e-08 4.3345869663e-08 5.0221726951e-08
6.2011718750e+01 9.2814464423e-08 4.2985009477e-08 4.9829454946e-08
6.2072753906e+01 9.2196136192e-08 4.2687028864e-08 4.9509107327e-08
6.2133789062e+01 9.1723945027e-08 4.2461455389e-08 4.9262489638e-08
6.2194824219e+01 9.1350182158e-08 4.2289153229e-08 4.9061028929e-08
6.2255859375e+01 9.0960038438e-08 4.2112735418e-08 4.8847303020e-08
6.2316894531e+01 9.0408124653e-08 4.1859110968e-08 4.8549013685e-08
6.2377929688e+01 8.9604219144e-08 4.1486391287e-08 4.8117827857e-08
6.2438964844e+01 8.8578479496e-08 4.1012531819e-08 4.7565947677e-08
6.2500000000e+01 8.7435064620e-08 4.0489833102e-08 4.6945231519e-08
6.2561035156e+01 8.6258536152e-08 3.9959414299e-08 4.6299121853e-08
6.2622070312e+01 8.5077650580e-08 3.9432281517e-08 4.5645369063e-08
6.2683105469e+01 8.3888726586e-08 3.8900796141e-08 4.4987930445e-08
6.2744140625e+01 8.2716021322e-08 3.8370627866e-08 4.4345393456e-08
6.2805175781e+01 8.1649600680e-08 3.7881020606e-08 4.3768580074e-08
6.2866210938e+01 8.0786324400e-08 3.7476993768e-08 4.3309330632e-08
6.2927246094e+01 8.0143601974e-08 3.7168042893e-08 4.2975559081e-08
6.2988281250e+01 7.9645826431e-08 3.6921068364e-08 4.2724758067e-08
6.3049316406e+01 7.9147011191e-08 3.6670971036e-08 4.2476040155e-08
6.3110351562e+01 7.8481405844e-08 3.6345321471e-08 4.2136084374e-08
6.3171386719e+01 7.7567447374e-08 3.5913032176e-08 4.1654415198e-08
6.3232421875e+01 7.6462078695e-08 3.5407670266e-08 4.1054408430e-08
6.3293457031e+01 7.5308688848e-08 3.4897903483e-08 4.0410785365e-08
6.3354492188e+01 7.4265246775e-08 3.4448311682e-08 3.9816935093e-08
6.3415527344e+01 7.3445612649e-08 3.4095582976e-08 3.9350029673e-08
6.3476562500e+01 7.2861941409e-08 3.3834895506e-08 3.9027045904e-08
6.3537597656e+01 7.2418155825e-08 3.3624161827e-08 3.8793993998e-08
6.3598632812e+01 7.1980697751e-08 3.3408656861e-08 3.8572040889e-08
6.3659667969e+01 7.1467993474e-08 3.3151820214e-08 3.8316173260e-08
6.3720703125e+01 7.0885010569e-08 3.2853839219e-08 3.8031171351e-08
6.3781738281e+01 7.0279499552e-08 3.2541166859e-08 3.7738332693e-08
6.3842773438e+01 6.9665074116e-08 3.2232772116e-08 3.7432302000e-08
6.3903808594e+01 6.8999797346e-08 3.1920746189e-08 3.7079051157e-08
6.3964843750e+01 6.8245601689e-08 3.1587618149e-08 3.6657983540e-08
6.4025878906e+01 6.7422032283e-08 3.1233478171e-08 3.6188554112e-08
6.4086914062e+01 6.6588464691e-08 3.0877784552e-08 3.5710680140e-08
6.4147949219e+01 6.5798702518e-08 3.0540509820e-08 3.5258192698e-08
6.4208984375e+01 6.5088880642e-08 3.0234333482e-08 3.4854547161e-08
6.4270019531e+01 6.4481793642e-08 2.9970265036e-08 3.4511528606e-08
6.4331054688e+01 6.3964623150e-08 2.9746637154e-08 3.4217985996e-08
6.4392089844e+01 6.3468022925e-08 2.9530428349e-08 3.3937594576e-08
6.4453125000e+01 6.2901301409e-08 2.9273787930e-08 3.3627513478e-08
6.4514160156e+01 6.2220859687e-08 2.8956416938e-08 3.3264442748e-08
6.4575195312e+01 6.1453664757e-08 2.8598445070e-08 3.2855219687e-08
6.4636230469e+01 6.0656973033e-08 2.8233043279e-08 3.2423929754e-08
6.4697265625e+01 5.9877723942e-08 2.7881349369e-08 3.1996374574e-08
6.4758300781e+01 5.9150306369e-08 2.7553003848e-08 3.1597302521e-08
6.4819335938e+01 5.8510407382e-08 2.7259291265e-08 3.1251116117e-08
6.4880371094e+01 5.7991075941e-08 2.7016214182e-08 3.0974861759e-08
6.4941406250e+01 5.7594883056e-08 2.6829273175e-08 3.0765609881e-08
6.5002441406e+01 5.7290334667e-08 2.6687554487e-08 3.0602780180e-08
6.5063476562e+01 5.7049593429e-08 2.6581408801e-08 3.0468184628e-08
6.5124511719e+01 5.6854751438e-08 2.6504111377e-08 3.0350640061e-08
6.5185546875e+01 5.6663564427e-08 2.6430438473e-08 3.0233125954e-08
6.5246582031e+01 5.6415125236e-08 2.6320374571e-08 3.0094750664e-08
6.5307617188e+01 5.6065684037e-08 2.6144901723e-08 2.9920782314e-08
6.5368652344e+01 5.5592582029e-08 2.5893852403e-08 2.9698729625e-08
6.5429687500e+01 5.4979983552e-08 2.5569485283e-08 2.9410498269e-08
6.5490722656e+01 5.4220189575e-08 2.5182141239e-08 2.9038048335e-08
6.5551757812e+01 5.3339788332e-08 2.4753024739e-08 2.8586763593e-08
6.5612792969e+01 5.2419827653e-08 2.4320123511e-08 2.8099704142e-08
6.5673828125e+01 5.1555794461e-08 2.3924388077e-08 2.7631406384e-08
6.5734863281e+01 5.0786952646e-08 2.3579987206e-08 2.7206965440e-08
6.5795898438e+01 5.0079724768e-08 2.3268229980e-08 2.6811494788e-08
6.5856933594e+01 4.9375597510e-08 2.2962179508e-08 2.6413418002e-08
6.5917968750e+01 4.8649533952e-08 2.2650475610e-08 2.5999058342e-08
6.5979003906e+01 4.7928360719e-08 2.2339782550e-08 2.5588578169e-08
6.6040039062e+01 4.7256601711e-08 2.2040038002e-08 2.5216563709e-08
6.6101074219e+01 4.6654327631e-08 2.1752398076e-08 2.4901929555e-08
6.6162109375e+01 4.6117740334e-08 2.1475904190e-08 2.4641836144e-08
6.6223144531e+01 4.5651655865e-08 2.1223188806e-08 2.4428467058e-08
6.6284179688e+01 4.5287641601e-08 2.1022967092e-08 2.4264674509e-08
6.6345214844e+01 4.5066423259e-08 2.0903585344e-08 2.4162837915e-08
6.6406250000e+01 4.5008267739e-08 2.0874988083e-08 2.4133279655e-08
6.6467285156e+01 4.5109433799e-08 2.0928973234e-08 2.4180460565e-08
6.6528320312e+01 4.5352553029e-08 2.1049055985e-08 2.4303497043e-08
6.6589355469e+01 4.5693070455e-08 2.1208577481e-08 2.4484492974e-08
6.6650390625e+01 4.6044240132e-08 2.1366392292e-08 2.4677847840e-08
6.6711425781e+01 4.6305869632e-08 2.1480130567e-08 2.4825739065e-08
6.6772460938e+01 4.6419071943e-08 2.1527439399e-08 2.4891632544e-08
6.6833496094e+01 4.6388023460e-08 2.1511128346e-08 2.4876895114e-08
6.6894531250e+01 4.6248817904e-08 2.1444615071e-08 2.4804202833e-08
6.6955566406e+01 4.6030375347e-08 2.1337674488e-08 2.4692700860e-08
6.7016601562e+01 4.5749065016e-08 2.1196858793e-08 2.4552206223e-08
6.7077636719e+01 4.5425745391e-08 2.1034288782e-08 2.4391456609e-08
6.7138671875e+01 4.5092543033e-08 2.0870552679e-08 2.4221990355e-08
6.7199707031e+01 4.4779712242e-08 2.0726416510e-08 2.4053295732e-08
6.7260742188e+01 4.4505936455e-08 2.0613998386e-08 2.3891938069e-08
6.7321777344e+01 4.4279169691e-08 2.0533538102e-08 2.3745631590e-08
6.7382812500e+01 4.4082565819e-08 2.0468467695e-08 2.3614098124e-08
6.7443847656e+01 4.3864266070e-08 2.0387693435e-08 2.3476572635e-08
6.7504882812e+01 4.3570991077e-08 2.0266688383e-08 2.3304302694e-08
6.7565917969e+01 4.3189598700e-08 2.0104902748e-08 2.3084695952e-08
6.7626953125e+01 4.2750026562e-08 1.9919724966e-08 2.2830301596e-08
6.7687988281e+01 4.2302703447e-08 1.9731108206e-08 2.2571595241e-08
6.7749023438e+01 4.1890932379e-08 1.9553121046e-08 2.2337811333e-08
6.7810058594e+01 4.1538478442e-08 1.9395830093e-08 2.2142648349e-08
6.7871093750e+01 4.1258058886e-08 1.9268623251e-08 2.1989435635e-08
6.7932128906e+01 4.1047858494e-08 1.9172865137e-08 2.1874993357e-08
6.7993164062e+01 4.0878745154e-08 1.9095377318e-08 2.1783367835e-08
6.8054199219e+01 4.0706930309e-08 1.9016815278e-08 2.1690115031e-08
6.8115234375e+01 4.0494359775e-08 1.8920372640e-08 2.1573987136e-08
6.8176269531e+01 4.0208314282e-08 1.8789628750e-08 2.1418685532e-08
6.8237304688e+01 3.9819044765e-08 1.8608512845e-08 2.1210531920e-08
6.8298339844e+01 3.9318323568e-08 1.8372791633e-08 2.0945531935e-08
6.8359375000e+01 3.8745536617e-08 1.8103054591e-08 2.0642482026e-08
6.8420410156e+01 3.8182577800e-08 1.7839880400e-08 2.0342697400e-08
6.8481445312e+01 3.7706177907e-08 1.7617648134e-08 2.0088529773e-08
6.8542480469e+01 3.7340584108e-08 1.7442269380e-08 1.9898314728e-08
6.8603515625e+01 3.7054487511e-08 1.7296346105e-08 1.9758141406e-08
6.8664550781e+01 3.6799041882e-08 1.7161498198e-08 1.9637543684e-08
6.8725585938e+01 3.6542381538e-08 1.7029416773e-08 1.9512964765e-08
6.8786621094e+01 3.6267203302e-08 1.6893912219e-08 1.9373291083e-08
6.8847656250e+01 3.5955350559e-08 1.6743471981e-08 1.9211878578e-08
6.8908691406e+01 3.5591561948e-08 1.6567506728e-08 1.9024055219e-08
6.8969726562e+01 3.5170924693e-08 1.6363985762e-08 1.8806938932e-08
6.9030761719e+01 3.4693509352e-08 1.6135969320e-08 1.8557540032e-08
6.9091796875e+01 3.4168426478e-08 1.5888093790e-08 1.8280332688e-08
6.9152832031e+01 3.3631154838e-08 1.5633052888e-08 1.7998101950e-08
6.9213867188e+01 3.3137878095e-08 1.5393909054e-08 1.7743969041e-08
6.9274902344e+01 3.2727017890e-08 1.5189671485e-08 1.7537346405e-08
6.9335937500e+01 3.2387862524e-08 1.5018777009e-08 1.7369085515e-08
6.9396972656e+01 3.2077093388e-08 1.4864226532e-08 1.7212866856e-08
6.9458007812e+01 3.1763308910e-08 1.4712927216e-08 1.7050381694e-08
6.9519042969e+01 3.1440475669e-08 1.4560342259e-08 1.6880133410e-08
6.9580078125e+01 3.1111598922e-08 1.4403596990e-08 1.6708001932e-08
6.9641113281e+01 3.0782611127e-08 1.4242592043e-08 1.6540019084e-08
6.9702148438e+01 3.0462451518e-08 1.4082346148e-08 1.6380105370e-08
6.9763183594e+01 3.0155947558e-08 1.3927883717e-08 1.6228063841e-08
6.9824218750e+01 2.9858518210e-08 1.3779327474e-08 1.6079190736e-08
6.9885253906e+01 2.9564261933e-08 1.3635258896e-08 1.5929003037e-08
6.9946289062e+01 2.9286265496e-08 1.3502686937e-08 1.5783578558e-08
7.0007324219e+01 2.9058934599e-08 1.3398657005e-08 1.5660277594e-08
7.0068359375e+01 2.8904339238e-08 1.3334765084e-08 1.5569574154e-08
7.0129394531e+01 2.8804095570e-08 1.3302551939e-08 1.5501543631e-08
7.0190429688e+01 2.8716491470e-08 1.3279543182e-08 1.5436948288e-08
7.0251464844e+01 2.8607334816e-08 1.3245053413e-08 1.5362281402e-08
7.0312500000e+01 2.8455180206e-08 1.3186182936e-08 1.5268997270e-08
7.0373535156e+01 2.8245447806e-08 1.3096262375e-08 1.5149185431e-08
7.0434570312e+01 2.7973296758e-08 1.2975397011e-08 1.4997899747e-08
7.0495605469e+01 2.7657277312e-08 1.2834687763e-08 1.4822589548e-08
7.0556640625e+01 2.7346150754e-08 1.2696237477e-08 1.4649913278e-08
7.0617675781e+01 2.7092726973e-08 1.2581523712e-08 1.4511203261e-08
7.0678710938e+01 2.6919193917e-08 1.2499369214e-08 1.4419824703e-08
7.0739746094e+01 2.6813787889e-08 1.2446327828e-08 1.4367460061e-08
7.0800781250e+01 2.6747137096e-08 1.2413018380e-08 1.4334118715e-08
7.0861816406e+01 2.6685138712e-08 1.2387655950e-08 1.4297482762e-08
7.0922851562e+01 2.6594932076e-08 1.2356858214e-08 1.4238073862e-08
7.0983886719e+01 2.6450440929e-08 1.2307525473e-08 1.4142915457e-08
7.1044921875e+01 2.6242434445e-08 1.2231647162e-08 1.4010787283e-08
7.1105957031e+01 2.5980165512e-08 1.2128749494e-08 1.3851416017e-08
7.1166992188e+01 2.5678900567e-08 1.2003085192e-08 1.3675815376e-08
7.1228027344e+01 2.5350509679e-08 1.1860483962e-08 1.3490025716e-08
7.1289062500e+01 2.5006345753e-08 1.1708123426e-08 1.3298222326e-08
7.1350097656e+01 2.4666225412e-08 1.1556518343e-08 1.3109707069e-08
7.1411132812e+01 2.4361040222e-08 1.1419536706e-08 1.2941503516e-08
7.1472167969e+01 2.4117923632e-08 1.1307978617e-08 1.2809945016e-08
7.1533203125e+01 2.3939803797e-08 1.1222124225e-08 1.2717679572e-08
7.1594238281e+01 2.3806234612e-08 1.1153467276e-08 1.2652767336e-08
7.1655273438e+01 2.3691709707e-08 1.1092181965e-08 1.2599527742e-08
7.1716308594e+01 2.3572447540e-08 1.1028478902e-08 1.2543968638e-08
7.1777343750e+01 2.3423223115e-08 1.0950742624e-08 1.2472480490e-08
7.1838378906e+01 2.3227716904e-08 1.0851063869e-08 1.2376653034e-08
7.1899414062e+01 2.2994203976e-08 1.0732796521e-08 1.2261407455e-08
7.1960449219e+01 2.2752706748e-08 1.0609273243e-08 1.2143433504e-08
7.2021484375e+01 2.2536694570e-08 1.0496075506e-08 1.2040619064e-08
7.2082519531e+01 2.2365625109e-08 1.0403293862e-08 1.1962331247e-08
7.2143554688e+01 2.2239147334e-08 1.0332118369e-08 1.1907028965e-08
7.2204589844e+01 2.2145928266e-08 1.0277930058e-08 1.1867998207e-08
7.2265625000e+01 2.2072462825e-08 1.0233785899e-08 1.1838676926e-08
7.2326660156e+01 2.1999977334e-08 1.0189848205e-08 1.1810129128e-08
7.2387695312e+01 2.1900755530e-08 1.0132950934e-08 1.1767804597e-08
7.2448730469e+01 2.1745797632e-08 1.0049794244e-08 1.1696003389e-08
7.2509765625e+01 2.1518224540e-08 9.9328915412e-09 1.1585332998e-08
7.2570800781e+01 2.1219700687e-08 9.7845313256e-09 1.1435169362e-08
7.2631835938e+01 2.0869954656e-08 9.6160537679e-09 1.1253900889e-08
7.2692871094e+01 2.0506381141e-08 9.4454266105e-09 1.1060954530e-08
7.2753906250e+01 2.0176846376e-08 9.2933164841e-09 1.0883529892e-08
7.2814941406e+01 1.9921475013e-08 9.1760275585e-09 1.0745447455e-08
7.2875976562e+01 1.9755413987e-08 9.0992472660e-09 1.0656166721e-08
7.2937011719e+01 1.9662313651e-08 9.0567040173e-09 1.0605609634e-08
7.2998046875e+01 1.9603346803e-08 9.0336095959e-09 1.0569737207e-08
7.3059082031e+01 1.9539112470e-08 9.0128513419e-09 1.0526261128e-08
7.3120117188e+01 1.9444661607e-08 8.9801829462e-09 1.0464478661e-08
7.3181152344e+01 1.9308019165e-08 8.9271536979e-09 1.0380865467e-08
7.3242187500e+01 1.9127887970e-08 8.8535048805e-09 1.0274383089e-08
7.3303222656e+01 1.8915786928e-08 8.7664381405e-09 1.0149348788e-08
7.3364257812e+01 1.8694600534e-08 8.6765346283e-09 1.0018065906e-08
7.3425292969e+01 1.8493650636e-08 8.5953630125e-09 9.8982876237e-09
7.3486328125e+01 1.8337214426e-08 8.5327575235e-09 9.8044569023e-09
7.3547363281e+01 1.8229832534e-08 8.4918857988e-09 9.7379467350e-09
7.3608398438e+01 1.8156651064e-08 8.4680474607e-09 9.6886036029e-09
7.3669433594e+01 1.8096577727e-08 8.4514860942e-09 9.6450916332e-09
7.3730468750e+01 1.8030651108e-08 8.4309173771e-09 9.5997337310e-09
7.3791503906e+01 1.7945574270e-08 8.3984067294e-09 9.5471675402e-09
7.3852539062e+01 1.7835651295e-08 8.3519068737e-09 9.4837444214e-09
7.3913574219e+01 1.7700060698e-08 8.2920753531e-09 9.4079853445e-09
7.3974609375e+01 1.7540142569e-08 8.2193848081e-09 9.3207577613e-09
7.4035644531e+01 1.7362028053e-08 8.1362321993e-09 9.2257958533e-09
7.4096679688e+01 1.7180588661e-08 8.0498922630e-09 9.1306963978e-09
7.4157714844e+01 1.7016505892e-08 7.9706472016e-09 9.0458586903e-09
7.4218750000e+01 1.6883627573e-08 7.9048725115e-09 8.9787550612e-09
7.4279785156e+01 1.6777061778e-08 7.8499803435e-09 8.9270814347e-09
7.4340820312e+01 1.6677007771e-08 7.7976900991e-09 8.8793176715e-09
7.4401855469e+01 1.6564882725e-08 7.7408712223e-09 8.8240115031e-09
7.4462890625e+01 1.6432425637e-08 7.6754855757e-09 8.7569400610e-09
7.4523925781e+01 1.6278636440e-08 7.5991135717e-09 8.6795228683e-09
7.4584960938e+01 1.6103352837e-08 7.5102033699e-09 8.5931494672e-09
7.4645996094e+01 1.5901941250e-08 7.4070794105e-09 8.4948618391e-09
7.4707031250e+01 1.5667702127e-08 7.2882682099e-09 8.3794339169e-09
7.4768066406e+01 1.5402992026e-08 7.1558484813e-09 8.2471435449e-09
7.4829101562e+01 1.5123208414e-08 7.0172209177e-09 8.1059874965e-09
7.4890136719e+01 1.4848225995e-08 6.8827820879e-09 7.9654439074e-09
7.4951171875e+01 1.4593642534e-08 6.7616275809e-09 7.8320149528e-09
7.5012207031e+01 1.4366266789e-08 6.6569683116e-09 7.7092984775e-09
7.5073242188e+01 1.4162408532e-08 6.5648106861e-09 7.5975978463e-09
7.5134277344e+01 1.3973370475e-08 6.4787586377e-09 7.4946118368e-09
7.5195312500e+01 1.3795822904e-08 6.3962596575e-09 7.3995632462e-09
7.5256347656e+01 1.3634402714e-08 6.3193333767e-09 7.3150693376e-09
7.5317382812e+01 1.3492965658e-08 6.2500203649e-09 7.2429452932e-09
7.5378417969e+01 1.3368648100e-08 6.1876769426e-09 7.1809711571e-09
7.5439453125e+01 1.3257210328e-08 6.1314193457e-09 7.1257909826e-09
7.5500488281e+01 1.3156133813e-08 6.0812671015e-09 7.0748667113e-09
7.5561523438e+01 1.3059808342e-08 6.0353807550e-09 7.0244275868e-09
7.5622558594e+01 1.2962614321e-08 5.9911510335e-09 6.9714632879e-09
7.5683593750e+01 1.2867990841e-08 5.9498086957e-09 6.9181821456e-09
7.5744628906e+01 1.2785280878e-08 5.9156124168e-09 6.8696684609e-09
7.5805664062e+01 1.2719437906e-08 5.8907749015e-09 6.8286630047e-09
7.5866699219e+01 1.2668008680e-08 5.8730216242e-09 6.7949870563e-09
7.5927734375e+01 1.2626101329e-08 5.8577533489e-09 6.7683479805e-09
7.5988769531e+01 1.2593056635e-08 5.8424611622e-09 6.7505954729e-09
7.6049804688e+01 1.2571249168e-08 5.8279361213e-09 6.7433130466e-09
7.6110839844e+01 1.2557983964e-08 5.8150323478e-09 6.7429516159e-09
7.6171875000e+01 1.2546214080e-08 5.8033107472e-09 6.7429033325e-09
7.6232910156e+01 1.2534905972e-08 5.7937578727e-09 6.7411480995e-09
7.6293945312e+01 1.2529528700e-08 5.7889699223e-09 6.7405587775e-09
7.6354980469e+01 1.2529224981e-08 5.7884961141e-09 6.7407288672e-09
7.6416015625e+01 1.2521735922e-08 5.7869983740e-09 6.7347375483e-09
7.6477050781e+01 1.2495604595e-08 5.7794524001e-09 6.7161521946e-09
7.6538085938e+01 1.2452839103e-08 5.7668106809e-09 6.6860284225e-09
7.6599121094e+01 1.2405586303e-08 5.7546075435e-09 6.6509787593e-09
7.6660156250e+01 1.2362568078e-08 5.7460635501e-09 6.6165045279e-09
7.6721191406e+01 1.2322279408e-08 5.7378280737e-09 6.5844513344e-09
7.6782226562e+01 1.2278013887e-08 5.7230576969e-09 6.5549561900e-09
7.6843261719e+01 1.2224775478e-08 5.6978778751e-09 6.5268976029e-09
7.6904296875e+01 1.2159858832e-08 5.6634426889e-09 6.4964161434e-09
7.6965332031e+01 1.2080791031e-08 5.6223469205e-09 6.4584441107e-09
7.7026367188e+01 1.1987299592e-08 5.5760990318e-09 6.4112005599e-09
7.7087402344e+01 1.1883243881e-08 5.5259429600e-09 6.3573009207e-09
7.7148437500e+01 1.1772578673e-08 5.4728971161e-09 6.2996815567e-09
7.7209472656e+01 1.1655824511e-08 5.4171569208e-09 6.2386675902e-09
7.7270507812e+01 1.1532393727e-08 5.3589276901e-09 6.1734660374e-09
7.7331542969e+01 1.1403081687e-08 5.2987427939e-09 6.1043388930e-09
7.7392578125e+01 1.1267961797e-08 5.2360496827e-09 6.0319121142e-09
7.7453613281e+01 1.1122706073e-08 5.1681383709e-09 5.9545677024e-09
7.7514648438e+01 1.0961328355e-08 5.0921259109e-09 5.8692024446e-09
7.7575683594e+01 1.0784929656e-08 5.0086449226e-09 5.7762847330e-09
7.7636718750e+01 1.0604231898e-08 4.9224766835e-09 5.6817552144e-09
7.7697753906e+01 1.0431657516e-08 4.8392393236e-09 5.5924181920e-09
7.7758789062e+01 1.0272273553e-08 4.7616063231e-09 5.5106672295e-09
7.7819824219e+01 1.0124396801e-08 4.6891632838e-09 5.4352335173e-09
7.7880859375e+01 9.9886624891e-09 4.6220839860e-09 5.3665785031e-09
7.7941894531e+01 9.8707120206e-09 4.5626946118e-09 5.3080174088e-09
7.8002929688e+01 9.7728306555e-09 4.5122356689e-09 5.2605949865e-09
7.8063964844e+01 9.6890149133e-09 4.4683071610e-09 5.2207077523e-09
7.8125000000e+01 9.6109483124e-09 4.4268673203e-09 5.1840809921e-09
7.8186035156e+01 9.5342851368e-09 4.3855269219e-09 5.1487582149e-09
7.8247070312e+01 9.4572057443e-09 4.3439707754e-09 5.1132349689e-09
7.8308105469e+01 9.3776459655e-09 4.3023511798e-09 5.0752947857e-09
7.8369140625e+01 9.2952925696e-09 4.2609129729e-09 5.0343795968e-09
7.8430175781e+01 9.2138032502e-09 4.2209676848e-09 4.9928355654e-09
7.8491210938e+01 9.1398828809e-09 4.1853656908e-09 4.9545171901e-09
7.8552246094e+01 9.0823394311e-09 4.1583977236e-09 4.9239417075e-09
7.8613281250e+01 9.0495428205e-09 4.1444028953e-09 4.9051399252e-09
7.8674316406e+01 9.0433194874e-09 4.1444008369e-09 4.8989186505e-09
7.8735351562e+01 9.0567130269e-09 4.1544278088e-09 4.9022852181e-09
7.8796386719e+01 9.0781992524e-09 4.1677695303e-09 4.9104297221e-09
7.8857421875e+01 9.0953363695e-09 4.1778461912e-09 4.9174901782e-09
7.8918457031e+01 9.0963522166e-09 4.1795739651e-09 4.9167782515e-09
7.8979492188e+01 9.0728463684e-09 4.1701447253e-09 4.9027016431e-09
7.9040527344e+01 9.0231044248e-09 4.1497210727e-09 4.8733833521e-09
7.9101562500e+01 8.9532648315e-09 4.1211503875e-09 4.8321144440e-09
7.9162597656e+01 8.8750118207e-09 4.0887698380e-09 4.7862419828e-09
7.9223632812e+01 8.8000786105e-09 4.0569851071e-09 4.7430935033e-09
7.9284667969e+01 8.7342220993e-09 4.0285109488e-09 4.7057111505e-09
7.9345703125e+01 8.6772515630e-09 4.0041017954e-09 4.6731497675e-09
7.9406738281e+01 8.6279730152e-09 3.9839920538e-09 4.6439809615e-09
7.9467773438e+01 8.5837501732e-09 3.9670868254e-09 4.6166633479e-09
7.9528808594e+01 8.5376701919e-09 3.9494107335e-09 4.5882594584e-09
7.9589843750e+01 8.4815891894e-09 3.9260303596e-09 4.5555588298e-09
7.9650878906e+01 8.4090448607e-09 3.8934928727e-09 4.5155519879e-09
7.9711914062e+01 8.3163715455e-09 3.8507253984e-09 4.4656461471e-09
7.9772949219e+01 8.2065630220e-09 3.8001227640e-09 4.4064402580e-09
7.9833984375e+01 8.0898331823e-09 3.7470609307e-09 4.3427722516e-09
7.9895019531e+01 7.9784437159e-09 3.6971417908e-09 4.2813019250e-09
7.9956054688e+01 7.8817307561e-09 3.6539069934e-09 4.2278237627e-09
8.0017089844e+01 7.8026731662e-09 3.6180202147e-09 4.1846529515e-09
8.0078125000e+01 7.7379322298e-09 3.5881889213e-09 4.1497433085e-09
8.0139160156e+01 7.6813218035e-09 3.5625047684e-09 4.1188170351e-09
8.0200195312e+01 7.6251439973e-09 3.5380802455e-09 4.0870637517e-09
8.0261230469e+01 7.5618751656e-09 3.5115011016e-09 4.0503740640e-09
8.0322265625e+01 7.4885684945e-09 3.4808967284e-09 4.0076717661e-09
8.0383300781e+01 7.4076905804e-09 3.4461638440e-09 3.9615267364e-09
8.0444335938e+01 7.3238588101e-09 3.4079218548e-09 3.9159369553e-09
8.0505371094e+01 7.2401183977e-09 3.3669953494e-09 3.8731230483e-09
8.0566406250e+01 7.1567386511e-09 3.3243879156e-09 3.8323507355e-09
8.0627441406e+01 7.0744674254e-09 3.2819899945e-09 3.7924774309e-09
8.0688476562e+01 6.9960973769e-09 3.2422093140e-09 3.7538880629e-09
8.0749511719e+01 6.9228034068e-09 3.2058663598e-09 3.7169370469e-09
8.0810546875e+01 6.8522090067e-09 3.1715098345e-09 3.6806991721e-09
8.0871582031e+01 6.7811710041e-09 3.1372608737e-09 3.6439101304e-09
8.0932617188e+01 6.7086663875e-09 3.1026950072e-09 3.6059713803e-09
8.0993652344e+01 6.6358997043e-09 3.0688448783e-09 3.5670548260e-09
8.1054687500e+01 6.5648437131e-09 3.0369278318e-09 3.5279158813e-09
8.1115722656e+01 6.4966675656e-09 3.0072644263e-09 3.4894031393e-09
8.1176757812e+01 6.4309402191e-09 2.9790823624e-09 3.4518578567e-09
8.1237792969e+01 6.3674791084e-09 2.9515386782e-09 3.4159404303e-09
8.1298828125e+01 6.3091119277e-09 2.9250597298e-09 3.3840521980e-09
8.1359863281e+01 6.2610115939e-09 2.9013779056e-09 3.3596336883e-09
8.1420898438e+01 6.2276617069e-09 2.8827095657e-09 3.3449521412e-09
8.1481933594e+01 6.2103118809e-09 2.8708304795e-09 3.3394814014e-09
8.1542968750e+01 6.2053559734e-09 2.8657378346e-09 3.3396181388e-09
8.1604003906e+01 6.2047288486e-09 2.8647406503e-09 3.3399881983e-09
8.1665039062e+01 6.1987223835e-09 2.8632251207e-09 3.3354972628e-09
8.1726074219e+01 6.1801737594e-09 2.8570629996e-09 3.3231107598e-09
8.1787109375e+01 6.1477176367e-09 2.8447642642e-09 3.3029533725e-09
8.1848144531e+01 6.1050121666e-09 2.8272398915e-09 3.2777722751e-09
8.1909179688e+01 6.0578333151e-09 2.8065922116e-09 3.2512411035e-09
8.1970214844e+01 6.0129648431e-09 2.7860458322e-09 3.2269190109e-09
8.2031250000e+01 5.9769821993e-09 2.7692803512e-09 3.2077018480e-09
8.2092285156e+01 5.9538333300e-09 2.7584731092e-09 3.1953602209e-09
8.2153320312e+01 5.9444627466e-09 2.7536980550e-09 3.1907646916e-09
8.2214355469e+01 5.9477467485e-09 2.7539221502e-09 3.1938245983e-09
8.2275390625e+01 5.9611030198e-09 2.7580091863e-09 3.2030938336e-09
8.2336425781e+01 5.9822507430e-09 2.7655764623e-09 3.2166742807e-09
8.2397460938e+01 6.0091764126e-09 2.7765816744e-09 3.2325947382e-09
8.2458496094e+01 6.0363222208e-09 2.7892040125e-09 3.2471182083e-09
8.2519531250e+01 6.0539250170e-09 2.7992604170e-09 3.2546646000e-09
8.2580566406e+01 6.0534830672e-09 2.8025859986e-09 3.2508970686e-09
8.2641601562e+01 6.0328086763e-09 2.7975114607e-09 3.2352972156e-09
8.2702636719e+01 5.9973302180e-09 2.7858590631e-09 3.2114711549e-09
8.2763671875e+01 5.9585752186e-09 2.7726082824e-09 3.1859669362e-09
8.2824707031e+01 5.9285934036e-09 2.7633581969e-09 3.1652352068e-09
8.2885742188e+01 5.9124356962e-09 2.7605367705e-09 3.1518989257e-09
8.2946777344e+01 5.9055443648e-09 2.7618850112e-09 3.1436593536e-09
8.3007812500e+01 5.8979321283e-09 2.7624349389e-09 3.1354971894e-09
8.3068847656e+01 5.8808272540e-09 2.7577389809e-09 3.1230882731e-09
8.3129882812e+01 5.8510701365e-09 2.7460376084e-09 3.1050325282e-09
8.3190917969e+01 5.8102143406e-09 2.7282231131e-09 3.0819912274e-09
8.3251953125e+01 5.7606871517e-09 2.7061260832e-09 3.0545610685e-09
8.3312988281e+01 5.7043634007e-09 2.6811444561e-09 3.0232189446e-09
8.3374023438e+01 5.6427780327e-09 2.6538114673e-09 2.9889665655e-09
8.3435058594e+01 5.5771109772e-09 2.6241010703e-09 2.9530099069e-09
8.3496093750e+01 5.5099955410e-09 2.5928740499e-09 2.9171214910e-09
8.3557128906e+01 5.4470198113e-09 2.5628622979e-09 2.8841575134e-09
8.3618164062e+01 5.3947574757e-09 2.5375825160e-09 2.8571749597e-09
8.3679199219e+01 5.3574129426e-09 2.5193306957e-09 2.8380822469e-09
8.3740234375e+01 5.3337715935e-09 2.5074278287e-09 2.8263437648e-09
8.3801269531e+01 5.3165512383e-09 2.4980100284e-09 2.8185412099e-09
8.3862304688e+01 5.2962860985e-09 2.4862705277e-09 2.8100155708e-09
8.3923339844e+01 5.2657506364e-09 2.4689016385e-09 2.7968489978e-09
8.3984375000e+01 5.2214660451e-09 2.4448611227e-09 2.7766049224e-09
8.4045410156e+01 5.1640901167e-09 2.4152272485e-09 2.7488628682e-09
8.4106445312e+01 5.0986760339e-09 2.3827079091e-09 2.7159681248e-09
8.4167480469e+01 5.0333319249e-09 2.3507012089e-09 2.6826307160e-09
8.4228515625e+01 4.9756553237e-09 2.3220580039e-09 2.6535973198e-09
8.4289550781e+01 4.9293594749e-09 2.2981527787e-09 2.6312066963e-09
8.4350585938e+01 4.8938737376e-09 2.2788841767e-09 2.6149895609e-09
8.4411621094e+01 4.8665650246e-09 2.2634615661e-09 2.6031034585e-09
8.4472656250e+01 4.8445429203e-09 2.2508758230e-09 2.5936670973e-09
8.4533691406e+01 4.8235476606e-09 2.2391943903e-09 2.5843532703e-09
8.4594726562e+01 4.7966087800e-09 2.2250573970e-09 2.5715513830e-09
8.4655761719e+01 4.7563687917e-09 2.2048859052e-09 2.5514828865e-09
8.4716796875e+01 4.6991268261e-09 2.1767377624e-09 2.5223890637e-09
8.4777832031e+01 4.6268196892e-09 2.1413092950e-09 2.4855103942e-09
8.4838867188e+01 4.5458677896e-09 2.1016480011e-09 2.4442197885e-09
8.4899902344e+01 4.4644070144e-09 2.0619602011e-09 2.4024468133e-09
8.4960937500e+01 4.3899779531e-09 2.0262200362e-09 2.3637579169e-09
8.5021972656e+01 4.3273659941e-09 1.9967209458e-09 2.3306450483e-09
8.5083007812e+01 4.2765554644e-09 1.9731383003e-09 2.3034171641e-09
8.5144042969e+01 4.2330680786e-09 1.9531495702e-09 2.2799185084e-09
8.5205078125e+01 4.1907707654e-09 1.9339399982e-09 2.2568307672e-09
8.5266113281e+01 4.1442644961e-09 1.9130340100e-09 2.2312304861e-09
8.5327148438e+01 4.0902841443e-09 1.8887692653e-09 2.2015148790e-09
8.5388183594e+01 4.0289359571e-09 1.8610189748e-09 2.1679169824e-09
8.5449218750e+01 3.9631503859e-09 1.8311423764e-09 2.1320080095e-09
8.5510253906e+01 3.8966002920e-09 1.8010875669e-09 2.0955127252e-09
8.5571289062e+01 3.8332451527e-09 1.7729078697e-09 2.0603372830e-09
8.5632324219e+01 3.7782439794e-09 1.7488340323e-09 2.0294099471e-09
8.5693359375e+01 3.7372276007e-09 1.7311711346e-09 2.0060564661e-09
8.5754394531e+01 3.7139820209e-09 1.7217462889e-09 1.9922357320e-09
8.5815429688e+01 3.7089920426e-09 1.7211569048e-09 1.9878351378e-09
8.5876464844e+01 3.7192412934e-09 1.7281484055e-09 1.9910928879e-09
8.5937500000e+01 3.7384910220e-09 1.7395890350e-09 1.9989019870e-09
8.5998535156e+01 3.7583465156e-09 1.7513448837e-09 2.0070016320e-09
8.6059570312e+01 3.7704396392e-09 1.7596191833e-09 2.0108204560e-09
8.6120605469e+01 3.7699167220e-09 1.7623478771e-09 2.0075688449e-09
8.6181640625e+01 3.7581897168e-09 1.7600343784e-09 1.9981553384e-09
8.6242675781e+01 3.7411726677e-09 1.7550234476e-09 1.9861492201e-09
8.6303710938e+01 3.7249765118e-09 1.7499884811e-09 1.9749880307e-09
8.6364746094e+01 3.7142114094e-09 1.7472047710e-09 1.9670066384e-09
8.6425781250e+01 3.7120482766e-09 1.7481796608e-09 1.9638686158e-09
8.6486816406e+01 3.7195096163e-09 1.7531235083e-09 1.9663861080e-09
8.6547851562e+01 3.7350297431e-09 1.7610010281e-09 1.9740287150e-09
8.6608886719e+01 3.7547894173e-09 1.7700281984e-09 1.9847612189e-09
8.6669921875e+01 3.7731380216e-09 1.7778488385e-09 1.9952891831e-09
8.6730957031e+01 3.7835419942e-09 1.7815844534e-09 2.0019575408e-09
8.6791992188e+01 3.7803667491e-09 1.7783729923e-09 2.0019937568e-09
8.6853027344e+01 3.7605561270e-09 1.7664614265e-09 1.9940947005e-09
8.6914062500e+01 3.7243142704e-09 1.7461421744e-09 1.9781720960e-09
8.6975097656e+01 3.6748740452e-09 1.7196441316e-09 1.9552299136e-09
8.7036132812e+01 3.6177502539e-09 1.6900952136e-09 1.9276550403e-09
8.7097167969e+01 3.5593008018e-09 1.6604891536e-09 1.8988116482e-09
8.7158203125e+01 3.5049471842e-09 1.6331720586e-09 1.8717751256e-09
8.7219238281e+01 3.4584416635e-09 1.6097104341e-09 1.8487312294e-09
8.7280273438e+01 3.4214378888e-09 1.5905609739e-09 1.8308769148e-09
8.7341308594e+01 3.3920500083e-09 1.5744911935e-09 1.8175588148e-09
8.7402343750e+01 3.3645773081e-09 1.5587608773e-09 1.8058164308e-09
8.7463378906e+01 3.3316507114e-09 1.5401998549e-09 1.7914508565e-09
8.7524414062e+01 3.2868401258e-09 1.5161723543e-09 1.7706677715e-09
8.7585449219e+01 3.2270627876e-09 1.4853849132e-09 1.7416778744e-09
8.7646484375e+01 3.1546225809e-09 1.4488430480e-09 1.7057795328e-09
8.7707519531e+01 3.0766759210e-09 1.4099359097e-09 1.6667400113e-09
8.7768554688e+01 3.0016344150e-09 1.3728977243e-09 1.6287366907e-09
8.7829589844e+01 2.9359819043e-09 1.3410396405e-09 1.5949422638e-09
8.7890625000e+01 2.8839111299e-09 1.3163502683e-09 1.5675608615e-09
8.7951660156e+01 2.8475123992e-09 1.2997408825e-09 1.5477715167e-09
8.8012695312e+01 2.8257628269e-09 1.2907494417e-09 1.5350133852e-09
8.8073730469e+01 2.8141936686e-09 1.2872177157e-09 1.5269759528e-09
8.8134765625e+01 2.8061087964e-09 1.2856232543e-09 1.5204855422e-09
8.8195800781e+01 2.7944943073e-09 1.2821567873e-09 1.5123375200e-09
8.8256835938e+01 2.7741287009e-09 1.2741824517e-09 1.4999462492e-09
8.8317871094e+01 2.7429601145e-09 1.2609528111e-09 1.4820073033e-09
8.8378906250e+01 2.7024534538e-09 1.2433741999e-09 1.4590792539e-09
8.8439941406e+01 2.6576228040e-09 1.2238206326e-09 1.4338021714e-09
8.8500976562e+01 2.6161950680e-09 1.2059563427e-09 1.4102387254e-09
8.8562011719e+01 2.5858428574e-09 1.1936362122e-09 1.3922066452e-09
8.8623046875e+01 2.5708834505e-09 1.1891935548e-09 1.3816898956e-09
8.8684082031e+01 2.5710340611e-09 1.1925122504e-09 1.3785218108e-09
8.8745117188e+01 2.5823540451e-09 1.2013774388e-09 1.3809766063e-09
8.8806152344e+01 2.5989027409e-09 1.2125461672e-09 1.3863565737e-09
8.8867187500e+01 2.6145674486e-09 1.2229637426e-09 1.3916037060e-09
8.8928222656e+01 2.6247058816e-09 1.2305288066e-09 1.3941770750e-09
8.8989257812e+01 2.6267480462e-09 1.2340696907e-09 1.3926783555e-09
8.9050292969e+01 2.6198319667e-09 1.2330466993e-09 1.3867852673e-09
8.9111328125e+01 2.6046183163e-09 1.2275893820e-09 1.3770289343e-09
8.9172363281e+01 2.5837461108e-09 1.2187890920e-09 1.3649570189e-09
8.9233398438e+01 2.5618456593e-09 1.2087151019e-09 1.3531305574e-09
8.9294433594e+01 2.5439822259e-09 1.1997630469e-09 1.3442191790e-09
8.9355468750e+01 2.5332607844e-09 1.1936314909e-09 1.3396292935e-09
8.9416503906e+01 2.5292199598e-09 1.1904955891e-09 1.3387243707e-09
8.9477539062e+01 2.5279907550e-09 1.1887958990e-09 1.3391948560e-09
8.9538574219e+01 2.5241143362e-09 1.1859304742e-09 1.3381838621e-09
8.9599609375e+01 2.5124457178e-09 1.1793486384e-09 1.3330970793e-09
8.9660644531e+01 2.4892776315e-09 1.1672880193e-09 1.3219896121e-09
8.9721679688e+01 2.4533117432e-09 1.1491373865e-09 1.3041743568e-09
8.9782714844e+01 2.4061775655e-09 1.1255931428e-09 1.2805844227e-09
8.9843750000e+01 2.3519122467e-09 1.0985367955e-09 1.2533754511e-09
8.9904785156e+01 2.2958008668e-09 1.0705524875e-09 1.2252483793e-09
8.9965820312e+01 2.2430477237e-09 1.0442216332e-09 1.1988260904e-09
9.0026855469e+01 2.1975303436e-09 1.0214553135e-09 1.1760750302e-09
9.0087890625e+01 2.1610983945e-09 1.0031021677e-09 1.1579962268e-09
9.0148925781e+01 2.1339372602e-09 9.8910259692e-10 1.1448346633e-09
9.0209960938e+01 2.1149993657e-09 9.7883273015e-10 1.1361666356e-09
9.0270996094e+01 2.1013242536e-09 9.7099104151e-10 1.1303332121e-09
9.0332031250e+01 2.0879877444e-09 9.6353628168e-10 1.1244514627e-09
9.0393066406e+01 2.0701018958e-09 9.5436682596e-10 1.1157350698e-09
9.0454101562e+01 2.0450182693e-09 9.4222824546e-10 1.1027900238e-09
9.0515136719e+01 2.0131895510e-09 9.2722239284e-10 1.0859671581e-09
9.0576171875e+01 1.9777801232e-09 9.1078823869e-10 1.0669918845e-09
9.0637207031e+01 1.9433391743e-09 8.9510486013e-10 1.0482343142e-09
9.0698242188e+01 1.9143410471e-09 8.8223425537e-10 1.0321067917e-09
9.0759277344e+01 1.8940304176e-09 8.7350308833e-10 1.0205273293e-09
9.0820312500e+01 1.8834431964e-09 8.6926688889e-10 1.0141763075e-09
9.0881347656e+01 1.8813583764e-09 8.6903596796e-10 1.0123224084e-09
9.0942382812e+01 1.8852336963e-09 8.7174267309e-10 1.0134910233e-09
9.1003417969e+01 1.8918419815e-09 8.7586163350e-10 1.0159803480e-09
9.1064453125e+01 1.8976678792e-09 8.7959739996e-10 1.0180704792e-09
9.1125488281e+01 1.8996308659e-09 8.8132423350e-10 1.0183066324e-09
9.1186523438e+01 1.8959430175e-09 8.8014160631e-10 1.0158014112e-09
9.1247558594e+01 1.8870375920e-09 8.7637099480e-10 1.0106665972e-09
9.1308593750e+01 1.8754117950e-09 8.7134297885e-10 1.0040688162e-09
9.1369628906e+01 1.8637783587e-09 8.6639702103e-10 9.9738133767e-10
9.1430664062e+01 1.8538028315e-09 8.6233502689e-10 9.9146780457e-10
9.1491699219e+01 1.8463800865e-09 8.5961842850e-10 9.8676165803e-10
9.1552734375e+01 1.8419020651e-09 8.5844929817e-10 9.8345276691e-10
9.1613769531e+01 1.8401887538e-09 8.5868999325e-10 9.8149876057e-10
9.1674804688e+01 1.8405052753e-09 8.5989197907e-10 9.8061329623e-10
9.1735839844e+01 1.8416378207e-09 8.6135938486e-10 9.8027843581e-10
9.1796875000e+01 1.8420887005e-09 8.6226447797e-10 9.7982422253e-10
9.1857910156e+01 1.8401596770e-09 8.6172602351e-10 9.7843365352e-10
9.1918945312e+01 1.8340951668e-09 8.5890919828e-10 9.7518596853e-10
9.1979980469e+01 1.8229018036e-09 8.5343628134e-10 9.6946552229e-10
9.2041015625e+01 1.8071927146e-09 8.4578057320e-10 9.6141214139e-10
9.2102050781e+01 1.7889179816e-09 8.3705597156e-10 9.5186201001e-10
9.2163085938e+01 1.7703341502e-09 8.2843317225e-10 9.4190097797e-10
9.2224121094e+01 1.7531960205e-09 8.2077013380e-10 9.3242588669e-10
9.2285156250e+01 1.7382918472e-09 8.1446722165e-10 9.2382462558e-10
9.2346191406e+01 1.7251830026e-09 8.0934720514e-10 9.1583579743e-10
9.2407226562e+01 1.7124525445e-09 8.0467900774e-10 9.0777353681e-10
9.2468261719e+01 1.6983436199e-09 7.9939048635e-10 8.9895313358e-10
9.2529296875e+01 1.6811165126e-09 7.9235194992e-10 8.8876456269e-10
9.2590332031e+01 1.6593476471e-09 7.8277604038e-10 8.7657160672e-10
9.2651367188e+01 1.6327422218e-09 7.7059012162e-10 8.6215210022e-10
9.2712402344e+01 1.6025409861e-09 7.5636081874e-10 8.4618016737e-10
9.2773437500e+01 1.5706559120e-09 7.4086462772e-10 8.2979128431e-10
9.2834472656e+01 1.5386288713e-09 7.2483894744e-10 8.1378992382e-10
9.2895507812e+01 1.5075126147e-09 7.0897947493e-10 7.9853313974e-10
9.2956542969e+01 1.4783868510e-09 6.9398201569e-10 7.8440483535e-10
9.3017578125e+01 1.4526013236e-09 6.8053392549e-10 7.7206739814e-10
9.3078613281e+01 1.4310685089e-09 6.6908443523e-10 7.6198407366e-10
9.3139648438e+01 1.4133253484e-09 6.5952562532e-10 7.5379972309e-10
9.3200683594e+01 1.3976931140e-09 6.5117880897e-10 7.4651430499e-10
9.3261718750e+01 1.3823589635e-09 6.4313808560e-10 7.3922087789e-10
9.3322753906e+01 1.3662327873e-09 6.3471615471e-10 7.3151663263e-10
9.3383789062e+01 1.3491482753e-09 6.2572422534e-10 7.2342404996e-10
9.3444824219e+01 1.3317739183e-09 6.1650143513e-10 7.1527248321e-10
9.3505859375e+01 1.3155644706e-09 6.0780686251e-10 7.0775760808e-10
9.3566894531e+01 1.3026262138e-09 6.0064954422e-10 7.0197666955e-10
9.3627929688e+01 1.2950159136e-09 5.9594377019e-10 6.9907214342e-10
9.3688964844e+01 1.2937412151e-09 5.9412795129e-10 6.9961326377e-10
9.3750000000e+01 1.2985453284e-09 5.9515356244e-10 7.0339176596e-10
9.3811035156e+01 1.3083522150e-09 5.9866751082e-10 7.0968470419e-10
9.3872070312e+01 1.3214498920e-09 6.0400494446e-10 7.1744494753e-10
9.3933105469e+01 1.3354957739e-09 6.1018516220e-10 7.2531061165e-10
9.3994140625e+01 1.3478408162e-09 6.1609788626e-10 7.3174292994e-10
9.4055175781e+01 1.3562572052e-09 6.2074878612e-10 7.3550841909e-10
9.4116210938e+01 1.3597399688e-09 6.2352665356e-10 7.3621331521e-10
9.4177246094e+01 1.3588788861e-09 6.2449707139e-10 7.3438181476e-10
9.4238281250e+01 1.3555493361e-09 6.2445398592e-10 7.3109535018e-10
9.4299316406e+01 1.3520809962e-09 6.2450995807e-10 7.2757103812e-10
9.4360351562e+01 1.3502936526e-09 6.2548452565e-10 7.2480912695e-10
9.4421386719e+01 1.3508165632e-09 6.2750661273e-10 7.2330995046e-10
9.4482421875e+01 1.3530802417e-09 6.3006191140e-10 7.2301833032e-10
9.4543457031e+01 1.3557513866e-09 6.3234738266e-10 7.2340400392e-10
9.4604492188e+01 1.3569619829e-09 6.3351833162e-10 7.2344365127e-10
9.4665527344e+01 1.3546007122e-09 6.3279674397e-10 7.2180396821e-10
9.4726562500e+01 1.3470755796e-09 6.2965761532e-10 7.1741796432e-10
9.4787597656e+01 1.3339155733e-09 6.2397700960e-10 7.0993856370e-10
9.4848632812e+01 1.3157268790e-09 6.1601112213e-10 6.9971575691e-10
9.4909667969e+01 1.2937278837e-09 6.0626490634e-10 6.8746297734e-10
9.4970703125e+01 1.2693112041e-09 5.9534939237e-10 6.7396181175e-10
9.5031738281e+01 1.2439730422e-09 5.8394733188e-10 6.6002571035e-10
9.5092773438e+01 1.2192842976e-09 5.7281041592e-10 6.4647388167e-10
9.5153808594e+01 1.1964417412e-09 5.6255696616e-10 6.3388477508e-10
9.5214843750e+01 1.1758247594e-09 5.5337272180e-10 6.2245203764e-10
9.5275878906e+01 1.1571974682e-09 5.4500892259e-10 6.1218854565e-10
9.5336914062e+01 1.1401724939e-09 5.3707152882e-10 6.0310096504e-10
9.5397949219e+01 1.1241952195e-09 5.2919528228e-10 5.9499993723e-10
9.5458984375e+01 1.1083599839e-09 5.2103768988e-10 5.8732229402e-10
9.5520019531e+01 1.0918231147e-09 5.1239021202e-10 5.7943290264e-10
9.5581054688e+01 1.0746153814e-09 5.0343448667e-10 5.7118089475e-10
9.5642089844e+01 1.0577682666e-09 4.9473631507e-10 5.6303195150e-10
9.5703125000e+01 1.0424236464e-09 4.8684321467e-10 5.5558043177e-10
9.5764160156e+01 1.0291413293e-09 4.8001298343e-10 5.4912834585e-10
9.5825195312e+01 1.0181457242e-09 4.7434012720e-10 5.4380559703e-10
9.5886230469e+01 1.0095593005e-09 4.6985043200e-10 5.3970886852e-10
9.5947265625e+01 1.0030179214e-09 4.6635301143e-10 5.3666491000e-10
9.6008300781e+01 9.9747830274e-10 4.6337980050e-10 5.3409850224e-10
9.6069335938e+01 9.9178270503e-10 4.6042096508e-10 5.3136173995e-10
9.6130371094e+01 9.8545696664e-10 4.5725495274e-10 5.2820201390e-10
9.6191406250e+01 9.7892267821e-10 4.5401674504e-10 5.2490593317e-10
9.6252441406e+01 9.7282693558e-10 4.5090196198e-10 5.2192497360e-10
9.6313476562e+01 9.6732026064e-10 4.4792068982e-10 5.1939957081e-10
9.6374511719e+01 9.6240413406e-10 4.4509433346e-10 5.1730980060e-10
9.6435546875e+01 9.5871555553e-10 4.4275331645e-10 5.1596223908e-10
9.6496582031e+01 9.5730408821e-10 4.4142841671e-10 5.1587567151e-10
9.6557617188e+01 9.5880619584e-10 4.4151303672e-10 5.1729315912e-10
9.6618652344e+01 9.6312622628e-10 4.4306091982e-10 5.2006530647e-10
9.6679687500e+01 9.6954244858e-10 4.4574997972e-10 5.2379246886e-10
9.6740722656e+01 9.7687248967e-10 4.4897946095e-10 5.2789302873e-10
9.6801757812e+01 9.8363347058e-10 4.5202677659e-10 5.3160669399e-10
9.6862792969e+01 9.8836098335e-10 4.5422233956e-10 5.3413864379e-10
9.6923828125e+01 9.9020751993e-10 4.5517987974e-10 5.3502764019e-10
9.6984863281e+01 9.8930660443e-10 4.5491539301e-10 5.3439121142e-10
9.7045898438e+01 9.8645489975e-10 4.5372371811e-10 5.3273118164e-10
9.7106933594e+01 9.8251454168e-10 4.5198740136e-10 5.3052714031e-10
9.7167968750e+01 9.7817591681e-10 4.5008871224e-10 5.2808720457e-10
9.7229003906e+01 9.7401587004e-10 4.4835799065e-10 5.2565787939e-10
9.7290039062e+01 9.7031045258e-10 4.4693290733e-10 5.2337754526e-10
9.7351074219e+01 9.6674951500e-10 4.4564964021e-10 5.2109987479e-10
9.7412109375e+01 9.6258749250e-10 4.4413792199e-10 5.1844957051e-10
9.7473144531e+01 9.5704470923e-10 4.4200235757e-10 5.1504235166e-10
9.7534179688e+01 9.4954342006e-10 4.3894268777e-10 5.1060073229e-10
9.7595214844e+01 9.3975072479e-10 4.3480843641e-10 5.0494228838e-10
9.7656250000e+01 9.2752314714e-10 4.2957955511e-10 4.9794359202e-10
9.7717285156e+01 9.1301451314e-10 4.2337034036e-10 4.8964417278e-10
9.7778320312e+01 8.9697078958e-10 4.1650805719e-10 4.8046273240e-10
9.7839355469e+01 8.8066502876e-10 4.0950365176e-10 4.7116137700e-10
9.7900390625e+01 8.6540826945e-10 4.0290368864e-10 4.6250458081e-10
9.7961425781e+01 8.5220375867e-10 3.9718924256e-10 4.5501451611e-10
9.8022460938e+01 8.4165545495e-10 3.9269616097e-10 4.4895929398e-10
9.8083496094e+01 8.3385244536e-10 3.8948528854e-10 4.4436715682e-10
9.8144531250e+01 8.2822065574e-10 3.8723954505e-10 4.4098111070e-10
9.8205566406e+01 8.2360745020e-10 3.8534462988e-10 4.3826282031e-10
9.8266601562e+01 8.1877161849e-10 3.8320817626e-10 4.3556344223e-10
9.8327636719e+01 8.1303018645e-10 3.8060055095e-10 4.3242963550e-10
9.8388671875e+01 8.0654508381e-10 3.7771477949e-10 4.2883030432e-10
9.8449707031e+01 8.0004014474e-10 3.7494691140e-10 4.2509323334e-10
9.8510742188e+01 7.9429290772e-10 3.7265774407e-10 4.2163516365e-10
9.8571777344e+01 7.8987258179e-10 3.7107275532e-10 4.1879982647e-10
9.8632812500e+01 7.8722241020e-10 3.7031914494e-10 4.1690326526e-10
9.8693847656e+01 7.8676429974e-10 3.7049707313e-10 4.1626722661e-10
9.8754882812e+01 7.8875681032e-10 3.7165887407e-10 4.1709793625e-10
9.8815917969e+01 7.9309164267e-10 3.7374455068e-10 4.1934709198e-10
9.8876953125e+01 7.9924417595e-10 3.7654002951e-10 4.2270414644e-10
9.8937988281e+01 8.0634201795e-10 3.7963275551e-10 4.2670926244e-10
9.8999023438e+01 8.1332508645e-10 3.8244670088e-10 4.3087838557e-10
9.9060058594e+01 8.1916583639e-10 3.8443860592e-10 4.3472723047e-10
9.9121093750e+01 8.2319750783e-10 3.8537140342e-10 4.3782610441e-10
9.9182128906e+01 8.2549872337e-10 3.8545937091e-10 4.4003935246e-10
9.9243164062e+01 8.2688562889e-10 3.8522121968e-10 4.4166440920e-10
9.9304199219e+01 8.2834824677e-10 3.8514879547e-10 4.4319945130e-10
9.9365234375e+01 8.3041709671e-10 3.8545740270e-10 4.4495969400e-10
9.9426269531e+01 8.3295806140e-10 3.8605412283e-10 4.4690393857e-10
9.9487304688e+01 8.3542942550e-10 3.8667316637e-10 4.4875625913e-10
9.9548339844e+01 8.3721597187e-10 3.8701437875e-10 4.5020159312e-10
9.9609375000e+01 8.3772101438e-10 3.8678897760e-10 4.5093203678e-10
9.9670410156e+01 8.3629039314e-10 3.8571020661e-10 4.5058018654e-10
9.9731445312e+01 8.3224778148e-10 3.8349395482e-10 4.4875382666e-10
9.9792480469e+01 8.2516520330e-10 3.7992144733e-10 4.4524375597e-10
9.9853515625e+01 8.1515133955e-10 3.7496751394e-10 4.4018382561e-10
9.9914550781e+01 8.0287335559e-10 3.6890306154e-10 4.3397029406e-10
9.9975585938e+01 7.8932436937e-10 3.6225128045e-10 4.2707308893e-10
1.0003662109e+02 7.7553268704e-10 3.5559075838e-10 4.1994192866e-10
1.0009765625e+02 7.6229635011e-10 3.4933669807e-10 4.1295965203e-10
1.0015869141e+02 7.4998750980e-10 3.4364950322e-10 4.0633800658e-10
1.0021972656e+02 7.3848685096e-10 3.3847108146e-10 4.0001576950e-10
1.0028076172e+02 7.2716857802e-10 3.3353151447e-10 3.9363706355e-10
1.0034179688e+02 7.1504919976e-10 3.2835922921e-10 3.8668997056e-10
1.0040283203e+02 7.0127809377e-10 3.2248152567e-10 3.7879656810e-10
1.0046386719e+02 6.8561681656e-10 3.1570988849e-10 3.6990692806e-10
1.0052490234e+02 6.6855338198e-10 3.0826611820e-10 3.6028726378e-10
1.0058593750e+02 6.5109862145e-10 3.0067633204e-10 3.5042228940e-10
1.0064697266e+02 6.3444581301e-10 2.9353832445e-10 3.4090748856e-10
1.0070800781e+02 6.1974120262e-10 2.8736177862e-10 3.3237942399e-10
1.0076904297e+02 6.0794849807e-10 2.8252617323e-10 3.2542232483e-10
1.0083007812e+02 5.9962289318e-10 2.7924834902e-10 3.2037454416e-10
1.0089111328e+02 5.9475383728e-10 2.7754385327e-10 3.1720998402e-10
1.0095214844e+02 5.9285024573e-10 2.7722616102e-10 3.1562408471e-10
1.0101318359e+02 5.9309251939e-10 2.7793454043e-10 3.1515797895e-10
1.0107421875e+02 5.9445116270e-10 2.7919252855e-10 3.1525863415e-10
1.0113525391e+02 5.9596954585e-10 2.8053887500e-10 3.1543067085e-10
1.0119628906e+02 5.9715586041e-10 2.8168724677e-10 3.1546861364e-10
1.0125732422e+02 5.9813587956e-10 2.8262347443e-10 3.1551240513e-10
1.0131835938e+02 5.9954902799e-10 2.8362909135e-10 3.1591993664e-10
1.0137939453e+02 6.0228995713e-10 2.8517700533e-10 3.1711295180e-10
1.0144042969e+02 6.0707860728e-10 2.8766564925e-10 3.1941295803e-10
1.0150146484e+02 6.1413749990e-10 2.9119857163e-10 3.2293892827e-10
1.0156250000e+02 6.2318262447e-10 2.9558133856e-10 3.2760128590e-10
1.0162353516e+02 6.3352936839e-10 3.0044781082e-10 3.3308155757e-10
1.0168457031e+02 6.4420100624e-10 3.0536966774e-10 3.3883133850e-10
1.0174560547e+02 6.5406831147e-10 3.0988325630e-10 3.4418505517e-10
1.0180664062e+02 6.6199999988e-10 3.1349311780e-10 3.4850688208e-10
1.0186767578e+02 6.6707081418e-10 3.1576021341e-10 3.5131060076e-10
1.0192871094e+02 6.6882764228e-10 3.1644516070e-10 3.5238248158e-10
1.0198974609e+02 6.6739279124e-10 3.1556959984e-10 3.5182319140e-10
1.0205078125e+02 6.6336972083e-10 3.1338561768e-10 3.4998410315e-10
1.0211181641e+02 6.5775042899e-10 3.1034068218e-10 3.4740974682e-10
1.0217285156e+02 6.5169135437e-10 3.0698264843e-10 3.4470870594e-10
1.0223388672e+02 6.4608899237e-10 3.0376848775e-10 3.4232050461e-10
1.0229492188e+02 6.4126474167e-10 3.0089736129e-10 3.4036738038e-10
1.0235595703e+02 6.3687490867e-10 2.9823678632e-10 3.3863812234e-10
1.0241699219e+02 6.3205305899e-10 2.9537702834e-10 3.3667603065e-10
1.0247802734e+02 6.2576308974e-10 2.9181197592e-10 3.3395111382e-10
1.0253906250e+02 6.1716939545e-10 2.8713699514e-10 3.3003240031e-10
1.0260009766e+02 6.0593796726e-10 2.8119984357e-10 3.2473812369e-10
1.0266113281e+02 5.9236479341e-10 2.7415952011e-10 3.1820527330e-10
1.0272216797e+02 5.7718295493e-10 2.6638763546e-10 3.1079531946e-10
1.0278320312e+02 5.6124956325e-10 2.5831076709e-10 3.0293879616e-10
1.0284423828e+02 5.4540071883e-10 2.5034344408e-10 2.9505727474e-10
1.0290527344e+02 5.3046015164e-10 2.4289301983e-10 2.8756713180e-10
1.0296630859e+02 5.1721447269e-10 2.3633858386e-10 2.8087588883e-10
1.0302734375e+02 5.0618558598e-10 2.3092955910e-10 2.7525602688e-10
1.0308837891e+02 4.9732299563e-10 2.2665583582e-10 2.7066715981e-10
1.0314941406e+02 4.9000108539e-10 2.2323187188e-10 2.6676921350e-10
1.0321044922e+02 4.8335151730e-10 2.2023106809e-10 2.6312044921e-10
1.0327148438e+02 4.7658484217e-10 2.1725137506e-10 2.5933346711e-10
1.0333251953e+02 4.6920235497e-10 2.1404079718e-10 2.5516155779e-10
1.0339355469e+02 4.6120520779e-10 2.1060228035e-10 2.5060292744e-10
1.0345458984e+02 4.5319952367e-10 2.0723145862e-10 2.4596806505e-10
1.0351562500e+02 4.4622020099e-10 2.0441051511e-10 2.4180968589e-10
1.0357666016e+02 4.4131028727e-10 2.0261211555e-10 2.3869817172e-10
1.0363769531e+02 4.3914276474e-10 2.0215466161e-10 2.3698810314e-10
1.0369873047e+02 4.3990830537e-10 2.0315787542e-10 2.3675042994e-10
1.0375976562e+02 4.4332061070e-10 2.0551519289e-10 2.3780541781e-10
1.0382080078e+02 4.4857958096e-10 2.0884278982e-10 2.3973679114e-10
1.0388183594e+02 4.5445399035e-10 2.1251038010e-10 2.4194361026e-10
1.0394287109e+02 4.5961513606e-10 2.1582909598e-10 2.4378604007e-10
1.0400390625e+02 4.6305944463e-10 2.1828523564e-10 2.4477420899e-10
1.0406494141e+02 4.6435105403e-10 2.1964693308e-10 2.4470412094e-10
1.0412597656e+02 4.6358438702e-10 2.1992914930e-10 2.4365523772e-10
1.0418701172e+02 4.6127618007e-10 2.1936146550e-10 2.4191471457e-10
1.0424804688e+02 4.5834739626e-10 2.1839265258e-10 2.3995474368e-10
1.0430908203e+02 4.5598497731e-10 2.1759390559e-10 2.3839107172e-10
1.0437011719e+02 4.5523402909e-10 2.1744055989e-10 2.3779346920e-10
1.0443115234e+02 4.5653152170e-10 2.1811780516e-10 2.3841371654e-10
1.0449218750e+02 4.5950797724e-10 2.1946468396e-10 2.4004329328e-10
1.0455322266e+02 4.6318094293e-10 2.2105857980e-10 2.4212236313e-10
1.0461425781e+02 4.6631036175e-10 2.2235007449e-10 2.4396028726e-10
1.0467529297e+02 4.6771774913e-10 2.2280046472e-10 2.4491728441e-10
1.0473632812e+02 4.6656829392e-10 2.2201535553e-10 2.4455293839e-10
1.0479736328e+02 4.6253222998e-10 2.1982549507e-10 2.4270673492e-10
1.0485839844e+02 4.5581635765e-10 2.1631556761e-10 2.3950079004e-10
1.0491943359e+02 4.4714191273e-10 2.1181931990e-10 2.3532259283e-10
1.0498046875e+02 4.3761226651e-10 2.0685648781e-10 2.3075577870e-10
1.0504150391e+02 4.2844456750e-10 2.0201299306e-10 2.2643157444e-10
1.0510253906e+02 4.2061108151e-10 1.9777035773e-10 2.2284072378e-10
1.0516357422e+02 4.1450658862e-10 1.9433553101e-10 2.2017105762e-10
1.0522460938e+02 4.0986987970e-10 1.9159516795e-10 2.1827471175e-10
1.0528564453e+02 4.0599523137e-10 1.8922199565e-10 2.1677323571e-10
1.0534667969e+02 4.0201585322e-10 1.8682563000e-10 2.1519022322e-10
1.0540771484e+02 3.9714277730e-10 1.8406069411e-10 2.1308208319e-10
1.0546875000e+02 3.9088511444e-10 1.8069977628e-10 2.1018533815e-10
1.0552978516e+02 3.8321491579e-10 1.7670967831e-10 2.0650523748e-10
1.0559082031e+02 3.7458473490e-10 1.7229840285e-10 2.0228633205e-10
1.0565185547e+02 3.6579802616e-10 1.6786750846e-10 1.9793051770e-10
1.0571289062e+02 3.5781890174e-10 1.6389441468e-10 1.9392448706e-10
1.0577392578e+02 3.5153972192e-10 1.6080228565e-10 1.9073743627e-10
1.0583496094e+02 3.4751519800e-10 1.5883987375e-10 1.8867532425e-10
1.0589599609e+02 3.4578989079e-10 1.5801505996e-10 1.8777483083e-10
1.0595703125e+02 3.4590826117e-10 1.5811094576e-10 1.8779731541e-10
1.0601806641e+02 3.4706246247e-10 1.5875257262e-10 1.8830988985e-10
1.0607910156e+02 3.4832419459e-10 1.5949933971e-10 1.8882485488e-10
1.0614013672e+02 3.4888477401e-10 1.5995183821e-10 1.8893293580e-10
1.0620117188e+02 3.4821917537e-10 1.5984376933e-10 1.8837540603e-10
1.0626220703e+02 3.4619212793e-10 1.5910123881e-10 1.8709088912e-10
1.0632324219e+02 3.4310171158e-10 1.5786142144e-10 1.8524029014e-10
1.0638427734e+02 3.3959533074e-10 1.5643404935e-10 1.8316128140e-10
1.0644531250e+02 3.3648595243e-10 1.5520816426e-10 1.8127778817e-10
1.0650634766e+02 3.3450814253e-10 1.5452968887e-10 1.7997845366e-10
1.0656738281e+02 3.3405255587e-10 1.5458978531e-10 1.7946277055e-10
1.0662841797e+02 3.3502842265e-10 1.5536616724e-10 1.7966225541e-10
1.0668945312e+02 3.3694808750e-10 1.5664047520e-10 1.8030761230e-10
1.0675048828e+02 3.3912707283e-10 1.5808068050e-10 1.8104639233e-10
1.0681152344e+02 3.4086600912e-10 1.5933917924e-10 1.8152682988e-10
1.0687255859e+02 3.4160086172e-10 1.6012745881e-10 1.8147340291e-10
1.0693359375e+02 3.4103763651e-10 1.6027473782e-10 1.8076289869e-10
1.0699462891e+02 3.3923561727e-10 1.5977695406e-10 1.7945866322e-10
1.0705566406e+02 3.3658487620e-10 1.5880211463e-10 1.7778276157e-10
1.0711669922e+02 3.3365899485e-10 1.5762440435e-10 1.7603459050e-10
1.0717773438e+02 3.3101118677e-10 1.5652020502e-10 1.7449098174e-10
1.0723876953e+02 3.2901260524e-10 1.5568021443e-10 1.7333239081e-10
1.0729980469e+02 3.2776824666e-10 1.5516286538e-10 1.7260538128e-10
1.0736083984e+02 3.2709877481e-10 1.5488829241e-10 1.7221048240e-10
1.0742187500e+02 3.2657096101e-10 1.5465906953e-10 1.7191189149e-10
1.0748291016e+02 3.2560124370e-10 1.5420825469e-10 1.7139298900e-10
1.0754394531e+02 3.2364876229e-10 1.5328027826e-10 1.7036848403e-10
1.0760498047e+02 3.2038704699e-10 1.5171213687e-10 1.6867491012e-10
1.0766601562e+02 3.1574033732e-10 1.4946715313e-10 1.6627318419e-10
1.0772705078e+02 3.0985665949e-10 1.4662232253e-10 1.6323433696e-10
1.0778808594e+02 3.0311211256e-10 1.4335006179e-10 1.5976205077e-10
1.0784912109e+02 2.9606581919e-10 1.3989976301e-10 1.5616605618e-10
1.0791015625e+02 2.8930677954e-10 1.3654850858e-10 1.5275827096e-10
1.0797119141e+02 2.8330460099e-10 1.3353074258e-10 1.4977385841e-10
1.0803222656e+02 2.7832426093e-10 1.3098008858e-10 1.4734417234e-10
1.0809326172e+02 2.7436424542e-10 1.2889495079e-10 1.4546929463e-10
1.0815429688e+02 2.7113972272e-10 1.2714060492e-10 1.4399911780e-10
1.0821533203e+02 2.6816792402e-10 1.2549699199e-10 1.4267093204e-10
1.0827636719e+02 2.6495691667e-10 1.2374250491e-10 1.4121441176e-10
1.0833740234e+02 2.6120057820e-10 1.2173732765e-10 1.3946325055e-10
1.0839843750e+02 2.5685611750e-10 1.1945664538e-10 1.3739947212e-10
1.0845947266e+02 2.5209296608e-10 1.1697069584e-10 1.3512227024e-10
1.0852050781e+02 2.4720814847e-10 1.1441726945e-10 1.3279087902e-10
1.0858154297e+02 2.4260240303e-10 1.1199315440e-10 1.3060924863e-10
1.0864257812e+02 2.3876111361e-10 1.0993075104e-10 1.2883036257e-10
1.0870361328e+02 2.3612681899e-10 1.0843537733e-10 1.2769144165e-10
1.0876464844e+02 2.3493577709e-10 1.0762259915e-10 1.2731317794e-10
1.0882568359e+02 2.3515189304e-10 1.0749023027e-10 1.2766166277e-10
1.0888671875e+02 2.3650206546e-10 1.0792627226e-10 1.2857579320e-10
1.0894775391e+02 2.3855483645e-10 1.0873748649e-10 1.2981734995e-10
1.0900878906e+02 2.4081683156e-10 1.0969056090e-10 1.3112627067e-10
1.0906982422e+02 2.4284895370e-10 1.1057827701e-10 1.3227067669e-10
1.0913085938e+02 2.4437720361e-10 1.1128477046e-10 1.3309243314e-10
1.0919189453e+02 2.4535890225e-10 1.1180171805e-10 1.3355718420e-10
1.0925292969e+02 2.4597347893e-10 1.1220189998e-10 1.3377157895e-10
1.0931396484e+02 2.4653184254e-10 1.1260874582e-10 1.3392309672e-10
1.0937500000e+02 2.4735352320e-10 1.1316746715e-10 1.3418605605e-10
1.0943603516e+02 2.4866488524e-10 1.1399716176e-10 1.3466772348e-10
1.0949707031e+02 2.5053639551e-10 1.1513740390e-10 1.3539899161e-10
1.0955810547e+02 2.5284577364e-10 1.1652103072e-10 1.3632474292e-10
1.0961914062e+02 2.5527377214e-10 1.1798322693e-10 1.3729054521e-10
1.0968017578e+02 2.5737486910e-10 1.1930535068e-10 1.3806951843e-10
1.0974121094e+02 2.5869914614e-10 1.2027167728e-10 1.3842746886e-10
1.0980224609e+02 2.5890278531e-10 1.2071505763e-10 1.3818772769e-10
1.0986328125e+02 2.5781617047e-10 1.2054723237e-10 1.3726893811e-10
1.0992431641e+02 2.5545690219e-10 1.1977298507e-10 1.3568391712e-10
1.0998535156e+02 2.5203178007e-10 1.1849420009e-10 1.3353757998e-10
1.1004638672e+02 2.4792575122e-10 1.1688996744e-10 1.3103578378e-10
1.1010742188e+02 2.4359050822e-10 1.1515424534e-10 1.2843626288e-10
1.1016845703e+02 2.3938458731e-10 1.1343523931e-10 1.2594934800e-10
1.1022949219e+02 2.3550260584e-10 1.1181804280e-10 1.2368456304e-10
1.1029052734e+02 2.3198356575e-10 1.1032393938e-10 1.2165962637e-10
1.1035156250e+02 2.2871755958e-10 1.0890092063e-10 1.1981663894e-10
1.1041259766e+02 2.2545613831e-10 1.0742646212e-10 1.1802967619e-10
1.1047363281e+02 2.2188851367e-10 1.0575278184e-10 1.1613573182e-10
1.1053466797e+02 2.1778140118e-10 1.0377961891e-10 1.1400178227e-10
1.1059570312e+02 2.1309643412e-10 1.0150359035e-10 1.1159284377e-10
1.1065673828e+02 2.0800718479e-10 9.9014168630e-11 1.0899301616e-10
1.1071777344e+02 2.0282099470e-10 9.6453128241e-11 1.0636786646e-10
1.1077880859e+02 1.9788078408e-10 9.3978043186e-11 1.0390274089e-10
1.1083984375e+02 1.9349332800e-10 9.1739358179e-11 1.0175396982e-10
1.1090087891e+02 1.8987611126e-10 8.9848987051e-11 1.0002712421e-10
1.1096191406e+02 1.8710864963e-10 8.8343663521e-11 9.8764986114e-11
1.1102294922e+02 1.8509948623e-10 8.7176498946e-11 9.7922987285e-11
1.1108398438e+02 1.8361335011e-10 8.6245266857e-11 9.7368083250e-11
1.1114501953e+02 1.8236382254e-10 8.5428478111e-11 9.6935344425e-11
1.1120605469e+02 1.8111461987e-10 8.4616852274e-11 9.6497767597e-11
1.1126708984e+02 1.7974166436e-10 8.3745556934e-11 9.5996107424e-11
1.1132812500e+02 1.7824546116e-10 8.2813945953e-11 9.5431515210e-11
1.1138916016e+02 1.7673697874e-10 8.1882885956e-11 9.4854092784e-11
1.1145019531e+02 1.7541246581e-10 8.1055691077e-11 9.4356774729e-11
1.1151123047e+02 1.7450514178e-10 8.0448304945e-11 9.4056836840e-11
1.1157226562e+02 1.7421736698e-10 8.0156623362e-11 9.4060743622e-11
1.1163330078e+02 1.7465451701e-10 8.0230570670e-11 9.4423946339e-11
1.1169433594e+02 1.7578277492e-10 8.0657644860e-11 9.5125130063e-11
1.1175537109e+02 1.7741724014e-10 8.1350732389e-11 9.6066507746e-11
1.1181640625e+02 1.7924184207e-10 8.2151741954e-11 9.7090100117e-11
1.1187744141e+02 1.8088800862e-10 8.2878572534e-11 9.8009436085e-11
1.1193847656e+02 1.8204859216e-10 8.3389472459e-11 9.8659119701e-11
1.1199951172e+02 1.8255575154e-10 8.3611055181e-11 9.8944696354e-11
1.1206054688e+02 1.8241131930e-10 8.3541636123e-11 9.8869683177e-11
1.1212158203e+02 1.8177143242e-10 8.3251210154e-11 9.8520222261e-11
1.1218261719e+02 1.8087331060e-10 8.2856058341e-11 9.8017252262e-11
1.1224365234e+02 1.7994123363e-10 8.2469687073e-11 9.7471546555e-11
1.1230468750e+02 1.7911944694e-10 8.2162144992e-11 9.6957301949e-11
1.1236572266e+02 1.7844882819e-10 8.1946190035e-11 9.6502638157e-11
1.1242675781e+02 1.7787049850e-10 8.1786595972e-11 9.6083902533e-11
1.1248779297e+02 1.7723036744e-10 8.1613475277e-11 9.5616892161e-11
1.1254882812e+02 1.7631169606e-10 8.1333715158e-11 9.4977980905e-11
1.1260986328e+02 1.7491253828e-10 8.0850480594e-11 9.4062057690e-11
1.1267089844e+02 1.7290084095e-10 8.0086204195e-11 9.2814636758e-11
1.1273193359e+02 1.7022739256e-10 7.9006242267e-11 9.1221150293e-11
1.1279296875e+02 1.6695118045e-10 7.7641706846e-11 8.9309473600e-11
1.1285400391e+02 1.6326282607e-10 7.6090572551e-11 8.7172253523e-11
1.1291503906e+02 1.5946200005e-10 7.4495561290e-11 8.4966438761e-11
1.1297607422e+02 1.5588491828e-10 7.3012147410e-11 8.2872770873e-11
1.1303710938e+02 1.5279868619e-10 7.1765772045e-11 8.1032914147e-11
1.1309814453e+02 1.5032331248e-10 7.0813910257e-11 7.9509402223e-11
1.1315917969e+02 1.4842848613e-10 7.0136288961e-11 7.8292197173e-11
1.1322021484e+02 1.4697816999e-10 6.9653385218e-11 7.7324784772e-11
1.1328125000e+02 1.4578211294e-10 6.9261665427e-11 7.6520447510e-11
1.1334228516e+02 1.4464923463e-10 6.8872639416e-11 7.5776595217e-11
1.1340332031e+02 1.4344828575e-10 6.8436700722e-11 7.5011585024e-11
1.1346435547e+02 1.4214738614e-10 6.7940861944e-11 7.4206524192e-11
1.1352539062e+02 1.4081114922e-10 6.7402912835e-11 7.3408236389e-11
1.1358642578e+02 1.3957800413e-10 6.6879231853e-11 7.2698772276e-11
1.1364746094e+02 1.3862309086e-10 6.6458260434e-11 7.2164830428e-11
1.1370849609e+02 1.3810292193e-10 6.6224256466e-11 7.1878665465e-11
1.1376953125e+02 1.3811443237e-10 6.6224994363e-11 7.1889438008e-11
1.1383056641e+02 1.3867764632e-10 6.6465415802e-11 7.2212230520e-11
1.1389160156e+02 1.3972716685e-10 6.6911862310e-11 7.2815304542e-11
1.1395263672e+02 1.4112669858e-10 6.7496872237e-11 7.3629826345e-11
1.1401367188e+02 1.4269790911e-10 6.8126755484e-11 7.4571153628e-11
1.1407470703e+02 1.4424081826e-10 6.8695578734e-11 7.5545239531e-11
1.1413574219e+02 1.4556883563e-10 6.9112726535e-11 7.6456109099e-11
1.1419677734e+02 1.4656347280e-10 6.9334604609e-11 7.7228868187e-11
1.1425781250e+02 1.4721466825e-10 6.9378697615e-11 7.7835970636e-11
1.1431884766e+02 1.4762050704e-10 6.9310642306e-11 7.8309864734e-11
1.1437988281e+02 1.4793372256e-10 6.9212104626e-11 7.8721617938e-11
1.1444091797e+02 1.4828401129e-10 6.9149295068e-11 7.9134716223e-11
1.1450195312e+02 1.4872741869e-10 6.9152497352e-11 7.9574921336e-11
1.1456298828e+02 1.4923624736e-10 6.9207275077e-11 8.0028972285e-11
1.1462402344e+02 1.4972246656e-10 6.9264951615e-11 8.0457514949e-11
1.1468505859e+02 1.5006557362e-10 6.9261199012e-11 8.0804374609e-11
1.1474609375e+02 1.5011753137e-10 6.9123142003e-11 8.0994389370e-11
1.1480712891e+02 1.4972358642e-10 6.8779756562e-11 8.0943829854e-11
1.1486816406e+02 1.4878390415e-10 6.8187904117e-11 8.0596000029e-11
1.1492919922e+02 1.4730287173e-10 6.7353012944e-11 7.9949858784e-11
1.1499023438e+02 1.4538840248e-10 6.6330453200e-11 7.9057949278e-11
1.1505126953e+02 1.4321932813e-10 6.5213324706e-11 7.8006003419e-11
1.1511230469e+02 1.4100433806e-10 6.4109800418e-11 7.6894537638e-11
1.1517333984e+02 1.3894030208e-10 6.3114522326e-11 7.5825779750e-11
1.1523437500e+02 1.3716381350e-10 6.2285040823e-11 7.4878772674e-11
1.1529541016e+02 1.3569680618e-10 6.1626543014e-11 7.4070263163e-11
1.1535644531e+02 1.3443126119e-10 6.1089849701e-11 7.3341411491e-11
1.1541748047e+02 1.3318945860e-10 6.0593452246e-11 7.2596006355e-11
1.1547851562e+02 1.3181058189e-10 6.0057755908e-11 7.1752825985e-11
1.1553955078e+02 1.3019453695e-10 5.9427323842e-11 7.0767213104e-11
1.1560058594e+02 1.2830831798e-10 5.8681026931e-11 6.9627291053e-11
1.1566162109e+02 1.2619905456e-10 5.7842293742e-11 6.8356760821e-11
1.1572265625e+02 1.2400373982e-10 5.6979231455e-11 6.7024508365e-11
1.1578369141e+02 1.2191415280e-10 5.6181260639e-11 6.5732892165e-11
1.1584472656e+02 1.2011111084e-10 5.5528655781e-11 6.4582455056e-11
1.1590576172e+02 1.1871654790e-10 5.5075793575e-11 6.3640754320e-11
1.1596679688e+02 1.1778354508e-10 5.4848324084e-11 6.2935220995e-11
1.1602783203e+02 1.1730170016e-10 5.4841351848e-11 6.2460348307e-11
1.1608886719e+02 1.1718953919e-10 5.5011696210e-11 6.2177842981e-11
1.1614990234e+02 1.1729949788e-10 5.5281555809e-11 6.2017942070e-11
1.1621093750e+02 1.1746209033e-10 5.5562806446e-11 6.1899283879e-11
1.1627197266e+02 1.1754267703e-10 5.5784106646e-11 6.1758570384e-11
1.1633300781e+02 1.1748741707e-10 5.5912740381e-11 6.1574676693e-11
1.1639404297e+02 1.1733929733e-10 5.5967140624e-11 6.1372156707e-11
1.1645507812e+02 1.1721312859e-10 5.6008004450e-11 6.1205124140e-11
1.1651611328e+02 1.1725929522e-10 5.6113838891e-11 6.1145456329e-11
1.1657714844e+02 1.1762108681e-10 5.6351033012e-11 6.1270053799e-11
1.1663818359e+02 1.1837122241e-10 5.6743941907e-11 6.1627280507e-11
1.1669921875e+02 1.1946674203e-10 5.7263552847e-11 6.2203189184e-11
1.1676025391e+02 1.2076211827e-10 5.7842335363e-11 6.2919782904e-11
1.1682128906e+02 1.2206387343e-10 5.8397659341e-11 6.3666214087e-11
1.1688232422e+02 1.2318898113e-10 5.8850492368e-11 6.4338488765e-11
1.1694335938e+02 1.2400526552e-10 5.9141581111e-11 6.4863684411e-11
1.1700439453e+02 1.2444744789e-10 5.9243129970e-11 6.5204317915e-11
1.1706542969e+02 1.2451754414e-10 5.9158836404e-11 6.5358707732e-11
1.1712646484e+02 1.2427992163e-10 5.8916545298e-11 6.5363376332e-11
1.1718750000e+02 1.2384139126e-10 5.8561355318e-11 6.5280035938e-11
1.1724853516e+02 1.2331993364e-10 5.8149804528e-11 6.5170129108e-11
1.1730957031e+02 1.2282252606e-10 5.7741300826e-11 6.5081225234e-11
1.1737060547e+02 1.2242224172e-10 5.7380516913e-11 6.5041724810e-11
1.1743164062e+02 1.2212297693e-10 5.7073687734e-11 6.5049289192e-11
1.1749267578e+02 1.2183666458e-10 5.6777035616e-11 6.5059628961e-11
1.1755371094e+02 1.2140321097e-10 5.6412579134e-11 6.4990631834e-11
1.1761474609e+02 1.2065536696e-10 5.5903902282e-11 6.4751464678e-11
1.1767578125e+02 1.1949513268e-10 5.5208709305e-11 6.4286423377e-11
1.1773681641e+02 1.1792977694e-10 5.4331079499e-11 6.3598697443e-11
1.1779785156e+02 1.1605515852e-10 5.3315934886e-11 6.2739223637e-11
1.1785888672e+02 1.1402081906e-10 5.2235979216e-11 6.1784839843e-11
1.1791992188e+02 1.1199507844e-10 5.1173397191e-11 6.0821681245e-11
1.1798095703e+02 1.1013047189e-10 5.0201288037e-11 5.9929183852e-11
1.1804199219e+02 1.0853426747e-10 4.9370679590e-11 5.9163587882e-11
1.1810302734e+02 1.0724583365e-10 4.8701388257e-11 5.8544445397e-11
1.1816406250e+02 1.0623528768e-10 4.8181811774e-11 5.8053475911e-11
1.1822509766e+02 1.0542761288e-10 4.7779219533e-11 5.7648393344e-11
1.1828613281e+02 1.0472652545e-10 4.7448931481e-11 5.7277593970e-11
1.1834716797e+02 1.0402747985e-10 4.7139943676e-11 5.6887536174e-11
1.1840820312e+02 1.0323640161e-10 4.6806700826e-11 5.6429700786e-11
1.1846923828e+02 1.0230624296e-10 4.6428077702e-11 5.5878165256e-11
1.1853027344e+02 1.0127011067e-10 4.6019282464e-11 5.5250828204e-11
1.1859130859e+02 1.0023816872e-10 4.5628064203e-11 5.4610104514e-11
1.1865234375e+02 9.9360226819e-11 4.5320996103e-11 5.4039230715e-11
1.1871337891e+02 9.8771514832e-11 4.5162237671e-11 5.3609277161e-11
1.1877441406e+02 9.8537233066e-11 4.5186674929e-11 5.3350558137e-11
1.1883544922e+02 9.8623026771e-11 4.5380572333e-11 5.3242454438e-11
1.1889648438e+02 9.8907519540e-11 4.5683416644e-11 5.3224102896e-11
1.1895751953e+02 9.9226785086e-11 4.6011727478e-11 5.3215057608e-11
1.1901855469e+02 9.9428324094e-11 4.6290155295e-11 5.3138168799e-11
1.1907958984e+02 9.9412965974e-11 4.6472405486e-11 5.2940560488e-11
1.1914062500e+02 9.9153506494e-11 4.6546116304e-11 5.2607390191e-11
1.1920166016e+02 9.8688718030e-11 4.6525838013e-11 5.2162880017e-11
1.1926269531e+02 9.8100710480e-11 4.6442438721e-11 5.1658271759e-11
1.1932373047e+02 9.7494858084e-11 4.6336740746e-11 5.1158117338e-11
1.1938476562e+02 9.6988813732e-11 4.6255987678e-11 5.0732826054e-11
1.1944580078e+02 9.6689304170e-11 4.6243725286e-11 5.0445578884e-11
1.1950683594e+02 9.6649112753e-11 4.6321858824e-11 5.0327253929e-11
1.1956787109e+02 9.6832801105e-11 4.6475542241e-11 5.0357258864e-11
1.1962890625e+02 9.7112745157e-11 4.6648848318e-11 5.0463896839e-11
1.1968994141e+02 9.7303617796e-11 4.6757856694e-11 5.0545761103e-11
1.1975097656e+02 9.7229603512e-11 4.6720210167e-11 5.0509393345e-11
1.1981201172e+02 9.6782340250e-11 4.6481991900e-11 5.0300348350e-11
1.1987304688e+02 9.5941198751e-11 4.6031125866e-11 4.9910072885e-11
1.1993408203e+02 9.4768916023e-11 4.5400187301e-11 4.9368728722e-11
1.1999511719e+02 9.3392895460e-11 4.4655419907e-11 4.8737475553e-11
1.2005615234e+02 9.1971101445e-11 4.3874188105e-11 4.8096913340e-11
1.2011718750e+02 9.0647119527e-11 4.3123386336e-11 4.7523733191e-11
1.2017822266e+02 8.9510800020e-11 4.2445024111e-11 4.7065775909e-11
1.2023925781e+02 8.8579823450e-11 4.1848090984e-11 4.6731732466e-11
1.2030029297e+02 8.7803738787e-11 4.1310223791e-11 4.6493514996e-11
1.2036132812e+02 8.7084348483e-11 4.0790577960e-11 4.6293770523e-11
1.2042236328e+02 8.6299742923e-11 4.0242139989e-11 4.6057602934e-11
1.2048339844e+02 8.5330892945e-11 3.9618925479e-11 4.5711967466e-11
1.2054443359e+02 8.4101482657e-11 3.8888872192e-11 4.5212610465e-11
1.2060546875e+02 8.2612376184e-11 3.8050330632e-11 4.4562045552e-11
1.2066650391e+02 8.0942476555e-11 3.7137817042e-11 4.3804659513e-11
1.2072753906e+02 7.9224594130e-11 3.6214891149e-11 4.3009702980e-11
1.2078857422e+02 7.7615495402e-11 3.5358900300e-11 4.2256595101e-11
1.2084960938e+02 7.6260008247e-11 3.4639413386e-11 4.1620594861e-11
1.2091064453e+02 7.5250028242e-11 3.4096931999e-11 4.1153096243e-11
1.2097167969e+02 7.4596557486e-11 3.3733173267e-11 4.0863384219e-11
1.2103271484e+02 7.4230130520e-11 3.3515729379e-11 4.0714401141e-11
1.2109375000e+02 7.4028820970e-11 3.3390968905e-11 4.0637852065e-11
1.2115478516e+02 7.3862406633e-11 3.3300941368e-11 4.0561465265e-11
1.2121582031e+02 7.3629817762e-11 3.3199452619e-11 4.0430365144e-11
1.2127685547e+02 7.3275531825e-11 3.3061369963e-11 4.0214161863e-11
1.2133789062e+02 7.2797502265e-11 3.2886985574e-11 3.9910516691e-11
1.2139892578e+02 7.2253969676e-11 3.2703693493e-11 3.9550276183e-11
1.2145996094e+02 7.1752903574e-11 3.2559836674e-11 3.9193066900e-11
1.2152099609e+02 7.1414927029e-11 3.2508125956e-11 3.8906801074e-11
1.2158203125e+02 7.1327889831e-11 3.2585986771e-11 3.8741903061e-11
1.2164306641e+02 7.1517514986e-11 3.2802514531e-11 3.8715000455e-11
1.2170410156e+02 7.1942381918e-11 3.3135757650e-11 3.8806624267e-11
1.2176513672e+02 7.2507190945e-11 3.3538060918e-11 3.8969130027e-11
1.2182617188e+02 7.3083532296e-11 3.3945370655e-11 3.9138161641e-11
1.2188720703e+02 7.3535825361e-11 3.4290231587e-11 3.9245593775e-11
1.2194824219e+02 7.3756603280e-11 3.4519221956e-11 3.9237381323e-11
1.2200927734e+02 7.3703124215e-11 3.4609924708e-11 3.9093199507e-11
1.2207031250e+02 7.3412943409e-11 3.4578246229e-11 3.8834697180e-11
1.2213134766e+02 7.2983022554e-11 3.4469397814e-11 3.8513624740e-11
1.2219238281e+02 7.2527717400e-11 3.4338383314e-11 3.8189334086e-11
1.2225341797e+02 7.2144915433e-11 3.4233337803e-11 3.7911577630e-11
1.2231445312e+02 7.1896430931e-11 3.4184676453e-11 3.7711754477e-11
1.2237548828e+02 7.1792447694e-11 3.4196376789e-11 3.7596070906e-11
1.2243652344e+02 7.1783017203e-11 3.4243374991e-11 3.7539642213e-11
1.2249755859e+02 7.1770072963e-11 3.4279728319e-11 3.7490344644e-11
1.2255859375e+02 7.1636693701e-11 3.4251644319e-11 3.7385049382e-11
1.2261962891e+02 7.1277628121e-11 3.4109232036e-11 3.7168396085e-11
1.2268066406e+02 7.0625280045e-11 3.3818490822e-11 3.6806789223e-11
1.2274169922e+02 6.9669764511e-11 3.3372354958e-11 3.6297409553e-11
1.2280273438e+02 6.8465469825e-11 3.2794393391e-11 3.5671076434e-11
1.2286376953e+02 6.7117620363e-11 3.2132579812e-11 3.4985040551e-11
1.2292480469e+02 6.5750451783e-11 3.1445387217e-11 3.4305064566e-11
1.2298583984e+02 6.4469484135e-11 3.0784698447e-11 3.3684785688e-11
1.2304687500e+02 6.3336056373e-11 3.0182724561e-11 3.3153331813e-11
1.2310791016e+02 6.2360424164e-11 2.9647056050e-11 3.2713368114e-11
1.2316894531e+02 6.1506001071e-11 2.9161619387e-11 3.2344381684e-11
1.2322998047e+02 6.0703576743e-11 2.8693760324e-11 3.2009816419e-11
1.2329101562e+02 5.9875451861e-11 2.8207801016e-11 3.1667650846e-11
1.2335205078e+02 5.8958861393e-11 2.7677377662e-11 3.1281483731e-11
1.2341308594e+02 5.7923609033e-11 2.7091416160e-11 3.0832192873e-11
1.2347412109e+02 5.6782418765e-11 2.6456644342e-11 3.0325774423e-11
1.2353515625e+02 5.5589377920e-11 2.5798718864e-11 2.9790659056e-11
1.2359619141e+02 5.4429891231e-11 2.5160183154e-11 2.9269708077e-11
1.2365722656e+02 5.3402735593e-11 2.4590816797e-11 2.8811918797e-11
1.2371826172e+02 5.2594485503e-11 2.4132246161e-11 2.8462239342e-11
1.2377929688e+02 5.2056975005e-11 2.3806952914e-11 2.8250022091e-11
1.2384033203e+02 5.1792483274e-11 2.3614796740e-11 2.8177686534e-11
1.2390136719e+02 5.1751341087e-11 2.3533923244e-11 2.8217417843e-11
1.2396240234e+02 5.1849048458e-11 2.3526544105e-11 2.8322504353e-11
1.2402343750e+02 5.1994205756e-11 2.3549922272e-11 2.8444283484e-11
1.2408447266e+02 5.2113332631e-11 2.3569334280e-11 2.8543998351e-11
1.2414550781e+02 5.2166377080e-11 2.3567476909e-11 2.8598900171e-11
1.2420654297e+02 5.2150642698e-11 2.3545615595e-11 2.8605027103e-11
1.2426757812e+02 5.2095318441e-11 2.3518274364e-11 2.8577044077e-11
1.2432861328e+02 5.2053353599e-11 2.3509022272e-11 2.8544331326e-11
1.2438964844e+02 5.2090076384e-11 2.3547906585e-11 2.8542169798e-11
1.2445068359e+02 5.2261991675e-11 2.3662994885e-11 2.8598996790e-11
1.2451171875e+02 5.2593838966e-11 2.3867655973e-11 2.8726182993e-11
1.2457275391e+02 5.3067825048e-11 2.4152889543e-11 2.8914935504e-11
1.2463378906e+02 5.3628254028e-11 2.4488854050e-11 2.9139399978e-11
1.2469482422e+02 5.4197030231e-11 2.4833819433e-11 2.9363210798e-11
1.2475585938e+02 5.4690201050e-11 2.5144602216e-11 2.9545598834e-11
1.2481689453e+02 5.5033346759e-11 2.5384887014e-11 2.9648459745e-11
1.2487792969e+02 5.5178211445e-11 2.5532186076e-11 2.9646025369e-11
1.2493896484e+02 5.5111806236e-11 2.5581597234e-11 2.9530209002e-11
1.2500000000e+02 5.4854737312e-11 2.5544722300e-11 2.9310015012e-11
1.2506103516e+02 5.4455451583e-11 2.5445300619e-11 2.9010150964e-11
1.2512207031e+02 5.3979656031e-11 2.5312562733e-11 2.8667093298e-11
1.2518310547e+02 5.3490950021e-11 2.5172952714e-11 2.8317997307e-11
1.2524414062e+02 5.3028468676e-11 2.5042540649e-11 2.7985928027e-11
1.2530517578e+02 5.2595930713e-11 2.4923172060e-11 2.7672758653e-11
1.2536621094e+02 5.2166784473e-11 2.4802500252e-11 2.7364284221e-11
1.2542724609e+02 5.1696726259e-11 2.4657048681e-11 2.7039677578e-11
1.2548828125e+02 5.1138109644e-11 2.4459544142e-11 2.6678565502e-11
1.2554931641e+02 5.0453615054e-11 2.4188421165e-11 2.6265193889e-11
1.2561035156e+02 4.9628037274e-11 2.3835393400e-11 2.5792643874e-11
1.2567138672e+02 4.8678698847e-11 2.3409417226e-11 2.5269281621e-11
1.2573242188e+02 4.7656724574e-11 2.2935128399e-11 2.4721596175e-11
1.2579345703e+02 4.6633421158e-11 2.2446523227e-11 2.4186897931e-11
1.2585449219e+02 4.5680316546e-11 2.1979449028e-11 2.3700867518e-11
1.2591552734e+02 4.4853723291e-11 2.1563823390e-11 2.3289899901e-11
1.2597656250e+02 4.4186047937e-11 2.1216405301e-11 2.2969642636e-11
1.2603759766e+02 4.3680092970e-11 2.0936827130e-11 2.2743265840e-11
1.2609863281e+02 4.3305985423e-11 2.0708297641e-11 2.2597687782e-11
1.2615966797e+02 4.3007183536e-11 2.0502903644e-11 2.2504279892e-11
1.2622070312e+02 4.2718771700e-11 2.0290828380e-11 2.2427943321e-11
1.2628173828e+02 4.2389519012e-11 2.0049994749e-11 2.2339524264e-11
1.2634277344e+02 4.1996679763e-11 1.9772147163e-11 2.2224532600e-11
1.2640380859e+02 4.1549335554e-11 1.9464404741e-11 2.2084930813e-11
1.2646484375e+02 4.1081185869e-11 1.9146112061e-11 2.1935073808e-11
1.2652587891e+02 4.0640657163e-11 1.8843309485e-11 2.1797347677e-11
1.2658691406e+02 4.0282045514e-11 1.8583691688e-11 2.1698353826e-11
1.2664794922e+02 4.0049838735e-11 1.8389895559e-11 2.1659943177e-11
1.2670898438e+02 3.9960180036e-11 1.8271346415e-11 2.1688833621e-11
1.2677001953e+02 3.9994503740e-11 1.8220760895e-11 2.1773742846e-11
1.2683105469e+02 4.0106566429e-11 1.8217239735e-11 2.1889326695e-11
1.2689208984e+02 4.0235258287e-11 1.8232167035e-11 2.2003091252e-11
1.2695312500e+02 4.0318735287e-11 1.8235602979e-11 2.2083132308e-11
1.2701416016e+02 4.0307886214e-11 1.8203316940e-11 2.2104569274e-11
1.2707519531e+02 4.0179340526e-11 1.8123761802e-11 2.2055578724e-11
1.2713623047e+02 3.9944379322e-11 1.8002017959e-11 2.1942361363e-11
1.2719726562e+02 3.9644773395e-11 1.7857475126e-11 2.1787298270e-11
1.2725830078e+02 3.9335895352e-11 1.7716264091e-11 2.1619631261e-11
1.2731933594e+02 3.9068661246e-11 1.7602727311e-11 2.1465933935e-11
1.2738037109e+02 3.8877172704e-11 1.7532757883e-11 2.1344414821e-11
1.2744140625e+02 3.8770450137e-11 1.7509857459e-11 2.1260592677e-11
1.2750244141e+02 3.8727551049e-11 1.7523778137e-11 2.1203772913e-11
1.2756347656e+02 3.8700524446e-11 1.7552151181e-11 2.1148373266e-11
1.2762451172e+02 3.8629053053e-11 1.7566646199e-11 2.1062406854e-11
1.2768554688e+02 3.8461326775e-11 1.7542011268e-11 2.0919315506e-11
1.2774658203e+02 3.8169493884e-11 1.7463194308e-11 2.0706299575e-11
1.2780761719e+02 3.7754262467e-11 1.7328586591e-11 2.0425675876e-11
1.2786865234e+02 3.7243208263e-11 1.7150468084e-11 2.0092740180e-11
1.2792968750e+02 3.6687786718e-11 1.6952921143e-11 1.9734865575e-11
1.2799072266e+02 3.6153779243e-11 1.6765890436e-11 1.9387888807e-11
1.2805175781e+02 3.5701140183e-11 1.6616218613e-11 1.9084921570e-11
1.2811279297e+02 3.5365437351e-11 1.6520191173e-11 1.8845246178e-11
1.2817382812e+02 3.5152067920e-11 1.6480473009e-11 1.8671594910e-11
1.2823486328e+02 3.5040596988e-11 1.6487212775e-11 1.8553384213e-11
1.2829589844e+02 3.4993498378e-11 1.6521917449e-11 1.8471580930e-11
1.2835693359e+02 3.4965102004e-11 1.6561762498e-11 1.8403339506e-11
1.2841796875e+02 3.4910535709e-11 1.6584361075e-11 1.8326174633e-11
1.2847900391e+02 3.4797153144e-11 1.6573896697e-11 1.8223256447e-11
1.2854003906e+02 3.4614755806e-11 1.6525695145e-11 1.8089060661e-11
1.2860107422e+02 3.4379142623e-11 1.6447156348e-11 1.7931986275e-11
1.2866210938e+02 3.4128701549e-11 1.6356462168e-11 1.7772239382e-11
1.2872314453e+02 3.3912826891e-11 1.6277674845e-11 1.7635152046e-11
1.2878417969e+02 3.3773592042e-11 1.6231063285e-11 1.7542528758e-11
1.2884521484e+02 3.3731027011e-11 1.6224664599e-11 1.7506362412e-11
1.2890625000e+02 3.3778495140e-11 1.6252856228e-11 1.7525638913e-11
1.2896728516e+02 3.3885862197e-11 1.6300183292e-11 1.7585678905e-11
1.2902832031e+02 3.4008735109e-11 1.6346001396e-11 1.7662733713e-11
1.2908935547e+02 3.4100877893e-11 1.6368417919e-11 1.7732459973e-11
1.2915039062e+02 3.4124229631e-11 1.6348627105e-11 1.7775602526e-11
1.2921142578e+02 3.4055016106e-11 1.6275361539e-11 1.7779654567e-11
1.2927246094e+02 3.3888540924e-11 1.6147678874e-11 1.7740862050e-11
1.2933349609e+02 3.3642073004e-11 1.5975364067e-11 1.7666708938e-11
1.2939453125e+02 3.3350632142e-11 1.5776180676e-11 1.7574451466e-11
1.2945556641e+02 3.3053716928e-11 1.5569744035e-11 1.7483972894e-11
1.2951660156e+02 3.2779865655e-11 1.5371152057e-11 1.7408713598e-11
1.2957763672e+02 3.2538478784e-11 1.5187439052e-11 1.7351039732e-11
1.2963867188e+02 3.2320914306e-11 1.5016547916e-11 1.7304366390e-11
1.2969970703e+02 3.2106157416e-11 1.4849012466e-11 1.7257144950e-11
1.2976074219e+02 3.1866807858e-11 1.4672418472e-11 1.7194389386e-11
1.2982177734e+02 3.1574662099e-11 1.4475150069e-11 1.7099512030e-11
1.2988281250e+02 3.1207829245e-11 1.4248161545e-11 1.6959667700e-11
1.2994384766e+02 3.0759650038e-11 1.3988100316e-11 1.6771549722e-11
1.3000488281e+02 3.0244943153e-11 1.3701537942e-11 1.6543405211e-11
1.3006591797e+02 2.9698680974e-11 1.3405540728e-11 1.6293140246e-11
1.3012695312e+02 2.9166793151e-11 1.3123054661e-11 1.6043738491e-11
1.3018798828e+02 2.8693720252e-11 1.2876291683e-11 1.5817428569e-11
1.3024902344e+02 2.8312397720e-11 1.2681242141e-11 1.5631155579e-11
1.3031005859e+02 2.8037855785e-11 1.2544558198e-11 1.5493297587e-11
1.3037109375e+02 2.7864264781e-11 1.2463309304e-11 1.5400955477e-11
1.3043212891e+02 2.7767279246e-11 1.2426461279e-11 1.5340817967e-11
1.3049316406e+02 2.7710836149e-11 1.2416823115e-11 1.5294013035e-11
1.3055419922e+02 2.7657326542e-11 1.2415587112e-11 1.5241739430e-11
1.3061523438e+02 2.7579645709e-11 1.2409254456e-11 1.5170391253e-11
1.3067626953e+02 2.7469042722e-11 1.2393713213e-11 1.5075329510e-11
1.3073730469e+02 2.7335483153e-11 1.2373612991e-11 1.4961870162e-11
1.3079833984e+02 2.7203519136e-11 1.2359862373e-11 1.4843656763e-11
1.3085937500e+02 2.7105770035e-11 1.2366637582e-11 1.4739132453e-11
1.3092041016e+02 2.7073702425e-11 1.2407364955e-11 1.4666337470e-11
1.3098144531e+02 2.7128055649e-11 1.2490585197e-11 1.4637470453e-11
1.3104248047e+02 2.7272469395e-11 1.2617206573e-11 1.4655262821e-11
1.3110351562e+02 2.7490744592e-11 1.2779068795e-11 1.4711675797e-11
1.3116455078e+02 2.7749448016e-11 1.2960024968e-11 1.4789423048e-11
1.3122558594e+02 2.8006989403e-11 1.3140390184e-11 1.4866599219e-11
1.3128662109e+02 2.8224141859e-11 1.3301499936e-11 1.4922641922e-11
1.3134765625e+02 2.8372682040e-11 1.3428819601e-11 1.4943862439e-11
1.3140869141e+02 2.8442842730e-11 1.3515508615e-11 1.4927334116e-11
1.3146972656e+02 2.8446180001e-11 1.3564944179e-11 1.4881235822e-11
1.3153076172e+02 2.8410053687e-11 1.3588801152e-11 1.4821252535e-11
1.3159179688e+02 2.8367294684e-11 1.3602040545e-11 1.4765254139e-11
1.3165283203e+02 2.8346844515e-11 1.3618354922e-11 1.4728489593e-11
1.3171386719e+02 2.8366313666e-11 1.3646451069e-11 1.4719862597e-11
1.3177490234e+02 2.8426331923e-11 1.3686709573e-11 1.4739622349e-11
1.3183593750e+02 2.8509244090e-11 1.3729980271e-11 1.4779263819e-11
1.3189697266e+02 2.8583693421e-11 1.3760217281e-11 1.4823476140e-11
1.3195800781e+02 2.8614083160e-11 1.3760251582e-11 1.4853831579e-11
1.3201904297e+02 2.8571651692e-11 1.3717772623e-11 1.4853879069e-11
1.3208007812e+02 2.8442018889e-11 1.3628319548e-11 1.4813699342e-11
1.3214111328e+02 2.8226361731e-11 1.3494435821e-11 1.4731925910e-11
1.3220214844e+02 2.7938770297e-11 1.3323386900e-11 1.4615383397e-11
1.3226318359e+02 2.7603494317e-11 1.3126237550e-11 1.4477256768e-11
1.3232421875e+02 2.7250997729e-11 1.2917398555e-11 1.4333599174e-11
1.3238525391e+02 2.6910367852e-11 1.2711617798e-11 1.4198750054e-11
1.3244628906e+02 2.6601092236e-11 1.2519233972e-11 1.4081858264e-11
1.3250732422e+02 2.6329211444e-11 1.2343582379e-11 1.3985629065e-11
1.3256835938e+02 2.6087879127e-11 1.2181324128e-11 1.3906554999e-11
1.3262939453e+02 2.5859306282e-11 1.2023792986e-11 1.3835513296e-11
1.3269042969e+02 2.5619500235e-11 1.1859817375e-11 1.3759682861e-11
1.3275146484e+02 2.5347970136e-11 1.1680651265e-11 1.3667318871e-11
1.3281250000e+02 2.5037516011e-11 1.1484330978e-11 1.3553185034e-11
1.3287353516e+02 2.4697725379e-11 1.1276999754e-11 1.3420725625e-11
1.3293457031e+02 2.4350882716e-11 1.1070831387e-11 1.3280051330e-11
1.3299560547e+02 2.4023955935e-11 1.0879726011e-11 1.3144229923e-11
1.3305664062e+02 2.3741967834e-11 1.0715847046e-11 1.3026120788e-11
1.3311767578e+02 2.3524127429e-11 1.0588509558e-11 1.2935617871e-11
1.3317871094e+02 2.3380454510e-11 1.0502947398e-11 1.2877507112e-11
1.3323974609e+02 2.3308477953e-11 1.0457747154e-11 1.2850730799e-11
1.3330078125e+02 2.3293573525e-11 1.0444615978e-11 1.2848957547e-11
1.3336181641e+02 2.3314250618e-11 1.0452070426e-11 1.2862180192e-11
1.3342285156e+02 2.3347936073e-11 1.0469169036e-11 1.2878767036e-11
1.3348388672e+02 2.3375373198e-11 1.0487529112e-11 1.2887844085e-11
1.3354492188e+02 2.3385922715e-11 1.0503147497e-11 1.2882775217e-11
1.3360595703e+02 2.3382155888e-11 1.0517576496e-11 1.2864579392e-11
1.3366699219e+02 2.3379173519e-11 1.0537233922e-11 1.2841939598e-11
1.3372802734e+02 2.3398453166e-11 1.0571552383e-11 1.2826900783e-11
1.3378906250e+02 2.3459885808e-11 1.0630297766e-11 1.2829588042e-11
1.3385009766e+02 2.3574382548e-11 1.0719195093e-11 1.2855187455e-11
1.3391113281e+02 2.3739197882e-11 1.0836183039e-11 1.2903014843e-11
1.3397216797e+02 2.3938634139e-11 1.0972345755e-11 1.2966288384e-11
1.3403320312e+02 2.4148548162e-11 1.1115670011e-11 1.3032878151e-11
1.3409423828e+02 2.4341223013e-11 1.1253132044e-11 1.3088090969e-11
1.3415527344e+02 2.4491164425e-11 1.1372215172e-11 1.3118949254e-11
1.3421630859e+02 2.4582540843e-11 1.1464344586e-11 1.3118196256e-11
1.3427734375e+02 2.4613686599e-11 1.1527471398e-11 1.3086215202e-11
1.3433837891e+02 2.4594566909e-11 1.1564876810e-11 1.3029690099e-11
1.3439941406e+02 2.4540776184e-11 1.1582499991e-11 1.2958276193e-11
1.3446044922e+02 2.4468965945e-11 1.1587290492e-11 1.2881675453e-11
1.3452148438e+02 2.4393349029e-11 1.1585760011e-11 1.2807589017e-11
1.3458251953e+02 2.4322338287e-11 1.1582230288e-11 1.2740107999e-11
1.3464355469e+02 2.4255322794e-11 1.1576906370e-11 1.2678416423e-11
1.3470458984e+02 2.4181248212e-11 1.1564442840e-11 1.2616805372e-11
1.3476562500e+02 2.4082727038e-11 1.1535519603e-11 1.2547207435e-11
1.3482666016e+02 2.3943104840e-11 1.1480993187e-11 1.2462111653e-11
1.3488769531e+02 2.3750470519e-11 1.1394653056e-11 1.2355817463e-11
1.3494873047e+02 2.3499609114e-11 1.1273947627e-11 1.2225661487e-11
1.3500976562e+02 2.3194718693e-11 1.1120986907e-11 1.2073731786e-11
1.3507080078e+02 2.2850633533e-11 1.0943357167e-11 1.1907276366e-11
1.3513183594e+02 2.2489391148e-11 1.0752431037e-11 1.1736960111e-11
1.3519287109e+02 2.2133290684e-11 1.0559618196e-11 1.1573672488e-11
1.3525390625e+02 2.1798150268e-11 1.0372866291e-11 1.1425283978e-11
1.3531494141e+02 2.1489578074e-11 1.0194835476e-11 1.1294742598e-11
1.3537597656e+02 2.1203304386e-11 1.0023401852e-11 1.1179902533e-11
1.3543701172e+02 2.0928170760e-11 9.8538775504e-12 1.1074293210e-11
1.3549804688e+02 2.0649961841e-11 9.6809534949e-12 1.0969008346e-11
1.3555908203e+02 2.0355270751e-11 9.4992341948e-12 1.0856036556e-11
1.3562011719e+02 2.0035309156e-11 9.3043278480e-12 1.0730981308e-11
1.3568115234e+02 1.9690005279e-11 9.0961334054e-12 1.0593871874e-11
1.3574218750e+02 1.9329844187e-11 8.8807625590e-12 1.0449081628e-11
1.3580322266e+02 1.8972843235e-11 8.6682624675e-12 1.0304580767e-11
1.3586425781e+02 1.8640043499e-11 8.4697592557e-12 1.0170284244e-11
1.3592529297e+02 1.8352393214e-11 8.2962060869e-12 1.0056187127e-11
1.3598632812e+02 1.8126499420e-11 8.1560601252e-12 9.9704392946e-12
1.3604736328e+02 1.7968972821e-11 8.0522799564e-12 9.9166928645e-12
1.3610839844e+02 1.7873985624e-11 7.9820350418e-12 9.8919505818e-12
1.3616943359e+02 1.7826177020e-11 7.9387510425e-12 9.8874259773e-12
1.3623046875e+02 1.7806330688e-11 7.9142047697e-12 9.8921259182e-12
1.3629150391e+02 1.7797480311e-11 7.9008857445e-12 9.8965945664e-12
1.3635253906e+02 1.7789359135e-11 7.8943138808e-12 9.8950452540e-12
1.3641357422e+02 1.7779108802e-11 7.8932252411e-12 9.8858835607e-12
1.3647460938e+02 1.7770423471e-11 7.8987471224e-12 9.8716763484e-12
1.3653564453e+02 1.7772961205e-11 7.9146707165e-12 9.8582904884e-12
1.3659667969e+02 1.7799189517e-11 7.9467061381e-12 9.8524833784e-12
1.3665771484e+02 1.7858702341e-11 7.9993254053e-12 9.8593769359e-12
1.3671875000e+02 1.7954243125e-11 8.0730514073e-12 9.8811917177e-12
1.3677978516e+02 1.8080939684e-11 8.1642007024e-12 9.9167389818e-12
1.3684082031e+02 1.8226914243e-11 8.2659561462e-12 9.9609580971e-12
1.3690185547e+02 1.8374667248e-11 8.3696442715e-12 1.0005022976e-11
1.3696289062e+02 1.8504525491e-11 8.4661686858e-12 1.0038356805e-11
1.3702392578e+02 1.8599597441e-11 8.5474522103e-12 1.0052145231e-11
1.3708496094e+02 1.8650314362e-11 8.6081896358e-12 1.0042124726e-11
1.3714599609e+02 1.8657299782e-11 8.6477829195e-12 1.0009516862e-11
1.3720703125e+02 1.8630354524e-11 8.6702393671e-12 9.9601151571e-12
1.3726806641e+02 1.8583254891e-11 8.6813520809e-12 9.9019028105e-12
1.3732910156e+02 1.8528685614e-11 8.6862761392e-12 9.8424094752e-12
1.3739013672e+02 1.8475267429e-11 8.6888680341e-12 9.7863993945e-12
1.3745117188e+02 1.8424359652e-11 8.6904286892e-12 9.7339309630e-12
1.3751220703e+02 1.8368220343e-11 8.6878409179e-12 9.6803794248e-12
1.3757324219e+02 1.8293203620e-11 8.6741799520e-12 9.6190236677e-12
1.3763427734e+02 1.8185635027e-11 8.6419174109e-12 9.5437176164e-12
1.3769531250e+02 1.8035468799e-11 8.5856436395e-12 9.4498251596e-12
1.3775634766e+02 1.7837573143e-11 8.5030871591e-12 9.3344859843e-12
1.3781738281e+02 1.7592999725e-11 8.3951836338e-12 9.1978160911e-12
1.3787841797e+02 1.7310207424e-11 8.2656431601e-12 9.0445642641e-12
1.3793945312e+02 1.7004790807e-11 8.1208151009e-12 8.8839757065e-12
1.3800048828e+02 1.6696572070e-11 7.9696720758e-12 8.7268999938e-12
1.3806152344e+02 1.6403993920e-11 7.8217534975e-12 8.5822404221e-12
1.3812255859e+02 1.6138491459e-11 7.6833715991e-12 8.4551198603e-12
1.3818359375e+02 1.5902328820e-11 7.5558595672e-12 8.3464692526e-12
1.3824462891e+02 1.5690266016e-11 7.4371662997e-12 8.2530997160e-12
1.3830566406e+02 1.5492201372e-11 7.3235906189e-12 8.1686107532e-12
1.3836669922e+02 1.5295464847e-11 7.2098863573e-12 8.0855784897e-12
1.3842773438e+02 1.5088994985e-11 7.0903950747e-12 7.9985999107e-12
1.3848876953e+02 1.4868719300e-11 6.9623419613e-12 7.9063773386e-12
1.3854980469e+02 1.4639508172e-11 6.8280616503e-12 7.8114465220e-12
1.3861083984e+02 1.4412638617e-11 6.6938419914e-12 7.7187966251e-12
1.3867187500e+02 1.4201426175e-11 6.5667671818e-12 7.6346589930e-12
1.3873291016e+02 1.4017578750e-11 6.4524023651e-12 7.5651763853e-12
1.3879394531e+02 1.3869550755e-11 6.3546927139e-12 7.5148580411e-12
1.3885498047e+02 1.3761594194e-11 6.2763465196e-12 7.4852476745e-12
1.3891601562e+02 1.3691959470e-11 6.2175748827e-12 7.4743845874e-12
1.3897705078e+02 1.3651872204e-11 6.1746748365e-12 7.4771973677e-12
1.3903808594e+02 1.3628018718e-11 6.1414027541e-12 7.4866159642e-12
1.3909912109e+02 1.3607467982e-11 6.1120551050e-12 7.4954128773e-12
1.3916015625e+02 1.3580817386e-11 6.0827221727e-12 7.4980952135e-12
1.3922119141e+02 1.3542975019e-11 6.0510485422e-12 7.4919264769e-12
1.3928222656e+02 1.3494105584e-11 6.0169606614e-12 7.4771449225e-12
1.3934326172e+02 1.3440222806e-11 5.9835234360e-12 7.4566993696e-12
1.3940429688e+02 1.3391341564e-11 5.9559131990e-12 7.4354283652e-12
1.3946533203e+02 1.3357570360e-11 5.9390825156e-12 7.4184878445e-12
1.3952636719e+02 1.3345371833e-11 5.9359008354e-12 7.4094709981e-12
1.3958740234e+02 1.3355619131e-11 5.9464228959e-12 7.4091962348e-12
1.3964843750e+02 1.3383669860e-11 5.9682311723e-12 7.4154386879e-12
1.3970947266e+02 1.3420530560e-11 5.9972902964e-12 7.4232402633e-12
1.3977050781e+02 1.3454086067e-11 6.0282728524e-12 7.4258132146e-12
1.3983154297e+02 1.3471586565e-11 6.0551080593e-12 7.4164785059e-12
1.3989257812e+02 1.3464305332e-11 6.0731604422e-12 7.3911448902e-12
1.3995361328e+02 1.3430846296e-11 6.0813300372e-12 7.3495162590e-12
1.4001464844e+02 1.3375873054e-11 6.0816007429e-12 7.2942723112e-12
1.4007568359e+02 1.3306950104e-11 6.0771187557e-12 7.2298313482e-12
1.4013671875e+02 1.3233322243e-11 6.0713486864e-12 7.1619735570e-12
1.4019775391e+02 1.3165096498e-11 6.0681357561e-12 7.0969607420e-12
1.4025878906e+02 1.3110033333e-11 6.0708452245e-12 7.0391881083e-12
1.4031982422e+02 1.3070056958e-11 6.0805993139e-12 6.9894576442e-12
1.4038085938e+02 1.3040806516e-11 6.0952663468e-12 6.9455401696e-12
1.4044189453e+02 1.3013927861e-11 6.1101409528e-12 6.9037869080e-12
1.4050292969e+02 1.2980114068e-11 6.1199059205e-12 6.8602081472e-12
1.4056396484e+02 1.2931347228e-11 6.1203622481e-12 6.8109849794e-12
1.4062500000e+02 1.2862144235e-11 6.1088032917e-12 6.7533409432e-12
1.4068603516e+02 1.2771299578e-11 6.0842192990e-12 6.6870802790e-12
1.4074707031e+02 1.2663680960e-11 6.0483378784e-12 6.6153430817e-12
1.4080810547e+02 1.2548913498e-11 6.0055666704e-12 6.5433468276e-12
1.4086914062e+02 1.2437155714e-11 5.9608247890e-12 6.4763309252e-12
1.4093017578e+02 1.2336025726e-11 5.9176672956e-12 6.4183584300e-12
1.4099121094e+02 1.2249987158e-11 5.8780710191e-12 6.3719161387e-12
1.4105224609e+02 1.2180158145e-11 5.8425212380e-12 6.3376369069e-12
1.4111328125e+02 1.2123501733e-11 5.8096717525e-12 6.3138299807e-12
1.4117431641e+02 1.2072611343e-11 5.7762964092e-12 6.2963149339e-12
1.4123535156e+02 1.2017563039e-11 5.7379680226e-12 6.2795950160e-12
1.4129638672e+02 1.1949193389e-11 5.6903108822e-12 6.2588825072e-12
1.4135742188e+02 1.1862172445e-11 5.6307278213e-12 6.2314446240e-12
1.4141845703e+02 1.1756588744e-11 5.5596440229e-12 6.1969447207e-12
1.4147949219e+02 1.1636890491e-11 5.4797582322e-12 6.1571322590e-12
1.4154052734e+02 1.1509765047e-11 5.3945378168e-12 6.1152272306e-12
1.4160156250e+02 1.1383521945e-11 5.3082458455e-12 6.0752760996e-12
1.4166259766e+02 1.1267160437e-11 5.2260040783e-12 6.0411563587e-12
1.4172363281e+02 1.1166844914e-11 5.1517166161e-12 6.0151282978e-12
1.4178466797e+02 1.1082731510e-11 5.0858622564e-12 5.9968692540e-12
1.4184570312e+02 1.1009637337e-11 5.0258868914e-12 5.9837504455e-12
1.4190673828e+02 1.0940029458e-11 4.9683198063e-12 5.9717096516e-12
1.4196777344e+02 1.0866111278e-11 4.9102468528e-12 5.9558644247e-12
1.4202880859e+02 1.0780892622e-11 4.8494599359e-12 5.9314326864e-12
1.4208984375e+02 1.0679886469e-11 4.7843741833e-12 5.8955122862e-12
1.4215087891e+02 1.0563435376e-11 4.7148836919e-12 5.8485516846e-12
1.4221191406e+02 1.0437455699e-11 4.6434401089e-12 5.7940155903e-12
1.4227294922e+02 1.0310951340e-11 4.5744813499e-12 5.7364699903e-12
1.4233398438e+02 1.0192154813e-11 4.5122565586e-12 5.6798982541e-12
1.4239501953e+02 1.0086838303e-11 4.4594117961e-12 5.6274265068e-12
1.4245605469e+02 9.9989069212e-12 4.4174890486e-12 5.5814178726e-12
1.4251708984e+02 9.9299367342e-12 4.3873851860e-12 5.5425515482e-12
1.4257812500e+02 9.8770652137e-12 4.3682071532e-12 5.5088580605e-12
1.4263916016e+02 9.8328593444e-12 4.3563606690e-12 5.4764986754e-12
1.4270019531e+02 9.7886497470e-12 4.3470291580e-12 5.4416205890e-12
1.4276123047e+02 9.7384551688e-12 4.3369042430e-12 5.4015509258e-12
1.4282226562e+02 9.6807594798e-12 4.3254172730e-12 5.3553422068e-12
1.4288330078e+02 9.6178151311e-12 4.3137084909e-12 5.3041066402e-12
1.4294433594e+02 9.5539917584e-12 4.3032172772e-12 5.2507744812e-12
1.4300537109e+02 9.4951796895e-12 4.2957745947e-12 5.1994050948e-12
1.4306640625e+02 9.4489620058e-12 4.2944978340e-12 5.1544641718e-12
1.4312744141e+02 9.4227509659e-12 4.3030881015e-12 5.1196628644e-12
1.4318847656e+02 9.4197331207e-12 4.3231865068e-12 5.0965466140e-12
1.4324951172e+02 9.4372823500e-12 4.3529798173e-12 5.0843025328e-12
1.4331054688e+02 9.4697341604e-12 4.3890122207e-12 5.0807219397e-12
1.4337158203e+02 9.5108224830e-12 4.4281922620e-12 5.0826302210e-12
1.4343261719e+02 9.5532431083e-12 4.4673268165e-12 5.0859162918e-12
1.4349365234e+02 9.5890326670e-12 4.5025162859e-12 5.0865163811e-12
1.4355468750e+02 9.6127688899e-12 4.5306843651e-12 5.0820845249e-12
1.4361572266e+02 9.6242392433e-12 4.5512995916e-12 5.0729396517e-12
1.4367675781e+02 9.6276660129e-12 4.5661395926e-12 5.0615264202e-12
1.4373779297e+02 9.6287914760e-12 4.5777798831e-12 5.0510115929e-12
1.4379882812e+02 9.6326210601e-12 4.5883971380e-12 5.0442239222e-12
1.4385986328e+02 9.6424219386e-12 4.5994032611e-12 5.0430186775e-12
1.4392089844e+02 9.6587704948e-12 4.6111830599e-12 5.0475874348e-12
1.4398193359e+02 9.6785691948e-12 4.6224196271e-12 5.0561495677e-12
1.4404296875e+02 9.6953894040e-12 4.6299740692e-12 5.0654153348e-12
1.4410400391e+02 9.7016332802e-12 4.6301347541e-12 5.0714985261e-12
1.4416503906e+02 9.6909329310e-12 4.6200217007e-12 5.0709112303e-12
1.4422607422e+02 9.6590330630e-12 4.5978127083e-12 5.0612203547e-12
1.4428710938e+02 9.6040247416e-12 4.5626363007e-12 5.0413884409e-12
1.4434814453e+02 9.5272304039e-12 4.5150954891e-12 5.0121349147e-12
1.4440917969e+02 9.4334289721e-12 4.4575687536e-12 4.9758602185e-12
1.4447021484e+02 9.3294167748e-12 4.3935698732e-12 4.9358469016e-12
1.4453125000e+02 9.2218487328e-12 4.3265785232e-12 4.8952702096e-12
1.4459228516e+02 9.1150940932e-12 4.2588533424e-12 4.8562407509e-12
1.4465332031e+02 9.0099083891e-12 4.1908542075e-12 4.8190541816e-12
1.4471435547e+02 8.9040787045e-12 4.1218274926e-12 4.7822512118e-12
1.4477539062e+02 8.7942396595e-12 4.0507968021e-12 4.7434428574e-12
1.4483642578e+02 8.6766465639e-12 3.9766232592e-12 4.7000233047e-12
1.4489746094e+02 8.5474376474e-12 3.8977122088e-12 4.6497254386e-12
1.4495849609e+02 8.4046122834e-12 3.8129670715e-12 4.5916452119e-12
1.4501953125e+02 8.2502726692e-12 3.7233250594e-12 4.5269476098e-12
1.4508056641e+02 8.0902252278e-12 3.6318870139e-12 4.4583382138e-12
1.4514160156e+02 7.9319839524e-12 3.5427229831e-12 4.3892609693e-12
1.4520263672e+02 7.7833584636e-12 3.4598494107e-12 4.3235090528e-12
1.4526367188e+02 7.6512663590e-12 3.3866813691e-12 4.2645849899e-12
1.4532470703e+02 7.5402504271e-12 3.3254955764e-12 4.2147548507e-12
1.4538574219e+02 7.4514806517e-12 3.2770276258e-12 4.1744530258e-12
1.4544677734e+02 7.3828434642e-12 3.2404463556e-12 4.1423971086e-12
1.4550781250e+02 7.3300345252e-12 3.2137057884e-12 4.1163287368e-12
1.4556884766e+02 7.2882323749e-12 3.1944051041e-12 4.0938272708e-12
1.4562988281e+02 7.2535782449e-12 3.1808161377e-12 4.0727621071e-12
1.4569091797e+02 7.2239914125e-12 3.1722373619e-12 4.0517540506e-12
1.4575195312e+02 7.1996098799e-12 3.1686978279e-12 4.0309120520e-12
1.4581298828e+02 7.1828200553e-12 3.1708245210e-12 4.0119955342e-12
1.4587402344e+02 7.1775469274e-12 3.1800595085e-12 3.9974874188e-12
1.4593505859e+02 7.1880950942e-12 3.1985082234e-12 3.9895868708e-12
1.4599609375e+02 7.2177099134e-12 3.2278424915e-12 3.9898674219e-12
1.4605712891e+02 7.2669855622e-12 3.2679436625e-12 3.9990418998e-12
1.4611816406e+02 7.3331933851e-12 3.3167442999e-12 4.0164490852e-12
1.4617919922e+02 7.4110953621e-12 3.3713273812e-12 4.0397679809e-12
1.4624023438e+02 7.4940173147e-12 3.4286488892e-12 4.0653684255e-12
1.4630126953e+02 7.5745561079e-12 3.4852855672e-12 4.0892705407e-12
1.4636230469e+02 7.6460877994e-12 3.5375788697e-12 4.1085089297e-12
1.4642333984e+02 7.7049915856e-12 3.5829607861e-12 4.1220307996e-12
1.4648437500e+02 7.7513733745e-12 3.6210801134e-12 4.1302932612e-12
1.4654541016e+02 7.7876143642e-12 3.6532262323e-12 4.1343881319e-12
1.4660644531e+02 7.8167346928e-12 3.6808684380e-12 4.1358662548e-12
1.4666748047e+02 7.8417786699e-12 3.7050461638e-12 4.1367325061e-12
1.4672851562e+02 7.8653975139e-12 3.7265493824e-12 4.1388481314e-12
1.4678955078e+02 7.8889162705e-12 3.7457688658e-12 4.1431474047e-12
1.4685058594e+02 7.9112515409e-12 3.7621247474e-12 4.1491267935e-12
1.4691162109e+02 7.9286268597e-12 3.7738197365e-12 4.1548071232e-12
1.4697265625e+02 7.9357116355e-12 3.7783500207e-12 4.1573616148e-12
1.4703369141e+02 7.9275477184e-12 3.7735219283e-12 4.1540257901e-12
1.4709472656e+02 7.9009146000e-12 3.7581243164e-12 4.1427902836e-12
1.4715576172e+02 7.8545841865e-12 3.7317491443e-12 4.1228350422e-12
1.4721679688e+02 7.7892218704e-12 3.6945811834e-12 4.0946406869e-12
1.4727783203e+02 7.7076615502e-12 3.6479093131e-12 4.0597522371e-12
1.4733886719e+02 7.6148402980e-12 3.5943965179e-12 4.0204437802e-12
1.4739990234e+02 7.5162340631e-12 3.5370459072e-12 3.9791881559e-12
1.4746093750e+02 7.4155122116e-12 3.4777807204e-12 3.9377314913e-12
1.4752197266e+02 7.3137275600e-12 3.4172409257e-12 3.8964866343e-12
1.4758300781e+02 7.2105909321e-12 3.3556240492e-12 3.8549668829e-12
1.4764404297e+02 7.1055641346e-12 3.2930292038e-12 3.8125349307e-12
1.4770507812e+02 6.9974926491e-12 3.2289562855e-12 3.7685363636e-12
1.4776611328e+02 6.8845412124e-12 3.1622943370e-12 3.7222468754e-12
1.4782714844e+02 6.7657500575e-12 3.0924735568e-12 3.6732765007e-12
1.4788818359e+02 6.6426097330e-12 3.0205784595e-12 3.6220312734e-12
1.4794921875e+02 6.5188393025e-12 2.9490804008e-12 3.5697589016e-12
1.4801025391e+02 6.3989853613e-12 2.8805688750e-12 3.5184164863e-12
1.4807128906e+02 6.2874520494e-12 2.8170270355e-12 3.4704250139e-12
1.4813232422e+02 6.1882779931e-12 2.7602446400e-12 3.4280333531e-12
1.4819335938e+02 6.1048359257e-12 2.7121471031e-12 3.3926888226e-12
1.4825439453e+02 6.0389592716e-12 2.6739797557e-12 3.3649795159e-12
1.4831542969e+02 5.9901817781e-12 2.6454274191e-12 3.3447543589e-12
1.4837646484e+02 5.9560446808e-12 2.6250320262e-12 3.3310126546e-12
1.4843750000e+02 5.9332580464e-12 2.6111886614e-12 3.3220693850e-12
1.4849853516e+02 5.9187433153e-12 2.6025395404e-12 3.3162037749e-12
1.4855957031e+02 5.9101683901e-12 2.5980162911e-12 3.3121520990e-12
1.4862060547e+02 5.9065386505e-12 2.5972239897e-12 3.3093146608e-12
1.4868164062e+02 5.9088098197e-12 2.6008467265e-12 3.3079630932e-12
1.4874267578e+02 5.9194562924e-12 2.6102923438e-12 3.3091639486e-12
1.4880371094e+02 5.9411240448e-12 2.6268016115e-12 3.3143224333e-12
1.4886474609e+02 5.9755235737e-12 2.6508061085e-12 3.3247174652e-12
1.4892578125e+02 6.0228141750e-12 2.6818249578e-12 3.3409892172e-12
1.4898681641e+02 6.0813015276e-12 2.7187905015e-12 3.3625110261e-12
1.4904785156e+02 6.1475048271e-12 2.7602844102e-12 3.3872204169e-12
1.4910888672e+02 6.2166707434e-12 2.8043117902e-12 3.4123589532e-12
1.4916992188e+02 6.2837897537e-12 2.8482758577e-12 3.4355138960e-12
1.4923095703e+02 6.3448762335e-12 2.8897781172e-12 3.4550981163e-12
1.4929199219e+02 6.3978701476e-12 2.9275012640e-12 3.4703688836e-12
1.4935302734e+02 6.4426279122e-12 2.9612123911e-12 3.4814155211e-12
1.4941406250e+02 6.4802387736e-12 2.9911803131e-12 3.4890584604e-12
1.4947509766e+02 6.5122799903e-12 3.0178065794e-12 3.4944734109e-12
1.4953613281e+02 6.5402180057e-12 3.0415929426e-12 3.4986250631e-12
1.4959716797e+02 6.5649426563e-12 3.0630621239e-12 3.5018805324e-12
1.4965820312e+02 6.5863685731e-12 3.0823550123e-12 3.5040135609e-12
1.4971923828e+02 6.6031332139e-12 3.0987646742e-12 3.5043685397e-12
1.4978027344e+02 6.6125841106e-12 3.1107678630e-12 3.5018162476e-12
1.4984130859e+02 6.6111618330e-12 3.1165281761e-12 3.4946336569e-12
1.4990234375e+02 6.5952694172e-12 3.1143312834e-12 3.4809381338e-12
1.4996337891e+02 6.5622894994e-12 3.1027937397e-12 3.4594957598e-12
1.5002441406e+02 6.5112411987e-12 3.0811726568e-12 3.4300685419e-12
1.5008544922e+02 6.4433322730e-12 3.0498989903e-12 3.3934332827e-12
1.5014648438e+02 6.3622420199e-12 3.0108281806e-12 3.3514138393e-12
1.5020751953e+02 6.2730462077e-12 2.9665998218e-12 3.3064463859e-12
1.5026855469e+02 6.1799992511e-12 2.9193163595e-12 3.2606828916e-12
1.5032958984e+02 6.0851738770e-12 2.8697401962e-12 3.2154336808e-12
1.5039062500e+02 5.9890970327e-12 2.8178887609e-12 3.1712082718e-12
1.5045166016e+02 5.8920366469e-12 2.7641657567e-12 3.1278708902e-12
1.5051269531e+02 5.7941262777e-12 2.7094195670e-12 3.0847067107e-12
1.5057373047e+02 5.6946222661e-12 2.6539045386e-12 3.0407177275e-12
1.5063476562e+02 5.5921560467e-12 2.5968445044e-12 2.9953115423e-12
1.5069580078e+02 5.4864239513e-12 2.5374931427e-12 2.9489308086e-12
1.5075683594e+02 5.3792409351e-12 2.4763794818e-12 2.9028614533e-12
1.5081787109e+02 5.2736879920e-12 2.4153057413e-12 2.8583822507e-12
1.5087890625e+02 5.1729709484e-12 2.3565165185e-12 2.8164544300e-12
1.5093994141e+02 5.0803657193e-12 2.3021139716e-12 2.7782517478e-12
1.5100097656e+02 4.9993138020e-12 2.2538761399e-12 2.7454376622e-12
1.5106201172e+02 4.9326028923e-12 2.2130410383e-12 2.7195618540e-12
1.5112304688e+02 4.8811244891e-12 2.1799151501e-12 2.7012093390e-12
1.5118408203e+02 4.8434561107e-12 2.1537827414e-12 2.6896733693e-12
1.5124511719e+02 4.8167066020e-12 2.1334582116e-12 2.6832483904e-12
1.5130615234e+02 4.7977193395e-12 2.1178556057e-12 2.6798637338e-12
1.5136718750e+02 4.7837681207e-12 2.1060292099e-12 2.6777389108e-12
1.5142822266e+02 4.7729595451e-12 2.0971692199e-12 2.6757903251e-12
1.5148925781e+02 4.7647269115e-12 2.0909342945e-12 2.6737926170e-12
1.5155029297e+02 4.7600494557e-12 2.0876948357e-12 2.6723546200e-12
1.5161132812e+02 4.7608630359e-12 2.0883176631e-12 2.6725453728e-12
1.5167236328e+02 4.7689887583e-12 2.0937087924e-12 2.6752799659e-12
1.5173339844e+02 4.7854146892e-12 2.1044232334e-12 2.6809914558e-12
1.5179443359e+02 4.8101605179e-12 2.1204348475e-12 2.6897256705e-12
1.5185546875e+02 4.8422672386e-12 2.1411121937e-12 2.7011550448e-12
1.5191650391e+02 4.8796212181e-12 2.1652877294e-12 2.7143334887e-12
1.5197753906e+02 4.9190135354e-12 2.1913092044e-12 2.7277043310e-12
1.5203857422e+02 4.9568619562e-12 2.2173016342e-12 2.7395603219e-12
1.5209960938e+02 4.9901236232e-12 2.2416396338e-12 2.7484839894e-12
1.5216064453e+02 5.0167156248e-12 2.2632008488e-12 2.7535147760e-12
1.5222167969e+02 5.0356647591e-12 2.2813762887e-12 2.7542884704e-12
1.5228271484e+02 5.0472971971e-12 2.2961560299e-12 2.7511411672e-12
1.5234375000e+02 5.0530687911e-12 2.3081552469e-12 2.7449135442e-12
1.5240478516e+02 5.0548440397e-12 2.3182635080e-12 2.7365805317e-12
1.5246582031e+02 5.0540442397e-12 2.3270890763e-12 2.7269551634e-12
1.5252685547e+02 5.0510027302e-12 2.3345622285e-12 2.7164405017e-12
1.5258789062e+02 5.0446770407e-12 2.3398646548e-12 2.7048123859e-12
1.5264892578e+02 5.0329891532e-12 2.3417618148e-12 2.6912273385e-12
1.5270996094e+02 5.0137370456e-12 2.3391598010e-12 2.6745772445e-12
1.5277099609e+02 4.9854124558e-12 2.3314553255e-12 2.6539571302e-12
1.5283203125e+02 4.9475548650e-12 2.3185405734e-12 2.6290142917e-12
1.5289306641e+02 4.9009320629e-12 2.3007620364e-12 2.6001700264e-12
1.5295410156e+02 4.8475620769e-12 2.2789749381e-12 2.5685871388e-12
1.5301513672e+02 4.7902666793e-12 2.2544129576e-12 2.5358537217e-12
1.5307617188e+02 4.7319191997e-12 2.2283043355e-12 2.5036148642e-12
1.5313720703e+02 4.6748835612e-12 2.2016505559e-12 2.4732330053e-12
1.5319824219e+02 4.6207534106e-12 2.1752649948e-12 2.4454884157e-12
1.5325927734e+02 4.5700792010e-12 2.1496217976e-12 2.4204574034e-12
1.5332031250e+02 4.5221190338e-12 2.1245151322e-12 2.3976039016e-12
1.5338134766e+02 4.4751189228e-12 2.0991071760e-12 2.3760117468e-12
1.5344238281e+02 4.4272369782e-12 2.0724639659e-12 2.3547730123e-12
1.5350341797e+02 4.3774186565e-12 2.0440608782e-12 2.3333577783e-12
1.5356445312e+02 4.3256048683e-12 2.0139519819e-12 2.3116528865e-12
1.5362548828e+02 4.2726142363e-12 1.9827169724e-12 2.2898972639e-12
1.5368652344e+02 4.2200388847e-12 1.9512809968e-12 2.2687578879e-12
1.5374755859e+02 4.1698485289e-12 1.9206413612e-12 2.2492071677e-12
1.5380859375e+02 4.1237810722e-12 1.8916330009e-12 2.2321480712e-12
1.5386962891e+02 4.0829688072e-12 1.8648503627e-12 2.2181184445e-12
1.5393066406e+02 4.0477839308e-12 1.8406618654e-12 2.2071220654e-12
1.5399169922e+02 4.0177313699e-12 1.8191174873e-12 2.1986138825e-12
1.5405273438e+02 3.9915082438e-12 1.7997896884e-12 2.1917185554e-12
1.5411376953e+02 3.9673336157e-12 1.7818611410e-12 2.1854724747e-12
1.5417480469e+02 3.9434472943e-12 1.7644817812e-12 2.1789655131e-12
1.5423583984e+02 3.9185598688e-12 1.7470563328e-12 2.1715035360e-12
1.5429687500e+02 3.8921553068e-12 1.7294032488e-12 2.1627520580e-12
1.5435791016e+02 3.8646911741e-12 1.7119155312e-12 2.1527756429e-12
1.5441894531e+02 3.8375424027e-12 1.6954672809e-12 2.1420751218e-12
1.5447998047e+02 3.8125532576e-12 1.6809484943e-12 2.1316047633e-12
1.5454101562e+02 3.7913376560e-12 1.6688899318e-12 2.1224477242e-12
1.5460205078e+02 3.7745684086e-12 1.6594176725e-12 2.1151507361e-12
1.5466308594e+02 3.7617888890e-12 1.6523568482e-12 2.1094320407e-12
1.5472412109e+02 3.7519911851e-12 1.6474219064e-12 2.1045692787e-12
1.5478515625e+02 3.7441624920e-12 1.6443518910e-12 2.0998106010e-12
1.5484619141e+02 3.7371551721e-12 1.6427061481e-12 2.0944490241e-12
1.5490722656e+02 3.7294756238e-12 1.6416240529e-12 2.0878515709e-12
1.5496826172e+02 3.7198334292e-12 1.6402606045e-12 2.0795728247e-12
1.5502929688e+02 3.7080410359e-12 1.6385662111e-12 2.0694748248e-12
1.5509033203e+02 3.6950753779e-12 1.6372816741e-12 2.0577937038e-12
1.5515136719e+02 3.6823118783e-12 1.6372029583e-12 2.0451089200e-12
1.5521240234e+02 3.6709340018e-12 1.6387111404e-12 2.0322228614e-12
1.5527343750e+02 3.6618052361e-12 1.6418278570e-12 2.0199773791e-12
1.5533447266e+02 3.6554900707e-12 1.6464402778e-12 2.0090497929e-12
1.5539550781e+02 3.6522177222e-12 1.6524494406e-12 1.9997682817e-12
1.5545654297e+02 3.6516464262e-12 1.6596923319e-12 1.9919540943e-12
1.5551757812e+02 3.6526196553e-12 1.6677231408e-12 1.9848965145e-12
1.5557861328e+02 3.6534549757e-12 1.6758219468e-12 1.9776330289e-12
1.5563964844e+02 3.6526798640e-12 1.6832384973e-12 1.9694413667e-12
1.5570068359e+02 3.6494713370e-12 1.6893044912e-12 1.9601668458e-12
1.5576171875e+02 3.6436863906e-12 1.6935385881e-12 1.9501478025e-12
1.5582275391e+02 3.6358729404e-12 1.6959563564e-12 1.9399165840e-12
1.5588378906e+02 3.6271669915e-12 1.6971258288e-12 1.9300411627e-12
1.5594482422e+02 3.6188848999e-12 1.6977697112e-12 1.9211151887e-12
1.5600585938e+02 3.6119606459e-12 1.6983593106e-12 1.9136013353e-12
1.5606689453e+02 3.6065083324e-12 1.6989257864e-12 1.9075825460e-12
1.5612792969e+02 3.6017507228e-12 1.6990259329e-12 1.9027247899e-12
1.5618896484e+02 3.5963553542e-12 1.6978563222e-12 1.8984990320e-12
1.5625000000e+02 3.5889608646e-12 1.6945307581e-12 1.8944301065e-12
1.5631103516e+02 3.5784098988e-12 1.6883695013e-12 1.8900403975e-12
1.5637207031e+02 3.5635975380e-12 1.6789896388e-12 1.8846078992e-12
1.5643310547e+02 3.5436029951e-12 1.6662770403e-12 1.8773259549e-12
1.5649414062e+02 3.5182789056e-12 1.6504082000e-12 1.8678707055e-12
1.5655517578e+02 3.4885737327e-12 1.6318828952e-12 1.8566908374e-12
1.5661621094e+02 3.4561516551e-12 1.6114558532e-12 1.8446958019e-12
1.5667724609e+02 3.4226795039e-12 1.5899603048e-12 1.8327191992e-12
1.5673828125e+02 3.3893275715e-12 1.5681019440e-12 1.8212256275e-12
1.5679931641e+02 3.3566108169e-12 1.5462551966e-12 1.8103556203e-12
1.5686035156e+02 3.3244198081e-12 1.5243711361e-12 1.8000486720e-12
1.5692138672e+02 3.2921599690e-12 1.5021695891e-12 1.7899903799e-12
1.5698242188e+02 3.2589964142e-12 1.4794308887e-12 1.7795655256e-12
1.5704345703e+02 3.2241025582e-12 1.4560156653e-12 1.7680868929e-12
1.5710449219e+02 3.1868873864e-12 1.4317870258e-12 1.7551003606e-12
1.5716552734e+02 3.1473510237e-12 1.4068007740e-12 1.7405502498e-12
1.5722656250e+02 3.1062986688e-12 1.3814885752e-12 1.7248100937e-12
1.5728759766e+02 3.0650784512e-12 1.3565557192e-12 1.7085227320e-12
1.5734863281e+02 3.0252326498e-12 1.3328571000e-12 1.6923755498e-12
1.5740966797e+02 2.9882948012e-12 1.3112877908e-12 1.6770070104e-12
1.5747070312e+02 2.9554339646e-12 1.2924873822e-12 1.6629465824e-12
1.5753173828e+02 2.9270654363e-12 1.2766057875e-12 1.6504596488e-12
1.5759277344e+02 2.9028008093e-12 1.2634121933e-12 1.6393886160e-12
1.5765380859e+02 2.8817780696e-12 1.2525762302e-12 1.6292018394e-12
1.5771484375e+02 2.8631576227e-12 1.2438636313e-12 1.6192939914e-12
1.5777587891e+02 2.8464537341e-12 1.2371301196e-12 1.6093236145e-12
1.5783691406e+02 2.8315379242e-12 1.2321814048e-12 1.5993565193e-12
1.5789794922e+02 2.8184499793e-12 1.2287515769e-12 1.5896984024e-12
1.5795898438e+02 2.8073486352e-12 1.2267234718e-12 1.5806251634e-12
1.5802001953e+02 2.7987401846e-12 1.2263481757e-12 1.5723920089e-12
1.5808105469e+02 2.7935131937e-12 1.2281449781e-12 1.5653682155e-12
1.5814208984e+02 2.7924839952e-12 1.2325585115e-12 1.5599254837e-12
1.5820312500e+02 2.7959049796e-12 1.2396930283e-12 1.5562119513e-12
1.5826416016e+02 2.8032852642e-12 1.2492084841e-12 1.5540767801e-12
1.5832519531e+02 2.8136226089e-12 1.2604009564e-12 1.5532216525e-12
1.5838623047e+02 2.8259695468e-12 1.2725342340e-12 1.5534353128e-12
1.5844726562e+02 2.8396269417e-12 1.2850924607e-12 1.5545344810e-12
1.5850830078e+02 2.8537339048e-12 1.2976504628e-12 1.5560834420e-12
1.5856933594e+02 2.8672193616e-12 1.3097386539e-12 1.5574807076e-12
1.5863037109e+02 2.8794046555e-12 1.3210321774e-12 1.5583724781e-12
1.5869140625e+02 2.8902620716e-12 1.3315006523e-12 1.5587614193e-12
1.5875244141e+02 2.9000028809e-12 1.3411959248e-12 1.5588069561e-12
1.5881347656e+02 2.9088528364e-12 1.3500711015e-12 1.5587817349e-12
1.5887451172e+02 2.9172539083e-12 1.3581444194e-12 1.5591094889e-12
1.5893554688e+02 2.9256386462e-12 1.3655197080e-12 1.5601189382e-12
1.5899658203e+02 2.9336868091e-12 1.3720236658e-12 1.5616631433e-12
1.5905761719e+02 2.9401229027e-12 1.3770513749e-12 1.5630715278e-12
1.5911865234e+02 2.9434234372e-12 1.3798952077e-12 1.5635282296e-12
1.5917968750e+02 2.9425653407e-12 1.3800781855e-12 1.5624871552e-12
1.5924072266e+02 2.9371388682e-12 1.3773935295e-12 1.5597453387e-12
1.5930175781e+02 2.9271318809e-12 1.3718677207e-12 1.5552641602e-12
1.5936279297e+02 2.9127846496e-12 1.3637263601e-12 1.5490582896e-12
1.5942382812e+02 2.8944762014e-12 1.3532534435e-12 1.5412227579e-12
1.5948486328e+02 2.8726554581e-12 1.3406608590e-12 1.5319945991e-12
1.5954589844e+02 2.8478635654e-12 1.3260942195e-12 1.5217693459e-12
1.5960693359e+02 2.8207292181e-12 1.3097550043e-12 1.5109742137e-12
1.5966796875e+02 2.7918906153e-12 1.2920453622e-12 1.4998452532e-12
1.5972900391e+02 2.7618460672e-12 1.2734567743e-12 1.4883892929e-12
1.5979003906e+02 2.7306790847e-12 1.2541518306e-12 1.4765272541e-12
1.5985107422e+02 2.6978795922e-12 1.2338090798e-12 1.4640705125e-12
1.5991210938e+02 2.6627174430e-12 1.2120553430e-12 1.4506621000e-12
1.5997314453e+02 2.6249599319e-12 1.1888950745e-12 1.4360648574e-12
1.6003417969e+02 2.5851361246e-12 1.1647001274e-12 1.4204359972e-12
1.6009521484e+02 2.5442454260e-12 1.1400762928e-12 1.4041691332e-12
1.6015625000e+02 2.5034295152e-12 1.1157532748e-12 1.3876762404e-12
1.6021728516e+02 2.4638139185e-12 1.0923944786e-12 1.3714194400e-12
1.6027832031e+02 2.4264451179e-12 1.0705046160e-12 1.3559405019e-12
1.6033935547e+02 2.3921972286e-12 1.0504949442e-12 1.3417022844e-12
1.6040039062e+02 2.3615649992e-12 1.0326643542e-12 1.3289006450e-12
1.6046142578e+02 2.3345522212e-12 1.0171260245e-12 1.3174261968e-12
1.6052246094e+02 2.3108424141e-12 1.0038497505e-12 1.3069926636e-12
1.6058349609e+02 2.2900625897e-12 9.9267943928e-13 1.2973831504e-12
1.6064453125e+02 2.2719412124e-12 9.8332140543e-13 1.2886198070e-12
1.6070556641e+02 2.2564265503e-12 9.7557967020e-13 1.2808468801e-12
1.6076660156e+02 2.2437823842e-12 9.6965611724e-13 1.2741262670e-12
1.6082763672e+02 2.2344304594e-12 9.6598546418e-13 1.2684449952e-12
1.6088867188e+02 2.2286296875e-12 9.6477446769e-13 1.2638552198e-12
1.6094970703e+02 2.2264416638e-12 9.6591434946e-13 1.2605273144e-12
1.6101074219e+02 2.2279194059e-12 9.6926322154e-13 1.2586561844e-12
1.6107177734e+02 2.2330958550e-12 9.7476853202e-13 1.2583273230e-12
1.6113281250e+02 2.2418191557e-12 9.8235831649e-13 1.2594608392e-12
1.6119384766e+02 2.2537366533e-12 9.9189125241e-13 1.2618454009e-12
1.6125488281e+02 2.2683301408e-12 1.0031381721e-12 1.2651919687e-12
1.6131591797e+02 2.2847729467e-12 1.0156655995e-12 1.2691073472e-12
1.6137695312e+02 2.3018813405e-12 1.0288109020e-12 1.2730704384e-12
1.6143798828e+02 2.3185124057e-12 1.0418772498e-12 1.2766351560e-12
1.6149902344e+02 2.3340710761e-12 1.0543706809e-12 1.2797003952e-12
1.6156005859e+02 2.3485544647e-12 1.0661219209e-12 1.2824325438e-12
1.6162109375e+02 2.3622040274e-12 1.0772374540e-12 1.2849665734e-12
1.6168212891e+02 2.3752119554e-12 1.0878681284e-12 1.2873438270e-12
1.6174316406e+02 2.3875798667e-12 1.0979637601e-12 1.2896161067e-12
1.6180419922e+02 2.3990282068e-12 1.1072476449e-12 1.2917805619e-12
1.6186523438e+02 2.4090319751e-12 1.1153694231e-12 1.2936625519e-12
1.6192626953e+02 2.4169947672e-12 1.1220068935e-12 1.2949878737e-12
1.6198730469e+02 2.4223606899e-12 1.1268599996e-12 1.2955006902e-12
1.6204833984e+02 2.4245853880e-12 1.1296264792e-12 1.2949589089e-12
1.6210937500e+02 2.4231679866e-12 1.1300381489e-12 1.2931298377e-12
1.6217041016e+02 2.4178357108e-12 1.1279723537e-12 1.2898633571e-12
1.6223144531e+02 2.4086055639e-12 1.1235046999e-12 1.2851008640e-12
1.6229248047e+02 2.3955919660e-12 1.1167798506e-12 1.2788121153e-12
1.6235351562e+02 2.3789642193e-12 1.1079118110e-12 1.2710524083e-12
1.6241455078e+02 2.3592121634e-12 1.0971332536e-12 1.2620789099e-12
1.6247558594e+02 2.3371376428e-12 1.0848551623e-12 1.2522824805e-12
1.6253662109e+02 2.3133866992e-12 1.0713875350e-12 1.2419991642e-12
1.6259765625e+02 2.2882092681e-12 1.0567983026e-12 1.2314109655e-12
1.6265869141e+02 2.2616757865e-12 1.0411338555e-12 1.2205419310e-12
1.6271972656e+02 2.2337587232e-12 1.0244974558e-12 1.2092612674e-12
1.6278076172e+02 2.2042223687e-12 1.0068836592e-12 1.1973387095e-12
1.6284179688e+02 2.1729206359e-12 9.8826408410e-13 1.1846565518e-12
1.6290283203e+02 2.1403496412e-12 9.6893086028e-13 1.1714187810e-12
1.6296386719e+02 2.1076102614e-12 9.4954784258e-13 1.1580624188e-12
1.6302490234e+02 2.0757371902e-12 9.3077092834e-13 1.1449662619e-12
1.6308593750e+02 2.0452888235e-12 9.1293067063e-13 1.1323581529e-12
1.6314697266e+02 2.0166065250e-12 8.9610964937e-13 1.1204968756e-12
1.6320800781e+02 1.9901414485e-12 8.8038472805e-13 1.1097567205e-12
1.6326904297e+02 1.9663212607e-12 8.6592670068e-13 1.1003945601e-12
1.6333007812e+02 1.9452211694e-12 8.5293808366e-13 1.0922830857e-12
1.6339111328e+02 1.9265806876e-12 8.4156569880e-13 1.0850149888e-12
1.6345214844e+02 1.9102146770e-12 8.3187041664e-13 1.0783442603e-12
1.6351318359e+02 1.8962229996e-12 8.2381326484e-13 1.0724097348e-12
1.6357421875e+02 1.8846861035e-12 8.1726086534e-13 1.0674252381e-12
1.6363525391e+02 1.8754808164e-12 8.1213867511e-13 1.0633421413e-12
1.6369628906e+02 1.8686255890e-12 8.0863587373e-13 1.0599897153e-12
1.6375732422e+02 1.8645261969e-12 8.0709826873e-13 1.0574279282e-12
1.6381835938e+02 1.8636794940e-12 8.0766355338e-13 1.0560159406e-12
1.6387939453e+02 1.8662291465e-12 8.1013732831e-13 1.0560918182e-12
1.6394042969e+02 1.8718038005e-12 8.1419879488e-13 1.0576050056e-12
1.6400146484e+02 1.8797088446e-12 8.1957808798e-13 1.0601307566e-12
1.6406250000e+02 1.8892530816e-12 8.2605204512e-13 1.0632010365e-12
1.6412353516e+02 1.8998928485e-12 8.3338954950e-13 1.0665032990e-12
1.6418457031e+02 1.9111421365e-12 8.4132564361e-13 1.0698164929e-12
1.6424560547e+02 1.9225233421e-12 8.4958943925e-13 1.0729339028e-12
1.6430664062e+02 1.9337321947e-12 8.5801884225e-13 1.0757133525e-12
1.6436767578e+02 1.9447714606e-12 8.6658934391e-13 1.0781821167e-12
1.6442871094e+02 1.9558139098e-12 8.7524084141e-13 1.0805730684e-12
1.6448974609e+02 1.9669330724e-12 8.8377528352e-13 1.0831577889e-12
1.6455078125e+02 1.9779395993e-12 8.9198098799e-13 1.0859586113e-12
1.6461181641e+02 1.9883919327e-12 8.9971611862e-13 1.0886758141e-12
1.6467285156e+02 1.9977063603e-12 9.0678730910e-13 1.0909190512e-12
1.6473388672e+02 2.0053149237e-12 9.1287104892e-13 1.0924438748e-12
1.6479492188e+02 2.0108469453e-12 9.1768563984e-13 1.0931613054e-12
1.6485595703e+02 2.0141510707e-12 9.2117011916e-13 1.0929809515e-12
1.6491699219e+02 2.0150783140e-12 9.2337941402e-13 1.0916989000e-12
1.6497802734e+02 2.0133793617e-12 9.2426753884e-13 1.0891118228e-12
1.6503906250e+02 2.0089186237e-12 9.2367192538e-13 1.0852466983e-12
1.6510009766e+02 2.0018643102e-12 9.2149552885e-13 1.0803687814e-12
1.6516113281e+02 1.9926312397e-12 9.1786153177e-13 1.0747697079e-12
1.6522216797e+02 1.9817097992e-12 9.1306223299e-13 1.0686475662e-12
1.6528320312e+02 1.9694452935e-12 9.0734215645e-13 1.0621031371e-12
1.6534423828e+02 1.9558767593e-12 9.0075081948e-13 1.0551259398e-12
1.6540527344e+02 1.9408749133e-12 8.9321088064e-13 1.0476640326e-12
1.6546630859e+02 1.9244329440e-12 8.8468362646e-13 1.0397493175e-12
1.6552734375e+02 1.9067037112e-12 8.7523439133e-13 1.0314693198e-12
1.6558837891e+02 1.8878163433e-12 8.6496030083e-13 1.0228560425e-12
1.6564941406e+02 1.8678156815e-12 8.5392213517e-13 1.0138935463e-12
1.6571044922e+02 1.8467642271e-12 8.4215651764e-13 1.0046077095e-12
1.6577148438e+02 1.8248527417e-12 8.2973067876e-13 9.9512206298e-13
1.6583251953e+02 1.8025068784e-12 8.1683666530e-13 9.8567021310e-13
1.6589355469e+02 1.7804029403e-12 8.0383092335e-13 9.7657201695e-13
1.6595458984e+02 1.7592741087e-12 7.9113328945e-13 9.6814081921e-13
1.6601562500e+02 1.7396666755e-12 7.7912203173e-13 9.6054464382e-13
1.6607666016e+02 1.7217946901e-12 7.6806778413e-13 9.5372690594e-13
1.6613769531e+02 1.7054951469e-12 7.5802061936e-13 9.4747452757e-13
1.6619873047e+02 1.6904209130e-12 7.4881366344e-13 9.4160724959e-13
1.6625976562e+02 1.6763805910e-12 7.4025667208e-13 9.3612391894e-13
1.6632080078e+02 1.6633828799e-12 7.3224976478e-13 9.3113311507e-13
1.6638183594e+02 1.6513963064e-12 7.2475896486e-13 9.2663734158e-13
1.6644287109e+02 1.6402780119e-12 7.1780455443e-13 9.2247345743e-13
1.6650390625e+02 1.6299559731e-12 7.1145860191e-13 9.1849737121e-13
1.6656494141e+02 1.6205994509e-12 7.0584571381e-13 9.1475373711e-13
1.6662597656e+02 1.6126090065e-12 7.0114294704e-13 9.1146605947e-13
1.6668701172e+02 1.6063795734e-12 6.9750251077e-13 9.0887706267e-13
1.6674804688e+02 1.6019941212e-12 6.9496741014e-13 9.0702671103e-13
1.6680908203e+02 1.5992071352e-12 6.9351052417e-13 9.0569661107e-13
1.6687011719e+02 1.5977674039e-12 6.9312055325e-13 9.0464685069e-13
1.6693115234e+02 1.5976114177e-12 6.9375865943e-13 9.0385275825e-13
1.6699218750e+02 1.5986184825e-12 6.9520331491e-13 9.0341516761e-13
1.6705322266e+02 1.6003997043e-12 6.9707539032e-13 9.0332431403e-13
1.6711425781e+02 1.6025778274e-12 6.9915222793e-13 9.0342559944e-13
1.6717529297e+02 1.6050707572e-12 7.0155705908e-13 9.0351369816e-13
1.6723632812e+02 1.6079022686e-12 7.0450765429e-13 9.0339461429e-13
1.6729736328e+02 1.6109484220e-12 7.0796691721e-13 9.0298150482e-13
1.6735839844e+02 1.6140097511e-12 7.1166193493e-13 9.0234781620e-13
1.6741943359e+02 1.6169949170e-12 7.1536474635e-13 9.0163017062e-13
1.6748046875e+02 1.6199259475e-12 7.1900428876e-13 9.0092165872e-13
1.6754150391e+02 1.6227352961e-12 7.2252497497e-13 9.0021032113e-13
1.6760253906e+02 1.6250851064e-12 7.2577966728e-13 8.9930543908e-13
1.6766357422e+02 1.6265152269e-12 7.2861400398e-13 8.9790122288e-13
1.6772460938e+02 1.6267924364e-12 7.3096316056e-13 8.9582927587e-13
1.6778564453e+02 1.6259420455e-12 7.3276201326e-13 8.9318003224e-13
1.6784667969e+02 1.6239514867e-12 7.3382301931e-13 8.9012846737e-13
1.6790771484e+02 1.6207239963e-12 7.3398712774e-13 8.8673686853e-13
1.6796875000e+02 1.6163602722e-12 7.3338408186e-13 8.8297619033e-13
1.6802978516e+02 1.6112249459e-12 7.3233741614e-13 8.7888752980e-13
1.6809082031e+02 1.6056339830e-12 7.3098321027e-13 8.7465077277e-13
1.6815185547e+02 1.5995835377e-12 7.2913225915e-13 8.7045127853e-13
1.6821289062e+02 1.5928679232e-12 7.2653545220e-13 8.6633247103e-13
1.6827392578e+02 1.5854373763e-12 7.2320687136e-13 8.6223050491e-13
1.6833496094e+02 1.5775510936e-12 7.1947385624e-13 8.5807723737e-13
1.6839599609e+02 1.5694852622e-12 7.1567287128e-13 8.5381239091e-13
1.6845703125e+02 1.5610810183e-12 7.1173694968e-13 8.4934406859e-13
1.6851806641e+02 1.5517868202e-12 7.0720481459e-13 8.4458200557e-13
1.6857910156e+02 1.5412964914e-12 7.0172748811e-13 8.3956900327e-13
1.6864013672e+02 1.5299212031e-12 6.9538796052e-13 8.3453324253e-13
1.6870117188e+02 1.5182189233e-12 6.8849901942e-13 8.2971990392e-13
1.6876220703e+02 1.5065679889e-12 6.8137346324e-13 8.2519452567e-13
1.6882324219e+02 1.4951794167e-12 6.7430968705e-13 8.2086972965e-13
1.6888427734e+02 1.4841551565e-12 6.6748619219e-13 8.1666896433e-13
1.6894531250e+02 1.4733904814e-12 6.6079985076e-13 8.1259063065e-13
1.6900634766e+02 1.4626275819e-12 6.5400848635e-13 8.0861909553e-13
1.6906738281e+02 1.4517095746e-12 6.4706354683e-13 8.0464602777e-13
1.6912841797e+02 1.4407046925e-12 6.4016440619e-13 8.0054028630e-13
1.6918945312e+02 1.4297290114e-12 6.3348848121e-13 7.9624053016e-13
1.6925048828e+02 1.4187026074e-12 6.2697396592e-13 7.9172864150e-13
1.6931152344e+02 1.4074288226e-12 6.2040070975e-13 7.8702811289e-13
1.6937255859e+02 1.3959827690e-12 6.1368123734e-13 7.8230153171e-13
1.6943359375e+02 1.3848452353e-12 6.0702290758e-13 7.7782232772e-13
1.6949462891e+02 1.3745446474e-12 6.0075765362e-13 7.7378699382e-13
1.6955566406e+02 1.3653523854e-12 5.9510632419e-13 7.7024606125e-13
1.6961669922e+02 1.3573954884e-12 5.9018874481e-13 7.6720674356e-13
1.6967773438e+02 1.3507932662e-12 5.8611770313e-13 7.6467556310e-13
1.6973876953e+02 1.3454969273e-12 5.8291272163e-13 7.6258420572e-13
1.6979980469e+02 1.3411492514e-12 5.8039996000e-13 7.6074929137e-13
1.6986083984e+02 1.3372451552e-12 5.7832067841e-13 7.5892447683e-13
1.6992187500e+02 1.3333815226e-12 5.7648214635e-13 7.5689937628e-13
1.6998291016e+02 1.3294176910e-12 5.7479154291e-13 7.5462614814e-13
1.7004394531e+02 1.3255151807e-12 5.7324794373e-13 7.5226723694e-13
1.7010498047e+02 1.3219305559e-12 5.7190201005e-13 7.5002854583e-13
1.7016601562e+02 1.3187909312e-12 5.7082252622e-13 7.4796840494e-13
1.7022705078e+02 1.3161960828e-12 5.7015555787e-13 7.4604052488e-13
1.7028808594e+02 1.3143261833e-12 5.7011311929e-13 7.4421306400e-13
1.7034912109e+02 1.3132528034e-12 5.7078970489e-13 7.4246309852e-13
1.7041015625e+02 1.3128253404e-12 5.7205296103e-13 7.4077237937e-13
1.7047119141e+02 1.3128547224e-12 5.7367140924e-13 7.3918331312e-13
1.7053222656e+02 1.3132716908e-12 5.7550631319e-13 7.3776537757e-13
1.7059326172e+02 1.3140679579e-12 5.7754930801e-13 7.3651864988e-13
1.7065429688e+02 1.3151668658e-12 5.7979633788e-13 7.3537052795e-13
1.7071533203e+02 1.3163615914e-12 5.8213574789e-13 7.3422584350e-13
1.7077636719e+02 1.3173873251e-12 5.8438444373e-13 7.3300288138e-13
1.7083740234e+02 1.3181269968e-12 5.8641503584e-13 7.3171196093e-13
1.7089843750e+02 1.3187686982e-12 5.8824682616e-13 7.3052187202e-13
1.7095947266e+02 1.3197030737e-12 5.9003294281e-13 7.2967013088e-13
1.7102050781e+02 1.3212040391e-12 5.9195782704e-13 7.2924621202e-13
1.7108154297e+02 1.3231694521e-12 5.9410963836e-13 7.2905981370e-13
1.7114257812e+02 1.3251359579e-12 5.9637379378e-13 7.2876216408e-13
1.7120361328e+02 1.3265117027e-12 5.9839269876e-13 7.2811900398e-13
1.7126464844e+02 1.3268171416e-12 5.9969992827e-13 7.2711721334e-13
1.7132568359e+02 1.3257912740e-12 5.9999289181e-13 7.2579838218e-13
1.7138671875e+02 1.3233523079e-12 5.9926208711e-13 7.2409022084e-13
1.7144775391e+02 1.3195029719e-12 5.9765789059e-13 7.2184508136e-13
1.7150878906e+02 1.3142884521e-12 5.9530105966e-13 7.1898739241e-13
1.7156982422e+02 1.3078273756e-12 5.9222647948e-13 7.1560089612e-13
1.7163085938e+02 1.3003428662e-12 5.8845567809e-13 7.1188718809e-13
1.7169189453e+02 1.2921244275e-12 5.8408359863e-13 7.0804082889e-13
1.7175292969e+02 1.2834201158e-12 5.7925296894e-13 7.0416714683e-13
1.7181396484e+02 1.2743361258e-12 5.7403239674e-13 7.0030372910e-13
1.7187500000e+02 1.2648570420e-12 5.6839806510e-13 6.9645897693e-13
1.7193603516e+02 1.2549539382e-12 5.6237431778e-13 6.9257962045e-13
1.7199707031e+02 1.2446100243e-12 5.5608679076e-13 6.8852323357e-13
1.7205810547e+02 1.2337656915e-12 5.4960282777e-13 6.8416286377e-13
1.7211914062e+02 1.2223600548e-12 5.4283214693e-13 6.7952790783e-13
1.7218017578e+02 1.2105046519e-12 5.3571138879e-13 6.7479326311e-13
1.7224121094e+02 1.1985670696e-12 5.2841228158e-13 6.7015478802e-13
1.7230224609e+02 1.1869601471e-12 5.2124332208e-13 6.6571682506e-13
1.7236328125e+02 1.1757878246e-12 5.1435964842e-13 6.6142817622e-13
1.7242431641e+02 1.1647942662e-12 5.0765578154e-13 6.5713848463e-13
1.7248535156e+02 1.1538070599e-12 5.0101194466e-13 6.5279511520e-13
1.7254638672e+02 1.1431223109e-12 4.9458172596e-13 6.4854058498e-13
1.7260742188e+02 1.1332003221e-12 4.8867748535e-13 6.4452283675e-13
1.7266845703e+02 1.1240853645e-12 4.8341073849e-13 6.4067462601e-13
1.7272949219e+02 1.1154274546e-12 4.7863025526e-13 6.3679719932e-13
1.7279052734e+02 1.1070018905e-12 4.7418756180e-13 6.3281432868e-13
1.7285156250e+02 1.0989404309e-12 4.7008366405e-13 6.2885676688e-13
1.7291259766e+02 1.0915012530e-12 4.6636504432e-13 6.2513620866e-13
1.7297363281e+02 1.0848597666e-12 4.6307219257e-13 6.2178757398e-13
1.7303466797e+02 1.0791811834e-12 4.6035942597e-13 6.1882175742e-13
1.7309570312e+02 1.0747438897e-12 4.5853120533e-13 6.1621268436e-13
1.7315673828e+02 1.0718333980e-12 4.5782452060e-13 6.1400887740e-13
1.7321777344e+02 1.0704538710e-12 4.5814038178e-13 6.1231348921e-13
1.7327880859e+02 1.0702564816e-12 4.5910935736e-13 6.1114712421e-13
1.7333984375e+02 1.0708957385e-12 4.6050045018e-13 6.1039528827e-13
1.7340087891e+02 1.0723280834e-12 4.6242423253e-13 6.0990385087e-13
1.7346191406e+02 1.0746225680e-12 4.6502751374e-13 6.0959505429e-13
1.7352294922e+02 1.0776708031e-12 4.6814676256e-13 6.0952404050e-13
1.7358398438e+02 1.0812246963e-12 4.7143477769e-13 6.0978991866e-13
1.7364501953e+02 1.0850545114e-12 4.7473819490e-13 6.1031631647e-13
1.7370605469e+02 1.0889714581e-12 4.7813281688e-13 6.1083864123e-13
1.7376708984e+02 1.0927926824e-12 4.8160568690e-13 6.1118699552e-13
1.7382812500e+02 1.0963583437e-12 4.8494929994e-13 6.1140904377e-13
1.7388916016e+02 1.0995745212e-12 4.8801077025e-13 6.1156375099e-13
1.7395019531e+02 1.1023925801e-12 4.9081260158e-13 6.1157997857e-13
1.7401123047e+02 1.1047067735e-12 4.9334752565e-13 6.1135924789e-13
1.7407226562e+02 1.1062792746e-12 4.9542278393e-13 6.1085649067e-13
1.7413330078e+02 1.1068264616e-12 4.9679299379e-13 6.1003346777e-13
1.7419433594e+02 1.1061920278e-12 4.9736026650e-13 6.0883176131e-13
1.7425537109e+02 1.1044043610e-12 4.9720646679e-13 6.0719789425e-13
1.7431640625e+02 1.1016259036e-12 4.9648569351e-13 6.0514021013e-13
1.7437744141e+02 1.0980826950e-12 4.9529966799e-13 6.0278302702e-13
1.7443847656e+02 1.0939591037e-12 4.9367005419e-13 6.0028904951e-13
1.7449951172e+02 1.0893235677e-12 4.9162243404e-13 5.9770113366e-13
1.7456054688e+02 1.0841504211e-12 4.8920609780e-13 5.9494432328e-13
1.7462158203e+02 1.0783586443e-12 4.8637730200e-13 5.9198134228e-13
1.7468261719e+02 1.0718709139e-12 4.8297930059e-13 5.8889161327e-13
1.7474365234e+02 1.0647286126e-12 4.7893850422e-13 5.8579010839e-13
1.7480468750e+02 1.0571007150e-12 4.7439482200e-13 5.8270589295e-13
1.7486572266e+02 1.0491078499e-12 4.6954631405e-13 5.7956153580e-13
1.7492675781e+02 1.0406913200e-12 4.6443978308e-13 5.7625153696e-13
1.7498779297e+02 1.0317082128e-12 4.5899960473e-13 5.7270860803e-13
1.7504882812e+02 1.0221207481e-12 4.5321174236e-13 5.6890900573e-13
1.7510986328e+02 1.0120422065e-12 4.4718297995e-13 5.6485922652e-13
1.7517089844e+02 1.0015949694e-12 4.4100100924e-13 5.6059396012e-13
1.7523193359e+02 9.9082179749e-13 4.3463989057e-13 5.5618190692e-13
1.7529296875e+02 9.7982529691e-13 4.2811752100e-13 5.5170777591e-13
1.7535400391e+02 9.6890861942e-13 4.2167834004e-13 5.4723027938e-13
1.7541503906e+02 9.5842732674e-13 4.1563611951e-13 5.4279120723e-13
1.7547607422e+02 9.4850110403e-13 4.1004744390e-13 5.3845366014e-13
1.7553710938e+02 9.3904582710e-13 4.0475582755e-13 5.3428999954e-13
1.7559814453e+02 9.3012771071e-13 3.9975896138e-13 5.3036874933e-13
1.7565917969e+02 9.2204789248e-13 3.9528680785e-13 5.2676108463e-13
1.7572021484e+02 9.1501333626e-13 3.9148853777e-13 5.2352479848e-13
1.7578125000e+02 9.0896777300e-13 3.8826861833e-13 5.2069915467e-13
1.7584228516e+02 9.0383544346e-13 3.8552264277e-13 5.1831280070e-13
1.7590332031e+02 8.9976160561e-13 3.8338609580e-13 5.1637550981e-13
1.7596435547e+02 8.9697657933e-13 3.8210669685e-13 5.1486988248e-13
1.7602539062e+02 8.9547528437e-13 3.8171542975e-13 5.1375985463e-13
1.7608642578e+02 8.9499415729e-13 3.8196889638e-13 5.1302526091e-13
1.7614746094e+02 8.9531785765e-13 3.8264317804e-13 5.1267467962e-13
1.7620849609e+02 8.9643988290e-13 3.8374432830e-13 5.1269555460e-13
1.7626953125e+02 8.9836424382e-13 3.8534564011e-13 5.1301860371e-13
1.7633056641e+02 9.0087177440e-13 3.8734737600e-13 5.1352439840e-13
1.7639160156e+02 9.0354862224e-13 3.8951514182e-13 5.1403348042e-13
1.7645263672e+02 9.0603311887e-13 3.9167823207e-13 5.1435488681e-13
1.7651367188e+02 9.0823830849e-13 3.9380782268e-13 5.1443048581e-13
1.7657470703e+02 9.1027925710e-13 3.9592310258e-13 5.1435615451e-13
1.7663574219e+02 9.1220770379e-13 3.9798677153e-13 5.1422093225e-13
1.7669677734e+02 9.1397759528e-13 3.9995111756e-13 5.1402647772e-13
1.7675781250e+02 9.1559926748e-13 4.0186246964e-13 5.1373679783e-13
1.7681884766e+02 9.1709164634e-13 4.0379707230e-13 5.1329457404e-13
1.7687988281e+02 9.1831448217e-13 4.0567283597e-13 5.1264164620e-13
1.7694091797e+02 9.1902139886e-13 4.0724395156e-13 5.1177744730e-13
1.7700195312e+02 9.1909477174e-13 4.0835029703e-13 5.1074447471e-13
1.7706298828e+02 9.1862778837e-13 4.0906391646e-13 5.0956387191e-13
1.7712402344e+02 9.1772827500e-13 4.0950039670e-13 5.0822787830e-13
1.7718505859e+02 9.1633968055e-13 4.0960272282e-13 5.0673695772e-13
1.7724609375e+02 9.1437182985e-13 4.0924932914e-13 5.0512250071e-13
1.7730712891e+02 9.1191296674e-13 4.0849629963e-13 5.0341666710e-13
1.7736816406e+02 9.0909979793e-13 4.0752128059e-13 5.0157851734e-13
1.7742919922e+02 9.0580577365e-13 4.0631270212e-13 4.9949307152e-13
1.7749023438e+02 9.0166721783e-13 4.0459264498e-13 4.9707457284e-13
1.7755126953e+02 8.9648149769e-13 4.0215058992e-13 4.9433090777e-13
1.7761230469e+02 8.9046186802e-13 3.9912923049e-13 4.9133263753e-13
1.7767333984e+02 8.8396582175e-13 3.9582638221e-13 4.8813943954e-13
1.7773437500e+02 8.7704851294e-13 3.9230568825e-13 4.8474282468e-13
1.7779541016e+02 8.6951255493e-13 3.8839714430e-13 4.8111541063e-13
1.7785644531e+02 8.6131848163e-13 3.8402913579e-13 4.7728934584e-13
1.7791748047e+02 8.5265272723e-13 3.7936469400e-13 4.7328803322e-13
1.7797851562e+02 8.4367796534e-13 3.7460687495e-13 4.6907109039e-13
1.7803955078e+02 8.3449380174e-13 3.6980886298e-13 4.6468493876e-13
1.7810058594e+02 8.2531470991e-13 3.6494655139e-13 4.6036815851e-13
1.7816162109e+02 8.1649953487e-13 3.6010960432e-13 4.5638993055e-13
1.7822265625e+02 8.0831785450e-13 3.5547395809e-13 4.5284389641e-13
1.7828369141e+02 8.0072651007e-13 3.5107319329e-13 4.4965331678e-13
1.7834472656e+02 7.9350074319e-13 3.4677546985e-13 4.4672527334e-13
1.7840576172e+02 7.8660162275e-13 3.4256030532e-13 4.4404131743e-13
1.7846679688e+02 7.8026445584e-13 3.3864998280e-13 4.4161447304e-13
1.7852783203e+02 7.7470812963e-13 3.3526603588e-13 4.3944209376e-13
1.7858886719e+02 7.6990865855e-13 3.3239552051e-13 4.3751313804e-13
1.7864990234e+02 7.6569018961e-13 3.2989952603e-13 4.3579066358e-13
1.7871093750e+02 7.6194232077e-13 3.2773723393e-13 4.3420508684e-13
1.7877197266e+02 7.5868445869e-13 3.2597119928e-13 4.3271325941e-13
1.7883300781e+02 7.5593704882e-13 3.2460669267e-13 4.3133035615e-13
1.7889404297e+02 7.5362235683e-13 3.2351934416e-13 4.3010301267e-13
1.7895507812e+02 7.5165719688e-13 3.2256733958e-13 4.2908985731e-13
1.7901611328e+02 7.5009190652e-13 3.2175695538e-13 4.2833495114e-13
1.7907714844e+02 7.4904456674e-13 3.2122826164e-13 4.2781630510e-13
1.7913818359e+02 7.4844108158e-13 3.2102578596e-13 4.2741529561e-13
1.7919921875e+02 7.4792657030e-13 3.2098957311e-13 4.2693699719e-13
1.7926025391e+02 7.4718912379e-13 3.2098573501e-13 4.2620338878e-13
1.7932128906e+02 7.4630268247e-13 3.2112361776e-13 4.2517906471e-13
1.7938232422e+02 7.4559350921e-13 3.2158982650e-13 4.2400368272e-13
1.7944335938e+02 7.4526821448e-13 3.2237167228e-13 4.2289654220e-13
1.7950439453e+02 7.4531867904e-13 3.2330262934e-13 4.2201604970e-13
1.7956542969e+02 7.4565968579e-13 3.2430503606e-13 4.2135464973e-13
1.7962646484e+02 7.4622423660e-13 3.2544542507e-13 4.2077881153e-13
1.7968750000e+02 7.4697192389e-13 3.2675911176e-13 4.2021281213e-13
1.7974853516e+02 7.4782266674e-13 3.2811782799e-13 4.1970483875e-13
1.7980957031e+02 7.4859202836e-13 3.2933109464e-13 4.1926093372e-13
1.7987060547e+02 7.4908109019e-13 3.3035183447e-13 4.1872925572e-13
1.7993164062e+02 7.4922196817e-13 3.3129140328e-13 4.1793056488e-13
1.7999267578e+02 7.4902508385e-13 3.3218950155e-13 4.1683558230e-13
1.8005371094e+02 7.4842520667e-13 3.3287150423e-13 4.1555370244e-13
1.8011474609e+02 7.4729803208e-13 3.3312501028e-13 4.1417302180e-13
1.8017578125e+02 7.4559031995e-13 3.3291946644e-13 4.1267085351e-13
1.8023681641e+02 7.4335246038e-13 3.3235773235e-13 4.1099472803e-13
1.8029785156e+02 7.4065939183e-13 3.3150563414e-13 4.0915375769e-13
1.8035888672e+02 7.3755167927e-13 3.3035825594e-13 4.0719342333e-13
1.8041992188e+02 7.3405405334e-13 3.2892212743e-13 4.0513192591e-13
1.8048095703e+02 7.3018475049e-13 3.2725352731e-13 4.0293122318e-13
1.8054199219e+02 7.2592114074e-13 3.2538152196e-13 4.0053961879e-13
1.8060302734e+02 7.2121873864e-13 3.2323182329e-13 3.9798691535e-13
1.8066406250e+02 7.1609810658e-13 3.2072607015e-13 3.9537203642e-13
1.8072509766e+02 7.1069766727e-13 3.1794938675e-13 3.9274828052e-13
1.8078613281e+02 7.0523150690e-13 3.1509024851e-13 3.9014125839e-13
1.8084716797e+02 6.9987185897e-13 3.1221613416e-13 3.8765572481e-13
1.8090820312e+02 6.9466994994e-13 3.0925473970e-13 3.8541521023e-13
1.8096923828e+02 6.8961702077e-13 3.0619779284e-13 3.8341922793e-13
1.8103027344e+02 6.8473678906e-13 3.0317723030e-13 3.8155955876e-13
1.8109130859e+02 6.8004357388e-13 3.0030163055e-13 3.7974194333e-13
1.8115234375e+02 6.7544839439e-13 2.9752229841e-13 3.7792609598e-13
1.8121337891e+02 6.7080763876e-13 2.9473175046e-13 3.7607588830e-13
1.8127441406e+02 6.6607506420e-13 2.9192952366e-13 3.7414554054e-13
1.8133544922e+02 6.6133266134e-13 2.8919819170e-13 3.7213446964e-13
1.8139648438e+02 6.5664574422e-13 2.8654652399e-13 3.7009922024e-13
1.8145751953e+02 6.5199517928e-13 2.8390764077e-13 3.6808753851e-13
1.8151855469e+02 6.4745628397e-13 2.8133084502e-13 3.6612543895e-13
1.8157958984e+02 6.4330469455e-13 2.7903223372e-13 3.6427246083e-13
1.8164062500e+02 6.3976406250e-13 2.7715410617e-13 3.6260995633e-13
1.8170166016e+02 6.3675121932e-13 2.7558224802e-13 3.6116897130e-13
1.8176269531e+02 6.3399202033e-13 2.7410333656e-13 3.5988868377e-13
1.8182373047e+02 6.3131504697e-13 2.7267550077e-13 3.5863954620e-13
1.8188476562e+02 6.2878109491e-13 2.7146205799e-13 3.5731903692e-13
1.8194580078e+02 6.2653794295e-13 2.7060182263e-13 3.5593612032e-13
1.8200683594e+02 6.2458981614e-13 2.7000989334e-13 3.5457992280e-13
1.8206787109e+02 6.2278915673e-13 2.6947947663e-13 3.5330968010e-13
1.8212890625e+02 6.2102020455e-13 2.6892776863e-13 3.5209243592e-13
1.8218994141e+02 6.1931016603e-13 2.6842251193e-13 3.5088765410e-13
1.8225097656e+02 6.1780888426e-13 2.6802164381e-13 3.4978724045e-13
1.8231201172e+02 6.1667596615e-13 2.6772265246e-13 3.4895331368e-13
1.8237304688e+02 6.1594106730e-13 2.6755123487e-13 3.4838983242e-13
1.8243408203e+02 6.1550256036e-13 2.6760080551e-13 3.4790175485e-13
1.8249511719e+02 6.1521171687e-13 2.6792287936e-13 3.4728883751e-13
1.8255615234e+02 6.1486434839e-13 2.6837758764e-13 3.4648676075e-13
1.8261718750e+02 6.1425016738e-13 2.6869706126e-13 3.4555310612e-13
1.8267822266e+02 6.1334687730e-13 2.6875890265e-13 3.4458797464e-13
1.8273925781e+02 6.1232617307e-13 2.6868104477e-13 3.4364512830e-13
1.8280029297e+02 6.1127828363e-13 2.6859311688e-13 3.4268516674e-13
1.8286132812e+02 6.1007124703e-13 2.6845132767e-13 3.4161991936e-13
1.8292236328e+02 6.0857299726e-13 2.6815077655e-13 3.4042222071e-13
1.8298339844e+02 6.0690479652e-13 2.6771729580e-13 3.3918750072e-13
1.8304443359e+02 6.0534070911e-13 2.6729113863e-13 3.3804957048e-13
1.8310546875e+02 6.0400303246e-13 2.6696524029e-13 3.3703779217e-13
1.8316650391e+02 6.0278181603e-13 2.6671525846e-13 3.3606655756e-13
1.8322753906e+02 6.0151573999e-13 2.6645654293e-13 3.3505919706e-13
1.8328857422e+02 6.0014428185e-13 2.6612293632e-13 3.3402134553e-13
1.8334960938e+02 5.9869128189e-13 2.6569799543e-13 3.3299328646e-13
1.8341064453e+02 5.9716393071e-13 2.6518182158e-13 3.3198210912e-13
1.8347167969e+02 5.9551090319e-13 2.6456503712e-13 3.3094586607e-13
1.8353271484e+02 5.9367127210e-13 2.6385102974e-13 3.2982024236e-13
1.8359375000e+02 5.9159064583e-13 2.6303837892e-13 3.2855226691e-13
1.8365478516e+02 5.8918267933e-13 2.6206220237e-13 3.2712047696e-13
1.8371582031e+02 5.8639049511e-13 2.6083737829e-13 3.2555311682e-13
1.8377685547e+02 5.8333853999e-13 2.5940360600e-13 3.2393493399e-13
1.8383789062e+02 5.8034012586e-13 2.5795857216e-13 3.2238155370e-13
1.8389892578e+02 5.7764950636e-13 2.5666496821e-13 3.2098453815e-13
1.8395996094e+02 5.7519119133e-13 2.5545298256e-13 3.1973820876e-13
1.8402099609e+02 5.7261660276e-13 2.5409861123e-13 3.1851799153e-13
1.8408203125e+02 5.6964765340e-13 2.5246495270e-13 3.1718270069e-13
1.8414306641e+02 5.6629223116e-13 2.5059351123e-13 3.1569871993e-13
1.8420410156e+02 5.6273797531e-13 2.4861034669e-13 3.1412762863e-13
1.8426513672e+02 5.5913627060e-13 2.4660695258e-13 3.1252931803e-13
1.8432617188e+02 5.5552159103e-13 2.4459635571e-13 3.1092523532e-13
1.8438720703e+02 5.5189960179e-13 2.4257753825e-13 3.0932206354e-13
1.8444824219e+02 5.4834766134e-13 2.4061443599e-13 3.0773322535e-13
1.8450927734e+02 5.4495915062e-13 2.3877582300e-13 3.0618332762e-13
1.8457031250e+02 5.4173407103e-13 2.3703304607e-13 3.0470102496e-13
1.8463134766e+02 5.3863500801e-13 2.3532310110e-13 3.0331190691e-13
1.8469238281e+02 5.3567892611e-13 2.3365251966e-13 3.0202640645e-13
1.8475341797e+02 5.3285910075e-13 2.3203838811e-13 3.0082071264e-13
1.8481445312e+02 5.3009737101e-13 2.3043749045e-13 2.9965988056e-13
1.8487548828e+02 5.2737281868e-13 2.2882195967e-13 2.9855085900e-13
1.8493652344e+02 5.2477056157e-13 2.2725552627e-13 2.9751503529e-13
1.8499755859e+02 5.2235852536e-13 2.2584193424e-13 2.9651659112e-13
1.8505859375e+02 5.2013314017e-13 2.2463585506e-13 2.9549728511e-13
1.8511962891e+02 5.1807594156e-13 2.2362660171e-13 2.9444933984e-13
1.8518066406e+02 5.1616169916e-13 2.2276896041e-13 2.9339273875e-13
1.8524169922e+02 5.1436622967e-13 2.2200696311e-13 2.9235926656e-13
1.8530273438e+02 5.1273984690e-13 2.2131051866e-13 2.9142932825e-13
1.8536376953e+02 5.1136113132e-13 2.2069125075e-13 2.9066988057e-13
1.8542480469e+02 5.1017452838e-13 2.2014807307e-13 2.9002645531e-13
1.8548583984e+02 5.0905051469e-13 2.1966568265e-13 2.8938483204e-13
1.8554687500e+02 5.0803387055e-13 2.1930686278e-13 2.8872700778e-13
1.8560791016e+02 5.0732254772e-13 2.1919564829e-13 2.8812689943e-13
1.8566894531e+02 5.0697566544e-13 2.1936609015e-13 2.8760957529e-13
1.8572998047e+02 5.0682097482e-13 2.1970931761e-13 2.8711165721e-13
1.8579101562e+02 5.0668202529e-13 2.2010013909e-13 2.8658188621e-13
1.8585205078e+02 5.0658392895e-13 2.2053218973e-13 2.8605173922e-13
1.8591308594e+02 5.0667596496e-13 2.2107454524e-13 2.8560141972e-13
1.8597412109e+02 5.0699140566e-13 2.2171279530e-13 2.8527861037e-13
1.8603515625e+02 5.0736942926e-13 2.2233613189e-13 2.8503329737e-13
1.8609619141e+02 5.0763227810e-13 2.2289186889e-13 2.8474040921e-13
1.8615722656e+02 5.0775702816e-13 2.2344160658e-13 2.8431542157e-13
1.8621826172e+02 5.0783272356e-13 2.2403923205e-13 2.8379349151e-13
1.8627929688e+02 5.0791549988e-13 2.2463695943e-13 2.8327854045e-13
1.8634033203e+02 5.0797691327e-13 2.2514320722e-13 2.8283370606e-13
1.8640136719e+02 5.0794867851e-13 2.2550966749e-13 2.8243901102e-13
1.8646240234e+02 5.0774891359e-13 2.2571206608e-13 2.8203684750e-13
1.8652343750e+02 5.0727868523e-13 2.2570132263e-13 2.8157736260e-13
1.8658447266e+02 5.0648493181e-13 2.2545295865e-13 2.8103197316e-13
1.8664550781e+02 5.0544390641e-13 2.2502701374e-13 2.8041689268e-13
1.8670654297e+02 5.0428833814e-13 2.2450223608e-13 2.7978610206e-13
1.8676757812e+02 5.0304401787e-13 2.2388803692e-13 2.7915598095e-13
1.8682861328e+02 5.0160966784e-13 2.2314804035e-13 2.7846162749e-13
1.8688964844e+02 4.9987543053e-13 2.2225198011e-13 2.7762345042e-13
1.8695068359e+02 4.9781967947e-13 2.2118896683e-13 2.7663071264e-13
1.8701171875e+02 4.9550888027e-13 2.1999009833e-13 2.7551878194e-13
1.8707275391e+02 4.9300783262e-13 2.1870732572e-13 2.7430050690e-13
1.8713378906e+02 4.9030090603e-13 2.1732635897e-13 2.7297454705e-13
1.8719482422e+02 4.8734434051e-13 2.1577885758e-13 2.7156548294e-13
1.8725585938e+02 4.8418127115e-13 2.1406588471e-13 2.7011538644e-13
1.8731689453e+02 4.8092921776e-13 2.1226716309e-13 2.6866205467e-13
1.8737792969e+02 4.7765673796e-13 2.1042330609e-13 2.6723343187e-13
1.8743896484e+02 4.7436721643e-13 2.0852521150e-13 2.6584200493e-13
1.8750000000e+02 4.7110101917e-13 2.0661388963e-13 2.6448712954e-13
1.8756103516e+02 4.6794324849e-13 2.0477824049e-13 2.6316500800e-13
1.8762207031e+02 4.6490926923e-13 2.0305278550e-13 2.6185648373e-13
1.8768310547e+02 4.6188534174e-13 2.0137946031e-13 2.6050588143e-13
1.8774414062e+02 4.5873455727e-13 1.9967530714e-13 2.5905925013e-13
1.8780517578e+02 4.5549222521e-13 1.9793423795e-13 2.5755798726e-13
1.8786621094e+02 4.5240988053e-13 1.9625840025e-13 2.5615148029e-13
1.8792724609e+02 4.4973063670e-13 1.9477253288e-13 2.5495810382e-13
1.8798828125e+02 4.4746879928e-13 1.9352355429e-13 2.5394524499e-13
1.8804931641e+02 4.4549058728e-13 1.9248459677e-13 2.5300599051e-13
1.8811035156e+02 4.4375353526e-13 1.9162740975e-13 2.5212612551e-13
1.8817138672e+02 4.4236270007e-13 1.9095449558e-13 2.5140820449e-13
1.8823242188e+02 4.4138561161e-13 1.9047300501e-13 2.5091260660e-13
1.8829345703e+02 4.4069895480e-13 1.9016383229e-13 2.5053512251e-13
1.8835449219e+02 4.4010222742e-13 1.8998069667e-13 2.5012153075e-13
1.8841552734e+02 4.3954521426e-13 1.8988014481e-13 2.4966506945e-13
1.8847656250e+02 4.3913818781e-13 1.8984973799e-13 2.4928844982e-13
1.8853759766e+02 4.3895264956e-13 1.8989567337e-13 2.4905697619e-13
1.8859863281e+02 4.3891117365e-13 1.9000653389e-13 2.4890463976e-13
1.8865966797e+02 4.3889031200e-13 1.9015358198e-13 2.4873673001e-13
1.8872070312e+02 4.3886629759e-13 1.9033459754e-13 2.4853170005e-13
1.8878173828e+02 4.3891738065e-13 1.9059323732e-13 2.4832414333e-13
1.8884277344e+02 4.3911916735e-13 1.9098261128e-13 2.4813655607e-13
1.8890380859e+02 4.3948043573e-13 1.9151574016e-13 2.4796469557e-13
1.8896484375e+02 4.3994583286e-13 1.9214326345e-13 2.4780256941e-13
1.8902587891e+02 4.4041903052e-13 1.9277591612e-13 2.4764311440e-13
1.8908691406e+02 4.4082279728e-13 1.9334339245e-13 2.4747940483e-13
1.8914794922e+02 4.4118139097e-13 1.9383910335e-13 2.4734228762e-13
1.8920898438e+02 4.4160153120e-13 1.9429845650e-13 2.4730307471e-13
1.8927001953e+02 4.4211490742e-13 1.9472445766e-13 2.4739044977e-13
1.8933105469e+02 4.4257087339e-13 1.9506573408e-13 2.4750513930e-13
1.8939208984e+02 4.4274220397e-13 1.9529471246e-13 2.4744749151e-13
1.8945312500e+02 4.4252321119e-13 1.9545268342e-13 2.4707052777e-13
1.8951416016e+02 4.4198824601e-13 1.9556978562e-13 2.4641846039e-13
1.8957519531e+02 4.4127767389e-13 1.9558168106e-13 2.4569599283e-13
1.8963623047e+02 4.4046611154e-13 1.9537150553e-13 2.4509460600e-13
1.8969726562e+02 4.3954099663e-13 1.9490050987e-13 2.4464048675e-13
1.8975830078e+02 4.3847734556e-13 1.9428313650e-13 2.4419420906e-13
1.8981933594e+02 4.3727875639e-13 1.9369168096e-13 2.4358707544e-13
1.8988037109e+02 4.3593054753e-13 1.9317958962e-13 2.4275095791e-13
1.8994140625e+02 4.3436081660e-13 1.9263589065e-13 2.4172492595e-13
1.9000244141e+02 4.3247392723e-13 1.9189775433e-13 2.4057617291e-13
1.9006347656e+02 4.3023983858e-13 1.9087594399e-13 2.3936389459e-13
1.9012451172e+02 4.2777571700e-13 1.8960459447e-13 2.3817112253e-13
1.9018554688e+02 4.2529437900e-13 1.8820728622e-13 2.3708709278e-13
1.9024658203e+02 4.2292324456e-13 1.8680639517e-13 2.3611684939e-13
1.9030761719e+02 4.2061989733e-13 1.8545337917e-13 2.3516651816e-13
1.9036865234e+02 4.1830019460e-13 1.8414228315e-13 2.3415791145e-13
1.9042968750e+02 4.1598661938e-13 1.8286388261e-13 2.3312273677e-13
1.9049072266e+02 4.1378822491e-13 1.8162640674e-13 2.3216181818e-13
1.9055175781e+02 4.1178821758e-13 1.8043900221e-13 2.3134921538e-13
1.9061279297e+02 4.0997521686e-13 1.7929837319e-13 2.3067684368e-13
1.9067382812e+02 4.0825140879e-13 1.7819887085e-13 2.3005253795e-13
1.9073486328e+02 4.0651341717e-13 1.7713266582e-13 2.2938075135e-13
1.9079589844e+02 4.0474148456e-13 1.7607190489e-13 2.2866957967e-13
1.9085693359e+02 4.0302637157e-13 1.7500152322e-13 2.2802484835e-13
1.9091796875e+02 4.0152766221e-13 1.7398658303e-13 2.2754107918e-13
1.9097900391e+02 4.0035840036e-13 1.7314549500e-13 2.2721290536e-13
1.9104003906e+02 3.9948561024e-13 1.7253944988e-13 2.2694616036e-13
1.9110107422e+02 3.9878850373e-13 1.7212936882e-13 2.2665913491e-13
1.9116210938e+02 3.9819746962e-13 1.7183215357e-13 2.2636531605e-13
1.9122314453e+02 3.9773177927e-13 1.7159070882e-13 2.2614107045e-13
1.9128417969e+02 3.9743563681e-13 1.7140979587e-13 2.2602584094e-13
1.9134521484e+02 3.9733217746e-13 1.7135095733e-13 2.2598122012e-13
1.9140625000e+02 3.9742753998e-13 1.7147891747e-13 2.2594862251e-13
1.9146728516e+02 3.9770842650e-13 1.7178688190e-13 2.2592154460e-13
1.9152832031e+02 3.9811518843e-13 1.7217631574e-13 2.2593887269e-13
1.9158935547e+02 3.9853812135e-13 1.7251863146e-13 2.2601948989e-13
1.9165039062e+02 3.9888620644e-13 1.7274384919e-13 2.2614235724e-13
1.9171142578e+02 3.9918013533e-13 1.7289268483e-13 2.2628745049e-13
1.9177246094e+02 3.9954553634e-13 1.7309138281e-13 2.2645415354e-13
1.9183349609e+02 4.0010157487e-13 1.7345766506e-13 2.2664390981e-13
1.9189453125e+02 4.0088627975e-13 1.7402735310e-13 2.2685892665e-13
1.9195556641e+02 4.0187698447e-13 1.7476479267e-13 2.2711219180e-13
1.9201660156e+02 4.0299688235e-13 1.7559977501e-13 2.2739710734e-13
1.9207763672e+02 4.0406658263e-13 1.7643489506e-13 2.2763168757e-13
1.9213867188e+02 4.0485430340e-13 1.7716224488e-13 2.2769205852e-13
1.9219970703e+02 4.0526614719e-13 1.7772302145e-13 2.2754312574e-13
1.9226074219e+02 4.0542571206e-13 1.7814780017e-13 2.2727791189e-13
1.9232177734e+02 4.0550738281e-13 1.7849917261e-13 2.2700821020e-13
1.9238281250e+02 4.0556375167e-13 1.7877081962e-13 2.2679293205e-13
1.9244384766e+02 4.0555596606e-13 1.7889135593e-13 2.2666461013e-13
1.9250488281e+02 4.0545672878e-13 1.7883835364e-13 2.2661837514e-13
1.9256591797e+02 4.0525204099e-13 1.7868929298e-13 2.2656274802e-13
1.9262695312e+02 4.0488519146e-13 1.7852909014e-13 2.2635610132e-13
1.9268798828e+02 4.0425201430e-13 1.7834608348e-13 2.2590593083e-13
1.9274902344e+02 4.0326579652e-13 1.7805143338e-13 2.2521436314e-13
1.9281005859e+02 4.0193612566e-13 1.7758132064e-13 2.2435480502e-13
1.9287109375e+02 4.0039868028e-13 1.7696338892e-13 2.2343529137e-13
1.9293212891e+02 3.9887078887e-13 1.7630363539e-13 2.2256715349e-13
1.9299316406e+02 3.9751765516e-13 1.7569950038e-13 2.2181815478e-13
1.9305419922e+02 3.9629625725e-13 1.7512897436e-13 2.2116728288e-13
1.9311523438e+02 3.9498254815e-13 1.7445563153e-13 2.2052691662e-13
1.9317626953e+02 3.9341982675e-13 1.7358201766e-13 2.1983780910e-13
1.9323730469e+02 3.9167673035e-13 1.7255013238e-13 2.1912659797e-13
1.9329833984e+02 3.8990906835e-13 1.7147133822e-13 2.1843773013e-13
1.9335937500e+02 3.8815638438e-13 1.7041774577e-13 2.1773863861e-13
1.9342041016e+02 3.8634096310e-13 1.6938697186e-13 2.1695399124e-13
1.9348144531e+02 3.8441369514e-13 1.6832806846e-13 2.1608562668e-13
1.9354248047e+02 3.8245250716e-13 1.6721385645e-13 2.1523865071e-13
1.9360351562e+02 3.8062998674e-13 1.6610890394e-13 2.1452108281e-13
1.9366455078e+02 3.7909307524e-13 1.6513135138e-13 2.1396172386e-13
1.9372558594e+02 3.7784936499e-13 1.6432686498e-13 2.1352250000e-13
1.9378662109e+02 3.7677793817e-13 1.6362441555e-13 2.1315352262e-13
1.9384765625e+02 3.7578020629e-13 1.6294369591e-13 2.1283651038e-13
1.9390869141e+02 3.7486056573e-13 1.6228746219e-13 2.1257310353e-13
1.9396972656e+02 3.7404010981e-13 1.6169884634e-13 2.1234126346e-13
1.9403076172e+02 3.7330940266e-13 1.6120160200e-13 2.1210780066e-13
1.9409179688e+02 3.7266953385e-13 1.6080109840e-13 2.1186843545e-13
1.9415283203e+02 3.7212056397e-13 1.6047934117e-13 2.1164122280e-13
1.9421386719e+02 3.7163521756e-13 1.6018939313e-13 2.1144582443e-13
1.9427490234e+02 3.7118733284e-13 1.5989910865e-13 2.1128822419e-13
1.9433593750e+02 3.7077336124e-13 1.5963356712e-13 2.1113979412e-13
1.9439697266e+02 3.7040090327e-13 1.5945503825e-13 2.1094586502e-13
1.9445800781e+02 3.7007397993e-13 1.5941163910e-13 2.1066234084e-13
1.9451904297e+02 3.6979885100e-13 1.5950405265e-13 2.1029479834e-13
1.9458007812e+02 3.6962197352e-13 1.5968843109e-13 2.0993354244e-13
1.9464111328e+02 3.6962766363e-13 1.5991252619e-13 2.0971513744e-13
1.9470214844e+02 3.6984675913e-13 1.6015148114e-13 2.0969527799e-13
1.9476318359e+02 3.7020996139e-13 1.6042219786e-13 2.0978776352e-13
1.9482421875e+02 3.7062316208e-13 1.6076893834e-13 2.0985422374e-13
1.9488525391e+02 3.7102961620e-13 1.6119591436e-13 2.0983370183e-13
1.9494628906e+02 3.7138890855e-13 1.6160831078e-13 2.0978059777e-13
1.9500732422e+02 3.7165353800e-13 1.6188305393e-13 2.0977048407e-13
1.9506835938e+02 3.7177714668e-13 1.6200086293e-13 2.0977628374e-13
1.9512939453e+02 3.7172047355e-13 1.6204186758e-13 2.0967860597e-13
1.9519042969e+02 3.7146354179e-13 1.6207090957e-13 2.0939263222e-13
1.9525146484e+02 3.7104953980e-13 1.6209910186e-13 2.0895043795e-13
1.9531250000e+02 3.7059577982e-13 1.6212823728e-13 2.0846754254e-13
1.9537353516e+02 3.7020301879e-13 1.6216166819e-13 2.0804135060e-13
1.9543457031e+02 3.6985089215e-13 1.6217037302e-13 2.0768051912e-13
1.9549560547e+02 3.6941090485e-13 1.6208377962e-13 2.0732712523e-13
1.9555664062e+02 3.6877512907e-13 1.6185152115e-13 2.0692360792e-13
1.9561767578e+02 3.6797315638e-13 1.6151711295e-13 2.0645604343e-13
1.9567871094e+02 3.6711500113e-13 1.6117067329e-13 2.0594432784e-13
1.9573974609e+02 3.6620938395e-13 1.6082217099e-13 2.0538721295e-13
1.9580078125e+02 3.6514575033e-13 1.6039466509e-13 2.0475108525e-13
1.9586181641e+02 3.6387632034e-13 1.5984449431e-13 2.0403182602e-13
1.9592285156e+02 3.6250314688e-13 1.5922406356e-13 2.0327908332e-13
1.9598388672e+02 3.6118572255e-13 1.5862549014e-13 2.0256023241e-13
1.9604492188e+02 3.6005453212e-13 1.5810866610e-13 2.0194586602e-13
1.9610595703e+02 3.5917298632e-13 1.5767455049e-13 2.0149843583e-13
1.9616699219e+02 3.5847716109e-13 1.5726020458e-13 2.0121695651e-13
1.9622802734e+02 3.5778046255e-13 1.5677234427e-13 2.0100811829e-13
1.9628906250e+02 3.5692220763e-13 1.5617008523e-13 2.0075212240e-13
1.9635009766e+02 3.5590273805e-13 1.5550357103e-13 2.0039916702e-13
1.9641113281e+02 3.5485236179e-13 1.5485312818e-13 1.9999923361e-13
1.9647216797e+02 3.5387498301e-13 1.5424601530e-13 1.9962896770e-13
1.9653320312e+02 3.5291653363e-13 1.5363621680e-13 1.9928031683e-13
1.9659423828e+02 3.5184409313e-13 1.5297053351e-13 1.9887355962e-13
1.9665527344e+02 3.5066254060e-13 1.5227697277e-13 1.9838556783e-13
1.9671630859e+02 3.4953468214e-13 1.5165199317e-13 1.9788268897e-13
1.9677734375e+02 3.4858581740e-13 1.5114738290e-13 1.9743843450e-13
1.9683837891e+02 3.4777526028e-13 1.5070127437e-13 1.9707398591e-13
1.9689941406e+02 3.4694919301e-13 1.5019441281e-13 1.9675478019e-13
1.9696044922e+02 3.4601858455e-13 1.4958552461e-13 1.9643305994e-13
1.9702148438e+02 3.4508247662e-13 1.4899066922e-13 1.9609180740e-13
1.9708251953e+02 3.4431652499e-13 1.4858026704e-13 1.9573625795e-13
1.9714355469e+02 3.4378157213e-13 1.4839426338e-13 1.9538730875e-13
1.9720458984e+02 3.4340909522e-13 1.4831580688e-13 1.9509328834e-13
1.9726562500e+02 3.4311729506e-13 1.4821734786e-13 1.9489994720e-13
1.9732666016e+02 3.4290213696e-13 1.4807500568e-13 1.9482713128e-13
1.9738769531e+02 3.4283757212e-13 1.4795091312e-13 1.9488665900e-13
1.9744873047e+02 3.4297771412e-13 1.4791563175e-13 1.9506208236e-13
1.9750976562e+02 3.4326278726e-13 1.4799044640e-13 1.9527234086e-13
1.9757080078e+02 3.4353195060e-13 1.4812625646e-13 1.9540569414e-13
1.9763183594e+02 3.4362168958e-13 1.4822789872e-13 1.9539379086e-13
1.9769287109e+02 3.4347590066e-13 1.4822448890e-13 1.9525141176e-13
1.9775390625e+02 3.4315835316e-13 1.4812015451e-13 1.9503819864e-13
1.9781494141e+02 3.4274681255e-13 1.4797315199e-13 1.9477366055e-13
1.9787597656e+02 3.4226746407e-13 1.4784330783e-13 1.9442415624e-13
1.9793701172e+02 3.4173557737e-13 1.4776135993e-13 1.9397421744e-13
1.9799804688e+02 3.4119748774e-13 1.4773671665e-13 1.9346077109e-13
1.9805908203e+02 3.4073155052e-13 1.4777743247e-13 1.9295411805e-13
1.9812011719e+02 3.4040869141e-13 1.4787264476e-13 1.9253604666e-13
1.9818115234e+02 3.4021973265e-13 1.4797025307e-13 1.9224947957e-13
1.9824218750e+02 3.4006959915e-13 1.4802121409e-13 1.9204838506e-13
1.9830322266e+02 3.3985641284e-13 1.4802894881e-13 1.9182746403e-13
1.9836425781e+02 3.3951644713e-13 1.4801205976e-13 1.9150438736e-13
1.9842529297e+02 3.3903237126e-13 1.4795092905e-13 1.9108144221e-13
1.9848632812e+02 3.3845877510e-13 1.4781627528e-13 1.9064249982e-13
1.9854736328e+02 3.3789914005e-13 1.4762158507e-13 1.9027755498e-13
1.9860839844e+02 3.3744556288e-13 1.4742673580e-13 1.9001882708e-13
1.9866943359e+02 3.3715549443e-13 1.4731204664e-13 1.8984344779e-13
1.9873046875e+02 3.3701311255e-13 1.4731882013e-13 1.8969429242e-13
1.9879150391e+02 3.3690324075e-13 1.4738055944e-13 1.8952268131e-13
1.9885253906e+02 3.3668769292e-13 1.4735270408e-13 1.8933498884e-13
1.9891357422e+02 3.3629076105e-13 1.4714153927e-13 1.8914922179e-13
1.9897460938e+02 3.3572104995e-13 1.4678588022e-13 1.8893516973e-13
1.9903564453e+02 3.3506313817e-13 1.4640491695e-13 1.8865822122e-13
1.9909667969e+02 3.3438963152e-13 1.4607551818e-13 1.8831411334e-13
1.9915771484e+02 3.3363816300e-13 1.4575979641e-13 1.8787836659e-13
1.9921875000e+02 3.3264597627e-13 1.4534495022e-13 1.8730102605e-13
1.9927978516e+02 3.3133785244e-13 1.4475859880e-13 1.8657925364e-13
1.9934082031e+02 3.2984828839e-13 1.4405097668e-13 1.8579731172e-13
1.9940185547e+02 3.2842488979e-13 1.4334471092e-13 1.8508017887e-13
1.9946289062e+02 3.2721046635e-13 1.4271203161e-13 1.8449843474e-13
1.9952392578e+02 3.2616817555e-13 1.4213723426e-13 1.8403094129e-13
1.9958496094e+02 3.2520404926e-13 1.4157434839e-13 1.8362970087e-13
1.9964599609e+02 3.2428070609e-13 1.4100682910e-13 1.8327387699e-13
1.9970703125e+02 3.2342674220e-13 1.4047520404e-13 1.8295153816e-13
1.9976806641e+02 3.2269910316e-13 1.4005097406e-13 1.8264812910e-13
1.9982910156e+02 3.2212175296e-13 1.3975698723e-13 1.8236476573e-13
1.9989013672e+02 3.2163463919e-13 1.3952436099e-13 1.8211027820e-13
1.9995117188e+02 3.2112382191e-13 1.3925059990e-13 1.8187322202e-13
2.0001220703e+02 3.2052457794e-13 1.3889444667e-13 1.8163013127e-13
2.0007324219e+02 3.1988607683e-13 1.3850198350e-13 1.8138409333e-13
2.0013427734e+02 3.1930565863e-13 1.3815342980e-13 1.8115222882e-13
2.0019531250e+02 3.1880110135e-13 1.3789955968e-13 1.8090154167e-13
2.0025634766e+02 3.1829704457e-13 1.3773195127e-13 1.8056509330e-13
2.0031738281e+02 3.1773515321e-13 1.3759185874e-13 1.8014329447e-13
2.0037841797e+02 3.1711524704e-13 1.3740537848e-13 1.7970986856e-13
2.0043945312e+02 3.1642794906e-13 1.3712575900e-13 1.7930219006e-13
2.0050048828e+02 3.1564859231e-13 1.3676225159e-13 1.7888634072e-13
2.0056152344e+02 3.1481401342e-13 1.3637716531e-13 1.7843684811e-13
2.0062255859e+02 3.1402570229e-13 1.3604669625e-13 1.7797900605e-13
2.0068359375e+02 3.1334515874e-13 1.3579811209e-13 1.7754704666e-13
2.0074462891e+02 3.1273022191e-13 1.3558568202e-13 1.7714453988e-13
2.0080566406e+02 3.1211767240e-13 1.3536031520e-13 1.7675735720e-13
2.0086669922e+02 3.1154121736e-13 1.3514380240e-13 1.7639741496e-13
2.0092773438e+02 3.1110195960e-13 1.3499251344e-13 1.7610944616e-13
2.0098876953e+02 3.1082859805e-13 1.3491323808e-13 1.7591535997e-13
2.0104980469e+02 3.1063437412e-13 1.3485412988e-13 1.7578024424e-13
2.0111083984e+02 3.1041829170e-13 1.3476542104e-13 1.7565287066e-13
2.0117187500e+02 3.1016576172e-13 1.3464889600e-13 1.7551686573e-13
2.0123291016e+02 3.0994718608e-13 1.3455455632e-13 1.7539262976e-13
2.0129394531e+02 3.0983616224e-13 1.3453610998e-13 1.7530005226e-13
2.0135498047e+02 3.0982910722e-13 1.3459879243e-13 1.7523031479e-13
2.0141601562e+02 3.0984376952e-13 1.3468566103e-13 1.7515810850e-13
2.0147705078e+02 3.0978980228e-13 1.3472568470e-13 1.7506411757e-13
2.0153808594e+02 3.0962598817e-13 1.3469135359e-13 1.7493463458e-13
2.0159912109e+02 3.0935951698e-13 1.3460297759e-13 1.7475653939e-13
2.0166015625e+02 3.0900193561e-13 1.3449099546e-13 1.7451094015e-13
2.0172119141e+02 3.0853448881e-13 1.3436223614e-13 1.7417225267e-13
2.0178222656e+02 3.0793746775e-13 1.3419672685e-13 1.7374074089e-13
2.0184326172e+02 3.0722288887e-13 1.3397009757e-13 1.7325279130e-13
2.0190429688e+02 3.0642031269e-13 1.3367843446e-13 1.7274187823e-13
2.0196533203e+02 3.0557217019e-13 1.3334529568e-13 1.7222687452e-13
2.0202636719e+02 3.0472868414e-13 1.3300790558e-13 1.7172077856e-13
2.0208740234e+02 3.0393152704e-13 1.3270671791e-13 1.7122480913e-13
2.0214843750e+02 3.0322395253e-13 1.3247901942e-13 1.7074493312e-13
2.0220947266e+02 3.0263279547e-13 1.3233247148e-13 1.7030032400e-13
2.0227050781e+02 3.0212023451e-13 1.3223344763e-13 1.6988678688e-13
2.0233154297e+02 3.0160652907e-13 1.3213401225e-13 1.6947251682e-13
2.0239257812e+02 3.0103491452e-13 1.3198884531e-13 1.6904606921e-13
2.0245361328e+02 3.0039270429e-13 1.3176851117e-13 1.6862419312e-13
2.0251464844e+02 2.9971145002e-13 1.3149141042e-13 1.6822003960e-13
2.0257568359e+02 2.9905448546e-13 1.3120712773e-13 1.6784735773e-13
2.0263671875e+02 2.9845349756e-13 1.3092646389e-13 1.6752703368e-13
2.0269775391e+02 2.9785106089e-13 1.3060211181e-13 1.6724894908e-13
2.0275878906e+02 2.9713574272e-13 1.3018530849e-13 1.6695043424e-13
2.0281982422e+02 2.9622979823e-13 1.2967671676e-13 1.6655308148e-13
2.0288085938e+02 2.9513329493e-13 1.2911295526e-13 1.6602033967e-13
2.0294189453e+02 2.9389770587e-13 1.2851681933e-13 1.6538088654e-13
2.0300292969e+02 2.9257891505e-13 1.2787958637e-13 1.6469932868e-13
2.0306396484e+02 2.9123178714e-13 1.2719507329e-13 1.6403671384e-13
2.0312500000e+02 2.8992195527e-13 1.2649041366e-13 1.6343154161e-13
2.0318603516e+02 2.8869154806e-13 1.2580502796e-13 1.6288652009e-13
2.0324707031e+02 2.8752773388e-13 1.2516013359e-13 1.6236760029e-13
2.0330810547e+02 2.8640863266e-13 1.2456948690e-13 1.6183914576e-13
2.0336914062e+02 2.8537043597e-13 1.2405490503e-13 1.6131553093e-13
2.0343017578e+02 2.8449425759e-13 1.2362809423e-13 1.6086616336e-13
2.0349121094e+02 2.8380830956e-13 1.2326762100e-13 1.6054068855e-13
2.0355224609e+02 2.8323097578e-13 1.2293795291e-13 1.6029302288e-13
2.0361328125e+02 2.8266869290e-13 1.2264460393e-13 1.6002408897e-13
2.0367431641e+02 2.8215331056e-13 1.2244800409e-13 1.5970530647e-13
2.0373535156e+02 2.8180522440e-13 1.2238814684e-13 1.5941707756e-13
2.0379638672e+02 2.8166139737e-13 1.2240497312e-13 1.5925642425e-13
2.0385742188e+02 2.8161540365e-13 1.2238719395e-13 1.5922820971e-13
2.0391845703e+02 2.8154080528e-13 1.2231078976e-13 1.5923001552e-13
2.0397949219e+02 2.8139838798e-13 1.2226176115e-13 1.5913662683e-13
2.0404052734e+02 2.8120227082e-13 1.2230784109e-13 1.5889442973e-13
2.0410156250e+02 2.8095579961e-13 1.2241596320e-13 1.5853983641e-13
2.0416259766e+02 2.8064446898e-13 1.2250192934e-13 1.5814253964e-13
2.0422363281e+02 2.8024602878e-13 1.2251168748e-13 1.5773434130e-13
2.0428466797e+02 2.7974371676e-13 1.2245295237e-13 1.5729076439e-13
2.0434570312e+02 2.7914724916e-13 1.2236763579e-13 1.5677961337e-13
2.0440673828e+02 2.7849298681e-13 1.2227631155e-13 1.5621667526e-13
2.0446777344e+02 2.7783766747e-13 1.2216653100e-13 1.5567113647e-13
2.0452880859e+02 2.7725601231e-13 1.2203500912e-13 1.5522100319e-13
2.0458984375e+02 2.7679914535e-13 1.2190202912e-13 1.5489711624e-13
2.0465087891e+02 2.7644611128e-13 1.2177990911e-13 1.5466620217e-13
2.0471191406e+02 2.7612504498e-13 1.2165829482e-13 1.5446675016e-13
2.0477294922e+02 2.7576425245e-13 1.2151861111e-13 1.5424564135e-13
2.0483398438e+02 2.7530491508e-13 1.2133896587e-13 1.5396594922e-13
2.0489501953e+02 2.7471064145e-13 1.2108921788e-13 1.5362142358e-13
2.0495605469e+02 2.7400799684e-13 1.2075006431e-13 1.5325793253e-13
2.0501708984e+02 2.7329180894e-13 1.2034352530e-13 1.5294828364e-13
2.0507812500e+02 2.7264720061e-13 1.1992706713e-13 1.5272013348e-13
2.0513916016e+02 2.7206568328e-13 1.1954854738e-13 1.5251713590e-13
2.0520019531e+02 2.7144714619e-13 1.1920245826e-13 1.5224468793e-13
2.0526123047e+02 2.7069440177e-13 1.1883823533e-13 1.5185616644e-13
2.0532226562e+02 2.6981642375e-13 1.1842969935e-13 1.5138672440e-13
2.0538330078e+02 2.6890404100e-13 1.1801403387e-13 1.5089000713e-13
2.0544433594e+02 2.6799047333e-13 1.1763002673e-13 1.5036044661e-13
2.0550537109e+02 2.6700338018e-13 1.1725495913e-13 1.4974842105e-13
2.0556640625e+02 2.6587491478e-13 1.1683577157e-13 1.4903914321e-13
2.0562744141e+02 2.6462983693e-13 1.1634281018e-13 1.4828702675e-13
2.0568847656e+02 2.6334663528e-13 1.1577703180e-13 1.4756960348e-13
2.0574951172e+02 2.6208388891e-13 1.1515493153e-13 1.4692895738e-13
2.0581054688e+02 2.6086502085e-13 1.1449666308e-13 1.4636835777e-13
2.0587158203e+02 2.5970518490e-13 1.1383419444e-13 1.4587099045e-13
2.0593261719e+02 2.5862805665e-13 1.1323225210e-13 1.4539580455e-13
2.0599365234e+02 2.5766523583e-13 1.1276291200e-13 1.4490232383e-13
2.0605468750e+02 2.5684703876e-13 1.1243670204e-13 1.4441033672e-13
2.0611572266e+02 2.5617253487e-13 1.1218824542e-13 1.4398428945e-13
2.0617675781e+02 2.5559978619e-13 1.1194918824e-13 1.4365059795e-13
2.0623779297e+02 2.5509654561e-13 1.1171535688e-13 1.4338118873e-13
2.0629882812e+02 2.5466343774e-13 1.1152320873e-13 1.4314022901e-13
2.0635986328e+02 2.5428719484e-13 1.1138227551e-13 1.4290491933e-13
2.0642089844e+02 2.5391508200e-13 1.1126360625e-13 1.4265147576e-13
2.0648193359e+02 2.5348489598e-13 1.1114544782e-13 1.4233944816e-13
2.0654296875e+02 2.5296470333e-13 1.1102794353e-13 1.4193675981e-13
2.0660400391e+02 2.5236545044e-13 1.1089023752e-13 1.4147521292e-13
2.0666503906e+02 2.5172044187e-13 1.1067978507e-13 1.4104065679e-13
2.0672607422e+02 2.5105784032e-13 1.1036806049e-13 1.4068977983e-13
2.0678710938e+02 2.5039237042e-13 1.0998320340e-13 1.4040916702e-13
2.0684814453e+02 2.4973162935e-13 1.0958189195e-13 1.4014973740e-13
2.0690917969e+02 2.4907544096e-13 1.0920939535e-13 1.3986604561e-13
2.0697021484e+02 2.4841023874e-13 1.0888103189e-13 1.3952920685e-13
2.0703125000e+02 2.4772940975e-13 1.0859644010e-13 1.3913296965e-13
2.0709228516e+02 2.4706856398e-13 1.0836178125e-13 1.3870678273e-13
2.0715332031e+02 2.4648180633e-13 1.0816863376e-13 1.3831317257e-13
2.0721435547e+02 2.4596451474e-13 1.0796369488e-13 1.3800081986e-13
2.0727539062e+02 2.4545160011e-13 1.0769104623e-13 1.3776055388e-13
2.0733642578e+02 2.4492192647e-13 1.0736933164e-13 1.3755259483e-13
2.0739746094e+02 2.4445205553e-13 1.0708730827e-13 1.3736474727e-13
2.0745849609e+02 2.4411585309e-13 1.0690674711e-13 1.3720910598e-13
2.0751953125e+02 2.4387110518e-13 1.0680043074e-13 1.3707067444e-13
2.0758056641e+02 2.4361928609e-13 1.0671184606e-13 1.3690744003e-13
2.0764160156e+02 2.4333800372e-13 1.0663704717e-13 1.3670095654e-13
2.0770263672e+02 2.4305770191e-13 1.0660088749e-13 1.3645681442e-13
2.0776367188e+02 2.4274564339e-13 1.0658425195e-13 1.3616139144e-13
2.0782470703e+02 2.4232010484e-13 1.0653252075e-13 1.3578758409e-13
2.0788574219e+02 2.4177323906e-13 1.0642641934e-13 1.3534681972e-13
2.0794677734e+02 2.4120287591e-13 1.0629557995e-13 1.3490729596e-13
2.0800781250e+02 2.4069923588e-13 1.0615996651e-13 1.3453926938e-13
2.0806884766e+02 2.4023818138e-13 1.0600038792e-13 1.3423779346e-13
2.0812988281e+02 2.3972161896e-13 1.0580044334e-13 1.3392117561e-13
2.0819091797e+02 2.3911048091e-13 1.0558488088e-13 1.3352560003e-13
2.0825195312e+02 2.3846829892e-13 1.0539372237e-13 1.3307457656e-13
2.0831298828e+02 2.3785529383e-13 1.0523265794e-13 1.3262263589e-13
2.0837402344e+02 2.3724133804e-13 1.0507404000e-13 1.3216729804e-13
2.0843505859e+02 2.3656572130e-13 1.0489884447e-13 1.3166687683e-13
2.0849609375e+02 2.3581535872e-13 1.0469567564e-13 1.3111968308e-13
2.0855712891e+02 2.3499894537e-13 1.0442433183e-13 1.3057461354e-13
2.0861816406e+02 2.3411224801e-13 1.0403261818e-13 1.3007962983e-13
2.0867919922e+02 2.3317161008e-13 1.0351534866e-13 1.2965626142e-13
2.0874023438e+02 2.3223897078e-13 1.0293883056e-13 1.2930014023e-13
2.0880126953e+02 2.3138240341e-13 1.0240643976e-13 1.2897596365e-13
2.0886230469e+02 2.3061043435e-13 1.0197969219e-13 1.2863074216e-13
2.0892333984e+02 2.2985472444e-13 1.0162126914e-13 1.2823345531e-13
2.0898437500e+02 2.2904398380e-13 1.0124640170e-13 1.2779758210e-13
2.0904541016e+02 2.2818888236e-13 1.0082681070e-13 1.2736207166e-13
2.0910644531e+02 2.2734963748e-13 1.0039329981e-13 1.2695633767e-13
2.0916748047e+02 2.2652516945e-13 9.9942790631e-14 1.2658237882e-13
2.0922851562e+02 2.2564698726e-13 9.9422287248e-14 1.2622470001e-13
2.0928955078e+02 2.2470698892e-13 9.8835819770e-14 1.2587116915e-13
2.0935058594e+02 2.2380630771e-13 9.8287902426e-14 1.2551840529e-13
2.0941162109e+02 2.2302675867e-13 9.7858377937e-14 1.2516838073e-13
2.0947265625e+02 2.2233034220e-13 9.7500475465e-14 1.2482986673e-13
2.0953369141e+02 2.2164182928e-13 9.7128478591e-14 1.2451335069e-13
2.0959472656e+02 2.2096495543e-13 9.6740941113e-14 1.2422401432e-13
2.0965576172e+02 2.2036165213e-13 9.6398301017e-14 1.2396335112e-13
2.0971679688e+02 2.1987223222e-13 9.6137160960e-14 1.2373507126e-13
2.0977783203e+02 2.1951451958e-13 9.5963109255e-14 1.2355141033e-13
2.0983886719e+02 2.1931216947e-13 9.5895354922e-14 1.2341681454e-13
2.0989990234e+02 2.1924323665e-13 9.5955730502e-14 1.2328750615e-13
2.0996093750e+02 2.1919076014e-13 9.6108546630e-14 1.2308221351e-13
2.1002197266e+02 2.1902406785e-13 9.6257560707e-14 1.2276650714e-13
2.1008300781e+02 2.1871953513e-13 9.6321978171e-14 1.2239755696e-13
2.1014404297e+02 2.1836673262e-13 9.6305540886e-14 1.2206119174e-13
2.1020507812e+02 2.1806980624e-13 9.6284582682e-14 1.2178522356e-13
2.1026611328e+02 2.1785418627e-13 9.6320456642e-14 1.2153372963e-13
2.1032714844e+02 2.1765462300e-13 9.6388574265e-14 1.2126604874e-13
2.1038818359e+02 2.1738622175e-13 9.6417266728e-14 1.2096895503e-13
2.1044921875e+02 2.1703695044e-13 9.6384613072e-14 1.2065233737e-13
2.1051025391e+02 2.1667602791e-13 9.6325743270e-14 1.2035028464e-13
2.1057128906e+02 2.1635466132e-13 9.6254122930e-14 1.2010053839e-13
2.1063232422e+02 2.1603541012e-13 9.6139206031e-14 1.1989620409e-13
2.1069335938e+02 2.1564631086e-13 9.5959007313e-14 1.1968730355e-13
2.1075439453e+02 2.1515854747e-13 9.5721834838e-14 1.1943671263e-13
2.1081542969e+02 2.1457666110e-13 9.5429050096e-14 1.1914761101e-13
2.1087646484e+02 2.1389809147e-13 9.5059160632e-14 1.1883893084e-13
2.1093750000e+02 2.1312742747e-13 9.4620392520e-14 1.1850703495e-13
2.1099853516e+02 2.1231603685e-13 9.4192915513e-14 1.1812312134e-13
2.1105957031e+02 2.1155010621e-13 9.3872545921e-14 1.1767756029e-13
2.1112060547e+02 2.1087143566e-13 9.3664591637e-14 1.1720684402e-13
2.1118164062e+02 2.1022612550e-13 9.3461333059e-14 1.1676479244e-13
2.1124267578e+02 2.0953117228e-13 9.3151754467e-14 1.1637941781e-13
2.1130371094e+02 2.0876607245e-13 9.2729075963e-14 1.1603699649e-13
2.1136474609e+02 2.0796017399e-13 9.2256744415e-14 1.1570342958e-13
2.1142578125e+02 2.0713793480e-13 9.1778652193e-14 1.1535928261e-13
2.1148681641e+02 2.0631395746e-13 9.1313620131e-14 1.1500033733e-13
2.1154785156e+02 2.0550431896e-13 9.0893347527e-14 1.1461097143e-13
2.1160888672e+02 2.0472996630e-13 9.0550034711e-14 1.1417993159e-13
2.1166992188e+02 2.0401789840e-13 9.0266909094e-14 1.1375098931e-13
2.1173095703e+02 2.0337607132e-13 8.9972669357e-14 1.1340340196e-13
2.1179199219e+02 2.0279262818e-13 8.9631646102e-14 1.1316098208e-13
2.1185302734e+02 2.0228763926e-13 8.9326588106e-14 1.1296105115e-13
2.1191406250e+02 2.0188205338e-13 8.9164375829e-14 1.1271767755e-13
2.1197509766e+02 2.0149333703e-13 8.9111064531e-14 1.1238227250e-13
2.1203613281e+02 2.0098310407e-13 8.9027029856e-14 1.1195607422e-13
2.1209716797e+02 2.0034105018e-13 8.8846849406e-14 1.1149420077e-13
2.1215820312e+02 1.9972156620e-13 8.8627013743e-14 1.1109455246e-13
2.1221923828e+02 1.9926725570e-13 8.8440241730e-14 1.1082701397e-13
2.1228027344e+02 1.9895514845e-13 8.8293164132e-14 1.1066198432e-13
2.1234130859e+02 1.9864225827e-13 8.8140733732e-14 1.1050152454e-13
2.1240234375e+02 1.9824239927e-13 8.7958217438e-14 1.1028418183e-13
2.1246337891e+02 1.9781074993e-13 8.7779100146e-14 1.1003164979e-13
2.1252441406e+02 1.9742365512e-13 8.7638075710e-14 1.0978557941e-13
2.1258544922e+02 1.9704377980e-13 8.7509235163e-14 1.0953454463e-13
2.1264648438e+02 1.9657586573e-13 8.7347418957e-14 1.0922844677e-13
2.1270751953e+02 1.9600072538e-13 8.7159611133e-14 1.0884111424e-13
2.1276855469e+02 1.9538532766e-13 8.6980573608e-14 1.0840475406e-13
2.1282958984e+02 1.9478854984e-13 8.6792600197e-14 1.0799594964e-13
2.1289062500e+02 1.9420488439e-13 8.6526746324e-14 1.0767813807e-13
2.1295166016e+02 1.9361049873e-13 8.6160886217e-14 1.0744961251e-13
2.1301269531e+02 1.9303692560e-13 8.5773385894e-14 1.0726353970e-13
2.1307373047e+02 1.9254745582e-13 8.5460955080e-14 1.0708650074e-13
2.1313476562e+02 1.9214645764e-13 8.5233339175e-14 1.0691311847e-13
2.1319580078e+02 1.9177726831e-13 8.5037778921e-14 1.0673948939e-13
2.1325683594e+02 1.9141340513e-13 8.4861973791e-14 1.0655143134e-13
2.1331787109e+02 1.9108456037e-13 8.4743992369e-14 1.0634056800e-13
2.1337890625e+02 1.9078775197e-13 8.4679073333e-14 1.0610867863e-13
2.1343994141e+02 1.9043571282e-13 8.4586657446e-14 1.0584905537e-13
2.1350097656e+02 1.8995445292e-13 8.4402653328e-14 1.0555179959e-13
2.1356201172e+02 1.8939535448e-13 8.4165283379e-14 1.0523007110e-13
2.1362304688e+02 1.8887348885e-13 8.3965503982e-14 1.0490798487e-13
2.1368408203e+02 1.8841678770e-13 8.3824090600e-14 1.0459269710e-13
2.1374511719e+02 1.8795960047e-13 8.3670513315e-14 1.0428908716e-13
2.1380615234e+02 1.8746139051e-13 8.3448895063e-14 1.0401249545e-13
2.1386718750e+02 1.8694598713e-13 8.3189097559e-14 1.0375688957e-13
2.1392822266e+02 1.8644646126e-13 8.2959638158e-14 1.0348682310e-13
2.1398925781e+02 1.8598273593e-13 8.2800785319e-14 1.0318195061e-13
2.1405029297e+02 1.8557113156e-13 8.2711131994e-14 1.0285999956e-13
2.1411132812e+02 1.8521079816e-13 8.2655230219e-14 1.0255556795e-13
2.1417236328e+02 1.8488797313e-13 8.2589630452e-14 1.0229834268e-13
2.1423339844e+02 1.8459710992e-13 8.2503914930e-14 1.0209319499e-13
2.1429443359e+02 1.8431405736e-13 8.2412391557e-14 1.0190166581e-13
2.1435546875e+02 1.8398901111e-13 8.2318535808e-14 1.0167047530e-13
2.1441650391e+02 1.8361816742e-13 8.2221452002e-14 1.0139671542e-13
2.1447753906e+02 1.8325547224e-13 8.2116238751e-14 1.0113923349e-13
2.1453857422e+02 1.8291114626e-13 8.1962194410e-14 1.0094895185e-13
2.1459960938e+02 1.8251831517e-13 8.1712843893e-14 1.0080547127e-13
2.1466064453e+02 1.8205281645e-13 8.1408049244e-14 1.0064476721e-13
2.1472167969e+02 1.8160257022e-13 8.1166534240e-14 1.0043603598e-13
2.1478271484e+02 1.8122660744e-13 8.1037561661e-14 1.0018904578e-13
2.1484375000e+02 1.8081952026e-13 8.0924219866e-14 9.9895300390e-14
2.1490478516e+02 1.8023426876e-13 8.0706547761e-14 9.9527720996e-14
2.1496582031e+02 1.7949244257e-13 8.0384004955e-14 9.9108437612e-14
2.1502685547e+02 1.7877376328e-13 8.0053201929e-14 9.8720561352e-14
2.1508789062e+02 1.7821548266e-13 7.9783637789e-14 9.8431844873e-14
2.1514892578e+02 1.7778401901e-13 7.9553656476e-14 9.8230362533e-14
2.1520996094e+02 1.7735016260e-13 7.9305112798e-14 9.8045049800e-14
2.1527099609e+02 1.7685035455e-13 7.9029894161e-14 9.7820460392e-14
2.1533203125e+02 1.7633685483e-13 7.8775339959e-14 9.7561514875e-14
2.1539306641e+02 1.7588199846e-13 7.8574504974e-14 9.7307493486e-14
2.1545410156e+02 1.7548938244e-13 7.8406184745e-14 9.7083197695e-14
2.1551513672e+02 1.7512553877e-13 7.8239008090e-14 9.6886530678e-14
2.1557617188e+02 1.7479350043e-13 7.8083581071e-14 9.6709919361e-14
2.1563720703e+02 1.7451650660e-13 7.7960218630e-14 9.6556287968e-14
2.1569824219e+02 1.7427167672e-13 7.7841142910e-14 9.6430533813e-14
2.1575927734e+02 1.7401787075e-13 7.7689399517e-14 9.6328471231e-14
2.1582031250e+02 1.7378424872e-13 7.7539959902e-14 9.6244288816e-14
2.1588134766e+02 1.7364877792e-13 7.7469934961e-14 9.6178842959e-14
2.1594238281e+02 1.7361885461e-13 7.7493856020e-14 9.6124998585e-14
2.1600341797e+02 1.7359590116e-13 7.7546515671e-14 9.6049385488e-14
2.1606445312e+02 1.7347416094e-13 7.7561394818e-14 9.5912766121e-14
2.1612548828e+02 1.7323988469e-13 7.7529744615e-14 9.5710140080e-14
2.1618652344e+02 1.7296243002e-13 7.7492018809e-14 9.5470411214e-14
2.1624755859e+02 1.7270569124e-13 7.7481469018e-14 9.5224222224e-14
2.1630859375e+02 1.7245275378e-13 7.7471459742e-14 9.4981294040e-14
2.1636962891e+02 1.7212579679e-13 7.7397858290e-14 9.4727938503e-14
2.1643066406e+02 1.7169529920e-13 7.7236041469e-14 9.4459257734e-14
2.1649169922e+02 1.7123597092e-13 7.7020219750e-14 9.4215751165e-14
2.1655273438e+02 1.7084106823e-13 7.6788584932e-14 9.4052483301e-14
2.1661376953e+02 1.7052837738e-13 7.6555086205e-14 9.3973291172e-14
2.1667480469e+02 1.7026976206e-13 7.6341879112e-14 9.3927882951e-14
2.1673583984e+02 1.7005691621e-13 7.6192779227e-14 9.3864136980e-14
2.1679687500e+02 1.6989438536e-13 7.6130049195e-14 9.3764336165e-14
2.1685791016e+02 1.6977353689e-13 7.6127104455e-14 9.3646432436e-14
2.1691894531e+02 1.6968074610e-13 7.6142841874e-14 9.3537904225e-14
2.1697998047e+02 1.6959320681e-13 7.6155154382e-14 9.3438052427e-14
2.1704101562e+02 1.6945797747e-13 7.6147303395e-14 9.3310674079e-14
2.1710205078e+02 1.6921643354e-13 7.6090408034e-14 9.3126025503e-14
2.1716308594e+02 1.6887316760e-13 7.5966705024e-14 9.2906462573e-14
2.1722412109e+02 1.6852148811e-13 7.5808562564e-14 9.2712925547e-14
2.1728515625e+02 1.6826719301e-13 7.5679266739e-14 9.2587926267e-14
2.1734619141e+02 1.6812316066e-13 7.5595963266e-14 9.2527197397e-14
2.1740722656e+02 1.6800712569e-13 7.5515828076e-14 9.2491297617e-14
2.1746826172e+02 1.6784491207e-13 7.5418966408e-14 9.2425945663e-14
2.1752929688e+02 1.6763342110e-13 7.5344182958e-14 9.2289238137e-14
2.1759033203e+02 1.6739417397e-13 7.5312016109e-14 9.2082157862e-14
2.1765136719e+02 1.6711081638e-13 7.5266560588e-14 9.1844255796e-14
2.1771240234e+02 1.6674288022e-13 7.5135162727e-14 9.1607717489e-14
2.1777343750e+02 1.6629841969e-13 7.4924084575e-14 9.1374335120e-14
2.1783447266e+02 1.6586650726e-13 7.4721872011e-14 9.1144635245e-14
2.1789550781e+02 1.6554223924e-13 7.4604121401e-14 9.0938117835e-14
2.1795654297e+02 1.6532498201e-13 7.4555962113e-14 9.0769019900e-14
2.1801757812e+02 1.6512814939e-13 7.4500563356e-14 9.0627586033e-14
2.1807861328e+02 1.6488840976e-13 7.4386760122e-14 9.0501649633e-14
2.1813964844e+02 1.6462698079e-13 7.4231633165e-14 9.0395347625e-14
2.1820068359e+02 1.6439248353e-13 7.4082383806e-14 9.0310099720e-14
2.1826171875e+02 1.6418135039e-13 7.3954558700e-14 9.0226791689e-14
2.1832275391e+02 1.6394787260e-13 7.3824829647e-14 9.0123042950e-14
2.1838378906e+02 1.6367391845e-13 7.3679055203e-14 8.9994863249e-14
2.1844482422e+02 1.6339653604e-13 7.3540075361e-14 8.9856460678e-14
2.1850585938e+02 1.6316688949e-13 7.3437460308e-14 8.9729429182e-14
2.1856689453e+02 1.6298903251e-13 7.3367851601e-14 8.9621180913e-14
2.1862792969e+02 1.6280202399e-13 7.3297602860e-14 8.9504421131e-14
2.1868896484e+02 1.6253316918e-13 7.3192616793e-14 8.9340552391e-14
2.1875000000e+02 1.6215804589e-13 7.3032516038e-14 8.9125529853e-14
2.1881103516e+02 1.6170576623e-13 7.2812760880e-14 8.8893005350e-14
2.1887207031e+02 1.6124258306e-13 7.2558969721e-14 8.8683613334e-14
2.1893310547e+02 1.6084604916e-13 7.2329149786e-14 8.8516899376e-14
2.1899414062e+02 1.6055775909e-13 7.2181151945e-14 8.8376607141e-14
2.1905517578e+02 1.6036053547e-13 7.2128695219e-14 8.8231840251e-14
2.1911621094e+02 1.6021200059e-13 7.2124215886e-14 8.8087784707e-14
2.1917724609e+02 1.6009392606e-13 7.2101045590e-14 8.7992880474e-14
2.1923828125e+02 1.6000814422e-13 7.2038159193e-14 8.7969985031e-14
2.1929931641e+02 1.5993263920e-13 7.1967314240e-14 8.7965324961e-14
2.1936035156e+02 1.5983330653e-13 7.1929318218e-14 8.7903988310e-14
2.1942138672e+02 1.5972194981e-13 7.1937663267e-14 8.7784286543e-14
2.1948242188e+02 1.5964874597e-13 7.1969904813e-14 8.7678841157e-14
2.1954345703e+02 1.5963698258e-13 7.1992811521e-14 8.7644171054e-14
2.1960449219e+02 1.5966346793e-13 7.1998773842e-14 8.7664694085e-14
2.1966552734e+02 1.5968750900e-13 7.2003789442e-14 8.7683719553e-14
2.1972656250e+02 1.5967923716e-13 7.2017084213e-14 8.7662152944e-14
2.1978759766e+02 1.5963458390e-13 7.2027956409e-14 8.7606627492e-14
2.1984863281e+02 1.5955551481e-13 7.2013842992e-14 8.7541671815e-14
2.1990966797e+02 1.5941339835e-13 7.1954477077e-14 8.7458921270e-14
2.1997070312e+02 1.5916877709e-13 7.1846185951e-14 8.7322591138e-14
2.2003173828e+02 1.5884766659e-13 7.1718100613e-14 8.7129565976e-14
2.2009277344e+02 1.5855873470e-13 7.1628277026e-14 8.6930457677e-14
2.2015380859e+02 1.5838570022e-13 7.1609351369e-14 8.6776348850e-14
2.2021484375e+02 1.5829057141e-13 7.1619107134e-14 8.6671464279e-14
2.2027587891e+02 1.5816860675e-13 7.1573756920e-14 8.6594849835e-14
2.2033691406e+02 1.5796518281e-13 7.1429320295e-14 8.6535862514e-14
2.2039794922e+02 1.5771611797e-13 7.1227621317e-14 8.6488496656e-14
2.2045898438e+02 1.5750890949e-13 7.1068664549e-14 8.6440244944e-14
2.2052001953e+02 1.5740434769e-13 7.1024557060e-14 8.6379790634e-14
2.2058105469e+02 1.5738266581e-13 7.1074443673e-14 8.6308222138e-14
2.2064208984e+02 1.5738009849e-13 7.1133800517e-14 8.6246297972e-14
2.2070312500e+02 1.5735956956e-13 7.1137642337e-14 8.6221927221e-14
2.2076416016e+02 1.5732708197e-13 7.1089273862e-14 8.6237808106e-14
2.2082519531e+02 1.5729864959e-13 7.1047572894e-14 8.6251076694e-14
2.2088623047e+02 1.5725710320e-13 7.1064820485e-14 8.6192282716e-14
2.2094726562e+02 1.5714356087e-13 7.1121835003e-14 8.6021725866e-14
2.2100830078e+02 1.5690670556e-13 7.1134732621e-14 8.5771972936e-14
2.2106933594e+02 1.5656014531e-13 7.1034137568e-14 8.5526007740e-14
2.2113037109e+02 1.5619080998e-13 7.0835320744e-14 8.5355489233e-14
2.2119140625e+02 1.5591666592e-13 7.0633721897e-14 8.5282944021e-14
2.2125244141e+02 1.5581355936e-13 7.0526390381e-14 8.5287168983e-14
2.2131347656e+02 1.5584769555e-13 7.0526832995e-14 8.5320862553e-14
2.2137451172e+02 1.5588583055e-13 7.0558736649e-14 8.5327093897e-14
2.2143554688e+02 1.5580969444e-13 7.0538195297e-14 8.5271499142e-14
2.2149658203e+02 1.5562533733e-13 7.0452911444e-14 8.5172425889e-14
2.2155761719e+02 1.5542831644e-13 7.0353603648e-14 8.5074712790e-14
2.2161865234e+02 1.5526409894e-13 7.0281270742e-14 8.4982828197e-14
2.2167968750e+02 1.5507864017e-13 7.0221437634e-14 8.4857202535e-14
2.2174072266e+02 1.5482408683e-13 7.0135639302e-14 8.4688447527e-14
2.2180175781e+02 1.5454976536e-13 7.0020823432e-14 8.4528941932e-14
2.2186279297e+02 1.5435257314e-13 6.9915895571e-14 8.4436677566e-14
2.2192382812e+02 1.5427620578e-13 6.9855748861e-14 8.4420456916e-14
2.2198486328e+02 1.5428452957e-13 6.9837339475e-14 8.4447190095e-14
2.2204589844e+02 1.5431390186e-13 6.9830946495e-14 8.4482955369e-14
2.2210693359e+02 1.5431855694e-13 6.9803303903e-14 8.4515253034e-14
2.2216796875e+02 1.5426484839e-13 6.9724792818e-14 8.4540055575e-14
2.2222900391e+02 1.5413200274e-13 6.9585458439e-14 8.4546544298e-14
2.2229003906e+02 1.5394221222e-13 6.9417105068e-14 8.4525107155e-14
2.2235107422e+02 1.5375921834e-13 6.9278635804e-14 8.4480582536e-14
2.2241210938e+02 1.5364406295e-13 6.9208639191e-14 8.4435423759e-14
2.2247314453e+02 1.5361503255e-13 6.9194119495e-14 8.4420913054e-14
2.2253417969e+02 1.5364082862e-13 6.9188598557e-14 8.4452230061e-14
2.2259521484e+02 1.5367934519e-13 6.9167734967e-14 8.4511610221e-14
2.2265625000e+02 1.5372047945e-13 6.9156902511e-14 8.4563576936e-14
2.2271728516e+02 1.5376932056e-13 6.9191169627e-14 8.4578150936e-14
2.2277832031e+02 1.5381435206e-13 6.9271382558e-14 8.4542969507e-14
2.2283935547e+02 1.5384052842e-13 6.9369880955e-14 8.4470647463e-14
2.2290039062e+02 1.5384438418e-13 6.9451582747e-14 8.4392801429e-14
2.2296142578e+02 1.5382654260e-13 6.9483933820e-14 8.4342608780e-14
2.2302246094e+02 1.5378565405e-13 6.9450017863e-14 8.4335636183e-14
2.2308349609e+02 1.5371456992e-13 6.9367936918e-14 8.4346633006e-14
2.2314453125e+02 1.5361227413e-13 6.9293157635e-14 8.4319116497e-14
2.2320556641e+02 1.5350728655e-13 6.9281783300e-14 8.4225503245e-14
2.2326660156e+02 1.5343304835e-13 6.9335750409e-14 8.4097297943e-14
2.2332763672e+02 1.5337569957e-13 6.9397051604e-14 8.3978647968e-14
2.2338867188e+02 1.5328706699e-13 6.9414638923e-14 8.3872428064e-14
2.2344970703e+02 1.5314619899e-13 6.9396041078e-14 8.3750157911e-14
2.2351074219e+02 1.5297893883e-13 6.9371752898e-14 8.3607185936e-14
2.2357177734e+02 1.5282323852e-13 6.9345267353e-14 8.3477971165e-14
2.2363281250e+02 1.5269385917e-13 6.9303117663e-14 8.3390741509e-14
2.2369384766e+02 1.5258064609e-13 6.9239483542e-14 8.3341162547e-14
2.2375488281e+02 1.5246155606e-13 6.9155992610e-14 8.3305563454e-14
2.2381591797e+02 1.5231102547e-13 6.9054967404e-14 8.3256058069e-14
2.2387695312e+02 1.5212215062e-13 6.8933208387e-14 8.3188942231e-14
2.2393798828e+02 1.5192116440e-13 6.8785251254e-14 8.3135913150e-14
2.2399902344e+02 1.5173554030e-13 6.8622090149e-14 8.3113450153e-14
2.2406005859e+02 1.5156181165e-13 6.8472392470e-14 8.3089419183e-14
2.2412109375e+02 1.5138707330e-13 6.8359970666e-14 8.3027102630e-14
2.2418212891e+02 1.5122292933e-13 6.8294162949e-14 8.2928766382e-14
2.2424316406e+02 1.5108604499e-13 6.8269173025e-14 8.2816871966e-14
2.2430419922e+02 1.5095111125e-13 6.8254632669e-14 8.2696478580e-14
2.2436523438e+02 1.5076030193e-13 6.8205596448e-14 8.2554705486e-14
2.2442626953e+02 1.5049213028e-13 6.8105085946e-14 8.2387044332e-14
2.2448730469e+02 1.5019593523e-13 6.7985256838e-14 8.2210678394e-14
2.2454833984e+02 1.4994052885e-13 6.7888065653e-14 8.2052463197e-14
2.2460937500e+02 1.4974673804e-13 6.7821734449e-14 8.1925003587e-14
2.2467041016e+02 1.4959342979e-13 6.7771923006e-14 8.1821506780e-14
2.2473144531e+02 1.4947533894e-13 6.7731343931e-14 8.1743995010e-14
2.2479248047e+02 1.4941101114e-13 6.7696302181e-14 8.1714708956e-14
2.2485351562e+02 1.4938831979e-13 6.7654609152e-14 8.1733710635e-14
2.2491455078e+02 1.4935317195e-13 6.7599069856e-14 8.1754102096e-14
2.2497558594e+02 1.4927147904e-13 6.7536957945e-14 8.1734521091e-14
2.2503662109e+02 1.4917028727e-13 6.7477795551e-14 8.1692491721e-14
2.2509765625e+02 1.4910348854e-13 6.7429760619e-14 8.1673727922e-14
2.2515869141e+02 1.4908785357e-13 6.7399743798e-14 8.1688109775e-14
2.2521972656e+02 1.4908407211e-13 6.7376743031e-14 8.1707329074e-14
2.2528076172e+02 1.4903893870e-13 6.7332211307e-14 8.1706727393e-14
2.2534179688e+02 1.4893352653e-13 6.7254255942e-14 8.1679270586e-14
2.2540283203e+02 1.4880406406e-13 6.7175382428e-14 8.1628681631e-14
2.2546386719e+02 1.4872938468e-13 6.7159348562e-14 8.1570036121e-14
2.2552490234e+02 1.4876228305e-13 6.7238807958e-14 8.1523475094e-14
2.2558593750e+02 1.4885485971e-13 6.7357560305e-14 8.1497299410e-14
2.2564697266e+02 1.4889540436e-13 6.7414090154e-14 8.1481314204e-14
2.2570800781e+02 1.4883860374e-13 6.7374633473e-14 8.1463970265e-14
2.2576904297e+02 1.4875789678e-13 6.7304169134e-14 8.1453727646e-14
2.2583007812e+02 1.4875322483e-13 6.7279863194e-14 8.1473361635e-14
2.2589111328e+02 1.4884322760e-13 6.7313600556e-14 8.1529627040e-14
2.2595214844e+02 1.4896335715e-13 6.7370036520e-14 8.1593320627e-14
2.2601318359e+02 1.4903709835e-13 6.7411765649e-14 8.1625332697e-14
2.2607421875e+02 1.4902639845e-13 6.7402753993e-14 8.1623644456e-14
2.2613525391e+02 1.4894003378e-13 6.7324933049e-14 8.1615100730e-14
2.2619628906e+02 1.4882830162e-13 6.7224283108e-14 8.1604018510e-14
2.2625732422e+02 1.4875816628e-13 6.7189799626e-14 8.1568366656e-14
2.2631835938e+02 1.4875751513e-13 6.7261113239e-14 8.1496401890e-14
2.2637939453e+02 1.4879047872e-13 6.7388262877e-14 8.1402215839e-14
2.2644042969e+02 1.4881193192e-13 6.7488307518e-14 8.1323624400e-14
2.2650146484e+02 1.4882216765e-13 6.7525911226e-14 8.1296256420e-14
2.2656250000e+02 1.4884507650e-13 6.7538661076e-14 8.1306415420e-14
2.2662353516e+02 1.4887926473e-13 6.7583402267e-14 8.1295862465e-14
2.2668457031e+02 1.4889174046e-13 6.7661428236e-14 8.1230312221e-14
2.2674560547e+02 1.4885009058e-13 6.7711298839e-14 8.1138791740e-14
2.2680664062e+02 1.4875291696e-13 6.7676978341e-14 8.1075938616e-14
2.2686767578e+02 1.4862664565e-13 6.7565377380e-14 8.1061268274e-14
2.2692871094e+02 1.4849640117e-13 6.7434929440e-14 8.1061471727e-14
2.2698974609e+02 1.4837162017e-13 6.7342547245e-14 8.1029072923e-14
2.2705078125e+02 1.4824991917e-13 6.7295893996e-14 8.0954025175e-14
2.2711181641e+02 1.4811078254e-13 6.7246433350e-14 8.0864349195e-14
2.2717285156e+02 1.4792023963e-13 6.7138689064e-14 8.0781550564e-14
2.2723388672e+02 1.4767836663e-13 6.6972659290e-14 8.0705707342e-14
2.2729492188e+02 1.4745356900e-13 6.6809958210e-14 8.0643610790e-14
2.2735595703e+02 1.4732459587e-13 6.6711828826e-14 8.0612767047e-14
2.2741699219e+02 1.4728768747e-13 6.6680319149e-14 8.0607368325e-14
2.2747802734e+02 1.4726571495e-13 6.6672847744e-14 8.0592867206e-14
2.2753906250e+02 1.4720509915e-13 6.6660146715e-14 8.0544952431e-14
2.2760009766e+02 1.4711725321e-13 6.6647316500e-14 8.0469936709e-14
2.2766113281e+02 1.4703631015e-13 6.6643450686e-14 8.0392859465e-14
2.2772216797e+02 1.4699180013e-13 6.6639043965e-14 8.0352756167e-14
2.2778320312e+02 1.4701893686e-13 6.6626856627e-14 8.0392080231e-14
2.2784423828e+02 1.4714253141e-13 6.6624404687e-14 8.0518126723e-14
2.2790527344e+02 1.4733395009e-13 6.6656560144e-14 8.0677389946e-14
2.2796630859e+02 1.4750567732e-13 6.6723499082e-14 8.0782178237e-14
2.2802734375e+02 1.4756847853e-13 6.6797099461e-14 8.0771379067e-14
2.2808837891e+02 1.4750133070e-13 6.6847037153e-14 8.0654293552e-14
2.2814941406e+02 1.4735851240e-13 6.6862377847e-14 8.0496134556e-14
2.2821044922e+02 1.4720984477e-13 6.6847992422e-14 8.0361852351e-14
2.2827148438e+02 1.4708971536e-13 6.6813354630e-14 8.0276360725e-14
2.2833251953e+02 1.4699363232e-13 6.6767942489e-14 8.0225689834e-14
2.2839355469e+02 1.4689939642e-13 6.6716644553e-14 8.0182751868e-14
2.2845458984e+02 1.4679161671e-13 6.6661475877e-14 8.0130140834e-14
2.2851562500e+02 1.4668125607e-13 6.6614922505e-14 8.0066333566e-14
2.2857666016e+02 1.4660977023e-13 6.6602756650e-14 8.0007013578e-14
2.2863769531e+02 1.4661491671e-13 6.6642118179e-14 7.9972798530e-14
2.2869873047e+02 1.4667567532e-13 6.6718302538e-14 7.9957372784e-14
2.2875976562e+02 1.4672126887e-13 6.6788188022e-14 7.9933080850e-14
2.2882080078e+02 1.4671218744e-13 6.6806896421e-14 7.9905291015e-14
2.2888183594e+02 1.4667381958e-13 6.6756655234e-14 7.9917164345e-14
2.2894287109e+02 1.4664095419e-13 6.6662694543e-14 7.9978259649e-14
2.2900390625e+02 1.4661041745e-13 6.6579154734e-14 8.0031262715e-14
2.2906494141e+02 1.4654975114e-13 6.6538521863e-14 8.0011229277e-14
2.2912597656e+02 1.4642390058e-13 6.6514228867e-14 7.9909671716e-14
2.2918701172e+02 1.4622360007e-13 6.6458020496e-14 7.9765579577e-14
2.2924804688e+02 1.4598278832e-13 6.6368860496e-14 7.9613927823e-14
2.2930908203e+02 1.4575263349e-13 6.6291063890e-14 7.9461569600e-14
2.2937011719e+02 1.4555512961e-13 6.6246909540e-14 7.9308220072e-14
2.2943115234e+02 1.4538134944e-13 6.6207310060e-14 7.9174039377e-14
2.2949218750e+02 1.4521935260e-13 6.6134629080e-14 7.9084723520e-14
2.2955322266e+02 1.4504430436e-13 6.6020435432e-14 7.9023868929e-14
2.2961425781e+02 1.4480374017e-13 6.5875007412e-14 7.8928732755e-14
2.2967529297e+02 1.4446902701e-13 6.5712394372e-14 7.8756632639e-14
2.2973632812e+02 1.4408772363e-13 6.5545461236e-14 7.8542262389e-14
2.2979736328e+02 1.4374300230e-13 6.5375796459e-14 7.8367205842e-14
2.2985839844e+02 1.4348705658e-13 6.5206595589e-14 7.8280460994e-14
2.2991943359e+02 1.4334075867e-13 6.5073835055e-14 7.8266923610e-14
2.2998046875e+02 1.4330846769e-13 6.5031617306e-14 7.8276850389e-14
2.3004150391e+02 1.4335744685e-13 6.5093454897e-14 7.8263991952e-14
2.3010253906e+02 1.4342092580e-13 6.5209662616e-14 7.8211263183e-14
2.3016357422e+02 1.4343945793e-13 6.5303979596e-14 7.8135478334e-14
2.3022460938e+02 1.4337985952e-13 6.5317294976e-14 7.8062564546e-14
2.3028564453e+02 1.4323982487e-13 6.5236944400e-14 7.8002880469e-14
2.3034667969e+02 1.4306790002e-13 6.5112953129e-14 7.7954946889e-14
2.3040771484e+02 1.4294298853e-13 6.5025087862e-14 7.7917900670e-14
2.3046875000e+02 1.4289306292e-13 6.5009081520e-14 7.7883981397e-14
2.3052978516e+02 1.4285497362e-13 6.5031586546e-14 7.7823387078e-14
2.3059082031e+02 1.4273174201e-13 6.5038128847e-14 7.7693613162e-14
2.3065185547e+02 1.4247902782e-13 6.5002122901e-14 7.7476904918e-14
2.3071289062e+02 1.4214327847e-13 6.4935702763e-14 7.7207575704e-14
2.3077392578e+02 1.4182271500e-13 6.4869768751e-14 7.6952946247e-14
2.3083496094e+02 1.4158461414e-13 6.4813278975e-14 7.6771335167e-14
2.3089599609e+02 1.4142063974e-13 6.4734780884e-14 7.6685858852e-14
2.3095703125e+02 1.4127966021e-13 6.4603225321e-14 7.6676434887e-14
2.3101806641e+02 1.4112311816e-13 6.4431308167e-14 7.6691809989e-14
2.3107910156e+02 1.4094018704e-13 6.4256833242e-14 7.6683353794e-14
2.3114013672e+02 1.4074392375e-13 6.4108228686e-14 7.6635695066e-14
2.3120117188e+02 1.4057077360e-13 6.4005097222e-14 7.6565676376e-14
2.3126220703e+02 1.4045492276e-13 6.3958733130e-14 7.6496189626e-14
2.3132324219e+02 1.4039464270e-13 6.3953969895e-14 7.6440672802e-14
2.3138427734e+02 1.4034770185e-13 6.3946901452e-14 7.6400800397e-14
2.3144531250e+02 1.4025173726e-13 6.3894171534e-14 7.6357565723e-14
2.3150634766e+02 1.4006428979e-13 6.3785347838e-14 7.6278941953e-14
2.3156738281e+02 1.3980094203e-13 6.3642296378e-14 7.6158645647e-14
2.3162841797e+02 1.3953152174e-13 6.3494769803e-14 7.6036751933e-14
2.3168945312e+02 1.3932369752e-13 6.3362049353e-14 7.5961648165e-14
2.3175048828e+02 1.3918466405e-13 6.3248834091e-14 7.5935829958e-14
2.3181152344e+02 1.3907348475e-13 6.3154808885e-14 7.5918675863e-14
2.3187255859e+02 1.3895401312e-13 6.3076689053e-14 7.5877324066e-14
2.3193359375e+02 1.3880970857e-13 6.2997927926e-14 7.5811780643e-14
2.3199462891e+02 1.3864647582e-13 6.2907529624e-14 7.5738946199e-14
2.3205566406e+02 1.3850630242e-13 6.2831218484e-14 7.5675083932e-14
2.3211669922e+02 1.3842856501e-13 6.2808078368e-14 7.5620486639e-14
2.3217773438e+02 1.3839076746e-13 6.2843156496e-14 7.5547610961e-14
2.3223876953e+02 1.3834224282e-13 6.2913660869e-14 7.5428581953e-14
2.3229980469e+02 1.3828776810e-13 6.3005966069e-14 7.5281802031e-14
2.3236083984e+02 1.3828175457e-13 6.3120126993e-14 7.5161627580e-14
2.3242187500e+02 1.3834892320e-13 6.3247364671e-14 7.5101558528e-14
2.3248291016e+02 1.3845663921e-13 6.3360721468e-14 7.5095917744e-14
2.3254394531e+02 1.3855492446e-13 6.3430239375e-14 7.5124685081e-14
2.3260498047e+02 1.3860696778e-13 6.3443581221e-14 7.5163386557e-14
2.3266601562e+02 1.3859683119e-13 6.3413519382e-14 7.5183311807e-14
2.3272705078e+02 1.3854227973e-13 6.3366120202e-14 7.5176159527e-14
2.3278808594e+02 1.3847844731e-13 6.3310583952e-14 7.5167863356e-14
2.3284912109e+02 1.3840335021e-13 6.3223905930e-14 7.5179444283e-14
2.3291015625e+02 1.3827827993e-13 6.3091310783e-14 7.5186969149e-14
2.3297119141e+02 1.3809374480e-13 6.2947321551e-14 7.5146423247e-14
2.3303222656e+02 1.3787946189e-13 6.2833553545e-14 7.5045908347e-14
2.3309326172e+02 1.3764772954e-13 6.2735786234e-14 7.4911943305e-14
2.3315429688e+02 1.3738169654e-13 6.2607266900e-14 7.4774429636e-14
2.3321533203e+02 1.3708793313e-13 6.2440815620e-14 7.4647117512e-14
2.3327636719e+02 1.3682567064e-13 6.2287003560e-14 7.4538667082e-14
2.3333740234e+02 1.3664630498e-13 6.2194306923e-14 7.4451998059e-14
2.3339843750e+02 1.3651089484e-13 6.2146688340e-14 7.4364206500e-14
2.3345947266e+02 1.3633197795e-13 6.2092180955e-14 7.4239796994e-14
2.3352050781e+02 1.3609799396e-13 6.2022800000e-14 7.4075193959e-14
2.3358154297e+02 1.3587590720e-13 6.1969720813e-14 7.3906186386e-14
2.3364257812e+02 1.3569713814e-13 6.1926534237e-14 7.3770603906e-14
2.3370361328e+02 1.3552133621e-13 6.1845355141e-14 7.3675981068e-14
2.3376464844e+02 1.3530339489e-13 6.1709937823e-14 7.3593457068e-14
2.3382568359e+02 1.3503890213e-13 6.1557467396e-14 7.3481434732e-14
2.3388671875e+02 1.3476222710e-13 6.1429696952e-14 7.3332530143e-14
2.3394775391e+02 1.3453156845e-13 6.1340990510e-14 7.3190577938e-14
2.3400878906e+02 1.3438528657e-13 6.1282761542e-14 7.3102525032e-14
2.3406982422e+02 1.3429775257e-13 6.1233590055e-14 7.3064162512e-14
2.3413085938e+02 1.3421312542e-13 6.1183529047e-14 7.3029596373e-14
2.3419189453e+02 1.3412501834e-13 6.1155974708e-14 7.2969043633e-14
2.3425292969e+02 1.3407323037e-13 6.1174323252e-14 7.2898907114e-14
2.3431396484e+02 1.3406147918e-13 6.1213504489e-14 7.2847974687e-14
2.3437500000e+02 1.3403954764e-13 6.1227206414e-14 7.2812341231e-14
2.3443603516e+02 1.3396902366e-13 6.1208346288e-14 7.2760677368e-14
2.3449707031e+02 1.3385602311e-13 6.1181549095e-14 7.2674474015e-14
2.3455810547e+02 1.3371995550e-13 6.1157060657e-14 7.2562894845e-14
2.3461914062e+02 1.3356603634e-13 6.1127614450e-14 7.2438421894e-14
2.3468017578e+02 1.3339455796e-13 6.1094298456e-14 7.2300259504e-14
2.3474121094e+02 1.3322344122e-13 6.1069055364e-14 7.2154385856e-14
2.3480224609e+02 1.3308949997e-13 6.1058632253e-14 7.2030867716e-14
2.3486328125e+02 1.3301526048e-13 6.1055273462e-14 7.1959987015e-14
2.3492431641e+02 1.3296960282e-13 6.1030841816e-14 7.1938761001e-14
2.3498535156e+02 1.3287734828e-13 6.0945639805e-14 7.1931708473e-14
2.3504638672e+02 1.3269048498e-13 6.0788266452e-14 7.1902218533e-14
2.3510742188e+02 1.3243596233e-13 6.0593744439e-14 7.1842217890e-14
2.3516845703e+02 1.3216765674e-13 6.0401228854e-14 7.1766427884e-14
2.3522949219e+02 1.3189629452e-13 6.0221477879e-14 7.1674816646e-14
2.3529052734e+02 1.3160122885e-13 6.0059496039e-14 7.1541732806e-14
2.3535156250e+02 1.3129081735e-13 5.9928295202e-14 7.1362522151e-14
2.3541259766e+02 1.3100951099e-13 5.9823683860e-14 7.1185827130e-14
2.3547363281e+02 1.3078351684e-13 5.9717277449e-14 7.1066239391e-14
2.3553466797e+02 1.3058871956e-13 5.9587960711e-14 7.1000758854e-14
2.3559570312e+02 1.3038310810e-13 5.9447829280e-14 7.0935278819e-14
2.3565673828e+02 1.3015516680e-13 5.9331316251e-14 7.0823850547e-14
2.3571777344e+02 1.2992266818e-13 5.9255416037e-14 7.0667252147e-14
2.3577880859e+02 1.2969608857e-13 5.9195950363e-14 7.0500138208e-14
2.3583984375e+02 1.2948433734e-13 5.9122867397e-14 7.0361469938e-14
2.3590087891e+02 1.2932471183e-13 5.9047651145e-14 7.0277060689e-14
2.3596191406e+02 1.2923892161e-13 5.8999549275e-14 7.0239372334e-14
2.3602294922e+02 1.2917140585e-13 5.8973367757e-14 7.0198038096e-14
2.3608398438e+02 1.2905307092e-13 5.8948349476e-14 7.0104721440e-14
2.3614501953e+02 1.2890382880e-13 5.8935334669e-14 6.9968494130e-14
2.3620605469e+02 1.2878084781e-13 5.8951395910e-14 6.9829451905e-14
2.3626708984e+02 1.2866281607e-13 5.8972535555e-14 6.9690280520e-14
2.3632812500e+02 1.2848267848e-13 5.8959486777e-14 6.9523191706e-14
2.3638916016e+02 1.2823967009e-13 5.8908009563e-14 6.9331660530e-14
2.3645019531e+02 1.2800533651e-13 5.8849736147e-14 6.9155600366e-14
2.3651123047e+02 1.2784226202e-13 5.8821840468e-14 6.9020421551e-14
2.3657226562e+02 1.2774649707e-13 5.8833454700e-14 6.8913042366e-14
2.3663330078e+02 1.2765674595e-13 5.8849845809e-14 6.8806900140e-14
2.3669433594e+02 1.2752185088e-13 5.8824006919e-14 6.8697843965e-14
2.3675537109e+02 1.2735439918e-13 5.8745432185e-14 6.8608966997e-14
2.3681640625e+02 1.2719668368e-13 5.8639761676e-14 6.8556922001e-14
2.3687744141e+02 1.2705563024e-13 5.8526238956e-14 6.8529391284e-14
2.3693847656e+02 1.2691067327e-13 5.8406273727e-14 6.8504399539e-14
2.3699951172e+02 1.2676616365e-13 5.8295362063e-14 6.8470801584e-14
2.3706054688e+02 1.2663995291e-13 5.8219626166e-14 6.8420326746e-14
2.3712158203e+02 1.2649998936e-13 5.8163852112e-14 6.8336137244e-14
2.3718261719e+02 1.2627807571e-13 5.8070303832e-14 6.8207771881e-14
2.3724365234e+02 1.2596500527e-13 5.7910227984e-14 6.8054777282e-14
2.3730468750e+02 1.2562881167e-13 5.7717256051e-14 6.7911555622e-14
2.3736572266e+02 1.2532668699e-13 5.7536268653e-14 6.7790418341e-14
2.3742675781e+02 1.2506420044e-13 5.7377398054e-14 6.7686802384e-14
2.3748779297e+02 1.2483870829e-13 5.7231472722e-14 6.7607235568e-14
2.3754882812e+02 1.2464896969e-13 5.7092765079e-14 6.7556204607e-14
2.3760986328e+02 1.2445666001e-13 5.6952338681e-14 6.7504321333e-14
2.3767089844e+02 1.2420488101e-13 5.6799001420e-14 6.7405879586e-14
2.3773193359e+02 1.2389339966e-13 5.6637559904e-14 6.7255839751e-14
2.3779296875e+02 1.2358574071e-13 5.6487653233e-14 6.7098087478e-14
2.3785400391e+02 1.2333392956e-13 5.6365810040e-14 6.6968119517e-14
2.3791503906e+02 1.2314036174e-13 5.6281721728e-14 6.6858640015e-14
2.3797607422e+02 1.2298235874e-13 5.6242477028e-14 6.6739881709e-14
2.3803710938e+02 1.2284061821e-13 5.6250252130e-14 6.6590366076e-14
2.3809814453e+02 1.2272262893e-13 5.6304770843e-14 6.6417858083e-14
2.3815917969e+02 1.2265797088e-13 5.6400484704e-14 6.6257486181e-14
2.3822021484e+02 1.2265187322e-13 5.6510614159e-14 6.6141259059e-14
2.3828125000e+02 1.2266751133e-13 5.6593219926e-14 6.6074291408e-14
2.3834228516e+02 1.2265619133e-13 5.6617277908e-14 6.6038913424e-14
2.3840332031e+02 1.2258324338e-13 5.6575825631e-14 6.6007417744e-14
2.3846435547e+02 1.2244225088e-13 5.6494677991e-14 6.5947572893e-14
2.3852539062e+02 1.2225727025e-13 5.6427400571e-14 6.5829869677e-14
2.3858642578e+02 1.2205686613e-13 5.6407561705e-14 6.5649304420e-14
2.3864746094e+02 1.2185237102e-13 5.6410429956e-14 6.5441941067e-14
2.3870849609e+02 1.2165156522e-13 5.6388608933e-14 6.5262956283e-14
2.3876953125e+02 1.2146880797e-13 5.6328793917e-14 6.5140014049e-14
2.3883056641e+02 1.2129922734e-13 5.6248311993e-14 6.5050915351e-14
2.3889160156e+02 1.2109731453e-13 5.6153142343e-14 6.4944172184e-14
2.3895263672e+02 1.2080559740e-13 5.6026682582e-14 6.4778914817e-14
2.3901367188e+02 1.2040837857e-13 5.5856625911e-14 6.4551752660e-14
2.3907470703e+02 1.1995478314e-13 5.5657533056e-14 6.4297250082e-14
2.3913574219e+02 1.1952555297e-13 5.5460105208e-14 6.4065447762e-14
2.3919677734e+02 1.1916710788e-13 5.5278208834e-14 6.3888899051e-14
2.3925781250e+02 1.1887388944e-13 5.5102175583e-14 6.3771713855e-14
2.3931884766e+02 1.1863759508e-13 5.4930327811e-14 6.3707267270e-14
2.3937988281e+02 1.1846313141e-13 5.4781587439e-14 6.3681543972e-14
2.3944091797e+02 1.1833271250e-13 5.4670334786e-14 6.3662377714e-14
2.3950195312e+02 1.1820848829e-13 5.4591186172e-14 6.3617302118e-14
2.3956298828e+02 1.1806906010e-13 5.4525524109e-14 6.3543535992e-14
2.3962402344e+02 1.1790829543e-13 5.4445479732e-14 6.3462815701e-14
2.3968505859e+02 1.1771252744e-13 5.4324201345e-14 6.3388326100e-14
2.3974609375e+02 1.1746786333e-13 5.4161557030e-14 6.3306306302e-14
2.3980712891e+02 1.1718403625e-13 5.3992063675e-14 6.3191972574e-14
2.3986816406e+02 1.1689710080e-13 5.3854747193e-14 6.3042353602e-14
2.3992919922e+02 1.1664167954e-13 5.3760289930e-14 6.2881389613e-14
2.3999023438e+02 1.1641629248e-13 5.3692955969e-14 6.2723336508e-14
2.4005126953e+02 1.1618959847e-13 5.3636832101e-14 6.2552766371e-14
2.4011230469e+02 1.1594632714e-13 5.3594224199e-14 6.2352102942e-14
2.4017333984e+02 1.1570893539e-13 5.3579543470e-14 6.2129391924e-14
2.4023437500e+02 1.1551417459e-13 5.3593612751e-14 6.1920561839e-14
2.4029541016e+02 1.1537776416e-13 5.3606557198e-14 6.1771206962e-14
2.4035644531e+02 1.1527412103e-13 5.3580180977e-14 6.1693940058e-14
2.4041748047e+02 1.1515261644e-13 5.3510669782e-14 6.1641946660e-14
2.4047851562e+02 1.1498116412e-13 5.3433151513e-14 6.1548012603e-14
2.4053955078e+02 1.1476179803e-13 5.3377746908e-14 6.1384051119e-14
2.4060058594e+02 1.1451200142e-13 5.3338506554e-14 6.1173494871e-14
2.4066162109e+02 1.1426636517e-13 5.3296015672e-14 6.0970349499e-14
2.4072265625e+02 1.1408304050e-13 5.3251965429e-14 6.0831075073e-14
2.4078369141e+02 1.1400106981e-13 5.3228313409e-14 6.0772756402e-14
2.4084472656e+02 1.1399216756e-13 5.3239824230e-14 6.0752343331e-14
2.4090576172e+02 1.1398278064e-13 5.3268332974e-14 6.0714447667e-14
2.4096679688e+02 1.1391506530e-13 5.3263236341e-14 6.0651828960e-14
2.4102783203e+02 1.1376137742e-13 5.3173271292e-14 6.0588106126e-14
2.4108886719e+02 1.1350318665e-13 5.2979692002e-14 6.0523494651e-14
2.4114990234e+02 1.1314569062e-13 5.2709666643e-14 6.0436023980e-14
2.4121093750e+02 1.1274656529e-13 5.2431327842e-14 6.0315237448e-14
2.4127197266e+02 1.1238325000e-13 5.2216185981e-14 6.0167064020e-14
2.4133300781e+02 1.1208261001e-13 5.2081619071e-14 6.0000990941e-14
2.4139404297e+02 1.1180702330e-13 5.1982066060e-14 5.9824957235e-14
2.4145507812e+02 1.1150581142e-13 5.1863958497e-14 5.9641852926e-14
2.4151611328e+02 1.1115712639e-13 5.1711397811e-14 5.9445728574e-14
2.4157714844e+02 1.1077694976e-13 5.1543827442e-14 5.9233122322e-14
2.4163818359e+02 1.1041538745e-13 5.1392167440e-14 5.9023220007e-14
2.4169921875e+02 1.1012662834e-13 5.1276684568e-14 5.8849943768e-14
2.4176025391e+02 1.0992864132e-13 5.1202498124e-14 5.8726143196e-14
2.4182128906e+02 1.0980620351e-13 5.1171807170e-14 5.8634396339e-14
2.4188232422e+02 1.0973535201e-13 5.1181322394e-14 5.8554029621e-14
2.4194335938e+02 1.0968070026e-13 5.1206087765e-14 5.8474612495e-14
2.4200439453e+02 1.0960208396e-13 5.1210361322e-14 5.8391722642e-14
2.4206542969e+02 1.0949738579e-13 5.1184802140e-14 5.8312583653e-14
2.4212646484e+02 1.0940974193e-13 5.1154707359e-14 5.8255034573e-14
2.4218750000e+02 1.0936465819e-13 5.1141171478e-14 5.8223486713e-14
2.4224853516e+02 1.0932851057e-13 5.1134771079e-14 5.8193739490e-14
2.4230957031e+02 1.0924760462e-13 5.1114808540e-14 5.8132796080e-14
2.4237060547e+02 1.0910557094e-13 5.1074131815e-14 5.8031439121e-14
2.4243164062e+02 1.0893171249e-13 5.1020892407e-14 5.7910820081e-14
2.4249267578e+02 1.0876021496e-13 5.0966420882e-14 5.7793794076e-14
2.4255371094e+02 1.0858558644e-13 5.0907786354e-14 5.7677800088e-14
2.4261474609e+02 1.0836579114e-13 5.0820447457e-14 5.7545343679e-14
2.4267578125e+02 1.0807881481e-13 5.0687797111e-14 5.7391017702e-14
2.4273681641e+02 1.0776788976e-13 5.0540700404e-14 5.7227189359e-14
2.4279785156e+02 1.0750535498e-13 5.0433460127e-14 5.7071894850e-14
2.4285888672e+02 1.0730867067e-13 5.0371671250e-14 5.6936999420e-14
2.4291992188e+02 1.0712623103e-13 5.0302532267e-14 5.6823698768e-14
2.4298095703e+02 1.0691605373e-13 5.0189183710e-14 5.6726870020e-14
2.4304199219e+02 1.0670089014e-13 5.0057688546e-14 5.6643201594e-14
2.4310302734e+02 1.0653182177e-13 4.9953924422e-14 5.6577897351e-14
2.4316406250e+02 1.0642575030e-13 4.9886256126e-14 5.6539494178e-14
2.4322509766e+02 1.0635392232e-13 4.9833047544e-14 5.6520874776e-14
2.4328613281e+02 1.0628102872e-13 4.9782620180e-14 5.6498408541e-14
2.4334716797e+02 1.0620020395e-13 4.9738062299e-14 5.6462141653e-14
2.4340820312e+02 1.0612131374e-13 4.9693278516e-14 5.6428035224e-14
2.4346923828e+02 1.0604381450e-13 4.9634231690e-14 5.6409582809e-14
2.4353027344e+02 1.0596632344e-13 4.9567134989e-14 5.6399188448e-14
2.4359130859e+02 1.0590377573e-13 4.9520762223e-14 5.6383013507e-14
2.4365234375e+02 1.0585860476e-13 4.9510073817e-14 5.6348530939e-14
2.4371337891e+02 1.0578431340e-13 4.9511985229e-14 5.6272328175e-14
2.4377441406e+02 1.0562313811e-13 4.9489632533e-14 5.6133505574e-14
2.4383544922e+02 1.0538076195e-13 4.9430386404e-14 5.5950375546e-14
2.4389648438e+02 1.0512136745e-13 4.9348850943e-14 5.5772516504e-14
2.4395751953e+02 1.0489907616e-13 4.9266709380e-14 5.5632366785e-14
2.4401855469e+02 1.0472742971e-13 4.9198427631e-14 5.5529002077e-14
2.4407958984e+02 1.0459036720e-13 4.9144035287e-14 5.5446331913e-14
2.4414062500e+02 1.0445733326e-13 4.9093639562e-14 5.5363693694e-14
2.4420166016e+02 1.0430620387e-13 4.9041877821e-14 5.5264326045e-14
2.4426269531e+02 1.0413798702e-13 4.8987046641e-14 5.5150940381e-14
2.4432373047e+02 1.0396142056e-13 4.8918508503e-14 5.5042912061e-14
2.4438476562e+02 1.0378192649e-13 4.8826332486e-14 5.4955594003e-14
2.4444580078e+02 1.0361316521e-13 4.8720391644e-14 5.4892773568e-14
2.4450683594e+02 1.0346855975e-13 4.8620610953e-14 5.4847948795e-14
2.4456787109e+02 1.0334163185e-13 4.8537497257e-14 5.4804134589e-14
2.4462890625e+02 1.0322518018e-13 4.8475688173e-14 5.4749492002e-14
2.4468994141e+02 1.0313386072e-13 4.8443741296e-14 5.4690119421e-14
2.4475097656e+02 1.0307795739e-13 4.8443323244e-14 5.4634634145e-14
2.4481201172e+02 1.0302499598e-13 4.8447247303e-14 5.4577748673e-14
2.4487304688e+02 1.0291024804e-13 4.8407825739e-14 5.4502422304e-14
2.4493408203e+02 1.0269794966e-13 4.8301544217e-14 5.4396405440e-14
2.4499511719e+02 1.0243251037e-13 4.8157689072e-14 5.4274821294e-14
2.4505615234e+02 1.0221152521e-13 4.8036418396e-14 5.4175106812e-14
2.4511718750e+02 1.0208831968e-13 4.7972418906e-14 5.4115900778e-14
2.4517822266e+02 1.0200888044e-13 4.7939675448e-14 5.4069204989e-14
2.4523925781e+02 1.0186681336e-13 4.7885173183e-14 5.3981640179e-14
2.4530029297e+02 1.0161929321e-13 4.7788783661e-14 5.3830509550e-14
2.4536132812e+02 1.0131892562e-13 4.7665160938e-14 5.3653764682e-14
2.4542236328e+02 1.0102972395e-13 4.7525007468e-14 5.3504716486e-14
2.4548339844e+02 1.0077003733e-13 4.7377358798e-14 5.3392678530e-14
2.4554443359e+02 1.0054581247e-13 4.7252597634e-14 5.3293214836e-14
2.4560546875e+02 1.0036856250e-13 4.7176993966e-14 5.3191568533e-14
2.4566650391e+02 1.0023453148e-13 4.7141328561e-14 5.3093202922e-14
2.4572753906e+02 1.0013058542e-13 4.7123273320e-14 5.3007312099e-14
2.4578857422e+02 1.0005145799e-13 4.7119127378e-14 5.2932330616e-14
2.4584960938e+02 1.0000363132e-13 4.7140038921e-14 5.2863592400e-14
2.4591064453e+02 1.0000216301e-13 4.7191302743e-14 5.2810860265e-14
2.4597167969e+02 1.0003825129e-13 4.7254049127e-14 5.2784202161e-14
2.4603271484e+02 1.0004493350e-13 4.7281153912e-14 5.2763779587e-14
2.4609375000e+02 9.9943884300e-14 4.7232449527e-14 5.2711434773e-14
2.4615478516e+02 9.9742082007e-14 4.7126139252e-14 5.2615942755e-14
2.4621582031e+02 9.9529988260e-14 4.7021257846e-14 5.2508730414e-14
2.4627685547e+02 9.9363872886e-14 4.6938000104e-14 5.2425872783e-14
2.4633789062e+02 9.9207925921e-14 4.6843917881e-14 5.2364008041e-14
2.4639892578e+02 9.9009786550e-14 4.6724660933e-14 5.2285125617e-14
2.4645996094e+02 9.8767755973e-14 4.6609644901e-14 5.2158111072e-14
2.4652099609e+02 9.8511060156e-14 4.6520441177e-14 5.1990618979e-14
2.4658203125e+02 9.8270326901e-14 4.6445103249e-14 5.1825223653e-14
2.4664306641e+02 9.8069448092e-14 4.6372573952e-14 5.1696874139e-14
2.4670410156e+02 9.7911096045e-14 4.6313572497e-14 5.1597523549e-14
2.4676513672e+02 9.7776386581e-14 4.6273800383e-14 5.1502586197e-14
2.4682617188e+02 9.7648875423e-14 4.6232338696e-14 5.1416536727e-14
2.4688720703e+02 9.7519907763e-14 4.6162193064e-14 5.1357714699e-14
2.4694824219e+02 9.7376084248e-14 4.6059611109e-14 5.1316473139e-14
2.4700927734e+02 9.7212376980e-14 4.5943843101e-14 5.1268533879e-14
2.4707031250e+02 9.7044742339e-14 4.5834580120e-14 5.1210162218e-14
2.4713134766e+02 9.6889462482e-14 4.5738830686e-14 5.1150631797e-14
2.4719238281e+02 9.6758736215e-14 4.5663325427e-14 5.1095410788e-14
2.4725341797e+02 9.6678432697e-14 4.5628744435e-14 5.1049688262e-14
2.4731445312e+02 9.6662413631e-14 4.5649998820e-14 5.1012414812e-14
2.4737548828e+02 9.6670216237e-14 4.5704946331e-14 5.0965269905e-14
2.4743652344e+02 9.6633309179e-14 4.5746663375e-14 5.0886645804e-14
2.4749755859e+02 9.6519744405e-14 4.5744298034e-14 5.0775446372e-14
2.4755859375e+02 9.6352093389e-14 4.5700745974e-14 5.0651347414e-14
2.4761962891e+02 9.6177239917e-14 4.5643366357e-14 5.0533873560e-14
2.4768066406e+02 9.6031350801e-14 4.5600893284e-14 5.0430457517e-14
2.4774169922e+02 9.5919967553e-14 4.5576047636e-14 5.0343919917e-14
2.4780273438e+02 9.5819133711e-14 4.5545038814e-14 5.0274094896e-14
2.4786376953e+02 9.5699616615e-14 4.5489754612e-14 5.0209862003e-14
2.4792480469e+02 9.5551668265e-14 4.5412436113e-14 5.0139232153e-14
2.4798583984e+02 9.5378096056e-14 4.5316441893e-14 5.0061654163e-14
2.4804687500e+02 9.5177084247e-14 4.5201879687e-14 4.9975204560e-14
2.4810791016e+02 9.4962022999e-14 4.5086800159e-14 4.9875222841e-14
2.4816894531e+02 9.4784555622e-14 4.5003044262e-14 4.9781511360e-14
2.4822998047e+02 9.4694925561e-14 4.4957868674e-14 4.9737056886e-14
2.4829101562e+02 9.4682263098e-14 4.4919813887e-14 4.9762449211e-14
2.4835205078e+02 9.4690303616e-14 4.4861448036e-14 4.9828855580e-14
2.4841308594e+02 9.4686354666e-14 4.4804067402e-14 4.9882287264e-14
2.4847412109e+02 9.4677092460e-14 4.4791684132e-14 4.9885408328e-14
2.4853515625e+02 9.4666434277e-14 4.4826823087e-14 4.9839611190e-14
2.4859619141e+02 9.4644080392e-14 4.4867442734e-14 4.9776637657e-14
2.4865722656e+02 9.4614954978e-14 4.4890011133e-14 4.9724943846e-14
2.4871826172e+02 9.4589031255e-14 4.4911682177e-14 4.9677349077e-14
2.4877929688e+02 9.4535243156e-14 4.4935518267e-14 4.9599724889e-14
2.4884033203e+02 9.4406381308e-14 4.4927319970e-14 4.9479061339e-14
2.4890136719e+02 9.4218368591e-14 4.4869571058e-14 4.9348797533e-14
2.4896240234e+02 9.4045527280e-14 4.4789002045e-14 4.9256525236e-14
2.4902343750e+02 9.3934830670e-14 4.4713314758e-14 4.9221515912e-14
2.4908447266e+02 9.3867726381e-14 4.4642229332e-14 4.9225497049e-14
2.4914550781e+02 9.3801251862e-14 4.4573397633e-14 4.9227854229e-14
2.4920654297e+02 9.3719837319e-14 4.4524922832e-14 4.9194914487e-14
2.4926757812e+02 9.3644268692e-14 4.4516129598e-14 4.9128139093e-14
2.4932861328e+02 9.3596890346e-14 4.4538368402e-14 4.9058521944e-14
2.4938964844e+02 9.3566068555e-14 4.4555480356e-14 4.9010588199e-14
2.4945068359e+02 9.3508375677e-14 4.4532360501e-14 4.8976015176e-14
2.4951171875e+02 9.3388576594e-14 4.4465573457e-14 4.8923003137e-14
2.4957275391e+02 9.3221025827e-14 4.4384454913e-14 4.8836570914e-14
2.4963378906e+02 9.3061360684e-14 4.4317089718e-14 4.8744270967e-14
2.4969482422e+02 9.2954904152e-14 4.4267490053e-14 4.8687414099e-14
2.4975585938e+02 9.2906819143e-14 4.4230940682e-14 4.8675878461e-14
2.4981689453e+02 9.2895844881e-14 4.4211882680e-14 4.8683962200e-14
2.4987792969e+02 9.2892955367e-14 4.4215662381e-14 4.8677292985e-14
2.4993896484e+02 9.2866319055e-14 4.4231690889e-14 4.8634628165e-14
2.5000000000e+02 9.2791063133e-14 4.4234383295e-14 4.8556679837e-14
2.5006103516e+02 9.2669497508e-14 4.4204697012e-14 4.8464800496e-14
2.5012207031e+02 9.2535583819e-14 4.4146720190e-14 4.8388863629e-14
2.5018310547e+02 9.2413804109e-14 4.4071523458e-14 4.8342280651e-14
2.5024414062e+02 9.2278657904e-14 4.3975868852e-14 4.8302789052e-14
2.5030517578e+02 9.2098810940e-14 4.3860315610e-14 4.8238495330e-14
2.5036621094e+02 9.1907211145e-14 4.3753480255e-14 4.8153730890e-14
2.5042724609e+02 9.1772176119e-14 4.3690079117e-14 4.8082097002e-14
2.5048828125e+02 9.1712053060e-14 4.3672385347e-14 4.8039667713e-14
2.5054931641e+02 9.1682445829e-14 4.3672704340e-14 4.8009741489e-14
2.5061035156e+02 9.1638776254e-14 4.3668091738e-14 4.7970684516e-14
2.5067138672e+02 9.1577538830e-14 4.3655256371e-14 4.7922282459e-14
2.5073242188e+02 9.1512482231e-14 4.3633231881e-14 4.7879250351e-14
2.5079345703e+02 9.1441967268e-14 4.3593580335e-14 4.7848386933e-14
2.5085449219e+02 9.1361235212e-14 4.3537078236e-14 4.7824156976e-14
2.5091552734e+02 9.1284015433e-14 4.3484188849e-14 4.7799826584e-14
2.5097656250e+02 9.1231157647e-14 4.3458855220e-14 4.7772302428e-14
2.5103759766e+02 9.1210990050e-14 4.3466580621e-14 4.7744409429e-14
2.5109863281e+02 9.1215361780e-14 4.3487266816e-14 4.7728094964e-14
2.5115966797e+02 9.1219462816e-14 4.3486250629e-14 4.7733212187e-14
2.5122070312e+02 9.1185974066e-14 4.3438072750e-14 4.7747901316e-14
2.5128173828e+02 9.1088117278e-14 4.3346790583e-14 4.7741326695e-14
2.5134277344e+02 9.0937133730e-14 4.3244393628e-14 4.7692740102e-14
2.5140380859e+02 9.0782597839e-14 4.3167729209e-14 4.7614868630e-14
2.5146484375e+02 9.0679375345e-14 4.3137947497e-14 4.7541427848e-14
2.5152587891e+02 9.0643051049e-14 4.3154677665e-14 4.7488373383e-14
2.5158691406e+02 9.0633707085e-14 4.3195555324e-14 4.7438151761e-14
2.5164794922e+02 9.0593736957e-14 4.3224678155e-14 4.7369058802e-14
2.5170898438e+02 9.0503545977e-14 4.3217130964e-14 4.7286415013e-14
2.5177001953e+02 9.0398070808e-14 4.3181537018e-14 4.7216533789e-14
2.5183105469e+02 9.0333621965e-14 4.3152810990e-14 4.7180810975e-14
2.5189208984e+02 9.0328359199e-14 4.3152229633e-14 4.7176129566e-14
2.5195312500e+02 9.0332826948e-14 4.3158114938e-14 4.7174712010e-14
2.5201416016e+02 9.0286896352e-14 4.3136062702e-14 4.7150833650e-14
2.5207519531e+02 9.0197270314e-14 4.3090109645e-14 4.7107160669e-14
2.5213623047e+02 9.0119660647e-14 4.3050847571e-14 4.7068813076e-14
2.5219726562e+02 9.0086601857e-14 4.3028753454e-14 4.7057848403e-14
2.5225830078e+02 9.0091956534e-14 4.3018289108e-14 4.7073667426e-14
2.5231933594e+02 9.0116935247e-14 4.3024336758e-14 4.7092598490e-14
2.5238037109e+02 9.0135777271e-14 4.3046040168e-14 4.7089737104e-14
2.5244140625e+02 9.0118955236e-14 4.3056612521e-14 4.7062342715e-14
2.5250244141e+02 9.0056948066e-14 4.3029610010e-14 4.7027338056e-14
2.5256347656e+02 8.9969014540e-14 4.2974400125e-14 4.6994614415e-14
2.5262451172e+02 8.9876878798e-14 4.2930920581e-14 4.6945958216e-14
2.5268554688e+02 8.9779879797e-14 4.2928063043e-14 4.6851816754e-14
2.5274658203e+02 8.9664424752e-14 4.2949408762e-14 4.6715015990e-14
2.5280761719e+02 8.9531971479e-14 4.2949408887e-14 4.6582562592e-14
2.5286865234e+02 8.9413550286e-14 4.2907170654e-14 4.6506379632e-14
2.5292968750e+02 8.9354628035e-14 4.2853498667e-14 4.6501129368e-14
2.5299072266e+02 8.9373966932e-14 4.2835226031e-14 4.6538740901e-14
2.5305175781e+02 8.9436324630e-14 4.2861929790e-14 4.6574394841e-14
2.5311279297e+02 8.9478897716e-14 4.2903520790e-14 4.6575376926e-14
2.5317382812e+02 8.9465108364e-14 4.2931479302e-14 4.6533629062e-14
2.5323486328e+02 8.9405958676e-14 4.2940955524e-14 4.6465003151e-14
2.5329589844e+02 8.9334586910e-14 4.2935091615e-14 4.6399495295e-14
2.5335693359e+02 8.9274386411e-14 4.2912634199e-14 4.6361752213e-14
2.5341796875e+02 8.9236642386e-14 4.2880919647e-14 4.6355722739e-14
2.5347900391e+02 8.9227600729e-14 4.2856443182e-14 4.6371157547e-14
2.5354003906e+02 8.9232186545e-14 4.2837188233e-14 4.6394998312e-14
2.5360107422e+02 8.9210043632e-14 4.2801154535e-14 4.6408889097e-14
2.5366210938e+02 8.9139865176e-14 4.2744240157e-14 4.6395625020e-14
2.5372314453e+02 8.9049741012e-14 4.2693138497e-14 4.6356602515e-14
2.5378417969e+02 8.8982641466e-14 4.2673874068e-14 4.6308767397e-14
2.5384521484e+02 8.8951452502e-14 4.2685948835e-14 4.6265503667e-14
2.5390625000e+02 8.8939348936e-14 4.2708765888e-14 4.6230583048e-14
2.5396728516e+02 8.8926950087e-14 4.2718768165e-14 4.6208181922e-14
2.5402832031e+02 8.8903970249e-14 4.2698835637e-14 4.6205134612e-14
2.5408935547e+02 8.8859546592e-14 4.2645348064e-14 4.6214198528e-14
2.5415039062e+02 8.8784221643e-14 4.2575339809e-14 4.6208881834e-14
2.5421142578e+02 8.8689287993e-14 4.2520127423e-14 4.6169160570e-14
2.5427246094e+02 8.8601292282e-14 4.2498707935e-14 4.6102584347e-14
2.5433349609e+02 8.8530947006e-14 4.2496859455e-14 4.6034087551e-14
2.5439453125e+02 8.8468356138e-14 4.2483928920e-14 4.5984427219e-14
2.5445556641e+02 8.8406612056e-14 4.2446700852e-14 4.5959911204e-14
2.5451660156e+02 8.8350627542e-14 4.2393953763e-14 4.5956673779e-14
2.5457763672e+02 8.8310584397e-14 4.2341888582e-14 4.5968695816e-14
2.5463867188e+02 8.8292713082e-14 4.2310276288e-14 4.5982436794e-14
2.5469970703e+02 8.8280406670e-14 4.2311930628e-14 4.5968476042e-14
2.5476074219e+02 8.8233617584e-14 4.2331194758e-14 4.5902422826e-14
2.5482177734e+02 8.8132489934e-14 4.2331440689e-14 4.5801049245e-14
2.5488281250e+02 8.8012819858e-14 4.2297987336e-14 4.5714832522e-14
2.5494384766e+02 8.7935615829e-14 4.2261212577e-14 4.5674403252e-14
2.5500488281e+02 8.7927752002e-14 4.2264745329e-14 4.5663006673e-14
2.5506591797e+02 8.7960899412e-14 4.2314426276e-14 4.5646473137e-14
2.5512695312e+02 8.7979864707e-14 4.2366924517e-14 4.5612940190e-14
2.5518798828e+02 8.7955468763e-14 4.2378248352e-14 4.5577220411e-14
2.5524902344e+02 8.7910738123e-14 4.2354227406e-14 4.5556510717e-14
2.5531005859e+02 8.7887116808e-14 4.2330792725e-14 4.5556324083e-14
2.5537109375e+02 8.7900375535e-14 4.2321375010e-14 4.5579000525e-14
2.5543212891e+02 8.7934171702e-14 4.2312441473e-14 4.5621730230e-14
2.5549316406e+02 8.7956623973e-14 4.2293557954e-14 4.5663066019e-14
2.5555419922e+02 8.7944443179e-14 4.2267879312e-14 4.5676563867e-14
2.5561523438e+02 8.7894573105e-14 4.2238039976e-14 4.5656533129e-14
2.5567626953e+02 8.7808308550e-14 4.2193982958e-14 4.5614325591e-14
2.5573730469e+02 8.7684092445e-14 4.2123020107e-14 4.5561072338e-14
2.5579833984e+02 8.7537108440e-14 4.2029591985e-14 4.5507516456e-14
2.5585937500e+02 8.7404698821e-14 4.1934461848e-14 4.5470236974e-14
2.5592041016e+02 8.7319106464e-14 4.1857227423e-14 4.5461879041e-14
2.5598144531e+02 8.7278568418e-14 4.1805930206e-14 4.5472638212e-14
2.5604248047e+02 8.7251642228e-14 4.1778636954e-14 4.5473005274e-14
2.5610351562e+02 8.7214191201e-14 4.1774437473e-14 4.5439753728e-14
2.5616455078e+02 8.7170123923e-14 4.1796691546e-14 4.5373432378e-14
2.5622558594e+02 8.7136389701e-14 4.1839156854e-14 4.5297232847e-14
2.5628662109e+02 8.7132436099e-14 4.1888079621e-14 4.5244356477e-14
2.5634765625e+02 8.7172042743e-14 4.1939494586e-14 4.5232548157e-14
2.5640869141e+02 8.7239051009e-14 4.1989786744e-14 4.5249264265e-14
2.5646972656e+02 8.7296277144e-14 4.2022830579e-14 4.5273446565e-14
2.5653076172e+02 8.7331666015e-14 4.2031824042e-14 4.5299841972e-14
2.5659179688e+02 8.7364072916e-14 4.2036567196e-14 4.5327505720e-14
2.5665283203e+02 8.7406582404e-14 4.2062698284e-14 4.5343884120e-14
2.5671386719e+02 8.7454558159e-14 4.2115034177e-14 4.5339523981e-14
2.5677490234e+02 8.7507618785e-14 4.2180041183e-14 4.5327577602e-14
2.5683593750e+02 8.7579344435e-14 4.2246046733e-14 4.5333297702e-14
2.5689697266e+02 8.7668849776e-14 4.2303702564e-14 4.5365147211e-14
2.5695800781e+02 8.7735729246e-14 4.2329333361e-14 4.5406395886e-14
2.5701904297e+02 8.7730925941e-14 4.2296615787e-14 4.5434310154e-14
2.5708007812e+02 8.7646138766e-14 4.2210066091e-14 4.5436072675e-14
2.5714111328e+02 8.7519683003e-14 4.2108722407e-14 4.5410960597e-14
2.5720214844e+02 8.7415404681e-14 4.2040542646e-14 4.5374862034e-14
2.5726318359e+02 8.7388043242e-14 4.2031403789e-14 4.5356639453e-14
2.5732421875e+02 8.7429179544e-14 4.2058376992e-14 4.5370802552e-14
2.5738525391e+02 8.7465884185e-14 4.2064742652e-14 4.5401141533e-14
2.5744628906e+02 8.7446163984e-14 4.2024954770e-14 4.5421209214e-14
2.5750732422e+02 8.7395171202e-14 4.1974655382e-14 4.5420515820e-14
2.5756835938e+02 8.7367913226e-14 4.1957220817e-14 4.5410692409e-14
2.5762939453e+02 8.7378538031e-14 4.1969436968e-14 4.5409101063e-14
2.5769042969e+02 8.7390990266e-14 4.1976418283e-14 4.5414571983e-14
2.5775146484e+02 8.7367091567e-14 4.1955139695e-14 4.5411951872e-14
2.5781250000e+02 8.7311872170e-14 4.1913092678e-14 4.5398779492e-14
2.5787353516e+02 8.7265814344e-14 4.1876847274e-14 4.5388967070e-14
2.5793457031e+02 8.7257341716e-14 4.1864370542e-14 4.5392971174e-14
2.5799560547e+02 8.7273971982e-14 4.1869248643e-14 4.5404723339e-14
2.5805664062e+02 8.7287285503e-14 4.1876538159e-14 4.5410747343e-14
2.5811767578e+02 8.7296143550e-14 4.1883092309e-14 4.5413051240e-14
2.5817871094e+02 8.7325602288e-14 4.1895090189e-14 4.5430512098e-14
2.5823974609e+02 8.7385141276e-14 4.1918811473e-14 4.5466329803e-14
2.5830078125e+02 8.7446220175e-14 4.1957912633e-14 4.5488307542e-14
2.5836181641e+02 8.7465435096e-14 4.2008751826e-14 4.5456683270e-14
2.5842285156e+02 8.7425153324e-14 4.2056503742e-14 4.5368649582e-14
2.5848388672e+02 8.7351018281e-14 4.2085239889e-14 4.5265778392e-14
2.5854492188e+02 8.7288748292e-14 4.2094703661e-14 4.5194044632e-14
2.5860595703e+02 8.7270798632e-14 4.2098611422e-14 4.5172187210e-14
2.5866699219e+02 8.7310007367e-14 4.2107534702e-14 4.5202472665e-14
2.5872802734e+02 8.7403648667e-14 4.2126122804e-14 4.5277525863e-14
2.5878906250e+02 8.7532467788e-14 4.2163846038e-14 4.5368621749e-14
2.5885009766e+02 8.7667465968e-14 4.2227468116e-14 4.5439997852e-14
2.5891113281e+02 8.7779536399e-14 4.2299576997e-14 4.5479959402e-14
2.5897216797e+02 8.7851355072e-14 4.2348051856e-14 4.5503303216e-14
2.5903320312e+02 8.7886516007e-14 4.2360724038e-14 4.5525791969e-14
2.5909423828e+02 8.7895884443e-14 4.2352307453e-14 4.5543576990e-14
2.5915527344e+02 8.7886080445e-14 4.2342524108e-14 4.5543556337e-14
2.5921630859e+02 8.7872960265e-14 4.2340190914e-14 4.5532769351e-14
2.5927734375e+02 8.7874891217e-14 4.2337582021e-14 4.5537309196e-14
2.5933837891e+02 8.7876855178e-14 4.2313029413e-14 4.5563825765e-14
2.5939941406e+02 8.7836867100e-14 4.2250163819e-14 4.5586703281e-14
2.5946044922e+02 8.7740939722e-14 4.2158351476e-14 4.5582588246e-14
2.5952148438e+02 8.7616967477e-14 4.2065369426e-14 4.5551598050e-14
2.5958251953e+02 8.7492141687e-14 4.1988638223e-14 4.5503503464e-14
2.5964355469e+02 8.7377184149e-14 4.1924714136e-14 4.5452470013e-14
2.5970458984e+02 8.7285812146e-14 4.1866200160e-14 4.5419611987e-14
2.5976562500e+02 8.7229200191e-14 4.1813745324e-14 4.5415454868e-14
2.5982666016e+02 8.7197372291e-14 4.1771808146e-14 4.5425564145e-14
2.5988769531e+02 8.7167324812e-14 4.1742456262e-14 4.5424868550e-14
2.5994873047e+02 8.7123068911e-14 4.1722672321e-14 4.5400396590e-14
2.6000976562e+02 8.7063798490e-14 4.1707702911e-14 4.5356095579e-14
2.6007080078e+02 8.6999878762e-14 4.1695248064e-14 4.5304630698e-14
2.6013183594e+02 8.6948075856e-14 4.1683027062e-14 4.5265048794e-14
2.6019287109e+02 8.6931288695e-14 4.1672908267e-14 4.5258380428e-14
2.6025390625e+02 8.6963976000e-14 4.1677991619e-14 4.5285984381e-14
2.6031494141e+02 8.7029555325e-14 4.1709695419e-14 4.5319859906e-14
2.6037597656e+02 8.7092010039e-14 4.1761943308e-14 4.5330066731e-14
2.6043701172e+02 8.7130427443e-14 4.1819777092e-14 4.5310650351e-14
2.6049804688e+02 8.7143177282e-14 4.1870483753e-14 4.5272693529e-14
2.6055908203e+02 8.7127538597e-14 4.1898809094e-14 4.5228729503e-14
2.6062011719e+02 8.7076958779e-14 4.1889411722e-14 4.5187547057e-14
2.6068115234e+02 8.6994384713e-14 4.1842916531e-14 4.5151468183e-14
2.6074218750e+02 8.6900270001e-14 4.1783409382e-14 4.5116860619e-14
2.6080322266e+02 8.6825676285e-14 4.1743840546e-14 4.5081835738e-14
2.6086425781e+02 8.6786800661e-14 4.1740073518e-14 4.5046727143e-14
2.6092529297e+02 8.6766193339e-14 4.1761406070e-14 4.5004787269e-14
2.6098632812e+02 8.6731380022e-14 4.1782097691e-14 4.4949282331e-14
2.6104736328e+02 8.6670513808e-14 4.1776171537e-14 4.4894342271e-14
2.6110839844e+02 8.6602114551e-14 4.1737033023e-14 4.4865081528e-14
2.6116943359e+02 8.6548272421e-14 4.1689825595e-14 4.4858446826e-14
2.6123046875e+02 8.6502697927e-14 4.1665643949e-14 4.4837053978e-14
2.6129150391e+02 8.6439309435e-14 4.1664756428e-14 4.4774553007e-14
2.6135253906e+02 8.6352874101e-14 4.1663037673e-14 4.4689836428e-14
2.6141357422e+02 8.6270348947e-14 4.1648058582e-14 4.4622290365e-14
2.6147460938e+02 8.6218674950e-14 4.1630498017e-14 4.4588176933e-14
2.6153564453e+02 8.6195240920e-14 4.1620448444e-14 4.4574792476e-14
2.6159667969e+02 8.6171362290e-14 4.1608256246e-14 4.4563106044e-14
2.6165771484e+02 8.6116503298e-14 4.1574389669e-14 4.4542113629e-14
2.6171875000e+02 8.6019818418e-14 4.1506892875e-14 4.4512925543e-14
2.6177978516e+02 8.5898663142e-14 4.1407899424e-14 4.4490763718e-14
2.6184082031e+02 8.5781829690e-14 4.1293991731e-14 4.4487837960e-14
2.6190185547e+02 8.5677536337e-14 4.1187423815e-14 4.4490112522e-14
2.6196289062e+02 8.5576120052e-14 4.1103276480e-14 4.4472843572e-14
2.6202392578e+02 8.5481568182e-14 4.1046074994e-14 4.4435493188e-14
2.6208496094e+02 8.5408104716e-14 4.1011413307e-14 4.4396691409e-14
2.6214599609e+02 8.5355219789e-14 4.0995475370e-14 4.4359744418e-14
2.6220703125e+02 8.5312352712e-14 4.1004283922e-14 4.4308068789e-14
2.6226806641e+02 8.5272036882e-14 4.1036894657e-14 4.4235142225e-14
2.6232910156e+02 8.5236018358e-14 4.1075740926e-14 4.4160277432e-14
2.6239013672e+02 8.5229511630e-14 4.1115117619e-14 4.4114394011e-14
2.6245117188e+02 8.5286202463e-14 4.1169950577e-14 4.4116251886e-14
2.6251220703e+02 8.5391760979e-14 4.1239091994e-14 4.4152668985e-14
2.6257324219e+02 8.5478215171e-14 4.1292567211e-14 4.4185647959e-14
2.6263427734e+02 8.5503738353e-14 4.1311652977e-14 4.4192085377e-14
2.6269531250e+02 8.5489738485e-14 4.1309365527e-14 4.4180372958e-14
2.6275634766e+02 8.5456049466e-14 4.1298381609e-14 4.4157667857e-14
2.6281738281e+02 8.5383374794e-14 4.1272981825e-14 4.4110392969e-14
2.6287841797e+02 8.5263936625e-14 4.1232205672e-14 4.4031730953e-14
2.6293945312e+02 8.5136569440e-14 4.1194675476e-14 4.3941893964e-14
2.6300048828e+02 8.5049511368e-14 4.1178359071e-14 4.3871152297e-14
2.6306152344e+02 8.5010397478e-14 4.1173841846e-14 4.3836555632e-14
2.6312255859e+02 8.4980739577e-14 4.1152142607e-14 4.3828596971e-14
2.6318359375e+02 8.4921381036e-14 4.1102583831e-14 4.3818797206e-14
2.6324462891e+02 8.4842794891e-14 4.1047579272e-14 4.3795215619e-14
2.6330566406e+02 8.4794938839e-14 4.1012795976e-14 4.3782142863e-14
2.6336669922e+02 8.4810749944e-14 4.0998532072e-14 4.3812217873e-14
2.6342773438e+02 8.4876240121e-14 4.0987799966e-14 4.3888440155e-14
2.6348876953e+02 8.4946917729e-14 4.0969381740e-14 4.3977535989e-14
2.6354980469e+02 8.4982164003e-14 4.0949418634e-14 4.4032745369e-14
2.6361083984e+02 8.4970561022e-14 4.0942769703e-14 4.4027791320e-14
2.6367187500e+02 8.4925560062e-14 4.0946779944e-14 4.3978780118e-14
2.6373291016e+02 8.4859589574e-14 4.0933833575e-14 4.3925755999e-14
2.6379394531e+02 8.4776194412e-14 4.0887548987e-14 4.3888645425e-14
2.6385498047e+02 8.4689898171e-14 4.0833055326e-14 4.3856842845e-14
2.6391601562e+02 8.4627029153e-14 4.0807119999e-14 4.3819909154e-14
2.6397705078e+02 8.4593243209e-14 4.0808531529e-14 4.3784711679e-14
2.6403808594e+02 8.4563960586e-14 4.0803361333e-14 4.3760599253e-14
2.6409912109e+02 8.4512897062e-14 4.0768468081e-14 4.3744428981e-14
2.6416015625e+02 8.4431985772e-14 4.0706509904e-14 4.3725475868e-14
2.6422119141e+02 8.4328670826e-14 4.0631911707e-14 4.3696759119e-14
2.6428222656e+02 8.4221573628e-14 4.0563845472e-14 4.3657728156e-14
2.6434326172e+02 8.4141714588e-14 4.0525437732e-14 4.3616276856e-14
2.6440429688e+02 8.4123913121e-14 4.0535617324e-14 4.3588295797e-14
2.6446533203e+02 8.4176395855e-14 4.0597087448e-14 4.3579308407e-14
2.6452636719e+02 8.4257972988e-14 4.0686822185e-14 4.3571150804e-14
2.6458740234e+02 8.4309532171e-14 4.0762863412e-14 4.3546668758e-14
2.6464843750e+02 8.4314648975e-14 4.0795971764e-14 4.3518677211e-14
2.6470947266e+02 8.4306349579e-14 4.0794970550e-14 4.3511379029e-14
2.6477050781e+02 8.4314355389e-14 4.0791441776e-14 4.3522913613e-14
2.6483154297e+02 8.4333631969e-14 4.0799560408e-14 4.3534071561e-14
2.6489257812e+02 8.4351010737e-14 4.0802630411e-14 4.3548380326e-14
2.6495361328e+02 8.4376008396e-14 4.0788831294e-14 4.3587177102e-14
2.6501464844e+02 8.4423142414e-14 4.0779623859e-14 4.3643518556e-14
2.6507568359e+02 8.4476790178e-14 4.0798350476e-14 4.3678439702e-14
2.6513671875e+02 8.4489052079e-14 4.0827382305e-14 4.3661669774e-14
2.6519775391e+02 8.4410390433e-14 4.0820813964e-14 4.3589576469e-14
2.6525878906e+02 8.4232469564e-14 4.0756102459e-14 4.3476367105e-14
2.6531982422e+02 8.4003059578e-14 4.0657103090e-14 4.3345956488e-14
2.6538085938e+02 8.3784200701e-14 4.0561724134e-14 4.3222476567e-14
2.6544189453e+02 8.3606387460e-14 4.0484336396e-14 4.3122051065e-14
2.6550292969e+02 8.3476037314e-14 4.0422745489e-14 4.3053291825e-14
2.6556396484e+02 8.3399320487e-14 4.0381101582e-14 4.3018218905e-14
2.6562500000e+02 8.3373327884e-14 4.0362447463e-14 4.3010880421e-14
2.6568603516e+02 8.3374325049e-14 4.0350838566e-14 4.3023486483e-14
2.6574707031e+02 8.3375342143e-14 4.0321434452e-14 4.3053907691e-14
2.6580810547e+02 8.3359589684e-14 4.0264128819e-14 4.3095460865e-14
2.6586914062e+02 8.3311851019e-14 4.0188620970e-14 4.3123230049e-14
2.6593017578e+02 8.3221174234e-14 4.0112251032e-14 4.3108923202e-14
2.6599121094e+02 8.3098300721e-14 4.0050483760e-14 4.3047816962e-14
2.6605224609e+02 8.2973016710e-14 4.0015880688e-14 4.2957136022e-14
2.6611328125e+02 8.2870189048e-14 4.0014359175e-14 4.2855829873e-14
2.6617431641e+02 8.2796606951e-14 4.0038635758e-14 4.2757971192e-14
2.6623535156e+02 8.2746224979e-14 4.0070757439e-14 4.2675467539e-14
2.6629638672e+02 8.2709753943e-14 4.0089684170e-14 4.2620069774e-14
2.6635742188e+02 8.2683410052e-14 4.0079406208e-14 4.2604003844e-14
2.6641845703e+02 8.2665008805e-14 4.0036341637e-14 4.2628667168e-14
2.6647949219e+02 8.2634594051e-14 3.9965172940e-14 4.2669421111e-14
2.6654052734e+02 8.2555466144e-14 3.9874383786e-14 4.2681082358e-14
2.6660156250e+02 8.2409629483e-14 3.9783485277e-14 4.2626144206e-14
2.6666259766e+02 8.2225168429e-14 3.9719235285e-14 4.2505933144e-14
2.6672363281e+02 8.2060922442e-14 3.9697377610e-14 4.2363544833e-14
2.6678466797e+02 8.1959843597e-14 3.9712574665e-14 4.2247268932e-14
2.6684570312e+02 8.1914497671e-14 3.9739539640e-14 4.2174958031e-14
2.6690673828e+02 8.1879617980e-14 3.9747533891e-14 4.2132084089e-14
2.6696777344e+02 8.1819486333e-14 3.9728188432e-14 4.2091297901e-14
2.6702880859e+02 8.1747200356e-14 3.9707514976e-14 4.2039685380e-14
2.6708984375e+02 8.1709778376e-14 3.9718883092e-14 4.1990895284e-14
2.6715087891e+02 8.1726112929e-14 3.9763553614e-14 4.1962559314e-14
2.6721191406e+02 8.1765027083e-14 3.9811052016e-14 4.1953975067e-14
2.6727294922e+02 8.1788036420e-14 3.9833926449e-14 4.1954109971e-14
2.6733398438e+02 8.1770786883e-14 3.9819776896e-14 4.1951009987e-14
2.6739501953e+02 8.1687132449e-14 3.9757176223e-14 4.1929956227e-14
2.6745605469e+02 8.1521979297e-14 3.9639787019e-14 4.1882192278e-14
2.6751708984e+02 8.1302174772e-14 3.9488766141e-14 4.1813408630e-14
2.6757812500e+02 8.1086516967e-14 3.9350718923e-14 4.1735798044e-14
2.6763916016e+02 8.0921045162e-14 3.9260158145e-14 4.1660887017e-14
2.6770019531e+02 8.0805664446e-14 3.9210254746e-14 4.1595409700e-14
2.6776123047e+02 8.0700728506e-14 3.9167497281e-14 4.1533231224e-14
2.6782226562e+02 8.0568574833e-14 3.9107474371e-14 4.1461100462e-14
2.6788330078e+02 8.0406780259e-14 3.9033129426e-14 4.1373650833e-14
2.6794433594e+02 8.0234303765e-14 3.8964562226e-14 4.1269741539e-14
2.6800537109e+02 8.0059644327e-14 3.8913960553e-14 4.1145683775e-14
2.6806640625e+02 7.9890223730e-14 3.8878669685e-14 4.1011554045e-14
2.6812744141e+02 7.9760908232e-14 3.8860329038e-14 4.0900579195e-14
2.6818847656e+02 7.9708614400e-14 3.8864690482e-14 4.0843923918e-14
2.6824951172e+02 7.9713844495e-14 3.8872824808e-14 4.0841019688e-14
2.6831054688e+02 7.9705849129e-14 3.8848061856e-14 4.0857787273e-14
2.6837158203e+02 7.9639176166e-14 3.8784691532e-14 4.0854484634e-14
2.6843261719e+02 7.9539042228e-14 3.8716116087e-14 4.0822926141e-14
2.6849365234e+02 7.9460374576e-14 3.8666760525e-14 4.0793614051e-14
2.6855468750e+02 7.9429063268e-14 3.8627075900e-14 4.0801987367e-14
2.6861572266e+02 7.9437651251e-14 3.8585220577e-14 4.0852430674e-14
2.6867675781e+02 7.9469317305e-14 3.8558890974e-14 4.0910426331e-14
2.6873779297e+02 7.9502956408e-14 3.8578283285e-14 4.0924673123e-14
2.6879882812e+02 7.9512369831e-14 3.8643267823e-14 4.0869102008e-14
2.6885986328e+02 7.9477657514e-14 3.8708207271e-14 4.0769450244e-14
2.6892089844e+02 7.9389273964e-14 3.8714709800e-14 4.0674564163e-14
2.6898193359e+02 7.9241730255e-14 3.8642363084e-14 4.0599367172e-14
2.6904296875e+02 7.9036997403e-14 3.8521429387e-14 4.0515568015e-14
2.6910400391e+02 7.8794735546e-14 3.8396240685e-14 4.0398494861e-14
2.6916503906e+02 7.8556946620e-14 3.8297428712e-14 4.0259517907e-14
2.6922607422e+02 7.8375372699e-14 3.8245143023e-14 4.0130229675e-14
2.6928710938e+02 7.8275860043e-14 3.8241638869e-14 4.0034221174e-14
2.6934814453e+02 7.8234623572e-14 3.8258409145e-14 3.9976214427e-14
2.6940917969e+02 7.8204111667e-14 3.8258671169e-14 3.9945440498e-14
2.6947021484e+02 7.8158368530e-14 3.8231429880e-14 3.9926938650e-14
2.6953125000e+02 7.8103173095e-14 3.8189357391e-14 3.9913815703e-14
2.6959228516e+02 7.8052754192e-14 3.8143249237e-14 3.9909504955e-14
2.6965332031e+02 7.8010094789e-14 3.8091988382e-14 3.9918106407e-14
2.6971435547e+02 7.7966231137e-14 3.8033931431e-14 3.9932299706e-14
2.6977539062e+02 7.7908951330e-14 3.7976668912e-14 3.9932282418e-14
2.6983642578e+02 7.7835749285e-14 3.7931713309e-14 3.9904035976e-14
2.6989746094e+02 7.7765814259e-14 3.7907555459e-14 3.9858258800e-14
2.6995849609e+02 7.7724121920e-14 3.7908128807e-14 3.9815993113e-14
2.7001953125e+02 7.7701456613e-14 3.7925804620e-14 3.9775651992e-14
2.7008056641e+02 7.7653134591e-14 3.7937241684e-14 3.9715892907e-14
2.7014160156e+02 7.7550563900e-14 3.7918712476e-14 3.9631851424e-14
2.7020263672e+02 7.7406501383e-14 3.7862715026e-14 3.9543786357e-14
2.7026367188e+02 7.7244244348e-14 3.7776053029e-14 3.9468191319e-14
2.7032470703e+02 7.7077875514e-14 3.7675441102e-14 3.9402434412e-14
2.7038574219e+02 7.6926481278e-14 3.7586832149e-14 3.9339649129e-14
2.7044677734e+02 7.6810550595e-14 3.7529976625e-14 3.9280573969e-14
2.7050781250e+02 7.6721123818e-14 3.7495481544e-14 3.9225642273e-14
2.7056884766e+02 7.6615842116e-14 3.7445966733e-14 3.9169875384e-14
2.7062988281e+02 7.6460901754e-14 3.7350199362e-14 3.9110702392e-14
2.7069091797e+02 7.6271645885e-14 3.7221101984e-14 3.9050543902e-14
2.7075195312e+02 7.6103302198e-14 3.7112637028e-14 3.8990665170e-14
2.7081298828e+02 7.6000820055e-14 3.7070736706e-14 3.8930083348e-14
2.7087402344e+02 7.5970730573e-14 3.7096437174e-14 3.8874293400e-14
2.7093505859e+02 7.5998875469e-14 3.7159688208e-14 3.8839187260e-14
2.7099609375e+02 7.6065318355e-14 3.7228169138e-14 3.8837149216e-14
2.7105712891e+02 7.6141341916e-14 3.7278365447e-14 3.8862976468e-14
2.7111816406e+02 7.6197061901e-14 3.7300059107e-14 3.8897002794e-14
2.7117919922e+02 7.6210631875e-14 3.7294913240e-14 3.8915718636e-14
2.7124023438e+02 7.6169354579e-14 3.7268267234e-14 3.8901087346e-14
2.7130126953e+02 7.6078807010e-14 3.7230810634e-14 3.8847996376e-14
2.7136230469e+02 7.5959985265e-14 3.7195118039e-14 3.8764867225e-14
2.7142333984e+02 7.5819525205e-14 3.7154482993e-14 3.8665042212e-14
2.7148437500e+02 7.5645710669e-14 3.7086271109e-14 3.8559439560e-14
2.7154541016e+02 7.5445414175e-14 3.6987345756e-14 3.8458068419e-14
2.7160644531e+02 7.5255469966e-14 3.6883452712e-14 3.8372017254e-14
2.7166748047e+02 7.5107737887e-14 3.6801736070e-14 3.8306001817e-14
2.7172851562e+02 7.4998817673e-14 3.6751919123e-14 3.8246898550e-14
2.7178955078e+02 7.4898907562e-14 3.6727010191e-14 3.8171897371e-14
2.7185058594e+02 7.4783773303e-14 3.6705664094e-14 3.8078109209e-14
2.7191162109e+02 7.4656458183e-14 3.6665625992e-14 3.7990832192e-14
2.7197265625e+02 7.4542324024e-14 3.6609276501e-14 3.7933047523e-14
2.7203369141e+02 7.4456804873e-14 3.6557298093e-14 3.7899506780e-14
2.7209472656e+02 7.4377893568e-14 3.6512492212e-14 3.7865401356e-14
2.7215576172e+02 7.4276366014e-14 3.6462702518e-14 3.7813663496e-14
2.7221679688e+02 7.4172982822e-14 3.6416572157e-14 3.7756410665e-14
2.7227783203e+02 7.4123683869e-14 3.6399947621e-14 3.7723736248e-14
2.7233886719e+02 7.4141625947e-14 3.6422984282e-14 3.7718641664e-14
2.7239990234e+02 7.4169936713e-14 3.6468173817e-14 3.7701762896e-14
2.7246093750e+02 7.4137909840e-14 3.6498402464e-14 3.7639507377e-14
2.7252197266e+02 7.4023479572e-14 3.6481079834e-14 3.7542399738e-14
2.7258300781e+02 7.3861424774e-14 3.6417589859e-14 3.7443834915e-14
2.7264404297e+02 7.3701486160e-14 3.6335678077e-14 3.7365808083e-14
2.7270507812e+02 7.3560151860e-14 3.6251065393e-14 3.7309086467e-14
2.7276611328e+02 7.3418971029e-14 3.6158191399e-14 3.7260779629e-14
2.7282714844e+02 7.3268510582e-14 3.6058910817e-14 3.7209599765e-14
2.7288818359e+02 7.3130511251e-14 3.5974102298e-14 3.7156408953e-14
2.7294921875e+02 7.3028478447e-14 3.5918466557e-14 3.7110011890e-14
2.7301025391e+02 7.2959647955e-14 3.5886206748e-14 3.7073441207e-14
2.7307128906e+02 7.2901890308e-14 3.5867234418e-14 3.7034655890e-14
2.7313232422e+02 7.2832905379e-14 3.5856310040e-14 3.6976595339e-14
2.7319335938e+02 7.2747007896e-14 3.5845122565e-14 3.6901885331e-14
2.7325439453e+02 7.2660426047e-14 3.5822567929e-14 3.6837858119e-14
2.7331542969e+02 7.2590319282e-14 3.5783945405e-14 3.6806373876e-14
2.7337646484e+02 7.2526936409e-14 3.5730757199e-14 3.6796179209e-14
2.7343750000e+02 7.2442231422e-14 3.5669842969e-14 3.6772388453e-14
2.7349853516e+02 7.2333436952e-14 3.5621093243e-14 3.6712343710e-14
2.7355957031e+02 7.2237083369e-14 3.5606828326e-14 3.6630255043e-14
2.7362060547e+02 7.2182428965e-14 3.5625240890e-14 3.6557188075e-14
2.7368164062e+02 7.2148936463e-14 3.5649214971e-14 3.6499721491e-14
2.7374267578e+02 7.2091696949e-14 3.5652887166e-14 3.6438809784e-14
2.7380371094e+02 7.1999262961e-14 3.5634110056e-14 3.6365152905e-14
2.7386474609e+02 7.1901443457e-14 3.5610151946e-14 3.6291291511e-14
2.7392578125e+02 7.1819599031e-14 3.5590522379e-14 3.6229076652e-14
2.7398681641e+02 7.1740068539e-14 3.5565860260e-14 3.6174208279e-14
2.7404785156e+02 7.1650547890e-14 3.5530938921e-14 3.6119608969e-14
2.7410888672e+02 7.1566167957e-14 3.5496447967e-14 3.6069719990e-14
2.7416992188e+02 7.1489128217e-14 3.5463152268e-14 3.6025975949e-14
2.7423095703e+02 7.1375364423e-14 3.5404368511e-14 3.5970995912e-14
2.7429199219e+02 7.1184400840e-14 3.5295004794e-14 3.5889396046e-14
2.7435302734e+02 7.0945644273e-14 3.5153821373e-14 3.5791822900e-14
2.7441406250e+02 7.0736645686e-14 3.5038097240e-14 3.5698548446e-14
2.7447509766e+02 7.0603343494e-14 3.4987746957e-14 3.5615596537e-14
2.7453613281e+02 7.0533394985e-14 3.4989023517e-14 3.5544371468e-14
2.7459716797e+02 7.0498704518e-14 3.5001677991e-14 3.5497026527e-14
2.7465820312e+02 7.0487720459e-14 3.5005376162e-14 3.5482344297e-14
2.7471923828e+02 7.0498741449e-14 3.5011003935e-14 3.5487737513e-14
2.7478027344e+02 7.0528669235e-14 3.5036251118e-14 3.5492418116e-14
2.7484130859e+02 7.0566865557e-14 3.5076274986e-14 3.5490590571e-14
2.7490234375e+02 7.0590997898e-14 3.5102984440e-14 3.5488013459e-14
2.7496337891e+02 7.0576708665e-14 3.5094859085e-14 3.5481849580e-14
2.7502441406e+02 7.0517878916e-14 3.5058922954e-14 3.5458955962e-14
2.7508544922e+02 7.0439834303e-14 3.5022127130e-14 3.5417707173e-14
2.7514648438e+02 7.0386135698e-14 3.5005841164e-14 3.5380294534e-14
2.7520751953e+02 7.0369095136e-14 3.4999559196e-14 3.5369535941e-14
2.7526855469e+02 7.0337422668e-14 3.4961328425e-14 3.5376094243e-14
2.7532958984e+02 7.0232818017e-14 3.4868462575e-14 3.5364355442e-14
2.7539062500e+02 7.0068508383e-14 3.4758303905e-14 3.5310204478e-14
2.7545166016e+02 6.9904686953e-14 3.4686839299e-14 3.5217847654e-14
2.7551269531e+02 6.9768502400e-14 3.4662863967e-14 3.5105638433e-14
2.7557373047e+02 6.9645761672e-14 3.4651453086e-14 3.4994308586e-14
2.7563476562e+02 6.9532412408e-14 3.4626910202e-14 3.4905502206e-14
2.7569580078e+02 6.9457587468e-14 3.4599130969e-14 3.4858456499e-14
2.7575683594e+02 6.9454201778e-14 3.4591067113e-14 3.4863134666e-14
2.7581787109e+02 6.9515324663e-14 3.4604286140e-14 3.4911038523e-14
2.7587890625e+02 6.9586741101e-14 3.4616778527e-14 3.4969962574e-14
2.7593994141e+02 6.9607153359e-14 3.4610274915e-14 3.4996878444e-14
2.7600097656e+02 6.9555079726e-14 3.4585826486e-14 3.4969253240e-14
2.7606201172e+02 6.9457325993e-14 3.4553365100e-14 3.4903960893e-14
2.7612304688e+02 6.9356910250e-14 3.4522250346e-14 3.4834659905e-14
2.7618408203e+02 6.9283538361e-14 3.4506467126e-14 3.4777071235e-14
2.7624511719e+02 6.9247464526e-14 3.4517599432e-14 3.4729865094e-14
2.7630615234e+02 6.9237830487e-14 3.4542668974e-14 3.4695161513e-14
2.7636718750e+02 6.9228324205e-14 3.4551947177e-14 3.4676377028e-14
2.7642822266e+02 6.9195543030e-14 3.4534035600e-14 3.4661507430e-14
2.7648925781e+02 6.9134337204e-14 3.4502199285e-14 3.4632137920e-14
2.7655029297e+02 6.9060698161e-14 3.4469197257e-14 3.4591500904e-14
2.7661132812e+02 6.8997247583e-14 3.4436729133e-14 3.4560518450e-14
2.7667236328e+02 6.8949905069e-14 3.4405195006e-14 3.4544710063e-14
2.7673339844e+02 6.8897824585e-14 3.4373003601e-14 3.4524820984e-14
2.7679443359e+02 6.8808682005e-14 3.4328576047e-14 3.4480105958e-14
2.7685546875e+02 6.8674335542e-14 3.4262447814e-14 3.4411887727e-14
2.7691650391e+02 6.8531010622e-14 3.4187737074e-14 3.4343273548e-14
2.7697753906e+02 6.8426824427e-14 3.4132202053e-14 3.4294622374e-14
2.7703857422e+02 6.8373639864e-14 3.4108375246e-14 3.4265264617e-14
2.7709960938e+02 6.8348992946e-14 3.4105287323e-14 3.4243705623e-14
2.7716064453e+02 6.8330625582e-14 3.4109108587e-14 3.4221516995e-14
2.7722167969e+02 6.8305716572e-14 3.4113065099e-14 3.4192651473e-14
2.7728271484e+02 6.8256684180e-14 3.4104134967e-14 3.4152549214e-14
2.7734375000e+02 6.8159657052e-14 3.4061338092e-14 3.4098318960e-14
2.7740478516e+02 6.8006973022e-14 3.3979268884e-14 3.4027704137e-14
2.7746582031e+02 6.7833198536e-14 3.3886240783e-14 3.3946957754e-14
2.7752685547e+02 6.7701906864e-14 3.3825527353e-14 3.3876379511e-14
2.7758789062e+02 6.7649162434e-14 3.3815285815e-14 3.3833876619e-14
2.7764892578e+02 6.7651561154e-14 3.3836287255e-14 3.3815273899e-14
2.7770996094e+02 6.7658007817e-14 3.3855995633e-14 3.3802012184e-14
2.7777099609e+02 6.7637301594e-14 3.3856321558e-14 3.3780980036e-14
2.7783203125e+02 6.7588498524e-14 3.3842322122e-14 3.3746176402e-14
2.7789306641e+02 6.7520630441e-14 3.3827036222e-14 3.3693594218e-14
2.7795410156e+02 6.7437416918e-14 3.3811559530e-14 3.3625857388e-14
2.7801513672e+02 6.7337920157e-14 3.3786352900e-14 3.3551567258e-14
2.7807617188e+02 6.7225107847e-14 3.3748594532e-14 3.3476513315e-14
2.7813720703e+02 6.7114540710e-14 3.3710459813e-14 3.3404080897e-14
2.7819824219e+02 6.7025552903e-14 3.3685772698e-14 3.3339780204e-14
2.7825927734e+02 6.6961297079e-14 3.3673563011e-14 3.3287734068e-14
2.7832031250e+02 6.6913246085e-14 3.3661418379e-14 3.3251827706e-14
2.7838134766e+02 6.6880364840e-14 3.3638217068e-14 3.3242147772e-14
2.7844238281e+02 6.6863271769e-14 3.3599135744e-14 3.3264136025e-14
2.7850341797e+02 6.6850538643e-14 3.3546460214e-14 3.3304078429e-14
2.7856445312e+02 6.6829316577e-14 3.3491947340e-14 3.3337369237e-14
2.7862548828e+02 6.6795623708e-14 3.3453669097e-14 3.3341954611e-14
2.7868652344e+02 6.6749740561e-14 3.3441672083e-14 3.3308068477e-14
2.7874755859e+02 6.6696584321e-14 3.3447486774e-14 3.3249097547e-14
2.7880859375e+02 6.6644963450e-14 3.3453745404e-14 3.3191218046e-14
2.7886962891e+02 6.6600381003e-14 3.3450261562e-14 3.3150119441e-14
2.7893066406e+02 6.6562292788e-14 3.3437144343e-14 3.3125148444e-14
2.7899169922e+02 6.6521844159e-14 3.3420090218e-14 3.3101753941e-14
2.7905273438e+02 6.6462461164e-14 3.3404191363e-14 3.3058269801e-14
2.7911376953e+02 6.6374212233e-14 3.3387714052e-14 3.2986498182e-14
2.7917480469e+02 6.6268475021e-14 3.3365901605e-14 3.2902573415e-14
2.7923583984e+02 6.6169495597e-14 3.3339947446e-14 3.2829548151e-14
2.7929687500e+02 6.6095780437e-14 3.3317794988e-14 3.2777985449e-14
2.7935791016e+02 6.6056864439e-14 3.3308690956e-14 3.2748173483e-14
2.7941894531e+02 6.6050998453e-14 3.3312380657e-14 3.2738617796e-14
2.7947998047e+02 6.6060934338e-14 3.3314357215e-14 3.2746577123e-14
2.7954101562e+02 6.6071798037e-14 3.3304702090e-14 3.2767095947e-14
2.7960205078e+02 6.6083605664e-14 3.3292691415e-14 3.2790914249e-14
2.7966308594e+02 6.6092212585e-14 3.3286346754e-14 3.2805865830e-14
2.7972412109e+02 6.6081663426e-14 3.3273292296e-14 3.2808371130e-14
2.7978515625e+02 6.6045036060e-14 3.3241469227e-14 3.2803566833e-14
2.7984619141e+02 6.5990755793e-14 3.3203994743e-14 3.2786761050e-14
2.7990722656e+02 6.5926352417e-14 3.3183685876e-14 3.2742666540e-14
2.7996826172e+02 6.5855108992e-14 3.3184327840e-14 3.2670781152e-14
2.8002929688e+02 6.5786100830e-14 3.3190982168e-14 3.2595118663e-14
2.8009033203e+02 6.5729629614e-14 3.3188041001e-14 3.2541588614e-14
2.8015136719e+02 6.5684114271e-14 3.3168847521e-14 3.2515266750e-14
2.8021240234e+02 6.5641629259e-14 3.3134308117e-14 3.2507321141e-14
2.8027343750e+02 6.5604605517e-14 3.3089219215e-14 3.2515386301e-14
2.8033447266e+02 6.5584567455e-14 3.3043656744e-14 3.2540910710e-14
2.8039550781e+02 6.5583207052e-14 3.3012397291e-14 3.2570809761e-14
2.8045654297e+02 6.5583361663e-14 3.3003250549e-14 3.2580111114e-14
2.8051757812e+02 6.5567443549e-14 3.3008415452e-14 3.2559028097e-14
2.8057861328e+02 6.5543552098e-14 3.3014437586e-14 3.2529114512e-14
2.8063964844e+02 6.5540115721e-14 3.3021013634e-14 3.2519102087e-14
2.8070068359e+02 6.5567431759e-14 3.3041153992e-14 3.2526277766e-14
2.8076171875e+02 6.5594878345e-14 3.3075369437e-14 3.2519508908e-14
2.8082275391e+02 6.5577133127e-14 3.3097485547e-14 3.2479647581e-14
2.8088378906e+02 6.5498624580e-14 3.3080701067e-14 3.2417923513e-14
2.8094482422e+02 6.5389994818e-14 3.3033581086e-14 3.2356413733e-14
2.8100585938e+02 6.5306583209e-14 3.2996409543e-14 3.2310173666e-14
2.8106689453e+02 6.5284746711e-14 3.2995137358e-14 3.2289609353e-14
2.8112792969e+02 6.5311488921e-14 3.3010867670e-14 3.2300621252e-14
2.8118896484e+02 6.5346371404e-14 3.3010705443e-14 3.2335665961e-14
2.8125000000e+02 6.5374278942e-14 3.2995905195e-14 3.2378373748e-14
2.8131103516e+02 6.5416210063e-14 3.2997308781e-14 3.2418901281e-14
2.8137207031e+02 6.5484157327e-14 3.3029244826e-14 3.2454912502e-14
2.8143310547e+02 6.5544550871e-14 3.3065608704e-14 3.2478942167e-14
2.8149414062e+02 6.5543670014e-14 3.3068205253e-14 3.2475464762e-14
2.8155517578e+02 6.5470115918e-14 3.3031801461e-14 3.2438314457e-14
2.8161621094e+02 6.5373008640e-14 3.2987895936e-14 3.2385112704e-14
2.8167724609e+02 6.5310457224e-14 3.2965677559e-14 3.2344779665e-14
2.8173828125e+02 6.5298191421e-14 3.2963861140e-14 3.2334330281e-14
2.8179931641e+02 6.5314299460e-14 3.2963072394e-14 3.2351227067e-14
2.8186035156e+02 6.5334943152e-14 3.2954674706e-14 3.2380268447e-14
2.8192138672e+02 6.5354930999e-14 3.2952387317e-14 3.2402543681e-14
2.8198242188e+02 6.5378769396e-14 3.2974980865e-14 3.2403788531e-14
2.8204345703e+02 6.5399898671e-14 3.3015796127e-14 3.2384102544e-14
2.8210449219e+02 6.5398203781e-14 3.3041148025e-14 3.2357055756e-14
2.8216552734e+02 6.5360083766e-14 3.3028078961e-14 3.2332004804e-14
2.8222656250e+02 6.5295119324e-14 3.2986150523e-14 3.2308968801e-14
2.8228759766e+02 6.5229312110e-14 3.2934382055e-14 3.2294930055e-14
2.8234863281e+02 6.5182639462e-14 3.2880848746e-14 3.2301790715e-14
2.8240966797e+02 6.5157011153e-14 3.2833822797e-14 3.2323188356e-14
2.8247070312e+02 6.5148245398e-14 3.2810670755e-14 3.2337574644e-14
2.8253173828e+02 6.5160770450e-14 3.2822086132e-14 3.2338684318e-14
2.8259277344e+02 6.5196682290e-14 3.2854395554e-14 3.2342286736e-14
2.8265380859e+02 6.5237666757e-14 3.2877093734e-14 3.2360573023e-14
2.8271484375e+02 6.5258889602e-14 3.2872407428e-14 3.2386482174e-14
2.8277587891e+02 6.5260770976e-14 3.2854888537e-14 3.2405882439e-14
2.8283691406e+02 6.5271917821e-14 3.2855459786e-14 3.2416458035e-14
2.8289794922e+02 6.5311920646e-14 3.2885156474e-14 3.2426764172e-14
2.8295898438e+02 6.5357284111e-14 3.2920272569e-14 3.2437011541e-14
2.8302001953e+02 6.5364905195e-14 3.2929903657e-14 3.2435001538e-14
2.8308105469e+02 6.5332314006e-14 3.2917731039e-14 3.2414582967e-14
2.8314208984e+02 6.5306466577e-14 3.2921287484e-14 3.2385179093e-14
2.8320312500e+02 6.5325691976e-14 3.2964161454e-14 3.2361530521e-14
2.8326416016e+02 6.5378980969e-14 3.3029194936e-14 3.2349786033e-14
2.8332519531e+02 6.5428301276e-14 3.3082920108e-14 3.2345381168e-14
2.8338623047e+02 6.5456883361e-14 3.3107073514e-14 3.2349809847e-14
2.8344726562e+02 6.5482413429e-14 3.3100101324e-14 3.2382312105e-14
2.8350830078e+02 6.5516430150e-14 3.3061613750e-14 3.2454816401e-14
2.8356933594e+02 6.5534759945e-14 3.2996317546e-14 3.2538442399e-14
2.8363037109e+02 6.5510071832e-14 3.2931490709e-14 3.2578581123e-14
2.8369140625e+02 6.5454485139e-14 3.2903501341e-14 3.2550983797e-14
2.8375244141e+02 6.5406830036e-14 3.2920194186e-14 3.2486635849e-14
2.8381347656e+02 6.5387937607e-14 3.2955765357e-14 3.2432172250e-14
2.8387451172e+02 6.5387390170e-14 3.2983941967e-14 3.2403448203e-14
2.8393554688e+02 6.5383319756e-14 3.2997014037e-14 3.2386305719e-14
2.8399658203e+02 6.5360401357e-14 3.2996994719e-14 3.2363406638e-14
2.8405761719e+02 6.5325225325e-14 3.2992054076e-14 3.2333171250e-14
2.8411865234e+02 6.5310943082e-14 3.2997141208e-14 3.2313801874e-14
2.8417968750e+02 6.5343613173e-14 3.3016078640e-14 3.2327534533e-14
2.8424072266e+02 6.5404417898e-14 3.3028016166e-14 3.2376401733e-14
2.8430175781e+02 6.5445784219e-14 3.3008028171e-14 3.2437756048e-14
2.8436279297e+02 6.5437364613e-14 3.2955222563e-14 3.2482142050e-14
2.8442382812e+02 6.5381809928e-14 3.2888939366e-14 3.2492870562e-14
2.8448486328e+02 6.5299716803e-14 3.2826574166e-14 3.2473142637e-14
2.8454589844e+02 6.5217683260e-14 3.2780612315e-14 3.2437070945e-14
2.8460693359e+02 6.5164489670e-14 3.2767191611e-14 3.2397298059e-14
2.8466796875e+02 6.5161485776e-14 3.2795654524e-14 3.2365831252e-14
2.8472900391e+02 6.5208114021e-14 3.2853008896e-14 3.2355105125e-14
2.8479003906e+02 6.5277626837e-14 3.2911765031e-14 3.2365861806e-14
2.8485107422e+02 6.5334986069e-14 3.2950603634e-14 3.2384382435e-14
2.8491210938e+02 6.5365305149e-14 3.2967851703e-14 3.2397453446e-14
2.8497314453e+02 6.5382172294e-14 3.2982393683e-14 3.2399778611e-14
2.8503417969e+02 6.5409279033e-14 3.3017127281e-14 3.2392151752e-14
2.8509521484e+02 6.5460568112e-14 3.3077021041e-14 3.2383547072e-14
2.8515625000e+02 6.5529496217e-14 3.3144886062e-14 3.2384610155e-14
2.8521728516e+02 6.5585577408e-14 3.3193076324e-14 3.2392501084e-14
2.8527832031e+02 6.5594719657e-14 3.3200812813e-14 3.2393906845e-14
2.8533935547e+02 6.5551587649e-14 3.3167770755e-14 3.2383816893e-14
2.8540039062e+02 6.5478008595e-14 3.3110063441e-14 3.2367945154e-14
2.8546142578e+02 6.5391490755e-14 3.3044990857e-14 3.2346499898e-14
2.8552246094e+02 6.5295254164e-14 3.2983502901e-14 3.2311751263e-14
2.8558349609e+02 6.5203486993e-14 3.2932801971e-14 3.2270685022e-14
2.8564453125e+02 6.5153406556e-14 3.2895741513e-14 3.2257665043e-14
2.8570556641e+02 6.5168771913e-14 3.2866215071e-14 3.2302556842e-14
2.8576660156e+02 6.5222110959e-14 3.2837782301e-14 3.2384328657e-14
2.8582763672e+02 6.5262491911e-14 3.2820035750e-14 3.2442456161e-14
2.8588867188e+02 6.5278265986e-14 3.2833569292e-14 3.2444696694e-14
2.8594970703e+02 6.5297618052e-14 3.2880991619e-14 3.2416626433e-14
2.8601074219e+02 6.5327709033e-14 3.2932808755e-14 3.2394900278e-14
2.8607177734e+02 6.5340239230e-14 3.2958108104e-14 3.2382131127e-14
2.8613281250e+02 6.5319136593e-14 3.2958020551e-14 3.2361116042e-14
2.8619384766e+02 6.5275241256e-14 3.2946687752e-14 3.2328553503e-14
2.8625488281e+02 6.5218671895e-14 3.2922159511e-14 3.2296512384e-14
2.8631591797e+02 6.5154636947e-14 3.2882741764e-14 3.2271895183e-14
2.8637695312e+02 6.5094597599e-14 3.2845384812e-14 3.2249212788e-14
2.8643798828e+02 6.5051042340e-14 3.2829457504e-14 3.2221584836e-14
2.8649902344e+02 6.5031999695e-14 3.2841124952e-14 3.2190874743e-14
2.8656005859e+02 6.5035998499e-14 3.2872790156e-14 3.2163208344e-14
2.8662109375e+02 6.5045952299e-14 3.2906205840e-14 3.2139746459e-14
2.8668212891e+02 6.5047670065e-14 3.2925299627e-14 3.2122370438e-14
2.8674316406e+02 6.5051026343e-14 3.2928737021e-14 3.2122289322e-14
2.8680419922e+02 6.5072817065e-14 3.2923459657e-14 3.2149357408e-14
2.8686523438e+02 6.5112593044e-14 3.2914691338e-14 3.2197901707e-14
2.8692626953e+02 6.5156118035e-14 3.2907962339e-14 3.2248155697e-14
2.8698730469e+02 6.5186009501e-14 3.2909360097e-14 3.2276649403e-14
2.8704833984e+02 6.5191628738e-14 3.2919777984e-14 3.2271850754e-14
2.8710937500e+02 6.5181549552e-14 3.2934274887e-14 3.2247274664e-14
2.8717041016e+02 6.5179034430e-14 3.2948142345e-14 3.2230892085e-14
2.8723144531e+02 6.5198885217e-14 3.2961816038e-14 3.2237069179e-14
2.8729248047e+02 6.5235200017e-14 3.2977534275e-14 3.2257665742e-14
2.8735351562e+02 6.5274490502e-14 3.2994710857e-14 3.2279779645e-14
2.8741455078e+02 6.5311922346e-14 3.3013829263e-14 3.2298093084e-14
2.8747558594e+02 6.5350950449e-14 3.3038868967e-14 3.2312081482e-14
2.8753662109e+02 6.5388058585e-14 3.3065568486e-14 3.2322490099e-14
2.8759765625e+02 6.5396992592e-14 3.3070882064e-14 3.2326110528e-14
2.8765869141e+02 6.5344735991e-14 3.3028607785e-14 3.2316128206e-14
2.8771972656e+02 6.5231926766e-14 3.2936971255e-14 3.2294955512e-14
2.8778076172e+02 6.5095405753e-14 3.2820236687e-14 3.2275169065e-14
2.8784179688e+02 6.4968983805e-14 3.2707321567e-14 3.2261662238e-14
2.8790283203e+02 6.4862367439e-14 3.2619875361e-14 3.2242492078e-14
2.8796386719e+02 6.4776641520e-14 3.2572607150e-14 3.2204034370e-14
2.8802490234e+02 6.4722978050e-14 3.2568641385e-14 3.2154336665e-14
2.8808593750e+02 6.4713087681e-14 3.2590348542e-14 3.2122739140e-14
2.8814697266e+02 6.4735490457e-14 3.2605087327e-14 3.2130403130e-14
2.8820800781e+02 6.4762256285e-14 3.2595535041e-14 3.2166721243e-14
2.8826904297e+02 6.4784489464e-14 3.2582517570e-14 3.2201971895e-14
2.8833007812e+02 6.4822095673e-14 3.2601773504e-14 3.2220322169e-14
2.8839111328e+02 6.4889371077e-14 3.2660411961e-14 3.2228959116e-14
2.8845214844e+02 6.4967318276e-14 3.2731277127e-14 3.2236041149e-14
2.8851318359e+02 6.5023368166e-14 3.2785343240e-14 3.2238024925e-14
2.8857421875e+02 6.5049457649e-14 3.2816233221e-14 3.2233224428e-14
2.8863525391e+02 6.5069649709e-14 3.2838563635e-14 3.2231086073e-14
2.8869628906e+02 6.5110255624e-14 3.2870965796e-14 3.2239289829e-14
2.8875732422e+02 6.5169219812e-14 3.2916692625e-14 3.2252527187e-14
2.8881835938e+02 6.5220533267e-14 3.2960924040e-14 3.2259609226e-14
2.8887939453e+02 6.5239330016e-14 3.2986194640e-14 3.2253135376e-14
2.8894042969e+02 6.5217197077e-14 3.2982485493e-14 3.2234711584e-14
2.8900146484e+02 6.5165796500e-14 3.2950078571e-14 3.2215717930e-14
2.8906250000e+02 6.5110253175e-14 3.2904451611e-14 3.2205801564e-14
2.8912353516e+02 6.5072494513e-14 3.2869931027e-14 3.2202563487e-14
2.8918457031e+02 6.5061028324e-14 3.2860604280e-14 3.2200424043e-14
2.8924560547e+02 6.5075404626e-14 3.2870922954e-14 3.2204481672e-14
2.8930664062e+02 6.5103612012e-14 3.2882676987e-14 3.2220935024e-14
2.8936767578e+02 6.5114301938e-14 3.2879033120e-14 3.2235268819e-14
2.8942871094e+02 6.5082479113e-14 3.2856324186e-14 3.2226154927e-14
2.8948974609e+02 6.5023773644e-14 3.2821135260e-14 3.2202638384e-14
2.8955078125e+02 6.4970435959e-14 3.2775744347e-14 3.2194691612e-14
2.8961181641e+02 6.4925875100e-14 3.2717835007e-14 3.2208040093e-14
2.8967285156e+02 6.4879805003e-14 3.2658199069e-14 3.2221605934e-14
2.8973388672e+02 6.4844329848e-14 3.2621358718e-14 3.2222971130e-14
2.8979492188e+02 6.4835393034e-14 3.2618126792e-14 3.2217266243e-14
2.8985595703e+02 6.4843332849e-14 3.2632956891e-14 3.2210375958e-14
2.8991699219e+02 6.4848632383e-14 3.2647549963e-14 3.2201082420e-14
2.8997802734e+02 6.4842390041e-14 3.2660088013e-14 3.2182302028e-14
2.9003906250e+02 6.4823375523e-14 3.2675187632e-14 3.2148187890e-14
2.9010009766e+02 6.4793157534e-14 3.2689128893e-14 3.2104028641e-14
2.9016113281e+02 6.4754451682e-14 3.2689453674e-14 3.2064998008e-14
2.9022216797e+02 6.4717102979e-14 3.2670414492e-14 3.2046688487e-14
2.9028320312e+02 6.4704358447e-14 3.2648724849e-14 3.2055633598e-14
2.9034423828e+02 6.4729778253e-14 3.2648222693e-14 3.2081555560e-14
2.9040527344e+02 6.4770403577e-14 3.2668572999e-14 3.2101830578e-14
2.9046630859e+02 6.4789255332e-14 3.2690540868e-14 3.2098714465e-14
2.9052734375e+02 6.4775937932e-14 3.2704062184e-14 3.2071875748e-14
2.9058837891e+02 6.4744361564e-14 3.2707901036e-14 3.2036460528e-14
2.9064941406e+02 6.4708361833e-14 3.2697253029e-14 3.2011108805e-14
2.9071044922e+02 6.4675659143e-14 3.2671525271e-14 3.2004133872e-14
2.9077148438e+02 6.4650303241e-14 3.2644652130e-14 3.2005651111e-14
2.9083251953e+02 6.4634765857e-14 3.2639929927e-14 3.1994835930e-14
2.9089355469e+02 6.4636002729e-14 3.2672884287e-14 3.1963118442e-14
2.9095458984e+02 6.4659528203e-14 3.2731953094e-14 3.1927575109e-14
2.9101562500e+02 6.4689467280e-14 3.2777254792e-14 3.1912212488e-14
2.9107666016e+02 6.4694089517e-14 3.2772047790e-14 3.1922041726e-14
2.9113769531e+02 6.4660817737e-14 3.2719795892e-14 3.1941021845e-14
2.9119873047e+02 6.4605450427e-14 3.2658666488e-14 3.1946783940e-14
2.9125976562e+02 6.4546419416e-14 3.2621026400e-14 3.1925393016e-14
2.9132080078e+02 6.4495320386e-14 3.2614000471e-14 3.1881319915e-14
2.9138183594e+02 6.4468782556e-14 3.2629086987e-14 3.1839695569e-14
2.9144287109e+02 6.4477449564e-14 3.2648445221e-14 3.1829004343e-14
2.9150390625e+02 6.4498691564e-14 3.2650254410e-14 3.1848437154e-14
2.9156494141e+02 6.4486389308e-14 3.2624382735e-14 3.1862006573e-14
2.9162597656e+02 6.4417327302e-14 3.2580632682e-14 3.1836694620e-14
2.9168701172e+02 6.4314196642e-14 3.2535703360e-14 3.1778493282e-14
2.9174804688e+02 6.4219581434e-14 3.2494765462e-14 3.1724815973e-14
2.9180908203e+02 6.4156049548e-14 3.2452245256e-14 3.1703804291e-14
2.9187011719e+02 6.4114072025e-14 3.2408334282e-14 3.1705737744e-14
2.9193115234e+02 6.4070691831e-14 3.2370111386e-14 3.1700580445e-14
2.9199218750e+02 6.4008368158e-14 3.2332976304e-14 3.1675391855e-14
2.9205322266e+02 6.3922166933e-14 3.2280812731e-14 3.1641354202e-14
2.9211425781e+02 6.3827962676e-14 3.2214226449e-14 3.1613736227e-14
2.9217529297e+02 6.3765059374e-14 3.2164810273e-14 3.1600249101e-14
2.9223632812e+02 6.3768652910e-14 3.2169313492e-14 3.1599339419e-14
2.9229736328e+02 6.3828868382e-14 3.2232242987e-14 3.1596625395e-14
2.9235839844e+02 6.3896323095e-14 3.2322694916e-14 3.1573628179e-14
2.9241943359e+02 6.3934420236e-14 3.2403918407e-14 3.1530501830e-14
2.9248046875e+02 6.3950353252e-14 3.2455381934e-14 3.1494971318e-14
2.9254150391e+02 6.3973997934e-14 3.2471366479e-14 3.1502631455e-14
2.9260253906e+02 6.4016549962e-14 3.2454335064e-14 3.1562214898e-14
2.9266357422e+02 6.4055592895e-14 3.2417417758e-14 3.1638175137e-14
2.9272460938e+02 6.4059817612e-14 3.2381794704e-14 3.1678022908e-14
2.9278564453e+02 6.4019620315e-14 3.2358659642e-14 3.1660960673e-14
2.9284667969e+02 6.3947223514e-14 3.2339429481e-14 3.1607794033e-14
2.9290771484e+02 6.3859073077e-14 3.2311139733e-14 3.1547933345e-14
2.9296875000e+02 6.3777296980e-14 3.2277496008e-14 3.1499800972e-14
2.9302978516e+02 6.3733395161e-14 3.2257958538e-14 3.1475436623e-14
2.9309082031e+02 6.3736897082e-14 3.2264515926e-14 3.1472381157e-14
2.9315185547e+02 6.3749428999e-14 3.2285204444e-14 3.1464224555e-14
2.9321289062e+02 6.3719492291e-14 3.2295279873e-14 3.1424212418e-14
2.9327392578e+02 6.3637824601e-14 3.2281708067e-14 3.1356116534e-14
2.9333496094e+02 6.3543512156e-14 3.2252681953e-14 3.1290830203e-14
2.9339599609e+02 6.3482944948e-14 3.2223907593e-14 3.1259037355e-14
2.9345703125e+02 6.3472038140e-14 3.2200921169e-14 3.1271116971e-14
2.9351806641e+02 6.3494898737e-14 3.2180108267e-14 3.1314790470e-14
2.9357910156e+02 6.3527571674e-14 3.2163147916e-14 3.1364423758e-14
2.9364013672e+02 6.3554838478e-14 3.2161250919e-14 3.1393587559e-14
2.9370117188e+02 6.3571891453e-14 3.2183258607e-14 3.1388632846e-14
2.9376220703e+02 6.3578898114e-14 3.2222603394e-14 3.1356294719e-14
2.9382324219e+02 6.3575796481e-14 3.2260856888e-14 3.1314939593e-14
2.9388427734e+02 6.3565566934e-14 3.2285299743e-14 3.1280267191e-14
2.9394531250e+02 6.3551011780e-14 3.2292675936e-14 3.1258335844e-14
2.9400634766e+02 6.3516219962e-14 3.2274523371e-14 3.1241696591e-14
2.9406738281e+02 6.3431005712e-14 3.2219027426e-14 3.1211978285e-14
2.9412841797e+02 6.3290824430e-14 3.2135139966e-14 3.1155684464e-14
2.9418945312e+02 6.3133769444e-14 3.2053417150e-14 3.1080352294e-14
2.9425048828e+02 6.3004193086e-14 3.1993479461e-14 3.1010713625e-14
2.9431152344e+02 6.2920529211e-14 3.1952046666e-14 3.0968482546e-14
2.9437255859e+02 6.2885234011e-14 3.1924607972e-14 3.0960626039e-14
2.9443359375e+02 6.2893120811e-14 3.1911642324e-14 3.0981478486e-14
2.9449462891e+02 6.2919213737e-14 3.1905368730e-14 3.1013845007e-14
2.9455566406e+02 6.2926549509e-14 3.1892439071e-14 3.1034110438e-14
2.9461669922e+02 6.2896032494e-14 3.1864378752e-14 3.1031653743e-14
2.9467773438e+02 6.2836183016e-14 3.1819198367e-14 3.1016984649e-14
2.9473876953e+02 6.2768803690e-14 3.1767441773e-14 3.1001361917e-14
2.9479980469e+02 6.2717281916e-14 3.1732828309e-14 3.0984453606e-14
2.9486083984e+02 6.2702131041e-14 3.1732325044e-14 3.0969805997e-14
2.9492187500e+02 6.2732816491e-14 3.1762703457e-14 3.0970113034e-14
2.9498291016e+02 6.2795754823e-14 3.1809970117e-14 3.0985784706e-14
2.9504394531e+02 6.2858369933e-14 3.1861683206e-14 3.0996686726e-14
2.9510498047e+02 6.2898711839e-14 3.1909948478e-14 3.0988763361e-14
2.9516601562e+02 6.2921280348e-14 3.1947530406e-14 3.0973749942e-14
2.9522705078e+02 6.2930186905e-14 3.1964022924e-14 3.0966163981e-14
2.9528808594e+02 6.2908593041e-14 3.1952566029e-14 3.0956027012e-14
2.9534912109e+02 6.2842002237e-14 3.1917304947e-14 3.0924697290e-14
2.9541015625e+02 6.2738511769e-14 3.1863794585e-14 3.0874717184e-14
2.9547119141e+02 6.2613751585e-14 3.1791259479e-14 3.0822492106e-14
2.9553222656e+02 6.2478441393e-14 3.1707508895e-14 3.0770932498e-14
2.9559326172e+02 6.2349010619e-14 3.1636693319e-14 3.0712317300e-14
2.9565429688e+02 6.2252288171e-14 3.1598548318e-14 3.0653739854e-14
2.9571533203e+02 6.2209065649e-14 3.1593432105e-14 3.0615633544e-14
2.9577636719e+02 6.2213679987e-14 3.1611267175e-14 3.0602412812e-14
2.9583740234e+02 6.2232681478e-14 3.1639456271e-14 3.0593225206e-14
2.9589843750e+02 6.2230036851e-14 3.1662439425e-14 3.0567597426e-14
2.9595947266e+02 6.2193199231e-14 3.1665484169e-14 3.0527715062e-14
2.9602050781e+02 6.2129148224e-14 3.1639873042e-14 3.0489275182e-14
2.9608154297e+02 6.2046856490e-14 3.1587852098e-14 3.0459004391e-14
2.9614257812e+02 6.1960447137e-14 3.1531179154e-14 3.0429267983e-14
2.9620361328e+02 6.1896579579e-14 3.1501796896e-14 3.0394782683e-14
2.9626464844e+02 6.1876489569e-14 3.1508119401e-14 3.0368370168e-14
2.9632568359e+02 6.1893290857e-14 3.1525183253e-14 3.0368107604e-14
2.9638671875e+02 6.1915854892e-14 3.1529561127e-14 3.0386293765e-14
2.9644775391e+02 6.1913446154e-14 3.1524089707e-14 3.0389356447e-14
2.9650878906e+02 6.1875117898e-14 3.1518045215e-14 3.0357072683e-14
2.9656982422e+02 6.1809476818e-14 3.1507589588e-14 3.0301887229e-14
2.9663085938e+02 6.1733265288e-14 3.1491403074e-14 3.0241862213e-14
2.9669189453e+02 6.1661939050e-14 3.1482839376e-14 3.0179099674e-14
2.9675292969e+02 6.1596411065e-14 3.1485405961e-14 3.0111005103e-14
2.9681396484e+02 6.1512224342e-14 3.1471239643e-14 3.0040984699e-14
2.9687500000e+02 6.1384455204e-14 3.1406466973e-14 2.9977988231e-14
2.9693603516e+02 6.1227178215e-14 3.1294069717e-14 2.9933108498e-14
2.9699707031e+02 6.1079089223e-14 3.1174646349e-14 2.9904442874e-14
2.9705810547e+02 6.0956856271e-14 3.1084826758e-14 2.9872029513e-14
2.9711914062e+02 6.0859793181e-14 3.1031837844e-14 2.9827955337e-14
2.9718017578e+02 6.0802708916e-14 3.1007883181e-14 2.9794825735e-14
2.9724121094e+02 6.0800129916e-14 3.1008477441e-14 2.9791652476e-14
2.9730224609e+02 6.0836654893e-14 3.1031994112e-14 2.9804660781e-14
2.9736328125e+02 6.0882387410e-14 3.1070169806e-14 2.9812217604e-14
2.9742431641e+02 6.0912976535e-14 3.1105540527e-14 2.9807436008e-14
2.9748535156e+02 6.0907230580e-14 3.1124990548e-14 2.9782240033e-14
2.9754638672e+02 6.0859555652e-14 3.1132059734e-14 2.9727495918e-14
2.9760742188e+02 6.0793012891e-14 3.1136141392e-14 2.9656871500e-14
2.9766845703e+02 6.0735423446e-14 3.1136838925e-14 2.9598584521e-14
2.9772949219e+02 6.0693139888e-14 3.1126273299e-14 2.9566866590e-14
2.9779052734e+02 6.0657286134e-14 3.1097637434e-14 2.9559648700e-14
2.9785156250e+02 6.0617765652e-14 3.1050507490e-14 2.9567258162e-14
2.9791259766e+02 6.0565295286e-14 3.0993850529e-14 2.9571444757e-14
2.9797363281e+02 6.0492843607e-14 3.0938212296e-14 2.9554631311e-14
2.9803466797e+02 6.0400480904e-14 3.0883552891e-14 2.9516928013e-14
2.9809570312e+02 6.0295185366e-14 3.0824062625e-14 2.9471122741e-14
2.9815673828e+02 6.0189134676e-14 3.0764869266e-14 2.9424265410e-14
2.9821777344e+02 6.0096490725e-14 3.0719896743e-14 2.9376593981e-14
2.9827880859e+02 6.0021188443e-14 3.0689088215e-14 2.9332100228e-14
2.9833984375e+02 5.9954577425e-14 3.0659045212e-14 2.9295532213e-14
2.9840087891e+02 5.9892545800e-14 3.0633961468e-14 2.9258584332e-14
2.9846191406e+02 5.9840491820e-14 3.0636797639e-14 2.9203694181e-14
2.9852294922e+02 5.9800976092e-14 3.0670851915e-14 2.9130124178e-14
2.9858398438e+02 5.9774343851e-14 3.0708995397e-14 2.9065348455e-14
2.9864501953e+02 5.9767223043e-14 3.0727771828e-14 2.9039451214e-14
2.9870605469e+02 5.9783876721e-14 3.0729469079e-14 2.9054407642e-14
2.9876708984e+02 5.9813498318e-14 3.0726248703e-14 2.9087249615e-14
2.9882812500e+02 5.9837363917e-14 3.0721807070e-14 2.9115556846e-14
2.9888916016e+02 5.9843366683e-14 3.0714415664e-14 2.9128951019e-14
2.9895019531e+02 5.9825570378e-14 3.0702048360e-14 2.9123522019e-14
2.9901123047e+02 5.9776053892e-14 3.0677599893e-14 2.9098453999e-14
2.9907226562e+02 5.9690594605e-14 3.0633983932e-14 2.9056610674e-14
2.9913330078e+02 5.9584168965e-14 3.0581825441e-14 2.9002343524e-14
2.9919433594e+02 5.9487396007e-14 3.0544769554e-14 2.8942626453e-14
2.9925537109e+02 5.9416268759e-14 3.0526551030e-14 2.8889717729e-14
2.9931640625e+02 5.9353908051e-14 3.0502831699e-14 2.8851076352e-14
2.9937744141e+02 5.9279633418e-14 3.0458035845e-14 2.8821597572e-14
2.9943847656e+02 5.9208031242e-14 3.0408032743e-14 2.8799998499e-14
2.9949951172e+02 5.9172434846e-14 3.0374988183e-14 2.8797446663e-14
2.9956054688e+02 5.9174465633e-14 3.0360525411e-14 2.8813940222e-14
2.9962158203e+02 5.9182765454e-14 3.0355133950e-14 2.8827631504e-14
2.9968261719e+02 5.9177343037e-14 3.0357012795e-14 2.8820330241e-14
2.9974365234e+02 5.9161399592e-14 3.0365789938e-14 2.8795609654e-14
2.9980468750e+02 5.9139812425e-14 3.0370068983e-14 2.8769743442e-14
2.9986572266e+02 5.9117155333e-14 3.0358067093e-14 2.8759088239e-14
2.9992675781e+02 5.9102982610e-14 3.0332973069e-14 2.8770009542e-14
2.9998779297e+02 5.9099428356e-14 3.0308384322e-14 2.8791044034e-14
3.0004882812e+02 5.9095261255e-14 3.0293225504e-14 2.8802035751e-14
3.0010986328e+02 5.9080372334e-14 3.0286410123e-14 2.8793962211e-14
3.0017089844e+02 5.9058605912e-14 3.0285209532e-14 2.8773396380e-14
3.0023193359e+02 5.9031713832e-14 3.0286670926e-14 2.8745042906e-14
3.0029296875e+02 5.8979711770e-14 3.0281178636e-14 2.8698533134e-14
3.0035400391e+02 5.8890251837e-14 3.0264476799e-14 2.8625775038e-14
3.0041503906e+02 5.8794294929e-14 3.0248669533e-14 2.8545625396e-14
3.0047607422e+02 5.8734206440e-14 3.0242700732e-14 2.8491505709e-14
3.0053710938e+02 5.8713618827e-14 3.0236613328e-14 2.8477005500e-14
3.0059814453e+02 5.8709939238e-14 3.0221144617e-14 2.8488794621e-14
3.0065917969e+02 5.8713213799e-14 3.0209430607e-14 2.8503783192e-14
3.0072021484e+02 5.8720405969e-14 3.0221507037e-14 2.8498898932e-14
3.0078125000e+02 5.8709403902e-14 3.0252792260e-14 2.8456611642e-14
3.0084228516e+02 5.8653531492e-14 3.0274002170e-14 2.8379529322e-14
3.0090332031e+02 5.8559030151e-14 3.0262016842e-14 2.8297013310e-14
3.0096435547e+02 5.8463377521e-14 3.0220786683e-14 2.8242590838e-14
3.0102539062e+02 5.8396786640e-14 3.0174302559e-14 2.8222484082e-14
3.0108642578e+02 5.8363839439e-14 3.0148476049e-14 2.8215363389e-14
3.0114746094e+02 5.8356698143e-14 3.0153903050e-14 2.8202795093e-14
3.0120849609e+02 5.8361994933e-14 3.0174552502e-14 2.8187442431e-14
3.0126953125e+02 5.8357760444e-14 3.0180721776e-14 2.8177038668e-14
3.0133056641e+02 5.8325543391e-14 3.0158982338e-14 2.8166561053e-14
3.0139160156e+02 5.8267519639e-14 3.0118043099e-14 2.8149476540e-14
3.0145263672e+02 5.8202114177e-14 3.0069928379e-14 2.8132185799e-14
3.0151367188e+02 5.8141972734e-14 3.0023983481e-14 2.8117989253e-14
3.0157470703e+02 5.8085050160e-14 2.9992401680e-14 2.8092648481e-14
3.0163574219e+02 5.8029107609e-14 2.9981864803e-14 2.8047242806e-14
3.0169677734e+02 5.7981733819e-14 2.9983493984e-14 2.7998239834e-14
3.0175781250e+02 5.7952779965e-14 2.9982123105e-14 2.7970656861e-14
3.0181884766e+02 5.7937727174e-14 2.9965870383e-14 2.7971856791e-14
3.0187988281e+02 5.7905412298e-14 2.9923713581e-14 2.7981698718e-14
3.0194091797e+02 5.7821768411e-14 2.9855463595e-14 2.7966304816e-14
3.0200195312e+02 5.7699967245e-14 2.9786924900e-14 2.7913042345e-14
3.0206298828e+02 5.7601453909e-14 2.9751790154e-14 2.7849663755e-14
3.0212402344e+02 5.7566151528e-14 2.9754822007e-14 2.7811329521e-14
3.0218505859e+02 5.7563117795e-14 2.9768864590e-14 2.7794253205e-14
3.0224609375e+02 5.7531855112e-14 2.9765561521e-14 2.7766293590e-14
3.0230712891e+02 5.7450722527e-14 2.9734073525e-14 2.7716649002e-14
3.0236816406e+02 5.7347569064e-14 2.9680454638e-14 2.7667114426e-14
3.0242919922e+02 5.7264189784e-14 2.9626654847e-14 2.7637534937e-14
3.0249023438e+02 5.7225586644e-14 2.9600461986e-14 2.7625124658e-14
3.0255126953e+02 5.7233091451e-14 2.9613378490e-14 2.7619712961e-14
3.0261230469e+02 5.7265073788e-14 2.9648108403e-14 2.7616965385e-14
3.0267333984e+02 5.7277846681e-14 2.9669950359e-14 2.7607896322e-14
3.0273437500e+02 5.7233245628e-14 2.9657607766e-14 2.7575637863e-14
3.0279541016e+02 5.7144539969e-14 2.9624930956e-14 2.7519609013e-14
3.0285644531e+02 5.7072613891e-14 2.9603642293e-14 2.7468971598e-14
3.0291748047e+02 5.7060307736e-14 2.9605461316e-14 2.7454846420e-14
3.0297851562e+02 5.7085701124e-14 2.9609361953e-14 2.7476339171e-14
3.0303955078e+02 5.7086340042e-14 2.9583608215e-14 2.7502731827e-14
3.0310058594e+02 5.7024241269e-14 2.9518551597e-14 2.7505689671e-14
3.0316162109e+02 5.6925187804e-14 2.9441517553e-14 2.7483670250e-14
3.0322265625e+02 5.6845451085e-14 2.9393967884e-14 2.7451483200e-14
3.0328369141e+02 5.6806827304e-14 2.9390439330e-14 2.7416387974e-14
3.0334472656e+02 5.6784312062e-14 2.9407290561e-14 2.7377021501e-14
3.0340576172e+02 5.6745912549e-14 2.9411370113e-14 2.7334542436e-14
3.0346679688e+02 5.6686311705e-14 2.9392941567e-14 2.7293370137e-14
3.0352783203e+02 5.6628451165e-14 2.9370876069e-14 2.7257575096e-14
3.0358886719e+02 5.6594743249e-14 2.9366320616e-14 2.7228422633e-14
3.0364990234e+02 5.6579911568e-14 2.9375390059e-14 2.7204521509e-14
3.0371093750e+02 5.6568136780e-14 2.9379228578e-14 2.7188908203e-14
3.0377197266e+02 5.6566159983e-14 2.9374274597e-14 2.7191885387e-14
3.0383300781e+02 5.6589730097e-14 2.9371521140e-14 2.7218208957e-14
3.0389404297e+02 5.6626133091e-14 2.9373061048e-14 2.7253072043e-14
3.0395507812e+02 5.6639491127e-14 2.9372720627e-14 2.7266770500e-14
3.0401611328e+02 5.6610107707e-14 2.9371709632e-14 2.7238398075e-14
3.0407714844e+02 5.6550654691e-14 2.9371622202e-14 2.7179032489e-14
3.0413818359e+02 5.6484797280e-14 2.9361194606e-14 2.7123602674e-14
3.0419921875e+02 5.6425823425e-14 2.9332356800e-14 2.7093466625e-14
3.0426025391e+02 5.6384832008e-14 2.9303510137e-14 2.7081321871e-14
3.0432128906e+02 5.6377710982e-14 2.9302087635e-14 2.7075623348e-14
3.0438232422e+02 5.6399489526e-14 2.9323356895e-14 2.7076132631e-14
3.0444335938e+02 5.6408337955e-14 2.9329811377e-14 2.7078526578e-14
3.0450439453e+02 5.6360333088e-14 2.9294761022e-14 2.7065572066e-14
3.0456542969e+02 5.6256317677e-14 2.9229495749e-14 2.7026821928e-14
3.0462646484e+02 5.6141779463e-14 2.9167095323e-14 2.6974684140e-14
3.0468750000e+02 5.6062486384e-14 2.9134411844e-14 2.6928074540e-14
3.0474853516e+02 5.6026688322e-14 2.9138529289e-14 2.6888159033e-14
3.0480957031e+02 5.6011140259e-14 2.9167001876e-14 2.6844138383e-14
3.0487060547e+02 5.5995822110e-14 2.9199214202e-14 2.6796607908e-14
3.0493164062e+02 5.5978374943e-14 2.9219996243e-14 2.6758378700e-14
3.0499267578e+02 5.5965548225e-14 2.9226322701e-14 2.6739225524e-14
3.0505371094e+02 5.5972737870e-14 2.9228390791e-14 2.6744347079e-14
3.0511474609e+02 5.6014988967e-14 2.9240635551e-14 2.6774353417e-14
3.0517578125e+02 5.6078270519e-14 2.9262380732e-14 2.6815889787e-14
3.0523681641e+02 5.6116782646e-14 2.9269375106e-14 2.6847407540e-14
3.0529785156e+02 5.6094223905e-14 2.9234524978e-14 2.6859698927e-14
3.0535888672e+02 5.6020853384e-14 2.9160485679e-14 2.6860367705e-14
3.0541992188e+02 5.5945062406e-14 2.9086402771e-14 2.6858659635e-14
3.0548095703e+02 5.5911461278e-14 2.9056433395e-14 2.6855027883e-14
3.0554199219e+02 5.5924647855e-14 2.9078370848e-14 2.6846277008e-14
3.0560302734e+02 5.5948247911e-14 2.9114907509e-14 2.6833340403e-14
3.0566406250e+02 5.5944369701e-14 2.9121699119e-14 2.6822670582e-14
3.0572509766e+02 5.5914702520e-14 2.9091051930e-14 2.6823650589e-14
3.0578613281e+02 5.5887700066e-14 2.9048784853e-14 2.6838915213e-14
3.0584716797e+02 5.5874541035e-14 2.9018106162e-14 2.6856434873e-14
3.0590820312e+02 5.5864107393e-14 2.9003049578e-14 2.6861057815e-14
3.0596923828e+02 5.5846215047e-14 2.8998619002e-14 2.6847596045e-14
3.0603027344e+02 5.5817220552e-14 2.9000357636e-14 2.6816862917e-14
3.0609130859e+02 5.5784237944e-14 2.9006581698e-14 2.6777656246e-14
3.0615234375e+02 5.5771299611e-14 2.9016670971e-14 2.6754628640e-14
3.0621337891e+02 5.5793301616e-14 2.9023493067e-14 2.6769808549e-14
3.0627441406e+02 5.5829120003e-14 2.9015140644e-14 2.6813979359e-14
3.0633544922e+02 5.5846417955e-14 2.8994203064e-14 2.6852214891e-14
3.0639648438e+02 5.5839528522e-14 2.8985222825e-14 2.6854305697e-14
3.0645751953e+02 5.5821170162e-14 2.9008138686e-14 2.6813031476e-14
3.0651855469e+02 5.5792599422e-14 2.9047906389e-14 2.6744693033e-14
3.0657958984e+02 5.5747519017e-14 2.9068008319e-14 2.6679510698e-14
3.0664062500e+02 5.5697976709e-14 2.9054426950e-14 2.6643549758e-14
3.0670166016e+02 5.5669857234e-14 2.9028024222e-14 2.6641833012e-14
3.0676269531e+02 5.5672064253e-14 2.9016149649e-14 2.6655914604e-14
3.0682373047e+02 5.5685709595e-14 2.9025010762e-14 2.6660698833e-14
3.0688476562e+02 5.5683436504e-14 2.9034427174e-14 2.6649009330e-14
3.0694580078e+02 5.5654107557e-14 2.9019377816e-14 2.6634729741e-14
3.0700683594e+02 5.5611195659e-14 2.8980523477e-14 2.6630672182e-14
3.0706787109e+02 5.5582195839e-14 2.8945499059e-14 2.6636696779e-14
3.0712890625e+02 5.5584744819e-14 2.8939359903e-14 2.6645384917e-14
3.0718994141e+02 5.5606099084e-14 2.8960030587e-14 2.6646068497e-14
3.0725097656e+02 5.5614111107e-14 2.8982696557e-14 2.6631414550e-14
3.0731201172e+02 5.5588041296e-14 2.8983311282e-14 2.6604730014e-14
3.0737304688e+02 5.5529728343e-14 2.8955625251e-14 2.6574103091e-14
3.0743408203e+02 5.5454030623e-14 2.8912264542e-14 2.6541766081e-14
3.0749511719e+02 5.5375220624e-14 2.8872874742e-14 2.6502345883e-14
3.0755615234e+02 5.5297628730e-14 2.8845509569e-14 2.6452119161e-14
3.0761718750e+02 5.5222912506e-14 2.8821783054e-14 2.6401129452e-14
3.0767822266e+02 5.5161716873e-14 2.8793723967e-14 2.6367992905e-14
3.0773925781e+02 5.5124609621e-14 2.8764748512e-14 2.6359861109e-14
3.0780029297e+02 5.5111006644e-14 2.8740144495e-14 2.6370862149e-14
3.0786132812e+02 5.5118464852e-14 2.8719978837e-14 2.6398486016e-14
3.0792236328e+02 5.5146093756e-14 2.8704240955e-14 2.6441852801e-14
3.0798339844e+02 5.5182663693e-14 2.8696649867e-14 2.6486013826e-14
3.0804443359e+02 5.5213139397e-14 2.8704352033e-14 2.6508787364e-14
3.0810546875e+02 5.5234884018e-14 2.8731161379e-14 2.6503722639e-14
3.0816650391e+02 5.5245909625e-14 2.8765630472e-14 2.6480279153e-14
3.0822753906e+02 5.5232257417e-14 2.8786160752e-14 2.6446096666e-14
3.0828857422e+02 5.5189110178e-14 2.8782276656e-14 2.6406833522e-14
3.0834960938e+02 5.5136777923e-14 2.8760957277e-14 2.6375820646e-14
3.0841064453e+02 5.5101038946e-14 2.8735673503e-14 2.6365365443e-14
3.0847167969e+02 5.5091497425e-14 2.8719012758e-14 2.6372484666e-14
3.0853271484e+02 5.5099899944e-14 2.8717727333e-14 2.6382172611e-14
3.0859375000e+02 5.5104237572e-14 2.8725159972e-14 2.6379077600e-14
3.0865478516e+02 5.5084333943e-14 2.8727919373e-14 2.6356414570e-14
3.0871582031e+02 5.5047969612e-14 2.8724654348e-14 2.6323315264e-14
3.0877685547e+02 5.5024516659e-14 2.8724067933e-14 2.6300448726e-14
3.0883789062e+02 5.5023990186e-14 2.8724213508e-14 2.6299776678e-14
3.0889892578e+02 5.5024457464e-14 2.8711751404e-14 2.6312706061e-14
3.0895996094e+02 5.5006754975e-14 2.8684085492e-14 2.6322669484e-14
3.0902099609e+02 5.4979922474e-14 2.8660420146e-14 2.6319502328e-14
3.0908203125e+02 5.4964327292e-14 2.8665318800e-14 2.6299008492e-14
3.0914306641e+02 5.4965305947e-14 2.8701074389e-14 2.6264231558e-14
3.0920410156e+02 5.4968741000e-14 2.8738504009e-14 2.6230236991e-14
3.0926513672e+02 5.4954513224e-14 2.8740862584e-14 2.6213650640e-14
3.0932617188e+02 5.4915168927e-14 2.8701178919e-14 2.6213990008e-14
3.0938720703e+02 5.4867442386e-14 2.8651260224e-14 2.6216182162e-14
3.0944824219e+02 5.4840714933e-14 2.8627731239e-14 2.6212983694e-14
3.0950927734e+02 5.4845890180e-14 2.8636409329e-14 2.6209480851e-14
3.0957031250e+02 5.4863344121e-14 2.8656219791e-14 2.6207124330e-14
3.0963134766e+02 5.4869493040e-14 2.8667152615e-14 2.6202340425e-14
3.0969238281e+02 5.4861147019e-14 2.8666067297e-14 2.6195079722e-14
3.0975341797e+02 5.4846108881e-14 2.8661994778e-14 2.6184114104e-14
3.0981445312e+02 5.4832799340e-14 2.8666239454e-14 2.6166559886e-14
3.0987548828e+02 5.4836472397e-14 2.8686160464e-14 2.6150311933e-14
3.0993652344e+02 5.4865643933e-14 2.8716472305e-14 2.6149171628e-14
3.0999755859e+02 5.4902701558e-14 2.8737377710e-14 2.6165323848e-14
3.1005859375e+02 5.4922426527e-14 2.8731530427e-14 2.6190896100e-14
3.1011962891e+02 5.4916732913e-14 2.8700282592e-14 2.6216450322e-14
3.1018066406e+02 5.4891819886e-14 2.8661205991e-14 2.6230613894e-14
3.1024169922e+02 5.4859187725e-14 2.8633748250e-14 2.6225439474e-14
3.1030273438e+02 5.4830280809e-14 2.8626839508e-14 2.6203441301e-14
3.1036376953e+02 5.4810246282e-14 2.8636682433e-14 2.6173563849e-14
3.1042480469e+02 5.4799679178e-14 2.8650449057e-14 2.6149230121e-14
3.1048583984e+02 5.4800791618e-14 2.8652694465e-14 2.6148097153e-14
3.1054687500e+02 5.4814181926e-14 2.8637606989e-14 2.6176574937e-14
3.1060791016e+02 5.4831507167e-14 2.8614790066e-14 2.6216717101e-14
3.1066894531e+02 5.4838486610e-14 2.8596795510e-14 2.6241691101e-14
3.1072998047e+02 5.4827519554e-14 2.8586542857e-14 2.6240976698e-14
3.1079101562e+02 5.4803513288e-14 2.8580751266e-14 2.6222762022e-14
3.1085205078e+02 5.4777016850e-14 2.8578108538e-14 2.6198908312e-14
3.1091308594e+02 5.4757933627e-14 2.8581534505e-14 2.6176399122e-14
3.1097412109e+02 5.4754261440e-14 2.8596077077e-14 2.6158184363e-14
3.1103515625e+02 5.4769870983e-14 2.8624203463e-14 2.6145667519e-14
3.1109619141e+02 5.4801698819e-14 2.8660329811e-14 2.6141369007e-14
3.1115722656e+02 5.4841450944e-14 2.8692074723e-14 2.6149376222e-14
3.1121826172e+02 5.4884534287e-14 2.8711809037e-14 2.6172725249e-14
3.1127929688e+02 5.4933884686e-14 2.8723152676e-14 2.6210732010e-14
3.1134033203e+02 5.4985341929e-14 2.8729541920e-14 2.6255800009e-14
3.1140136719e+02 5.5014826542e-14 2.8724075073e-14 2.6290751469e-14
3.1146240234e+02 5.4996556687e-14 2.8701778927e-14 2.6294777759e-14
3.1152343750e+02 5.4937236918e-14 2.8676039306e-14 2.6261197612e-14
3.1158447266e+02 5.4879361058e-14 2.8669495754e-14 2.6209865304e-14
3.1164550781e+02 5.4861355340e-14 2.8690456576e-14 2.6170898765e-14
3.1170654297e+02 5.4884159350e-14 2.8728539265e-14 2.6155620086e-14
3.1176757812e+02 5.4925071877e-14 2.8768020927e-14 2.6157050950e-14
3.1182861328e+02 5.4964783286e-14 2.8793609318e-14 2.6171173967e-14
3.1188964844e+02 5.4988866498e-14 2.8793207525e-14 2.6195658973e-14
3.1195068359e+02 5.4986398750e-14 2.8770750576e-14 2.6215648175e-14
3.1201171875e+02 5.4959864990e-14 2.8745517906e-14 2.6214347084e-14
3.1207275391e+02 5.4921511649e-14 2.8725917215e-14 2.6195594433e-14
3.1213378906e+02 5.4874616789e-14 2.8696938281e-14 2.6177678508e-14
3.1219482422e+02 5.4810746540e-14 2.8645378088e-14 2.6165368453e-14
3.1225585938e+02 5.4733066684e-14 2.8585466482e-14 2.6147600202e-14
3.1231689453e+02 5.4668258022e-14 2.8544048240e-14 2.6124209783e-14
3.1237792969e+02 5.4642493155e-14 2.8527538411e-14 2.6114954744e-14
3.1243896484e+02 5.4659167339e-14 2.8520937973e-14 2.6138229366e-14
3.1250000000e+02 5.4704576347e-14 2.8516289586e-14 2.6188286761e-14
3.1256103516e+02 5.4756854792e-14 2.8524483857e-14 2.6232370936e-14
3.1262207031e+02 5.4792845095e-14 2.8555024790e-14 2.6237820305e-14
3.1268310547e+02 5.4805704416e-14 2.8596736738e-14 2.6208967679e-14
3.1274414062e+02 5.4809955725e-14 2.8626547137e-14 2.6183408588e-14
3.1280517578e+02 5.4818059667e-14 2.8631034912e-14 2.6187024755e-14
3.1286621094e+02 5.4824038642e-14 2.8614893268e-14 2.6209145374e-14
3.1292724609e+02 5.4817854920e-14 2.8594130795e-14 2.6223724125e-14
3.1298828125e+02 5.4800581365e-14 2.8581581040e-14 2.6219000326e-14
3.1304931641e+02 5.4776901351e-14 2.8574462695e-14 2.6202438656e-14
3.1311035156e+02 5.4748928579e-14 2.8562165565e-14 2.6186763014e-14
3.1317138672e+02 5.4726908470e-14 2.8547770945e-14 2.6179137524e-14
3.1323242188e+02 5.4726737595e-14 2.8547820764e-14 2.6178916831e-14
3.1329345703e+02 5.4745240908e-14 2.8569514354e-14 2.6175726553e-14
3.1335449219e+02 5.4756457627e-14 2.8601727452e-14 2.6154730175e-14
3.1341552734e+02 5.4741745773e-14 2.8627021766e-14 2.6114724007e-14
3.1347656250e+02 5.4707669096e-14 2.8632130299e-14 2.6075538798e-14
3.1353759766e+02 5.4674097480e-14 2.8613332770e-14 2.6060764709e-14
3.1359863281e+02 5.4658814466e-14 2.8581389758e-14 2.6077424708e-14
3.1365966797e+02 5.4667204334e-14 2.8555022992e-14 2.6112181342e-14
3.1372070312e+02 5.4691805355e-14 2.8548768175e-14 2.6143037180e-14
3.1378173828e+02 5.4722128992e-14 2.8570626780e-14 2.6151502212e-14
3.1384277344e+02 5.4741638743e-14 2.8615149653e-14 2.6126489090e-14
3.1390380859e+02 5.4725086126e-14 2.8653095378e-14 2.6071990748e-14
3.1396484375e+02 5.4664625468e-14 2.8649434507e-14 2.6015190962e-14
3.1402587891e+02 5.4587573829e-14 2.8596919421e-14 2.5990654408e-14
3.1408691406e+02 5.4529097485e-14 2.8520973967e-14 2.6008123518e-14
3.1414794922e+02 5.4497124775e-14 2.8455596368e-14 2.6041528406e-14
3.1420898438e+02 5.4474397065e-14 2.8420933830e-14 2.6053463235e-14
3.1427001953e+02 5.4448670595e-14 2.8418507085e-14 2.6030163510e-14
3.1433105469e+02 5.4430829045e-14 2.8438959963e-14 2.5991869082e-14
3.1439208984e+02 5.4439424168e-14 2.8469809518e-14 2.5969614650e-14
3.1445312500e+02 5.4472357219e-14 2.8498418059e-14 2.5973939161e-14
3.1451416016e+02 5.4505466913e-14 2.8515309635e-14 2.5990157278e-14
3.1457519531e+02 5.4523212658e-14 2.8521671877e-14 2.6001540780e-14
3.1463623047e+02 5.4533146795e-14 2.8528938048e-14 2.6004208747e-14
3.1469726562e+02 5.4542944626e-14 2.8542287103e-14 2.6000657523e-14
3.1475830078e+02 5.4549009358e-14 2.8554617686e-14 2.5994391673e-14
3.1481933594e+02 5.4552645482e-14 2.8563221018e-14 2.5989424464e-14
3.1488037109e+02 5.4560620257e-14 2.8575599505e-14 2.5985020752e-14
3.1494140625e+02 5.4572410110e-14 2.8594704194e-14 2.5977705915e-14
3.1500244141e+02 5.4583255968e-14 2.8611314638e-14 2.5971941330e-14
3.1506347656e+02 5.4589469883e-14 2.8614654202e-14 2.5974815680e-14
3.1512451172e+02 5.4589316331e-14 2.8607169994e-14 2.5982146337e-14
3.1518554688e+02 5.4585747409e-14 2.8601611782e-14 2.5984135627e-14
3.1524658203e+02 5.4577428789e-14 2.8601015074e-14 2.5976413715e-14
3.1530761719e+02 5.4550364679e-14 2.8593210215e-14 2.5957154464e-14
3.1536865234e+02 5.4495711104e-14 2.8569162176e-14 2.5926548928e-14
3.1542968750e+02 5.4432569891e-14 2.8538529661e-14 2.5894040230e-14
3.1549072266e+02 5.4397691273e-14 2.8523666741e-14 2.5874024532e-14
3.1555175781e+02 5.4405882241e-14 2.8536326748e-14 2.5869555493e-14
3.1561279297e+02 5.4429211413e-14 2.8561787526e-14 2.5867423887e-14
3.1567382812e+02 5.4429686011e-14 2.8574307063e-14 2.5855378948e-14
3.1573486328e+02 5.4405893158e-14 2.8565600319e-14 2.5840292838e-14
3.1579589844e+02 5.4389120043e-14 2.8547062493e-14 2.5842057549e-14
3.1585693359e+02 5.4402906500e-14 2.8531852071e-14 2.5871054429e-14
3.1591796875e+02 5.4443484913e-14 2.8527547584e-14 2.5915937329e-14
3.1597900391e+02 5.4488741156e-14 2.8536546180e-14 2.5952194976e-14
3.1604003906e+02 5.4511985544e-14 2.8550856029e-14 2.5961129515e-14
3.1610107422e+02 5.4496942108e-14 2.8553125506e-14 2.5943816603e-14
3.1616210938e+02 5.4456251920e-14 2.8534757032e-14 2.5921494888e-14
3.1622314453e+02 5.4425600357e-14 2.8505796275e-14 2.5919804082e-14
3.1628417969e+02 5.4418015696e-14 2.8474871177e-14 2.5943144519e-14
3.1634521484e+02 5.4404669732e-14 2.8437778392e-14 2.5966891340e-14
3.1640625000e+02 5.4366489376e-14 2.8401945154e-14 2.5964544222e-14
3.1646728516e+02 5.4328036975e-14 2.8391479006e-14 2.5936557968e-14
3.1652832031e+02 5.4311552420e-14 2.8406558751e-14 2.5904993669e-14
3.1658935547e+02 5.4298194431e-14 2.8410070659e-14 2.5888123771e-14
3.1665039062e+02 5.4268426028e-14 2.8380033910e-14 2.5888392118e-14
3.1671142578e+02 5.4247903582e-14 2.8346765470e-14 2.5901138112e-14
3.1677246094e+02 5.4272644334e-14 2.8348957935e-14 2.5923686399e-14
3.1683349609e+02 5.4329262096e-14 2.8378716767e-14 2.5950545328e-14
3.1689453125e+02 5.4370570628e-14 2.8398809985e-14 2.5971760643e-14
3.1695556641e+02 5.4380291275e-14 2.8394396045e-14 2.5985895230e-14
3.1701660156e+02 5.4383919737e-14 2.8382504568e-14 2.6001415169e-14
3.1707763672e+02 5.4397434545e-14 2.8379154411e-14 2.6018280134e-14
3.1713867188e+02 5.4404891119e-14 2.8381259404e-14 2.6023631715e-14
3.1719970703e+02 5.4390576360e-14 2.8382738546e-14 2.6007837813e-14
3.1726074219e+02 5.4361038473e-14 2.8386831716e-14 2.5974206757e-14
3.1732177734e+02 5.4334721361e-14 2.8397976623e-14 2.5936744738e-14
3.1738281250e+02 5.4325883440e-14 2.8415619481e-14 2.5910263959e-14
3.1744384766e+02 5.4333931265e-14 2.8437941900e-14 2.5895989365e-14
3.1750488281e+02 5.4343321752e-14 2.8463939533e-14 2.5879382219e-14
3.1756591797e+02 5.4336450214e-14 2.8489175690e-14 2.5847274524e-14
3.1762695312e+02 5.4307817784e-14 2.8502081158e-14 2.5805736626e-14
3.1768798828e+02 5.4265519493e-14 2.8487899969e-14 2.5777619524e-14
3.1774902344e+02 5.4220725093e-14 2.8440566496e-14 2.5780158597e-14
3.1781005859e+02 5.4180543571e-14 2.8374673179e-14 2.5805870391e-14
3.1787109375e+02 5.4146616159e-14 2.8317688819e-14 2.5828927340e-14
3.1793212891e+02 5.4115671904e-14 2.8284668566e-14 2.5831003337e-14
3.1799316406e+02 5.4089512468e-14 2.8272968326e-14 2.5816544142e-14
3.1805419922e+02 5.4080791494e-14 2.8278989028e-14 2.5801802467e-14
3.1811523438e+02 5.4097399303e-14 2.8300744639e-14 2.5796654663e-14
3.1817626953e+02 5.4123770600e-14 2.8326218476e-14 2.5797552124e-14
3.1823730469e+02 5.4128833115e-14 2.8337303086e-14 2.5791530029e-14
3.1829833984e+02 5.4100393253e-14 2.8328767241e-14 2.5771626012e-14
3.1835937500e+02 5.4063952183e-14 2.8312883337e-14 2.5751068846e-14
3.1842041016e+02 5.4056657868e-14 2.8303617823e-14 2.5753040045e-14
3.1848144531e+02 5.4089010243e-14 2.8305049022e-14 2.5783961221e-14
3.1854248047e+02 5.4141732930e-14 2.8316831043e-14 2.5824901887e-14
3.1860351562e+02 5.4189858492e-14 2.8337815105e-14 2.5852043387e-14
3.1866455078e+02 5.4218328883e-14 2.8358301009e-14 2.5860027874e-14
3.1872558594e+02 5.4226110069e-14 2.8363368881e-14 2.5862741189e-14
3.1878662109e+02 5.4223195179e-14 2.8349625189e-14 2.5873569990e-14
3.1884765625e+02 5.4215205004e-14 2.8329174003e-14 2.5886031001e-14
3.1890869141e+02 5.4192778275e-14 2.8316481453e-14 2.5876296823e-14
3.1896972656e+02 5.4148376819e-14 2.8317655818e-14 2.5830721001e-14
3.1903076172e+02 5.4100066907e-14 2.8332779208e-14 2.5767287699e-14
3.1909179688e+02 5.4078101659e-14 2.8360570983e-14 2.5717530676e-14
3.1915283203e+02 5.4085401914e-14 2.8392794569e-14 2.5692607345e-14
3.1921386719e+02 5.4091280518e-14 2.8408520804e-14 2.5682759715e-14
3.1927490234e+02 5.4065819031e-14 2.8386265571e-14 2.5679553459e-14
3.1933593750e+02 5.4003922976e-14 2.8325538803e-14 2.5678384174e-14
3.1939697266e+02 5.3919940805e-14 2.8251308723e-14 2.5668632082e-14
3.1945800781e+02 5.3837618018e-14 2.8195872328e-14 2.5641745690e-14
3.1951904297e+02 5.3783465254e-14 2.8177561955e-14 2.5605903299e-14
3.1958007812e+02 5.3772131883e-14 2.8193714217e-14 2.5578417665e-14
3.1964111328e+02 5.3793902779e-14 2.8226894373e-14 2.5567008406e-14
3.1970214844e+02 5.3828913476e-14 2.8256246036e-14 2.5572667440e-14
3.1976318359e+02 5.3872596564e-14 2.8272040105e-14 2.5600556459e-14
3.1982421875e+02 5.3926733257e-14 2.8281278138e-14 2.5645455119e-14
3.1988525391e+02 5.3971712279e-14 2.8291367118e-14 2.5680345161e-14
3.1994628906e+02 5.3976486488e-14 2.8293294576e-14 2.5683191912e-14
3.2000732422e+02 5.3936077644e-14 2.8274923858e-14 2.5661153785e-14
3.2006835938e+02 5.3882654516e-14 2.8247262074e-14 2.5635392442e-14
3.2012939453e+02 5.3857358487e-14 2.8237159263e-14 2.5620199223e-14
3.2019042969e+02 5.3872818251e-14 2.8251783089e-14 2.5621035163e-14
3.2025146484e+02 5.3904165205e-14 2.8270780145e-14 2.5633385060e-14
3.2031250000e+02 5.3919637732e-14 2.8275984146e-14 2.5643653586e-14
3.2037353516e+02 5.3910303943e-14 2.8268040362e-14 2.5642263581e-14
3.2043457031e+02 5.3880912426e-14 2.8250231350e-14 2.5630681076e-14
3.2049560547e+02 5.3830691916e-14 2.8217558185e-14 2.5613133731e-14
3.2055664062e+02 5.3760920383e-14 2.8171383653e-14 2.5589536730e-14
3.2061767578e+02 5.3683966002e-14 2.8127829905e-14 2.5556136096e-14
3.2067871094e+02 5.3612016863e-14 2.8101925992e-14 2.5510090871e-14
3.2073974609e+02 5.3554222291e-14 2.8095540697e-14 2.5458681594e-14
3.2080078125e+02 5.3523094259e-14 2.8103644743e-14 2.5419449516e-14
3.2086181641e+02 5.3521175418e-14 2.8120596429e-14 2.5400578989e-14
3.2092285156e+02 5.3528568057e-14 2.8138823378e-14 2.5389744679e-14
3.2098388672e+02 5.3520571155e-14 2.8148536460e-14 2.5372034696e-14
3.2104492188e+02 5.3492166863e-14 2.8144791502e-14 2.5347375361e-14
3.2110595703e+02 5.3463514534e-14 2.8136550470e-14 2.5326964064e-14
3.2116699219e+02 5.3466501274e-14 2.8140001710e-14 2.5326499564e-14
3.2122802734e+02 5.3512454227e-14 2.8156559515e-14 2.5355894712e-14
3.2128906250e+02 5.3570546030e-14 2.8168958328e-14 2.5401587703e-14
3.2135009766e+02 5.3601708000e-14 2.8168365157e-14 2.5433342843e-14
3.2141113281e+02 5.3604986861e-14 2.8168509303e-14 2.5436477558e-14
3.2147216797e+02 5.3602297173e-14 2.8179103893e-14 2.5423193280e-14
3.2153320312e+02 5.3597489243e-14 2.8185362624e-14 2.5412126619e-14
3.2159423828e+02 5.3577306007e-14 2.8168910179e-14 2.5408395828e-14
3.2165527344e+02 5.3536235893e-14 2.8133589380e-14 2.5402646514e-14
3.2171630859e+02 5.3484503940e-14 2.8100538741e-14 2.5383965199e-14
3.2177734375e+02 5.3438773462e-14 2.8084324261e-14 2.5354449201e-14
3.2183837891e+02 5.3411732221e-14 2.8081280847e-14 2.5330451374e-14
3.2189941406e+02 5.3408495009e-14 2.8081554322e-14 2.5326940687e-14
3.2196044922e+02 5.3422551753e-14 2.8080702204e-14 2.5341849550e-14
3.2202148438e+02 5.3430160466e-14 2.8072348091e-14 2.5357812375e-14
3.2208251953e+02 5.3406764778e-14 2.8046649230e-14 2.5360115549e-14
3.2214355469e+02 5.3360020540e-14 2.8007809948e-14 2.5352210592e-14
3.2220458984e+02 5.3323329277e-14 2.7976219388e-14 2.5347109888e-14
3.2226562500e+02 5.3310546655e-14 2.7966718412e-14 2.5343828243e-14
3.2232666016e+02 5.3305449458e-14 2.7978158112e-14 2.5327291346e-14
3.2238769531e+02 5.3296316712e-14 2.8002707908e-14 2.5293608804e-14
3.2244873047e+02 5.3294323247e-14 2.8034313617e-14 2.5260009630e-14
3.2250976562e+02 5.3313312468e-14 2.8068372424e-14 2.5244940044e-14
3.2257080078e+02 5.3343825842e-14 2.8096451127e-14 2.5247374715e-14
3.2263183594e+02 5.3356984138e-14 2.8104603523e-14 2.5252380616e-14
3.2269287109e+02 5.3334859961e-14 2.8084132802e-14 2.5250727159e-14
3.2275390625e+02 5.3282256991e-14 2.8041740239e-14 2.5240516752e-14
3.2281494141e+02 5.3207549352e-14 2.7993217643e-14 2.5214331708e-14
3.2287597656e+02 5.3118040826e-14 2.7951682427e-14 2.5166358399e-14
3.2293701172e+02 5.3030090161e-14 2.7918509222e-14 2.5111580939e-14
3.2299804688e+02 5.2957084526e-14 2.7882830443e-14 2.5074254083e-14
3.2305908203e+02 5.2901622092e-14 2.7842791304e-14 2.5058830788e-14
3.2312011719e+02 5.2871800793e-14 2.7819554412e-14 2.5052246381e-14
3.2318115234e+02 5.2880566871e-14 2.7832205044e-14 2.5048361827e-14
3.2324218750e+02 5.2923748092e-14 2.7872554453e-14 2.5051193639e-14
3.2330322266e+02 5.2975684390e-14 2.7916076934e-14 2.5059607456e-14
3.2336425781e+02 5.3007985994e-14 2.7944114002e-14 2.5063871993e-14
3.2342529297e+02 5.3008166594e-14 2.7952501355e-14 2.5055665239e-14
3.2348632812e+02 5.2982753031e-14 2.7948383478e-14 2.5034369553e-14
3.2354736328e+02 5.2942823618e-14 2.7937280542e-14 2.5005543076e-14
3.2360839844e+02 5.2889465927e-14 2.7911892200e-14 2.4977573727e-14
3.2366943359e+02 5.2824005628e-14 2.7866705980e-14 2.4957299649e-14
3.2373046875e+02 5.2767380924e-14 2.7821214334e-14 2.4946166590e-14
3.2379150391e+02 5.2745323744e-14 2.7802578909e-14 2.4942744835e-14
3.2385253906e+02 5.2752159293e-14 2.7806693402e-14 2.4945465891e-14
3.2391357422e+02 5.2753108762e-14 2.7802408967e-14 2.4950699794e-14
3.2397460938e+02 5.2723576559e-14 2.7767565361e-14 2.4956011198e-14
3.2403564453e+02 5.2661830366e-14 2.7701474059e-14 2.4960356307e-14
3.2409667969e+02 5.2572527743e-14 2.7618295978e-14 2.4954231765e-14
3.2415771484e+02 5.2476234599e-14 2.7549077989e-14 2.4927156610e-14
3.2421875000e+02 5.2419904004e-14 2.7529923717e-14 2.4889980287e-14
3.2427978516e+02 5.2433261401e-14 2.7563356767e-14 2.4869904634e-14
3.2434082031e+02 5.2488739817e-14 2.7610723990e-14 2.4878015827e-14
3.2440185547e+02 5.2530442625e-14 2.7639429561e-14 2.4891013064e-14
3.2446289062e+02 5.2525829126e-14 2.7653972355e-14 2.4871856770e-14
3.2452392578e+02 5.2484234099e-14 2.7672471435e-14 2.4811762664e-14
3.2458496094e+02 5.2441719024e-14 2.7696333225e-14 2.4745385798e-14
3.2464599609e+02 5.2425799538e-14 2.7709392727e-14 2.4716406811e-14
3.2470703125e+02 5.2432739978e-14 2.7696578070e-14 2.4736161908e-14
3.2476806641e+02 5.2443387635e-14 2.7660601280e-14 2.4782786355e-14
3.2482910156e+02 5.2447647259e-14 2.7620738789e-14 2.4826908470e-14
3.2489013672e+02 5.2444945108e-14 2.7596994904e-14 2.4847950203e-14
3.2495117188e+02 5.2434650313e-14 2.7597820388e-14 2.4836829925e-14
3.2501220703e+02 5.2416924514e-14 2.7616560326e-14 2.4800364187e-14
3.2507324219e+02 5.2395543296e-14 2.7633475674e-14 2.4762067623e-14
3.2513427734e+02 5.2372500698e-14 2.7631143842e-14 2.4741356856e-14
3.2519531250e+02 5.2350788993e-14 2.7617550464e-14 2.4733238529e-14
3.2525634766e+02 5.2342968551e-14 2.7623088821e-14 2.4719879729e-14
3.2531738281e+02 5.2352251607e-14 2.7660026277e-14 2.4692225331e-14
3.2537841797e+02 5.2347446263e-14 2.7694146593e-14 2.4653299670e-14
3.2543945312e+02 5.2291907579e-14 2.7679363730e-14 2.4612543849e-14
3.2550048828e+02 5.2197486071e-14 2.7615460571e-14 2.4582025500e-14
3.2556152344e+02 5.2116393536e-14 2.7544805964e-14 2.4571587572e-14
3.2562255859e+02 5.2079799168e-14 2.7498059186e-14 2.4581739982e-14
3.2568359375e+02 5.2072448263e-14 2.7474700298e-14 2.4597747964e-14
3.2574462891e+02 5.2067644152e-14 2.7470264733e-14 2.4597379419e-14
3.2580566406e+02 5.2057620892e-14 2.7484966931e-14 2.4572653961e-14
3.2586669922e+02 5.2042258834e-14 2.7505136451e-14 2.4537122382e-14
3.2592773438e+02 5.2013963425e-14 2.7504597888e-14 2.4509365537e-14
3.2598876953e+02 5.1967553316e-14 2.7470180184e-14 2.4497373131e-14
3.2604980469e+02 5.1914419702e-14 2.7418453486e-14 2.4495966216e-14
3.2611083984e+02 5.1873908845e-14 2.7382996637e-14 2.4490912208e-14
3.2617187500e+02 5.1850822891e-14 2.7380600300e-14 2.4470222591e-14
3.2623291016e+02 5.1833842330e-14 2.7394678665e-14 2.4439163665e-14
3.2629394531e+02 5.1815412396e-14 2.7397764277e-14 2.4417648119e-14
3.2635498047e+02 5.1796163018e-14 2.7379892409e-14 2.4416270608e-14
3.2641601562e+02 5.1773557498e-14 2.7350251025e-14 2.4423306473e-14
3.2647705078e+02 5.1746979590e-14 2.7324498595e-14 2.4422480995e-14
3.2653808594e+02 5.1726013579e-14 2.7312670109e-14 2.4413343471e-14
3.2659912109e+02 5.1713970884e-14 2.7309887194e-14 2.4404083690e-14
3.2666015625e+02 5.1696457385e-14 2.7300568368e-14 2.4395889017e-14
3.2672119141e+02 5.1659587191e-14 2.7276051619e-14 2.4383535572e-14
3.2678222656e+02 5.1607412273e-14 2.7246464773e-14 2.4360947500e-14
3.2684326172e+02 5.1560166836e-14 2.7233052571e-14 2.4327114264e-14
3.2690429688e+02 5.1536543243e-14 2.7243235923e-14 2.4293307320e-14
3.2696533203e+02 5.1527995417e-14 2.7254188777e-14 2.4273806641e-14
3.2702636719e+02 5.1501881292e-14 2.7233359679e-14 2.4268521613e-14
3.2708740234e+02 5.1443829733e-14 2.7176760161e-14 2.4267069571e-14
3.2714843750e+02 5.1383811753e-14 2.7117917170e-14 2.4265894583e-14
3.2720947266e+02 5.1365813488e-14 2.7097415286e-14 2.4268398202e-14
3.2727050781e+02 5.1396902735e-14 2.7125854679e-14 2.4271048056e-14
3.2733154297e+02 5.1441305368e-14 2.7178248564e-14 2.4263056805e-14
3.2739257812e+02 5.1465264951e-14 2.7221557178e-14 2.4243707773e-14
3.2745361328e+02 5.1467889023e-14 2.7239782338e-14 2.4228106686e-14
3.2751464844e+02 5.1462128350e-14 2.7237662975e-14 2.4224465375e-14
3.2757568359e+02 5.1446908883e-14 2.7231849440e-14 2.4215059443e-14
3.2763671875e+02 5.1416939067e-14 2.7237021120e-14 2.4179917948e-14
3.2769775391e+02 5.1393808255e-14 2.7258161869e-14 2.4135646386e-14
3.2775878906e+02 5.1414042826e-14 2.7291397036e-14 2.4122645791e-14
3.2781982422e+02 5.1471018380e-14 2.7321072248e-14 2.4149946132e-14
3.2788085938e+02 5.1505460237e-14 2.7325834034e-14 2.4179626203e-14
3.2794189453e+02 5.1476942807e-14 2.7302835052e-14 2.4174107754e-14
3.2800292969e+02 5.1415196655e-14 2.7273841375e-14 2.4141355280e-14
3.2806396484e+02 5.1381838806e-14 2.7258134418e-14 2.4123704388e-14
3.2812500000e+02 5.1401848317e-14 2.7253368979e-14 2.4148479338e-14
3.2818603516e+02 5.1445178063e-14 2.7247713182e-14 2.4197464881e-14
3.2824707031e+02 5.1464790208e-14 2.7237909961e-14 2.4226880247e-14
3.2830810547e+02 5.1441665107e-14 2.7229380394e-14 2.4212284713e-14
3.2836914062e+02 5.1391460162e-14 2.7224505214e-14 2.4166954948e-14
3.2843017578e+02 5.1336093570e-14 2.7215938958e-14 2.4120154612e-14
3.2849121094e+02 5.1278922875e-14 2.7191567778e-14 2.4087355097e-14
3.2855224609e+02 5.1211491017e-14 2.7147970700e-14 2.4063520316e-14
3.2861328125e+02 5.1135981501e-14 2.7098809590e-14 2.4037171911e-14
3.2867431641e+02 5.1069698447e-14 2.7065230229e-14 2.4004468218e-14
3.2873535156e+02 5.1032278993e-14 2.7056815036e-14 2.3975463957e-14
3.2879638672e+02 5.1031369749e-14 2.7062353848e-14 2.3969015901e-14
3.2885742188e+02 5.1053109401e-14 2.7060146543e-14 2.3992962858e-14
3.2891845703e+02 5.1070371714e-14 2.7040434763e-14 2.4029936951e-14
3.2897949219e+02 5.1066933540e-14 2.7015203060e-14 2.4051730479e-14
3.2904052734e+02 5.1049390325e-14 2.7003203831e-14 2.4046186494e-14
3.2910156250e+02 5.1033607902e-14 2.7012113853e-14 2.4021494049e-14
3.2916259766e+02 5.1022628976e-14 2.7035982405e-14 2.3986646571e-14
3.2922363281e+02 5.1000807305e-14 2.7060317412e-14 2.3940489893e-14
3.2928466797e+02 5.0952692045e-14 2.7068824356e-14 2.3883867689e-14
3.2934570312e+02 5.0885354846e-14 2.7053395809e-14 2.3831959037e-14
3.2940673828e+02 5.0825667269e-14 2.7020189838e-14 2.3805477431e-14
3.2946777344e+02 5.0795353934e-14 2.6984720395e-14 2.3810633539e-14
3.2952880859e+02 5.0791539980e-14 2.6961924414e-14 2.3829615567e-14
3.2958984375e+02 5.0792317980e-14 2.6959259103e-14 2.3833058877e-14
3.2965087891e+02 5.0783948664e-14 2.6974219342e-14 2.3809729321e-14
3.2971191406e+02 5.0776855487e-14 2.6995454453e-14 2.3781401033e-14
3.2977294922e+02 5.0782698983e-14 2.7007410966e-14 2.3775288017e-14
3.2983398438e+02 5.0791131641e-14 2.6999981055e-14 2.3791150586e-14
3.2989501953e+02 5.0789599062e-14 2.6978508816e-14 2.3811090246e-14
3.2995605469e+02 5.0785982618e-14 2.6961078740e-14 2.3824903878e-14
3.3001708984e+02 5.0796142424e-14 2.6963641441e-14 2.3832500983e-14
3.3007812500e+02 5.0824410561e-14 2.6987948887e-14 2.3836461674e-14
3.3013916016e+02 5.0854665425e-14 2.7018353495e-14 2.3836311930e-14
3.3020019531e+02 5.0854675839e-14 2.7031815558e-14 2.3822860280e-14
3.3026123047e+02 5.0808570097e-14 2.7021027776e-14 2.3787542321e-14
3.3032226562e+02 5.0742026342e-14 2.7001503521e-14 2.3740522821e-14
3.3038330078e+02 5.0693667960e-14 2.6988704718e-14 2.3704963242e-14
3.3044433594e+02 5.0676361949e-14 2.6982931263e-14 2.3693430686e-14
3.3050537109e+02 5.0678730764e-14 2.6979136021e-14 2.3699594743e-14
3.3056640625e+02 5.0684226379e-14 2.6975238031e-14 2.3708988348e-14
3.3062744141e+02 5.0680679688e-14 2.6968823559e-14 2.3711856128e-14
3.3068847656e+02 5.0655434711e-14 2.6950163811e-14 2.3705270900e-14
3.3074951172e+02 5.0590665676e-14 2.6904342533e-14 2.3686323144e-14
3.3081054688e+02 5.0485963419e-14 2.6832570704e-14 2.3653392716e-14
3.3087158203e+02 5.0378750817e-14 2.6764242940e-14 2.3614507877e-14
3.3093261719e+02 5.0314155808e-14 2.6732323712e-14 2.3581832095e-14
3.3099365234e+02 5.0305443866e-14 2.6745696560e-14 2.3559747307e-14
3.3105468750e+02 5.0336010305e-14 2.6790139160e-14 2.3545871145e-14
3.3111572266e+02 5.0375810583e-14 2.6840796776e-14 2.3535013807e-14
3.3117675781e+02 5.0393438218e-14 2.6874889956e-14 2.3518548262e-14
3.3123779297e+02 5.0374857172e-14 2.6885332065e-14 2.3489525107e-14
3.3129882812e+02 5.0330362487e-14 2.6878811338e-14 2.3451551149e-14
3.3135986328e+02 5.0278826927e-14 2.6860268702e-14 2.3418558224e-14
3.3142089844e+02 5.0232077630e-14 2.6830345817e-14 2.3401731813e-14
3.3148193359e+02 5.0191960130e-14 2.6794119396e-14 2.3397840734e-14
3.3154296875e+02 5.0159427989e-14 2.6762281386e-14 2.3397146603e-14
3.3160400391e+02 5.0146429849e-14 2.6746894141e-14 2.3399535708e-14
3.3166503906e+02 5.0165935400e-14 2.6753709869e-14 2.3412225531e-14
3.3172607422e+02 5.0204061288e-14 2.6771310175e-14 2.3432751113e-14
3.3178710938e+02 5.0221482237e-14 2.6777133326e-14 2.3444348912e-14
3.3184814453e+02 5.0194989471e-14 2.6761186983e-14 2.3433802488e-14
3.3190917969e+02 5.0144076710e-14 2.6732870217e-14 2.3411206493e-14
3.3197021484e+02 5.0109813850e-14 2.6706470875e-14 2.3403342975e-14
3.3203125000e+02 5.0119298350e-14 2.6696443186e-14 2.3422855163e-14
3.3209228516e+02 5.0171462670e-14 2.6716879821e-14 2.3454582849e-14
3.3215332031e+02 5.0238811766e-14 2.6761862538e-14 2.3476949227e-14
3.3221435547e+02 5.0276743752e-14 2.6795701549e-14 2.3481042203e-14
3.3227539062e+02 5.0251965563e-14 2.6783638731e-14 2.3468326832e-14
3.3233642578e+02 5.0172971883e-14 2.6725312149e-14 2.3447659734e-14
3.3239746094e+02 5.0082409536e-14 2.6649091967e-14 2.3433317569e-14
3.3245849609e+02 5.0020804338e-14 2.6587521446e-14 2.3433282892e-14
3.3251953125e+02 5.0001971695e-14 2.6562695858e-14 2.3439275837e-14
3.3258056641e+02 5.0010721667e-14 2.6576633859e-14 2.3434087808e-14
3.3264160156e+02 5.0019620339e-14 2.6610451200e-14 2.3409169139e-14
3.3270263672e+02 5.0014392078e-14 2.6641768941e-14 2.3372623137e-14
3.3276367188e+02 5.0001744830e-14 2.6659593354e-14 2.3342151476e-14
3.3282470703e+02 4.9993147153e-14 2.6663856417e-14 2.3329290736e-14
3.3288574219e+02 4.9988371949e-14 2.6661762550e-14 2.3326609399e-14
3.3294677734e+02 4.9978350481e-14 2.6660356947e-14 2.3317993534e-14
3.3300781250e+02 4.9956385234e-14 2.6655033492e-14 2.3301351743e-14
3.3306884766e+02 4.9922704773e-14 2.6635394649e-14 2.3287310124e-14
3.3312988281e+02 4.9889573419e-14 2.6607313342e-14 2.3282260077e-14
3.3319091797e+02 4.9879014644e-14 2.6593065063e-14 2.3285949581e-14
3.3325195312e+02 4.9898273417e-14 2.6600650239e-14 2.3297623178e-14
3.3331298828e+02 4.9920805794e-14 2.6605964535e-14 2.3314841259e-14
3.3337402344e+02 4.9908194726e-14 2.6578574152e-14 2.3329620574e-14
3.3343505859e+02 4.9850335151e-14 2.6518154339e-14 2.3332180813e-14
3.3349609375e+02 4.9771853946e-14 2.6453657808e-14 2.3318196138e-14
3.3355712891e+02 4.9707539764e-14 2.6416723661e-14 2.3290816103e-14
3.3361816406e+02 4.9684759514e-14 2.6425368416e-14 2.3259391099e-14
3.3367919922e+02 4.9716567489e-14 2.6478934970e-14 2.3237632519e-14
3.3374023438e+02 4.9797184008e-14 2.6557804971e-14 2.3239379037e-14
3.3380126953e+02 4.9902428542e-14 2.6632576875e-14 2.3269851667e-14
3.3386230469e+02 4.9991754105e-14 2.6676906674e-14 2.3314847431e-14
3.3392333984e+02 5.0020746485e-14 2.6677300431e-14 2.3343446055e-14
3.3398437500e+02 4.9975113027e-14 2.6641174500e-14 2.3333938527e-14
3.3404541016e+02 4.9892158131e-14 2.6595653672e-14 2.3296504459e-14
3.3410644531e+02 4.9829598210e-14 2.6568862231e-14 2.3260735980e-14
3.3416748047e+02 4.9810721570e-14 2.6567660690e-14 2.3243060880e-14
3.3422851562e+02 4.9814619912e-14 2.6579528878e-14 2.3235091034e-14
3.3428955078e+02 4.9820023563e-14 2.6597025693e-14 2.3222997870e-14
3.3435058594e+02 4.9833560782e-14 2.6624883376e-14 2.3208677406e-14
3.3441162109e+02 4.9864299755e-14 2.6659151153e-14 2.3205148602e-14
3.3447265625e+02 4.9896414049e-14 2.6680189988e-14 2.3216224061e-14
3.3453369141e+02 4.9904781598e-14 2.6674454771e-14 2.3230326827e-14
3.3459472656e+02 4.9880526256e-14 2.6647762700e-14 2.3232763556e-14
3.3465576172e+02 4.9829577073e-14 2.6614404711e-14 2.3215172362e-14
3.3471679688e+02 4.9761661449e-14 2.6583275847e-14 2.3178385601e-14
3.3477783203e+02 4.9690521635e-14 2.6552816764e-14 2.3137704870e-14
3.3483886719e+02 4.9632834104e-14 2.6519496641e-14 2.3113337463e-14
3.3489990234e+02 4.9599704441e-14 2.6493764959e-14 2.3105939482e-14
3.3496093750e+02 4.9594955997e-14 2.6494619046e-14 2.3100336950e-14
3.3502197266e+02 4.9615730379e-14 2.6520887320e-14 2.3094843059e-14
3.3508300781e+02 4.9646789679e-14 2.6544453468e-14 2.3102336211e-14
3.3514404297e+02 4.9662981136e-14 2.6540538250e-14 2.3122442886e-14
3.3520507812e+02 4.9644004766e-14 2.6509732119e-14 2.3134272647e-14
3.3526611328e+02 4.9590958705e-14 2.6471074529e-14 2.3119884176e-14
3.3532714844e+02 4.9532199816e-14 2.6447865919e-14 2.3084333897e-14
3.3538818359e+02 4.9502500835e-14 2.6451771588e-14 2.3050729247e-14
3.3544921875e+02 4.9510965292e-14 2.6472156457e-14 2.3038808835e-14
3.3551025391e+02 4.9537427034e-14 2.6488741391e-14 2.3048685643e-14
3.3557128906e+02 4.9555255585e-14 2.6491120091e-14 2.3064135495e-14
3.3563232422e+02 4.9549685593e-14 2.6479826156e-14 2.3069859437e-14
3.3569335938e+02 4.9524754302e-14 2.6460656319e-14 2.3064097984e-14
3.3575439453e+02 4.9498123850e-14 2.6444005730e-14 2.3054118120e-14
3.3581542969e+02 4.9484254159e-14 2.6440975938e-14 2.3043278220e-14
3.3587646484e+02 4.9485517793e-14 2.6457870016e-14 2.3027647777e-14
3.3593750000e+02 4.9496796847e-14 2.6492597461e-14 2.3004199387e-14
3.3599853516e+02 4.9510723319e-14 2.6532009606e-14 2.2978713713e-14
3.3605957031e+02 4.9525172870e-14 2.6559828946e-14 2.2965343924e-14
3.3612060547e+02 4.9546879838e-14 2.6568482876e-14 2.2978396962e-14
3.3618164062e+02 4.9578231114e-14 2.6557671174e-14 2.3020559940e-14
3.3624267578e+02 4.9609418553e-14 2.6532962020e-14 2.3076456533e-14
3.3630371094e+02 4.9630363418e-14 2.6508825966e-14 2.3121537453e-14
3.3636474609e+02 4.9634510483e-14 2.6495708748e-14 2.3138801735e-14
3.3642578125e+02 4.9610798891e-14 2.6485585687e-14 2.3125213204e-14
3.3648681641e+02 4.9552133291e-14 2.6464213356e-14 2.3087919936e-14
3.3654785156e+02 4.9472324132e-14 2.6431870312e-14 2.3040453819e-14
3.3660888672e+02 4.9400841510e-14 2.6401940957e-14 2.2998900554e-14
3.3666992188e+02 4.9359735401e-14 2.6386186377e-14 2.2973549024e-14
3.3673095703e+02 4.9350560028e-14 2.6388327926e-14 2.2962232102e-14
3.3679199219e+02 4.9362437034e-14 2.6403895805e-14 2.2958541230e-14
3.3685302734e+02 4.9388063797e-14 2.6423326971e-14 2.2964736827e-14
3.3691406250e+02 4.9427889901e-14 2.6441399847e-14 2.2986490055e-14
3.3697509766e+02 4.9477666458e-14 2.6459836484e-14 2.3017829974e-14
3.3703613281e+02 4.9519305470e-14 2.6478757785e-14 2.3040547684e-14
3.3709716797e+02 4.9535167451e-14 2.6494179187e-14 2.3040988264e-14
3.3715820312e+02 4.9526289202e-14 2.6500725833e-14 2.3025563369e-14
3.3721923828e+02 4.9504743730e-14 2.6490400356e-14 2.3014343374e-14
3.3728027344e+02 4.9476930620e-14 2.6457078307e-14 2.3019852313e-14
3.3734130859e+02 4.9441748928e-14 2.6405342975e-14 2.3036405952e-14
3.3740234375e+02 4.9396119115e-14 2.6349609313e-14 2.3046509802e-14
3.3746337891e+02 4.9345076559e-14 2.6306202924e-14 2.3038873635e-14
3.3752441406e+02 4.9309344366e-14 2.6286875836e-14 2.3022468530e-14
3.3758544922e+02 4.9308795124e-14 2.6295300100e-14 2.3013495024e-14
3.3764648438e+02 4.9337582515e-14 2.6326465313e-14 2.3011117201e-14
3.3770751953e+02 4.9368645664e-14 2.6368308059e-14 2.3000337605e-14
3.3776855469e+02 4.9379768267e-14 2.6405558247e-14 2.2974210020e-14
3.3782958984e+02 4.9371381654e-14 2.6427706916e-14 2.2943674738e-14
3.3789062500e+02 4.9368124249e-14 2.6439085298e-14 2.2929038951e-14
3.3795166016e+02 4.9396216170e-14 2.6456459455e-14 2.2939756715e-14
3.3801269531e+02 4.9448322829e-14 2.6485515157e-14 2.2962807672e-14
3.3807373047e+02 4.9486306904e-14 2.6506741166e-14 2.2979565738e-14
3.3813476562e+02 4.9485906802e-14 2.6499882644e-14 2.2986024158e-14
3.3819580078e+02 4.9459285342e-14 2.6471333750e-14 2.2987951592e-14
3.3825683594e+02 4.9432603164e-14 2.6442662052e-14 2.2989941112e-14
3.3831787109e+02 4.9423016871e-14 2.6426428484e-14 2.2996588387e-14
3.3837890625e+02 4.9433577573e-14 2.6423366604e-14 2.3010210968e-14
3.3843994141e+02 4.9450360762e-14 2.6428092178e-14 2.3022268584e-14
3.3850097656e+02 4.9450678271e-14 2.6430919883e-14 2.3019758388e-14
3.3856201172e+02 4.9426365755e-14 2.6424586331e-14 2.3001779424e-14
3.3862304688e+02 4.9393613166e-14 2.6413384894e-14 2.2980228272e-14
3.3868408203e+02 4.9376921339e-14 2.6411546996e-14 2.2965374344e-14
3.3874511719e+02 4.9386026343e-14 2.6427770394e-14 2.2958255948e-14
3.3880615234e+02 4.9406122784e-14 2.6449395201e-14 2.2956727583e-14
3.3886718750e+02 4.9413187627e-14 2.6451807677e-14 2.2961379950e-14
3.3892822266e+02 4.9400144779e-14 2.6430351505e-14 2.2969793274e-14
3.3898925781e+02 4.9377429481e-14 2.6406758142e-14 2.2970671339e-14
3.3905029297e+02 4.9351226386e-14 2.6396505628e-14 2.2954720758e-14
3.3911132812e+02 4.9320982658e-14 2.6391236906e-14 2.2929745753e-14
3.3917236328e+02 4.9298645219e-14 2.6381372905e-14 2.2917272314e-14
3.3923339844e+02 4.9307326595e-14 2.6374741142e-14 2.2932585453e-14
3.3929443359e+02 4.9347500939e-14 2.6380186985e-14 2.2967313953e-14
3.3935546875e+02 4.9384056546e-14 2.6390025497e-14 2.2994031049e-14
3.3941650391e+02 4.9391259444e-14 2.6396491020e-14 2.2994768424e-14
3.3947753906e+02 4.9390599046e-14 2.6407761210e-14 2.2982837835e-14
3.3953857422e+02 4.9413713475e-14 2.6428064149e-14 2.2985649326e-14
3.3959960938e+02 4.9448866541e-14 2.6441708569e-14 2.3007157972e-14
3.3966064453e+02 4.9457876656e-14 2.6434836334e-14 2.3023040322e-14
3.3972167969e+02 4.9435217355e-14 2.6418100196e-14 2.3017117159e-14
3.3978271484e+02 4.9419175260e-14 2.6416469690e-14 2.3002705570e-14
3.3984375000e+02 4.9440415977e-14 2.6443032824e-14 2.2997383153e-14
3.3990478516e+02 4.9483122463e-14 2.6484155725e-14 2.2998966738e-14
3.3996582031e+02 4.9507898592e-14 2.6509075194e-14 2.2998823397e-14
3.4002685547e+02 4.9495134425e-14 2.6499024935e-14 2.2996109490e-14
3.4008789062e+02 4.9454129023e-14 2.6466267346e-14 2.2987861677e-14
3.4014892578e+02 4.9404530880e-14 2.6441650459e-14 2.2962880420e-14
3.4020996094e+02 4.9361904627e-14 2.6445818997e-14 2.2916085629e-14
3.4027099609e+02 4.9330935652e-14 2.6469043761e-14 2.2861891891e-14
3.4033203125e+02 4.9301123330e-14 2.6477004060e-14 2.2824119270e-14
3.4039306641e+02 4.9258200828e-14 2.6442750742e-14 2.2815450087e-14
3.4045410156e+02 4.9207250444e-14 2.6373750704e-14 2.2833499741e-14
3.4051513672e+02 4.9173689118e-14 2.6306130717e-14 2.2867558402e-14
3.4057617188e+02 4.9175832018e-14 2.6274668013e-14 2.2901164004e-14
3.4063720703e+02 4.9203813035e-14 2.6285500672e-14 2.2918312363e-14
3.4069824219e+02 4.9229243408e-14 2.6314932361e-14 2.2914311047e-14
3.4075927734e+02 4.9234878178e-14 2.6335680729e-14 2.2899197449e-14
3.4082031250e+02 4.9232242247e-14 2.6342063707e-14 2.2890178540e-14
3.4088134766e+02 4.9246493869e-14 2.6348523033e-14 2.2897970836e-14
3.4094238281e+02 4.9287643128e-14 2.6369096675e-14 2.2918546453e-14
3.4100341797e+02 4.9342065035e-14 2.6402148338e-14 2.2939916697e-14
3.4106445312e+02 4.9388536479e-14 2.6433840342e-14 2.2954696137e-14
3.4112548828e+02 4.9416845121e-14 2.6455005012e-14 2.2961840109e-14
3.4118652344e+02 4.9431271147e-14 2.6470512631e-14 2.2960758516e-14
3.4124755859e+02 4.9440834401e-14 2.6487857253e-14 2.2952977148e-14
3.4130859375e+02 4.9446746670e-14 2.6501909106e-14 2.2944837564e-14
3.4136962891e+02 4.9442204675e-14 2.6502019384e-14 2.2940185291e-14
3.4143066406e+02 4.9432556778e-14 2.6494447899e-14 2.2938108879e-14
3.4149169922e+02 4.9440261737e-14 2.6501151693e-14 2.2939110044e-14
3.4155273438e+02 4.9473242192e-14 2.6528332856e-14 2.2944909336e-14
3.4161376953e+02 4.9508964377e-14 2.6552863522e-14 2.2956100855e-14
3.4167480469e+02 4.9523647319e-14 2.6551623850e-14 2.2972023470e-14
3.4173583984e+02 4.9515841781e-14 2.6529839255e-14 2.2986002527e-14
3.4179687500e+02 4.9492633745e-14 2.6507946672e-14 2.2984687073e-14
3.4185791016e+02 4.9455677703e-14 2.6494589305e-14 2.2961088398e-14
3.4191894531e+02 4.9409683286e-14 2.6485648287e-14 2.2924034999e-14
3.4197998047e+02 4.9367134991e-14 2.6479271913e-14 2.2887863078e-14
3.4204101562e+02 4.9336014883e-14 2.6477181831e-14 2.2858833052e-14
3.4210205078e+02 4.9309547558e-14 2.6472129643e-14 2.2837417915e-14
3.4216308594e+02 4.9273818113e-14 2.6448194971e-14 2.2825623142e-14
3.4222412109e+02 4.9226856580e-14 2.6400818287e-14 2.2826038293e-14
3.4228515625e+02 4.9186936470e-14 2.6347427715e-14 2.2839508755e-14
3.4234619141e+02 4.9179665975e-14 2.6313239151e-14 2.2866426824e-14
3.4240722656e+02 4.9220614276e-14 2.6312864676e-14 2.2907749599e-14
3.4246826172e+02 4.9301487873e-14 2.6341066130e-14 2.2960421743e-14
3.4252929688e+02 4.9381395614e-14 2.6372958692e-14 2.3008436923e-14
3.4259033203e+02 4.9411116447e-14 2.6383620899e-14 2.3027495549e-14
3.4265136719e+02 4.9381092104e-14 2.6373579086e-14 2.3007513018e-14
3.4271240234e+02 4.9329378923e-14 2.6362762034e-14 2.2966616889e-14
3.4277343750e+02 4.9297273390e-14 2.6360507024e-14 2.2936766366e-14
3.4283447266e+02 4.9289300643e-14 2.6357208191e-14 2.2932092452e-14
3.4289550781e+02 4.9278137144e-14 2.6342795039e-14 2.2935342105e-14
3.4295654297e+02 4.9243947488e-14 2.6321615674e-14 2.2922331813e-14
3.4301757812e+02 4.9203033960e-14 2.6310477847e-14 2.2892556113e-14
3.4307861328e+02 4.9188682455e-14 2.6322795272e-14 2.2865887183e-14
3.4313964844e+02 4.9211145226e-14 2.6354656098e-14 2.2856489128e-14
3.4320068359e+02 4.9251664870e-14 2.6391755140e-14 2.2859909730e-14
3.4326171875e+02 4.9289596597e-14 2.6425631503e-14 2.2863965094e-14
3.4332275391e+02 4.9320899085e-14 2.6455268748e-14 2.2865630338e-14
3.4338378906e+02 4.9349041122e-14 2.6477192570e-14 2.2871848553e-14
3.4344482422e+02 4.9371231949e-14 2.6484868049e-14 2.2886363900e-14
3.4350585938e+02 4.9384004248e-14 2.6480140590e-14 2.2903863658e-14
3.4356689453e+02 4.9391542454e-14 2.6474128065e-14 2.2917414389e-14
3.4362792969e+02 4.9396848987e-14 2.6470300518e-14 2.2926548469e-14
3.4368896484e+02 4.9390283026e-14 2.6456272972e-14 2.2934010055e-14
3.4375000000e+02 4.9357328884e-14 2.6422139250e-14 2.2935189633e-14
3.4381103516e+02 4.9297759192e-14 2.6378498053e-14 2.2919261139e-14
3.4387207031e+02 4.9224013603e-14 2.6340634136e-14 2.2883379468e-14
3.4393310547e+02 4.9142772814e-14 2.6304621734e-14 2.2838151080e-14
3.4399414062e+02 4.9057985054e-14 2.6259940011e-14 2.2798045043e-14
3.4405517578e+02 4.8985330294e-14 2.6214258900e-14 2.2771071394e-14
3.4411621094e+02 4.8944635555e-14 2.6186497392e-14 2.2758138163e-14
3.4417724609e+02 4.8946648462e-14 2.6186925367e-14 2.2759723095e-14
3.4423828125e+02 4.8989392744e-14 2.6213304735e-14 2.2776088009e-14
3.4429931641e+02 4.9051595531e-14 2.6254306459e-14 2.2797289072e-14
3.4436035156e+02 4.9098724421e-14 2.6294362560e-14 2.2804361860e-14
3.4442138672e+02 4.9109701240e-14 2.6320538481e-14 2.2789162759e-14
3.4448242188e+02 4.9092730912e-14 2.6325457716e-14 2.2767273196e-14
3.4454345703e+02 4.9076309444e-14 2.6310247274e-14 2.2766062170e-14
3.4460449219e+02 4.9082244816e-14 2.6284698533e-14 2.2797546284e-14
3.4466552734e+02 4.9100240604e-14 2.6256203080e-14 2.2844037524e-14
3.4472656250e+02 4.9099907250e-14 2.6224695779e-14 2.2875211471e-14
3.4478759766e+02 4.9071476113e-14 2.6196507938e-14 2.2874968175e-14
3.4484863281e+02 4.9042648283e-14 2.6193072300e-14 2.2849575983e-14
3.4490966797e+02 4.9051748025e-14 2.6232537356e-14 2.2819210670e-14
3.4497070312e+02 4.9103641819e-14 2.6302233645e-14 2.2801408174e-14
3.4503173828e+02 4.9156949967e-14 2.6360070984e-14 2.2796878983e-14
3.4509277344e+02 4.9167408126e-14 2.6371614495e-14 2.2795793631e-14
3.4515380859e+02 4.9137780549e-14 2.6342947402e-14 2.2794833147e-14
3.4521484375e+02 4.9108879461e-14 2.6310472525e-14 2.2798406937e-14
3.4527587891e+02 4.9109200134e-14 2.6301087778e-14 2.2808112356e-14
3.4533691406e+02 4.9131881000e-14 2.6312516732e-14 2.2819364268e-14
3.4539794922e+02 4.9154564910e-14 2.6328740610e-14 2.2825824300e-14
3.4545898438e+02 4.9162966619e-14 2.6338706902e-14 2.2824259717e-14
3.4552001953e+02 4.9156039813e-14 2.6339146713e-14 2.2816893100e-14
3.4558105469e+02 4.9138365807e-14 2.6330728075e-14 2.2807637732e-14
3.4564208984e+02 4.9112642730e-14 2.6316209877e-14 2.2796432853e-14
3.4570312500e+02 4.9081577243e-14 2.6299206047e-14 2.2782371196e-14
3.4576416016e+02 4.9051179797e-14 2.6282557970e-14 2.2768621827e-14
3.4582519531e+02 4.9024927063e-14 2.6268081619e-14 2.2756845444e-14
3.4588623047e+02 4.8998673794e-14 2.6255798211e-14 2.2742875583e-14
3.4594726562e+02 4.8967360532e-14 2.6242189091e-14 2.2725171441e-14
3.4600830078e+02 4.8931572481e-14 2.6220463127e-14 2.2711109353e-14
3.4606933594e+02 4.8897549340e-14 2.6187315461e-14 2.2710233878e-14
3.4613037109e+02 4.8878976163e-14 2.6154150087e-14 2.2724826076e-14
3.4619140625e+02 4.8890967948e-14 2.6143242746e-14 2.2747725202e-14
3.4625244141e+02 4.8932262166e-14 2.6162989161e-14 2.2769273005e-14
3.4631347656e+02 4.8978116084e-14 2.6193261415e-14 2.2784854668e-14
3.4637451172e+02 4.8995188644e-14 2.6205196443e-14 2.2789992201e-14
3.4643554688e+02 4.8966158312e-14 2.6191913971e-14 2.2774244341e-14
3.4649658203e+02 4.8904648230e-14 2.6171531112e-14 2.2733117118e-14
3.4655761719e+02 4.8845103007e-14 2.6163367651e-14 2.2681735356e-14
3.4661865234e+02 4.8814847263e-14 2.6168062468e-14 2.2646784795e-14
3.4667968750e+02 4.8817131085e-14 2.6171394367e-14 2.2645736717e-14
3.4674072266e+02 4.8835818723e-14 2.6164310464e-14 2.2671508259e-14
3.4680175781e+02 4.8850936903e-14 2.6154607565e-14 2.2696329338e-14
3.4686279297e+02 4.8858464835e-14 2.6158043846e-14 2.2700420989e-14
3.4692382812e+02 4.8874519584e-14 2.6180524860e-14 2.2693994725e-14
3.4698486328e+02 4.8907324030e-14 2.6209055060e-14 2.2698268970e-14
3.4704589844e+02 4.8938056996e-14 2.6223948631e-14 2.2714108365e-14
3.4710693359e+02 4.8947185382e-14 2.6220843565e-14 2.2726341817e-14
3.4716796875e+02 4.8939501312e-14 2.6210348658e-14 2.2729152654e-14
3.4722900391e+02 4.8929606985e-14 2.6200549890e-14 2.2729057095e-14
3.4729003906e+02 4.8923549593e-14 2.6193912021e-14 2.2729637572e-14
3.4735107422e+02 4.8919510403e-14 2.6192115349e-14 2.2727395054e-14
3.4741210938e+02 4.8911986223e-14 2.6192057607e-14 2.2719928616e-14
3.4747314453e+02 4.8898248680e-14 2.6185397916e-14 2.2712850764e-14
3.4753417969e+02 4.8885183454e-14 2.6168198661e-14 2.2716984793e-14
3.4759521484e+02 4.8881171620e-14 2.6146211198e-14 2.2734960422e-14
3.4765625000e+02 4.8883136936e-14 2.6128620795e-14 2.2754516141e-14
3.4771728516e+02 4.8881265313e-14 2.6119800834e-14 2.2761464479e-14
3.4777832031e+02 4.8877769068e-14 2.6123040164e-14 2.2754728904e-14
3.4783935547e+02 4.8892850809e-14 2.6147947465e-14 2.2744903344e-14
3.4790039062e+02 4.8938607964e-14 2.6196396690e-14 2.2742211274e-14
3.4796142578e+02 4.8992060358e-14 2.6243938452e-14 2.2748121905e-14
3.4802246094e+02 4.9015615448e-14 2.6258827040e-14 2.2756788408e-14
3.4808349609e+02 4.8998284909e-14 2.6239994547e-14 2.2758290363e-14
3.4814453125e+02 4.8955166891e-14 2.6216419755e-14 2.2738747136e-14
3.4820556641e+02 4.8899255740e-14 2.6209551637e-14 2.2689704104e-14
3.4826660156e+02 4.8836664429e-14 2.6213495397e-14 2.2623169032e-14
3.4832763672e+02 4.8777099998e-14 2.6209962412e-14 2.2567137586e-14
3.4838867188e+02 4.8730689609e-14 2.6187933955e-14 2.2542755654e-14
3.4844970703e+02 4.8704104411e-14 2.6152449770e-14 2.2551654641e-14
3.4851074219e+02 4.8706640383e-14 2.6122692111e-14 2.2583948271e-14
3.4857177734e+02 4.8740931244e-14 2.6113003098e-14 2.2627928146e-14
3.4863281250e+02 4.8780738038e-14 2.6112223874e-14 2.2668514164e-14
3.4869384766e+02 4.8786584558e-14 2.6095453497e-14 2.2691131061e-14
3.4875488281e+02 4.8755186510e-14 2.6058942646e-14 2.2696243864e-14
3.4881591797e+02 4.8720671606e-14 2.6025747563e-14 2.2694924044e-14
3.4887695312e+02 4.8698784175e-14 2.6013793309e-14 2.2684990866e-14
3.4893798828e+02 4.8671321106e-14 2.6017876609e-14 2.2653444496e-14
3.4899902344e+02 4.8634473256e-14 2.6027383229e-14 2.2607090027e-14
3.4906005859e+02 4.8619214443e-14 2.6043931621e-14 2.2575282822e-14
3.4912109375e+02 4.8647181894e-14 2.6072174683e-14 2.2575007211e-14
3.4918212891e+02 4.8695214961e-14 2.6102584881e-14 2.2592630080e-14
3.4924316406e+02 4.8722031110e-14 2.6117668847e-14 2.2604362262e-14
3.4930419922e+02 4.8715029322e-14 2.6116121801e-14 2.2598907520e-14
3.4936523438e+02 4.8693249906e-14 2.6115189671e-14 2.2578060235e-14
3.4942626953e+02 4.8673509659e-14 2.6123312154e-14 2.2550197505e-14
3.4948730469e+02 4.8652257504e-14 2.6126150570e-14 2.2526106933e-14
3.4954833984e+02 4.8619495728e-14 2.6108830895e-14 2.2510664833e-14
3.4960937500e+02 4.8577256659e-14 2.6080098171e-14 2.2497158488e-14
3.4967041016e+02 4.8535752546e-14 2.6060566080e-14 2.2475186467e-14
3.4973144531e+02 4.8496202192e-14 2.6052246772e-14 2.2443955420e-14
3.4979248047e+02 4.8450535382e-14 2.6036187473e-14 2.2414347910e-14
3.4985351562e+02 4.8399874728e-14 2.6000259453e-14 2.2399615275e-14
3.4991455078e+02 4.8365811541e-14 2.5958045279e-14 2.2407766262e-14
3.4997558594e+02 4.8375921079e-14 2.5938646367e-14 2.2437274712e-14
3.5003662109e+02 4.8433171235e-14 2.5959101012e-14 2.2474070223e-14
3.5009765625e+02 4.8504745201e-14 2.6006603989e-14 2.2498141211e-14
3.5015869141e+02 4.8547328797e-14 2.6049376949e-14 2.2497951847e-14
3.5021972656e+02 4.8539478954e-14 2.6063002577e-14 2.2476476377e-14
3.5028076172e+02 4.8489843268e-14 2.6045226507e-14 2.2444616761e-14
3.5034179688e+02 4.8423121181e-14 2.6011091613e-14 2.2412029567e-14
3.5040283203e+02 4.8361292643e-14 2.5978327711e-14 2.2382964932e-14
3.5046386719e+02 4.8316334395e-14 2.5957583958e-14 2.2358750437e-14
3.5052490234e+02 4.8296070634e-14 2.5954230212e-14 2.2341840423e-14
3.5058593750e+02 4.8305679126e-14 2.5969589690e-14 2.2336089436e-14
3.5064697266e+02 4.8337210799e-14 2.5992453256e-14 2.2344757543e-14
3.5070800781e+02 4.8365182232e-14 2.5998127779e-14 2.2367054453e-14
3.5076904297e+02 4.8360322073e-14 2.5966699102e-14 2.2393622971e-14
3.5083007812e+02 4.8307550114e-14 2.5899965710e-14 2.2407584404e-14
3.5089111328e+02 4.8214597703e-14 2.5819666250e-14 2.2394931453e-14
3.5095214844e+02 4.8113062277e-14 2.5757523509e-14 2.2355538769e-14
3.5101318359e+02 4.8045046779e-14 2.5743021041e-14 2.2302025738e-14
3.5107421875e+02 4.8028697761e-14 2.5781924432e-14 2.2246773330e-14
3.5113525391e+02 4.8040933958e-14 2.5844811578e-14 2.2196122380e-14
3.5119628906e+02 4.8053023916e-14 2.5893056253e-14 2.2159967663e-14
3.5125732422e+02 4.8068385988e-14 2.5916052041e-14 2.2152333947e-14
3.5131835938e+02 4.8106084641e-14 2.5930174835e-14 2.2175909806e-14
3.5137939453e+02 4.8167667211e-14 2.5948074403e-14 2.2219592808e-14
3.5144042969e+02 4.8232333085e-14 2.5963754618e-14 2.2268578466e-14
3.5150146484e+02 4.8268847683e-14 2.5962944935e-14 2.2305902748e-14
3.5156250000e+02 4.8256040609e-14 2.5938458872e-14 2.2317581738e-14
3.5162353516e+02 4.8204083787e-14 2.5898444172e-14 2.2305639615e-14
3.5168457031e+02 4.8147446763e-14 2.5862902593e-14 2.2284544171e-14
3.5174560547e+02 4.8112305022e-14 2.5848603565e-14 2.2263701457e-14
3.5180664062e+02 4.8101266534e-14 2.5855530403e-14 2.2245736131e-14
3.5186767578e+02 4.8106745182e-14 2.5869549501e-14 2.2237195680e-14
3.5192871094e+02 4.8118757883e-14 2.5877804989e-14 2.2240952894e-14
3.5198974609e+02 4.8119685664e-14 2.5877921165e-14 2.2241764499e-14
3.5205078125e+02 4.8094833731e-14 2.5873329381e-14 2.2221504350e-14
3.5211181641e+02 4.8054816572e-14 2.5868146944e-14 2.2186669628e-14
3.5217285156e+02 4.8029626265e-14 2.5865604380e-14 2.2164021884e-14
3.5223388672e+02 4.8034937615e-14 2.5863047199e-14 2.2171890415e-14
3.5229492188e+02 4.8058777600e-14 2.5854467623e-14 2.2204309976e-14
3.5235595703e+02 4.8076639506e-14 2.5841016976e-14 2.2235622530e-14
3.5241699219e+02 4.8065885606e-14 2.5827619912e-14 2.2238265694e-14
3.5247802734e+02 4.8022315722e-14 2.5815625891e-14 2.2206689831e-14
3.5253906250e+02 4.7973685671e-14 2.5810498553e-14 2.2163187118e-14
3.5260009766e+02 4.7957007136e-14 2.5821233097e-14 2.2135774039e-14
3.5266113281e+02 4.7978465831e-14 2.5844248075e-14 2.2134217755e-14
3.5272216797e+02 4.8008758035e-14 2.5862999191e-14 2.2145758844e-14
3.5278320312e+02 4.8017109115e-14 2.5866087188e-14 2.2151021927e-14
3.5284423828e+02 4.8005777795e-14 2.5858944929e-14 2.2146832866e-14
3.5290527344e+02 4.8004674184e-14 2.5857280712e-14 2.2147393472e-14
3.5296630859e+02 4.8023791854e-14 2.5866581389e-14 2.2157210465e-14
3.5302734375e+02 4.8030934083e-14 2.5873432424e-14 2.2157501659e-14
3.5308837891e+02 4.7998229804e-14 2.5867944943e-14 2.2130284861e-14
3.5314941406e+02 4.7945185843e-14 2.5861857025e-14 2.2083328817e-14
3.5321044922e+02 4.7912160088e-14 2.5869662413e-14 2.2042497675e-14
3.5327148438e+02 4.7910473185e-14 2.5885367537e-14 2.2025105648e-14
3.5333251953e+02 4.7913567529e-14 2.5887856688e-14 2.2025710841e-14
3.5339355469e+02 4.7891437388e-14 2.5862341790e-14 2.2029095598e-14
3.5345458984e+02 4.7845718448e-14 2.5815336215e-14 2.2030382234e-14
3.5351562500e+02 4.7804775996e-14 2.5770514919e-14 2.2034261077e-14
3.5357666016e+02 4.7792301976e-14 2.5747913136e-14 2.2044388840e-14
3.5363769531e+02 4.7810516339e-14 2.5747068842e-14 2.2063447498e-14
3.5369873047e+02 4.7839687990e-14 2.5751134459e-14 2.2088553531e-14
3.5375976562e+02 4.7847032682e-14 2.5745686762e-14 2.2101345920e-14
3.5382080078e+02 4.7815211420e-14 2.5731709052e-14 2.2083502368e-14
3.5388183594e+02 4.7762140509e-14 2.5719550644e-14 2.2042589864e-14
3.5394287109e+02 4.7716539161e-14 2.5711853874e-14 2.2004685286e-14
3.5400390625e+02 4.7688209466e-14 2.5701486568e-14 2.1986722899e-14
3.5406494141e+02 4.7677154029e-14 2.5691196182e-14 2.1985957847e-14
3.5412597656e+02 4.7688872831e-14 2.5701133711e-14 2.1987739120e-14
3.5418701172e+02 4.7723491219e-14 2.5744969008e-14 2.1978522211e-14
3.5424804688e+02 4.7763945268e-14 2.5807327750e-14 2.1956617518e-14
3.5430908203e+02 4.7786738571e-14 2.5853792303e-14 2.1932946268e-14
3.5437011719e+02 4.7778710152e-14 2.5857742686e-14 2.1920967466e-14
3.5443115234e+02 4.7742400285e-14 2.5816383726e-14 2.1926016559e-14
3.5449218750e+02 4.7694343963e-14 2.5749939487e-14 2.1944404476e-14
3.5455322266e+02 4.7655623339e-14 2.5687220703e-14 2.1968402636e-14
3.5461425781e+02 4.7634900254e-14 2.5646449903e-14 2.1988450351e-14
3.5467529297e+02 4.7624027867e-14 2.5627454632e-14 2.1996573235e-14
3.5473632812e+02 4.7611500638e-14 2.5619993826e-14 2.1991506812e-14
3.5479736328e+02 4.7593107070e-14 2.5616540328e-14 2.1976566742e-14
3.5485839844e+02 4.7571115446e-14 2.5616744925e-14 2.1954370521e-14
3.5491943359e+02 4.7547927526e-14 2.5619445181e-14 2.1928482345e-14
3.5498046875e+02 4.7521896670e-14 2.5616473058e-14 2.1905423612e-14
3.5504150391e+02 4.7494665598e-14 2.5606864923e-14 2.1887800675e-14
3.5510253906e+02 4.7481886251e-14 2.5611066367e-14 2.1870819884e-14
3.5516357422e+02 4.7499283559e-14 2.5646856319e-14 2.1852427240e-14
3.5522460938e+02 4.7534586004e-14 2.5695296851e-14 2.1839289153e-14
3.5528564453e+02 4.7555244455e-14 2.5718474988e-14 2.1836769466e-14
3.5534667969e+02 4.7542105603e-14 2.5703890110e-14 2.1838215493e-14
3.5540771484e+02 4.7496738661e-14 2.5667677974e-14 2.1829060687e-14
3.5546875000e+02 4.7429305922e-14 2.5625010713e-14 2.1804295210e-14
3.5552978516e+02 4.7354450382e-14 2.5576529094e-14 2.1777921287e-14
3.5559082031e+02 4.7287699143e-14 2.5521243735e-14 2.1766455408e-14
3.5565185547e+02 4.7242543701e-14 2.5471927372e-14 2.1770616329e-14
3.5571289062e+02 4.7234133047e-14 2.5450579945e-14 2.1783553102e-14
3.5577392578e+02 4.7271929024e-14 2.5469545844e-14 2.1802383180e-14
3.5583496094e+02 4.7340439608e-14 2.5519677491e-14 2.1820762117e-14
3.5589599609e+02 4.7401871334e-14 2.5575318384e-14 2.1826552950e-14
3.5595703125e+02 4.7426928041e-14 2.5611528559e-14 2.1815399482e-14
3.5601806641e+02 4.7413852770e-14 2.5617824393e-14 2.1796028377e-14
3.5607910156e+02 4.7378623455e-14 2.5599214666e-14 2.1779408789e-14
3.5614013672e+02 4.7339885727e-14 2.5571100935e-14 2.1768784792e-14
3.5620117188e+02 4.7311368982e-14 2.5549214986e-14 2.1762153995e-14
3.5626220703e+02 4.7296756669e-14 2.5537797454e-14 2.1758959215e-14
3.5632324219e+02 4.7289056715e-14 2.5530378527e-14 2.1758678187e-14
3.5638427734e+02 4.7276848626e-14 2.5521882386e-14 2.1754966240e-14
3.5644531250e+02 4.7255989716e-14 2.5517054529e-14 2.1738935187e-14
3.5650634766e+02 4.7240762480e-14 2.5526118991e-14 2.1714643489e-14
3.5656738281e+02 4.7251767452e-14 2.5547787351e-14 2.1703980101e-14
3.5662841797e+02 4.7283058406e-14 2.5561079517e-14 2.1721978889e-14
3.5668945312e+02 4.7300745425e-14 2.5547512843e-14 2.1753232582e-14
3.5675048828e+02 4.7285926641e-14 2.5516113070e-14 2.1769813571e-14
3.5681152344e+02 4.7259790525e-14 2.5493555121e-14 2.1766235403e-14
3.5687255859e+02 4.7254381314e-14 2.5496912647e-14 2.1757468666e-14
3.5693359375e+02 4.7270367572e-14 2.5521910718e-14 2.1748456855e-14
3.5699462891e+02 4.7277653571e-14 2.5549678752e-14 2.1727974819e-14
3.5705566406e+02 4.7253140486e-14 2.5561146542e-14 2.1691993944e-14
3.5711669922e+02 4.7200620907e-14 2.5548143756e-14 2.1652477150e-14
3.5717773438e+02 4.7139171691e-14 2.5518675181e-14 2.1620496510e-14
3.5723876953e+02 4.7092818246e-14 2.5493993977e-14 2.1598824269e-14
3.5729980469e+02 4.7081960488e-14 2.5489987219e-14 2.1591973268e-14
3.5736083984e+02 4.7106880379e-14 2.5500897491e-14 2.1605982888e-14
3.5742187500e+02 4.7148272319e-14 2.5511058410e-14 2.1637213909e-14
3.5748291016e+02 4.7183788158e-14 2.5513858553e-14 2.1669929604e-14
3.5754394531e+02 4.7193268784e-14 2.5508080919e-14 2.1685187866e-14
3.5760498047e+02 4.7167796886e-14 2.5491423771e-14 2.1676373116e-14
3.5766601562e+02 4.7128343347e-14 2.5469486091e-14 2.1658857256e-14
3.5772705078e+02 4.7110330160e-14 2.5455349086e-14 2.1654981074e-14
3.5778808594e+02 4.7120931353e-14 2.5453246972e-14 2.1667684381e-14
3.5784912109e+02 4.7135188382e-14 2.5455779785e-14 2.1679408597e-14
3.5791015625e+02 4.7134700945e-14 2.5457934302e-14 2.1676766643e-14
3.5797119141e+02 4.7125946157e-14 2.5462484227e-14 2.1663461930e-14
3.5803222656e+02 4.7119506278e-14 2.5472880242e-14 2.1646626036e-14
3.5809326172e+02 4.7112010726e-14 2.5487136687e-14 2.1624874039e-14
3.5815429688e+02 4.7092997656e-14 2.5497860043e-14 2.1595137613e-14
3.5821533203e+02 4.7058361880e-14 2.5497762507e-14 2.1560599372e-14
3.5827636719e+02 4.7014157750e-14 2.5484151957e-14 2.1530005794e-14
3.5833740234e+02 4.6971596883e-14 2.5457349953e-14 2.1514246930e-14
3.5839843750e+02 4.6940651073e-14 2.5421877987e-14 2.1518773086e-14
3.5845947266e+02 4.6928450345e-14 2.5392544151e-14 2.1535906194e-14
3.5852050781e+02 4.6936473421e-14 2.5386749081e-14 2.1549724340e-14
3.5858154297e+02 4.6952079276e-14 2.5404140654e-14 2.1547938622e-14
3.5864257812e+02 4.6950546014e-14 2.5424249971e-14 2.1526296043e-14
3.5870361328e+02 4.6914413700e-14 2.5426030630e-14 2.1488383070e-14
3.5876464844e+02 4.6848788671e-14 2.5403749009e-14 2.1445039662e-14
3.5882568359e+02 4.6776046980e-14 2.5369433652e-14 2.1406613329e-14
3.5888671875e+02 4.6718120991e-14 2.5344354022e-14 2.1373766968e-14
3.5894775391e+02 4.6684611272e-14 2.5339566365e-14 2.1345044907e-14
3.5900878906e+02 4.6676050007e-14 2.5343876380e-14 2.1332173628e-14
3.5906982422e+02 4.6692018772e-14 2.5342500779e-14 2.1349517993e-14
3.5913085938e+02 4.6730618617e-14 2.5342826910e-14 2.1387791707e-14
3.5919189453e+02 4.6780033330e-14 2.5361746769e-14 2.1418286561e-14
3.5925292969e+02 4.6812163902e-14 2.5391197550e-14 2.1420966353e-14
3.5931396484e+02 4.6797291393e-14 2.5400543292e-14 2.1396748102e-14
3.5937500000e+02 4.6736696618e-14 2.5373596097e-14 2.1363100521e-14
3.5943603516e+02 4.6670711756e-14 2.5324949989e-14 2.1345761767e-14
3.5949707031e+02 4.6646036265e-14 2.5281868317e-14 2.1364167948e-14
3.5955810547e+02 4.6676178686e-14 2.5263269408e-14 2.1412909279e-14
3.5961914062e+02 4.6727645492e-14 2.5269986512e-14 2.1457658980e-14
3.5968017578e+02 4.6747061792e-14 2.5284549447e-14 2.1462512345e-14
3.5974121094e+02 4.6711374202e-14 2.5285901150e-14 2.1425473052e-14
3.5980224609e+02 4.6643632490e-14 2.5268198419e-14 2.1375434071e-14
3.5986328125e+02 4.6578881070e-14 2.5241916425e-14 2.1336964645e-14
3.5992431641e+02 4.6534382627e-14 2.5221006654e-14 2.1313375973e-14
3.5998535156e+02 4.6514054509e-14 2.5213612165e-14 2.1300442345e-14
3.6004638672e+02 4.6522189565e-14 2.5220566462e-14 2.1301623103e-14
3.6010742188e+02 4.6561561204e-14 2.5236833820e-14 2.1324727384e-14
3.6016845703e+02 4.6617596222e-14 2.5252179856e-14 2.1365416366e-14
3.6022949219e+02 4.6654542108e-14 2.5253992513e-14 2.1400549594e-14
3.6029052734e+02 4.6643169136e-14 2.5236181753e-14 2.1406987382e-14
3.6035156250e+02 4.6593360710e-14 2.5206969958e-14 2.1386390752e-14
3.6041259766e+02 4.6548667888e-14 2.5186709595e-14 2.1361958293e-14
3.6047363281e+02 4.6545297447e-14 2.5196669802e-14 2.1348627645e-14
3.6053466797e+02 4.6579460650e-14 2.5242312620e-14 2.1337148029e-14
3.6059570312e+02 4.6618501205e-14 2.5302311953e-14 2.1316189252e-14
3.6065673828e+02 4.6640560774e-14 2.5343358608e-14 2.1297202165e-14
3.6071777344e+02 4.6649084645e-14 2.5350703676e-14 2.1298380969e-14
3.6077880859e+02 4.6651433703e-14 2.5335816997e-14 2.1315616706e-14
3.6083984375e+02 4.6646334764e-14 2.5317041121e-14 2.1329293643e-14
3.6090087891e+02 4.6634877136e-14 2.5304831620e-14 2.1330045516e-14
3.6096191406e+02 4.6627190673e-14 2.5302738190e-14 2.1324452483e-14
3.6102294922e+02 4.6630021205e-14 2.5308572550e-14 2.1321448656e-14
3.6108398438e+02 4.6634196006e-14 2.5312346450e-14 2.1321849556e-14
3.6114501953e+02 4.6627703988e-14 2.5306016431e-14 2.1321687558e-14
3.6120605469e+02 4.6618666435e-14 2.5299357598e-14 2.1319308837e-14
3.6126708984e+02 4.6624677016e-14 2.5310747036e-14 2.1313929980e-14
3.6132812500e+02 4.6639608015e-14 2.5336674923e-14 2.1302933092e-14
3.6138916016e+02 4.6640505377e-14 2.5351133535e-14 2.1289371842e-14
3.6145019531e+02 4.6626036331e-14 2.5340815320e-14 2.1285221012e-14
3.6151123047e+02 4.6613837910e-14 2.5317351070e-14 2.1296486840e-14
3.6157226562e+02 4.6607689233e-14 2.5294701826e-14 2.1312987407e-14
3.6163330078e+02 4.6598952839e-14 2.5278900490e-14 2.1320052349e-14
3.6169433594e+02 4.6588682372e-14 2.5275279568e-14 2.1313402805e-14
3.6175537109e+02 4.6586069951e-14 2.5285031798e-14 2.1301038153e-14
3.6181640625e+02 4.6591972101e-14 2.5298763142e-14 2.1293208960e-14
3.6187744141e+02 4.6592252201e-14 2.5303423110e-14 2.1288829091e-14
3.6193847656e+02 4.6569170983e-14 2.5292676540e-14 2.1276494443e-14
3.6199951172e+02 4.6523720396e-14 2.5269525260e-14 2.1254195136e-14
3.6206054688e+02 4.6484389913e-14 2.5244192063e-14 2.1240197850e-14
3.6212158203e+02 4.6484062205e-14 2.5229121177e-14 2.1254941028e-14
3.6218261719e+02 4.6522712900e-14 2.5227562601e-14 2.1295150298e-14
3.6224365234e+02 4.6563448687e-14 2.5229794299e-14 2.1333654388e-14
3.6230468750e+02 4.6575355421e-14 2.5229421918e-14 2.1345933503e-14
3.6236572266e+02 4.6565390228e-14 2.5233158996e-14 2.1332231231e-14
3.6242675781e+02 4.6557343483e-14 2.5248644263e-14 2.1308699219e-14
3.6248779297e+02 4.6558360782e-14 2.5275362566e-14 2.1282998216e-14
3.6254882812e+02 4.6560064074e-14 2.5308778558e-14 2.1251285516e-14
3.6260986328e+02 4.6559665977e-14 2.5345262552e-14 2.1214403425e-14
3.6267089844e+02 4.6565545443e-14 2.5381277835e-14 2.1184267607e-14
3.6273193359e+02 4.6585980436e-14 2.5408789656e-14 2.1177190780e-14
3.6279296875e+02 4.6619309010e-14 2.5415770862e-14 2.1203538148e-14
3.6285400391e+02 4.6652414049e-14 2.5396782537e-14 2.1255631512e-14
3.6291503906e+02 4.6667318901e-14 2.5360890813e-14 2.1306428088e-14
3.6297607422e+02 4.6653338294e-14 2.5323363848e-14 2.1329974446e-14
3.6303710938e+02 4.6617466810e-14 2.5292103195e-14 2.1325363615e-14
3.6309814453e+02 4.6579512574e-14 2.5266769829e-14 2.1312742745e-14
3.6315917969e+02 4.6551391427e-14 2.5246698379e-14 2.1304693048e-14
3.6322021484e+02 4.6530072198e-14 2.5232537047e-14 2.1297535152e-14
3.6328125000e+02 4.6513909462e-14 2.5221431880e-14 2.1292477582e-14
3.6334228516e+02 4.6508575545e-14 2.5208294865e-14 2.1300280680e-14
3.6340332031e+02 4.6514633552e-14 2.5195499265e-14 2.1319134287e-14
3.6346435547e+02 4.6522259925e-14 2.5194193802e-14 2.1328066123e-14
3.6352539062e+02 4.6518035898e-14 2.5208230249e-14 2.1309805649e-14
3.6358642578e+02 4.6497919608e-14 2.5225339391e-14 2.1272580217e-14
3.6364746094e+02 4.6477162373e-14 2.5234450037e-14 2.1242712336e-14
3.6370849609e+02 4.6476776439e-14 2.5240971550e-14 2.1235804889e-14
3.6376953125e+02 4.6497315553e-14 2.5254108572e-14 2.1243206981e-14
3.6383056641e+02 4.6518153598e-14 2.5269379678e-14 2.1248773921e-14
3.6389160156e+02 4.6520604200e-14 2.5272863787e-14 2.1247740413e-14
3.6395263672e+02 4.6503944583e-14 2.5258236708e-14 2.1245707874e-14
3.6401367188e+02 4.6485614093e-14 2.5234128573e-14 2.1251485519e-14
3.6407470703e+02 4.6487050615e-14 2.5212591074e-14 2.1274459541e-14
3.6413574219e+02 4.6510991389e-14 2.5196493218e-14 2.1314498171e-14
3.6419677734e+02 4.6539511726e-14 2.5187772182e-14 2.1351739544e-14
3.6425781250e+02 4.6559418174e-14 2.5196215879e-14 2.1363202296e-14
3.6431884766e+02 4.6572118681e-14 2.5220913606e-14 2.1351205075e-14
3.6437988281e+02 4.6580208037e-14 2.5238998064e-14 2.1341209973e-14
3.6444091797e+02 4.6587110050e-14 2.5236671777e-14 2.1350438274e-14
3.6450195312e+02 4.6600846623e-14 2.5233160189e-14 2.1367686434e-14
3.6456298828e+02 4.6619017452e-14 2.5250678108e-14 2.1368339344e-14
3.6462402344e+02 4.6623010892e-14 2.5279724556e-14 2.1343286336e-14
3.6468505859e+02 4.6598344300e-14 2.5293327834e-14 2.1305016466e-14
3.6474609375e+02 4.6550604961e-14 2.5280337951e-14 2.1270267011e-14
3.6480712891e+02 4.6498489288e-14 2.5253445267e-14 2.1245044020e-14
3.6486816406e+02 4.6456518532e-14 2.5231483325e-14 2.1225035207e-14
3.6492919922e+02 4.6426037179e-14 2.5218497657e-14 2.1207539522e-14
3.6499023438e+02 4.6399484532e-14 2.5200538288e-14 2.1198946244e-14
3.6505126953e+02 4.6369787882e-14 2.5164568409e-14 2.1205219474e-14
3.6511230469e+02 4.6339703355e-14 2.5119914000e-14 2.1219789355e-14
3.6517333984e+02 4.6318202134e-14 2.5091051571e-14 2.1227150563e-14
3.6523437500e+02 4.6302429403e-14 2.5086533752e-14 2.1215895651e-14
3.6529541016e+02 4.6280110841e-14 2.5092761331e-14 2.1187349511e-14
3.6535644531e+02 4.6256407679e-14 2.5102219873e-14 2.1154187806e-14
3.6541748047e+02 4.6257287987e-14 2.5125382714e-14 2.1131905273e-14
3.6547851562e+02 4.6298353902e-14 2.5168007895e-14 2.1130346008e-14
3.6553955078e+02 4.6361328045e-14 2.5213102970e-14 2.1148225075e-14
3.6560058594e+02 4.6404827773e-14 2.5232795957e-14 2.1172031816e-14
3.6566162109e+02 4.6397616961e-14 2.5213984540e-14 2.1183632421e-14
3.6572265625e+02 4.6345697851e-14 2.5170698727e-14 2.1174999124e-14
3.6578369141e+02 4.6287975119e-14 2.5133030205e-14 2.1154944913e-14
3.6584472656e+02 4.6260110013e-14 2.5123324727e-14 2.1136785286e-14
3.6590576172e+02 4.6261920249e-14 2.5138275219e-14 2.1123645031e-14
3.6596679688e+02 4.6267691010e-14 2.5153811507e-14 2.1113879502e-14
3.6602783203e+02 4.6266307880e-14 2.5150422342e-14 2.1115885538e-14
3.6608886719e+02 4.6272740747e-14 2.5129770010e-14 2.1142970737e-14
3.6614990234e+02 4.6295510184e-14 2.5105452494e-14 2.1190057690e-14
3.6621093750e+02 4.6314632794e-14 2.5085516951e-14 2.1229115843e-14
3.6627197266e+02 4.6304898230e-14 2.5068142742e-14 2.1236755487e-14
3.6633300781e+02 4.6269050984e-14 2.5051494744e-14 2.1217556240e-14
3.6639404297e+02 4.6237499052e-14 2.5044470151e-14 2.1193028902e-14
3.6645507812e+02 4.6240454417e-14 2.5064123156e-14 2.1176331261e-14
3.6651611328e+02 4.6285197967e-14 2.5118074496e-14 2.1167123470e-14
3.6657714844e+02 4.6354956973e-14 2.5190847082e-14 2.1164109891e-14
3.6663818359e+02 4.6420781538e-14 2.5251929023e-14 2.1168852515e-14
3.6669921875e+02 4.6454173396e-14 2.5276274765e-14 2.1177898631e-14
3.6676025391e+02 4.6438257492e-14 2.5258164461e-14 2.1180093031e-14
3.6682128906e+02 4.6373734005e-14 2.5209676586e-14 2.1164057420e-14
3.6688232422e+02 4.6277641636e-14 2.5149438853e-14 2.1128202784e-14
3.6694335938e+02 4.6181391705e-14 2.5097300567e-14 2.1084091139e-14
3.6700439453e+02 4.6121351750e-14 2.5069421317e-14 2.1051930433e-14
3.6706542969e+02 4.6113846836e-14 2.5063318954e-14 2.1050527881e-14
3.6712646484e+02 4.6141929620e-14 2.5060169942e-14 2.1081759678e-14
3.6718750000e+02 4.6179307628e-14 2.5053932299e-14 2.1125375329e-14
3.6724853516e+02 4.6216165034e-14 2.5059317148e-14 2.1156847886e-14
3.6730957031e+02 4.6251563592e-14 2.5084751470e-14 2.1166812122e-14
3.6737060547e+02 4.6283027995e-14 2.5119779988e-14 2.1163248007e-14
3.6743164062e+02 4.6308985499e-14 2.5147771996e-14 2.1161213503e-14
3.6749267578e+02 4.6321271785e-14 2.5153523152e-14 2.1167748632e-14
3.6755371094e+02 4.6308365227e-14 2.5130374999e-14 2.1177990228e-14
3.6761474609e+02 4.6281836864e-14 2.5093007713e-14 2.1188829151e-14
3.6767578125e+02 4.6276475012e-14 2.5070837353e-14 2.1205637659e-14
3.6773681641e+02 4.6314552259e-14 2.5081874479e-14 2.1232677780e-14
3.6779785156e+02 4.6384657246e-14 2.5120074834e-14 2.1264582412e-14
3.6785888672e+02 4.6450831218e-14 2.5168018129e-14 2.1282813090e-14
3.6791992188e+02 4.6474944746e-14 2.5212134466e-14 2.1262810280e-14
3.6798095703e+02 4.6442235269e-14 2.5240412357e-14 2.1201822912e-14
3.6804199219e+02 4.6371759139e-14 2.5236924795e-14 2.1134834344e-14
3.6810302734e+02 4.6300361879e-14 2.5195900733e-14 2.1104461146e-14
3.6816406250e+02 4.6255968843e-14 2.5137368162e-14 2.1118600681e-14
3.6822509766e+02 4.6242924134e-14 2.5094808132e-14 2.1148116002e-14
3.6828613281e+02 4.6249481266e-14 2.5088122843e-14 2.1161358423e-14
3.6834716797e+02 4.6263957319e-14 2.5110445760e-14 2.1153511559e-14
3.6840820312e+02 4.6279566340e-14 2.5135917399e-14 2.1143648942e-14
3.6846923828e+02 4.6291243478e-14 2.5142600031e-14 2.1148643448e-14
3.6853027344e+02 4.6295705124e-14 2.5130016902e-14 2.1165688222e-14
3.6859130859e+02 4.6291232350e-14 2.5111413857e-14 2.1179818493e-14
3.6865234375e+02 4.6277799610e-14 2.5097523693e-14 2.1180275917e-14
3.6871337891e+02 4.6262926256e-14 2.5094270734e-14 2.1168655522e-14
3.6877441406e+02 4.6260811387e-14 2.5103661287e-14 2.1157150100e-14
3.6883544922e+02 4.6277454246e-14 2.5120801578e-14 2.1156652668e-14
3.6889648438e+02 4.6304449959e-14 2.5138716263e-14 2.1165733696e-14
3.6895751953e+02 4.6331204268e-14 2.5154911736e-14 2.1176292532e-14
3.6901855469e+02 4.6348759333e-14 2.5164750973e-14 2.1184008361e-14
3.6907958984e+02 4.6343065328e-14 2.5155286350e-14 2.1187778979e-14
3.6914062500e+02 4.6305960368e-14 2.5119612126e-14 2.1186348242e-14
3.6920166016e+02 4.6252285738e-14 2.5074429612e-14 2.1177856125e-14
3.6926269531e+02 4.6212218803e-14 2.5051392218e-14 2.1160826585e-14
3.6932373047e+02 4.6208144506e-14 2.5068735287e-14 2.1139409219e-14
3.6938476562e+02 4.6240121434e-14 2.5113501831e-14 2.1126619603e-14
3.6944580078e+02 4.6289678526e-14 2.5153133596e-14 2.1136544931e-14
3.6950683594e+02 4.6335537595e-14 2.5165338386e-14 2.1170199209e-14
3.6956787109e+02 4.6359974773e-14 2.5150558807e-14 2.1209415967e-14
3.6962890625e+02 4.6350337936e-14 2.5118925065e-14 2.1231412872e-14
3.6968994141e+02 4.6315453394e-14 2.5084959672e-14 2.1230493723e-14
3.6975097656e+02 4.6288207121e-14 2.5070180025e-14 2.1218027096e-14
3.6981201172e+02 4.6291363685e-14 2.5084441094e-14 2.1206922591e-14
3.6987304688e+02 4.6314862609e-14 2.5109665185e-14 2.1205197424e-14
3.6993408203e+02 4.6337073767e-14 2.5121895586e-14 2.1215178182e-14
3.6999511719e+02 4.6351201464e-14 2.5121134155e-14 2.1230067309e-14
3.7005615234e+02 4.6365300469e-14 2.5127178784e-14 2.1238121685e-14
3.7011718750e+02 4.6386347879e-14 2.5151015941e-14 2.1235331938e-14
3.7017822266e+02 4.6404016146e-14 2.5175490628e-14 2.1228525518e-14
3.7023925781e+02 4.6394600121e-14 2.5170820739e-14 2.1223779382e-14
3.7030029297e+02 4.6353620348e-14 2.5132949672e-14 2.1220670675e-14
3.7036132812e+02 4.6311861829e-14 2.5093153056e-14 2.1218708772e-14
3.7042236328e+02 4.6299637657e-14 2.5082660376e-14 2.1216977281e-14
3.7048339844e+02 4.6309601153e-14 2.5100183408e-14 2.1209417745e-14
3.7054443359e+02 4.6310157387e-14 2.5118088912e-14 2.1192068475e-14
3.7060546875e+02 4.6281699640e-14 2.5111889009e-14 2.1169810631e-14
3.7066650391e+02 4.6229032018e-14 2.5081722314e-14 2.1147309705e-14
3.7072753906e+02 4.6165369853e-14 2.5047499919e-14 2.1117869934e-14
3.7078857422e+02 4.6095894273e-14 2.5026835105e-14 2.1069059168e-14
3.7084960938e+02 4.6022646212e-14 2.5022183278e-14 2.1000462934e-14
3.7091064453e+02 4.5956053478e-14 2.5024354327e-14 2.0931699150e-14
3.7097167969e+02 4.5912277447e-14 2.5021473638e-14 2.0890803809e-14
3.7103271484e+02 4.5905244041e-14 2.5010096020e-14 2.0895148021e-14
3.7109375000e+02 4.5943566944e-14 2.5001059242e-14 2.0942507702e-14
3.7115478516e+02 4.6023642789e-14 2.5007460773e-14 2.1016182016e-14
3.7121582031e+02 4.6120193277e-14 2.5026254875e-14 2.1093938402e-14
3.7127685547e+02 4.6194875624e-14 2.5039374072e-14 2.1155501552e-14
3.7133789062e+02 4.6223013267e-14 2.5034923073e-14 2.1188090194e-14
3.7139892578e+02 4.6208286062e-14 2.5020418267e-14 2.1187867795e-14
3.7145996094e+02 4.6174517161e-14 2.5013201028e-14 2.1161316133e-14
3.7152099609e+02 4.6148577926e-14 2.5023282574e-14 2.1125295352e-14
3.7158203125e+02 4.6142143739e-14 2.5046186737e-14 2.1095957002e-14
3.7164306641e+02 4.6142720188e-14 2.5067535027e-14 2.1075185161e-14
3.7170410156e+02 4.6128462008e-14 2.5073550005e-14 2.1054912003e-14
3.7176513672e+02 4.6095248564e-14 2.5062256517e-14 2.1032992047e-14
3.7182617188e+02 4.6061502723e-14 2.5044442124e-14 2.1017060598e-14
3.7188720703e+02 4.6044071864e-14 2.5030258119e-14 2.1013813745e-14
3.7194824219e+02 4.6038478230e-14 2.5018915186e-14 2.1019563044e-14
3.7200927734e+02 4.6026725814e-14 2.5005414481e-14 2.1021311333e-14
3.7207031250e+02 4.6002922915e-14 2.4994298383e-14 2.1008624531e-14
3.7213134766e+02 4.5985668350e-14 2.4997631668e-14 2.0988036682e-14
3.7219238281e+02 4.5993673902e-14 2.5014879001e-14 2.0978794900e-14
3.7225341797e+02 4.6016811797e-14 2.5026929241e-14 2.0989882556e-14
3.7231445312e+02 4.6034590817e-14 2.5019423892e-14 2.1015166925e-14
3.7237548828e+02 4.6053551697e-14 2.5001165575e-14 2.1052386121e-14
3.7243652344e+02 4.6092329220e-14 2.4988531109e-14 2.1103798111e-14
3.7249755859e+02 4.6137842737e-14 2.4981437769e-14 2.1156404967e-14
3.7255859375e+02 4.6153092588e-14 2.4969433991e-14 2.1183658597e-14
3.7261962891e+02 4.6126297655e-14 2.4955648640e-14 2.1170649014e-14
3.7268066406e+02 4.6089210088e-14 2.4958753240e-14 2.1130456849e-14
3.7274169922e+02 4.6082935042e-14 2.4988453427e-14 2.1094481614e-14
3.7280273438e+02 4.6113137947e-14 2.5030296906e-14 2.1082841041e-14
3.7286376953e+02 4.6147024963e-14 2.5060350730e-14 2.1086674233e-14
3.7292480469e+02 4.6149675506e-14 2.5063305517e-14 2.1086369989e-14
3.7298583984e+02 4.6113505721e-14 2.5035195020e-14 2.1078310701e-14
3.7304687500e+02 4.6060550494e-14 2.4987608039e-14 2.1072942455e-14
3.7310791016e+02 4.6023463246e-14 2.4949105595e-14 2.1074357651e-14
3.7316894531e+02 4.6017294274e-14 2.4943586276e-14 2.1073707998e-14
3.7322998047e+02 4.6029963157e-14 2.4968269848e-14 2.1061693309e-14
3.7329101562e+02 4.6042679251e-14 2.5003049150e-14 2.1039630101e-14
3.7335205078e+02 4.6049375814e-14 2.5031843441e-14 2.1017532373e-14
3.7341308594e+02 4.6053732183e-14 2.5048632351e-14 2.1005099832e-14
3.7347412109e+02 4.6063794662e-14 2.5060598351e-14 2.1003196312e-14
3.7353515625e+02 4.6089383476e-14 2.5087109801e-14 2.1002273675e-14
3.7359619141e+02 4.6124403606e-14 2.5134248884e-14 2.0990154722e-14
3.7365722656e+02 4.6141265115e-14 2.5177368684e-14 2.0963896431e-14
3.7371826172e+02 4.6123929877e-14 2.5188070645e-14 2.0935859232e-14
3.7377929688e+02 4.6092338514e-14 2.5167287868e-14 2.0925050646e-14
3.7384033203e+02 4.6079196085e-14 2.5138940882e-14 2.0940255203e-14
3.7390136719e+02 4.6094837381e-14 2.5121375666e-14 2.0973461715e-14
3.7396240234e+02 4.6123134663e-14 2.5114698973e-14 2.1008435690e-14
3.7402343750e+02 4.6141889916e-14 2.5109531535e-14 2.1032358382e-14
3.7408447266e+02 4.6139266418e-14 2.5098785726e-14 2.1040480692e-14
3.7414550781e+02 4.6116950594e-14 2.5081526403e-14 2.1035424191e-14
3.7420654297e+02 4.6087892560e-14 2.5061607833e-14 2.1026284727e-14
3.7426757812e+02 4.6068229421e-14 2.5043630576e-14 2.1024598845e-14
3.7432861328e+02 4.6060937334e-14 2.5026201906e-14 2.1034735428e-14
3.7438964844e+02 4.6050487141e-14 2.5001065091e-14 2.1049422050e-14
3.7445068359e+02 4.6023310480e-14 2.4966370271e-14 2.1056940209e-14
3.7451171875e+02 4.5985643619e-14 2.4936780084e-14 2.1048863535e-14
3.7457275391e+02 4.5951053866e-14 2.4928756493e-14 2.1022297373e-14
3.7463378906e+02 4.5922623243e-14 2.4939709773e-14 2.0982913471e-14
3.7469482422e+02 4.5895505303e-14 2.4949891235e-14 2.0945614069e-14
3.7475585938e+02 4.5867620763e-14 2.4942551511e-14 2.0925069252e-14
3.7481689453e+02 4.5846171209e-14 2.4921062090e-14 2.0925109119e-14
3.7487792969e+02 4.5842143973e-14 2.4903054174e-14 2.0939089799e-14
3.7493896484e+02 4.5855165770e-14 2.4898568743e-14 2.0956597027e-14
3.7500000000e+02 4.5876334557e-14 2.4906139759e-14 2.0970194798e-14
3.7506103516e+02 4.5907165216e-14 2.4925754456e-14 2.0981410760e-14
3.7512207031e+02 4.5955793366e-14 2.4958493526e-14 2.0997299841e-14
3.7518310547e+02 4.6012240601e-14 2.4996151614e-14 2.1016088987e-14
3.7524414062e+02 4.6046832710e-14 2.5022926697e-14 2.1023906013e-14
3.7530517578e+02 4.6044977164e-14 2.5032321506e-14 2.1012655658e-14
3.7536621094e+02 4.6030305470e-14 2.5038236207e-14 2.0992069263e-14
3.7542724609e+02 4.6033663255e-14 2.5057199215e-14 2.0976464040e-14
3.7548828125e+02 4.6052041816e-14 2.5083920427e-14 2.0968121388e-14
3.7554931641e+02 4.6058615672e-14 2.5097592074e-14 2.0961023598e-14
3.7561035156e+02 4.6039858609e-14 2.5086471093e-14 2.0953387516e-14
3.7567138672e+02 4.6004656961e-14 2.5058958108e-14 2.0945698853e-14
3.7573242188e+02 4.5966035843e-14 2.5034415440e-14 2.0931620403e-14
3.7579345703e+02 4.5932416606e-14 2.5024594719e-14 2.0907821888e-14
3.7585449219e+02 4.5912363739e-14 2.5025004642e-14 2.0887359097e-14
3.7591552734e+02 4.5911146038e-14 2.5026290394e-14 2.0884855644e-14
3.7597656250e+02 4.5925248228e-14 2.5027604968e-14 2.0897643259e-14
3.7603759766e+02 4.5946540794e-14 2.5033511739e-14 2.0913029055e-14
3.7609863281e+02 4.5964328295e-14 2.5043767146e-14 2.0920561150e-14
3.7615966797e+02 4.5966010907e-14 2.5050372853e-14 2.0915638054e-14
3.7622070312e+02 4.5949202664e-14 2.5042752139e-14 2.0906450525e-14
3.7628173828e+02 4.5927942505e-14 2.5017175169e-14 2.0910767336e-14
3.7634277344e+02 4.5912422999e-14 2.4982003845e-14 2.0930419154e-14
3.7640380859e+02 4.5890067455e-14 2.4951090518e-14 2.0938976937e-14
3.7646484375e+02 4.5844950796e-14 2.4933117636e-14 2.0911833161e-14
3.7652587891e+02 4.5794336399e-14 2.4931176616e-14 2.0863159783e-14
3.7658691406e+02 4.5782909133e-14 2.4947971261e-14 2.0834937872e-14
3.7664794922e+02 4.5830243611e-14 2.4981467342e-14 2.0848776269e-14
3.7670898438e+02 4.5907752222e-14 2.5018857021e-14 2.0888895202e-14
3.7677001953e+02 4.5979633582e-14 2.5046337938e-14 2.0933295644e-14
3.7683105469e+02 4.6035743728e-14 2.5060761368e-14 2.0974982360e-14
3.7689208984e+02 4.6072413392e-14 2.5062537150e-14 2.1009876242e-14
3.7695312500e+02 4.6077523472e-14 2.5047389784e-14 2.1030133688e-14
3.7701416016e+02 4.6051988324e-14 2.5014577517e-14 2.1037410808e-14
3.7707519531e+02 4.6022222465e-14 2.4975905979e-14 2.1046316486e-14
3.7713623047e+02 4.6014182304e-14 2.4949505783e-14 2.1064676521e-14
3.7719726562e+02 4.6022763291e-14 2.4943100028e-14 2.1079663262e-14
3.7725830078e+02 4.6020407626e-14 2.4947968435e-14 2.1072439190e-14
3.7731933594e+02 4.5988498460e-14 2.4951570879e-14 2.1036927581e-14
3.7738037109e+02 4.5929133945e-14 2.4950484077e-14 2.0978649868e-14
3.7744140625e+02 4.5861868673e-14 2.4951607497e-14 2.0910261176e-14
3.7750244141e+02 4.5814908428e-14 2.4961868465e-14 2.0853039963e-14
3.7756347656e+02 4.5802857093e-14 2.4976174146e-14 2.0826682948e-14
3.7762451172e+02 4.5817116299e-14 2.4984116970e-14 2.0832999328e-14
3.7768554688e+02 4.5845117480e-14 2.4988463525e-14 2.0856653955e-14
3.7774658203e+02 4.5877385985e-14 2.4999467763e-14 2.0877918222e-14
3.7780761719e+02 4.5892907265e-14 2.5010828527e-14 2.0882078737e-14
3.7786865234e+02 4.5869958761e-14 2.5005037360e-14 2.0864921401e-14
3.7792968750e+02 4.5819190449e-14 2.4984094650e-14 2.0835095799e-14
3.7799072266e+02 4.5780814409e-14 2.4971914534e-14 2.0808899876e-14
3.7805175781e+02 4.5780740980e-14 2.4983503833e-14 2.0797237148e-14
3.7811279297e+02 4.5807071861e-14 2.5007379927e-14 2.0799691934e-14
3.7817382812e+02 4.5833020924e-14 2.5019418710e-14 2.0813602214e-14
3.7823486328e+02 4.5840268549e-14 2.5004569899e-14 2.0835698651e-14
3.7829589844e+02 4.5818532929e-14 2.4966018138e-14 2.0852514790e-14
3.7835693359e+02 4.5770357335e-14 2.4920796393e-14 2.0849560942e-14
3.7841796875e+02 4.5721613774e-14 2.4891123039e-14 2.0830490735e-14
3.7847900391e+02 4.5704075060e-14 2.4893842336e-14 2.0810232724e-14
3.7854003906e+02 4.5717580138e-14 2.4923378166e-14 2.0794201972e-14
3.7860107422e+02 4.5729203057e-14 2.4951962993e-14 2.0777240064e-14
3.7866210938e+02 4.5719900511e-14 2.4962324138e-14 2.0757576373e-14
3.7872314453e+02 4.5705615409e-14 2.4962514691e-14 2.0743100719e-14
3.7878417969e+02 4.5708106503e-14 2.4961413519e-14 2.0746692984e-14
3.7884521484e+02 4.5733808405e-14 2.4958382161e-14 2.0775426244e-14
3.7890625000e+02 4.5774012286e-14 2.4954296488e-14 2.0819715798e-14
3.7896728516e+02 4.5805358026e-14 2.4946707699e-14 2.0858650327e-14
3.7902832031e+02 4.5806444952e-14 2.4926793351e-14 2.0879651600e-14
3.7908935547e+02 4.5782070941e-14 2.4896193693e-14 2.0885877248e-14
3.7915039062e+02 4.5755323756e-14 2.4870614519e-14 2.0884709238e-14
3.7921142578e+02 4.5740714452e-14 2.4862904109e-14 2.0877810343e-14
3.7927246094e+02 4.5736931138e-14 2.4872274891e-14 2.0864656247e-14
3.7933349609e+02 4.5734799144e-14 2.4885002772e-14 2.0849796373e-14
3.7939453125e+02 4.5726481308e-14 2.4886731245e-14 2.0839750063e-14
3.7945556641e+02 4.5711966340e-14 2.4879454748e-14 2.0832511592e-14
3.7951660156e+02 4.5697079684e-14 2.4876111942e-14 2.0820967743e-14
3.7957763672e+02 4.5691341513e-14 2.4881472502e-14 2.0809869011e-14
3.7963867188e+02 4.5705368830e-14 2.4892354175e-14 2.0813014655e-14
3.7969970703e+02 4.5736080936e-14 2.4905992318e-14 2.0830088618e-14
3.7976074219e+02 4.5760563106e-14 2.4917263805e-14 2.0843299302e-14
3.7982177734e+02 4.5759635137e-14 2.4921704859e-14 2.0837930278e-14
3.7988281250e+02 4.5739537779e-14 2.4924741440e-14 2.0814796339e-14
3.7994384766e+02 4.5718032881e-14 2.4932608371e-14 2.0785424510e-14
3.8000488281e+02 4.5700085795e-14 2.4938307562e-14 2.0761778233e-14
3.8006591797e+02 4.5681425714e-14 2.4931005357e-14 2.0750420358e-14
3.8012695312e+02 4.5665897135e-14 2.4911528140e-14 2.0754368995e-14
3.8018798828e+02 4.5663863992e-14 2.4889373459e-14 2.0774490533e-14
3.8024902344e+02 4.5675437873e-14 2.4869814280e-14 2.0805623593e-14
3.8031005859e+02 4.5685832160e-14 2.4848268665e-14 2.0837563495e-14
3.8037109375e+02 4.5682230709e-14 2.4819569128e-14 2.0862661581e-14
3.8043212891e+02 4.5666423672e-14 2.4789553424e-14 2.0876870247e-14
3.8049316406e+02 4.5645302659e-14 2.4770479624e-14 2.0874823035e-14
3.8055419922e+02 4.5623400256e-14 2.4768595787e-14 2.0854804469e-14
3.8061523438e+02 4.5609276244e-14 2.4781168449e-14 2.0828107796e-14
3.8067626953e+02 4.5612010889e-14 2.4803166672e-14 2.0808844217e-14
3.8073730469e+02 4.5628796598e-14 2.4833938852e-14 2.0794857746e-14
3.8079833984e+02 4.5645465242e-14 2.4873249493e-14 2.0772215748e-14
3.8085937500e+02 4.5647538619e-14 2.4913228787e-14 2.0734309832e-14
3.8092041016e+02 4.5634575855e-14 2.4945483815e-14 2.0689092040e-14
3.8098144531e+02 4.5627051898e-14 2.4972207301e-14 2.0654844597e-14
3.8104248047e+02 4.5644658086e-14 2.4996435978e-14 2.0648222108e-14
3.8110351562e+02 4.5675429436e-14 2.5007054055e-14 2.0668375381e-14
3.8116455078e+02 4.5683075057e-14 2.4987448359e-14 2.0695626698e-14
3.8122558594e+02 4.5647315837e-14 2.4937951508e-14 2.0709364329e-14
3.8128662109e+02 4.5585276365e-14 2.4879848857e-14 2.0705427508e-14
3.8134765625e+02 4.5533926246e-14 2.4835032655e-14 2.0698893591e-14
3.8140869141e+02 4.5519180577e-14 2.4809215896e-14 2.0709964681e-14
3.8146972656e+02 4.5535769877e-14 2.4796661331e-14 2.0739108546e-14
3.8153076172e+02 4.5550675101e-14 2.4790375292e-14 2.0760299809e-14
3.8159179688e+02 4.5536344347e-14 2.4785341028e-14 2.0751003319e-14
3.8165283203e+02 4.5503938520e-14 2.4783049987e-14 2.0720888533e-14
3.8171386719e+02 4.5486771245e-14 2.4790253769e-14 2.0696517477e-14
3.8177490234e+02 4.5493168352e-14 2.4805999253e-14 2.0687169099e-14
3.8183593750e+02 4.5503407452e-14 2.4820393346e-14 2.0683014106e-14
3.8189697266e+02 4.5506977587e-14 2.4828532590e-14 2.0678444997e-14
3.8195800781e+02 4.5510828291e-14 2.4834650574e-14 2.0676177717e-14
3.8201904297e+02 4.5515377083e-14 2.4842860810e-14 2.0672516273e-14
3.8208007812e+02 4.5507753049e-14 2.4848258892e-14 2.0659494158e-14
3.8214111328e+02 4.5481278025e-14 2.4839690553e-14 2.0641587472e-14
3.8220214844e+02 4.5448643651e-14 2.4816567876e-14 2.0632075775e-14
3.8226318359e+02 4.5430464441e-14 2.4796579486e-14 2.0633884956e-14
3.8232421875e+02 4.5435348779e-14 2.4796687342e-14 2.0638661437e-14
3.8238525391e+02 4.5451347660e-14 2.4813713190e-14 2.0637634470e-14
3.8244628906e+02 4.5452641775e-14 2.4829308295e-14 2.0623333481e-14
3.8250732422e+02 4.5416819529e-14 2.4826181075e-14 2.0590638454e-14
3.8256835938e+02 4.5340960152e-14 2.4796444707e-14 2.0544515445e-14
3.8262939453e+02 4.5245002641e-14 2.4740966005e-14 2.0504036635e-14
3.8269042969e+02 4.5162354690e-14 2.4670335083e-14 2.0492019607e-14
3.8275146484e+02 4.5123235591e-14 2.4607537979e-14 2.0515697612e-14
3.8281250000e+02 4.5139333126e-14 2.4578893277e-14 2.0560439849e-14
3.8287353516e+02 4.5199944182e-14 2.4594221495e-14 2.0605722687e-14
3.8293457031e+02 4.5279919048e-14 2.4637960812e-14 2.0641958236e-14
3.8299560547e+02 4.5355709275e-14 2.4687116534e-14 2.0668592740e-14
3.8305664062e+02 4.5420221418e-14 2.4736091775e-14 2.0684129643e-14
3.8311767578e+02 4.5474964519e-14 2.4791240848e-14 2.0683723671e-14
3.8317871094e+02 4.5508751179e-14 2.4845289748e-14 2.0663461431e-14
3.8323974609e+02 4.5502815501e-14 2.4877301064e-14 2.0625514437e-14
3.8330078125e+02 4.5458158364e-14 2.4877404718e-14 2.0580753647e-14
3.8336181641e+02 4.5402078049e-14 2.4856771778e-14 2.0545306271e-14
3.8342285156e+02 4.5362150106e-14 2.4834554509e-14 2.0527595597e-14
3.8348388672e+02 4.5341010983e-14 2.4822671247e-14 2.0518339737e-14
3.8354492188e+02 4.5325113205e-14 2.4820835966e-14 2.0504277239e-14
3.8360595703e+02 4.5311441784e-14 2.4820644175e-14 2.0490797609e-14
3.8366699219e+02 4.5307982109e-14 2.4810199340e-14 2.0497782769e-14
3.8372802734e+02 4.5308224204e-14 2.4776409416e-14 2.0531814789e-14
3.8378906250e+02 4.5287713672e-14 2.4715335251e-14 2.0572378421e-14
3.8385009766e+02 4.5240185276e-14 2.4648878894e-14 2.0591306382e-14
3.8391113281e+02 4.5199777076e-14 2.4619079242e-14 2.0580697834e-14
3.8397216797e+02 4.5202396366e-14 2.4647349768e-14 2.0555046598e-14
3.8403320312e+02 4.5235857444e-14 2.4704001380e-14 2.0531856063e-14
3.8409423828e+02 4.5257705414e-14 2.4738406828e-14 2.0519298586e-14
3.8415527344e+02 4.5254924287e-14 2.4735508075e-14 2.0519416212e-14
3.8421630859e+02 4.5251322252e-14 2.4721315806e-14 2.0530006445e-14
3.8427734375e+02 4.5258622572e-14 2.4720389803e-14 2.0538232769e-14
3.8433837891e+02 4.5257773540e-14 2.4731812197e-14 2.0525961343e-14
3.8439941406e+02 4.5232538696e-14 2.4740792442e-14 2.0491746253e-14
3.8446044922e+02 4.5193743052e-14 2.4733893630e-14 2.0459849422e-14
3.8452148438e+02 4.5165812107e-14 2.4705747417e-14 2.0460064690e-14
3.8458251953e+02 4.5160874982e-14 2.4661523042e-14 2.0499351940e-14
3.8464355469e+02 4.5168251699e-14 2.4613796418e-14 2.0554455282e-14
3.8470458984e+02 4.5170855017e-14 2.4578482457e-14 2.0592372560e-14
3.8476562500e+02 4.5165445043e-14 2.4568566798e-14 2.0596878245e-14
3.8482666016e+02 4.5155607336e-14 2.4580784414e-14 2.0574822922e-14
3.8488769531e+02 4.5135840774e-14 2.4594218813e-14 2.0541621961e-14
3.8494873047e+02 4.5102272685e-14 2.4592127040e-14 2.0510145646e-14
3.8500976562e+02 4.5074681106e-14 2.4580043902e-14 2.0494637204e-14
3.8507080078e+02 4.5083357916e-14 2.4575028982e-14 2.0508328934e-14
3.8513183594e+02 4.5126884505e-14 2.4579759478e-14 2.0547125027e-14
3.8519287109e+02 4.5165888239e-14 2.4577841051e-14 2.0588047189e-14
3.8525390625e+02 4.5170511533e-14 2.4560640309e-14 2.0609871224e-14
3.8531494141e+02 4.5153822718e-14 2.4545923396e-14 2.0607899322e-14
3.8537597656e+02 4.5145687341e-14 2.4554974453e-14 2.0590712888e-14
3.8543701172e+02 4.5151995177e-14 2.4583179543e-14 2.0568815634e-14
3.8549804688e+02 4.5153757820e-14 2.4609372730e-14 2.0544385090e-14
3.8555908203e+02 4.5135648657e-14 2.4622730898e-14 2.0512917759e-14
3.8562011719e+02 4.5104618775e-14 2.4629060448e-14 2.0475558327e-14
3.8568115234e+02 4.5079881285e-14 2.4638849793e-14 2.0441031491e-14
3.8574218750e+02 4.5069735740e-14 2.4654567226e-14 2.0415168514e-14
3.8580322266e+02 4.5067650341e-14 2.4669001036e-14 2.0398649305e-14
3.8586425781e+02 4.5068590759e-14 2.4675030916e-14 2.0393559842e-14
3.8592529297e+02 4.5074324016e-14 2.4671997303e-14 2.0402326714e-14
3.8598632812e+02 4.5081540032e-14 2.4664023734e-14 2.0417516297e-14
3.8604736328e+02 4.5078103141e-14 2.4657367777e-14 2.0420735364e-14
3.8610839844e+02 4.5059409376e-14 2.4657030196e-14 2.0402379180e-14
3.8616943359e+02 4.5041325776e-14 2.4663736877e-14 2.0377588899e-14
3.8623046875e+02 4.5040569789e-14 2.4671606516e-14 2.0368963273e-14
3.8629150391e+02 4.5049846307e-14 2.4669663958e-14 2.0380182349e-14
3.8635253906e+02 4.5053024509e-14 2.4653427917e-14 2.0399596592e-14
3.8641357422e+02 4.5046560391e-14 2.4629504984e-14 2.0417055407e-14
3.8647460938e+02 4.5028848141e-14 2.4602858704e-14 2.0425989438e-14
3.8653564453e+02 4.4996013557e-14 2.4572383871e-14 2.0423629687e-14
3.8659667969e+02 4.4955536917e-14 2.4539758061e-14 2.0415778856e-14
3.8665771484e+02 4.4922248277e-14 2.4511005018e-14 2.0411243259e-14
3.8671875000e+02 4.4905532361e-14 2.4493366025e-14 2.0412166336e-14
3.8677978516e+02 4.4908361529e-14 2.4493342581e-14 2.0415018948e-14
3.8684082031e+02 4.4928189348e-14 2.4512627736e-14 2.0415561612e-14
3.8690185547e+02 4.4956756443e-14 2.4546699055e-14 2.0410057387e-14
3.8696289062e+02 4.4981499517e-14 2.4586621634e-14 2.0394877883e-14
3.8702392578e+02 4.4987998523e-14 2.4621575937e-14 2.0366422587e-14
3.8708496094e+02 4.4969853904e-14 2.4642626180e-14 2.0327227724e-14
3.8714599609e+02 4.4939432473e-14 2.4645671724e-14 2.0293760749e-14
3.8720703125e+02 4.4918985683e-14 2.4632339575e-14 2.0286646108e-14
3.8726806641e+02 4.4916166605e-14 2.4607161783e-14 2.0309004822e-14
3.8732910156e+02 4.4916104609e-14 2.4573035723e-14 2.0343068885e-14
3.8739013672e+02 4.4902215554e-14 2.4533428351e-14 2.0368787203e-14
3.8745117188e+02 4.4879911243e-14 2.4500522716e-14 2.0379388527e-14
3.8751220703e+02 4.4874082584e-14 2.4494027466e-14 2.0380055118e-14
3.8757324219e+02 4.4897670573e-14 2.4521600008e-14 2.0376070566e-14
3.8763427734e+02 4.4927607496e-14 2.4562411466e-14 2.0365196031e-14
3.8769531250e+02 4.4925982616e-14 2.4582148106e-14 2.0343834509e-14
3.8775634766e+02 4.4884053091e-14 2.4566774004e-14 2.0317279087e-14
3.8781738281e+02 4.4834281501e-14 2.4536725576e-14 2.0297555926e-14
3.8787841797e+02 4.4815597923e-14 2.4525174494e-14 2.0290423429e-14
3.8793945312e+02 4.4835132057e-14 2.4544350182e-14 2.0290781875e-14
3.8800048828e+02 4.4874353072e-14 2.4579185836e-14 2.0295167236e-14
3.8806152344e+02 4.4918278520e-14 2.4609093833e-14 2.0309184687e-14
3.8812255859e+02 4.4956966706e-14 2.4622771301e-14 2.0334195404e-14
3.8818359375e+02 4.4974768556e-14 2.4617452614e-14 2.0357315941e-14
3.8824462891e+02 4.4960337913e-14 2.4597782597e-14 2.0362555315e-14
3.8830566406e+02 4.4916857015e-14 2.4571509636e-14 2.0345347379e-14
3.8836669922e+02 4.4857253836e-14 2.4542801006e-14 2.0314452830e-14
3.8842773438e+02 4.4801253266e-14 2.4516372138e-14 2.0284881128e-14
3.8848876953e+02 4.4771140961e-14 2.4501823187e-14 2.0269317774e-14
3.8854980469e+02 4.4773915487e-14 2.4502197451e-14 2.0271718036e-14
3.8861083984e+02 4.4792504800e-14 2.4506206982e-14 2.0286297817e-14
3.8867187500e+02 4.4806604594e-14 2.4503492098e-14 2.0303112496e-14
3.8873291016e+02 4.4815722869e-14 2.4501087530e-14 2.0314635339e-14
3.8879394531e+02 4.4832532453e-14 2.4513797077e-14 2.0318735375e-14
3.8885498047e+02 4.4860467173e-14 2.4541393597e-14 2.0319073576e-14
3.8891601562e+02 4.4889624339e-14 2.4567032278e-14 2.0322592061e-14
3.8897705078e+02 4.4909805220e-14 2.4577602078e-14 2.0332203142e-14
3.8903808594e+02 4.4913414327e-14 2.4572650284e-14 2.0340764044e-14
3.8909912109e+02 4.4893248875e-14 2.4553589153e-14 2.0339659722e-14
3.8916015625e+02 4.4855030227e-14 2.4521069061e-14 2.0333961166e-14
3.8922119141e+02 4.4823952581e-14 2.4486294338e-14 2.0337658243e-14
3.8928222656e+02 4.4821717475e-14 2.4467714256e-14 2.0354003219e-14
3.8934326172e+02 4.4840203152e-14 2.4469447914e-14 2.0370755238e-14
3.8940429688e+02 4.4850504539e-14 2.4476460366e-14 2.0374044173e-14
3.8946533203e+02 4.4837541530e-14 2.4477884659e-14 2.0359656871e-14
3.8952636719e+02 4.4811400166e-14 2.4480806938e-14 2.0330593228e-14
3.8958740234e+02 4.4785234670e-14 2.4492958320e-14 2.0292276350e-14
3.8964843750e+02 4.4760247855e-14 2.4505326048e-14 2.0254921807e-14
3.8970947266e+02 4.4732853554e-14 2.4501298858e-14 2.0231554696e-14
3.8977050781e+02 4.4703975874e-14 2.4477490857e-14 2.0226485017e-14
3.8983154297e+02 4.4681776506e-14 2.4451112061e-14 2.0230664445e-14
3.8989257812e+02 4.4678810175e-14 2.4445552999e-14 2.0233257175e-14
3.8995361328e+02 4.4703491091e-14 2.4466944555e-14 2.0236546536e-14
3.9001464844e+02 4.4751662388e-14 2.4499129578e-14 2.0252532811e-14
3.9007568359e+02 4.4803952930e-14 2.4522961178e-14 2.0280991751e-14
3.9013671875e+02 4.4834947095e-14 2.4532486593e-14 2.0302460502e-14
3.9019775391e+02 4.4833831596e-14 2.4533931310e-14 2.0299900287e-14
3.9025878906e+02 4.4813584304e-14 2.4537680005e-14 2.0275904300e-14
3.9031982422e+02 4.4795720436e-14 2.4549219079e-14 2.0246501357e-14
3.9038085938e+02 4.4790219806e-14 2.4562893595e-14 2.0227326211e-14
3.9044189453e+02 4.4789024900e-14 2.4565054426e-14 2.0223970474e-14
3.9050292969e+02 4.4775594053e-14 2.4545483987e-14 2.0230110067e-14
3.9056396484e+02 4.4742343721e-14 2.4507376920e-14 2.0234966801e-14
3.9062500000e+02 4.4700728653e-14 2.4468843685e-14 2.0231884968e-14
3.9068603516e+02 4.4673015941e-14 2.4452723985e-14 2.0220291955e-14
3.9074707031e+02 4.4669645091e-14 2.4465965883e-14 2.0203679207e-14
3.9080810547e+02 4.4677164304e-14 2.4490715168e-14 2.0186449136e-14
3.9086914062e+02 4.4673790715e-14 2.4503945580e-14 2.0169845135e-14
3.9093017578e+02 4.4650162702e-14 2.4499146573e-14 2.0151016130e-14
3.9099121094e+02 4.4612086821e-14 2.4483388104e-14 2.0128698718e-14
3.9105224609e+02 4.4572946731e-14 2.4463803197e-14 2.0109143534e-14
3.9111328125e+02 4.4544703762e-14 2.4443148224e-14 2.0101555538e-14
3.9117431641e+02 4.4532941291e-14 2.4424273642e-14 2.0108667649e-14
3.9123535156e+02 4.4543697569e-14 2.4415928425e-14 2.0127769144e-14
3.9129638672e+02 4.4585640047e-14 2.4429613139e-14 2.0156026908e-14
3.9135742188e+02 4.4652370027e-14 2.4465026983e-14 2.0187343044e-14
3.9141845703e+02 4.4712379871e-14 2.4502463751e-14 2.0209916119e-14
3.9147949219e+02 4.4732618120e-14 2.4518711805e-14 2.0213906315e-14
3.9154052734e+02 4.4710197007e-14 2.4510553223e-14 2.0199643783e-14
3.9160156250e+02 4.4669424215e-14 2.4494403004e-14 2.0175021211e-14
3.9166259766e+02 4.4631667470e-14 2.4484913579e-14 2.0146753891e-14
3.9172363281e+02 4.4603080562e-14 2.4484294090e-14 2.0118786473e-14
3.9178466797e+02 4.4586734018e-14 2.4487715462e-14 2.0099018556e-14
3.9184570312e+02 4.4589446385e-14 2.4487810487e-14 2.0101635899e-14
3.9190673828e+02 4.4616087084e-14 2.4480144637e-14 2.0135942447e-14
3.9196777344e+02 4.4662930490e-14 2.4471089246e-14 2.0191841244e-14
3.9202880859e+02 4.4712369035e-14 2.4469692046e-14 2.0242676989e-14
3.9208984375e+02 4.4738615644e-14 2.4471659167e-14 2.0266956477e-14
3.9215087891e+02 4.4732902974e-14 2.4467112786e-14 2.0265790188e-14
3.9221191406e+02 4.4714576753e-14 2.4457794639e-14 2.0256782113e-14
3.9227294922e+02 4.4700250514e-14 2.4448823601e-14 2.0251426914e-14
3.9233398438e+02 4.4677192962e-14 2.4434004318e-14 2.0243188644e-14
3.9239501953e+02 4.4626366029e-14 2.4406532197e-14 2.0219833831e-14
3.9245605469e+02 4.4555758143e-14 2.4375568266e-14 2.0180189877e-14
3.9251708984e+02 4.4495016256e-14 2.4358624663e-14 2.0136391593e-14
3.9257812500e+02 4.4468474819e-14 2.4363721297e-14 2.0104753521e-14
3.9263916016e+02 4.4479727300e-14 2.4386526482e-14 2.0093200818e-14
3.9270019531e+02 4.4511999971e-14 2.4416201129e-14 2.0095798842e-14
3.9276123047e+02 4.4539869184e-14 2.4439203405e-14 2.0100665779e-14
3.9282226562e+02 4.4546934758e-14 2.4446002775e-14 2.0100931983e-14
3.9288330078e+02 4.4534731551e-14 2.4437242908e-14 2.0097488643e-14
3.9294433594e+02 4.4519313741e-14 2.4422662054e-14 2.0096651687e-14
3.9300537109e+02 4.4524952611e-14 2.4419339857e-14 2.0105612754e-14
3.9306640625e+02 4.4568490329e-14 2.4444767445e-14 2.0123722884e-14
3.9312744141e+02 4.4638335626e-14 2.4496806056e-14 2.0141529570e-14
3.9318847656e+02 4.4699341092e-14 2.4544889887e-14 2.0154451204e-14
3.9324951172e+02 4.4722431812e-14 2.4554411158e-14 2.0168020654e-14
3.9331054688e+02 4.4702933647e-14 2.4519074166e-14 2.0183859481e-14
3.9337158203e+02 4.4656707139e-14 2.4464384669e-14 2.0192322470e-14
3.9343261719e+02 4.4607582431e-14 2.4423142313e-14 2.0184440118e-14
3.9349365234e+02 4.4573318408e-14 2.4411271534e-14 2.0162046874e-14
3.9355468750e+02 4.4556452581e-14 2.4423828104e-14 2.0132624477e-14
3.9361572266e+02 4.4550814400e-14 2.4447415546e-14 2.0103398854e-14
3.9367675781e+02 4.4555718128e-14 2.4471755255e-14 2.0083962873e-14
3.9373779297e+02 4.4573164798e-14 2.4491651443e-14 2.0081513355e-14
3.9379882812e+02 4.4592087066e-14 2.4504658564e-14 2.0087428502e-14
3.9385986328e+02 4.4594453654e-14 2.4511230511e-14 2.0083223142e-14
3.9392089844e+02 4.4585553963e-14 2.4518118699e-14 2.0067435264e-14
3.9398193359e+02 4.4598444309e-14 2.4537824300e-14 2.0060620009e-14
3.9404296875e+02 4.4649043038e-14 2.4574398874e-14 2.0074644163e-14
3.9410400391e+02 4.4703423963e-14 2.4607674907e-14 2.0095749055e-14
3.9416503906e+02 4.4714054733e-14 2.4607387460e-14 2.0106667274e-14
3.9422607422e+02 4.4672056314e-14 2.4566382914e-14 2.0105673400e-14
3.9428710938e+02 4.4602190538e-14 2.4502374548e-14 2.0099815991e-14
3.9434814453e+02 4.4530802842e-14 2.4432721948e-14 2.0098080894e-14
3.9440917969e+02 4.4480066104e-14 2.4370652078e-14 2.0109414026e-14
3.9447021484e+02 4.4466783602e-14 2.4334118962e-14 2.0132664640e-14
3.9453125000e+02 4.4484686553e-14 2.4330610134e-14 2.0154076420e-14
3.9459228516e+02 4.4504869893e-14 2.4341409330e-14 2.0163460562e-14
3.9465332031e+02 4.4508871618e-14 2.4343698086e-14 2.0165173532e-14
3.9471435547e+02 4.4510224997e-14 2.4342587051e-14 2.0167637946e-14
3.9477539062e+02 4.4529400204e-14 2.4360216401e-14 2.0169183803e-14
3.9483642578e+02 4.4557646943e-14 2.4396307076e-14 2.0161339867e-14
3.9489746094e+02 4.4566191432e-14 2.4422271400e-14 2.0143920031e-14
3.9495849609e+02 4.4547280588e-14 2.4418560391e-14 2.0128720197e-14
3.9501953125e+02 4.4525309703e-14 2.4400172451e-14 2.0125137253e-14
3.9508056641e+02 4.4524286387e-14 2.4394883904e-14 2.0129402484e-14
3.9514160156e+02 4.4539456570e-14 2.4406996003e-14 2.0132460567e-14
3.9520263672e+02 4.4545201939e-14 2.4415141177e-14 2.0130060762e-14
3.9526367188e+02 4.4522667962e-14 2.4400092139e-14 2.0122575823e-14
3.9532470703e+02 4.4479301536e-14 2.4364555892e-14 2.0114745644e-14
3.9538574219e+02 4.4444491177e-14 2.4330048624e-14 2.0114442553e-14
3.9544677734e+02 4.4442085411e-14 2.4320353720e-14 2.0121731691e-14
3.9550781250e+02 4.4464336289e-14 2.4341851025e-14 2.0122485265e-14
3.9556884766e+02 4.4478456991e-14 2.4376741303e-14 2.0101715688e-14
3.9562988281e+02 4.4460789066e-14 2.4398866606e-14 2.0061922460e-14
3.9569091797e+02 4.4420840052e-14 2.4396288673e-14 2.0024551379e-14
3.9575195312e+02 4.4394304090e-14 2.4379939686e-14 2.0014364404e-14
3.9581298828e+02 4.4411285392e-14 2.4371303254e-14 2.0039982137e-14
3.9587402344e+02 4.4466031954e-14 2.4380517011e-14 2.0085514943e-14
3.9593505859e+02 4.4524482070e-14 2.4399082399e-14 2.0125399671e-14
3.9599609375e+02 4.4564243213e-14 2.4415324436e-14 2.0148918777e-14
3.9605712891e+02 4.4590723185e-14 2.4429405761e-14 2.0161317424e-14
3.9611816406e+02 4.4607680392e-14 2.4444339433e-14 2.0163340959e-14
3.9617919922e+02 4.4598182187e-14 2.4450989922e-14 2.0147192265e-14
3.9624023438e+02 4.4554395285e-14 2.4437322088e-14 2.0117073197e-14
3.9630126953e+02 4.4502876739e-14 2.4407932874e-14 2.0094943866e-14
3.9636230469e+02 4.4475393914e-14 2.4381671474e-14 2.0093722440e-14
3.9642333984e+02 4.4471089855e-14 2.4369412222e-14 2.0101677633e-14
3.9648437500e+02 4.4466573979e-14 2.4361708874e-14 2.0104865104e-14
3.9654541016e+02 4.4448811692e-14 2.4343195558e-14 2.0105616134e-14
3.9660644531e+02 4.4425323166e-14 2.4314114716e-14 2.0111208450e-14
3.9666748047e+02 4.4411232742e-14 2.4289892852e-14 2.0121339890e-14
3.9672851562e+02 4.4411786896e-14 2.4282945847e-14 2.0128841049e-14
3.9678955078e+02 4.4415489692e-14 2.4290190593e-14 2.0125299099e-14
3.9685058594e+02 4.4404586744e-14 2.4297255872e-14 2.0107330872e-14
3.9691162109e+02 4.4373101986e-14 2.4295984225e-14 2.0077117761e-14
3.9697265625e+02 4.4335048524e-14 2.4295097980e-14 2.0039950544e-14
3.9703369141e+02 4.4313855963e-14 2.4306881814e-14 2.0006974149e-14
3.9709472656e+02 4.4322552141e-14 2.4328606069e-14 1.9993946072e-14
3.9715576172e+02 4.4354617325e-14 2.4346772506e-14 2.0007844819e-14
3.9721679688e+02 4.4393830208e-14 2.4356084079e-14 2.0037746128e-14
3.9727783203e+02 4.4432417788e-14 2.4366638887e-14 2.0065778901e-14
3.9733886719e+02 4.4476074677e-14 2.4391350640e-14 2.0084724037e-14
3.9739990234e+02 4.4526370163e-14 2.4426333279e-14 2.0100036884e-14
3.9746093750e+02 4.4567145919e-14 2.4449800966e-14 2.0117344954e-14
3.9752197266e+02 4.4581933565e-14 2.4448332390e-14 2.0133601175e-14
3.9758300781e+02 4.4573830114e-14 2.4435043356e-14 2.0138786758e-14
3.9764404297e+02 4.4554587051e-14 2.4430803292e-14 2.0123783759e-14
3.9770507812e+02 4.4530030140e-14 2.4438517632e-14 2.0091512508e-14
3.9776611328e+02 4.4506261616e-14 2.4447292966e-14 2.0058968650e-14
3.9782714844e+02 4.4493761011e-14 2.4451416993e-14 2.0042344018e-14
3.9788818359e+02 4.4497114309e-14 2.4452444432e-14 2.0044669877e-14
3.9794921875e+02 4.4507576550e-14 2.4448592831e-14 2.0058983719e-14
3.9801025391e+02 4.4509746898e-14 2.4434278184e-14 2.0075468714e-14
3.9807128906e+02 4.4496614624e-14 2.4408798863e-14 2.0087815761e-14
3.9813232422e+02 4.4476942084e-14 2.4379442141e-14 2.0097499944e-14
3.9819335938e+02 4.4464039444e-14 2.4357155906e-14 2.0106883537e-14
3.9825439453e+02 4.4459417737e-14 2.4348201478e-14 2.0111216259e-14
3.9831542969e+02 4.4454891393e-14 2.4348952989e-14 2.0105938404e-14
3.9837646484e+02 4.4449673235e-14 2.4354245662e-14 2.0095427572e-14
3.9843750000e+02 4.4452545003e-14 2.4367339697e-14 2.0085205306e-14
3.9849853516e+02 4.4463441778e-14 2.4390151515e-14 2.0073290263e-14
3.9855957031e+02 4.4468923583e-14 2.4409336905e-14 2.0059586678e-14
3.9862060547e+02 4.4461631982e-14 2.4408546690e-14 2.0053085292e-14
3.9868164062e+02 4.4449387270e-14 2.4391553929e-14 2.0057833341e-14
3.9874267578e+02 4.4440387703e-14 2.4378574589e-14 2.0061813114e-14
3.9880371094e+02 4.4430113474e-14 2.4379967831e-14 2.0050145643e-14
3.9886474609e+02 4.4409444226e-14 2.4384082578e-14 2.0025361648e-14
3.9892578125e+02 4.4381219692e-14 2.4374273867e-14 2.0006945825e-14
3.9898681641e+02 4.4359387581e-14 2.4349900466e-14 2.0009487115e-14
3.9904785156e+02 4.4351303216e-14 2.4324149378e-14 2.0027153838e-14
3.9910888672e+02 4.4348704409e-14 2.4306667712e-14 2.0042036697e-14
3.9916992188e+02 4.4338379215e-14 2.4294905032e-14 2.0043474183e-14
3.9923095703e+02 4.4318318258e-14 2.4280540466e-14 2.0037777792e-14
3.9929199219e+02 4.4301361862e-14 2.4260377043e-14 2.0040984819e-14
3.9935302734e+02 4.4304893017e-14 2.4243432449e-14 2.0061460568e-14
3.9941406250e+02 4.4338006064e-14 2.4249064767e-14 2.0088941296e-14
3.9947509766e+02 4.4392342469e-14 2.4290335309e-14 2.0102007160e-14
3.9953613281e+02 4.4445867819e-14 2.4357369734e-14 2.0088498085e-14
3.9959716797e+02 4.4486242510e-14 2.4425388738e-14 2.0060853772e-14
3.9965820312e+02 4.4520706791e-14 2.4475596728e-14 2.0045110062e-14
3.9971923828e+02 4.4549930742e-14 2.4500002667e-14 2.0049928075e-14
3.9978027344e+02 4.4555260473e-14 2.4497035873e-14 2.0058224600e-14
3.9984130859e+02 4.4529824703e-14 2.4476716810e-14 2.0053107894e-14
3.9990234375e+02 4.4499793390e-14 2.4460727103e-14 2.0039066288e-14
3.9996337891e+02 4.4494550160e-14 2.4460581755e-14 2.0033968405e-14
4.0002441406e+02 4.4508006568e-14 2.4460681576e-14 2.0047324993e-14
4.0008544922e+02 4.4508652118e-14 2.4439470375e-14 2.0069181744e-14
4.0014648438e+02 4.4481518960e-14 2.4403229136e-14 2.0078289824e-14
4.0020751953e+02 4.4441418726e-14 2.4378372758e-14 2.0063045967e-14
4.0026855469e+02 4.4412649080e-14 2.4374757688e-14 2.0037891392e-14
4.0032958984e+02 4.4410911102e-14 2.4379384452e-14 2.0031526650e-14
4.0039062500e+02 4.4430451033e-14 2.4378677615e-14 2.0051773418e-14
4.0045166016e+02 4.4442245687e-14 2.4367875109e-14 2.0074370578e-14
4.0051269531e+02 4.4424325257e-14 2.4348810951e-14 2.0075514306e-14
4.0057373047e+02 4.4391574863e-14 2.4332088832e-14 2.0059486031e-14
4.0063476562e+02 4.4377315301e-14 2.4332597153e-14 2.0044718148e-14
4.0069580078e+02 4.4391834733e-14 2.4353465534e-14 2.0038369199e-14
4.0075683594e+02 4.4412965853e-14 2.4379201282e-14 2.0033764571e-14
4.0081787109e+02 4.4413030524e-14 2.4389400761e-14 2.0023629763e-14
4.0087890625e+02 4.4384908488e-14 2.4375928474e-14 2.0008980014e-14
4.0093994141e+02 4.4341725475e-14 2.4344625388e-14 1.9997100087e-14
4.0100097656e+02 4.4301166035e-14 2.4306360164e-14 1.9994805871e-14
4.0106201172e+02 4.4273969023e-14 2.4272064882e-14 2.0001904141e-14
4.0112304688e+02 4.4259629383e-14 2.4252440494e-14 2.0007188889e-14
4.0118408203e+02 4.4254557607e-14 2.4255896442e-14 1.9998661165e-14
4.0124511719e+02 4.4266632562e-14 2.4283923038e-14 1.9982709523e-14
4.0130615234e+02 4.4306757933e-14 2.4327372199e-14 1.9979385734e-14
4.0136718750e+02 4.4364911341e-14 2.4368672220e-14 1.9996239121e-14
4.0142822266e+02 4.4413483836e-14 2.4391871660e-14 2.0021612176e-14
4.0148925781e+02 4.4434442033e-14 2.4393199955e-14 2.0041242078e-14
4.0155029297e+02 4.4429715596e-14 2.4381390698e-14 2.0048324898e-14
4.0161132812e+02 4.4411389997e-14 2.4369401027e-14 2.0041988970e-14
4.0167236328e+02 4.4392873597e-14 2.4365193381e-14 2.0027680216e-14
4.0173339844e+02 4.4379485152e-14 2.4364424555e-14 2.0015060597e-14
4.0179443359e+02 4.4363033045e-14 2.4354713477e-14 2.0008319568e-14
4.0185546875e+02 4.4337882093e-14 2.4333688730e-14 2.0004193363e-14
4.0191650391e+02 4.4316586095e-14 2.4316919477e-14 1.9999666618e-14
4.0197753906e+02 4.4316157807e-14 2.4322759571e-14 1.9993398235e-14
4.0203857422e+02 4.4340779095e-14 2.4355942564e-14 1.9984836530e-14
4.0209960938e+02 4.4385577882e-14 2.4405904437e-14 1.9979673445e-14
4.0216064453e+02 4.4439290059e-14 2.4452200510e-14 1.9987089549e-14
4.0222167969e+02 4.4478532755e-14 2.4474812477e-14 2.0003720278e-14
4.0228271484e+02 4.4477584104e-14 2.4465767189e-14 2.0011816915e-14
4.0234375000e+02 4.4434303404e-14 2.4431999148e-14 2.0002304256e-14
4.0240478516e+02 4.4380787837e-14 2.4393960946e-14 1.9986826891e-14
4.0246582031e+02 4.4356379112e-14 2.4376892541e-14 1.9979486571e-14
4.0252685547e+02 4.4367278210e-14 2.4386653448e-14 1.9980624762e-14
4.0258789062e+02 4.4384940405e-14 2.4399768105e-14 1.9985172299e-14
4.0264892578e+02 4.4385470763e-14 2.4392040629e-14 1.9993430135e-14
4.0270996094e+02 4.4370815969e-14 2.4366287861e-14 2.0004528107e-14
4.0277099609e+02 4.4351156197e-14 2.4340765129e-14 2.0010391069e-14
4.0283203125e+02 4.4333540199e-14 2.4325342787e-14 2.0008197412e-14
4.0289306641e+02 4.4327424149e-14 2.4319555105e-14 2.0007869044e-14
4.0295410156e+02 4.4336220455e-14 2.4321083108e-14 2.0015137348e-14
4.0301513672e+02 4.4348876488e-14 2.4327746623e-14 2.0021129865e-14
4.0307617188e+02 4.4357016818e-14 2.4338901869e-14 2.0018114948e-14
4.0313720703e+02 4.4365708785e-14 2.4355138620e-14 2.0010570165e-14
4.0319824219e+02 4.4373860157e-14 2.4368811458e-14 2.0005048699e-14
4.0325927734e+02 4.4367484590e-14 2.4364773275e-14 2.0002711315e-14
4.0332031250e+02 4.4348207125e-14 2.4343321242e-14 2.0004885883e-14
4.0338134766e+02 4.4343015932e-14 2.4329383476e-14 2.0013632456e-14
4.0344238281e+02 4.4369025278e-14 2.4344805420e-14 2.0024219858e-14
4.0350341797e+02 4.4406093453e-14 2.4379340206e-14 2.0026753247e-14
4.0356445312e+02 4.4417706973e-14 2.4400020789e-14 2.0017686184e-14
4.0362548828e+02 4.4394545424e-14 2.4389427465e-14 2.0005117959e-14
4.0368652344e+02 4.4366552648e-14 2.4363394202e-14 2.0003158446e-14
4.0374755859e+02 4.4365964793e-14 2.4343413212e-14 2.0022551581e-14
4.0380859375e+02 4.4388359050e-14 2.4327906678e-14 2.0060452372e-14
4.0386962891e+02 4.4400469774e-14 2.4305860991e-14 2.0094608783e-14
4.0393066406e+02 4.4381664538e-14 2.4284122609e-14 2.0097541929e-14
4.0399169922e+02 4.4347838140e-14 2.4281538983e-14 2.0066299157e-14
4.0405273438e+02 4.4327965729e-14 2.4300394930e-14 2.0027570799e-14
4.0411376953e+02 4.4324981646e-14 2.4322011486e-14 2.0002970161e-14
4.0417480469e+02 4.4318354135e-14 2.4333853250e-14 1.9984500885e-14
4.0423583984e+02 4.4301127471e-14 2.4343516714e-14 1.9957610757e-14
4.0429687500e+02 4.4291977612e-14 2.4360936786e-14 1.9931040826e-14
4.0435791016e+02 4.4307936592e-14 2.4382311302e-14 1.9925625290e-14
4.0441894531e+02 4.4338124637e-14 2.4394253086e-14 1.9943871550e-14
4.0447998047e+02 4.4351967366e-14 2.4384965257e-14 1.9967002109e-14
4.0454101562e+02 4.4332866785e-14 2.4352519152e-14 1.9980347632e-14
4.0460205078e+02 4.4296433032e-14 2.4307193658e-14 1.9989239373e-14
4.0466308594e+02 4.4269727909e-14 2.4266827852e-14 2.0002900057e-14
4.0472412109e+02 4.4259124220e-14 2.4245210560e-14 2.0013913660e-14
4.0478515625e+02 4.4255193908e-14 2.4243984419e-14 2.0011209489e-14
4.0484619141e+02 4.4265214901e-14 2.4260426061e-14 2.0004788840e-14
4.0490722656e+02 4.4307990552e-14 2.4292053730e-14 2.0015936822e-14
4.0496826172e+02 4.4373925874e-14 2.4327121067e-14 2.0046804806e-14
4.0502929688e+02 4.4425480242e-14 2.4349847938e-14 2.0075632304e-14
4.0509033203e+02 4.4439319234e-14 2.4358680361e-14 2.0080638873e-14
4.0515136719e+02 4.4422773986e-14 2.4364039694e-14 2.0058734292e-14
4.0521240234e+02 4.4394821349e-14 2.4370656948e-14 2.0024164401e-14
4.0527343750e+02 4.4370002682e-14 2.4371753997e-14 1.9998248685e-14
4.0533447266e+02 4.4355037606e-14 2.4360260854e-14 1.9994776751e-14
4.0539550781e+02 4.4346951292e-14 2.4340886168e-14 2.0006065124e-14
4.0545654297e+02 4.4333242843e-14 2.4325055655e-14 2.0008187188e-14
4.0551757812e+02 4.4301431974e-14 2.4314425796e-14 1.9987006178e-14
4.0557861328e+02 4.4255211070e-14 2.4298726759e-14 1.9956484311e-14
4.0563964844e+02 4.4220120712e-14 2.4274149387e-14 1.9945971325e-14
4.0570068359e+02 4.4224999132e-14 2.4255737701e-14 1.9969261431e-14
4.0576171875e+02 4.4272756202e-14 2.4261605704e-14 2.0011150497e-14
4.0582275391e+02 4.4333299251e-14 2.4288253082e-14 2.0045046169e-14
4.0588378906e+02 4.4370318668e-14 2.4314301473e-14 2.0056017195e-14
4.0594482422e+02 4.4371313715e-14 2.4326045113e-14 2.0045268602e-14
4.0600585938e+02 4.4348214551e-14 2.4325159564e-14 2.0023054987e-14
4.0606689453e+02 4.4317487283e-14 2.4315163966e-14 2.0002323316e-14
4.0612792969e+02 4.4285384840e-14 2.4294532330e-14 1.9990852510e-14
4.0618896484e+02 4.4248233200e-14 2.4263510846e-14 1.9984722355e-14
4.0625000000e+02 4.4204833175e-14 2.4231509519e-14 1.9973323656e-14
4.0631103516e+02 4.4167834471e-14 2.4215252878e-14 1.9952581593e-14
4.0637207031e+02 4.4156325622e-14 2.4225569601e-14 1.9930756022e-14
4.0643310547e+02 4.4174603802e-14 2.4255361721e-14 1.9919242082e-14
4.0649414062e+02 4.4206719818e-14 2.4285761935e-14 1.9920957883e-14
4.0655517578e+02 4.4236285049e-14 2.4304865236e-14 1.9931419813e-14
4.0661621094e+02 4.4265343233e-14 2.4318126039e-14 1.9947217194e-14
4.0667724609e+02 4.4303901521e-14 2.4337704421e-14 1.9966197100e-14
4.0673828125e+02 4.4342151329e-14 2.4362607040e-14 1.9979544289e-14
4.0679931641e+02 4.4353480404e-14 2.4378725970e-14 1.9974754434e-14
4.0686035156e+02 4.4329575082e-14 2.4378836004e-14 1.9950739078e-14
4.0692138672e+02 4.4288744229e-14 2.4368921636e-14 1.9919822593e-14
4.0698242188e+02 4.4249039916e-14 2.4355748560e-14 1.9893291356e-14
4.0704345703e+02 4.4216829790e-14 2.4342726154e-14 1.9874103636e-14
4.0710449219e+02 4.4198049826e-14 2.4334596742e-14 1.9863453085e-14
4.0716552734e+02 4.4200513075e-14 2.4336064287e-14 1.9864448788e-14
4.0722656250e+02 4.4222715491e-14 2.4348665572e-14 1.9874049918e-14
4.0728759766e+02 4.4248176717e-14 2.4367843198e-14 1.9880333519e-14
4.0734863281e+02 4.4258989418e-14 2.4380909659e-14 1.9878079759e-14
4.0740966797e+02 4.4255300352e-14 2.4376878976e-14 1.9878421377e-14
4.0747070312e+02 4.4252155958e-14 2.4360153909e-14 1.9892002049e-14
4.0753173828e+02 4.4256733615e-14 2.4345674995e-14 1.9911058620e-14
4.0759277344e+02 4.4256748732e-14 2.4338510724e-14 1.9918238008e-14
4.0765380859e+02 4.4233801013e-14 2.4324051381e-14 1.9909749632e-14
4.0771484375e+02 4.4186448184e-14 2.4285780766e-14 1.9900667418e-14
4.0777587891e+02 4.4135781115e-14 2.4232563175e-14 1.9903217940e-14
4.0783691406e+02 4.4102899758e-14 2.4194397498e-14 1.9908502260e-14
4.0789794922e+02 4.4088647807e-14 2.4188898743e-14 1.9899749064e-14
4.0795898438e+02 4.4086843435e-14 2.4208658724e-14 1.9878184712e-14
4.0802001953e+02 4.4100391862e-14 2.4237345998e-14 1.9863045865e-14
4.0808105469e+02 4.4123538134e-14 2.4257473972e-14 1.9866064162e-14
4.0814208984e+02 4.4130858328e-14 2.4251680528e-14 1.9879177801e-14
4.0820312500e+02 4.4109087831e-14 2.4219699160e-14 1.9889388670e-14
4.0826416016e+02 4.4079803052e-14 2.4187281172e-14 1.9892521881e-14
4.0832519531e+02 4.4073658531e-14 2.4181012309e-14 1.9892646222e-14
4.0838623047e+02 4.4095634309e-14 2.4198765067e-14 1.9896869243e-14
4.0844726562e+02 4.4122644450e-14 2.4216106185e-14 1.9906538265e-14
4.0850830078e+02 4.4132306048e-14 2.4218498653e-14 1.9913807396e-14
4.0856933594e+02 4.4130362311e-14 2.4216275943e-14 1.9914086368e-14
4.0863037109e+02 4.4143086033e-14 2.4227831408e-14 1.9915254625e-14
4.0869140625e+02 4.4184370863e-14 2.4258555089e-14 1.9925815774e-14
4.0875244141e+02 4.4238337965e-14 2.4298998620e-14 1.9939339345e-14
4.0881347656e+02 4.4274518512e-14 2.4332785928e-14 1.9941732584e-14
4.0887451172e+02 4.4272899077e-14 2.4339923544e-14 1.9932975533e-14
4.0893554688e+02 4.4232565274e-14 2.4305832996e-14 1.9926732278e-14
4.0899658203e+02 4.4168337057e-14 2.4239639332e-14 1.9928697725e-14
4.0905761719e+02 4.4104245206e-14 2.4173201498e-14 1.9931043708e-14
4.0911865234e+02 4.4056791189e-14 2.4132810523e-14 1.9923980667e-14
4.0917968750e+02 4.4022373058e-14 2.4120626533e-14 1.9901746525e-14
4.0924072266e+02 4.3991170863e-14 2.4126132745e-14 1.9865038117e-14
4.0930175781e+02 4.3970083452e-14 2.4144060983e-14 1.9826022468e-14
4.0936279297e+02 4.3982833422e-14 2.4175290154e-14 1.9807543268e-14
4.0942382812e+02 4.4042773675e-14 2.4216421175e-14 1.9826352499e-14
4.0948486328e+02 4.4128377014e-14 2.4258741191e-14 1.9869635823e-14
4.0954589844e+02 4.4197113656e-14 2.4297746405e-14 1.9899367251e-14
4.0960693359e+02 4.4226025697e-14 2.4333862984e-14 1.9892162713e-14
4.0966796875e+02 4.4227514300e-14 2.4364296664e-14 1.9863217635e-14
4.0972900391e+02 4.4223838669e-14 2.4381362929e-14 1.9842475740e-14
4.0979003906e+02 4.4224164676e-14 2.4378867681e-14 1.9845296994e-14
4.0985107422e+02 4.4232499808e-14 2.4361082903e-14 1.9871416905e-14
4.0991210938e+02 4.4252225336e-14 2.4342899832e-14 1.9909325504e-14
4.0997314453e+02 4.4268918013e-14 2.4333311279e-14 1.9935606734e-14
4.1003417969e+02 4.4256191537e-14 2.4325898518e-14 1.9930293019e-14
4.1009521484e+02 4.4215209494e-14 2.4315608661e-14 1.9899600833e-14
4.1015625000e+02 4.4180446132e-14 2.4309981137e-14 1.9870464995e-14
4.1021728516e+02 4.4173169870e-14 2.4311858266e-14 1.9861311605e-14
4.1027832031e+02 4.4175631604e-14 2.4308377292e-14 1.9867254311e-14
4.1033935547e+02 4.4162153269e-14 2.4290142559e-14 1.9872010709e-14
4.1040039062e+02 4.4136552083e-14 2.4269643970e-14 1.9866908113e-14
4.1046142578e+02 4.4120236257e-14 2.4265486956e-14 1.9854749301e-14
4.1052246094e+02 4.4114121425e-14 2.4272895312e-14 1.9841226113e-14
4.1058349609e+02 4.4101845835e-14 2.4267801547e-14 1.9834044288e-14
4.1064453125e+02 4.4085817794e-14 2.4240937605e-14 1.9844880189e-14
4.1070556641e+02 4.4088578429e-14 2.4211952538e-14 1.9876625890e-14
4.1076660156e+02 4.4116225546e-14 2.4204968662e-14 1.9911256884e-14
4.1082763672e+02 4.4146006363e-14 2.4222470285e-14 1.9923536077e-14
4.1088867188e+02 4.4156964089e-14 2.4250058303e-14 1.9906905786e-14
4.1094970703e+02 4.4151399494e-14 2.4274009455e-14 1.9877390039e-14
4.1101074219e+02 4.4139916164e-14 2.4285805990e-14 1.9854110174e-14
4.1107177734e+02 4.4123492640e-14 2.4279425779e-14 1.9844066861e-14
4.1113281250e+02 4.4097729225e-14 2.4252404498e-14 1.9845324727e-14
4.1119384766e+02 4.4068746335e-14 2.4212097308e-14 1.9856649027e-14
4.1125488281e+02 4.4055742059e-14 2.4179735913e-14 1.9876006146e-14
4.1131591797e+02 4.4069115105e-14 2.4175648898e-14 1.9893466207e-14
4.1137695312e+02 4.4091112806e-14 2.4195790496e-14 1.9895322310e-14
4.1143798828e+02 4.4093462532e-14 2.4218526316e-14 1.9874936215e-14
4.1149902344e+02 4.4074635549e-14 2.4235334111e-14 1.9839301438e-14
4.1156005859e+02 4.4061359884e-14 2.4253367782e-14 1.9807992102e-14
4.1162109375e+02 4.4070732034e-14 2.4272471465e-14 1.9798260569e-14
4.1168212891e+02 4.4091924301e-14 2.4283806113e-14 1.9808118188e-14
4.1174316406e+02 4.4107021707e-14 2.4284562806e-14 1.9822458901e-14
4.1180419922e+02 4.4110238081e-14 2.4279326729e-14 1.9830911351e-14
4.1186523438e+02 4.4105552475e-14 2.4273556901e-14 1.9831995574e-14
4.1192626953e+02 4.4098962685e-14 2.4268775881e-14 1.9830186804e-14
4.1198730469e+02 4.4093475152e-14 2.4259937659e-14 1.9833537492e-14
4.1204833984e+02 4.4082882046e-14 2.4238570940e-14 1.9844311105e-14
4.1210937500e+02 4.4051194688e-14 2.4199382331e-14 1.9851812357e-14
4.1217041016e+02 4.3988781307e-14 2.4145795036e-14 1.9842986271e-14
4.1223144531e+02 4.3913761795e-14 2.4093411117e-14 1.9820350678e-14
4.1229248047e+02 4.3866390612e-14 2.4062399032e-14 1.9803991580e-14
4.1235351562e+02 4.3873209564e-14 2.4060076738e-14 1.9813132826e-14
4.1241455078e+02 4.3923242868e-14 2.4076765904e-14 1.9846476964e-14
4.1247558594e+02 4.3979675813e-14 2.4097900169e-14 1.9881775644e-14
4.1253662109e+02 4.4009790988e-14 2.4114564940e-14 1.9895226048e-14
4.1259765625e+02 4.4009879007e-14 2.4127569892e-14 1.9882309114e-14
4.1265869141e+02 4.4001929130e-14 2.4144436192e-14 1.9857492938e-14
4.1271972656e+02 4.4001886752e-14 2.4168931508e-14 1.9832955244e-14
4.1278076172e+02 4.4000940850e-14 2.4193722044e-14 1.9807218806e-14
4.1284179688e+02 4.3987798699e-14 2.4208380947e-14 1.9779417752e-14
4.1290283203e+02 4.3974085676e-14 2.4213402792e-14 1.9760682884e-14
4.1296386719e+02 4.3977265854e-14 2.4215433284e-14 1.9761832570e-14
4.1302490234e+02 4.3993909092e-14 2.4214138782e-14 1.9779770310e-14
4.1308593750e+02 4.4011438984e-14 2.4209758453e-14 1.9801680532e-14
4.1314697266e+02 4.4028914978e-14 2.4210908027e-14 1.9818006952e-14
4.1320800781e+02 4.4047304829e-14 2.4217252709e-14 1.9830052119e-14
4.1326904297e+02 4.4054877278e-14 2.4213132629e-14 1.9841744649e-14
4.1333007812e+02 4.4041224050e-14 2.4195623479e-14 1.9845600571e-14
4.1339111328e+02 4.4018754158e-14 2.4187482348e-14 1.9831271809e-14
4.1345214844e+02 4.4013997331e-14 2.4206535286e-14 1.9807462046e-14
4.1351318359e+02 4.4036831312e-14 2.4240531287e-14 1.9796300024e-14
4.1357421875e+02 4.4066735511e-14 2.4262290294e-14 1.9804445217e-14
4.1363525391e+02 4.4071421551e-14 2.4256000237e-14 1.9815421314e-14
4.1369628906e+02 4.4035970132e-14 2.4223223385e-14 1.9812746747e-14
4.1375732422e+02 4.3974053377e-14 2.4175718426e-14 1.9798334951e-14
4.1381835938e+02 4.3916394703e-14 2.4132426434e-14 1.9783968270e-14
4.1387939453e+02 4.3888680341e-14 2.4114133876e-14 1.9774546465e-14
4.1394042969e+02 4.3893105043e-14 2.4125012074e-14 1.9768092969e-14
4.1400146484e+02 4.3907055413e-14 2.4141215218e-14 1.9765840194e-14
4.1406250000e+02 4.3902206185e-14 2.4131580814e-14 1.9770625371e-14
4.1412353516e+02 4.3869430733e-14 2.4091368262e-14 1.9778062471e-14
4.1418457031e+02 4.3825348082e-14 2.4046782844e-14 1.9778565237e-14
4.1424560547e+02 4.3794739245e-14 2.4027410919e-14 1.9767328327e-14
4.1430664062e+02 4.3794075482e-14 2.4043892022e-14 1.9750183460e-14
4.1436767578e+02 4.3829786318e-14 2.4089979403e-14 1.9739806915e-14
4.1442871094e+02 4.3890393514e-14 2.4149885569e-14 1.9740507945e-14
4.1448974609e+02 4.3937380507e-14 2.4200180053e-14 1.9737200454e-14
4.1455078125e+02 4.3931490486e-14 2.4219828022e-14 1.9711662465e-14
4.1461181641e+02 4.3875874307e-14 2.4204575819e-14 1.9671298488e-14
4.1467285156e+02 4.3818847639e-14 2.4169910114e-14 1.9648937525e-14
4.1473388672e+02 4.3810924250e-14 2.4142955797e-14 1.9667968453e-14
4.1479492188e+02 4.3859267770e-14 2.4144517595e-14 1.9714750175e-14
4.1485595703e+02 4.3924739620e-14 2.4171258785e-14 1.9753480835e-14
4.1491699219e+02 4.3966035839e-14 2.4201712811e-14 1.9764323028e-14
4.1497802734e+02 4.3976643517e-14 2.4221113999e-14 1.9755529518e-14
4.1503906250e+02 4.3973476223e-14 2.4232239173e-14 1.9741237050e-14
4.1510009766e+02 4.3966198564e-14 2.4240144316e-14 1.9726054249e-14
4.1516113281e+02 4.3951826877e-14 2.4237634510e-14 1.9714192367e-14
4.1522216797e+02 4.3929838297e-14 2.4215688688e-14 1.9714149609e-14
4.1528320312e+02 4.3905894700e-14 2.4179266375e-14 1.9726628325e-14
4.1534423828e+02 4.3886359708e-14 2.4144986186e-14 1.9741373522e-14
4.1540527344e+02 4.3879493715e-14 2.4128826213e-14 1.9750667501e-14
4.1546630859e+02 4.3889786838e-14 2.4135403926e-14 1.9754382912e-14
4.1552734375e+02 4.3907695500e-14 2.4158366170e-14 1.9749329329e-14
4.1558837891e+02 4.3919999955e-14 2.4191685139e-14 1.9728314816e-14
4.1564941406e+02 4.3927244085e-14 2.4230275277e-14 1.9696968809e-14
4.1571044922e+02 4.3937426528e-14 2.4261176709e-14 1.9676249818e-14
4.1577148438e+02 4.3947964083e-14 2.4269427890e-14 1.9678536193e-14
4.1583251953e+02 4.3948339701e-14 2.4253933589e-14 1.9694406112e-14
4.1589355469e+02 4.3938015040e-14 2.4229760365e-14 1.9708254675e-14
4.1595458984e+02 4.3928301649e-14 2.4213768211e-14 1.9714533438e-14
4.1601562500e+02 4.3926351116e-14 2.4209684534e-14 1.9716666582e-14
4.1607666016e+02 4.3925323887e-14 2.4206281895e-14 1.9719041992e-14
4.1613769531e+02 4.3911029332e-14 2.4189032171e-14 1.9721997162e-14
4.1619873047e+02 4.3877454590e-14 2.4154614537e-14 1.9722840053e-14
4.1625976562e+02 4.3837944824e-14 2.4116997903e-14 1.9720946921e-14
4.1632080078e+02 4.3813974460e-14 2.4097087104e-14 1.9716887356e-14
4.1638183594e+02 4.3808365013e-14 2.4101996525e-14 1.9706368488e-14
4.1644287109e+02 4.3803847039e-14 2.4118730742e-14 1.9685116297e-14
4.1650390625e+02 4.3789561259e-14 2.4129509261e-14 1.9660051998e-14
4.1656494141e+02 4.3771407023e-14 2.4127006166e-14 1.9644400858e-14
4.1662597656e+02 4.3757479430e-14 2.4115929555e-14 1.9641549875e-14
4.1668701172e+02 4.3745840880e-14 2.4105150195e-14 1.9640690685e-14
4.1674804688e+02 4.3727954973e-14 2.4099050880e-14 1.9628904094e-14
4.1680908203e+02 4.3705288709e-14 2.4097111655e-14 1.9608177054e-14
4.1687011719e+02 4.3698710567e-14 2.4100124146e-14 1.9598586421e-14
4.1693115234e+02 4.3726879639e-14 2.4109614849e-14 1.9617264789e-14
4.1699218750e+02 4.3772830978e-14 2.4118181071e-14 1.9654649907e-14
4.1705322266e+02 4.3792494019e-14 2.4111797618e-14 1.9680696401e-14
4.1711425781e+02 4.3766338543e-14 2.4089799952e-14 1.9676538591e-14
4.1717529297e+02 4.3719580173e-14 2.4068643050e-14 1.9650937123e-14
4.1723632812e+02 4.3685792856e-14 2.4059535338e-14 1.9626257519e-14
4.1729736328e+02 4.3679467231e-14 2.4058780751e-14 1.9620686480e-14
4.1735839844e+02 4.3701900515e-14 2.4062883035e-14 1.9639017480e-14
4.1741943359e+02 4.3742907617e-14 2.4075566566e-14 1.9667341051e-14
4.1748046875e+02 4.3779087086e-14 2.4095352490e-14 1.9683734596e-14
4.1754150391e+02 4.3789782304e-14 2.4110007601e-14 1.9679774703e-14
4.1760253906e+02 4.3773982833e-14 2.4110710543e-14 1.9663272290e-14
4.1766357422e+02 4.3746079797e-14 2.4102086248e-14 1.9643993549e-14
4.1772460938e+02 4.3719120222e-14 2.4091527862e-14 1.9627592360e-14
4.1778564453e+02 4.3698455480e-14 2.4079344413e-14 1.9619111067e-14
4.1784667969e+02 4.3688960839e-14 2.4066282086e-14 1.9622678753e-14
4.1790771484e+02 4.3696969666e-14 2.4060348715e-14 1.9636620951e-14
4.1796875000e+02 4.3720676255e-14 2.4067897711e-14 1.9652778544e-14
4.1802978516e+02 4.3745014308e-14 2.4082079844e-14 1.9662934464e-14
4.1809082031e+02 4.3749630828e-14 2.4086500353e-14 1.9663130475e-14
4.1815185547e+02 4.3722847898e-14 2.4072363613e-14 1.9650484286e-14
4.1821289062e+02 4.3674846764e-14 2.4050568048e-14 1.9624278717e-14
4.1827392578e+02 4.3638279363e-14 2.4043624669e-14 1.9594654695e-14
4.1833496094e+02 4.3643663694e-14 2.4064641048e-14 1.9579022646e-14
4.1839599609e+02 4.3690532445e-14 2.4106001654e-14 1.9584530792e-14
4.1845703125e+02 4.3750374269e-14 2.4146936523e-14 1.9603437746e-14
4.1851806641e+02 4.3795356715e-14 2.4170428487e-14 1.9624928228e-14
4.1857910156e+02 4.3818503314e-14 2.4176105004e-14 1.9642398309e-14
4.1864013672e+02 4.3830648276e-14 2.4177271955e-14 1.9653376322e-14
4.1870117188e+02 4.3841735865e-14 2.4182923297e-14 1.9658812569e-14
4.1876220703e+02 4.3845706780e-14 2.4186371677e-14 1.9659335103e-14
4.1882324219e+02 4.3830355717e-14 2.4177676183e-14 1.9652679534e-14
4.1888427734e+02 4.3800453509e-14 2.4161679842e-14 1.9638773667e-14
4.1894531250e+02 4.3776857221e-14 2.4154058976e-14 1.9622798245e-14
4.1900634766e+02 4.3773305775e-14 2.4164126326e-14 1.9609179449e-14
4.1906738281e+02 4.3786990644e-14 2.4188401447e-14 1.9598589197e-14
4.1912841797e+02 4.3807423880e-14 2.4214967748e-14 1.9592456132e-14
4.1918945312e+02 4.3821429842e-14 2.4230197415e-14 1.9591232427e-14
4.1925048828e+02 4.3815572924e-14 2.4227389721e-14 1.9588183202e-14
4.1931152344e+02 4.3788210383e-14 2.4211097853e-14 1.9577112530e-14
4.1937255859e+02 4.3757308393e-14 2.4191526347e-14 1.9565782047e-14
4.1943359375e+02 4.3746267324e-14 2.4176420832e-14 1.9569846492e-14
4.1949462891e+02 4.3762229619e-14 2.4166795717e-14 1.9595433902e-14
4.1955566406e+02 4.3792454414e-14 2.4156579370e-14 1.9635875044e-14
4.1961669922e+02 4.3818418374e-14 2.4138462013e-14 1.9679956360e-14
4.1967773438e+02 4.3826614174e-14 2.4111169952e-14 1.9715444222e-14
4.1973876953e+02 4.3809281920e-14 2.4079172865e-14 1.9730109054e-14
4.1979980469e+02 4.3770843608e-14 2.4051854336e-14 1.9718989272e-14
4.1986083984e+02 4.3737149875e-14 2.4045900273e-14 1.9691249602e-14
4.1992187500e+02 4.3739749760e-14 2.4074069659e-14 1.9665680100e-14
4.1998291016e+02 4.3781652566e-14 2.4125959123e-14 1.9655693442e-14
4.2004394531e+02 4.3829002566e-14 2.4171631894e-14 1.9657370673e-14
4.2010498047e+02 4.3840370247e-14 2.4184005558e-14 1.9656364688e-14
4.2016601562e+02 4.3798047739e-14 2.4152057331e-14 1.9645990408e-14
4.2022705078e+02 4.3716345393e-14 2.4084881905e-14 1.9631463488e-14
4.2028808594e+02 4.3630355595e-14 2.4010911104e-14 1.9619444491e-14
4.2034912109e+02 4.3572097108e-14 2.3961400197e-14 1.9610696911e-14
4.2041015625e+02 4.3550394244e-14 2.3948833931e-14 1.9601560313e-14
4.2047119141e+02 4.3554786095e-14 2.3964073153e-14 1.9590712942e-14
4.2053222656e+02 4.3575047067e-14 2.3990956882e-14 1.9584090185e-14
4.2059326172e+02 4.3609623470e-14 2.4020042913e-14 1.9589580557e-14
4.2065429688e+02 4.3656134068e-14 2.4050506270e-14 1.9605627798e-14
4.2071533203e+02 4.3700960911e-14 2.4081211486e-14 1.9619749425e-14
4.2077636719e+02 4.3723172004e-14 2.4102401952e-14 1.9620770052e-14
4.2083740234e+02 4.3715123738e-14 2.4103548462e-14 1.9611575276e-14
4.2089843750e+02 4.3699211350e-14 2.4091058553e-14 1.9608152798e-14
4.2095947266e+02 4.3707474354e-14 2.4084995040e-14 1.9622479314e-14
4.2102050781e+02 4.3743181387e-14 2.4093831994e-14 1.9649349393e-14
4.2108154297e+02 4.3779547623e-14 2.4105882399e-14 1.9673665224e-14
4.2114257812e+02 4.3790539405e-14 2.4106538327e-14 1.9684001078e-14
4.2120361328e+02 4.3771525469e-14 2.4093043334e-14 1.9678482136e-14
4.2126464844e+02 4.3739827667e-14 2.4074774862e-14 1.9665052805e-14
4.2132568359e+02 4.3719378445e-14 2.4064372005e-14 1.9655006440e-14
4.2138671875e+02 4.3722345118e-14 2.4069129621e-14 1.9653215497e-14
4.2144775391e+02 4.3749166681e-14 2.4092532254e-14 1.9656634427e-14
4.2150878906e+02 4.3793575663e-14 2.4132461896e-14 1.9661113766e-14
4.2156982422e+02 4.3835049804e-14 2.4168454283e-14 1.9666595521e-14
4.2163085938e+02 4.3844299452e-14 2.4170552609e-14 1.9673746843e-14
4.2169189453e+02 4.3811977398e-14 2.4135461830e-14 1.9676515568e-14
4.2175292969e+02 4.3762880933e-14 2.4098399670e-14 1.9664481263e-14
4.2181396484e+02 4.3729584270e-14 2.4096429379e-14 1.9633154891e-14
4.2187500000e+02 4.3714917492e-14 2.4126843807e-14 1.9588073684e-14
4.2193603516e+02 4.3694665219e-14 2.4150565266e-14 1.9544099952e-14
4.2199707031e+02 4.3655889813e-14 2.4135406390e-14 1.9520483423e-14
4.2205810547e+02 4.3613704135e-14 2.4088774842e-14 1.9524929293e-14
4.2211914062e+02 4.3588523145e-14 2.4046266060e-14 1.9542257085e-14
4.2218017578e+02 4.3581156049e-14 2.4033174767e-14 1.9547981282e-14
4.2224121094e+02 4.3574511772e-14 2.4041676574e-14 1.9532835198e-14
4.2230224609e+02 4.3555527902e-14 2.4046626416e-14 1.9508901486e-14
4.2236328125e+02 4.3530246439e-14 2.4035556021e-14 1.9494690418e-14
4.2242431641e+02 4.3513667077e-14 2.4015508793e-14 1.9498158284e-14
4.2248535156e+02 4.3510649992e-14 2.3999368636e-14 1.9511281355e-14
4.2254638672e+02 4.3516115878e-14 2.3996671471e-14 1.9519444407e-14
4.2260742188e+02 4.3528199589e-14 2.4012397853e-14 1.9515801736e-14
4.2266845703e+02 4.3549589693e-14 2.4042029100e-14 1.9507560593e-14
4.2272949219e+02 4.3582303853e-14 2.4069441882e-14 1.9512861971e-14
4.2279052734e+02 4.3625269435e-14 2.4080775331e-14 1.9544494105e-14
4.2285156250e+02 4.3664381096e-14 2.4076696191e-14 1.9587684905e-14
4.2291259766e+02 4.3671959766e-14 2.4065128165e-14 1.9606831600e-14
4.2297363281e+02 4.3634169106e-14 2.4050783733e-14 1.9583385373e-14
4.2303466797e+02 4.3567946565e-14 2.4034520413e-14 1.9533426152e-14
4.2309570312e+02 4.3499923941e-14 2.4015914804e-14 1.9484009137e-14
4.2315673828e+02 4.3445410131e-14 2.3995776156e-14 1.9449633974e-14
4.2321777344e+02 4.3414438980e-14 2.3977687461e-14 1.9436751519e-14
4.2327880859e+02 4.3417284535e-14 2.3966161273e-14 1.9451123262e-14
4.2333984375e+02 4.3452365077e-14 2.3963638871e-14 1.9488726205e-14
4.2340087891e+02 4.3500580910e-14 2.3969416001e-14 1.9531164909e-14
4.2346191406e+02 4.3541691604e-14 2.3981279557e-14 1.9560412047e-14
4.2352294922e+02 4.3571611953e-14 2.3997502760e-14 1.9574109193e-14
4.2358398438e+02 4.3594902106e-14 2.4014166094e-14 1.9580736012e-14
4.2364501953e+02 4.3606129351e-14 2.4021775087e-14 1.9584354264e-14
4.2370605469e+02 4.3596439025e-14 2.4011973308e-14 1.9584465718e-14
4.2376708984e+02 4.3577207180e-14 2.3989408109e-14 1.9587799071e-14
4.2382812500e+02 4.3573353828e-14 2.3969829384e-14 1.9603524444e-14
4.2388916016e+02 4.3590528520e-14 2.3963937331e-14 1.9626591189e-14
4.2395019531e+02 4.3608214088e-14 2.3966480684e-14 1.9641733404e-14
4.2401123047e+02 4.3604088396e-14 2.3961112163e-14 1.9642976233e-14
4.2407226562e+02 4.3575505201e-14 2.3938067373e-14 1.9637437828e-14
4.2413330078e+02 4.3542690162e-14 2.3909277843e-14 1.9633412319e-14
4.2419433594e+02 4.3531213972e-14 2.3898606384e-14 1.9632607587e-14
4.2425537109e+02 4.3547577508e-14 2.3915136891e-14 1.9632440617e-14
4.2431640625e+02 4.3579471711e-14 2.3947166475e-14 1.9632305236e-14
4.2437744141e+02 4.3614524047e-14 2.3981245952e-14 1.9633278095e-14
4.2443847656e+02 4.3643801224e-14 2.4012625177e-14 1.9631176047e-14
4.2449951172e+02 4.3657799099e-14 2.4039708874e-14 1.9618090225e-14
4.2456054688e+02 4.3655247685e-14 2.4061868858e-14 1.9593378828e-14
4.2462158203e+02 4.3646704144e-14 2.4079960429e-14 1.9566743715e-14
4.2468261719e+02 4.3638890629e-14 2.4089013648e-14 1.9549876981e-14
4.2474365234e+02 4.3622697605e-14 2.4075937605e-14 1.9546760000e-14
4.2480468750e+02 4.3584711527e-14 2.4035361670e-14 1.9549349857e-14
4.2486572266e+02 4.3530514659e-14 2.3984991887e-14 1.9545522772e-14
4.2492675781e+02 4.3489326683e-14 2.3957129428e-14 1.9532197256e-14
4.2498779297e+02 4.3484757509e-14 2.3970044866e-14 1.9514712643e-14
4.2504882812e+02 4.3507535419e-14 2.4008743526e-14 1.9498791893e-14
4.2510986328e+02 4.3533423527e-14 2.4041150658e-14 1.9492272870e-14
4.2517089844e+02 4.3558060546e-14 2.4051508346e-14 1.9506552200e-14
4.2523193359e+02 4.3594552874e-14 2.4050087324e-14 1.9544465550e-14
4.2529296875e+02 4.3644368255e-14 2.4055379971e-14 1.9588988285e-14
4.2535400391e+02 4.3688787185e-14 2.4075865920e-14 1.9612921265e-14
4.2541503906e+02 4.3707933180e-14 2.4103785800e-14 1.9604147379e-14
4.2547607422e+02 4.3696096548e-14 2.4118655344e-14 1.9577441203e-14
4.2553710938e+02 4.3661475616e-14 2.4104000670e-14 1.9557474947e-14
4.2559814453e+02 4.3622971587e-14 2.4067006506e-14 1.9555965081e-14
4.2565917969e+02 4.3599978227e-14 2.4031719790e-14 1.9568258437e-14
4.2572021484e+02 4.3592767533e-14 2.4011006651e-14 1.9581760882e-14
4.2578125000e+02 4.3585463473e-14 2.4000882801e-14 1.9584580672e-14
4.2584228516e+02 4.3578330765e-14 2.4001459256e-14 1.9576871509e-14
4.2590332031e+02 4.3591829399e-14 2.4020890780e-14 1.9570938619e-14
4.2596435547e+02 4.3625458550e-14 2.4054543266e-14 1.9570915284e-14
4.2602539062e+02 4.3643827970e-14 2.4079228785e-14 1.9564599184e-14
4.2608642578e+02 4.3616100376e-14 2.4075490531e-14 1.9540609846e-14
4.2614746094e+02 4.3544229367e-14 2.4045719470e-14 1.9498509897e-14
4.2620849609e+02 4.3452530490e-14 2.4006943491e-14 1.9445586999e-14
4.2626953125e+02 4.3373117992e-14 2.3976505486e-14 1.9396612507e-14
4.2633056641e+02 4.3334964704e-14 2.3965866798e-14 1.9369097905e-14
4.2639160156e+02 4.3344332547e-14 2.3974850700e-14 1.9369481847e-14
4.2645263672e+02 4.3381709680e-14 2.3992868175e-14 1.9388841505e-14
4.2651367188e+02 4.3427328235e-14 2.4012887179e-14 1.9414441056e-14
4.2657470703e+02 4.3474242879e-14 2.4036474344e-14 1.9437768536e-14
4.2663574219e+02 4.3516364770e-14 2.4063824811e-14 1.9452539960e-14
4.2669677734e+02 4.3541650874e-14 2.4085060952e-14 1.9456589922e-14
4.2675781250e+02 4.3537592992e-14 2.4080960231e-14 1.9456632761e-14
4.2681884766e+02 4.3504510293e-14 2.4040896094e-14 1.9463614198e-14
4.2687988281e+02 4.3468168496e-14 2.3986357855e-14 1.9481810642e-14
4.2694091797e+02 4.3465560973e-14 2.3960814787e-14 1.9504746185e-14
4.2700195312e+02 4.3507660868e-14 2.3984848869e-14 1.9522811998e-14
4.2706298828e+02 4.3561722703e-14 2.4029133172e-14 1.9532589531e-14
4.2712402344e+02 4.3578198025e-14 2.4042822257e-14 1.9535375768e-14
4.2718505859e+02 4.3539397393e-14 2.4007844871e-14 1.9531552522e-14
4.2724609375e+02 4.3478462169e-14 2.3954441112e-14 1.9524021057e-14
4.2730712891e+02 4.3445876954e-14 2.3925899641e-14 1.9519977313e-14
4.2736816406e+02 4.3462248159e-14 2.3941492412e-14 1.9520755747e-14
4.2742919922e+02 4.3506989288e-14 2.3988957943e-14 1.9518031345e-14
4.2749023438e+02 4.3541585410e-14 2.4038194337e-14 1.9503391072e-14
4.2755126953e+02 4.3539177998e-14 2.4063716460e-14 1.9475461539e-14
4.2761230469e+02 4.3504251229e-14 2.4063206639e-14 1.9441044591e-14
4.2767333984e+02 4.3467549173e-14 2.4054427668e-14 1.9413121504e-14
4.2773437500e+02 4.3455065876e-14 2.4051047823e-14 1.9404018053e-14
4.2779541016e+02 4.3465262816e-14 2.4048847235e-14 1.9416415580e-14
4.2785644531e+02 4.3479236633e-14 2.4041046298e-14 1.9438190335e-14
4.2791748047e+02 4.3482673291e-14 2.4032100272e-14 1.9450573019e-14
4.2797851562e+02 4.3476194155e-14 2.4027578979e-14 1.9448615176e-14
4.2803955078e+02 4.3475905333e-14 2.4028025759e-14 1.9447879574e-14
4.2810058594e+02 4.3500762235e-14 2.4037596458e-14 1.9463165776e-14
4.2816162109e+02 4.3547550448e-14 2.4059599227e-14 1.9487951221e-14
4.2822265625e+02 4.3587635146e-14 2.4084062045e-14 1.9503573101e-14
4.2828369141e+02 4.3596316698e-14 2.4094524429e-14 1.9501792269e-14
4.2834472656e+02 4.3569900274e-14 2.4082925803e-14 1.9486974472e-14
4.2840576172e+02 4.3513945555e-14 2.4050627050e-14 1.9463318506e-14
4.2846679688e+02 4.3439302600e-14 2.4003750293e-14 1.9435552306e-14
4.2852783203e+02 4.3371571355e-14 2.3955693104e-14 1.9415878251e-14
4.2858886719e+02 4.3342768768e-14 2.3926130250e-14 1.9416638517e-14
4.2864990234e+02 4.3367508679e-14 2.3928322158e-14 1.9439186521e-14
4.2871093750e+02 4.3433589023e-14 2.3959437916e-14 1.9474151107e-14
4.2877197266e+02 4.3514124388e-14 2.4005539931e-14 1.9508584457e-14
4.2883300781e+02 4.3582431226e-14 2.4051798109e-14 1.9530633117e-14
4.2889404297e+02 4.3617612272e-14 2.4085828816e-14 1.9531783457e-14
4.2895507812e+02 4.3610005295e-14 2.4098045991e-14 1.9511959304e-14
4.2901611328e+02 4.3567967198e-14 2.4087072488e-14 1.9480894710e-14
4.2907714844e+02 4.3509696528e-14 2.4062313315e-14 1.9447383213e-14
4.2913818359e+02 4.3448873244e-14 2.4034400384e-14 1.9414472859e-14
4.2919921875e+02 4.3397431438e-14 2.4006279363e-14 1.9391152075e-14
4.2926025391e+02 4.3372505996e-14 2.3980348708e-14 1.9392157288e-14
4.2932128906e+02 4.3384639884e-14 2.3966241695e-14 1.9418398189e-14
4.2938232422e+02 4.3420886792e-14 2.3968657340e-14 1.9452229453e-14
4.2944335938e+02 4.3451479182e-14 2.3976029860e-14 1.9475449322e-14
4.2950439453e+02 4.3455684947e-14 2.3973996339e-14 1.9481688608e-14
4.2956542969e+02 4.3436243743e-14 2.3961957705e-14 1.9474286038e-14
4.2962646484e+02 4.3410913311e-14 2.3948144298e-14 1.9462769013e-14
4.2968750000e+02 4.3393881132e-14 2.3936775669e-14 1.9457105464e-14
4.2974853516e+02 4.3381494147e-14 2.3926717957e-14 1.9454776189e-14
4.2980957031e+02 4.3357419029e-14 2.3917744533e-14 1.9439674496e-14
4.2987060547e+02 4.3317283247e-14 2.3912170358e-14 1.9405112888e-14
4.2993164062e+02 4.3281268626e-14 2.3911678965e-14 1.9369589661e-14
4.2999267578e+02 4.3275698243e-14 2.3917003573e-14 1.9358694671e-14
4.3005371094e+02 4.3307352584e-14 2.3928011667e-14 1.9379340917e-14
4.3011474609e+02 4.3357593309e-14 2.3942095884e-14 1.9415497425e-14
4.3017578125e+02 4.3398159013e-14 2.3957339527e-14 1.9440819485e-14
4.3023681641e+02 4.3412683790e-14 2.3974504202e-14 1.9438179587e-14
4.3029785156e+02 4.3406002026e-14 2.3992598182e-14 1.9413403845e-14
4.3035888672e+02 4.3397709582e-14 2.4007775345e-14 1.9389934237e-14
4.3041992188e+02 4.3403163827e-14 2.4014232457e-14 1.9388931370e-14
4.3048095703e+02 4.3414231126e-14 2.4004253848e-14 1.9409977278e-14
4.3054199219e+02 4.3406611211e-14 2.3974862010e-14 1.9431749201e-14
4.3060302734e+02 4.3373695497e-14 2.3935391985e-14 1.9438303512e-14
4.3066406250e+02 4.3345308410e-14 2.3907505691e-14 1.9437802719e-14
4.3072509766e+02 4.3360329666e-14 2.3914888672e-14 1.9445440994e-14
4.3078613281e+02 4.3421559300e-14 2.3962268899e-14 1.9459290400e-14
4.3084716797e+02 4.3490660788e-14 2.4026252787e-14 1.9464408001e-14
4.3090820312e+02 4.3526272884e-14 2.4074710934e-14 1.9451561950e-14
4.3096923828e+02 4.3512622404e-14 2.4089849830e-14 1.9422772574e-14
4.3103027344e+02 4.3458019228e-14 2.4075590113e-14 1.9382429115e-14
4.3109130859e+02 4.3389014764e-14 2.4055259055e-14 1.9333755709e-14
4.3115234375e+02 4.3342882377e-14 2.4054372893e-14 1.9288509484e-14
4.3121337891e+02 4.3340137166e-14 2.4072399582e-14 1.9267737584e-14
4.3127441406e+02 4.3362061500e-14 2.4080524091e-14 1.9281537409e-14
4.3133544922e+02 4.3371816397e-14 2.4055883067e-14 1.9315933330e-14
4.3139648438e+02 4.3355733391e-14 2.4007287211e-14 1.9348446180e-14
4.3145751953e+02 4.3334089146e-14 2.3964005143e-14 1.9370084003e-14
4.3151855469e+02 4.3336936083e-14 2.3948835282e-14 1.9388100800e-14
4.3157958984e+02 4.3375275132e-14 2.3961594597e-14 1.9413680535e-14
4.3164062500e+02 4.3431646195e-14 2.3983221444e-14 1.9448424751e-14
4.3170166016e+02 4.3474590804e-14 2.3994187860e-14 1.9480402944e-14
4.3176269531e+02 4.3481775487e-14 2.3987875629e-14 1.9493899859e-14
4.3182373047e+02 4.3451744710e-14 2.3970037760e-14 1.9481706950e-14
4.3188476562e+02 4.3399363922e-14 2.3949711220e-14 1.9449652702e-14
4.3194580078e+02 4.3344988687e-14 2.3930613690e-14 1.9414374997e-14
4.3200683594e+02 4.3304290238e-14 2.3910898962e-14 1.9393391276e-14
4.3206787109e+02 4.3281066449e-14 2.3887261094e-14 1.9393805355e-14
4.3212890625e+02 4.3272138556e-14 2.3858190511e-14 1.9413948045e-14
4.3218994141e+02 4.3281334249e-14 2.3830703836e-14 1.9450630412e-14
4.3225097656e+02 4.3317400989e-14 2.3821125524e-14 1.9496275465e-14
4.3231201172e+02 4.3373265529e-14 2.3837573697e-14 1.9535691833e-14
4.3237304688e+02 4.3421098567e-14 2.3866113288e-14 1.9554985279e-14
4.3243408203e+02 4.3436816326e-14 2.3885300337e-14 1.9551515989e-14
4.3249511719e+02 4.3423335617e-14 2.3891564213e-14 1.9531771404e-14
4.3255615234e+02 4.3403952371e-14 2.3901379989e-14 1.9502572382e-14
4.3261718750e+02 4.3396248837e-14 2.3927164785e-14 1.9469084052e-14
4.3267822266e+02 4.3400108925e-14 2.3960417695e-14 1.9439691230e-14
4.3273925781e+02 4.3407278508e-14 2.3984888198e-14 1.9422390311e-14
4.3280029297e+02 4.3408306588e-14 2.3995909008e-14 1.9412397579e-14
4.3286132812e+02 4.3391609327e-14 2.3996388720e-14 1.9395220607e-14
4.3292236328e+02 4.3350560929e-14 2.3984056854e-14 1.9366504075e-14
4.3298339844e+02 4.3297016946e-14 2.3959062183e-14 1.9337954764e-14
4.3304443359e+02 4.3262284942e-14 2.3937972132e-14 1.9324312810e-14
4.3310546875e+02 4.3271366450e-14 2.3938767686e-14 1.9332598764e-14
4.3316650391e+02 4.3311778556e-14 2.3952570148e-14 1.9359208408e-14
4.3322753906e+02 4.3343427339e-14 2.3951567763e-14 1.9391859576e-14
4.3328857422e+02 4.3345536543e-14 2.3927427521e-14 1.9418109021e-14
4.3334960938e+02 4.3340468301e-14 2.3903634155e-14 1.9436834146e-14
4.3341064453e+02 4.3364835453e-14 2.3905034239e-14 1.9459801214e-14
4.3347167969e+02 4.3423494200e-14 2.3927625044e-14 1.9495869156e-14
4.3353271484e+02 4.3479869461e-14 2.3945520792e-14 1.9534348669e-14
4.3359375000e+02 4.3495279507e-14 2.3944074652e-14 1.9551204856e-14
4.3365478516e+02 4.3469306938e-14 2.3935126823e-14 1.9534180115e-14
4.3371582031e+02 4.3431258332e-14 2.3933442248e-14 1.9497816084e-14
4.3377685547e+02 4.3403655416e-14 2.3935837941e-14 1.9467817475e-14
4.3383789062e+02 4.3391797902e-14 2.3938092013e-14 1.9453705888e-14
4.3389892578e+02 4.3398211983e-14 2.3950220977e-14 1.9447991006e-14
4.3395996094e+02 4.3423950205e-14 2.3976394944e-14 1.9447555260e-14
4.3402099609e+02 4.3458621254e-14 2.4000253511e-14 1.9458367743e-14
4.3408203125e+02 4.3485162545e-14 2.4007204533e-14 1.9477958012e-14
4.3414306641e+02 4.3492362590e-14 2.4004820874e-14 1.9487541717e-14
4.3420410156e+02 4.3478019952e-14 2.4008626407e-14 1.9469393545e-14
4.3426513672e+02 4.3449424843e-14 2.4021024323e-14 1.9428400520e-14
4.3432617188e+02 4.3423661239e-14 2.4032365255e-14 1.9391295984e-14
4.3438720703e+02 4.3415335781e-14 2.4031746966e-14 1.9383588814e-14
4.3444824219e+02 4.3415543519e-14 2.4009338025e-14 1.9406205494e-14
4.3450927734e+02 4.3392834200e-14 2.3958116586e-14 1.9434717615e-14
4.3457031250e+02 4.3331087862e-14 2.3885833095e-14 1.9445254767e-14
4.3463134766e+02 4.3256237015e-14 2.3819443592e-14 1.9436793423e-14
4.3469238281e+02 4.3205577384e-14 2.3785768676e-14 1.9419808708e-14
4.3475341797e+02 4.3188770870e-14 2.3790250612e-14 1.9398520257e-14
4.3481445312e+02 4.3198407231e-14 2.3818484272e-14 1.9379922959e-14
4.3487548828e+02 4.3230132829e-14 2.3851523531e-14 1.9378609298e-14
4.3493652344e+02 4.3273028365e-14 2.3875777834e-14 1.9397250531e-14
4.3499755859e+02 4.3306523120e-14 2.3885313891e-14 1.9421209229e-14
4.3505859375e+02 4.3319964586e-14 2.3882512639e-14 1.9437451947e-14
4.3511962891e+02 4.3321339427e-14 2.3877387691e-14 1.9443951736e-14
4.3518066406e+02 4.3325222969e-14 2.3882616064e-14 1.9442606904e-14
4.3524169922e+02 4.3338816036e-14 2.3905302680e-14 1.9433513356e-14
4.3530273438e+02 4.3357718674e-14 2.3941050041e-14 1.9416668633e-14
4.3536376953e+02 4.3369345867e-14 2.3973292758e-14 1.9396053109e-14
4.3542480469e+02 4.3362242768e-14 2.3983153821e-14 1.9379088947e-14
4.3548583984e+02 4.3341522862e-14 2.3970742644e-14 1.9370780219e-14
4.3554687500e+02 4.3328103367e-14 2.3958592029e-14 1.9369511338e-14
4.3560791016e+02 4.3328437758e-14 2.3959724428e-14 1.9368713330e-14
4.3566894531e+02 4.3321328097e-14 2.3958394387e-14 1.9362933710e-14
4.3572998047e+02 4.3292357247e-14 2.3938034691e-14 1.9354322557e-14
4.3579101562e+02 4.3261301686e-14 2.3908899590e-14 1.9352402096e-14
4.3585205078e+02 4.3259496625e-14 2.3894296623e-14 1.9365200001e-14
4.3591308594e+02 4.3295182000e-14 2.3902116402e-14 1.9393065599e-14
4.3597412109e+02 4.3349338777e-14 2.3919214394e-14 1.9430124383e-14
4.3603515625e+02 4.3394345854e-14 2.3930008130e-14 1.9464337724e-14
4.3609619141e+02 4.3411180358e-14 2.3931111134e-14 1.9480069224e-14
4.3615722656e+02 4.3398007741e-14 2.3925909787e-14 1.9472097954e-14
4.3621826172e+02 4.3370839395e-14 2.3917454571e-14 1.9453384824e-14
4.3627929688e+02 4.3350694370e-14 2.3910258314e-14 1.9440436056e-14
4.3634033203e+02 4.3347766417e-14 2.3909046876e-14 1.9438719541e-14
4.3640136719e+02 4.3362063104e-14 2.3914174536e-14 1.9447888568e-14
4.3646240234e+02 4.3387228871e-14 2.3920413414e-14 1.9466815456e-14
4.3652343750e+02 4.3403873229e-14 2.3918310945e-14 1.9485562284e-14
4.3658447266e+02 4.3387098786e-14 2.3901164183e-14 1.9485934603e-14
4.3664550781e+02 4.3332874459e-14 2.3874577814e-14 1.9458296645e-14
4.3670654297e+02 4.3263876158e-14 2.3852816252e-14 1.9411059906e-14
4.3676757812e+02 4.3208759096e-14 2.3845772052e-14 1.9362987044e-14
4.3682861328e+02 4.3190431467e-14 2.3856421166e-14 1.9334010301e-14
4.3688964844e+02 4.3223098630e-14 2.3883962429e-14 1.9339136200e-14
4.3695068359e+02 4.3299473646e-14 2.3920877623e-14 1.9378596023e-14
4.3701171875e+02 4.3387688262e-14 2.3953239401e-14 1.9434448860e-14
4.3707275391e+02 4.3451201623e-14 2.3968449805e-14 1.9482751818e-14
4.3713378906e+02 4.3469022758e-14 2.3961567778e-14 1.9507454980e-14
4.3719482422e+02 4.3443263572e-14 2.3937482164e-14 1.9505781407e-14
4.3725585938e+02 4.3394074851e-14 2.3906623936e-14 1.9487450916e-14
4.3731689453e+02 4.3342281987e-14 2.3875217443e-14 1.9467064544e-14
4.3737792969e+02 4.3298574524e-14 2.3845523860e-14 1.9453050664e-14
4.3743896484e+02 4.3271171791e-14 2.3827248143e-14 1.9443923648e-14
4.3750000000e+02 4.3270817456e-14 2.3834696324e-14 1.9436121132e-14
4.3756103516e+02 4.3297238592e-14 2.3865891920e-14 1.9431346671e-14
4.3762207031e+02 4.3329176544e-14 2.3899064054e-14 1.9430112491e-14
4.3768310547e+02 4.3341955939e-14 2.3919472260e-14 1.9422483680e-14
4.3774414062e+02 4.3330075431e-14 2.3934914803e-14 1.9395160628e-14
4.3780517578e+02 4.3303208741e-14 2.3953798806e-14 1.9349409935e-14
4.3786621094e+02 4.3269656103e-14 2.3964561920e-14 1.9305094182e-14
4.3792724609e+02 4.3233863391e-14 2.3952431534e-14 1.9281431857e-14
4.3798828125e+02 4.3204250871e-14 2.3924014894e-14 1.9280235977e-14
4.3804931641e+02 4.3193882489e-14 2.3900775660e-14 1.9293106829e-14
4.3811035156e+02 4.3208434384e-14 2.3895498221e-14 1.9312936163e-14
4.3817138672e+02 4.3233573893e-14 2.3902442710e-14 1.9331131183e-14
4.3823242188e+02 4.3244846508e-14 2.3907460957e-14 1.9337385551e-14
4.3829345703e+02 4.3237433573e-14 2.3905297809e-14 1.9332135764e-14
4.3835449219e+02 4.3234580799e-14 2.3904587945e-14 1.9329992854e-14
4.3841552734e+02 4.3257993613e-14 2.3914437985e-14 1.9343555627e-14
4.3847656250e+02 4.3300233020e-14 2.3929698844e-14 1.9370534175e-14
4.3853759766e+02 4.3333068774e-14 2.3932545791e-14 1.9400522983e-14
4.3859863281e+02 4.3335302394e-14 2.3909436831e-14 1.9425865563e-14
4.3865966797e+02 4.3310758205e-14 2.3868379455e-14 1.9442378750e-14
4.3872070312e+02 4.3285239589e-14 2.3835475494e-14 1.9449764095e-14
4.3878173828e+02 4.3283100322e-14 2.3827709793e-14 1.9455390529e-14
4.3884277344e+02 4.3305535839e-14 2.3837684099e-14 1.9467851740e-14
4.3890380859e+02 4.3335617512e-14 2.3852282512e-14 1.9483334999e-14
4.3896484375e+02 4.3353768037e-14 2.3867001430e-14 1.9486766607e-14
4.3902587891e+02 4.3341903895e-14 2.3872258937e-14 1.9469644958e-14
4.3908691406e+02 4.3291224024e-14 2.3849683285e-14 1.9441540739e-14
4.3914794922e+02 4.3219075452e-14 2.3798293685e-14 1.9420781766e-14
4.3920898438e+02 4.3165550570e-14 2.3749896683e-14 1.9415653887e-14
4.3927001953e+02 4.3158842991e-14 2.3739844487e-14 1.9418998504e-14
4.3933105469e+02 4.3190621929e-14 2.3770029459e-14 1.9420592470e-14
4.3939208984e+02 4.3232811001e-14 2.3815513664e-14 1.9417297338e-14
4.3945312500e+02 4.3264180697e-14 2.3853799354e-14 1.9410381343e-14
4.3951416016e+02 4.3277097273e-14 2.3875191856e-14 1.9401905417e-14
4.3957519531e+02 4.3273488850e-14 2.3880492336e-14 1.9392996514e-14
4.3963623047e+02 4.3256245831e-14 2.3878408138e-14 1.9377837694e-14
4.3969726562e+02 4.3223709249e-14 2.3876921239e-14 1.9346788010e-14
4.3975830078e+02 4.3176116433e-14 2.3871754263e-14 1.9304362170e-14
4.3981933594e+02 4.3121155644e-14 2.3849029513e-14 1.9272126132e-14
4.3988037109e+02 4.3072200802e-14 2.3806332495e-14 1.9265868307e-14
4.3994140625e+02 4.3047898227e-14 2.3765154300e-14 1.9282743928e-14
4.4000244141e+02 4.3063906437e-14 2.3753952836e-14 1.9309953602e-14
4.4006347656e+02 4.3114296303e-14 2.3782448249e-14 1.9331848054e-14
4.4012451172e+02 4.3173129709e-14 2.3837006771e-14 1.9336122938e-14
4.4018554688e+02 4.3224361763e-14 2.3898626441e-14 1.9325735322e-14
4.4024658203e+02 4.3279004178e-14 2.3958206766e-14 1.9320797412e-14
4.4030761719e+02 4.3349685139e-14 2.4009456365e-14 1.9340228774e-14
4.4036865234e+02 4.3414877051e-14 2.4037352641e-14 1.9377524410e-14
4.4042968750e+02 4.3429667921e-14 2.4027635547e-14 1.9402032375e-14
4.4049072266e+02 4.3377942831e-14 2.3984554509e-14 1.9393388322e-14
4.4055175781e+02 4.3293367075e-14 2.3929674480e-14 1.9363692595e-14
4.4061279297e+02 4.3218248821e-14 2.3883257031e-14 1.9334991790e-14
4.4067382812e+02 4.3167614880e-14 2.3854348832e-14 1.9313266048e-14
4.4073486328e+02 4.3147755107e-14 2.3849916066e-14 1.9297839041e-14
4.4079589844e+02 4.3174992876e-14 2.3878532822e-14 1.9296460054e-14
4.4085693359e+02 4.3249655312e-14 2.3934889663e-14 1.9314765649e-14
4.4091796875e+02 4.3331683365e-14 2.3991957020e-14 1.9339726345e-14
4.4097900391e+02 4.3366745993e-14 2.4020048206e-14 1.9346697787e-14
4.4104003906e+02 4.3335842133e-14 2.4010002755e-14 1.9325839378e-14
4.4110107422e+02 4.3271161521e-14 2.3976164527e-14 1.9294996994e-14
4.4116210938e+02 4.3226482389e-14 2.3944923195e-14 1.9281559194e-14
4.4122314453e+02 4.3234362053e-14 2.3937772268e-14 1.9296589786e-14
4.4128417969e+02 4.3284067554e-14 2.3954219003e-14 1.9329848552e-14
4.4134521484e+02 4.3336868158e-14 2.3973123739e-14 1.9363744419e-14
4.4140625000e+02 4.3364796624e-14 2.3976798678e-14 1.9387997945e-14
4.4146728516e+02 4.3371194991e-14 2.3966966030e-14 1.9404228962e-14
4.4152832031e+02 4.3371679146e-14 2.3953602889e-14 1.9418076257e-14
4.4158935547e+02 4.3368420783e-14 2.3941158114e-14 1.9427262669e-14
4.4165039062e+02 4.3350943447e-14 2.3929522760e-14 1.9421420687e-14
4.4171142578e+02 4.3308911680e-14 2.3916750648e-14 1.9392161033e-14
4.4177246094e+02 4.3240908727e-14 2.3901102791e-14 1.9339805936e-14
4.4183349609e+02 4.3161716291e-14 2.3886019215e-14 1.9275697076e-14
4.4189453125e+02 4.3099093377e-14 2.3877711756e-14 1.9221381621e-14
4.4195556641e+02 4.3073158641e-14 2.3875040126e-14 1.9198118515e-14
4.4201660156e+02 4.3079687462e-14 2.3868877966e-14 1.9210809497e-14
4.4207763672e+02 4.3102355743e-14 2.3858080484e-14 1.9244275258e-14
4.4213867188e+02 4.3135848874e-14 2.3859315601e-14 1.9276533273e-14
4.4219970703e+02 4.3184271151e-14 2.3889489549e-14 1.9294781602e-14
4.4226074219e+02 4.3241109072e-14 2.3941913679e-14 1.9299195393e-14
4.4232177734e+02 4.3280937411e-14 2.3988236145e-14 1.9292701266e-14
4.4238281250e+02 4.3278796205e-14 2.4002948200e-14 1.9275848005e-14
4.4244384766e+02 4.3243042565e-14 2.3985946178e-14 1.9257096387e-14
4.4250488281e+02 4.3214906074e-14 2.3962006513e-14 1.9252899561e-14
4.4256591797e+02 4.3221921314e-14 2.3953151842e-14 1.9268769471e-14
4.4262695312e+02 4.3244991950e-14 2.3952808208e-14 1.9292183742e-14
4.4268798828e+02 4.3243838889e-14 2.3937197425e-14 1.9306641464e-14
4.4274902344e+02 4.3206585244e-14 2.3900955091e-14 1.9305630153e-14
4.4281005859e+02 4.3160432807e-14 2.3865431662e-14 1.9295001144e-14
4.4287109375e+02 4.3135222779e-14 2.3848352323e-14 1.9286870456e-14
4.4293212891e+02 4.3133039131e-14 2.3842610493e-14 1.9290428638e-14
4.4299316406e+02 4.3138530675e-14 2.3833103366e-14 1.9305427309e-14
4.4305419922e+02 4.3145048710e-14 2.3821251621e-14 1.9323797089e-14
4.4311523438e+02 4.3155835683e-14 2.3819242892e-14 1.9336592791e-14
4.4317626953e+02 4.3166017722e-14 2.3826227640e-14 1.9339790082e-14
4.4323730469e+02 4.3164079345e-14 2.3827495815e-14 1.9336583530e-14
4.4329833984e+02 4.3148021881e-14 2.3816353635e-14 1.9331668246e-14
4.4335937500e+02 4.3125274538e-14 2.3802459093e-14 1.9322815445e-14
4.4342041016e+02 4.3104775699e-14 2.3798446337e-14 1.9306329362e-14
4.4348144531e+02 4.3096202764e-14 2.3806157301e-14 1.9290045463e-14
4.4354248047e+02 4.3106086682e-14 2.3816459741e-14 1.9289626940e-14
4.4360351562e+02 4.3128163811e-14 2.3818801711e-14 1.9309362100e-14
4.4366455078e+02 4.3141323004e-14 2.3807721323e-14 1.9333601681e-14
4.4372558594e+02 4.3122789238e-14 2.3782641795e-14 1.9340147443e-14
4.4378662109e+02 4.3067769218e-14 2.3748080372e-14 1.9319688846e-14
4.4384765625e+02 4.2999675056e-14 2.3715771692e-14 1.9283903364e-14
4.4390869141e+02 4.2960467980e-14 2.3702462965e-14 1.9258005015e-14
4.4396972656e+02 4.2983317268e-14 2.3720879328e-14 1.9262437940e-14
4.4403076172e+02 4.3068125896e-14 2.3769528232e-14 1.9298597664e-14
4.4409179688e+02 4.3179593490e-14 2.3828795610e-14 1.9350797880e-14
4.4415283203e+02 4.3267509819e-14 2.3869858833e-14 1.9397650987e-14
4.4421386719e+02 4.3298208830e-14 2.3876507947e-14 1.9421700883e-14
4.4427490234e+02 4.3276983883e-14 2.3859394632e-14 1.9417589252e-14
4.4433593750e+02 4.3238769297e-14 2.3841991908e-14 1.9396777389e-14
4.4439697266e+02 4.3214315257e-14 2.3834622513e-14 1.9379692744e-14
4.4445800781e+02 4.3206986556e-14 2.3829340684e-14 1.9377645872e-14
4.4451904297e+02 4.3199177669e-14 2.3818315547e-14 1.9380862121e-14
4.4458007812e+02 4.3177356641e-14 2.3808519707e-14 1.9368836934e-14
4.4464111328e+02 4.3149284907e-14 2.3813171496e-14 1.9336113411e-14
4.4470214844e+02 4.3135485769e-14 2.3834142815e-14 1.9301342954e-14
4.4476318359e+02 4.3146177176e-14 2.3858615319e-14 1.9287561857e-14
4.4482421875e+02 4.3169853676e-14 2.3870898561e-14 1.9298955114e-14
4.4488525391e+02 4.3185998749e-14 2.3867665443e-14 1.9318333306e-14
4.4494628906e+02 4.3184950050e-14 2.3859724483e-14 1.9325225567e-14
4.4500732422e+02 4.3172358930e-14 2.3857158424e-14 1.9315200506e-14
4.4506835938e+02 4.3159668534e-14 2.3859778098e-14 1.9299890436e-14
4.4512939453e+02 4.3154807636e-14 2.3862614202e-14 1.9292193435e-14
4.4519042969e+02 4.3163007216e-14 2.3865898639e-14 1.9297108576e-14
4.4525146484e+02 4.3189099239e-14 2.3876733275e-14 1.9312365965e-14
4.4531250000e+02 4.3227465131e-14 2.3897422817e-14 1.9330042314e-14
4.4537353516e+02 4.3257079648e-14 2.3918283543e-14 1.9338796105e-14
4.4543457031e+02 4.3259079832e-14 2.3926345502e-14 1.9332734330e-14
4.4549560547e+02 4.3231038220e-14 2.3913179932e-14 1.9317858289e-14
4.4555664062e+02 4.3179385345e-14 2.3876513636e-14 1.9302871709e-14
4.4561767578e+02 4.3113569917e-14 2.3823435440e-14 1.9290134477e-14
4.4567871094e+02 4.3051463020e-14 2.3771884970e-14 1.9279578050e-14
4.4573974609e+02 4.3014813084e-14 2.3745650200e-14 1.9269162883e-14
4.4580078125e+02 4.3012922900e-14 2.3759830972e-14 1.9253091928e-14
4.4586181641e+02 4.3035422324e-14 2.3805004438e-14 1.9230417886e-14
4.4592285156e+02 4.3061881633e-14 2.3852736711e-14 1.9209144922e-14
4.4598388672e+02 4.3077996369e-14 2.3880524254e-14 1.9197472115e-14
4.4604492188e+02 4.3083000644e-14 2.3884800440e-14 1.9198200204e-14
4.4610595703e+02 4.3083020631e-14 2.3871664983e-14 1.9211355648e-14
4.4616699219e+02 4.3084360215e-14 2.3848896154e-14 1.9235464061e-14
4.4622802734e+02 4.3092993371e-14 2.3829740436e-14 1.9263252935e-14
4.4628906250e+02 4.3110711335e-14 2.3831406612e-14 1.9279304723e-14
4.4635009766e+02 4.3135355508e-14 2.3863086649e-14 1.9272268859e-14
4.4641113281e+02 4.3169341715e-14 2.3917619759e-14 1.9251721956e-14
4.4647216797e+02 4.3217253379e-14 2.3975550510e-14 1.9241702869e-14
4.4653320312e+02 4.3274267948e-14 2.4017557947e-14 1.9256710001e-14
4.4659423828e+02 4.3323002628e-14 2.4031625836e-14 1.9291376792e-14
4.4665527344e+02 4.3340209031e-14 2.4011188914e-14 1.9329020118e-14
4.4671630859e+02 4.3313005268e-14 2.3958421573e-14 1.9354583696e-14
4.4677734375e+02 4.3255676667e-14 2.3891608127e-14 1.9364068540e-14
4.4683837891e+02 4.3203738857e-14 2.3838686410e-14 1.9365052448e-14
4.4689941406e+02 4.3182785804e-14 2.3818765681e-14 1.9364020123e-14
4.4696044922e+02 4.3185122172e-14 2.3830091414e-14 1.9355030758e-14
4.4702148438e+02 4.3182634839e-14 2.3852982496e-14 1.9329652343e-14
4.4708251953e+02 4.3158745023e-14 2.3864675288e-14 1.9294069735e-14
4.4714355469e+02 4.3123044297e-14 2.3855969532e-14 1.9267074765e-14
4.4720458984e+02 4.3098351501e-14 2.3834000227e-14 1.9264351274e-14
4.4726562500e+02 4.3096983309e-14 2.3809509814e-14 1.9287473495e-14
4.4732666016e+02 4.3110046662e-14 2.3787272594e-14 1.9322774068e-14
4.4738769531e+02 4.3120073313e-14 2.3769710821e-14 1.9350362492e-14
4.4744873047e+02 4.3121378621e-14 2.3762109912e-14 1.9359268709e-14
4.4750976562e+02 4.3124106741e-14 2.3770782844e-14 1.9353323896e-14
4.4757080078e+02 4.3141760479e-14 2.3800005999e-14 1.9341754480e-14
4.4763183594e+02 4.3180628617e-14 2.3849735297e-14 1.9330893320e-14
4.4769287109e+02 4.3235114609e-14 2.3910892537e-14 1.9324222072e-14
4.4775390625e+02 4.3280942966e-14 2.3961960739e-14 1.9318982227e-14
4.4781494141e+02 4.3279689386e-14 2.3974506510e-14 1.9305182876e-14
4.4787597656e+02 4.3212213633e-14 2.3933044111e-14 1.9279169522e-14
4.4793701172e+02 4.3108983984e-14 2.3856892948e-14 1.9252091037e-14
4.4799804688e+02 4.3029567507e-14 2.3791702603e-14 1.9237864903e-14
4.4805908203e+02 4.3010039826e-14 2.3769691002e-14 1.9240348824e-14
4.4812011719e+02 4.3041436503e-14 2.3786738353e-14 1.9254698150e-14
4.4818115234e+02 4.3092428064e-14 2.3819698521e-14 1.9272729543e-14
4.4824218750e+02 4.3134326752e-14 2.3849459238e-14 1.9284867513e-14
4.4830322266e+02 4.3152439292e-14 2.3865773012e-14 1.9286666281e-14
4.4836425781e+02 4.3153214305e-14 2.3868046418e-14 1.9285167887e-14
4.4842529297e+02 4.3155382268e-14 2.3865300281e-14 1.9290081987e-14
4.4848632812e+02 4.3166883865e-14 2.3865685344e-14 1.9301198521e-14
4.4854736328e+02 4.3178267822e-14 2.3867025453e-14 1.9311242369e-14
4.4860839844e+02 4.3179117829e-14 2.3861607259e-14 1.9317510570e-14
4.4866943359e+02 4.3169126000e-14 2.3844659959e-14 1.9324466041e-14
4.4873046875e+02 4.3150614540e-14 2.3817214887e-14 1.9333399652e-14
4.4879150391e+02 4.3128932458e-14 2.3791996289e-14 1.9336936169e-14
4.4885253906e+02 4.3127926763e-14 2.3795989684e-14 1.9331937080e-14
4.4891357422e+02 4.3178237291e-14 2.3847436878e-14 1.9330800413e-14
4.4897460938e+02 4.3274413865e-14 2.3925921214e-14 1.9348492651e-14
4.4903564453e+02 4.3365134259e-14 2.3982827514e-14 1.9382306745e-14
4.4909667969e+02 4.3400107299e-14 2.3985607583e-14 1.9414499716e-14
4.4915771484e+02 4.3372664569e-14 2.3941474951e-14 1.9431189619e-14
4.4921875000e+02 4.3312901700e-14 2.3883802681e-14 1.9429099019e-14
4.4927978516e+02 4.3257574661e-14 2.3846998213e-14 1.9410576448e-14
4.4934082031e+02 4.3231561843e-14 2.3846996547e-14 1.9384565296e-14
4.4940185547e+02 4.3240806636e-14 2.3876074427e-14 1.9364732209e-14
4.4946289062e+02 4.3267742988e-14 2.3914183313e-14 1.9353559675e-14
4.4952392578e+02 4.3282720533e-14 2.3944740493e-14 1.9337980041e-14
4.4958496094e+02 4.3276860684e-14 2.3963291892e-14 1.9313568792e-14
4.4964599609e+02 4.3271430611e-14 2.3971565744e-14 1.9299864867e-14
4.4970703125e+02 4.3281425627e-14 2.3964669684e-14 1.9316755944e-14
4.4976806641e+02 4.3292597976e-14 2.3936387942e-14 1.9356210034e-14
4.4982910156e+02 4.3286957480e-14 2.3896425225e-14 1.9390532255e-14
4.4989013672e+02 4.3265783889e-14 2.3863062620e-14 1.9402721268e-14
4.4995117188e+02 4.3238386751e-14 2.3839564470e-14 1.9398822281e-14
4.5001220703e+02 4.3210053538e-14 2.3817759590e-14 1.9392293948e-14
4.5007324219e+02 4.3186754322e-14 2.3800370763e-14 1.9386383559e-14
4.5013427734e+02 4.3178400302e-14 2.3799625738e-14 1.9378774564e-14
4.5019531250e+02 4.3192336741e-14 2.3815849861e-14 1.9376486880e-14
4.5025634766e+02 4.3224044532e-14 2.3833532060e-14 1.9390512472e-14
4.5031738281e+02 4.3258102503e-14 2.3843235215e-14 1.9414867288e-14
4.5037841797e+02 4.3283164894e-14 2.3855044046e-14 1.9428120849e-14
4.5043945312e+02 4.3295890171e-14 2.3876686833e-14 1.9419203338e-14
4.5050048828e+02 4.3288118608e-14 2.3891766660e-14 1.9396351948e-14
4.5056152344e+02 4.3253076437e-14 2.3882087892e-14 1.9370988545e-14
4.5062255859e+02 4.3203473444e-14 2.3856904748e-14 1.9346568696e-14
4.5068359375e+02 4.3159850803e-14 2.3839576723e-14 1.9320274080e-14
4.5074462891e+02 4.3128810893e-14 2.3840121900e-14 1.9288688993e-14
4.5080566406e+02 4.3110661058e-14 2.3854338131e-14 1.9256322927e-14
4.5086669922e+02 4.3112436664e-14 2.3877744459e-14 1.9234692204e-14
4.5092773438e+02 4.3134355783e-14 2.3907774663e-14 1.9226581119e-14
4.5098876953e+02 4.3157731431e-14 2.3936466681e-14 1.9221264750e-14
4.5104980469e+02 4.3162283314e-14 2.3951457015e-14 1.9210826299e-14
4.5111083984e+02 4.3145727757e-14 2.3945343743e-14 1.9200384015e-14
4.5117187500e+02 4.3118705946e-14 2.3920206509e-14 1.9198499437e-14
4.5123291016e+02 4.3092972983e-14 2.3885589672e-14 1.9207383310e-14
4.5129394531e+02 4.3081559863e-14 2.3855711363e-14 1.9225848501e-14
4.5135498047e+02 4.3094348395e-14 2.3842210637e-14 1.9252137758e-14
4.5141601562e+02 4.3123378447e-14 2.3844116513e-14 1.9279261934e-14
4.5147705078e+02 4.3145377461e-14 2.3850431215e-14 1.9294946246e-14
4.5153808594e+02 4.3144960493e-14 2.3852941049e-14 1.9292019444e-14
4.5159912109e+02 4.3127868240e-14 2.3849727377e-14 1.9278140862e-14
4.5166015625e+02 4.3113278583e-14 2.3841829317e-14 1.9271449265e-14
4.5172119141e+02 4.3119339653e-14 2.3836032599e-14 1.9283307053e-14
4.5178222656e+02 4.3147499456e-14 2.3841582907e-14 1.9305916549e-14
4.5184326172e+02 4.3175274599e-14 2.3854094606e-14 1.9321179994e-14
4.5190429688e+02 4.3178550426e-14 2.3855221632e-14 1.9323328794e-14
4.5196533203e+02 4.3162045736e-14 2.3837469527e-14 1.9324576209e-14
4.5202636719e+02 4.3151314975e-14 2.3817008444e-14 1.9334306532e-14
4.5208740234e+02 4.3159361012e-14 2.3815816621e-14 1.9343544391e-14
4.5214843750e+02 4.3172470648e-14 2.3837765243e-14 1.9334705405e-14
4.5220947266e+02 4.3163726437e-14 2.3862889332e-14 1.9300837105e-14
4.5227050781e+02 4.3121242948e-14 2.3865706242e-14 1.9255536707e-14
4.5233154297e+02 4.3067872528e-14 2.3842982413e-14 1.9224890115e-14
4.5239257812e+02 4.3046200051e-14 2.3819958792e-14 1.9226241259e-14
4.5245361328e+02 4.3078813852e-14 2.3824574346e-14 1.9254239506e-14
4.5251464844e+02 4.3145553593e-14 2.3859066901e-14 1.9286486692e-14
4.5257568359e+02 4.3201789042e-14 2.3899365110e-14 1.9302423932e-14
4.5263671875e+02 4.3218408711e-14 2.3918285302e-14 1.9300123409e-14
4.5269775391e+02 4.3200553584e-14 2.3907868048e-14 1.9292685536e-14
4.5275878906e+02 4.3172287097e-14 2.3882435617e-14 1.9289851480e-14
4.5281982422e+02 4.3156369322e-14 2.3862837303e-14 1.9293532018e-14
4.5288085938e+02 4.3164193792e-14 2.3856416591e-14 1.9307777202e-14
4.5294189453e+02 4.3189334784e-14 2.3852116690e-14 1.9337218094e-14
4.5300292969e+02 4.3212878693e-14 2.3839167335e-14 1.9373711358e-14
4.5306396484e+02 4.3222924697e-14 2.3826779568e-14 1.9396145129e-14
4.5312500000e+02 4.3225408434e-14 2.3834955951e-14 1.9390452483e-14
4.5318603516e+02 4.3233255818e-14 2.3865785726e-14 1.9367470092e-14
4.5324707031e+02 4.3247630546e-14 2.3894811823e-14 1.9352818723e-14
4.5330810547e+02 4.3253513812e-14 2.3898194961e-14 1.9355318851e-14
4.5336914062e+02 4.3237075409e-14 2.3881990188e-14 1.9355085221e-14
4.5343017578e+02 4.3204726102e-14 2.3871926624e-14 1.9332799478e-14
4.5349121094e+02 4.3177509879e-14 2.3877516620e-14 1.9299993259e-14
4.5355224609e+02 4.3166436641e-14 2.3883730258e-14 1.9282706383e-14
4.5361328125e+02 4.3165246039e-14 2.3878879893e-14 1.9286366145e-14
4.5367431641e+02 4.3165723810e-14 2.3868794200e-14 1.9296929610e-14
4.5373535156e+02 4.3162312255e-14 2.3859254046e-14 1.9303058209e-14
4.5379638672e+02 4.3148839611e-14 2.3848735253e-14 1.9300104358e-14
4.5385742188e+02 4.3127495651e-14 2.3841525300e-14 1.9285970350e-14
4.5391845703e+02 4.3110901838e-14 2.3846018660e-14 1.9264883177e-14
4.5397949219e+02 4.3107081594e-14 2.3859620629e-14 1.9247460965e-14
4.5404052734e+02 4.3112408823e-14 2.3870087314e-14 1.9242321510e-14
4.5410156250e+02 4.3120361080e-14 2.3869740303e-14 1.9250620777e-14
4.5416259766e+02 4.3126572260e-14 2.3859371632e-14 1.9267200628e-14
4.5422363281e+02 4.3126042107e-14 2.3842880674e-14 1.9283161433e-14
4.5428466797e+02 4.3117295413e-14 2.3827396239e-14 1.9289899173e-14
4.5434570312e+02 4.3109833132e-14 2.3825405364e-14 1.9284427767e-14
4.5440673828e+02 4.3115842397e-14 2.3845211105e-14 1.9270631291e-14
4.5446777344e+02 4.3130668182e-14 2.3877085175e-14 1.9253583007e-14
4.5452880859e+02 4.3132180263e-14 2.3897951495e-14 1.9234228769e-14
4.5458984375e+02 4.3107904108e-14 2.3892512550e-14 1.9215391558e-14
4.5465087891e+02 4.3070458859e-14 2.3863706742e-14 1.9206752117e-14
4.5471191406e+02 4.3036503854e-14 2.3824093149e-14 1.9212410705e-14
4.5477294922e+02 4.3009576387e-14 2.3787232393e-14 1.9222343993e-14
4.5483398438e+02 4.2994896130e-14 2.3767784010e-14 1.9227112121e-14
4.5489501953e+02 4.3005738996e-14 2.3774825478e-14 1.9230913518e-14
4.5495605469e+02 4.3037568162e-14 2.3796677230e-14 1.9240890932e-14
4.5501708984e+02 4.3057672754e-14 2.3805032761e-14 1.9252639993e-14
4.5507812500e+02 4.3039739506e-14 2.3785390031e-14 1.9254349474e-14
4.5513916016e+02 4.2996998448e-14 2.3756754131e-14 1.9240244317e-14
4.5520019531e+02 4.2969681904e-14 2.3753154840e-14 1.9216527063e-14
4.5526123047e+02 4.2985056758e-14 2.3787545801e-14 1.9197510958e-14
4.5532226562e+02 4.3034056364e-14 2.3838389049e-14 1.9195667315e-14
4.5538330078e+02 4.3082551995e-14 2.3871479838e-14 1.9211072157e-14
4.5544433594e+02 4.3100069385e-14 2.3869897435e-14 1.9230171951e-14
4.5550537109e+02 4.3081385476e-14 2.3843303381e-14 1.9238082095e-14
4.5556640625e+02 4.3048909945e-14 2.3815918182e-14 1.9232991763e-14
4.5562744141e+02 4.3030474544e-14 2.3804545910e-14 1.9225928634e-14
4.5568847656e+02 4.3030186547e-14 2.3804676738e-14 1.9225509809e-14
4.5574951172e+02 4.3032710319e-14 2.3802578294e-14 1.9230132024e-14
4.5581054688e+02 4.3032134494e-14 2.3794563616e-14 1.9237570878e-14
4.5587158203e+02 4.3032656363e-14 2.3783982092e-14 1.9248674271e-14
4.5593261719e+02 4.3029602583e-14 2.3771453295e-14 1.9258149288e-14
4.5599365234e+02 4.3016074712e-14 2.3759625952e-14 1.9256448761e-14
4.5605468750e+02 4.3000746187e-14 2.3757885302e-14 1.9242860886e-14
4.5611572266e+02 4.3001601939e-14 2.3774307457e-14 1.9227294483e-14
4.5617675781e+02 4.3024828395e-14 2.3804596367e-14 1.9220232028e-14
4.5623779297e+02 4.3054957525e-14 2.3831557327e-14 1.9223400197e-14
4.5629882812e+02 4.3066504065e-14 2.3839031109e-14 1.9227472956e-14
4.5635986328e+02 4.3048817197e-14 2.3826649270e-14 1.9222167928e-14
4.5642089844e+02 4.3017110749e-14 2.3807085068e-14 1.9210025681e-14
4.5648193359e+02 4.2993151727e-14 2.3790711771e-14 1.9202439957e-14
4.5654296875e+02 4.2981848943e-14 2.3778528024e-14 1.9203320920e-14
4.5660400391e+02 4.2977359266e-14 2.3768676321e-14 1.9208682944e-14
4.5666503906e+02 4.2983027251e-14 2.3763053961e-14 1.9219973290e-14
4.5672607422e+02 4.3005554047e-14 2.3763873122e-14 1.9241680924e-14
4.5678710938e+02 4.3032219696e-14 2.3767154007e-14 1.9265065689e-14
4.5684814453e+02 4.3036547534e-14 2.3765608109e-14 1.9270939425e-14
4.5690917969e+02 4.3011361854e-14 2.3757393247e-14 1.9253968607e-14
4.5697021484e+02 4.2980580599e-14 2.3748564305e-14 1.9232016294e-14
4.5703125000e+02 4.2972987849e-14 2.3748818771e-14 1.9224169078e-14
4.5709228516e+02 4.2989683525e-14 2.3763830781e-14 1.9225852744e-14
4.5715332031e+02 4.3002091900e-14 2.3787671392e-14 1.9214420507e-14
4.5721435547e+02 4.2985635993e-14 2.3805868007e-14 1.9179767987e-14
4.5727539062e+02 4.2947252748e-14 2.3807818092e-14 1.9139434656e-14
4.5733642578e+02 4.2909972302e-14 2.3792510490e-14 1.9117461812e-14
4.5739746094e+02 4.2881973555e-14 2.3764459489e-14 1.9117514067e-14
4.5745849609e+02 4.2856986700e-14 2.3730402853e-14 1.9126583847e-14
4.5751953125e+02 4.2837584918e-14 2.3698980915e-14 1.9138604003e-14
4.5758056641e+02 4.2838311806e-14 2.3679433849e-14 1.9158877957e-14
4.5764160156e+02 4.2863523341e-14 2.3677994484e-14 1.9185528857e-14
4.5770263672e+02 4.2896138231e-14 2.3692770101e-14 1.9203368130e-14
4.5776367188e+02 4.2914927744e-14 2.3714084418e-14 1.9200843327e-14
4.5782470703e+02 4.2914456326e-14 2.3731730105e-14 1.9182726221e-14
4.5788574219e+02 4.2904161943e-14 2.3741101407e-14 1.9163060537e-14
4.5794677734e+02 4.2900255654e-14 2.3745991352e-14 1.9154264302e-14
4.5800781250e+02 4.2921211230e-14 2.3755727916e-14 1.9165483314e-14
4.5806884766e+02 4.2973388271e-14 2.3774164713e-14 1.9199223558e-14
4.5812988281e+02 4.3037921682e-14 2.3793796709e-14 1.9244124972e-14
4.5819091797e+02 4.3085469663e-14 2.3805775284e-14 1.9279694379e-14
4.5825195312e+02 4.3103160187e-14 2.3810682225e-14 1.9292477962e-14
4.5831298828e+02 4.3100758174e-14 2.3814419263e-14 1.9286338910e-14
4.5837402344e+02 4.3092252946e-14 2.3816915756e-14 1.9275337190e-14
4.5843505859e+02 4.3080719950e-14 2.3813084289e-14 1.9267635661e-14
4.5849609375e+02 4.3068629980e-14 2.3806303287e-14 1.9262326693e-14
4.5855712891e+02 4.3066926276e-14 2.3807369477e-14 1.9259556800e-14
4.5861816406e+02 4.3078482898e-14 2.3818511513e-14 1.9259971385e-14
4.5867919922e+02 4.3088734327e-14 2.3834254733e-14 1.9254479594e-14
4.5874023438e+02 4.3083909750e-14 2.3852216584e-14 1.9231693166e-14
4.5880126953e+02 4.3060350808e-14 2.3864887833e-14 1.9195462975e-14
4.5886230469e+02 4.3013387784e-14 2.3852937346e-14 1.9160450438e-14
4.5892333984e+02 4.2943260755e-14 2.3807361360e-14 1.9135899396e-14
4.5898437500e+02 4.2873799970e-14 2.3750251007e-14 1.9123548963e-14
4.5904541016e+02 4.2841167650e-14 2.3720268346e-14 1.9120899303e-14
4.5910644531e+02 4.2858534403e-14 2.3736801494e-14 1.9121732909e-14
4.5916748047e+02 4.2901891824e-14 2.3780469628e-14 1.9121422196e-14
4.5922851562e+02 4.2938455563e-14 2.3815874308e-14 1.9122581255e-14
4.5928955078e+02 4.2966189010e-14 2.3830996350e-14 1.9135192660e-14
4.5935058594e+02 4.3009564521e-14 2.3840203471e-14 1.9169361050e-14
4.5941162109e+02 4.3075630742e-14 2.3854187904e-14 1.9221442838e-14
4.5947265625e+02 4.3137590619e-14 2.3864384165e-14 1.9273206454e-14
4.5953369141e+02 4.3168471326e-14 2.3857982969e-14 1.9310488357e-14
4.5959472656e+02 4.3167975555e-14 2.3837311629e-14 1.9330663926e-14
4.5965576172e+02 4.3147941845e-14 2.3817635017e-14 1.9330306828e-14
4.5971679688e+02 4.3116273725e-14 2.3811193285e-14 1.9305080440e-14
4.5977783203e+02 4.3084264813e-14 2.3819526281e-14 1.9264738532e-14
4.5983886719e+02 4.3063457853e-14 2.3835835706e-14 1.9227622147e-14
4.5989990234e+02 4.3047497651e-14 2.3849452086e-14 1.9198045564e-14
4.5996093750e+02 4.3021810195e-14 2.3850759943e-14 1.9171050251e-14
4.6002197266e+02 4.2992625320e-14 2.3834649994e-14 1.9157975326e-14
4.6008300781e+02 4.2977590541e-14 2.3800171973e-14 1.9177418568e-14
4.6014404297e+02 4.2971813823e-14 2.3751854131e-14 1.9219959692e-14
4.6020507812e+02 4.2956691540e-14 2.3704332057e-14 1.9252359482e-14
4.6026611328e+02 4.2934295174e-14 2.3676480408e-14 1.9257814765e-14
4.6032714844e+02 4.2923410646e-14 2.3675350441e-14 1.9248060205e-14
4.6038818359e+02 4.2930594791e-14 2.3691830222e-14 1.9238764570e-14
4.6044921875e+02 4.2941761673e-14 2.3711023743e-14 1.9230737930e-14
4.6051025391e+02 4.2935571530e-14 2.3720384722e-14 1.9215186808e-14
4.6057128906e+02 4.2902491960e-14 2.3712168067e-14 1.9190323893e-14
4.6063232422e+02 4.2853701868e-14 2.3687185741e-14 1.9166516127e-14
4.6069335938e+02 4.2807773798e-14 2.3656057467e-14 1.9151716331e-14
4.6075439453e+02 4.2773445503e-14 2.3632398158e-14 1.9141047346e-14
4.6081542969e+02 4.2754648085e-14 2.3625718636e-14 1.9128929449e-14
4.6087646484e+02 4.2762797653e-14 2.3639610321e-14 1.9123187332e-14
4.6093750000e+02 4.2805551217e-14 2.3669007642e-14 1.9136543575e-14
4.6099853516e+02 4.2866069294e-14 2.3699486417e-14 1.9166582877e-14
4.6105957031e+02 4.2910723124e-14 2.3717062618e-14 1.9193660505e-14
4.6112060547e+02 4.2922016796e-14 2.3718749929e-14 1.9203266867e-14
4.6118164062e+02 4.2916982359e-14 2.3713238364e-14 1.9203743996e-14
4.6124267578e+02 4.2925907194e-14 2.3714737789e-14 1.9211169406e-14
4.6130371094e+02 4.2954224890e-14 2.3730656224e-14 1.9223568666e-14
4.6136474609e+02 4.2978534728e-14 2.3752292701e-14 1.9226242027e-14
4.6142578125e+02 4.2977406053e-14 2.3763277805e-14 1.9214128247e-14
4.6148681641e+02 4.2948193019e-14 2.3754966539e-14 1.9193226481e-14
4.6154785156e+02 4.2904192065e-14 2.3732407850e-14 1.9171784215e-14
4.6160888672e+02 4.2871900810e-14 2.3710292780e-14 1.9161608030e-14
4.6166992188e+02 4.2875221127e-14 2.3701232353e-14 1.9173988774e-14
4.6173095703e+02 4.2909627018e-14 2.3706002117e-14 1.9203624901e-14
4.6179199219e+02 4.2943249714e-14 2.3716705022e-14 1.9226544692e-14
4.6185302734e+02 4.2950080340e-14 2.3726184000e-14 1.9223896340e-14
4.6191406250e+02 4.2934713106e-14 2.3731768877e-14 1.9202944229e-14
4.6197509766e+02 4.2920316831e-14 2.3733857675e-14 1.9186459157e-14
4.6203613281e+02 4.2920888795e-14 2.3735927308e-14 1.9184961487e-14
4.6209716797e+02 4.2933644616e-14 2.3744216454e-14 1.9189428162e-14
4.6215820312e+02 4.2951306996e-14 2.3760923512e-14 1.9190383484e-14
4.6221923828e+02 4.2971657625e-14 2.3779488561e-14 1.9192169063e-14
4.6228027344e+02 4.2996886674e-14 2.3793134090e-14 1.9203752584e-14
4.6234130859e+02 4.3030757657e-14 2.3806528930e-14 1.9224228726e-14
4.6240234375e+02 4.3072675036e-14 2.3829383873e-14 1.9243291163e-14
4.6246337891e+02 4.3106961651e-14 2.3856133491e-14 1.9250828160e-14
4.6252441406e+02 4.3110068511e-14 2.3867274946e-14 1.9242793565e-14
4.6258544922e+02 4.3076594613e-14 2.3857061468e-14 1.9219533145e-14
4.6264648438e+02 4.3026605231e-14 2.3843201471e-14 1.9183403760e-14
4.6270751953e+02 4.2985965191e-14 2.3841109059e-14 1.9144856132e-14
4.6276855469e+02 4.2966464945e-14 2.3843353887e-14 1.9123111058e-14
4.6282958984e+02 4.2962842358e-14 2.3834180377e-14 1.9128661980e-14
4.6289062500e+02 4.2963793436e-14 2.3811656253e-14 1.9152137183e-14
4.6295166016e+02 4.2964444827e-14 2.3787241295e-14 1.9177203532e-14
4.6301269531e+02 4.2968411946e-14 2.3772875774e-14 1.9195536173e-14
4.6307373047e+02 4.2976840013e-14 2.3770971894e-14 1.9205868119e-14
4.6313476562e+02 4.2980617773e-14 2.3773510404e-14 1.9207107369e-14
4.6319580078e+02 4.2970318480e-14 2.3773571442e-14 1.9196747038e-14
4.6325683594e+02 4.2949391178e-14 2.3772904467e-14 1.9176486711e-14
4.6331787109e+02 4.2932213503e-14 2.3773305908e-14 1.9158907595e-14
4.6337890625e+02 4.2927359083e-14 2.3769413621e-14 1.9157945462e-14
4.6343994141e+02 4.2921751428e-14 2.3754503096e-14 1.9167248332e-14
4.6350097656e+02 4.2893500164e-14 2.3730306821e-14 1.9163193343e-14
4.6356201172e+02 4.2847875565e-14 2.3711214765e-14 1.9136660801e-14
4.6362304688e+02 4.2821710303e-14 2.3714588879e-14 1.9107121423e-14
4.6368408203e+02 4.2838808780e-14 2.3740422266e-14 1.9098386514e-14
4.6374511719e+02 4.2876822718e-14 2.3765852372e-14 1.9110970346e-14
4.6380615234e+02 4.2895451917e-14 2.3769016388e-14 1.9126435529e-14
4.6386718750e+02 4.2884356151e-14 2.3753362811e-14 1.9130993340e-14
4.6392822266e+02 4.2864190856e-14 2.3739361565e-14 1.9124829291e-14
4.6398925781e+02 4.2853167076e-14 2.3737429903e-14 1.9115737173e-14
4.6405029297e+02 4.2850263340e-14 2.3739738064e-14 1.9110525276e-14
4.6411132812e+02 4.2845237880e-14 2.3737431112e-14 1.9107806767e-14
4.6417236328e+02 4.2833528228e-14 2.3732616287e-14 1.9100911941e-14
4.6423339844e+02 4.2820363018e-14 2.3730478864e-14 1.9089884154e-14
4.6429443359e+02 4.2816188060e-14 2.3733252069e-14 1.9082935990e-14
4.6435546875e+02 4.2828873303e-14 2.3743305483e-14 1.9085567820e-14
4.6441650391e+02 4.2855645988e-14 2.3759247012e-14 1.9096398976e-14
4.6447753906e+02 4.2881535371e-14 2.3768910345e-14 1.9112625027e-14
4.6453857422e+02 4.2887560562e-14 2.3756476249e-14 1.9131084313e-14
4.6459960938e+02 4.2866543612e-14 2.3721818591e-14 1.9144725021e-14
4.6466064453e+02 4.2835013947e-14 2.3688557280e-14 1.9146456667e-14
4.6472167969e+02 4.2821596552e-14 2.3684094491e-14 1.9137502061e-14
4.6478271484e+02 4.2842739984e-14 2.3715351457e-14 1.9127388527e-14
4.6484375000e+02 4.2893434080e-14 2.3769859907e-14 1.9123574173e-14
4.6490478516e+02 4.2949960989e-14 2.3828148771e-14 1.9121812218e-14
4.6496582031e+02 4.2981429266e-14 2.3868801658e-14 1.9112627607e-14
4.6502685547e+02 4.2973847289e-14 2.3874864169e-14 1.9098983120e-14
4.6508789062e+02 4.2941506420e-14 2.3845435636e-14 1.9096070784e-14
4.6514892578e+02 4.2908503296e-14 2.3798690117e-14 1.9109813179e-14
4.6520996094e+02 4.2885822735e-14 2.3756989771e-14 1.9128832964e-14
4.6527099609e+02 4.2866233087e-14 2.3727996552e-14 1.9138236535e-14
4.6533203125e+02 4.2833619546e-14 2.3704831675e-14 1.9128787871e-14
4.6539306641e+02 4.2783088740e-14 2.3684044287e-14 1.9099044453e-14
4.6545410156e+02 4.2733653088e-14 2.3673398584e-14 1.9060254504e-14
4.6551513672e+02 4.2706664751e-14 2.3676547867e-14 1.9030116885e-14
4.6557617188e+02 4.2698453680e-14 2.3681209744e-14 1.9017243936e-14
4.6563720703e+02 4.2694761046e-14 2.3672741273e-14 1.9022019773e-14
4.6569824219e+02 4.2695576795e-14 2.3651786701e-14 1.9043790094e-14
4.6575927734e+02 4.2701009174e-14 2.3629474003e-14 1.9071535171e-14
4.6582031250e+02 4.2695994773e-14 2.3612841434e-14 1.9083153339e-14
4.6588134766e+02 4.2676527727e-14 2.3604264861e-14 1.9072262866e-14
4.6594238281e+02 4.2666132629e-14 2.3605491167e-14 1.9060641462e-14
4.6600341797e+02 4.2683222402e-14 2.3613587500e-14 1.9069634902e-14
4.6606445312e+02 4.2715226442e-14 2.3622916084e-14 1.9092310358e-14
4.6612548828e+02 4.2736599347e-14 2.3633200075e-14 1.9103399272e-14
4.6618652344e+02 4.2737166774e-14 2.3647064543e-14 1.9090102231e-14
4.6624755859e+02 4.2732410760e-14 2.3664651701e-14 1.9067759059e-14
4.6630859375e+02 4.2752793385e-14 2.3688048852e-14 1.9064744533e-14
4.6636962891e+02 4.2819423589e-14 2.3724822126e-14 1.9094601463e-14
4.6643066406e+02 4.2921487605e-14 2.3778560616e-14 1.9142926988e-14
4.6649169922e+02 4.3015147497e-14 2.3836112948e-14 1.9179034549e-14
4.6655273438e+02 4.3056338538e-14 2.3872994196e-14 1.9183344342e-14
4.6661376953e+02 4.3039421730e-14 2.3875215906e-14 1.9164205825e-14
4.6667480469e+02 4.2993558533e-14 2.3847965730e-14 1.9145592802e-14
4.6673583984e+02 4.2948089656e-14 2.3806212311e-14 1.9141877345e-14
4.6679687500e+02 4.2915245386e-14 2.3769061479e-14 1.9146183907e-14
4.6685791016e+02 4.2894199386e-14 2.3752374088e-14 1.9141825298e-14
4.6691894531e+02 4.2880901538e-14 2.3753665522e-14 1.9127236016e-14
4.6697998047e+02 4.2877847146e-14 2.3757502996e-14 1.9120344150e-14
4.6704101562e+02 4.2886699922e-14 2.3758373227e-14 1.9128326695e-14
4.6710205078e+02 4.2894657758e-14 2.3762086492e-14 1.9132571266e-14
4.6716308594e+02 4.2891311712e-14 2.3771712258e-14 1.9119599455e-14
4.6722412109e+02 4.2890139432e-14 2.3786050253e-14 1.9104089180e-14
4.6728515625e+02 4.2906070235e-14 2.3803093989e-14 1.9102976246e-14
4.6734619141e+02 4.2925057829e-14 2.3817408658e-14 1.9107649171e-14
4.6740722656e+02 4.2921175091e-14 2.3819507140e-14 1.9101667950e-14
4.6746826172e+02 4.2893619205e-14 2.3803476426e-14 1.9090142779e-14
4.6752929688e+02 4.2867120487e-14 2.3775916736e-14 1.9091203752e-14
4.6759033203e+02 4.2861352115e-14 2.3752381911e-14 1.9108970204e-14
4.6765136719e+02 4.2875163530e-14 2.3742980109e-14 1.9132183421e-14
4.6771240234e+02 4.2895120463e-14 2.3744919240e-14 1.9150201223e-14
4.6777343750e+02 4.2903382819e-14 2.3745666022e-14 1.9157716797e-14
4.6783447266e+02 4.2883251638e-14 2.3730246050e-14 1.9153005588e-14
4.6789550781e+02 4.2834885687e-14 2.3694744915e-14 1.9140140772e-14
4.6795654297e+02 4.2781435941e-14 2.3654538465e-14 1.9126897476e-14
4.6801757812e+02 4.2747957247e-14 2.3630649431e-14 1.9117307815e-14
4.6807861328e+02 4.2741988600e-14 2.3632328818e-14 1.9109659782e-14
4.6813964844e+02 4.2757337180e-14 2.3656261991e-14 1.9101075189e-14
4.6820068359e+02 4.2778828356e-14 2.3688634288e-14 1.9090194068e-14
4.6826171875e+02 4.2782711575e-14 2.3707140029e-14 1.9075571546e-14
4.6832275391e+02 4.2757412029e-14 2.3698763191e-14 1.9058648838e-14
4.6838378906e+02 4.2725242810e-14 2.3676311423e-14 1.9048931387e-14
4.6844482422e+02 4.2720479924e-14 2.3665484863e-14 1.9054995060e-14
4.6850585938e+02 4.2749042620e-14 2.3676474788e-14 1.9072567832e-14
4.6856689453e+02 4.2788148315e-14 2.3695893242e-14 1.9092255073e-14
4.6862792969e+02 4.2817706783e-14 2.3707342842e-14 1.9110363941e-14
4.6868896484e+02 4.2836816608e-14 2.3711811489e-14 1.9125005120e-14
4.6875000000e+02 4.2854982244e-14 2.3721165448e-14 1.9133816796e-14
4.6881103516e+02 4.2878146565e-14 2.3738509244e-14 1.9139637322e-14
4.6887207031e+02 4.2905524700e-14 2.3755783931e-14 1.9149740769e-14
4.6893310547e+02 4.2936929867e-14 2.3769404419e-14 1.9167525448e-14
4.6899414062e+02 4.2972353444e-14 2.3785826829e-14 1.9186526614e-14
4.6905517578e+02 4.2997448439e-14 2.3804672906e-14 1.9192775533e-14
4.6911621094e+02 4.2986597836e-14 2.3809798960e-14 1.9176798875e-14
4.6917724609e+02 4.2933401784e-14 2.3789379700e-14 1.9144022084e-14
4.6923828125e+02 4.2861782196e-14 2.3751720620e-14 1.9110061576e-14
4.6929931641e+02 4.2801229152e-14 2.3712916349e-14 1.9088312803e-14
4.6936035156e+02 4.2766920514e-14 2.3683549404e-14 1.9083371110e-14
4.6942138672e+02 4.2761059439e-14 2.3670073866e-14 1.9090985573e-14
4.6948242188e+02 4.2778082513e-14 2.3674221710e-14 1.9103860803e-14
4.6954345703e+02 4.2806961703e-14 2.3689238128e-14 1.9117723575e-14
4.6960449219e+02 4.2833788591e-14 2.3706027844e-14 1.9127760747e-14
4.6966552734e+02 4.2848167407e-14 2.3720402102e-14 1.9127765305e-14
4.6972656250e+02 4.2851029698e-14 2.3728611492e-14 1.9122418206e-14
4.6978759766e+02 4.2853118324e-14 2.3725510258e-14 1.9127608065e-14
4.6984863281e+02 4.2860413984e-14 2.3713294125e-14 1.9147119859e-14
4.6990966797e+02 4.2861346874e-14 2.3700128381e-14 1.9161218493e-14
4.6997070312e+02 4.2838617626e-14 2.3688111529e-14 1.9150506097e-14
4.7003173828e+02 4.2795652504e-14 2.3673010023e-14 1.9122642481e-14
4.7009277344e+02 4.2757060982e-14 2.3652998402e-14 1.9104062580e-14
4.7015380859e+02 4.2745354078e-14 2.3635427419e-14 1.9109926658e-14
4.7021484375e+02 4.2767995199e-14 2.3637770010e-14 1.9130225189e-14
4.7027587891e+02 4.2812301054e-14 2.3669558943e-14 1.9142742111e-14
4.7033691406e+02 4.2847291866e-14 2.3711951705e-14 1.9135340161e-14
4.7039794922e+02 4.2851315273e-14 2.3734714618e-14 1.9116600655e-14
4.7045898438e+02 4.2838281899e-14 2.3731819212e-14 1.9106462687e-14
4.7052001953e+02 4.2842521745e-14 2.3725779425e-14 1.9116742320e-14
4.7058105469e+02 4.2881752014e-14 2.3740267724e-14 1.9141484290e-14
4.7064208984e+02 4.2939615985e-14 2.3774359495e-14 1.9165256490e-14
4.7070312500e+02 4.2981469924e-14 2.3806054947e-14 1.9175414977e-14
4.7076416016e+02 4.2985967607e-14 2.3819456547e-14 1.9166511060e-14
4.7082519531e+02 4.2957073495e-14 2.3814309966e-14 1.9142763529e-14
4.7088623047e+02 4.2910490313e-14 2.3790444311e-14 1.9120046002e-14
4.7094726562e+02 4.2862342519e-14 2.3745935387e-14 1.9116407132e-14
4.7100830078e+02 4.2827296586e-14 2.3693333635e-14 1.9133962951e-14
4.7106933594e+02 4.2816328344e-14 2.3660120974e-14 1.9156207370e-14
4.7113037109e+02 4.2831578878e-14 2.3664414155e-14 1.9167164722e-14
4.7119140625e+02 4.2860181258e-14 2.3695492683e-14 1.9164688574e-14
4.7125244141e+02 4.2879867562e-14 2.3726825820e-14 1.9153041741e-14
4.7131347656e+02 4.2878616929e-14 2.3745712361e-14 1.9132904568e-14
4.7137451172e+02 4.2862415610e-14 2.3759574265e-14 1.9102841345e-14
4.7143554688e+02 4.2840352710e-14 2.3773814857e-14 1.9066537854e-14
4.7149658203e+02 4.2815549376e-14 2.3778843211e-14 1.9036706165e-14
4.7155761719e+02 4.2795540515e-14 2.3767178312e-14 1.9028362203e-14
4.7161865234e+02 4.2791173917e-14 2.3748447502e-14 1.9042726415e-14
4.7167968750e+02 4.2797726968e-14 2.3734866886e-14 1.9062860082e-14
4.7174072266e+02 4.2795776527e-14 2.3724944337e-14 1.9070832190e-14
4.7180175781e+02 4.2775617559e-14 2.3712520735e-14 1.9063096824e-14
4.7186279297e+02 4.2748474121e-14 2.3698279856e-14 1.9050194265e-14
4.7192382812e+02 4.2729970613e-14 2.3681648069e-14 1.9048322544e-14
4.7198486328e+02 4.2722550135e-14 2.3656529557e-14 1.9066020578e-14
4.7204589844e+02 4.2721980009e-14 2.3626148837e-14 1.9095831172e-14
4.7210693359e+02 4.2729736571e-14 2.3607896914e-14 1.9121839657e-14
4.7216796875e+02 4.2746928018e-14 2.3615260904e-14 1.9131667114e-14
4.7222900391e+02 4.2766181981e-14 2.3645622512e-14 1.9120559469e-14
4.7229003906e+02 4.2777156408e-14 2.3685413148e-14 1.9091743259e-14
4.7235107422e+02 4.2776755726e-14 2.3717603921e-14 1.9059151805e-14
4.7241210938e+02 4.2774851260e-14 2.3731197089e-14 1.9043654170e-14
4.7247314453e+02 4.2783123487e-14 2.3729747096e-14 1.9053376391e-14
4.7253417969e+02 4.2798059743e-14 2.3725416644e-14 1.9072643099e-14
4.7259521484e+02 4.2807718431e-14 2.3726636175e-14 1.9081082256e-14
4.7265625000e+02 4.2808116793e-14 2.3734948099e-14 1.9073168694e-14
4.7271728516e+02 4.2804250345e-14 2.3749762529e-14 1.9054487817e-14
4.7277832031e+02 4.2806616857e-14 2.3772162630e-14 1.9034454227e-14
4.7283935547e+02 4.2825905972e-14 2.3800772580e-14 1.9025133392e-14
4.7290039062e+02 4.2860121878e-14 2.3824939014e-14 1.9035182864e-14
4.7296142578e+02 4.2890955451e-14 2.3829307445e-14 1.9061648005e-14
4.7302246094e+02 4.2897652938e-14 2.3806028770e-14 1.9091624169e-14
4.7308349609e+02 4.2876072036e-14 2.3761462271e-14 1.9114609765e-14
4.7314453125e+02 4.2847000245e-14 2.3716391492e-14 1.9130608753e-14
4.7320556641e+02 4.2836271603e-14 2.3694793553e-14 1.9141478050e-14
4.7326660156e+02 4.2841696824e-14 2.3700313074e-14 1.9141383750e-14
4.7332763672e+02 4.2838672263e-14 2.3710974034e-14 1.9127698229e-14
4.7338867188e+02 4.2818308870e-14 2.3706320141e-14 1.9111988729e-14
4.7344970703e+02 4.2794164509e-14 2.3688379039e-14 1.9105785470e-14
4.7351074219e+02 4.2780185913e-14 2.3672640070e-14 1.9107545843e-14
4.7357177734e+02 4.2785579831e-14 2.3672569339e-14 1.9113010492e-14
4.7363281250e+02 4.2817580921e-14 2.3694299611e-14 1.9123281310e-14
4.7369384766e+02 4.2873434886e-14 2.3735057231e-14 1.9138377656e-14
4.7375488281e+02 4.2937925482e-14 2.3782866270e-14 1.9155059212e-14
4.7381591797e+02 4.2991982603e-14 2.3820877081e-14 1.9171105522e-14
4.7387695312e+02 4.3020910860e-14 2.3837639666e-14 1.9183271195e-14
4.7393798828e+02 4.3020217086e-14 2.3835892440e-14 1.9184324646e-14
4.7399902344e+02 4.3000654230e-14 2.3828310667e-14 1.9172343563e-14
4.7406005859e+02 4.2985792152e-14 2.3825344017e-14 1.9160448134e-14
4.7412109375e+02 4.2993511632e-14 2.3828766238e-14 1.9164745394e-14
4.7418212891e+02 4.3015664978e-14 2.3833435447e-14 1.9182229531e-14
4.7424316406e+02 4.3024312805e-14 2.3833296633e-14 1.9191016172e-14
4.7430419922e+02 4.2999578654e-14 2.3825390638e-14 1.9174188016e-14
4.7436523438e+02 4.2947007739e-14 2.3809929639e-14 1.9137078101e-14
4.7442626953e+02 4.2890377063e-14 2.3791032040e-14 1.9099345024e-14
4.7448730469e+02 4.2854366761e-14 2.3777767541e-14 1.9076599220e-14
4.7454833984e+02 4.2853929983e-14 2.3780625059e-14 1.9073304924e-14
4.7460937500e+02 4.2886125464e-14 2.3801878812e-14 1.9084246652e-14
4.7467041016e+02 4.2927250447e-14 2.3830369199e-14 1.9096881247e-14
4.7473144531e+02 4.2950536761e-14 2.3850810719e-14 1.9099726042e-14
4.7479248047e+02 4.2947142952e-14 2.3853501121e-14 1.9093641831e-14
4.7485351562e+02 4.2925873198e-14 2.3833551186e-14 1.9092322012e-14
4.7491455078e+02 4.2902210908e-14 2.3794464416e-14 1.9107746492e-14
4.7497558594e+02 4.2889482719e-14 2.3753426377e-14 1.9136056342e-14
4.7503662109e+02 4.2889795525e-14 2.3728417037e-14 1.9161378488e-14
4.7509765625e+02 4.2890361895e-14 2.3721020437e-14 1.9169341458e-14
4.7515869141e+02 4.2874066985e-14 2.3719653979e-14 1.9154413006e-14
4.7521972656e+02 4.2838558806e-14 2.3714715202e-14 1.9123843604e-14
4.7528076172e+02 4.2803934800e-14 2.3708128019e-14 1.9095806781e-14
4.7534179688e+02 4.2794302493e-14 2.3712115790e-14 1.9082186704e-14
4.7540283203e+02 4.2810582634e-14 2.3733541994e-14 1.9077040640e-14
4.7546386719e+02 4.2828839026e-14 2.3757097682e-14 1.9071741344e-14
4.7552490234e+02 4.2825506886e-14 2.3757653773e-14 1.9067853113e-14
4.7558593750e+02 4.2799741206e-14 2.3733127855e-14 1.9066613352e-14
4.7564697266e+02 4.2769583239e-14 2.3707430504e-14 1.9062152734e-14
4.7570800781e+02 4.2745939605e-14 2.3696287081e-14 1.9049652524e-14
4.7576904297e+02 4.2720294648e-14 2.3689744029e-14 1.9030550619e-14
4.7583007812e+02 4.2686245884e-14 2.3674434766e-14 1.9011811117e-14
4.7589111328e+02 4.2658820666e-14 2.3655985295e-14 1.9002835372e-14
4.7595214844e+02 4.2656750862e-14 2.3650211770e-14 1.9006539092e-14
4.7601318359e+02 4.2673841042e-14 2.3660230075e-14 1.9013610967e-14
4.7607421875e+02 4.2684354382e-14 2.3671618529e-14 1.9012735853e-14
4.7613525391e+02 4.2672756381e-14 2.3667691056e-14 1.9005065324e-14
4.7619628906e+02 4.2646878794e-14 2.3643874692e-14 1.9003004101e-14
4.7625732422e+02 4.2628361692e-14 2.3612597398e-14 1.9015764294e-14
4.7631835938e+02 4.2635600129e-14 2.3596182086e-14 1.9039418042e-14
4.7637939453e+02 4.2669869882e-14 2.3608488847e-14 1.9061381034e-14
4.7644042969e+02 4.2718092443e-14 2.3646623433e-14 1.9071469010e-14
4.7650146484e+02 4.2767048550e-14 2.3700258982e-14 1.9066789568e-14
4.7656250000e+02 4.2806450457e-14 2.3756496146e-14 1.9049954311e-14
4.7662353516e+02 4.2824725298e-14 2.3797765687e-14 1.9026959611e-14
4.7668457031e+02 4.2815669510e-14 2.3809063209e-14 1.9006606301e-14
4.7674560547e+02 4.2786971397e-14 2.3787966741e-14 1.8999004656e-14
4.7680664062e+02 4.2753193103e-14 2.3743048842e-14 1.9010144261e-14
4.7686767578e+02 4.2723976485e-14 2.3689210489e-14 1.9034765996e-14
4.7692871094e+02 4.2705340684e-14 2.3646484237e-14 1.9058856447e-14
4.7698974609e+02 4.2708527558e-14 2.3632400509e-14 1.9076127049e-14
4.7705078125e+02 4.2749524609e-14 2.3652410340e-14 1.9097114270e-14
4.7711181641e+02 4.2830148487e-14 2.3698509873e-14 1.9131638614e-14
4.7717285156e+02 4.2921257063e-14 2.3751913129e-14 1.9169343935e-14
4.7723388672e+02 4.2980081217e-14 2.3789712759e-14 1.9190368458e-14
4.7729492188e+02 4.2985864098e-14 2.3797964010e-14 1.9187900089e-14
4.7735595703e+02 4.2952445738e-14 2.3781879772e-14 1.9170565966e-14
4.7741699219e+02 4.2911175475e-14 2.3760365895e-14 1.9150809579e-14
4.7747802734e+02 4.2883683011e-14 2.3746274286e-14 1.9137408724e-14
4.7753906250e+02 4.2867670440e-14 2.3735705817e-14 1.9131964623e-14
4.7760009766e+02 4.2851993776e-14 2.3722076627e-14 1.9129917149e-14
4.7766113281e+02 4.2840067959e-14 2.3710341783e-14 1.9129726176e-14
4.7772216797e+02 4.2843714323e-14 2.3707805852e-14 1.9135908471e-14
4.7778320312e+02 4.2863778897e-14 2.3715847495e-14 1.9147931401e-14
4.7784423828e+02 4.2893027147e-14 2.3738293095e-14 1.9154734053e-14
4.7790527344e+02 4.2921353519e-14 2.3775753733e-14 1.9145599786e-14
4.7796630859e+02 4.2929323381e-14 2.3806572721e-14 1.9122750661e-14
4.7802734375e+02 4.2903305466e-14 2.3802183050e-14 1.9101122416e-14
4.7808837891e+02 4.2863119637e-14 2.3767324071e-14 1.9095795566e-14
4.7814941406e+02 4.2847320582e-14 2.3738436347e-14 1.9108884235e-14
4.7821044922e+02 4.2867620622e-14 2.3739853223e-14 1.9127767399e-14
4.7827148438e+02 4.2899748911e-14 2.3761888946e-14 1.9137859965e-14
4.7833251953e+02 4.2914590035e-14 2.3779375996e-14 1.9135214039e-14
4.7839355469e+02 4.2899401587e-14 2.3775969121e-14 1.9123432466e-14
4.7845458984e+02 4.2859899088e-14 2.3752131787e-14 1.9107767300e-14
4.7851562500e+02 4.2818391275e-14 2.3720219046e-14 1.9098172229e-14
4.7857666016e+02 4.2801865176e-14 2.3695614847e-14 1.9106250328e-14
4.7863769531e+02 4.2822888653e-14 2.3689784607e-14 1.9133104046e-14
4.7869873047e+02 4.2869693759e-14 2.3704395457e-14 1.9165298301e-14
4.7875976562e+02 4.2912110652e-14 2.3728512197e-14 1.9183598455e-14
4.7882080078e+02 4.2924909527e-14 2.3746580773e-14 1.9178328754e-14
4.7888183594e+02 4.2909790764e-14 2.3751683206e-14 1.9158107558e-14
4.7894287109e+02 4.2883572692e-14 2.3746406000e-14 1.9137166692e-14
4.7900390625e+02 4.2850632649e-14 2.3732730550e-14 1.9117902099e-14
4.7906494141e+02 4.2809316658e-14 2.3712463932e-14 1.9096852725e-14
4.7912597656e+02 4.2776420625e-14 2.3697000461e-14 1.9079420164e-14
4.7918701172e+02 4.2778837845e-14 2.3703563941e-14 1.9075273904e-14
4.7924804688e+02 4.2823293864e-14 2.3738041828e-14 1.9085252036e-14
4.7930908203e+02 4.2884368882e-14 2.3786081630e-14 1.9098287252e-14
4.7937011719e+02 4.2921512323e-14 2.3823699062e-14 1.9097813261e-14
4.7943115234e+02 4.2915586920e-14 2.3837925552e-14 1.9077661368e-14
4.7949218750e+02 4.2889625808e-14 2.3835804217e-14 1.9053821591e-14
4.7955322266e+02 4.2881382474e-14 2.3831354576e-14 1.9050027898e-14
4.7961425781e+02 4.2901155337e-14 2.3827858734e-14 1.9073296603e-14
4.7967529297e+02 4.2929479110e-14 2.3819436094e-14 1.9110043016e-14
4.7973632812e+02 4.2947949910e-14 2.3806697733e-14 1.9141252177e-14
4.7979736328e+02 4.2957089448e-14 2.3799503945e-14 1.9157585502e-14
4.7985839844e+02 4.2965911385e-14 2.3803889182e-14 1.9162022203e-14
4.7991943359e+02 4.2976249638e-14 2.3815151696e-14 1.9161097942e-14
4.7998046875e+02 4.2979873457e-14 2.3823465758e-14 1.9156407699e-14
4.8004150391e+02 4.2965984631e-14 2.3820994763e-14 1.9144989868e-14
4.8010253906e+02 4.2930995424e-14 2.3805164339e-14 1.9125831085e-14
4.8016357422e+02 4.2884365901e-14 2.3780194838e-14 1.9104171063e-14
4.8022460938e+02 4.2844989383e-14 2.3755883695e-14 1.9089105688e-14
4.8028564453e+02 4.2825827104e-14 2.3739301416e-14 1.9086525688e-14
4.8034667969e+02 4.2823088014e-14 2.3729393805e-14 1.9093694209e-14
4.8040771484e+02 4.2829443702e-14 2.3726832023e-14 1.9102611680e-14
4.8046875000e+02 4.2847761024e-14 2.3739067902e-14 1.9108693122e-14
4.8052978516e+02 4.2878225781e-14 2.3765340528e-14 1.9112885254e-14
4.8059082031e+02 4.2908813224e-14 2.3790374447e-14 1.9118438777e-14
4.8065185547e+02 4.2929549559e-14 2.3800918926e-14 1.9128630633e-14
4.8071289062e+02 4.2937831799e-14 2.3795316280e-14 1.9142515519e-14
4.8077392578e+02 4.2928436164e-14 2.3775730061e-14 1.9152706104e-14
4.8083496094e+02 4.2899564137e-14 2.3747063543e-14 1.9152500595e-14
4.8089599609e+02 4.2864740786e-14 2.3721544368e-14 1.9143196418e-14
4.8095703125e+02 4.2840409268e-14 2.3709170865e-14 1.9131238404e-14
4.8101806641e+02 4.2832187301e-14 2.3708122872e-14 1.9124064430e-14
4.8107910156e+02 4.2842371271e-14 2.3712589186e-14 1.9129782085e-14
4.8114013672e+02 4.2872608476e-14 2.3722259761e-14 1.9150348715e-14
4.8120117188e+02 4.2914940189e-14 2.3741108397e-14 1.9173831791e-14
4.8126220703e+02 4.2950747764e-14 2.3768978243e-14 1.9181769520e-14
4.8132324219e+02 4.2958688530e-14 2.3792443461e-14 1.9166245069e-14
4.8138427734e+02 4.2932375032e-14 2.3794351785e-14 1.9138023247e-14
4.8144531250e+02 4.2899838206e-14 2.3782903197e-14 1.9116935009e-14
4.8150634766e+02 4.2908717617e-14 2.3793479261e-14 1.9115238357e-14
4.8156738281e+02 4.2976028252e-14 2.3844239715e-14 1.9131788538e-14
4.8162841797e+02 4.3061456543e-14 2.3904349022e-14 1.9157107521e-14
4.8168945312e+02 4.3101684666e-14 2.3923162997e-14 1.9178521669e-14
4.8175048828e+02 4.3066214607e-14 2.3881132646e-14 1.9185081962e-14
4.8181152344e+02 4.2975372569e-14 2.3801068068e-14 1.9174304501e-14
4.8187255859e+02 4.2877035787e-14 2.3723841343e-14 1.9153194444e-14
4.8193359375e+02 4.2811628169e-14 2.3681194238e-14 1.9130433931e-14
4.8199462891e+02 4.2788408660e-14 2.3677415934e-14 1.9110992726e-14
4.8205566406e+02 4.2790138125e-14 2.3692930086e-14 1.9097208039e-14
4.8211669922e+02 4.2798461662e-14 2.3707342382e-14 1.9091119280e-14
4.8217773438e+02 4.2810020810e-14 2.3711689595e-14 1.9098331215e-14
4.8223876953e+02 4.2830105089e-14 2.3706224747e-14 1.9123880342e-14
4.8229980469e+02 4.2859396170e-14 2.3701872464e-14 1.9157523706e-14
4.8236083984e+02 4.2891475390e-14 2.3716778088e-14 1.9174697302e-14
4.8242187500e+02 4.2919005085e-14 2.3758191812e-14 1.9160813273e-14
4.8248291016e+02 4.2937049120e-14 2.3809937037e-14 1.9127112083e-14
4.8254394531e+02 4.2940769748e-14 2.3843311551e-14 1.9097458197e-14
4.8260498047e+02 4.2927217608e-14 2.3842484577e-14 1.9084733031e-14
4.8266601562e+02 4.2902550935e-14 2.3818051366e-14 1.9084499569e-14
4.8272705078e+02 4.2879184561e-14 2.3792142069e-14 1.9087042493e-14
4.8278808594e+02 4.2865221852e-14 2.3775805760e-14 1.9089416092e-14
4.8284912109e+02 4.2862769327e-14 2.3766533046e-14 1.9096236281e-14
4.8291015625e+02 4.2870984532e-14 2.3759523431e-14 1.9111461101e-14
4.8297119141e+02 4.2887747759e-14 2.3755393121e-14 1.9132354638e-14
4.8303222656e+02 4.2912581338e-14 2.3759550933e-14 1.9153030405e-14
4.8309326172e+02 4.2942150542e-14 2.3773321409e-14 1.9168829133e-14
4.8315429688e+02 4.2960562382e-14 2.3786944391e-14 1.9173617991e-14
4.8321533203e+02 4.2950219419e-14 2.3789266443e-14 1.9160952976e-14
4.8327636719e+02 4.2916929257e-14 2.3783002129e-14 1.9133927128e-14
4.8333740234e+02 4.2886412631e-14 2.3780428797e-14 1.9105983834e-14
4.8339843750e+02 4.2875705345e-14 2.3787287283e-14 1.9088418062e-14
4.8345947266e+02 4.2882180964e-14 2.3797332036e-14 1.9084848928e-14
4.8352050781e+02 4.2891553265e-14 2.3795417943e-14 1.9096135321e-14
4.8358154297e+02 4.2885321838e-14 2.3767154784e-14 1.9118167055e-14
4.8364257812e+02 4.2851797060e-14 2.3715118205e-14 1.9136678855e-14
4.8370361328e+02 4.2797119975e-14 2.3658879565e-14 1.9138240410e-14
4.8376464844e+02 4.2741841539e-14 2.3615572006e-14 1.9126269533e-14
4.8382568359e+02 4.2705453505e-14 2.3591466117e-14 1.9113987387e-14
4.8388671875e+02 4.2694796218e-14 2.3590490458e-14 1.9104305760e-14
4.8394775391e+02 4.2709951380e-14 2.3617073232e-14 1.9092878149e-14
4.8400878906e+02 4.2753785521e-14 2.3667660782e-14 1.9086124739e-14
4.8406982422e+02 4.2823655332e-14 2.3728304369e-14 1.9095350964e-14
4.8413085938e+02 4.2899326906e-14 2.3784517634e-14 1.9114809272e-14
4.8419189453e+02 4.2948665653e-14 2.3825142393e-14 1.9123523260e-14
4.8425292969e+02 4.2947821172e-14 2.3837493068e-14 1.9110328104e-14
4.8431396484e+02 4.2903396505e-14 2.3817045571e-14 1.9086350934e-14
4.8437500000e+02 4.2855383165e-14 2.3783182397e-14 1.9072200768e-14
4.8443603516e+02 4.2840302137e-14 2.3762994595e-14 1.9077307542e-14
4.8449707031e+02 4.2851141115e-14 2.3757974266e-14 1.9093166849e-14
4.8455810547e+02 4.2855468853e-14 2.3746954764e-14 1.9108514089e-14
4.8461914062e+02 4.2840169509e-14 2.3718518827e-14 1.9121650682e-14
4.8468017578e+02 4.2813986729e-14 2.3682719765e-14 1.9131266964e-14
4.8474121094e+02 4.2788225794e-14 2.3655209786e-14 1.9133016009e-14
4.8480224609e+02 4.2776595448e-14 2.3646320710e-14 1.9130274738e-14
4.8486328125e+02 4.2793787048e-14 2.3663508101e-14 1.9130278947e-14
4.8492431641e+02 4.2839090857e-14 2.3706251378e-14 1.9132839479e-14
4.8498535156e+02 4.2895815614e-14 2.3758421494e-14 1.9137394120e-14
4.8504638672e+02 4.2949582316e-14 2.3799069534e-14 1.9150512782e-14
4.8510742188e+02 4.2990147129e-14 2.3817496288e-14 1.9172650841e-14
4.8516845703e+02 4.3002755038e-14 2.3812282494e-14 1.9190472544e-14
4.8522949219e+02 4.2981025289e-14 2.3786283106e-14 1.9194742184e-14
4.8529052734e+02 4.2938459064e-14 2.3747894257e-14 1.9190564807e-14
4.8535156250e+02 4.2891108195e-14 2.3709629441e-14 1.9181478754e-14
4.8541259766e+02 4.2846567243e-14 2.3683681483e-14 1.9162885759e-14
4.8547363281e+02 4.2814857387e-14 2.3678443203e-14 1.9136414185e-14
4.8553466797e+02 4.2805712328e-14 2.3693492909e-14 1.9112219419e-14
4.8559570312e+02 4.2813756323e-14 2.3718097129e-14 1.9095659194e-14
4.8565673828e+02 4.2821717718e-14 2.3738315380e-14 1.9083402338e-14
4.8571777344e+02 4.2817392913e-14 2.3746084570e-14 1.9071308343e-14
4.8577880859e+02 4.2804529192e-14 2.3743602710e-14 1.9060926483e-14
4.8583984375e+02 4.2796328810e-14 2.3739507031e-14 1.9056821779e-14
4.8590087891e+02 4.2796618719e-14 2.3737419658e-14 1.9059199061e-14
4.8596191406e+02 4.2797394717e-14 2.3731870420e-14 1.9065524297e-14
4.8602294922e+02 4.2798745648e-14 2.3720744789e-14 1.9078000859e-14
4.8608398438e+02 4.2813471028e-14 2.3714229305e-14 1.9099241722e-14
4.8614501953e+02 4.2849257266e-14 2.3726176058e-14 1.9123081208e-14
4.8620605469e+02 4.2901730671e-14 2.3760146447e-14 1.9141584224e-14
4.8626708984e+02 4.2956916818e-14 2.3799996387e-14 1.9156920431e-14
4.8632812500e+02 4.2989997541e-14 2.3813969266e-14 1.9176028275e-14
4.8638916016e+02 4.2979229206e-14 2.3780093845e-14 1.9199135362e-14
4.8645019531e+02 4.2930389819e-14 2.3711876462e-14 1.9218513357e-14
4.8651123047e+02 4.2875607098e-14 2.3650993714e-14 1.9224613384e-14
4.8657226562e+02 4.2844679400e-14 2.3630773520e-14 1.9213905880e-14
4.8663330078e+02 4.2843352886e-14 2.3652437422e-14 1.9190915464e-14
4.8669433594e+02 4.2858509190e-14 2.3695832002e-14 1.9162677189e-14
4.8675537109e+02 4.2874895947e-14 2.3739768355e-14 1.9135127592e-14
4.8681640625e+02 4.2882104047e-14 2.3768690293e-14 1.9113413754e-14
4.8687744141e+02 4.2875916547e-14 2.3774021627e-14 1.9101894920e-14
4.8693847656e+02 4.2858993144e-14 2.3757254198e-14 1.9101738945e-14
4.8699951172e+02 4.2836304839e-14 2.3728145128e-14 1.9108159711e-14
4.8706054688e+02 4.2815447557e-14 2.3699436077e-14 1.9116011480e-14
4.8712158203e+02 4.2805409274e-14 2.3680179716e-14 1.9125229558e-14
4.8718261719e+02 4.2801569377e-14 2.3669928901e-14 1.9131640475e-14
4.8724365234e+02 4.2787852374e-14 2.3663341638e-14 1.9124510737e-14
4.8730468750e+02 4.2761996515e-14 2.3657900063e-14 1.9104096452e-14
4.8736572266e+02 4.2737585335e-14 2.3652978126e-14 1.9084607209e-14
4.8742675781e+02 4.2721069542e-14 2.3649498394e-14 1.9071571148e-14
4.8748779297e+02 4.2710314369e-14 2.3652977618e-14 1.9057336751e-14
4.8754882812e+02 4.2713975843e-14 2.3668612969e-14 1.9045362874e-14
4.8760986328e+02 4.2747017536e-14 2.3691881882e-14 1.9055135654e-14
4.8767089844e+02 4.2805167610e-14 2.3709823508e-14 1.9095344102e-14
4.8773193359e+02 4.2863602976e-14 2.3713316805e-14 1.9150286171e-14
4.8779296875e+02 4.2902443948e-14 2.3705451199e-14 1.9196992749e-14
4.8785400391e+02 4.2920244821e-14 2.3697515190e-14 1.9222729631e-14
4.8791503906e+02 4.2923293124e-14 2.3699147066e-14 1.9224146057e-14
4.8797607422e+02 4.2913892207e-14 2.3712517369e-14 1.9201374838e-14
4.8803710938e+02 4.2889742824e-14 2.3731406594e-14 1.9158336229e-14
4.8809814453e+02 4.2847755058e-14 2.3742626400e-14 1.9105128658e-14
4.8815917969e+02 4.2790707965e-14 2.3733162994e-14 1.9057544972e-14
4.8822021484e+02 4.2731094971e-14 2.3701938441e-14 1.9029156529e-14
4.8828125000e+02 4.2683796991e-14 2.3661812932e-14 1.9021984060e-14
4.8834228516e+02 4.2658753183e-14 2.3627152876e-14 1.9031600308e-14
4.8840332031e+02 4.2663956588e-14 2.3607496778e-14 1.9056459810e-14
4.8846435547e+02 4.2704547348e-14 2.3612952716e-14 1.9091594631e-14
4.8852539062e+02 4.2769773701e-14 2.3648081840e-14 1.9121691861e-14
4.8858642578e+02 4.2829542115e-14 2.3697187715e-14 1.9132354400e-14
4.8864746094e+02 4.2852512828e-14 2.3730021189e-14 1.9122491640e-14
4.8870849609e+02 4.2827261249e-14 2.3727211493e-14 1.9100049757e-14
4.8876953125e+02 4.2771696399e-14 2.3697469307e-14 1.9074227092e-14
4.8883056641e+02 4.2722800616e-14 2.3669634521e-14 1.9053166095e-14
4.8889160156e+02 4.2708330157e-14 2.3669076284e-14 1.9039253873e-14
4.8895263672e+02 4.2730034260e-14 2.3701091851e-14 1.9028942408e-14
4.8901367188e+02 4.2775599907e-14 2.3751748891e-14 1.9023851017e-14
4.8907470703e+02 4.2834100771e-14 2.3798852986e-14 1.9035247785e-14
4.8913574219e+02 4.2892568591e-14 2.3821845641e-14 1.9070722950e-14
4.8919677734e+02 4.2928609841e-14 2.3808948333e-14 1.9119661508e-14
4.8925781250e+02 4.2918920481e-14 2.3762501713e-14 1.9156418767e-14
4.8931884766e+02 4.2858648687e-14 2.3699180041e-14 1.9159468646e-14
4.8937988281e+02 4.2773307016e-14 2.3645309339e-14 1.9127997677e-14
4.8944091797e+02 4.2705350581e-14 2.3624222942e-14 1.9081127639e-14
4.8950195312e+02 4.2681656680e-14 2.3638715102e-14 1.9042941578e-14
4.8956298828e+02 4.2695794270e-14 2.3668533292e-14 1.9027260978e-14
4.8962402344e+02 4.2721904253e-14 2.3687933398e-14 1.9033970856e-14
4.8968505859e+02 4.2741113513e-14 2.3685256821e-14 1.9055856692e-14
4.8974609375e+02 4.2750134880e-14 2.3667601593e-14 1.9082533287e-14
4.8980712891e+02 4.2747082313e-14 2.3648141018e-14 1.9098941295e-14
4.8986816406e+02 4.2723001548e-14 2.3632389774e-14 1.9090611773e-14
4.8992919922e+02 4.2676137976e-14 2.3620382207e-14 1.9055755769e-14
4.8999023438e+02 4.2628631497e-14 2.3617657359e-14 1.9010974138e-14
4.9005126953e+02 4.2618038350e-14 2.3634210787e-14 1.8983827563e-14
4.9011230469e+02 4.2665444346e-14 2.3670240055e-14 1.8995204290e-14
4.9017333984e+02 4.2754232046e-14 2.3710731066e-14 1.9043500980e-14
4.9023437500e+02 4.2843994485e-14 2.3738679360e-14 1.9105315125e-14
4.9029541016e+02 4.2900061022e-14 2.3749413887e-14 1.9150647135e-14
4.9035644531e+02 4.2910316359e-14 2.3749805695e-14 1.9160510665e-14
4.9041748047e+02 4.2887186068e-14 2.3746247358e-14 1.9140938710e-14
4.9047851562e+02 4.2853874593e-14 2.3735283894e-14 1.9118590699e-14
4.9053955078e+02 4.2822522480e-14 2.3709681564e-14 1.9112840916e-14
4.9060058594e+02 4.2793892474e-14 2.3674832216e-14 1.9119060259e-14
4.9066162109e+02 4.2775019155e-14 2.3650871234e-14 1.9124147921e-14
4.9072265625e+02 4.2778491440e-14 2.3655378514e-14 1.9123112926e-14
4.9078369141e+02 4.2802956912e-14 2.3689115827e-14 1.9113841086e-14
4.9084472656e+02 4.2828445065e-14 2.3737239265e-14 1.9091205800e-14
4.9090576172e+02 4.2836979648e-14 2.3780650716e-14 1.9056328932e-14
4.9096679688e+02 4.2829851121e-14 2.3806376576e-14 1.9023474545e-14
4.9102783203e+02 4.2818612632e-14 2.3810139157e-14 1.9008473475e-14
4.9108886719e+02 4.2809565523e-14 2.3797604364e-14 1.9011961160e-14
4.9114990234e+02 4.2804200383e-14 2.3784316411e-14 1.9019883972e-14
4.9121093750e+02 4.2802166046e-14 2.3783262787e-14 1.9018903259e-14
4.9127197266e+02 4.2799165111e-14 2.3790738485e-14 1.9008426627e-14
4.9133300781e+02 4.2792552358e-14 2.3791524512e-14 1.9001027846e-14
4.9139404297e+02 4.2788590757e-14 2.3776905998e-14 1.9011684760e-14
4.9145507812e+02 4.2798713421e-14 2.3754547206e-14 1.9044166215e-14
4.9151611328e+02 4.2828804291e-14 2.3741746041e-14 1.9087058250e-14
4.9157714844e+02 4.2869083158e-14 2.3749001346e-14 1.9120081812e-14
4.9163818359e+02 4.2895736576e-14 2.3768032010e-14 1.9127704566e-14
4.9169921875e+02 4.2890638360e-14 2.3776231694e-14 1.9114406665e-14
4.9176025391e+02 4.2859011206e-14 2.3758233469e-14 1.9100777736e-14
4.9182128906e+02 4.2822639250e-14 2.3723962888e-14 1.9098676363e-14
4.9188232422e+02 4.2797320210e-14 2.3698363470e-14 1.9098956739e-14
4.9194335938e+02 4.2781052318e-14 2.3692361575e-14 1.9088690743e-14
4.9200439453e+02 4.2765076452e-14 2.3692801562e-14 1.9072274890e-14
4.9206542969e+02 4.2751599169e-14 2.3685587183e-14 1.9066011986e-14
4.9212646484e+02 4.2754568928e-14 2.3679199685e-14 1.9075369243e-14
4.9218750000e+02 4.2780599217e-14 2.3691388964e-14 1.9089210253e-14
4.9224853516e+02 4.2811934551e-14 2.3718716884e-14 1.9093217667e-14
4.9230957031e+02 4.2818791322e-14 2.3740330016e-14 1.9078461306e-14
4.9237060547e+02 4.2793648150e-14 2.3749045357e-14 1.9044602793e-14
4.9243164062e+02 4.2761634059e-14 2.3755469067e-14 1.9006164992e-14
4.9249267578e+02 4.2749450704e-14 2.3762978523e-14 1.8986472181e-14
4.9255371094e+02 4.2753914146e-14 2.3759800532e-14 1.8994113613e-14
4.9261474609e+02 4.2750391375e-14 2.3736650499e-14 1.9013740876e-14
4.9267578125e+02 4.2727602181e-14 2.3700710785e-14 1.9026891396e-14
4.9273681641e+02 4.2699417993e-14 2.3668502627e-14 1.9030915366e-14
4.9279785156e+02 4.2681380302e-14 2.3648457957e-14 1.9032922345e-14
4.9285888672e+02 4.2674953967e-14 2.3638764066e-14 1.9036189901e-14
4.9291992188e+02 4.2675498772e-14 2.3638462008e-14 1.9037036765e-14
4.9298095703e+02 4.2680803353e-14 2.3648469943e-14 1.9032333410e-14
4.9304199219e+02 4.2695494492e-14 2.3666297334e-14 1.9029197158e-14
4.9310302734e+02 4.2727227244e-14 2.3687333592e-14 1.9039893652e-14
4.9316406250e+02 4.2768220124e-14 2.3705343584e-14 1.9062876540e-14
4.9322509766e+02 4.2794094989e-14 2.3713867348e-14 1.9080227641e-14
4.9328613281e+02 4.2793909949e-14 2.3714149954e-14 1.9079759995e-14
4.9334716797e+02 4.2780029900e-14 2.3710191928e-14 1.9069837972e-14
4.9340820312e+02 4.2763120571e-14 2.3695097175e-14 1.9068023396e-14
4.9346923828e+02 4.2745741009e-14 2.3663550261e-14 1.9082190748e-14
4.9353027344e+02 4.2738362764e-14 2.3632365937e-14 1.9105996827e-14
4.9359130859e+02 4.2752249233e-14 2.3625347203e-14 1.9126902030e-14
4.9365234375e+02 4.2778701567e-14 2.3644940279e-14 1.9133761287e-14
4.9371337891e+02 4.2794715460e-14 2.3672592610e-14 1.9122122850e-14
4.9377441406e+02 4.2787201062e-14 2.3687810225e-14 1.9099390837e-14
4.9383544922e+02 4.2764171182e-14 2.3682563567e-14 1.9081607615e-14
4.9389648438e+02 4.2745592744e-14 2.3666344900e-14 1.9079247844e-14
4.9395751953e+02 4.2745067367e-14 2.3656935204e-14 1.9088132163e-14
4.9401855469e+02 4.2758853581e-14 2.3662704253e-14 1.9096149328e-14
4.9407958984e+02 4.2772806925e-14 2.3677861021e-14 1.9094945904e-14
4.9414062500e+02 4.2779908079e-14 2.3693626661e-14 1.9086281418e-14
4.9420166016e+02 4.2788571599e-14 2.3707965726e-14 1.9080605873e-14
4.9426269531e+02 4.2807175069e-14 2.3722444552e-14 1.9084730517e-14
4.9432373047e+02 4.2823624806e-14 2.3732981399e-14 1.9090643407e-14
4.9438476562e+02 4.2815918145e-14 2.3732439853e-14 1.9083478292e-14
4.9444580078e+02 4.2781780073e-14 2.3722883315e-14 1.9058896758e-14
4.9450683594e+02 4.2741168767e-14 2.3713991433e-14 1.9027177334e-14
4.9456787109e+02 4.2711808160e-14 2.3710098801e-14 1.9001709359e-14
4.9462890625e+02 4.2695022476e-14 2.3707666127e-14 1.8987356350e-14
4.9468994141e+02 4.2680415483e-14 2.3700698018e-14 1.8979717464e-14
4.9475097656e+02 4.2657258333e-14 2.3684537674e-14 1.8972720659e-14
4.9481201172e+02 4.2628869026e-14 2.3662215649e-14 1.8966653377e-14
4.9487304688e+02 4.2617317426e-14 2.3648445798e-14 1.8968871629e-14
4.9493408203e+02 4.2642825221e-14 2.3658710137e-14 1.8984115084e-14
4.9499511719e+02 4.2700179288e-14 2.3693539701e-14 1.9006639587e-14
4.9505615234e+02 4.2767504792e-14 2.3738486340e-14 1.9029018452e-14
4.9511718750e+02 4.2827326125e-14 2.3774111855e-14 1.9053214270e-14
4.9517822266e+02 4.2864222594e-14 2.3782766135e-14 1.9081456458e-14
4.9523925781e+02 4.2863170614e-14 2.3758127526e-14 1.9105043087e-14
4.9530029297e+02 4.2826747414e-14 2.3712962408e-14 1.9113785006e-14
4.9536132812e+02 4.2775241747e-14 2.3667897900e-14 1.9107343847e-14
4.9542236328e+02 4.2727633790e-14 2.3634778597e-14 1.9092855194e-14
4.9548339844e+02 4.2697924599e-14 2.3618262136e-14 1.9079662463e-14
4.9554443359e+02 4.2696861826e-14 2.3621977520e-14 1.9074884306e-14
4.9560546875e+02 4.2720753422e-14 2.3641991097e-14 1.9078762325e-14
4.9566650391e+02 4.2751031110e-14 2.3664069357e-14 1.9086961753e-14
4.9572753906e+02 4.2772338143e-14 2.3675653199e-14 1.9096684945e-14
4.9578857422e+02 4.2780154095e-14 2.3675309118e-14 1.9104844976e-14
4.9584960938e+02 4.2772897951e-14 2.3669011775e-14 1.9103886176e-14
4.9591064453e+02 4.2751703940e-14 2.3662491818e-14 1.9089212123e-14
4.9597167969e+02 4.2729197358e-14 2.3659842617e-14 1.9069354741e-14
4.9603271484e+02 4.2725136725e-14 2.3665239079e-14 1.9059897646e-14
4.9609375000e+02 4.2744047888e-14 2.3676221093e-14 1.9067826796e-14
4.9615478516e+02 4.2764863889e-14 2.3678301456e-14 1.9086562433e-14
4.9621582031e+02 4.2768124286e-14 2.3663236766e-14 1.9104887520e-14
4.9627685547e+02 4.2765764804e-14 2.3648518716e-14 1.9117246088e-14
4.9633789062e+02 4.2781297448e-14 2.3657899667e-14 1.9123397781e-14
4.9639892578e+02 4.2809891579e-14 2.3687283470e-14 1.9122608110e-14
4.9645996094e+02 4.2825821049e-14 2.3709508741e-14 1.9116312308e-14
4.9652099609e+02 4.2822473582e-14 2.3710430983e-14 1.9112042599e-14
4.9658203125e+02 4.2820439477e-14 2.3706148951e-14 1.9114290527e-14
4.9664306641e+02 4.2837990578e-14 2.3722510579e-14 1.9115479999e-14
4.9670410156e+02 4.2867753159e-14 2.3761276137e-14 1.9106477022e-14
4.9676513672e+02 4.2881281469e-14 2.3790197639e-14 1.9091083830e-14
4.9682617188e+02 4.2852371053e-14 2.3774685078e-14 1.9077685975e-14
4.9688720703e+02 4.2783053722e-14 2.3719464651e-14 1.9063589071e-14
4.9694824219e+02 4.2708654853e-14 2.3667165911e-14 1.9041488941e-14
4.9700927734e+02 4.2668733005e-14 2.3653544557e-14 1.9015188449e-14
4.9707031250e+02 4.2671914704e-14 2.3673724426e-14 1.8998190277e-14
4.9713134766e+02 4.2695966714e-14 2.3698018870e-14 1.8997947844e-14
4.9719238281e+02 4.2717605627e-14 2.3711720404e-14 1.9005885224e-14
4.9725341797e+02 4.2725786349e-14 2.3720651576e-14 1.9005134773e-14
4.9731445312e+02 4.2709393778e-14 2.3722170283e-14 1.8987223495e-14
4.9737548828e+02 4.2656431571e-14 2.3698866921e-14 1.8957564649e-14
4.9743652344e+02 4.2573180749e-14 2.3646484895e-14 1.8926695854e-14
4.9749755859e+02 4.2495588550e-14 2.3589597102e-14 1.8905991447e-14
4.9755859375e+02 4.2474582452e-14 2.3563654282e-14 1.8910928170e-14
4.9761962891e+02 4.2536565402e-14 2.3585070508e-14 1.8951494894e-14
4.9768066406e+02 4.2649922236e-14 2.3635966195e-14 1.9013956040e-14
4.9774169922e+02 4.2747474655e-14 2.3680471499e-14 1.9067003156e-14
4.9780273438e+02 4.2791478429e-14 2.3700592828e-14 1.9090885601e-14
4.9786376953e+02 4.2797227552e-14 2.3708936053e-14 1.9088291499e-14
4.9792480469e+02 4.2794859332e-14 2.3724777263e-14 1.9070082069e-14
4.9798583984e+02 4.2795351604e-14 2.3747902308e-14 1.9047449295e-14
4.9804687500e+02 4.2791913311e-14 2.3758347688e-14 1.9033565622e-14
4.9810791016e+02 4.2776333709e-14 2.3740578992e-14 1.9035754717e-14
4.9816894531e+02 4.2749740647e-14 2.3704876307e-14 1.9044864340e-14
4.9822998047e+02 4.2718688418e-14 2.3675836491e-14 1.9042851926e-14
4.9829101562e+02 4.2691215364e-14 2.3665361483e-14 1.9025853881e-14
4.9835205078e+02 4.2682379230e-14 2.3670713844e-14 1.9011665386e-14
4.9841308594e+02 4.2706055380e-14 2.3689719371e-14 1.9016336009e-14
4.9847412109e+02 4.2752473108e-14 2.3719147129e-14 1.9033325979e-14
4.9853515625e+02 4.2790168810e-14 2.3745111387e-14 1.9045057423e-14
4.9859619141e+02 4.2798094728e-14 2.3754111113e-14 1.9043983615e-14
4.9865722656e+02 4.2783342802e-14 2.3748338824e-14 1.9035003979e-14
4.9871826172e+02 4.2764519217e-14 2.3737846680e-14 1.9026672537e-14
4.9877929688e+02 4.2749340780e-14 2.3725373924e-14 1.9023966856e-14
4.9884033203e+02 4.2730023391e-14 2.3706882272e-14 1.9023141120e-14
4.9890136719e+02 4.2698546562e-14 2.3683538631e-14 1.9015007931e-14
4.9896240234e+02 4.2666457479e-14 2.3667128164e-14 1.8999329315e-14
4.9902343750e+02 4.2658013038e-14 2.3668496268e-14 1.8989516769e-14
4.9908447266e+02 4.2678807614e-14 2.3682970400e-14 1.8995837214e-14
4.9914550781e+02 4.2704889978e-14 2.3693031828e-14 1.9011858151e-14
4.9920654297e+02 4.2709137657e-14 2.3686267241e-14 1.9022870416e-14
4.9926757812e+02 4.2689456619e-14 2.3669303915e-14 1.9020152704e-14
4.9932861328e+02 4.2664488994e-14 2.3658330313e-14 1.9006158680e-14
4.9938964844e+02 4.2649827690e-14 2.3657139286e-14 1.8992688404e-14
4.9945068359e+02 4.2649012691e-14 2.3658202145e-14 1.8990810545e-14
4.9951171875e+02 4.2660348873e-14 2.3662570483e-14 1.8997778390e-14
4.9957275391e+02 4.2678716391e-14 2.3679181377e-14 1.8999535013e-14
4.9963378906e+02 4.2693153344e-14 2.3705080866e-14 1.8988072479e-14
4.9969482422e+02 4.2691737948e-14 2.3722042561e-14 1.8969695387e-14
4.9975585938e+02 4.2667195814e-14 2.3712661610e-14 1.8954534204e-14
4.9981689453e+02 4.2620422186e-14 2.3675820756e-14 1.8944601430e-14
4.9987792969e+02 4.2566031096e-14 2.3629767383e-14 1.8936263714e-14
4.9993896484e+02 4.2525666004e-14 2.3596724022e-14 1.8928941982e-14
5.0000000000e+02 4.2511540120e-14 2.3585681175e-14 1.8925858945e-14
