# freq_THz  G_total_s  G_Ga_s  G_S_s
# Smoothed MD-derived velocity power spectrum. Common normalization: integral(G_total_s) = 3*primitive_atoms.
# Gaussian_sigma_THz=0.1; mass_weighted=True; primitive_atoms=4; total_equals_sum_of_partials=True
0.0000000000e+00 0.0000000000e+00 0.0000000000e+00 0.0000000000e+00
6.1035156250e-02 1.2865599115e-01 9.0901057172e-02 3.7754933980e-02
1.2207031250e-01 1.6130744038e-01 1.1400184974e-01 4.7305590645e-02
1.8310546875e-01 1.8505070338e-01 1.3083934602e-01 5.4211357359e-02
2.4414062500e-01 1.8988957907e-01 1.3435033373e-01 5.5539245338e-02
3.0517578125e-01 1.8503010597e-01 1.3103774501e-01 5.3992360967e-02
3.6621093750e-01 1.8305726533e-01 1.2980195544e-01 5.3255309890e-02
4.2724609375e-01 1.8859102068e-01 1.3392007132e-01 5.4670949358e-02
4.8828125000e-01 1.9931804270e-01 1.4176429816e-01 5.7553744541e-02
5.4931640625e-01 2.1343432403e-01 1.5207121663e-01 6.1363107408e-02
6.1035156250e-01 2.3371414232e-01 1.6683147421e-01 6.6882668114e-02
6.7138671875e-01 2.6179827662e-01 1.8722808554e-01 7.4570191085e-02
7.3242187500e-01 2.9162164730e-01 2.0894885510e-01 8.2672792204e-02
7.9345703125e-01 3.1471449003e-01 2.2595094690e-01 8.8763543129e-02
8.5449218750e-01 3.3032126568e-01 2.3768738365e-01 9.2633882022e-02
9.1552734375e-01 3.4439489442e-01 2.4841892403e-01 9.5975970390e-02
9.7656250000e-01 3.6080033456e-01 2.6094188671e-01 9.9858447847e-02
1.0375976562e+00 3.7903499316e-01 2.7492516858e-01 1.0410982458e-01
1.0986328125e+00 3.9742559629e-01 2.8914555172e-01 1.0828004457e-01
1.1596679688e+00 4.1576074459e-01 3.0337257966e-01 1.1238816493e-01
1.2207031250e+00 4.3879918165e-01 3.2092347896e-01 1.1787570269e-01
1.2817382812e+00 4.7590042451e-01 3.4841152350e-01 1.2748890101e-01
1.3427734375e+00 5.3206897344e-01 3.8938450566e-01 1.4268446778e-01
1.4038085938e+00 6.0023419332e-01 4.3896219674e-01 1.6127199658e-01
1.4648437500e+00 6.6555592699e-01 4.8696248085e-01 1.7859344614e-01
1.5258789062e+00 7.1752412982e-01 5.2625801094e-01 1.9126611887e-01
1.5869140625e+00 7.5622559151e-01 5.5693696120e-01 1.9928863031e-01
1.6479492188e+00 7.8783062198e-01 5.8319950600e-01 2.0463111599e-01
1.7089843750e+00 8.1750846044e-01 6.0866283435e-01 2.0884562610e-01
1.7700195312e+00 8.4700509405e-01 6.3471144920e-01 2.1229364486e-01
1.8310546875e+00 8.7656777866e-01 6.6165694683e-01 2.1491083183e-01
1.8920898438e+00 9.0740061172e-01 6.9033335289e-01 2.1706725883e-01
1.9531250000e+00 9.4140714564e-01 7.2196822320e-01 2.1943892243e-01
2.0141601562e+00 9.7984085685e-01 7.5741296449e-01 2.2242789237e-01
2.0751953125e+00 1.0237472958e+00 7.9749359367e-01 2.2625370212e-01
2.1362304688e+00 1.0734340803e+00 8.4226588086e-01 2.3116819947e-01
2.1972656250e+00 1.1252323758e+00 8.8833744837e-01 2.3689492739e-01
2.2583007812e+00 1.1714038045e+00 9.2899839547e-01 2.4240540903e-01
2.3193359375e+00 1.2057050099e+00 9.5875796442e-01 2.4694704547e-01
2.3803710938e+00 1.2274047556e+00 9.7658699413e-01 2.5081776147e-01
2.4414062500e+00 1.2389413893e+00 9.8427393313e-01 2.5466745614e-01
2.5024414062e+00 1.2427390283e+00 9.8412853393e-01 2.5861049441e-01
2.5634765625e+00 1.2424681171e+00 9.7994754969e-01 2.6252056745e-01
2.6245117188e+00 1.2454996383e+00 9.7856550965e-01 2.6693412862e-01
2.6855468750e+00 1.2619206023e+00 9.8857498510e-01 2.7334561716e-01
2.7465820312e+00 1.2981039799e+00 1.0150129542e+00 2.8309102571e-01
2.8076171875e+00 1.3485531790e+00 1.0529511818e+00 2.9560199722e-01
2.8686523438e+00 1.3955715340e+00 1.0873950893e+00 3.0817644469e-01
2.9296875000e+00 1.4180382496e+00 1.1005598580e+00 3.1747839160e-01
2.9907226562e+00 1.4027812913e+00 1.0814066628e+00 3.2137462842e-01
3.0517578125e+00 1.3550616433e+00 1.0344001675e+00 3.2066147584e-01
3.1127929688e+00 1.3003085884e+00 9.8065717251e-01 3.1965141587e-01
3.1738281250e+00 1.2689659603e+00 9.4500692558e-01 3.2395903470e-01
3.2348632812e+00 1.2767839259e+00 9.3976440825e-01 3.3701951767e-01
3.2958984375e+00 1.3210435048e+00 9.6200377675e-01 3.5903972806e-01
3.3569335938e+00 1.3925104353e+00 1.0034060472e+00 3.8910438815e-01
3.4179687500e+00 1.4868478086e+00 1.0592978837e+00 4.2754992489e-01
3.4790039062e+00 1.6035591621e+00 1.1282550592e+00 4.7530410295e-01
3.5400390625e+00 1.7334590186e+00 1.2038920467e+00 5.2956697192e-01
3.6010742188e+00 1.8484105534e+00 1.2685800322e+00 5.7983052123e-01
3.6621093750e+00 1.9113735041e+00 1.3002356061e+00 6.1113789798e-01
3.7231445312e+00 1.9067594958e+00 1.2911017701e+00 6.1565772571e-01
3.7841796875e+00 1.8582859847e+00 1.2576359361e+00 6.0065004860e-01
3.8452148438e+00 1.8068336300e+00 1.2254503170e+00 5.8138331301e-01
3.9062500000e+00 1.7747875250e+00 1.2072242457e+00 5.6756327932e-01
3.9672851562e+00 1.7600156318e+00 1.2003171257e+00 5.5969850607e-01
4.0283203125e+00 1.7542341219e+00 1.1991930719e+00 5.5504104996e-01
4.0893554688e+00 1.7539505990e+00 1.2018974307e+00 5.5205316827e-01
4.1503906250e+00 1.7578938188e+00 1.2075911259e+00 5.5030269293e-01
4.2114257812e+00 1.7637274968e+00 1.2142770064e+00 5.4945049046e-01
4.2724609375e+00 1.7682622555e+00 1.2194182796e+00 5.4884397591e-01
4.3334960938e+00 1.7682176398e+00 1.2209973159e+00 5.4722032391e-01
4.3945312500e+00 1.7607116900e+00 1.2180035302e+00 5.4270815974e-01
4.4555664062e+00 1.7435628453e+00 1.2101926870e+00 5.3337015826e-01
4.5166015625e+00 1.7160645463e+00 1.1978139367e+00 5.1825060966e-01
4.5776367188e+00 1.6812345930e+00 1.1826186991e+00 4.9861589393e-01
4.6386718750e+00 1.6467475767e+00 1.1686948626e+00 4.7805271411e-01
4.6997070312e+00 1.6210926297e+00 1.1605223514e+00 4.6057027829e-01
4.7607421875e+00 1.6081582136e+00 1.1597995380e+00 4.4835867564e-01
4.8217773438e+00 1.6063714473e+00 1.1649425453e+00 4.4142890201e-01
4.8828125000e+00 1.6123167920e+00 1.1734000719e+00 4.3891672007e-01
4.9438476562e+00 1.6225868687e+00 1.1828503057e+00 4.3973656295e-01
5.0048828125e+00 1.6305230205e+00 1.1892540642e+00 4.4126895629e-01
5.0659179688e+00 1.6224993805e+00 1.1845197480e+00 4.3797963253e-01
5.1269531250e+00 1.5801970928e+00 1.1572966718e+00 4.2290042104e-01
5.1879882812e+00 1.4894015774e+00 1.0976638426e+00 3.9173773479e-01
5.2490234375e+00 1.3494260598e+00 1.0032975994e+00 3.4612846035e-01
5.3100585938e+00 1.1754911742e+00 8.8237698899e-01 2.9311418519e-01
5.3710937500e+00 9.9120758425e-01 7.5007296093e-01 2.4113462333e-01
5.4321289062e+00 8.1716577128e-01 6.2134625713e-01 1.9581951415e-01
5.4931640625e+00 6.6438729840e-01 5.0569096037e-01 1.5869633803e-01
5.5541992188e+00 5.3481379587e-01 4.0616233049e-01 1.2865146538e-01
5.6152343750e+00 4.2582934386e-01 3.2182975988e-01 1.0399958398e-01
5.6762695312e+00 3.3525135443e-01 2.5147723807e-01 8.3774116357e-02
5.7373046875e+00 2.6312870156e-01 1.9528624147e-01 6.7842460089e-02
5.7983398438e+00 2.0951579522e-01 1.5334244240e-01 5.6173352825e-02
5.8593750000e+00 1.7201853083e-01 1.2380563272e-01 4.8212898110e-02
5.9204101562e+00 1.4628838592e-01 1.0332457777e-01 4.2963808147e-02
5.9814453125e+00 1.2817091399e-01 8.8717900456e-02 3.9453013530e-02
6.0424804688e+00 1.1487280700e-01 7.7849934825e-02 3.7022872171e-02
6.1035156250e+00 1.0473198748e-01 6.9435418612e-02 3.5296568872e-02
6.1645507812e+00 9.6719385404e-02 6.2681372485e-02 3.4038012919e-02
6.2255859375e+00 9.0226529563e-02 5.7137116268e-02 3.3089413295e-02
6.2866210938e+00 8.4926646119e-02 5.2557913341e-02 3.2368732778e-02
6.3476562500e+00 8.0624215660e-02 4.8762123393e-02 3.1862092267e-02
6.4086914062e+00 7.7186112059e-02 4.5592542211e-02 3.1593569848e-02
6.4697265625e+00 7.4504284335e-02 4.2927155441e-02 3.1577128894e-02
6.5307617188e+00 7.2449559834e-02 4.0665925481e-02 3.1783634353e-02
6.5917968750e+00 7.0870982593e-02 3.8722298293e-02 3.2148684300e-02
6.6528320312e+00 6.9635579854e-02 3.7032948403e-02 3.2602631450e-02
6.7138671875e+00 6.8672965070e-02 3.5563520265e-02 3.3109444805e-02
6.7749023438e+00 6.8004272679e-02 3.4300911141e-02 3.3703361538e-02
6.8359375000e+00 6.7724606862e-02 3.3241779046e-02 3.4482827816e-02
6.8969726562e+00 6.7942890610e-02 3.2395516612e-02 3.5547373998e-02
6.9580078125e+00 6.8702769621e-02 3.1780984229e-02 3.6921785392e-02
7.0190429688e+00 6.9925534310e-02 3.1396563151e-02 3.8528971158e-02
7.0800781250e+00 7.1457888052e-02 3.1210385651e-02 4.0247502401e-02
7.1411132812e+00 7.3232563959e-02 3.1198281873e-02 4.2034282086e-02
7.2021484375e+00 7.5391028915e-02 3.1380318464e-02 4.4010710451e-02
7.2631835938e+00 7.8215923643e-02 3.1810987321e-02 4.6404936322e-02
7.3242187500e+00 8.1942089332e-02 3.2541478527e-02 4.9400610805e-02
7.3852539062e+00 8.6654250026e-02 3.3602466589e-02 5.3051783437e-02
7.4462890625e+00 9.2356815059e-02 3.5021177947e-02 5.7335637112e-02
7.5073242188e+00 9.9127855385e-02 3.6848796725e-02 6.2279058660e-02
7.5683593750e+00 1.0720273162e-01 3.9177833041e-02 6.8024898582e-02
7.6293945312e+00 1.1693076859e-01 4.2143953764e-02 7.4786814825e-02
7.6904296875e+00 1.2874876873e-01 4.5923227799e-02 8.2825540932e-02
7.7514648438e+00 1.4330851223e-01 5.0750987918e-02 9.2557524316e-02
7.8125000000e+00 1.6165412113e-01 5.6977860104e-02 1.0467626102e-01
7.8735351562e+00 1.8531705713e-01 6.5151716003e-02 1.2016534113e-01
7.9345703125e+00 2.1646694525e-01 7.6115885196e-02 1.4035106005e-01
7.9956054688e+00 2.5843255802e-01 9.1197570203e-02 1.6723498781e-01
8.0566406250e+00 3.1680893773e-01 1.1262814959e-01 2.0418078814e-01
8.1176757812e+00 4.0093014347e-01 1.4414221490e-01 2.5678792858e-01
8.1787109375e+00 5.2449563724e-01 1.9124878785e-01 3.3324684939e-01
8.2397460938e+00 7.0331700036e-01 2.6038558365e-01 4.4293141671e-01
8.3007812500e+00 9.4927888694e-01 3.5657794383e-01 5.9270094311e-01
8.3618164062e+00 1.2619332123e+00 4.8010449909e-01 7.8182871323e-01
8.4228515625e+00 1.6205048019e+00 6.2330816567e-01 9.9719663622e-01
8.4838867188e+00 1.9810065061e+00 7.6943030550e-01 1.2115762006e+00
8.5449218750e+00 2.2843249097e+00 8.9568270542e-01 1.3886422043e+00
8.6059570312e+00 2.4744740384e+00 9.8001570837e-01 1.4944583301e+00
8.6669921875e+00 2.5170055833e+00 1.0075359789e+00 1.5094696044e+00
8.7280273438e+00 2.4088878266e+00 9.7400093996e-01 1.4348868866e+00
8.7890625000e+00 2.1785402002e+00 8.8713998636e-01 1.2914002139e+00
8.8500976562e+00 1.8765451213e+00 7.6539291740e-01 1.1111522039e+00
8.9111328125e+00 1.5581283040e+00 6.3208317858e-01 9.2604512543e-01
8.9721679688e+00 1.2652062988e+00 5.0708921589e-01 7.5811708289e-01
9.0332031250e+00 1.0183961847e+00 4.0161263254e-01 6.1678355219e-01
9.0942382812e+00 8.2051215873e-01 3.1830938998e-01 5.0220276875e-01
9.1552734375e+00 6.6493204494e-01 2.5449761751e-01 4.1043442743e-01
9.2163085938e+00 5.4296336198e-01 2.0571030413e-01 3.3725305785e-01
9.2773437500e+00 4.4792574927e-01 1.6812731218e-01 2.7979843709e-01
9.3383789062e+00 3.7561990602e-01 1.3927952486e-01 2.3634038116e-01
9.3994140625e+00 3.2273220628e-01 1.1750074315e-01 2.0523146313e-01
9.4604492188e+00 2.8569601567e-01 1.0129555044e-01 1.8440046523e-01
9.5214843750e+00 2.6104534695e-01 8.9277776262e-02 1.7176757069e-01
9.5825195312e+00 2.4637603369e-01 8.0437768064e-02 1.6593826562e-01
9.6435546875e+00 2.4078516026e-01 7.4248326522e-02 1.6653683374e-01
9.7045898438e+00 2.4476910860e-01 7.0548329920e-02 1.7422077868e-01
9.7656250000e+00 2.6016317081e-01 6.9433744196e-02 1.9072942662e-01
9.8266601562e+00 2.9008840135e-01 7.1228448393e-02 2.1885995295e-01
9.8876953125e+00 3.3827975722e-01 7.6430722536e-02 2.6184903469e-01
9.9487304688e+00 4.0715710888e-01 8.5483466424e-02 3.2167364246e-01
1.0009765625e+01 4.9500396119e-01 9.8351178479e-02 3.9665278272e-01
1.0070800781e+01 5.9500809491e-01 1.1427840581e-01 4.8072968910e-01
1.0131835938e+01 6.9859187205e-01 1.3215008759e-01 5.6644178446e-01
1.0192871094e+01 8.0023923916e-01 1.5116269916e-01 6.4907654000e-01
1.0253906250e+01 8.9855279788e-01 1.7102532811e-01 7.2752746977e-01
1.0314941406e+01 9.9363173706e-01 1.9160441085e-01 8.0202732621e-01
1.0375976562e+01 1.0856651619e+00 2.1275979084e-01 8.7290537106e-01
1.0437011719e+01 1.1760958484e+00 2.3463910275e-01 9.4145674563e-01
1.0498046875e+01 1.2684573759e+00 2.5794768884e-01 1.0105096871e+00
1.0559082031e+01 1.3678703380e+00 2.8392578859e-01 1.0839445494e+00
1.0620117188e+01 1.4801343201e+00 3.1406158829e-01 1.1660727318e+00
1.0681152344e+01 1.6105717157e+00 3.4958334744e-01 1.2609883682e+00
1.0742187500e+01 1.7624840753e+00 3.9098009271e-01 1.3715039826e+00
1.0803222656e+01 1.9351644317e+00 4.3780437404e-01 1.4973600576e+00
1.0864257812e+01 2.1209488076e+00 4.8849773987e-01 1.6324510678e+00
1.0925292969e+01 2.3023655003e+00 5.3997602295e-01 1.7623894774e+00
1.0986328125e+01 2.4551189630e+00 5.8787153029e-01 1.8672474328e+00
1.1047363281e+01 2.5608665441e+00 6.2846148618e-01 1.9324050579e+00
1.1108398438e+01 2.6199053475e+00 6.6087340307e-01 1.9590319444e+00
1.1169433594e+01 2.6472947754e+00 6.8658403167e-01 1.9607107437e+00
1.1230468750e+01 2.6527355219e+00 7.0581227326e-01 1.9469232487e+00
1.1291503906e+01 2.6263154683e+00 7.1478723983e-01 1.9115282285e+00
1.1352539062e+01 2.5486105812e+00 7.0808048681e-01 1.8405300943e+00
1.1413574219e+01 2.4146999545e+00 6.8426977471e-01 1.7304301798e+00
1.1474609375e+01 2.2437718408e+00 6.4834401039e-01 1.5954278304e+00
1.1535644531e+01 2.0635532893e+00 6.0771365595e-01 1.4558396333e+00
1.1596679688e+01 1.8892626967e+00 5.6654472819e-01 1.3227179685e+00
1.1657714844e+01 1.7200406493e+00 5.2467839737e-01 1.1953622520e+00
1.1718750000e+01 1.5507118003e+00 4.8082756086e-01 1.0698842394e+00
1.1779785156e+01 1.3812594395e+00 4.3517192176e-01 9.4608751774e-01
1.1840820312e+01 1.2156551623e+00 3.8892278255e-01 8.2673237972e-01
1.1901855469e+01 1.0555866164e+00 3.4247206837e-01 7.1311454804e-01
1.1962890625e+01 8.9809190732e-01 2.9479761376e-01 6.0329429356e-01
1.2023925781e+01 7.4010271071e-01 2.4503600755e-01 4.9506670316e-01
1.2084960938e+01 5.8503294107e-01 1.9469172658e-01 3.9034121449e-01
1.2145996094e+01 4.4383116857e-01 1.4795275620e-01 2.9587841236e-01
1.2207031250e+01 3.2836419231e-01 1.0933786776e-01 2.1902632455e-01
1.2268066406e+01 2.4369170636e-01 8.0938060116e-02 1.6275364624e-01
1.2329101562e+01 1.8647396873e-01 6.1815351744e-02 1.2465861699e-01
1.2390136719e+01 1.4911052269e-01 4.9446122444e-02 9.9664400249e-02
1.2451171875e+01 1.2434670740e-01 4.1357128723e-02 8.2989578676e-02
1.2512207031e+01 1.0717663973e-01 3.5824990093e-02 7.1351649635e-02
1.2573242188e+01 9.4614438830e-02 3.1823331619e-02 6.2791107211e-02
1.2634277344e+01 8.4935560812e-02 2.8766614489e-02 5.6168946323e-02
1.2695312500e+01 7.7128790087e-02 2.6316639177e-02 5.0812150910e-02
1.2756347656e+01 7.0613790354e-02 2.4282897239e-02 4.6330893115e-02
1.2817382812e+01 6.5086723126e-02 2.2567928581e-02 4.2518794545e-02
1.2878417969e+01 6.0382167463e-02 2.1116684294e-02 3.9265483169e-02
1.2939453125e+01 5.6364530117e-02 1.9879344800e-02 3.6485185316e-02
1.3000488281e+01 5.2885689888e-02 1.8803676907e-02 3.4082012982e-02
1.3061523438e+01 4.9795503101e-02 1.7844472501e-02 3.1951030600e-02
1.3122558594e+01 4.6981819225e-02 1.6972470107e-02 3.0009349118e-02
1.3183593750e+01 4.4397642446e-02 1.6174722530e-02 2.8222919915e-02
1.3244628906e+01 4.2036487131e-02 1.5445531570e-02 2.6590955560e-02
1.3305664062e+01 3.9883324007e-02 1.4776204664e-02 2.5107119343e-02
1.3366699219e+01 3.7903711584e-02 1.4155924604e-02 2.3747786980e-02
1.3427734375e+01 3.6072857028e-02 1.3580905358e-02 2.2491951670e-02
1.3488769531e+01 3.4387292962e-02 1.3054973141e-02 2.1332319821e-02
1.3549804688e+01 3.2845665612e-02 1.2579810830e-02 2.0265854782e-02
1.3610839844e+01 3.1437847882e-02 1.2149299496e-02 1.9288548386e-02
1.3671875000e+01 3.0149105891e-02 1.1751940250e-02 1.8397165641e-02
1.3732910156e+01 2.8953097647e-02 1.1373754898e-02 1.7579342748e-02
1.3793945312e+01 2.7805955838e-02 1.1001449355e-02 1.6804506484e-02
1.3854980469e+01 2.6673718961e-02 1.0630160527e-02 1.6043558434e-02
1.3916015625e+01 2.5568981749e-02 1.0269610694e-02 1.5299371055e-02
1.3977050781e+01 2.4540256345e-02 9.9370532959e-03 1.4603203049e-02
1.4038085938e+01 2.3619035420e-02 9.6400294407e-03 1.3979005979e-02
1.4099121094e+01 2.2793082731e-02 9.3697638561e-03 1.3423318875e-02
1.4160156250e+01 2.2031981506e-02 9.1134475433e-03 1.2918533963e-02
1.4221191406e+01 2.1318154176e-02 8.8672844449e-03 1.2450869732e-02
1.4282226562e+01 2.0649089220e-02 8.6348582905e-03 1.2014230930e-02
1.4343261719e+01 2.0024289728e-02 8.4171315733e-03 1.1607158154e-02
1.4404296875e+01 1.9440994799e-02 8.2103291443e-03 1.1230665655e-02
1.4465332031e+01 1.8902752869e-02 8.0146393133e-03 1.0888113556e-02
1.4526367188e+01 1.8420522123e-02 7.8370298867e-03 1.0583492236e-02
1.4587402344e+01 1.7998181610e-02 7.6811493000e-03 1.0317032310e-02
1.4648437500e+01 1.7626455714e-02 7.5413085764e-03 1.0085147137e-02
1.4709472656e+01 1.7293757093e-02 7.4096517481e-03 9.8841053453e-03
1.4770507812e+01 1.6992899446e-02 7.2843260661e-03 9.7085733800e-03
1.4831542969e+01 1.6717792286e-02 7.1686502272e-03 9.5491420589e-03
1.4892578125e+01 1.6460916787e-02 7.0641609340e-03 9.3967558532e-03
1.4953613281e+01 1.6212860396e-02 6.9661667133e-03 9.2466936822e-03
1.5014648438e+01 1.5962978238e-02 6.8667139342e-03 9.0962643035e-03
1.5075683594e+01 1.5704637852e-02 6.7611777861e-03 8.9434600656e-03
1.5136718750e+01 1.5440220226e-02 6.6515084389e-03 8.7887117875e-03
1.5197753906e+01 1.5175953964e-02 6.5428773186e-03 8.6330766456e-03
1.5258789062e+01 1.4911822146e-02 6.4371845368e-03 8.4746376087e-03
1.5319824219e+01 1.4641850232e-02 6.3309770302e-03 8.3108732017e-03
1.5380859375e+01 1.4360967359e-02 6.2191156909e-03 8.1418516685e-03
1.5441894531e+01 1.4063902342e-02 6.0979788432e-03 7.9659234989e-03
1.5502929688e+01 1.3741614483e-02 5.9651935695e-03 7.7764209136e-03
1.5563964844e+01 1.3386254458e-02 5.8191344233e-03 7.5671200349e-03
1.5625000000e+01 1.2999204613e-02 5.6610146844e-03 7.3381899291e-03
1.5686035156e+01 1.2594275220e-02 5.4973145607e-03 7.0969606594e-03
1.5747070312e+01 1.2193235957e-02 5.3379740465e-03 6.8552619104e-03
1.5808105469e+01 1.1812104066e-02 5.1896122088e-03 6.6224918571e-03
1.5869140625e+01 1.1448563159e-02 5.0497266999e-03 6.3988364595e-03
1.5930175781e+01 1.1086702247e-02 4.9092259038e-03 6.1774763428e-03
1.5991210938e+01 1.0714268495e-02 4.7613670400e-03 5.9529014551e-03
1.6052246094e+01 1.0332842784e-02 4.6071504557e-03 5.7256923285e-03
1.6113281250e+01 9.9534756613e-03 4.4524510800e-03 5.5010245813e-03
1.6174316406e+01 9.5859622637e-03 4.3017628712e-03 5.2841993925e-03
1.6235351562e+01 9.2342592860e-03 4.1558818805e-03 5.0783774055e-03
1.6296386719e+01 8.9014216099e-03 4.0150600736e-03 4.8863615364e-03
1.6357421875e+01 8.5931848449e-03 3.8817355445e-03 4.7114493004e-03
1.6418457031e+01 8.3129149231e-03 3.7584459276e-03 4.5544689955e-03
1.6479492188e+01 8.0586579102e-03 3.6452480867e-03 4.4134098235e-03
1.6540527344e+01 7.8319048892e-03 3.5422604327e-03 4.2896444565e-03
1.6601562500e+01 7.6454458475e-03 3.4534910138e-03 4.1919548337e-03
1.6662597656e+01 7.5145138015e-03 3.3842850071e-03 4.1302287945e-03
1.6723632812e+01 7.4424153293e-03 3.3357519150e-03 4.1066634143e-03
1.6784667969e+01 7.4218780462e-03 3.3052501411e-03 4.1166279051e-03
1.6845703125e+01 7.4466067751e-03 3.2906709048e-03 4.1559358703e-03
1.6906738281e+01 7.5128271435e-03 3.2906237785e-03 4.2222033649e-03
1.6967773438e+01 7.6103838433e-03 3.3015997504e-03 4.3087840930e-03
1.7028808594e+01 7.7182788916e-03 3.3173736901e-03 4.4009052015e-03
1.7089843750e+01 7.8105905087e-03 3.3309226360e-03 4.4796678727e-03
1.7150878906e+01 7.8656092024e-03 3.3361617861e-03 4.5294474163e-03
1.7211914062e+01 7.8695395518e-03 3.3281829546e-03 4.5413565972e-03
1.7272949219e+01 7.8149916503e-03 3.3033237820e-03 4.5116678683e-03
1.7333984375e+01 7.7001132213e-03 3.2603701927e-03 4.4397430286e-03
1.7395019531e+01 7.5283062426e-03 3.2008310228e-03 4.3274752198e-03
1.7456054688e+01 7.3058977303e-03 3.1268639214e-03 4.1790338090e-03
1.7517089844e+01 7.0411194684e-03 3.0398895026e-03 4.0012299658e-03
1.7578125000e+01 6.7462647097e-03 2.9419079532e-03 3.8043567565e-03
1.7639160156e+01 6.4385663286e-03 2.8370490250e-03 3.6015173035e-03
1.7700195312e+01 6.1380683160e-03 2.7316638193e-03 3.4064044966e-03
1.7761230469e+01 5.8651556719e-03 2.6338587418e-03 3.2312969301e-03
1.7822265625e+01 5.6361482738e-03 2.5510781508e-03 3.0850701230e-03
1.7883300781e+01 5.4565299522e-03 2.4856831588e-03 2.9708467934e-03
1.7944335938e+01 5.3208668710e-03 2.4346408940e-03 2.8862259769e-03
1.8005371094e+01 5.2219010904e-03 2.3945094209e-03 2.8273916695e-03
1.8066406250e+01 5.1568157272e-03 2.3640210046e-03 2.7927947227e-03
1.8127441406e+01 5.1255778488e-03 2.3423799641e-03 2.7831978847e-03
1.8188476562e+01 5.1289292549e-03 2.3286334534e-03 2.8002958015e-03
1.8249511719e+01 5.1698836399e-03 2.3230855531e-03 2.8467980868e-03
1.8310546875e+01 5.2554318529e-03 2.3279763112e-03 2.9274555417e-03
1.8371582031e+01 5.3944117926e-03 2.3462812476e-03 3.0481305451e-03
1.8432617188e+01 5.5908293780e-03 2.3790909070e-03 3.2117384711e-03
1.8493652344e+01 5.8388469985e-03 2.4239564021e-03 3.4148905964e-03
1.8554687500e+01 6.1267458219e-03 2.4769045294e-03 3.6498412925e-03
1.8615722656e+01 6.4460373987e-03 2.5362513411e-03 3.9097860576e-03
1.8676757812e+01 6.7955625366e-03 2.6036725454e-03 4.1918899912e-03
1.8737792969e+01 7.1769780802e-03 2.6812369612e-03 4.4957411190e-03
1.8798828125e+01 7.5866391226e-03 2.7674992955e-03 4.8191398271e-03
1.8859863281e+01 8.0127706888e-03 2.8571606776e-03 5.1556100112e-03
1.8920898438e+01 8.4406517111e-03 2.9445204163e-03 5.4961312947e-03
1.8981933594e+01 8.8592467541e-03 3.0264431185e-03 5.8328036356e-03
1.9042968750e+01 9.2646935412e-03 3.1028839904e-03 6.1618095508e-03
1.9104003906e+01 9.6608384027e-03 3.1765194006e-03 6.4843190020e-03
1.9165039062e+01 1.0054482265e-02 3.2514762239e-03 6.8030060413e-03
1.9226074219e+01 1.0448697327e-02 3.3306242454e-03 7.1180730821e-03
1.9287109375e+01 1.0843739752e-02 3.4139292314e-03 7.4298105210e-03
1.9348144531e+01 1.1238785634e-02 3.4985558124e-03 7.7402298216e-03
1.9409179688e+01 1.1624820341e-02 3.5791017749e-03 8.0457185664e-03
1.9470214844e+01 1.1983370103e-02 3.6498726974e-03 8.3334974056e-03
1.9531250000e+01 1.2298647473e-02 3.7087253495e-03 8.5899221239e-03
1.9592285156e+01 1.2562564689e-02 3.7565659396e-03 8.8059987492e-03
1.9653320312e+01 1.2766406477e-02 3.7928014361e-03 8.9736050410e-03
1.9714355469e+01 1.2898913627e-02 3.8138048190e-03 9.0851088081e-03
1.9775390625e+01 1.2954201369e-02 3.8158754464e-03 9.1383259224e-03
1.9836425781e+01 1.2930275156e-02 3.7970277559e-03 9.1332474003e-03
1.9897460938e+01 1.2818758772e-02 3.7555836834e-03 9.0631750886e-03
1.9958496094e+01 1.2607826487e-02 3.6901735740e-03 8.9176529131e-03
2.0019531250e+01 1.2296151797e-02 3.6019458742e-03 8.6942059231e-03
2.0080566406e+01 1.1896960530e-02 3.4948705844e-03 8.4020899453e-03
2.0141601562e+01 1.1430542683e-02 3.3736861441e-03 8.0568565390e-03
2.0202636719e+01 1.0917084213e-02 3.2422382003e-03 7.6748460130e-03
2.0263671875e+01 1.0374548158e-02 3.1036669292e-03 7.2708812287e-03
2.0324707031e+01 9.8189415408e-03 2.9615124510e-03 6.8574290898e-03
2.0385742188e+01 9.2640555056e-03 2.8198020998e-03 6.4442534058e-03
2.0446777344e+01 8.7204264191e-03 2.6820303581e-03 6.0383960610e-03
2.0507812500e+01 8.1935144306e-03 2.5501891053e-03 5.6433253252e-03
2.0568847656e+01 7.6828474485e-03 2.4243297713e-03 5.2585176772e-03
2.0629882812e+01 7.1870073201e-03 2.3035304385e-03 4.8834768816e-03
2.0690917969e+01 6.7115216693e-03 2.1882056508e-03 4.5233160185e-03
2.0751953125e+01 6.2694444636e-03 2.0810927478e-03 4.1883517158e-03
2.0812988281e+01 5.8743206545e-03 1.9856126245e-03 3.8887080300e-03
2.0874023438e+01 5.5338831993e-03 1.9037824478e-03 3.6301007515e-03
2.0935058594e+01 5.2491655058e-03 1.8358017905e-03 3.4133637154e-03
2.0996093750e+01 5.0180593536e-03 1.7809142446e-03 3.2371451089e-03
2.1057128906e+01 4.8382172429e-03 1.7379101284e-03 3.1003071144e-03
2.1118164062e+01 4.7068380284e-03 1.7053983797e-03 3.0014396486e-03
2.1179199219e+01 4.6206118515e-03 1.6827960260e-03 2.9378158255e-03
2.1240234375e+01 4.5760726872e-03 1.6704749973e-03 2.9055976899e-03
2.1301269531e+01 4.5679855617e-03 1.6680234664e-03 2.8999620953e-03
2.1362304688e+01 4.5878252667e-03 1.6728636139e-03 2.9149616528e-03
2.1423339844e+01 4.6249466015e-03 1.6809435681e-03 2.9440030334e-03
2.1484375000e+01 4.6697672213e-03 1.6888322881e-03 2.9809349332e-03
2.1545410156e+01 4.7173619220e-03 1.6956248241e-03 3.0217370979e-03
2.1606445312e+01 4.7683547523e-03 1.7028343285e-03 3.0655204238e-03
2.1667480469e+01 4.8253529055e-03 1.7122139991e-03 3.1131389064e-03
2.1728515625e+01 4.8889006278e-03 1.7240166328e-03 3.1648839950e-03
2.1789550781e+01 4.9562741009e-03 1.7371027478e-03 3.2191713531e-03
2.1850585938e+01 5.0223551842e-03 1.7498564310e-03 3.2724987532e-03
2.1911621094e+01 5.0812596093e-03 1.7607989353e-03 3.3204606740e-03
2.1972656250e+01 5.1275600872e-03 1.7687101597e-03 3.3588499275e-03
2.2033691406e+01 5.1580524299e-03 1.7727706030e-03 3.3852818269e-03
2.2094726562e+01 5.1742076361e-03 1.7729312080e-03 3.4012764281e-03
2.2155761719e+01 5.1809636767e-03 1.7698386655e-03 3.4111250112e-03
2.2216796875e+01 5.1807746192e-03 1.7638472587e-03 3.4169273605e-03
2.2277832031e+01 5.1696536134e-03 1.7539692506e-03 3.4156843628e-03
2.2338867188e+01 5.1409393312e-03 1.7385895531e-03 3.4023497781e-03
2.2399902344e+01 5.0919881934e-03 1.7174599971e-03 3.3745281964e-03
2.2460937500e+01 5.0247413867e-03 1.6918235818e-03 3.3329178049e-03
2.2521972656e+01 4.9413789406e-03 1.6626009256e-03 3.2787780150e-03
2.2583007812e+01 4.8426504875e-03 1.6297351581e-03 3.2129153294e-03
2.2644042969e+01 4.7292206912e-03 1.5930493255e-03 3.1361713657e-03
2.2705078125e+01 4.6019307976e-03 1.5527169811e-03 3.0492138165e-03
2.2766113281e+01 4.4607961584e-03 1.5089569940e-03 2.9518391644e-03
2.2827148438e+01 4.3050484540e-03 1.4617966019e-03 2.8432518520e-03
2.2888183594e+01 4.1347382849e-03 1.4112957164e-03 2.7234425684e-03
2.2949218750e+01 3.9521140825e-03 1.3579014787e-03 2.5942126037e-03
2.3010253906e+01 3.7609926943e-03 1.3023926676e-03 2.4586000267e-03
2.3071289062e+01 3.5650759354e-03 1.2455633225e-03 2.3195126129e-03
2.3132324219e+01 3.3674029901e-03 1.1882554016e-03 2.1791475885e-03
2.3193359375e+01 3.1703877372e-03 1.1313178746e-03 2.0390698626e-03
2.3254394531e+01 2.9757467115e-03 1.0752803107e-03 1.9004664009e-03
2.3315429688e+01 2.7852076772e-03 1.0205384200e-03 1.7646692572e-03
2.3376464844e+01 2.6006432839e-03 9.6752523986e-04 1.6331180441e-03
2.3437500000e+01 2.4229803275e-03 9.1629463504e-04 1.5066856924e-03
2.3498535156e+01 2.2529251205e-03 8.6683054133e-04 1.3860945792e-03
2.3559570312e+01 2.0929463681e-03 8.1992105108e-04 1.2730253170e-03
2.3620605469e+01 1.9460808729e-03 7.7663315332e-04 1.1694477196e-03
2.3681640625e+01 1.8130201413e-03 7.3708426477e-04 1.0759358765e-03
2.3742675781e+01 1.6924337720e-03 7.0069659005e-04 9.9173718192e-04
2.3803710938e+01 1.5830720268e-03 6.6718694066e-04 9.1588508618e-04
2.3864746094e+01 1.4838841071e-03 6.3653137899e-04 8.4735272807e-04
2.3925781250e+01 1.3937322299e-03 6.0858251500e-04 7.8514971488e-04
2.3986816406e+01 1.3124151488e-03 5.8331705056e-04 7.2909809820e-04
2.4047851562e+01 1.2406548111e-03 5.6088777578e-04 6.7976703531e-04
2.4108886719e+01 1.1783335741e-03 5.4110601874e-04 6.3722755533e-04
2.4169921875e+01 1.1237005595e-03 5.2334350860e-04 6.0035705092e-04
2.4230957031e+01 1.0746111498e-03 5.0703855672e-04 5.6757259311e-04
2.4291992188e+01 1.0299004164e-03 4.9197920271e-04 5.3792121372e-04
2.4353027344e+01 9.8928865483e-04 4.7806618313e-04 5.1122247170e-04
2.4414062500e+01 9.5239589907e-04 4.6499113703e-04 4.8740476204e-04
2.4475097656e+01 9.1846412562e-04 4.5231031089e-04 4.6615381473e-04
2.4536132812e+01 8.8693158450e-04 4.3980028662e-04 4.4713129789e-04
2.4597167969e+01 8.5765147171e-04 4.2762456779e-04 4.3002690392e-04
2.4658203125e+01 8.3057920312e-04 4.1618750173e-04 4.1439170139e-04
2.4719238281e+01 8.0557242904e-04 4.0574683054e-04 3.9982559850e-04
2.4780273438e+01 7.8235876981e-04 3.9609571866e-04 3.8626305115e-04
2.4841308594e+01 7.6054715163e-04 3.8677878532e-04 3.7376836631e-04
2.4902343750e+01 7.3970042845e-04 3.7753433290e-04 3.6216609555e-04
2.4963378906e+01 7.1944364035e-04 3.6834962115e-04 3.5109401920e-04
2.5024414062e+01 6.9956888948e-04 3.5926528815e-04 3.4030360133e-04
2.5085449219e+01 6.8006516882e-04 3.5028435777e-04 3.2978081105e-04
2.5146484375e+01 6.6107606756e-04 3.4142658278e-04 3.1964948478e-04
2.5207519531e+01 6.4285607008e-04 3.3283445025e-04 3.1002161984e-04
2.5268554688e+01 6.2567320096e-04 3.2471300365e-04 3.0096019731e-04
2.5329589844e+01 6.0961892806e-04 3.1709552890e-04 2.9252339916e-04
2.5390625000e+01 5.9459377358e-04 3.0986748828e-04 2.8472628530e-04
2.5451660156e+01 5.8056235399e-04 3.0304808540e-04 2.7751426859e-04
2.5512695312e+01 5.6759937156e-04 2.9675482094e-04 2.7084455062e-04
2.5573730469e+01 5.5559328370e-04 2.9091679498e-04 2.6467648872e-04
2.5634765625e+01 5.4411307375e-04 2.8527114878e-04 2.5884192497e-04
2.5695800781e+01 5.3263609063e-04 2.7956907673e-04 2.5306701391e-04
2.5756835938e+01 5.2091755795e-04 2.7372688842e-04 2.4719066952e-04
2.5817871094e+01 5.0912492695e-04 2.6787135468e-04 2.4125357227e-04
2.5878906250e+01 4.9748137585e-04 2.6214880281e-04 2.3533257303e-04
2.5939941406e+01 4.8591431473e-04 2.5646771211e-04 2.2944660263e-04
2.6000976562e+01 4.7425862194e-04 2.5059848869e-04 2.2366013325e-04
2.6062011719e+01 4.6264827766e-04 2.4451993247e-04 2.1812834519e-04
2.6123046875e+01 4.5155164640e-04 2.3854860995e-04 2.1300303645e-04
2.6184082031e+01 4.4143722423e-04 2.3311818396e-04 2.0831904027e-04
2.6245117188e+01 4.3233973538e-04 2.2838534401e-04 2.0395439137e-04
2.6306152344e+01 4.2376192039e-04 2.2402599892e-04 1.9973592146e-04
2.6367187500e+01 4.1515510119e-04 2.1953622546e-04 1.9561887574e-04
2.6428222656e+01 4.0649734119e-04 2.1475004171e-04 1.9174729948e-04
2.6489257812e+01 3.9826405418e-04 2.0993656152e-04 1.8832749266e-04
2.6550292969e+01 3.9088893184e-04 2.0544254347e-04 1.8544638837e-04
2.6611328125e+01 3.8445704072e-04 2.0142385577e-04 1.8303318495e-04
2.6672363281e+01 3.7876623952e-04 1.9780738991e-04 1.8095884961e-04
2.6733398438e+01 3.7337046730e-04 1.9429057203e-04 1.7907989527e-04
2.6794433594e+01 3.6773706527e-04 1.9050761950e-04 1.7722944577e-04
2.6855468750e+01 3.6165824088e-04 1.8634676495e-04 1.7531147593e-04
2.6916503906e+01 3.5543090231e-04 1.8200517426e-04 1.7342572806e-04
2.6977539062e+01 3.4955137124e-04 1.7774294598e-04 1.7180842525e-04
2.7038574219e+01 3.4437539100e-04 1.7375417147e-04 1.7062121953e-04
2.7099609375e+01 3.4011549847e-04 1.7024115718e-04 1.6987434129e-04
2.7160644531e+01 3.3696805111e-04 1.6740045696e-04 1.6956759415e-04
2.7221679688e+01 3.3499235653e-04 1.6524360390e-04 1.6974875263e-04
2.7282714844e+01 3.3385341424e-04 1.6350086425e-04 1.7035255000e-04
2.7343750000e+01 3.3293168302e-04 1.6181357206e-04 1.7111811096e-04
2.7404785156e+01 3.3176575934e-04 1.6000392756e-04 1.7176183178e-04
2.7465820312e+01 3.3025582265e-04 1.5806906513e-04 1.7218675751e-04
2.7526855469e+01 3.2849005883e-04 1.5600530779e-04 1.7248475103e-04
2.7587890625e+01 3.2657534924e-04 1.5379643065e-04 1.7277891859e-04
2.7648925781e+01 3.2469412695e-04 1.5155536330e-04 1.7313876365e-04
2.7709960938e+01 3.2316363110e-04 1.4953769137e-04 1.7362593973e-04
2.7770996094e+01 3.2220722854e-04 1.4790945737e-04 1.7429777117e-04
2.7832031250e+01 3.2166973489e-04 1.4654731099e-04 1.7512242389e-04
2.7893066406e+01 3.2113480670e-04 1.4517676469e-04 1.7595804202e-04
2.7954101562e+01 3.2027146614e-04 1.4363998703e-04 1.7663147912e-04
2.8015136719e+01 3.1893914590e-04 1.4192839003e-04 1.7701075587e-04
2.8076171875e+01 3.1711246342e-04 1.4007516484e-04 1.7703729858e-04
2.8137207031e+01 3.1483115784e-04 1.3812131939e-04 1.7670983845e-04
2.8198242188e+01 3.1212089890e-04 1.3611514661e-04 1.7600575229e-04
2.8259277344e+01 3.0897790147e-04 1.3410905281e-04 1.7486884867e-04
2.8320312500e+01 3.0549084550e-04 1.3216601372e-04 1.7332483178e-04
2.8381347656e+01 3.0182516077e-04 1.3031592157e-04 1.7150923920e-04
2.8442382812e+01 2.9802197613e-04 1.2848694269e-04 1.6953503345e-04
2.8503417969e+01 2.9398469577e-04 1.2654882291e-04 1.6743587286e-04
2.8564453125e+01 2.8968903190e-04 1.2446502987e-04 1.6522400203e-04
2.8625488281e+01 2.8520372115e-04 1.2234017474e-04 1.6286354641e-04
2.8686523438e+01 2.8047377153e-04 1.2026603370e-04 1.6020773783e-04
2.8747558594e+01 2.7529501409e-04 1.1819635814e-04 1.5709865595e-04
2.8808593750e+01 2.6955186392e-04 1.1601850900e-04 1.5353335492e-04
2.8869628906e+01 2.6335380328e-04 1.1367278751e-04 1.4968101576e-04
2.8930664062e+01 2.5698288995e-04 1.1120091202e-04 1.4578197793e-04
2.8991699219e+01 2.5078081907e-04 1.0874444522e-04 1.4203637386e-04
2.9052734375e+01 2.4496369460e-04 1.0645352624e-04 1.3851016836e-04
2.9113769531e+01 2.3951931418e-04 1.0437251673e-04 1.3514679745e-04
2.9174804688e+01 2.3437731687e-04 1.0247121306e-04 1.3190610381e-04
2.9235839844e+01 2.2956859682e-04 1.0072452897e-04 1.2884406785e-04
2.9296875000e+01 2.2513484654e-04 9.9091994661e-05 1.2604285188e-04
2.9357910156e+01 2.2102985336e-04 9.7500759772e-05 1.2352909359e-04
2.9418945312e+01 2.1718936806e-04 9.5902513313e-05 1.2128685475e-04
2.9479980469e+01 2.1364882497e-04 9.4328076366e-05 1.1932074861e-04
2.9541015625e+01 2.1054804073e-04 9.2874777352e-05 1.1767326338e-04
2.9602050781e+01 2.0799440920e-04 9.1614623527e-05 1.1637978567e-04
2.9663085938e+01 2.0594227593e-04 9.0516059264e-05 1.1542621666e-04
2.9724121094e+01 2.0424311693e-04 8.9489756057e-05 1.1475336088e-04
2.9785156250e+01 2.0279097520e-04 8.8495494396e-05 1.1429548080e-04
2.9846191406e+01 2.0158418871e-04 8.7572910430e-05 1.1401127828e-04
2.9907226562e+01 2.0067543245e-04 8.6784331647e-05 1.1389110081e-04
2.9968261719e+01 2.0009615756e-04 8.6139879761e-05 1.1395627780e-04
3.0029296875e+01 1.9979203958e-04 8.5557071082e-05 1.1423496850e-04
3.0090332031e+01 1.9959458489e-04 8.4899399067e-05 1.1469518582e-04
3.0151367188e+01 1.9930932394e-04 8.4085824904e-05 1.1522349904e-04
3.0212402344e+01 1.9890011191e-04 8.3172227697e-05 1.1572788421e-04
3.0273437500e+01 1.9851968913e-04 8.2303127973e-05 1.1621656115e-04
3.0334472656e+01 1.9828746681e-04 8.1561878091e-05 1.1672558872e-04
3.0395507812e+01 1.9816849881e-04 8.0907026974e-05 1.1726147183e-04
3.0456542969e+01 1.9813104592e-04 8.0277001070e-05 1.1785404485e-04
3.0517578125e+01 1.9822662292e-04 7.9679285206e-05 1.1854733771e-04
3.0578613281e+01 1.9843210997e-04 7.9137393216e-05 1.1929471675e-04
3.0639648438e+01 1.9855324809e-04 7.8615882129e-05 1.1993736596e-04
3.0700683594e+01 1.9836298139e-04 7.8039887252e-05 1.2032309414e-04
3.0761718750e+01 1.9778893375e-04 7.7361514224e-05 1.2042741953e-04
3.0822753906e+01 1.9691340995e-04 7.6582545080e-05 1.2033086487e-04
3.0883789062e+01 1.9581596002e-04 7.5723988471e-05 1.2009197155e-04
3.0944824219e+01 1.9449737697e-04 7.4801515332e-05 1.1969586164e-04
3.1005859375e+01 1.9295940253e-04 7.3836205558e-05 1.1912319697e-04
3.1066894531e+01 1.9126518556e-04 7.2857650418e-05 1.1840753514e-04
3.1127929688e+01 1.8948465267e-04 7.1876977019e-05 1.1760767565e-04
3.1188964844e+01 1.8761749416e-04 7.0875855213e-05 1.1674163895e-04
3.1250000000e+01 1.8558572311e-04 6.9832318922e-05 1.1575340419e-04
3.1311035156e+01 1.8328844142e-04 6.8738730189e-05 1.1454971123e-04
3.1372070312e+01 1.8066453137e-04 6.7589088522e-05 1.1307544285e-04
3.1433105469e+01 1.7775882457e-04 6.6379887033e-05 1.1137893754e-04
3.1494140625e+01 1.7476551749e-04 6.5140708879e-05 1.0962480861e-04
3.1555175781e+01 1.7193232384e-04 6.3928523644e-05 1.0800380019e-04
3.1616210938e+01 1.6935173732e-04 6.2767245270e-05 1.0658449205e-04
3.1677246094e+01 1.6687358821e-04 6.1619885256e-05 1.0525370295e-04
3.1738281250e+01 1.6425491582e-04 6.0436229456e-05 1.0381868636e-04
3.1799316406e+01 1.6138963171e-04 5.9211383572e-05 1.0217824814e-04
3.1860351562e+01 1.5839014596e-04 5.7990587924e-05 1.0039955804e-04
3.1921386719e+01 1.5546946686e-04 5.6825464515e-05 9.8644002344e-05
3.1982421875e+01 1.5277219995e-04 5.5733711879e-05 9.7038488073e-05
3.2043457031e+01 1.5032511449e-04 5.4704644498e-05 9.5620469987e-05
3.2104492188e+01 1.4811824028e-04 5.3735232777e-05 9.4383007503e-05
3.2165527344e+01 1.4615948443e-04 5.2838530212e-05 9.3320954219e-05
3.2226562500e+01 1.4443818984e-04 5.2017847297e-05 9.2420342543e-05
3.2287597656e+01 1.4291320983e-04 5.1260993017e-05 9.1652216811e-05
3.2348632812e+01 1.4154228337e-04 5.0556126052e-05 9.0986157321e-05
3.2409667969e+01 1.4027320083e-04 4.9890455990e-05 9.0382744845e-05
3.2470703125e+01 1.3906538897e-04 4.9251836386e-05 8.9813552589e-05
3.2531738281e+01 1.3799043023e-04 4.8655000614e-05 8.9335429618e-05
3.2592773438e+01 1.3722699379e-04 4.8141401944e-05 8.9085591849e-05
3.2653808594e+01 1.3686904017e-04 4.7731437098e-05 8.9137603076e-05
3.2714843750e+01 1.3681322492e-04 4.7403137702e-05 8.9410087217e-05
3.2775878906e+01 1.3690414229e-04 4.7132258821e-05 8.9771883464e-05
3.2836914062e+01 1.3709242032e-04 4.6918263159e-05 9.0174157156e-05
3.2897949219e+01 1.3737574964e-04 4.6753612762e-05 9.0622136874e-05
3.2958984375e+01 1.3771627274e-04 4.6607890350e-05 9.1108382386e-05
3.3020019531e+01 1.3812006192e-04 4.6471154238e-05 9.1648907681e-05
3.3081054688e+01 1.3865907013e-04 4.6376058982e-05 9.2283011149e-05
3.3142089844e+01 1.3931143199e-04 4.6339759931e-05 9.2971672058e-05
3.3203125000e+01 1.3992034717e-04 4.6318044337e-05 9.3602302828e-05
3.3264160156e+01 1.4038633266e-04 4.6258052527e-05 9.4128280131e-05
3.3325195312e+01 1.4076578658e-04 4.6162289868e-05 9.4603496715e-05
3.3386230469e+01 1.4113540897e-04 4.6062155292e-05 9.5073253681e-05
3.3447265625e+01 1.4147495631e-04 4.5960336355e-05 9.5514619958e-05
3.3508300781e+01 1.4171502555e-04 4.5830655890e-05 9.5884369662e-05
3.3569335938e+01 1.4182811913e-04 4.5657969614e-05 9.6170149517e-05
3.3630371094e+01 1.4184537019e-04 4.5462085852e-05 9.6383284339e-05
3.3691406250e+01 1.4179023745e-04 4.5277682671e-05 9.6512554777e-05
3.3752441406e+01 1.4160638610e-04 4.5107079624e-05 9.6499306473e-05
3.3813476562e+01 1.4119162689e-04 4.4907270078e-05 9.6284356808e-05
3.3874511719e+01 1.4051194250e-04 4.4637336811e-05 9.5874605691e-05
3.3935546875e+01 1.3966127036e-04 4.4311010146e-05 9.5350260217e-05
3.3996582031e+01 1.3880886294e-04 4.3988109504e-05 9.4820753434e-05
3.4057617188e+01 1.3804451328e-04 4.3704001893e-05 9.4340511384e-05
3.4118652344e+01 1.3723892617e-04 4.3414835251e-05 9.3824090920e-05
3.4179687500e+01 1.3613446328e-04 4.3035190152e-05 9.3099273129e-05
3.4240722656e+01 1.3461570012e-04 4.2530032809e-05 9.2085667313e-05
3.4301757812e+01 1.3281433608e-04 4.1946953883e-05 9.0867382199e-05
3.4362792969e+01 1.3092987614e-04 4.1354184653e-05 8.9575691484e-05
3.4423828125e+01 1.2900177588e-04 4.0761121118e-05 8.8240654757e-05
3.4484863281e+01 1.2688345457e-04 4.0111484863e-05 8.6771969704e-05
3.4545898438e+01 1.2445748996e-04 3.9361639350e-05 8.5095850607e-05
3.4606933594e+01 1.2183603349e-04 3.8549991942e-05 8.3286041548e-05
3.4667968750e+01 1.1924353141e-04 3.7758170191e-05 8.1485361224e-05
3.4729003906e+01 1.1675158770e-04 3.7020799549e-05 7.9730788154e-05
3.4790039062e+01 1.1428203104e-04 3.6318663193e-05 7.7963367844e-05
3.4851074219e+01 1.1180099206e-04 3.5634997069e-05 7.6165994995e-05
3.4912109375e+01 1.0934416990e-04 3.4964340232e-05 7.4379829665e-05
3.4973144531e+01 1.0690711962e-04 3.4288514996e-05 7.2618604626e-05
3.5034179688e+01 1.0444859323e-04 3.3588239294e-05 7.0860353933e-05
3.5095214844e+01 1.0196885548e-04 3.2864371671e-05 6.9104483808e-05
3.5156250000e+01 9.9488597487e-05 3.2126754335e-05 6.7361843152e-05
3.5217285156e+01 9.6997120373e-05 3.1381995605e-05 6.5615124768e-05
3.5278320312e+01 9.4500616411e-05 3.0645151498e-05 6.3855464913e-05
3.5339355469e+01 9.2060870096e-05 2.9938909859e-05 6.2121960237e-05
3.5400390625e+01 8.9717504517e-05 2.9265767700e-05 6.0451736816e-05
3.5461425781e+01 8.7432835954e-05 2.8601244317e-05 5.8831591637e-05
3.5522460938e+01 8.5164103617e-05 2.7927004279e-05 5.7237099338e-05
3.5583496094e+01 8.2931157612e-05 2.7254037242e-05 5.5677120370e-05
3.5644531250e+01 8.0790994668e-05 2.6610496571e-05 5.4180498097e-05
3.5705566406e+01 7.8796579955e-05 2.6020662810e-05 5.2775917145e-05
3.5766601562e+01 7.6959563730e-05 2.5485724866e-05 5.1473838865e-05
3.5827636719e+01 7.5220429935e-05 2.4977012691e-05 5.0243417244e-05
3.5888671875e+01 7.3518934017e-05 2.4468105109e-05 4.9050828907e-05
3.5949707031e+01 7.1892564031e-05 2.3968887614e-05 4.7923676417e-05
3.6010742188e+01 7.0409424579e-05 2.3502624791e-05 4.6906799788e-05
3.6071777344e+01 6.9027804007e-05 2.3065804501e-05 4.5961999505e-05
3.6132812500e+01 6.7626212085e-05 2.2636461531e-05 4.4989750554e-05
3.6193847656e+01 6.6162245170e-05 2.2209181069e-05 4.3953064101e-05
3.6254882812e+01 6.4722862665e-05 2.1801860580e-05 4.2921002086e-05
3.6315917969e+01 6.3409827699e-05 2.1428324221e-05 4.1981503478e-05
3.6376953125e+01 6.2228049004e-05 2.1077200064e-05 4.1150848940e-05
3.6437988281e+01 6.1107461420e-05 2.0726254459e-05 4.0381206961e-05
3.6499023438e+01 5.9990870580e-05 2.0367000096e-05 3.9623870485e-05
3.6560058594e+01 5.8862715857e-05 2.0004701098e-05 3.8858014759e-05
3.6621093750e+01 5.7730602085e-05 1.9645587460e-05 3.8085014626e-05
3.6682128906e+01 5.6627077540e-05 1.9294601261e-05 3.7332476279e-05
3.6743164062e+01 5.5617768642e-05 1.8962796792e-05 3.6654971850e-05
3.6804199219e+01 5.4768038521e-05 1.8669144138e-05 3.6098894383e-05
3.6865234375e+01 5.4073104828e-05 1.8422639894e-05 3.5650464935e-05
3.6926269531e+01 5.3441005103e-05 1.8206411829e-05 3.5234593273e-05
3.6987304688e+01 5.2779211792e-05 1.7995168632e-05 3.4784043160e-05
3.7048339844e+01 5.2068261850e-05 1.7778284504e-05 3.4289977346e-05
3.7109375000e+01 5.1326190890e-05 1.7553367248e-05 3.3772823642e-05
3.7170410156e+01 5.0559052918e-05 1.7316004752e-05 3.3243048166e-05
3.7231445312e+01 4.9781402854e-05 1.7069434402e-05 3.2711968452e-05
3.7292480469e+01 4.9034492565e-05 1.6829587005e-05 3.2204905561e-05
3.7353515625e+01 4.8350604118e-05 1.6609715307e-05 3.1740888811e-05
3.7414550781e+01 4.7725505672e-05 1.6409063500e-05 3.1316442172e-05
3.7475585938e+01 4.7137803832e-05 1.6222806628e-05 3.0914997204e-05
3.7536621094e+01 4.6569829968e-05 1.6050956921e-05 3.0518873047e-05
3.7597656250e+01 4.6003783432e-05 1.5889586762e-05 3.0114196671e-05
3.7658691406e+01 4.5428750132e-05 1.5726869549e-05 2.9701880583e-05
3.7719726562e+01 4.4859363515e-05 1.5556259891e-05 2.9303103624e-05
3.7780761719e+01 4.4320881949e-05 1.5383423709e-05 2.8937458240e-05
3.7841796875e+01 4.3814486728e-05 1.5215264846e-05 2.8599221882e-05
3.7902832031e+01 4.3320999376e-05 1.5050781385e-05 2.8270217991e-05
3.7963867188e+01 4.2832306631e-05 1.4885812571e-05 2.7946494060e-05
3.8024902344e+01 4.2358110026e-05 1.4720329551e-05 2.7637780474e-05
3.8085937500e+01 4.1910871698e-05 1.4559743736e-05 2.7351127962e-05
3.8146972656e+01 4.1488148838e-05 1.4409164988e-05 2.7078983850e-05
3.8208007812e+01 4.1064023725e-05 1.4265388884e-05 2.6798634842e-05
3.8269042969e+01 4.0613356110e-05 1.4119936677e-05 2.6493419433e-05
3.8330078125e+01 4.0141645104e-05 1.3970103636e-05 2.6171541469e-05
3.8391113281e+01 3.9675834742e-05 1.3821578339e-05 2.5854256403e-05
3.8452148438e+01 3.9238786264e-05 1.3682842057e-05 2.5555944207e-05
3.8513183594e+01 3.8838384748e-05 1.3558441045e-05 2.5279943703e-05
3.8574218750e+01 3.8468277727e-05 1.3444247292e-05 2.5024030435e-05
3.8635253906e+01 3.8118155747e-05 1.3331698717e-05 2.4786457030e-05
3.8696289062e+01 3.7786581358e-05 1.3218053529e-05 2.4568527829e-05
3.8757324219e+01 3.7479031073e-05 1.3107558832e-05 2.4371472240e-05
3.8818359375e+01 3.7188935369e-05 1.3001769714e-05 2.4187165654e-05
3.8879394531e+01 3.6887806180e-05 1.2893828262e-05 2.3993977918e-05
3.8940429688e+01 3.6548010800e-05 1.2775413933e-05 2.3772596866e-05
3.9001464844e+01 3.6169535005e-05 1.2645992291e-05 2.3523542715e-05
3.9062500000e+01 3.5774449376e-05 1.2512620939e-05 2.3261828437e-05
3.9123535156e+01 3.5387208760e-05 1.2383606092e-05 2.3003602668e-05
3.9184570312e+01 3.5022902196e-05 1.2261972598e-05 2.2760929598e-05
3.9245605469e+01 3.4681078015e-05 1.2142493091e-05 2.2538584925e-05
3.9306640625e+01 3.4347312082e-05 1.2016417656e-05 2.2330894426e-05
3.9367675781e+01 3.4002194195e-05 1.1879863002e-05 2.2122331193e-05
3.9428710938e+01 3.3632597560e-05 1.1736857645e-05 2.1895739914e-05
3.9489746094e+01 3.3239532259e-05 1.1594173768e-05 2.1645358491e-05
3.9550781250e+01 3.2836705100e-05 1.1455173291e-05 2.1381531809e-05
3.9611816406e+01 3.2442379359e-05 1.1321087558e-05 2.1121291801e-05
3.9672851562e+01 3.2065000927e-05 1.1193413620e-05 2.0871587307e-05
3.9733886719e+01 3.1694509510e-05 1.1070833357e-05 2.0623676154e-05
3.9794921875e+01 3.1317326757e-05 1.0949144545e-05 2.0368182213e-05
3.9855957031e+01 3.0932435004e-05 1.0826035447e-05 2.0106399557e-05
3.9916992188e+01 3.0547337632e-05 1.0702645684e-05 1.9844691948e-05
3.9978027344e+01 3.0174338561e-05 1.0582052442e-05 1.9592286119e-05
4.0039062500e+01 2.9829481401e-05 1.0467518406e-05 1.9361962995e-05
4.0100097656e+01 2.9518779757e-05 1.0359571058e-05 1.9159208699e-05
4.0161132812e+01 2.9227654051e-05 1.0254676657e-05 1.8972977394e-05
4.0222167969e+01 2.8932806719e-05 1.0149082119e-05 1.8783724600e-05
4.0283203125e+01 2.8622532202e-05 1.0042572610e-05 1.8579959592e-05
4.0344238281e+01 2.8302940073e-05 9.9361797805e-06 1.8366760293e-05
4.0405273438e+01 2.7990329436e-05 9.8299705987e-06 1.8160358838e-05
4.0466308594e+01 2.7698488075e-05 9.7252822466e-06 1.7973205829e-05
4.0527343750e+01 2.7427111681e-05 9.6242918290e-06 1.7802819852e-05
4.0588378906e+01 2.7166154102e-05 9.5275520107e-06 1.7638602091e-05
4.0649414062e+01 2.6911833666e-05 9.4352479869e-06 1.7476585679e-05
4.0710449219e+01 2.6668096044e-05 9.3483557194e-06 1.7319740324e-05
4.0771484375e+01 2.6439801601e-05 9.2688398995e-06 1.7170961701e-05
4.0832519531e+01 2.6235381697e-05 9.2000038211e-06 1.7035377876e-05
4.0893554688e+01 2.6065187567e-05 9.1429109212e-06 1.6922276646e-05
4.0954589844e+01 2.5931728759e-05 9.0939292204e-06 1.6837799538e-05
4.1015625000e+01 2.5828103824e-05 9.0493110630e-06 1.6778792761e-05
4.1076660156e+01 2.5741218086e-05 9.0076625569e-06 1.6733555529e-05
4.1137695312e+01 2.5651584124e-05 8.9662794648e-06 1.6685304660e-05
4.1198730469e+01 2.5540490275e-05 8.9208304067e-06 1.6619659868e-05
4.1259765625e+01 2.5403726725e-05 8.8695309710e-06 1.6534195754e-05
4.1320800781e+01 2.5251058466e-05 8.8141125458e-06 1.6436945920e-05
4.1381835938e+01 2.5097680901e-05 8.7584778069e-06 1.6339203094e-05
4.1442871094e+01 2.4963181110e-05 8.7078402499e-06 1.6255340860e-05
4.1503906250e+01 2.4857731625e-05 8.6633601465e-06 1.6194371479e-05
4.1564941406e+01 2.4763333137e-05 8.6175940323e-06 1.6145739105e-05
4.1625976562e+01 2.4653753305e-05 8.5625906260e-06 1.6091162679e-05
4.1687011719e+01 2.4530012449e-05 8.5003095860e-06 1.6029702863e-05
4.1748046875e+01 2.4414326021e-05 8.4394329011e-06 1.5974893119e-05
4.1809082031e+01 2.4317241934e-05 8.3857093133e-06 1.5931532621e-05
4.1870117188e+01 2.4226796669e-05 8.3384408792e-06 1.5888355790e-05
4.1931152344e+01 2.4126730536e-05 8.2934098069e-06 1.5833320729e-05
4.1992187500e+01 2.4014859528e-05 8.2468936273e-06 1.5767965901e-05
4.2053222656e+01 2.3901086566e-05 8.1972484893e-06 1.5703838077e-05
4.2114257812e+01 2.3794268473e-05 8.1445441305e-06 1.5649724343e-05
4.2175292969e+01 2.3690980806e-05 8.0885680572e-06 1.5602412749e-05
4.2236328125e+01 2.3573338485e-05 8.0266937159e-06 1.5546644769e-05
4.2297363281e+01 2.3421281300e-05 7.9560508011e-06 1.5465230499e-05
4.2358398438e+01 2.3230082793e-05 7.8785001981e-06 1.5351582595e-05
4.2419433594e+01 2.3018737643e-05 7.8012384430e-06 1.5217499200e-05
4.2480468750e+01 2.2819417285e-05 7.7308594339e-06 1.5088557851e-05
4.2541503906e+01 2.2651807625e-05 7.6674076386e-06 1.4984399987e-05
4.2602539062e+01 2.2507721698e-05 7.6053260961e-06 1.4902395602e-05
4.2663574219e+01 2.2362297239e-05 7.5396032186e-06 1.4822694021e-05
4.2724609375e+01 2.2197058056e-05 7.4695763683e-06 1.4727481688e-05
4.2785644531e+01 2.2010145128e-05 7.3962470333e-06 1.4613898094e-05
4.2846679688e+01 2.1807727802e-05 7.3183648910e-06 1.4489362911e-05
4.2907714844e+01 2.1593624216e-05 7.2346169011e-06 1.4359007315e-05
4.2968750000e+01 2.1369712391e-05 7.1476543475e-06 1.4222058043e-05
4.3029785156e+01 2.1139430450e-05 7.0618188513e-06 1.4077611599e-05
4.3090820312e+01 2.0910430512e-05 6.9791683802e-06 1.3931262131e-05
4.3151855469e+01 2.0697216847e-05 6.9007153279e-06 1.3796501520e-05
4.3212890625e+01 2.0511838697e-05 6.8283696077e-06 1.3683469090e-05
4.3273925781e+01 2.0347625171e-05 6.7631122887e-06 1.3584512883e-05
4.3334960938e+01 2.0183718375e-05 6.7030561782e-06 1.3480662196e-05
4.3395996094e+01 2.0007882943e-05 6.6446790052e-06 1.3363203938e-05
4.3457031250e+01 1.9824249040e-05 6.5847086690e-06 1.3239540371e-05
4.3518066406e+01 1.9638017550e-05 6.5193190232e-06 1.3118698527e-05
4.3579101562e+01 1.9442516812e-05 6.4435174375e-06 1.2998999374e-05
4.3640136719e+01 1.9227353120e-05 6.3557868683e-06 1.2871566252e-05
4.3701171875e+01 1.8998356440e-05 6.2637532340e-06 1.2734603206e-05
4.3762207031e+01 1.8778477897e-05 6.1794285229e-06 1.2599049374e-05
4.3823242188e+01 1.8578802668e-05 6.1057305770e-06 1.2473072091e-05
4.3884277344e+01 1.8383087080e-05 6.0336495486e-06 1.2349437531e-05
4.3945312500e+01 1.8171911002e-05 5.9549693925e-06 1.2216941609e-05
4.4006347656e+01 1.7943811992e-05 5.8706451998e-06 1.2073166792e-05
4.4067382812e+01 1.7710889450e-05 5.7868520048e-06 1.1924037445e-05
4.4128417969e+01 1.7491120904e-05 5.7098131522e-06 1.1781307752e-05
4.4189453125e+01 1.7298571506e-05 5.6427975750e-06 1.1655773931e-05
4.4250488281e+01 1.7131262810e-05 5.5837155677e-06 1.1547547242e-05
4.4311523438e+01 1.6976660808e-05 5.5273562793e-06 1.1449304529e-05
4.4372558594e+01 1.6829180115e-05 5.4711646781e-06 1.1358015437e-05
4.4433593750e+01 1.6690854361e-05 5.4160699101e-06 1.1274784451e-05
4.4494628906e+01 1.6556577039e-05 5.3614317979e-06 1.1195145241e-05
4.4555664062e+01 1.6414667765e-05 5.3040215778e-06 1.1110646187e-05
4.4616699219e+01 1.6262805593e-05 5.2432011295e-06 1.1019604464e-05
4.4677734375e+01 1.6108831857e-05 5.1823235611e-06 1.0926508295e-05
4.4738769531e+01 1.5957070944e-05 5.1240140693e-06 1.0833056874e-05
4.4799804688e+01 1.5805077536e-05 5.0677314852e-06 1.0737346051e-05
4.4860839844e+01 1.5651195870e-05 5.0121704917e-06 1.0639025378e-05
4.4921875000e+01 1.5497611680e-05 4.9569989742e-06 1.0540612706e-05
4.4982910156e+01 1.5347816873e-05 4.9024489845e-06 1.0445367888e-05
4.5043945312e+01 1.5203058183e-05 4.8488707505e-06 1.0354187432e-05
4.5104980469e+01 1.5058682044e-05 4.7959378122e-06 1.0262744232e-05
4.5166015625e+01 1.4906987957e-05 4.7424694536e-06 1.0164518503e-05
4.5227050781e+01 1.4747487045e-05 4.6881136033e-06 1.0059373442e-05
4.5288085938e+01 1.4590103944e-05 4.6344991074e-06 9.9556048365e-06
4.5349121094e+01 1.4444646399e-05 4.5836174052e-06 9.8610289941e-06
4.5410156250e+01 1.4310558294e-05 4.5352504008e-06 9.7753078930e-06
4.5471191406e+01 1.4179196884e-05 4.4872262523e-06 9.6919706319e-06
4.5532226562e+01 1.4042666398e-05 4.4380676488e-06 9.6045987488e-06
4.5593261719e+01 1.3898254072e-05 4.3876596180e-06 9.5105944543e-06
4.5654296875e+01 1.3747188932e-05 4.3357916172e-06 9.4113973153e-06
4.5715332031e+01 1.3592068619e-05 4.2819469635e-06 9.3101216554e-06
4.5776367188e+01 1.3434184627e-05 4.2260063239e-06 9.2081783035e-06
4.5837402344e+01 1.3271388375e-05 4.1681091261e-06 9.1032792492e-06
4.5898437500e+01 1.3099386593e-05 4.1084541445e-06 8.9909324490e-06
4.5959472656e+01 1.2916541333e-05 4.0477491987e-06 8.8687921346e-06
4.6020507812e+01 1.2727243611e-05 3.9874988602e-06 8.7397447507e-06
4.6081542969e+01 1.2539652817e-05 3.9293906889e-06 8.6102621281e-06
4.6142578125e+01 1.2361630277e-05 3.8744850389e-06 8.4871452376e-06
4.6203613281e+01 1.2199217670e-05 3.8231874495e-06 8.3760302201e-06
4.6264648438e+01 1.2053401386e-05 3.7749120702e-06 8.2784893155e-06
4.6325683594e+01 1.1916869477e-05 3.7276169549e-06 8.1892525221e-06
4.6386718750e+01 1.1778605155e-05 3.6792136208e-06 8.0993915338e-06
4.6447753906e+01 1.1630293330e-05 3.6285929285e-06 8.0017004010e-06
4.6508789062e+01 1.1468451557e-05 3.5750086179e-06 7.8934429388e-06
4.6569824219e+01 1.1297462447e-05 3.5192732956e-06 7.7781891512e-06
4.6630859375e+01 1.1128792140e-05 3.4647735411e-06 7.6640185988e-06
4.6691894531e+01 1.0970374348e-05 3.4140783695e-06 7.5562959787e-06
4.6752929688e+01 1.0819363354e-05 3.3657439920e-06 7.4536193618e-06
4.6813964844e+01 1.0669544940e-05 3.3169910980e-06 7.3525538419e-06
4.6875000000e+01 1.0521844481e-05 3.2683549668e-06 7.2534895138e-06
4.6936035156e+01 1.0381791116e-05 3.2231781900e-06 7.1586129257e-06
4.6997070312e+01 1.0249542895e-05 3.1828605743e-06 7.0666823211e-06
4.7058105469e+01 1.0119425707e-05 3.1449596908e-06 6.9744660164e-06
4.7119140625e+01 9.9878623184e-06 3.1061932801e-06 6.8816690382e-06
4.7180175781e+01 9.8552334210e-06 3.0653291006e-06 6.7899043204e-06
4.7241210938e+01 9.7210054643e-06 3.0227040748e-06 6.6983013896e-06
4.7302246094e+01 9.5836605589e-06 2.9788883939e-06 6.6047721650e-06
4.7363281250e+01 9.4456047380e-06 2.9348950505e-06 6.5107096875e-06
4.7424316406e+01 9.3133889529e-06 2.8924968439e-06 6.4208921090e-06
4.7485351562e+01 9.1925125894e-06 2.8533477925e-06 6.3391647969e-06
4.7546386719e+01 9.0832688289e-06 2.8179663272e-06 6.2653025018e-06
4.7607421875e+01 8.9796857190e-06 2.7852469496e-06 6.1944387694e-06
4.7668457031e+01 8.8721218270e-06 2.7526238798e-06 6.1194979472e-06
4.7729492188e+01 8.7558235710e-06 2.7181006092e-06 6.0377229618e-06
4.7790527344e+01 8.6382047439e-06 2.6828124561e-06 5.9553922877e-06
4.7851562500e+01 8.5317793521e-06 2.6498870409e-06 5.8818923112e-06
4.7912597656e+01 8.4393133019e-06 2.6204769268e-06 5.8188363751e-06
4.7973632812e+01 8.3518233304e-06 2.5925583418e-06 5.7592649886e-06
4.8034667969e+01 8.2598233662e-06 2.5634251097e-06 5.6963982565e-06
4.8095703125e+01 8.1608042794e-06 2.5319748612e-06 5.6288294182e-06
4.8156738281e+01 8.0584505739e-06 2.4990322682e-06 5.5594183057e-06
4.8217773438e+01 7.9592080250e-06 2.4666901718e-06 5.4925178532e-06
4.8278808594e+01 7.8664431348e-06 2.4368980668e-06 5.4295450680e-06
4.8339843750e+01 7.7757903177e-06 2.4095371434e-06 5.3662531742e-06
4.8400878906e+01 7.6797754025e-06 2.3820673159e-06 5.2977080866e-06
4.8461914062e+01 7.5776667483e-06 2.3521500163e-06 5.2255167321e-06
4.8522949219e+01 7.4773049448e-06 2.3204923458e-06 5.1568125990e-06
4.8583984375e+01 7.3863394904e-06 2.2899220322e-06 5.0964174582e-06
4.8645019531e+01 7.3052007347e-06 2.2622001109e-06 5.0430006238e-06
4.8706054688e+01 7.2297360303e-06 2.2370633019e-06 4.9926727284e-06
4.8767089844e+01 7.1558021781e-06 2.2133667800e-06 4.9424353981e-06
4.8828125000e+01 7.0793376980e-06 2.1897377825e-06 4.8895999155e-06
4.8889160156e+01 6.9974263253e-06 2.1651054342e-06 4.8323208912e-06
4.8950195312e+01 6.9117422477e-06 2.1396485809e-06 4.7720936668e-06
4.9011230469e+01 6.8267494708e-06 2.1144322580e-06 4.7123172129e-06
4.9072265625e+01 6.7441977723e-06 2.0899302958e-06 4.6542674766e-06
4.9133300781e+01 6.6628718804e-06 2.0656885429e-06 4.5971833375e-06
4.9194335938e+01 6.5820580907e-06 2.0411464428e-06 4.5409116478e-06
4.9255371094e+01 6.5017402868e-06 2.0159912700e-06 4.4857490168e-06
4.9316406250e+01 6.4212968215e-06 1.9899902504e-06 4.4313065711e-06
4.9377441406e+01 6.3412851676e-06 1.9633972771e-06 4.3778878904e-06
4.9438476562e+01 6.2649998559e-06 1.9374722731e-06 4.3275275828e-06
4.9499511719e+01 6.1956221107e-06 1.9137653968e-06 4.2818567139e-06
4.9560546875e+01 6.1329966093e-06 1.8927667458e-06 4.2402298635e-06
4.9621582031e+01 6.0747826724e-06 1.8736768162e-06 4.2011058563e-06
4.9682617188e+01 6.0192306047e-06 1.8554557366e-06 4.1637748682e-06
4.9743652344e+01 5.9655229193e-06 1.8376759257e-06 4.1278469935e-06
4.9804687500e+01 5.9132282224e-06 1.8203178603e-06 4.0929103622e-06
4.9865722656e+01 5.8625617288e-06 1.8031710296e-06 4.0593906992e-06
4.9926757812e+01 5.8129855722e-06 1.7856775393e-06 4.0273080329e-06
4.9987792969e+01 5.7612203385e-06 1.7673243704e-06 3.9938959681e-06
5.0048828125e+01 5.7036746812e-06 1.7481850670e-06 3.9554896142e-06
5.0109863281e+01 5.6415357265e-06 1.7290745955e-06 3.9124611310e-06
5.0170898438e+01 5.5810970107e-06 1.7110654126e-06 3.8700315981e-06
5.0231933594e+01 5.5277479525e-06 1.6947385830e-06 3.8330093696e-06
5.0292968750e+01 5.4807300992e-06 1.6798506924e-06 3.8008794067e-06
5.0354003906e+01 5.4349267973e-06 1.6655300203e-06 3.7693967771e-06
5.0415039062e+01 5.3867137201e-06 1.6507952374e-06 3.7359184826e-06
5.0476074219e+01 5.3364475574e-06 1.6352871561e-06 3.7011604012e-06
5.0537109375e+01 5.2859573155e-06 1.6194607451e-06 3.6664965704e-06
5.0598144531e+01 5.2359245201e-06 1.6037947234e-06 3.6321297967e-06
5.0659179688e+01 5.1860442433e-06 1.5881092060e-06 3.5979350373e-06
5.0720214844e+01 5.1359607952e-06 1.5720112661e-06 3.5639495291e-06
5.0781250000e+01 5.0852545013e-06 1.5556996669e-06 3.5295548344e-06
5.0842285156e+01 5.0332454154e-06 1.5396795184e-06 3.4935658970e-06
5.0903320312e+01 4.9802282257e-06 1.5239599208e-06 3.4562683049e-06
5.0964355469e+01 4.9293161935e-06 1.5085451819e-06 3.4207710116e-06
5.1025390625e+01 4.8849698687e-06 1.4943683683e-06 3.3906015004e-06
5.1086425781e+01 4.8485701253e-06 1.4825877140e-06 3.3659824113e-06
5.1147460938e+01 4.8172655088e-06 1.4731777963e-06 3.3440877125e-06
5.1208496094e+01 4.7871260587e-06 1.4647570193e-06 3.3223690394e-06
5.1269531250e+01 4.7555271557e-06 1.4555949651e-06 3.2999321907e-06
5.1330566406e+01 4.7219809042e-06 1.4449789038e-06 3.2770020004e-06
5.1391601562e+01 4.6887070948e-06 1.4338937329e-06 3.2548133618e-06
5.1452636719e+01 4.6587444892e-06 1.4238774513e-06 3.2348670379e-06
5.1513671875e+01 4.6324214339e-06 1.4150522316e-06 3.2173692022e-06
5.1574707031e+01 4.6067684268e-06 1.4058999674e-06 3.2008684594e-06
5.1635742188e+01 4.5781108275e-06 1.3950434692e-06 3.1830673583e-06
5.1696777344e+01 4.5448517047e-06 1.3827051218e-06 3.1621465829e-06
5.1757812500e+01 4.5085304801e-06 1.3703031922e-06 3.1382272879e-06
5.1818847656e+01 4.4718278929e-06 1.3588049404e-06 3.1130229525e-06
5.1879882812e+01 4.4353012978e-06 1.3475752930e-06 3.0877260048e-06
5.1940917969e+01 4.3972174908e-06 1.3351007983e-06 3.0621166925e-06
5.2001953125e+01 4.3569702784e-06 1.3209966156e-06 3.0359736628e-06
5.2062988281e+01 4.3174049255e-06 1.3068250779e-06 3.0105798477e-06
5.2124023438e+01 4.2821127010e-06 1.2944067033e-06 2.9877059976e-06
5.2185058594e+01 4.2511649087e-06 1.2837700511e-06 2.9673948576e-06
5.2246093750e+01 4.2216756092e-06 1.2734871193e-06 2.9481884899e-06
5.2307128906e+01 4.1917668542e-06 1.2625541850e-06 2.9292126692e-06
5.2368164062e+01 4.1621725577e-06 1.2511942768e-06 2.9109782808e-06
5.2429199219e+01 4.1349225569e-06 1.2403190916e-06 2.8946034652e-06
5.2490234375e+01 4.1118664665e-06 1.2308510533e-06 2.8810154132e-06
5.2551269531e+01 4.0937971132e-06 1.2231910970e-06 2.8706060162e-06
5.2612304688e+01 4.0792810424e-06 1.2168272816e-06 2.8624537608e-06
5.2673339844e+01 4.0642597229e-06 1.2105681355e-06 2.8536915874e-06
5.2734375000e+01 4.0450241677e-06 1.2035537114e-06 2.8414704563e-06
5.2795410156e+01 4.0221211528e-06 1.1959940199e-06 2.8261271329e-06
5.2856445312e+01 3.9993857958e-06 1.1885817010e-06 2.8108040947e-06
5.2917480469e+01 3.9792126625e-06 1.1814088260e-06 2.7978038365e-06
5.2978515625e+01 3.9605296843e-06 1.1739384298e-06 2.7865912544e-06
5.3039550781e+01 3.9411964732e-06 1.1659202889e-06 2.7752761844e-06
5.3100585938e+01 3.9209973897e-06 1.1578880572e-06 2.7631093324e-06
5.3161621094e+01 3.9011847749e-06 1.1505651017e-06 2.7506196731e-06
5.3222656250e+01 3.8810570827e-06 1.1438723106e-06 2.7371847721e-06
5.3283691406e+01 3.8573434680e-06 1.1368189122e-06 2.7205245559e-06
5.3344726562e+01 3.8283342020e-06 1.1285368353e-06 2.6997973667e-06
5.3405761719e+01 3.7965130617e-06 1.1192143347e-06 2.6772987270e-06
5.3466796875e+01 3.7663716414e-06 1.1099758823e-06 2.6563957591e-06
5.3527832031e+01 3.7413237997e-06 1.1020373518e-06 2.6392864479e-06
5.3588867188e+01 3.7223382013e-06 1.0958511640e-06 2.6264870373e-06
5.3649902344e+01 3.7077713740e-06 1.0908078134e-06 2.6169635606e-06
5.3710937500e+01 3.6946922144e-06 1.0857740347e-06 2.6089181797e-06
5.3771972656e+01 3.6808756063e-06 1.0799663394e-06 2.6009092669e-06
5.3833007812e+01 3.6652270013e-06 1.0732814243e-06 2.5919455770e-06
5.3894042969e+01 3.6475611254e-06 1.0661494327e-06 2.5814116927e-06
5.3955078125e+01 3.6291021806e-06 1.0593653400e-06 2.5697368406e-06
5.4016113281e+01 3.6118259502e-06 1.0535724715e-06 2.5582534787e-06
5.4077148438e+01 3.5961584945e-06 1.0484683300e-06 2.5476901645e-06
5.4138183594e+01 3.5800694093e-06 1.0429795131e-06 2.5370898962e-06
5.4199218750e+01 3.5617508024e-06 1.0367472759e-06 2.5250035266e-06
5.4260253906e+01 3.5428979566e-06 1.0309149343e-06 2.5119830222e-06
5.4321289062e+01 3.5272839497e-06 1.0267286341e-06 2.5005553156e-06
5.4382324219e+01 3.5159884062e-06 1.0238461898e-06 2.4921422165e-06
5.4443359375e+01 3.5063734105e-06 1.0208490086e-06 2.4855244020e-06
5.4504394531e+01 3.4960835511e-06 1.0171087471e-06 2.4789748040e-06
5.4565429688e+01 3.4854764320e-06 1.0131704510e-06 2.4723059809e-06
5.4626464844e+01 3.4751780472e-06 1.0093254401e-06 2.4658526071e-06
5.4687500000e+01 3.4639954580e-06 1.0049933086e-06 2.4590021494e-06
5.4748535156e+01 3.4509119915e-06 9.9982869339e-07 2.4510832981e-06
5.4809570312e+01 3.4370996084e-06 9.9446631893e-07 2.4426332894e-06
5.4870605469e+01 3.4242697297e-06 9.8974487431e-07 2.4345248553e-06
5.4931640625e+01 3.4121116256e-06 9.8572711142e-07 2.4263845142e-06
5.4992675781e+01 3.3989293200e-06 9.8186055833e-07 2.4170687616e-06
5.5053710938e+01 3.3846141273e-06 9.7789168878e-07 2.4067224385e-06
5.5114746094e+01 3.3715810036e-06 9.7422638414e-07 2.3973546195e-06
5.5175781250e+01 3.3620664932e-06 9.7126698098e-07 2.3907995122e-06
5.5236816406e+01 3.3553162313e-06 9.6873524559e-07 2.3865809857e-06
5.5297851562e+01 3.3481871331e-06 9.6590478689e-07 2.3822823462e-06
5.5358886719e+01 3.3381119536e-06 9.6228027529e-07 2.3758316783e-06
5.5419921875e+01 3.3252149898e-06 9.5792099297e-07 2.3672939968e-06
5.5480957031e+01 3.3120071045e-06 9.5334140222e-07 2.3586657023e-06
5.5541992188e+01 3.3011354930e-06 9.4920355944e-07 2.3519319335e-06
5.5603027344e+01 3.2928144817e-06 9.4579518723e-07 2.3470192945e-06
5.5664062500e+01 3.2849262996e-06 9.4278745595e-07 2.3421388437e-06
5.5725097656e+01 3.2762006793e-06 9.3979706441e-07 2.3364036149e-06
5.5786132812e+01 3.2673292310e-06 9.3680374977e-07 2.3305254812e-06
5.5847167969e+01 3.2586327658e-06 9.3375420267e-07 2.3248785631e-06
5.5908203125e+01 3.2495524171e-06 9.3037579608e-07 2.3191766210e-06
5.5969238281e+01 3.2399886299e-06 9.2649777759e-07 2.3134908524e-06
5.6030273438e+01 3.2294475491e-06 9.2209818413e-07 2.3073493650e-06
5.6091308594e+01 3.2163903518e-06 9.1719211638e-07 2.2991982354e-06
5.6152343750e+01 3.2005727231e-06 9.1197997458e-07 2.2885927486e-06
5.6213378906e+01 3.1840952079e-06 9.0685543405e-07 2.2772397738e-06
5.6274414062e+01 3.1690969524e-06 9.0213262857e-07 2.2669643238e-06
5.6335449219e+01 3.1566628258e-06 8.9803248668e-07 2.2586303391e-06
5.6396484375e+01 3.1475092263e-06 8.9471984575e-07 2.2527893805e-06
5.6457519531e+01 3.1408159543e-06 8.9189571224e-07 2.2489202420e-06
5.6518554688e+01 3.1337712976e-06 8.8882290957e-07 2.2449483880e-06
5.6579589844e+01 3.1248176325e-06 8.8525969892e-07 2.2395579336e-06
5.6640625000e+01 3.1153470477e-06 8.8175669721e-07 2.2335903505e-06
5.6701660156e+01 3.1070316514e-06 8.7875050055e-07 2.2282811509e-06
5.6762695312e+01 3.0996511198e-06 8.7597531476e-07 2.2236758050e-06
5.6823730469e+01 3.0915785133e-06 8.7276739475e-07 2.2188111185e-06
5.6884765625e+01 3.0811730480e-06 8.6863254626e-07 2.2125405018e-06
5.6945800781e+01 3.0681828886e-06 8.6376130688e-07 2.2044215817e-06
5.7006835938e+01 3.0538707487e-06 8.5905378217e-07 2.1948169665e-06
5.7067871094e+01 3.0394842659e-06 8.5534848597e-07 2.1841357799e-06
5.7128906250e+01 3.0250038881e-06 8.5254489296e-07 2.1724589951e-06
5.7189941406e+01 3.0093856131e-06 8.4962732821e-07 2.1597582848e-06
5.7250976562e+01 2.9922154718e-06 8.4572008253e-07 2.1464953893e-06
5.7312011719e+01 2.9750880756e-06 8.4093532912e-07 2.1341527465e-06
5.7373046875e+01 2.9598781746e-06 8.3585464639e-07 2.1240235282e-06
5.7434082031e+01 2.9457159628e-06 8.3059236204e-07 2.1151236008e-06
5.7495117188e+01 2.9296186643e-06 8.2487275177e-07 2.1047459126e-06
5.7556152344e+01 2.9096555213e-06 8.1856955071e-07 2.0910859706e-06
5.7617187500e+01 2.8861822001e-06 8.1178694736e-07 2.0743952527e-06
5.7678222656e+01 2.8613239037e-06 8.0483247207e-07 2.0564914316e-06
5.7739257812e+01 2.8378110571e-06 7.9820775817e-07 2.0396032989e-06
5.7800292969e+01 2.8168390766e-06 7.9220387323e-07 2.0246352034e-06
5.7861328125e+01 2.7973578119e-06 7.8660024254e-07 2.0107575693e-06
5.7922363281e+01 2.7781629145e-06 7.8105218153e-07 1.9971107329e-06
5.7983398438e+01 2.7595933766e-06 7.7556819955e-07 1.9840251770e-06
5.8044433594e+01 2.7426800039e-06 7.7046090419e-07 1.9722190997e-06
5.8105468750e+01 2.7270332463e-06 7.6583638699e-07 1.9611968593e-06
5.8166503906e+01 2.7097992357e-06 7.6102199051e-07 1.9487772452e-06
5.8227539062e+01 2.6879622129e-06 7.5491076336e-07 1.9330514495e-06
5.8288574219e+01 2.6623434424e-06 7.4732802216e-07 1.9150154203e-06
5.8349609375e+01 2.6373058002e-06 7.3950763045e-07 1.8977981697e-06
5.8410644531e+01 2.6159313322e-06 7.3284387927e-07 1.8830874530e-06
5.8471679688e+01 2.5975176992e-06 7.2762015879e-07 1.8698975404e-06
5.8532714844e+01 2.5792879277e-06 7.2292028674e-07 1.8563676409e-06
5.8593750000e+01 2.5585029091e-06 7.1739211740e-07 1.8411107917e-06
5.8654785156e+01 2.5340719248e-06 7.1035852172e-07 1.8237134031e-06
5.8715820312e+01 2.5077597830e-06 7.0250139260e-07 1.8052583904e-06
5.8776855469e+01 2.4825866896e-06 6.9516095896e-07 1.7874257307e-06
5.8837890625e+01 2.4595479576e-06 6.8887605108e-07 1.7706719065e-06
5.8898925781e+01 2.4375617948e-06 6.8311900900e-07 1.7544427858e-06
5.8959960938e+01 2.4161382839e-06 6.7738873824e-07 1.7387495457e-06
5.9020996094e+01 2.3958529511e-06 6.7180345128e-07 1.7240494998e-06
5.9082031250e+01 2.3765992079e-06 6.6655283737e-07 1.7100463705e-06
5.9143066406e+01 2.3571887120e-06 6.6136678806e-07 1.6958219240e-06
5.9204101562e+01 2.3366886902e-06 6.5575574734e-07 1.6809329429e-06
5.9265136719e+01 2.3151244824e-06 6.4952758319e-07 1.6655968992e-06
5.9326171875e+01 2.2927589449e-06 6.4286717620e-07 1.6498917687e-06
5.9387207031e+01 2.2696499103e-06 6.3606480738e-07 1.6335851029e-06
5.9448242188e+01 2.2462540877e-06 6.2939016700e-07 1.6168639207e-06
5.9509277344e+01 2.2239557268e-06 6.2321280830e-07 1.6007429185e-06
5.9570312500e+01 2.2045269969e-06 6.1796829413e-07 1.5865587028e-06
5.9631347656e+01 2.1885957193e-06 6.1374699682e-07 1.5748487225e-06
5.9692382812e+01 2.1749669487e-06 6.1010250031e-07 1.5648644484e-06
5.9753417969e+01 2.1617960510e-06 6.0643412653e-07 1.5553619244e-06
5.9814453125e+01 2.1474385619e-06 6.0224441811e-07 1.5451941438e-06
5.9875488281e+01 2.1302138960e-06 5.9707152408e-07 1.5331423719e-06
5.9936523438e+01 2.1092439638e-06 5.9078410673e-07 1.5184598571e-06
5.9997558594e+01 2.0857910761e-06 5.8394782043e-07 1.5018432557e-06
6.0058593750e+01 2.0626922539e-06 5.7748132180e-07 1.4852109321e-06
6.0119628906e+01 2.0427489222e-06 5.7206281477e-07 1.4706861074e-06
6.0180664062e+01 2.0270766436e-06 5.6776754044e-07 1.4593091031e-06
6.0241699219e+01 2.0136494381e-06 5.6387340232e-07 1.4497760358e-06
6.0302734375e+01 1.9991245921e-06 5.5949732471e-07 1.4396272674e-06
6.0363769531e+01 1.9833498032e-06 5.5482367102e-07 1.4285261322e-06
6.0424804688e+01 1.9692877811e-06 5.5090213242e-07 1.4183856487e-06
6.0485839844e+01 1.9578474981e-06 5.4800321326e-07 1.4098442848e-06
6.0546875000e+01 1.9461717047e-06 5.4512700918e-07 1.4010446955e-06
6.0607910156e+01 1.9315296522e-06 5.4127478700e-07 1.3902548652e-06
6.0668945312e+01 1.9144506350e-06 5.3648819811e-07 1.3779624369e-06
6.0729980469e+01 1.8977338467e-06 5.3159261036e-07 1.3661412363e-06
6.0791015625e+01 1.8834998574e-06 5.2733099984e-07 1.3561688575e-06
6.0852050781e+01 1.8715028338e-06 5.2383557247e-07 1.3476672613e-06
6.0913085938e+01 1.8599782923e-06 5.2071975967e-07 1.3392585326e-06
6.0974121094e+01 1.8474236425e-06 5.1740833536e-07 1.3300153072e-06
6.1035156250e+01 1.8336439015e-06 5.1350971634e-07 1.3201341851e-06
6.1096191406e+01 1.8198758684e-06 5.0918528579e-07 1.3106905826e-06
6.1157226562e+01 1.8074746987e-06 5.0496003277e-07 1.3025146659e-06
6.1218261719e+01 1.7959924068e-06 5.0099718010e-07 1.2949952267e-06
6.1279296875e+01 1.7834891160e-06 4.9693919254e-07 1.2865499235e-06
6.1340332031e+01 1.7690057645e-06 4.9258319127e-07 1.2764225732e-06
6.1401367188e+01 1.7536467931e-06 4.8827875666e-07 1.2653680365e-06
6.1462402344e+01 1.7391658213e-06 4.8452276541e-07 1.2546430559e-06
6.1523437500e+01 1.7266861036e-06 4.8151346742e-07 1.2451726362e-06
6.1584472656e+01 1.7166578939e-06 4.7913243737e-07 1.2375254566e-06
6.1645507812e+01 1.7084652136e-06 4.7696066170e-07 1.2315045519e-06
6.1706542969e+01 1.7002773342e-06 4.7442834056e-07 1.2258489936e-06
6.1767578125e+01 1.6909275697e-06 4.7142996198e-07 1.2194976078e-06
6.1828613281e+01 1.6811774685e-06 4.6849510158e-07 1.2126823669e-06
6.1889648438e+01 1.6718319157e-06 4.6597681966e-07 1.2058550960e-06
6.1950683594e+01 1.6620627877e-06 4.6354810658e-07 1.1985146811e-06
6.2011718750e+01 1.6506273870e-06 4.6070403671e-07 1.1899233503e-06
6.2072753906e+01 1.6376169119e-06 4.5733057115e-07 1.1802863408e-06
6.2133789062e+01 1.6241653902e-06 4.5366512871e-07 1.1705002615e-06
6.2194824219e+01 1.6106643748e-06 4.4988199142e-07 1.1607823834e-06
6.2255859375e+01 1.5962643835e-06 4.4587416848e-07 1.1503902151e-06
6.2316894531e+01 1.5806590308e-06 4.4156812615e-07 1.1390909047e-06
6.2377929688e+01 1.5652683658e-06 4.3731094848e-07 1.1279574173e-06
6.2438964844e+01 1.5519177252e-06 4.3367196872e-07 1.1182457565e-06
6.2500000000e+01 1.5411126628e-06 4.3087607646e-07 1.1102365863e-06
6.2561035156e+01 1.5318641604e-06 4.2855201400e-07 1.1033121464e-06
6.2622070312e+01 1.5225910142e-06 4.2604185522e-07 1.0965491589e-06
6.2683105469e+01 1.5121891564e-06 4.2296878919e-07 1.0892203672e-06
6.2744140625e+01 1.5005240953e-06 4.1946742396e-07 1.0810566714e-06
6.2805175781e+01 1.4881589933e-06 4.1590243927e-07 1.0722565540e-06
6.2866210938e+01 1.4757994358e-06 4.1251095624e-07 1.0632884796e-06
6.2927246094e+01 1.4637974771e-06 4.0929201339e-07 1.0545054637e-06
6.2988281250e+01 1.4521809377e-06 4.0616067852e-07 1.0460202592e-06
6.3049316406e+01 1.4410139842e-06 4.0312804709e-07 1.0378859371e-06
6.3110351562e+01 1.4302836824e-06 4.0021440763e-07 1.0300692748e-06
6.3171386719e+01 1.4197296440e-06 3.9729351262e-07 1.0224361313e-06
6.3232421875e+01 1.4091564822e-06 3.9421064600e-07 1.0149458362e-06
6.3293457031e+01 1.3987101581e-06 3.9101709752e-07 1.0076930606e-06
6.3354492188e+01 1.3887817708e-06 3.8794148368e-07 1.0008402872e-06
6.3415527344e+01 1.3794104994e-06 3.8505437771e-07 9.9435612166e-07
6.3476562500e+01 1.3699242216e-06 3.8214868956e-07 9.8777553207e-07
6.3537597656e+01 1.3598502409e-06 3.7911522538e-07 9.8073501553e-07
6.3598632812e+01 1.3495232014e-06 3.7610331245e-07 9.7341988899e-07
6.3659667969e+01 1.3391666445e-06 3.7315522336e-07 9.6601142112e-07
6.3720703125e+01 1.3284271320e-06 3.7009068806e-07 9.5833644393e-07
6.3781738281e+01 1.3172793377e-06 3.6688498670e-07 9.5039435101e-07
6.3842773438e+01 1.3068231983e-06 3.6392001307e-07 9.4290318526e-07
6.3903808594e+01 1.2987681489e-06 3.6172996301e-07 9.3703818592e-07
6.3964843750e+01 1.2936644298e-06 3.6042594073e-07 9.3323848909e-07
6.4025878906e+01 1.2897944865e-06 3.5941634177e-07 9.3037814473e-07
6.4086914062e+01 1.2845314920e-06 3.5786930818e-07 9.2666218382e-07
6.4147949219e+01 1.2766125318e-06 3.5542287930e-07 9.2118965254e-07
6.4208984375e+01 1.2668717223e-06 3.5241207726e-07 9.1445964505e-07
6.4270019531e+01 1.2574871797e-06 3.4960253316e-07 9.0788464657e-07
6.4331054688e+01 1.2505221277e-06 3.4767218726e-07 9.0284994039e-07
6.4392089844e+01 1.2464565054e-06 3.4671294627e-07 8.9974355913e-07
6.4453125000e+01 1.2440470259e-06 3.4621601098e-07 8.9783101496e-07
6.4514160156e+01 1.2415642413e-06 3.4555369214e-07 8.9601054913e-07
6.4575195312e+01 1.2379697632e-06 3.4443581578e-07 8.9353394743e-07
6.4636230469e+01 1.2332691175e-06 3.4300319172e-07 8.9026592576e-07
6.4697265625e+01 1.2279574424e-06 3.4153168596e-07 8.8642575649e-07
6.4758300781e+01 1.2222003891e-06 3.4005844161e-07 8.8214194753e-07
6.4819335938e+01 1.2160392239e-06 3.3843966742e-07 8.7759955653e-07
6.4880371094e+01 1.2099283867e-06 3.3664864437e-07 8.7327974231e-07
6.4941406250e+01 1.2040394276e-06 3.3472680853e-07 8.6931261902e-07
6.5002441406e+01 1.1975566369e-06 3.3259318997e-07 8.6496344693e-07
6.5063476562e+01 1.1895884412e-06 3.3016169903e-07 8.5942674212e-07
6.5124511719e+01 1.1806059114e-06 3.2759805551e-07 8.5300785584e-07
6.5185546875e+01 1.1724665982e-06 3.2531009303e-07 8.4715650514e-07
6.5246582031e+01 1.1666385934e-06 3.2355217585e-07 8.4308641758e-07
6.5307617188e+01 1.1625294939e-06 3.2208742375e-07 8.4044207016e-07
6.5368652344e+01 1.1581836936e-06 3.2045215887e-07 8.3773153470e-07
6.5429687500e+01 1.1525815391e-06 3.1851754573e-07 8.3406399341e-07
6.5490722656e+01 1.1464432409e-06 3.1653102271e-07 8.2991221815e-07
6.5551757812e+01 1.1408429704e-06 3.1466354963e-07 8.2617942075e-07
6.5612792969e+01 1.1361460227e-06 3.1285896813e-07 8.2328705454e-07
6.5673828125e+01 1.1321884452e-06 3.1106779929e-07 8.2112064590e-07
6.5734863281e+01 1.1281951791e-06 3.0924577500e-07 8.1894940411e-07
6.5795898438e+01 1.1228976944e-06 3.0723903676e-07 8.1565865766e-07
6.5856933594e+01 1.1160332997e-06 3.0504780455e-07 8.1098549518e-07
6.5917968750e+01 1.1089745375e-06 3.0298409458e-07 8.0599044295e-07
6.5979003906e+01 1.1028400715e-06 3.0124007229e-07 8.0159999920e-07
6.6040039062e+01 1.0969602064e-06 2.9955518907e-07 7.9740501733e-07
6.6101074219e+01 1.0899884060e-06 2.9755703548e-07 7.9243137049e-07
6.6162109375e+01 1.0817047686e-06 2.9522968849e-07 7.8647508015e-07
6.6223144531e+01 1.0730016793e-06 2.9285323888e-07 7.8014844044e-07
6.6284179688e+01 1.0645738324e-06 2.9061511127e-07 7.7395872109e-07
6.6345214844e+01 1.0563302109e-06 2.8845833257e-07 7.6787187836e-07
6.6406250000e+01 1.0478843407e-06 2.8622762378e-07 7.6165671692e-07
6.6467285156e+01 1.0390578757e-06 2.8381406036e-07 7.5524381531e-07
6.6528320312e+01 1.0300001109e-06 2.8122388685e-07 7.4877622408e-07
6.6589355469e+01 1.0212158753e-06 2.7863502254e-07 7.4258085277e-07
6.6650390625e+01 1.0132879305e-06 2.7630518801e-07 7.3698274248e-07
6.6711425781e+01 1.0062171279e-06 2.7430621930e-07 7.3191090864e-07
6.6772460938e+01 9.9920623779e-07 2.7240129469e-07 7.2680494310e-07
6.6833496094e+01 9.9112620875e-07 2.7018826308e-07 7.2093794567e-07
6.6894531250e+01 9.8127271776e-07 2.6739981796e-07 7.1387289981e-07
6.6955566406e+01 9.7028740180e-07 2.6425325444e-07 7.0603414736e-07
6.7016601562e+01 9.6008659615e-07 2.6140292251e-07 6.9868367364e-07
6.7077636719e+01 9.5206053100e-07 2.5930565574e-07 6.9275487526e-07
6.7138671875e+01 9.4568181280e-07 2.5774754556e-07 6.8793426724e-07
6.7199707031e+01 9.3926793329e-07 2.5610636745e-07 6.8316156584e-07
6.7260742188e+01 9.3172554115e-07 2.5398175537e-07 6.7774378577e-07
6.7321777344e+01 9.2351725245e-07 2.5154820129e-07 6.7196905116e-07
6.7382812500e+01 9.1617599608e-07 2.4933649154e-07 6.6683950454e-07
6.7443847656e+01 9.1083592518e-07 2.4769493443e-07 6.6314099074e-07
6.7504882812e+01 9.0709763792e-07 2.4647351638e-07 6.6062412154e-07
6.7565917969e+01 9.0342492131e-07 2.4523008331e-07 6.5819483800e-07
6.7626953125e+01 8.9878124394e-07 2.4372615927e-07 6.5505508466e-07
6.7687988281e+01 8.9360775962e-07 2.4214755252e-07 6.5146020710e-07
6.7749023438e+01 8.8906274189e-07 2.4082333927e-07 6.4823940262e-07
6.7810058594e+01 8.8564976768e-07 2.3983490670e-07 6.4581486098e-07
6.7871093750e+01 8.8268563871e-07 2.3892954695e-07 6.4375609176e-07
6.7932128906e+01 8.7892879064e-07 2.3775028363e-07 6.4117850700e-07
6.7993164062e+01 8.7378906965e-07 2.3615135650e-07 6.3763771316e-07
6.8054199219e+01 8.6797169388e-07 2.3433796726e-07 6.3363372662e-07
6.8115234375e+01 8.6268985160e-07 2.3268275768e-07 6.3000709392e-07
6.8176269531e+01 8.5827389605e-07 2.3138207563e-07 6.2689182042e-07
6.8237304688e+01 8.5414378695e-07 2.3035983125e-07 6.2378395570e-07
6.8298339844e+01 8.5003818275e-07 2.2945102760e-07 6.2058715514e-07
6.8359375000e+01 8.4621545483e-07 2.2847443159e-07 6.1774102323e-07
6.8420410156e+01 8.4249393561e-07 2.2721419455e-07 6.1527974106e-07
6.8481445312e+01 8.3829873065e-07 2.2561229258e-07 6.1268643807e-07
6.8542480469e+01 8.3372980974e-07 2.2392951250e-07 6.0980029724e-07
6.8603515625e+01 8.2953591824e-07 2.2247190511e-07 6.0706401314e-07
6.8664550781e+01 8.2591096455e-07 2.2119426618e-07 6.0471669837e-07
6.8725585938e+01 8.2218158708e-07 2.1979759020e-07 6.0238399688e-07
6.8786621094e+01 8.1776795028e-07 2.1817581883e-07 5.9959213145e-07
6.8847656250e+01 8.1273937522e-07 2.1652409467e-07 5.9621528055e-07
6.8908691406e+01 8.0751821251e-07 2.1505774284e-07 5.9246046968e-07
6.8969726562e+01 8.0263682767e-07 2.1384667021e-07 5.8879015746e-07
6.9030761719e+01 7.9858769692e-07 2.1286856944e-07 5.8571912747e-07
6.9091796875e+01 7.9542799117e-07 2.1205747068e-07 5.8337052048e-07
6.9152832031e+01 7.9252674019e-07 2.1129559803e-07 5.8123114216e-07
6.9213867188e+01 7.8900581990e-07 2.1044854560e-07 5.7855727430e-07
6.9274902344e+01 7.8466112228e-07 2.0949238568e-07 5.7516873661e-07
6.9335937500e+01 7.8023769443e-07 2.0856666733e-07 5.7167102710e-07
6.9396972656e+01 7.7648428820e-07 2.0778743296e-07 5.6869685524e-07
6.9458007812e+01 7.7328843911e-07 2.0707700748e-07 5.6621143163e-07
6.9519042969e+01 7.7019986904e-07 2.0632212766e-07 5.6387774138e-07
6.9580078125e+01 7.6721491029e-07 2.0556592643e-07 5.6164898386e-07
6.9641113281e+01 7.6431939131e-07 2.0484987467e-07 5.5946951664e-07
6.9702148438e+01 7.6083222190e-07 2.0400934595e-07 5.5682287595e-07
6.9763183594e+01 7.5596450926e-07 2.0281963179e-07 5.5314487748e-07
6.9824218750e+01 7.4978783001e-07 2.0126856093e-07 5.4851926908e-07
6.9885253906e+01 7.4328975868e-07 1.9957922777e-07 5.4371053091e-07
6.9946289062e+01 7.3748060787e-07 1.9797835317e-07 5.3950225471e-07
7.0007324219e+01 7.3246427950e-07 1.9649251926e-07 5.3597176024e-07
7.0068359375e+01 7.2749472528e-07 1.9502068417e-07 5.3247404111e-07
7.0129394531e+01 7.2204814636e-07 1.9357645584e-07 5.2847169051e-07
7.0190429688e+01 7.1652942105e-07 1.9232638824e-07 5.2420303281e-07
7.0251464844e+01 7.1148019025e-07 1.9130193961e-07 5.2017825064e-07
7.0312500000e+01 7.0649620621e-07 1.9020563135e-07 5.1629057487e-07
7.0373535156e+01 7.0076669050e-07 1.8871223018e-07 5.1205446032e-07
7.0434570312e+01 6.9435603913e-07 1.8688642127e-07 5.0746961786e-07
7.0495605469e+01 6.8805873488e-07 1.8507936318e-07 5.0297937170e-07
7.0556640625e+01 6.8220385017e-07 1.8347262072e-07 4.9873122945e-07
7.0617675781e+01 6.7632657390e-07 1.8192905554e-07 4.9439751836e-07
7.0678710938e+01 6.6993097323e-07 1.8025970075e-07 4.8967127248e-07
7.0739746094e+01 6.6305613730e-07 1.7846776243e-07 4.8458837487e-07
7.0800781250e+01 6.5607186464e-07 1.7669731318e-07 4.7937455146e-07
7.0861816406e+01 6.4931293631e-07 1.7503952153e-07 4.7427341478e-07
7.0922851562e+01 6.4296996849e-07 1.7344895277e-07 4.6952101572e-07
7.0983886719e+01 6.3692354448e-07 1.7179674510e-07 4.6512679939e-07
7.1044921875e+01 6.3067495589e-07 1.6998200259e-07 4.6069295330e-07
7.1105957031e+01 6.2386632978e-07 1.6804281434e-07 4.5582351545e-07
7.1166992188e+01 6.1666621959e-07 1.6612085796e-07 4.5054536164e-07
7.1228027344e+01 6.0931534896e-07 1.6427677947e-07 4.4503856950e-07
7.1289062500e+01 6.0178922204e-07 1.6243736914e-07 4.3935185290e-07
7.1350097656e+01 5.9416734762e-07 1.6054521595e-07 4.3362213167e-07
7.1411132812e+01 5.8684197123e-07 1.5865253644e-07 4.2818943479e-07
7.1472167969e+01 5.8010496401e-07 1.5683507183e-07 4.2326989219e-07
7.1533203125e+01 5.7367200898e-07 1.5505770806e-07 4.1861430092e-07
7.1594238281e+01 5.6688724884e-07 1.5319309481e-07 4.1369415404e-07
7.1655273438e+01 5.5957664478e-07 1.5121562148e-07 4.0836102330e-07
7.1716308594e+01 5.5238953289e-07 1.4929479516e-07 4.0309473773e-07
7.1777343750e+01 5.4606352110e-07 1.4762656822e-07 3.9843695288e-07
7.1838378906e+01 5.4073179960e-07 1.4625389869e-07 3.9447790091e-07
7.1899414062e+01 5.3601434042e-07 1.4507428811e-07 3.9094005231e-07
7.1960449219e+01 5.3133840362e-07 1.4392252594e-07 3.8741587768e-07
7.2021484375e+01 5.2626170176e-07 1.4265835177e-07 3.8360334999e-07
7.2082519531e+01 5.2083037603e-07 1.4124598090e-07 3.7958439513e-07
7.2143554688e+01 5.1547908692e-07 1.3974003200e-07 3.7573905492e-07
7.2204589844e+01 5.1045143766e-07 1.3820919033e-07 3.7224224733e-07
7.2265625000e+01 5.0552044887e-07 1.3670136319e-07 3.6881908568e-07
7.2326660156e+01 5.0035252347e-07 1.3524264456e-07 3.6510987891e-07
7.2387695312e+01 4.9493714710e-07 1.3383799805e-07 3.6109914906e-07
7.2448730469e+01 4.8955828181e-07 1.3248899777e-07 3.5706928403e-07
7.2509765625e+01 4.8454650775e-07 1.3122536735e-07 3.5332114040e-07
7.2570800781e+01 4.8014177794e-07 1.3009180632e-07 3.5004997162e-07
7.2631835938e+01 4.7634670402e-07 1.2907027396e-07 3.4727643006e-07
7.2692871094e+01 4.7284946515e-07 1.2806376072e-07 3.4478570443e-07
7.2753906250e+01 4.6930935175e-07 1.2701013693e-07 3.4229921482e-07
7.2814941406e+01 4.6565839235e-07 1.2594171236e-07 3.3971667999e-07
7.2875976562e+01 4.6191956109e-07 1.2487435685e-07 3.3704520424e-07
7.2937011719e+01 4.5793393181e-07 1.2372942815e-07 3.3420450366e-07
7.2998046875e+01 4.5353903892e-07 1.2243553791e-07 3.3110350101e-07
7.3059082031e+01 4.4884986166e-07 1.2103437078e-07 3.2781549088e-07
7.3120117188e+01 4.4420951291e-07 1.1964733144e-07 3.2456218148e-07
7.3181152344e+01 4.3997707254e-07 1.1839745965e-07 3.2157961288e-07
7.3242187500e+01 4.3629098464e-07 1.1734443290e-07 3.1894655174e-07
7.3303222656e+01 4.3289828574e-07 1.1642190567e-07 3.1647638007e-07
7.3364257812e+01 4.2936286620e-07 1.1548293412e-07 3.1387993208e-07
7.3425292969e+01 4.2553451731e-07 1.1446430361e-07 3.1107021370e-07
7.3486328125e+01 4.2168494224e-07 1.1344053875e-07 3.0824440349e-07
7.3547363281e+01 4.1820410862e-07 1.1249053785e-07 3.0571357077e-07
7.3608398438e+01 4.1534134838e-07 1.1161296714e-07 3.0372838125e-07
7.3669433594e+01 4.1315922128e-07 1.1079225255e-07 3.0236696872e-07
7.3730468750e+01 4.1146360785e-07 1.1003651153e-07 3.0142709631e-07
7.3791503906e+01 4.0981396115e-07 1.0932982980e-07 3.0048413135e-07
7.3852539062e+01 4.0781051085e-07 1.0861902335e-07 2.9919148751e-07
7.3913574219e+01 4.0536388481e-07 1.0785862426e-07 2.9750526055e-07
7.3974609375e+01 4.0268346281e-07 1.0705326102e-07 2.9563020178e-07
7.4035644531e+01 4.0009062379e-07 1.0625681007e-07 2.9383381373e-07
7.4096679688e+01 3.9774058709e-07 1.0550890257e-07 2.9223168453e-07
7.4157714844e+01 3.9544257281e-07 1.0477622565e-07 2.9066634716e-07
7.4218750000e+01 3.9287770010e-07 1.0399691825e-07 2.8888078184e-07
7.4279785156e+01 3.9000260845e-07 1.0317459446e-07 2.8682801400e-07
7.4340820312e+01 3.8715368584e-07 1.0240266765e-07 2.8475101819e-07
7.4401855469e+01 3.8481489078e-07 1.0180924360e-07 2.8300564718e-07
7.4462890625e+01 3.8322230471e-07 1.0145246457e-07 2.8176984014e-07
7.4523925781e+01 3.8202017534e-07 1.0122625868e-07 2.8079391667e-07
7.4584960938e+01 3.8045299637e-07 1.0091308811e-07 2.7953990826e-07
7.4645996094e+01 3.7807219874e-07 1.0036867849e-07 2.7770352025e-07
7.4707031250e+01 3.7509840705e-07 9.9623439575e-08 2.7547496748e-07
7.4768066406e+01 3.7206151944e-07 9.8812890238e-08 2.7324862920e-07
7.4829101562e+01 3.6928949771e-07 9.8043751079e-08 2.7124574663e-07
7.4890136719e+01 3.6677303776e-07 9.7320916385e-08 2.6945212137e-07
7.4951171875e+01 3.6437642277e-07 9.6601930244e-08 2.6777449252e-07
7.5012207031e+01 3.6203182974e-07 9.5894527095e-08 2.6613730265e-07
7.5073242188e+01 3.5972803069e-07 9.5252099517e-08 2.6447593117e-07
7.5134277344e+01 3.5745595610e-07 9.4693590360e-08 2.6276236574e-07
7.5195312500e+01 3.5516786567e-07 9.4161041447e-08 2.6100682423e-07
7.5256347656e+01 3.5273096970e-07 9.3556749035e-08 2.5917422067e-07
7.5317382812e+01 3.5005453653e-07 9.2841064556e-08 2.5721347197e-07
7.5378417969e+01 3.4730467713e-07 9.2092647035e-08 2.5521203009e-07
7.5439453125e+01 3.4476757062e-07 9.1427541183e-08 2.5334002944e-07
7.5500488281e+01 3.4242933948e-07 9.0851048137e-08 2.5157829134e-07
7.5561523438e+01 3.3993948286e-07 9.0241674877e-08 2.4969780799e-07
7.5622558594e+01 3.3708075945e-07 8.9504909291e-08 2.4757585016e-07
7.5683593750e+01 3.3404689121e-07 8.8689579864e-08 2.4535731134e-07
7.5744628906e+01 3.3118636848e-07 8.7922490244e-08 2.4326387824e-07
7.5805664062e+01 3.2868814896e-07 8.7285227466e-08 2.4140292150e-07
7.5866699219e+01 3.2654215960e-07 8.6773888911e-08 2.3976827069e-07
7.5927734375e+01 3.2458264146e-07 8.6319082319e-08 2.3826355914e-07
7.5988769531e+01 3.2256725638e-07 8.5836228527e-08 2.3673102786e-07
7.6049804688e+01 3.2039135502e-07 8.5292322437e-08 2.3509903258e-07
7.6110839844e+01 3.1818059805e-07 8.4710878540e-08 2.3346971951e-07
7.6171875000e+01 3.1606260827e-07 8.4109449548e-08 2.3195315873e-07
7.6232910156e+01 3.1397795184e-07 8.3486267745e-08 2.3049168410e-07
7.6293945312e+01 3.1183762817e-07 8.2872295087e-08 2.2896533309e-07
7.6354980469e+01 3.0969949743e-07 8.2324969698e-08 2.2737452773e-07
7.6416015625e+01 3.0763652300e-07 8.1849178980e-08 2.2578734402e-07
7.6477050781e+01 3.0557123203e-07 8.1375728834e-08 2.2419550319e-07
7.6538085938e+01 3.0334704533e-07 8.0827128322e-08 2.2251991700e-07
7.6599121094e+01 3.0085514393e-07 8.0167893105e-08 2.2068725082e-07
7.6660156250e+01 2.9807256726e-07 7.9401178299e-08 2.1867138896e-07
7.6721191406e+01 2.9508593019e-07 7.8562143352e-08 2.1652378684e-07
7.6782226562e+01 2.9208270915e-07 7.7719569814e-08 2.1436313934e-07
7.6843261719e+01 2.8923431026e-07 7.6944077634e-08 2.1229023263e-07
7.6904296875e+01 2.8654425848e-07 7.6246582354e-08 2.1029767613e-07
7.6965332031e+01 2.8384597841e-07 7.5566654537e-08 2.0827932387e-07
7.7026367188e+01 2.8102454287e-07 7.4852557642e-08 2.0617198523e-07
7.7087402344e+01 2.7817724301e-07 7.4128309685e-08 2.0404893333e-07
7.7148437500e+01 2.7543773592e-07 7.3440546414e-08 2.0199718951e-07
7.7209472656e+01 2.7276740604e-07 7.2775470006e-08 1.9999193604e-07
7.7270507812e+01 2.7006177159e-07 7.2080971817e-08 1.9798079977e-07
7.7331542969e+01 2.6734690492e-07 7.1347214465e-08 1.9599969046e-07
7.7392578125e+01 2.6478455798e-07 7.0631943186e-08 1.9415261480e-07
7.7453613281e+01 2.6255760487e-07 7.0018808690e-08 1.9253879618e-07
7.7514648438e+01 2.6073916273e-07 6.9551448841e-08 1.9118771389e-07
7.7575683594e+01 2.5919486625e-07 6.9186809519e-08 1.9000805673e-07
7.7636718750e+01 2.5763326527e-07 6.8813201268e-08 1.8882006400e-07
7.7697753906e+01 2.5581623118e-07 6.8334872025e-08 1.8748135916e-07
7.7758789062e+01 2.5376747538e-07 6.7756787026e-08 1.8601068836e-07
7.7819824219e+01 2.5177428776e-07 6.7181901542e-08 1.8459238621e-07
7.7880859375e+01 2.5013276108e-07 6.6712484564e-08 1.8342027652e-07
7.7941894531e+01 2.4889020419e-07 6.6364279924e-08 1.8252592427e-07
7.8002929688e+01 2.4782121918e-07 6.6070269849e-08 1.8175094933e-07
7.8063964844e+01 2.4656533068e-07 6.5728416514e-08 1.8083691417e-07
7.8125000000e+01 2.4483671318e-07 6.5253229233e-08 1.7958348394e-07
7.8186035156e+01 2.4265717652e-07 6.4636537421e-08 1.7802063910e-07
7.8247070312e+01 2.4036937146e-07 6.3968271142e-08 1.7640110031e-07
7.8308105469e+01 2.3833858409e-07 6.3363505829e-08 1.7497507826e-07
7.8369140625e+01 2.3667768489e-07 6.2865181694e-08 1.7381250319e-07
7.8430175781e+01 2.3523660449e-07 6.2429171883e-08 1.7280743261e-07
7.8491210938e+01 2.3377389421e-07 6.1989325830e-08 1.7178456838e-07
7.8552246094e+01 2.3219688954e-07 6.1532148773e-08 1.7066474077e-07
7.8613281250e+01 2.3067129470e-07 6.1113270015e-08 1.6955802469e-07
7.8674316406e+01 2.2939927365e-07 6.0786934052e-08 1.6861233960e-07
7.8735351562e+01 2.2830306990e-07 6.0522597071e-08 1.6778047283e-07
7.8796386719e+01 2.2707703489e-07 6.0222595492e-08 1.6685443940e-07
7.8857421875e+01 2.2557079693e-07 5.9829918125e-08 1.6574087881e-07
7.8918457031e+01 2.2398979434e-07 5.9393148416e-08 1.6459664592e-07
7.8979492188e+01 2.2269307782e-07 5.9017127676e-08 1.6367595015e-07
7.9040527344e+01 2.2186736991e-07 5.8766865238e-08 1.6310050467e-07
7.9101562500e+01 2.2137535840e-07 5.8616751893e-08 1.6275860651e-07
7.9162597656e+01 2.2086777043e-07 5.8475507670e-08 1.6239226276e-07
7.9223632812e+01 2.2005384215e-07 5.8260627131e-08 1.6179321502e-07
7.9284667969e+01 2.1887877301e-07 5.7953663937e-08 1.6092510908e-07
7.9345703125e+01 2.1748595458e-07 5.7591087897e-08 1.5989486668e-07
7.9406738281e+01 2.1607292833e-07 5.7218768180e-08 1.5885416015e-07
7.9467773438e+01 2.1474954245e-07 5.6854540852e-08 1.5789500160e-07
7.9528808594e+01 2.1346322617e-07 5.6479387890e-08 1.5698383828e-07
7.9589843750e+01 2.1206488435e-07 5.6059856316e-08 1.5600502804e-07
7.9650878906e+01 2.1048742858e-07 5.5586756542e-08 1.5490067203e-07
7.9711914062e+01 2.0884843125e-07 5.5093302347e-08 1.5375512890e-07
7.9772949219e+01 2.0734880132e-07 5.4627979841e-08 1.5272082148e-07
7.9833984375e+01 2.0611354981e-07 5.4220490688e-08 1.5189305912e-07
7.9895019531e+01 2.0512740722e-07 5.3875216186e-08 1.5125219103e-07
7.9956054688e+01 2.0423186925e-07 5.3568515968e-08 1.5066335328e-07
8.0017089844e+01 2.0319087566e-07 5.3249066162e-08 1.4994180949e-07
8.0078125000e+01 2.0185524176e-07 5.2872095304e-08 1.4898314646e-07
8.0139160156e+01 2.0025989001e-07 5.2436079934e-08 1.4782381008e-07
8.0200195312e+01 1.9854220329e-07 5.1971525064e-08 1.4657067823e-07
8.0261230469e+01 1.9684888335e-07 5.1514311192e-08 1.4533457216e-07
8.0322265625e+01 1.9529392216e-07 5.1093013490e-08 1.4420090867e-07
8.0383300781e+01 1.9390641904e-07 5.0712632251e-08 1.4319378679e-07
8.0444335938e+01 1.9266481045e-07 5.0359076624e-08 1.4230573382e-07
8.0505371094e+01 1.9157989681e-07 5.0032201996e-08 1.4154769481e-07
8.0566406250e+01 1.9063501698e-07 4.9746175128e-08 1.4088884185e-07
8.0627441406e+01 1.8967016154e-07 4.9486419629e-08 1.4018374191e-07
8.0688476562e+01 1.8842123801e-07 4.9188752114e-08 1.3923248589e-07
8.0749511719e+01 1.8671756501e-07 4.8785817751e-08 1.3793174726e-07
8.0810546875e+01 1.8468105349e-07 4.8285877640e-08 1.3639517585e-07
8.0871582031e+01 1.8268772999e-07 4.7782935112e-08 1.3490479487e-07
8.0932617188e+01 1.8105809910e-07 4.7369141062e-08 1.3368895804e-07
8.0993652344e+01 1.7981856982e-07 4.7057315235e-08 1.3276125458e-07
8.1054687500e+01 1.7874549304e-07 4.6788981906e-08 1.3195651113e-07
8.1115722656e+01 1.7755965805e-07 4.6491192385e-08 1.3106846567e-07
8.1176757812e+01 1.7613229970e-07 4.6129434509e-08 1.3000286519e-07
8.1237792969e+01 1.7456956549e-07 4.5721931741e-08 1.2884763374e-07
8.1298828125e+01 1.7310645509e-07 4.5322550452e-08 1.2778390464e-07
8.1359863281e+01 1.7195474447e-07 4.5002676339e-08 1.2695206813e-07
8.1420898438e+01 1.7119893305e-07 4.4812463390e-08 1.2638646965e-07
8.1481933594e+01 1.7073039238e-07 4.4729698504e-08 1.2600069388e-07
8.1542968750e+01 1.7029773107e-07 4.4669360562e-08 1.2562837051e-07
8.1604003906e+01 1.6969018685e-07 4.4554844002e-08 1.2513534285e-07
8.1665039062e+01 1.6887433787e-07 4.4366812279e-08 1.2450752559e-07
8.1726074219e+01 1.6793284459e-07 4.4127926384e-08 1.2380491821e-07
8.1787109375e+01 1.6691171523e-07 4.3862786639e-08 1.2304892859e-07
8.1848144531e+01 1.6579072337e-07 4.3581175798e-08 1.2220954758e-07
8.1909179688e+01 1.6456494782e-07 4.3281325041e-08 1.2128362278e-07
8.1970214844e+01 1.6328994642e-07 4.2961989156e-08 1.2032795727e-07
8.2031250000e+01 1.6207153334e-07 4.2643601306e-08 1.1942793204e-07
8.2092285156e+01 1.6100802556e-07 4.2362676339e-08 1.1864534922e-07
8.2153320312e+01 1.6008391900e-07 4.2126726225e-08 1.1795719278e-07
8.2214355469e+01 1.5914957591e-07 4.1896042019e-08 1.1725353389e-07
8.2275390625e+01 1.5809107959e-07 4.1633522310e-08 1.1645755728e-07
8.2336425781e+01 1.5699525303e-07 4.1358230262e-08 1.1563702276e-07
8.2397460938e+01 1.5604741470e-07 4.1123472314e-08 1.1492394238e-07
8.2458496094e+01 1.5527374215e-07 4.0943776879e-08 1.1432996527e-07
8.2519531250e+01 1.5448028589e-07 4.0765470565e-08 1.1371481533e-07
8.2580566406e+01 1.5345147746e-07 4.0513007469e-08 1.1293846999e-07
8.2641601562e+01 1.5214131928e-07 4.0154872524e-08 1.1198644676e-07
8.2702636719e+01 1.5066649434e-07 3.9728152679e-08 1.1093834166e-07
8.2763671875e+01 1.4916649206e-07 3.9304534062e-08 1.0986195800e-07
8.2824707031e+01 1.4770468414e-07 3.8931388278e-08 1.0877329586e-07
8.2885742188e+01 1.4625570012e-07 3.8596040305e-08 1.0765965981e-07
8.2946777344e+01 1.4471866671e-07 3.8233950158e-08 1.0648471656e-07
8.3007812500e+01 1.4299084511e-07 3.7784710362e-08 1.0520613475e-07
8.3068847656e+01 1.4110615761e-07 3.7260398994e-08 1.0384575861e-07
8.3129882812e+01 1.3925858462e-07 3.6744282460e-08 1.0251430216e-07
8.3190917969e+01 1.3762976879e-07 3.6305539194e-08 1.0132422959e-07
8.3251953125e+01 1.3623298810e-07 3.5935547402e-08 1.0029744070e-07
8.3312988281e+01 1.3496498993e-07 3.5586379670e-08 9.9378610265e-08
8.3374023438e+01 1.3375561639e-07 3.5247077323e-08 9.8508539062e-08
8.3435058594e+01 1.3259442295e-07 3.4946127659e-08 9.7648295290e-08
8.3496093750e+01 1.3144901661e-07 3.4689582665e-08 9.6759433947e-08
8.3557128906e+01 1.3027068792e-07 3.4440399266e-08 9.5830288651e-08
8.3618164062e+01 1.2909025828e-07 3.4166607184e-08 9.4923651100e-08
8.3679199219e+01 1.2800850256e-07 3.3878994682e-08 9.4129507877e-08
8.3740234375e+01 1.2707694765e-07 3.3615149545e-08 9.3461798103e-08
8.3801269531e+01 1.2627429649e-07 3.3410272324e-08 9.2864024163e-08
8.3862304688e+01 1.2557134233e-07 3.3276256895e-08 9.2295085440e-08
8.3923339844e+01 1.2491252200e-07 3.3179862182e-08 9.1732659814e-08
8.3984375000e+01 1.2417765741e-07 3.3050142025e-08 9.1127515387e-08
8.4045410156e+01 1.2325521110e-07 3.2831406195e-08 9.0423804905e-08
8.4106445312e+01 1.2213821423e-07 3.2528020095e-08 8.9610194138e-08
8.4167480469e+01 1.2091945905e-07 3.2191082206e-08 8.8728376840e-08
8.4228515625e+01 1.1970973669e-07 3.1868681208e-08 8.7841055482e-08
8.4289550781e+01 1.1856595168e-07 3.1575705422e-08 8.6990246255e-08
8.4350585938e+01 1.1748005672e-07 3.1304390773e-08 8.6175665947e-08
8.4411621094e+01 1.1642771173e-07 3.1050822301e-08 8.5376889427e-08
8.4472656250e+01 1.1540396371e-07 3.0817274613e-08 8.4586689093e-08
8.4533691406e+01 1.1440194665e-07 3.0592662125e-08 8.3809284529e-08
8.4594726562e+01 1.1341575388e-07 3.0357346132e-08 8.3058407749e-08
8.4655761719e+01 1.1247739626e-07 3.0108490335e-08 8.2368905921e-08
8.4716796875e+01 1.1162064259e-07 2.9859886654e-08 8.1760755939e-08
8.4777832031e+01 1.1081015071e-07 2.9622533949e-08 8.1187616758e-08
8.4838867188e+01 1.0995806299e-07 2.9395624321e-08 8.0562438673e-08
8.4899902344e+01 1.0899400428e-07 2.9166304390e-08 7.9827699894e-08
8.4960937500e+01 1.0792016054e-07 2.8920298283e-08 7.8999862256e-08
8.5021972656e+01 1.0683717860e-07 2.8662111558e-08 7.8175067038e-08
8.5083007812e+01 1.0588875432e-07 2.8416102455e-08 7.7472651863e-08
8.5144042969e+01 1.0514535876e-07 2.8204197237e-08 7.6941161526e-08
8.5205078125e+01 1.0454927577e-07 2.8028341337e-08 7.6520934430e-08
8.5266113281e+01 1.0396220625e-07 2.7869379358e-08 7.6092826893e-08
8.5327148438e+01 1.0327372933e-07 2.7702599981e-08 7.5571129350e-08
8.5388183594e+01 1.0250222372e-07 2.7523542544e-08 7.4978681174e-08
8.5449218750e+01 1.0176948778e-07 2.7351050932e-08 7.4418436850e-08
8.5510253906e+01 1.0114933656e-07 2.7197600833e-08 7.3951735727e-08
8.5571289062e+01 1.0059545343e-07 2.7053732820e-08 7.3541720607e-08
8.5632324219e+01 1.0004232913e-07 2.6907655020e-08 7.3134674115e-08
8.5693359375e+01 9.9500496768e-08 2.6758737817e-08 7.2741758951e-08
8.5754394531e+01 9.9005005956e-08 2.6603926132e-08 7.2401079824e-08
8.5815429688e+01 9.8532256496e-08 2.6430255649e-08 7.2102000847e-08
8.5876464844e+01 9.8035544891e-08 2.6234771338e-08 7.1800773553e-08
8.5937500000e+01 9.7520467613e-08 2.6038224472e-08 7.1482243140e-08
8.5998535156e+01 9.7002434016e-08 2.5858193157e-08 7.1144240858e-08
8.6059570312e+01 9.6429381090e-08 2.5677890996e-08 7.0751490094e-08
8.6120605469e+01 9.5738226932e-08 2.5465378720e-08 7.0272848212e-08
8.6181640625e+01 9.4960332885e-08 2.5219369651e-08 6.9740963234e-08
8.6242675781e+01 9.4207277943e-08 2.4978369000e-08 6.9228908943e-08
8.6303710938e+01 9.3573784496e-08 2.4786296410e-08 6.8787488085e-08
8.6364746094e+01 9.3088151810e-08 2.4658656732e-08 6.8429495079e-08
8.6425781250e+01 9.2722855117e-08 2.4576848015e-08 6.8146007102e-08
8.6486816406e+01 9.2411572353e-08 2.4504882649e-08 6.7906689704e-08
8.6547851562e+01 9.2084253517e-08 2.4415197635e-08 6.7669055882e-08
8.6608886719e+01 9.1728750883e-08 2.4306827479e-08 6.7421923404e-08
8.6669921875e+01 9.1394355062e-08 2.4197894272e-08 6.7196460789e-08
8.6730957031e+01 9.1110035137e-08 2.4101436522e-08 6.7008598616e-08
8.6791992188e+01 9.0843885461e-08 2.4016878963e-08 6.6827006498e-08
8.6853027344e+01 9.0567748552e-08 2.3943713517e-08 6.6624035035e-08
8.6914062500e+01 9.0309677453e-08 2.3889330253e-08 6.6420347200e-08
8.6975097656e+01 9.0108094003e-08 2.3855896404e-08 6.6252197599e-08
8.7036132812e+01 8.9959610524e-08 2.3831862383e-08 6.6127748141e-08
8.7097167969e+01 8.9845205780e-08 2.3808014834e-08 6.6037190946e-08
8.7158203125e+01 8.9756332812e-08 2.3787381044e-08 6.5968951768e-08
8.7219238281e+01 8.9656960800e-08 2.3764920879e-08 6.5892039921e-08
8.7280273438e+01 8.9474995671e-08 2.3714913240e-08 6.5760082431e-08
8.7341308594e+01 8.9179249940e-08 2.3617686382e-08 6.5561563558e-08
8.7402343750e+01 8.8815453263e-08 2.3485891168e-08 6.5329562096e-08
8.7463378906e+01 8.8426511150e-08 2.3347410190e-08 6.5079100960e-08
8.7524414062e+01 8.8002038675e-08 2.3214688287e-08 6.4787350388e-08
8.7585449219e+01 8.7543400745e-08 2.3084185848e-08 6.4459214897e-08
8.7646484375e+01 8.7105362576e-08 2.2953439149e-08 6.4151923427e-08
8.7707519531e+01 8.6739787121e-08 2.2828605517e-08 6.3911181604e-08
8.7768554688e+01 8.6444665523e-08 2.2720117987e-08 6.3724547535e-08
8.7829589844e+01 8.6164018771e-08 2.2628724987e-08 6.3535293784e-08
8.7890625000e+01 8.5805109540e-08 2.2532413495e-08 6.3272696044e-08
8.7951660156e+01 8.5298340757e-08 2.2400125615e-08 6.2898215141e-08
8.8012695312e+01 8.4681836195e-08 2.2227636721e-08 6.2454199474e-08
8.8073730469e+01 8.4089084359e-08 2.2048035158e-08 6.2041049201e-08
8.8134765625e+01 8.3619716976e-08 2.1897565364e-08 6.1722151612e-08
8.8195800781e+01 8.3240083461e-08 2.1779373302e-08 6.1460710159e-08
8.8256835938e+01 8.2824547010e-08 2.1666149165e-08 6.1158397845e-08
8.8317871094e+01 8.2272499970e-08 2.1528196541e-08 6.0744303429e-08
8.8378906250e+01 8.1564685872e-08 2.1351990774e-08 6.0212695098e-08
8.8439941406e+01 8.0743361005e-08 2.1143375866e-08 5.9599985139e-08
8.8500976562e+01 7.9891458458e-08 2.0926228514e-08 5.8965229944e-08
8.8562011719e+01 7.9108222531e-08 2.0732023943e-08 5.8376198588e-08
8.8623046875e+01 7.8455615989e-08 2.0579061939e-08 5.7876554049e-08
8.8684082031e+01 7.7923958390e-08 2.0461186895e-08 5.7462771495e-08
8.8745117188e+01 7.7439764977e-08 2.0354510642e-08 5.7085254335e-08
8.8806152344e+01 7.6894302168e-08 2.0229123372e-08 5.6665178796e-08
8.8867187500e+01 7.6199609827e-08 2.0061743689e-08 5.6137866138e-08
8.8928222656e+01 7.5352235969e-08 1.9851413272e-08 5.5500822698e-08
8.8989257812e+01 7.4440287351e-08 1.9623470090e-08 5.4816817261e-08
8.9050292969e+01 7.3580054119e-08 1.9409846724e-08 5.4170207395e-08
8.9111328125e+01 7.2832389684e-08 1.9223997427e-08 5.3608392256e-08
8.9172363281e+01 7.2165500334e-08 1.9057042569e-08 5.3108457765e-08
8.9233398438e+01 7.1504313661e-08 1.8894792864e-08 5.2609520797e-08
8.9294433594e+01 7.0818183192e-08 1.8732898793e-08 5.2085284399e-08
8.9355468750e+01 7.0145628450e-08 1.8575284565e-08 5.1570343885e-08
8.9416503906e+01 6.9529948224e-08 1.8424318996e-08 5.1105629228e-08
8.9477539062e+01 6.8952613800e-08 1.8277325735e-08 5.0675288065e-08
8.9538574219e+01 6.8354688449e-08 1.8129279071e-08 5.0225409377e-08
8.9599609375e+01 6.7719878493e-08 1.7977751429e-08 4.9742127064e-08
8.9660644531e+01 6.7098541577e-08 1.7827137530e-08 4.9271404047e-08
8.9721679688e+01 6.6538790572e-08 1.7685880274e-08 4.8852910299e-08
8.9782714844e+01 6.6041952872e-08 1.7562276598e-08 4.8479676274e-08
8.9843750000e+01 6.5593838600e-08 1.7462807770e-08 4.8131030829e-08
8.9904785156e+01 6.5183324552e-08 1.7383607457e-08 4.7799717095e-08
8.9965820312e+01 6.4784007432e-08 1.7304951899e-08 4.7479055534e-08
9.0026855469e+01 6.4369004359e-08 1.7209023473e-08 4.7159980887e-08
9.0087890625e+01 6.3951623315e-08 1.7103193576e-08 4.6848429739e-08
9.0148925781e+01 6.3575388965e-08 1.7012868678e-08 4.6562520287e-08
9.0209960938e+01 6.3256231845e-08 1.6948949814e-08 4.6307282031e-08
9.0270996094e+01 6.2959175697e-08 1.6892904453e-08 4.6066271244e-08
9.0332031250e+01 6.2641121858e-08 1.6820217688e-08 4.5820904170e-08
9.0393066406e+01 6.2299755560e-08 1.6730716534e-08 4.5569039026e-08
9.0454101562e+01 6.1973777864e-08 1.6647501006e-08 4.5326276858e-08
9.0515136719e+01 6.1701962876e-08 1.6589427374e-08 4.5112535502e-08
9.0576171875e+01 6.1481578098e-08 1.6551074969e-08 4.4930503129e-08
9.0637207031e+01 6.1270180416e-08 1.6510340208e-08 4.4759840208e-08
9.0698242188e+01 6.1034140982e-08 1.6452983121e-08 4.4581157861e-08
9.0759277344e+01 6.0782352508e-08 1.6386009051e-08 4.4396343456e-08
9.0820312500e+01 6.0532404507e-08 1.6322571248e-08 4.4209833259e-08
9.0881347656e+01 6.0259491608e-08 1.6258321473e-08 4.4001170135e-08
9.0942382812e+01 5.9916778437e-08 1.6175276803e-08 4.3741501633e-08
9.1003417969e+01 5.9503853603e-08 1.6068018918e-08 4.3435834685e-08
9.1064453125e+01 5.9079470078e-08 1.5951608774e-08 4.3127861304e-08
9.1125488281e+01 5.8692841188e-08 1.5840417740e-08 4.2852423448e-08
9.1186523438e+01 5.8330339017e-08 1.5731543981e-08 4.2598795036e-08
9.1247558594e+01 5.7951834597e-08 1.5615095160e-08 4.2336739437e-08
9.1308593750e+01 5.7549088008e-08 1.5490826894e-08 4.2058261114e-08
9.1369628906e+01 5.7148439248e-08 1.5368092420e-08 4.1780346828e-08
9.1430664062e+01 5.6785355983e-08 1.5256657028e-08 4.1528698954e-08
9.1491699219e+01 5.6481387794e-08 1.5161340229e-08 4.1320047565e-08
9.1552734375e+01 5.6224370797e-08 1.5080159953e-08 4.1144210844e-08
9.1613769531e+01 5.5986811519e-08 1.5008209992e-08 4.0978601527e-08
9.1674804688e+01 5.5772129165e-08 1.4946954426e-08 4.0825174738e-08
9.1735839844e+01 5.5607480474e-08 1.4903696003e-08 4.0703784471e-08
9.1796875000e+01 5.5485443011e-08 1.4876234777e-08 4.0609208235e-08
9.1857910156e+01 5.5347588552e-08 1.4844420801e-08 4.0503167751e-08
9.1918945312e+01 5.5136988997e-08 1.4784899517e-08 4.0352089480e-08
9.1979980469e+01 5.4862153449e-08 1.4694831416e-08 4.0167322033e-08
9.2041015625e+01 5.4608303099e-08 1.4598285883e-08 4.0010017216e-08
9.2102050781e+01 5.4462006726e-08 1.4524308782e-08 3.9937697944e-08
9.2163085938e+01 5.4412888169e-08 1.4477389462e-08 3.9935498707e-08
9.2224121094e+01 5.4351033334e-08 1.4433464111e-08 3.9917569223e-08
9.2285156250e+01 5.4157203741e-08 1.4362435276e-08 3.9794768466e-08
9.2346191406e+01 5.3789465114e-08 1.4252365354e-08 3.9537099760e-08
9.2407226562e+01 5.3311639184e-08 1.4118831456e-08 3.9192807728e-08
9.2468261719e+01 5.2841383876e-08 1.3991164691e-08 3.8850219184e-08
9.2529296875e+01 5.2451963831e-08 1.3884615801e-08 3.8567348030e-08
9.2590332031e+01 5.2130520342e-08 1.3790574105e-08 3.8339946238e-08
9.2651367188e+01 5.1824090926e-08 1.3695274928e-08 3.8128815998e-08
9.2712402344e+01 5.1505318460e-08 1.3600401591e-08 3.7904916869e-08
9.2773437500e+01 5.1195050628e-08 1.3521656695e-08 3.7673393934e-08
9.2834472656e+01 5.0925897037e-08 1.3468873848e-08 3.7457023189e-08
9.2895507812e+01 5.0697125773e-08 1.3433343842e-08 3.7263781931e-08
9.2956542969e+01 5.0485857495e-08 1.3399344047e-08 3.7086513448e-08
9.3017578125e+01 5.0290921941e-08 1.3363768898e-08 3.6927153043e-08
9.3078613281e+01 5.0134669849e-08 1.3336284840e-08 3.6798385009e-08
9.3139648438e+01 5.0019431722e-08 1.3320681855e-08 3.6698749867e-08
9.3200683594e+01 4.9903328676e-08 1.3304577622e-08 3.6598751054e-08
9.3261718750e+01 4.9726804581e-08 1.3269974394e-08 3.6456830187e-08
9.3322753906e+01 4.9464543375e-08 1.3210203258e-08 3.6254340118e-08
9.3383789062e+01 4.9151196648e-08 1.3135067065e-08 3.6016129583e-08
9.3444824219e+01 4.8849554987e-08 1.3060224848e-08 3.5789330138e-08
9.3505859375e+01 4.8601132947e-08 1.2994326757e-08 3.5606806190e-08
9.3566894531e+01 4.8407964369e-08 1.2936081340e-08 3.5471883029e-08
9.3627929688e+01 4.8234759938e-08 1.2876575459e-08 3.5358184479e-08
9.3688964844e+01 4.8024131235e-08 1.2803419735e-08 3.5220711500e-08
9.3750000000e+01 4.7739414905e-08 1.2710628668e-08 3.5028786238e-08
9.3811035156e+01 4.7397856109e-08 1.2604615030e-08 3.4793241078e-08
9.3872070312e+01 4.7046061821e-08 1.2495588232e-08 3.4550473589e-08
9.3933105469e+01 4.6715855356e-08 1.2388001832e-08 3.4327853524e-08
9.3994140625e+01 4.6419879144e-08 1.2284240042e-08 3.4135639102e-08
9.4055175781e+01 4.6168330398e-08 1.2191453215e-08 3.3976877183e-08
9.4116210938e+01 4.5963169473e-08 1.2117938628e-08 3.3845230845e-08
9.4177246094e+01 4.5778509170e-08 1.2062084974e-08 3.3716424195e-08
9.4238281250e+01 4.5565817345e-08 1.2007869887e-08 3.3557947458e-08
9.4299316406e+01 4.5296849587e-08 1.1937129297e-08 3.3359720290e-08
9.4360351562e+01 4.5002657929e-08 1.1848910856e-08 3.3153747073e-08
9.4421386719e+01 4.4744710142e-08 1.1760037674e-08 3.2984672468e-08
9.4482421875e+01 4.4539688165e-08 1.1684007334e-08 3.2855680831e-08
9.4543457031e+01 4.4346421673e-08 1.1618505849e-08 3.2727915824e-08
9.4604492188e+01 4.4135290694e-08 1.1555019910e-08 3.2580270785e-08
9.4665527344e+01 4.3932622107e-08 1.1491834667e-08 3.2440787441e-08
9.4726562500e+01 4.3781340656e-08 1.1435768463e-08 3.2345572193e-08
9.4787597656e+01 4.3684351415e-08 1.1394543449e-08 3.2289807966e-08
9.4848632812e+01 4.3602497645e-08 1.1367602363e-08 3.2234895282e-08
9.4909667969e+01 4.3494007546e-08 1.1343100460e-08 3.2150907086e-08
9.4970703125e+01 4.3347209957e-08 1.1305485464e-08 3.2041724492e-08
9.5031738281e+01 4.3186102099e-08 1.1250493882e-08 3.1935608217e-08
9.5092773438e+01 4.3051099654e-08 1.1192770742e-08 3.1858328912e-08
9.5153808594e+01 4.2966061301e-08 1.1152999613e-08 3.1813061688e-08
9.5214843750e+01 4.2916269384e-08 1.1136450780e-08 3.1779818604e-08
9.5275878906e+01 4.2862299260e-08 1.1128871718e-08 3.1733427542e-08
9.5336914062e+01 4.2780382305e-08 1.1113551741e-08 3.1666830564e-08
9.5397949219e+01 4.2682688791e-08 1.1086779337e-08 3.1595909454e-08
9.5458984375e+01 4.2594627144e-08 1.1055448426e-08 3.1539178718e-08
9.5520019531e+01 4.2528848517e-08 1.1026974670e-08 3.1501873847e-08
9.5581054688e+01 4.2489883272e-08 1.1006166803e-08 3.1483716469e-08
9.5642089844e+01 4.2481767178e-08 1.0996034029e-08 3.1485733149e-08
9.5703125000e+01 4.2496275094e-08 1.0995800095e-08 3.1500474999e-08
9.5764160156e+01 4.2507846053e-08 1.0999665513e-08 3.1508180540e-08
9.5825195312e+01 4.2491155749e-08 1.1000450744e-08 3.1490705004e-08
9.5886230469e+01 4.2442089782e-08 1.0995588764e-08 3.1446501018e-08
9.5947265625e+01 4.2379713376e-08 1.0988648106e-08 3.1391065271e-08
9.6008300781e+01 4.2322275912e-08 1.0982095891e-08 3.1340180021e-08
9.6069335938e+01 4.2260111408e-08 1.0968927140e-08 3.1291184268e-08
9.6130371094e+01 4.2162523096e-08 1.0936823866e-08 3.1225699230e-08
9.6191406250e+01 4.2012860273e-08 1.0883054741e-08 3.1129805532e-08
9.6252441406e+01 4.1826616380e-08 1.0820730234e-08 3.1005886146e-08
9.6313476562e+01 4.1634772866e-08 1.0766973453e-08 3.0867799413e-08
9.6374511719e+01 4.1456869490e-08 1.0727539719e-08 3.0729329771e-08
9.6435546875e+01 4.1289611944e-08 1.0694351008e-08 3.0595260936e-08
9.6496582031e+01 4.1118632571e-08 1.0656523117e-08 3.0462109454e-08
9.6557617188e+01 4.0939640632e-08 1.0613486274e-08 3.0326154358e-08
9.6618652344e+01 4.0759071668e-08 1.0574477778e-08 3.0184593890e-08
9.6679687500e+01 4.0572345553e-08 1.0543546393e-08 3.0028799160e-08
9.6740722656e+01 4.0356979202e-08 1.0511806652e-08 2.9845172550e-08
9.6801757812e+01 4.0093009081e-08 1.0467688528e-08 2.9625320553e-08
9.6862792969e+01 3.9782359195e-08 1.0408992303e-08 2.9373366892e-08
9.6923828125e+01 3.9449352241e-08 1.0343201921e-08 2.9106150320e-08
9.6984863281e+01 3.9127204801e-08 1.0279681368e-08 2.8847523433e-08
9.7045898438e+01 3.8839442979e-08 1.0222772956e-08 2.8616670023e-08
9.7106933594e+01 3.8585800978e-08 1.0171678480e-08 2.8414122498e-08
9.7167968750e+01 3.8341872172e-08 1.0124410229e-08 2.8217461943e-08
9.7229003906e+01 3.8072829385e-08 1.0076851328e-08 2.7995978057e-08
9.7290039062e+01 3.7753321171e-08 1.0018460051e-08 2.7734861120e-08
9.7351074219e+01 3.7385346859e-08 9.9378331522e-09 2.7447513707e-08
9.7412109375e+01 3.6999806967e-08 9.8366864122e-09 2.7163120555e-08
9.7473144531e+01 3.6630963848e-08 9.7318564525e-09 2.6899107395e-08
9.7534179688e+01 3.6286670387e-08 9.6391009500e-09 2.6647569437e-08
9.7595214844e+01 3.5944937647e-08 9.5567593895e-09 2.6388178257e-08
9.7656250000e+01 3.5572660856e-08 9.4671714454e-09 2.6105489411e-08
9.7717285156e+01 3.5152012133e-08 9.3565047418e-09 2.5795507391e-08
9.7778320312e+01 3.4697752894e-08 9.2321081864e-09 2.5465644708e-08
9.7839355469e+01 3.4241373745e-08 9.1141737244e-09 2.5127200021e-08
9.7900390625e+01 3.3798697110e-08 9.0115638561e-09 2.4787133254e-08
9.7961425781e+01 3.3363555027e-08 8.9138603475e-09 2.4449694679e-08
9.8022460938e+01 3.2925360016e-08 8.8076228409e-09 2.4117737175e-08
9.8083496094e+01 3.2485895844e-08 8.6948576160e-09 2.3791038228e-08
9.8144531250e+01 3.2063168177e-08 8.5911870101e-09 2.3471981166e-08
9.8205566406e+01 3.1669516986e-08 8.5047021716e-09 2.3164814814e-08
9.8266601562e+01 3.1286330190e-08 8.4231508638e-09 2.2863179326e-08
9.8327636719e+01 3.0881196572e-08 8.3285433690e-09 2.2552653203e-08
9.8388671875e+01 3.0445589395e-08 8.2180842949e-09 2.2227505100e-08
9.8449707031e+01 2.9996409693e-08 8.1032035400e-09 2.1893206153e-08
9.8510742188e+01 2.9549439750e-08 7.9935840993e-09 2.1555855650e-08
9.8571777344e+01 2.9107923469e-08 7.8897275070e-09 2.1218195962e-08
9.8632812500e+01 2.8672541544e-08 7.7885122886e-09 2.0884029256e-08
9.8693847656e+01 2.8247808919e-08 7.6891249408e-09 2.0558683979e-08
9.8754882812e+01 2.7835723716e-08 7.5924949582e-09 2.0243228758e-08
9.8815917969e+01 2.7435183568e-08 7.4988777211e-09 1.9936305847e-08
9.8876953125e+01 2.7049465325e-08 7.4069718188e-09 1.9642493506e-08
9.8937988281e+01 2.6682627702e-08 7.3135879635e-09 1.9369039738e-08
9.8999023438e+01 2.6331047918e-08 7.2154785377e-09 1.9115569380e-08
9.9060058594e+01 2.5986874078e-08 7.1132800694e-09 1.8873594009e-08
9.9121093750e+01 2.5645491997e-08 7.0124071274e-09 1.8633084870e-08
9.9182128906e+01 2.5307033247e-08 6.9188609096e-09 1.8388172337e-08
9.9243164062e+01 2.4976795162e-08 6.8349001319e-09 1.8141895030e-08
9.9304199219e+01 2.4668525535e-08 6.7599913429e-09 1.7908534192e-08
9.9365234375e+01 2.4402191578e-08 6.6941825757e-09 1.7708009002e-08
9.9426269531e+01 2.4188116893e-08 6.6368208559e-09 1.7551296037e-08
9.9487304688e+01 2.4012184098e-08 6.5831400630e-09 1.7429044035e-08
9.9548339844e+01 2.3845347857e-08 6.5270188826e-09 1.7318328975e-08
9.9609375000e+01 2.3669197670e-08 6.4676192526e-09 1.7201578417e-08
9.9670410156e+01 2.3487696934e-08 6.4106597555e-09 1.7077037179e-08
9.9731445312e+01 2.3317589620e-08 6.3631337777e-09 1.6954455842e-08
9.9792480469e+01 2.3172545629e-08 6.3275333906e-09 1.6845012238e-08
9.9853515625e+01 2.3054157510e-08 6.3005960171e-09 1.6753561493e-08
9.9914550781e+01 2.2954073676e-08 6.2767942245e-09 1.6677279451e-08
9.9975585938e+01 2.2861985013e-08 6.2515878150e-09 1.6610397198e-08
1.0003662109e+02 2.2771086685e-08 6.2216675239e-09 1.6549419161e-08
1.0009765625e+02 2.2680270900e-08 6.1858347590e-09 1.6494436141e-08
1.0015869141e+02 2.2594607023e-08 6.1472433029e-09 1.6447363721e-08
1.0021972656e+02 2.2522282986e-08 6.1124649597e-09 1.6409818027e-08
1.0028076172e+02 2.2470274144e-08 6.0870956961e-09 1.6383178448e-08
1.0034179688e+02 2.2440060145e-08 6.0715127649e-09 1.6368547380e-08
1.0040283203e+02 2.2421655750e-08 6.0593003302e-09 1.6362355420e-08
1.0046386719e+02 2.2397613232e-08 6.0417458098e-09 1.6355867423e-08
1.0052490234e+02 2.2361014243e-08 6.0162728214e-09 1.6344741421e-08
1.0058593750e+02 2.2320707262e-08 5.9879057272e-09 1.6332801535e-08
1.0064697266e+02 2.2284993247e-08 5.9620708855e-09 1.6322922362e-08
1.0070800781e+02 2.2253281888e-08 5.9398509380e-09 1.6313430950e-08
1.0076904297e+02 2.2227113786e-08 5.9201732409e-09 1.6306940545e-08
1.0083007812e+02 2.2216905589e-08 5.9033997387e-09 1.6313505851e-08
1.0089111328e+02 2.2229010806e-08 5.8912136779e-09 1.6337797128e-08
1.0095214844e+02 2.2251727631e-08 5.8831497881e-09 1.6368577843e-08
1.0101318359e+02 2.2264950769e-08 5.8757487438e-09 1.6389202025e-08
1.0107421875e+02 2.2263893101e-08 5.8673344319e-09 1.6396558669e-08
1.0113525391e+02 2.2265113652e-08 5.8615612790e-09 1.6403552373e-08
1.0119628906e+02 2.2286136242e-08 5.8635509629e-09 1.6422585280e-08
1.0125732422e+02 2.2324227712e-08 5.8730635879e-09 1.6451164124e-08
1.0131835938e+02 2.2359077923e-08 5.8831125378e-09 1.6475965385e-08
1.0137939453e+02 2.2372899297e-08 5.8861054241e-09 1.6486793872e-08
1.0144042969e+02 2.2362980481e-08 5.8801684924e-09 1.6482811989e-08
1.0150146484e+02 2.2334879420e-08 5.8673874779e-09 1.6467491942e-08
1.0156250000e+02 2.2287914422e-08 5.8472323660e-09 1.6440682056e-08
1.0162353516e+02 2.2212314094e-08 5.8155581082e-09 1.6396755985e-08
1.0168457031e+02 2.2102726458e-08 5.7713353460e-09 1.6331391112e-08
1.0174560547e+02 2.1968583886e-08 5.7213960722e-09 1.6247187814e-08
1.0180664062e+02 2.1824649033e-08 5.6749569823e-09 1.6149692051e-08
1.0186767578e+02 2.1678874298e-08 5.6347626319e-09 1.6044111666e-08
1.0192871094e+02 2.1536119069e-08 5.5967256269e-09 1.5939393442e-08
1.0198974609e+02 2.1401794453e-08 5.5564665683e-09 1.5845327885e-08
1.0205078125e+02 2.1273580631e-08 5.5136960161e-09 1.5759884614e-08
1.0211181641e+02 2.1141208183e-08 5.4720426109e-09 1.5669165572e-08
1.0217285156e+02 2.1000591159e-08 5.4355585230e-09 1.5565032636e-08
1.0223388672e+02 2.0858458314e-08 5.4036920849e-09 1.5454766229e-08
1.0229492188e+02 2.0723608729e-08 5.3712407165e-09 1.5352368012e-08
1.0235595703e+02 2.0602717659e-08 5.3358271832e-09 1.5266890476e-08
1.0241699219e+02 2.0495992552e-08 5.3015888718e-09 1.5194403680e-08
1.0247802734e+02 2.0386972231e-08 5.2713112264e-09 1.5115661005e-08
1.0253906250e+02 2.0249580296e-08 5.2394790127e-09 1.5010101283e-08
1.0260009766e+02 2.0075967792e-08 5.1983890575e-09 1.4877578735e-08
1.0266113281e+02 1.9889353111e-08 5.1488715872e-09 1.4740481524e-08
1.0272216797e+02 1.9722871033e-08 5.1011464164e-09 1.4621724616e-08
1.0278320312e+02 1.9587952679e-08 5.0647546006e-09 1.4523198078e-08
1.0284423828e+02 1.9465835859e-08 5.0391454110e-09 1.4426690448e-08
1.0290527344e+02 1.9329750232e-08 5.0151366046e-09 1.4314613627e-08
1.0296630859e+02 1.9172283579e-08 4.9846356990e-09 1.4187647880e-08
1.0302734375e+02 1.9009154066e-08 4.9478957919e-09 1.4061258274e-08
1.0308837891e+02 1.8860006143e-08 4.9120289933e-09 1.3947977149e-08
1.0314941406e+02 1.8726596679e-08 4.8825147233e-09 1.3844081956e-08
1.0321044922e+02 1.8587246043e-08 4.8561384783e-09 1.3731107564e-08
1.0327148438e+02 1.8418046903e-08 4.8245266860e-09 1.3593520217e-08
1.0333251953e+02 1.8223129118e-08 4.7850466528e-09 1.3438082465e-08
1.0339355469e+02 1.8035268637e-08 4.7446952867e-09 1.3290573350e-08
1.0345458984e+02 1.7882862587e-08 4.7118088235e-09 1.3171053763e-08
1.0351562500e+02 1.7764947835e-08 4.6871937352e-09 1.3077754100e-08
1.0357666016e+02 1.7658911520e-08 4.6648318956e-09 1.2994079624e-08
1.0363769531e+02 1.7541721752e-08 4.6382444265e-09 1.2903477325e-08
1.0369873047e+02 1.7403986085e-08 4.6050596785e-09 1.2798926406e-08
1.0375976562e+02 1.7253612920e-08 4.5678032100e-09 1.2685809710e-08
1.0382080078e+02 1.7106810321e-08 4.5312288447e-09 1.2575581476e-08
1.0388183594e+02 1.6970444827e-08 4.4979881763e-09 1.2472456651e-08
1.0394287109e+02 1.6834237809e-08 4.4666066802e-09 1.2367631128e-08
1.0400390625e+02 1.6683161316e-08 4.4335135146e-09 1.2249647802e-08
1.0406494141e+02 1.6514992436e-08 4.3964727587e-09 1.2118519677e-08
1.0412597656e+02 1.6341848434e-08 4.3560349975e-09 1.1985813437e-08
1.0418701172e+02 1.6176941938e-08 4.3148874714e-09 1.1862054466e-08
1.0424804688e+02 1.6026139306e-08 4.2768871770e-09 1.1749252129e-08
1.0430908203e+02 1.5890074930e-08 4.2450642143e-09 1.1645010716e-08
1.0437011719e+02 1.5765683763e-08 4.2185583122e-09 1.1547125451e-08
1.0443115234e+02 1.5647174747e-08 4.1931389399e-09 1.1454035807e-08
1.0449218750e+02 1.5532541953e-08 4.1665455254e-09 1.1365996427e-08
1.0455322266e+02 1.5427617480e-08 4.1418114548e-09 1.1285806026e-08
1.0461425781e+02 1.5339266661e-08 4.1236204935e-09 1.1215646168e-08
1.0467529297e+02 1.5264850082e-08 4.1119458875e-09 1.1152904194e-08
1.0473632812e+02 1.5192473633e-08 4.1011231111e-09 1.1091350522e-08
1.0479736328e+02 1.5114608618e-08 4.0862417237e-09 1.1028366894e-08
1.0485839844e+02 1.5036472028e-08 4.0685911705e-09 1.0967880857e-08
1.0491943359e+02 1.4966218728e-08 4.0527680218e-09 1.0913450706e-08
1.0498046875e+02 1.4902942732e-08 4.0402914439e-09 1.0862651288e-08
1.0504150391e+02 1.4838023841e-08 4.0279406693e-09 1.0810083171e-08
1.0510253906e+02 1.4762857856e-08 4.0109898546e-09 1.0751868002e-08
1.0516357422e+02 1.4673992865e-08 3.9875259858e-09 1.0686466879e-08
1.0522460938e+02 1.4576026632e-08 3.9606579859e-09 1.0615368646e-08
1.0528564453e+02 1.4481365948e-08 3.9361600179e-09 1.0545205930e-08
1.0534667969e+02 1.4402690315e-08 3.9173906273e-09 1.0485299688e-08
1.0540771484e+02 1.4342777966e-08 3.9031662474e-09 1.0439611718e-08
1.0546875000e+02 1.4293277156e-08 3.8903193591e-09 1.0402957797e-08
1.0552978516e+02 1.4243755398e-08 3.8769778808e-09 1.0366777517e-08
1.0559082031e+02 1.4190379467e-08 3.8631813637e-09 1.0327198103e-08
1.0565185547e+02 1.4135120811e-08 3.8493243387e-09 1.0285796473e-08
1.0571289062e+02 1.4077326442e-08 3.8344387519e-09 1.0242887690e-08
1.0577392578e+02 1.4011138790e-08 3.8161877269e-09 1.0194951063e-08
1.0583496094e+02 1.3935188137e-08 3.7933966207e-09 1.0141791516e-08
1.0589599609e+02 1.3858842771e-08 3.7683245627e-09 1.0090518208e-08
1.0595703125e+02 1.3793322738e-08 3.7449822259e-09 1.0048340512e-08
1.0601806641e+02 1.3739868697e-08 3.7250709405e-09 1.0014797757e-08
1.0607910156e+02 1.3690052823e-08 3.7067496394e-09 9.9833031832e-09
1.0614013672e+02 1.3635211435e-08 3.6873336942e-09 9.9478777410e-09
1.0620117188e+02 1.3571967028e-08 3.6657404065e-09 9.9062266215e-09
1.0626220703e+02 1.3501456921e-08 3.6421312322e-09 9.8593256887e-09
1.0632324219e+02 1.3427274992e-08 3.6164671474e-09 9.8108078447e-09
1.0638427734e+02 1.3351727881e-08 3.5882124698e-09 9.7635154108e-09
1.0644531250e+02 1.3273507087e-08 3.5576115787e-09 9.7158955079e-09
1.0650634766e+02 1.3192092071e-08 3.5267755951e-09 9.6653164763e-09
1.0656738281e+02 1.3110845163e-08 3.4983098472e-09 9.6125353160e-09
1.0662841797e+02 1.3032759026e-08 3.4727049654e-09 9.5600540604e-09
1.0668945312e+02 1.2958602503e-08 3.4482870807e-09 9.5103154224e-09
1.0675048828e+02 1.2890730263e-08 3.4239854795e-09 9.4667447838e-09
1.0681152344e+02 1.2833582506e-08 3.4009217823e-09 9.4326607240e-09
1.0687255859e+02 1.2788885967e-08 3.3806671027e-09 9.4082188646e-09
1.0693359375e+02 1.2751509303e-08 3.3625524014e-09 9.3889569014e-09
1.0699462891e+02 1.2711008072e-08 3.3435047030e-09 9.3675033688e-09
1.0705566406e+02 1.2660915739e-08 3.3215227057e-09 9.3393930330e-09
1.0711669922e+02 1.2606709826e-08 3.2991976562e-09 9.3075121697e-09
1.0717773438e+02 1.2558863602e-08 3.2816903168e-09 9.2771732857e-09
1.0723876953e+02 1.2518817635e-08 3.2705984042e-09 9.2482192310e-09
1.0729980469e+02 1.2476546550e-08 3.2612973903e-09 9.2152491594e-09
1.0736083984e+02 1.2420120102e-08 3.2469529816e-09 9.1731671201e-09
1.0742187500e+02 1.2346663102e-08 3.2253474608e-09 9.1213156414e-09
1.0748291016e+02 1.2264979710e-08 3.2012005903e-09 9.0637791200e-09
1.0754394531e+02 1.2186436184e-08 3.1805726848e-09 9.0058634995e-09
1.0760498047e+02 1.2116885632e-08 3.1646657262e-09 8.9522199055e-09
1.0766601562e+02 1.2059371625e-08 3.1510960674e-09 8.9082755575e-09
1.0772705078e+02 1.2017117271e-08 3.1390515657e-09 8.8780657058e-09
1.0778808594e+02 1.1990393272e-08 3.1307958700e-09 8.8595974017e-09
1.0784912109e+02 1.1974004960e-08 3.1283636221e-09 8.8456413382e-09
1.0791015625e+02 1.1957694982e-08 3.1293152327e-09 8.8283797488e-09
1.0797119141e+02 1.1930383743e-08 3.1268978392e-09 8.8034859039e-09
1.0803222656e+02 1.1889729693e-08 3.1163674453e-09 8.7733622474e-09
1.0809326172e+02 1.1847637205e-08 3.1011667933e-09 8.7464704120e-09
1.0815429688e+02 1.1821494369e-08 3.0906930291e-09 8.7308013397e-09
1.0821533203e+02 1.1817770110e-08 3.0907975958e-09 8.7269725144e-09
1.0827636719e+02 1.1824795874e-08 3.0973664606e-09 8.7274294131e-09
1.0833740234e+02 1.1822159812e-08 3.0998575894e-09 8.7223022231e-09
1.0839843750e+02 1.1798504488e-08 3.0912512514e-09 8.7072532361e-09
1.0845947266e+02 1.1760890976e-08 3.0747006545e-09 8.6861903211e-09
1.0852050781e+02 1.1725812692e-08 3.0598539422e-09 8.6659587497e-09
1.0858154297e+02 1.1702306968e-08 3.0527968915e-09 8.6495100761e-09
1.0864257812e+02 1.1685637998e-08 3.0509553237e-09 8.6346826745e-09
1.0870361328e+02 1.1665681603e-08 3.0478293122e-09 8.6178522905e-09
1.0876464844e+02 1.1638455593e-08 3.0407889741e-09 8.5976666191e-09
1.0882568359e+02 1.1607842916e-08 3.0326082836e-09 8.5752346320e-09
1.0888671875e+02 1.1577480691e-08 3.0260165892e-09 8.5514641022e-09
1.0894775391e+02 1.1545503374e-08 3.0193604547e-09 8.5261429192e-09
1.0900878906e+02 1.1508278195e-08 3.0090331440e-09 8.4992450506e-09
1.0906982422e+02 1.1465999966e-08 2.9948669379e-09 8.4711330285e-09
1.0913085938e+02 1.1423941184e-08 2.9813108711e-09 8.4426303127e-09
1.0919189453e+02 1.1388019391e-08 2.9726119996e-09 8.4154073915e-09
1.0925292969e+02 1.1357495047e-08 2.9673421197e-09 8.3901529269e-09
1.0931396484e+02 1.1324470859e-08 2.9589689682e-09 8.3655018911e-09
1.0937500000e+02 1.1282282975e-08 2.9424425177e-09 8.3398404576e-09
1.0943603516e+02 1.1231110554e-08 2.9195210592e-09 8.3115894946e-09
1.0949707031e+02 1.1175405347e-08 2.8969760511e-09 8.2784292961e-09
1.0955810547e+02 1.1119620688e-08 2.8799910006e-09 8.2396296873e-09
1.0961914062e+02 1.1066454339e-08 2.8679516204e-09 8.1985027186e-09
1.0968017578e+02 1.1015599704e-08 2.8561596555e-09 8.1594400488e-09
1.0974121094e+02 1.0962434327e-08 2.8405305221e-09 8.1219038046e-09
1.0980224609e+02 1.0901179840e-08 2.8208015810e-09 8.0803782591e-09
1.0986328125e+02 1.0832962451e-08 2.8003405750e-09 8.0326218755e-09
1.0992431641e+02 1.0766805552e-08 2.7827137232e-09 7.9840918287e-09
1.0998535156e+02 1.0708364488e-08 2.7680336370e-09 7.9403308508e-09
1.1004638672e+02 1.0653719172e-08 2.7538197678e-09 7.8998994043e-09
1.1010742188e+02 1.0597816177e-08 2.7392010849e-09 7.8586150922e-09
1.1016845703e+02 1.0541654076e-08 2.7261001899e-09 7.8155538859e-09
1.1022949219e+02 1.0489045428e-08 2.7163694345e-09 7.7726759931e-09
1.1029052734e+02 1.0442010762e-08 2.7094811607e-09 7.7325296009e-09
1.1035156250e+02 1.0399357802e-08 2.7031173334e-09 7.6962404682e-09
1.1041259766e+02 1.0356020772e-08 2.6951653464e-09 7.6608554258e-09
1.1047363281e+02 1.0304523675e-08 2.6849523467e-09 7.6195713286e-09
1.1053466797e+02 1.0240632194e-08 2.6733094808e-09 7.5673227132e-09
1.1059570312e+02 1.0167646910e-08 2.6617657150e-09 7.5058811953e-09
1.1065673828e+02 1.0092095203e-08 2.6509919189e-09 7.4411032836e-09
1.1071777344e+02 1.0016206104e-08 2.6402158712e-09 7.3759902325e-09
1.1077880859e+02 9.9381343120e-09 2.6285772722e-09 7.3095570398e-09
1.1083984375e+02 9.8569950218e-09 2.6161330385e-09 7.2408619832e-09
1.1090087891e+02 9.7731863528e-09 2.6031535403e-09 7.1700328125e-09
1.1096191406e+02 9.6870967550e-09 2.5897211471e-09 7.0973756080e-09
1.1102294922e+02 9.6015704196e-09 2.5766705357e-09 7.0248998839e-09
1.1108398438e+02 9.5217696905e-09 2.5656151852e-09 6.9561545053e-09
1.1114501953e+02 9.4491450060e-09 2.5569512339e-09 6.8921937721e-09
1.1120605469e+02 9.3786791604e-09 2.5487971883e-09 6.8298819721e-09
1.1126708984e+02 9.3042320196e-09 2.5389849790e-09 6.7652470406e-09
1.1132812500e+02 9.2236049676e-09 2.5271735955e-09 6.6964313721e-09
1.1138916016e+02 9.1370735815e-09 2.5140842707e-09 6.6229893108e-09
1.1145019531e+02 9.0450245982e-09 2.4998346882e-09 6.5451899099e-09
1.1151123047e+02 8.9497151404e-09 2.4842661896e-09 6.4654489509e-09
1.1157226562e+02 8.8562077001e-09 2.4681222083e-09 6.3880854918e-09
1.1163330078e+02 8.7686155647e-09 2.4527551041e-09 6.3158604606e-09
1.1169433594e+02 8.6870811087e-09 2.4390355076e-09 6.2480456010e-09
1.1175537109e+02 8.6096481142e-09 2.4270031380e-09 6.1826449762e-09
1.1181640625e+02 8.5347373819e-09 2.4160117648e-09 6.1187256170e-09
1.1187744141e+02 8.4604360146e-09 2.4048008618e-09 6.0556351528e-09
1.1193847656e+02 8.3837521744e-09 2.3918584398e-09 5.9918937346e-09
1.1199951172e+02 8.3031543436e-09 2.3765137753e-09 5.9266405683e-09
1.1206054688e+02 8.2211910165e-09 2.3598506843e-09 5.8613403322e-09
1.1212158203e+02 8.1421793709e-09 2.3437476554e-09 5.7984317155e-09
1.1218261719e+02 8.0674493815e-09 2.3288172820e-09 5.7386320995e-09
1.1224365234e+02 7.9956170152e-09 2.3142302958e-09 5.6813867194e-09
1.1230468750e+02 7.9269087831e-09 2.2993879761e-09 5.6275208070e-09
1.1236572266e+02 7.8641636421e-09 2.2846924981e-09 5.5794711440e-09
1.1242675781e+02 7.8114664988e-09 2.2712561120e-09 5.5402103868e-09
1.1248779297e+02 7.7740908624e-09 2.2607362734e-09 5.5133545890e-09
1.1254882812e+02 7.7563497426e-09 2.2548128391e-09 5.5015369034e-09
1.1260986328e+02 7.7576484270e-09 2.2542455531e-09 5.5034028740e-09
1.1267089844e+02 7.7728679557e-09 2.2583035958e-09 5.5145643599e-09
1.1273193359e+02 7.7963268613e-09 2.2647474403e-09 5.5315794210e-09
1.1279296875e+02 7.8235173847e-09 2.2706444855e-09 5.5528728992e-09
1.1285400391e+02 7.8510707070e-09 2.2743071877e-09 5.5767635192e-09
1.1291503906e+02 7.8784614973e-09 2.2769657075e-09 5.6014957897e-09
1.1297607422e+02 7.9091035329e-09 2.2818956125e-09 5.6272079204e-09
1.1303710938e+02 7.9471481372e-09 2.2910793700e-09 5.6560687672e-09
1.1309814453e+02 7.9930749997e-09 2.3029365251e-09 5.6901384746e-09
1.1315917969e+02 8.0438493101e-09 2.3142202585e-09 5.7296290516e-09
1.1322021484e+02 8.0965519593e-09 2.3237488008e-09 5.7728031585e-09
1.1328125000e+02 8.1499824646e-09 2.3330274888e-09 5.8169549759e-09
1.1334228516e+02 8.2036842487e-09 2.3435431309e-09 5.8601411177e-09
1.1340332031e+02 8.2574599571e-09 2.3547812703e-09 5.9026786868e-09
1.1346435547e+02 8.3117099402e-09 2.3652578243e-09 5.9464521160e-09
1.1352539062e+02 8.3672144518e-09 2.3749108126e-09 5.9923036392e-09
1.1358642578e+02 8.4240953003e-09 2.3854675477e-09 6.0386277526e-09
1.1364746094e+02 8.4805494024e-09 2.3979115707e-09 6.0826378317e-09
1.1370849609e+02 8.5330415858e-09 2.4104851908e-09 6.1225563950e-09
1.1376953125e+02 8.5793431551e-09 2.4202885541e-09 6.1590546010e-09
1.1383056641e+02 8.6215486505e-09 2.4265784402e-09 6.1949702102e-09
1.1389160156e+02 8.6642981889e-09 2.4315305636e-09 6.2327676252e-09
1.1395263672e+02 8.7097208296e-09 2.4375385203e-09 6.2721823093e-09
1.1401367188e+02 8.7556746473e-09 2.4445373683e-09 6.3111372790e-09
1.1407470703e+02 8.7987484893e-09 2.4505451320e-09 6.3482033573e-09
1.1413574219e+02 8.8364152338e-09 2.4539899887e-09 6.3824252451e-09
1.1419677734e+02 8.8658343776e-09 2.4544623780e-09 6.4113719996e-09
1.1425781250e+02 8.8837091040e-09 2.4516652341e-09 6.4320438698e-09
1.1431884766e+02 8.8889534261e-09 2.4446762596e-09 6.4442771665e-09
1.1437988281e+02 8.8836648729e-09 2.4325908478e-09 6.4510740251e-09
1.1444091797e+02 8.8702214117e-09 2.4158545099e-09 6.4543669018e-09
1.1450195312e+02 8.8490247329e-09 2.3966287973e-09 6.4523959356e-09
1.1456298828e+02 8.8198027514e-09 2.3769694550e-09 6.4428332964e-09
1.1462402344e+02 8.7824181586e-09 2.3562622258e-09 6.4261559328e-09
1.1468505859e+02 8.7357002446e-09 2.3315665584e-09 6.4041336862e-09
1.1474609375e+02 8.6789382827e-09 2.3014403690e-09 6.3774979137e-09
1.1480712891e+02 8.6150721870e-09 2.2685138248e-09 6.3465583622e-09
1.1486816406e+02 8.5493819757e-09 2.2371658504e-09 6.3122161252e-09
1.1492919922e+02 8.4848054767e-09 2.2090861341e-09 6.2757193426e-09
1.1499023438e+02 8.4211659852e-09 2.1823712266e-09 6.2387947586e-09
1.1505126953e+02 8.3593606984e-09 2.1552143823e-09 6.2041463161e-09
1.1511230469e+02 8.3024035472e-09 2.1288033979e-09 6.1736001493e-09
1.1517333984e+02 8.2498873381e-09 2.1053977994e-09 6.1444895387e-09
1.1523437500e+02 8.1952917405e-09 2.0848704058e-09 6.1104213347e-09
1.1529541016e+02 8.1319862628e-09 2.0643833213e-09 6.0676029416e-09
1.1535644531e+02 8.0593312048e-09 2.0410641764e-09 6.0182670284e-09
1.1541748047e+02 7.9815825904e-09 2.0147048638e-09 5.9668777265e-09
1.1547851562e+02 7.9036667898e-09 1.9880013960e-09 5.9156653938e-09
1.1553955078e+02 7.8294247271e-09 1.9642615708e-09 5.8651631562e-09
1.1560058594e+02 7.7614301782e-09 1.9447030557e-09 5.8167271225e-09
1.1566162109e+02 7.6995414732e-09 1.9275323393e-09 5.7720091339e-09
1.1572265625e+02 7.6402052901e-09 1.9097507026e-09 5.7304545876e-09
1.1578369141e+02 7.5797005703e-09 1.8902245860e-09 5.6894759843e-09
1.1584472656e+02 7.5182813302e-09 1.8707383256e-09 5.6475430045e-09
1.1590576172e+02 7.4592453081e-09 1.8538143107e-09 5.6054309974e-09
1.1596679688e+02 7.4042528910e-09 1.8400471918e-09 5.5642056992e-09
1.1602783203e+02 7.3522392061e-09 1.8281165378e-09 5.5241226683e-09
1.1608886719e+02 7.3024489671e-09 1.8170050315e-09 5.4854439355e-09
1.1614990234e+02 7.2549003268e-09 1.8071517999e-09 5.4477485269e-09
1.1621093750e+02 7.2075382716e-09 1.7990089411e-09 5.4085293305e-09
1.1627197266e+02 7.1563521713e-09 1.7914187733e-09 5.3649333980e-09
1.1633300781e+02 7.0997013599e-09 1.7825591264e-09 5.3171422335e-09
1.1639404297e+02 7.0409364698e-09 1.7723480090e-09 5.2685884608e-09
1.1645507812e+02 6.9863425449e-09 1.7631627594e-09 5.2231797855e-09
1.1651611328e+02 6.9411594126e-09 1.7579647225e-09 5.1831946901e-09
1.1657714844e+02 6.9058035400e-09 1.7575255838e-09 5.1482779562e-09
1.1663818359e+02 6.8741444054e-09 1.7593282244e-09 5.1148161810e-09
1.1669921875e+02 6.8373017368e-09 1.7596691313e-09 5.0776326055e-09
1.1676025391e+02 6.7910440543e-09 1.7570092809e-09 5.0340347734e-09
1.1682128906e+02 6.7390134622e-09 1.7528558160e-09 4.9861576461e-09
1.1688232422e+02 6.6883222626e-09 1.7494970403e-09 4.9388252223e-09
1.1694335938e+02 6.6416831265e-09 1.7471957174e-09 4.8944874091e-09
1.1700439453e+02 6.5942488781e-09 1.7438484472e-09 4.8504004308e-09
1.1706542969e+02 6.5396308979e-09 1.7376360892e-09 4.8019948087e-09
1.1712646484e+02 6.4778081286e-09 1.7292214880e-09 4.7485866405e-09
1.1718750000e+02 6.4150127981e-09 1.7206593851e-09 4.6943534130e-09
1.1724853516e+02 6.3573030889e-09 1.7130291328e-09 4.6442739562e-09
1.1730957031e+02 6.3063893469e-09 1.7058809291e-09 4.6005084178e-09
1.1737060547e+02 6.2610001530e-09 1.6985999676e-09 4.5624001854e-09
1.1743164062e+02 6.2198610513e-09 1.6915651165e-09 4.5282959348e-09
1.1749267578e+02 6.1820566081e-09 1.6854304846e-09 4.4966261235e-09
1.1755371094e+02 6.1462279688e-09 1.6798294646e-09 4.4663985042e-09
1.1761474609e+02 6.1113217152e-09 1.6738362435e-09 4.4374854717e-09
1.1767578125e+02 6.0769526968e-09 1.6672022436e-09 4.4097504532e-09
1.1773681641e+02 6.0422932861e-09 1.6601785278e-09 4.3821147583e-09
1.1779785156e+02 6.0064466870e-09 1.6527401026e-09 4.3537065844e-09
1.1785888672e+02 5.9701799908e-09 1.6446664615e-09 4.3255135294e-09
1.1791992188e+02 5.9354706649e-09 1.6359762495e-09 4.2994944155e-09
1.1798095703e+02 5.9031441976e-09 1.6272040221e-09 4.2759401755e-09
1.1804199219e+02 5.8719706525e-09 1.6193429634e-09 4.2526276892e-09
1.1810302734e+02 5.8400857415e-09 1.6129933948e-09 4.2270923467e-09
1.1816406250e+02 5.8066134125e-09 1.6074591587e-09 4.1991542538e-09
1.1822509766e+02 5.7718242681e-09 1.6011315125e-09 4.1706927556e-09
1.1828613281e+02 5.7365052899e-09 1.5929212238e-09 4.1435840661e-09
1.1834716797e+02 5.7015995795e-09 1.5833068698e-09 4.1182927097e-09
1.1840820312e+02 5.6678369557e-09 1.5738700700e-09 4.0939668857e-09
1.1846923828e+02 5.6346399571e-09 1.5655310137e-09 4.0691089434e-09
1.1853027344e+02 5.5993989060e-09 1.5574548950e-09 4.0419440110e-09
1.1859130859e+02 5.5590116578e-09 1.5480028417e-09 4.0110088161e-09
1.1865234375e+02 5.5126467286e-09 1.5364493307e-09 3.9761973979e-09
1.1871337891e+02 5.4631491820e-09 1.5237196671e-09 3.9394295149e-09
1.1877441406e+02 5.4158479383e-09 1.5117478918e-09 3.9041000465e-09
1.1883544922e+02 5.3750539074e-09 1.5020019265e-09 3.8730519808e-09
1.1889648438e+02 5.3407137191e-09 1.4944206125e-09 3.8462931066e-09
1.1895751953e+02 5.3086749979e-09 1.4877522224e-09 3.8209227755e-09
1.1901855469e+02 5.2748559811e-09 1.4809064402e-09 3.7939495409e-09
1.1907958984e+02 5.2390586659e-09 1.4739021710e-09 3.7651564949e-09
1.1914062500e+02 5.2042465855e-09 1.4673857732e-09 3.7368608123e-09
1.1920166016e+02 5.1722328055e-09 1.4612852597e-09 3.7109475457e-09
1.1926269531e+02 5.1410319146e-09 1.4543740199e-09 3.6866578948e-09
1.1932373047e+02 5.1069283310e-09 1.4454614529e-09 3.6614668781e-09
1.1938476562e+02 5.0682411975e-09 1.4346970382e-09 3.6335441593e-09
1.1944580078e+02 5.0264303706e-09 1.4234075754e-09 3.6030227952e-09
1.1950683594e+02 4.9841777908e-09 1.4127489194e-09 3.5714288714e-09
1.1956787109e+02 4.9434026279e-09 1.4026317302e-09 3.5407708977e-09
1.1962890625e+02 4.9052860234e-09 1.3921194548e-09 3.5131665686e-09
1.1968994141e+02 4.8713566769e-09 1.3809715636e-09 3.4903851134e-09
1.1975097656e+02 4.8435693112e-09 1.3703659247e-09 3.4732033864e-09
1.1981201172e+02 4.8227188560e-09 1.3616633526e-09 3.4610555035e-09
1.1987304688e+02 4.8068259850e-09 1.3547502625e-09 3.4520757225e-09
1.1993408203e+02 4.7918259014e-09 1.3480724810e-09 3.4437534203e-09
1.1999511719e+02 4.7748235572e-09 1.3403755970e-09 3.4344479603e-09
1.2005615234e+02 4.7566615340e-09 1.3320887883e-09 3.4245727457e-09
1.2011718750e+02 4.7405843536e-09 1.3246987663e-09 3.4158855874e-09
1.2017822266e+02 4.7288339338e-09 1.3190727310e-09 3.4097612027e-09
1.2023925781e+02 4.7213309245e-09 1.3148093553e-09 3.4065215692e-09
1.2030029297e+02 4.7170905337e-09 1.3109757340e-09 3.4061147998e-09
1.2036132812e+02 4.7156225723e-09 1.3069812033e-09 3.4086413690e-09
1.2042236328e+02 4.7165199286e-09 1.3027720090e-09 3.4137479196e-09
1.2048339844e+02 4.7185798322e-09 1.2986171590e-09 3.4199626731e-09
1.2054443359e+02 4.7206614358e-09 1.2949883791e-09 3.4256730567e-09
1.2060546875e+02 4.7231906324e-09 1.2924093780e-09 3.4307812544e-09
1.2066650391e+02 4.7268085098e-09 1.2907031309e-09 3.4361053789e-09
1.2072753906e+02 4.7295480200e-09 1.2883401166e-09 3.4412079034e-09
1.2078857422e+02 4.7278987519e-09 1.2835707126e-09 3.4443280392e-09
1.2084960938e+02 4.7210729548e-09 1.2766020803e-09 3.4444708745e-09
1.2091064453e+02 4.7123516750e-09 1.2698240046e-09 3.4425276703e-09
1.2097167969e+02 4.7054879199e-09 1.2653110941e-09 3.4401768257e-09
1.2103271484e+02 4.7003707942e-09 1.2623958013e-09 3.4379749929e-09
1.2109375000e+02 4.6933696124e-09 1.2583541639e-09 3.4350154485e-09
1.2115478516e+02 4.6825004736e-09 1.2517850674e-09 3.4307154062e-09
1.2121582031e+02 4.6706617544e-09 1.2446265657e-09 3.4260351887e-09
1.2127685547e+02 4.6623982704e-09 1.2400337052e-09 3.4223645652e-09
1.2133789062e+02 4.6591048628e-09 1.2387581996e-09 3.4203466632e-09
1.2139892578e+02 4.6587495306e-09 1.2385474861e-09 3.4202020445e-09
1.2145996094e+02 4.6586192369e-09 1.2370225737e-09 3.4215966632e-09
1.2152099609e+02 4.6574463645e-09 1.2345548043e-09 3.4228915602e-09
1.2158203125e+02 4.6558807751e-09 1.2337868936e-09 3.4220938815e-09
1.2164306641e+02 4.6544954781e-09 1.2360185426e-09 3.4184769355e-09
1.2170410156e+02 4.6511504572e-09 1.2388948505e-09 3.4122556068e-09
1.2176513672e+02 4.6427461892e-09 1.2389463033e-09 3.4037998859e-09
1.2182617188e+02 4.6303743521e-09 1.2360018186e-09 3.3943725335e-09
1.2188720703e+02 4.6195800325e-09 1.2334866559e-09 3.3860933766e-09
1.2194824219e+02 4.6137757394e-09 1.2340759768e-09 3.3796997625e-09
1.2200927734e+02 4.6095242022e-09 1.2363622561e-09 3.3731619461e-09
1.2207031250e+02 4.6000338696e-09 1.2367003135e-09 3.3633335561e-09
1.2213134766e+02 4.5824785815e-09 1.2336336316e-09 3.3488449499e-09
1.2219238281e+02 4.5603687561e-09 1.2291326220e-09 3.3312361340e-09
1.2225341797e+02 4.5385646607e-09 1.2253488903e-09 3.3132157704e-09
1.2231445312e+02 4.5174894103e-09 1.2215283792e-09 3.2959610311e-09
1.2237548828e+02 4.4933142923e-09 1.2150730954e-09 3.2782411969e-09
1.2243652344e+02 4.4629530811e-09 1.2050436586e-09 3.2579094225e-09
1.2249755859e+02 4.4277369555e-09 1.1935366565e-09 3.2342002990e-09
1.2255859375e+02 4.3922270600e-09 1.1834488683e-09 3.2087781917e-09
1.2261962891e+02 4.3598062203e-09 1.1755095365e-09 3.1842966837e-09
1.2268066406e+02 4.3297639785e-09 1.1678998798e-09 3.1618640988e-09
1.2274169922e+02 4.2989101394e-09 1.1585503463e-09 3.1403597931e-09
1.2280273438e+02 4.2657492785e-09 1.1474087703e-09 3.1183405082e-09
1.2286376953e+02 4.2323611184e-09 1.1362957362e-09 3.0960653822e-09
1.2292480469e+02 4.2014503599e-09 1.1266237965e-09 3.0748265634e-09
1.2298583984e+02 4.1722687917e-09 1.1177568781e-09 3.0545119136e-09
1.2304687500e+02 4.1411478522e-09 1.1080299396e-09 3.0331179126e-09
1.2310791016e+02 4.1059013957e-09 1.0968737937e-09 3.0090276020e-09
1.2316894531e+02 4.0682392607e-09 1.0853082140e-09 2.9829310467e-09
1.2322998047e+02 4.0317812030e-09 1.0746651902e-09 2.9571160128e-09
1.2329101562e+02 3.9987123092e-09 1.0653780143e-09 2.9333342949e-09
1.2335205078e+02 3.9683647283e-09 1.0569144175e-09 2.9114503108e-09
1.2341308594e+02 3.9380612304e-09 1.0484209421e-09 2.8896402883e-09
1.2347412109e+02 3.9049403175e-09 1.0392558939e-09 2.8656844237e-09
1.2353515625e+02 3.8676339630e-09 1.0292191082e-09 2.8384148548e-09
1.2359619141e+02 3.8269061864e-09 1.0185591027e-09 2.8083470837e-09
1.2365722656e+02 3.7846957096e-09 1.0076610520e-09 2.7770346576e-09
1.2371826172e+02 3.7424193611e-09 9.9667630753e-10 2.7457430536e-09
1.2377929688e+02 3.7003446201e-09 9.8558911552e-10 2.7147555046e-09
1.2384033203e+02 3.6583753405e-09 9.7455779285e-10 2.6838175477e-09
1.2390136719e+02 3.6166569817e-09 9.6389226480e-10 2.6527647169e-09
1.2396240234e+02 3.5752662786e-09 9.5367906776e-10 2.6215872109e-09
1.2402343750e+02 3.5339874785e-09 9.4370746592e-10 2.5902800126e-09
1.2408447266e+02 3.4924780166e-09 9.3375719753e-10 2.5587208191e-09
1.2414550781e+02 3.4504217246e-09 9.2374422754e-10 2.5266774971e-09
1.2420654297e+02 3.4078189633e-09 9.1363198702e-10 2.4941869763e-09
1.2426757812e+02 3.3650305040e-09 9.0329755066e-10 2.4617329533e-09
1.2432861328e+02 3.3224624297e-09 8.9259982141e-10 2.4298626082e-09
1.2438964844e+02 3.2807504586e-09 8.8175794634e-10 2.3989925122e-09
1.2445068359e+02 3.2409302296e-09 8.7150682455e-10 2.3694234051e-09
1.2451171875e+02 3.2036717288e-09 8.6258360176e-10 2.3410881270e-09
1.2457275391e+02 3.1686957218e-09 8.5500663889e-10 2.3136890829e-09
1.2463378906e+02 3.1353257009e-09 8.4795021665e-10 2.2873754843e-09
1.2469482422e+02 3.1032147680e-09 8.4050921337e-10 2.2627055546e-09
1.2475585938e+02 3.0723787684e-09 8.3260968353e-10 2.2397690849e-09
1.2481689453e+02 3.0427548929e-09 8.2494564004e-10 2.2178092528e-09
1.2487792969e+02 3.0137155958e-09 8.1801859812e-10 2.1956969977e-09
1.2493896484e+02 2.9838309395e-09 8.1141292314e-10 2.1724180164e-09
1.2500000000e+02 2.9514719005e-09 8.0411938206e-10 2.1473525185e-09
1.2506103516e+02 2.9163967277e-09 7.9570679980e-10 2.1206899279e-09
1.2512207031e+02 2.8806714094e-09 7.8707806535e-10 2.0935933440e-09
1.2518310547e+02 2.8473356549e-09 7.7971759307e-10 2.0676180618e-09
1.2524414062e+02 2.8178607970e-09 7.7410694466e-10 2.0437538523e-09
1.2530517578e+02 2.7910485459e-09 7.6916390293e-10 2.0218846429e-09
1.2536621094e+02 2.7646014782e-09 7.6345894383e-10 2.0011425343e-09
1.2542724609e+02 2.7375102675e-09 7.5676593241e-10 1.9807443351e-09
1.2548828125e+02 2.7106622760e-09 7.5014001249e-10 1.9605222635e-09
1.2554931641e+02 2.6856112129e-09 7.4462792532e-10 1.9409832876e-09
1.2561035156e+02 2.6630188974e-09 7.4013053782e-10 1.9228883596e-09
1.2567138672e+02 2.6418866831e-09 7.3550186216e-10 1.9063848210e-09
1.2573242188e+02 2.6203351654e-09 7.2968380921e-10 1.8906513562e-09
1.2579345703e+02 2.5976327136e-09 7.2276586806e-10 1.8748668455e-09
1.2585449219e+02 2.5752965777e-09 7.1593708161e-10 1.8593594961e-09
1.2591552734e+02 2.5554819921e-09 7.1026841655e-10 1.8452135756e-09
1.2597656250e+02 2.5382874028e-09 7.0555860700e-10 1.8327287958e-09
1.2603759766e+02 2.5214154326e-09 7.0061747485e-10 1.8207979578e-09
1.2609863281e+02 2.5027360258e-09 6.9466430649e-10 1.8080717193e-09
1.2615966797e+02 2.4825545802e-09 6.8815966912e-10 1.7943949111e-09
1.2622070312e+02 2.4630153479e-09 6.8216183213e-10 1.7808535158e-09
1.2628173828e+02 2.4456796902e-09 6.7702604419e-10 1.7686536460e-09
1.2634277344e+02 2.4299789494e-09 6.7200645028e-10 1.7579724991e-09
1.2640380859e+02 2.4138081230e-09 6.6621791132e-10 1.7475902117e-09
1.2646484375e+02 2.3954567037e-09 6.5972644506e-10 1.7357302586e-09
1.2652587891e+02 2.3751660187e-09 6.5349585226e-10 1.7216701664e-09
1.2658691406e+02 2.3547987854e-09 6.4829529763e-10 1.7065034878e-09
1.2664794922e+02 2.3358238913e-09 6.4377848748e-10 1.6920454038e-09
1.2670898438e+02 2.3180341491e-09 6.3888828697e-10 1.6791458621e-09
1.2677001953e+02 2.3005568506e-09 6.3321208504e-10 1.6673447655e-09
1.2683105469e+02 2.2833251540e-09 6.2748186300e-10 1.6558432910e-09
1.2689208984e+02 2.2668687737e-09 6.2255581091e-10 1.6443129628e-09
1.2695312500e+02 2.2514224546e-09 6.1844758421e-10 1.6329748704e-09
1.2701416016e+02 2.2369336151e-09 6.1461021835e-10 1.6223233967e-09
1.2707519531e+02 2.2233343561e-09 6.1070165104e-10 1.6126327050e-09
1.2713623047e+02 2.2102915147e-09 6.0677088197e-10 1.6035206328e-09
1.2719726562e+02 2.1970758901e-09 6.0289334623e-10 1.5941825439e-09
1.2725830078e+02 2.1830375789e-09 5.9887890189e-10 1.5841586770e-09
1.2731933594e+02 2.1683037384e-09 5.9449968786e-10 1.5738040505e-09
1.2738037109e+02 2.1538861642e-09 5.8991048133e-10 1.5639756829e-09
1.2744140625e+02 2.1406188354e-09 5.8552547176e-10 1.5550933637e-09
1.2750244141e+02 2.1280115586e-09 5.8150447635e-10 1.5465070822e-09
1.2756347656e+02 2.1148604887e-09 5.7766162183e-10 1.5371988668e-09
1.2762451172e+02 2.1011385725e-09 5.7390680016e-10 1.5272317723e-09
1.2768554688e+02 2.0886501627e-09 5.7055078695e-10 1.5180993757e-09
1.2774658203e+02 2.0794560018e-09 5.6801457085e-10 1.5114414309e-09
1.2780761719e+02 2.0738336427e-09 5.6632327200e-10 1.5075103707e-09
1.2786865234e+02 2.0700202742e-09 5.6509471068e-10 1.5049255635e-09
1.2792968750e+02 2.0659264681e-09 5.6398555112e-10 1.5019409170e-09
1.2799072266e+02 2.0607771663e-09 5.6291865086e-10 1.4978585154e-09
1.2805175781e+02 2.0550866395e-09 5.6188046639e-10 1.4932061731e-09
1.2811279297e+02 2.0496009208e-09 5.6069167964e-10 1.4889092411e-09
1.2817382812e+02 2.0444217712e-09 5.5906664945e-10 1.4853551217e-09
1.2823486328e+02 2.0388521037e-09 5.5691095990e-10 1.4819411438e-09
1.2829589844e+02 2.0320018267e-09 5.5448882926e-10 1.4775129975e-09
1.2835693359e+02 2.0235560901e-09 5.5213878716e-10 1.4714173030e-09
1.2841796875e+02 2.0139683464e-09 5.4983709597e-10 1.4641312504e-09
1.2847900391e+02 2.0039194609e-09 5.4720649921e-10 1.4567129617e-09
1.2854003906e+02 1.9936899333e-09 5.4398887332e-10 1.4497010600e-09
1.2860107422e+02 1.9832697565e-09 5.4036645697e-10 1.4429032996e-09
1.2866210938e+02 1.9727957312e-09 5.3667242007e-10 1.4361233111e-09
1.2872314453e+02 1.9623894538e-09 5.3290038306e-10 1.4294890708e-09
1.2878417969e+02 1.9518894127e-09 5.2880185743e-10 1.4230875553e-09
1.2884521484e+02 1.9411072418e-09 5.2444061639e-10 1.4166666254e-09
1.2890625000e+02 1.9299137885e-09 5.2030606720e-10 1.4096077213e-09
1.2896728516e+02 1.9178943377e-09 5.1675864183e-10 1.4011356959e-09
1.2902832031e+02 1.9044042700e-09 5.1351406040e-10 1.3908902096e-09
1.2908935547e+02 1.8893047633e-09 5.0982733572e-10 1.3794774276e-09
1.2915039062e+02 1.8733186489e-09 5.0519926576e-10 1.3681193831e-09
1.2921142578e+02 1.8571884955e-09 4.9978189188e-10 1.3574066036e-09
1.2927246094e+02 1.8408292031e-09 4.9408663505e-10 1.3467425680e-09
1.2933349609e+02 1.8237407889e-09 4.8845486540e-10 1.3352859235e-09
1.2939453125e+02 1.8057319973e-09 4.8286043418e-10 1.3228715631e-09
1.2945556641e+02 1.7869675927e-09 4.7715711553e-10 1.3098104772e-09
1.2951660156e+02 1.7678904977e-09 4.7145209927e-10 1.2964383985e-09
1.2957763672e+02 1.7491584876e-09 4.6611972702e-10 1.2830387606e-09
1.2963867188e+02 1.7311605370e-09 4.6137011596e-10 1.2697904211e-09
1.2969970703e+02 1.7135977244e-09 4.5691948038e-10 1.2566782440e-09
1.2976074219e+02 1.6958565376e-09 4.5223225337e-10 1.2436242842e-09
1.2982177734e+02 1.6777892178e-09 4.4707282182e-10 1.2307163959e-09
1.2988281250e+02 1.6599573023e-09 4.4178713694e-10 1.2181701653e-09
1.2994384766e+02 1.6432223412e-09 4.3707620253e-10 1.2061461387e-09
1.3000488281e+02 1.6283084416e-09 4.3344524468e-10 1.1948631969e-09
1.3006591797e+02 1.6154930154e-09 4.3078920354e-10 1.1847038118e-09
1.3012695312e+02 1.6042436952e-09 4.2851274696e-10 1.1757309482e-09
1.3018798828e+02 1.5933586451e-09 4.2607149700e-10 1.1672871481e-09
1.3024902344e+02 1.5820534174e-09 4.2340244031e-10 1.1586509771e-09
1.3031005859e+02 1.5707934043e-09 4.2083740268e-10 1.1499560016e-09
1.3037109375e+02 1.5605043712e-09 4.1861564921e-10 1.1418887220e-09
1.3043212891e+02 1.5511904460e-09 4.1659140522e-10 1.1345990407e-09
1.3049316406e+02 1.5419742717e-09 4.1448747872e-10 1.1274867930e-09
1.3055419922e+02 1.5323580115e-09 4.1227095541e-10 1.1200870560e-09
1.3061523438e+02 1.5228010016e-09 4.1012023241e-10 1.1126807692e-09
1.3067626953e+02 1.5138637383e-09 4.0809456448e-10 1.1057691739e-09
1.3073730469e+02 1.5052949773e-09 4.0600477097e-10 1.0992902063e-09
1.3079833984e+02 1.4965068368e-09 4.0368182817e-10 1.0928250086e-09
1.3085937500e+02 1.4876150906e-09 4.0127369661e-10 1.0863413939e-09
1.3092041016e+02 1.4793034620e-09 3.9912430840e-10 1.0801791536e-09
1.3098144531e+02 1.4718592008e-09 3.9737846767e-10 1.0744807331e-09
1.3104248047e+02 1.4650211716e-09 3.9586076904e-10 1.0691604026e-09
1.3110351562e+02 1.4586161229e-09 3.9433975605e-10 1.0642763668e-09
1.3116455078e+02 1.4527686051e-09 3.9276630173e-10 1.0600023034e-09
1.3122558594e+02 1.4477163230e-09 3.9129306770e-10 1.0564232553e-09
1.3128662109e+02 1.4437636758e-09 3.9015748698e-10 1.0536061888e-09
1.3134765625e+02 1.4409860899e-09 3.8943508199e-10 1.0515510080e-09
1.3140869141e+02 1.4387553924e-09 3.8888040617e-10 1.0498749862e-09
1.3146972656e+02 1.4359740377e-09 3.8816514009e-10 1.0478088976e-09
1.3153076172e+02 1.4319119775e-09 3.8721852165e-10 1.0446934559e-09
1.3159179688e+02 1.4265274082e-09 3.8610506531e-10 1.0404223429e-09
1.3165283203e+02 1.4198815177e-09 3.8460624383e-10 1.0352752739e-09
1.3171386719e+02 1.4116768689e-09 3.8226782528e-10 1.0294090436e-09
1.3177490234e+02 1.4020340981e-09 3.7908182415e-10 1.0229522740e-09
1.3183593750e+02 1.3924663715e-09 3.7590189732e-10 1.0165644741e-09
1.3189697266e+02 1.3850418102e-09 3.7381562699e-10 1.0112261832e-09
1.3195800781e+02 1.3804177710e-09 3.7308139909e-10 1.0073363719e-09
1.3201904297e+02 1.3772670731e-09 3.7288627884e-10 1.0043807943e-09
1.3208007812e+02 1.3737094310e-09 3.7220231923e-10 1.0015071118e-09
1.3214111328e+02 1.3690514746e-09 3.7079157178e-10 9.9825990282e-10
1.3220214844e+02 1.3639484628e-09 3.6927113178e-10 9.9467733099e-10
1.3226318359e+02 1.3589366684e-09 3.6819977739e-10 9.9073689100e-10
1.3232421875e+02 1.3535076196e-09 3.6735501848e-10 9.8615260115e-10
1.3238525391e+02 1.3470169090e-09 3.6611421618e-10 9.8090269286e-10
1.3244628906e+02 1.3398141009e-09 3.6435173030e-10 9.7546237056e-10
1.3250732422e+02 1.3330271454e-09 3.6268268272e-10 9.7034446265e-10
1.3256835938e+02 1.3275137346e-09 3.6178553075e-10 9.6572820389e-10
1.3262939453e+02 1.3230694844e-09 3.6157092995e-10 9.6149855449e-10
1.3269042969e+02 1.3186535557e-09 3.6119521890e-10 9.5745833677e-10
1.3275146484e+02 1.3136796459e-09 3.6003506671e-10 9.5364457923e-10
1.3281250000e+02 1.3090166975e-09 3.5851034912e-10 9.5050634839e-10
1.3287353516e+02 1.3062706357e-09 3.5770772960e-10 9.4856290614e-10
1.3293457031e+02 1.3059331088e-09 3.5816018420e-10 9.4777292457e-10
1.3299560547e+02 1.3065812090e-09 3.5918979410e-10 9.4739141492e-10
1.3305664062e+02 1.3061990788e-09 3.5961886805e-10 9.4658021072e-10
1.3311767578e+02 1.3041074396e-09 3.5902091144e-10 9.4508652817e-10
1.3317871094e+02 1.3012917219e-09 3.5805902836e-10 9.4323269358e-10
1.3323974609e+02 1.2989431013e-09 3.5760307143e-10 9.4134002989e-10
1.3330078125e+02 1.2971700920e-09 3.5775372664e-10 9.3941636532e-10
1.3336181641e+02 1.2953062579e-09 3.5788171038e-10 9.3742454753e-10
1.3342285156e+02 1.2930848834e-09 3.5749494227e-10 9.3558994118e-10
1.3348388672e+02 1.2913031206e-09 3.5690341735e-10 9.3439970329e-10
1.3354492188e+02 1.2913336524e-09 3.5696160878e-10 9.3437204363e-10
1.3360595703e+02 1.2937341399e-09 3.5809571729e-10 9.3563842257e-10
1.3366699219e+02 1.2973388102e-09 3.5969586880e-10 9.3764294143e-10
1.3372802734e+02 1.3002104208e-09 3.6071271140e-10 9.3949770944e-10
1.3378906250e+02 1.3017170920e-09 3.6086147515e-10 9.4085561686e-10
1.3385009766e+02 1.3032515574e-09 3.6100236483e-10 9.4224919252e-10
1.3391113281e+02 1.3064916000e-09 3.6216593921e-10 9.4432566083e-10
1.3397216797e+02 1.3112737912e-09 3.6431401592e-10 9.4695977528e-10
1.3403320312e+02 1.3157698748e-09 3.6634774827e-10 9.4942212656e-10
1.3409423828e+02 1.3186487161e-09 3.6736756733e-10 9.5128114881e-10
1.3415527344e+02 1.3204546872e-09 3.6763132726e-10 9.5282335998e-10
1.3421630859e+02 1.3227872821e-09 3.6815144152e-10 9.5463584059e-10
1.3427734375e+02 1.3267601196e-09 3.6957077571e-10 9.5718934391e-10
1.3433837891e+02 1.3325410094e-09 3.7163995713e-10 9.6090105227e-10
1.3439941406e+02 1.3398199565e-09 3.7374894975e-10 9.6607100676e-10
1.3446044922e+02 1.3483062873e-09 3.7575177475e-10 9.7255451257e-10
1.3452148438e+02 1.3579590071e-09 3.7809911523e-10 9.7985989187e-10
1.3458251953e+02 1.3688545176e-09 3.8121077957e-10 9.8764373807e-10
1.3464355469e+02 1.3808895849e-09 3.8491909714e-10 9.9597048779e-10
1.3470458984e+02 1.3937672227e-09 3.8862200274e-10 1.0051452200e-09
1.3476562500e+02 1.4072402648e-09 3.9190542484e-10 1.0153348399e-09
1.3482666016e+02 1.4212340685e-09 3.9492358772e-10 1.0263104808e-09
1.3488769531e+02 1.4356470570e-09 3.9812272946e-10 1.0375243275e-09
1.3494873047e+02 1.4501632069e-09 4.0166830923e-10 1.0484948977e-09
1.3500976562e+02 1.4645913205e-09 4.0532600806e-10 1.0592653125e-09
1.3507080078e+02 1.4793142279e-09 4.0887767852e-10 1.0704365494e-09
1.3513183594e+02 1.4950087081e-09 4.1241437274e-10 1.0825943354e-09
1.3519287109e+02 1.5119127201e-09 4.1614293320e-10 1.0957697869e-09
1.3525390625e+02 1.5295530593e-09 4.2005061250e-10 1.1095024467e-09
1.3531494141e+02 1.5472125246e-09 4.2392762778e-10 1.1232848968e-09
1.3537597656e+02 1.5645791028e-09 4.2769376277e-10 1.1368853400e-09
1.3543701172e+02 1.5817994857e-09 4.3147957868e-10 1.1503199070e-09
1.3549804688e+02 1.5989907429e-09 4.3534188007e-10 1.1636488628e-09
1.3555908203e+02 1.6159546788e-09 4.3909348129e-10 1.1768611975e-09
1.3562011719e+02 1.6323648627e-09 4.4247800143e-10 1.1898868613e-09
1.3568115234e+02 1.6481902103e-09 4.4546294917e-10 1.2027272611e-09
1.3574218750e+02 1.6638760039e-09 4.4832541574e-10 1.2155505881e-09
1.3580322266e+02 1.6798415601e-09 4.5135288879e-10 1.2284886713e-09
1.3586425781e+02 1.6959269506e-09 4.5447255974e-10 1.2414543909e-09
1.3592529297e+02 1.7117168023e-09 4.5734734555e-10 1.2543694568e-09
1.3598632812e+02 1.7271385761e-09 4.5982760264e-10 1.2673109735e-09
1.3604736328e+02 1.7423153062e-09 4.6212095209e-10 1.2801943542e-09
1.3610839844e+02 1.7570854091e-09 4.6449502501e-10 1.2925903840e-09
1.3616943359e+02 1.7709582220e-09 4.6690147907e-10 1.3040567429e-09
1.3623046875e+02 1.7833988052e-09 4.6892553912e-10 1.3144732661e-09
1.3629150391e+02 1.7941784933e-09 4.7018833083e-10 1.3239901624e-09
1.3635253906e+02 1.8035759002e-09 4.7082305491e-10 1.3327528453e-09
1.3641357422e+02 1.8120594590e-09 4.7138743592e-10 1.3406720231e-09
1.3647460938e+02 1.8196763446e-09 4.7223330373e-10 1.3474430408e-09
1.3653564453e+02 1.8258586873e-09 4.7307435067e-10 1.3527843366e-09
1.3659667969e+02 1.8298431779e-09 4.7323873781e-10 1.3566044401e-09
1.3665771484e+02 1.8313561039e-09 4.7234164032e-10 1.3590144636e-09
1.3671875000e+02 1.8309299801e-09 4.7066050775e-10 1.3602694723e-09
1.3677978516e+02 1.8294075010e-09 4.6881108966e-10 1.3605964113e-09
1.3684082031e+02 1.8271897574e-09 4.6715750331e-10 1.3600322541e-09
1.3690185547e+02 1.8241242330e-09 4.6561956840e-10 1.3585046646e-09
1.3696289062e+02 1.8199483171e-09 4.6394126515e-10 1.3560070519e-09
1.3702392578e+02 1.8145873970e-09 4.6201162164e-10 1.3525757754e-09
1.3708496094e+02 1.8080730062e-09 4.5992282047e-10 1.3481501858e-09
1.3714599609e+02 1.8003840186e-09 4.5780544273e-10 1.3425785759e-09
1.3720703125e+02 1.7914493225e-09 4.5568097174e-10 1.3357683507e-09
1.3726806641e+02 1.7811913779e-09 4.5344825880e-10 1.3277431191e-09
1.3732910156e+02 1.7695530281e-09 4.5098040379e-10 1.3185726243e-09
1.3739013672e+02 1.7566437417e-09 4.4827325111e-10 1.3083704906e-09
1.3745117188e+02 1.7428807047e-09 4.4551119175e-10 1.2973695130e-09
1.3751220703e+02 1.7288715506e-09 4.4296815920e-10 1.2859033914e-09
1.3757324219e+02 1.7150648640e-09 4.4081727239e-10 1.2742475916e-09
1.3763427734e+02 1.7014507745e-09 4.3897609877e-10 1.2624746758e-09
1.3769531250e+02 1.6876282732e-09 4.3712332027e-10 1.2505049529e-09
1.3775634766e+02 1.6732558060e-09 4.3494124946e-10 1.2383145566e-09
1.3781738281e+02 1.6585144683e-09 4.3242285291e-10 1.2260916154e-09
1.3787841797e+02 1.6440915120e-09 4.2994657843e-10 1.2141449336e-09
1.3793945312e+02 1.6305030658e-09 4.2796327796e-10 1.2025397878e-09
1.3800048828e+02 1.6174007059e-09 4.2651665914e-10 1.1908840467e-09
1.3806152344e+02 1.6037932576e-09 4.2511257921e-10 1.1786806784e-09
1.3812255859e+02 1.5890162902e-09 4.2319736988e-10 1.1658189203e-09
1.3818359375e+02 1.5733676690e-09 4.2077774214e-10 1.1525899269e-09
1.3824462891e+02 1.5578619933e-09 4.1845726537e-10 1.1394047279e-09
1.3830566406e+02 1.5434289068e-09 4.1683400684e-10 1.1265948999e-09
1.3836669922e+02 1.5302312347e-09 4.1593374614e-10 1.1142974886e-09
1.3842773438e+02 1.5176513502e-09 4.1527296018e-10 1.1023783900e-09
1.3848876953e+02 1.5050008608e-09 4.1446816771e-10 1.0905326931e-09
1.3854980469e+02 1.4923736600e-09 4.1371625804e-10 1.0786574019e-09
1.3861083984e+02 1.4806741049e-09 4.1354593276e-10 1.0671281722e-09
1.3867187500e+02 1.4706393479e-09 4.1412391784e-10 1.0565154300e-09
1.3873291016e+02 1.4620347530e-09 4.1501902427e-10 1.0470157287e-09
1.3879394531e+02 1.4540267065e-09 4.1572154354e-10 1.0383051629e-09
1.3885498047e+02 1.4461724021e-09 4.1625244963e-10 1.0299199525e-09
1.3891601562e+02 1.4387413365e-09 4.1711217780e-10 1.0216291587e-09
1.3897705078e+02 1.4321256623e-09 4.1861857593e-10 1.0135070864e-09
1.3903808594e+02 1.4262530590e-09 4.2044203687e-10 1.0058110221e-09
1.3909912109e+02 1.4206239236e-09 4.2191585861e-10 9.9870806497e-10
1.3916015625e+02 1.4147560626e-09 4.2273177829e-10 9.9202428431e-10
1.3922119141e+02 1.4086296769e-09 4.2322415173e-10 9.8540552516e-10
1.3928222656e+02 1.4027898203e-09 4.2398392140e-10 9.7880589892e-10
1.3934326172e+02 1.3978550957e-09 4.2522231879e-10 9.7263277686e-10
1.3940429688e+02 1.3938165519e-09 4.2655351894e-10 9.6726303294e-10
1.3946533203e+02 1.3900206250e-09 4.2745886248e-10 9.6256176255e-10
1.3952636719e+02 1.3859385265e-09 4.2788468463e-10 9.5805384185e-10
1.3958740234e+02 1.3816679033e-09 4.2824052671e-10 9.5342737664e-10
1.3964843750e+02 1.3775218069e-09 4.2883186757e-10 9.4868993928e-10
1.3970947266e+02 1.3734929130e-09 4.2945359750e-10 9.4403931550e-10
1.3977050781e+02 1.3694357146e-09 4.2964794308e-10 9.3978777153e-10
1.3983154297e+02 1.3655543856e-09 4.2931952171e-10 9.3623486391e-10
1.3989257812e+02 1.3623897601e-09 4.2894483032e-10 9.3344492983e-10
1.3995361328e+02 1.3603227955e-09 4.2908527810e-10 9.3123751742e-10
1.4001464844e+02 1.3592877136e-09 4.2977185806e-10 9.2951585558e-10
1.4007568359e+02 1.3589900747e-09 4.3046663413e-10 9.2852344062e-10
1.4013671875e+02 1.3592358603e-09 4.3063297250e-10 9.2860288778e-10
1.4019775391e+02 1.3600598326e-09 4.3030537828e-10 9.2975445434e-10
1.4025878906e+02 1.3615697182e-09 4.3000584867e-10 9.3156386953e-10
1.4031982422e+02 1.3636009276e-09 4.3007218754e-10 9.3352874003e-10
1.4038085938e+02 1.3656795309e-09 4.3023825512e-10 9.3544127581e-10
1.4044189453e+02 1.3674430341e-09 4.2996506027e-10 9.3747797385e-10
1.4050292969e+02 1.3689537714e-09 4.2905522677e-10 9.3989854461e-10
1.4056396484e+02 1.3705748814e-09 4.2784182688e-10 9.4273305456e-10
1.4062500000e+02 1.3726019924e-09 4.2676286300e-10 9.4583912938e-10
1.4068603516e+02 1.3749723606e-09 4.2581464112e-10 9.4915771950e-10
1.4074707031e+02 1.3773631744e-09 4.2457012469e-10 9.5279304971e-10
1.4080810547e+02 1.3796589426e-09 4.2274809229e-10 9.5691085028e-10
1.4086914062e+02 1.3822321402e-09 4.2059793651e-10 9.6163420366e-10
1.4093017578e+02 1.3855449265e-09 4.1861794194e-10 9.6692698460e-10
1.4099121094e+02 1.3894758577e-09 4.1696031091e-10 9.7251554682e-10
1.4105224609e+02 1.3933029229e-09 4.1525829689e-10 9.7804462604e-10
1.4111328125e+02 1.3964480323e-09 4.1308215621e-10 9.8336587610e-10
1.4117431641e+02 1.3990592194e-09 4.1043596220e-10 9.8862325721e-10
1.4123535156e+02 1.4018036559e-09 4.0769864442e-10 9.9410501152e-10
1.4129638672e+02 1.4052393523e-09 4.0516948971e-10 1.0000698626e-09
1.4135742188e+02 1.4094424158e-09 4.0281804110e-10 1.0066243747e-09
1.4141845703e+02 1.4141501106e-09 4.0046055205e-10 1.0136895586e-09
1.4147949219e+02 1.4191461498e-09 3.9806812066e-10 1.0210780291e-09
1.4154052734e+02 1.4244039424e-09 3.9581764748e-10 1.0285862949e-09
1.4160156250e+02 1.4298513992e-09 3.9380471435e-10 1.0360466849e-09
1.4166259766e+02 1.4351884063e-09 3.9182985891e-10 1.0433585474e-09
1.4172363281e+02 1.4401249596e-09 3.8963157890e-10 1.0504933806e-09
1.4178466797e+02 1.4447447505e-09 3.8727177361e-10 1.0574729769e-09
1.4184570312e+02 1.4494508576e-09 3.8513624067e-10 1.0643146170e-09
1.4190673828e+02 1.4544493817e-09 3.8349387147e-10 1.0709555103e-09
1.4196777344e+02 1.4593819912e-09 3.8212022061e-10 1.0772617706e-09
1.4202880859e+02 1.4636762685e-09 3.8051697761e-10 1.0831592909e-09
1.4208984375e+02 1.4672573980e-09 3.7852169929e-10 1.0887356987e-09
1.4215087891e+02 1.4706817490e-09 3.7651274458e-10 1.0941690044e-09
1.4221191406e+02 1.4745148090e-09 3.7495334446e-10 1.0995614645e-09
1.4227294922e+02 1.4787399122e-09 3.7388333791e-10 1.1048565743e-09
1.4233398438e+02 1.4828060148e-09 3.7293484745e-10 1.1098711673e-09
1.4239501953e+02 1.4861754111e-09 3.7178657325e-10 1.1143888379e-09
1.4245605469e+02 1.4887811593e-09 3.7052770477e-10 1.1182534546e-09
1.4251708984e+02 1.4909257504e-09 3.6952498123e-10 1.1214007692e-09
1.4257812500e+02 1.4928033215e-09 3.6895295616e-10 1.1238503654e-09
1.4263916016e+02 1.4942196910e-09 3.6855270941e-10 1.1256669816e-09
1.4270019531e+02 1.4947381286e-09 3.6789990451e-10 1.1268382241e-09
1.4276123047e+02 1.4940576141e-09 3.6684974684e-10 1.1272078673e-09
1.4282226562e+02 1.4923204508e-09 3.6565766548e-10 1.1266627854e-09
1.4288330078e+02 1.4899620900e-09 3.6466283132e-10 1.1252992587e-09
1.4294433594e+02 1.4871469495e-09 3.6390582839e-10 1.1232411211e-09
1.4300537109e+02 1.4835570836e-09 3.6311087210e-10 1.1204462115e-09
1.4306640625e+02 1.4788079456e-09 3.6199324255e-10 1.1168147031e-09
1.4312744141e+02 1.4728425732e-09 3.6051030658e-10 1.1123322666e-09
1.4318847656e+02 1.4658984689e-09 3.5884233686e-10 1.1070561320e-09
1.4324951172e+02 1.4582284052e-09 3.5717816763e-10 1.1010502376e-09
1.4331054688e+02 1.4498643692e-09 3.5553502150e-10 1.0943293478e-09
1.4337158203e+02 1.4406727573e-09 3.5380124402e-10 1.0868715133e-09
1.4343261719e+02 1.4306664936e-09 3.5192828964e-10 1.0787382040e-09
1.4349365234e+02 1.4201488370e-09 3.5003217498e-10 1.0701166620e-09
1.4355468750e+02 1.4095017441e-09 3.4831034854e-10 1.0611913955e-09
1.4361572266e+02 1.3989170684e-09 3.4686966656e-10 1.0520474018e-09
1.4367675781e+02 1.3883136225e-09 3.4562926432e-10 1.0426843582e-09
1.4373779297e+02 1.3774602774e-09 3.4441560367e-10 1.0330446737e-09
1.4379882812e+02 1.3662319271e-09 3.4315518563e-10 1.0230767415e-09
1.4385986328e+02 1.3547890423e-09 3.4194877435e-10 1.0128402679e-09
1.4392089844e+02 1.3434610041e-09 3.4096499031e-10 1.0024960138e-09
1.4398193359e+02 1.3323619921e-09 3.4024492667e-10 9.9211706541e-10
1.4404296875e+02 1.3211688566e-09 3.3959271510e-10 9.8157614148e-10
1.4410400391e+02 1.3094878087e-09 3.3873437091e-10 9.7075343781e-10
1.4416503906e+02 1.2973685605e-09 3.3760438962e-10 9.5976417084e-10
1.4422607422e+02 1.2851578882e-09 3.3638094640e-10 9.4877694175e-10
1.4428710938e+02 1.2729921230e-09 3.3526538115e-10 9.3772674184e-10
1.4434814453e+02 1.2607386021e-09 3.3431445709e-10 9.2642414497e-10
1.4440917969e+02 1.2482219610e-09 3.3341306355e-10 9.1480889750e-10
1.4447021484e+02 1.2352781288e-09 3.3233518960e-10 9.0294293920e-10
1.4453125000e+02 1.2218009200e-09 3.3090039479e-10 8.9090052522e-10
1.4459228516e+02 1.2078861927e-09 3.2913186193e-10 8.7875433073e-10
1.4465332031e+02 1.1937687522e-09 3.2722771654e-10 8.6654103563e-10
1.4471435547e+02 1.1794973319e-09 3.2533085321e-10 8.5416647866e-10
1.4477539062e+02 1.1648141168e-09 3.2337028399e-10 8.4144383281e-10
1.4483642578e+02 1.1494942007e-09 3.2119562337e-10 8.2829857737e-10
1.4489746094e+02 1.1336931614e-09 3.1880789447e-10 8.1488526694e-10
1.4495849609e+02 1.1178450507e-09 3.1636755927e-10 8.0147749138e-10
1.4501953125e+02 1.1022306966e-09 3.1399577352e-10 7.8823492306e-10
1.4508056641e+02 1.0866375232e-09 3.1160929489e-10 7.7502822826e-10
1.4514160156e+02 1.0704944316e-09 3.0896123334e-10 7.6153319827e-10
1.4520263672e+02 1.0534279071e-09 3.0588395636e-10 7.4754395076e-10
1.4526367188e+02 1.0356294328e-09 3.0250720728e-10 7.3312222549e-10
1.4532470703e+02 1.0176321610e-09 2.9916885265e-10 7.1846330840e-10
1.4538574219e+02 9.9980037448e-10 2.9605650147e-10 7.0374387301e-10
1.4544677734e+02 9.8204333026e-10 2.9296759626e-10 6.8907573400e-10
1.4550781250e+02 9.6401062647e-10 2.8950401951e-10 6.7450660696e-10
1.4556884766e+02 9.4559711921e-10 2.8553721357e-10 6.6005990563e-10
1.4562988281e+02 9.2715180563e-10 2.8137952336e-10 6.4577228227e-10
1.4569091797e+02 9.0911224121e-10 2.7741349297e-10 6.3169874824e-10
1.4575195312e+02 8.9163173253e-10 2.7368088863e-10 6.1795084389e-10
1.4581298828e+02 8.7471115857e-10 2.6997630606e-10 6.0473485252e-10
1.4587402344e+02 8.5849468724e-10 2.6623171372e-10 5.9226297353e-10
1.4593505859e+02 8.4320701322e-10 2.6262224171e-10 5.8058477151e-10
1.4599609375e+02 8.2884575448e-10 2.5929778514e-10 5.6954796934e-10
1.4605712891e+02 8.1510873770e-10 2.5613714836e-10 5.5897158935e-10
1.4611816406e+02 8.0171422558e-10 2.5285221029e-10 5.4886201529e-10
1.4617919922e+02 7.8873557170e-10 2.4931819978e-10 5.3941737192e-10
1.4624023438e+02 7.7655720005e-10 2.4573058480e-10 5.3082661525e-10
1.4630126953e+02 7.6554281558e-10 2.4240800390e-10 5.2313481169e-10
1.4636230469e+02 7.5575200402e-10 2.3946623240e-10 5.1628577162e-10
1.4642333984e+02 7.4691778945e-10 2.3672379880e-10 5.1019399065e-10
1.4648437500e+02 7.3870879506e-10 2.3393800682e-10 5.0477078824e-10
1.4654541016e+02 7.3105502406e-10 2.3108305080e-10 4.9997197327e-10
1.4660644531e+02 7.2416663360e-10 2.2833909192e-10 4.9582754168e-10
1.4666748047e+02 7.1821876179e-10 2.2584175871e-10 4.9237700308e-10
1.4672851562e+02 7.1313261669e-10 2.2353720915e-10 4.8959540754e-10
1.4678955078e+02 7.0873144987e-10 2.2131501172e-10 4.8741643815e-10
1.4685058594e+02 7.0500285014e-10 2.1920901110e-10 4.8579383903e-10
1.4691162109e+02 7.0203695465e-10 2.1736765374e-10 4.8466930091e-10
1.4697265625e+02 6.9973197551e-10 2.1582968658e-10 4.8390228893e-10
1.4703369141e+02 6.9775214242e-10 2.1443110200e-10 4.8332104042e-10
1.4709472656e+02 6.9584132757e-10 2.1297480749e-10 4.8286652008e-10
1.4715576172e+02 6.9410625539e-10 2.1143846473e-10 4.8266779066e-10
1.4721679688e+02 6.9290570566e-10 2.0998217539e-10 4.8292353027e-10
1.4727783203e+02 6.9244375603e-10 2.0877140344e-10 4.8367235260e-10
1.4733886719e+02 6.9255442094e-10 2.0781442483e-10 4.8473999612e-10
1.4739990234e+02 6.9290132980e-10 2.0697359508e-10 4.8592773472e-10
1.4746093750e+02 6.9326921655e-10 2.0611399692e-10 4.8715521963e-10
1.4752197266e+02 6.9363562775e-10 2.0522049040e-10 4.8841513735e-10
1.4758300781e+02 6.9410724866e-10 2.0437991529e-10 4.8972733337e-10
1.4764404297e+02 6.9483437971e-10 2.0367021990e-10 4.9116415981e-10
1.4770507812e+02 6.9586001467e-10 2.0306906285e-10 4.9279095181e-10
1.4776611328e+02 6.9701187802e-10 2.0247047106e-10 4.9454140696e-10
1.4782714844e+02 6.9803124412e-10 2.0180820039e-10 4.9622304373e-10
1.4788818359e+02 6.9883949000e-10 2.0115961846e-10 4.9767987153e-10
1.4794921875e+02 6.9960366865e-10 2.0066860438e-10 4.9893506427e-10
1.4801025391e+02 7.0047441110e-10 2.0033291148e-10 5.0014149962e-10
1.4807128906e+02 7.0130045103e-10 1.9993008016e-10 5.0137037086e-10
1.4813232422e+02 7.0170951155e-10 1.9922659314e-10 5.0248291840e-10
1.4819335938e+02 7.0149334800e-10 1.9825207375e-10 5.0324127425e-10
1.4825439453e+02 7.0079175609e-10 1.9728755923e-10 5.0350419686e-10
1.4831542969e+02 6.9984651674e-10 1.9654321748e-10 5.0330329927e-10
1.4837646484e+02 6.9870680561e-10 1.9591836632e-10 5.0278843928e-10
1.4843750000e+02 6.9725754789e-10 1.9514544557e-10 5.0211210233e-10
1.4849853516e+02 6.9546886723e-10 1.9412908766e-10 5.0133977957e-10
1.4855957031e+02 6.9350120111e-10 1.9305655523e-10 5.0044464588e-10
1.4862060547e+02 6.9148039339e-10 1.9214285698e-10 4.9933753641e-10
1.4868164062e+02 6.8923661890e-10 1.9133638090e-10 4.9790023800e-10
1.4874267578e+02 6.8642710536e-10 1.9037696166e-10 4.9605014370e-10
1.4880371094e+02 6.8295914377e-10 1.8914607354e-10 4.9381307023e-10
1.4886474609e+02 6.7917490685e-10 1.8784552063e-10 4.9132938622e-10
1.4892578125e+02 6.7548753275e-10 1.8673535723e-10 4.8875217551e-10
1.4898681641e+02 6.7186545355e-10 1.8575601143e-10 4.8610944212e-10
1.4904785156e+02 6.6785279783e-10 1.8456331580e-10 4.8328948202e-10
1.4910888672e+02 6.6314580990e-10 1.8296435407e-10 4.8018145584e-10
1.4916992188e+02 6.5797757290e-10 1.8118123376e-10 4.7679633915e-10
1.4923095703e+02 6.5285346261e-10 1.7959870888e-10 4.7325475373e-10
1.4929199219e+02 6.4800351918e-10 1.7832710901e-10 4.6967641017e-10
1.4935302734e+02 6.4315385509e-10 1.7710299223e-10 4.6605086286e-10
1.4941406250e+02 6.3783797034e-10 1.7560197218e-10 4.6223599816e-10
1.4947509766e+02 6.3190680433e-10 1.7378711334e-10 4.5811969099e-10
1.4953613281e+02 6.2565364389e-10 1.7190967861e-10 4.5374396528e-10
1.4959716797e+02 6.1941500917e-10 1.7017595020e-10 4.4923905897e-10
1.4965820312e+02 6.1316836231e-10 1.6850306613e-10 4.4466529618e-10
1.4971923828e+02 6.0662579330e-10 1.6666657471e-10 4.3995921859e-10
1.4978027344e+02 5.9965212493e-10 1.6461623318e-10 4.3503589174e-10
1.4984130859e+02 5.9245576765e-10 1.6255247878e-10 4.2990328887e-10
1.4990234375e+02 5.8534930618e-10 1.6069352306e-10 4.2465578312e-10
1.4996337891e+02 5.7842824413e-10 1.5903178617e-10 4.1939645796e-10
1.5002441406e+02 5.7157910842e-10 1.5737227637e-10 4.1420683205e-10
1.5008544922e+02 5.6475945779e-10 1.5558988665e-10 4.0916957114e-10
1.5014648438e+02 5.5813625386e-10 1.5378052655e-10 4.0435572731e-10
1.5020751953e+02 5.5190738127e-10 1.5213890211e-10 3.9976847916e-10
1.5026855469e+02 5.4609240693e-10 1.5073571609e-10 3.9535669085e-10
1.5032958984e+02 5.4056450823e-10 1.4946556969e-10 3.9109893854e-10
1.5039062500e+02 5.3519969139e-10 1.4819565404e-10 3.8700403735e-10
1.5045166016e+02 5.2993244065e-10 1.4689695353e-10 3.8303548713e-10
1.5051269531e+02 5.2475366826e-10 1.4562163956e-10 3.7913202870e-10
1.5057373047e+02 5.1972290121e-10 1.4441516027e-10 3.7530774094e-10
1.5063476562e+02 5.1492303142e-10 1.4327553761e-10 3.7164749381e-10
1.5069580078e+02 5.1035575679e-10 1.4216957375e-10 3.6818618304e-10
1.5075683594e+02 5.0591060940e-10 1.4107423404e-10 3.6483637536e-10
1.5081787109e+02 5.0145375570e-10 1.4000485776e-10 3.6144889794e-10
1.5087890625e+02 4.9691877966e-10 1.3898669451e-10 3.5793208515e-10
1.5093994141e+02 4.9229090045e-10 1.3799063737e-10 3.5430026308e-10
1.5100097656e+02 4.8754743995e-10 1.3693083222e-10 3.5061660773e-10
1.5106201172e+02 4.8267243308e-10 1.3574732379e-10 3.4692510929e-10
1.5112304688e+02 4.7770151912e-10 1.3446828614e-10 3.4323323298e-10
1.5118408203e+02 4.7267956365e-10 1.3317214156e-10 3.3950742209e-10
1.5124511719e+02 4.6758314320e-10 1.3190032865e-10 3.3568281455e-10
1.5130615234e+02 4.6234458699e-10 1.3063136254e-10 3.3171322445e-10
1.5136718750e+02 4.5693482058e-10 1.2933233691e-10 3.2760248367e-10
1.5142822266e+02 4.5137477431e-10 1.2799107025e-10 3.2338370406e-10
1.5148925781e+02 4.4569456665e-10 1.2659651502e-10 3.1909805162e-10
1.5155029297e+02 4.3991363531e-10 1.2513461659e-10 3.1477901872e-10
1.5161132812e+02 4.3403585358e-10 1.2361150820e-10 3.1042434538e-10
1.5167236328e+02 4.2804977376e-10 1.2205813595e-10 3.0599163780e-10
1.5173339844e+02 4.2195413671e-10 1.2051327739e-10 3.0144085932e-10
1.5179443359e+02 4.1580073465e-10 1.1900705042e-10 2.9679368423e-10
1.5185546875e+02 4.0969949385e-10 1.1754869177e-10 2.9215080208e-10
1.5191650391e+02 4.0375778361e-10 1.1612251752e-10 2.8763526610e-10
1.5197753906e+02 3.9800565008e-10 1.1469875527e-10 2.8330689481e-10
1.5203857422e+02 3.9239089358e-10 1.1325621719e-10 2.7913467639e-10
1.5209960938e+02 3.8685054075e-10 1.1180014033e-10 2.7505040042e-10
1.5216064453e+02 3.8136018734e-10 1.1035390857e-10 2.7100627876e-10
1.5222167969e+02 3.7591412584e-10 1.0893937164e-10 2.6697475419e-10
1.5228271484e+02 3.7051090213e-10 1.0757652650e-10 2.6293437563e-10
1.5234375000e+02 3.6518669970e-10 1.0628150991e-10 2.5890518979e-10
1.5240478516e+02 3.6002429980e-10 1.0504468310e-10 2.5497961670e-10
1.5246582031e+02 3.5509395101e-10 1.0383235592e-10 2.5126159509e-10
1.5252685547e+02 3.5039754617e-10 1.0261997669e-10 2.4777756948e-10
1.5258789062e+02 3.4588622812e-10 1.0141219417e-10 2.4447403396e-10
1.5264892578e+02 3.4152088444e-10 1.0024031490e-10 2.4128056953e-10
1.5270996094e+02 3.3728827612e-10 9.9134122608e-11 2.3815415351e-10
1.5277099609e+02 3.3316127097e-10 9.8076429679e-11 2.3508484130e-10
1.5283203125e+02 3.2909389480e-10 9.7011122945e-11 2.3208277186e-10
1.5289306641e+02 3.2508234224e-10 9.5913569317e-11 2.2916877292e-10
1.5295410156e+02 3.2119007822e-10 9.4816791537e-11 2.2637328668e-10
1.5301513672e+02 3.1746951816e-10 9.3755462242e-11 2.2371405592e-10
1.5307617188e+02 3.1388183448e-10 9.2715588384e-11 2.2116624609e-10
1.5313720703e+02 3.1034290571e-10 9.1660436399e-11 2.1868246931e-10
1.5319824219e+02 3.0683381691e-10 9.0600343205e-11 2.1623347370e-10
1.5325927734e+02 3.0342369271e-10 8.9608739410e-11 2.1381495330e-10
1.5332031250e+02 3.0018352972e-10 8.8740337630e-11 2.1144319209e-10
1.5338134766e+02 2.9708840454e-10 8.7945023927e-11 2.0914338061e-10
1.5344238281e+02 2.9402239440e-10 8.7104031003e-11 2.0691836340e-10
1.5350341797e+02 2.9090664996e-10 8.6158151641e-11 2.0474849832e-10
1.5356445312e+02 2.8780131499e-10 8.5167187771e-11 2.0263412721e-10
1.5362548828e+02 2.8482525980e-10 8.4227233721e-11 2.0059802607e-10
1.5368652344e+02 2.8197844851e-10 8.3351619365e-11 1.9862682914e-10
1.5374755859e+02 2.7911409038e-10 8.2466386756e-11 1.9664770362e-10
1.5380859375e+02 2.7612074256e-10 8.1523447639e-11 1.9459729492e-10
1.5386962891e+02 2.7307225560e-10 8.0576520902e-11 1.9249573470e-10
1.5393066406e+02 2.7013796780e-10 7.9717117354e-11 1.9042085044e-10
1.5399169922e+02 2.6738829070e-10 7.8962266272e-11 1.8842602442e-10
1.5405273438e+02 2.6475413480e-10 7.8244216762e-11 1.8650991804e-10
1.5411376953e+02 2.6214513830e-10 7.7502044003e-11 1.8464309430e-10
1.5417480469e+02 2.5955125643e-10 7.6751714395e-11 1.8279954203e-10
1.5423583984e+02 2.5706400862e-10 7.6069940470e-11 1.8099406815e-10
1.5429687500e+02 2.5483473211e-10 7.5524213038e-11 1.7931051908e-10
1.5435791016e+02 2.5294911909e-10 7.5104510101e-11 1.7784460899e-10
1.5441894531e+02 2.5130882432e-10 7.4718051516e-11 1.7659077280e-10
1.5447998047e+02 2.4970456430e-10 7.4270173323e-11 1.7543439097e-10
1.5454101562e+02 2.4803275827e-10 7.3755928292e-11 1.7427682998e-10
1.5460205078e+02 2.4638690276e-10 7.3257587809e-11 1.7312931495e-10
1.5466308594e+02 2.4492194920e-10 7.2844958610e-11 1.7207699059e-10
1.5472412109e+02 2.4367455574e-10 7.2497180620e-11 1.7117737512e-10
1.5478515625e+02 2.4254223990e-10 7.2139908357e-11 1.7040233154e-10
1.5484619141e+02 2.4142117255e-10 7.1742207108e-11 1.6967896544e-10
1.5490722656e+02 2.4033244700e-10 7.1351730407e-11 1.6898071659e-10
1.5496826172e+02 2.3939969928e-10 7.1034954663e-11 1.6836474462e-10
1.5502929688e+02 2.3872350715e-10 7.0802286905e-11 1.6792122024e-10
1.5509033203e+02 2.3829208813e-10 7.0603466177e-11 1.6768862195e-10
1.5515136719e+02 2.3800994474e-10 7.0389034273e-11 1.6762091047e-10
1.5521240234e+02 2.3782004657e-10 7.0170470127e-11 1.6764957644e-10
1.5527343750e+02 2.3777983690e-10 7.0016632453e-11 1.6776320445e-10
1.5533447266e+02 2.3798273795e-10 6.9981920132e-11 1.6800081782e-10
1.5539550781e+02 2.3843598828e-10 7.0042054374e-11 1.6839393390e-10
1.5545654297e+02 2.3905735202e-10 7.0111769299e-11 1.6894558272e-10
1.5551757812e+02 2.3975961836e-10 7.0126753037e-11 1.6963286532e-10
1.5557861328e+02 2.4051866484e-10 7.0108347278e-11 1.7041031756e-10
1.5563964844e+02 2.4137893682e-10 7.0142696973e-11 1.7123623985e-10
1.5570068359e+02 2.4236804409e-10 7.0281438978e-11 1.7208660511e-10
1.5576171875e+02 2.4341327912e-10 7.0472142839e-11 1.7294113628e-10
1.5582275391e+02 2.4442461983e-10 7.0624672668e-11 1.7379994716e-10
1.5588378906e+02 2.4543678778e-10 7.0736320107e-11 1.7470046767e-10
1.5594482422e+02 2.4655036445e-10 7.0885512189e-11 1.7566485226e-10
1.5600585938e+02 2.4775665429e-10 7.1098866434e-11 1.7665778786e-10
1.5606689453e+02 2.4893852332e-10 7.1295102465e-11 1.7764342085e-10
1.5612792969e+02 2.5002220758e-10 7.1382122108e-11 1.7864008547e-10
1.5618896484e+02 2.5103889899e-10 7.1371972173e-11 1.7966692682e-10
1.5625000000e+02 2.5207126575e-10 7.1381782551e-11 1.8068948320e-10
1.5631103516e+02 2.5319791168e-10 7.1517363317e-11 1.8168054837e-10
1.5637207031e+02 2.5442680062e-10 7.1748216248e-11 1.8267858437e-10
1.5643310547e+02 2.5563738992e-10 7.1919022610e-11 1.8371836731e-10
1.5649414062e+02 2.5666834377e-10 7.1912829572e-11 1.8475551420e-10
1.5655517578e+02 2.5751199648e-10 7.1786438625e-11 1.8572555785e-10
1.5661621094e+02 2.5835918677e-10 7.1712359431e-11 1.8664682734e-10
1.5667724609e+02 2.5941048117e-10 7.1797934716e-11 1.8761254646e-10
1.5673828125e+02 2.6069646022e-10 7.2000154791e-11 1.8869630543e-10
1.5679931641e+02 2.6212222420e-10 7.2219268014e-11 1.8990295618e-10
1.5686035156e+02 2.6361895338e-10 7.2431461447e-11 1.9118749194e-10
1.5692138672e+02 2.6516431733e-10 7.2693817225e-11 1.9247050010e-10
1.5698242188e+02 2.6668534870e-10 7.3029830954e-11 1.9365551774e-10
1.5704345703e+02 2.6805266449e-10 7.3359652445e-11 1.9469301204e-10
1.5710449219e+02 2.6921960589e-10 7.3583510262e-11 1.9563609562e-10
1.5716552734e+02 2.7032224977e-10 7.3720378952e-11 1.9660187082e-10
1.5722656250e+02 2.7157716158e-10 7.3910971327e-11 1.9766619025e-10
1.5728759766e+02 2.7307494656e-10 7.4262196910e-11 1.9881274965e-10
1.5734863281e+02 2.7471729905e-10 7.4727676246e-11 1.9998962281e-10
1.5740966797e+02 2.7634334466e-10 7.5165470550e-11 2.0117787411e-10
1.5747070312e+02 2.7786501179e-10 7.5486390628e-11 2.0237862117e-10
1.5753173828e+02 2.7930290554e-10 7.5731950370e-11 2.0357095517e-10
1.5759277344e+02 2.8074494348e-10 7.6020340074e-11 2.0472460341e-10
1.5765380859e+02 2.8226274167e-10 7.6424375069e-11 2.0583836660e-10
1.5771484375e+02 2.8384766487e-10 7.6909301872e-11 2.0693836300e-10
1.5777587891e+02 2.8544031073e-10 7.7388761822e-11 2.0805154891e-10
1.5783691406e+02 2.8702507205e-10 7.7824573046e-11 2.0920049901e-10
1.5789794922e+02 2.8865302431e-10 7.8254863774e-11 2.1039816054e-10
1.5795898438e+02 2.9033645737e-10 7.8721601494e-11 2.1161485587e-10
1.5802001953e+02 2.9196888182e-10 7.9193086749e-11 2.1277579507e-10
1.5808105469e+02 2.9340744327e-10 7.9585764085e-11 2.1382167919e-10
1.5814208984e+02 2.9461210534e-10 7.9860266870e-11 2.1475183847e-10
1.5820312500e+02 2.9567515673e-10 8.0072713578e-11 2.1560244316e-10
1.5826416016e+02 2.9673445890e-10 8.0321399364e-11 2.1641305954e-10
1.5832519531e+02 2.9785958453e-10 8.0647837818e-11 2.1721174671e-10
1.5838623047e+02 2.9899361767e-10 8.0995097043e-11 2.1799852063e-10
1.5844726562e+02 3.0002019589e-10 8.1272611933e-11 2.1874758396e-10
1.5850830078e+02 3.0090956549e-10 8.1460648534e-11 2.1944891695e-10
1.5856933594e+02 3.0175921494e-10 8.1630266433e-11 2.2012894851e-10
1.5863037109e+02 3.0266974307e-10 8.1858610692e-11 2.2081113238e-10
1.5869140625e+02 3.0362238562e-10 8.2143417786e-11 2.2147896783e-10
1.5875244141e+02 3.0450956984e-10 8.2409547519e-11 2.2210002232e-10
1.5881347656e+02 3.0527090723e-10 8.2601742865e-11 2.2266916436e-10
1.5887451172e+02 3.0595101470e-10 8.2752853003e-11 2.2319816169e-10
1.5893554688e+02 3.0660469574e-10 8.2928159058e-11 2.2367653668e-10
1.5899658203e+02 3.0720252649e-10 8.3122160131e-11 2.2408036636e-10
1.5905761719e+02 3.0766747388e-10 8.3260341321e-11 2.2440713256e-10
1.5911865234e+02 3.0797236781e-10 8.3298983948e-11 2.2467338387e-10
1.5917968750e+02 3.0818677357e-10 8.3290720607e-11 2.2489605297e-10
1.5924072266e+02 3.0842169837e-10 8.3341221439e-11 2.2508047693e-10
1.5930175781e+02 3.0870848104e-10 8.3497916963e-11 2.2521056407e-10
1.5936279297e+02 3.0895481652e-10 8.3688315103e-11 2.2526650142e-10
1.5942382812e+02 3.0903519362e-10 8.3788219009e-11 2.2524697461e-10
1.5948486328e+02 3.0891416144e-10 8.3752387539e-11 2.2516177390e-10
1.5954589844e+02 3.0869748992e-10 8.3663356966e-11 2.2503413295e-10
1.5960693359e+02 3.0854796885e-10 8.3646718390e-11 2.2490125046e-10
1.5966796875e+02 3.0851381809e-10 8.3746257132e-11 2.2476756095e-10
1.5972900391e+02 3.0847438087e-10 8.3892642318e-11 2.2458173855e-10
1.5979003906e+02 3.0829821833e-10 8.3992002691e-11 2.2430621563e-10
1.5985107422e+02 3.0800439272e-10 8.4024349826e-11 2.2398004289e-10
1.5991210938e+02 3.0772284012e-10 8.4048493758e-11 2.2367434636e-10
1.5997314453e+02 3.0756018534e-10 8.4135143832e-11 2.2342504150e-10
1.6003417969e+02 3.0754460088e-10 8.4307714734e-11 2.2323688615e-10
1.6009521484e+02 3.0763910225e-10 8.4535320921e-11 2.2310378133e-10
1.6015625000e+02 3.0777505375e-10 8.4774673474e-11 2.2300038028e-10
1.6021728516e+02 3.0790190911e-10 8.5013069757e-11 2.2288883935e-10
1.6027832031e+02 3.0803085833e-10 8.5268642067e-11 2.2276221626e-10
1.6033935547e+02 3.0823343097e-10 8.5558257064e-11 2.2267517390e-10
1.6040039062e+02 3.0856949104e-10 8.5870681362e-11 2.2269880968e-10
1.6046142578e+02 3.0901382676e-10 8.6175074887e-11 2.2283875187e-10
1.6052246094e+02 3.0949576711e-10 8.6463481199e-11 2.2303228591e-10
1.6058349609e+02 3.1000860582e-10 8.6779402323e-11 2.2322920350e-10
1.6064453125e+02 3.1063384427e-10 8.7190489088e-11 2.2344335518e-10
1.6070556641e+02 3.1145760470e-10 8.7731714758e-11 2.2372588994e-10
1.6076660156e+02 3.1250176230e-10 8.8379379723e-11 2.2412238257e-10
1.6082763672e+02 3.1374159729e-10 8.9077926818e-11 2.2466367048e-10
1.6088867188e+02 3.1515354188e-10 8.9789252314e-11 2.2536428957e-10
1.6094970703e+02 3.1672828445e-10 9.0514157518e-11 2.2621412693e-10
1.6101074219e+02 3.1847478379e-10 9.1273638185e-11 2.2720114560e-10
1.6107177734e+02 3.2043907770e-10 9.2088115996e-11 2.2835096170e-10
1.6113281250e+02 3.2267907069e-10 9.2972012292e-11 2.2970705840e-10
1.6119384766e+02 3.2519155338e-10 9.3927987651e-11 2.3126356573e-10
1.6125488281e+02 3.2791139765e-10 9.4946625973e-11 2.3296477168e-10
1.6131591797e+02 3.3080082085e-10 9.6016252926e-11 2.3478456792e-10
1.6137695312e+02 3.3387123856e-10 9.7119271991e-11 2.3675196657e-10
1.6143798828e+02 3.3710396646e-10 9.8219947950e-11 2.3888401851e-10
1.6149902344e+02 3.4043637358e-10 9.9280958051e-11 2.4115541553e-10
1.6156005859e+02 3.4385727757e-10 1.0030369117e-10 2.4355358640e-10
1.6162109375e+02 3.4743695370e-10 1.0133593144e-10 2.4610102227e-10
1.6168212891e+02 3.5121245573e-10 1.0242094876e-10 2.4879150697e-10
1.6174316406e+02 3.5511172378e-10 1.0355053108e-10 2.5156119270e-10
1.6180419922e+02 3.5905338609e-10 1.0468953226e-10 2.5436385383e-10
1.6186523438e+02 3.6305781750e-10 1.0582866847e-10 2.5722914903e-10
1.6192626953e+02 3.6719500514e-10 1.0698158416e-10 2.6021342098e-10
1.6198730469e+02 3.7146257850e-10 1.0814022825e-10 2.6332235025e-10
1.6204833984e+02 3.7576576065e-10 1.0926518295e-10 2.6650057769e-10
1.6210937500e+02 3.8001864934e-10 1.1032654345e-10 2.6969210589e-10
1.6217041016e+02 3.8424437652e-10 1.1134298492e-10 2.7290139160e-10
1.6223144531e+02 3.8855966039e-10 1.1237274014e-10 2.7618692025e-10
1.6229248047e+02 3.9306581793e-10 1.1345868752e-10 2.7960713041e-10
1.6235351562e+02 3.9774862053e-10 1.1458458845e-10 2.8316403208e-10
1.6241455078e+02 4.0245328074e-10 1.1569124947e-10 2.8676203127e-10
1.6247558594e+02 4.0696835105e-10 1.1672272715e-10 2.9024562390e-10
1.6253662109e+02 4.1119407944e-10 1.1765670063e-10 2.9353737881e-10
1.6259765625e+02 4.1523133553e-10 1.1851321874e-10 2.9671811679e-10
1.6265869141e+02 4.1925118895e-10 1.1933193913e-10 2.9991924982e-10
1.6271972656e+02 4.2329403062e-10 1.2012668902e-10 3.0316734160e-10
1.6278076172e+02 4.2724598889e-10 1.2086898691e-10 3.0637700198e-10
1.6284179688e+02 4.3097275086e-10 1.2151703724e-10 3.0945571362e-10
1.6290283203e+02 4.3442193537e-10 1.2205522296e-10 3.1236671241e-10
1.6296386719e+02 4.3761184990e-10 1.2250982294e-10 3.1510202696e-10
1.6302490234e+02 4.4055860963e-10 1.2292057665e-10 3.1763803299e-10
1.6308593750e+02 4.4323597509e-10 1.2329202216e-10 3.1994395293e-10
1.6314697266e+02 4.4561369962e-10 1.2359269994e-10 3.2202099968e-10
1.6320800781e+02 4.4770971451e-10 1.2380425432e-10 3.2390546019e-10
1.6326904297e+02 4.4957801631e-10 1.2394389792e-10 3.2563411838e-10
1.6333007812e+02 4.5127748192e-10 1.2404147095e-10 3.2723601097e-10
1.6339111328e+02 4.5287182346e-10 1.2411737611e-10 3.2875444735e-10
1.6345214844e+02 4.5439807671e-10 1.2417386990e-10 3.3022420681e-10
1.6351318359e+02 4.5580778505e-10 1.2419163340e-10 3.3161615166e-10
1.6357421875e+02 4.5700609481e-10 1.2414740418e-10 3.3285869063e-10
1.6363525391e+02 4.5797726634e-10 1.2404798982e-10 3.3392927652e-10
1.6369628906e+02 4.5881086285e-10 1.2393012835e-10 3.3488073450e-10
1.6375732422e+02 4.5958621123e-10 1.2381324801e-10 3.3577296323e-10
1.6381835938e+02 4.6029808736e-10 1.2367704206e-10 3.3662104529e-10
1.6387939453e+02 4.6091578209e-10 1.2350387327e-10 3.3741190882e-10
1.6394042969e+02 4.6144931205e-10 1.2331522666e-10 3.3813408539e-10
1.6400146484e+02 4.6192323389e-10 1.2314455525e-10 3.3877867864e-10
1.6406250000e+02 4.6233154236e-10 1.2299345098e-10 3.3933809138e-10
1.6412353516e+02 4.6265396518e-10 1.2283229908e-10 3.3982166610e-10
1.6418457031e+02 4.6288549348e-10 1.2263955647e-10 3.4024593701e-10
1.6424560547e+02 4.6304235800e-10 1.2243515638e-10 3.4060720162e-10
1.6430664062e+02 4.6317580403e-10 1.2227215443e-10 3.4090364959e-10
1.6436767578e+02 4.6335305737e-10 1.2218579829e-10 3.4116725908e-10
1.6442871094e+02 4.6357668277e-10 1.2215014997e-10 3.4142653281e-10
1.6448974609e+02 4.6376264631e-10 1.2210362222e-10 3.4165902409e-10
1.6455078125e+02 4.6384483292e-10 1.2202506292e-10 3.4181977000e-10
1.6461181641e+02 4.6385620505e-10 1.2195962814e-10 3.4189657690e-10
1.6467285156e+02 4.6385721533e-10 1.2195125062e-10 3.4190596471e-10
1.6473388672e+02 4.6382785840e-10 1.2197498127e-10 3.4185287713e-10
1.6479492188e+02 4.6369537899e-10 1.2196889627e-10 3.4172648271e-10
1.6485595703e+02 4.6344513541e-10 1.2192134675e-10 3.4152378866e-10
1.6491699219e+02 4.6313521936e-10 1.2189232155e-10 3.4124289781e-10
1.6497802734e+02 4.6279557105e-10 1.2194574152e-10 3.4084982953e-10
1.6503906250e+02 4.6234823707e-10 1.2207497415e-10 3.4027326293e-10
1.6510009766e+02 4.6164511136e-10 1.2219583647e-10 3.3944927489e-10
1.6516113281e+02 4.6059201097e-10 1.2221951247e-10 3.3837249849e-10
1.6522216797e+02 4.5923142041e-10 1.2213939168e-10 3.3709202872e-10
1.6528320312e+02 4.5769845868e-10 1.2203428437e-10 3.3566417431e-10
1.6534423828e+02 4.5609748005e-10 1.2197964148e-10 3.3411783857e-10
1.6540527344e+02 4.5440282227e-10 1.2196288001e-10 3.3243994225e-10
1.6546630859e+02 4.5247152039e-10 1.2189719661e-10 3.3057432378e-10
1.6552734375e+02 4.5018234733e-10 1.2172922028e-10 3.2845312704e-10
1.6558837891e+02 4.4756797062e-10 1.2151115786e-10 3.2605681277e-10
1.6564941406e+02 4.4477668924e-10 1.2133170689e-10 3.2344498235e-10
1.6571044922e+02 4.4190242607e-10 1.2119930619e-10 3.2070311989e-10
1.6577148438e+02 4.3889877771e-10 1.2103999343e-10 3.1785878428e-10
1.6583251953e+02 4.3568253236e-10 1.2079816306e-10 3.1488436930e-10
1.6589355469e+02 4.3227566389e-10 1.2050138598e-10 3.1177427791e-10
1.6595458984e+02 4.2878660661e-10 1.2022103155e-10 3.0856557506e-10
1.6601562500e+02 4.2525313708e-10 1.1998222221e-10 3.0527091487e-10
1.6607666016e+02 4.2155943766e-10 1.1972353270e-10 3.0183590496e-10
1.6613769531e+02 4.1755152276e-10 1.1935697667e-10 2.9819454608e-10
1.6619873047e+02 4.1321301664e-10 1.1886401436e-10 2.9434900228e-10
1.6625976562e+02 4.0868900125e-10 1.1831018964e-10 2.9037881161e-10
1.6632080078e+02 4.0415909950e-10 1.1776151973e-10 2.8639757977e-10
1.6638183594e+02 3.9971524461e-10 1.1721037117e-10 2.8250487344e-10
1.6644287109e+02 3.9533323032e-10 1.1659798990e-10 2.7873524042e-10
1.6650390625e+02 3.9093224086e-10 1.1589571736e-10 2.7503652350e-10
1.6656494141e+02 3.8646368598e-10 1.1514183432e-10 2.7132185165e-10
1.6662597656e+02 3.8195492521e-10 1.1440153006e-10 2.6755339515e-10
1.6668701172e+02 3.7748798551e-10 1.1371030417e-10 2.6377768134e-10
1.6674804688e+02 3.7314070778e-10 1.1305244681e-10 2.6008826097e-10
1.6680908203e+02 3.6894439503e-10 1.1238136641e-10 2.5656302862e-10
1.6687011719e+02 3.6490504878e-10 1.1166578163e-10 2.5323926715e-10
1.6693115234e+02 3.6103821416e-10 1.1091390157e-10 2.5012431259e-10
1.6699218750e+02 3.5734727968e-10 1.1014547661e-10 2.4720180306e-10
1.6705322266e+02 3.5380148171e-10 1.0935961541e-10 2.4444186630e-10
1.6711425781e+02 3.5038513995e-10 1.0854968127e-10 2.4183545868e-10
1.6717529297e+02 3.4714021166e-10 1.0773588292e-10 2.3940432874e-10
1.6723632812e+02 3.4412069031e-10 1.0695872583e-10 2.3716196448e-10
1.6729736328e+02 3.4133548698e-10 1.0623605627e-10 2.3509943072e-10
1.6735839844e+02 3.3875350435e-10 1.0554080151e-10 2.3321270284e-10
1.6741943359e+02 3.3633147865e-10 1.0483114373e-10 2.3150033492e-10
1.6748046875e+02 3.3403959303e-10 1.0409691473e-10 2.2994267830e-10
1.6754150391e+02 3.3189593261e-10 1.0337059427e-10 2.2852533834e-10
1.6760253906e+02 3.2996890751e-10 1.0269640246e-10 2.2727250505e-10
1.6766357422e+02 3.2831087597e-10 1.0208817334e-10 2.2622270263e-10
1.6772460938e+02 3.2690055417e-10 1.0151730839e-10 2.2538324579e-10
1.6778564453e+02 3.2568751722e-10 1.0094985187e-10 2.2473766535e-10
1.6784667969e+02 3.2467048294e-10 1.0038744081e-10 2.2428304214e-10
1.6790771484e+02 3.2388655499e-10 9.9855723045e-11 2.2403083194e-10
1.6796875000e+02 3.2334098348e-10 9.9362782145e-11 2.2397820133e-10
1.6802978516e+02 3.2298384557e-10 9.8888148269e-11 2.2409569730e-10
1.6809082031e+02 3.2275371535e-10 9.8411940753e-11 2.2434177459e-10
1.6815185547e+02 3.2263562314e-10 9.7943873983e-11 2.2469174916e-10
1.6821289062e+02 3.2267183669e-10 9.7515202707e-11 2.2515663399e-10
1.6827392578e+02 3.2290773009e-10 9.7141585431e-11 2.2576614466e-10
1.6833496094e+02 3.2333863633e-10 9.6804375599e-11 2.2653426073e-10
1.6839599609e+02 3.2391547374e-10 9.6471872343e-11 2.2744360140e-10
1.6845703125e+02 3.2458433561e-10 9.6129495029e-11 2.2845484058e-10
1.6851806641e+02 3.2532503748e-10 9.5791385301e-11 2.2953365218e-10
1.6857910156e+02 3.2616366453e-10 9.5489770463e-11 2.3067389407e-10
1.6864013672e+02 3.2713649421e-10 9.5245449737e-11 2.3189104447e-10
1.6870117188e+02 3.2823875084e-10 9.5044427241e-11 2.3319432360e-10
1.6876220703e+02 3.2941558181e-10 9.4850135705e-11 2.3456544610e-10
1.6882324219e+02 3.3060438682e-10 9.4638133036e-11 2.3596625378e-10
1.6888427734e+02 3.3178501210e-10 9.4412917308e-11 2.3737209479e-10
1.6894531250e+02 3.3298021112e-10 9.4191840896e-11 2.3878837023e-10
1.6900634766e+02 3.3420941480e-10 9.3979645051e-11 2.4022976974e-10
1.6906738281e+02 3.3546472682e-10 9.3767026952e-11 2.4169769987e-10
1.6912841797e+02 3.3672890844e-10 9.3551489752e-11 2.4317741869e-10
1.6918945312e+02 3.3798873691e-10 9.3345137760e-11 2.4464359915e-10
1.6925048828e+02 3.3923608204e-10 9.3161121222e-11 2.4607496081e-10
1.6931152344e+02 3.4046554575e-10 9.3001034223e-11 2.4746451153e-10
1.6937255859e+02 3.4165501743e-10 9.2851128519e-11 2.4880388891e-10
1.6943359375e+02 3.4276720878e-10 9.2690102566e-11 2.5007710622e-10
1.6949462891e+02 3.4380075817e-10 9.2510774339e-11 2.5128998383e-10
1.6955566406e+02 3.4480538893e-10 9.2330545861e-11 2.5247484307e-10
1.6961669922e+02 3.4581087030e-10 9.2171237257e-11 2.5363963304e-10
1.6967773438e+02 3.4677289321e-10 9.2033663100e-11 2.5473923011e-10
1.6973876953e+02 3.4761232913e-10 9.1897149601e-11 2.5571517952e-10
1.6979980469e+02 3.4829004428e-10 9.1742549026e-11 2.5654749525e-10
1.6986083984e+02 3.4884177579e-10 9.1578292899e-11 2.5726348289e-10
1.6992187500e+02 3.4934975247e-10 9.1443184849e-11 2.5790656763e-10
1.6998291016e+02 3.4986967297e-10 9.1374086977e-11 2.5849558600e-10
1.7004394531e+02 3.5037092560e-10 9.1368416432e-11 2.5900250917e-10
1.7010498047e+02 3.5075400149e-10 9.1386156880e-11 2.5936784461e-10
1.7016601562e+02 3.5093589438e-10 9.1388078699e-11 2.5954781568e-10
1.7022705078e+02 3.5091249520e-10 9.1363633380e-11 2.5954886182e-10
1.7028808594e+02 3.5073240431e-10 9.1323231978e-11 2.5940917233e-10
1.7034912109e+02 3.5042300769e-10 9.1273010545e-11 2.5914999715e-10
1.7041015625e+02 3.4996199425e-10 9.1201569752e-11 2.5876042450e-10
1.7047119141e+02 3.4931408995e-10 9.1089685417e-11 2.5822440454e-10
1.7053222656e+02 3.4847370863e-10 9.0932253537e-11 2.5754145509e-10
1.7059326172e+02 3.4747225466e-10 9.0749231135e-11 2.5672302353e-10
1.7065429688e+02 3.4634622559e-10 9.0567905021e-11 2.5577832057e-10
1.7071533203e+02 3.4508059507e-10 9.0390460429e-11 2.5469013464e-10
1.7077636719e+02 3.4358216583e-10 9.0187097962e-11 2.5339506787e-10
1.7083740234e+02 3.4174657337e-10 8.9930986956e-11 2.5181558641e-10
1.7089843750e+02 3.3956772817e-10 8.9633586837e-11 2.4993414134e-10
1.7095947266e+02 3.3713995035e-10 8.9330100254e-11 2.4780985009e-10
1.7102050781e+02 3.3453314501e-10 8.9032603392e-11 2.4550054162e-10
1.7108154297e+02 3.3170509146e-10 8.8709781634e-11 2.4299530983e-10
1.7114257812e+02 3.2855663114e-10 8.8309109027e-11 2.4024752212e-10
1.7120361328e+02 3.2504914157e-10 8.7796452079e-11 2.3725268949e-10
1.7126464844e+02 3.2125543779e-10 8.7187021695e-11 2.3406841609e-10
1.7132568359e+02 3.1729785955e-10 8.6537657913e-11 2.3076020164e-10
1.7138671875e+02 3.1323095322e-10 8.5891670169e-11 2.2733928305e-10
1.7144775391e+02 3.0899613444e-10 8.5230284095e-11 2.2376585034e-10
1.7150878906e+02 3.0451156591e-10 8.4494464917e-11 2.2001710099e-10
1.7156982422e+02 2.9978536364e-10 8.3656459450e-11 2.1612890419e-10
1.7163085938e+02 2.9490177594e-10 8.2752513950e-11 2.1214926199e-10
1.7169189453e+02 2.8991221570e-10 8.1834696060e-11 2.0807751964e-10
1.7175292969e+02 2.8478389738e-10 8.0902334736e-11 2.0388156265e-10
1.7181396484e+02 2.7945580962e-10 7.9900687287e-11 1.9955512233e-10
1.7187500000e+02 2.7392325531e-10 7.8791482069e-11 1.9513177325e-10
1.7193603516e+02 2.6826357342e-10 7.7608946451e-11 1.9065462697e-10
1.7199707031e+02 2.6258827781e-10 7.6431712277e-11 1.8615656553e-10
1.7205810547e+02 2.5697524092e-10 7.5303934135e-11 1.8167130679e-10
1.7211914062e+02 2.5143374657e-10 7.4197127206e-11 1.7723661936e-10
1.7218017578e+02 2.4592750481e-10 7.3054576928e-11 1.7287292789e-10
1.7224121094e+02 2.4044152972e-10 7.1863813338e-11 1.6857771638e-10
1.7230224609e+02 2.3501227674e-10 7.0668185830e-11 1.6434409091e-10
1.7236328125e+02 2.2967367066e-10 6.9507393096e-11 1.6016627756e-10
1.7242431641e+02 2.2440300211e-10 6.8369715581e-11 1.5603328653e-10
1.7248535156e+02 2.1916027177e-10 6.7216189148e-11 1.5194408262e-10
1.7254638672e+02 2.1397603000e-10 6.6041595572e-11 1.4793443443e-10
1.7260742188e+02 2.0896516579e-10 6.4895902355e-11 1.4406926344e-10
1.7266845703e+02 2.0423143360e-10 6.3837007306e-11 1.4039442629e-10
1.7272949219e+02 1.9976401608e-10 6.2864391180e-11 1.3689962490e-10
1.7279052734e+02 1.9545665465e-10 6.1915106311e-11 1.3354154834e-10
1.7285156250e+02 1.9123695862e-10 6.0936140125e-11 1.3030081849e-10
1.7291259766e+02 1.8713595758e-10 5.9943028055e-11 1.2719292952e-10
1.7297363281e+02 1.8321508626e-10 5.8988401430e-11 1.2422668483e-10
1.7303466797e+02 1.7947177292e-10 5.8088652275e-11 1.2138312065e-10
1.7309570312e+02 1.7584549648e-10 5.7207039948e-11 1.1863845653e-10
1.7315673828e+02 1.7229497733e-10 5.6308352621e-11 1.1598662471e-10
1.7321777344e+02 1.6884587892e-10 5.5409124618e-11 1.1343675430e-10
1.7327880859e+02 1.6556352675e-10 5.4559793956e-11 1.1100373279e-10
1.7333984375e+02 1.6248980075e-10 5.3784430564e-11 1.0870537019e-10
1.7340087891e+02 1.5961585949e-10 5.3053875847e-11 1.0656198364e-10
1.7346191406e+02 1.5691330755e-10 5.2323315231e-11 1.0458999232e-10
1.7352294922e+02 1.5437174916e-10 5.1587785297e-11 1.0278396386e-10
1.7358398438e+02 1.5199739516e-10 5.0888831785e-11 1.0110856337e-10
1.7364501953e+02 1.4979017660e-10 5.0263229896e-11 9.9526946702e-11
1.7370605469e+02 1.4773053894e-10 4.9694465587e-11 9.8036073353e-11
1.7376708984e+02 1.4578309495e-10 4.9125436219e-11 9.6657658734e-11
1.7382812500e+02 1.4391980415e-10 4.8520110527e-11 9.5399693623e-11
1.7388916016e+02 1.4214454567e-10 4.7903007734e-11 9.4241537934e-11
1.7395019531e+02 1.4048322119e-10 4.7328698312e-11 9.3154522879e-11
1.7401123047e+02 1.3895088875e-10 4.6819663338e-11 9.2131225414e-11
1.7407226562e+02 1.3753900488e-10 4.6347776523e-11 9.1191228356e-11
1.7413330078e+02 1.3623253425e-10 4.5874896279e-11 9.0357637969e-11
1.7419433594e+02 1.3503319377e-10 4.5397416764e-11 8.9635777008e-11
1.7425537109e+02 1.3395702481e-10 4.4942320824e-11 8.9014703989e-11
1.7431640625e+02 1.3300211434e-10 4.4524319666e-11 8.8477794676e-11
1.7437744141e+02 1.3213272044e-10 4.4122036311e-11 8.8010684124e-11
1.7443847656e+02 1.3131026208e-10 4.3706832578e-11 8.7603429501e-11
1.7449951172e+02 1.3052974300e-10 4.3283885663e-11 8.7245857339e-11
1.7456054688e+02 1.2981256012e-10 4.2886009495e-11 8.6926550622e-11
1.7462158203e+02 1.2916765405e-10 4.2530208828e-11 8.6637445225e-11
1.7468261719e+02 1.2857123721e-10 4.2196427465e-11 8.6374809746e-11
1.7474365234e+02 1.2799248437e-10 4.1851929856e-11 8.6140554516e-11
1.7480468750e+02 1.2743603761e-10 4.1488932913e-11 8.5947104700e-11
1.7486572266e+02 1.2694379756e-10 4.1130151477e-11 8.5813646087e-11
1.7492675781e+02 1.2654513018e-10 4.0796827837e-11 8.5748302339e-11
1.7498779297e+02 1.2621448020e-10 4.0483701024e-11 8.5730779180e-11
1.7504882812e+02 1.2588946577e-10 4.0171165766e-11 8.5718300006e-11
1.7510986328e+02 1.2553358545e-10 3.9851214796e-11 8.5682370655e-11
1.7517089844e+02 1.2517961869e-10 3.9536896758e-11 8.5642721932e-11
1.7523193359e+02 1.2490119748e-10 3.9251843610e-11 8.5649353870e-11
1.7529296875e+02 1.2473656078e-10 3.9008427604e-11 8.5728133178e-11
1.7535400391e+02 1.2465050142e-10 3.8791148084e-11 8.5859353333e-11
1.7541503906e+02 1.2457603417e-10 3.8566804254e-11 8.6009229919e-11
1.7547607422e+02 1.2448489425e-10 3.8318027851e-11 8.6166866394e-11
1.7553710938e+02 1.2440260387e-10 3.8062238133e-11 8.6340365736e-11
1.7559814453e+02 1.2435524661e-10 3.7830257086e-11 8.6524989521e-11
1.7565917969e+02 1.2432826353e-10 3.7630362379e-11 8.6697901151e-11
1.7572021484e+02 1.2428583857e-10 3.7442777781e-11 8.6843060791e-11
1.7578125000e+02 1.2421069008e-10 3.7249329081e-11 8.6961361002e-11
1.7584228516e+02 1.2412296626e-10 3.7057352204e-11 8.7065614054e-11
1.7590332031e+02 1.2406804296e-10 3.6888666602e-11 8.7179376358e-11
1.7596435547e+02 1.2407544476e-10 3.6754102404e-11 8.7321342356e-11
1.7602539062e+02 1.2413078327e-10 3.6645733272e-11 8.7485050001e-11
1.7608642578e+02 1.2420344487e-10 3.6548237764e-11 8.7655207107e-11
1.7614746094e+02 1.2428916600e-10 3.6453850009e-11 8.7835315987e-11
1.7620849609e+02 1.2440582090e-10 3.6369700835e-11 8.8036120068e-11
1.7626953125e+02 1.2455722543e-10 3.6309974738e-11 8.8247250694e-11
1.7633056641e+02 1.2471736181e-10 3.6278005074e-11 8.8439356734e-11
1.7639160156e+02 1.2485451710e-10 3.6260662746e-11 8.8593854352e-11
1.7645263672e+02 1.2496235812e-10 3.6243968858e-11 8.8718389262e-11
1.7651367188e+02 1.2505628074e-10 3.6228173470e-11 8.8828107268e-11
1.7657470703e+02 1.2515069562e-10 3.6222969909e-11 8.8927725713e-11
1.7663574219e+02 1.2525615657e-10 3.6232855311e-11 8.9023301258e-11
1.7669677734e+02 1.2537643059e-10 3.6249774588e-11 8.9126656007e-11
1.7675781250e+02 1.2548293627e-10 3.6256351270e-11 8.9226585004e-11
1.7681884766e+02 1.2551855372e-10 3.6236774096e-11 8.9281779621e-11
1.7687988281e+02 1.2544987508e-10 3.6188762646e-11 8.9261112431e-11
1.7694091797e+02 1.2529595091e-10 3.6126753810e-11 8.9169197096e-11
1.7700195312e+02 1.2509581625e-10 3.6069162116e-11 8.9026654132e-11
1.7706298828e+02 1.2486167564e-10 3.6016196693e-11 8.8845478948e-11
1.7712402344e+02 1.2457736427e-10 3.5945098245e-11 8.8632266027e-11
1.7718505859e+02 1.2423910810e-10 3.5835875750e-11 8.8403232350e-11
1.7724609375e+02 1.2387207686e-10 3.5696370060e-11 8.8175706804e-11
1.7730712891e+02 1.2349453707e-10 3.5552377598e-11 8.7942159471e-11
1.7736816406e+02 1.2308728389e-10 3.5417216354e-11 8.7670067539e-11
1.7742919922e+02 1.2261497754e-10 3.5280473393e-11 8.7334504145e-11
1.7749023438e+02 1.2206360911e-10 3.5123342135e-11 8.6940266971e-11
1.7755126953e+02 1.2144491299e-10 3.4937585172e-11 8.6507327818e-11
1.7761230469e+02 1.2077417475e-10 3.4731318674e-11 8.6042856074e-11
1.7767333984e+02 1.2005089372e-10 3.4517763993e-11 8.5533129730e-11
1.7773437500e+02 1.1925565017e-10 3.4298859155e-11 8.4956791016e-11
1.7779541016e+02 1.1836631136e-10 3.4064888566e-11 8.4301422790e-11
1.7785644531e+02 1.1738547204e-10 3.3809474359e-11 8.3575997677e-11
1.7791748047e+02 1.1634869616e-10 3.3539563871e-11 8.2809132284e-11
1.7797851562e+02 1.1529308806e-10 3.3269086380e-11 8.2024001684e-11
1.7803955078e+02 1.1421977042e-10 3.3003374597e-11 8.1216395825e-11
1.7810058594e+02 1.1309788835e-10 3.2733273868e-11 8.0364614478e-11
1.7816162109e+02 1.1190208714e-10 3.2446306234e-11 7.9455780911e-11
1.7822265625e+02 1.1064009218e-10 3.2140042734e-11 7.8500049446e-11
1.7828369141e+02 1.0934634913e-10 3.1824758139e-11 7.7521590990e-11
1.7834472656e+02 1.0804828123e-10 3.1513958760e-11 7.6534322473e-11
1.7840576172e+02 1.0674261473e-10 3.1208839606e-11 7.5533775126e-11
1.7846679688e+02 1.0541092538e-10 3.0894711285e-11 7.4516214099e-11
1.7852783203e+02 1.0404548781e-10 3.0557979858e-11 7.3487507949e-11
1.7858886719e+02 1.0265562576e-10 3.0204000677e-11 7.2451625084e-11
1.7864990234e+02 1.0126682391e-10 2.9854244848e-11 7.1412579062e-11
1.7871093750e+02 9.9910754591e-11 2.9527324324e-11 7.0383430267e-11
1.7877197266e+02 9.8598772534e-11 2.9225444311e-11 6.9373328223e-11
1.7883300781e+02 9.7307824736e-11 2.8937001897e-11 6.8370822839e-11
1.7889404297e+02 9.6002415873e-11 2.8648265461e-11 6.7354150412e-11
1.7895507812e+02 9.4677317044e-11 2.8355806682e-11 6.6321510362e-11
1.7901611328e+02 9.3374549002e-11 2.8071528824e-11 6.5303020178e-11
1.7907714844e+02 9.2138049645e-11 2.7811235430e-11 6.4326814215e-11
1.7913818359e+02 9.0960289064e-11 2.7578764354e-11 6.3381524711e-11
1.7919921875e+02 8.9804720950e-11 2.7366978265e-11 6.2437742685e-11
1.7926025391e+02 8.8666135589e-11 2.7168996812e-11 6.1497138778e-11
1.7932128906e+02 8.7576890138e-11 2.6981884746e-11 6.0595005392e-11
1.7938232422e+02 8.6565177501e-11 2.6804221918e-11 5.9760955584e-11
1.7944335938e+02 8.5628952231e-11 2.6634381431e-11 5.8994570800e-11
1.7950439453e+02 8.4746733064e-11 2.6469687291e-11 5.8277045773e-11
1.7956542969e+02 8.3903167997e-11 2.6308838437e-11 5.7594329560e-11
1.7962646484e+02 8.3098045000e-11 2.6156038471e-11 5.6942006529e-11
1.7968750000e+02 8.2329490330e-11 2.6017214659e-11 5.6312275671e-11
1.7974853516e+02 8.1585452939e-11 2.5890737148e-11 5.5694715790e-11
1.7980957031e+02 8.0869405995e-11 2.5767853346e-11 5.5101552650e-11
1.7987060547e+02 8.0216080695e-11 2.5644428778e-11 5.4571651917e-11
1.7993164062e+02 7.9658789951e-11 2.5529213545e-11 5.4129576405e-11
1.7999267578e+02 7.9199862749e-11 2.5438141351e-11 5.3761721398e-11
1.8005371094e+02 7.8827468284e-11 2.5379231287e-11 5.3448236997e-11
1.8011474609e+02 7.8536288586e-11 2.5343900661e-11 5.3192387925e-11
1.8017578125e+02 7.8322505155e-11 2.5315209831e-11 5.3007295324e-11
1.8023681641e+02 7.8177511816e-11 2.5284184725e-11 5.2893327091e-11
1.8029785156e+02 7.8090356618e-11 2.5257154364e-11 5.2833202255e-11
1.8035888672e+02 7.8047423187e-11 2.5245762317e-11 5.2801660871e-11
1.8041992188e+02 7.8024899413e-11 2.5246720704e-11 5.2778178709e-11
1.8048095703e+02 7.7992947497e-11 2.5238688546e-11 5.2754258952e-11
1.8054199219e+02 7.7949075503e-11 2.5210519802e-11 5.2738555701e-11
1.8060302734e+02 7.7935932138e-11 2.5181771753e-11 5.2754160386e-11
1.8066406250e+02 7.8001049320e-11 2.5179780182e-11 5.2821269138e-11
1.8072509766e+02 7.8155618803e-11 2.5207371618e-11 5.2948247185e-11
1.8078613281e+02 7.8388787990e-11 2.5246797445e-11 5.3141990545e-11
1.8084716797e+02 7.8691249370e-11 2.5285952979e-11 5.3405296391e-11
1.8090820312e+02 7.9042199546e-11 2.5328099002e-11 5.3714100544e-11
1.8096923828e+02 7.9404083144e-11 2.5381449579e-11 5.4022633565e-11
1.8103027344e+02 7.9763311903e-11 2.5450475046e-11 5.4312836856e-11
1.8109130859e+02 8.0156928366e-11 2.5533526098e-11 5.4623402268e-11
1.8115234375e+02 8.0628235843e-11 2.5621822457e-11 5.5006413386e-11
1.8121337891e+02 8.1169057477e-11 2.5705453826e-11 5.5463603651e-11
1.8127441406e+02 8.1727761813e-11 2.5782226584e-11 5.5945535229e-11
1.8133544922e+02 8.2267187015e-11 2.5857504629e-11 5.6409682386e-11
1.8139648438e+02 8.2802562980e-11 2.5938589656e-11 5.6863973323e-11
1.8145751953e+02 8.3382615273e-11 2.6031795369e-11 5.7350819903e-11
1.8151855469e+02 8.4043687021e-11 2.6143197109e-11 5.7900489912e-11
1.8157958984e+02 8.4788514606e-11 2.6278740489e-11 5.8509774118e-11
1.8164062500e+02 8.5595397213e-11 2.6437612034e-11 5.9157785178e-11
1.8170166016e+02 8.6436042048e-11 2.6606831231e-11 5.9829210817e-11
1.8176269531e+02 8.7292697847e-11 2.6770343341e-11 6.0522354505e-11
1.8182373047e+02 8.8161152811e-11 2.6920920035e-11 6.1240232775e-11
1.8188476562e+02 8.9036849153e-11 2.7059004564e-11 6.1977844589e-11
1.8194580078e+02 8.9917555097e-11 2.7189858501e-11 6.2727696596e-11
1.8200683594e+02 9.0823592624e-11 2.7325301419e-11 6.3498291205e-11
1.8206787109e+02 9.1784219181e-11 2.7476289453e-11 6.4307929728e-11
1.8212890625e+02 9.2802088762e-11 2.7642989083e-11 6.5159099679e-11
1.8218994141e+02 9.3860366782e-11 2.7819486247e-11 6.6040880535e-11
1.8225097656e+02 9.4951286590e-11 2.8002370756e-11 6.6948915834e-11
1.8231201172e+02 9.6069451909e-11 2.8190435623e-11 6.7879016286e-11
1.8237304688e+02 9.7195301852e-11 2.8382583715e-11 6.8812718137e-11
1.8243408203e+02 9.8308502584e-11 2.8577372805e-11 6.9731129779e-11
1.8249511719e+02 9.9411429453e-11 2.8772693444e-11 7.0638736010e-11
1.8255615234e+02 1.0052813576e-10 2.8967375073e-11 7.1560760684e-11
1.8261718750e+02 1.0167500553e-10 2.9161321609e-11 7.2513683916e-11
1.8267822266e+02 1.0283638979e-10 2.9353305848e-11 7.3483083942e-11
1.8273925781e+02 1.0398074609e-10 2.9541842379e-11 7.4438903714e-11
1.8280029297e+02 1.0510030507e-10 2.9727295246e-11 7.5373009821e-11
1.8286132812e+02 1.0622076214e-10 2.9912297842e-11 7.6308464297e-11
1.8292236328e+02 1.0736816215e-10 3.0102213302e-11 7.7265948845e-11
1.8298339844e+02 1.0853765395e-10 3.0302270335e-11 7.8235383615e-11
1.8304443359e+02 1.0970193606e-10 3.0511624437e-11 7.9190311625e-11
1.8310546875e+02 1.1084524256e-10 3.0723718164e-11 8.0121524395e-11
1.8316650391e+02 1.1197319221e-10 3.0931507975e-11 8.1041684237e-11
1.8322753906e+02 1.1308288701e-10 3.1128242813e-11 8.1954644194e-11
1.8328857422e+02 1.1414913329e-10 3.1308823872e-11 8.2840309418e-11
1.8334960938e+02 1.1515606801e-10 3.1476570997e-11 8.3679497009e-11
1.8341064453e+02 1.1611621871e-10 3.1642976872e-11 8.4473241836e-11
1.8347167969e+02 1.1704742126e-10 3.1816460237e-11 8.5230961022e-11
1.8353271484e+02 1.1795574037e-10 3.1995857845e-11 8.5959882525e-11
1.8359375000e+02 1.1884504591e-10 3.2175679546e-11 8.6669366365e-11
1.8365478516e+02 1.1971763717e-10 3.2352121214e-11 8.7365515955e-11
1.8371582031e+02 1.2055486039e-10 3.2521547371e-11 8.8033313016e-11
1.8377685547e+02 1.2131622330e-10 3.2676797206e-11 8.8639426093e-11
1.8383789062e+02 1.2197372637e-10 3.2809984413e-11 8.9163741959e-11
1.8389892578e+02 1.2253635204e-10 3.2919369606e-11 8.9616982433e-11
1.8395996094e+02 1.2303411997e-10 3.3011853048e-11 9.0022266922e-11
1.8402099609e+02 1.2349297351e-10 3.3099490848e-11 9.0393482658e-11
1.8408203125e+02 1.2392759558e-10 3.3192745631e-11 9.0734849949e-11
1.8414306641e+02 1.2434590712e-10 3.3295362307e-11 9.1050544810e-11
1.8420410156e+02 1.2475250608e-10 3.3405684773e-11 9.1346821304e-11
1.8426513672e+02 1.2514244279e-10 3.3520438186e-11 9.1622004602e-11
1.8432617188e+02 1.2549700285e-10 3.3635132650e-11 9.1861870197e-11
1.8438720703e+02 1.2579670172e-10 3.3744084211e-11 9.2052617513e-11
1.8444824219e+02 1.2603733690e-10 3.3843437412e-11 9.2193899489e-11
1.8450927734e+02 1.2623340802e-10 3.3934530401e-11 9.2298877620e-11
1.8457031250e+02 1.2640782102e-10 3.4023083103e-11 9.2384737913e-11
1.8463134766e+02 1.2656793032e-10 3.4111664941e-11 9.2456265376e-11
1.8469238281e+02 1.2669247787e-10 3.4193468631e-11 9.2499009242e-11
1.8475341797e+02 1.2675857801e-10 3.4258433158e-11 9.2500144849e-11
1.8481445312e+02 1.2677673369e-10 3.4303394379e-11 9.2473339312e-11
1.8487548828e+02 1.2678052636e-10 3.4333303854e-11 9.2447222506e-11
1.8493652344e+02 1.2678860992e-10 3.4359287903e-11 9.2429322018e-11
1.8499755859e+02 1.2679471078e-10 3.4396465703e-11 9.2398245075e-11
1.8505859375e+02 1.2678772333e-10 3.4452760991e-11 9.2334962338e-11
1.8511962891e+02 1.2676415785e-10 3.4518065971e-11 9.2246091878e-11
1.8518066406e+02 1.2672195095e-10 3.4572388996e-11 9.2149561950e-11
1.8524169922e+02 1.2665511480e-10 3.4604791674e-11 9.2050323122e-11
1.8530273438e+02 1.2656370808e-10 3.4620334330e-11 9.1943373755e-11
1.8536376953e+02 1.2646725045e-10 3.4631118123e-11 9.1836132331e-11
1.8542480469e+02 1.2639599136e-10 3.4645647240e-11 9.1750344119e-11
1.8548583984e+02 1.2636318780e-10 3.4665579833e-11 9.1697607970e-11
1.8554687500e+02 1.2635395987e-10 3.4688057134e-11 9.1665902733e-11
1.8560791016e+02 1.2634597289e-10 3.4712117256e-11 9.1633855633e-11
1.8566894531e+02 1.2633371028e-10 3.4744190607e-11 9.1589519670e-11
1.8572998047e+02 1.2632720970e-10 3.4792695289e-11 9.1534514409e-11
1.8579101562e+02 1.2633660497e-10 3.4855830134e-11 9.1480774835e-11
1.8585205078e+02 1.2636657269e-10 3.4920345167e-11 9.1446227527e-11
1.8591308594e+02 1.2641905228e-10 3.4975270717e-11 9.1443781565e-11
1.8597412109e+02 1.2649081539e-10 3.5021479829e-11 9.1469335557e-11
1.8603515625e+02 1.2656480718e-10 3.5064141805e-11 9.1500665371e-11
1.8609619141e+02 1.2661628418e-10 3.5103612529e-11 9.1512671649e-11
1.8615722656e+02 1.2664472399e-10 3.5140444957e-11 9.1504279033e-11
1.8621826172e+02 1.2668933332e-10 3.5182484140e-11 9.1506849180e-11
1.8627929688e+02 1.2679232227e-10 3.5238318010e-11 9.1554004260e-11
1.8634033203e+02 1.2695792149e-10 3.5307712999e-11 9.1650208489e-11
1.8640136719e+02 1.2716323850e-10 3.5386123724e-11 9.1777114771e-11
1.8646240234e+02 1.2738819690e-10 3.5472356732e-11 9.1915840167e-11
1.8652343750e+02 1.2761901992e-10 3.5564714927e-11 9.2054304995e-11
1.8658447266e+02 1.2784536254e-10 3.5658980318e-11 9.2186382222e-11
1.8664550781e+02 1.2806561115e-10 3.5754509413e-11 9.2311101737e-11
1.8670654297e+02 1.2828549186e-10 3.5853542211e-11 9.2431949654e-11
1.8676757812e+02 1.2851564218e-10 3.5955923780e-11 9.2559718400e-11
1.8682861328e+02 1.2877155861e-10 3.6062074640e-11 9.2709483970e-11
1.8688964844e+02 1.2906593643e-10 3.6178739703e-11 9.2887196725e-11
1.8695068359e+02 1.2939689366e-10 3.6314932748e-11 9.3081960917e-11
1.8701171875e+02 1.2973866616e-10 3.6468260375e-11 9.3270405782e-11
1.8707275391e+02 1.3004941863e-10 3.6618876864e-11 9.3430541763e-11
1.8713378906e+02 1.3031072270e-10 3.6746344592e-11 9.3564378110e-11
1.8719482422e+02 1.3055277226e-10 3.6852207653e-11 9.3700564611e-11
1.8725585938e+02 1.3081328867e-10 3.6957491117e-11 9.3855797551e-11
1.8731689453e+02 1.3109152058e-10 3.7080137046e-11 9.4011383535e-11
1.8737792969e+02 1.3137540308e-10 3.7222113666e-11 9.4153289411e-11
1.8743896484e+02 1.3168483542e-10 3.7375561784e-11 9.4309273641e-11
1.8750000000e+02 1.3204815383e-10 3.7535501136e-11 9.4512652693e-11
1.8756103516e+02 1.3245533136e-10 3.7704612126e-11 9.4750719233e-11
1.8762207031e+02 1.3286881556e-10 3.7885251006e-11 9.4983564552e-11
1.8768310547e+02 1.3326948669e-10 3.8070570694e-11 9.5198915995e-11
1.8774414062e+02 1.3366359688e-10 3.8247128002e-11 9.5416468883e-11
1.8780517578e+02 1.3404966304e-10 3.8403495120e-11 9.5646167923e-11
1.8786621094e+02 1.3440834798e-10 3.8536838478e-11 9.5871509502e-11
1.8792724609e+02 1.3473247721e-10 3.8656345457e-11 9.6076131757e-11
1.8798828125e+02 1.3504370375e-10 3.8778092431e-11 9.6265611322e-11
1.8804931641e+02 1.3537206500e-10 3.8912750297e-11 9.6459314700e-11
1.8811035156e+02 1.3573229786e-10 3.9059456518e-11 9.6672841345e-11
1.8817138672e+02 1.3611577090e-10 3.9208629880e-11 9.6907141021e-11
1.8823242188e+02 1.3649768002e-10 3.9348699924e-11 9.7148980095e-11
1.8829345703e+02 1.3685840468e-10 3.9474768500e-11 9.7383636183e-11
1.8835449219e+02 1.3719508704e-10 3.9589614639e-11 9.7605472405e-11
1.8841552734e+02 1.3750972794e-10 3.9693855302e-11 9.7815872634e-11
1.8847656250e+02 1.3780144751e-10 3.9782770229e-11 9.8018677277e-11
1.8853759766e+02 1.3807412712e-10 3.9855542130e-11 9.8218584994e-11
1.8859863281e+02 1.3833921914e-10 3.9919619952e-11 9.8419599189e-11
1.8865966797e+02 1.3860950151e-10 3.9983180818e-11 9.8626320691e-11
1.8872070312e+02 1.3888603064e-10 4.0045585110e-11 9.8840445528e-11
1.8878173828e+02 1.3914430042e-10 4.0096418369e-11 9.9047882052e-11
1.8884277344e+02 1.3935017679e-10 4.0127574190e-11 9.9222602604e-11
1.8890380859e+02 1.3950382533e-10 4.0146933768e-11 9.9356891563e-11
1.8896484375e+02 1.3964555424e-10 4.0173346970e-11 9.9472207267e-11
1.8902587891e+02 1.3979896758e-10 4.0215565466e-11 9.9583402119e-11
1.8908691406e+02 1.3993067201e-10 4.0261844780e-11 9.9668827230e-11
1.8914794922e+02 1.3998981151e-10 4.0292088868e-11 9.9697722642e-11
1.8920898438e+02 1.3997472728e-10 4.0296548834e-11 9.9678178446e-11
1.8927001953e+02 1.3993914048e-10 4.0282781089e-11 9.9656359393e-11
1.8933105469e+02 1.3993142823e-10 4.0265626482e-11 9.9665801751e-11
1.8939208984e+02 1.3994165760e-10 4.0250692024e-11 9.9690965580e-11
1.8945312500e+02 1.3992284779e-10 4.0232202475e-11 9.9690645319e-11
1.8951416016e+02 1.3985765286e-10 4.0207070581e-11 9.9650582277e-11
1.8957519531e+02 1.3977595506e-10 4.0180777682e-11 9.9595177374e-11
1.8963623047e+02 1.3970552936e-10 4.0156427650e-11 9.9549101710e-11
1.8969726562e+02 1.3963961133e-10 4.0128178811e-11 9.9511432518e-11
1.8975830078e+02 1.3956146423e-10 4.0090215663e-11 9.9471248565e-11
1.8981933594e+02 1.3947485378e-10 4.0046450277e-11 9.9428403505e-11
1.8988037109e+02 1.3940048791e-10 4.0006699125e-11 9.9393788782e-11
1.8994140625e+02 1.3935465146e-10 3.9974528275e-11 9.9380123182e-11
1.9000244141e+02 1.3934065285e-10 3.9943351915e-11 9.9397300933e-11
1.9006347656e+02 1.3935709346e-10 3.9905135651e-11 9.9451957806e-11
1.9012451172e+02 1.3939925474e-10 3.9857514659e-11 9.9541740082e-11
1.9018554688e+02 1.3944959979e-10 3.9802034040e-11 9.9647565752e-11
1.9024658203e+02 1.3948721471e-10 3.9743712752e-11 9.9743501958e-11
1.9030761719e+02 1.3951314721e-10 3.9693218174e-11 9.9819929038e-11
1.9036865234e+02 1.3954872659e-10 3.9658588252e-11 9.9890138339e-11
1.9042968750e+02 1.3960902177e-10 3.9632510729e-11 9.9976511043e-11
1.9049072266e+02 1.3968951499e-10 3.9597502202e-11 1.0009201278e-10
1.9055175781e+02 1.3977028728e-10 3.9544865610e-11 1.0022542167e-10
1.9061279297e+02 1.3983551522e-10 3.9483315539e-11 1.0035219968e-10
1.9067382812e+02 1.3990658642e-10 3.9432052905e-11 1.0047453352e-10
1.9073486328e+02 1.4003878324e-10 3.9406111199e-11 1.0063267205e-10
1.9079589844e+02 1.4025554621e-10 3.9400883780e-11 1.0085466243e-10
1.9085693359e+02 1.4050257126e-10 3.9392087731e-11 1.0111048353e-10
1.9091796875e+02 1.4069835117e-10 3.9359446326e-11 1.0133890484e-10
1.9097900391e+02 1.4081775482e-10 3.9307543626e-11 1.0151021119e-10
1.9104003906e+02 1.4090031764e-10 3.9255810170e-11 1.0164450747e-10
1.9110107422e+02 1.4099087174e-10 3.9214024988e-11 1.0177684675e-10
1.9116210938e+02 1.4109531653e-10 3.9176590824e-11 1.0191872571e-10
1.9122314453e+02 1.4118650674e-10 3.9134777343e-11 1.0205172939e-10
1.9128417969e+02 1.4123721471e-10 3.9084057841e-11 1.0215315687e-10
1.9134521484e+02 1.4124529763e-10 3.9023284977e-11 1.0222201266e-10
1.9140625000e+02 1.4123222878e-10 3.8957190927e-11 1.0227503786e-10
1.9146728516e+02 1.4121991774e-10 3.8896905985e-11 1.0232301175e-10
1.9152832031e+02 1.4120554352e-10 3.8848147025e-11 1.0235739649e-10
1.9158935547e+02 1.4116171651e-10 3.8801918467e-11 1.0235979804e-10
1.9165039062e+02 1.4106673149e-10 3.8744671557e-11 1.0232205993e-10
1.9171142578e+02 1.4092362668e-10 3.8672962490e-11 1.0225066419e-10
1.9177246094e+02 1.4074101525e-10 3.8591808075e-11 1.0214920717e-10
1.9183349609e+02 1.4050800201e-10 3.8503447429e-11 1.0200455458e-10
1.9189453125e+02 1.4020318252e-10 3.8405924202e-11 1.0179725832e-10
1.9195556641e+02 1.3982332209e-10 3.8301884570e-11 1.0152143752e-10
1.9201660156e+02 1.3938516753e-10 3.8199143714e-11 1.0118602382e-10
1.9207763672e+02 1.3890339161e-10 3.8100549624e-11 1.0080284198e-10
1.9213867188e+02 1.3838248936e-10 3.8000393411e-11 1.0038209595e-10
1.9219970703e+02 1.3782342928e-10 3.7892182237e-11 9.9931247042e-11
1.9226074219e+02 1.3723253446e-10 3.7777256406e-11 9.9455278052e-11
1.9232177734e+02 1.3662482276e-10 3.7664168892e-11 9.8960653865e-11
1.9238281250e+02 1.3600797098e-10 3.7558503901e-11 9.8449467081e-11
1.9244384766e+02 1.3536714034e-10 3.7455717734e-11 9.7911422603e-11
1.9250488281e+02 1.3467819324e-10 3.7344473244e-11 9.7333719991e-11
1.9256591797e+02 1.3392591696e-10 3.7213223442e-11 9.6712693516e-11
1.9262695312e+02 1.3310214604e-10 3.7054548812e-11 9.6047597228e-11
1.9268798828e+02 1.3219598861e-10 3.6866873654e-11 9.5329114961e-11
1.9274902344e+02 1.3119909723e-10 3.6654489191e-11 9.4544608036e-11
1.9281005859e+02 1.3013340823e-10 3.6429371153e-11 9.3704037077e-11
1.9287109375e+02 1.2906110764e-10 3.6209552755e-11 9.2851554885e-11
1.9293212891e+02 1.2803598618e-10 3.6006159099e-11 9.2029827085e-11
1.9299316406e+02 1.2704931430e-10 3.5812925614e-11 9.1236388690e-11
1.9305419922e+02 1.2604646922e-10 3.5616261543e-11 9.0430207672e-11
1.9311523438e+02 1.2498770044e-10 3.5412522064e-11 8.9575178376e-11
1.9317626953e+02 1.2387895133e-10 3.5208299552e-11 8.8670651774e-11
1.9323730469e+02 1.2275830078e-10 3.5008907815e-11 8.7749392968e-11
1.9329833984e+02 1.2166706834e-10 3.4814517963e-11 8.6852550381e-11
1.9335937500e+02 1.2062423502e-10 3.4624627069e-11 8.5999607947e-11
1.9342041016e+02 1.1961474762e-10 3.4439587773e-11 8.5175159844e-11
1.9348144531e+02 1.1860278980e-10 3.4256768359e-11 8.4346021443e-11
1.9354248047e+02 1.1756143916e-10 3.4070126266e-11 8.3491312892e-11
1.9360351562e+02 1.1649133432e-10 3.3878032715e-11 8.2613301604e-11
1.9366455078e+02 1.1541210201e-10 3.3687310477e-11 8.1724791529e-11
1.9372558594e+02 1.1434021743e-10 3.3504206527e-11 8.0836010905e-11
1.9378662109e+02 1.1328031177e-10 3.3325827922e-11 7.9954483846e-11
1.9384765625e+02 1.1223248128e-10 3.3143365571e-11 7.9089115710e-11
1.9390869141e+02 1.1119883988e-10 3.2949510820e-11 7.8249329063e-11
1.9396972656e+02 1.1018275578e-10 3.2743120182e-11 7.7439635599e-11
1.9403076172e+02 1.0918319060e-10 3.2529010639e-11 7.6654179965e-11
1.9409179688e+02 1.0819306295e-10 3.2311836912e-11 7.5881226042e-11
1.9415283203e+02 1.0720608188e-10 3.2091451554e-11 7.5114630331e-11
1.9421386719e+02 1.0621995375e-10 3.1865937719e-11 7.4354016030e-11
1.9427490234e+02 1.0523383647e-10 3.1636794469e-11 7.3597042003e-11
1.9433593750e+02 1.0425110484e-10 3.1409172251e-11 7.2841932587e-11
1.9439697266e+02 1.0328200577e-10 3.1186973692e-11 7.2095032080e-11
1.9445800781e+02 1.0233541719e-10 3.0968192948e-11 7.1367224239e-11
1.9451904297e+02 1.0140878321e-10 3.0746616293e-11 7.0662166912e-11
1.9458007812e+02 1.0049302509e-10 3.0519293781e-11 6.9973731308e-11
1.9464111328e+02 9.9589490923e-11 3.0291375165e-11 6.9298115757e-11
1.9470214844e+02 9.8715892354e-11 3.0072960307e-11 6.8642932047e-11
1.9476318359e+02 9.7891160496e-11 2.9871681837e-11 6.8019478658e-11
1.9482421875e+02 9.7119043218e-11 2.9687729541e-11 6.7431313677e-11
1.9488525391e+02 9.6389988352e-11 2.9515362107e-11 6.6874626245e-11
1.9494628906e+02 9.5693360035e-11 2.9349514465e-11 6.6343845571e-11
1.9500732422e+02 9.5025463923e-11 2.9190484981e-11 6.5834978942e-11
1.9506835938e+02 9.4390102110e-11 2.9040684041e-11 6.5349418069e-11
1.9512939453e+02 9.3788693892e-11 2.8897257640e-11 6.4891436253e-11
1.9519042969e+02 9.3209715101e-11 2.8751443937e-11 6.4458271164e-11
1.9525146484e+02 9.2636486859e-11 2.8595698034e-11 6.4040788825e-11
1.9531250000e+02 9.2064649212e-11 2.8428107102e-11 6.3636542109e-11
1.9537353516e+02 9.1508505980e-11 2.8252254354e-11 6.3256251626e-11
1.9543457031e+02 9.0996491825e-11 2.8078112229e-11 6.2918379595e-11
1.9549560547e+02 9.0556718628e-11 2.7918576913e-11 6.2638141714e-11
1.9555664062e+02 9.0191810092e-11 2.7777899273e-11 6.2413910820e-11
1.9561767578e+02 8.9871582352e-11 2.7647091703e-11 6.2224490649e-11
1.9567871094e+02 8.9565698385e-11 2.7516068124e-11 6.2049630262e-11
1.9573974609e+02 8.9277986696e-11 2.7386154585e-11 6.1891832111e-11
1.9580078125e+02 8.9034019048e-11 2.7265733401e-11 6.1768285648e-11
1.9586181641e+02 8.8841946445e-11 2.7157843820e-11 6.1684102625e-11
1.9592285156e+02 8.8684284566e-11 2.7058488979e-11 6.1625795588e-11
1.9598388672e+02 8.8546972251e-11 2.6965010519e-11 6.1581961732e-11
1.9604492188e+02 8.8436166252e-11 2.6879064915e-11 6.1557101337e-11
1.9610595703e+02 8.8359990426e-11 2.6800239612e-11 6.1559750813e-11
1.9616699219e+02 8.8310956686e-11 2.6723043425e-11 6.1587913261e-11
1.9622802734e+02 8.8276252053e-11 2.6644337214e-11 6.1631914839e-11
1.9628906250e+02 8.8254621875e-11 2.6569605244e-11 6.1685016631e-11
1.9635009766e+02 8.8255372313e-11 2.6507254649e-11 6.1748117664e-11
1.9641113281e+02 8.8284545427e-11 2.6458927069e-11 6.1825618358e-11
1.9647216797e+02 8.8335604507e-11 2.6418533788e-11 6.1917070720e-11
1.9653320312e+02 8.8394521548e-11 2.6379007192e-11 6.2015514356e-11
1.9659423828e+02 8.8450780729e-11 2.6337059684e-11 6.2113721045e-11
1.9665527344e+02 8.8498309657e-11 2.6292388569e-11 6.2205921088e-11
1.9671630859e+02 8.8528638494e-11 2.6244732671e-11 6.2283905823e-11
1.9677734375e+02 8.8530767050e-11 2.6191443317e-11 6.2339323733e-11
1.9683837891e+02 8.8499713007e-11 2.6128322438e-11 6.2371390569e-11
1.9689941406e+02 8.8443690050e-11 2.6055319907e-11 6.2388370143e-11
1.9696044922e+02 8.8383027714e-11 2.5981634225e-11 6.2401393489e-11
1.9702148438e+02 8.8336317548e-11 2.5920556027e-11 6.2415761521e-11
1.9708251953e+02 8.8298301661e-11 2.5874461634e-11 6.2423840028e-11
1.9714355469e+02 8.8236742590e-11 2.5829229127e-11 6.2407513463e-11
1.9720458984e+02 8.8123101487e-11 2.5770522935e-11 6.2352578552e-11
1.9726562500e+02 8.7963494154e-11 2.5701299137e-11 6.2262195017e-11
1.9732666016e+02 8.7788386456e-11 2.5635460776e-11 6.2152925680e-11
1.9738769531e+02 8.7614131301e-11 2.5577746295e-11 6.2036385006e-11
1.9744873047e+02 8.7427363184e-11 2.5517668569e-11 6.1909694615e-11
1.9750976562e+02 8.7204015040e-11 2.5441661893e-11 6.1762353147e-11
1.9757080078e+02 8.6932059424e-11 2.5346183849e-11 6.1585875575e-11
1.9763183594e+02 8.6620896131e-11 2.5240275788e-11 6.1380620343e-11
1.9769287109e+02 8.6292574685e-11 2.5136548205e-11 6.1156026480e-11
1.9775390625e+02 8.5955388783e-11 2.5037415343e-11 6.0917973440e-11
1.9781494141e+02 8.5588274317e-11 2.4931239472e-11 6.0657034845e-11
1.9787597656e+02 8.5163177650e-11 2.4805034382e-11 6.0358143268e-11
1.9793701172e+02 8.4681624801e-11 2.4659630255e-11 6.0021994546e-11
1.9799804688e+02 8.4173940064e-11 2.4508503840e-11 5.9665436224e-11
1.9805908203e+02 8.3659091045e-11 2.4361581761e-11 5.9297509284e-11
1.9812011719e+02 8.3121325769e-11 2.4214585235e-11 5.8906740534e-11
1.9818115234e+02 8.2534577178e-11 2.4057121837e-11 5.8477455341e-11
1.9824218750e+02 8.1896811379e-11 2.3887770442e-11 5.8009040937e-11
1.9830322266e+02 8.1227072322e-11 2.3716062281e-11 5.7511010041e-11
1.9836425781e+02 8.0536932523e-11 2.3549890739e-11 5.6987041784e-11
1.9842529297e+02 7.9821124383e-11 2.3385047096e-11 5.6436077287e-11
1.9848632812e+02 7.9073442467e-11 2.3209461481e-11 5.5863980986e-11
1.9854736328e+02 7.8296409404e-11 2.3017057329e-11 5.5279352075e-11
1.9860839844e+02 7.7494118127e-11 2.2815440983e-11 5.4678677144e-11
1.9866943359e+02 7.6666367314e-11 2.2617793551e-11 5.4048573764e-11
1.9873046875e+02 7.5811532720e-11 2.2427476986e-11 5.3384055734e-11
1.9879150391e+02 7.4929747049e-11 2.2234380233e-11 5.2695366816e-11
1.9885253906e+02 7.4024133021e-11 2.2027406222e-11 5.1996726800e-11
1.9891357422e+02 7.3103187179e-11 2.1806434242e-11 5.1296752936e-11
1.9897460938e+02 7.2178512561e-11 2.1580145206e-11 5.0598367355e-11
1.9903564453e+02 7.1255853186e-11 2.1355620788e-11 4.9900232398e-11
1.9909667969e+02 7.0333851766e-11 2.1133131845e-11 4.9200719921e-11
1.9915771484e+02 6.9414620035e-11 2.0909641950e-11 4.8504978085e-11
1.9921875000e+02 6.8505789866e-11 2.0683726545e-11 4.7822063321e-11
1.9927978516e+02 6.7604817091e-11 2.0455312682e-11 4.7149504409e-11
1.9934082031e+02 6.6692249604e-11 2.0223188321e-11 4.6469061283e-11
1.9940185547e+02 6.5752592901e-11 1.9985960305e-11 4.5766632595e-11
1.9946289062e+02 6.4794632105e-11 1.9744940162e-11 4.5049691943e-11
1.9952392578e+02 6.3845104494e-11 1.9505589123e-11 4.4339515371e-11
1.9958496094e+02 6.2930626581e-11 1.9276700151e-11 4.3653926429e-11
1.9964599609e+02 6.2065251082e-11 1.9065431176e-11 4.2999819905e-11
1.9970703125e+02 6.1242071654e-11 1.8870488050e-11 4.2371583604e-11
1.9976806641e+02 6.0435304146e-11 1.8682704016e-11 4.1752600130e-11
1.9982910156e+02 5.9619949417e-11 1.8493742308e-11 4.1126207109e-11
1.9989013672e+02 5.8788769364e-11 1.8300443957e-11 4.0488325407e-11
1.9995117188e+02 5.7948464903e-11 1.8100749764e-11 3.9847715139e-11
2.0001220703e+02 5.7107539199e-11 1.7891897123e-11 3.9215642076e-11
2.0007324219e+02 5.6269917922e-11 1.7675139584e-11 3.8594778338e-11
2.0013427734e+02 5.5435519181e-11 1.7458340443e-11 3.7977178738e-11
2.0019531250e+02 5.4606550220e-11 1.7250572161e-11 3.7355978059e-11
2.0025634766e+02 5.3791123772e-11 1.7054634642e-11 3.6736489130e-11
2.0031738281e+02 5.2997302794e-11 1.6867389690e-11 3.6129913104e-11
2.0037841797e+02 5.2224707531e-11 1.6686260471e-11 3.5538447060e-11
2.0043945312e+02 5.1464166219e-11 1.6510771296e-11 3.4953394923e-11
2.0050048828e+02 5.0707327001e-11 1.6338526004e-11 3.4368800997e-11
2.0056152344e+02 4.9956461353e-11 1.6165219338e-11 3.3791242015e-11
2.0062255859e+02 4.9222995745e-11 1.5989077096e-11 3.3233918649e-11
2.0068359375e+02 4.8516091021e-11 1.5811543107e-11 3.2704547914e-11
2.0074462891e+02 4.7834724466e-11 1.5633802660e-11 3.2200921806e-11
2.0080566406e+02 4.7173379263e-11 1.5455813746e-11 3.1717565517e-11
2.0086669922e+02 4.6532624837e-11 1.5279181134e-11 3.1253443703e-11
2.0092773438e+02 4.5918043251e-11 1.5108747897e-11 3.0809295354e-11
2.0098876953e+02 4.5328805684e-11 1.4949195681e-11 3.0379610003e-11
2.0104980469e+02 4.4753930229e-11 1.4800277684e-11 2.9953652545e-11
2.0111083984e+02 4.4187171626e-11 1.4658191631e-11 2.9528979994e-11
2.0117187500e+02 4.3643009750e-11 1.4521326611e-11 2.9121683138e-11
2.0123291016e+02 4.3143957269e-11 1.4390110488e-11 2.8753846782e-11
2.0129394531e+02 4.2691500328e-11 1.4262069156e-11 2.8429431173e-11
2.0135498047e+02 4.2267654594e-11 1.4133383650e-11 2.8134270944e-11
2.0141601562e+02 4.1866900997e-11 1.4005721326e-11 2.7861179671e-11
2.0147705078e+02 4.1506591575e-11 1.3887206743e-11 2.7619384832e-11
2.0153808594e+02 4.1200194590e-11 1.3785313144e-11 2.7414881446e-11
2.0159912109e+02 4.0935948048e-11 1.3699607397e-11 2.7236340651e-11
2.0166015625e+02 4.0691222641e-11 1.3622903803e-11 2.7068318838e-11
2.0172119141e+02 4.0457692376e-11 1.3549300408e-11 2.6908391968e-11
2.0178222656e+02 4.0241356355e-11 1.3478226500e-11 2.6763129855e-11
2.0184326172e+02 4.0048897097e-11 1.3411895512e-11 2.6637001585e-11
2.0190429688e+02 3.9890411484e-11 1.3353527426e-11 2.6536884058e-11
2.0196533203e+02 3.9784374539e-11 1.3306829863e-11 2.6477544676e-11
2.0202636719e+02 3.9740129223e-11 1.3272954626e-11 2.6467174597e-11
2.0208740234e+02 3.9741419150e-11 1.3248398614e-11 2.6493020536e-11
2.0214843750e+02 3.9758689487e-11 1.3227377103e-11 2.6531312384e-11
2.0220947266e+02 3.9773572468e-11 1.3206146875e-11 2.6567425593e-11
2.0227050781e+02 3.9789471961e-11 1.3185845103e-11 2.6603626859e-11
2.0233154297e+02 3.9823897871e-11 1.3171749115e-11 2.6652148756e-11
2.0239257812e+02 3.9892379592e-11 1.3168899952e-11 2.6723479640e-11
2.0245361328e+02 3.9999091082e-11 1.3177714927e-11 2.6821376156e-11
2.0251464844e+02 4.0141635918e-11 1.3194609461e-11 2.6947026457e-11
2.0257568359e+02 4.0318633668e-11 1.3217069156e-11 2.7101564512e-11
2.0263671875e+02 4.0527429150e-11 1.3245944177e-11 2.7281484973e-11
2.0269775391e+02 4.0757524079e-11 1.3281141937e-11 2.7476382142e-11
2.0275878906e+02 4.0992979960e-11 1.3317367054e-11 2.7675612906e-11
2.0281982422e+02 4.1223547675e-11 1.3348015457e-11 2.7875532219e-11
2.0288085938e+02 4.1450206560e-11 1.3372669860e-11 2.8077536700e-11
2.0294189453e+02 4.1678774477e-11 1.3396475488e-11 2.8282298988e-11
2.0300292969e+02 4.1913579735e-11 1.3422787669e-11 2.8490792066e-11
2.0306396484e+02 4.2161299832e-11 1.3452117350e-11 2.8709182482e-11
2.0312500000e+02 4.2433037590e-11 1.3487159237e-11 2.8945878353e-11
2.0318603516e+02 4.2733239663e-11 1.3531424258e-11 2.9201815405e-11
2.0324707031e+02 4.3051707230e-11 1.3583247834e-11 2.9468459396e-11
2.0330810547e+02 4.3373405401e-11 1.3637519451e-11 2.9735885951e-11
2.0336914062e+02 4.3691100121e-11 1.3692189162e-11 2.9998910960e-11
2.0343017578e+02 4.4004512792e-11 1.3747444668e-11 3.0257068124e-11
2.0349121094e+02 4.4315781554e-11 1.3801485877e-11 3.0514295677e-11
2.0355224609e+02 4.4631712367e-11 1.3853209417e-11 3.0778502951e-11
2.0361328125e+02 4.4960640039e-11 1.3905292587e-11 3.1055347451e-11
2.0367431641e+02 4.5301142358e-11 1.3959733349e-11 3.1341409009e-11
2.0373535156e+02 4.5642638756e-11 1.4014557158e-11 3.1628081598e-11
2.0379638672e+02 4.5976839139e-11 1.4067145620e-11 3.1909693519e-11
2.0385742188e+02 4.6299176355e-11 1.4116422273e-11 3.2182754081e-11
2.0391845703e+02 4.6604904039e-11 1.4161648943e-11 3.2443255097e-11
2.0397949219e+02 4.6893256770e-11 1.4202181504e-11 3.2691075266e-11
2.0404052734e+02 4.7169981395e-11 1.4237813388e-11 3.2932168007e-11
2.0410156250e+02 4.7439011759e-11 1.4268102134e-11 3.3170909625e-11
2.0416259766e+02 4.7693413944e-11 1.4291036467e-11 3.3402377477e-11
2.0422363281e+02 4.7920138832e-11 1.4303289909e-11 3.3616848923e-11
2.0428466797e+02 4.8116565264e-11 1.4305282046e-11 3.3811283218e-11
2.0434570312e+02 4.8296918800e-11 1.4305439781e-11 3.3991479018e-11
2.0440673828e+02 4.8475240201e-11 1.4312778772e-11 3.4162461429e-11
2.0446777344e+02 4.8646540477e-11 1.4324929964e-11 3.4321610512e-11
2.0452880859e+02 4.8797044844e-11 1.4331875840e-11 3.4465169004e-11
2.0458984375e+02 4.8929265873e-11 1.4331670111e-11 3.4597595763e-11
2.0465087891e+02 4.9057613072e-11 1.4332371515e-11 3.4725241557e-11
2.0471191406e+02 4.9181196616e-11 1.4337869971e-11 3.4843326644e-11
2.0477294922e+02 4.9281772496e-11 1.4341067903e-11 3.4940704593e-11
2.0483398438e+02 4.9345947910e-11 1.4331936954e-11 3.5014010956e-11
2.0489501953e+02 4.9375189782e-11 1.4307766156e-11 3.5067423626e-11
2.0495605469e+02 4.9379534177e-11 1.4275948943e-11 3.5103585234e-11
2.0501708984e+02 4.9367787422e-11 1.4246789810e-11 3.5120997612e-11
2.0507812500e+02 4.9340836717e-11 1.4223404582e-11 3.5117432135e-11
2.0513916016e+02 4.9296954460e-11 1.4201472503e-11 3.5095481957e-11
2.0520019531e+02 4.9241465772e-11 1.4176830772e-11 3.5064635001e-11
2.0526123047e+02 4.9181460467e-11 1.4148665989e-11 3.5032794478e-11
2.0532226562e+02 4.9115853989e-11 1.4118376170e-11 3.4997477819e-11
2.0538330078e+02 4.9041972390e-11 1.4089853770e-11 3.4952118620e-11
2.0544433594e+02 4.8963615445e-11 1.4067339750e-11 3.4896275694e-11
2.0550537109e+02 4.8880802217e-11 1.4048584187e-11 3.4832218030e-11
2.0556640625e+02 4.8780860287e-11 1.4023206711e-11 3.4757653577e-11
2.0562744141e+02 4.8650217622e-11 1.3982240744e-11 3.4667976878e-11
2.0568847656e+02 4.8489022506e-11 1.3927689246e-11 3.4561333260e-11
2.0574951172e+02 4.8308254925e-11 1.3869770736e-11 3.4438484189e-11
2.0581054688e+02 4.8117842418e-11 1.3817233743e-11 3.4300608675e-11
2.0587158203e+02 4.7925391146e-11 1.3773883971e-11 3.4151507175e-11
2.0593261719e+02 4.7744374992e-11 1.3741770661e-11 3.4002604331e-11
2.0599365234e+02 4.7593144153e-11 1.3722190953e-11 3.3870953200e-11
2.0605468750e+02 4.7480961194e-11 1.3712916044e-11 3.3768045150e-11
2.0611572266e+02 4.7395124468e-11 1.3707437786e-11 3.3687686683e-11
2.0617675781e+02 4.7303761819e-11 1.3698696493e-11 3.3605065326e-11
2.0623779297e+02 4.7180489813e-11 1.3683722969e-11 3.3496766844e-11
2.0629882812e+02 4.7031187274e-11 1.3665200233e-11 3.3365987041e-11
2.0635986328e+02 4.6889503931e-11 1.3649562610e-11 3.3239941321e-11
2.0642089844e+02 4.6783455558e-11 1.3643219576e-11 3.3140235982e-11
2.0648193359e+02 4.6709023489e-11 1.3648476527e-11 3.3060546962e-11
2.0654296875e+02 4.6636076143e-11 1.3661841979e-11 3.2974234165e-11
2.0660400391e+02 4.6541986265e-11 1.3676868374e-11 3.2865117891e-11
2.0666503906e+02 4.6437338918e-11 1.3688898368e-11 3.2748440550e-11
2.0672607422e+02 4.6350951324e-11 1.3696874209e-11 3.2654077115e-11
2.0678710938e+02 4.6294870319e-11 1.3702229264e-11 3.2592641055e-11
2.0684814453e+02 4.6256626423e-11 1.3707909013e-11 3.2548717410e-11
2.0690917969e+02 4.6221192694e-11 1.3716659812e-11 3.2504532882e-11
2.0697021484e+02 4.6185659034e-11 1.3728228721e-11 3.2457430312e-11
2.0703125000e+02 4.6154328792e-11 1.3740659717e-11 3.2413669075e-11
2.0709228516e+02 4.6134491157e-11 1.3755457147e-11 3.2379034010e-11
2.0715332031e+02 4.6135922292e-11 1.3776817569e-11 3.2359104722e-11
2.0721435547e+02 4.6163313761e-11 1.3804841541e-11 3.2358472220e-11
2.0727539062e+02 4.6211904310e-11 1.3835283634e-11 3.2376620676e-11
2.0733642578e+02 4.6272828370e-11 1.3865428422e-11 3.2407399948e-11
2.0739746094e+02 4.6338046822e-11 1.3895029899e-11 3.2443016923e-11
2.0745849609e+02 4.6405594966e-11 1.3924561698e-11 3.2481033268e-11
2.0751953125e+02 4.6484529531e-11 1.3956192879e-11 3.2528336653e-11
2.0758056641e+02 4.6586992526e-11 1.3992564540e-11 3.2594427985e-11
2.0764160156e+02 4.6714223935e-11 1.4033736990e-11 3.2680486945e-11
2.0770263672e+02 4.6857780905e-11 1.4078743150e-11 3.2779037755e-11
2.0776367188e+02 4.7011231358e-11 1.4127927038e-11 3.2883304320e-11
2.0782470703e+02 4.7172869728e-11 1.4180583144e-11 3.2992286584e-11
2.0788574219e+02 4.7343359962e-11 1.4234265789e-11 3.3109094173e-11
2.0794677734e+02 4.7528702910e-11 1.4289409989e-11 3.3239292921e-11
2.0800781250e+02 4.7739131409e-11 1.4350611911e-11 3.3388519498e-11
2.0806884766e+02 4.7979477214e-11 1.4421086878e-11 3.3558390336e-11
2.0812988281e+02 4.8244162592e-11 1.4498559329e-11 3.3745603264e-11
2.0819091797e+02 4.8521421392e-11 1.4577469821e-11 3.3943951571e-11
2.0825195312e+02 4.8798254041e-11 1.4653225809e-11 3.4145028232e-11
2.0831298828e+02 4.9064126919e-11 1.4723801865e-11 3.4340325054e-11
2.0837402344e+02 4.9317366365e-11 1.4789141604e-11 3.4528224761e-11
2.0843505859e+02 4.9570824630e-11 1.4851103641e-11 3.4719720989e-11
2.0849609375e+02 4.9845087710e-11 1.4913567120e-11 3.4931520591e-11
2.0855712891e+02 5.0149151146e-11 1.4979894109e-11 3.5169257037e-11
2.0861816406e+02 5.0473309944e-11 1.5049133804e-11 3.5424176139e-11
2.0867919922e+02 5.0805882321e-11 1.5116438899e-11 3.5689443422e-11
2.0874023438e+02 5.1148799255e-11 1.5179007178e-11 3.5969792077e-11
2.0880126953e+02 5.1510939394e-11 1.5239940103e-11 3.6270999291e-11
2.0886230469e+02 5.1890512356e-11 1.5303476873e-11 3.6587035484e-11
2.0892333984e+02 5.2271439526e-11 1.5368804852e-11 3.6902634674e-11
2.0898437500e+02 5.2639739324e-11 1.5432491915e-11 3.7207247410e-11
2.0904541016e+02 5.2999561668e-11 1.5495318803e-11 3.7504242865e-11
2.0910644531e+02 5.3369065252e-11 1.5562807475e-11 3.7806257778e-11
2.0916748047e+02 5.3761894175e-11 1.5639084822e-11 3.8122809354e-11
2.0922851562e+02 5.4176176345e-11 1.5722551943e-11 3.8453624402e-11
2.0928955078e+02 5.4598905869e-11 1.5807486426e-11 3.8791419443e-11
2.0935058594e+02 5.5013449891e-11 1.5887603834e-11 3.9125846057e-11
2.0941162109e+02 5.5405780363e-11 1.5958125032e-11 3.9447655330e-11
2.0947265625e+02 5.5776318361e-11 1.6018454494e-11 3.9757863867e-11
2.0953369141e+02 5.6143370119e-11 1.6074196095e-11 4.0069174024e-11
2.0959472656e+02 5.6521572245e-11 1.6132521300e-11 4.0389050945e-11
2.0965576172e+02 5.6902609077e-11 1.6194559130e-11 4.0708049947e-11
2.0971679688e+02 5.7269001898e-11 1.6255201242e-11 4.1013800656e-11
2.0977783203e+02 5.7617911736e-11 1.6309997499e-11 4.1307914238e-11
2.0983886719e+02 5.7960280405e-11 1.6359689966e-11 4.1600590439e-11
2.0989990234e+02 5.8303021801e-11 1.6407930822e-11 4.1895090980e-11
2.0996093750e+02 5.8640270207e-11 1.6456378196e-11 4.2183892011e-11
2.1002197266e+02 5.8957687154e-11 1.6502447572e-11 4.2455239582e-11
2.1008300781e+02 5.9238742731e-11 1.6540911154e-11 4.2697831577e-11
2.1014404297e+02 5.9472915135e-11 1.6568128382e-11 4.2904786753e-11
2.1020507812e+02 5.9666023608e-11 1.6585564679e-11 4.3080458929e-11
2.1026611328e+02 5.9836921317e-11 1.6598344339e-11 4.3238576977e-11
2.1032714844e+02 5.9998344946e-11 1.6610123008e-11 4.3388221938e-11
2.1038818359e+02 6.0146984279e-11 1.6620884507e-11 4.3526099772e-11
2.1044921875e+02 6.0275229177e-11 1.6629640787e-11 4.3645588391e-11
2.1051025391e+02 6.0384816100e-11 1.6636963213e-11 4.3747852887e-11
2.1057128906e+02 6.0483569057e-11 1.6644316681e-11 4.3839252376e-11
2.1063232422e+02 6.0573881439e-11 1.6652535298e-11 4.3921346141e-11
2.1069335938e+02 6.0648970261e-11 1.6660732977e-11 4.3988237284e-11
2.1075439453e+02 6.0695894405e-11 1.6664753001e-11 4.4031141404e-11
2.1081542969e+02 6.0700632526e-11 1.6657847689e-11 4.4042784836e-11
2.1087646484e+02 6.0658659284e-11 1.6636414337e-11 4.4022244947e-11
2.1093750000e+02 6.0583004265e-11 1.6604404236e-11 4.3978600029e-11
2.1099853516e+02 6.0496093966e-11 1.6569744562e-11 4.3926349404e-11
2.1105957031e+02 6.0416225194e-11 1.6539198208e-11 4.3877026986e-11
2.1112060547e+02 6.0354140580e-11 1.6517656142e-11 4.3836484438e-11
2.1118164062e+02 6.0311247850e-11 1.6506356047e-11 4.3804891803e-11
2.1124267578e+02 6.0274558232e-11 1.6500148277e-11 4.3774409955e-11
2.1130371094e+02 6.0221789921e-11 1.6491576506e-11 4.3730213416e-11
2.1136474609e+02 6.0137714307e-11 1.6477356622e-11 4.3660357685e-11
2.1142578125e+02 6.0024772856e-11 1.6457902631e-11 4.3566870225e-11
2.1148681641e+02 5.9898908594e-11 1.6434176188e-11 4.3464732406e-11
2.1154785156e+02 5.9775255688e-11 1.6407819371e-11 4.3367436317e-11
2.1160888672e+02 5.9654757993e-11 1.6381033382e-11 4.3273724611e-11
2.1166992188e+02 5.9524598103e-11 1.6354754213e-11 4.3169843890e-11
2.1173095703e+02 5.9371945731e-11 1.6328130703e-11 4.3043815028e-11
2.1179199219e+02 5.9196671043e-11 1.6299854554e-11 4.2896816489e-11
2.1185302734e+02 5.9014075929e-11 1.6270096786e-11 4.2743979144e-11
2.1191406250e+02 5.8846092475e-11 1.6241087759e-11 4.2605004716e-11
2.1197509766e+02 5.8704624985e-11 1.6215154583e-11 4.2489470401e-11
2.1203613281e+02 5.8582764453e-11 1.6192255588e-11 4.2390508865e-11
2.1209716797e+02 5.8464772098e-11 1.6169621979e-11 4.2295150118e-11
2.1215820312e+02 5.8340183704e-11 1.6143408457e-11 4.2196775246e-11
2.1221923828e+02 5.8206282120e-11 1.6111498839e-11 4.2094783281e-11
2.1228027344e+02 5.8063637231e-11 1.6076217596e-11 4.1987419635e-11
2.1234130859e+02 5.7911174863e-11 1.6042944608e-11 4.1868230255e-11
2.1240234375e+02 5.7745386341e-11 1.6014671224e-11 4.1730715117e-11
2.1246337891e+02 5.7568454006e-11 1.5990005969e-11 4.1578448037e-11
2.1252441406e+02 5.7394520395e-11 1.5967189458e-11 4.1427330937e-11
2.1258544922e+02 5.7242299336e-11 1.5947236956e-11 4.1295062380e-11
2.1264648438e+02 5.7122117017e-11 1.5932025565e-11 4.1190091452e-11
2.1270751953e+02 5.7028988937e-11 1.5921627585e-11 4.1107361352e-11
2.1276855469e+02 5.6944049892e-11 1.5914246876e-11 4.1029803016e-11
2.1282958984e+02 5.6844832298e-11 1.5906834160e-11 4.0937998138e-11
2.1289062500e+02 5.6721037688e-11 1.5896714963e-11 4.0824322724e-11
2.1295166016e+02 5.6582544174e-11 1.5884761280e-11 4.0697782894e-11
2.1301269531e+02 5.6449247662e-11 1.5874912759e-11 4.0574334904e-11
2.1307373047e+02 5.6331610082e-11 1.5868763004e-11 4.0462847078e-11
2.1313476562e+02 5.6222257727e-11 1.5863016284e-11 4.0359241442e-11
2.1319580078e+02 5.6107161838e-11 1.5853975994e-11 4.0253185845e-11
2.1325683594e+02 5.5982386167e-11 1.5842410526e-11 4.0139975642e-11
2.1331787109e+02 5.5856491117e-11 1.5832034456e-11 4.0024456661e-11
2.1337890625e+02 5.5738829735e-11 1.5824696407e-11 3.9914133328e-11
2.1343994141e+02 5.5632475325e-11 1.5819420006e-11 3.9813055319e-11
2.1350097656e+02 5.5539386925e-11 1.5815567462e-11 3.9723819464e-11
2.1356201172e+02 5.5460908164e-11 1.5813143892e-11 3.9647764272e-11
2.1362304688e+02 5.5386981068e-11 1.5808900684e-11 3.9578080384e-11
2.1368408203e+02 5.5298702184e-11 1.5797151863e-11 3.9501550321e-11
2.1374511719e+02 5.5191064022e-11 1.5777399547e-11 3.9413664475e-11
2.1380615234e+02 5.5082057873e-11 1.5757630510e-11 3.9324427363e-11
2.1386718750e+02 5.4991261811e-11 1.5747051334e-11 3.9244210477e-11
2.1392822266e+02 5.4918254378e-11 1.5746838907e-11 3.9171415470e-11
2.1398925781e+02 5.4848791354e-11 1.5749515826e-11 3.9099275528e-11
2.1405029297e+02 5.4771726291e-11 1.5745962482e-11 3.9025763809e-11
2.1411132812e+02 5.4680047786e-11 1.5731656449e-11 3.8948391336e-11
2.1417236328e+02 5.4567355100e-11 1.5708341292e-11 3.8859013808e-11
2.1423339844e+02 5.4438253093e-11 1.5682756673e-11 3.8755496419e-11
2.1429443359e+02 5.4314077157e-11 1.5662777865e-11 3.8651299292e-11
2.1435546875e+02 5.4216794692e-11 1.5652129645e-11 3.8564665046e-11
2.1441650391e+02 5.4152249366e-11 1.5648610524e-11 3.8503638842e-11
2.1447753906e+02 5.4109836639e-11 1.5646903455e-11 3.8462933184e-11
2.1453857422e+02 5.4069212302e-11 1.5641335674e-11 3.8427876627e-11
2.1459960938e+02 5.4009650884e-11 1.5627385224e-11 3.8382265660e-11
2.1466064453e+02 5.3921540986e-11 1.5604020318e-11 3.8317520668e-11
2.1472167969e+02 5.3807602063e-11 1.5574405804e-11 3.8233196260e-11
2.1478271484e+02 5.3674419079e-11 1.5542898481e-11 3.8131520598e-11
2.1484375000e+02 5.3529432723e-11 1.5511718991e-11 3.8017713731e-11
2.1490478516e+02 5.3379084722e-11 1.5478737660e-11 3.7900347062e-11
2.1496582031e+02 5.3221591366e-11 1.5437562501e-11 3.7784028864e-11
2.1502685547e+02 5.3050397059e-11 1.5383765592e-11 3.7666631468e-11
2.1508789062e+02 5.2868206593e-11 1.5321481022e-11 3.7546725571e-11
2.1514892578e+02 5.2687723317e-11 1.5260250873e-11 3.7427472444e-11
2.1520996094e+02 5.2518297421e-11 1.5206797138e-11 3.7311500283e-11
2.1527099609e+02 5.2358219692e-11 1.5161931883e-11 3.7196287810e-11
2.1533203125e+02 5.2199698603e-11 1.5122382486e-11 3.7077316117e-11
2.1539306641e+02 5.2039603963e-11 1.5084259742e-11 3.6955344221e-11
2.1545410156e+02 5.1883765584e-11 1.5046802500e-11 3.6836963083e-11
2.1551513672e+02 5.1738696183e-11 1.5012471892e-11 3.6726224292e-11
2.1557617188e+02 5.1602975334e-11 1.4983221883e-11 3.6619753450e-11
2.1563720703e+02 5.1470388792e-11 1.4958823238e-11 3.6511565554e-11
2.1569824219e+02 5.1336577331e-11 1.4937838460e-11 3.6398738872e-11
2.1575927734e+02 5.1199255275e-11 1.4917003310e-11 3.6282251965e-11
2.1582031250e+02 5.1056104847e-11 1.4890687735e-11 3.6165417112e-11
2.1588134766e+02 5.0905047356e-11 1.4854673987e-11 3.6050373368e-11
2.1594238281e+02 5.0744169168e-11 1.4810836955e-11 3.5933332213e-11
2.1600341797e+02 5.0570361371e-11 1.4765661739e-11 3.5804699632e-11
2.1606445312e+02 5.0381583219e-11 1.4723487666e-11 3.5658095553e-11
2.1612548828e+02 5.0182697832e-11 1.4682433226e-11 3.5500264606e-11
2.1618652344e+02 4.9984555671e-11 1.4636682542e-11 3.5347873129e-11
2.1624755859e+02 4.9794526746e-11 1.4581930765e-11 3.5212595981e-11
2.1630859375e+02 4.9612592225e-11 1.4519657941e-11 3.5092934284e-11
2.1636962891e+02 4.9435176120e-11 1.4456340163e-11 3.4978835957e-11
2.1643066406e+02 4.9255614787e-11 1.4397341103e-11 3.4858273684e-11
2.1649169922e+02 4.9065861128e-11 1.4342493309e-11 3.4723367819e-11
2.1655273438e+02 4.8864725560e-11 1.4288348202e-11 3.4576377358e-11
2.1661376953e+02 4.8659681656e-11 1.4232506667e-11 3.4427174989e-11
2.1667480469e+02 4.8457510596e-11 1.4174667429e-11 3.4282843167e-11
2.1673583984e+02 4.8257092171e-11 1.4115542399e-11 3.4141549772e-11
2.1679687500e+02 4.8055014511e-11 1.4056578820e-11 3.3998435692e-11
2.1685791016e+02 4.7856314870e-11 1.4000000847e-11 3.3856314022e-11
2.1691894531e+02 4.7672226392e-11 1.3947749166e-11 3.3724477226e-11
2.1697998047e+02 4.7507990790e-11 1.3900827657e-11 3.3607163133e-11
2.1704101562e+02 4.7360529656e-11 1.3859852223e-11 3.3500677432e-11
2.1710205078e+02 4.7224003124e-11 1.3823965221e-11 3.3400037903e-11
2.1716308594e+02 4.7090896850e-11 1.3789037050e-11 3.3301859800e-11
2.1722412109e+02 4.6953063622e-11 1.3750335092e-11 3.3202728530e-11
2.1728515625e+02 4.6806278072e-11 1.3707200575e-11 3.3099077497e-11
2.1734619141e+02 4.6651357751e-11 1.3662352964e-11 3.2989004786e-11
2.1740722656e+02 4.6490360223e-11 1.3617493063e-11 3.2872867160e-11
2.1746826172e+02 4.6324488066e-11 1.3572207494e-11 3.2752280572e-11
2.1752929688e+02 4.6157160305e-11 1.3526405960e-11 3.2630754345e-11
2.1759033203e+02 4.5994838666e-11 1.3480964259e-11 3.2513874406e-11
2.1765136719e+02 4.5839046623e-11 1.3434701882e-11 3.2404344741e-11
2.1771240234e+02 4.5682129291e-11 1.3383859511e-11 3.2298269780e-11
2.1777343750e+02 4.5519221843e-11 1.3328319177e-11 3.2190902665e-11
2.1783447266e+02 4.5358125822e-11 1.3274601215e-11 3.2083524606e-11
2.1789550781e+02 4.5207723497e-11 1.3227712571e-11 3.1980010927e-11
2.1795654297e+02 4.5064545422e-11 1.3184635458e-11 3.1879909964e-11
2.1801757812e+02 4.4919241332e-11 1.3140035458e-11 3.1779205874e-11
2.1807861328e+02 4.4767477853e-11 1.3092679567e-11 3.1674798286e-11
2.1813964844e+02 4.4608559185e-11 1.3043303044e-11 3.1565256141e-11
2.1820068359e+02 4.4442163868e-11 1.2991848277e-11 3.1450315590e-11
2.1826171875e+02 4.4271708557e-11 1.2939111971e-11 3.1332596586e-11
2.1832275391e+02 4.4104434642e-11 1.2887177871e-11 3.1217256770e-11
2.1838378906e+02 4.3943866085e-11 1.2837231439e-11 3.1106634646e-11
2.1844482422e+02 4.3786199549e-11 1.2789539115e-11 3.0996660434e-11
2.1850585938e+02 4.3625825134e-11 1.2744909455e-11 3.0880915680e-11
2.1856689453e+02 4.3459711821e-11 1.2703254421e-11 3.0756457400e-11
2.1862792969e+02 4.3285465162e-11 1.2661369308e-11 3.0624095854e-11
2.1868896484e+02 4.3102192629e-11 1.2615652239e-11 3.0486540390e-11
2.1875000000e+02 4.2915499859e-11 1.2567447692e-11 3.0348052168e-11
2.1881103516e+02 4.2734827005e-11 1.2522538573e-11 3.0212288432e-11
2.1887207031e+02 4.2565349379e-11 1.2484703531e-11 3.0080645848e-11
2.1893310547e+02 4.2407028069e-11 1.2451597531e-11 2.9955430539e-11
2.1899414062e+02 4.2257367174e-11 1.2416937861e-11 2.9840429314e-11
2.1905517578e+02 4.2110776499e-11 1.2376400779e-11 2.9734375720e-11
2.1911621094e+02 4.1958980959e-11 1.2331415215e-11 2.9627565744e-11
2.1917724609e+02 4.1795068070e-11 1.2286672979e-11 2.9508395091e-11
2.1923828125e+02 4.1619149184e-11 1.2245615803e-11 2.9373533380e-11
2.1929931641e+02 4.1441567873e-11 1.2209909682e-11 2.9231658191e-11
2.1936035156e+02 4.1276716689e-11 1.2180293179e-11 2.9096423510e-11
2.1942138672e+02 4.1129437256e-11 1.2154593804e-11 2.8974843451e-11
2.1948242188e+02 4.0989111126e-11 1.2126628917e-11 2.8862482208e-11
2.1954345703e+02 4.0840539820e-11 1.2090600928e-11 2.8749938892e-11
2.1960449219e+02 4.0677672943e-11 1.2045959001e-11 2.8631713942e-11
2.1966552734e+02 4.0503782806e-11 1.1996354490e-11 2.8507428316e-11
2.1972656250e+02 4.0323216346e-11 1.1945635227e-11 2.8377581119e-11
2.1978759766e+02 4.0135953720e-11 1.1895435816e-11 2.8240517904e-11
2.1984863281e+02 3.9939559335e-11 1.1845055571e-11 2.8094503765e-11
2.1990966797e+02 3.9736736123e-11 1.1793396715e-11 2.7943339408e-11
2.1997070312e+02 3.9536796317e-11 1.1740758202e-11 2.7796038115e-11
2.2003173828e+02 3.9345963184e-11 1.1688007619e-11 2.7657955565e-11
2.2009277344e+02 3.9160663623e-11 1.1635319575e-11 2.7525344048e-11
2.2015380859e+02 3.8973073998e-11 1.1583428176e-11 2.7389645823e-11
2.2021484375e+02 3.8778318840e-11 1.1534472476e-11 2.7243846364e-11
2.2027587891e+02 3.8574348624e-11 1.1489318894e-11 2.7085029730e-11
2.2033691406e+02 3.8360107240e-11 1.1445269577e-11 2.6914837663e-11
2.2039794922e+02 3.8136540498e-11 1.1398062100e-11 2.6738478398e-11
2.2045898438e+02 3.7906552485e-11 1.1345211733e-11 2.6561340752e-11
2.2052001953e+02 3.7674450090e-11 1.1287405501e-11 2.6387044588e-11
2.2058105469e+02 3.7447453318e-11 1.1228661662e-11 2.6218791657e-11
2.2064208984e+02 3.7232721040e-11 1.1174649851e-11 2.6058071189e-11
2.2070312500e+02 3.7029540788e-11 1.1128370562e-11 2.5901170227e-11
2.2076416016e+02 3.6829514332e-11 1.1087856667e-11 2.5741657665e-11
2.2082519531e+02 3.6625690735e-11 1.1049104828e-11 2.5576585907e-11
2.2088623047e+02 3.6416748154e-11 1.1009161596e-11 2.5407586558e-11
2.2094726562e+02 3.6201693398e-11 1.0965288429e-11 2.5236404970e-11
2.2100830078e+02 3.5975596383e-11 1.0914383514e-11 2.5061212870e-11
2.2106933594e+02 3.5735605474e-11 1.0856238171e-11 2.4879367302e-11
2.2113037109e+02 3.5488696799e-11 1.0795912342e-11 2.4692784457e-11
2.2119140625e+02 3.5245925520e-11 1.0739563896e-11 2.4506361624e-11
2.2125244141e+02 3.5011516261e-11 1.0688089612e-11 2.4323426649e-11
2.2131347656e+02 3.4785997900e-11 1.0637927816e-11 2.4148070085e-11
2.2137451172e+02 3.4572869490e-11 1.0586760437e-11 2.3986109053e-11
2.2143554688e+02 3.4370310647e-11 1.0534238183e-11 2.3836072464e-11
2.2149658203e+02 3.4165586747e-11 1.0479649670e-11 2.3685937076e-11
2.2155761719e+02 3.3950041495e-11 1.0423954854e-11 2.3526086641e-11
2.2161865234e+02 3.3731213538e-11 1.0371965031e-11 2.3359248507e-11
2.2167968750e+02 3.3521450410e-11 1.0328449197e-11 2.3193001213e-11
2.2174072266e+02 3.3321594219e-11 1.0292362538e-11 2.3029231681e-11
2.2180175781e+02 3.3123197964e-11 1.0256501155e-11 2.2866696809e-11
2.2186279297e+02 3.2924007349e-11 1.0214343822e-11 2.2709663527e-11
2.2192382812e+02 3.2732840518e-11 1.0167246682e-11 2.2565593836e-11
2.2198486328e+02 3.2556714937e-11 1.0122607045e-11 2.2434107892e-11
2.2204589844e+02 3.2390750766e-11 1.0085131927e-11 2.2305618839e-11
2.2210693359e+02 3.2223944419e-11 1.0052626218e-11 2.2171318201e-11
2.2216796875e+02 3.2049449428e-11 1.0019772152e-11 2.2029677276e-11
2.2222900391e+02 3.1867694581e-11 9.9828388967e-12 2.1884855684e-11
2.2229003906e+02 3.1682994223e-11 9.9406249638e-12 2.1742369259e-11
2.2235107422e+02 3.1500962766e-11 9.8946037735e-12 2.1606358993e-11
2.2241210938e+02 3.1328951196e-11 9.8494007060e-12 2.1479550490e-11
2.2247314453e+02 3.1171993154e-11 9.8095564615e-12 2.1362436692e-11
2.2253417969e+02 3.1025786667e-11 9.7748025300e-12 2.1250984137e-11
2.2259521484e+02 3.0879774176e-11 9.7408936793e-12 2.1138880496e-11
2.2265625000e+02 3.0728849915e-11 9.7045164406e-12 2.1024333474e-11
2.2271728516e+02 3.0578580733e-11 9.6663307708e-12 2.0912249962e-11
2.2277832031e+02 3.0438652402e-11 9.6302315885e-12 2.0808420813e-11
2.2283935547e+02 3.0311748790e-11 9.5988502222e-12 2.0712898568e-11
2.2290039062e+02 3.0189790079e-11 9.5695333494e-12 2.0620256730e-11
2.2296142578e+02 3.0061870969e-11 9.5367449172e-12 2.0525126051e-11
2.2302246094e+02 2.9923501033e-11 9.4978158715e-12 2.0425685162e-11
2.2308349609e+02 2.9779068608e-11 9.4548135795e-12 2.0324255028e-11
2.2314453125e+02 2.9638751632e-11 9.4120804009e-12 2.0226671232e-11
2.2320556641e+02 2.9511572796e-11 9.3731024841e-12 2.0138470312e-11
2.2326660156e+02 2.9399801902e-11 9.3388659725e-12 2.0060935930e-11
2.2332763672e+02 2.9300866923e-11 9.3083102096e-12 1.9992556714e-11
2.2338867188e+02 2.9212911768e-11 9.2800948043e-12 1.9932816964e-11
2.2344970703e+02 2.9134836303e-11 9.2532025751e-12 1.9881633728e-11
2.2351074219e+02 2.9062111850e-11 9.2260652843e-12 1.9836046566e-11
2.2357177734e+02 2.8988741247e-11 9.1973960372e-12 1.9791345209e-11
2.2363281250e+02 2.8913495503e-11 9.1682607315e-12 1.9745234771e-11
2.2369384766e+02 2.8839089886e-11 9.1410652769e-12 1.9698024609e-11
2.2375488281e+02 2.8766968036e-11 9.1163256533e-12 1.9650642383e-11
2.2381591797e+02 2.8696867038e-11 9.0920861882e-12 1.9604780850e-11
2.2387695312e+02 2.8629992688e-11 9.0668276236e-12 1.9563165065e-11
2.2393798828e+02 2.8570026515e-11 9.0419962426e-12 1.9528030272e-11
2.2399902344e+02 2.8519347121e-11 9.0203514224e-12 1.9498995698e-11
2.2406005859e+02 2.8474388532e-11 9.0019355699e-12 1.9472452962e-11
2.2412109375e+02 2.8427358204e-11 8.9836816587e-12 1.9443676546e-11
2.2418212891e+02 2.8373217264e-11 8.9631556520e-12 1.9410061611e-11
2.2424316406e+02 2.8312621114e-11 8.9403910662e-12 1.9372230048e-11
2.2430419922e+02 2.8247868147e-11 8.9159197588e-12 1.9331948388e-11
2.2436523438e+02 2.8179608674e-11 8.8894169510e-12 1.9290191723e-11
2.2442626953e+02 2.8109029516e-11 8.8610212132e-12 1.9248008303e-11
2.2448730469e+02 2.8038995612e-11 8.8324650720e-12 1.9206530540e-11
2.2454833984e+02 2.7969734501e-11 8.8057018689e-12 1.9164032632e-11
2.2460937500e+02 2.7897408436e-11 8.7805239358e-12 1.9116884501e-11
2.2467041016e+02 2.7821169726e-11 8.7547034539e-12 1.9066466272e-11
2.2473144531e+02 2.7748475351e-11 8.7274254662e-12 1.9021049885e-11
2.2479248047e+02 2.7688954972e-11 8.7012522000e-12 1.8987702772e-11
2.2485351562e+02 2.7644827261e-11 8.6791284316e-12 1.8965698829e-11
2.2491455078e+02 2.7610795095e-11 8.6605805447e-12 1.8950214551e-11
2.2497558594e+02 2.7579649504e-11 8.6417586391e-12 1.8937890865e-11
2.2503662109e+02 2.7542189986e-11 8.6181179522e-12 1.8924072034e-11
2.2509765625e+02 2.7485722000e-11 8.5870979014e-12 1.8898624098e-11
2.2515869141e+02 2.7403018791e-11 8.5502078328e-12 1.8852810958e-11
2.2521972656e+02 2.7305214664e-11 8.5135367863e-12 1.8791677878e-11
2.2528076172e+02 2.7217841436e-11 8.4841657052e-12 1.8733675730e-11
2.2534179688e+02 2.7158442921e-11 8.4639999180e-12 1.8694443003e-11
2.2540283203e+02 2.7121365218e-11 8.4482498232e-12 1.8673115395e-11
2.2546386719e+02 2.7087137833e-11 8.4306147461e-12 1.8656523087e-11
2.2552490234e+02 2.7043036915e-11 8.4083116256e-12 1.8634725290e-11
2.2558593750e+02 2.6991757738e-11 8.3827665799e-12 1.8608991158e-11
2.2564697266e+02 2.6942422167e-11 8.3575973653e-12 1.8584824802e-11
2.2570800781e+02 2.6897248182e-11 8.3352083859e-12 1.8562039796e-11
2.2576904297e+02 2.6848754835e-11 8.3144005842e-12 1.8534354251e-11
2.2583007812e+02 2.6787598373e-11 8.2921376015e-12 1.8495460772e-11
2.2589111328e+02 2.6710617719e-11 8.2668384771e-12 1.8443779242e-11
2.2595214844e+02 2.6621554929e-11 8.2379111236e-12 1.8383643805e-11
2.2601318359e+02 2.6524598879e-11 8.2033719052e-12 1.8321226974e-11
2.2607421875e+02 2.6418694270e-11 8.1612799748e-12 1.8257414295e-11
2.2613525391e+02 2.6300186545e-11 8.1131599201e-12 1.8187026625e-11
2.2619628906e+02 2.6169221402e-11 8.0628679649e-12 1.8106353438e-11
2.2625732422e+02 2.6030263933e-11 8.0121946998e-12 1.8018069233e-11
2.2631835938e+02 2.5888295930e-11 7.9607416992e-12 1.7927554231e-11
2.2637939453e+02 2.5747709437e-11 7.9100259572e-12 1.7837683480e-11
2.2644042969e+02 2.5612786790e-11 7.8638583738e-12 1.7748928416e-11
2.2650146484e+02 2.5485957732e-11 7.8234576898e-12 1.7662500042e-11
2.2656250000e+02 2.5365527735e-11 7.7853089767e-12 1.7580218758e-11
2.2662353516e+02 2.5245940464e-11 7.7456284476e-12 1.7500312016e-11
2.2668457031e+02 2.5120798563e-11 7.7044477739e-12 1.7416350789e-11
2.2674560547e+02 2.4987219693e-11 7.6638150414e-12 1.7323404651e-11
2.2680664062e+02 2.4848069112e-11 7.6245385553e-12 1.7223530557e-11
2.2686767578e+02 2.4708483918e-11 7.5860448515e-12 1.7122439067e-11
2.2692871094e+02 2.4570818652e-11 7.5478362440e-12 1.7022982408e-11
2.2698974609e+02 2.4435840928e-11 7.5106455645e-12 1.6925195364e-11
2.2705078125e+02 2.4305362130e-11 7.4760155476e-12 1.6829346583e-11
2.2711181641e+02 2.4177889405e-11 7.4436557261e-12 1.6734233679e-11
2.2717285156e+02 2.4046482481e-11 7.4104110432e-12 1.6636071438e-11
2.2723388672e+02 2.3907514013e-11 7.3735624501e-12 1.6533951563e-11
2.2729492188e+02 2.3767690434e-11 7.3340166049e-12 1.6433673829e-11
2.2735595703e+02 2.3638276366e-11 7.2953124783e-12 1.6342963888e-11
2.2741699219e+02 2.3523919486e-11 7.2601296604e-12 1.6263789826e-11
2.2747802734e+02 2.3416774009e-11 7.2277856929e-12 1.6188988316e-11
2.2753906250e+02 2.3302136364e-11 7.1954851772e-12 1.6106651187e-11
2.2760009766e+02 2.3172761227e-11 7.1621114762e-12 1.6010649751e-11
2.2766113281e+02 2.3035109006e-11 7.1288568862e-12 1.5906252120e-11
2.2772216797e+02 2.2899949733e-11 7.0960013249e-12 1.5803948408e-11
2.2778320312e+02 2.2773364693e-11 7.0622790688e-12 1.5711085624e-11
2.2784423828e+02 2.2658331410e-11 7.0279131128e-12 1.5630418297e-11
2.2790527344e+02 2.2555799813e-11 6.9949102536e-12 1.5560889559e-11
2.2796630859e+02 2.2461260937e-11 6.9642052707e-12 1.5497055666e-11
2.2802734375e+02 2.2367913000e-11 6.9355183003e-12 1.5432394700e-11
2.2808837891e+02 2.2275820641e-11 6.9096055970e-12 1.5366215044e-11
2.2814941406e+02 2.2192913773e-11 6.8883250268e-12 1.5304588746e-11
2.2821044922e+02 2.2124750443e-11 6.8727649546e-12 1.5251985488e-11
2.2827148438e+02 2.2067204066e-11 6.8622934241e-12 1.5204910642e-11
2.2833251953e+02 2.2012287393e-11 6.8549254659e-12 1.5157361927e-11
2.2839355469e+02 2.1957936638e-11 6.8481578387e-12 1.5109778799e-11
2.2845458984e+02 2.1908271842e-11 6.8396991703e-12 1.5068572671e-11
2.2851562500e+02 2.1865751747e-11 6.8280231034e-12 1.5037728643e-11
2.2857666016e+02 2.1827978273e-11 6.8136075262e-12 1.5014370747e-11
2.2863769531e+02 2.1794677795e-11 6.8000923091e-12 1.4994585486e-11
2.2869873047e+02 2.1772769866e-11 6.7926484887e-12 1.4980121377e-11
2.2875976562e+02 2.1768231754e-11 6.7939434751e-12 1.4974288279e-11
2.2882080078e+02 2.1776482426e-11 6.8019405862e-12 1.4974541840e-11
2.2888183594e+02 2.1787459991e-11 6.8119980772e-12 1.4975461914e-11
2.2894287109e+02 2.1796446432e-11 6.8207807049e-12 1.4975665727e-11
2.2900390625e+02 2.1804031240e-11 6.8280504944e-12 1.4975980746e-11
2.2906494141e+02 2.1810221552e-11 6.8353038117e-12 1.4974917740e-11
2.2912597656e+02 2.1815065198e-11 6.8430932758e-12 1.4971971922e-11
2.2918701172e+02 2.1823129217e-11 6.8502079077e-12 1.4972921309e-11
2.2924804688e+02 2.1842103994e-11 6.8557869019e-12 1.4986317092e-11
2.2930908203e+02 2.1875320751e-11 6.8605995020e-12 1.5014721249e-11
2.2937011719e+02 2.1918120814e-11 6.8654616420e-12 1.5052659172e-11
2.2943115234e+02 2.1963891377e-11 6.8707697459e-12 1.5093121631e-11
2.2949218750e+02 2.2012080803e-11 6.8781180144e-12 1.5133962789e-11
2.2955322266e+02 2.2066779852e-11 6.8892902683e-12 1.5177489584e-11
2.2961425781e+02 2.2128967203e-11 6.9033745745e-12 1.5225592628e-11
2.2967529297e+02 2.2195780421e-11 6.9180538162e-12 1.5277726605e-11
2.2973632812e+02 2.2265671640e-11 6.9334815353e-12 1.5332190105e-11
2.2979736328e+02 2.2337937319e-11 6.9518136491e-12 1.5386123670e-11
2.2985839844e+02 2.2409750589e-11 6.9732578868e-12 1.5436492703e-11
2.2991943359e+02 2.2479381357e-11 6.9950748117e-12 1.5484306546e-11
2.2998046875e+02 2.2549970362e-11 7.0146763768e-12 1.5535293985e-11
2.3004150391e+02 2.2626431106e-11 7.0323917312e-12 1.5594039375e-11
2.3010253906e+02 2.2710093988e-11 7.0505166195e-12 1.5659577369e-11
2.3016357422e+02 2.2798651113e-11 7.0702490355e-12 1.5728402077e-11
2.3022460938e+02 2.2891119692e-11 7.0909362069e-12 1.5800183485e-11
2.3028564453e+02 2.2990236425e-11 7.1120224975e-12 1.5878213927e-11
2.3034667969e+02 2.3098079613e-11 7.1336030833e-12 1.5964476530e-11
2.3040771484e+02 2.3211757410e-11 7.1550455127e-12 1.6056711898e-11
2.3046875000e+02 2.3326337464e-11 7.1750698044e-12 1.6151267659e-11
2.3052978516e+02 2.3440147762e-11 7.1931738604e-12 1.6246973901e-11
2.3059082031e+02 2.3554796387e-11 7.2099660980e-12 1.6344830289e-11
2.3065185547e+02 2.3672441616e-11 7.2267286428e-12 1.6445712973e-11
2.3071289062e+02 2.3794506322e-11 7.2447590889e-12 1.6549747233e-11
2.3077392578e+02 2.3918842219e-11 7.2637686876e-12 1.6655073531e-11
2.3083496094e+02 2.4038033305e-11 7.2812266988e-12 1.6756806606e-11
2.3089599609e+02 2.4145251006e-11 7.2945752067e-12 1.6850675799e-11
2.3095703125e+02 2.4239293077e-11 7.3032170340e-12 1.6936076043e-11
2.3101806641e+02 2.4323338927e-11 7.3083222409e-12 1.7015016686e-11
2.3107910156e+02 2.4406919261e-11 7.3130827765e-12 1.7093836485e-11
2.3114013672e+02 2.4505857910e-11 7.3223602581e-12 1.7183497652e-11
2.3120117188e+02 2.4627522367e-11 7.3386298109e-12 1.7288892556e-11
2.3126220703e+02 2.4757794838e-11 7.3585107028e-12 1.7399284135e-11
2.3132324219e+02 2.4873450668e-11 7.3757282974e-12 1.7497722371e-11
2.3138427734e+02 2.4967201475e-11 7.3872128147e-12 1.7579988661e-11
2.3144531250e+02 2.5052721372e-11 7.3949306585e-12 1.7657790713e-11
2.3150634766e+02 2.5145232648e-11 7.4026442567e-12 1.7742588391e-11
2.3156738281e+02 2.5245609700e-11 7.4126040027e-12 1.7833005697e-11
2.3162841797e+02 2.5344971432e-11 7.4247912110e-12 1.7920180221e-11
2.3168945312e+02 2.5436878362e-11 7.4374350171e-12 1.7999443345e-11
2.3175048828e+02 2.5522732708e-11 7.4483511675e-12 1.8074381541e-11
2.3181152344e+02 2.5608663850e-11 7.4568430195e-12 1.8151820831e-11
2.3187255859e+02 2.5697261868e-11 7.4640248857e-12 1.8233236982e-11
2.3193359375e+02 2.5783145729e-11 7.4712598933e-12 1.8311885836e-11
2.3199462891e+02 2.5859031003e-11 7.4788896909e-12 1.8380141312e-11
2.3205566406e+02 2.5924420192e-11 7.4863976526e-12 1.8438022539e-11
2.3211669922e+02 2.5985207454e-11 7.4934184890e-12 1.8491788965e-11
2.3217773438e+02 2.6045242994e-11 7.5000515564e-12 1.8545191438e-11
2.3223876953e+02 2.6099810268e-11 7.5056847872e-12 1.8594125480e-11
2.3229980469e+02 2.6138380951e-11 7.5081350167e-12 1.8630245934e-11
2.3236083984e+02 2.6155567202e-11 7.5053994419e-12 1.8650167760e-11
2.3242187500e+02 2.6158896087e-11 7.4984434511e-12 1.8660452636e-11
2.3248291016e+02 2.6163190708e-11 7.4907880629e-12 1.8672402646e-11
2.3254394531e+02 2.6177996715e-11 7.4852229276e-12 1.8692773788e-11
2.3260498047e+02 2.6202319686e-11 7.4822840413e-12 1.8720035645e-11
2.3266601562e+02 2.6229315220e-11 7.4813200686e-12 1.8747995151e-11
2.3272705078e+02 2.6254084703e-11 7.4816167517e-12 1.8772467951e-11
2.3278808594e+02 2.6277732694e-11 7.4827514508e-12 1.8794981243e-11
2.3284912109e+02 2.6303978603e-11 7.4845525301e-12 1.8819426073e-11
2.3291015625e+02 2.6333323702e-11 7.4874208983e-12 1.8845902804e-11
2.3297119141e+02 2.6362833491e-11 7.4929456460e-12 1.8869887845e-11
2.3303222656e+02 2.6389579823e-11 7.5027035815e-12 1.8886876241e-11
2.3309326172e+02 2.6411380505e-11 7.5151521048e-12 1.8896228400e-11
2.3315429688e+02 2.6426359274e-11 7.5252189223e-12 1.8901140352e-11
2.3321533203e+02 2.6434654081e-11 7.5289329256e-12 1.8905721156e-11
2.3327636719e+02 2.6438544091e-11 7.5274060776e-12 1.8911138013e-11
2.3333740234e+02 2.6439496738e-11 7.5249344262e-12 1.8914562312e-11
2.3339843750e+02 2.6437383255e-11 7.5246780132e-12 1.8912705242e-11
2.3345947266e+02 2.6432883587e-11 7.5272000547e-12 1.8905683533e-11
2.3352050781e+02 2.6427866603e-11 7.5313499808e-12 1.8896516623e-11
2.3358154297e+02 2.6422394860e-11 7.5351310717e-12 1.8887263789e-11
2.3364257812e+02 2.6414586814e-11 7.5370903798e-12 1.8877496434e-11
2.3370361328e+02 2.6404782103e-11 7.5380906140e-12 1.8866691489e-11
2.3376464844e+02 2.6395429157e-11 7.5407002392e-12 1.8854728917e-11
2.3382568359e+02 2.6385656282e-11 7.5460574909e-12 1.8839598792e-11
2.3388671875e+02 2.6371325029e-11 7.5524766312e-12 1.8818848398e-11
2.3394775391e+02 2.6352505653e-11 7.5581146298e-12 1.8794391023e-11
2.3400878906e+02 2.6336192429e-11 7.5636906950e-12 1.8772501735e-11
2.3406982422e+02 2.6328205099e-11 7.5708020982e-12 1.8757403000e-11
2.3413085938e+02 2.6325736616e-11 7.5785921523e-12 1.8747144464e-11
2.3419189453e+02 2.6322900859e-11 7.5847421721e-12 1.8738158687e-11
2.3425292969e+02 2.6320484691e-11 7.5893096027e-12 1.8731175089e-11
2.3431396484e+02 2.6322251596e-11 7.5944001214e-12 1.8727851475e-11
2.3437500000e+02 2.6324434823e-11 7.6003592432e-12 1.8724075579e-11
2.3443603516e+02 2.6318614873e-11 7.6054695535e-12 1.8713145319e-11
2.3449707031e+02 2.6303235824e-11 7.6085916991e-12 1.8694644125e-11
2.3455810547e+02 2.6284714485e-11 7.6096676959e-12 1.8675046789e-11
2.3461914062e+02 2.6269324845e-11 7.6091776271e-12 1.8660147218e-11
2.3468017578e+02 2.6259018791e-11 7.6086294052e-12 1.8650389386e-11
2.3474121094e+02 2.6253578209e-11 7.6102210872e-12 1.8643357122e-11
2.3480224609e+02 2.6253795998e-11 7.6154782842e-12 1.8638317714e-11
2.3486328125e+02 2.6261480962e-11 7.6245468913e-12 1.8636934070e-11
2.3492431641e+02 2.6276389987e-11 7.6361806435e-12 1.8640209344e-11
2.3498535156e+02 2.6295456458e-11 7.6484661839e-12 1.8646990274e-11
2.3504638672e+02 2.6316585012e-11 7.6603744615e-12 1.8656210550e-11
2.3510742188e+02 2.6340122536e-11 7.6720451445e-12 1.8668077391e-11
2.3516845703e+02 2.6364226576e-11 7.6829418014e-12 1.8681284774e-11
2.3522949219e+02 2.6382592665e-11 7.6912413813e-12 1.8691351283e-11
2.3529052734e+02 2.6389939752e-11 7.6961204738e-12 1.8693819278e-11
2.3535156250e+02 2.6388376815e-11 7.6994899657e-12 1.8688886849e-11
2.3541259766e+02 2.6387314301e-11 7.7045829289e-12 1.8682731373e-11
2.3547363281e+02 2.6396468107e-11 7.7131670919e-12 1.8683301015e-11
2.3553466797e+02 2.6418280919e-11 7.7244196150e-12 1.8693861305e-11
2.3559570312e+02 2.6447321581e-11 7.7358148818e-12 1.8711506699e-11
2.3565673828e+02 2.6475401787e-11 7.7440797199e-12 1.8731322067e-11
2.3571777344e+02 2.6495184431e-11 7.7460246007e-12 1.8749159830e-11
2.3577880859e+02 2.6501347511e-11 7.7403669169e-12 1.8760980594e-11
2.3583984375e+02 2.6492178923e-11 7.7289135390e-12 1.8763265384e-11
2.3590087891e+02 2.6470657958e-11 7.7150907888e-12 1.8755567169e-11
2.3596191406e+02 2.6446254893e-11 7.7023640755e-12 1.8743890817e-11
2.3602294922e+02 2.6434586967e-11 7.6941609582e-12 1.8740426009e-11
2.3608398438e+02 2.6445326436e-11 7.6921621158e-12 1.8753164320e-11
2.3614501953e+02 2.6470894164e-11 7.6946267885e-12 1.8776267375e-11
2.3620605469e+02 2.6497065449e-11 7.6991714170e-12 1.8797894032e-11
2.3626708984e+02 2.6519056476e-11 7.7052431200e-12 1.8813813356e-11
2.3632812500e+02 2.6538142661e-11 7.7115948526e-12 1.8826547809e-11
2.3638916016e+02 2.6551066681e-11 7.7145180389e-12 1.8836548642e-11
2.3645019531e+02 2.6551365725e-11 7.7106459032e-12 1.8840719822e-11
2.3651123047e+02 2.6537485917e-11 7.7001263049e-12 1.8837359613e-11
2.3657226562e+02 2.6516422072e-11 7.6870136043e-12 1.8829408467e-11
2.3663330078e+02 2.6498985101e-11 7.6764388035e-12 1.8822546298e-11
2.3669433594e+02 2.6490715418e-11 7.6699935235e-12 1.8820721895e-11
2.3675537109e+02 2.6489113129e-11 7.6645028658e-12 1.8824610263e-11
2.3681640625e+02 2.6488525910e-11 7.6562605155e-12 1.8832265395e-11
2.3687744141e+02 2.6483184993e-11 7.6448438322e-12 1.8838341161e-11
2.3693847656e+02 2.6468291196e-11 7.6320649683e-12 1.8836226228e-11
2.3699951172e+02 2.6443663030e-11 7.6192711666e-12 1.8824391863e-11
2.3706054688e+02 2.6413621749e-11 7.6064187347e-12 1.8807203015e-11
2.3712158203e+02 2.6381006773e-11 7.5923686032e-12 1.8788638169e-11
2.3718261719e+02 2.6346180172e-11 7.5762658656e-12 1.8769914306e-11
2.3724365234e+02 2.6312552010e-11 7.5596656693e-12 1.8752886341e-11
2.3730468750e+02 2.6286598129e-11 7.5461988118e-12 1.8740399317e-11
2.3736572266e+02 2.6270418022e-11 7.5378886007e-12 1.8732529421e-11
2.3742675781e+02 2.6257667693e-11 7.5323171746e-12 1.8725350519e-11
2.3748779297e+02 2.6238572741e-11 7.5243731685e-12 1.8714199572e-11
2.3754882812e+02 2.6209376673e-11 7.5114735915e-12 1.8697903081e-11
2.3760986328e+02 2.6175323472e-11 7.4964354819e-12 1.8678887990e-11
2.3767089844e+02 2.6141373062e-11 7.4836874026e-12 1.8657685660e-11
2.3773193359e+02 2.6103583274e-11 7.4737028796e-12 1.8629880394e-11
2.3779296875e+02 2.6055212860e-11 7.4632867296e-12 1.8591926130e-11
2.3785400391e+02 2.5996292378e-11 7.4496910953e-12 1.8546601283e-11
2.3791503906e+02 2.5932008299e-11 7.4324717833e-12 1.8499536516e-11
2.3797607422e+02 2.5867807125e-11 7.4132964678e-12 1.8454510658e-11
2.3803710938e+02 2.5808206232e-11 7.3947540699e-12 1.8413452162e-11
2.3809814453e+02 2.5753569332e-11 7.3776530568e-12 1.8375916275e-11
2.3815917969e+02 2.5698609036e-11 7.3605139392e-12 1.8338095096e-11
2.3822021484e+02 2.5639166827e-11 7.3427965383e-12 1.8296370289e-11
2.3828125000e+02 2.5577113477e-11 7.3261067829e-12 1.8251006694e-11
2.3834228516e+02 2.5515074387e-11 7.3113906837e-12 1.8203683703e-11
2.3840332031e+02 2.5450984020e-11 7.2972399807e-12 1.8153744040e-11
2.3846435547e+02 2.5381453044e-11 7.2814248180e-12 1.8100028226e-11
2.3852539062e+02 2.5307623557e-11 7.2627889340e-12 1.8044834623e-11
2.3858642578e+02 2.5234244824e-11 7.2413982378e-12 1.7992846586e-11
2.3864746094e+02 2.5163274997e-11 7.2175562064e-12 1.7945718790e-11
2.3870849609e+02 2.5091973947e-11 7.1918847714e-12 1.7900089176e-11
2.3876953125e+02 2.5019138217e-11 7.1666089907e-12 1.7852529226e-11
2.3883056641e+02 2.4948602324e-11 7.1446542295e-12 1.7803948094e-11
2.3889160156e+02 2.4882222160e-11 7.1261948886e-12 1.7756027271e-11
2.3895263672e+02 2.4813323986e-11 7.1077138499e-12 1.7705610136e-11
2.3901367188e+02 2.4732275406e-11 7.0856711258e-12 1.7646604280e-11
2.3907470703e+02 2.4636296749e-11 7.0602803658e-12 1.7576016383e-11
2.3913574219e+02 2.4531234927e-11 7.0349658758e-12 1.7496269051e-11
2.3919677734e+02 2.4427345181e-11 7.0125201231e-12 1.7414825058e-11
2.3925781250e+02 2.4334183063e-11 6.9924518299e-12 1.7341731233e-11
2.3931884766e+02 2.4253979658e-11 6.9721486800e-12 1.7281830978e-11
2.3937988281e+02 2.4178436259e-11 6.9500694458e-12 1.7228366813e-11
2.3944091797e+02 2.4095321484e-11 6.9271117382e-12 1.7168209745e-11
2.3950195312e+02 2.3998962074e-11 6.9049967923e-12 1.7093965281e-11
2.3956298828e+02 2.3894780009e-11 6.8844650474e-12 1.7010314961e-11
2.3962402344e+02 2.3795182549e-11 6.8654771629e-12 1.6929705386e-11
2.3968505859e+02 2.3709155945e-11 6.8478334345e-12 1.6861322511e-11
2.3974609375e+02 2.3633897170e-11 6.8305579222e-12 1.6803339248e-11
2.3980712891e+02 2.3558603281e-11 6.8118163900e-12 1.6746786891e-11
2.3986816406e+02 2.3475668438e-11 6.7904712157e-12 1.6685197222e-11
2.3992919922e+02 2.3383602756e-11 6.7667584304e-12 1.6616844326e-11
2.3999023438e+02 2.3281231483e-11 6.7410901685e-12 1.6540141315e-11
2.4005126953e+02 2.3167307174e-11 6.7135485576e-12 1.6453758617e-11
2.4011230469e+02 2.3046002300e-11 6.6845889468e-12 1.6361413354e-11
2.4017333984e+02 2.2925698849e-11 6.6550296263e-12 1.6270669223e-11
2.4023437500e+02 2.2811646798e-11 6.6256219080e-12 1.6186024890e-11
2.4029541016e+02 2.2704243978e-11 6.5972713355e-12 1.6106972642e-11
2.4035644531e+02 2.2604077254e-11 6.5712169402e-12 1.6032860314e-11
2.4041748047e+02 2.2513009290e-11 6.5481571778e-12 1.5964852112e-11
2.4047851562e+02 2.2428809509e-11 6.5271202462e-12 1.5901689263e-11
2.4053955078e+02 2.2344929386e-11 6.5063420179e-12 1.5838587368e-11
2.4060058594e+02 2.2257312606e-11 6.4853374091e-12 1.5771975196e-11
2.4066162109e+02 2.2166769761e-11 6.4650594420e-12 1.5701710319e-11
2.4072265625e+02 2.2076915838e-11 6.4467695707e-12 1.5630146267e-11
2.4078369141e+02 2.1993066961e-11 6.4313250196e-12 1.5561741941e-11
2.4084472656e+02 2.1917155448e-11 6.4180613103e-12 1.5499094138e-11
2.4090576172e+02 2.1841607394e-11 6.4042448927e-12 1.5437362501e-11
2.4096679688e+02 2.1756090525e-11 6.3874162506e-12 1.5368674275e-11
2.4102783203e+02 2.1662049114e-11 6.3684021901e-12 1.5293646924e-11
2.4108886719e+02 2.1572146609e-11 6.3503793513e-12 1.5221767257e-11
2.4114990234e+02 2.1493925968e-11 6.3351186302e-12 1.5158807337e-11
2.4121093750e+02 2.1422138950e-11 6.3218009946e-12 1.5100337956e-11
2.4127197266e+02 2.1347881256e-11 6.3089071877e-12 1.5038974068e-11
2.4133300781e+02 2.1268700069e-11 6.2957747008e-12 1.4972925368e-11
2.4139404297e+02 2.1187814035e-11 6.2826484773e-12 1.4905165558e-11
2.4145507812e+02 2.1106791908e-11 6.2694383522e-12 1.4837353556e-11
2.4151611328e+02 2.1024059178e-11 6.2545543663e-12 1.4769504812e-11
2.4157714844e+02 2.0940274718e-11 6.2361639760e-12 1.4704110742e-11
2.4163818359e+02 2.0858662622e-11 6.2146362206e-12 1.4644026402e-11
2.4169921875e+02 2.0780198515e-11 6.1924973710e-12 1.4587701144e-11
2.4176025391e+02 2.0704058149e-11 6.1718348469e-12 1.4532223302e-11
2.4182128906e+02 2.0630765040e-11 6.1526559800e-12 1.4478109060e-11
2.4188232422e+02 2.0560500090e-11 6.1340337395e-12 1.4426466350e-11
2.4194335938e+02 2.0490213153e-11 6.1156223381e-12 1.4374590815e-11
2.4200439453e+02 2.0414340489e-11 6.0969627231e-12 1.4317377766e-11
2.4206542969e+02 2.0328911044e-11 6.0766681406e-12 1.4252242903e-11
2.4212646484e+02 2.0236837523e-11 6.0541817147e-12 1.4182655809e-11
2.4218750000e+02 2.0147414929e-11 6.0314992499e-12 1.4115915679e-11
2.4224853516e+02 2.0067918513e-11 6.0116647912e-12 1.4056253722e-11
2.4230957031e+02 1.9997281477e-11 5.9956731794e-12 1.4001608297e-11
2.4237060547e+02 1.9927754416e-11 5.9809627017e-12 1.3946791714e-11
2.4243164062e+02 1.9851169302e-11 5.9632860322e-12 1.3887883269e-11
2.4249267578e+02 1.9765524210e-11 5.9408557799e-12 1.3824668430e-11
2.4255371094e+02 1.9675969251e-11 5.9162192158e-12 1.3759750036e-11
2.4261474609e+02 1.9587722571e-11 5.8933407228e-12 1.3694381848e-11
2.4267578125e+02 1.9500557000e-11 5.8736898660e-12 1.3626867134e-11
2.4273681641e+02 1.9413627930e-11 5.8564035980e-12 1.3557224332e-11
2.4279785156e+02 1.9331184603e-11 5.8410198255e-12 1.3490164777e-11
2.4285888672e+02 1.9257336837e-11 5.8274640486e-12 1.3429872789e-11
2.4291992188e+02 1.9187572163e-11 5.8138081973e-12 1.3373763966e-11
2.4298095703e+02 1.9109805311e-11 5.7963836438e-12 1.3313421667e-11
2.4304199219e+02 1.9014378043e-11 5.7726519170e-12 1.3241726126e-11
2.4310302734e+02 1.8903466284e-11 5.7438190732e-12 1.3159647210e-11
2.4316406250e+02 1.8789517846e-11 5.7144501813e-12 1.3075067665e-11
2.4322509766e+02 1.8682835272e-11 5.6886168699e-12 1.2994218402e-11
2.4328613281e+02 1.8583497359e-11 5.6664981200e-12 1.2916999239e-11
2.4334716797e+02 1.8486616533e-11 5.6454519690e-12 1.2841164564e-11
2.4340820312e+02 1.8390883768e-11 5.6235008978e-12 1.2767382870e-11
2.4346923828e+02 1.8299611697e-11 5.6006906236e-12 1.2698921073e-11
2.4353027344e+02 1.8215510304e-11 5.5776308184e-12 1.2637879486e-11
2.4359130859e+02 1.8136585411e-11 5.5539586170e-12 1.2582626794e-11
2.4365234375e+02 1.8058094865e-11 5.5289377061e-12 1.2529157159e-11
2.4371337891e+02 1.7977778845e-11 5.5029994692e-12 1.2474779376e-11
2.4377441406e+02 1.7897778544e-11 5.4775461040e-12 1.2420232440e-11
2.4383544922e+02 1.7821020699e-11 5.4532568304e-12 1.2367763869e-11
2.4389648438e+02 1.7746549460e-11 5.4294861373e-12 1.2317063323e-11
2.4395751953e+02 1.7670095225e-11 5.4056104403e-12 1.2264484785e-11
2.4401855469e+02 1.7589516854e-11 5.3822552109e-12 1.2207261643e-11
2.4407958984e+02 1.7508176352e-11 5.3606597730e-12 1.2147516579e-11
2.4414062500e+02 1.7432750782e-11 5.3417043245e-12 1.2091046457e-11
2.4420166016e+02 1.7367887133e-11 5.3260134706e-12 1.2041873663e-11
2.4426269531e+02 1.7312262191e-11 5.3135319718e-12 1.1998730219e-11
2.4432373047e+02 1.7260349926e-11 5.3024117280e-12 1.1957938198e-11
2.4438476562e+02 1.7207723407e-11 5.2898942359e-12 1.1917829171e-11
2.4444580078e+02 1.7154092033e-11 5.2753270531e-12 1.1878764980e-11
2.4450683594e+02 1.7102820934e-11 5.2613267854e-12 1.1841494149e-11
2.4456787109e+02 1.7056594574e-11 5.2503099660e-12 1.1806284608e-11
2.4462890625e+02 1.7012806092e-11 5.2405082827e-12 1.1772297809e-11
2.4468994141e+02 1.6967219522e-11 5.2279387619e-12 1.1739280760e-11
2.4475097656e+02 1.6920837072e-11 5.2116969589e-12 1.1709140113e-11
2.4481201172e+02 1.6877670157e-11 5.1946351173e-12 1.1683035039e-11
2.4487304688e+02 1.6839241465e-11 5.1797941253e-12 1.1659447339e-11
2.4493408203e+02 1.6805514757e-11 5.1681407127e-12 1.1637374044e-11
2.4499511719e+02 1.6775987949e-11 5.1586661755e-12 1.1617321773e-11
2.4505615234e+02 1.6746848754e-11 5.1497171056e-12 1.1597131648e-11
2.4511718750e+02 1.6711639749e-11 5.1406423825e-12 1.1570997366e-11
2.4517822266e+02 1.6666863204e-11 5.1317893826e-12 1.1535073822e-11
2.4523925781e+02 1.6615058033e-11 5.1229996115e-12 1.1492058422e-11
2.4530029297e+02 1.6561307902e-11 5.1130530874e-12 1.1448254815e-11
2.4536132812e+02 1.6507595486e-11 5.1006399679e-12 1.1406955519e-11
2.4542236328e+02 1.6452835116e-11 5.0855558316e-12 1.1367279284e-11
2.4548339844e+02 1.6397187570e-11 5.0690530349e-12 1.1328134535e-11
2.4554443359e+02 1.6342461654e-11 5.0531712171e-12 1.1289290437e-11
2.4560546875e+02 1.6289624217e-11 5.0395210763e-12 1.1250103140e-11
2.4566650391e+02 1.6237954219e-11 5.0280530013e-12 1.1209901218e-11
2.4572753906e+02 1.6184956282e-11 5.0169869860e-12 1.1167969296e-11
2.4578857422e+02 1.6128227891e-11 5.0048174260e-12 1.1123410465e-11
2.4584960938e+02 1.6069014657e-11 4.9921068171e-12 1.1076907840e-11
2.4591064453e+02 1.6011894425e-11 4.9804657463e-12 1.1031428679e-11
2.4597167969e+02 1.5960811579e-11 4.9706223493e-12 1.0990189229e-11
2.4603271484e+02 1.5916399105e-11 4.9622122556e-12 1.0954186850e-11
2.4609375000e+02 1.5875079894e-11 4.9542367273e-12 1.0920843167e-11
2.4615478516e+02 1.5830973289e-11 4.9451139535e-12 1.0885859335e-11
2.4621582031e+02 1.5782374487e-11 4.9335868893e-12 1.0848787597e-11
2.4627685547e+02 1.5735230131e-11 4.9202145386e-12 1.0815015593e-11
2.4633789062e+02 1.5696450512e-11 4.9072104452e-12 1.0789240067e-11
2.4639892578e+02 1.5665530499e-11 4.8963872656e-12 1.0769143233e-11
2.4645996094e+02 1.5635534920e-11 4.8872920878e-12 1.0748242833e-11
2.4652099609e+02 1.5600760088e-11 4.8776988129e-12 1.0723061275e-11
2.4658203125e+02 1.5561022505e-11 4.8660143749e-12 1.0695008131e-11
2.4664306641e+02 1.5518497334e-11 4.8522333601e-12 1.0666263974e-11
2.4670410156e+02 1.5473640430e-11 4.8366269455e-12 1.0637013485e-11
2.4676513672e+02 1.5426719849e-11 4.8191966904e-12 1.0607523159e-11
2.4682617188e+02 1.5380146776e-11 4.8007348075e-12 1.0579411969e-11
2.4688720703e+02 1.5336529700e-11 4.7832129499e-12 1.0553316750e-11
2.4694824219e+02 1.5296877960e-11 4.7684539513e-12 1.0528424008e-11
2.4700927734e+02 1.5261648435e-11 4.7566258557e-12 1.0505022579e-11
2.4707031250e+02 1.5230257014e-11 4.7461195027e-12 1.0484137511e-11
2.4713134766e+02 1.5198323169e-11 4.7345206819e-12 1.0463802487e-11
2.4719238281e+02 1.5159654609e-11 4.7201337206e-12 1.0439520889e-11
2.4725341797e+02 1.5113271741e-11 4.7033722396e-12 1.0409899501e-11
2.4731445312e+02 1.5064914782e-11 4.6862450360e-12 1.0378669746e-11
2.4737548828e+02 1.5020476272e-11 4.6701240938e-12 1.0350352178e-11
2.4743652344e+02 1.4980519238e-11 4.6546764327e-12 1.0325842805e-11
2.4749755859e+02 1.4941181203e-11 4.6389225045e-12 1.0302258699e-11
2.4755859375e+02 1.4898982523e-11 4.6226440330e-12 1.0276338490e-11
2.4761962891e+02 1.4854492657e-11 4.6069586970e-12 1.0247533960e-11
2.4768066406e+02 1.4811094436e-11 4.5937645126e-12 1.0217329923e-11
2.4774169922e+02 1.4770254806e-11 4.5839835153e-12 1.0186271291e-11
2.4780273438e+02 1.4728741279e-11 4.5761678119e-12 1.0152573467e-11
2.4786376953e+02 1.4680856995e-11 4.5673208297e-12 1.0113536165e-11
2.4792480469e+02 1.4623447372e-11 4.5549593377e-12 1.0068488035e-11
2.4798583984e+02 1.4559133202e-11 4.5383704510e-12 1.0020762751e-11
2.4804687500e+02 1.4494636583e-11 4.5188809747e-12 9.9757556086e-12
2.4810791016e+02 1.4435985875e-11 4.4994980207e-12 9.9364878540e-12
2.4816894531e+02 1.4386223932e-11 4.4834147926e-12 9.9028091395e-12
2.4822998047e+02 1.4346044293e-11 4.4717020666e-12 9.8743422269e-12
2.4829101562e+02 1.4312378128e-11 4.4622393309e-12 9.8501387970e-12
2.4835205078e+02 1.4276897867e-11 4.4514205498e-12 9.8254773171e-12
2.4841308594e+02 1.4231752087e-11 4.4373254752e-12 9.7944266113e-12
2.4847412109e+02 1.4178274230e-11 4.4211320537e-12 9.7571421766e-12
2.4853515625e+02 1.4125709744e-11 4.4053153313e-12 9.7203944124e-12
2.4859619141e+02 1.4080542277e-11 4.3910253618e-12 9.6895169153e-12
2.4865722656e+02 1.4040155258e-11 4.3777414449e-12 9.6624138134e-12
2.4871826172e+02 1.3996812029e-11 4.3646609423e-12 9.6321510871e-12
2.4877929688e+02 1.3946765565e-11 4.3515317787e-12 9.5952337860e-12
2.4884033203e+02 1.3896292242e-11 4.3388732980e-12 9.5574189437e-12
2.4890136719e+02 1.3856347881e-11 4.3278537147e-12 9.5284941665e-12
2.4896240234e+02 1.3828662294e-11 4.3189491682e-12 9.5097131255e-12
2.4902343750e+02 1.3801882360e-11 4.3108578371e-12 9.4910245227e-12
2.4908447266e+02 1.3764994161e-11 4.3018458354e-12 9.4631483260e-12
2.4914550781e+02 1.3719148404e-11 4.2917068807e-12 9.4274415230e-12
2.4920654297e+02 1.3673461547e-11 4.2816616472e-12 9.3917999002e-12
2.4926757812e+02 1.3634196295e-11 4.2726710828e-12 9.3615252120e-12
2.4932861328e+02 1.3600411983e-11 4.2643387501e-12 9.3360732332e-12
2.4938964844e+02 1.3567553954e-11 4.2558340117e-12 9.3117199420e-12
2.4945068359e+02 1.3533512168e-11 4.2474776541e-12 9.2860345137e-12
2.4951171875e+02 1.3500331157e-11 4.2402299735e-12 9.2601011834e-12
2.4957275391e+02 1.3470244712e-11 4.2338787691e-12 9.2363659430e-12
2.4963378906e+02 1.3442234166e-11 4.2270244317e-12 9.2152097340e-12
2.4969482422e+02 1.3412508474e-11 4.2184300775e-12 9.1940783961e-12
2.4975585938e+02 1.3377701647e-11 4.2077699360e-12 9.1699317114e-12
2.4981689453e+02 1.3339072996e-11 4.1960509658e-12 9.1430220298e-12
2.4987792969e+02 1.3302832744e-11 4.1856802623e-12 9.1171524817e-12
2.4993896484e+02 1.3274971353e-11 4.1791957946e-12 9.0957755585e-12
2.5000000000e+02 1.3256562501e-11 4.1769863169e-12 9.0795761846e-12
2.5006103516e+02 1.3243235328e-11 4.1762147207e-12 9.0670206077e-12
2.5012207031e+02 1.3227224406e-11 4.1729717941e-12 9.0542526115e-12
2.5018310547e+02 1.3201342748e-11 4.1658383021e-12 9.0355044462e-12
2.5024414062e+02 1.3164384489e-11 4.1565333255e-12 9.0078511634e-12
2.5030517578e+02 1.3122545898e-11 4.1471226719e-12 8.9754232257e-12
2.5036621094e+02 1.3083630111e-11 4.1380387222e-12 8.9455913886e-12
2.5042724609e+02 1.3051287077e-11 4.1292787346e-12 8.9220083420e-12
2.5048828125e+02 1.3025524074e-11 4.1218385579e-12 8.9036855162e-12
2.5054931641e+02 1.3004744372e-11 4.1165626119e-12 8.8881817602e-12
2.5061035156e+02 1.2985587405e-11 4.1126269130e-12 8.8729604916e-12
2.5067138672e+02 1.2963694577e-11 4.1083770591e-12 8.8553175178e-12
2.5073242188e+02 1.2935670499e-11 4.1026649696e-12 8.8330055293e-12
2.5079345703e+02 1.2900553513e-11 4.0949889251e-12 8.8055645880e-12
2.5085449219e+02 1.2861097929e-11 4.0857112828e-12 8.7753866460e-12
2.5091552734e+02 1.2822946787e-11 4.0759186805e-12 8.7470281068e-12
2.5097656250e+02 1.2790525746e-11 4.0659686040e-12 8.7245571422e-12
2.5103759766e+02 1.2763912554e-11 4.0551636094e-12 8.7087489449e-12
2.5109863281e+02 1.2740504284e-11 4.0437396020e-12 8.6967646819e-12
2.5115966797e+02 1.2718471230e-11 4.0337047470e-12 8.6847664830e-12
2.5122070312e+02 1.2696862678e-11 4.0266937118e-12 8.6701689661e-12
2.5128173828e+02 1.2673475315e-11 4.0219325850e-12 8.6515427296e-12
2.5134277344e+02 1.2645046481e-11 4.0168379960e-12 8.6282084847e-12
2.5140380859e+02 1.2609530814e-11 4.0089096969e-12 8.6006211170e-12
2.5146484375e+02 1.2567288445e-11 3.9969971439e-12 8.5702913016e-12
2.5152587891e+02 1.2521629623e-11 3.9820353526e-12 8.5395942706e-12
2.5158691406e+02 1.2478885444e-11 3.9670506417e-12 8.5118348021e-12
2.5164794922e+02 1.2444384662e-11 3.9550091023e-12 8.4893755598e-12
2.5170898438e+02 1.2416938937e-11 3.9458891718e-12 8.4710497652e-12
2.5177001953e+02 1.2390964573e-11 3.9369954736e-12 8.4539690998e-12
2.5183105469e+02 1.2364208848e-11 3.9262412315e-12 8.4379676170e-12
2.5189208984e+02 1.2339108940e-11 3.9137804692e-12 8.4253284706e-12
2.5195312500e+02 1.2316635311e-11 3.9008643137e-12 8.4157709977e-12
2.5201416016e+02 1.2293582694e-11 3.8887838711e-12 8.4047988228e-12
2.5207519531e+02 1.2267977524e-11 3.8786695946e-12 8.3893079290e-12
2.5213623047e+02 1.2242746017e-11 3.8706521859e-12 8.3720938313e-12
2.5219726562e+02 1.2220581402e-11 3.8630305898e-12 8.3575508126e-12
2.5225830078e+02 1.2199743504e-11 3.8535226030e-12 8.3462209013e-12
2.5231933594e+02 1.2178704974e-11 3.8419618451e-12 8.3367431287e-12
2.5238037109e+02 1.2160932971e-11 3.8312013487e-12 8.3297316222e-12
2.5244140625e+02 1.2151618152e-11 3.8244765835e-12 8.3271415681e-12
2.5250244141e+02 1.2151935006e-11 3.8221582605e-12 8.3297767453e-12
2.5256347656e+02 1.2157949512e-11 3.8218422797e-12 8.3361072326e-12
2.5262451172e+02 1.2163224448e-11 3.8207419306e-12 8.3424825169e-12
2.5268554688e+02 1.2162968317e-11 3.8172461662e-12 8.3457221513e-12
2.5274658203e+02 1.2158044800e-11 3.8114557213e-12 8.3465890790e-12
2.5280761719e+02 1.2154528770e-11 3.8051067897e-12 8.3494219801e-12
2.5286865234e+02 1.2157621191e-11 3.7998681383e-12 8.3577530524e-12
2.5292968750e+02 1.2165493439e-11 3.7950342737e-12 8.3704591649e-12
2.5299072266e+02 1.2169834866e-11 3.7880389969e-12 8.3817958694e-12
2.5305175781e+02 1.2163100038e-11 3.7777002068e-12 8.3853998313e-12
2.5311279297e+02 1.2144663268e-11 3.7656409382e-12 8.3790223299e-12
2.5317382812e+02 1.2120249084e-11 3.7541604775e-12 8.3660886066e-12
2.5323486328e+02 1.2097877629e-11 3.7440984664e-12 8.3537791627e-12
2.5329589844e+02 1.2084329852e-11 3.7351152985e-12 8.3492145530e-12
2.5335693359e+02 1.2081086980e-11 3.7267904726e-12 8.3542965079e-12
2.5341796875e+02 1.2082313664e-11 3.7190646879e-12 8.3632489759e-12
2.5347900391e+02 1.2080230713e-11 3.7123186195e-12 8.3679120934e-12
2.5354003906e+02 1.2072459510e-11 3.7070600367e-12 8.3653994738e-12
2.5360107422e+02 1.2062008166e-11 3.7032668006e-12 8.3587413659e-12
2.5366210938e+02 1.2052449242e-11 3.7003428451e-12 8.3521063969e-12
2.5372314453e+02 1.2044951946e-11 3.6974886419e-12 8.3474633042e-12
2.5378417969e+02 1.2037920382e-11 3.6935845450e-12 8.3443358368e-12
2.5384521484e+02 1.2029394815e-11 3.6878974229e-12 8.3414973925e-12
2.5390625000e+02 1.2020896588e-11 3.6818930011e-12 8.3390035865e-12
2.5396728516e+02 1.2016591398e-11 3.6783629675e-12 8.3382284305e-12
2.5402832031e+02 1.2017798563e-11 3.6776553997e-12 8.3401431634e-12
2.5408935547e+02 1.2021357210e-11 3.6769828877e-12 8.3443743223e-12
2.5415039062e+02 1.2023888495e-11 3.6741347275e-12 8.3497537677e-12
2.5421142578e+02 1.2025647051e-11 3.6698930433e-12 8.3557540081e-12
2.5427246094e+02 1.2030592819e-11 3.6665638561e-12 8.3640289628e-12
2.5433349609e+02 1.2043791136e-11 3.6657739282e-12 8.3780172075e-12
2.5439453125e+02 1.2066995120e-11 3.6676746198e-12 8.3993205006e-12
2.5445556641e+02 1.2094657716e-11 3.6707733924e-12 8.4238843237e-12
2.5451660156e+02 1.2115845730e-11 3.6724276987e-12 8.4434180314e-12
2.5457763672e+02 1.2123595971e-11 3.6708501790e-12 8.4527457918e-12
2.5463867188e+02 1.2123160787e-11 3.6671440228e-12 8.4560167640e-12
2.5469970703e+02 1.2127672900e-11 3.6644391652e-12 8.4632337351e-12
2.5476074219e+02 1.2143930419e-11 3.6646160348e-12 8.4793143837e-12
2.5482177734e+02 1.2166496158e-11 3.6668331858e-12 8.4996629718e-12
2.5488281250e+02 1.2186636829e-11 3.6693502436e-12 8.5172865858e-12
2.5494384766e+02 1.2201567780e-11 3.6716456791e-12 8.5299221009e-12
2.5500488281e+02 1.2213721433e-11 3.6742406005e-12 8.5394808320e-12
2.5506591797e+02 1.2224585346e-11 3.6767198794e-12 8.5478654670e-12
2.5512695312e+02 1.2231961275e-11 3.6772687852e-12 8.5546924895e-12
2.5518798828e+02 1.2234019907e-11 3.6751893697e-12 8.5588305371e-12
2.5524902344e+02 1.2232872837e-11 3.6722086637e-12 8.5606641733e-12
2.5531005859e+02 1.2231335160e-11 3.6702549054e-12 8.5610802544e-12
2.5537109375e+02 1.2229784213e-11 3.6698557194e-12 8.5599284939e-12
2.5543212891e+02 1.2229085279e-11 3.6712352524e-12 8.5578500261e-12
2.5549316406e+02 1.2231777017e-11 3.6745565202e-12 8.5572204969e-12
2.5555419922e+02 1.2237008525e-11 3.6782024001e-12 8.5588061251e-12
2.5561523438e+02 1.2239670932e-11 3.6791759272e-12 8.5604950049e-12
2.5567626953e+02 1.2237746882e-11 3.6766009887e-12 8.5611458933e-12
2.5573730469e+02 1.2235495625e-11 3.6732105053e-12 8.5622851196e-12
2.5579833984e+02 1.2237158447e-11 3.6721506156e-12 8.5650078313e-12
2.5585937500e+02 1.2242157015e-11 3.6735839284e-12 8.5685730864e-12
2.5592041016e+02 1.2248458286e-11 3.6756506684e-12 8.5728076173e-12
2.5598144531e+02 1.2256326947e-11 3.6773880392e-12 8.5789389080e-12
2.5604248047e+02 1.2266107878e-11 3.6789332462e-12 8.5871746313e-12
2.5610351562e+02 1.2275983794e-11 3.6802611159e-12 8.5957226781e-12
2.5616455078e+02 1.2284169639e-11 3.6815833028e-12 8.6025863362e-12
2.5622558594e+02 1.2290331108e-11 3.6836230597e-12 8.6067080478e-12
2.5628662109e+02 1.2294448669e-11 3.6864196893e-12 8.6080289800e-12
2.5634765625e+02 1.2296831735e-11 3.6890429874e-12 8.6077887475e-12
2.5640869141e+02 1.2298410359e-11 3.6906038703e-12 8.6078064886e-12
2.5646972656e+02 1.2299372478e-11 3.6908095240e-12 8.6085629543e-12
2.5653076172e+02 1.2298802013e-11 3.6899895642e-12 8.6088124486e-12
2.5659179688e+02 1.2296154473e-11 3.6888274647e-12 8.6073270080e-12
2.5665283203e+02 1.2292184002e-11 3.6877081710e-12 8.6044758309e-12
2.5671386719e+02 1.2289694366e-11 3.6867723712e-12 8.6029219953e-12
2.5677490234e+02 1.2293112917e-11 3.6866523233e-12 8.6064605935e-12
2.5683593750e+02 1.2303384939e-11 3.6879294144e-12 8.6154555245e-12
2.5689697266e+02 1.2314088551e-11 3.6896781447e-12 8.6244104066e-12
2.5695800781e+02 1.2318139529e-11 3.6901229555e-12 8.6280165735e-12
2.5701904297e+02 1.2317706012e-11 3.6893911968e-12 8.6283148152e-12
2.5708007812e+02 1.2321967123e-11 3.6900706347e-12 8.6318964884e-12
2.5714111328e+02 1.2335271677e-11 3.6939382652e-12 8.6413334116e-12
2.5720214844e+02 1.2352695300e-11 3.6995635002e-12 8.6531317997e-12
2.5726318359e+02 1.2367471547e-11 3.7042190860e-12 8.6632524614e-12
2.5732421875e+02 1.2377202415e-11 3.7065318765e-12 8.6706705384e-12
2.5738525391e+02 1.2381514381e-11 3.7063471732e-12 8.6751672081e-12
2.5744628906e+02 1.2379404998e-11 3.7038149846e-12 8.6755900131e-12
2.5750732422e+02 1.2372197613e-11 3.6996942338e-12 8.6725033791e-12
2.5756835938e+02 1.2365868348e-11 3.6954495035e-12 8.6704188444e-12
2.5762939453e+02 1.2367262580e-11 3.6924876329e-12 8.6747749471e-12
2.5769042969e+02 1.2377922572e-11 3.6915625340e-12 8.6863600378e-12
2.5775146484e+02 1.2392930364e-11 3.6925036811e-12 8.7004266830e-12
2.5781250000e+02 1.2406893526e-11 3.6943758383e-12 8.7125176879e-12
2.5787353516e+02 1.2419128960e-11 3.6963394264e-12 8.7227895336e-12
2.5793457031e+02 1.2431093365e-11 3.6983007258e-12 8.7327926388e-12
2.5799560547e+02 1.2442112172e-11 3.7005868044e-12 8.7415253679e-12
2.5805664062e+02 1.2450412289e-11 3.7030987263e-12 8.7473135627e-12
2.5811767578e+02 1.2455843238e-11 3.7049321754e-12 8.7509110628e-12
2.5817871094e+02 1.2460014538e-11 3.7052797085e-12 8.7547348292e-12
2.5823974609e+02 1.2465000928e-11 3.7045846376e-12 8.7604162909e-12
2.5830078125e+02 1.2472519914e-11 3.7041663065e-12 8.7683536077e-12
2.5836181641e+02 1.2484078799e-11 3.7050996687e-12 8.7789791305e-12
2.5842285156e+02 1.2500930069e-11 3.7077822048e-12 8.7931478637e-12
2.5848388672e+02 1.2523267665e-11 3.7119365872e-12 8.8113310778e-12
2.5854492188e+02 1.2549886469e-11 3.7168920165e-12 8.8329944524e-12
2.5860595703e+02 1.2578399691e-11 3.7220967500e-12 8.8563029410e-12
2.5866699219e+02 1.2605225777e-11 3.7270343945e-12 8.8781913823e-12
2.5872802734e+02 1.2626257445e-11 3.7307242692e-12 8.8955331756e-12
2.5878906250e+02 1.2639475688e-11 3.7323361970e-12 8.9071394905e-12
2.5885009766e+02 1.2647422390e-11 3.7325546835e-12 8.9148677067e-12
2.5891113281e+02 1.2655383592e-11 3.7332243014e-12 8.9221592910e-12
2.5897216797e+02 1.2666628703e-11 3.7353511126e-12 8.9312775899e-12
2.5903320312e+02 1.2680774972e-11 3.7383672396e-12 8.9424077328e-12
2.5909423828e+02 1.2695341594e-11 3.7411469950e-12 8.9541945993e-12
2.5915527344e+02 1.2707104584e-11 3.7427159869e-12 8.9643885970e-12
2.5921630859e+02 1.2714556005e-11 3.7424035309e-12 8.9721524736e-12
2.5927734375e+02 1.2719990044e-11 3.7403331033e-12 8.9796569405e-12
2.5933837891e+02 1.2726226357e-11 3.7376125871e-12 8.9886137703e-12
2.5939941406e+02 1.2731831785e-11 3.7353865454e-12 8.9964452395e-12
2.5946044922e+02 1.2732419975e-11 3.7335261043e-12 8.9988938703e-12
2.5952148438e+02 1.2725996540e-11 3.7306675920e-12 8.9953289475e-12
2.5958251953e+02 1.2715215346e-11 3.7259577441e-12 8.9892576021e-12
2.5964355469e+02 1.2704189369e-11 3.7202113653e-12 8.9839780034e-12
2.5970458984e+02 1.2694656365e-11 3.7149403401e-12 8.9797160245e-12
2.5976562500e+02 1.2687323255e-11 3.7112017938e-12 8.9761214613e-12
2.5982666016e+02 1.2685330333e-11 3.7097568734e-12 8.9755734594e-12
2.5988769531e+02 1.2692256692e-11 3.7110870294e-12 8.9811696629e-12
2.5994873047e+02 1.2706230037e-11 3.7143436542e-12 8.9918863833e-12
2.6000976562e+02 1.2719692602e-11 3.7170357003e-12 9.0026569013e-12
2.6007080078e+02 1.2726628332e-11 3.7168743215e-12 9.0097540102e-12
2.6013183594e+02 1.2727432621e-11 3.7139341621e-12 9.0134984592e-12
2.6019287109e+02 1.2726304112e-11 3.7106133779e-12 9.0156907343e-12
2.6025390625e+02 1.2726203082e-11 3.7092566442e-12 9.0169464380e-12
2.6031494141e+02 1.2726333100e-11 3.7098070809e-12 9.0165260190e-12
2.6037597656e+02 1.2724288834e-11 3.7103478144e-12 9.0139410197e-12
2.6043701172e+02 1.2720750444e-11 3.7098034532e-12 9.0109469908e-12
2.6049804688e+02 1.2719240948e-11 3.7087168057e-12 9.0105241427e-12
2.6055908203e+02 1.2719632261e-11 3.7071841507e-12 9.0124481102e-12
2.6062011719e+02 1.2716449472e-11 3.7040243330e-12 9.0124251388e-12
2.6068115234e+02 1.2707021816e-11 3.6989447699e-12 9.0080770456e-12
2.6074218750e+02 1.2695680748e-11 3.6935391529e-12 9.0021415952e-12
2.6080322266e+02 1.2685790749e-11 3.6890705878e-12 8.9967201614e-12
2.6086425781e+02 1.2674158204e-11 3.6852551530e-12 8.9889030508e-12
2.6092529297e+02 1.2657395395e-11 3.6819540596e-12 8.9754413354e-12
2.6098632812e+02 1.2638177368e-11 3.6802324253e-12 8.9579449425e-12
2.6104736328e+02 1.2622332138e-11 3.6811034616e-12 8.9412286760e-12
2.6110839844e+02 1.2613120187e-11 3.6839635311e-12 8.9291566558e-12
2.6116943359e+02 1.2608563509e-11 3.6864181864e-12 8.9221453225e-12
2.6123046875e+02 1.2602041061e-11 3.6858179679e-12 8.9162230933e-12
2.6129150391e+02 1.2587306146e-11 3.6814605636e-12 8.9058455820e-12
2.6135253906e+02 1.2564383766e-11 3.6749734047e-12 8.8894103611e-12
2.6141357422e+02 1.2537379692e-11 3.6681614772e-12 8.8692182150e-12
2.6147460938e+02 1.2507616731e-11 3.6615682286e-12 8.8460485026e-12
2.6153564453e+02 1.2474874030e-11 3.6557400875e-12 8.8191339429e-12
2.6159667969e+02 1.2442772177e-11 3.6518915430e-12 8.7908806344e-12
2.6165771484e+02 1.2414918393e-11 3.6496320573e-12 8.7652863355e-12
2.6171875000e+02 1.2387650218e-11 3.6457700156e-12 8.7418802022e-12
2.6177978516e+02 1.2353824520e-11 3.6375408442e-12 8.7162836761e-12
2.6184082031e+02 1.2313109877e-11 3.6260893212e-12 8.6870205556e-12
2.6190185547e+02 1.2273624791e-11 3.6153585435e-12 8.6582662475e-12
2.6196289062e+02 1.2243244633e-11 3.6083653288e-12 8.6348793044e-12
2.6202392578e+02 1.2222420226e-11 3.6053508332e-12 8.6170693928e-12
2.6208496094e+02 1.2206223632e-11 3.6047935074e-12 8.6014301250e-12
2.6214599609e+02 1.2190834729e-11 3.6052436635e-12 8.5855910650e-12
2.6220703125e+02 1.2175731118e-11 3.6057870853e-12 8.5699440323e-12
2.6226806641e+02 1.2160282932e-11 3.6051758727e-12 8.5551070591e-12
2.6232910156e+02 1.2141371533e-11 3.6017409007e-12 8.5396306328e-12
2.6239013672e+02 1.2116189193e-11 3.5946208883e-12 8.5215683042e-12
2.6245117188e+02 1.2085842895e-11 3.5844944783e-12 8.5013484167e-12
2.6251220703e+02 1.2054874809e-11 3.5733026340e-12 8.4815721747e-12
2.6257324219e+02 1.2028152273e-11 3.5636473252e-12 8.4645049478e-12
2.6263427734e+02 1.2008349036e-11 3.5575556424e-12 8.4507933933e-12
2.6269531250e+02 1.1994806147e-11 3.5550840058e-12 8.4397221408e-12
2.6275634766e+02 1.1983374323e-11 3.5542229296e-12 8.4291513934e-12
2.6281738281e+02 1.1967919834e-11 3.5522599870e-12 8.4156598467e-12
2.6287841797e+02 1.1944825011e-11 3.5478292473e-12 8.3969957637e-12
2.6293945312e+02 1.1917066590e-11 3.5420304836e-12 8.3750361063e-12
2.6300048828e+02 1.1891381332e-11 3.5368263394e-12 8.3545549929e-12
2.6306152344e+02 1.1871462708e-11 3.5325432269e-12 8.3389194810e-12
2.6312255859e+02 1.1856397855e-11 3.5278659106e-12 8.3285319445e-12
2.6318359375e+02 1.1843401942e-11 3.5213905663e-12 8.3220113761e-12
2.6324462891e+02 1.1828983164e-11 3.5126292132e-12 8.3163539506e-12
2.6330566406e+02 1.1810270497e-11 3.5028233395e-12 8.3074471577e-12
2.6336669922e+02 1.1787409351e-11 3.4945652185e-12 8.2928441324e-12
2.6342773438e+02 1.1762753210e-11 3.4893210963e-12 8.2734321136e-12
2.6348876953e+02 1.1738784653e-11 3.4862532536e-12 8.2525313993e-12
2.6354980469e+02 1.1719234968e-11 3.4843360707e-12 8.2348988970e-12
2.6361083984e+02 1.1708439472e-11 3.4838728228e-12 8.2245666493e-12
2.6367187500e+02 1.1705494561e-11 3.4848635524e-12 8.2206310090e-12
2.6373291016e+02 1.1702302903e-11 3.4855041761e-12 8.2167987271e-12
2.6379394531e+02 1.1690363002e-11 3.4834103770e-12 8.2069526248e-12
2.6385498047e+02 1.1666893520e-11 3.4775887913e-12 8.1893047288e-12
2.6391601562e+02 1.1633727900e-11 3.4687289159e-12 8.1649989838e-12
2.6397705078e+02 1.1593792167e-11 3.4578301291e-12 8.1359620379e-12
2.6403808594e+02 1.1550802277e-11 3.4453712737e-12 8.1054310036e-12
2.6409912109e+02 1.1510180822e-11 3.4324083768e-12 8.0777724454e-12
2.6416015625e+02 1.1475697697e-11 3.4209466176e-12 8.0547510792e-12
2.6422119141e+02 1.1444866923e-11 3.4118405668e-12 8.0330263558e-12
2.6428222656e+02 1.1411509484e-11 3.4037176044e-12 8.0077918795e-12
2.6434326172e+02 1.1373118940e-11 3.3950912879e-12 7.9780276521e-12
2.6440429688e+02 1.1332791972e-11 3.3862773200e-12 7.9465146516e-12
2.6446533203e+02 1.1294645804e-11 3.3783868452e-12 7.9162589586e-12
2.6452636719e+02 1.1260147605e-11 3.3714919095e-12 7.8886556958e-12
2.6458740234e+02 1.1227568743e-11 3.3644907991e-12 7.8630779444e-12
2.6464843750e+02 1.1192473245e-11 3.3561670408e-12 7.8363062039e-12
2.6470947266e+02 1.1149859339e-11 3.3458608051e-12 7.8039985337e-12
2.6477050781e+02 1.1097373678e-11 3.3333414467e-12 7.7640322316e-12
2.6483154297e+02 1.1037204210e-11 3.3187614237e-12 7.7184427868e-12
2.6489257812e+02 1.0975873679e-11 3.3032637728e-12 7.6726099060e-12
2.6495361328e+02 1.0920973238e-11 3.2890917425e-12 7.6318814954e-12
2.6501464844e+02 1.0876204095e-11 3.2781163494e-12 7.5980877460e-12
2.6507568359e+02 1.0839456973e-11 3.2700824792e-12 7.5693744941e-12
2.6513671875e+02 1.0804811855e-11 3.2626880291e-12 7.5421238262e-12
2.6519775391e+02 1.0765780449e-11 3.2534819898e-12 7.5122984591e-12
2.6525878906e+02 1.0718912323e-11 3.2415383524e-12 7.4773739706e-12
2.6531982422e+02 1.0666640629e-11 3.2276943403e-12 7.4389462882e-12
2.6538085938e+02 1.0616098040e-11 3.2137615162e-12 7.4023365236e-12
2.6544189453e+02 1.0573830839e-11 3.2012438885e-12 7.3725869506e-12
2.6550292969e+02 1.0541545243e-11 3.1903928990e-12 7.3511523438e-12
2.6556396484e+02 1.0515461193e-11 3.1801182084e-12 7.3353429848e-12
2.6562500000e+02 1.0488166192e-11 3.1685876028e-12 7.3195785890e-12
2.6568603516e+02 1.0453409432e-11 3.1547967725e-12 7.2986126593e-12
2.6574707031e+02 1.0410860696e-11 3.1398232594e-12 7.2710374365e-12
2.6580810547e+02 1.0365186232e-11 3.1256143771e-12 7.2395718544e-12
2.6586914062e+02 1.0321658071e-11 3.1128966416e-12 7.2087614298e-12
2.6593017578e+02 1.0283397874e-11 3.1010580574e-12 7.1823398162e-12
2.6599121094e+02 1.0250151070e-11 3.0894003847e-12 7.1607506853e-12
2.6605224609e+02 1.0219336284e-11 3.0781056703e-12 7.1412306137e-12
2.6611328125e+02 1.0189690997e-11 3.0683809048e-12 7.1213100919e-12
2.6617431641e+02 1.0162070731e-11 3.0611144672e-12 7.1009562641e-12
2.6623535156e+02 1.0136037203e-11 3.0551352686e-12 7.0809019347e-12
2.6629638672e+02 1.0108809417e-11 3.0480996883e-12 7.0607097291e-12
2.6635742188e+02 1.0078765510e-11 3.0394066004e-12 7.0393589093e-12
2.6641845703e+02 1.0048310781e-11 3.0312037918e-12 7.0171069896e-12
2.6647949219e+02 1.0022546198e-11 3.0264907588e-12 6.9960554391e-12
2.6654052734e+02 1.0005250068e-11 3.0264479647e-12 6.9788021035e-12
2.6660156250e+02 9.9959617720e-12 3.0291994097e-12 6.9667623622e-12
2.6666259766e+02 9.9900271174e-12 3.0311311535e-12 6.9588959639e-12
2.6672363281e+02 9.9803307292e-12 3.0293707254e-12 6.9509600037e-12
2.6678466797e+02 9.9606370528e-12 3.0231617674e-12 6.9374752854e-12
2.6684570312e+02 9.9305006333e-12 3.0140034788e-12 6.9164971545e-12
2.6690673828e+02 9.8964415993e-12 3.0047697359e-12 6.8916718634e-12
2.6696777344e+02 9.8657877152e-12 2.9976485718e-12 6.8681391434e-12
2.6702880859e+02 9.8400434173e-12 2.9927131524e-12 6.8473302649e-12
2.6708984375e+02 9.8157953303e-12 2.9886199487e-12 6.8271753816e-12
2.6715087891e+02 9.7906278425e-12 2.9841024385e-12 6.8065254040e-12
2.6721191406e+02 9.7668387912e-12 2.9790060784e-12 6.7878327128e-12
2.6727294922e+02 9.7492262641e-12 2.9743268356e-12 6.7748994285e-12
2.6733398438e+02 9.7386553724e-12 2.9706907634e-12 6.7679646091e-12
2.6739501953e+02 9.7302518935e-12 2.9673360971e-12 6.7629157964e-12
2.6745605469e+02 9.7200141478e-12 2.9635226726e-12 6.7564914752e-12
2.6751708984e+02 9.7084434441e-12 2.9596151857e-12 6.7488282584e-12
2.6757812500e+02 9.6953938898e-12 2.9558586866e-12 6.7395352032e-12
2.6763916016e+02 9.6776682052e-12 2.9515534985e-12 6.7261147067e-12
2.6770019531e+02 9.6545100365e-12 2.9461794716e-12 6.7083305649e-12
2.6776123047e+02 9.6307811854e-12 2.9404530947e-12 6.6903280907e-12
2.6782226562e+02 9.6124116406e-12 2.9359149712e-12 6.6764966693e-12
2.6788330078e+02 9.6009030340e-12 2.9338589698e-12 6.6670440643e-12
2.6794433594e+02 9.5934062417e-12 2.9345983064e-12 6.6588079353e-12
2.6800537109e+02 9.5865615762e-12 2.9371133235e-12 6.6494482528e-12
2.6806640625e+02 9.5785366808e-12 2.9392695385e-12 6.6392671423e-12
2.6812744141e+02 9.5683119980e-12 2.9392213970e-12 6.6290906010e-12
2.6818847656e+02 9.5556900713e-12 2.9370474297e-12 6.6186426416e-12
2.6824951172e+02 9.5428677655e-12 2.9345898273e-12 6.6082779383e-12
2.6831054688e+02 9.5340964985e-12 2.9335868536e-12 6.6005096449e-12
2.6837158203e+02 9.5308672844e-12 2.9338696809e-12 6.5969976035e-12
2.6843261719e+02 9.5277683687e-12 2.9331914053e-12 6.5945769634e-12
2.6849365234e+02 9.5168349907e-12 2.9292077510e-12 6.5876272397e-12
2.6855468750e+02 9.4957498155e-12 2.9215513296e-12 6.5741984859e-12
2.6861572266e+02 9.4690451038e-12 2.9117909130e-12 6.5572541908e-12
2.6867675781e+02 9.4424887399e-12 2.9020462103e-12 6.5404425295e-12
2.6873779297e+02 9.4172788058e-12 2.8936608721e-12 6.5236179337e-12
2.6879882812e+02 9.3890483056e-12 2.8865355537e-12 6.5025127519e-12
2.6885986328e+02 9.3533278586e-12 2.8794263131e-12 6.4739015455e-12
2.6892089844e+02 9.3105901738e-12 2.8706542908e-12 6.4399358830e-12
2.6898193359e+02 9.2644047084e-12 2.8590654597e-12 6.4053392487e-12
2.6904296875e+02 9.2177171256e-12 2.8452868642e-12 6.3724302614e-12
2.6910400391e+02 9.1719632472e-12 2.8314663795e-12 6.3404968677e-12
2.6916503906e+02 9.1267547504e-12 2.8188922106e-12 6.3078625397e-12
2.6922607422e+02 9.0801921024e-12 2.8067960134e-12 6.2733960889e-12
2.6928710938e+02 9.0308724731e-12 2.7941029335e-12 6.2367695395e-12
2.6934814453e+02 8.9791759857e-12 2.7811333506e-12 6.1980426352e-12
2.6940917969e+02 8.9275521338e-12 2.7691934389e-12 6.1583586949e-12
2.6947021484e+02 8.8803089474e-12 2.7592025450e-12 6.1211064024e-12
2.6953125000e+02 8.8407202922e-12 2.7505428148e-12 6.0901774774e-12
2.6959228516e+02 8.8082152802e-12 2.7415334457e-12 6.0666818345e-12
2.6965332031e+02 8.7801633049e-12 2.7316113288e-12 6.0485519761e-12
2.6971435547e+02 8.7541182869e-12 2.7218704587e-12 6.0322478282e-12
2.6977539062e+02 8.7271036587e-12 2.7130470121e-12 6.0140566467e-12
2.6983642578e+02 8.6966465969e-12 2.7047061753e-12 5.9919404215e-12
2.6989746094e+02 8.6633633135e-12 2.6964615353e-12 5.9669017782e-12
2.6995849609e+02 8.6290883029e-12 2.6881768082e-12 5.9409114947e-12
2.7001953125e+02 8.5940146342e-12 2.6793484041e-12 5.9146662301e-12
2.7008056641e+02 8.5589488906e-12 2.6698654097e-12 5.8890834809e-12
2.7014160156e+02 8.5269385722e-12 2.6607195236e-12 5.8662190485e-12
2.7020263672e+02 8.4996836083e-12 2.6529214032e-12 5.8467622052e-12
2.7026367188e+02 8.4752660542e-12 2.6462758145e-12 5.8289902397e-12
2.7032470703e+02 8.4512548772e-12 2.6397250844e-12 5.8115297928e-12
2.7038574219e+02 8.4282439204e-12 2.6327909265e-12 5.7954529939e-12
2.7044677734e+02 8.4084490994e-12 2.6262925511e-12 5.7821565483e-12
2.7050781250e+02 8.3914135473e-12 2.6211254784e-12 5.7702880688e-12
2.7056884766e+02 8.3734676533e-12 2.6167488052e-12 5.7567188481e-12
2.7062988281e+02 8.3516904283e-12 2.6116290624e-12 5.7400613659e-12
2.7069091797e+02 8.3268483330e-12 2.6049369701e-12 5.7219113628e-12
2.7075195312e+02 8.3022018403e-12 2.5973138447e-12 5.7048879956e-12
2.7081298828e+02 8.2804376139e-12 2.5901731461e-12 5.6902644678e-12
2.7087402344e+02 8.2625314610e-12 2.5846450558e-12 5.6778864052e-12
2.7093505859e+02 8.2479954368e-12 2.5808412869e-12 5.6671541500e-12
2.7099609375e+02 8.2341197432e-12 2.5776035219e-12 5.6565162212e-12
2.7105712891e+02 8.2168471174e-12 2.5733066344e-12 5.6435404830e-12
2.7111816406e+02 8.1950500333e-12 2.5674805967e-12 5.6275694366e-12
2.7117919922e+02 8.1725099652e-12 2.5614731750e-12 5.6110367902e-12
2.7124023438e+02 8.1540153573e-12 2.5571748244e-12 5.5968405329e-12
2.7130126953e+02 8.1410460879e-12 2.5552428369e-12 5.5858032509e-12
2.7136230469e+02 8.1319538701e-12 2.5548515649e-12 5.5771023052e-12
2.7142333984e+02 8.1241219291e-12 2.5549093031e-12 5.5692126259e-12
2.7148437500e+02 8.1146398880e-12 2.5546589343e-12 5.5599809537e-12
2.7154541016e+02 8.1007073236e-12 2.5531107964e-12 5.5475965271e-12
2.7160644531e+02 8.0817175697e-12 2.5492756009e-12 5.5324419688e-12
2.7166748047e+02 8.0604916672e-12 2.5434235443e-12 5.5170681229e-12
2.7172851562e+02 8.0401219022e-12 2.5369815672e-12 5.5031403350e-12
2.7178955078e+02 8.0199013838e-12 2.5308048767e-12 5.4890965070e-12
2.7185058594e+02 7.9971912928e-12 2.5244992005e-12 5.4726920923e-12
2.7191162109e+02 7.9729045617e-12 2.5177931817e-12 5.4551113801e-12
2.7197265625e+02 7.9518791892e-12 2.5116841365e-12 5.4401950528e-12
2.7203369141e+02 7.9381766133e-12 2.5076505539e-12 5.4305260593e-12
2.7209472656e+02 7.9322506936e-12 2.5060601534e-12 5.4261905402e-12
2.7215576172e+02 7.9311414566e-12 2.5056626738e-12 5.4254787828e-12
2.7221679688e+02 7.9293258190e-12 2.5047229547e-12 5.4246028642e-12
2.7227783203e+02 7.9205696484e-12 2.5023576321e-12 5.4182120164e-12
2.7233886719e+02 7.9010178707e-12 2.4984400958e-12 5.4025777749e-12
2.7239990234e+02 7.8716177225e-12 2.4929340938e-12 5.3786836287e-12
2.7246093750e+02 7.8375342189e-12 2.4861864441e-12 5.3513477748e-12
2.7252197266e+02 7.8045921443e-12 2.4792777862e-12 5.3253143581e-12
2.7258300781e+02 7.7759423940e-12 2.4730026080e-12 5.3029397860e-12
2.7264404297e+02 7.7512871959e-12 2.4667176074e-12 5.2845695885e-12
2.7270507812e+02 7.7277974151e-12 2.4591344211e-12 5.2686629940e-12
2.7276611328e+02 7.7019822935e-12 2.4500787755e-12 5.2519035180e-12
2.7282714844e+02 7.6725264140e-12 2.4406946621e-12 5.2318317519e-12
2.7288818359e+02 7.6414041564e-12 2.4320993960e-12 5.2093047604e-12
2.7294921875e+02 7.6117785571e-12 2.4244936663e-12 5.1872848908e-12
2.7301025391e+02 7.5856557324e-12 2.4174336605e-12 5.1682220719e-12
2.7307128906e+02 7.5620175627e-12 2.4100473142e-12 5.1519702485e-12
2.7313232422e+02 7.5358829905e-12 2.4009990585e-12 5.1348839320e-12
2.7319335938e+02 7.5028274103e-12 2.3895770918e-12 5.1132503185e-12
2.7325439453e+02 7.4651967864e-12 2.3768492114e-12 5.0883475750e-12
2.7331542969e+02 7.4291812975e-12 2.3644759381e-12 5.0647053594e-12
2.7337646484e+02 7.3967028788e-12 2.3528896748e-12 5.0438132040e-12
2.7343750000e+02 7.3651595808e-12 2.3417294399e-12 5.0234301409e-12
2.7349853516e+02 7.3332658024e-12 2.3311242657e-12 5.0021415367e-12
2.7355957031e+02 7.3027837184e-12 2.3216832988e-12 4.9811004196e-12
2.7362060547e+02 7.2757783903e-12 2.3138618591e-12 4.9619165311e-12
2.7368164062e+02 7.2523030730e-12 2.3073805441e-12 4.9449225290e-12
2.7374267578e+02 7.2295540289e-12 2.3007683360e-12 4.9287856930e-12
2.7380371094e+02 7.2033589409e-12 2.2921867338e-12 4.9111722071e-12
2.7386474609e+02 7.1722811430e-12 2.2813498994e-12 4.8909312437e-12
2.7392578125e+02 7.1394539351e-12 2.2698756168e-12 4.8695783183e-12
2.7398681641e+02 7.1088860197e-12 2.2593510806e-12 4.8495349391e-12
2.7404785156e+02 7.0812605111e-12 2.2498647596e-12 4.8313957514e-12
2.7410888672e+02 7.0546069388e-12 2.2406381550e-12 4.8139687838e-12
2.7416992188e+02 7.0273402919e-12 2.2311898191e-12 4.7961504728e-12
2.7423095703e+02 6.9992138920e-12 2.2215814026e-12 4.7776324894e-12
2.7429199219e+02 6.9707273341e-12 2.2121233770e-12 4.7586039571e-12
2.7435302734e+02 6.9430213168e-12 2.2032447224e-12 4.7397765943e-12
2.7441406250e+02 6.9181138240e-12 2.1956722518e-12 4.7224415722e-12
2.7447509766e+02 6.8978895580e-12 2.1902093638e-12 4.7076801942e-12
2.7453613281e+02 6.8813934611e-12 2.1865861101e-12 4.6948073510e-12
2.7459716797e+02 6.8640639036e-12 2.1828263784e-12 4.6812375252e-12
2.7465820312e+02 6.8415903336e-12 2.1765925793e-12 4.6649977543e-12
2.7471923828e+02 6.8135964075e-12 2.1671672687e-12 4.6464291388e-12
2.7478027344e+02 6.7823965920e-12 2.1558083497e-12 4.6265882423e-12
2.7484130859e+02 6.7501932903e-12 2.1443955698e-12 4.6057977205e-12
2.7490234375e+02 6.7188362059e-12 2.1341040605e-12 4.5847321454e-12
2.7496337891e+02 6.6905897960e-12 2.1253352781e-12 4.5652545179e-12
2.7502441406e+02 6.6676800978e-12 2.1183727348e-12 4.5493073631e-12
2.7508544922e+02 6.6508659791e-12 2.1134024363e-12 4.5374635428e-12
2.7514648438e+02 6.6383754388e-12 2.1098615972e-12 4.5285138416e-12
2.7520751953e+02 6.6270920981e-12 2.1066141909e-12 4.5204779072e-12
2.7526855469e+02 6.6148973864e-12 2.1029284628e-12 4.5119689236e-12
2.7532958984e+02 6.6004629487e-12 2.0982409900e-12 4.5022219587e-12
2.7539062500e+02 6.5823702845e-12 2.0913719791e-12 4.4909983054e-12
2.7545166016e+02 6.5610937777e-12 2.0818059376e-12 4.4792878401e-12
2.7551269531e+02 6.5398603106e-12 2.0713829543e-12 4.4684773563e-12
2.7557373047e+02 6.5217681239e-12 2.0630765668e-12 4.4586915571e-12
2.7563476562e+02 6.5082444897e-12 2.0584890454e-12 4.4497554443e-12
2.7569580078e+02 6.5007581630e-12 2.0574804813e-12 4.4432776817e-12
2.7575683594e+02 6.5010534448e-12 2.0592800229e-12 4.4417734219e-12
2.7581787109e+02 6.5083219993e-12 2.0626267063e-12 4.4456952930e-12
2.7587890625e+02 6.5179266131e-12 2.0654469931e-12 4.4524796199e-12
2.7593994141e+02 6.5247223248e-12 2.0659497647e-12 4.4587725601e-12
2.7600097656e+02 6.5276891946e-12 2.0642888859e-12 4.4634003088e-12
2.7606201172e+02 6.5301215177e-12 2.0624336004e-12 4.4676879173e-12
2.7612304688e+02 6.5346655740e-12 2.0621023208e-12 4.4725632532e-12
2.7618408203e+02 6.5394695704e-12 2.0629661203e-12 4.4765034500e-12
2.7624511719e+02 6.5401217526e-12 2.0630334605e-12 4.4770882921e-12
2.7630615234e+02 6.5341924271e-12 2.0606972282e-12 4.4734951989e-12
2.7636718750e+02 6.5231845498e-12 2.0560836623e-12 4.4671008874e-12
2.7642822266e+02 6.5112790701e-12 2.0506292512e-12 4.4606498188e-12
2.7648925781e+02 6.5031490475e-12 2.0460484157e-12 4.4571006318e-12
2.7655029297e+02 6.5016178111e-12 2.0434632548e-12 4.4581545563e-12
2.7661132812e+02 6.5054045971e-12 2.0426138116e-12 4.4627907855e-12
2.7667236328e+02 6.5096729811e-12 2.0419843077e-12 4.4676886735e-12
2.7673339844e+02 6.5098307994e-12 2.0402014852e-12 4.4696293142e-12
2.7679443359e+02 6.5040693117e-12 2.0370581155e-12 4.4670111963e-12
2.7685546875e+02 6.4928168460e-12 2.0330998628e-12 4.4597169831e-12
2.7691650391e+02 6.4779313236e-12 2.0288970296e-12 4.4490342940e-12
2.7697753906e+02 6.4624856424e-12 2.0250239272e-12 4.4374617151e-12
2.7703857422e+02 6.4489468448e-12 2.0220755964e-12 4.4268712483e-12
2.7709960938e+02 6.4365057282e-12 2.0200586052e-12 4.4164471229e-12
2.7716064453e+02 6.4222143583e-12 2.0181656725e-12 4.4040486858e-12
2.7722167969e+02 6.4051407118e-12 2.0155327288e-12 4.3896079830e-12
2.7728271484e+02 6.3870411319e-12 2.0117874830e-12 4.3752536489e-12
2.7734375000e+02 6.3698259254e-12 2.0070609237e-12 4.3627650017e-12
2.7740478516e+02 6.3543481806e-12 2.0019403259e-12 4.3524078547e-12
2.7746582031e+02 6.3398122203e-12 1.9967992413e-12 4.3430129790e-12
2.7752685547e+02 6.3235520471e-12 1.9910221500e-12 4.3325298970e-12
2.7758789062e+02 6.3034623805e-12 1.9838015407e-12 4.3196608399e-12
2.7764892578e+02 6.2803761982e-12 1.9755874194e-12 4.3047887788e-12
2.7770996094e+02 6.2565709168e-12 1.9678307161e-12 4.2887402008e-12
2.7777099609e+02 6.2334840553e-12 1.9616863728e-12 4.2717976825e-12
2.7783203125e+02 6.2124449863e-12 1.9577349842e-12 4.2547100021e-12
2.7789306641e+02 6.1956591151e-12 1.9561155502e-12 4.2395435650e-12
2.7795410156e+02 6.1842123953e-12 1.9559288385e-12 4.2282835568e-12
2.7801513672e+02 6.1760410779e-12 1.9553126543e-12 4.2207284236e-12
2.7807617188e+02 6.1677356834e-12 1.9531126388e-12 4.2146230446e-12
2.7813720703e+02 6.1579020140e-12 1.9500057000e-12 4.2078963140e-12
2.7819824219e+02 6.1475351052e-12 1.9473449195e-12 4.2001901858e-12
2.7825927734e+02 6.1375898601e-12 1.9453655935e-12 4.1922242666e-12
2.7832031250e+02 6.1272071009e-12 1.9431710291e-12 4.1840360719e-12
2.7838134766e+02 6.1144653014e-12 1.9400565112e-12 4.1744087902e-12
2.7844238281e+02 6.0985117934e-12 1.9358499298e-12 4.1626618636e-12
2.7850341797e+02 6.0806492861e-12 1.9302498564e-12 4.1503994297e-12
2.7856445312e+02 6.0635369235e-12 1.9232123209e-12 4.1403246026e-12
2.7862548828e+02 6.0495296312e-12 1.9159909696e-12 4.1335386616e-12
2.7868652344e+02 6.0392542200e-12 1.9104981057e-12 4.1287561143e-12
2.7874755859e+02 6.0315478030e-12 1.9074084645e-12 4.1241393386e-12
2.7880859375e+02 6.0248443083e-12 1.9056121198e-12 4.1192321885e-12
2.7886962891e+02 6.0180018638e-12 1.9034604545e-12 4.1145414093e-12
2.7893066406e+02 6.0102751112e-12 1.9001138010e-12 4.1101613102e-12
2.7899169922e+02 6.0018787345e-12 1.8958725968e-12 4.1060061378e-12
2.7905273438e+02 5.9939981082e-12 1.8915881529e-12 4.1024099554e-12
2.7911376953e+02 5.9870731912e-12 1.8878418367e-12 4.0992313545e-12
2.7917480469e+02 5.9796874181e-12 1.8844882456e-12 4.0951991725e-12
2.7923583984e+02 5.9705085691e-12 1.8809805659e-12 4.0895280033e-12
2.7929687500e+02 5.9607954641e-12 1.8771938749e-12 4.0836015892e-12
2.7935791016e+02 5.9532641576e-12 1.8736307246e-12 4.0796334330e-12
2.7941894531e+02 5.9494140133e-12 1.8709340104e-12 4.0784800029e-12
2.7947998047e+02 5.9494450031e-12 1.8695767731e-12 4.0798682300e-12
2.7954101562e+02 5.9528516480e-12 1.8696314052e-12 4.0832202428e-12
2.7960205078e+02 5.9576610586e-12 1.8704577378e-12 4.0872033207e-12
2.7966308594e+02 5.9614583016e-12 1.8711467709e-12 4.0903115308e-12
2.7972412109e+02 5.9646813174e-12 1.8715794019e-12 4.0931019154e-12
2.7978515625e+02 5.9704162061e-12 1.8724076961e-12 4.0980085100e-12
2.7984619141e+02 5.9792562627e-12 1.8736357919e-12 4.1056204707e-12
2.7990722656e+02 5.9873669029e-12 1.8740449862e-12 4.1133219168e-12
2.7996826172e+02 5.9918574316e-12 1.8727812120e-12 4.1190762195e-12
2.8002929688e+02 5.9948157053e-12 1.8707889541e-12 4.1240267512e-12
2.8009033203e+02 5.9999508679e-12 1.8697657881e-12 4.1301850797e-12
2.8015136719e+02 6.0083925152e-12 1.8703171037e-12 4.1380754116e-12
2.8021240234e+02 6.0186322913e-12 1.8718066218e-12 4.1468256695e-12
2.8027343750e+02 6.0277774212e-12 1.8734763412e-12 4.1543010801e-12
2.8033447266e+02 6.0335421260e-12 1.8752797285e-12 4.1582623975e-12
2.8039550781e+02 6.0367440384e-12 1.8774803182e-12 4.1592637202e-12
2.8045654297e+02 6.0400612138e-12 1.8794657118e-12 4.1605955020e-12
2.8051757812e+02 6.0444970541e-12 1.8799786913e-12 4.1645183628e-12
2.8057861328e+02 6.0494652558e-12 1.8789387521e-12 4.1705265037e-12
2.8063964844e+02 6.0548136836e-12 1.8777183496e-12 4.1770953341e-12
2.8070068359e+02 6.0604887457e-12 1.8772140776e-12 4.1832746680e-12
2.8076171875e+02 6.0660001919e-12 1.8769876123e-12 4.1890125795e-12
2.8082275391e+02 6.0714262214e-12 1.8765533112e-12 4.1948729102e-12
2.8088378906e+02 6.0773633160e-12 1.8762578308e-12 4.2011054852e-12
2.8094482422e+02 6.0843119177e-12 1.8767171567e-12 4.2075947610e-12
2.8100585938e+02 6.0932864146e-12 1.8781701049e-12 4.2151163098e-12
2.8106689453e+02 6.1048647207e-12 1.8801072690e-12 4.2247574516e-12
2.8112792969e+02 6.1162279504e-12 1.8810077080e-12 4.2352202424e-12
2.8118896484e+02 6.1218358049e-12 1.8792272363e-12 4.2426085687e-12
2.8125000000e+02 6.1197753043e-12 1.8750105933e-12 4.2447647110e-12
2.8131103516e+02 6.1160396452e-12 1.8710161757e-12 4.2450234695e-12
2.8137207031e+02 6.1188988523e-12 1.8697758342e-12 4.2491230181e-12
2.8143310547e+02 6.1293982782e-12 1.8708878825e-12 4.2585103957e-12
2.8149414062e+02 6.1407966421e-12 1.8716847559e-12 4.2691118862e-12
2.8155517578e+02 6.1471355356e-12 1.8704566552e-12 4.2766788804e-12
2.8161621094e+02 6.1493573520e-12 1.8681035503e-12 4.2812538017e-12
2.8167724609e+02 6.1520922973e-12 1.8665534851e-12 4.2855388122e-12
2.8173828125e+02 6.1569814525e-12 1.8663087065e-12 4.2906727460e-12
2.8179931641e+02 6.1619575986e-12 1.8661785668e-12 4.2957790318e-12
2.8186035156e+02 6.1657989738e-12 1.8652376110e-12 4.3005613628e-12
2.8192138672e+02 6.1696962648e-12 1.8641399838e-12 4.3055562810e-12
2.8198242188e+02 6.1735448048e-12 1.8638411340e-12 4.3097036708e-12
2.8204345703e+02 6.1740530444e-12 1.8637490140e-12 4.3103040304e-12
2.8210449219e+02 6.1691382027e-12 1.8624721334e-12 4.3066660693e-12
2.8216552734e+02 6.1619903947e-12 1.8599630487e-12 4.3020273461e-12
2.8222656250e+02 6.1580219610e-12 1.8575073091e-12 4.3005146519e-12
2.8228759766e+02 6.1591357481e-12 1.8559844663e-12 4.3031512817e-12
2.8234863281e+02 6.1625373668e-12 1.8551340047e-12 4.3074033621e-12
2.8240966797e+02 6.1639663980e-12 1.8540977286e-12 4.3098686694e-12
2.8247070312e+02 6.1614484479e-12 1.8523082498e-12 4.3091401981e-12
2.8253173828e+02 6.1561153827e-12 1.8499776167e-12 4.3061377660e-12
2.8259277344e+02 6.1495388292e-12 1.8475002830e-12 4.3020385462e-12
2.8265380859e+02 6.1417441133e-12 1.8446880068e-12 4.2970561065e-12
2.8271484375e+02 6.1326262395e-12 1.8411867102e-12 4.2914395293e-12
2.8277587891e+02 6.1236579191e-12 1.8373913070e-12 4.2862666120e-12
2.8283691406e+02 6.1167199493e-12 1.8343362744e-12 4.2823836749e-12
2.8289794922e+02 6.1116874961e-12 1.8324484085e-12 4.2792390876e-12
2.8295898438e+02 6.1061403266e-12 1.8308104809e-12 4.2753298458e-12
2.8302001953e+02 6.0976521233e-12 1.8282469989e-12 4.2694051244e-12
2.8308105469e+02 6.0860084815e-12 1.8247838181e-12 4.2612246634e-12
2.8314208984e+02 6.0728002489e-12 1.8212709148e-12 4.2515293340e-12
2.8320312500e+02 6.0593679531e-12 1.8180507308e-12 4.2413172223e-12
2.8326416016e+02 6.0463083485e-12 1.8148633926e-12 4.2314449560e-12
2.8332519531e+02 6.0345369060e-12 1.8116800922e-12 4.2228568138e-12
2.8338623047e+02 6.0254173977e-12 1.8090605559e-12 4.2163568419e-12
2.8344726562e+02 6.0198202383e-12 1.8077601468e-12 4.2120600916e-12
2.8350830078e+02 6.0171157730e-12 1.8079101588e-12 4.2092056141e-12
2.8356933594e+02 6.0150738322e-12 1.8086736580e-12 4.2064001742e-12
2.8363037109e+02 6.0121247188e-12 1.8091638897e-12 4.2029608291e-12
2.8369140625e+02 6.0095161419e-12 1.8093766403e-12 4.2001395016e-12
2.8375244141e+02 6.0090671452e-12 1.8096458725e-12 4.1994212727e-12
2.8381347656e+02 6.0096936197e-12 1.8098616654e-12 4.1998319543e-12
2.8387451172e+02 6.0088543578e-12 1.8099677476e-12 4.1988866102e-12
2.8393554688e+02 6.0063555767e-12 1.8104806167e-12 4.1958749601e-12
2.8399658203e+02 6.0040568637e-12 1.8117235074e-12 4.1923333563e-12
2.8405761719e+02 6.0026195587e-12 1.8130304514e-12 4.1895891074e-12
2.8411865234e+02 6.0006949581e-12 1.8132200343e-12 4.1874749238e-12
2.8417968750e+02 5.9970137390e-12 1.8116714802e-12 4.1853422588e-12
2.8424072266e+02 5.9921985372e-12 1.8088847312e-12 4.1833138060e-12
2.8430175781e+02 5.9884373915e-12 1.8062011761e-12 4.1822362154e-12
2.8436279297e+02 5.9874753593e-12 1.8050040837e-12 4.1824712756e-12
2.8442382812e+02 5.9889264450e-12 1.8058835081e-12 4.1830429369e-12
2.8448486328e+02 5.9905436848e-12 1.8082520356e-12 4.1822916493e-12
2.8454589844e+02 5.9901029064e-12 1.8108203631e-12 4.1792825434e-12
2.8460693359e+02 5.9867662170e-12 1.8124634111e-12 4.1743028059e-12
2.8466796875e+02 5.9810839848e-12 1.8127517883e-12 4.1683321966e-12
2.8472900391e+02 5.9743863665e-12 1.8119650339e-12 4.1624213326e-12
2.8479003906e+02 5.9675306908e-12 1.8104525542e-12 4.1570781367e-12
2.8485107422e+02 5.9605711330e-12 1.8082999736e-12 4.1522711594e-12
2.8491210938e+02 5.9544782104e-12 1.8061674425e-12 4.1483107679e-12
2.8497314453e+02 5.9512462167e-12 1.8054336942e-12 4.1458125225e-12
2.8503417969e+02 5.9514726513e-12 1.8066891925e-12 4.1447834587e-12
2.8509521484e+02 5.9539387701e-12 1.8090664259e-12 4.1448723441e-12
2.8515625000e+02 5.9571096930e-12 1.8113191666e-12 4.1457905264e-12
2.8521728516e+02 5.9591700486e-12 1.8126987363e-12 4.1464713123e-12
2.8527832031e+02 5.9582161509e-12 1.8130604768e-12 4.1451556741e-12
2.8533935547e+02 5.9542613322e-12 1.8129818930e-12 4.1412794392e-12
2.8540039062e+02 5.9497122835e-12 1.8135240507e-12 4.1361882327e-12
2.8546142578e+02 5.9470221452e-12 1.8152855885e-12 4.1317365566e-12
2.8552246094e+02 5.9470603172e-12 1.8178595913e-12 4.1292007259e-12
2.8558349609e+02 5.9491746321e-12 1.8202826874e-12 4.1288919447e-12
2.8564453125e+02 5.9514601165e-12 1.8217567824e-12 4.1297033340e-12
2.8570556641e+02 5.9522161907e-12 1.8221948747e-12 4.1300213159e-12
2.8576660156e+02 5.9516994704e-12 1.8223145520e-12 4.1293849185e-12
2.8582763672e+02 5.9512274145e-12 1.8230622777e-12 4.1281651368e-12
2.8588867188e+02 5.9513121067e-12 1.8248901953e-12 4.1264219114e-12
2.8594970703e+02 5.9516672928e-12 1.8273937207e-12 4.1242735721e-12
2.8601074219e+02 5.9520021969e-12 1.8295151864e-12 4.1224870106e-12
2.8607177734e+02 5.9522729078e-12 1.8304092466e-12 4.1218636612e-12
2.8613281250e+02 5.9526648618e-12 1.8301434724e-12 4.1225213893e-12
2.8619384766e+02 5.9534173642e-12 1.8293876841e-12 4.1240296801e-12
2.8625488281e+02 5.9544553971e-12 1.8286376774e-12 4.1258177197e-12
2.8631591797e+02 5.9550379322e-12 1.8277456693e-12 4.1272922629e-12
2.8637695312e+02 5.9542096088e-12 1.8262015218e-12 4.1280080870e-12
2.8643798828e+02 5.9522425944e-12 1.8241957402e-12 4.1280468542e-12
2.8649902344e+02 5.9507250054e-12 1.8228918049e-12 4.1278332004e-12
2.8656005859e+02 5.9506491681e-12 1.8230423950e-12 4.1276067731e-12
2.8662109375e+02 5.9517331107e-12 1.8240376751e-12 4.1276954356e-12
2.8668212891e+02 5.9534583364e-12 1.8246644755e-12 4.1287938609e-12
2.8674316406e+02 5.9553785745e-12 1.8240941132e-12 4.1312844613e-12
2.8680419922e+02 5.9568769429e-12 1.8221357100e-12 4.1347412330e-12
2.8686523438e+02 5.9574913119e-12 1.8192046097e-12 4.1382867022e-12
2.8692626953e+02 5.9572628221e-12 1.8162275200e-12 4.1410353021e-12
2.8698730469e+02 5.9564854294e-12 1.8142532760e-12 4.1422321534e-12
2.8704833984e+02 5.9552228307e-12 1.8137074902e-12 4.1415153405e-12
2.8710937500e+02 5.9535033513e-12 1.8140703029e-12 4.1394330484e-12
2.8717041016e+02 5.9521205054e-12 1.8146793811e-12 4.1374411243e-12
2.8723144531e+02 5.9522181637e-12 1.8154989488e-12 4.1367192149e-12
2.8729248047e+02 5.9529139927e-12 1.8164656462e-12 4.1364483465e-12
2.8735351562e+02 5.9505849280e-12 1.8166794761e-12 4.1339054519e-12
2.8741455078e+02 5.9425902687e-12 1.8152005021e-12 4.1273897665e-12
2.8747558594e+02 5.9304474805e-12 1.8121923441e-12 4.1182551364e-12
2.8753662109e+02 5.9177103597e-12 1.8085604207e-12 4.1091499390e-12
2.8759765625e+02 5.9063450336e-12 1.8049168921e-12 4.1014281415e-12
2.8765869141e+02 5.8961945673e-12 1.8014607053e-12 4.0947338620e-12
2.8771972656e+02 5.8864233643e-12 1.7985433282e-12 4.0878800361e-12
2.8778076172e+02 5.8761722024e-12 1.7965527775e-12 4.0796194248e-12
2.8784179688e+02 5.8643943064e-12 1.7951035165e-12 4.0692907898e-12
2.8790283203e+02 5.8508190819e-12 1.7932444721e-12 4.0575746098e-12
2.8796386719e+02 5.8371955176e-12 1.7907554705e-12 4.0464400471e-12
2.8802490234e+02 5.8261764164e-12 1.7884329483e-12 4.0377434680e-12
2.8808593750e+02 5.8192234449e-12 1.7869839448e-12 4.0322395001e-12
2.8814697266e+02 5.8155042311e-12 1.7860780492e-12 4.0294261819e-12
2.8820800781e+02 5.8117446977e-12 1.7845894106e-12 4.0271552871e-12
2.8826904297e+02 5.8045812714e-12 1.7819242430e-12 4.0226570283e-12
2.8833007812e+02 5.7940560311e-12 1.7788163618e-12 4.0152396693e-12
2.8839111328e+02 5.7833370701e-12 1.7762966788e-12 4.0070403913e-12
2.8845214844e+02 5.7751779971e-12 1.7743891481e-12 4.0007888491e-12
2.8851318359e+02 5.7695839574e-12 1.7724166297e-12 3.9971673278e-12
2.8857421875e+02 5.7643996808e-12 1.7701049080e-12 3.9942947728e-12
2.8863525391e+02 5.7583514009e-12 1.7679968963e-12 3.9903545046e-12
2.8869628906e+02 5.7532927595e-12 1.7669630328e-12 3.9863297266e-12
2.8875732422e+02 5.7519166008e-12 1.7672654250e-12 3.9846511758e-12
2.8881835938e+02 5.7539074457e-12 1.7681608627e-12 3.9857465830e-12
2.8887939453e+02 5.7560908545e-12 1.7685401484e-12 3.9875507061e-12
2.8894042969e+02 5.7559445272e-12 1.7677385791e-12 3.9882059481e-12
2.8900146484e+02 5.7539531952e-12 1.7658905429e-12 3.9880626524e-12
2.8906250000e+02 5.7525933000e-12 1.7638594380e-12 3.9887338620e-12
2.8912353516e+02 5.7541125565e-12 1.7626497985e-12 3.9914627579e-12
2.8918457031e+02 5.7600247322e-12 1.7627759754e-12 3.9972487567e-12
2.8924560547e+02 5.7709053508e-12 1.7641602952e-12 4.0067450556e-12
2.8930664062e+02 5.7844007923e-12 1.7661143796e-12 4.0182864127e-12
2.8936767578e+02 5.7947999499e-12 1.7673534196e-12 4.0274465304e-12
2.8942871094e+02 5.7977808680e-12 1.7669214959e-12 4.0308593721e-12
2.8948974609e+02 5.7956019525e-12 1.7652984999e-12 4.0303034526e-12
2.8955078125e+02 5.7951486814e-12 1.7637807766e-12 4.0313679048e-12
2.8961181641e+02 5.8005643663e-12 1.7628667546e-12 4.0376976117e-12
2.8967285156e+02 5.8095264596e-12 1.7620416029e-12 4.0474848567e-12
2.8973388672e+02 5.8173333687e-12 1.7611173914e-12 4.0562159773e-12
2.8979492188e+02 5.8227422139e-12 1.7611600884e-12 4.0615821255e-12
2.8985595703e+02 5.8276466281e-12 1.7634039296e-12 4.0642426985e-12
2.8991699219e+02 5.8323895208e-12 1.7671743104e-12 4.0652152104e-12
2.8997802734e+02 5.8346737637e-12 1.7699952150e-12 4.0646785487e-12
2.9003906250e+02 5.8332388935e-12 1.7703484366e-12 4.0628904569e-12
2.9010009766e+02 5.8297299294e-12 1.7691464809e-12 4.0605834485e-12
2.9016113281e+02 5.8261399507e-12 1.7680306664e-12 4.0581092844e-12
2.9022216797e+02 5.8225186218e-12 1.7676019346e-12 4.0549166872e-12
2.9028320312e+02 5.8173407380e-12 1.7675329447e-12 4.0498077933e-12
2.9034423828e+02 5.8087222400e-12 1.7671647196e-12 4.0415575204e-12
2.9040527344e+02 5.7958884307e-12 1.7658378749e-12 4.0300505557e-12
2.9046630859e+02 5.7799146896e-12 1.7632042190e-12 4.0167104706e-12
2.9052734375e+02 5.7626945811e-12 1.7594190855e-12 4.0032754956e-12
2.9058837891e+02 5.7460246540e-12 1.7551494505e-12 3.9908752035e-12
2.9064941406e+02 5.7310832653e-12 1.7510817137e-12 3.9800015516e-12
2.9071044922e+02 5.7167912714e-12 1.7470984571e-12 3.9696928142e-12
2.9077148438e+02 5.6998173777e-12 1.7424352337e-12 3.9573821440e-12
2.9083251953e+02 5.6784834591e-12 1.7369226318e-12 3.9415608272e-12
2.9089355469e+02 5.6555886657e-12 1.7315622038e-12 3.9240264619e-12
2.9095458984e+02 5.6352650056e-12 1.7274788201e-12 3.9077861855e-12
2.9101562500e+02 5.6179278164e-12 1.7244914343e-12 3.8934363821e-12
2.9107666016e+02 5.6010064900e-12 1.7214843835e-12 3.8795221065e-12
2.9113769531e+02 5.5839137178e-12 1.7182557169e-12 3.8656580009e-12
2.9119873047e+02 5.5686261683e-12 1.7157226239e-12 3.8529035444e-12
2.9125976562e+02 5.5559153257e-12 1.7141783814e-12 3.8417369442e-12
2.9132080078e+02 5.5441727792e-12 1.7126758692e-12 3.8314969100e-12
2.9138183594e+02 5.5311196460e-12 1.7101566003e-12 3.8209630457e-12
2.9144287109e+02 5.5153132014e-12 1.7064038928e-12 3.8089093086e-12
2.9150390625e+02 5.4974859288e-12 1.7020471483e-12 3.7954387806e-12
2.9156494141e+02 5.4804534697e-12 1.6978966228e-12 3.7825568469e-12
2.9162597656e+02 5.4661106695e-12 1.6941845873e-12 3.7719260822e-12
2.9168701172e+02 5.4528515462e-12 1.6904344401e-12 3.7624171061e-12
2.9174804688e+02 5.4368647629e-12 1.6858726678e-12 3.7509920951e-12
2.9180908203e+02 5.4159344594e-12 1.6800623811e-12 3.7358720783e-12
2.9187011719e+02 5.3921033715e-12 1.6736267162e-12 3.7184766553e-12
2.9193115234e+02 5.3705692745e-12 1.6681592926e-12 3.7024099820e-12
2.9199218750e+02 5.3552684044e-12 1.6648003373e-12 3.6904680671e-12
2.9205322266e+02 5.3452987235e-12 1.6628882836e-12 3.6824104399e-12
2.9211425781e+02 5.3362477412e-12 1.6605110183e-12 3.6757367229e-12
2.9217529297e+02 5.3247904467e-12 1.6565664651e-12 3.6682239816e-12
2.9223632812e+02 5.3106658346e-12 1.6517847864e-12 3.6588810481e-12
2.9229736328e+02 5.2947263880e-12 1.6475286528e-12 3.6471977351e-12
2.9235839844e+02 5.2777499491e-12 1.6443561587e-12 3.6333937904e-12
2.9241943359e+02 5.2614234957e-12 1.6421626567e-12 3.6192608391e-12
2.9248046875e+02 5.2479283228e-12 1.6409348088e-12 3.6069935140e-12
2.9254150391e+02 5.2377026518e-12 1.6406286211e-12 3.5970740307e-12
2.9260253906e+02 5.2289786358e-12 1.6406075585e-12 3.5883710773e-12
2.9266357422e+02 5.2198752511e-12 1.6397998925e-12 3.5800753586e-12
2.9272460938e+02 5.2099184573e-12 1.6375033050e-12 3.5724151523e-12
2.9278564453e+02 5.1992302701e-12 1.6338425094e-12 3.5653877607e-12
2.9284667969e+02 5.1873587331e-12 1.6294863680e-12 3.5578723652e-12
2.9290771484e+02 5.1741108115e-12 1.6252871575e-12 3.5488236540e-12
2.9296875000e+02 5.1612018967e-12 1.6221942330e-12 3.5390076637e-12
2.9302978516e+02 5.1519182860e-12 1.6209341503e-12 3.5309841357e-12
2.9309082031e+02 5.1488494795e-12 1.6215148194e-12 3.5273346600e-12
2.9315185547e+02 5.1519602174e-12 1.6232701220e-12 3.5286900954e-12
2.9321289062e+02 5.1585642484e-12 1.6253981528e-12 3.5331660956e-12
2.9327392578e+02 5.1651066207e-12 1.6273426621e-12 3.5377639586e-12
2.9333496094e+02 5.1691819571e-12 1.6288234302e-12 3.5403585269e-12
2.9339599609e+02 5.1702471986e-12 1.6296947794e-12 3.5405524191e-12
2.9345703125e+02 5.1687639654e-12 1.6298135912e-12 3.5389503741e-12
2.9351806641e+02 5.1649581109e-12 1.6291295810e-12 3.5358285299e-12
2.9357910156e+02 5.1590257066e-12 1.6278809874e-12 3.5311447193e-12
2.9364013672e+02 5.1521889950e-12 1.6264583667e-12 3.5257306282e-12
2.9370117188e+02 5.1460778832e-12 1.6250637253e-12 3.5210141579e-12
2.9376220703e+02 5.1412007370e-12 1.6237496616e-12 3.5174510754e-12
2.9382324219e+02 5.1374652456e-12 1.6226779125e-12 3.5147873331e-12
2.9388427734e+02 5.1354557960e-12 1.6219252645e-12 3.5135305315e-12
2.9394531250e+02 5.1352723642e-12 1.6211474408e-12 3.5141249234e-12
2.9400634766e+02 5.1350421494e-12 1.6199273891e-12 3.5151147603e-12
2.9406738281e+02 5.1324374323e-12 1.6183972660e-12 3.5140401663e-12
2.9412841797e+02 5.1269115841e-12 1.6170689368e-12 3.5098426473e-12
2.9418945312e+02 5.1197490013e-12 1.6160761622e-12 3.5036728391e-12
2.9425048828e+02 5.1131144346e-12 1.6150872980e-12 3.4980271367e-12
2.9431152344e+02 5.1089741398e-12 1.6140534924e-12 3.4949206474e-12
2.9437255859e+02 5.1071377658e-12 1.6133198843e-12 3.4938178815e-12
2.9443359375e+02 5.1042096525e-12 1.6126074257e-12 3.4916022268e-12
2.9449462891e+02 5.0963125984e-12 1.6106987200e-12 3.4856138784e-12
2.9455566406e+02 5.0831917211e-12 1.6067648315e-12 3.4764268896e-12
2.9461669922e+02 5.0685342253e-12 1.6015499946e-12 3.4669842307e-12
2.9467773438e+02 5.0565219844e-12 1.5967758479e-12 3.4597461365e-12
2.9473876953e+02 5.0483628669e-12 1.5933507054e-12 3.4550121614e-12
2.9479980469e+02 5.0417583831e-12 1.5905521681e-12 3.4512062151e-12
2.9486083984e+02 5.0337826041e-12 1.5872771692e-12 3.4465054349e-12
2.9492187500e+02 5.0234401202e-12 1.5834011448e-12 3.4400389754e-12
2.9498291016e+02 5.0107536591e-12 1.5793689666e-12 3.4313846925e-12
2.9504394531e+02 4.9954501818e-12 1.5753441339e-12 3.4201060479e-12
2.9510498047e+02 4.9783086750e-12 1.5713992596e-12 3.4069094154e-12
2.9516601562e+02 4.9617993962e-12 1.5676594824e-12 3.3941399137e-12
2.9522705078e+02 4.9473553109e-12 1.5637775723e-12 3.3835777386e-12
2.9528808594e+02 4.9336708368e-12 1.5591935692e-12 3.3744772676e-12
2.9534912109e+02 4.9191587874e-12 1.5541559958e-12 3.3650027916e-12
2.9541015625e+02 4.9041614266e-12 1.5494221500e-12 3.3547392765e-12
2.9547119141e+02 4.8896544236e-12 1.5448848327e-12 3.3447695909e-12
2.9553222656e+02 4.8753554865e-12 1.5395914847e-12 3.3357640018e-12
2.9559326172e+02 4.8599308940e-12 1.5331101318e-12 3.3268207622e-12
2.9565429688e+02 4.8426244478e-12 1.5260535820e-12 3.3165708658e-12
2.9571533203e+02 4.8239912669e-12 1.5192507458e-12 3.3047405211e-12
2.9577636719e+02 4.8045665443e-12 1.5129027986e-12 3.2916637457e-12
2.9583740234e+02 4.7837392258e-12 1.5066879109e-12 3.2770513149e-12
2.9589843750e+02 4.7608662385e-12 1.5003610322e-12 3.2605052063e-12
2.9595947266e+02 4.7365877029e-12 1.4939472749e-12 3.2426404280e-12
2.9602050781e+02 4.7121378686e-12 1.4875476479e-12 3.2245902206e-12
2.9608154297e+02 4.6880822062e-12 1.4812808197e-12 3.2068013865e-12
2.9614257812e+02 4.6644358014e-12 1.4752486915e-12 3.1891871099e-12
2.9620361328e+02 4.6410498446e-12 1.4691959300e-12 3.1718539146e-12
2.9626464844e+02 4.6172656597e-12 1.4624647282e-12 3.1548009316e-12
2.9632568359e+02 4.5927792239e-12 1.4548843214e-12 3.1378949025e-12
2.9638671875e+02 4.5688318275e-12 1.4473305726e-12 3.1215012548e-12
2.9644775391e+02 4.5462958147e-12 1.4406491379e-12 3.1056466768e-12
2.9650878906e+02 4.5237210647e-12 1.4345693513e-12 3.0891517135e-12
2.9656982422e+02 4.4999519452e-12 1.4284290193e-12 3.0715229258e-12
2.9663085938e+02 4.4770623654e-12 1.4223084361e-12 3.0547539292e-12
2.9669189453e+02 4.4581373905e-12 1.4167368059e-12 3.0414005846e-12
2.9675292969e+02 4.4434344095e-12 1.4118504276e-12 3.0315839820e-12
2.9681396484e+02 4.4307293832e-12 1.4074598840e-12 3.0232694992e-12
2.9687500000e+02 4.4184152416e-12 1.4036065463e-12 3.0148086952e-12
2.9693603516e+02 4.4064214581e-12 1.4005087025e-12 3.0059127557e-12
2.9699707031e+02 4.3948255580e-12 1.3979660895e-12 2.9968594685e-12
2.9705810547e+02 4.3833512753e-12 1.3951772807e-12 2.9881739946e-12
2.9711914062e+02 4.3721171939e-12 1.3914157586e-12 2.9807014352e-12
2.9718017578e+02 4.3615697654e-12 1.3867816977e-12 2.9747880677e-12
2.9724121094e+02 4.3513306335e-12 1.3819727594e-12 2.9693578742e-12
2.9730224609e+02 4.3403554399e-12 1.3775591615e-12 2.9627962784e-12
2.9736328125e+02 4.3289359773e-12 1.3739054614e-12 2.9550305158e-12
2.9742431641e+02 4.3193756139e-12 1.3713741391e-12 2.9480014748e-12
2.9748535156e+02 4.3136999787e-12 1.3699530611e-12 2.9437469176e-12
2.9754638672e+02 4.3109236019e-12 1.3688189946e-12 2.9421046073e-12
2.9760742188e+02 4.3072791148e-12 1.3668583477e-12 2.9404207671e-12
2.9766845703e+02 4.2997439375e-12 1.3637352797e-12 2.9360086578e-12
2.9772949219e+02 4.2890396779e-12 1.3600710319e-12 2.9289686460e-12
2.9779052734e+02 4.2783375791e-12 1.3565872645e-12 2.9217503146e-12
2.9785156250e+02 4.2693672294e-12 1.3534576105e-12 2.9159096188e-12
2.9791259766e+02 4.2610402852e-12 1.3504378158e-12 2.9106024694e-12
2.9797363281e+02 4.2518320846e-12 1.3473176067e-12 2.9045144779e-12
2.9803466797e+02 4.2419635773e-12 1.3442292467e-12 2.8977343306e-12
2.9809570312e+02 4.2325786448e-12 1.3414914669e-12 2.8910871779e-12
2.9815673828e+02 4.2237188018e-12 1.3390079293e-12 2.8847108725e-12
2.9821777344e+02 4.2136617217e-12 1.3360461000e-12 2.8776156217e-12
2.9827880859e+02 4.2002178719e-12 1.3320353042e-12 2.8681825676e-12
2.9833984375e+02 4.1832313980e-12 1.3274980419e-12 2.8557333560e-12
2.9840087891e+02 4.1657003543e-12 1.3236781664e-12 2.8420221879e-12
2.9846191406e+02 4.1511076386e-12 1.3210959757e-12 2.8300116630e-12
2.9852294922e+02 4.1395925659e-12 1.3189327670e-12 2.8206597990e-12
2.9858398438e+02 4.1279936739e-12 1.3160141230e-12 2.8119795510e-12
2.9864501953e+02 4.1134639117e-12 1.3118874740e-12 2.8015764376e-12
2.9870605469e+02 4.0963735254e-12 1.3069621745e-12 2.7894113509e-12
2.9876708984e+02 4.0798204827e-12 1.3021828209e-12 2.7776376618e-12
2.9882812500e+02 4.0658181518e-12 1.2983329480e-12 2.7674852038e-12
2.9888916016e+02 4.0523638153e-12 1.2952235877e-12 2.7571402276e-12
2.9895019531e+02 4.0359398726e-12 1.2918885857e-12 2.7440512869e-12
2.9901123047e+02 4.0158763495e-12 1.2875487850e-12 2.7283275645e-12
2.9907226562e+02 3.9940033373e-12 1.2819753328e-12 2.7120280045e-12
2.9913330078e+02 3.9716214400e-12 1.2754011390e-12 2.6962203010e-12
2.9919433594e+02 3.9491301878e-12 1.2685283526e-12 2.6806018352e-12
2.9925537109e+02 3.9268710274e-12 1.2620369821e-12 2.6648340453e-12
2.9931640625e+02 3.9046474308e-12 1.2559310680e-12 2.6487163629e-12
2.9937744141e+02 3.8816739730e-12 1.2498146752e-12 2.6318592978e-12
2.9943847656e+02 3.8575624861e-12 1.2435423336e-12 2.6140201525e-12
2.9949951172e+02 3.8330461824e-12 1.2372732427e-12 2.5957729397e-12
2.9956054688e+02 3.8095246703e-12 1.2311148506e-12 2.5784098196e-12
2.9962158203e+02 3.7873157490e-12 1.2248439444e-12 2.5624718046e-12
2.9968261719e+02 3.7651455125e-12 1.2180679694e-12 2.5470775431e-12
2.9974365234e+02 3.7422867770e-12 1.2107647437e-12 2.5315220333e-12
2.9980468750e+02 3.7200080473e-12 1.2035641798e-12 2.5164438675e-12
2.9986572266e+02 3.7000023016e-12 1.1973229454e-12 2.5026793562e-12
2.9992675781e+02 3.6820796558e-12 1.1921913376e-12 2.4898883183e-12
2.9998779297e+02 3.6643317220e-12 1.1872363613e-12 2.4770953606e-12
3.0004882812e+02 3.6455311680e-12 1.1814873617e-12 2.4640438063e-12
3.0010986328e+02 3.6261215370e-12 1.1752023302e-12 2.4509192067e-12
3.0017089844e+02 3.6065354756e-12 1.1694548239e-12 2.4370806517e-12
3.0023193359e+02 3.5858013211e-12 1.1644684015e-12 2.4213329196e-12
3.0029296875e+02 3.5624984476e-12 1.1590680680e-12 2.4034303796e-12
3.0035400391e+02 3.5364648165e-12 1.1520442703e-12 2.3844205461e-12
3.0041503906e+02 3.5091311242e-12 1.1435524155e-12 2.3655787087e-12
3.0047607422e+02 3.4828964341e-12 1.1349654812e-12 2.3479309530e-12
3.0053710938e+02 3.4602534781e-12 1.1276341441e-12 2.3326193340e-12
3.0059814453e+02 3.4424567360e-12 1.1218925983e-12 2.3205641376e-12
3.0065917969e+02 3.4288282013e-12 1.1171705909e-12 2.3116576104e-12
3.0072021484e+02 3.4177282756e-12 1.1128619154e-12 2.3048663602e-12
3.0078125000e+02 3.4076106294e-12 1.1088003809e-12 2.2988102485e-12
3.0084228516e+02 3.3966287469e-12 1.1049280464e-12 2.2917007005e-12
3.0090332031e+02 3.3825223651e-12 1.1009719332e-12 2.2815504319e-12
3.0096435547e+02 3.3644939876e-12 1.0966543341e-12 2.2678396536e-12
3.0102539062e+02 3.3445473638e-12 1.0918394969e-12 2.2527078669e-12
3.0108642578e+02 3.3257664089e-12 1.0864804122e-12 2.2392859968e-12
3.0114746094e+02 3.3100222113e-12 1.0809812586e-12 2.2290409526e-12
3.0120849609e+02 3.2978450561e-12 1.0763959430e-12 2.2214491131e-12
3.0126953125e+02 3.2891634531e-12 1.0735270619e-12 2.2156363912e-12
3.0133056641e+02 3.2832640772e-12 1.0719869409e-12 2.2112771363e-12
3.0139160156e+02 3.2784606586e-12 1.0706555488e-12 2.2078051097e-12
3.0145263672e+02 3.2728380172e-12 1.0689135243e-12 2.2039244929e-12
3.0151367188e+02 3.2661787771e-12 1.0671243649e-12 2.1990544122e-12
3.0157470703e+02 3.2603521020e-12 1.0658986012e-12 2.1944535008e-12
3.0163574219e+02 3.2568290188e-12 1.0652064741e-12 2.1916225447e-12
3.0169677734e+02 3.2550970115e-12 1.0645975917e-12 2.1904994198e-12
3.0175781250e+02 3.2541182368e-12 1.0639284978e-12 2.1901897390e-12
3.0181884766e+02 3.2533721042e-12 1.0632409151e-12 2.1901311891e-12
3.0187988281e+02 3.2524031112e-12 1.0623453379e-12 2.1900577733e-12
3.0194091797e+02 3.2511807287e-12 1.0611048152e-12 2.1900759135e-12
3.0200195312e+02 3.2501674072e-12 1.0596672757e-12 2.1905001315e-12
3.0206298828e+02 3.2493745534e-12 1.0582315784e-12 2.1911429750e-12
3.0212402344e+02 3.2488787519e-12 1.0570598568e-12 2.1918188951e-12
3.0218505859e+02 3.2497599620e-12 1.0564954479e-12 2.1932645141e-12
3.0224609375e+02 3.2526905110e-12 1.0564906933e-12 2.1961998176e-12
3.0230712891e+02 3.2566545437e-12 1.0564402958e-12 2.2002142479e-12
3.0236816406e+02 3.2604864761e-12 1.0558571650e-12 2.2046293110e-12
3.0242919922e+02 3.2642310376e-12 1.0549998914e-12 2.2092311462e-12
3.0249023438e+02 3.2679845808e-12 1.0545404898e-12 2.2134440910e-12
3.0255126953e+02 3.2708165216e-12 1.0546040289e-12 2.2162124927e-12
3.0261230469e+02 3.2719882046e-12 1.0545627682e-12 2.2174254364e-12
3.0267333984e+02 3.2726954074e-12 1.0541215843e-12 2.2185738231e-12
3.0273437500e+02 3.2753675183e-12 1.0539559998e-12 2.2214115184e-12
3.0279541016e+02 3.2808557927e-12 1.0546602463e-12 2.2261955465e-12
3.0285644531e+02 3.2871271727e-12 1.0557638549e-12 2.2313633179e-12
3.0291748047e+02 3.2912520223e-12 1.0564043064e-12 2.2348477160e-12
3.0297851562e+02 3.2924667700e-12 1.0564665785e-12 2.2360001915e-12
3.0303955078e+02 3.2929640971e-12 1.0565541400e-12 2.2364099571e-12
3.0310058594e+02 3.2954265975e-12 1.0569946277e-12 2.2384319699e-12
3.0316162109e+02 3.3001686874e-12 1.0573625329e-12 2.2428061544e-12
3.0322265625e+02 3.3049171461e-12 1.0570500321e-12 2.2478671140e-12
3.0328369141e+02 3.3068812834e-12 1.0558672029e-12 2.2510140804e-12
3.0334472656e+02 3.3053310204e-12 1.0541253832e-12 2.2512056371e-12
3.0340576172e+02 3.3022504658e-12 1.0524129379e-12 2.2498375279e-12
3.0346679688e+02 3.2995566122e-12 1.0510540078e-12 2.2485026044e-12
3.0352783203e+02 3.2962595183e-12 1.0496570504e-12 2.2466024680e-12
3.0358886719e+02 3.2895628320e-12 1.0473333440e-12 2.2422294880e-12
3.0364990234e+02 3.2781382399e-12 1.0434149472e-12 2.2347232926e-12
3.0371093750e+02 3.2635777802e-12 1.0381253116e-12 2.2254524686e-12
3.0377197266e+02 3.2492698708e-12 1.0326303632e-12 2.2166395076e-12
3.0383300781e+02 3.2380943958e-12 1.0282596839e-12 2.2098347119e-12
3.0389404297e+02 3.2304989341e-12 1.0256753947e-12 2.2048235394e-12
3.0395507812e+02 3.2247457499e-12 1.0247376730e-12 2.2000080769e-12
3.0401611328e+02 3.2190697673e-12 1.0247060661e-12 2.1943637013e-12
3.0407714844e+02 3.2128285615e-12 1.0245013203e-12 2.1883272413e-12
3.0413818359e+02 3.2058297545e-12 1.0233345118e-12 2.1824952426e-12
3.0419921875e+02 3.1983301089e-12 1.0214247600e-12 2.1769053489e-12
3.0426025391e+02 3.1917574586e-12 1.0199026273e-12 2.1718548312e-12
3.0432128906e+02 3.1875571913e-12 1.0196364779e-12 2.1679207134e-12
3.0438232422e+02 3.1851538012e-12 1.0201836876e-12 2.1649701135e-12
3.0444335938e+02 3.1820973834e-12 1.0201800362e-12 2.1619173472e-12
3.0450439453e+02 3.1762009771e-12 1.0186632269e-12 2.1575377503e-12
3.0456542969e+02 3.1671610027e-12 1.0157619465e-12 2.1513990562e-12
3.0462646484e+02 3.1563880587e-12 1.0122481542e-12 2.1441399045e-12
3.0468750000e+02 3.1460771886e-12 1.0088423277e-12 2.1372348609e-12
3.0474853516e+02 3.1381752884e-12 1.0059688338e-12 2.1322064546e-12
3.0480957031e+02 3.1328260391e-12 1.0037081738e-12 2.1291178653e-12
3.0487060547e+02 3.1278795203e-12 1.0017631018e-12 2.1261164185e-12
3.0493164062e+02 3.1208209388e-12 9.9960144072e-13 2.1212194981e-12
3.0499267578e+02 3.1110199554e-12 9.9676349494e-13 2.1142564604e-12
3.0505371094e+02 3.1002748143e-12 9.9330106707e-13 2.1069737473e-12
3.0511474609e+02 3.0915480259e-12 9.8993915715e-13 2.1016088687e-12
3.0517578125e+02 3.0868048695e-12 9.8749087304e-13 2.0993139965e-12
3.0523681641e+02 3.0858045330e-12 9.8615864842e-13 2.0996458845e-12
3.0529785156e+02 3.0865358714e-12 9.8550727519e-13 2.1010285963e-12
3.0535888672e+02 3.0864935177e-12 9.8492706605e-13 2.1015664516e-12
3.0541992188e+02 3.0844103279e-12 9.8415713396e-13 2.1002531940e-12
3.0548095703e+02 3.0813583236e-12 9.8350597261e-13 2.0978523509e-12
3.0554199219e+02 3.0796680492e-12 9.8349174398e-13 2.0961763053e-12
3.0560302734e+02 3.0806001538e-12 9.8425026642e-13 2.0963498874e-12
3.0566406250e+02 3.0830425707e-12 9.8528880844e-13 2.0977537622e-12
3.0572509766e+02 3.0843020621e-12 9.8575253118e-13 2.0985495309e-12
3.0578613281e+02 3.0824827522e-12 9.8504466744e-13 2.0974380848e-12
3.0584716797e+02 3.0782310920e-12 9.8334189648e-13 2.0948891955e-12
3.0590820312e+02 3.0740345482e-12 9.8152921600e-13 2.0925053322e-12
3.0596923828e+02 3.0719769631e-12 9.8050426578e-13 2.0914726973e-12
3.0603027344e+02 3.0722173347e-12 9.8042666729e-13 2.0917906675e-12
3.0609130859e+02 3.0736087489e-12 9.8080878346e-13 2.0927999655e-12
3.0615234375e+02 3.0753510737e-12 9.8129560616e-13 2.0940554675e-12
3.0621337891e+02 3.0772223776e-12 9.8187686873e-13 2.0953455088e-12
3.0627441406e+02 3.0790074932e-12 9.8249244139e-13 2.0965150519e-12
3.0633544922e+02 3.0809307870e-12 9.8307353395e-13 2.0978572531e-12
3.0639648438e+02 3.0832702004e-12 9.8366023128e-13 2.0996099692e-12
3.0645751953e+02 3.0844833177e-12 9.8390150035e-13 2.1005818173e-12
3.0651855469e+02 3.0818222357e-12 9.8305635809e-13 2.0987658776e-12
3.0657958984e+02 3.0749574414e-12 9.8107166524e-13 2.0938857762e-12
3.0664062500e+02 3.0672136673e-12 9.7900872874e-13 2.0882049386e-12
3.0670166016e+02 3.0626868134e-12 9.7804949616e-13 2.0846373173e-12
3.0676269531e+02 3.0631650711e-12 9.7854769473e-13 2.0846173763e-12
3.0682373047e+02 3.0675311913e-12 9.8002738283e-13 2.0875038085e-12
3.0688476562e+02 3.0735860741e-12 9.8181047774e-13 2.0917755964e-12
3.0694580078e+02 3.0801585388e-12 9.8366953352e-13 2.0964890052e-12
3.0700683594e+02 3.0865632739e-12 9.8567417872e-13 2.1008890952e-12
3.0706787109e+02 3.0910064010e-12 9.8748906733e-13 2.1035173337e-12
3.0712890625e+02 3.0920188589e-12 9.8853851537e-13 2.1034803435e-12
3.0718994141e+02 3.0909773238e-12 9.8882401370e-13 2.1021533101e-12
3.0725097656e+02 3.0910559737e-12 9.8897053869e-13 2.1020854350e-12
3.0731201172e+02 3.0939990156e-12 9.8956721686e-13 2.1044317988e-12
3.0737304688e+02 3.0990242483e-12 9.9064766292e-13 2.1083765853e-12
3.0743408203e+02 3.1044006448e-12 9.9168060990e-13 2.1127200349e-12
3.0749511719e+02 3.1091338192e-12 9.9209093701e-13 2.1170428822e-12
3.0755615234e+02 3.1129997500e-12 9.9175677726e-13 2.1212429727e-12
3.0761718750e+02 3.1161360110e-12 9.9104939363e-13 2.1250866173e-12
3.0767822266e+02 3.1194780816e-12 9.9060493228e-13 2.1288731493e-12
3.0773925781e+02 3.1242371479e-12 9.9084594016e-13 2.1333912077e-12
3.0780029297e+02 3.1300738300e-12 9.9150284153e-13 2.1385709884e-12
3.0786132812e+02 3.1354948675e-12 9.9197402453e-13 2.1435208430e-12
3.0792236328e+02 3.1403774335e-12 9.9223066694e-13 2.1481467666e-12
3.0798339844e+02 3.1459362113e-12 9.9274362322e-13 2.1531925881e-12
3.0804443359e+02 3.1522989199e-12 9.9351080306e-13 2.1587881169e-12
3.0810546875e+02 3.1581581848e-12 9.9384734149e-13 2.1643108434e-12
3.0816650391e+02 3.1624745303e-12 9.9310912231e-13 2.1693654080e-12
3.0822753906e+02 3.1655925094e-12 9.9139237628e-13 2.1742001332e-12
3.0828857422e+02 3.1692523342e-12 9.8974692363e-13 2.1795054106e-12
3.0834960938e+02 3.1752731246e-12 9.8946990126e-13 2.1858032233e-12
3.0841064453e+02 3.1836892527e-12 9.9091827371e-13 2.1927709790e-12
3.0847167969e+02 3.1925487763e-12 9.9324738442e-13 2.1993013919e-12
3.0853271484e+02 3.1995069088e-12 9.9523310180e-13 2.2042738070e-12
3.0859375000e+02 3.2033312299e-12 9.9611107477e-13 2.2072201552e-12
3.0865478516e+02 3.2041267566e-12 9.9579900267e-13 2.2083277540e-12
3.0871582031e+02 3.2027235920e-12 9.9466131462e-13 2.2080622774e-12
3.0877685547e+02 3.2003445075e-12 9.9333999085e-13 2.2070045167e-12
3.0883789062e+02 3.1984972353e-12 9.9261880653e-13 2.2058784288e-12
3.0889892578e+02 3.1982161331e-12 9.9284244878e-13 2.2053736843e-12
3.0895996094e+02 3.1990785485e-12 9.9345894380e-13 2.2056196047e-12
3.0902099609e+02 3.1996134595e-12 9.9363292368e-13 2.2059805358e-12
3.0908203125e+02 3.1989704518e-12 9.9314664195e-13 2.2058238099e-12
3.0914306641e+02 3.1974550118e-12 9.9231004160e-13 2.2051449702e-12
3.0920410156e+02 3.1957971666e-12 9.9145915423e-13 2.2043380124e-12
3.0926513672e+02 3.1949544130e-12 9.9093765036e-13 2.2040167627e-12
3.0932617188e+02 3.1956338334e-12 9.9110728661e-13 2.2045265468e-12
3.0938720703e+02 3.1970376563e-12 9.9202744718e-13 2.2050102091e-12
3.0944824219e+02 3.1972239577e-12 9.9327843743e-13 2.2039455203e-12
3.0950927734e+02 3.1952874327e-12 9.9428744651e-13 2.2009999862e-12
3.0957031250e+02 3.1923621321e-12 9.9485179569e-13 2.1975103364e-12
3.0963134766e+02 3.1905928334e-12 9.9528169942e-13 2.1953111340e-12
3.0969238281e+02 3.1916658415e-12 9.9601008488e-13 2.1956557566e-12
3.0975341797e+02 3.1954672633e-12 9.9701438785e-13 2.1984528754e-12
3.0981445312e+02 3.1997875353e-12 9.9769160647e-13 2.2020959288e-12
3.0987548828e+02 3.2025808954e-12 9.9757867142e-13 2.2050022240e-12
3.0993652344e+02 3.2042312448e-12 9.9696631175e-13 2.2072649331e-12
3.0999755859e+02 3.2060949076e-12 9.9633003519e-13 2.2097648724e-12
3.1005859375e+02 3.2080113964e-12 9.9565183006e-13 2.2123595664e-12
3.1011962891e+02 3.2091806498e-12 9.9493846056e-13 2.2142421892e-12
3.1018066406e+02 3.2103063748e-12 9.9484449746e-13 2.2154618774e-12
3.1024169922e+02 3.2130091076e-12 9.9605979098e-13 2.2169493166e-12
3.1030273438e+02 3.2178457570e-12 9.9837908424e-13 2.2194666727e-12
3.1036376953e+02 3.2242671731e-12 1.0009000303e-12 2.2233671428e-12
3.1042480469e+02 3.2317242020e-12 1.0029636938e-12 2.2287605082e-12
3.1048583984e+02 3.2396581252e-12 1.0045817278e-12 2.2350763974e-12
3.1054687500e+02 3.2473608286e-12 1.0061821216e-12 2.2411787069e-12
3.1060791016e+02 3.2547830583e-12 1.0082496650e-12 2.2465333933e-12
3.1066894531e+02 3.2625004833e-12 1.0109810210e-12 2.2515194623e-12
3.1072998047e+02 3.2702543032e-12 1.0139136219e-12 2.2563406812e-12
3.1079101562e+02 3.2762989449e-12 1.0160419431e-12 2.2602570017e-12
3.1085205078e+02 3.2787510589e-12 1.0167493023e-12 2.2620017567e-12
3.1091308594e+02 3.2773939543e-12 1.0164436834e-12 2.2609502708e-12
3.1097412109e+02 3.2741477768e-12 1.0158827311e-12 2.2582650457e-12
3.1103515625e+02 3.2723321659e-12 1.0154826530e-12 2.2568495129e-12
3.1109619141e+02 3.2749535267e-12 1.0156762517e-12 2.2592772750e-12
3.1115722656e+02 3.2819981235e-12 1.0169757522e-12 2.2650223713e-12
3.1121826172e+02 3.2894968775e-12 1.0191864062e-12 2.2703104713e-12
3.1127929688e+02 3.2928681113e-12 1.0212989787e-12 2.2715691326e-12
3.1134033203e+02 3.2913287377e-12 1.0225805306e-12 2.2687482070e-12
3.1140136719e+02 3.2883094450e-12 1.0234426315e-12 2.2648668136e-12
3.1146240234e+02 3.2874458293e-12 1.0248165100e-12 2.2626293193e-12
3.1152343750e+02 3.2886373786e-12 1.0267123691e-12 2.2619250095e-12
3.1158447266e+02 3.2888508399e-12 1.0280476084e-12 2.2608032315e-12
3.1164550781e+02 3.2864065055e-12 1.0281491212e-12 2.2582573843e-12
3.1170654297e+02 3.2830194025e-12 1.0277608613e-12 2.2552585413e-12
3.1176757812e+02 3.2815310504e-12 1.0281493739e-12 2.2533816765e-12
3.1182861328e+02 3.2826132496e-12 1.0296163381e-12 2.2529969115e-12
3.1188964844e+02 3.2842240668e-12 1.0313545547e-12 2.2528695120e-12
3.1195068359e+02 3.2841287388e-12 1.0325921407e-12 2.2515365980e-12
3.1201171875e+02 3.2818614593e-12 1.0332157021e-12 2.2486457572e-12
3.1207275391e+02 3.2774890408e-12 1.0330867607e-12 2.2444022801e-12
3.1213378906e+02 3.2700709208e-12 1.0315769351e-12 2.2384939857e-12
3.1219482422e+02 3.2594009874e-12 1.0285151937e-12 2.2308857937e-12
3.1225585938e+02 3.2485154755e-12 1.0250887335e-12 2.2234267420e-12
3.1231689453e+02 3.2423393151e-12 1.0230232184e-12 2.2193160967e-12
3.1237792969e+02 3.2433889027e-12 1.0230172443e-12 2.2203716585e-12
3.1243896484e+02 3.2493580139e-12 1.0242725036e-12 2.2250855103e-12
3.1250000000e+02 3.2552130469e-12 1.0254248528e-12 2.2297881942e-12
3.1256103516e+02 3.2578319939e-12 1.0259078104e-12 2.2319241834e-12
3.1262207031e+02 3.2582479404e-12 1.0263278904e-12 2.2319200499e-12
3.1268310547e+02 3.2593061147e-12 1.0275035727e-12 2.2318025420e-12
3.1274414062e+02 3.2621392075e-12 1.0295091015e-12 2.2326301060e-12
3.1280517578e+02 3.2652889237e-12 1.0316131616e-12 2.2336757621e-12
3.1286621094e+02 3.2662924651e-12 1.0327279373e-12 2.2335645279e-12
3.1292724609e+02 3.2636602812e-12 1.0321023945e-12 2.2315578867e-12
3.1298828125e+02 3.2582744579e-12 1.0300967075e-12 2.2281777505e-12
3.1304931641e+02 3.2532703005e-12 1.0281625698e-12 2.2251077306e-12
3.1311035156e+02 3.2514157084e-12 1.0275195287e-12 2.2238961796e-12
3.1317138672e+02 3.2522658107e-12 1.0278926498e-12 2.2243731609e-12
3.1323242188e+02 3.2529787675e-12 1.0280888223e-12 2.2248899452e-12
3.1329345703e+02 3.2519107048e-12 1.0276615022e-12 2.2242492026e-12
3.1335449219e+02 3.2500805937e-12 1.0272622868e-12 2.2228183068e-12
3.1341552734e+02 3.2488228355e-12 1.0273402195e-12 2.2214826160e-12
3.1347656250e+02 3.2471717402e-12 1.0272584444e-12 2.2199132958e-12
3.1353759766e+02 3.2425968420e-12 1.0260416181e-12 2.2165552239e-12
3.1359863281e+02 3.2341161005e-12 1.0235628670e-12 2.2105532334e-12
3.1365966797e+02 3.2237063798e-12 1.0206745568e-12 2.2030318230e-12
3.1372070312e+02 3.2144262295e-12 1.0184208507e-12 2.1960053788e-12
3.1378173828e+02 3.2081735794e-12 1.0173593712e-12 2.1908142082e-12
3.1384277344e+02 3.2054257039e-12 1.0174640674e-12 2.1879616365e-12
3.1390380859e+02 3.2053713122e-12 1.0182725092e-12 2.1870988030e-12
3.1396484375e+02 3.2058381600e-12 1.0190653627e-12 2.1867727973e-12
3.1402587891e+02 3.2048645819e-12 1.0193257615e-12 2.1855388204e-12
3.1408691406e+02 3.2023191835e-12 1.0190430546e-12 2.1832761288e-12
3.1414794922e+02 3.1987681156e-12 1.0182801783e-12 2.1804879372e-12
3.1420898438e+02 3.1939909042e-12 1.0168652012e-12 2.1771257030e-12
3.1427001953e+02 3.1877857108e-12 1.0147767944e-12 2.1730089164e-12
3.1433105469e+02 3.1809677528e-12 1.0123241764e-12 2.1686435763e-12
3.1439208984e+02 3.1749067693e-12 1.0099905361e-12 2.1649162333e-12
3.1445312500e+02 3.1706704498e-12 1.0084022990e-12 2.1622681507e-12
3.1451416016e+02 3.1683153066e-12 1.0079151923e-12 2.1604001144e-12
3.1457519531e+02 3.1668951361e-12 1.0080956078e-12 2.1587995283e-12
3.1463623047e+02 3.1658633919e-12 1.0082482972e-12 2.1576150948e-12
3.1469726562e+02 3.1657927684e-12 1.0082693531e-12 2.1575234154e-12
3.1475830078e+02 3.1668018269e-12 1.0084985008e-12 2.1583033261e-12
3.1481933594e+02 3.1675449403e-12 1.0091556465e-12 2.1583892938e-12
3.1488037109e+02 3.1669445270e-12 1.0102287527e-12 2.1567157742e-12
3.1494140625e+02 3.1658721577e-12 1.0115205161e-12 2.1543516416e-12
3.1500244141e+02 3.1659583726e-12 1.0125954803e-12 2.1533628923e-12
3.1506347656e+02 3.1672436024e-12 1.0128787528e-12 2.1543648495e-12
3.1512451172e+02 3.1680422430e-12 1.0120153735e-12 2.1560268695e-12
3.1518554688e+02 3.1669873712e-12 1.0102642558e-12 2.1567231154e-12
3.1524658203e+02 3.1644125515e-12 1.0084653771e-12 2.1559471744e-12
3.1530761719e+02 3.1622703039e-12 1.0074753819e-12 2.1547949220e-12
3.1536865234e+02 3.1631380871e-12 1.0076170509e-12 2.1555210362e-12
3.1542968750e+02 3.1681025160e-12 1.0084771164e-12 2.1596253997e-12
3.1549072266e+02 3.1755403982e-12 1.0091970161e-12 2.1663433822e-12
3.1555175781e+02 3.1828676814e-12 1.0093142457e-12 2.1735534357e-12
3.1561279297e+02 3.1888891598e-12 1.0092808426e-12 2.1796083173e-12
3.1567382812e+02 3.1938199158e-12 1.0098385743e-12 2.1839813415e-12
3.1573486328e+02 3.1978729271e-12 1.0110480715e-12 2.1868248556e-12
3.1579589844e+02 3.2010065640e-12 1.0123143915e-12 2.1886921725e-12
3.1585693359e+02 3.2039206709e-12 1.0132488759e-12 2.1906717949e-12
3.1591796875e+02 3.2082679710e-12 1.0141466622e-12 2.1941213088e-12
3.1597900391e+02 3.2154276003e-12 1.0156402556e-12 2.1997873447e-12
3.1604003906e+02 3.2247148029e-12 1.0178771790e-12 2.2068376239e-12
3.1610107422e+02 3.2329865354e-12 1.0200077245e-12 2.2129788109e-12
3.1616210938e+02 3.2375024110e-12 1.0208889760e-12 2.2166134349e-12
3.1622314453e+02 3.2391656880e-12 1.0203599555e-12 2.2188057325e-12
3.1628417969e+02 3.2410173781e-12 1.0193149458e-12 2.2217024323e-12
3.1634521484e+02 3.2439424773e-12 1.0185149055e-12 2.2254275718e-12
3.1640625000e+02 3.2464278549e-12 1.0179840294e-12 2.2284438255e-12
3.1646728516e+02 3.2479408690e-12 1.0176586419e-12 2.2302822272e-12
3.1652832031e+02 3.2493776652e-12 1.0177772588e-12 2.2316004064e-12
3.1658935547e+02 3.2506139929e-12 1.0182479308e-12 2.2323660621e-12
3.1665039062e+02 3.2505191331e-12 1.0183627425e-12 2.2321563906e-12
3.1671142578e+02 3.2492946425e-12 1.0177371957e-12 2.2315574467e-12
3.1677246094e+02 3.2488180330e-12 1.0170233632e-12 2.2317946698e-12
3.1683349609e+02 3.2503543048e-12 1.0171199582e-12 2.2332343467e-12
3.1689453125e+02 3.2531344626e-12 1.0180918810e-12 2.2350425817e-12
3.1695556641e+02 3.2556679168e-12 1.0192986061e-12 2.2363693106e-12
3.1701660156e+02 3.2573070846e-12 1.0202143085e-12 2.2370927761e-12
3.1707763672e+02 3.2580299110e-12 1.0207842009e-12 2.2372457101e-12
3.1713867188e+02 3.2579042769e-12 1.0211927818e-12 2.2367114952e-12
3.1719970703e+02 3.2569606564e-12 1.0214469191e-12 2.2355137373e-12
3.1726074219e+02 3.2545253958e-12 1.0211494453e-12 2.2333759505e-12
3.1732177734e+02 3.2492711721e-12 1.0198507547e-12 2.2294204174e-12
3.1738281250e+02 3.2411355901e-12 1.0177446818e-12 2.2233909083e-12
3.1744384766e+02 3.2321450073e-12 1.0156844821e-12 2.2164605252e-12
3.1750488281e+02 3.2240834360e-12 1.0142400787e-12 2.2098433572e-12
3.1756591797e+02 3.2164358532e-12 1.0130867872e-12 2.2033490660e-12
3.1762695312e+02 3.2075225821e-12 1.0115257105e-12 2.1959968715e-12
3.1768798828e+02 3.1965220659e-12 1.0090760595e-12 2.1874460064e-12
3.1774902344e+02 3.1839376667e-12 1.0054760958e-12 2.1784615709e-12
3.1781005859e+02 3.1712765886e-12 1.0008890686e-12 2.1703875200e-12
3.1787109375e+02 3.1604705051e-12 9.9621502286e-13 2.1642554822e-12
3.1793212891e+02 3.1524708995e-12 9.9248927493e-13 2.1599816246e-12
3.1799316406e+02 3.1463086480e-12 9.8993835179e-13 2.1563702962e-12
3.1805419922e+02 3.1403207493e-12 9.8805305444e-13 2.1522676949e-12
3.1811523438e+02 3.1339271798e-12 9.8636237745e-13 2.1475648024e-12
3.1817626953e+02 3.1276267775e-12 9.8474759513e-13 2.1428791823e-12
3.1823730469e+02 3.1221779946e-12 9.8330277457e-13 2.1388752200e-12
3.1829833984e+02 3.1183482733e-12 9.8232270549e-13 2.1360255678e-12
3.1835937500e+02 3.1163036068e-12 9.8214005592e-13 2.1341635508e-12
3.1842041016e+02 3.1146773808e-12 9.8251434290e-13 2.1321630379e-12
3.1848144531e+02 3.1113136453e-12 9.8252676755e-13 2.1287868778e-12
3.1854248047e+02 3.1056881485e-12 9.8162610622e-13 2.1240620423e-12
3.1860351562e+02 3.0999055930e-12 9.8036051916e-13 2.1195450739e-12
3.1866455078e+02 3.0962800126e-12 9.7949367607e-13 2.1167863366e-12
3.1872558594e+02 3.0945248240e-12 9.7899997534e-13 2.1155248487e-12
3.1878662109e+02 3.0924519721e-12 9.7850129442e-13 2.1139506777e-12
3.1884765625e+02 3.0885169457e-12 9.7790850295e-13 2.1106084428e-12
3.1890869141e+02 3.0827960580e-12 9.7715205213e-13 2.1056440059e-12
3.1896972656e+02 3.0765296837e-12 9.7604038738e-13 2.1004892963e-12
3.1903076172e+02 3.0712082232e-12 9.7464728446e-13 2.0965609388e-12
3.1909179688e+02 3.0676651328e-12 9.7337277848e-13 2.0942923543e-12
3.1915283203e+02 3.0657825659e-12 9.7256013349e-13 2.0932224325e-12
3.1921386719e+02 3.0644436734e-12 9.7209617152e-13 2.0923475019e-12
3.1927490234e+02 3.0621474754e-12 9.7151542862e-13 2.0906320467e-12
3.1933593750e+02 3.0587080759e-12 9.7067972823e-13 2.0880283477e-12
3.1939697266e+02 3.0552496197e-12 9.6986494076e-13 2.0853846790e-12
3.1945800781e+02 3.0517349136e-12 9.6900865022e-13 2.0827262634e-12
3.1951904297e+02 3.0464897771e-12 9.6768650912e-13 2.0788032680e-12
3.1958007812e+02 3.0390075059e-12 9.6597584063e-13 2.0730316653e-12
3.1964111328e+02 3.0311269387e-12 9.6449156469e-13 2.0666353741e-12
3.1970214844e+02 3.0246166224e-12 9.6349556213e-13 2.0611210602e-12
3.1976318359e+02 3.0194339559e-12 9.6274845601e-13 2.0566854999e-12
3.1982421875e+02 3.0148723744e-12 9.6217272116e-13 2.0526996532e-12
3.1988525391e+02 3.0107663382e-12 9.6195353540e-13 2.0488128028e-12
3.1994628906e+02 3.0069625191e-12 9.6197515305e-13 2.0449873660e-12
3.2000732422e+02 3.0024824726e-12 9.6152184065e-13 2.0409606319e-12
3.2006835938e+02 2.9958745134e-12 9.5967665951e-13 2.0361978539e-12
3.2012939453e+02 2.9864239506e-12 9.5610805059e-13 2.0303159000e-12
3.2019042969e+02 2.9748612237e-12 9.5148625971e-13 2.0233749640e-12
3.2025146484e+02 2.9628224524e-12 9.4703101395e-13 2.0157914384e-12
3.2031250000e+02 2.9516346360e-12 9.4364373225e-13 2.0079909038e-12
3.2037353516e+02 2.9415790943e-12 9.4144210812e-13 2.0001369862e-12
3.2043457031e+02 2.9318612715e-12 9.3979522399e-13 1.9920660475e-12
3.2049560547e+02 2.9210436171e-12 9.3770312011e-13 1.9833404970e-12
3.2055664062e+02 2.9083268030e-12 9.3455795670e-13 1.9737688463e-12
3.2061767578e+02 2.8947426974e-12 9.3063941784e-13 1.9641032796e-12
3.2067871094e+02 2.8823058280e-12 9.2671722995e-13 1.9555885980e-12
3.2073974609e+02 2.8721722498e-12 9.2343661087e-13 1.9487356389e-12
3.2080078125e+02 2.8640394341e-12 9.2113374960e-13 1.9429056845e-12
3.2086181641e+02 2.8562073447e-12 9.1967475173e-13 1.9365325930e-12
3.2092285156e+02 2.8459202281e-12 9.1823306284e-13 1.9276871653e-12
3.2098388672e+02 2.8313429049e-12 9.1576287220e-13 1.9155800327e-12
3.2104492188e+02 2.8137435907e-12 9.1201708462e-13 1.9017265061e-12
3.2110595703e+02 2.7963202537e-12 9.0764065326e-13 1.8886796004e-12
3.2116699219e+02 2.7808848170e-12 9.0320243761e-13 1.8776823794e-12
3.2122802734e+02 2.7670678573e-12 8.9873805216e-13 1.8683298052e-12
3.2128906250e+02 2.7539838245e-12 8.9415939102e-13 1.8598244335e-12
3.2135009766e+02 2.7410160191e-12 8.8952304003e-13 1.8514929791e-12
3.2141113281e+02 2.7275870865e-12 8.8486755729e-13 1.8427195292e-12
3.2147216797e+02 2.7133270215e-12 8.8006419732e-13 1.8332628241e-12
3.2153320312e+02 2.6981998428e-12 8.7492952190e-13 1.8232703209e-12
3.2159423828e+02 2.6822498304e-12 8.6949347173e-13 1.8127563587e-12
3.2165527344e+02 2.6657089429e-12 8.6406866399e-13 1.8016402789e-12
3.2171630859e+02 2.6494346187e-12 8.5901828421e-13 1.7904163344e-12
3.2177734375e+02 2.6346849437e-12 8.5455049616e-13 1.7801344476e-12
3.2183837891e+02 2.6216998881e-12 8.5055227706e-13 1.7711476110e-12
3.2189941406e+02 2.6084391690e-12 8.4643934291e-13 1.7619998261e-12
3.2196044922e+02 2.5920604830e-12 8.4161784351e-13 1.7504426395e-12
3.2202148438e+02 2.5722750189e-12 8.3627405693e-13 1.7360009620e-12
3.2208251953e+02 2.5518106389e-12 8.3109912433e-13 1.7207115146e-12
3.2214355469e+02 2.5331447936e-12 8.2617920733e-13 1.7069655863e-12
3.2220458984e+02 2.5162256998e-12 8.2085096307e-13 1.6953747367e-12
3.2226562500e+02 2.4997840405e-12 8.1477641429e-13 1.6850076262e-12
3.2232666016e+02 2.4834520834e-12 8.0855355692e-13 1.6748985265e-12
3.2238769531e+02 2.4677527525e-12 8.0306637716e-13 1.6646863753e-12
3.2244873047e+02 2.4531625546e-12 7.9871609232e-13 1.6544464623e-12
3.2250976562e+02 2.4399141531e-12 7.9528849209e-13 1.6446256610e-12
3.2257080078e+02 2.4278021690e-12 7.9207060222e-13 1.6357315668e-12
3.2263183594e+02 2.4161826470e-12 7.8839075296e-13 1.6277918940e-12
3.2269287109e+02 2.4047783478e-12 7.8447965938e-13 1.6202986884e-12
3.2275390625e+02 2.3936022070e-12 7.8121194547e-13 1.6123902615e-12
3.2281494141e+02 2.3820383800e-12 7.7881960732e-13 1.6032187727e-12
3.2287597656e+02 2.3695574714e-12 7.7670843718e-13 1.5928490343e-12
3.2293701172e+02 2.3568989503e-12 7.7444745854e-13 1.5824514918e-12
3.2299804688e+02 2.3450406587e-12 7.7195469308e-13 1.5730859656e-12
3.2305908203e+02 2.3338567228e-12 7.6894703611e-13 1.5649096867e-12
3.2312011719e+02 2.3229299166e-12 7.6519786527e-13 1.5577320513e-12
3.2318115234e+02 2.3126521823e-12 7.6116653930e-13 1.5514856430e-12
3.2324218750e+02 2.3036711981e-12 7.5763810254e-13 1.5460330956e-12
3.2330322266e+02 2.2960873324e-12 7.5488891811e-13 1.5411984143e-12
3.2336425781e+02 2.2896505343e-12 7.5268257359e-13 1.5369679607e-12
3.2342529297e+02 2.2840722015e-12 7.5087388136e-13 1.5331983201e-12
3.2348632812e+02 2.2790272541e-12 7.4948600195e-13 1.5295412522e-12
3.2354736328e+02 2.2744679469e-12 7.4825624688e-13 1.5262117001e-12
3.2360839844e+02 2.2709039965e-12 7.4670565064e-13 1.5241983458e-12
3.2366943359e+02 2.2688451266e-12 7.4483302861e-13 1.5240120980e-12
3.2373046875e+02 2.2678198865e-12 7.4315436387e-13 1.5246655226e-12
3.2379150391e+02 2.2662879608e-12 7.4180499375e-13 1.5244829670e-12
3.2385253906e+02 2.2631803808e-12 7.4033911987e-13 1.5228412610e-12
3.2391357422e+02 2.2593837667e-12 7.3869555940e-13 1.5206882073e-12
3.2397460938e+02 2.2566924487e-12 7.3747704095e-13 1.5192154078e-12
3.2403564453e+02 2.2556361685e-12 7.3697410515e-13 1.5186620634e-12
3.2409667969e+02 2.2553511617e-12 7.3665565769e-13 1.5186955041e-12
3.2415771484e+02 2.2548994770e-12 7.3586103761e-13 1.5190384394e-12
3.2421875000e+02 2.2539342732e-12 7.3458245116e-13 1.5193518221e-12
3.2427978516e+02 2.2523675602e-12 7.3334435984e-13 1.5190232003e-12
3.2434082031e+02 2.2498307911e-12 7.3250691682e-13 1.5173238743e-12
3.2440185547e+02 2.2461462737e-12 7.3205292141e-13 1.5140933523e-12
3.2446289062e+02 2.2420101196e-12 7.3183334708e-13 1.5101767725e-12
3.2452392578e+02 2.2380448425e-12 7.3147020337e-13 1.5065746391e-12
3.2458496094e+02 2.2339241195e-12 7.3040855276e-13 1.5035155667e-12
3.2464599609e+02 2.2296244870e-12 7.2866856647e-13 1.5009559206e-12
3.2470703125e+02 2.2262280096e-12 7.2698249412e-13 1.4992455155e-12
3.2476806641e+02 2.2240351913e-12 7.2569027010e-13 1.4983449211e-12
3.2482910156e+02 2.2211392904e-12 7.2421092108e-13 1.4969283693e-12
3.2489013672e+02 2.2154825412e-12 7.2199463728e-13 1.4934879039e-12
3.2495117188e+02 2.2075022831e-12 7.1929670178e-13 1.4882055813e-12
3.2501220703e+02 2.1994410964e-12 7.1673286334e-13 1.4827082331e-12
3.2507324219e+02 2.1928630086e-12 7.1464803052e-13 1.4782149781e-12
3.2513427734e+02 2.1876927380e-12 7.1300697374e-13 1.4746857643e-12
3.2519531250e+02 2.1824439688e-12 7.1133835121e-13 1.4711056176e-12
3.2525634766e+02 2.1749809546e-12 7.0891185637e-13 1.4660690982e-12
3.2531738281e+02 2.1646342876e-12 7.0559446639e-13 1.4590398212e-12
3.2537841797e+02 2.1535895555e-12 7.0225729346e-13 1.4513322621e-12
3.2543945312e+02 2.1447211284e-12 6.9978196631e-13 1.4449391621e-12
3.2550048828e+02 2.1383307945e-12 6.9803285966e-13 1.4402979348e-12
3.2556152344e+02 2.1321583781e-12 6.9624047077e-13 1.4359179073e-12
3.2562255859e+02 2.1243317659e-12 6.9402517425e-13 1.4303065916e-12
3.2568359375e+02 2.1155626101e-12 6.9169304408e-13 1.4238695660e-12
3.2574462891e+02 2.1084645587e-12 6.8980871549e-13 1.4186558432e-12
3.2580566406e+02 2.1049146997e-12 6.8870047953e-13 1.4162142202e-12
3.2586669922e+02 2.1040796341e-12 6.8816937904e-13 1.4159102550e-12
3.2592773438e+02 2.1031659217e-12 6.8756650254e-13 1.4155994191e-12
3.2598876953e+02 2.1000812949e-12 6.8627949411e-13 1.4138018008e-12
3.2604980469e+02 2.0949096895e-12 6.8418978990e-13 1.4107198996e-12
3.2611083984e+02 2.0887809454e-12 6.8163652787e-13 1.4071444175e-12
3.2617187500e+02 2.0821924556e-12 6.7902881205e-13 1.4031636435e-12
3.2623291016e+02 2.0749442540e-12 6.7656006538e-13 1.3983841886e-12
3.2629394531e+02 2.0671057836e-12 6.7423430522e-13 1.3928714784e-12
3.2635498047e+02 2.0592255656e-12 6.7205836623e-13 1.3871671994e-12
3.2641601562e+02 2.0515552773e-12 6.7006254834e-13 1.3814927290e-12
3.2647705078e+02 2.0438965342e-12 6.6821006901e-13 1.3756864652e-12
3.2653808594e+02 2.0364108827e-12 6.6649633259e-13 1.3699145501e-12
3.2659912109e+02 2.0295488670e-12 6.6496313950e-13 1.3645857275e-12
3.2666015625e+02 2.0230999820e-12 6.6347419153e-13 1.3596257905e-12
3.2672119141e+02 2.0166394753e-12 6.6183297158e-13 1.3548065037e-12
3.2678222656e+02 2.0107474237e-12 6.6020691095e-13 1.3505405128e-12
3.2684326172e+02 2.0063829056e-12 6.5904443780e-13 1.3473384678e-12
3.2690429688e+02 2.0035386992e-12 6.5852025541e-13 1.3450184438e-12
3.2696533203e+02 2.0015284539e-12 6.5828638503e-13 1.3432420689e-12
3.2702636719e+02 1.9998194850e-12 6.5781675804e-13 1.3420027269e-12
3.2708740234e+02 1.9980249719e-12 6.5694880483e-13 1.3410761671e-12
3.2714843750e+02 1.9957186678e-12 6.5592494002e-13 1.3397937277e-12
3.2720947266e+02 1.9925353226e-12 6.5486783582e-13 1.3376674868e-12
3.2727050781e+02 1.9884021756e-12 6.5359067705e-13 1.3348114985e-12
3.2733154297e+02 1.9837267342e-12 6.5203122388e-13 1.3316955103e-12
3.2739257812e+02 1.9792900024e-12 6.5048715492e-13 1.3288028474e-12
3.2745361328e+02 1.9759494716e-12 6.4932743950e-13 1.3266220321e-12
3.2751464844e+02 1.9743330745e-12 6.4870827999e-13 1.3256247945e-12
3.2757568359e+02 1.9745234912e-12 6.4862311579e-13 1.3259003754e-12
3.2763671875e+02 1.9759395241e-12 6.4904050129e-13 1.3268990228e-12
3.2769775391e+02 1.9774758164e-12 6.4979759280e-13 1.3276782236e-12
3.2775878906e+02 1.9781597337e-12 6.5055266553e-13 1.3276070682e-12
3.2781982422e+02 1.9782367286e-12 6.5114126071e-13 1.3270954679e-12
3.2788085938e+02 1.9788325273e-12 6.5170617595e-13 1.3271263513e-12
3.2794189453e+02 1.9800018116e-12 6.5228858507e-13 1.3277132265e-12
3.2800292969e+02 1.9803391469e-12 6.5266159082e-13 1.3276775560e-12
3.2806396484e+02 1.9790920105e-12 6.5267396690e-13 1.3264180436e-12
3.2812500000e+02 1.9775040010e-12 6.5246496579e-13 1.3250390352e-12
3.2818603516e+02 1.9773175836e-12 6.5226721851e-13 1.3250503651e-12
3.2824707031e+02 1.9785713071e-12 6.5215522479e-13 1.3264160823e-12
3.2830810547e+02 1.9796476971e-12 6.5204045185e-13 1.3276072453e-12
3.2836914062e+02 1.9794487184e-12 6.5187796983e-13 1.3275707485e-12
3.2843017578e+02 1.9785199199e-12 6.5171488500e-13 1.3268050349e-12
3.2849121094e+02 1.9776474803e-12 6.5144114321e-13 1.3262063371e-12
3.2855224609e+02 1.9768234847e-12 6.5084180691e-13 1.3259816778e-12
3.2861328125e+02 1.9760096482e-12 6.4995682015e-13 1.3260528281e-12
3.2867431641e+02 1.9752656894e-12 6.4888985949e-13 1.3263758299e-12
3.2873535156e+02 1.9739645602e-12 6.4742279093e-13 1.3265417693e-12
3.2879638672e+02 1.9712230727e-12 6.4543759822e-13 1.3257854745e-12
3.2885742188e+02 1.9672509995e-12 6.4349424536e-13 1.3237567541e-12
3.2891845703e+02 1.9635749849e-12 6.4239325872e-13 1.3211817262e-12
3.2897949219e+02 1.9616181606e-12 6.4222370158e-13 1.3193944590e-12
3.2904052734e+02 1.9615675734e-12 6.4233914317e-13 1.3192284303e-12
3.2910156250e+02 1.9632463940e-12 6.4239279130e-13 1.3208536027e-12
3.2916259766e+02 1.9669315601e-12 6.4280162518e-13 1.3241299349e-12
3.2922363281e+02 1.9720103392e-12 6.4383526710e-13 1.3281750721e-12
3.2928466797e+02 1.9764533231e-12 6.4498919542e-13 1.3314641277e-12
3.2934570312e+02 1.9790147483e-12 6.4573060824e-13 1.3332841401e-12
3.2940673828e+02 1.9801590158e-12 6.4604723103e-13 1.3341117848e-12
3.2946777344e+02 1.9801160306e-12 6.4590628886e-13 1.3342097417e-12
3.2952880859e+02 1.9783587934e-12 6.4510754760e-13 1.3332512458e-12
3.2958984375e+02 1.9754874059e-12 6.4397344430e-13 1.3315139616e-12
3.2965087891e+02 1.9734401720e-12 6.4337000270e-13 1.3300701693e-12
3.2971191406e+02 1.9735394869e-12 6.4382119058e-13 1.3297182964e-12
3.2977294922e+02 1.9755549020e-12 6.4500991720e-13 1.3305449848e-12
3.2983398438e+02 1.9783084607e-12 6.4612495227e-13 1.3321835084e-12
3.2989501953e+02 1.9804305402e-12 6.4651503079e-13 1.3339155094e-12
3.2995605469e+02 1.9810290198e-12 6.4604387346e-13 1.3349851463e-12
3.3001708984e+02 1.9801795841e-12 6.4492293023e-13 1.3352566539e-12
3.3007812500e+02 1.9786366849e-12 6.4343227228e-13 1.3352044126e-12
3.3013916016e+02 1.9770661948e-12 6.4187426414e-13 1.3351919307e-12
3.3020019531e+02 1.9759315431e-12 6.4057065752e-13 1.3353608856e-12
3.3026123047e+02 1.9757845391e-12 6.3975626204e-13 1.3360282770e-12
3.3032226562e+02 1.9768825779e-12 6.3950900583e-13 1.3373735721e-12
3.3038330078e+02 1.9789878396e-12 6.3988230096e-13 1.3391055386e-12
3.3044433594e+02 1.9819860546e-12 6.4097531383e-13 1.3410107408e-12
3.3050537109e+02 1.9857674753e-12 6.4258768046e-13 1.3431797948e-12
3.3056640625e+02 1.9895723871e-12 6.4410715131e-13 1.3454652358e-12
3.3062744141e+02 1.9926289222e-12 6.4519153049e-13 1.3474373917e-12
3.3068847656e+02 1.9949019758e-12 6.4606383447e-13 1.3488381413e-12
3.3074951172e+02 1.9963084904e-12 6.4673706371e-13 1.3495714267e-12
3.3081054688e+02 1.9964054536e-12 6.4675523733e-13 1.3496502163e-12
3.3087158203e+02 1.9958556981e-12 6.4615245601e-13 1.3497032421e-12
3.3093261719e+02 1.9969115893e-12 6.4587743419e-13 1.3510341551e-12
3.3099365234e+02 2.0012591349e-12 6.4675852711e-13 1.3545006078e-12
3.3105468750e+02 2.0079526406e-12 6.4843750640e-13 1.3595151342e-12
3.3111572266e+02 2.0144265943e-12 6.4978909883e-13 1.3646374955e-12
3.3117675781e+02 2.0194266587e-12 6.5035652353e-13 1.3690701352e-12
3.3123779297e+02 2.0237743241e-12 6.5076485716e-13 1.3730094669e-12
3.3129882812e+02 2.0280587245e-12 6.5149026728e-13 1.3765684572e-12
3.3135986328e+02 2.0313135804e-12 6.5202359440e-13 1.3792899860e-12
3.3142089844e+02 2.0329272964e-12 6.5178390364e-13 1.3811433928e-12
3.3148193359e+02 2.0345177445e-12 6.5127766554e-13 1.3832400790e-12
3.3154296875e+02 2.0386318488e-12 6.5173734166e-13 1.3868945071e-12
3.3160400391e+02 2.0459452268e-12 6.5372763557e-13 1.3922175912e-12
3.3166503906e+02 2.0546194768e-12 6.5654621947e-13 1.3980732574e-12
3.3172607422e+02 2.0624341154e-12 6.5908399206e-13 1.4033501233e-12
3.3178710938e+02 2.0684917924e-12 6.6078302065e-13 1.4077087717e-12
3.3184814453e+02 2.0727005913e-12 6.6162543768e-13 1.4110751536e-12
3.3190917969e+02 2.0753462852e-12 6.6186472318e-13 1.4134815621e-12
3.3197021484e+02 2.0774730885e-12 6.6194378279e-13 1.4155293057e-12
3.3203125000e+02 2.0800148749e-12 6.6220674300e-13 1.4178081319e-12
3.3209228516e+02 2.0827036373e-12 6.6268415941e-13 1.4200194778e-12
3.3215332031e+02 2.0850143201e-12 6.6332803556e-13 1.4216862845e-12
3.3221435547e+02 2.0875266394e-12 6.6429253633e-13 1.4232341030e-12
3.3227539062e+02 2.0914284917e-12 6.6581272424e-13 1.4256157675e-12
3.3233642578e+02 2.0970297659e-12 6.6781323784e-13 1.4292165281e-12
3.3239746094e+02 2.1032271018e-12 6.6980183901e-13 1.4334252628e-12
3.3245849609e+02 2.1084186723e-12 6.7127771208e-13 1.4371409602e-12
3.3251953125e+02 2.1117379637e-12 6.7212391292e-13 1.4396140508e-12
3.3258056641e+02 2.1133627079e-12 6.7256553847e-13 1.4407971695e-12
3.3264160156e+02 2.1139980186e-12 6.7292231687e-13 1.4410757017e-12
3.3270263672e+02 2.1142695104e-12 6.7335923621e-13 1.4409102742e-12
3.3276367188e+02 2.1144301375e-12 6.7377202536e-13 1.4406581122e-12
3.3282470703e+02 2.1144361634e-12 6.7399495438e-13 1.4404412091e-12
3.3288574219e+02 2.1141255947e-12 6.7408446139e-13 1.4400411333e-12
3.3294677734e+02 2.1132729569e-12 6.7424547481e-13 1.4390274821e-12
3.3300781250e+02 2.1117319252e-12 6.7454385344e-13 1.4371880717e-12
3.3306884766e+02 2.1098615541e-12 6.7489323440e-13 1.4349683197e-12
3.3312988281e+02 2.1084885891e-12 6.7522664616e-13 1.4332619430e-12
3.3319091797e+02 2.1078204133e-12 6.7549367032e-13 1.4323267430e-12
3.3325195312e+02 2.1070640177e-12 6.7565425873e-13 1.4314097590e-12
3.3331298828e+02 2.1060300773e-12 6.7582186041e-13 1.4302082169e-12
3.3337402344e+02 2.1059772149e-12 6.7622755097e-13 1.4297496639e-12
3.3343505859e+02 2.1077794335e-12 6.7692506710e-13 1.4308543664e-12
3.3349609375e+02 2.1104305829e-12 6.7767721449e-13 1.4327533684e-12
3.3355712891e+02 2.1122586355e-12 6.7822142844e-13 1.4340372071e-12
3.3361816406e+02 2.1126527004e-12 6.7849209130e-13 1.4341606091e-12
3.3367919922e+02 2.1120835638e-12 6.7851302565e-13 1.4335705381e-12
3.3374023438e+02 2.1113409233e-12 6.7831978892e-13 1.4330211343e-12
3.3380126953e+02 2.1112844021e-12 6.7810625786e-13 1.4331781442e-12
3.3386230469e+02 2.1126529199e-12 6.7818299319e-13 1.4344699267e-12
3.3392333984e+02 2.1153958276e-12 6.7863362908e-13 1.4367621986e-12
3.3398437500e+02 2.1185387466e-12 6.7917506254e-13 1.4393636840e-12
3.3404541016e+02 2.1212317254e-12 6.7942952248e-13 1.4418022029e-12
3.3410644531e+02 2.1234174168e-12 6.7925060920e-13 1.4441668076e-12
3.3416748047e+02 2.1249204887e-12 6.7874217019e-13 1.4461783185e-12
3.3422851562e+02 2.1246614529e-12 6.7797611264e-13 1.4466853403e-12
3.3428955078e+02 2.1220314233e-12 6.7694180349e-13 1.4450896199e-12
3.3435058594e+02 2.1189784993e-12 6.7604482072e-13 1.4429336786e-12
3.3441162109e+02 2.1192364426e-12 6.7626156216e-13 1.4429748804e-12
3.3447265625e+02 2.1245755043e-12 6.7819628055e-13 1.4463792237e-12
3.3453369141e+02 2.1326028851e-12 6.8118966018e-13 1.4514132249e-12
3.3459472656e+02 2.1390396584e-12 6.8382707341e-13 1.4552125850e-12
3.3465576172e+02 2.1414834977e-12 6.8518676654e-13 1.4562967312e-12
3.3471679688e+02 2.1404330526e-12 6.8535598730e-13 1.4550770653e-12
3.3477783203e+02 2.1379985714e-12 6.8501790009e-13 1.4529806713e-12
3.3483886719e+02 2.1367257586e-12 6.8487861960e-13 1.4518471390e-12
3.3489990234e+02 2.1382372392e-12 6.8522686798e-13 1.4530103712e-12
3.3496093750e+02 2.1418045698e-12 6.8570289774e-13 1.4561016720e-12
3.3502197266e+02 2.1453019139e-12 6.8570503578e-13 1.4595968781e-12
3.3508300781e+02 2.1476639183e-12 6.8512658905e-13 1.4625373292e-12
3.3514404297e+02 2.1492220835e-12 6.8444660906e-13 1.4647754744e-12
3.3520507812e+02 2.1502728094e-12 6.8413930683e-13 1.4661335026e-12
3.3526611328e+02 2.1507891968e-12 6.8431035112e-13 1.4664788456e-12
3.3532714844e+02 2.1512104357e-12 6.8486865931e-13 1.4663417764e-12
3.3538818359e+02 2.1521622368e-12 6.8559887614e-13 1.4665633606e-12
3.3544921875e+02 2.1531963138e-12 6.8606092926e-13 1.4671353845e-12
3.3551025391e+02 2.1526732193e-12 6.8585320631e-13 1.4668200130e-12
3.3557128906e+02 2.1492490627e-12 6.8495158749e-13 1.4642974752e-12
3.3563232422e+02 2.1434587754e-12 6.8368874869e-13 1.4597700267e-12
3.3569335938e+02 2.1380040922e-12 6.8261643852e-13 1.4553876537e-12
3.3575439453e+02 2.1359315949e-12 6.8221862646e-13 1.4537129685e-12
3.3581542969e+02 2.1376934514e-12 6.8240198292e-13 1.4552914685e-12
3.3587646484e+02 2.1406117985e-12 6.8249377235e-13 1.4581180262e-12
3.3593750000e+02 2.1420849177e-12 6.8207425829e-13 1.4600106594e-12
3.3599853516e+02 2.1422428174e-12 6.8151549929e-13 1.4607273181e-12
3.3605957031e+02 2.1423656660e-12 6.8131692894e-13 1.4610487370e-12
3.3612060547e+02 2.1420830833e-12 6.8125120027e-13 1.4608318830e-12
3.3618164062e+02 2.1400273354e-12 6.8072275485e-13 1.4593045805e-12
3.3624267578e+02 2.1366335270e-12 6.7973079307e-13 1.4569027339e-12
3.3630371094e+02 2.1341915666e-12 6.7883248756e-13 1.4553590791e-12
3.3636474609e+02 2.1339083486e-12 6.7830195375e-13 1.4556063948e-12
3.3642578125e+02 2.1344728307e-12 6.7793837066e-13 1.4565344601e-12
3.3648681641e+02 2.1338888157e-12 6.7757169141e-13 1.4563171243e-12
3.3654785156e+02 2.1317451923e-12 6.7728328964e-13 1.4544619027e-12
3.3660888672e+02 2.1294599997e-12 6.7728458316e-13 1.4521754166e-12
3.3666992188e+02 2.1288219865e-12 6.7779993959e-13 1.4510220469e-12
3.3673095703e+02 2.1302051069e-12 6.7875617097e-13 1.4514489360e-12
3.3679199219e+02 2.1319558979e-12 6.7949994636e-13 1.4524559515e-12
3.3685302734e+02 2.1319266497e-12 6.7926544315e-13 1.4526612066e-12
3.3691406250e+02 2.1299080765e-12 6.7811178425e-13 1.4517962923e-12
3.3697509766e+02 2.1279564837e-12 6.7702072218e-13 1.4509357615e-12
3.3703613281e+02 2.1276620349e-12 6.7674634172e-13 1.4509156932e-12
3.3709716797e+02 2.1280176264e-12 6.7697562918e-13 1.4510419972e-12
3.3715820312e+02 2.1272332834e-12 6.7711624338e-13 1.4501170400e-12
3.3721923828e+02 2.1255550406e-12 6.7733148121e-13 1.4482235594e-12
3.3728027344e+02 2.1247809412e-12 6.7807672051e-13 1.4467042207e-12
3.3734130859e+02 2.1258445888e-12 6.7915713089e-13 1.4466874579e-12
3.3740234375e+02 2.1280079522e-12 6.7991124516e-13 1.4480967070e-12
3.3746337891e+02 2.1297280973e-12 6.7990479761e-13 1.4498232997e-12
3.3752441406e+02 2.1294358313e-12 6.7899200503e-13 1.4504438262e-12
3.3758544922e+02 2.1263319583e-12 6.7717490134e-13 1.4491570570e-12
3.3764648438e+02 2.1214960043e-12 6.7495832531e-13 1.4465376790e-12
3.3770751953e+02 2.1175330399e-12 6.7346685694e-13 1.4440661829e-12
3.3776855469e+02 2.1162074943e-12 6.7348936371e-13 1.4427181306e-12
3.3782958984e+02 2.1166623720e-12 6.7445685723e-13 1.4422055148e-12
3.3789062500e+02 2.1165000407e-12 6.7499795102e-13 1.4415020897e-12
3.3795166016e+02 2.1143898236e-12 6.7448454571e-13 1.4399052779e-12
3.3801269531e+02 2.1108760945e-12 6.7339327700e-13 1.4374828175e-12
3.3807373047e+02 2.1068614433e-12 6.7230441291e-13 1.4345570303e-12
3.3813476562e+02 2.1026265347e-12 6.7133220140e-13 1.4312943334e-12
3.3819580078e+02 2.0985848981e-12 6.7048475155e-13 1.4281001466e-12
3.3825683594e+02 2.0957410576e-12 6.6989436315e-13 1.4258466944e-12
3.3831787109e+02 2.0947996455e-12 6.6960268117e-13 1.4251969643e-12
3.3837890625e+02 2.0949783546e-12 6.6934584065e-13 1.4256325140e-12
3.3843994141e+02 2.0941180040e-12 6.6862436068e-13 1.4254936433e-12
3.3850097656e+02 2.0908196753e-12 6.6721348302e-13 1.4236061923e-12
3.3856201172e+02 2.0861575929e-12 6.6551236525e-13 1.4206452277e-12
3.3862304688e+02 2.0823868203e-12 6.6408187420e-13 1.4183049461e-12
3.3868408203e+02 2.0806875657e-12 6.6311402732e-13 1.4175735384e-12
3.3874511719e+02 2.0809127426e-12 6.6259668741e-13 1.4183160552e-12
3.3880615234e+02 2.0825373785e-12 6.6265165094e-13 1.4198857275e-12
3.3886718750e+02 2.0848655680e-12 6.6341064762e-13 1.4214549203e-12
3.3892822266e+02 2.0868920045e-12 6.6464240457e-13 1.4222496000e-12
3.3898925781e+02 2.0879265602e-12 6.6578354696e-13 1.4221430133e-12
3.3905029297e+02 2.0882152413e-12 6.6648671476e-13 1.4217285265e-12
3.3911132812e+02 2.0884941937e-12 6.6695355545e-13 1.4215406382e-12
3.3917236328e+02 2.0890706701e-12 6.6751400840e-13 1.4215566617e-12
3.3923339844e+02 2.0894337897e-12 6.6801426846e-13 1.4214195212e-12
3.3929443359e+02 2.0887050244e-12 6.6796522190e-13 1.4207398025e-12
3.3935546875e+02 2.0865921052e-12 6.6725675642e-13 1.4193353487e-12
3.3941650391e+02 2.0839406928e-12 6.6637281955e-13 1.4175678732e-12
3.3947753906e+02 2.0821906099e-12 6.6593080455e-13 1.4162598054e-12
3.3953857422e+02 2.0822500835e-12 6.6624246406e-13 1.4160076194e-12
3.3959960938e+02 2.0839097674e-12 6.6719367777e-13 1.4167160896e-12
3.3966064453e+02 2.0861215083e-12 6.6833737143e-13 1.4177841369e-12
3.3972167969e+02 2.0878402910e-12 6.6921633516e-13 1.4186239558e-12
3.3978271484e+02 2.0890001539e-12 6.6979981344e-13 1.4192003405e-12
3.3984375000e+02 2.0904511658e-12 6.7049521563e-13 1.4199559502e-12
3.3990478516e+02 2.0923542787e-12 6.7147994262e-13 1.4208743361e-12
3.3996582031e+02 2.0931185972e-12 6.7218375792e-13 1.4209348393e-12
3.4002685547e+02 2.0908074436e-12 6.7186837399e-13 1.4189390696e-12
3.4008789062e+02 2.0855494511e-12 6.7066140250e-13 1.4148880486e-12
3.4014892578e+02 2.0798972917e-12 6.6949280864e-13 1.4104044830e-12
3.4020996094e+02 2.0764269270e-12 6.6895367480e-13 1.4074732522e-12
3.4027099609e+02 2.0752936687e-12 6.6869775672e-13 1.4065959120e-12
3.4033203125e+02 2.0746415540e-12 6.6811511166e-13 1.4065264424e-12
3.4039306641e+02 2.0730339350e-12 6.6718563747e-13 1.4058482975e-12
3.4045410156e+02 2.0706134249e-12 6.6631869970e-13 1.4042947252e-12
3.4051513672e+02 2.0682990560e-12 6.6567460585e-13 1.4026244502e-12
3.4057617188e+02 2.0670186749e-12 6.6518713758e-13 1.4018315373e-12
3.4063720703e+02 2.0674825541e-12 6.6507080702e-13 1.4024117471e-12
3.4069824219e+02 2.0695021162e-12 6.6569898176e-13 1.4038031345e-12
3.4075927734e+02 2.0713868913e-12 6.6693001294e-13 1.4044568784e-12
3.4082031250e+02 2.0711594673e-12 6.6806886810e-13 1.4030905992e-12
3.4088134766e+02 2.0685651167e-12 6.6858635713e-13 1.3999787596e-12
3.4094238281e+02 2.0646926839e-12 6.6839036870e-13 1.3963023152e-12
3.4100341797e+02 2.0600210066e-12 6.6750014493e-13 1.3925208617e-12
3.4106445312e+02 2.0544792448e-12 6.6608584343e-13 1.3883934014e-12
3.4112548828e+02 2.0488224224e-12 6.6465113225e-13 1.3841712902e-12
3.4118652344e+02 2.0443349717e-12 6.6362608576e-13 1.3807088860e-12
3.4124755859e+02 2.0416419725e-12 6.6298090064e-13 1.3786610719e-12
3.4130859375e+02 2.0404369066e-12 6.6244344456e-13 1.3779934621e-12
3.4136962891e+02 2.0395695580e-12 6.6177076395e-13 1.3777987941e-12
3.4143066406e+02 2.0376770290e-12 6.6083143781e-13 1.3768455912e-12
3.4149169922e+02 2.0347047618e-12 6.5974753531e-13 1.3749572265e-12
3.4155273438e+02 2.0319539141e-12 6.5884377435e-13 1.3731101398e-12
3.4161376953e+02 2.0298863624e-12 6.5819557576e-13 1.3716907866e-12
3.4167480469e+02 2.0271649713e-12 6.5738571846e-13 1.3697792529e-12
3.4173583984e+02 2.0224293477e-12 6.5596178242e-13 1.3664675653e-12
3.4179687500e+02 2.0156647249e-12 6.5393613195e-13 1.3617285930e-12
3.4185791016e+02 2.0075844349e-12 6.5162145941e-13 1.3559629755e-12
3.4191894531e+02 1.9990657369e-12 6.4924112009e-13 1.3498246168e-12
3.4197998047e+02 1.9913217541e-12 6.4687478333e-13 1.3444469707e-12
3.4204101562e+02 1.9853129948e-12 6.4452453843e-13 1.3407884563e-12
3.4210205078e+02 1.9807228847e-12 6.4217436862e-13 1.3385485161e-12
3.4216308594e+02 1.9763782643e-12 6.3996902948e-13 1.3364092348e-12
3.4222412109e+02 1.9716216907e-12 6.3814998505e-13 1.3334717056e-12
3.4228515625e+02 1.9667300823e-12 6.3672139781e-13 1.3300086845e-12
3.4234619141e+02 1.9625967720e-12 6.3555880099e-13 1.3270379710e-12
3.4240722656e+02 1.9603863640e-12 6.3483809749e-13 1.3255482665e-12
3.4246826172e+02 1.9607052321e-12 6.3491050279e-13 1.3257947294e-12
3.4252929688e+02 1.9629321396e-12 6.3573682611e-13 1.3271953135e-12
3.4259033203e+02 1.9655247638e-12 6.3667869866e-13 1.3288460651e-12
3.4265136719e+02 1.9664596478e-12 6.3681500047e-13 1.3296446473e-12
3.4271240234e+02 1.9639351218e-12 6.3556525016e-13 1.3283698716e-12
3.4277343750e+02 1.9578302039e-12 6.3322847382e-13 1.3246017301e-12
3.4283447266e+02 1.9499329070e-12 6.3072675984e-13 1.3192061472e-12
3.4289550781e+02 1.9421543489e-12 6.2869615932e-13 1.3134581896e-12
3.4295654297e+02 1.9352197426e-12 6.2708948304e-13 1.3081302596e-12
3.4301757812e+02 1.9290222500e-12 6.2559697967e-13 1.3034252703e-12
3.4307861328e+02 1.9234087534e-12 6.2406039714e-13 1.2993483562e-12
3.4313964844e+02 1.9184630888e-12 6.2248394166e-13 1.2959791471e-12
3.4320068359e+02 1.9141401104e-12 6.2090405843e-13 1.2932360520e-12
3.4326171875e+02 1.9099149658e-12 6.1933289802e-13 1.2905820678e-12
3.4332275391e+02 1.9051625347e-12 6.1777418335e-13 1.2873883514e-12
3.4338378906e+02 1.8995638874e-12 6.1620928379e-13 1.2833546036e-12
3.4344482422e+02 1.8929450541e-12 6.1456974794e-13 1.2783753061e-12
3.4350585938e+02 1.8853255472e-12 6.1276901099e-13 1.2725565362e-12
3.4356689453e+02 1.8774180045e-12 6.1078410685e-13 1.2666338976e-12
3.4362792969e+02 1.8704498849e-12 6.0874910898e-13 1.2617007759e-12
3.4368896484e+02 1.8649700541e-12 6.0692361166e-13 1.2580464425e-12
3.4375000000e+02 1.8603533367e-12 6.0552760020e-13 1.2548257365e-12
3.4381103516e+02 1.8557840503e-12 6.0462755883e-13 1.2511564915e-12
3.4387207031e+02 1.8508207356e-12 6.0406577285e-13 1.2467549627e-12
3.4393310547e+02 1.8450014848e-12 6.0343618895e-13 1.2415652959e-12
3.4399414062e+02 1.8381182778e-12 6.0226485996e-13 1.2358534178e-12
3.4405517578e+02 1.8307595302e-12 6.0034987182e-13 1.2304096584e-12
3.4411621094e+02 1.8236201262e-12 5.9797441552e-13 1.2256457106e-12
3.4417724609e+02 1.8165582942e-12 5.9566732963e-13 1.2208909645e-12
3.4423828125e+02 1.8090139099e-12 5.9364161886e-13 1.2153722910e-12
3.4429931641e+02 1.8009806915e-12 5.9159276883e-13 1.2093879226e-12
3.4436035156e+02 1.7930252852e-12 5.8911592830e-13 1.2039093569e-12
3.4442138672e+02 1.7857254883e-12 5.8621089136e-13 1.1995145969e-12
3.4448242188e+02 1.7794397225e-12 5.8333479614e-13 1.1961049264e-12
3.4454345703e+02 1.7744265444e-12 5.8105449981e-13 1.1933720446e-12
3.4460449219e+02 1.7711049857e-12 5.7974690352e-13 1.1913580822e-12
3.4466552734e+02 1.7697797207e-12 5.7944073001e-13 1.1903389907e-12
3.4472656250e+02 1.7696697996e-12 5.7962492883e-13 1.1900448708e-12
3.4478759766e+02 1.7688806975e-12 5.7938873638e-13 1.1894919612e-12
3.4484863281e+02 1.7659557642e-12 5.7814936544e-13 1.1878063987e-12
3.4490966797e+02 1.7610702148e-12 5.7617261276e-13 1.1848976021e-12
3.4497070312e+02 1.7555593619e-12 5.7421877044e-13 1.1813405914e-12
3.4503173828e+02 1.7505938641e-12 5.7281330021e-13 1.1777805639e-12
3.4509277344e+02 1.7462345186e-12 5.7187571118e-13 1.1743588074e-12
3.4515380859e+02 1.7417740376e-12 5.7095164050e-13 1.1708223971e-12
3.4521484375e+02 1.7371472066e-12 5.6981912464e-13 1.1673280820e-12
3.4527587891e+02 1.7333711802e-12 5.6872206513e-13 1.1646491151e-12
3.4533691406e+02 1.7310752996e-12 5.6791758817e-13 1.1631577114e-12
3.4539794922e+02 1.7294757292e-12 5.6734946718e-13 1.1621262620e-12
3.4545898438e+02 1.7276291582e-12 5.6692106302e-13 1.1607080952e-12
3.4552001953e+02 1.7256850472e-12 5.6664619496e-13 1.1590388522e-12
3.4558105469e+02 1.7237707911e-12 5.6630597735e-13 1.1574648137e-12
3.4564208984e+02 1.7207783895e-12 5.6539852024e-13 1.1553798692e-12
3.4570312500e+02 1.7157423514e-12 5.6375365498e-13 1.1519886964e-12
3.4576416016e+02 1.7095904733e-12 5.6188871623e-13 1.1477017571e-12
3.4582519531e+02 1.7041860807e-12 5.6048134546e-13 1.1437047352e-12
3.4588623047e+02 1.7001430160e-12 5.5965234834e-13 1.1404906677e-12
3.4594726562e+02 1.6964665588e-12 5.5888166019e-13 1.1375848986e-12
3.4600830078e+02 1.6920495695e-12 5.5760403713e-13 1.1344455324e-12
3.4606933594e+02 1.6867902862e-12 5.5581689687e-13 1.1309733893e-12
3.4613037109e+02 1.6810002833e-12 5.5391048576e-13 1.1270897975e-12
3.4619140625e+02 1.6745075809e-12 5.5207951848e-13 1.1224280624e-12
3.4625244141e+02 1.6673741190e-12 5.5033398930e-13 1.1170401297e-12
3.4631347656e+02 1.6609567616e-12 5.4884891669e-13 1.1121078450e-12
3.4637451172e+02 1.6569241000e-12 5.4783511100e-13 1.1090889890e-12
3.4643554688e+02 1.6553298783e-12 5.4719449664e-13 1.1081353817e-12
3.4649658203e+02 1.6544654405e-12 5.4654155685e-13 1.1079238836e-12
3.4655761719e+02 1.6524298244e-12 5.4554960984e-13 1.1068802146e-12
3.4661865234e+02 1.6483928994e-12 5.4420630559e-13 1.1041865938e-12
3.4667968750e+02 1.6427846510e-12 5.4271035363e-13 1.1000742974e-12
3.4674072266e+02 1.6370749861e-12 5.4129765016e-13 1.0957773359e-12
3.4680175781e+02 1.6331804320e-12 5.4025937860e-13 1.0929210534e-12
3.4686279297e+02 1.6320503569e-12 5.3977952674e-13 1.0922708302e-12
3.4692382812e+02 1.6326429705e-12 5.3959573910e-13 1.0930472314e-12
3.4698486328e+02 1.6328639389e-12 5.3912564228e-13 1.0937382966e-12
3.4704589844e+02 1.6314638508e-12 5.3802017587e-13 1.0934436749e-12
3.4710693359e+02 1.6288021902e-12 5.3649121541e-13 1.0923109748e-12
3.4716796875e+02 1.6258311757e-12 5.3508045574e-13 1.0907507200e-12
3.4722900391e+02 1.6225077771e-12 5.3408450001e-13 1.0884232771e-12
3.4729003906e+02 1.6177783041e-12 5.3326098842e-13 1.0845173156e-12
3.4735107422e+02 1.6111649057e-12 5.3213324520e-13 1.0790316605e-12
3.4741210938e+02 1.6036234753e-12 5.3049207044e-13 1.0731314049e-12
3.4747314453e+02 1.5967947952e-12 5.2858051519e-13 1.0682142800e-12
3.4753417969e+02 1.5917362137e-12 5.2681953676e-13 1.0649166770e-12
3.4759521484e+02 1.5881677581e-12 5.2533425908e-13 1.0628334990e-12
3.4765625000e+02 1.5848858269e-12 5.2384879246e-13 1.0610370344e-12
3.4771728516e+02 1.5810415898e-12 5.2214692259e-13 1.0588946672e-12
3.4777832031e+02 1.5767411355e-12 5.2042180550e-13 1.0563193300e-12
3.4783935547e+02 1.5722713354e-12 5.1895404497e-13 1.0533172904e-12
3.4790039062e+02 1.5675320743e-12 5.1774470681e-13 1.0497873674e-12
3.4796142578e+02 1.5627932676e-12 5.1675903346e-13 1.0460342341e-12
3.4802246094e+02 1.5590268777e-12 5.1614516958e-13 1.0428817081e-12
3.4808349609e+02 1.5568195014e-12 5.1595521243e-13 1.0408642890e-12
3.4814453125e+02 1.5556225152e-12 5.1596199979e-13 1.0396605154e-12
3.4820556641e+02 1.5541718703e-12 5.1582514628e-13 1.0383467240e-12
3.4826660156e+02 1.5515405643e-12 5.1534533399e-13 1.0361952303e-12
3.4832763672e+02 1.5481197500e-12 5.1462285696e-13 1.0334968930e-12
3.4838867188e+02 1.5450503773e-12 5.1386514566e-13 1.0311852317e-12
3.4844970703e+02 1.5425439289e-12 5.1303115324e-13 1.0295127757e-12
3.4851074219e+02 1.5398078652e-12 5.1194575735e-13 1.0278621079e-12
3.4857177734e+02 1.5364157560e-12 5.1071385900e-13 1.0257018970e-12
3.4863281250e+02 1.5326328353e-12 5.0964513915e-13 1.0229876961e-12
3.4869384766e+02 1.5288189159e-12 5.0882662846e-13 1.0199922875e-12
3.4875488281e+02 1.5252839580e-12 5.0811790401e-13 1.0171660539e-12
3.4881591797e+02 1.5222577394e-12 5.0747336369e-13 1.0147843757e-12
3.4887695312e+02 1.5197144168e-12 5.0699475992e-13 1.0127196569e-12
3.4893798828e+02 1.5177192762e-12 5.0674616383e-13 1.0109731123e-12
3.4899902344e+02 1.5168564941e-12 5.0665033371e-13 1.0102061604e-12
3.4906005859e+02 1.5176592941e-12 5.0653466379e-13 1.0111246303e-12
3.4912109375e+02 1.5197122000e-12 5.0629581851e-13 1.0134163815e-12
3.4918212891e+02 1.5218354938e-12 5.0601918358e-13 1.0158163103e-12
3.4924316406e+02 1.5230463970e-12 5.0584787447e-13 1.0171985225e-12
3.4930419922e+02 1.5230815672e-12 5.0577272755e-13 1.0173088397e-12
3.4936523438e+02 1.5222437731e-12 5.0568326359e-13 1.0165605095e-12
3.4942626953e+02 1.5210380049e-12 5.0554778578e-13 1.0154902192e-12
3.4948730469e+02 1.5197461871e-12 5.0534561240e-13 1.0144005747e-12
3.4954833984e+02 1.5182227942e-12 5.0492264137e-13 1.0133001528e-12
3.4960937500e+02 1.5163329522e-12 5.0416236107e-13 1.0121705911e-12
3.4967041016e+02 1.5144153741e-12 5.0322363629e-13 1.0111917378e-12
3.4973144531e+02 1.5130663593e-12 5.0243533892e-13 1.0106310203e-12
3.4979248047e+02 1.5127482468e-12 5.0203302209e-13 1.0107152247e-12
3.4985351562e+02 1.5135541836e-12 5.0202269404e-13 1.0115314895e-12
3.4991455078e+02 1.5150558206e-12 5.0220158449e-13 1.0128542361e-12
3.4997558594e+02 1.5167324275e-12 5.0238907853e-13 1.0143433489e-12
3.5003662109e+02 1.5185784960e-12 5.0267099419e-13 1.0159075018e-12
3.5009765625e+02 1.5209630279e-12 5.0332498545e-13 1.0176380424e-12
3.5015869141e+02 1.5241408747e-12 5.0447821010e-13 1.0196626646e-12
3.5021972656e+02 1.5277905217e-12 5.0577794876e-13 1.0220125729e-12
3.5028076172e+02 1.5310126248e-12 5.0659774240e-13 1.0244148824e-12
3.5034179688e+02 1.5334015789e-12 5.0683749172e-13 1.0265640871e-12
3.5040283203e+02 1.5355369291e-12 5.0708433695e-13 1.0284525921e-12
3.5046386719e+02 1.5377074473e-12 5.0766846955e-13 1.0300389778e-12
3.5052490234e+02 1.5392765717e-12 5.0819896653e-13 1.0310776052e-12
3.5058593750e+02 1.5399563916e-12 5.0831433568e-13 1.0316420559e-12
3.5064697266e+02 1.5407398133e-12 5.0827915698e-13 1.0324606563e-12
3.5070800781e+02 1.5430845630e-12 5.0860859585e-13 1.0344759672e-12
3.5076904297e+02 1.5474617259e-12 5.0946166023e-13 1.0380000657e-12
3.5083007812e+02 1.5526788932e-12 5.1048863072e-13 1.0421902624e-12
3.5089111328e+02 1.5565850108e-12 5.1110751006e-13 1.0454775007e-12
3.5095214844e+02 1.5576295557e-12 5.1093371847e-13 1.0466958372e-12
3.5101318359e+02 1.5558299058e-12 5.1004946420e-13 1.0457804416e-12
3.5107421875e+02 1.5525175504e-12 5.0894209976e-13 1.0435754507e-12
3.5113525391e+02 1.5492801130e-12 5.0809468949e-13 1.0411854235e-12
3.5119628906e+02 1.5466011589e-12 5.0746335275e-13 1.0391378061e-12
3.5125732422e+02 1.5435277329e-12 5.0652867816e-13 1.0369990547e-12
3.5131835938e+02 1.5394636969e-12 5.0510641686e-13 1.0343572801e-12
3.5137939453e+02 1.5359246516e-12 5.0386218275e-13 1.0320624689e-12
3.5144042969e+02 1.5352129105e-12 5.0365649001e-13 1.0315564205e-12
3.5150146484e+02 1.5375579743e-12 5.0450264750e-13 1.0330553268e-12
3.5156250000e+02 1.5407774758e-12 5.0555961855e-13 1.0352178573e-12
3.5162353516e+02 1.5425235833e-12 5.0609329917e-13 1.0364302842e-12
3.5168457031e+02 1.5419970199e-12 5.0603971841e-13 1.0359573015e-12
3.5174560547e+02 1.5398158364e-12 5.0560722633e-13 1.0342086101e-12
3.5180664062e+02 1.5369847903e-12 5.0475472438e-13 1.0322300659e-12
3.5186767578e+02 1.5343283351e-12 5.0339920356e-13 1.0309291315e-12
3.5192871094e+02 1.5326745637e-12 5.0194768591e-13 1.0307268777e-12
3.5198974609e+02 1.5324798691e-12 5.0107116367e-13 1.0314087054e-12
3.5205078125e+02 1.5328322734e-12 5.0085669022e-13 1.0319755831e-12
3.5211181641e+02 1.5320732902e-12 5.0071988953e-13 1.0313534007e-12
3.5217285156e+02 1.5300019645e-12 5.0031922990e-13 1.0296827346e-12
3.5223388672e+02 1.5282980991e-12 4.9997842563e-13 1.0283196735e-12
3.5229492188e+02 1.5282091600e-12 4.9994197376e-13 1.0282671862e-12
3.5235595703e+02 1.5288887609e-12 4.9982022502e-13 1.0290685358e-12
3.5241699219e+02 1.5289220623e-12 4.9927605853e-13 1.0296460038e-12
3.5247802734e+02 1.5287681970e-12 4.9876548148e-13 1.0300027155e-12
3.5253906250e+02 1.5302933051e-12 4.9897626394e-13 1.0313170412e-12
3.5260009766e+02 1.5342462878e-12 4.9999511866e-13 1.0342511691e-12
3.5266113281e+02 1.5395407983e-12 5.0149603250e-13 1.0380447658e-12
3.5272216797e+02 1.5446258153e-12 5.0318060980e-13 1.0414452055e-12
3.5278320312e+02 1.5487175297e-12 5.0481693145e-13 1.0439005982e-12
3.5284423828e+02 1.5521360995e-12 5.0633492122e-13 1.0458011783e-12
3.5290527344e+02 1.5557836678e-12 5.0783067347e-13 1.0479529944e-12
3.5296630859e+02 1.5602472867e-12 5.0928163091e-13 1.0509656558e-12
3.5302734375e+02 1.5655845967e-12 5.1054455174e-13 1.0550400450e-12
3.5308837891e+02 1.5714925739e-12 5.1161349322e-13 1.0598790807e-12
3.5314941406e+02 1.5771193952e-12 5.1258710714e-13 1.0645322881e-12
3.5321044922e+02 1.5814508238e-12 5.1352359530e-13 1.0679272285e-12
3.5327148438e+02 1.5843801925e-12 5.1447530452e-13 1.0699048880e-12
3.5333251953e+02 1.5867744468e-12 5.1545055710e-13 1.0713238897e-12
3.5339355469e+02 1.5895474073e-12 5.1636331933e-13 1.0731840880e-12
3.5345458984e+02 1.5932763215e-12 5.1726328079e-13 1.0760130407e-12
3.5351562500e+02 1.5981469683e-12 5.1844889788e-13 1.0796980704e-12
3.5357666016e+02 1.6035007405e-12 5.2010653812e-13 1.0833942024e-12
3.5363769531e+02 1.6083745895e-12 5.2204136709e-13 1.0863332224e-12
3.5369873047e+02 1.6132691612e-12 5.2395708889e-13 1.0893120723e-12
3.5375976562e+02 1.6200369691e-12 5.2580429062e-13 1.0942326785e-12
3.5382080078e+02 1.6293088061e-12 5.2771445586e-13 1.1015943503e-12
3.5388183594e+02 1.6392976877e-12 5.2968753735e-13 1.1096101503e-12
3.5394287109e+02 1.6474681191e-12 5.3141361812e-13 1.1160545010e-12
3.5400390625e+02 1.6525958080e-12 5.3254877786e-13 1.1200470301e-12
3.5406494141e+02 1.6553196388e-12 5.3320925463e-13 1.1221103841e-12
3.5412597656e+02 1.6571227247e-12 5.3384123569e-13 1.1232814890e-12
3.5418701172e+02 1.6590289949e-12 5.3460985616e-13 1.1244191388e-12
3.5424804688e+02 1.6614569498e-12 5.3536638625e-13 1.1260905636e-12
3.5430908203e+02 1.6647135771e-12 5.3607216439e-13 1.1286414128e-12
3.5437011719e+02 1.6688193467e-12 5.3683584866e-13 1.1319834981e-12
3.5443115234e+02 1.6730034699e-12 5.3769533781e-13 1.1353081321e-12
3.5449218750e+02 1.6761180147e-12 5.3862255097e-13 1.1374954637e-12
3.5455322266e+02 1.6776949857e-12 5.3956941762e-13 1.1381255680e-12
3.5461425781e+02 1.6782319958e-12 5.4040151559e-13 1.1378304802e-12
3.5467529297e+02 1.6785586159e-12 5.4100826091e-13 1.1375503550e-12
3.5473632812e+02 1.6792598802e-12 5.4152544796e-13 1.1377344322e-12
3.5479736328e+02 1.6804993267e-12 5.4225385660e-13 1.1382454701e-12
3.5485839844e+02 1.6819856180e-12 5.4329893388e-13 1.1386866841e-12
3.5491943359e+02 1.6831180575e-12 5.4435983720e-13 1.1387582203e-12
3.5498046875e+02 1.6833676349e-12 5.4489376899e-13 1.1384738659e-12
3.5504150391e+02 1.6825997337e-12 5.4452146338e-13 1.1380782703e-12
3.5510253906e+02 1.6810841166e-12 5.4337650119e-13 1.1377076155e-12
3.5516357422e+02 1.6791890664e-12 5.4205257692e-13 1.1371364895e-12
3.5522460938e+02 1.6770185389e-12 5.4108882862e-13 1.1359297103e-12
3.5528564453e+02 1.6744728426e-12 5.4054168985e-13 1.1339311528e-12
3.5534667969e+02 1.6717664694e-12 5.4018571647e-13 1.1315807529e-12
3.5540771484e+02 1.6696141668e-12 5.3997574248e-13 1.1296384243e-12
3.5546875000e+02 1.6685474743e-12 5.4001229258e-13 1.1285351817e-12
3.5552978516e+02 1.6682378349e-12 5.4016427340e-13 1.1280735615e-12
3.5559082031e+02 1.6679243453e-12 5.4009910963e-13 1.1278252357e-12
3.5565185547e+02 1.6673567547e-12 5.3970446970e-13 1.1276522850e-12
3.5571289062e+02 1.6670425691e-12 5.3925229665e-13 1.1277902725e-12
3.5577392578e+02 1.6676109685e-12 5.3909626761e-13 1.1285147009e-12
3.5583496094e+02 1.6689726722e-12 5.3929486138e-13 1.1296778109e-12
3.5589599609e+02 1.6702706857e-12 5.3959245973e-13 1.1306782260e-12
3.5595703125e+02 1.6708200683e-12 5.3973435226e-13 1.1310857160e-12
3.5601806641e+02 1.6709294006e-12 5.3969062697e-13 1.1312387736e-12
3.5607910156e+02 1.6714308517e-12 5.3952053206e-13 1.1319103197e-12
3.5614013672e+02 1.6725973204e-12 5.3921829482e-13 1.1333790256e-12
3.5620117188e+02 1.6741392839e-12 5.3888331983e-13 1.1352559641e-12
3.5626220703e+02 1.6758439205e-12 5.3879567002e-13 1.1370482505e-12
3.5632324219e+02 1.6775148746e-12 5.3912145015e-13 1.1383934244e-12
3.5638427734e+02 1.6787326168e-12 5.3970990037e-13 1.1390227164e-12
3.5644531250e+02 1.6793354795e-12 5.4028598460e-13 1.1390494949e-12
3.5650634766e+02 1.6801047526e-12 5.4082160753e-13 1.1392831451e-12
3.5656738281e+02 1.6824776933e-12 5.4168337292e-13 1.1407943204e-12
3.5662841797e+02 1.6871381636e-12 5.4325276526e-13 1.1438853984e-12
3.5668945312e+02 1.6928735647e-12 5.4527088498e-13 1.1476026797e-12
3.5675048828e+02 1.6971291314e-12 5.4675745978e-13 1.1503716717e-12
3.5681152344e+02 1.6981303722e-12 5.4686314235e-13 1.1512672299e-12
3.5687255859e+02 1.6967599324e-12 5.4580261301e-13 1.1509573194e-12
3.5693359375e+02 1.6960360436e-12 5.4477219537e-13 1.1512638482e-12
3.5699462891e+02 1.6983107393e-12 5.4485432847e-13 1.1534564108e-12
3.5705566406e+02 1.7030718134e-12 5.4601746630e-13 1.1570543471e-12
3.5711669922e+02 1.7076650562e-12 5.4725234539e-13 1.1604127108e-12
3.5717773438e+02 1.7101126491e-12 5.4768193071e-13 1.1624307184e-12
3.5723876953e+02 1.7107597865e-12 5.4735319105e-13 1.1634065955e-12
3.5729980469e+02 1.7108684390e-12 5.4689139638e-13 1.1639770426e-12
3.5736083984e+02 1.7106802835e-12 5.4671466449e-13 1.1639656190e-12
3.5742187500e+02 1.7098929096e-12 5.4686570973e-13 1.1630271999e-12
3.5748291016e+02 1.7090788019e-12 5.4733217690e-13 1.1617466250e-12
3.5754394531e+02 1.7095550940e-12 5.4809225919e-13 1.1614628348e-12
3.5760498047e+02 1.7122310691e-12 5.4892183166e-13 1.1633092374e-12
3.5766601562e+02 1.7166833758e-12 5.4941436877e-13 1.1672690070e-12
3.5772705078e+02 1.7211587234e-12 5.4926034168e-13 1.1718983817e-12
3.5778808594e+02 1.7240509127e-12 5.4858772974e-13 1.1754631829e-12
3.5784912109e+02 1.7253725112e-12 5.4795027380e-13 1.1774222374e-12
3.5791015625e+02 1.7262847576e-12 5.4784011506e-13 1.1784446426e-12
3.5797119141e+02 1.7278124640e-12 5.4839855314e-13 1.1794139109e-12
3.5803222656e+02 1.7302635095e-12 5.4953341844e-13 1.1807300911e-12
3.5809326172e+02 1.7328523811e-12 5.5083797314e-13 1.1820144080e-12
3.5815429688e+02 1.7341556862e-12 5.5162701201e-13 1.1825286742e-12
3.5821533203e+02 1.7338667341e-12 5.5160259342e-13 1.1822641407e-12
3.5827636719e+02 1.7330671471e-12 5.5110699784e-13 1.1819601492e-12
3.5833740234e+02 1.7323240699e-12 5.5049163310e-13 1.1818324368e-12
3.5839843750e+02 1.7311809214e-12 5.4990682578e-13 1.1812740956e-12
3.5845947266e+02 1.7295902744e-12 5.4964826278e-13 1.1799420116e-12
3.5852050781e+02 1.7281426660e-12 5.4989658234e-13 1.1782460837e-12
3.5858154297e+02 1.7268342898e-12 5.5024928231e-13 1.1765850075e-12
3.5864257812e+02 1.7246531803e-12 5.5005694117e-13 1.1745962392e-12
3.5870361328e+02 1.7205427468e-12 5.4905077684e-13 1.1714919699e-12
3.5876464844e+02 1.7146484428e-12 5.4748114563e-13 1.1671672971e-12
3.5882568359e+02 1.7085622309e-12 5.4587231643e-13 1.1626899145e-12
3.5888671875e+02 1.7040696949e-12 5.4470215453e-13 1.1593675404e-12
3.5894775391e+02 1.7017642497e-12 5.4420850821e-13 1.1575557415e-12
3.5900878906e+02 1.7010754460e-12 5.4430971123e-13 1.1567657347e-12
3.5906982422e+02 1.7010069371e-12 5.4450614167e-13 1.1565007955e-12
3.5913085938e+02 1.7003402077e-12 5.4402825672e-13 1.1563119509e-12
3.5919189453e+02 1.6977421000e-12 5.4237666107e-13 1.1553654389e-12
3.5925292969e+02 1.6926133439e-12 5.3975390043e-13 1.1528594435e-12
3.5931396484e+02 1.6857686464e-12 5.3690185623e-13 1.1488667902e-12
3.5937500000e+02 1.6785491170e-12 5.3445562381e-13 1.1440934932e-12
3.5943603516e+02 1.6716003574e-12 5.3249864910e-13 1.1391017082e-12
3.5949707031e+02 1.6650128976e-12 5.3075555599e-13 1.1342573416e-12
3.5955810547e+02 1.6588388417e-12 5.2902685877e-13 1.1298119829e-12
3.5961914062e+02 1.6530435295e-12 5.2736676137e-13 1.1256767682e-12
3.5968017578e+02 1.6477084175e-12 5.2598615729e-13 1.1217222602e-12
3.5974121094e+02 1.6435812409e-12 5.2508306101e-13 1.1184981799e-12
3.5980224609e+02 1.6416327074e-12 5.2471445077e-13 1.1169182566e-12
3.5986328125e+02 1.6416129290e-12 5.2476921740e-13 1.1168437116e-12
3.5992431641e+02 1.6417721228e-12 5.2510680029e-13 1.1166653226e-12
3.5998535156e+02 1.6404701123e-12 5.2564772684e-13 1.1148223855e-12
3.6004638672e+02 1.6376636966e-12 5.2621987903e-13 1.1114438176e-12
3.6010742188e+02 1.6347985548e-12 5.2655251420e-13 1.1082460406e-12
3.6016845703e+02 1.6335355495e-12 5.2659944919e-13 1.1069361003e-12
3.6022949219e+02 1.6344461660e-12 5.2660459379e-13 1.1078415722e-12
3.6029052734e+02 1.6365530701e-12 5.2668319268e-13 1.1098698774e-12
3.6035156250e+02 1.6379497215e-12 5.2658205909e-13 1.1113676624e-12
3.6041259766e+02 1.6371764845e-12 5.2600836374e-13 1.1111681207e-12
3.6047363281e+02 1.6342257473e-12 5.2498135509e-13 1.1092443922e-12
3.6053466797e+02 1.6302594750e-12 5.2377231542e-13 1.1064871596e-12
3.6059570312e+02 1.6267363599e-12 5.2272894266e-13 1.1040074172e-12
3.6065673828e+02 1.6247939989e-12 5.2219908458e-13 1.1025949143e-12
3.6071777344e+02 1.6246946002e-12 5.2235731009e-13 1.1023372901e-12
3.6077880859e+02 1.6255243372e-12 5.2296835112e-13 1.1025559860e-12
3.6083984375e+02 1.6258367226e-12 5.2349732835e-13 1.1023393943e-12
3.6090087891e+02 1.6248611133e-12 5.2360774400e-13 1.1012533693e-12
3.6096191406e+02 1.6230362058e-12 5.2344790854e-13 1.0995882972e-12
3.6102294922e+02 1.6212908005e-12 5.2335489442e-13 1.0979359061e-12
3.6108398438e+02 1.6197248879e-12 5.2334139418e-13 1.0963834937e-12
3.6114501953e+02 1.6172896223e-12 5.2295619568e-13 1.0943334266e-12
3.6120605469e+02 1.6132146674e-12 5.2170490823e-13 1.0915097592e-12
3.6126708984e+02 1.6083182082e-12 5.1961010629e-13 1.0887081019e-12
3.6132812500e+02 1.6044080754e-12 5.1740747704e-13 1.0870005984e-12
3.6138916016e+02 1.6028318723e-12 5.1618486574e-13 1.0866470065e-12
3.6145019531e+02 1.6036213901e-12 5.1652554050e-13 1.0870958496e-12
3.6151123047e+02 1.6052941453e-12 5.1787459430e-13 1.0874195510e-12
3.6157226562e+02 1.6055739891e-12 5.1900239711e-13 1.0865715920e-12
3.6163330078e+02 1.6031130213e-12 5.1911349795e-13 1.0839995233e-12
3.6169433594e+02 1.5986824122e-12 5.1835331649e-13 1.0803290957e-12
3.6175537109e+02 1.5943068497e-12 5.1740821851e-13 1.0768986312e-12
3.6181640625e+02 1.5912978176e-12 5.1684277437e-13 1.0744550432e-12
3.6187744141e+02 1.5894867619e-12 5.1670004790e-13 1.0727867140e-12
3.6193847656e+02 1.5880118395e-12 5.1650903846e-13 1.0715028010e-12
3.6199951172e+02 1.5861278833e-12 5.1571185322e-13 1.0704160301e-12
3.6206054688e+02 1.5834357403e-12 5.1422377104e-13 1.0692119693e-12
3.6212158203e+02 1.5800560063e-12 5.1254638329e-13 1.0675096230e-12
3.6218261719e+02 1.5765158341e-12 5.1121719387e-13 1.0652986402e-12
3.6224365234e+02 1.5730950078e-12 5.1022553170e-13 1.0628694761e-12
3.6230468750e+02 1.5696271015e-12 5.0918959588e-13 1.0604375057e-12
3.6236572266e+02 1.5661091506e-12 5.0800564249e-13 1.0581035081e-12
3.6242675781e+02 1.5628742802e-12 5.0695283794e-13 1.0559214422e-12
3.6248779297e+02 1.5598927545e-12 5.0618749672e-13 1.0537052577e-12
3.6254882812e+02 1.5565152208e-12 5.0549969393e-13 1.0510155268e-12
3.6260986328e+02 1.5522505555e-12 5.0461130679e-13 1.0476392487e-12
3.6267089844e+02 1.5473746375e-12 5.0349416102e-13 1.0438804765e-12
3.6273193359e+02 1.5425389400e-12 5.0232842911e-13 1.0402105109e-12
3.6279296875e+02 1.5380425004e-12 5.0121764023e-13 1.0368248602e-12
3.6285400391e+02 1.5335721902e-12 5.0004707962e-13 1.0335251106e-12
3.6291503906e+02 1.5285072913e-12 4.9867819902e-13 1.0298290922e-12
3.6297607422e+02 1.5225267121e-12 4.9716836376e-13 1.0253583483e-12
3.6303710938e+02 1.5159687832e-12 4.9567132436e-13 1.0202974588e-12
3.6309814453e+02 1.5094788875e-12 4.9418679939e-13 1.0152920881e-12
3.6315917969e+02 1.5034614061e-12 4.9258227547e-13 1.0108791306e-12
3.6322021484e+02 1.4980487348e-12 4.9089073748e-13 1.0071579973e-12
3.6328125000e+02 1.4932836552e-12 4.8938382476e-13 1.0038998304e-12
3.6334228516e+02 1.4892053022e-12 4.8829184560e-13 1.0009134566e-12
3.6340332031e+02 1.4858655330e-12 4.8760339593e-13 9.9826213703e-13
3.6346435547e+02 1.4829477180e-12 4.8706484652e-13 9.9588287146e-13
3.6352539062e+02 1.4796011420e-12 4.8630600815e-13 9.9329513383e-13
3.6358642578e+02 1.4753546381e-12 4.8514168827e-13 9.9021294981e-13
3.6364746094e+02 1.4706629678e-12 4.8370428164e-13 9.8695868619e-13
3.6370849609e+02 1.4659404918e-12 4.8218233845e-13 9.8375815340e-13
3.6376953125e+02 1.4610555402e-12 4.8068156390e-13 9.8037397626e-13
3.6383056641e+02 1.4563233520e-12 4.7938985142e-13 9.7693350061e-13
3.6389160156e+02 1.4526896280e-12 4.7850772771e-13 9.7418190033e-13
3.6395263672e+02 1.4502464159e-12 4.7792028220e-13 9.7232613375e-13
3.6401367188e+02 1.4476054904e-12 4.7718130473e-13 9.7042418565e-13
3.6407470703e+02 1.4434444255e-12 4.7592950593e-13 9.6751491954e-13
3.6413574219e+02 1.4381916899e-12 4.7427487761e-13 9.6391681232e-13
3.6419677734e+02 1.4335633707e-12 4.7267666319e-13 9.6088670754e-13
3.6425781250e+02 1.4306855564e-12 4.7150236226e-13 9.5918319409e-13
3.6431884766e+02 1.4294045035e-12 4.7092499672e-13 9.5847950676e-13
3.6437988281e+02 1.4291943019e-12 4.7108548444e-13 9.5810881746e-13
3.6444091797e+02 1.4296612519e-12 4.7192785425e-13 9.5773339766e-13
3.6450195312e+02 1.4299625440e-12 4.7289708796e-13 9.5706545601e-13
3.6456298828e+02 1.4288156923e-12 4.7319661147e-13 9.5561908084e-13
3.6462402344e+02 1.4256727115e-12 4.7244696438e-13 9.5322574716e-13
3.6468505859e+02 1.4211391393e-12 4.7088019073e-13 9.5025894860e-13
3.6474609375e+02 1.4158671628e-12 4.6892548086e-13 9.4694168198e-13
3.6480712891e+02 1.4097711528e-12 4.6685483737e-13 9.4291631547e-13
3.6486816406e+02 1.4026829707e-12 4.6478672224e-13 9.3789624847e-13
3.6492919922e+02 1.3951534772e-12 4.6276166974e-13 9.3239180750e-13
3.6499023438e+02 1.3883164299e-12 4.6083088442e-13 9.2748554543e-13
3.6505126953e+02 1.3832572100e-12 4.5919764572e-13 9.2405956430e-13
3.6511230469e+02 1.3802767758e-12 4.5808037267e-13 9.2219640318e-13
3.6517333984e+02 1.3785855251e-12 4.5739972063e-13 9.2118580451e-13
3.6523437500e+02 1.3771969629e-12 4.5690111296e-13 9.2029584992e-13
3.6529541016e+02 1.3760213654e-12 4.5653903644e-13 9.1948232897e-13
3.6535644531e+02 1.3753546605e-12 4.5634990536e-13 9.1900475516e-13
3.6541748047e+02 1.3746149252e-12 4.5602251685e-13 9.1859240836e-13
3.6547851562e+02 1.3727354545e-12 4.5511319573e-13 9.1762225881e-13
3.6553955078e+02 1.3697892977e-12 4.5370355051e-13 9.1608574721e-13
3.6560058594e+02 1.3671527590e-12 4.5240326942e-13 9.1474948963e-13
3.6566162109e+02 1.3658319251e-12 4.5169266332e-13 9.1413926178e-13
3.6572265625e+02 1.3654913882e-12 4.5156496522e-13 9.1392642296e-13
3.6578369141e+02 1.3653755212e-12 4.5175636432e-13 9.1361915685e-13
3.6584472656e+02 1.3653874536e-12 4.5207624349e-13 9.1331121007e-13
3.6590576172e+02 1.3659127320e-12 4.5248616070e-13 9.1342657131e-13
3.6596679688e+02 1.3667944790e-12 4.5291087964e-13 9.1388359936e-13
3.6602783203e+02 1.3668394336e-12 4.5308006136e-13 9.1375937225e-13
3.6608886719e+02 1.3651000064e-12 4.5279445390e-13 9.1230555254e-13
3.6614990234e+02 1.3625335066e-12 4.5227324477e-13 9.1026026186e-13
3.6621093750e+02 1.3612856609e-12 4.5191884575e-13 9.0936681513e-13
3.6627197266e+02 1.3624504324e-12 4.5185774731e-13 9.1059268511e-13
3.6633300781e+02 1.3652357852e-12 4.5193151070e-13 9.1330427450e-13
3.6639404297e+02 1.3677579705e-12 4.5191347514e-13 9.1584449539e-13
3.6645507812e+02 1.3682537376e-12 4.5160844394e-13 9.1664529366e-13
3.6651611328e+02 1.3662096685e-12 4.5095201685e-13 9.1525765168e-13
3.6657714844e+02 1.3627083964e-12 4.5010995648e-13 9.1259843987e-13
3.6663818359e+02 1.3595835469e-12 4.4939315480e-13 9.1019039210e-13
3.6669921875e+02 1.3579324558e-12 4.4895474273e-13 9.0897771305e-13
3.6676025391e+02 1.3571231052e-12 4.4860205257e-13 9.0852105267e-13
3.6682128906e+02 1.3555486076e-12 4.4807652756e-13 9.0747208009e-13
3.6688232422e+02 1.3525205442e-12 4.4744396321e-13 9.0507658100e-13
3.6694335938e+02 1.3488377662e-12 4.4695396453e-13 9.0188380170e-13
3.6700439453e+02 1.3453965066e-12 4.4652703857e-13 8.9886946798e-13
3.6706542969e+02 1.3420275713e-12 4.4569592218e-13 8.9633164913e-13
3.6712646484e+02 1.3381533258e-12 4.4422136356e-13 8.9393196224e-13
3.6718750000e+02 1.3340259513e-12 4.4250326197e-13 8.9152268931e-13
3.6724853516e+02 1.3304442504e-12 4.4114169082e-13 8.8930255961e-13
3.6730957031e+02 1.3273973495e-12 4.4028653199e-13 8.8711081751e-13
3.6737060547e+02 1.3239871529e-12 4.3962440941e-13 8.8436274345e-13
3.6743164062e+02 1.3198085552e-12 4.3884046423e-13 8.8096809101e-13
3.6749267578e+02 1.3155464892e-12 4.3788860415e-13 8.7765788509e-13
3.6755371094e+02 1.3121415513e-12 4.3690005416e-13 8.7524149716e-13
3.6761474609e+02 1.3101967712e-12 4.3606100717e-13 8.7413576407e-13
3.6767578125e+02 1.3099646292e-12 4.3556026154e-13 8.7440436764e-13
3.6773681641e+02 1.3108376720e-12 4.3538668609e-13 8.7545098592e-13
3.6779785156e+02 1.3112388087e-12 4.3516916978e-13 8.7606963889e-13
3.6785888672e+02 1.3100044376e-12 4.3447820095e-13 8.7552623662e-13
3.6791992188e+02 1.3074204754e-12 4.3328814294e-13 8.7413233244e-13
3.6798095703e+02 1.3045036497e-12 4.3200046259e-13 8.7250318709e-13
3.6804199219e+02 1.3020128007e-12 4.3106904403e-13 8.7094375666e-13
3.6810302734e+02 1.3001932333e-12 4.3062329625e-13 8.6956993708e-13
3.6816406250e+02 1.2987749353e-12 4.3041765902e-13 8.6835727629e-13
3.6822509766e+02 1.2973901920e-12 4.3024309452e-13 8.6714709743e-13
3.6828613281e+02 1.2962378643e-12 4.3027481250e-13 8.6596305181e-13
3.6834716797e+02 1.2958431223e-12 4.3071832574e-13 8.6512479660e-13
3.6840820312e+02 1.2961907222e-12 4.3126666266e-13 8.6492405957e-13
3.6846923828e+02 1.2965353378e-12 4.3128633663e-13 8.6524900119e-13
3.6853027344e+02 1.2958644666e-12 4.3047178480e-13 8.6539268180e-13
3.6859130859e+02 1.2934464031e-12 4.2907248474e-13 8.6437391841e-13
3.6865234375e+02 1.2893559434e-12 4.2755788399e-13 8.6179805938e-13
3.6871337891e+02 1.2844907805e-12 4.2623953959e-13 8.5825124090e-13
3.6877441406e+02 1.2798236804e-12 4.2518759679e-13 8.5463608357e-13
3.6883544922e+02 1.2757514313e-12 4.2437133311e-13 8.5138009819e-13
3.6889648438e+02 1.2721909747e-12 4.2373789719e-13 8.4845307746e-13
3.6895751953e+02 1.2691206068e-12 4.2316468220e-13 8.4595592464e-13
3.6901855469e+02 1.2669093959e-12 4.2253100329e-13 8.4437839261e-13
3.6907958984e+02 1.2659195569e-12 4.2186562755e-13 8.4405392936e-13
3.6914062500e+02 1.2658759432e-12 4.2132684228e-13 8.4454910091e-13
3.6920166016e+02 1.2660822810e-12 4.2109548529e-13 8.4498679575e-13
3.6926269531e+02 1.2661823330e-12 4.2126404549e-13 8.4491828748e-13
3.6932373047e+02 1.2663668011e-12 4.2174248294e-13 8.4462431813e-13
3.6938476562e+02 1.2671687779e-12 4.2240521331e-13 8.4476356454e-13
3.6944580078e+02 1.2691690011e-12 4.2329148357e-13 8.4587751754e-13
3.6950683594e+02 1.2721590908e-12 4.2435322342e-13 8.4780586740e-13
3.6956787109e+02 1.2744140448e-12 4.2507343020e-13 8.4934061458e-13
3.6962890625e+02 1.2737058492e-12 4.2479012345e-13 8.4891572571e-13
3.6968994141e+02 1.2695910819e-12 4.2352683743e-13 8.4606424450e-13
3.6975097656e+02 1.2642362538e-12 4.2211718622e-13 8.4211906763e-13
3.6981201172e+02 1.2606154040e-12 4.2134156478e-13 8.3927383920e-13
3.6987304688e+02 1.2600680661e-12 4.2126110207e-13 8.3880696402e-13
3.6993408203e+02 1.2616457270e-12 4.2146909532e-13 8.4017663170e-13
3.6999511719e+02 1.2635243471e-12 4.2164695158e-13 8.4187739553e-13
3.7005615234e+02 1.2648485330e-12 4.2181748452e-13 8.4303104853e-13
3.7011718750e+02 1.2660661910e-12 4.2223578162e-13 8.4383040937e-13
3.7017822266e+02 1.2675202062e-12 4.2295963215e-13 8.4456057403e-13
3.7023925781e+02 1.2685402403e-12 4.2360578000e-13 8.4493446032e-13
3.7030029297e+02 1.2684405578e-12 4.2380659816e-13 8.4463395959e-13
3.7036132812e+02 1.2676419796e-12 4.2371844810e-13 8.4392353155e-13
3.7042236328e+02 1.2673108327e-12 4.2380528838e-13 8.4350554428e-13
3.7048339844e+02 1.2684294792e-12 4.2434920279e-13 8.4408027643e-13
3.7054443359e+02 1.2710819433e-12 4.2524603795e-13 8.4583590538e-13
3.7060546875e+02 1.2740394978e-12 4.2605873103e-13 8.4798076678e-13
3.7066650391e+02 1.2755694619e-12 4.2637140755e-13 8.4919805435e-13
3.7072753906e+02 1.2748828940e-12 4.2611741043e-13 8.4876548362e-13
3.7078857422e+02 1.2721985087e-12 4.2540769173e-13 8.4679081695e-13
3.7084960938e+02 1.2680075694e-12 4.2431771429e-13 8.4368985510e-13
3.7091064453e+02 1.2632752310e-12 4.2305928827e-13 8.4021594276e-13
3.7097167969e+02 1.2598096786e-12 4.2208315701e-13 8.3772652158e-13
3.7103271484e+02 1.2593553038e-12 4.2184880528e-13 8.3750649849e-13
3.7109375000e+02 1.2620092576e-12 4.2248402285e-13 8.3952523472e-13
3.7115478516e+02 1.2658548151e-12 4.2361753219e-13 8.4223728287e-13
3.7121582031e+02 1.2686156787e-12 4.2466127275e-13 8.4395440597e-13
3.7127685547e+02 1.2695932811e-12 4.2528823600e-13 8.4430504512e-13
3.7133789062e+02 1.2697225325e-12 4.2551245576e-13 8.4421007678e-13
3.7139892578e+02 1.2700558233e-12 4.2539206616e-13 8.4466375718e-13
3.7145996094e+02 1.2706287026e-12 4.2491402722e-13 8.4571467541e-13
3.7152099609e+02 1.2707284931e-12 4.2420531458e-13 8.4652317852e-13
3.7158203125e+02 1.2698539900e-12 4.2355947570e-13 8.4629451429e-13
3.7164306641e+02 1.2683175953e-12 4.2317168917e-13 8.4514590610e-13
3.7170410156e+02 1.2671100277e-12 4.2306529363e-13 8.4404473403e-13
3.7176513672e+02 1.2672172478e-12 4.2327924077e-13 8.4393800702e-13
3.7182617188e+02 1.2689894119e-12 4.2391562011e-13 8.4507379176e-13
3.7188720703e+02 1.2720126516e-12 4.2490884344e-13 8.4710380818e-13
3.7194824219e+02 1.2754581760e-12 4.2592057584e-13 8.4953760015e-13
3.7200927734e+02 1.2786032098e-12 4.2661797540e-13 8.5198523438e-13
3.7207031250e+02 1.2810765521e-12 4.2693121045e-13 8.5414534161e-13
3.7213134766e+02 1.2826557455e-12 4.2696437151e-13 8.5569137397e-13
3.7219238281e+02 1.2832298112e-12 4.2682465824e-13 8.5640515301e-13
3.7225341797e+02 1.2832361967e-12 4.2661132592e-13 8.5662487082e-13
3.7231445312e+02 1.2834460511e-12 4.2641320895e-13 8.5703284212e-13
3.7237548828e+02 1.2838557200e-12 4.2620846694e-13 8.5764725305e-13
3.7243652344e+02 1.2835713831e-12 4.2585789348e-13 8.5771348961e-13
3.7249755859e+02 1.2822275413e-12 4.2534456378e-13 8.5688297755e-13
3.7255859375e+02 1.2808816597e-12 4.2498658543e-13 8.5589507423e-13
3.7261962891e+02 1.2811507498e-12 4.2522319597e-13 8.5592755382e-13
3.7268066406e+02 1.2837092125e-12 4.2616304446e-13 8.5754616800e-13
3.7274169922e+02 1.2877474268e-12 4.2749473544e-13 8.6025269132e-13
3.7280273438e+02 1.2918550545e-12 4.2885422025e-13 8.6300083429e-13
3.7286376953e+02 1.2952639699e-12 4.3010612135e-13 8.6515784851e-13
3.7292480469e+02 1.2980778600e-12 4.3122869389e-13 8.6684916608e-13
3.7298583984e+02 1.3004936648e-12 4.3209801204e-13 8.6839565281e-13
3.7304687500e+02 1.3021891774e-12 4.3249781620e-13 8.6969136121e-13
3.7310791016e+02 1.3027198482e-12 4.3232439345e-13 8.7039545477e-13
3.7316894531e+02 1.3022347268e-12 4.3171145299e-13 8.7052327377e-13
3.7322998047e+02 1.3014304808e-12 4.3095291555e-13 8.7047756528e-13
3.7329101562e+02 1.3011440854e-12 4.3043770605e-13 8.7070637931e-13
3.7335205078e+02 1.3021370317e-12 4.3058014189e-13 8.7155688980e-13
3.7341308594e+02 1.3047388614e-12 4.3150916940e-13 8.7322969203e-13
3.7347412109e+02 1.3085645501e-12 4.3285068201e-13 8.7571386805e-13
3.7353515625e+02 1.3127358857e-12 4.3404430276e-13 8.7869158289e-13
3.7359619141e+02 1.3163986197e-12 4.3485766253e-13 8.8154095716e-13
3.7365722656e+02 1.3191609865e-12 4.3546865469e-13 8.8369233177e-13
3.7371826172e+02 1.3211128230e-12 4.3605128129e-13 8.8506154173e-13
3.7377929688e+02 1.3225004183e-12 4.3644722594e-13 8.8605319236e-13
3.7384033203e+02 1.3234857560e-12 4.3638439606e-13 8.8710135997e-13
3.7390136719e+02 1.3241138394e-12 4.3589809319e-13 8.8821574619e-13
3.7396240234e+02 1.3244371708e-12 4.3537688230e-13 8.8906028851e-13
3.7402343750e+02 1.3246755277e-12 4.3522456532e-13 8.8945096234e-13
3.7408447266e+02 1.3250913373e-12 4.3549698325e-13 8.8959435403e-13
3.7414550781e+02 1.3256808174e-12 4.3588646571e-13 8.8979435171e-13
3.7420654297e+02 1.3262262131e-12 4.3609175777e-13 8.9013445534e-13
3.7426757812e+02 1.3267247128e-12 4.3610415470e-13 8.9062055810e-13
3.7432861328e+02 1.3275703223e-12 4.3616502325e-13 8.9140529904e-13
3.7438964844e+02 1.3291336173e-12 4.3656403720e-13 8.9256958006e-13
3.7445068359e+02 1.3312219527e-12 4.3734438717e-13 8.9387756556e-13
3.7451171875e+02 1.3331810193e-12 4.3816358119e-13 8.9501743810e-13
3.7457275391e+02 1.3346168858e-12 4.3863719624e-13 8.9597968954e-13
3.7463378906e+02 1.3358556496e-12 4.3879217531e-13 8.9706347431e-13
3.7469482422e+02 1.3376341719e-12 4.3904626033e-13 8.9858791162e-13
3.7475585938e+02 1.3404332203e-12 4.3975050669e-13 9.0068271365e-13
3.7481689453e+02 1.3439360264e-12 4.4075409262e-13 9.0318193378e-13
3.7487792969e+02 1.3471316219e-12 4.4152250679e-13 9.0560911507e-13
3.7493896484e+02 1.3494224578e-12 4.4179612331e-13 9.0762633454e-13
3.7500000000e+02 1.3515353362e-12 4.4194781649e-13 9.0958751967e-13
3.7506103516e+02 1.3546787467e-12 4.4250874012e-13 9.1217000660e-13
3.7512207031e+02 1.3590701224e-12 4.4354631606e-13 9.1552380638e-13
3.7518310547e+02 1.3640207977e-12 4.4478088560e-13 9.1923991210e-13
3.7524414062e+02 1.3688594254e-12 4.4604568522e-13 9.2281374022e-13
3.7530517578e+02 1.3730471131e-12 4.4726409295e-13 9.2578302017e-13
3.7536621094e+02 1.3762045589e-12 4.4827532776e-13 9.2792923115e-13
3.7542724609e+02 1.3785814621e-12 4.4901783223e-13 9.2956362984e-13
3.7548828125e+02 1.3809990083e-12 4.4967523432e-13 9.3132377401e-13
3.7554931641e+02 1.3842436497e-12 4.5048688922e-13 9.3375676045e-13
3.7561035156e+02 1.3885559537e-12 4.5154247958e-13 9.3701347414e-13
3.7567138672e+02 1.3933281871e-12 4.5278546356e-13 9.4054272357e-13
3.7573242188e+02 1.3973706584e-12 4.5408005176e-13 9.4329060662e-13
3.7579345703e+02 1.3999006025e-12 4.5518572346e-13 9.4471487909e-13
3.7585449219e+02 1.4012813352e-12 4.5579278660e-13 9.4548854859e-13
3.7591552734e+02 1.4027192775e-12 4.5582833832e-13 9.4689093921e-13
3.7597656250e+02 1.4053115222e-12 4.5568198113e-13 9.4962954111e-13
3.7603759766e+02 1.4093512339e-12 4.5589019844e-13 9.5346103541e-13
3.7609863281e+02 1.4144827318e-12 4.5668262322e-13 9.5780010862e-13
3.7615966797e+02 1.4203326479e-12 4.5798976416e-13 9.6234288377e-13
3.7622070312e+02 1.4266041730e-12 4.5964502850e-13 9.6695914451e-13
3.7628173828e+02 1.4325652036e-12 4.6139733790e-13 9.7116786572e-13
3.7634277344e+02 1.4370933417e-12 4.6295829851e-13 9.7413504322e-13
3.7640380859e+02 1.4397080464e-12 4.6419620502e-13 9.7551184139e-13
3.7646484375e+02 1.4412781869e-12 4.6520027591e-13 9.7607791100e-13
3.7652587891e+02 1.4432152371e-12 4.6613734705e-13 9.7707789003e-13
3.7658691406e+02 1.4460516549e-12 4.6712564696e-13 9.7892600793e-13
3.7664794922e+02 1.4492272831e-12 4.6822913196e-13 9.8099815116e-13
3.7670898438e+02 1.4520467117e-12 4.6938584535e-13 9.8266086639e-13
3.7677001953e+02 1.4542322551e-12 4.7028431891e-13 9.8394793614e-13
3.7683105469e+02 1.4556870202e-12 4.7056916096e-13 9.8511785927e-13
3.7689208984e+02 1.4563019273e-12 4.7025627438e-13 9.8604565290e-13
3.7695312500e+02 1.4561769090e-12 4.6976112194e-13 9.8641578705e-13
3.7701416016e+02 1.4558282173e-12 4.6948570305e-13 9.8634251421e-13
3.7707519531e+02 1.4558423184e-12 4.6946547173e-13 9.8637684672e-13
3.7713623047e+02 1.4561972236e-12 4.6944356145e-13 9.8675366212e-13
3.7719726562e+02 1.4562236133e-12 4.6920428779e-13 9.8701932552e-13
3.7725830078e+02 1.4553718230e-12 4.6869810802e-13 9.8667371500e-13
3.7731933594e+02 1.4536352759e-12 4.6794876213e-13 9.8568651373e-13
3.7738037109e+02 1.4513566550e-12 4.6711383604e-13 9.8424281892e-13
3.7744140625e+02 1.4491448928e-12 4.6652120100e-13 9.8262369184e-13
3.7750244141e+02 1.4477263788e-12 4.6634387333e-13 9.8138250544e-13
3.7756347656e+02 1.4475571043e-12 4.6637317555e-13 9.8118392870e-13
3.7762451172e+02 1.4485974792e-12 4.6630871291e-13 9.8228876625e-13
3.7768554688e+02 1.4501588236e-12 4.6610037685e-13 9.8405844678e-13
3.7774658203e+02 1.4510483227e-12 4.6592216348e-13 9.8512615925e-13
3.7780761719e+02 1.4504187258e-12 4.6591788161e-13 9.8450084422e-13
3.7786865234e+02 1.4484755793e-12 4.6599273562e-13 9.8248284368e-13
3.7792968750e+02 1.4461695828e-12 4.6591655885e-13 9.8025302395e-13
3.7799072266e+02 1.4443357061e-12 4.6564288564e-13 9.7869282045e-13
3.7805175781e+02 1.4431821815e-12 4.6535101589e-13 9.7783116565e-13
3.7811279297e+02 1.4424910397e-12 4.6517661448e-13 9.7731442524e-13
3.7817382812e+02 1.4422254487e-12 4.6514779795e-13 9.7707765070e-13
3.7823486328e+02 1.4426476045e-12 4.6532719206e-13 9.7732041246e-13
3.7829589844e+02 1.4435534188e-12 4.6567433265e-13 9.7787908619e-13
3.7835693359e+02 1.4439662711e-12 4.6586407352e-13 9.7810219755e-13
3.7841796875e+02 1.4432326041e-12 4.6560597410e-13 9.7762663002e-13
3.7847900391e+02 1.4418184252e-12 4.6503968416e-13 9.7677874106e-13
3.7854003906e+02 1.4404710824e-12 4.6455084286e-13 9.7592023955e-13
3.7860107422e+02 1.4393575472e-12 4.6432104680e-13 9.7503650037e-13
3.7866210938e+02 1.4385909816e-12 4.6427147292e-13 9.7431950863e-13
3.7872314453e+02 1.4388064484e-12 4.6435197504e-13 9.7445447336e-13
3.7878417969e+02 1.4402994415e-12 4.6463325057e-13 9.7566619096e-13
3.7884521484e+02 1.4422533024e-12 4.6516501962e-13 9.7708828281e-13
3.7890625000e+02 1.4438745292e-12 4.6592353359e-13 9.7795099557e-13
3.7896728516e+02 1.4454598580e-12 4.6672715445e-13 9.7873270351e-13
3.7902832031e+02 1.4475206703e-12 4.6719890249e-13 9.8032176785e-13
3.7908935547e+02 1.4499661744e-12 4.6721266057e-13 9.8275351383e-13
3.7915039062e+02 1.4526199986e-12 4.6725598772e-13 9.8536401088e-13
3.7921142578e+02 1.4555939244e-12 4.6790546580e-13 9.8768845861e-13
3.7927246094e+02 1.4590185894e-12 4.6916612130e-13 9.8985246809e-13
3.7933349609e+02 1.4628504928e-12 4.7061524228e-13 9.9223525057e-13
3.7939453125e+02 1.4668029615e-12 4.7189617728e-13 9.9490678423e-13
3.7945556641e+02 1.4703620341e-12 4.7293281443e-13 9.9742921962e-13
3.7951660156e+02 1.4731162621e-12 4.7386253452e-13 9.9925372762e-13
3.7957763672e+02 1.4751346800e-12 4.7479339976e-13 1.0003412803e-12
3.7963867188e+02 1.4769275475e-12 4.7561625254e-13 1.0013112949e-12
3.7969970703e+02 1.4790991335e-12 4.7613862885e-13 1.0029605047e-12
3.7976074219e+02 1.4821125877e-12 4.7641749478e-13 1.0056950929e-12
3.7982177734e+02 1.4860123676e-12 4.7681438284e-13 1.0091979848e-12
3.7988281250e+02 1.4899114653e-12 4.7749746883e-13 1.0124139965e-12
3.7994384766e+02 1.4922830218e-12 4.7803336593e-13 1.0142496559e-12
3.8000488281e+02 1.4924546155e-12 4.7789294679e-13 1.0145616687e-12
3.8006591797e+02 1.4912783991e-12 4.7720614304e-13 1.0140722560e-12
3.8012695312e+02 1.4899165512e-12 4.7655737499e-13 1.0133591762e-12
3.8018798828e+02 1.4887527233e-12 4.7623709272e-13 1.0125156306e-12
3.8024902344e+02 1.4876457272e-12 4.7606998810e-13 1.0115757391e-12
3.8031005859e+02 1.4863933377e-12 4.7584403421e-13 1.0105493035e-12
3.8037109375e+02 1.4849865246e-12 4.7571511358e-13 1.0092714110e-12
3.8043212891e+02 1.4838055260e-12 4.7606733979e-13 1.0077381862e-12
3.8049316406e+02 1.4831375594e-12 4.7684602081e-13 1.0062915386e-12
3.8055419922e+02 1.4824880544e-12 4.7728515506e-13 1.0052028994e-12
3.8061523438e+02 1.4809412165e-12 4.7662280768e-13 1.0043184088e-12
3.8067626953e+02 1.4781801903e-12 4.7492118633e-13 1.0032590040e-12
3.8073730469e+02 1.4749899762e-12 4.7300596106e-13 1.0019840152e-12
3.8079833984e+02 1.4727472028e-12 4.7176301125e-13 1.0009841915e-12
3.8085937500e+02 1.4719325924e-12 4.7145042989e-13 1.0004821625e-12
3.8092041016e+02 1.4712149083e-12 4.7151926524e-13 9.9969564302e-13
3.8098144531e+02 1.4688582315e-12 4.7122979621e-13 9.9762843528e-13
3.8104248047e+02 1.4646288339e-12 4.7036420991e-13 9.9426462397e-13
3.8110351562e+02 1.4595585814e-12 4.6915285036e-13 9.9040573103e-13
3.8116455078e+02 1.4548949969e-12 4.6792057150e-13 9.8697442545e-13
3.8122558594e+02 1.4518205865e-12 4.6700322380e-13 9.8481736275e-13
3.8128662109e+02 1.4508019667e-12 4.6653021090e-13 9.8427175578e-13
3.8134765625e+02 1.4508104024e-12 4.6622608380e-13 9.8458431859e-13
3.8140869141e+02 1.4499982322e-12 4.6570359038e-13 9.8429464187e-13
3.8146972656e+02 1.4471505322e-12 4.6482695974e-13 9.8232357250e-13
3.8153076172e+02 1.4424328452e-12 4.6369552083e-13 9.7873732435e-13
3.8159179688e+02 1.4371663760e-12 4.6248219463e-13 9.7468418141e-13
3.8165283203e+02 1.4328017208e-12 4.6136043309e-13 9.7144128772e-13
3.8171386719e+02 1.4297824875e-12 4.6043653799e-13 9.6934594946e-13
3.8177490234e+02 1.4273204096e-12 4.5966485436e-13 9.6765555522e-13
3.8183593750e+02 1.4243246601e-12 4.5890980909e-13 9.6541485100e-13
3.8189697266e+02 1.4205475663e-12 4.5809239212e-13 9.6245517414e-13
3.8195800781e+02 1.4165150373e-12 4.5715299141e-13 9.5936204591e-13
3.8201904297e+02 1.4126571977e-12 4.5603182668e-13 9.5662537101e-13
3.8208007812e+02 1.4093501932e-12 4.5489738265e-13 9.5445281059e-13
3.8214111328e+02 1.4071914874e-12 4.5410664878e-13 9.5308483861e-13
3.8220214844e+02 1.4062325949e-12 4.5375525799e-13 9.5247733690e-13
3.8226318359e+02 1.4056504157e-12 4.5360289743e-13 9.5204751831e-13
3.8232421875e+02 1.4047129098e-12 4.5344493082e-13 9.5126797901e-13
3.8238525391e+02 1.4033518355e-12 4.5322212978e-13 9.5012970574e-13
3.8244628906e+02 1.4017338620e-12 4.5291997639e-13 9.4881388561e-13
3.8250732422e+02 1.3997791302e-12 4.5257159348e-13 9.4720753670e-13
3.8256835938e+02 1.3970854046e-12 4.5214656934e-13 9.4493883529e-13
3.8262939453e+02 1.3933475652e-12 4.5143077887e-13 9.4191678632e-13
3.8269042969e+02 1.3889383641e-12 4.5025892692e-13 9.3867943715e-13
3.8275146484e+02 1.3849261722e-12 4.4882121251e-13 9.3610495969e-13
3.8281250000e+02 1.3824647381e-12 4.4760891155e-13 9.3485582658e-13
3.8287353516e+02 1.3820487927e-12 4.4710951859e-13 9.3493927409e-13
3.8293457031e+02 1.3831547947e-12 4.4751851401e-13 9.3563628067e-13
3.8299560547e+02 1.3846098593e-12 4.4857306783e-13 9.3603679150e-13
3.8305664062e+02 1.3854469316e-12 4.4968222377e-13 9.3576470786e-13
3.8311767578e+02 1.3854900173e-12 4.5035499926e-13 9.3513501802e-13
3.8317871094e+02 1.3851841352e-12 4.5046847726e-13 9.3471565792e-13
3.8323974609e+02 1.3850168470e-12 4.5016267443e-13 9.3485417258e-13
3.8330078125e+02 1.3850913850e-12 4.4967024537e-13 9.3542113968e-13
3.8336181641e+02 1.3850542895e-12 4.4920276589e-13 9.3585152361e-13
3.8342285156e+02 1.3845292872e-12 4.4885946087e-13 9.3566982633e-13
3.8348388672e+02 1.3837491213e-12 4.4867277115e-13 9.3507635017e-13
3.8354492188e+02 1.3835191485e-12 4.4872282679e-13 9.3479632171e-13
3.8360595703e+02 1.3843893844e-12 4.4908251288e-13 9.3530687151e-13
3.8366699219e+02 1.3858897018e-12 4.4957969390e-13 9.3631000793e-13
3.8372802734e+02 1.3867569335e-12 4.4974218248e-13 9.3701475101e-13
3.8378906250e+02 1.3862144101e-12 4.4922776233e-13 9.3698664778e-13
3.8385009766e+02 1.3847745321e-12 4.4824165643e-13 9.3653287567e-13
3.8391113281e+02 1.3833135629e-12 4.4726793339e-13 9.3604562953e-13
3.8397216797e+02 1.3818673662e-12 4.4654137943e-13 9.3532598676e-13
3.8403320312e+02 1.3800149380e-12 4.4603091606e-13 9.3398402193e-13
3.8409423828e+02 1.3778536524e-12 4.4572066813e-13 9.3213298431e-13
3.8415527344e+02 1.3756745889e-12 4.4558554889e-13 9.3008903997e-13
3.8421630859e+02 1.3731180462e-12 4.4540025159e-13 9.2771779457e-13
3.8427734375e+02 1.3697337797e-12 4.4490405435e-13 9.2482972534e-13
3.8433837891e+02 1.3659979124e-12 4.4408339545e-13 9.2191451693e-13
3.8439941406e+02 1.3626295502e-12 4.4300986649e-13 9.1961968374e-13
3.8446044922e+02 1.3593268825e-12 4.4159337812e-13 9.1773350440e-13
3.8452148438e+02 1.3551750877e-12 4.3980170064e-13 9.1537338703e-13
3.8458251953e+02 1.3498845746e-12 4.3791639349e-13 9.1196818109e-13
3.8464355469e+02 1.3439598210e-12 4.3627423691e-13 9.0768558406e-13
3.8470458984e+02 1.3379832504e-12 4.3488298326e-13 9.0310026710e-13
3.8476562500e+02 1.3321628248e-12 4.3352116771e-13 8.9864165711e-13
3.8482666016e+02 1.3265053686e-12 4.3214076477e-13 8.9436460378e-13
3.8488769531e+02 1.3213052701e-12 4.3099345310e-13 8.9031181699e-13
3.8494873047e+02 1.3172447904e-12 4.3029754501e-13 8.8694724536e-13
3.8500976562e+02 1.3146150619e-12 4.2982697021e-13 8.8478809172e-13
3.8507080078e+02 1.3125263039e-12 4.2902523705e-13 8.8350106682e-13
3.8513183594e+02 1.3094569647e-12 4.2760868192e-13 8.8184828280e-13
3.8519287109e+02 1.3047962143e-12 4.2585576612e-13 8.7894044823e-13
3.8525390625e+02 1.2994888704e-12 4.2425465891e-13 8.7523421144e-13
3.8531494141e+02 1.2949509854e-12 4.2309680367e-13 8.7185418169e-13
3.8537597656e+02 1.2917178870e-12 4.2241166177e-13 8.6930622525e-13
3.8543701172e+02 1.2892872317e-12 4.2199632325e-13 8.6729090846e-13
3.8549804688e+02 1.2867844414e-12 4.2144338292e-13 8.6534105846e-13
3.8555908203e+02 1.2836201806e-12 4.2041176693e-13 8.6320841367e-13
3.8562011719e+02 1.2797176847e-12 4.1894577486e-13 8.6077190986e-13
3.8568115234e+02 1.2751280019e-12 4.1731891815e-13 8.5780908371e-13
3.8574218750e+02 1.2698313807e-12 4.1564295346e-13 8.5418842726e-13
3.8580322266e+02 1.2642048665e-12 4.1389158272e-13 8.5031328378e-13
3.8586425781e+02 1.2589660430e-12 4.1216145833e-13 8.4680458463e-13
3.8592529297e+02 1.2543821983e-12 4.1066858017e-13 8.4371361812e-13
3.8598632812e+02 1.2501043777e-12 4.0954745789e-13 8.4055691982e-13
3.8604736328e+02 1.2457017502e-12 4.0870828901e-13 8.3699346123e-13
3.8610839844e+02 1.2411136602e-12 4.0790180834e-13 8.3321185185e-13
3.8616943359e+02 1.2369709200e-12 4.0700744194e-13 8.2996347808e-13
3.8623046875e+02 1.2344991649e-12 4.0621976958e-13 8.2827939536e-13
3.8629150391e+02 1.2344659525e-12 4.0582828978e-13 8.2863766272e-13
3.8635253906e+02 1.2360683476e-12 4.0585204208e-13 8.3021630550e-13
3.8641357422e+02 1.2374467049e-12 4.0602880569e-13 8.3141789924e-13
3.8647460938e+02 1.2372839980e-12 4.0604605888e-13 8.3123793911e-13
3.8653564453e+02 1.2353054575e-12 4.0558623829e-13 8.2971921925e-13
3.8659667969e+02 1.2317696319e-12 4.0445005403e-13 8.2731957790e-13
3.8665771484e+02 1.2274598169e-12 4.0294472584e-13 8.2451509105e-13
3.8671875000e+02 1.2235620458e-12 4.0176658132e-13 8.2179546448e-13
3.8677978516e+02 1.2206626441e-12 4.0120888793e-13 8.1945375613e-13
3.8684082031e+02 1.2182970324e-12 4.0084570790e-13 8.1745132447e-13
3.8690185547e+02 1.2157967724e-12 4.0017967987e-13 8.1561709255e-13
3.8696289062e+02 1.2133096907e-12 3.9931149329e-13 8.1399819745e-13
3.8702392578e+02 1.2118865962e-12 3.9880091975e-13 8.1308567641e-13
3.8708496094e+02 1.2123038404e-12 3.9899201155e-13 8.1331182890e-13
3.8714599609e+02 1.2138733510e-12 3.9965411653e-13 8.1421923450e-13
3.8720703125e+02 1.2150537023e-12 4.0026840647e-13 8.1478529578e-13
3.8726806641e+02 1.2150178736e-12 4.0048286433e-13 8.1453500932e-13
3.8732910156e+02 1.2139995730e-12 4.0027523807e-13 8.1372433495e-13
3.8739013672e+02 1.2125700516e-12 3.9982584086e-13 8.1274421077e-13
3.8745117188e+02 1.2111410246e-12 3.9928960999e-13 8.1185141462e-13
3.8751220703e+02 1.2098781542e-12 3.9867426650e-13 8.1120388770e-13
3.8757324219e+02 1.2087633301e-12 3.9794683742e-13 8.1081649265e-13
3.8763427734e+02 1.2076544701e-12 3.9720185572e-13 8.1045261439e-13
3.8769531250e+02 1.2062822570e-12 3.9660681916e-13 8.0967543783e-13
3.8775634766e+02 1.2044794334e-12 3.9623294431e-13 8.0824648904e-13
3.8781738281e+02 1.2025369867e-12 3.9607010261e-13 8.0646688413e-13
3.8787841797e+02 1.2009759950e-12 3.9609487470e-13 8.0488112031e-13
3.8793945312e+02 1.1999104888e-12 3.9618020634e-13 8.0373028244e-13
3.8800048828e+02 1.1989230695e-12 3.9607756187e-13 8.0284550763e-13
3.8806152344e+02 1.1974713435e-12 3.9561112152e-13 8.0186022198e-13
3.8812255859e+02 1.1953266460e-12 3.9484444133e-13 8.0048220465e-13
3.8818359375e+02 1.1929067315e-12 3.9408851055e-13 7.9881822095e-13
3.8824462891e+02 1.1910160561e-12 3.9369473396e-13 7.9732132218e-13
3.8830566406e+02 1.1898134319e-12 3.9366267400e-13 7.9615075791e-13
3.8836669922e+02 1.1884164888e-12 3.9355570955e-13 7.9486077928e-13
3.8842773438e+02 1.1860469003e-12 3.9303019083e-13 7.9301670947e-13
3.8848876953e+02 1.1830594404e-12 3.9228423161e-13 7.9077520878e-13
3.8854980469e+02 1.1803068313e-12 3.9170778764e-13 7.8859904364e-13
3.8861083984e+02 1.1781246989e-12 3.9131924834e-13 7.8680545053e-13
3.8867187500e+02 1.1763596954e-12 3.9083085780e-13 7.8552883756e-13
3.8873291016e+02 1.1745261184e-12 3.8998706404e-13 7.8453905436e-13
3.8879394531e+02 1.1718148901e-12 3.8867723850e-13 7.8313765162e-13
3.8885498047e+02 1.1680336921e-12 3.8706565291e-13 7.8096803918e-13
3.8891601562e+02 1.1642898324e-12 3.8563304416e-13 7.7865678825e-13
3.8897705078e+02 1.1617948168e-12 3.8475707561e-13 7.7703774123e-13
3.8903808594e+02 1.1605827939e-12 3.8437891580e-13 7.7620387814e-13
3.8909912109e+02 1.1600175569e-12 3.8429860859e-13 7.7571894830e-13
3.8916015625e+02 1.1598032501e-12 3.8448811483e-13 7.7531513524e-13
3.8922119141e+02 1.1600174132e-12 3.8494627240e-13 7.7507114084e-13
3.8928222656e+02 1.1607134793e-12 3.8555180448e-13 7.7516167486e-13
3.8934326172e+02 1.1617596855e-12 3.8612545311e-13 7.7563423239e-13
3.8940429688e+02 1.1627449169e-12 3.8645104407e-13 7.7629387288e-13
3.8946533203e+02 1.1629672971e-12 3.8629087253e-13 7.7667642460e-13
3.8952636719e+02 1.1618057799e-12 3.8553759112e-13 7.7626818874e-13
3.8958740234e+02 1.1595181087e-12 3.8443717675e-13 7.7508093200e-13
3.8964843750e+02 1.1574824052e-12 3.8358260831e-13 7.7389979687e-13
3.8970947266e+02 1.1568584254e-12 3.8340460810e-13 7.7345381729e-13
3.8977050781e+02 1.1571933266e-12 3.8364899121e-13 7.7354433538e-13
3.8983154297e+02 1.1571559353e-12 3.8367624755e-13 7.7347968780e-13
3.8989257812e+02 1.1562320320e-12 3.8326767023e-13 7.7296436179e-13
3.8995361328e+02 1.1549802426e-12 3.8280231007e-13 7.7217793255e-13
3.9001464844e+02 1.1540820768e-12 3.8266479328e-13 7.7141728347e-13
3.9007568359e+02 1.1536519037e-12 3.8278829634e-13 7.7086360732e-13
3.9013671875e+02 1.1532432849e-12 3.8283682698e-13 7.7040645792e-13
3.9019775391e+02 1.1523773233e-12 3.8264296718e-13 7.6973435610e-13
3.9025878906e+02 1.1511753239e-12 3.8233945297e-13 7.6883587094e-13
3.9031982422e+02 1.1503138525e-12 3.8213416430e-13 7.6817968818e-13
3.9038085938e+02 1.1502686878e-12 3.8212377847e-13 7.6814490932e-13
3.9044189453e+02 1.1509418766e-12 3.8232382905e-13 7.6861804755e-13
3.9050292969e+02 1.1519278115e-12 3.8264093817e-13 7.6928687328e-13
3.9056396484e+02 1.1527361525e-12 3.8281240679e-13 7.6992374571e-13
3.9062500000e+02 1.1530351681e-12 3.8265530545e-13 7.7037986269e-13
3.9068603516e+02 1.1531002374e-12 3.8238207137e-13 7.7071816602e-13
3.9074707031e+02 1.1538582075e-12 3.8247494053e-13 7.7138326701e-13
3.9080810547e+02 1.1560140009e-12 3.8321387652e-13 7.7280012443e-13
3.9086914062e+02 1.1590974216e-12 3.8437174609e-13 7.7472567548e-13
3.9093017578e+02 1.1619533716e-12 3.8543293575e-13 7.7652043589e-13
3.9099121094e+02 1.1641076639e-12 3.8611894199e-13 7.7798872193e-13
3.9105224609e+02 1.1659280850e-12 3.8654605156e-13 7.7938203347e-13
3.9111328125e+02 1.1677205539e-12 3.8687433973e-13 7.8084621418e-13
3.9117431641e+02 1.1694243071e-12 3.8710651157e-13 7.8231779550e-13
3.9123535156e+02 1.1710084381e-12 3.8731507174e-13 7.8369336631e-13
3.9129638672e+02 1.1726250894e-12 3.8772366190e-13 7.8490142754e-13
3.9135742188e+02 1.1743902218e-12 3.8838231020e-13 7.8600791155e-13
3.9141845703e+02 1.1762737542e-12 3.8903086489e-13 7.8724288931e-13
3.9147949219e+02 1.1781476873e-12 3.8944358997e-13 7.8870409731e-13
3.9154052734e+02 1.1798450073e-12 3.8974162879e-13 7.9010337848e-13
3.9160156250e+02 1.1813576341e-12 3.9024587830e-13 7.9111175580e-13
3.9166259766e+02 1.1829577421e-12 3.9102560467e-13 7.9193213743e-13
3.9172363281e+02 1.1847649541e-12 3.9169192513e-13 7.9307302896e-13
3.9178466797e+02 1.1863064284e-12 3.9181428752e-13 7.9449214085e-13
3.9184570312e+02 1.1870261478e-12 3.9147674776e-13 7.9554940006e-13
3.9190673828e+02 1.1871345441e-12 3.9119521515e-13 7.9593932900e-13
3.9196777344e+02 1.1874944478e-12 3.9137983547e-13 7.9611461229e-13
3.9202880859e+02 1.1887691971e-12 3.9206840011e-13 7.9670079702e-13
3.9208984375e+02 1.1908992791e-12 3.9299791170e-13 7.9790136744e-13
3.9215087891e+02 1.1930809299e-12 3.9372697841e-13 7.9935395148e-13
3.9221191406e+02 1.1942139259e-12 3.9387756753e-13 8.0033635832e-13
3.9227294922e+02 1.1939344294e-12 3.9349941127e-13 8.0043501816e-13
3.9233398438e+02 1.1932009594e-12 3.9307896677e-13 8.0012199267e-13
3.9239501953e+02 1.1934585807e-12 3.9304672618e-13 8.0041185451e-13
3.9245605469e+02 1.1952834212e-12 3.9343176416e-13 8.0185165702e-13
3.9251708984e+02 1.1978886976e-12 3.9400753509e-13 8.0388116246e-13
3.9257812500e+02 1.1998984716e-12 3.9454641920e-13 8.0535205236e-13
3.9263916016e+02 1.2007094215e-12 3.9494443280e-13 8.0576498868e-13
3.9270019531e+02 1.2008697814e-12 3.9520610284e-13 8.0566367854e-13
3.9276123047e+02 1.2009370618e-12 3.9527933109e-13 8.0565773069e-13
3.9282226562e+02 1.2006470187e-12 3.9505430666e-13 8.0559271200e-13
3.9288330078e+02 1.1996557333e-12 3.9461288469e-13 8.0504284860e-13
3.9294433594e+02 1.1983598072e-12 3.9421764483e-13 8.0414216239e-13
3.9300537109e+02 1.1974857797e-12 3.9400921695e-13 8.0347656272e-13
3.9306640625e+02 1.1973457962e-12 3.9394491236e-13 8.0340088379e-13
3.9312744141e+02 1.1977368589e-12 3.9397747089e-13 8.0375938798e-13
3.9318847656e+02 1.1983121791e-12 3.9407837701e-13 8.0423380208e-13
3.9324951172e+02 1.1990324153e-12 3.9416853633e-13 8.0486387898e-13
3.9331054688e+02 1.2001646924e-12 3.9419780895e-13 8.0596688346e-13
3.9337158203e+02 1.2016476557e-12 3.9420813630e-13 8.0743951938e-13
3.9343261719e+02 1.2029087704e-12 3.9423678658e-13 8.0867198378e-13
3.9349365234e+02 1.2035600804e-12 3.9425094130e-13 8.0930913912e-13
3.9355468750e+02 1.2036451756e-12 3.9419657278e-13 8.0944860281e-13
3.9361572266e+02 1.2032181174e-12 3.9407722742e-13 8.0914089003e-13
3.9367675781e+02 1.2023988818e-12 3.9399357299e-13 8.0840530885e-13
3.9373779297e+02 1.2016395543e-12 3.9405320110e-13 8.0758635323e-13
3.9379882812e+02 1.2013585158e-12 3.9424060960e-13 8.0711790621e-13
3.9385986328e+02 1.2014094176e-12 3.9444606611e-13 8.0696335146e-13
3.9392089844e+02 1.2012098395e-12 3.9457509277e-13 8.0663474669e-13
3.9398193359e+02 1.2004565936e-12 3.9459860416e-13 8.0585798946e-13
3.9404296875e+02 1.1994824453e-12 3.9454297914e-13 8.0493946611e-13
3.9410400391e+02 1.1987521227e-12 3.9438199069e-13 8.0437013200e-13
3.9416503906e+02 1.1983420942e-12 3.9394164023e-13 8.0440045395e-13
3.9422607422e+02 1.1981382478e-12 3.9308856652e-13 8.0504968124e-13
3.9428710938e+02 1.1982729749e-12 3.9209516403e-13 8.0617781090e-13
3.9434814453e+02 1.1991538083e-12 3.9162870501e-13 8.0752510325e-13
3.9440917969e+02 1.2010392647e-12 3.9214494230e-13 8.0889432243e-13
3.9447021484e+02 1.2036194202e-12 3.9334836724e-13 8.1027105295e-13
3.9453125000e+02 1.2062130471e-12 3.9450715175e-13 8.1170589537e-13
3.9459228516e+02 1.2084666548e-12 3.9527288954e-13 8.1319376530e-13
3.9465332031e+02 1.2105838652e-12 3.9587172036e-13 8.1471214484e-13
3.9471435547e+02 1.2127912448e-12 3.9650925840e-13 8.1628198639e-13
3.9477539062e+02 1.2150606955e-12 3.9706121452e-13 8.1799948097e-13
3.9483642578e+02 1.2175251452e-12 3.9750403390e-13 8.2002111126e-13
3.9489746094e+02 1.2205316204e-12 3.9816478513e-13 8.2236683522e-13
3.9495849609e+02 1.2240022966e-12 3.9926390344e-13 8.2473839313e-13
3.9501953125e+02 1.2273463017e-12 4.0056589185e-13 8.2678040981e-13
3.9508056641e+02 1.2302028620e-12 4.0170302720e-13 8.2849983480e-13
3.9514160156e+02 1.2326894227e-12 4.0258849929e-13 8.3010092342e-13
3.9520263672e+02 1.2348900556e-12 4.0336853732e-13 8.3152151826e-13
3.9526367188e+02 1.2367774563e-12 4.0413493963e-13 8.3264251664e-13
3.9532470703e+02 1.2385877591e-12 4.0482255727e-13 8.3376520178e-13
3.9538574219e+02 1.2406380474e-12 4.0540224349e-13 8.3523580393e-13
3.9544677734e+02 1.2430110393e-12 4.0607364361e-13 8.3693739568e-13
3.9550781250e+02 1.2458711544e-12 4.0708853064e-13 8.3878262379e-13
3.9556884766e+02 1.2495201761e-12 4.0837196529e-13 8.4114821085e-13
3.9562988281e+02 1.2536936196e-12 4.0948425588e-13 8.4420936372e-13
3.9569091797e+02 1.2574170105e-12 4.1003414292e-13 8.4738286762e-13
3.9575195312e+02 1.2600060699e-12 4.1006550714e-13 8.4994056274e-13
3.9581298828e+02 1.2617213116e-12 4.0996242842e-13 8.5175888322e-13
3.9587402344e+02 1.2631043680e-12 4.1001152691e-13 8.5309284106e-13
3.9593505859e+02 1.2642662435e-12 4.1020436729e-13 8.5406187617e-13
3.9599609375e+02 1.2651938187e-12 4.1047088495e-13 8.5472293375e-13
3.9605712891e+02 1.2661413505e-12 4.1087461491e-13 8.5526673558e-13
3.9611816406e+02 1.2673208593e-12 4.1144818829e-13 8.5587267101e-13
3.9617919922e+02 1.2684891711e-12 4.1200069494e-13 8.5648847612e-13
3.9624023438e+02 1.2689899559e-12 4.1226682041e-13 8.5672313553e-13
3.9630126953e+02 1.2681804636e-12 4.1214623057e-13 8.5603423300e-13
3.9636230469e+02 1.2660768194e-12 4.1168674885e-13 8.5439007056e-13
3.9642333984e+02 1.2637964385e-12 4.1103543784e-13 8.5276100064e-13
3.9648437500e+02 1.2628774870e-12 4.1046630947e-13 8.5241117757e-13
3.9654541016e+02 1.2637481210e-12 4.1020558520e-13 8.5354253584e-13
3.9660644531e+02 1.2655227353e-12 4.1030668827e-13 8.5521604705e-13
3.9666748047e+02 1.2674374799e-12 4.1084383545e-13 8.5659364444e-13
3.9672851562e+02 1.2693600501e-12 4.1185873227e-13 8.5750131782e-13
3.9678955078e+02 1.2710314513e-12 4.1300334353e-13 8.5802810776e-13
3.9685058594e+02 1.2722301937e-12 4.1373050410e-13 8.5849968956e-13
3.9691162109e+02 1.2734694378e-12 4.1393408368e-13 8.5953535415e-13
3.9697265625e+02 1.2753319585e-12 4.1400697349e-13 8.6132498502e-13
3.9703369141e+02 1.2773681783e-12 4.1422486719e-13 8.6314331108e-13
3.9709472656e+02 1.2784375687e-12 4.1439162213e-13 8.6404594660e-13
3.9715576172e+02 1.2780605148e-12 4.1422438790e-13 8.6383612693e-13
3.9721679688e+02 1.2770287527e-12 4.1383030344e-13 8.6319844925e-13
3.9727783203e+02 1.2765545649e-12 4.1355540055e-13 8.6299916438e-13
3.9733886719e+02 1.2770185284e-12 4.1353068463e-13 8.6348784380e-13
3.9739990234e+02 1.2778453912e-12 4.1363969219e-13 8.6420569905e-13
3.9746093750e+02 1.2785671196e-12 4.1386095522e-13 8.6470616441e-13
3.9752197266e+02 1.2794267283e-12 4.1434157837e-13 8.6508514991e-13
3.9758300781e+02 1.2807710377e-12 4.1514104833e-13 8.6562998937e-13
3.9764404297e+02 1.2825801454e-12 4.1617105255e-13 8.6640909281e-13
3.9770507812e+02 1.2846986764e-12 4.1730282908e-13 8.6739584732e-13
3.9776611328e+02 1.2868269434e-12 4.1831712856e-13 8.6850981481e-13
3.9782714844e+02 1.2882630392e-12 4.1885103912e-13 8.6941200009e-13
3.9788818359e+02 1.2881618981e-12 4.1855395664e-13 8.6960794146e-13
3.9794921875e+02 1.2862729561e-12 4.1738289051e-13 8.6889006556e-13
3.9801025391e+02 1.2833881691e-12 4.1576988578e-13 8.6761828336e-13
3.9807128906e+02 1.2808935848e-12 4.1436661020e-13 8.6652697459e-13
3.9813232422e+02 1.2797699978e-12 4.1354805660e-13 8.6622194115e-13
3.9819335938e+02 1.2799613485e-12 4.1321369828e-13 8.6674765025e-13
3.9825439453e+02 1.2805937806e-12 4.1305098730e-13 8.6754279335e-13
3.9831542969e+02 1.2808389872e-12 4.1294585352e-13 8.6789313366e-13
3.9837646484e+02 1.2806231711e-12 4.1305106246e-13 8.6757210862e-13
3.9843750000e+02 1.2805501120e-12 4.1342439338e-13 8.6712571863e-13
3.9849853516e+02 1.2812405916e-12 4.1385823846e-13 8.6738235311e-13
3.9855957031e+02 1.2826566533e-12 4.1420523986e-13 8.6845141345e-13
3.9862060547e+02 1.2840705306e-12 4.1460259196e-13 8.6946793864e-13
3.9868164062e+02 1.2848973329e-12 4.1523588577e-13 8.6966144713e-13
3.9874267578e+02 1.2853320257e-12 4.1606337610e-13 8.6926864963e-13
3.9880371094e+02 1.2859134006e-12 4.1684918017e-13 8.6906422044e-13
3.9886474609e+02 1.2868190466e-12 4.1736120068e-13 8.6945784591e-13
3.9892578125e+02 1.2877741442e-12 4.1751434166e-13 8.7025980258e-13
3.9898681641e+02 1.2884050405e-12 4.1741848552e-13 8.7098655493e-13
3.9904785156e+02 1.2885786570e-12 4.1728832983e-13 8.7129032713e-13
3.9910888672e+02 1.2885020129e-12 4.1725906254e-13 8.7124295033e-13
3.9916992188e+02 1.2886386552e-12 4.1734866139e-13 8.7128999380e-13
3.9923095703e+02 1.2893606500e-12 4.1752750700e-13 8.7183314300e-13
3.9929199219e+02 1.2904558360e-12 4.1767313426e-13 8.7278270170e-13
3.9935302734e+02 1.2911989258e-12 4.1755240462e-13 8.7364652119e-13
3.9941406250e+02 1.2911334408e-12 4.1704009738e-13 8.7409334341e-13
3.9947509766e+02 1.2907849510e-12 4.1640167014e-13 8.7438328088e-13
3.9953613281e+02 1.2913064743e-12 4.1618099594e-13 8.7512547836e-13
3.9959716797e+02 1.2930993543e-12 4.1663396131e-13 8.7646539297e-13
3.9965820312e+02 1.2952459453e-12 4.1744528192e-13 8.7780066337e-13
3.9971923828e+02 1.2966491753e-12 4.1817627787e-13 8.7847289746e-13
3.9978027344e+02 1.2969941893e-12 4.1872562447e-13 8.7826856478e-13
3.9984130859e+02 1.2963091930e-12 4.1909487380e-13 8.7721431918e-13
3.9990234375e+02 1.2946365286e-12 4.1906257636e-13 8.7557395226e-13
3.9996337891e+02 1.2926457515e-12 4.1853502596e-13 8.7411072556e-13
4.0002441406e+02 1.2916027403e-12 4.1793242868e-13 8.7367031166e-13
4.0008544922e+02 1.2920206559e-12 4.1775504374e-13 8.7426561212e-13
4.0014648438e+02 1.2929026675e-12 4.1794321431e-13 8.7495945317e-13
4.0020751953e+02 1.2928129982e-12 4.1801206971e-13 8.7480092849e-13
4.0026855469e+02 1.2913176769e-12 4.1769331716e-13 8.7362435974e-13
4.0032958984e+02 1.2891940488e-12 4.1722260194e-13 8.7197144689e-13
4.0039062500e+02 1.2876535638e-12 4.1704041141e-13 8.7061315241e-13
4.0045166016e+02 1.2875246031e-12 4.1732115860e-13 8.7020344453e-13
4.0051269531e+02 1.2887307011e-12 4.1781518367e-13 8.7091551747e-13
4.0057373047e+02 1.2902559952e-12 4.1812196345e-13 8.7213403173e-13
4.0063476562e+02 1.2910479599e-12 4.1808259028e-13 8.7296536960e-13
4.0069580078e+02 1.2911255892e-12 4.1787475973e-13 8.7325082946e-13
4.0075683594e+02 1.2912263574e-12 4.1771732853e-13 8.7350902887e-13
4.0081787109e+02 1.2914829612e-12 4.1758876307e-13 8.7389419815e-13
4.0087890625e+02 1.2912986671e-12 4.1733528667e-13 8.7396338044e-13
4.0093994141e+02 1.2904980001e-12 4.1695130449e-13 8.7354669565e-13
4.0100097656e+02 1.2899349777e-12 4.1665284838e-13 8.7328212936e-13
4.0106201172e+02 1.2907142995e-12 4.1670168743e-13 8.7401261207e-13
4.0112304688e+02 1.2929654887e-12 4.1718236232e-13 8.7578312640e-13
4.0118408203e+02 1.2956937993e-12 4.1792438129e-13 8.7776941800e-13
4.0124511719e+02 1.2978050120e-12 4.1857502047e-13 8.7922999150e-13
4.0130615234e+02 1.2989107173e-12 4.1881389162e-13 8.8009682572e-13
4.0136718750e+02 1.2993066350e-12 4.1867812190e-13 8.8062851311e-13
4.0142822266e+02 1.2995938920e-12 4.1863770364e-13 8.8095618834e-13
4.0148925781e+02 1.3001134964e-12 4.1911985656e-13 8.8099363980e-13
4.0155029297e+02 1.3006229189e-12 4.1998887450e-13 8.8063404436e-13
4.0161132812e+02 1.3007483516e-12 4.2071539100e-13 8.8003296061e-13
4.0167236328e+02 1.3003958214e-12 4.2095942546e-13 8.7943639589e-13
4.0173339844e+02 1.2995531257e-12 4.2077822794e-13 8.7877489780e-13
4.0179443359e+02 1.2984543778e-12 4.2043909288e-13 8.7801528492e-13
4.0185546875e+02 1.2981018623e-12 4.2028054895e-13 8.7782131338e-13
4.0191650391e+02 1.2996504580e-12 4.2059709881e-13 8.7905335919e-13
4.0197753906e+02 1.3029107751e-12 4.2139194584e-13 8.8151882927e-13
4.0203857422e+02 1.3062475030e-12 4.2232355047e-13 8.8392395254e-13
4.0209960938e+02 1.3083644486e-12 4.2307241469e-13 8.8529203391e-13
4.0216064453e+02 1.3095865739e-12 4.2366988426e-13 8.8591668963e-13
4.0222167969e+02 1.3110080812e-12 4.2432696077e-13 8.8668112041e-13
4.0228271484e+02 1.3130007903e-12 4.2504772605e-13 8.8795306425e-13
4.0234375000e+02 1.3150336169e-12 4.2557823406e-13 8.8945538281e-13
4.0240478516e+02 1.3164182876e-12 4.2567558047e-13 8.9074270711e-13
4.0246582031e+02 1.3168600402e-12 4.2534762916e-13 8.9151241102e-13
4.0252685547e+02 1.3166139917e-12 4.2489940269e-13 8.9171458897e-13
4.0258789062e+02 1.3160645429e-12 4.2466139837e-13 8.9140314455e-13
4.0264892578e+02 1.3149793380e-12 4.2455814283e-13 8.9042119514e-13
4.0270996094e+02 1.3127773775e-12 4.2418574354e-13 8.8859163391e-13
4.0277099609e+02 1.3097914156e-12 4.2346267120e-13 8.8632874440e-13
4.0283203125e+02 1.3072653222e-12 4.2280076545e-13 8.8446455671e-13
4.0289306641e+02 1.3057441590e-12 4.2243586380e-13 8.8330829519e-13
4.0295410156e+02 1.3044894827e-12 4.2205652905e-13 8.8243295363e-13
4.0301513672e+02 1.3026095690e-12 4.2126822118e-13 8.8134134781e-13
4.0307617188e+02 1.2999628811e-12 4.2006215437e-13 8.7990072677e-13
4.0313720703e+02 1.2971812490e-12 4.1880381981e-13 8.7837742916e-13
4.0319824219e+02 1.2951833641e-12 4.1793261099e-13 8.7725075312e-13
4.0325927734e+02 1.2940066816e-12 4.1751943722e-13 8.7648724440e-13
4.0332031250e+02 1.2921629292e-12 4.1711431579e-13 8.7504861337e-13
4.0338134766e+02 1.2881697929e-12 4.1625113474e-13 8.7191865816e-13
4.0344238281e+02 1.2825438746e-12 4.1501482245e-13 8.6752905218e-13
4.0350341797e+02 1.2772663678e-12 4.1389058382e-13 8.6337578398e-13
4.0356445312e+02 1.2734529036e-12 4.1315056949e-13 8.6030233407e-13
4.0362548828e+02 1.2704159316e-12 4.1262907357e-13 8.5778685805e-13
4.0368652344e+02 1.2669104127e-12 4.1203117223e-13 8.5487924050e-13
4.0374755859e+02 1.2624677874e-12 4.1119318016e-13 8.5127460721e-13
4.0380859375e+02 1.2573930409e-12 4.1006732283e-13 8.4732571806e-13
4.0386962891e+02 1.2522149431e-12 4.0870875764e-13 8.4350618550e-13
4.0393066406e+02 1.2474933333e-12 4.0731205700e-13 8.4018127627e-13
4.0399169922e+02 1.2436022543e-12 4.0607357744e-13 8.3752867681e-13
4.0405273438e+02 1.2403146682e-12 4.0498269477e-13 8.3533197342e-13
4.0411376953e+02 1.2369682617e-12 4.0387541134e-13 8.3309285033e-13
4.0417480469e+02 1.2332650873e-12 4.0269491701e-13 8.3057017033e-13
4.0423583984e+02 1.2297040627e-12 4.0161805888e-13 8.2808600378e-13
4.0429687500e+02 1.2271283931e-12 4.0089066344e-13 8.2623772969e-13
4.0435791016e+02 1.2258232971e-12 4.0052860840e-13 8.2529468872e-13
4.0441894531e+02 1.2252126445e-12 4.0027197813e-13 8.2494066636e-13
4.0447998047e+02 1.2246664873e-12 3.9991201886e-13 8.2475446844e-13
4.0454101562e+02 1.2241471165e-12 3.9950334661e-13 8.2464376993e-13
4.0460205078e+02 1.2236764373e-12 3.9912910838e-13 8.2454732889e-13
4.0466308594e+02 1.2229026668e-12 3.9867727379e-13 8.2422539298e-13
4.0472412109e+02 1.2216660014e-12 3.9802852027e-13 8.2363748116e-13
4.0478515625e+02 1.2203967831e-12 3.9730723790e-13 8.2308954519e-13
4.0484619141e+02 1.2195777373e-12 3.9677883525e-13 8.2279890201e-13
4.0490722656e+02 1.2191794136e-12 3.9657487103e-13 8.2260454256e-13
4.0496826172e+02 1.2189371147e-12 3.9664825594e-13 8.2228885880e-13
4.0502929688e+02 1.2188626247e-12 3.9690648841e-13 8.2195613630e-13
4.0509033203e+02 1.2190565260e-12 3.9725604189e-13 8.2180048415e-13
4.0515136719e+02 1.2191079904e-12 3.9755126884e-13 8.2155672156e-13
4.0521240234e+02 1.2182072942e-12 3.9758412318e-13 8.2062317107e-13
4.0527343750e+02 1.2161431619e-12 3.9721184430e-13 8.1893131758e-13
4.0533447266e+02 1.2137171641e-12 3.9647084894e-13 8.1724631514e-13
4.0539550781e+02 1.2118786337e-12 3.9549238012e-13 8.1638625363e-13
4.0545654297e+02 1.2109491284e-12 3.9444212061e-13 8.1650700774e-13
4.0551757812e+02 1.2107665974e-12 3.9357714830e-13 8.1718944909e-13
4.0557861328e+02 1.2109725571e-12 3.9312200065e-13 8.1785055643e-13
4.0563964844e+02 1.2109717054e-12 3.9302047490e-13 8.1795123047e-13
4.0570068359e+02 1.2100273696e-12 3.9297675531e-13 8.1705061426e-13
4.0576171875e+02 1.2077574542e-12 3.9277062479e-13 8.1498682943e-13
4.0582275391e+02 1.2044122423e-12 3.9236879537e-13 8.1204344688e-13
4.0588378906e+02 1.2006376267e-12 3.9179497226e-13 8.0884265442e-13
4.0594482422e+02 1.1973033636e-12 3.9117297451e-13 8.0613038914e-13
4.0600585938e+02 1.1951283185e-12 3.9075536550e-13 8.0437295301e-13
4.0606689453e+02 1.1937657732e-12 3.9056078119e-13 8.0320499199e-13
4.0612792969e+02 1.1918234683e-12 3.9016035558e-13 8.0166311270e-13
4.0618896484e+02 1.1884522322e-12 3.8915540799e-13 7.9929682425e-13
4.0625000000e+02 1.1844195539e-12 3.8772350364e-13 7.9669605025e-13
4.0631103516e+02 1.1812080205e-12 3.8643942966e-13 7.9476859088e-13
4.0637207031e+02 1.1794673689e-12 3.8564916044e-13 7.9381820848e-13
4.0643310547e+02 1.1785992450e-12 3.8518853622e-13 7.9341070876e-13
4.0649414062e+02 1.1774504719e-12 3.8463430854e-13 7.9281616341e-13
4.0655517578e+02 1.1752199043e-12 3.8370844935e-13 7.9151145493e-13
4.0661621094e+02 1.1719926261e-12 3.8248188048e-13 7.8951074564e-13
4.0667724609e+02 1.1684495738e-12 3.8125041994e-13 7.8719915384e-13
4.0673828125e+02 1.1650630206e-12 3.8026055765e-13 7.8480246297e-13
4.0679931641e+02 1.1618442493e-12 3.7958977596e-13 7.8225447336e-13
4.0686035156e+02 1.1587884015e-12 3.7920251136e-13 7.7958589018e-13
4.0692138672e+02 1.1560871279e-12 3.7897547235e-13 7.7711165551e-13
4.0698242188e+02 1.1537540351e-12 3.7866605371e-13 7.7508798143e-13
4.0704345703e+02 1.1514029772e-12 3.7801911563e-13 7.7338386156e-13
4.0710449219e+02 1.1486434610e-12 3.7702221324e-13 7.7162124772e-13
4.0716552734e+02 1.1453911954e-12 3.7595655630e-13 7.6943463914e-13
4.0722656250e+02 1.1416857503e-12 3.7507244304e-13 7.6661330722e-13
4.0728759766e+02 1.1377957488e-12 3.7435520339e-13 7.6344054540e-13
4.0734863281e+02 1.1344933623e-12 3.7372005969e-13 7.6077330264e-13
4.0740966797e+02 1.1323746947e-12 3.7316789280e-13 7.5920680188e-13
4.0747070312e+02 1.1310070635e-12 3.7264032508e-13 7.5836673841e-13
4.0753173828e+02 1.1295154418e-12 3.7202944128e-13 7.5748600052e-13
4.0759277344e+02 1.1277242613e-12 3.7137864301e-13 7.5634561833e-13
4.0765380859e+02 1.1260835132e-12 3.7085360845e-13 7.5522990479e-13
4.0771484375e+02 1.1248880917e-12 3.7057066129e-13 7.5431743043e-13
4.0777587891e+02 1.1241057017e-12 3.7052334492e-13 7.5358235680e-13
4.0783691406e+02 1.1235730412e-12 3.7052602678e-13 7.5304701444e-13
4.0789794922e+02 1.1230697865e-12 3.7029310218e-13 7.5277668433e-13
4.0795898438e+02 1.1225263733e-12 3.6976510562e-13 7.5276126768e-13
4.0802001953e+02 1.1222379971e-12 3.6924294017e-13 7.5299505689e-13
4.0808105469e+02 1.1225128088e-12 3.6903370935e-13 7.5347909950e-13
4.0814208984e+02 1.1229433168e-12 3.6903889174e-13 7.5390442506e-13
4.0820312500e+02 1.1225045415e-12 3.6885371946e-13 7.5365082200e-13
4.0826416016e+02 1.1208639306e-12 3.6833027524e-13 7.5253365540e-13
4.0832519531e+02 1.1191666088e-12 3.6789122001e-13 7.5127538883e-13
4.0838623047e+02 1.1187965552e-12 3.6807524871e-13 7.5072130652e-13
4.0844726562e+02 1.1197575281e-12 3.6885469897e-13 7.5090282912e-13
4.0850830078e+02 1.1211897091e-12 3.6968041684e-13 7.5150929230e-13
4.0856933594e+02 1.1229265788e-12 3.7013619726e-13 7.5279038150e-13
4.0863037109e+02 1.1253619228e-12 3.7025598496e-13 7.5510593787e-13
4.0869140625e+02 1.1282191789e-12 3.7027547985e-13 7.5794369904e-13
4.0875244141e+02 1.1304601108e-12 3.7034004017e-13 7.6012007064e-13
4.0881347656e+02 1.1313419553e-12 3.7046794064e-13 7.6087401466e-13
4.0887451172e+02 1.1312063297e-12 3.7067255497e-13 7.6053377475e-13
4.0893554688e+02 1.1312579418e-12 3.7101814070e-13 7.6023980109e-13
4.0899658203e+02 1.1325645314e-12 3.7153209895e-13 7.6103243245e-13
4.0905761719e+02 1.1350954928e-12 3.7215622027e-13 7.6293927248e-13
4.0911865234e+02 1.1378367137e-12 3.7285228586e-13 7.6498442782e-13
4.0917968750e+02 1.1399505459e-12 3.7364132595e-13 7.6630921991e-13
4.0924072266e+02 1.1414521333e-12 3.7443486805e-13 7.6701726524e-13
4.0930175781e+02 1.1426712631e-12 3.7496184590e-13 7.6770941717e-13
4.0936279297e+02 1.1436750543e-12 3.7503119324e-13 7.6864386107e-13
4.0942382812e+02 1.1445476426e-12 3.7484718370e-13 7.6970045889e-13
4.0948486328e+02 1.1457259204e-12 3.7490529397e-13 7.7082062643e-13
4.0954589844e+02 1.1475159205e-12 3.7546690947e-13 7.7204901106e-13
4.0960693359e+02 1.1495987896e-12 3.7629204706e-13 7.7330674252e-13
4.0966796875e+02 1.1516937321e-12 3.7710125086e-13 7.7459248121e-13
4.0972900391e+02 1.1543773267e-12 3.7809465840e-13 7.7628266828e-13
4.0979003906e+02 1.1583886954e-12 3.7963157410e-13 7.7875712133e-13
4.0985107422e+02 1.1633319482e-12 3.8151212809e-13 7.8181982016e-13
4.0991210938e+02 1.1678298594e-12 3.8304619376e-13 7.8478366566e-13
4.0997314453e+02 1.1709279517e-12 3.8384646327e-13 7.8708148843e-13
4.1003417969e+02 1.1728029637e-12 3.8410883522e-13 7.8869412847e-13
4.1009521484e+02 1.1741986850e-12 3.8414573355e-13 7.9005295149e-13
4.1015625000e+02 1.1756981224e-12 3.8411596672e-13 7.9158215572e-13
4.1021728516e+02 1.1774311579e-12 3.8416349871e-13 7.9326765919e-13
4.1027832031e+02 1.1792133973e-12 3.8442739770e-13 7.9478599956e-13
4.1033935547e+02 1.1808822748e-12 3.8486487283e-13 7.9601740196e-13
4.1040039062e+02 1.1821542275e-12 3.8519567366e-13 7.9695855382e-13
4.1046142578e+02 1.1823682455e-12 3.8511615856e-13 7.9725208695e-13
4.1052246094e+02 1.1812042067e-12 3.8463996902e-13 7.9656423772e-13
4.1058349609e+02 1.1794909074e-12 3.8412631247e-13 7.9536459492e-13
4.1064453125e+02 1.1784524165e-12 3.8388709077e-13 7.9456532576e-13
4.1070556641e+02 1.1784897781e-12 3.8395224697e-13 7.9453753110e-13
4.1076660156e+02 1.1793556064e-12 3.8425864370e-13 7.9509696269e-13
4.1082763672e+02 1.1807240062e-12 3.8473524567e-13 7.9598876051e-13
4.1088867188e+02 1.1819032848e-12 3.8509042471e-13 7.9681286006e-13
4.1094970703e+02 1.1819007814e-12 3.8491744459e-13 7.9698333678e-13
4.1101074219e+02 1.1805233076e-12 3.8426225995e-13 7.9626104761e-13
4.1107177734e+02 1.1789003596e-12 3.8372628199e-13 7.9517407766e-13
4.1113281250e+02 1.1784687459e-12 3.8374707070e-13 7.9472167515e-13
4.1119384766e+02 1.1795018819e-12 3.8408018068e-13 7.9542170121e-13
4.1125488281e+02 1.1807506819e-12 3.8418572188e-13 7.9656496003e-13
4.1131591797e+02 1.1808069766e-12 3.8391956665e-13 7.9688740991e-13
4.1137695312e+02 1.1796003044e-12 3.8362440893e-13 7.9597589544e-13
4.1143798828e+02 1.1779780782e-12 3.8356426940e-13 7.9441380885e-13
4.1149902344e+02 1.1763336778e-12 3.8354423742e-13 7.9278944041e-13
4.1156005859e+02 1.1745326587e-12 3.8322936328e-13 7.9130329539e-13
4.1162109375e+02 1.1727771348e-12 3.8262106280e-13 7.9015607201e-13
4.1168212891e+02 1.1716941145e-12 3.8206580072e-13 7.8962831379e-13
4.1174316406e+02 1.1716860093e-12 3.8189854297e-13 7.8978746638e-13
4.1180419922e+02 1.1725756070e-12 3.8215987446e-13 7.9041573255e-13
4.1186523438e+02 1.1737929497e-12 3.8263538532e-13 7.9115756437e-13
4.1192626953e+02 1.1748559605e-12 3.8310867384e-13 7.9174728670e-13
4.1198730469e+02 1.1757746030e-12 3.8352579791e-13 7.9224880504e-13
4.1204833984e+02 1.1769095198e-12 3.8393353041e-13 7.9297598942e-13
4.1210937500e+02 1.1784076382e-12 3.8432921357e-13 7.9407842461e-13
4.1217041016e+02 1.1800002484e-12 3.8464361053e-13 7.9535663792e-13
4.1223144531e+02 1.1813964336e-12 3.8488356940e-13 7.9651286417e-13
4.1229248047e+02 1.1824660073e-12 3.8517146720e-13 7.9729454013e-13
4.1235351562e+02 1.1828720068e-12 3.8552724348e-13 7.9734476328e-13
4.1241455078e+02 1.1822183333e-12 3.8574392278e-13 7.9647441051e-13
4.1247558594e+02 1.1809995840e-12 3.8567669373e-13 7.9532289030e-13
4.1253662109e+02 1.1806319779e-12 3.8552233986e-13 7.9510963806e-13
4.1259765625e+02 1.1819186853e-12 3.8558123344e-13 7.9633745188e-13
4.1265869141e+02 1.1841019270e-12 3.8589130342e-13 7.9821062357e-13
4.1271972656e+02 1.1859735924e-12 3.8631601020e-13 7.9965758222e-13
4.1278076172e+02 1.1873291535e-12 3.8682557686e-13 8.0050357663e-13
4.1284179688e+02 1.1887895968e-12 3.8745974502e-13 8.0132985181e-13
4.1290283203e+02 1.1905950340e-12 3.8808847043e-13 8.0250656359e-13
4.1296386719e+02 1.1921957192e-12 3.8845557626e-13 8.0374014291e-13
4.1302490234e+02 1.1930928651e-12 3.8851868345e-13 8.0457418163e-13
4.1308593750e+02 1.1935548686e-12 3.8853870616e-13 8.0501616243e-13
4.1314697266e+02 1.1942751693e-12 3.8877964771e-13 8.0549552163e-13
4.1320800781e+02 1.1957348853e-12 3.8928731741e-13 8.0644756794e-13
4.1326904297e+02 1.1979624231e-12 3.8994266916e-13 8.0801975396e-13
4.1333007812e+02 1.2005533520e-12 3.9060478040e-13 8.0994857163e-13
4.1339111328e+02 1.2029233807e-12 3.9120561782e-13 8.1171776287e-13
4.1345214844e+02 1.2047474617e-12 3.9171778067e-13 8.1302968101e-13
4.1351318359e+02 1.2062502600e-12 3.9209921786e-13 8.1415104218e-13
4.1357421875e+02 1.2080636394e-12 3.9238226523e-13 8.1568137421e-13
4.1363525391e+02 1.2105454314e-12 3.9266047534e-13 8.1788495608e-13
4.1369628906e+02 1.2131643229e-12 3.9284489793e-13 8.2031942493e-13
4.1375732422e+02 1.2150108124e-12 3.9274499294e-13 8.2226581950e-13
4.1381835938e+02 1.2159071157e-12 3.9252012167e-13 8.2338699400e-13
4.1387939453e+02 1.2163816090e-12 3.9258252864e-13 8.2379908034e-13
4.1394042969e+02 1.2166951170e-12 3.9292557227e-13 8.2376954474e-13
4.1400146484e+02 1.2166955066e-12 3.9310300413e-13 8.2359250244e-13
4.1406250000e+02 1.2165251921e-12 3.9299596128e-13 8.2352923080e-13
4.1412353516e+02 1.2166124816e-12 3.9300619249e-13 8.2360628913e-13
4.1418457031e+02 1.2168900506e-12 3.9334090745e-13 8.2354914313e-13
4.1424560547e+02 1.2167171847e-12 3.9365005094e-13 8.2306713372e-13
4.1430664062e+02 1.2158151919e-12 3.9358961620e-13 8.2222557573e-13
4.1436767578e+02 1.2148381915e-12 3.9334316163e-13 8.2149502985e-13
4.1442871094e+02 1.2147527760e-12 3.9333728762e-13 8.2141548842e-13
4.1448974609e+02 1.2158834425e-12 3.9369457469e-13 8.2218886779e-13
4.1455078125e+02 1.2175629199e-12 3.9413935262e-13 8.2342356724e-13
4.1461181641e+02 1.2185031642e-12 3.9428559433e-13 8.2421756985e-13
4.1467285156e+02 1.2178402435e-12 3.9399813433e-13 8.2384210921e-13
4.1473388672e+02 1.2161033956e-12 3.9355429011e-13 8.2254910546e-13
4.1479492188e+02 1.2147473486e-12 3.9332980274e-13 8.2141754587e-13
4.1485595703e+02 1.2145706459e-12 3.9331207146e-13 8.2125857441e-13
4.1491699219e+02 1.2149855851e-12 3.9314137258e-13 8.2184421253e-13
4.1497802734e+02 1.2149004810e-12 3.9265297489e-13 8.2224750610e-13
4.1503906250e+02 1.2139894171e-12 3.9210740898e-13 8.2188200815e-13
4.1510009766e+02 1.2128473471e-12 3.9176650490e-13 8.2108084220e-13
4.1516113281e+02 1.2119933729e-12 3.9151677038e-13 8.2047660252e-13
4.1522216797e+02 1.2111924184e-12 3.9114063492e-13 8.2005178353e-13
4.1528320312e+02 1.2100102038e-12 3.9072794489e-13 8.1928225894e-13
4.1534423828e+02 1.2086636055e-12 3.9056990068e-13 8.1809370482e-13
4.1540527344e+02 1.2077919357e-12 3.9079522827e-13 8.1699670742e-13
4.1546630859e+02 1.2075909698e-12 3.9128812732e-13 8.1630284243e-13
4.1552734375e+02 1.2078869788e-12 3.9188317963e-13 8.1600379920e-13
4.1558837891e+02 1.2087605151e-12 3.9246468372e-13 8.1629583142e-13
4.1564941406e+02 1.2102795320e-12 3.9288824661e-13 8.1739128544e-13
4.1571044922e+02 1.2120058824e-12 3.9301528195e-13 8.1899060044e-13
4.1577148438e+02 1.2133824043e-12 3.9286444247e-13 8.2051796182e-13
4.1583251953e+02 1.2143504068e-12 3.9264629843e-13 8.2170410836e-13
4.1589355469e+02 1.2154707055e-12 3.9269856134e-13 8.2277214419e-13
4.1595458984e+02 1.2175324085e-12 3.9329949544e-13 8.2423291308e-13
4.1601562500e+02 1.2206750899e-12 3.9435662970e-13 8.2631846016e-13
4.1607666016e+02 1.2239220056e-12 3.9542793294e-13 8.2849407266e-13
4.1613769531e+02 1.2261302633e-12 3.9620016329e-13 8.2993010004e-13
4.1619873047e+02 1.2271976431e-12 3.9671826055e-13 8.3047938257e-13
4.1625976562e+02 1.2279173838e-12 3.9710214026e-13 8.3081524350e-13
4.1632080078e+02 1.2290914693e-12 3.9736336729e-13 8.3172810198e-13
4.1638183594e+02 1.2310070936e-12 3.9753514178e-13 8.3347195179e-13
4.1644287109e+02 1.2332765971e-12 3.9770678552e-13 8.3556981160e-13
4.1650390625e+02 1.2351736583e-12 3.9794007683e-13 8.3723358148e-13
4.1656494141e+02 1.2363001727e-12 3.9824203298e-13 8.3805813969e-13
4.1662597656e+02 1.2366706851e-12 3.9849632929e-13 8.3817435580e-13
4.1668701172e+02 1.2365573888e-12 3.9855621090e-13 8.3800117786e-13
4.1674804688e+02 1.2368368606e-12 3.9857887479e-13 8.3825798585e-13
4.1680908203e+02 1.2388108723e-12 3.9899676124e-13 8.3981411109e-13
4.1687011719e+02 1.2429484879e-12 3.9998815972e-13 8.4296032815e-13
4.1693115234e+02 1.2482420499e-12 4.0120854523e-13 8.4703350465e-13
4.1699218750e+02 1.2532304834e-12 4.0221497460e-13 8.5101550880e-13
4.1705322266e+02 1.2572599400e-12 4.0300188604e-13 8.5425805397e-13
4.1711425781e+02 1.2605678932e-12 4.0390220585e-13 8.5666568732e-13
4.1717529297e+02 1.2636943365e-12 4.0509324263e-13 8.5860109386e-13
4.1723632812e+02 1.2670442917e-12 4.0644694009e-13 8.6059735159e-13
4.1729736328e+02 1.2706068524e-12 4.0771552061e-13 8.6289133178e-13
4.1735839844e+02 1.2740116254e-12 4.0869666250e-13 8.6531496286e-13
4.1741943359e+02 1.2771725904e-12 4.0940993822e-13 8.6776265219e-13
4.1748046875e+02 1.2806239509e-12 4.1015934425e-13 8.7046460663e-13
4.1754150391e+02 1.2847923942e-12 4.1124437450e-13 8.7354801970e-13
4.1760253906e+02 1.2893634182e-12 4.1266493227e-13 8.7669848596e-13
4.1766357422e+02 1.2937775816e-12 4.1419339334e-13 8.7958418829e-13
4.1772460938e+02 1.2979353831e-12 4.1555393147e-13 8.8238145161e-13
4.1778564453e+02 1.3020982384e-12 4.1649147057e-13 8.8560676779e-13
4.1784667969e+02 1.3063573706e-12 4.1692818794e-13 8.8942918268e-13
4.1790771484e+02 1.3105164733e-12 4.1718420124e-13 8.9333227208e-13
4.1796875000e+02 1.3144842701e-12 4.1786851569e-13 8.9661575439e-13
4.1802978516e+02 1.3184440973e-12 4.1934468516e-13 8.9909941211e-13
4.1809082031e+02 1.3224512080e-12 4.2133353991e-13 9.0111766813e-13
4.1815185547e+02 1.3260883423e-12 4.2313335299e-13 9.0295498933e-13
4.1821289062e+02 1.3287958021e-12 4.2418225726e-13 9.0461354480e-13
4.1827392578e+02 1.3305433444e-12 4.2443856608e-13 9.0610477829e-13
4.1833496094e+02 1.3319302441e-12 4.2431931899e-13 9.0761092508e-13
4.1839599609e+02 1.3335290770e-12 4.2424170552e-13 9.0928737147e-13
4.1845703125e+02 1.3353042665e-12 4.2425367821e-13 9.1105058831e-13
4.1851806641e+02 1.3367921621e-12 4.2421998149e-13 9.1257218060e-13
4.1857910156e+02 1.3378077433e-12 4.2423727774e-13 9.1357046555e-13
4.1864013672e+02 1.3388185427e-12 4.2464990657e-13 9.1416863610e-13
4.1870117188e+02 1.3404334846e-12 4.2566443275e-13 9.1476905188e-13
4.1876220703e+02 1.3425234661e-12 4.2705361725e-13 9.1546984888e-13
4.1882324219e+02 1.3441084786e-12 4.2825576743e-13 9.1585271112e-13
4.1888427734e+02 1.3442090973e-12 4.2869583912e-13 9.1551325822e-13
4.1894531250e+02 1.3425691755e-12 4.2808001178e-13 9.1448916372e-13
4.1900634766e+02 1.3395169102e-12 4.2659267280e-13 9.1292423738e-13
4.1906738281e+02 1.3355282602e-12 4.2480366952e-13 9.1072459070e-13
4.1912841797e+02 1.3310808215e-12 4.2321623813e-13 9.0786458340e-13
4.1918945312e+02 1.3264795019e-12 4.2191918011e-13 9.0456032178e-13
4.1925048828e+02 1.3216801039e-12 4.2075513584e-13 9.0092496810e-13
4.1931152344e+02 1.3166067237e-12 4.1965666157e-13 8.9695006216e-13
4.1937255859e+02 1.3115113200e-12 4.1863636148e-13 8.9287495850e-13
4.1943359375e+02 1.3067212677e-12 4.1761044059e-13 8.8911082710e-13
4.1949462891e+02 1.3022677324e-12 4.1647049138e-13 8.8579724106e-13
4.1955566406e+02 1.2980367233e-12 4.1530810989e-13 8.8272861345e-13
4.1961669922e+02 1.2940713219e-12 4.1440346215e-13 8.7966785974e-13
4.1967773438e+02 1.2904768970e-12 4.1391145890e-13 8.7656543815e-13
4.1973876953e+02 1.2871417756e-12 4.1363872208e-13 8.7350305347e-13
4.1979980469e+02 1.2837795929e-12 4.1322496960e-13 8.7055462333e-13
4.1986083984e+02 1.2803025674e-12 4.1248482627e-13 8.6781774110e-13
4.1992187500e+02 1.2769583047e-12 4.1149472466e-13 8.6546358002e-13
4.1998291016e+02 1.2739499680e-12 4.1045862129e-13 8.6349134676e-13
4.2004394531e+02 1.2711900431e-12 4.0961658285e-13 8.6157346026e-13
4.2010498047e+02 1.2685731717e-12 4.0914558007e-13 8.5942759163e-13
4.2016601562e+02 1.2660801942e-12 4.0895164123e-13 8.5712855295e-13
4.2022705078e+02 1.2634984822e-12 4.0864008706e-13 8.5485839511e-13
4.2028808594e+02 1.2605029545e-12 4.0786303083e-13 8.5263992369e-13
4.2034912109e+02 1.2570770346e-12 4.0664306235e-13 8.5043397221e-13
4.2041015625e+02 1.2535221742e-12 4.0525557640e-13 8.4826659780e-13
4.2047119141e+02 1.2501347491e-12 4.0390817543e-13 8.4622657368e-13
4.2053222656e+02 1.2472100654e-12 4.0267129287e-13 8.4453877251e-13
4.2059326172e+02 1.2453036167e-12 4.0163606499e-13 8.4366755167e-13
4.2065429688e+02 1.2448496603e-12 4.0094819512e-13 8.4390146515e-13
4.2071533203e+02 1.2452738749e-12 4.0066593680e-13 8.4460793809e-13
4.2077636719e+02 1.2453151816e-12 4.0071127179e-13 8.4460390978e-13
4.2083740234e+02 1.2444991168e-12 4.0091410515e-13 8.4358501168e-13
4.2089843750e+02 1.2432831461e-12 4.0096359005e-13 8.4231955603e-13
4.2095947266e+02 1.2417965514e-12 4.0051651050e-13 8.4128004094e-13
4.2102050781e+02 1.2397331802e-12 3.9959031448e-13 8.4014286575e-13
4.2108154297e+02 1.2372974368e-12 3.9862235023e-13 8.3867508657e-13
4.2114257812e+02 1.2349870276e-12 3.9795934531e-13 8.3702768232e-13
4.2120361328e+02 1.2326641406e-12 3.9751122246e-13 8.3515291811e-13
4.2126464844e+02 1.2298710538e-12 3.9703138080e-13 8.3283967304e-13
4.2132568359e+02 1.2268698077e-12 3.9653082184e-13 8.3033898583e-13
4.2138671875e+02 1.2245032113e-12 3.9621199614e-13 8.2829121518e-13
4.2144775391e+02 1.2229970752e-12 3.9606960520e-13 8.2692747002e-13
4.2150878906e+02 1.2216265356e-12 3.9581833310e-13 8.2580820251e-13
4.2156982422e+02 1.2197375998e-12 3.9527579445e-13 8.2446180531e-13
4.2163085938e+02 1.2174322327e-12 3.9457162383e-13 8.2286060883e-13
4.2169189453e+02 1.2150569454e-12 3.9388851776e-13 8.2116842763e-13
4.2175292969e+02 1.2127201375e-12 3.9324318842e-13 8.1947694906e-13
4.2181396484e+02 1.2105206893e-12 3.9260521659e-13 8.1791547272e-13
4.2187500000e+02 1.2085414914e-12 3.9200689247e-13 8.1653459888e-13
4.2193603516e+02 1.2064684052e-12 3.9143656997e-13 8.1503183522e-13
4.2199707031e+02 1.2038563588e-12 3.9074623695e-13 8.1311012186e-13
4.2205810547e+02 1.2008319316e-12 3.8979704986e-13 8.1103488174e-13
4.2211914062e+02 1.1980037228e-12 3.8868122785e-13 8.0932249495e-13
4.2218017578e+02 1.1956277595e-12 3.8764941753e-13 8.0797834197e-13
4.2224121094e+02 1.1933423948e-12 3.8681965518e-13 8.0652273960e-13
4.2230224609e+02 1.1909456100e-12 3.8612208453e-13 8.0482352547e-13
4.2236328125e+02 1.1889949705e-12 3.8553708553e-13 8.0345788493e-13
4.2242431641e+02 1.1881523037e-12 3.8522903031e-13 8.0292327340e-13
4.2248535156e+02 1.1881081309e-12 3.8533075503e-13 8.0277737590e-13
4.2254638672e+02 1.1876796042e-12 3.8565187563e-13 8.0202772854e-13
4.2260742188e+02 1.1860405663e-12 3.8572222965e-13 8.0031833663e-13
4.2266845703e+02 1.1835557516e-12 3.8518058844e-13 7.9837516320e-13
4.2272949219e+02 1.1815242026e-12 3.8418922057e-13 7.9733498207e-13
4.2279052734e+02 1.1812155368e-12 3.8339381769e-13 7.9782171909e-13
4.2285156250e+02 1.1826699421e-12 3.8325551011e-13 7.9941443198e-13
4.2291259766e+02 1.1843767210e-12 3.8351282514e-13 8.0086389582e-13
4.2297363281e+02 1.1846550364e-12 3.8354510624e-13 8.0110993015e-13
4.2303466797e+02 1.1832475032e-12 3.8311559418e-13 8.0013190906e-13
4.2309570312e+02 1.1811647295e-12 3.8252016960e-13 7.9864455991e-13
4.2315673828e+02 1.1793506457e-12 3.8216162221e-13 7.9718902348e-13
4.2321777344e+02 1.1779918023e-12 3.8215703332e-13 7.9583476903e-13
4.2327880859e+02 1.1767573622e-12 3.8221772659e-13 7.9453963558e-13
4.2333984375e+02 1.1752127685e-12 3.8186202877e-13 7.9335073968e-13
4.2340087891e+02 1.1731433175e-12 3.8091737080e-13 7.9222594671e-13
4.2346191406e+02 1.1706846569e-12 3.7973767323e-13 7.9094698371e-13
4.2352294922e+02 1.1681441691e-12 3.7874861305e-13 7.8939555604e-13
4.2358398438e+02 1.1657715491e-12 3.7799896495e-13 7.8777258414e-13
4.2364501953e+02 1.1637318173e-12 3.7736908220e-13 7.8636273507e-13
4.2370605469e+02 1.1622127990e-12 3.7692411267e-13 7.8528868633e-13
4.2376708984e+02 1.1614294221e-12 3.7680714951e-13 7.8462227257e-13
4.2382812500e+02 1.1613686887e-12 3.7695592061e-13 7.8441276812e-13
4.2388916016e+02 1.1614587363e-12 3.7704829577e-13 7.8441044050e-13
4.2395019531e+02 1.1607248889e-12 3.7669878880e-13 7.8402610009e-13
4.2401123047e+02 1.1587620407e-12 3.7582480463e-13 7.8293723610e-13
4.2407226562e+02 1.1564651485e-12 3.7482722526e-13 7.8163792328e-13
4.2413330078e+02 1.1550943772e-12 3.7419621139e-13 7.8089816584e-13
4.2419433594e+02 1.1547380652e-12 3.7397909417e-13 7.8075897100e-13
4.2425537109e+02 1.1544654106e-12 3.7383281614e-13 7.8063259450e-13
4.2431640625e+02 1.1537576580e-12 3.7347009558e-13 7.8028756238e-13
4.2437744141e+02 1.1530696789e-12 3.7290162276e-13 7.8016805616e-13
4.2443847656e+02 1.1530719767e-12 3.7237383098e-13 7.8069814576e-13
4.2449951172e+02 1.1536694816e-12 3.7210644519e-13 7.8156303643e-13
4.2456054688e+02 1.1538899173e-12 3.7205258786e-13 7.8183732947e-13
4.2462158203e+02 1.1528492812e-12 3.7201121072e-13 7.8083807052e-13
4.2468261719e+02 1.1505582358e-12 3.7185867916e-13 7.7869955666e-13
4.2474365234e+02 1.1475564383e-12 3.7149214784e-13 7.7606429045e-13
4.2480468750e+02 1.1442622819e-12 3.7078296860e-13 7.7347931325e-13
4.2486572266e+02 1.1410146597e-12 3.6981396595e-13 7.7120069375e-13
4.2492675781e+02 1.1381937383e-12 3.6891892303e-13 7.6927481527e-13
4.2498779297e+02 1.1358304625e-12 3.6828118503e-13 7.6754927743e-13
4.2504882812e+02 1.1335138178e-12 3.6775570002e-13 7.6575811780e-13
4.2510986328e+02 1.1310448325e-12 3.6725139747e-13 7.6379343505e-13
4.2517089844e+02 1.1287450411e-12 3.6691261336e-13 7.6183242770e-13
4.2523193359e+02 1.1269132218e-12 3.6672098061e-13 7.6019224120e-13
4.2529296875e+02 1.1253893502e-12 3.6632984367e-13 7.5905950654e-13
4.2535400391e+02 1.1238041785e-12 3.6552980887e-13 7.5827436960e-13
4.2541503906e+02 1.1220315671e-12 3.6456832598e-13 7.5746324115e-13
4.2547607422e+02 1.1201697168e-12 3.6378830846e-13 7.5638140838e-13
4.2553710938e+02 1.1182572460e-12 3.6319286303e-13 7.5506438300e-13
4.2559814453e+02 1.1164942735e-12 3.6263520284e-13 7.5385907061e-13
4.2565917969e+02 1.1154954278e-12 3.6221350795e-13 7.5328191986e-13
4.2572021484e+02 1.1156752762e-12 3.6214658880e-13 7.5352868745e-13
4.2578125000e+02 1.1165984773e-12 3.6241065586e-13 7.5418782146e-13
4.2584228516e+02 1.1173711140e-12 3.6274045510e-13 7.5463065885e-13
4.2590332031e+02 1.1175458137e-12 3.6292859435e-13 7.5461721930e-13
4.2596435547e+02 1.1174642242e-12 3.6302920363e-13 7.5443502061e-13
4.2602539062e+02 1.1176776532e-12 3.6324835557e-13 7.5442929768e-13
4.2608642578e+02 1.1181423304e-12 3.6363890223e-13 7.5450342820e-13
4.2614746094e+02 1.1182544349e-12 3.6395134227e-13 7.5430309260e-13
4.2620849609e+02 1.1175828316e-12 3.6383055458e-13 7.5375227698e-13
4.2626953125e+02 1.1162037302e-12 3.6317279760e-13 7.5303093265e-13
4.2633056641e+02 1.1146033259e-12 3.6231140714e-13 7.5229191873e-13
4.2639160156e+02 1.1135470214e-12 3.6181806789e-13 7.5172895355e-13
4.2645263672e+02 1.1134084960e-12 3.6199116151e-13 7.5141733451e-13
4.2651367188e+02 1.1135767461e-12 3.6255289021e-13 7.5102385593e-13
4.2657470703e+02 1.1132636609e-12 3.6298690829e-13 7.5027675257e-13
4.2663574219e+02 1.1124492609e-12 3.6307577673e-13 7.4937348421e-13
4.2669677734e+02 1.1113707392e-12 3.6292835228e-13 7.4844238692e-13
4.2675781250e+02 1.1097928402e-12 3.6261304351e-13 7.4717979672e-13
4.2681884766e+02 1.1072823401e-12 3.6201553089e-13 7.4526680925e-13
4.2687988281e+02 1.1037551067e-12 3.6103002092e-13 7.4272508576e-13
4.2694091797e+02 1.0996212962e-12 3.5971241393e-13 7.3990888230e-13
4.2700195312e+02 1.0956885253e-12 3.5830026810e-13 7.3738825718e-13
4.2706298828e+02 1.0928273283e-12 3.5717565593e-13 7.3565167234e-13
4.2712402344e+02 1.0913282423e-12 3.5663545396e-13 7.3469278830e-13
4.2718505859e+02 1.0906570640e-12 3.5663153090e-13 7.3402553305e-13
4.2724609375e+02 1.0900943487e-12 3.5685249406e-13 7.3324185460e-13
4.2730712891e+02 1.0893228435e-12 3.5699037732e-13 7.3233246616e-13
4.2736816406e+02 1.0882044183e-12 3.5685915406e-13 7.3134526421e-13
4.2742919922e+02 1.0864886095e-12 3.5641714102e-13 7.3007146846e-13
4.2749023438e+02 1.0840372496e-12 3.5577277127e-13 7.2826447834e-13
4.2755126953e+02 1.0809796912e-12 3.5508702561e-13 7.2589266564e-13
4.2761230469e+02 1.0776983868e-12 3.5450155683e-13 7.2319682996e-13
4.2767333984e+02 1.0749855203e-12 3.5418112529e-13 7.2080439504e-13
4.2773437500e+02 1.0736975904e-12 3.5421532727e-13 7.1948226311e-13
4.2779541016e+02 1.0737457778e-12 3.5444724381e-13 7.1929853398e-13
4.2785644531e+02 1.0739197856e-12 3.5460646092e-13 7.1931332470e-13
4.2791748047e+02 1.0731741157e-12 3.5458662644e-13 7.1858748930e-13
4.2797851562e+02 1.0716550646e-12 3.5444417765e-13 7.1721088699e-13
4.2803955078e+02 1.0701324654e-12 3.5419148346e-13 7.1594098196e-13
4.2810058594e+02 1.0690328919e-12 3.5374425991e-13 7.1528863194e-13
4.2816162109e+02 1.0683962047e-12 3.5312533116e-13 7.1527087351e-13
4.2822265625e+02 1.0681123575e-12 3.5257120241e-13 7.1554115514e-13
4.2828369141e+02 1.0678536434e-12 3.5226974662e-13 7.1558389676e-13
4.2834472656e+02 1.0672455895e-12 3.5213005892e-13 7.1511553060e-13
4.2840576172e+02 1.0661446835e-12 3.5190951541e-13 7.1423516808e-13
4.2846679688e+02 1.0644847172e-12 3.5139491958e-13 7.1308979760e-13
4.2852783203e+02 1.0622150698e-12 3.5047456361e-13 7.1174050617e-13
4.2858886719e+02 1.0596561989e-12 3.4926151629e-13 7.1039468265e-13
4.2864990234e+02 1.0575478847e-12 3.4817691744e-13 7.0937096726e-13
4.2871093750e+02 1.0564963355e-12 3.4772120130e-13 7.0877513422e-13
4.2877197266e+02 1.0564322911e-12 3.4802145895e-13 7.0841083212e-13
4.2883300781e+02 1.0567036235e-12 3.4865916002e-13 7.0804446348e-13
4.2889404297e+02 1.0566590264e-12 3.4904432289e-13 7.0761470351e-13
4.2895507812e+02 1.0559088489e-12 3.4890485972e-13 7.0700398917e-13
4.2901611328e+02 1.0541492700e-12 3.4833364504e-13 7.0581562496e-13
4.2907714844e+02 1.0513717721e-12 3.4752811724e-13 7.0384365489e-13
4.2913818359e+02 1.0483956668e-12 3.4670114224e-13 7.0169452451e-13
4.2919921875e+02 1.0465253986e-12 3.4609947585e-13 7.0042592280e-13
4.2926025391e+02 1.0463063001e-12 3.4586075545e-13 7.0044554462e-13
4.2932128906e+02 1.0469735674e-12 3.4588758962e-13 7.0108597774e-13
4.2938232422e+02 1.0472094771e-12 3.4592525515e-13 7.0128422200e-13
4.2944335938e+02 1.0461651157e-12 3.4575119177e-13 7.0041392391e-13
4.2950439453e+02 1.0439512375e-12 3.4534267271e-13 6.9860856476e-13
4.2956542969e+02 1.0415049263e-12 3.4487740348e-13 6.9662752285e-13
4.2962646484e+02 1.0397634752e-12 3.4451883063e-13 6.9524464458e-13
4.2968750000e+02 1.0387161049e-12 3.4419884136e-13 6.9451726356e-13
4.2974853516e+02 1.0376089462e-12 3.4371812036e-13 6.9389082587e-13
4.2980957031e+02 1.0361447771e-12 3.4308172844e-13 6.9306304864e-13
4.2987060547e+02 1.0349316850e-12 3.4256230187e-13 6.9236938316e-13
4.2993164062e+02 1.0346882267e-12 3.4239197898e-13 6.9229624775e-13
4.2999267578e+02 1.0353847471e-12 3.4251350462e-13 6.9287124245e-13
4.3005371094e+02 1.0361433122e-12 3.4260456829e-13 6.9353874392e-13
4.3011474609e+02 1.0359780707e-12 3.4233649320e-13 6.9364157748e-13
4.3017578125e+02 1.0349748144e-12 3.4176487320e-13 6.9320994117e-13
4.3023681641e+02 1.0345100941e-12 3.4139882015e-13 6.9311127392e-13
4.3029785156e+02 1.0357090938e-12 3.4164967632e-13 6.9405941746e-13
4.3035888672e+02 1.0380986572e-12 3.4232217504e-13 6.9577648213e-13
4.3041992188e+02 1.0404349978e-12 3.4285701325e-13 6.9757798454e-13
4.3048095703e+02 1.0422592843e-12 3.4291178467e-13 6.9934749963e-13
4.3054199219e+02 1.0438538729e-12 3.4254313410e-13 7.0131073879e-13
4.3060302734e+02 1.0451930990e-12 3.4200513556e-13 7.0318796339e-13
4.3066406250e+02 1.0459150864e-12 3.4156081051e-13 7.0435427590e-13
4.3072509766e+02 1.0462726670e-12 3.4142889003e-13 7.0484377696e-13
4.3078613281e+02 1.0473507324e-12 3.4176338077e-13 7.0558735159e-13
4.3084716797e+02 1.0499922281e-12 3.4257773357e-13 7.0741449452e-13
4.3090820312e+02 1.0538039133e-12 3.4366928590e-13 7.1013462737e-13
4.3096923828e+02 1.0576567035e-12 3.4473868097e-13 7.1291802253e-13
4.3103027344e+02 1.0610283406e-12 3.4565577689e-13 7.1537256367e-13
4.3109130859e+02 1.0643247547e-12 3.4652398765e-13 7.1780076708e-13
4.3115234375e+02 1.0680095989e-12 3.4748211219e-13 7.2052748669e-13
4.3121337891e+02 1.0720083404e-12 3.4854416702e-13 7.2346417337e-13
4.3127441406e+02 1.0759266200e-12 3.4964266512e-13 7.2628395493e-13
4.3133544922e+02 1.0793106629e-12 3.5070348497e-13 7.2860717793e-13
4.3139648438e+02 1.0816794884e-12 3.5158528308e-13 7.3009420529e-13
4.3145751953e+02 1.0829290191e-12 3.5209161387e-13 7.3083740520e-13
4.3151855469e+02 1.0837853449e-12 3.5220098477e-13 7.3158436017e-13
4.3157958984e+02 1.0852583101e-12 3.5218287882e-13 7.3307543128e-13
4.3164062500e+02 1.0876902750e-12 3.5238530390e-13 7.3530497106e-13
4.3170166016e+02 1.0908699358e-12 3.5299826455e-13 7.3787167128e-13
4.3176269531e+02 1.0947527107e-12 3.5404352716e-13 7.4070918357e-13
4.3182373047e+02 1.0992898548e-12 3.5539083684e-13 7.4389901791e-13
4.3188476562e+02 1.1036642416e-12 3.5667214924e-13 7.4699209233e-13
4.3194580078e+02 1.1065583876e-12 3.5742992844e-13 7.4912845916e-13
4.3200683594e+02 1.1075980854e-12 3.5759531116e-13 7.5000277426e-13
4.3206787109e+02 1.1079113376e-12 3.5761334834e-13 7.5029798924e-13
4.3212890625e+02 1.1087758032e-12 3.5791306977e-13 7.5086273346e-13
4.3218994141e+02 1.1103745919e-12 3.5853059043e-13 7.5184400147e-13
4.3225097656e+02 1.1121084407e-12 3.5926170304e-13 7.5284673767e-13
4.3231201172e+02 1.1132793415e-12 3.5980404973e-13 7.5347529175e-13
4.3237304688e+02 1.1134427072e-12 3.5987942451e-13 7.5356328267e-13
4.3243408203e+02 1.1129123845e-12 3.5958346101e-13 7.5332892350e-13
4.3249511719e+02 1.1129447083e-12 3.5946828851e-13 7.5347641979e-13
4.3255615234e+02 1.1148129285e-12 3.6004197362e-13 7.5477095490e-13
4.3261718750e+02 1.1184833955e-12 3.6127438683e-13 7.5720900866e-13
4.3267822266e+02 1.1224841439e-12 3.6267970439e-13 7.5980443946e-13
4.3273925781e+02 1.1252256920e-12 3.6376369330e-13 7.6146199870e-13
4.3280029297e+02 1.1262100691e-12 3.6431190892e-13 7.6189816020e-13
4.3286132812e+02 1.1259870275e-12 3.6440444379e-13 7.6158258368e-13
4.3292236328e+02 1.1254679843e-12 3.6432093947e-13 7.6114704487e-13
4.3298339844e+02 1.1253790840e-12 3.6435221888e-13 7.6102686513e-13
4.3304443359e+02 1.1259338363e-12 3.6460223120e-13 7.6133160506e-13
4.3310546875e+02 1.1269166936e-12 3.6499968971e-13 7.6191700386e-13
4.3316650391e+02 1.1280708191e-12 3.6542934056e-13 7.6264147851e-13
4.3322753906e+02 1.1292062828e-12 3.6576394033e-13 7.6344234247e-13
4.3328857422e+02 1.1301974786e-12 3.6591838083e-13 7.6427909781e-13
4.3334960938e+02 1.1312176237e-12 3.6598069940e-13 7.6523692431e-13
4.3341064453e+02 1.1326634463e-12 3.6613750555e-13 7.6652594071e-13
4.3347167969e+02 1.1346508606e-12 3.6645837345e-13 7.6819248718e-13
4.3353271484e+02 1.1368814005e-12 3.6692115899e-13 7.6996024149e-13
4.3359375000e+02 1.1391047770e-12 3.6756299977e-13 7.7154177722e-13
4.3365478516e+02 1.1416160290e-12 3.6843830837e-13 7.7317772061e-13
4.3371582031e+02 1.1451714296e-12 3.6953184302e-13 7.7563958660e-13
4.3377685547e+02 1.1500140340e-12 3.7075113209e-13 7.7926290191e-13
4.3383789062e+02 1.1550009573e-12 3.7186086714e-13 7.8314009017e-13
4.3389892578e+02 1.1584307083e-12 3.7256009420e-13 7.8587061412e-13
4.3395996094e+02 1.1598952678e-12 3.7283818387e-13 7.8705708393e-13
4.3402099609e+02 1.1607563378e-12 3.7312422081e-13 7.8763211701e-13
4.3408203125e+02 1.1627492519e-12 3.7395965532e-13 7.8878959659e-13
4.3414306641e+02 1.1664883923e-12 3.7556460652e-13 7.9092378581e-13
4.3420410156e+02 1.1711977404e-12 3.7764754762e-13 7.9355019280e-13
4.3426513672e+02 1.1755711385e-12 3.7957255146e-13 7.9599858705e-13
4.3432617188e+02 1.1790290197e-12 3.8084100577e-13 7.9818801395e-13
4.3438720703e+02 1.1822778353e-12 3.8149920181e-13 8.0077863347e-13
4.3444824219e+02 1.1865394244e-12 3.8203557386e-13 8.0450385058e-13
4.3450927734e+02 1.1922769228e-12 3.8289742304e-13 8.0937949978e-13
4.3457031250e+02 1.1987378207e-12 3.8416787258e-13 8.1456994815e-13
4.3463134766e+02 1.2046237127e-12 3.8565427995e-13 8.1896943278e-13
4.3469238281e+02 1.2091736638e-12 3.8714909770e-13 8.2202456608e-13
4.3475341797e+02 1.2125931388e-12 3.8852599192e-13 8.2406714692e-13
4.3481445312e+02 1.2153798506e-12 3.8964395219e-13 8.2573589843e-13
4.3487548828e+02 1.2176752529e-12 3.9036935151e-13 8.2730590141e-13
4.3493652344e+02 1.2197638861e-12 3.9081003811e-13 8.2895384799e-13
4.3499755859e+02 1.2225633897e-12 3.9133945527e-13 8.3122393442e-13
4.3505859375e+02 1.2267294008e-12 3.9222516906e-13 8.3450423177e-13
4.3511962891e+02 1.2316674173e-12 3.9338184611e-13 8.3828557116e-13
4.3518066406e+02 1.2361220638e-12 3.9458141174e-13 8.4154065205e-13
4.3524169922e+02 1.2393963896e-12 3.9568304550e-13 8.4371334413e-13
4.3530273438e+02 1.2417053578e-12 3.9662439057e-13 8.4508096724e-13
4.3536376953e+02 1.2439008121e-12 3.9747996758e-13 8.4642084453e-13
4.3542480469e+02 1.2468983342e-12 3.9848415764e-13 8.4841417653e-13
4.3548583984e+02 1.2508940748e-12 3.9976566958e-13 8.5112840517e-13
4.3554687500e+02 1.2552880495e-12 4.0121133886e-13 8.5407671062e-13
4.3560791016e+02 1.2593734373e-12 4.0267855700e-13 8.5669488034e-13
4.3566894531e+02 1.2627726422e-12 4.0413706230e-13 8.5863557990e-13
4.3572998047e+02 1.2654546888e-12 4.0554438922e-13 8.5991029957e-13
4.3579101562e+02 1.2675586497e-12 4.0669286496e-13 8.6086578469e-13
4.3585205078e+02 1.2690545784e-12 4.0731855370e-13 8.6173602466e-13
4.3591308594e+02 1.2697880580e-12 4.0743390550e-13 8.6235415247e-13
4.3597412109e+02 1.2700780682e-12 4.0743390142e-13 8.6264416675e-13
4.3603515625e+02 1.2707292010e-12 4.0772301373e-13 8.6300618727e-13
4.3609619141e+02 1.2720581924e-12 4.0826476712e-13 8.6379342526e-13
4.3615722656e+02 1.2734509785e-12 4.0862474006e-13 8.6482623844e-13
4.3621826172e+02 1.2740756546e-12 4.0843106702e-13 8.6564458760e-13
4.3627929688e+02 1.2735511718e-12 4.0767006354e-13 8.6588110823e-13
4.3634033203e+02 1.2721221060e-12 4.0665080155e-13 8.6547130449e-13
4.3640136719e+02 1.2706136438e-12 4.0584243295e-13 8.6477121081e-13
4.3646240234e+02 1.2698114739e-12 4.0558369526e-13 8.6422777866e-13
4.3652343750e+02 1.2696171724e-12 4.0579494412e-13 8.6382222832e-13
4.3658447266e+02 1.2692789280e-12 4.0608409076e-13 8.6319483727e-13
4.3664550781e+02 1.2684169194e-12 4.0615782546e-13 8.6225909398e-13
4.3670654297e+02 1.2671803266e-12 4.0599139959e-13 8.6118892700e-13
4.3676757812e+02 1.2657818395e-12 4.0569784117e-13 8.6008399831e-13
4.3682861328e+02 1.2647780008e-12 4.0544807683e-13 8.5932992397e-13
4.3688964844e+02 1.2652053452e-12 4.0542665678e-13 8.5977868845e-13
4.3695068359e+02 1.2674452819e-12 4.0569586995e-13 8.6174941195e-13
4.3701171875e+02 1.2704155455e-12 4.0612376397e-13 8.6429178153e-13
4.3707275391e+02 1.2724285771e-12 4.0643107751e-13 8.6599749963e-13
4.3713378906e+02 1.2724860400e-12 4.0628996420e-13 8.6619607584e-13
4.3719482422e+02 1.2707458702e-12 4.0556041591e-13 8.6518545429e-13
4.3725585938e+02 1.2682403130e-12 4.0453224327e-13 8.6370806974e-13
4.3731689453e+02 1.2662274647e-12 4.0377227439e-13 8.6245519029e-13
4.3737792969e+02 1.2654891869e-12 4.0364077538e-13 8.6184841156e-13
4.3743896484e+02 1.2659736460e-12 4.0403435182e-13 8.6193929418e-13
4.3750000000e+02 1.2669958068e-12 4.0456108233e-13 8.6243472449e-13
4.3756103516e+02 1.2677102198e-12 4.0481129703e-13 8.6289892277e-13
4.3762207031e+02 1.2675918450e-12 4.0454413159e-13 8.6304771337e-13
4.3768310547e+02 1.2668350564e-12 4.0384682960e-13 8.6298822680e-13
4.3774414062e+02 1.2661753148e-12 4.0309719463e-13 8.6307812021e-13
4.3780517578e+02 1.2660658009e-12 4.0263944046e-13 8.6342636044e-13
4.3786621094e+02 1.2662829987e-12 4.0249350186e-13 8.6378949684e-13
4.3792724609e+02 1.2664768648e-12 4.0243996542e-13 8.6403689941e-13
4.3798828125e+02 1.2667241122e-12 4.0240316519e-13 8.6432094697e-13
4.3804931641e+02 1.2673467595e-12 4.0260674294e-13 8.6474001658e-13
4.3811035156e+02 1.2684100444e-12 4.0320768465e-13 8.6520235971e-13
4.3817138672e+02 1.2695676936e-12 4.0392265372e-13 8.6564503993e-13
4.3823242188e+02 1.2703472805e-12 4.0424572709e-13 8.6610155339e-13
4.3829345703e+02 1.2706150182e-12 4.0403455684e-13 8.6658046131e-13
4.3835449219e+02 1.2709156530e-12 4.0373615276e-13 8.6717950020e-13
4.3841552734e+02 1.2721814084e-12 4.0397385450e-13 8.6820755389e-13
4.3847656250e+02 1.2747940225e-12 4.0498941996e-13 8.6980460259e-13
4.3853759766e+02 1.2781281933e-12 4.0648611297e-13 8.7164208034e-13
4.3859863281e+02 1.2811932763e-12 4.0789487183e-13 8.7329840444e-13
4.3865966797e+02 1.2833684254e-12 4.0878839272e-13 8.7458003269e-13
4.3872070312e+02 1.2845662378e-12 4.0913148691e-13 8.7543475090e-13
4.3878173828e+02 1.2852659981e-12 4.0920312206e-13 8.7606287607e-13
4.3884277344e+02 1.2864178109e-12 4.0934765022e-13 8.7707016065e-13
4.3890380859e+02 1.2888150136e-12 4.0978864309e-13 8.7902637047e-13
4.3896484375e+02 1.2923258017e-12 4.1053085718e-13 8.8179494456e-13
4.3902587891e+02 1.2959187026e-12 4.1133908771e-13 8.8457961485e-13
4.3908691406e+02 1.2987179165e-12 4.1191525487e-13 8.8680266166e-13
4.3914794922e+02 1.3009745387e-12 4.1221545083e-13 8.8875908787e-13
4.3920898438e+02 1.3036254992e-12 4.1251048545e-13 8.9111501374e-13
4.3927001953e+02 1.3069512156e-12 4.1303878824e-13 8.9391242737e-13
4.3933105469e+02 1.3102276560e-12 4.1369737158e-13 8.9653028437e-13
4.3939208984e+02 1.3128215940e-12 4.1420959704e-13 8.9861199694e-13
4.3945312500e+02 1.3149733713e-12 4.1452328205e-13 9.0045008922e-13
4.3951416016e+02 1.3171185637e-12 4.1486622916e-13 9.0225233452e-13
4.3957519531e+02 1.3191756133e-12 4.1546434306e-13 9.0371127025e-13
4.3963623047e+02 1.3211427589e-12 4.1641015909e-13 9.0473259980e-13
4.3969726562e+02 1.3236409663e-12 4.1774575559e-13 9.0589521074e-13
4.3975830078e+02 1.3271542287e-12 4.1942864847e-13 9.0772558027e-13
4.3981933594e+02 1.3313030677e-12 4.2121652827e-13 9.1008653938e-13
4.3988037109e+02 1.3352479717e-12 4.2275473354e-13 9.1249323815e-13
4.3994140625e+02 1.3383461656e-12 4.2380366627e-13 9.1454249934e-13
4.4000244141e+02 1.3402466795e-12 4.2430144735e-13 9.1594523210e-13
4.4006347656e+02 1.3407565804e-12 4.2425213199e-13 9.1650444844e-13
4.4012451172e+02 1.3399693107e-12 4.2370553696e-13 9.1626377375e-13
4.4018554688e+02 1.3384395467e-12 4.2284344504e-13 9.1559610162e-13
4.4024658203e+02 1.3369513930e-12 4.2197035229e-13 9.1498104071e-13
4.4030761719e+02 1.3359891760e-12 4.2138392643e-13 9.1460524957e-13
4.4036865234e+02 1.3354361262e-12 4.2120714325e-13 9.1422898296e-13
4.4042968750e+02 1.3348217755e-12 4.2126458578e-13 9.1355718977e-13
4.4049072266e+02 1.3338111319e-12 4.2117298208e-13 9.1263814980e-13
4.4055175781e+02 1.3323345862e-12 4.2066478929e-13 9.1166979695e-13
4.4061279297e+02 1.3303233194e-12 4.1980942441e-13 9.1051389496e-13
4.4067382812e+02 1.3276558025e-12 4.1891482033e-13 9.0874098213e-13
4.4073486328e+02 1.3245030340e-12 4.1829951262e-13 9.0620352136e-13
4.4079589844e+02 1.3213553887e-12 4.1809414448e-13 9.0326124420e-13
4.4085693359e+02 1.3184837077e-12 4.1810993245e-13 9.0037377523e-13
4.4091796875e+02 1.3156536077e-12 4.1791585718e-13 8.9773775052e-13
4.4097900391e+02 1.3125139225e-12 4.1715251222e-13 8.9536141023e-13
4.4104003906e+02 1.3091566921e-12 4.1583819384e-13 8.9331849831e-13
4.4110107422e+02 1.3061693352e-12 4.1436686192e-13 8.9180247326e-13
4.4116210938e+02 1.3039778179e-12 4.1316494532e-13 8.9081287253e-13
4.4122314453e+02 1.3022811660e-12 4.1237480576e-13 8.8990636021e-13
4.4128417969e+02 1.3004106715e-12 4.1187863205e-13 8.8853203946e-13
4.4134521484e+02 1.2980583457e-12 4.1149417632e-13 8.8656416937e-13
4.4140625000e+02 1.2954115187e-12 4.1104994143e-13 8.8436157722e-13
4.4146728516e+02 1.2927302927e-12 4.1036821633e-13 8.8236207637e-13
4.4152832031e+02 1.2898909753e-12 4.0935143731e-13 8.8053953802e-13
4.4158935547e+02 1.2864137945e-12 4.0813025604e-13 8.7828353847e-13
4.4165039062e+02 1.2821213445e-12 4.0697063632e-13 8.7515070816e-13
4.4171142578e+02 1.2775353935e-12 4.0595465851e-13 8.7158073495e-13
4.4177246094e+02 1.2734471979e-12 4.0496615907e-13 8.6848103883e-13
4.4183349609e+02 1.2702603732e-12 4.0401665191e-13 8.6624372132e-13
4.4189453125e+02 1.2676997032e-12 4.0329743427e-13 8.6440226893e-13
4.4195556641e+02 1.2653394510e-12 4.0297929019e-13 8.6236016082e-13
4.4201660156e+02 1.2634604373e-12 4.0315074448e-13 8.6030969284e-13
4.4207763672e+02 1.2626404482e-12 4.0371706173e-13 8.5892338652e-13
4.4213867188e+02 1.2624595549e-12 4.0427591401e-13 8.5818364093e-13
4.4219970703e+02 1.2616701244e-12 4.0439235357e-13 8.5727777086e-13
4.4226074219e+02 1.2596876668e-12 4.0397896765e-13 8.5570869918e-13
4.4232177734e+02 1.2568507622e-12 4.0316603311e-13 8.5368472907e-13
4.4238281250e+02 1.2534477965e-12 4.0202025193e-13 8.5142754459e-13
4.4244384766e+02 1.2496479501e-12 4.0065965105e-13 8.4898829907e-13
4.4250488281e+02 1.2460306295e-12 3.9934849927e-13 8.4668213019e-13
4.4256591797e+02 1.2431910044e-12 3.9823186209e-13 8.4495914227e-13
4.4262695312e+02 1.2411630940e-12 3.9724407167e-13 8.4391902230e-13
4.4268798828e+02 1.2396242684e-12 3.9638112157e-13 8.4324314684e-13
4.4274902344e+02 1.2380369270e-12 3.9572040946e-13 8.4231651756e-13
4.4281005859e+02 1.2355836843e-12 3.9513694244e-13 8.4044674185e-13
4.4287109375e+02 1.2318071773e-12 3.9438051827e-13 8.3742665907e-13
4.4293212891e+02 1.2273444123e-12 3.9347639093e-13 8.3386802136e-13
4.4299316406e+02 1.2235534817e-12 3.9275568307e-13 8.3079779866e-13
4.4305419922e+02 1.2214198357e-12 3.9244955948e-13 8.2897027625e-13
4.4311523438e+02 1.2208891583e-12 3.9246940351e-13 8.2841975482e-13
4.4317626953e+02 1.2211412029e-12 3.9260420340e-13 8.2853699950e-13
4.4323730469e+02 1.2214253387e-12 3.9272710396e-13 8.2869823473e-13
4.4329833984e+02 1.2215728794e-12 3.9279666093e-13 8.2877621844e-13
4.4335937500e+02 1.2217211225e-12 3.9283682935e-13 8.2888429318e-13
4.4342041016e+02 1.2217278263e-12 3.9294161280e-13 8.2878621347e-13
4.4348144531e+02 1.2211628995e-12 3.9319497968e-13 8.2796791983e-13
4.4354248047e+02 1.2199498320e-12 3.9352792488e-13 8.2642190716e-13
4.4360351562e+02 1.2186209291e-12 3.9365310493e-13 8.2496782419e-13
4.4366455078e+02 1.2177381712e-12 3.9328371159e-13 8.2445445964e-13
4.4372558594e+02 1.2173164970e-12 3.9252579120e-13 8.2479070576e-13
4.4378662109e+02 1.2168966235e-12 3.9183623575e-13 8.2506038778e-13
4.4384765625e+02 1.2160983341e-12 3.9150139256e-13 8.2459694157e-13
4.4390869141e+02 1.2150563503e-12 3.9141041660e-13 8.2364593367e-13
4.4396972656e+02 1.2142248822e-12 3.9133013330e-13 8.2289474895e-13
4.4403076172e+02 1.2139796014e-12 3.9119310050e-13 8.2278650088e-13
4.4409179688e+02 1.2145985924e-12 3.9114845115e-13 8.2345014128e-13
4.4415283203e+02 1.2160428052e-12 3.9133290430e-13 8.2470990092e-13
4.4421386719e+02 1.2175213493e-12 3.9159306145e-13 8.2592828788e-13
4.4427490234e+02 1.2180942046e-12 3.9166001512e-13 8.2643418947e-13
4.4433593750e+02 1.2178442012e-12 3.9156000671e-13 8.2628419452e-13
4.4439697266e+02 1.2176520676e-12 3.9154301889e-13 8.2610904875e-13
4.4445800781e+02 1.2179414662e-12 3.9168727898e-13 8.2625418722e-13
4.4451904297e+02 1.2183900176e-12 3.9184187904e-13 8.2654813856e-13
4.4458007812e+02 1.2185471906e-12 3.9186560147e-13 8.2668158918e-13
4.4464111328e+02 1.2179642237e-12 3.9167799085e-13 8.2628623289e-13
4.4470214844e+02 1.2159856966e-12 3.9112336049e-13 8.2486233610e-13
4.4476318359e+02 1.2123478504e-12 3.9012492108e-13 8.2222292930e-13
4.4482421875e+02 1.2081325033e-12 3.8905290250e-13 8.1907960078e-13
4.4488525391e+02 1.2051947334e-12 3.8851307391e-13 8.1668165946e-13
4.4494628906e+02 1.2040818911e-12 3.8855466843e-13 8.1552722263e-13
4.4500732422e+02 1.2032392641e-12 3.8847338424e-13 8.1476587990e-13
4.4506835938e+02 1.2008825031e-12 3.8763506269e-13 8.1324744045e-13
4.4512939453e+02 1.1970638443e-12 3.8621415004e-13 8.1084969421e-13
4.4519042969e+02 1.1933887872e-12 3.8493981887e-13 8.0844896833e-13
4.4525146484e+02 1.1911544522e-12 3.8429322272e-13 8.0686122945e-13
4.4531250000e+02 1.1902837921e-12 3.8413413151e-13 8.0614966061e-13
4.4537353516e+02 1.1898928235e-12 3.8401769188e-13 8.0587513157e-13
4.4543457031e+02 1.1892354326e-12 3.8362629338e-13 8.0560913920e-13
4.4549560547e+02 1.1877946546e-12 3.8287572141e-13 8.0491893324e-13
4.4555664062e+02 1.1849701630e-12 3.8181372379e-13 8.0315643921e-13
4.4561767578e+02 1.1803864633e-12 3.8052411895e-13 7.9986234431e-13
4.4567871094e+02 1.1745366288e-12 3.7907550890e-13 7.9546111995e-13
4.4573974609e+02 1.1686645739e-12 3.7750190172e-13 7.9116267222e-13
4.4580078125e+02 1.1637659754e-12 3.7584068814e-13 7.8792528727e-13
4.4586181641e+02 1.1597314082e-12 3.7419012161e-13 7.8554128657e-13
4.4592285156e+02 1.1555841090e-12 3.7268004010e-13 7.8290406886e-13
4.4598388672e+02 1.1505456961e-12 3.7137114164e-13 7.7917455442e-13
4.4604492188e+02 1.1446224717e-12 3.7017042443e-13 7.7445204725e-13
4.4610595703e+02 1.1383666434e-12 3.6888492217e-13 7.6948172124e-13
4.4616699219e+02 1.1325696049e-12 3.6745615630e-13 7.6511344855e-13
4.4622802734e+02 1.1278478261e-12 3.6605518889e-13 7.6179263718e-13
4.4628906250e+02 1.1241328788e-12 3.6488280242e-13 7.5925007640e-13
4.4635009766e+02 1.1208498325e-12 3.6398933507e-13 7.5686049742e-13
4.4641113281e+02 1.1175025430e-12 3.6321924921e-13 7.5428329374e-13
4.4647216797e+02 1.1137949291e-12 3.6223562378e-13 7.5155930534e-13
4.4653320312e+02 1.1095491934e-12 3.6079506224e-13 7.4875413116e-13
4.4659423828e+02 1.1048101927e-12 3.5907299064e-13 7.4573720204e-13
4.4665527344e+02 1.0997533371e-12 3.5748591588e-13 7.4226742126e-13
4.4671630859e+02 1.0944443766e-12 3.5618517325e-13 7.3825920333e-13
4.4677734375e+02 1.0890087389e-12 3.5498036064e-13 7.3402837823e-13
4.4683837891e+02 1.0838902280e-12 3.5372188944e-13 7.3016833858e-13
4.4689941406e+02 1.0794630455e-12 3.5246227796e-13 7.2700076752e-13
4.4696044922e+02 1.0754920320e-12 3.5123985938e-13 7.2425217264e-13
4.4702148438e+02 1.0715319802e-12 3.5000738668e-13 7.2152459350e-13
4.4708251953e+02 1.0677141102e-12 3.4879647728e-13 7.1891763291e-13
4.4714355469e+02 1.0644852021e-12 3.4768898428e-13 7.1679621781e-13
4.4720458984e+02 1.0619138072e-12 3.4668440301e-13 7.1522940416e-13
4.4726562500e+02 1.0598627039e-12 3.4579082281e-13 7.1407188110e-13
4.4732666016e+02 1.0582121872e-12 3.4508187030e-13 7.1313031691e-13
4.4738769531e+02 1.0564209024e-12 3.4449500010e-13 7.1192590234e-13
4.4744873047e+02 1.0535468985e-12 3.4373309444e-13 7.0981380406e-13
4.4750976562e+02 1.0491290151e-12 3.4253669591e-13 7.0659231922e-13
4.4757080078e+02 1.0437542128e-12 3.4099954055e-13 7.0275467225e-13
4.4763183594e+02 1.0386006938e-12 3.3949084658e-13 6.9910984721e-13
4.4769287109e+02 1.0344955099e-12 3.3827316142e-13 6.9622234843e-13
4.4775390625e+02 1.0314305467e-12 3.3730305119e-13 6.9412749556e-13
4.4781494141e+02 1.0288639513e-12 3.3640523564e-13 6.9245871570e-13
4.4787597656e+02 1.0262874658e-12 3.3552437675e-13 6.9076308902e-13
4.4793701172e+02 1.0234846355e-12 3.3474863475e-13 6.8873600077e-13
4.4799804688e+02 1.0203636157e-12 3.3412428390e-13 6.8623933181e-13
4.4805908203e+02 1.0167833033e-12 3.3353403954e-13 6.8324926380e-13
4.4812011719e+02 1.0128048343e-12 3.3281445228e-13 6.7999038206e-13
4.4818115234e+02 1.0089569440e-12 3.3195171328e-13 6.7700523070e-13
4.4824218750e+02 1.0059470789e-12 3.3111608745e-13 6.7483099148e-13
4.4830322266e+02 1.0040401474e-12 3.3050675515e-13 6.7353339225e-13
4.4836425781e+02 1.0026899216e-12 3.3011682274e-13 6.7257309889e-13
4.4842529297e+02 1.0008884875e-12 3.2965617269e-13 6.7123231478e-13
4.4848632812e+02 9.9803187832e-13 3.2883839476e-13 6.6919348356e-13
4.4854736328e+02 9.9429082556e-13 3.2771778600e-13 6.6657303957e-13
4.4860839844e+02 9.9024113330e-13 3.2660960635e-13 6.6363152695e-13
4.4866943359e+02 9.8657215674e-13 3.2578002483e-13 6.6079213190e-13
4.4873046875e+02 9.8387849251e-13 3.2530391573e-13 6.5857457678e-13
4.4879150391e+02 9.8217721277e-13 3.2504054224e-13 6.5713667053e-13
4.4885253906e+02 9.8089493446e-13 3.2470150234e-13 6.5619343212e-13
4.4891357422e+02 9.7958186841e-13 3.2412588937e-13 6.5545597904e-13
4.4897460938e+02 9.7831222863e-13 3.2346195632e-13 6.5485027231e-13
4.4903564453e+02 9.7744780945e-13 3.2297557278e-13 6.5447223667e-13
4.4909667969e+02 9.7723336606e-13 3.2275997842e-13 6.5447338764e-13
4.4915771484e+02 9.7739070865e-13 3.2267914673e-13 6.5471156192e-13
4.4921875000e+02 9.7718246639e-13 3.2254613649e-13 6.5463632991e-13
4.4927978516e+02 9.7616017904e-13 3.2230032689e-13 6.5385985215e-13
4.4934082031e+02 9.7457663961e-13 3.2198958806e-13 6.5258705155e-13
4.4940185547e+02 9.7290368190e-13 3.2166034956e-13 6.5124333234e-13
4.4946289062e+02 9.7140729582e-13 3.2134839729e-13 6.5005889854e-13
4.4952392578e+02 9.7036236676e-13 3.2113258172e-13 6.4922978504e-13
4.4958496094e+02 9.7022142548e-13 3.2112555260e-13 6.4909587288e-13
4.4964599609e+02 9.7123740751e-13 3.2140069175e-13 6.4983671575e-13
4.4970703125e+02 9.7299946788e-13 3.2190868560e-13 6.5109078227e-13
4.4976806641e+02 9.7462749063e-13 3.2246747414e-13 6.5216001649e-13
4.4982910156e+02 9.7554047553e-13 3.2287041188e-13 6.5267006365e-13
4.4989013672e+02 9.7575766894e-13 3.2297951970e-13 6.5277814923e-13
4.4995117188e+02 9.7549162726e-13 3.2273184996e-13 6.5275977730e-13
4.5001220703e+02 9.7492775495e-13 3.2216816756e-13 6.5275958739e-13
4.5007324219e+02 9.7434808378e-13 3.2147960472e-13 6.5286847906e-13
4.5013427734e+02 9.7404394836e-13 3.2093886480e-13 6.5310508357e-13
4.5019531250e+02 9.7402699200e-13 3.2068918128e-13 6.5333781072e-13
4.5025634766e+02 9.7397099510e-13 3.2059585325e-13 6.5337514185e-13
4.5031738281e+02 9.7354225305e-13 3.2040501172e-13 6.5313724134e-13
4.5037841797e+02 9.7269112372e-13 3.2003275378e-13 6.5265836995e-13
4.5043945312e+02 9.7148200817e-13 3.1957131248e-13 6.5191069569e-13
4.5050048828e+02 9.6990255844e-13 3.1906890314e-13 6.5083365530e-13
4.5056152344e+02 9.6803171611e-13 3.1844441850e-13 6.4958729761e-13
4.5062255859e+02 9.6604765297e-13 3.1758653178e-13 6.4846112119e-13
4.5068359375e+02 9.6417725483e-13 3.1653554171e-13 6.4764171312e-13
4.5074462891e+02 9.6305012714e-13 3.1564964680e-13 6.4740048034e-13
4.5080566406e+02 9.6340480598e-13 3.1541985369e-13 6.4798495229e-13
4.5086669922e+02 9.6486814472e-13 3.1592307869e-13 6.4894506602e-13
4.5092773438e+02 9.6598477754e-13 3.1665799958e-13 6.4932677796e-13
4.5098876953e+02 9.6591053639e-13 3.1711624131e-13 6.4879429508e-13
4.5104980469e+02 9.6526006987e-13 3.1735307414e-13 6.4790699573e-13
4.5111083984e+02 9.6514884611e-13 3.1780679871e-13 6.4734204740e-13
4.5117187500e+02 9.6594032721e-13 3.1860940882e-13 6.4733091838e-13
4.5123291016e+02 9.6701907326e-13 3.1932597834e-13 6.4769309493e-13
4.5129394531e+02 9.6755876012e-13 3.1949338162e-13 6.4806537849e-13
4.5135498047e+02 9.6736568013e-13 3.1919144250e-13 6.4817423763e-13
4.5141601562e+02 9.6697789562e-13 3.1888915080e-13 6.4808874482e-13
4.5147705078e+02 9.6693548166e-13 3.1884239446e-13 6.4809308719e-13
4.5153808594e+02 9.6712249304e-13 3.1885324115e-13 6.4826925189e-13
4.5159912109e+02 9.6716191350e-13 3.1864955674e-13 6.4851235675e-13
4.5166015625e+02 9.6723342192e-13 3.1829863796e-13 6.4893478395e-13
4.5172119141e+02 9.6797650364e-13 3.1810728183e-13 6.4986922182e-13
4.5178222656e+02 9.6967418450e-13 3.1826126322e-13 6.5141292128e-13
4.5184326172e+02 9.7187768222e-13 3.1870301921e-13 6.5317466301e-13
4.5190429688e+02 9.7387192322e-13 3.1926222335e-13 6.5460969987e-13
4.5196533203e+02 9.7542697091e-13 3.1983383616e-13 6.5559313475e-13
4.5202636719e+02 9.7694157448e-13 3.2044780139e-13 6.5649377309e-13
4.5208740234e+02 9.7879810332e-13 3.2114116959e-13 6.5765693373e-13
4.5214843750e+02 9.8086259372e-13 3.2183388234e-13 6.5902871138e-13
4.5220947266e+02 9.8274715063e-13 3.2239862851e-13 6.6034852212e-13
4.5227050781e+02 9.8421566309e-13 3.2276087786e-13 6.6145478523e-13
4.5233154297e+02 9.8527704091e-13 3.2295811570e-13 6.6231892522e-13
4.5239257812e+02 9.8628961909e-13 3.2320659119e-13 6.6308302790e-13
4.5245361328e+02 9.8784836163e-13 3.2375485009e-13 6.6409351154e-13
4.5251464844e+02 9.9016583875e-13 3.2456979277e-13 6.6559604598e-13
4.5257568359e+02 9.9273009114e-13 3.2535721909e-13 6.6737287205e-13
4.5263671875e+02 9.9475337009e-13 3.2590087677e-13 6.6885249333e-13
4.5269775391e+02 9.9589211550e-13 3.2621278426e-13 6.6967933124e-13
4.5275878906e+02 9.9653563948e-13 3.2641343163e-13 6.7012220785e-13
4.5281982422e+02 9.9723899103e-13 3.2657849149e-13 6.7066049955e-13
4.5288085938e+02 9.9788731537e-13 3.2668182440e-13 6.7120549097e-13
4.5294189453e+02 9.9798001435e-13 3.2669286776e-13 6.7128714659e-13
4.5300292969e+02 9.9778248910e-13 3.2671768915e-13 6.7106479995e-13
4.5306396484e+02 9.9827430613e-13 3.2692282271e-13 6.7135148342e-13
4.5312500000e+02 9.9968407323e-13 3.2727186032e-13 6.7241221291e-13
4.5318603516e+02 1.0009692957e-12 3.2747635893e-13 6.7349293678e-13
4.5324707031e+02 1.0011639537e-12 3.2733875544e-13 6.7382519828e-13
4.5330810547e+02 1.0006188550e-12 3.2706325617e-13 6.7355559883e-13
4.5336914062e+02 1.0004766957e-12 3.2707063935e-13 6.7340605640e-13
4.5343017578e+02 1.0013253181e-12 3.2756172978e-13 6.7376358833e-13
4.5349121094e+02 1.0027856499e-12 3.2839243046e-13 6.7439321949e-13
4.5355224609e+02 1.0042101795e-12 3.2928638223e-13 6.7492379722e-13
4.5361328125e+02 1.0054152537e-12 3.3006152672e-13 6.7535372700e-13
4.5367431641e+02 1.0067083409e-12 3.3071964032e-13 6.7598870061e-13
4.5373535156e+02 1.0084159879e-12 3.3135568189e-13 6.7706030602e-13
4.5379638672e+02 1.0104816486e-12 3.3198057510e-13 6.7850107353e-13
4.5385742188e+02 1.0125239856e-12 3.3252553166e-13 6.7999845397e-13
4.5391845703e+02 1.0142894097e-12 3.3300159703e-13 6.8128781269e-13
4.5397949219e+02 1.0157867863e-12 3.3344446591e-13 6.8234232043e-13
4.5404052734e+02 1.0168572943e-12 3.3369078024e-13 6.8316651408e-13
4.5410156250e+02 1.0170371127e-12 3.3347557676e-13 6.8356153594e-13
4.5416259766e+02 1.0160495972e-12 3.3278861265e-13 6.8326098459e-13
4.5422363281e+02 1.0142486970e-12 3.3193896530e-13 6.8230973174e-13
4.5428466797e+02 1.0125957579e-12 3.3130747002e-13 6.8128828786e-13
4.5434570312e+02 1.0121587231e-12 3.3116210001e-13 6.8099662305e-13
4.5440673828e+02 1.0133938639e-12 3.3160331275e-13 6.8179055114e-13
4.5446777344e+02 1.0158644299e-12 3.3254283445e-13 6.8332159546e-13
4.5452880859e+02 1.0187045290e-12 3.3374778274e-13 6.8495674625e-13
4.5458984375e+02 1.0212987952e-12 3.3495365663e-13 6.8634513859e-13
4.5465087891e+02 1.0234319868e-12 3.3595060199e-13 6.8748138477e-13
4.5471191406e+02 1.0249789646e-12 3.3661102040e-13 6.8836794416e-13
4.5477294922e+02 1.0258743534e-12 3.3692694699e-13 6.8894740643e-13
4.5483398438e+02 1.0263634042e-12 3.3703183398e-13 6.8933157019e-13
4.5489501953e+02 1.0268369997e-12 3.3708368077e-13 6.8975331890e-13
4.5495605469e+02 1.0273894330e-12 3.3712268828e-13 6.9026674474e-13
4.5501708984e+02 1.0278820536e-12 3.3715029330e-13 6.9073176032e-13
4.5507812500e+02 1.0284149540e-12 3.3727662656e-13 6.9113832740e-13
4.5513916016e+02 1.0293186305e-12 3.3757714964e-13 6.9174148089e-13
4.5520019531e+02 1.0305976736e-12 3.3785855711e-13 6.9273911652e-13
4.5526123047e+02 1.0318224721e-12 3.3784408208e-13 6.9397839002e-13
4.5532226562e+02 1.0326753748e-12 3.3758618547e-13 6.9508918932e-13
4.5538330078e+02 1.0332390555e-12 3.3743426624e-13 6.9580478925e-13
4.5544433594e+02 1.0338498266e-12 3.3760813532e-13 6.9624169127e-13
4.5550537109e+02 1.0349444921e-12 3.3803711267e-13 6.9690737944e-13
4.5556640625e+02 1.0367055713e-12 3.3855190672e-13 6.9815366459e-13
4.5562744141e+02 1.0386933689e-12 3.3904198770e-13 6.9965138118e-13
4.5568847656e+02 1.0402447250e-12 3.3949564318e-13 7.0074908182e-13
4.5574951172e+02 1.0412126427e-12 3.3993905968e-13 7.0127358306e-13
4.5581054688e+02 1.0419684193e-12 3.4030878171e-13 7.0165963759e-13
4.5587158203e+02 1.0430401449e-12 3.4053550156e-13 7.0250464335e-13
4.5593261719e+02 1.0450618386e-12 3.4075610492e-13 7.0430573364e-13
4.5599365234e+02 1.0484093311e-12 3.4120234807e-13 7.0720698300e-13
4.5605468750e+02 1.0526286434e-12 3.4194145841e-13 7.1068718502e-13
4.5611572266e+02 1.0568308322e-12 3.4292738242e-13 7.1390344978e-13
4.5617675781e+02 1.0605725347e-12 3.4415097399e-13 7.1642156074e-13
4.5623779297e+02 1.0639599122e-12 3.4558360846e-13 7.1837630374e-13
4.5629882812e+02 1.0673519508e-12 3.4710930438e-13 7.2024264643e-13
4.5635986328e+02 1.0711665139e-12 3.4857371014e-13 7.2259280377e-13
4.5642089844e+02 1.0754403268e-12 3.4983532343e-13 7.2560500340e-13
4.5648193359e+02 1.0796964087e-12 3.5085386237e-13 7.2884254632e-13
4.5654296875e+02 1.0836075120e-12 3.5176083792e-13 7.3184667407e-13
4.5660400391e+02 1.0873286283e-12 3.5268442688e-13 7.3464420144e-13
4.5666503906e+02 1.0911135504e-12 3.5355642130e-13 7.3755712909e-13
4.5672607422e+02 1.0952353597e-12 3.5428445337e-13 7.4095090634e-13
4.5678710938e+02 1.1001439236e-12 3.5501110261e-13 7.4513282097e-13
4.5684814453e+02 1.1062149433e-12 3.5602578563e-13 7.5018915772e-13
4.5690917969e+02 1.1134159855e-12 3.5746248693e-13 7.5595349853e-13
4.5697021484e+02 1.1210737344e-12 3.5913647475e-13 7.6193725962e-13
4.5703125000e+02 1.1278777756e-12 3.6068343431e-13 7.6719434127e-13
4.5709228516e+02 1.1328136329e-12 3.6192037088e-13 7.7089326198e-13
4.5715332031e+02 1.1363430164e-12 3.6305304979e-13 7.7328996658e-13
4.5721435547e+02 1.1400519247e-12 3.6444446435e-13 7.7560746039e-13
4.5727539062e+02 1.1450445697e-12 3.6621871422e-13 7.7882585550e-13
4.5733642578e+02 1.1511723544e-12 3.6815285689e-13 7.8301949749e-13
4.5739746094e+02 1.1577698768e-12 3.6992563840e-13 7.8784423844e-13
4.5745849609e+02 1.1645521901e-12 3.7145768089e-13 7.9309450924e-13
4.5751953125e+02 1.1714734548e-12 3.7294764499e-13 7.9852580982e-13
4.5758056641e+02 1.1780377208e-12 3.7448570759e-13 8.0355201322e-13
4.5764160156e+02 1.1835063586e-12 3.7582545384e-13 8.0768090473e-13
4.5770263672e+02 1.1879809913e-12 3.7681085520e-13 8.1117013611e-13
4.5776367188e+02 1.1925930662e-12 3.7779577678e-13 8.1479728947e-13
4.5782470703e+02 1.1981801874e-12 3.7922100578e-13 8.1895918166e-13
4.5788574219e+02 1.2042523373e-12 3.8098484580e-13 8.2326749145e-13
4.5794677734e+02 1.2096962081e-12 3.8265339313e-13 8.2704281496e-13
4.5800781250e+02 1.2140510716e-12 3.8403826805e-13 8.3001280350e-13
4.5806884766e+02 1.2176991161e-12 3.8519062452e-13 8.3250849156e-13
4.5812988281e+02 1.2211570543e-12 3.8610367352e-13 8.3505338078e-13
4.5819091797e+02 1.2245740236e-12 3.8678458842e-13 8.3778943517e-13
4.5825195312e+02 1.2279240877e-12 3.8743906984e-13 8.4048501781e-13
4.5831298828e+02 1.2312980715e-12 3.8826665520e-13 8.4303141630e-13
4.5837402344e+02 1.2346352687e-12 3.8918994498e-13 8.4544532370e-13
4.5843505859e+02 1.2375669889e-12 3.9002964014e-13 8.4753734878e-13
4.5849609375e+02 1.2399161732e-12 3.9079881219e-13 8.4911736102e-13
4.5855712891e+02 1.2419015795e-12 3.9162785099e-13 8.5027372856e-13
4.5861816406e+02 1.2436870734e-12 3.9252273605e-13 8.5116433734e-13
4.5867919922e+02 1.2451819606e-12 3.9332920764e-13 8.5185275296e-13
4.5874023438e+02 1.2462468824e-12 3.9385940116e-13 8.5238748119e-13
4.5880126953e+02 1.2468113450e-12 3.9402967314e-13 8.5278167189e-13
4.5886230469e+02 1.2470302854e-12 3.9402309145e-13 8.5300719397e-13
4.5892333984e+02 1.2474458124e-12 3.9427657991e-13 8.5316923244e-13
4.5898437500e+02 1.2486123910e-12 3.9507880198e-13 8.5353358901e-13
4.5904541016e+02 1.2503936110e-12 3.9619382995e-13 8.5419978109e-13
4.5910644531e+02 1.2518975736e-12 3.9704654812e-13 8.5485102553e-13
4.5916748047e+02 1.2523829617e-12 3.9731222468e-13 8.5507073706e-13
4.5922851562e+02 1.2522146103e-12 3.9726563296e-13 8.5494897734e-13
4.5928955078e+02 1.2525975367e-12 3.9746886515e-13 8.5512867151e-13
4.5935058594e+02 1.2541479031e-12 3.9811786670e-13 8.5603003644e-13
4.5941162109e+02 1.2560793474e-12 3.9885159805e-13 8.5722774931e-13
4.5947265625e+02 1.2572468867e-12 3.9928525397e-13 8.5796163269e-13
4.5953369141e+02 1.2576184973e-12 3.9953158151e-13 8.5808691582e-13
4.5959472656e+02 1.2579921278e-12 3.9994108797e-13 8.5805103980e-13
4.5965576172e+02 1.2585872658e-12 4.0046605712e-13 8.5812120864e-13
4.5971679688e+02 1.2588188451e-12 4.0067630043e-13 8.5814254467e-13
4.5977783203e+02 1.2583722454e-12 4.0039171787e-13 8.5798052753e-13
4.5983886719e+02 1.2577888799e-12 3.9994802189e-13 8.5784085799e-13
4.5989990234e+02 1.2578592012e-12 3.9977953618e-13 8.5807966501e-13
4.5996093750e+02 1.2588583608e-12 3.9999469801e-13 8.5886366276e-13
4.6002197266e+02 1.2605735117e-12 4.0046467823e-13 8.6010883348e-13
4.6008300781e+02 1.2627227425e-12 4.0110086894e-13 8.6162187357e-13
4.6014404297e+02 1.2651329787e-12 4.0186566348e-13 8.6326731527e-13
4.6020507812e+02 1.2677890515e-12 4.0267441035e-13 8.6511464117e-13
4.6026611328e+02 1.2707274987e-12 4.0345072573e-13 8.6727677294e-13
4.6032714844e+02 1.2737078099e-12 4.0419536752e-13 8.6951244241e-13
4.6038818359e+02 1.2763267066e-12 4.0493356936e-13 8.7139313723e-13
4.6044921875e+02 1.2785482859e-12 4.0565025932e-13 8.7289802655e-13
4.6051025391e+02 1.2805872500e-12 4.0629344190e-13 8.7429380810e-13
4.6057128906e+02 1.2824152470e-12 4.0681095527e-13 8.7560429173e-13
4.6063232422e+02 1.2839551698e-12 4.0721343727e-13 8.7674173254e-13
4.6069335938e+02 1.2854621351e-12 4.0764654369e-13 8.7781559143e-13
4.6075439453e+02 1.2873301538e-12 4.0835575034e-13 8.7897440345e-13
4.6081542969e+02 1.2898095998e-12 4.0949496839e-13 8.8031463142e-13
4.6087646484e+02 1.2930159255e-12 4.1095758618e-13 8.8205833927e-13
4.6093750000e+02 1.2968748823e-12 4.1243364759e-13 8.8444123469e-13
4.6099853516e+02 1.3009616634e-12 4.1365655299e-13 8.8730511038e-13
4.6105957031e+02 1.3046457693e-12 4.1456801342e-13 8.9007775587e-13
4.6112060547e+02 1.3074653534e-12 4.1520854388e-13 8.9225680952e-13
4.6118164062e+02 1.3093161430e-12 4.1555809244e-13 8.9375805051e-13
4.6124267578e+02 1.3104446291e-12 4.1562292949e-13 8.9482169957e-13
4.6130371094e+02 1.3112470958e-12 4.1555000225e-13 8.9569709358e-13
4.6136474609e+02 1.3120044645e-12 4.1552632279e-13 8.9647814166e-13
4.6142578125e+02 1.3129689397e-12 4.1568648686e-13 8.9728245287e-13
4.6148681641e+02 1.3143367662e-12 4.1608927829e-13 8.9824748794e-13
4.6154785156e+02 1.3158240982e-12 4.1665283113e-13 8.9917126702e-13
4.6160888672e+02 1.3168391136e-12 4.1720937025e-13 8.9962974331e-13
4.6166992188e+02 1.3171839715e-12 4.1768555944e-13 8.9949841203e-13
4.6173095703e+02 1.3170869652e-12 4.1812197546e-13 8.9896498976e-13
4.6179199219e+02 1.3167559231e-12 4.1849673530e-13 8.9825918776e-13
4.6185302734e+02 1.3163826849e-12 4.1869073215e-13 8.9769195272e-13
4.6191406250e+02 1.3163439685e-12 4.1869204175e-13 8.9765192671e-13
4.6197509766e+02 1.3170408911e-12 4.1867833664e-13 8.9836255444e-13
4.6203613281e+02 1.3186282114e-12 4.1884165359e-13 8.9978655777e-13
4.6209716797e+02 1.3208937304e-12 4.1922923016e-13 9.0166450024e-13
4.6215820312e+02 1.3232375847e-12 4.1975344773e-13 9.0348413700e-13
4.6221923828e+02 1.3249113535e-12 4.2027425425e-13 9.0463709924e-13
4.6228027344e+02 1.3255164349e-12 4.2067250867e-13 9.0484392619e-13
4.6234130859e+02 1.3252350894e-12 4.2088815500e-13 9.0434693444e-13
4.6240234375e+02 1.3245523695e-12 4.2086247520e-13 9.0368989432e-13
4.6246337891e+02 1.3238913938e-12 4.2050076002e-13 9.0339063382e-13
4.6252441406e+02 1.3234893459e-12 4.1986786676e-13 9.0362147913e-13
4.6258544922e+02 1.3233317159e-12 4.1930103914e-13 9.0403067672e-13
4.6264648438e+02 1.3231869000e-12 4.1909187099e-13 9.0409502898e-13
4.6270751953e+02 1.3229681250e-12 4.1923004279e-13 9.0373808224e-13
4.6276855469e+02 1.3228743035e-12 4.1956085080e-13 9.0331345268e-13
4.6282958984e+02 1.3229891136e-12 4.1993098334e-13 9.0305813024e-13
4.6289062500e+02 1.3230314933e-12 4.2013914349e-13 9.0289234982e-13
4.6295166016e+02 1.3226150502e-12 4.1997685527e-13 9.0263819493e-13
4.6301269531e+02 1.3216382482e-12 4.1943734771e-13 9.0220090051e-13
4.6307373047e+02 1.3203671930e-12 4.1880024440e-13 9.0156694863e-13
4.6313476562e+02 1.3190620334e-12 4.1835563265e-13 9.0070640077e-13
4.6319580078e+02 1.3176026338e-12 4.1806921116e-13 8.9953342267e-13
4.6325683594e+02 1.3156429434e-12 4.1766312267e-13 8.9797982071e-13
4.6331787109e+02 1.3130600044e-12 4.1697022381e-13 8.9608978060e-13
4.6337890625e+02 1.3101820122e-12 4.1607295369e-13 8.9410905849e-13
4.6343994141e+02 1.3074559554e-12 4.1512130406e-13 8.9233465135e-13
4.6350097656e+02 1.3047450578e-12 4.1412930167e-13 8.9061575611e-13
4.6356201172e+02 1.3013283911e-12 4.1303445822e-13 8.8829393292e-13
4.6362304688e+02 1.2968272378e-12 4.1186977407e-13 8.8495746376e-13
4.6368408203e+02 1.2916198445e-12 4.1069944707e-13 8.8092039741e-13
4.6374511719e+02 1.2862414892e-12 4.0946136103e-13 8.7678012820e-13
4.6380615234e+02 1.2809752747e-12 4.0807928954e-13 8.7289598516e-13
4.6386718750e+02 1.2761377713e-12 4.0669871023e-13 8.6943906104e-13
4.6392822266e+02 1.2721431733e-12 4.0562424974e-13 8.6651892355e-13
4.6398925781e+02 1.2689800158e-12 4.0496132828e-13 8.6401868753e-13
4.6405029297e+02 1.2660732682e-12 4.0443615527e-13 8.6163711296e-13
4.6411132812e+02 1.2628083635e-12 4.0362911490e-13 8.5917924863e-13
4.6417236328e+02 1.2588651847e-12 4.0232346022e-13 8.5654172448e-13
4.6423339844e+02 1.2542673164e-12 4.0064101079e-13 8.5362630565e-13
4.6429443359e+02 1.2495221073e-12 3.9891106272e-13 8.5061104457e-13
4.6435546875e+02 1.2454780614e-12 3.9744032682e-13 8.4803773461e-13
4.6441650391e+02 1.2426448580e-12 3.9638591544e-13 8.4625894254e-13
4.6447753906e+02 1.2407664506e-12 3.9575307391e-13 8.4501337669e-13
4.6453857422e+02 1.2392797497e-12 3.9543784553e-13 8.4384190418e-13
4.6459960938e+02 1.2378819199e-12 3.9528533022e-13 8.4259658965e-13
4.6466064453e+02 1.2364533443e-12 3.9514733466e-13 8.4130600960e-13
4.6472167969e+02 1.2348989483e-12 3.9491666472e-13 8.3998228363e-13
4.6478271484e+02 1.2332909338e-12 3.9454518390e-13 8.3874574992e-13
4.6484375000e+02 1.2319697367e-12 3.9406981645e-13 8.3789992025e-13
4.6490478516e+02 1.2314364726e-12 3.9361901715e-13 8.3781745548e-13
4.6496582031e+02 1.2318918256e-12 3.9332647263e-13 8.3856535292e-13
4.6502685547e+02 1.2327681075e-12 3.9321394558e-13 8.3955416190e-13
4.6508789062e+02 1.2331814939e-12 3.9320157436e-13 8.3997991959e-13
4.6514892578e+02 1.2329887027e-12 3.9320915203e-13 8.3977955072e-13
4.6520996094e+02 1.2329893068e-12 3.9322349070e-13 8.3976581609e-13
4.6527099609e+02 1.2339597861e-12 3.9333365938e-13 8.4062612673e-13
4.6533203125e+02 1.2358174722e-12 3.9370512810e-13 8.4211234415e-13
4.6539306641e+02 1.2379094610e-12 3.9446513143e-13 8.4344432957e-13
4.6545410156e+02 1.2397521816e-12 3.9558369718e-13 8.4416848440e-13
4.6551513672e+02 1.2411704343e-12 3.9680766976e-13 8.4436276454e-13
4.6557617188e+02 1.2420195607e-12 3.9772247621e-13 8.4429708449e-13
4.6563720703e+02 1.2421105608e-12 3.9799555828e-13 8.4411500254e-13
4.6569824219e+02 1.2413220296e-12 3.9762202192e-13 8.4370000764e-13
4.6575927734e+02 1.2397401650e-12 3.9692647477e-13 8.4281369019e-13
4.6582031250e+02 1.2377613150e-12 3.9630616964e-13 8.4145514537e-13
4.6588134766e+02 1.2358486357e-12 3.9592159881e-13 8.3992703687e-13
4.6594238281e+02 1.2339569714e-12 3.9559412663e-13 8.3836284475e-13
4.6600341797e+02 1.2314954190e-12 3.9504027341e-13 8.3645514563e-13
4.6606445312e+02 1.2282315682e-12 3.9420668405e-13 8.3402488413e-13
4.6612548828e+02 1.2248774820e-12 3.9325576157e-13 8.3162172042e-13
4.6618652344e+02 1.2222692200e-12 3.9221623894e-13 8.3005298107e-13
4.6624755859e+02 1.2203422669e-12 3.9090502813e-13 8.2943723876e-13
4.6630859375e+02 1.2185880554e-12 3.8934463846e-13 8.2924341696e-13
4.6636962891e+02 1.2170611069e-12 3.8796396833e-13 8.2909713861e-13
4.6643066406e+02 1.2160418048e-12 3.8713820523e-13 8.2890359956e-13
4.6649169922e+02 1.2151498956e-12 3.8677453584e-13 8.2837535972e-13
4.6655273438e+02 1.2136939578e-12 3.8653687115e-13 8.2715708667e-13
4.6661376953e+02 1.2116279076e-12 3.8624706456e-13 8.2538084299e-13
4.6667480469e+02 1.2095215134e-12 3.8591209781e-13 8.2360941561e-13
4.6673583984e+02 1.2076706986e-12 3.8553634968e-13 8.2213434891e-13
4.6679687500e+02 1.2055976161e-12 3.8506038361e-13 8.2053723244e-13
4.6685791016e+02 1.2025375480e-12 3.8442288057e-13 8.1811466739e-13
4.6691894531e+02 1.1983298093e-12 3.8361908317e-13 8.1471072611e-13
4.6697998047e+02 1.1936603279e-12 3.8270924633e-13 8.1095108157e-13
4.6704101562e+02 1.1894249818e-12 3.8176914472e-13 8.0765583710e-13
4.6710205078e+02 1.1860442863e-12 3.8085766111e-13 8.0518662517e-13
4.6716308594e+02 1.1834010744e-12 3.8005558967e-13 8.0334548468e-13
4.6722412109e+02 1.1811783186e-12 3.7946983053e-13 8.0170848808e-13
4.6728515625e+02 1.1790729533e-12 3.7914421936e-13 7.9992873397e-13
4.6734619141e+02 1.1768239461e-12 3.7899469753e-13 7.9782924856e-13
4.6740722656e+02 1.1743170412e-12 3.7883903690e-13 7.9547800427e-13
4.6746826172e+02 1.1716475221e-12 3.7846542149e-13 7.9318210060e-13
4.6752929688e+02 1.1689053968e-12 3.7773916329e-13 7.9116623348e-13
4.6759033203e+02 1.1659474638e-12 3.7668192827e-13 7.8926553554e-13
4.6765136719e+02 1.1624020510e-12 3.7534523543e-13 7.8705681561e-13
4.6771240234e+02 1.1579056887e-12 3.7367409677e-13 7.8423159191e-13
4.6777343750e+02 1.1526064733e-12 3.7171907213e-13 7.8088740121e-13
4.6783447266e+02 1.1474580938e-12 3.6987632489e-13 7.7758176889e-13
4.6789550781e+02 1.1435359541e-12 3.6860925405e-13 7.7492670010e-13
4.6795654297e+02 1.1408898032e-12 3.6793695423e-13 7.7295284897e-13
4.6801757812e+02 1.1384790367e-12 3.6740844995e-13 7.7107058672e-13
4.6807861328e+02 1.1353565808e-12 3.6658720394e-13 7.6876937686e-13
4.6813964844e+02 1.1315177525e-12 3.6541979628e-13 7.6609795625e-13
4.6820068359e+02 1.1275659076e-12 3.6418344343e-13 7.6338246418e-13
4.6826171875e+02 1.1239802464e-12 3.6322399957e-13 7.6075624686e-13
4.6832275391e+02 1.1207961545e-12 3.6268975318e-13 7.5810640137e-13
4.6838378906e+02 1.1177122415e-12 3.6239999045e-13 7.5531225101e-13
4.6844482422e+02 1.1144106893e-12 3.6201470407e-13 7.5239598520e-13
4.6850585938e+02 1.1109673509e-12 3.6139584179e-13 7.4957150915e-13
4.6856689453e+02 1.1078849900e-12 3.6070846606e-13 7.4717652393e-13
4.6862792969e+02 1.1053574457e-12 3.6008099518e-13 7.4527645049e-13
4.6868896484e+02 1.1027346837e-12 3.5931277955e-13 7.4342190418e-13
4.6875000000e+02 1.0993135242e-12 3.5810686340e-13 7.4120666083e-13
4.6881103516e+02 1.0953419997e-12 3.5650090986e-13 7.3884108987e-13
4.6887207031e+02 1.0915518105e-12 3.5485307001e-13 7.3669874053e-13
4.6893310547e+02 1.0880592613e-12 3.5344014579e-13 7.3461911550e-13
4.6899414062e+02 1.0845104074e-12 3.5227147570e-13 7.3223893173e-13
4.6905517578e+02 1.0810247536e-12 3.5127907886e-13 7.2974567471e-13
4.6911621094e+02 1.0780839285e-12 3.5044643133e-13 7.2763749716e-13
4.6917724609e+02 1.0755854398e-12 3.4969965560e-13 7.2588578424e-13
4.6923828125e+02 1.0729058722e-12 3.4891574440e-13 7.2399012780e-13
4.6929931641e+02 1.0697840548e-12 3.4810048035e-13 7.2168357440e-13
4.6936035156e+02 1.0663450944e-12 3.4736366653e-13 7.1898142786e-13
4.6942138672e+02 1.0625604233e-12 3.4672282373e-13 7.1583759958e-13
4.6948242188e+02 1.0582685275e-12 3.4601596117e-13 7.1225256631e-13
4.6954345703e+02 1.0533853759e-12 3.4496976902e-13 7.0841560690e-13
4.6960449219e+02 1.0479878899e-12 3.4347569037e-13 7.0451219949e-13
4.6966552734e+02 1.0426308904e-12 3.4187709714e-13 7.0075379323e-13
4.6972656250e+02 1.0384346824e-12 3.4079331620e-13 6.9764136620e-13
4.6978759766e+02 1.0362707802e-12 3.4056497806e-13 6.9570580217e-13
4.6984863281e+02 1.0358925362e-12 3.4094513867e-13 6.9494739753e-13
4.6990966797e+02 1.0362815784e-12 3.4136131911e-13 6.9492025929e-13
4.6997070312e+02 1.0365884202e-12 3.4143605725e-13 6.9515236293e-13
4.7003173828e+02 1.0363941113e-12 3.4124575666e-13 6.9514835462e-13
4.7009277344e+02 1.0355551331e-12 3.4113226486e-13 6.9442286828e-13
4.7015380859e+02 1.0342305811e-12 3.4128254591e-13 6.9294803516e-13
4.7021484375e+02 1.0328505854e-12 3.4152163629e-13 6.9132894916e-13
4.7027587891e+02 1.0318189109e-12 3.4155518621e-13 6.9026372466e-13
4.7033691406e+02 1.0311273867e-12 3.4126111034e-13 6.8986627637e-13
4.7039794922e+02 1.0302872616e-12 3.4062255495e-13 6.8966470663e-13
4.7045898438e+02 1.0289302833e-12 3.3961461559e-13 6.8931566775e-13
4.7052001953e+02 1.0274939699e-12 3.3837857307e-13 6.8911539683e-13
4.7058105469e+02 1.0268618861e-12 3.3731307383e-13 6.8954881226e-13
4.7064208984e+02 1.0272313757e-12 3.3674250142e-13 6.9048887427e-13
4.7070312500e+02 1.0278324445e-12 3.3660424464e-13 6.9122819989e-13
4.7076416016e+02 1.0279117504e-12 3.3664122325e-13 6.9127052710e-13
4.7082519531e+02 1.0275856188e-12 3.3677466983e-13 6.9081094898e-13
4.7088623047e+02 1.0275230836e-12 3.3710015086e-13 6.9042293274e-13
4.7094726562e+02 1.0279838700e-12 3.3758124558e-13 6.9040262439e-13
4.7100830078e+02 1.0284399499e-12 3.3793077451e-13 6.9050917540e-13
4.7106933594e+02 1.0281378562e-12 3.3784277899e-13 6.9029507719e-13
4.7113037109e+02 1.0266800283e-12 3.3722862155e-13 6.8945140673e-13
4.7119140625e+02 1.0240595776e-12 3.3619695162e-13 6.8786262598e-13
4.7125244141e+02 1.0206109484e-12 3.3494094972e-13 6.8566999870e-13
4.7131347656e+02 1.0169370143e-12 3.3365467657e-13 6.8328233777e-13
4.7137451172e+02 1.0134446610e-12 3.3242448371e-13 6.8102017728e-13
4.7143554688e+02 1.0099495110e-12 3.3120888996e-13 6.7874062104e-13
4.7149658203e+02 1.0061519252e-12 3.2999865270e-13 6.7615327248e-13
4.7155761719e+02 1.0024767750e-12 3.2894320491e-13 6.7353357007e-13
4.7161865234e+02 9.9984047777e-13 3.2822205801e-13 6.7161841975e-13
4.7167968750e+02 9.9848942512e-13 3.2779867756e-13 6.7069074756e-13
4.7174072266e+02 9.9768815731e-13 3.2743339489e-13 6.7025476242e-13
4.7180175781e+02 9.9662904237e-13 3.2698187737e-13 6.6964716500e-13
4.7186279297e+02 9.9508110861e-13 3.2653223046e-13 6.6854887816e-13
4.7192382812e+02 9.9312175433e-13 3.2620159537e-13 6.6692015896e-13
4.7198486328e+02 9.9072100708e-13 3.2594266907e-13 6.6477833800e-13
4.7204589844e+02 9.8775799754e-13 3.2562327309e-13 6.6213472445e-13
4.7210693359e+02 9.8433540373e-13 3.2519199596e-13 6.5914340777e-13
4.7216796875e+02 9.8087554039e-13 3.2462834646e-13 6.5624719393e-13
4.7222900391e+02 9.7765164255e-13 3.2379625268e-13 6.5385538987e-13
4.7229003906e+02 9.7446205022e-13 3.2258347153e-13 6.5187857869e-13
4.7235107422e+02 9.7119382438e-13 3.2116845802e-13 6.5002536636e-13
4.7241210938e+02 9.6838943940e-13 3.1992700745e-13 6.4846243194e-13
4.7247314453e+02 9.6669048817e-13 3.1910328317e-13 6.4758720501e-13
4.7253417969e+02 9.6586204682e-13 3.1864248339e-13 6.4721956343e-13
4.7259521484e+02 9.6491530940e-13 3.1822756197e-13 6.4668774743e-13
4.7265625000e+02 9.6325050494e-13 3.1751840763e-13 6.4573209731e-13
4.7271728516e+02 9.6124466173e-13 3.1647963494e-13 6.4476502679e-13
4.7277832031e+02 9.5958895783e-13 3.1540116975e-13 6.4418778807e-13
4.7283935547e+02 9.5845512123e-13 3.1459168265e-13 6.4386343857e-13
4.7290039062e+02 9.5760429281e-13 3.1416594532e-13 6.4343834750e-13
4.7296142578e+02 9.5696786750e-13 3.1407258058e-13 6.4289528692e-13
4.7302246094e+02 9.5667683065e-13 3.1419790292e-13 6.4247892773e-13
4.7308349609e+02 9.5664188509e-13 3.1442031352e-13 6.4222157157e-13
4.7314453125e+02 9.5642973598e-13 3.1461004243e-13 6.4181969355e-13
4.7320556641e+02 9.5565469217e-13 3.1465191947e-13 6.4100277270e-13
4.7326660156e+02 9.5435977894e-13 3.1445868956e-13 6.3990108938e-13
4.7332763672e+02 9.5291848741e-13 3.1397817892e-13 6.3894030849e-13
4.7338867188e+02 9.5169193077e-13 3.1331166523e-13 6.3838026553e-13
4.7344970703e+02 9.5075711475e-13 3.1270510769e-13 6.3805200706e-13
4.7351074219e+02 9.4986996396e-13 3.1225580620e-13 6.3761415777e-13
4.7357177734e+02 9.4875729394e-13 3.1179257960e-13 6.3696471433e-13
4.7363281250e+02 9.4732109885e-13 3.1111728222e-13 6.3620381663e-13
4.7369384766e+02 9.4547945066e-13 3.1019381642e-13 6.3528563424e-13
4.7375488281e+02 9.4310948788e-13 3.0910643360e-13 6.3400305428e-13
4.7381591797e+02 9.4029881782e-13 3.0796343131e-13 6.3233538651e-13
4.7387695312e+02 9.3749461064e-13 3.0684885047e-13 6.3064576017e-13
4.7393798828e+02 9.3527106425e-13 3.0582773451e-13 6.2944332974e-13
4.7399902344e+02 9.3384897833e-13 3.0496824396e-13 6.2888073437e-13
4.7406005859e+02 9.3288973613e-13 3.0434569115e-13 6.2854404498e-13
4.7412109375e+02 9.3193480026e-13 3.0402411052e-13 6.2791068975e-13
4.7418212891e+02 9.3092589563e-13 3.0399256378e-13 6.2693333185e-13
4.7424316406e+02 9.3008167291e-13 3.0410777264e-13 6.2597390027e-13
4.7430419922e+02 9.2945156405e-13 3.0414884173e-13 6.2530272233e-13
4.7436523438e+02 9.2872537816e-13 3.0393531593e-13 6.2479006223e-13
4.7442626953e+02 9.2740093741e-13 3.0340792460e-13 6.2399301281e-13
4.7448730469e+02 9.2542175543e-13 3.0270101960e-13 6.2272073583e-13
4.7454833984e+02 9.2359464304e-13 3.0211721171e-13 6.2147743133e-13
4.7460937500e+02 9.2274525827e-13 3.0188211387e-13 6.2086314440e-13
4.7467041016e+02 9.2275112614e-13 3.0195769503e-13 6.2079343111e-13
4.7473144531e+02 9.2308185165e-13 3.0217302755e-13 6.2090882410e-13
4.7479248047e+02 9.2374913466e-13 3.0244810739e-13 6.2130102727e-13
4.7485351562e+02 9.2502317516e-13 3.0283107270e-13 6.2219210247e-13
4.7491455078e+02 9.2661103448e-13 3.0334760831e-13 6.2326342617e-13
4.7497558594e+02 9.2778423905e-13 3.0385546465e-13 6.2392877439e-13
4.7503662109e+02 9.2825876000e-13 3.0412632975e-13 6.2413243025e-13
4.7509765625e+02 9.2848152503e-13 3.0411665900e-13 6.2436486603e-13
4.7515869141e+02 9.2900412315e-13 3.0404228623e-13 6.2496183692e-13
4.7521972656e+02 9.2988976878e-13 3.0410074914e-13 6.2578901964e-13
4.7528076172e+02 9.3082096555e-13 3.0426399869e-13 6.2655696686e-13
4.7534179688e+02 9.3158380978e-13 3.0441439663e-13 6.2716941315e-13
4.7540283203e+02 9.3237203236e-13 3.0455131541e-13 6.2782071695e-13
4.7546386719e+02 9.3361900007e-13 3.0478381338e-13 6.2883518669e-13
4.7552490234e+02 9.3535821599e-13 3.0514865190e-13 6.3020956409e-13
4.7558593750e+02 9.3686614465e-13 3.0551653499e-13 6.3134960966e-13
4.7564697266e+02 9.3726502734e-13 3.0572876028e-13 6.3153626706e-13
4.7570800781e+02 9.3640138418e-13 3.0578647200e-13 6.3061491218e-13
4.7576904297e+02 9.3497266269e-13 3.0584416374e-13 6.2912849895e-13
4.7583007812e+02 9.3394858498e-13 3.0604559836e-13 6.2790298662e-13
4.7589111328e+02 9.3401777835e-13 3.0645735083e-13 6.2756042752e-13
4.7595214844e+02 9.3529886138e-13 3.0708230797e-13 6.2821655341e-13
4.7601318359e+02 9.3724107119e-13 3.0781235048e-13 6.2942872071e-13
4.7607421875e+02 9.3908180409e-13 3.0849571042e-13 6.3058609367e-13
4.7613525391e+02 9.4057471718e-13 3.0910549245e-13 6.3146922473e-13
4.7619628906e+02 9.4186121261e-13 3.0966174669e-13 6.3219946591e-13
4.7625732422e+02 9.4279058149e-13 3.1003523963e-13 6.3275534186e-13
4.7631835938e+02 9.4312105823e-13 3.1005515257e-13 6.3306590566e-13
4.7637939453e+02 9.4323877325e-13 3.0977921323e-13 6.3345956002e-13
4.7644042969e+02 9.4387308934e-13 3.0950603067e-13 6.3436705867e-13
4.7650146484e+02 9.4508919227e-13 3.0949622321e-13 6.3559296905e-13
4.7656250000e+02 9.4616475751e-13 3.0973467415e-13 6.3643008336e-13
4.7662353516e+02 9.4653018750e-13 3.0999406844e-13 6.3653611906e-13
4.7668457031e+02 9.4631285671e-13 3.1007857525e-13 6.3623428146e-13
4.7674560547e+02 9.4589969504e-13 3.0998872078e-13 6.3591097426e-13
4.7680664062e+02 9.4544978903e-13 3.0987698109e-13 6.3557280794e-13
4.7686767578e+02 9.4502693880e-13 3.0986496254e-13 6.3516197625e-13
4.7692871094e+02 9.4497390868e-13 3.0998382574e-13 6.3499008294e-13
4.7698974609e+02 9.4569996303e-13 3.1025497907e-13 6.3544498396e-13
4.7705078125e+02 9.4702144036e-13 3.1067126942e-13 6.3635017094e-13
4.7711181641e+02 9.4827510830e-13 3.1116117156e-13 6.3711393674e-13
4.7717285156e+02 9.4914472475e-13 3.1168024089e-13 6.3746448386e-13
4.7723388672e+02 9.4982931846e-13 3.1220939254e-13 6.3761992592e-13
4.7729492188e+02 9.5059619000e-13 3.1266496876e-13 6.3793122124e-13
4.7735595703e+02 9.5170453534e-13 3.1301334006e-13 6.3869119528e-13
4.7741699219e+02 9.5342410351e-13 3.1339476546e-13 6.4002933805e-13
4.7747802734e+02 9.5567657667e-13 3.1394498102e-13 6.4173159565e-13
4.7753906250e+02 9.5795651458e-13 3.1461345730e-13 6.4334305728e-13
4.7760009766e+02 9.5987523705e-13 3.1527308883e-13 6.4460214822e-13
4.7766113281e+02 9.6149893923e-13 3.1587771833e-13 6.4562122090e-13
4.7772216797e+02 9.6299759850e-13 3.1643239523e-13 6.4656520327e-13
4.7778320312e+02 9.6431540327e-13 3.1691404382e-13 6.4740135945e-13
4.7784423828e+02 9.6540313529e-13 3.1729821023e-13 6.4810492506e-13
4.7790527344e+02 9.6655215608e-13 3.1763053949e-13 6.4892161659e-13
4.7796630859e+02 9.6824371630e-13 3.1802139321e-13 6.5022232309e-13
4.7802734375e+02 9.7059459856e-13 3.1855042289e-13 6.5204417567e-13
4.7808837891e+02 9.7319510362e-13 3.1922895649e-13 6.5396614713e-13
4.7814941406e+02 9.7570903739e-13 3.2006443731e-13 6.5564460008e-13
4.7821044922e+02 9.7826267639e-13 3.2102713176e-13 6.5723554463e-13
4.7827148438e+02 9.8102441566e-13 3.2197005188e-13 6.5905436378e-13
4.7833251953e+02 9.8380950366e-13 3.2274261277e-13 6.6106689089e-13
4.7839355469e+02 9.8627533403e-13 3.2331502230e-13 6.6296031173e-13
4.7845458984e+02 9.8836356922e-13 3.2373692386e-13 6.6462664536e-13
4.7851562500e+02 9.9039756992e-13 3.2412499815e-13 6.6627257177e-13
4.7857666016e+02 9.9264747859e-13 3.2465673648e-13 6.6799074211e-13
4.7863769531e+02 9.9506974200e-13 3.2541745312e-13 6.6965228888e-13
4.7869873047e+02 9.9753111739e-13 3.2628106640e-13 6.7125005098e-13
4.7875976562e+02 9.9993084639e-13 3.2705242640e-13 6.7287841999e-13
4.7882080078e+02 1.0022041961e-12 3.2773200922e-13 6.7447218691e-13
4.7888183594e+02 1.0044768296e-12 3.2852700104e-13 6.7594982856e-13
4.7894287109e+02 1.0071127436e-12 3.2957884237e-13 6.7753390124e-13
4.7900390625e+02 1.0104486813e-12 3.3080819562e-13 6.7964048568e-13
4.7906494141e+02 1.0144059431e-12 3.3203678160e-13 6.8236916152e-13
4.7912597656e+02 1.0183905010e-12 3.3312032885e-13 6.8527017212e-13
4.7918701172e+02 1.0216422870e-12 3.3392896465e-13 6.8771332238e-13
4.7924804688e+02 1.0237887162e-12 3.3435549582e-13 6.8943322034e-13
4.7930908203e+02 1.0251806345e-12 3.3445438270e-13 6.9072625176e-13
4.7937011719e+02 1.0266241861e-12 3.3448745190e-13 6.9213673421e-13
4.7943115234e+02 1.0287579457e-12 3.3475089082e-13 6.9400705491e-13
4.7949218750e+02 1.0317696103e-12 3.3535942578e-13 6.9641018449e-13
4.7955322266e+02 1.0354984052e-12 3.3619484087e-13 6.9930356432e-13
4.7961425781e+02 1.0394784555e-12 3.3705180181e-13 7.0242665366e-13
4.7967529297e+02 1.0430131609e-12 3.3780094850e-13 7.0521221236e-13
4.7973632812e+02 1.0456170671e-12 3.3841889986e-13 7.0719816721e-13
4.7979736328e+02 1.0475221754e-12 3.3897629544e-13 7.0854587998e-13
4.7985839844e+02 1.0496084030e-12 3.3961881657e-13 7.0998958640e-13
4.7991943359e+02 1.0525798749e-12 3.4042522422e-13 7.1215465066e-13
4.7998046875e+02 1.0561502977e-12 3.4128426833e-13 7.1486602933e-13
4.8004150391e+02 1.0594007335e-12 3.4202982533e-13 7.1737090821e-13
4.8010253906e+02 1.0619312157e-12 3.4262860145e-13 7.1930261423e-13
4.8016357422e+02 1.0641456169e-12 3.4314412486e-13 7.2100149206e-13
4.8022460938e+02 1.0666120951e-12 3.4366375210e-13 7.2294834297e-13
4.8028564453e+02 1.0695887469e-12 3.4430826054e-13 7.2528048640e-13
4.8034667969e+02 1.0727522213e-12 3.4510992510e-13 7.2764229624e-13
4.8040771484e+02 1.0752499659e-12 3.4589154161e-13 7.2935842431e-13
4.8046875000e+02 1.0765197519e-12 3.4647643921e-13 7.3004331274e-13
4.8052978516e+02 1.0769634099e-12 3.4695346348e-13 7.3000994645e-13
4.8059082031e+02 1.0775053708e-12 3.4756633683e-13 7.2993903397e-13
4.8065185547e+02 1.0787490924e-12 3.4844424727e-13 7.3030484514e-13
4.8071289062e+02 1.0807160642e-12 3.4953643168e-13 7.3117963256e-13
4.8077392578e+02 1.0830558041e-12 3.5066633387e-13 7.3238947025e-13
4.8083496094e+02 1.0854136249e-12 3.5162709389e-13 7.3378653106e-13
4.8089599609e+02 1.0878320424e-12 3.5237244214e-13 7.3545960024e-13
4.8095703125e+02 1.0905116162e-12 3.5298443383e-13 7.3752718240e-13
4.8101806641e+02 1.0930176100e-12 3.5333770647e-13 7.3967990352e-13
4.8107910156e+02 1.0945486090e-12 3.5318748103e-13 7.4136112794e-13
4.8114013672e+02 1.0952478794e-12 3.5272987659e-13 7.4251800279e-13
4.8120117188e+02 1.0964199098e-12 3.5259712026e-13 7.4382278952e-13
4.8126220703e+02 1.0992901184e-12 3.5319424234e-13 7.4609587609e-13
4.8132324219e+02 1.1039545280e-12 3.5439189952e-13 7.4956262850e-13
4.8138427734e+02 1.1093350086e-12 3.5580615494e-13 7.5352885362e-13
4.8144531250e+02 1.1139351498e-12 3.5708831050e-13 7.5684683930e-13
4.8150634766e+02 1.1169329163e-12 3.5805412141e-13 7.5887879492e-13
4.8156738281e+02 1.1186469701e-12 3.5873507474e-13 7.5991189534e-13
4.8162841797e+02 1.1199508908e-12 3.5927637515e-13 7.6067451567e-13
4.8168945312e+02 1.1214517550e-12 3.5976648779e-13 7.6168526720e-13
4.8175048828e+02 1.1231024383e-12 3.6018703619e-13 7.6291540211e-13
4.8181152344e+02 1.1244202254e-12 3.6050135996e-13 7.6391886545e-13
4.8187255859e+02 1.1252025077e-12 3.6078495385e-13 7.6441755387e-13
4.8193359375e+02 1.1258416522e-12 3.6122706782e-13 7.6461458434e-13
4.8199462891e+02 1.1266786323e-12 3.6188243191e-13 7.6479620040e-13
4.8205566406e+02 1.1274287044e-12 3.6246902547e-13 7.6495967892e-13
4.8211669922e+02 1.1277017169e-12 3.6266723218e-13 7.6503448469e-13
4.8217773438e+02 1.1277882951e-12 3.6258866164e-13 7.6519963345e-13
4.8223876953e+02 1.1284277507e-12 3.6265752283e-13 7.6577022784e-13
4.8229980469e+02 1.1299366256e-12 3.6309191639e-13 7.6684470922e-13
4.8236083984e+02 1.1319025716e-12 3.6375328828e-13 7.6814928333e-13
4.8242187500e+02 1.1337009400e-12 3.6441950915e-13 7.6928143081e-13
4.8248291016e+02 1.1352172909e-12 3.6502010505e-13 7.7019718590e-13
4.8254394531e+02 1.1370040810e-12 3.6563807280e-13 7.7136600824e-13
4.8260498047e+02 1.1395686904e-12 3.6636070556e-13 7.7320798482e-13
4.8266601562e+02 1.1425393842e-12 3.6711800452e-13 7.7542137970e-13
4.8272705078e+02 1.1447435352e-12 3.6765822674e-13 7.7708530845e-13
4.8278808594e+02 1.1452069552e-12 3.6775728421e-13 7.7744967102e-13
4.8284912109e+02 1.1442188464e-12 3.6752003591e-13 7.7669881047e-13
4.8291015625e+02 1.1435091171e-12 3.6741817479e-13 7.7609094229e-13
4.8297119141e+02 1.1449875401e-12 3.6793273813e-13 7.7705480201e-13
4.8303222656e+02 1.1490226964e-12 3.6915730488e-13 7.7986539153e-13
4.8309326172e+02 1.1542496298e-12 3.7077630749e-13 7.8347332232e-13
4.8315429688e+02 1.1589998285e-12 3.7234432650e-13 7.8665550198e-13
4.8321533203e+02 1.1625647053e-12 3.7356506774e-13 7.8899963759e-13
4.8327636719e+02 1.1653521535e-12 3.7443634879e-13 7.9091580471e-13
4.8333740234e+02 1.1681582261e-12 3.7512541181e-13 7.9303281429e-13
4.8339843750e+02 1.1711856199e-12 3.7565416460e-13 7.9553145535e-13
4.8345947266e+02 1.1740037461e-12 3.7591185974e-13 7.9809188639e-13
4.8352050781e+02 1.1766760182e-12 3.7605823927e-13 8.0061777892e-13
4.8358154297e+02 1.1801165716e-12 3.7657187623e-13 8.0354469540e-13
4.8364257812e+02 1.1848693038e-12 3.7774403336e-13 8.0712527048e-13
4.8370361328e+02 1.1904345264e-12 3.7938910019e-13 8.1104542616e-13
4.8376464844e+02 1.1960734786e-12 3.8110419376e-13 8.1496928489e-13
4.8382568359e+02 1.2014431948e-12 3.8261345843e-13 8.1882973639e-13
4.8388671875e+02 1.2064361337e-12 3.8389372474e-13 8.2254240897e-13
4.8394775391e+02 1.2110442837e-12 3.8512993034e-13 8.2591435339e-13
4.8400878906e+02 1.2153812346e-12 3.8656080551e-13 8.2882042908e-13
4.8406982422e+02 1.2195837470e-12 3.8828159070e-13 8.3130215625e-13
4.8413085938e+02 1.2236521503e-12 3.9011839018e-13 8.3353376017e-13
4.8419189453e+02 1.2274071126e-12 3.9173528300e-13 8.3567182965e-13
4.8425292969e+02 1.2307653321e-12 3.9296954142e-13 8.3779579072e-13
4.8431396484e+02 1.2340043743e-12 3.9396517153e-13 8.4003920279e-13
4.8437500000e+02 1.2373853384e-12 3.9486647951e-13 8.4251885893e-13
4.8443603516e+02 1.2406112121e-12 3.9557371282e-13 8.4503749931e-13
4.8449707031e+02 1.2430993135e-12 3.9595230018e-13 8.4714701328e-13
4.8455810547e+02 1.2446997483e-12 3.9611123226e-13 8.4858851600e-13
4.8461914062e+02 1.2458007668e-12 3.9631343756e-13 8.4948732920e-13
4.8468017578e+02 1.2468692026e-12 3.9667034587e-13 8.5019885677e-13
4.8474121094e+02 1.2480288033e-12 3.9700910604e-13 8.5101969730e-13
4.8480224609e+02 1.2489530097e-12 3.9707242184e-13 8.5188058782e-13
4.8486328125e+02 1.2493375547e-12 3.9686024825e-13 8.5247730646e-13
4.8492431641e+02 1.2493889423e-12 3.9665829645e-13 8.5273064590e-13
4.8498535156e+02 1.2495121195e-12 3.9669771221e-13 8.5281440729e-13
4.8504638672e+02 1.2499227916e-12 3.9702433406e-13 8.5289845752e-13
4.8510742188e+02 1.2507406214e-12 3.9765305936e-13 8.5308756205e-13
4.8516845703e+02 1.2518424004e-12 3.9848719832e-13 8.5335520206e-13
4.8522949219e+02 1.2526522862e-12 3.9918512685e-13 8.5346715938e-13
4.8529052734e+02 1.2526256828e-12 3.9942462875e-13 8.5320105408e-13
4.8535156250e+02 1.2518200613e-12 3.9920074215e-13 8.5261931915e-13
4.8541259766e+02 1.2508067475e-12 3.9879889056e-13 8.5200785691e-13
4.8547363281e+02 1.2501767433e-12 3.9862547348e-13 8.5155126978e-13
4.8553466797e+02 1.2499181007e-12 3.9891058007e-13 8.5100752063e-13
4.8559570312e+02 1.2493155295e-12 3.9943714287e-13 8.4987838662e-13
4.8565673828e+02 1.2479061466e-12 3.9978206612e-13 8.4812408051e-13
4.8571777344e+02 1.2461626822e-12 3.9978958173e-13 8.4637310045e-13
4.8577880859e+02 1.2448476807e-12 3.9956159428e-13 8.4528608638e-13
4.8583984375e+02 1.2442600299e-12 3.9917501174e-13 8.4508501812e-13
4.8590087891e+02 1.2442857678e-12 3.9869138402e-13 8.4559438381e-13
4.8596191406e+02 1.2446409735e-12 3.9829367641e-13 8.4634729710e-13
4.8602294922e+02 1.2449914228e-12 3.9818600091e-13 8.4680542185e-13
4.8608398438e+02 1.2451653416e-12 3.9835457033e-13 8.4681077123e-13
4.8614501953e+02 1.2453263217e-12 3.9852492582e-13 8.4680139593e-13
4.8620605469e+02 1.2458667661e-12 3.9849823908e-13 8.4736852704e-13
4.8626708984e+02 1.2471079289e-12 3.9852704630e-13 8.4858088260e-13
4.8632812500e+02 1.2490098879e-12 3.9909720772e-13 8.4991268022e-13
4.8638916016e+02 1.2510158112e-12 4.0024064986e-13 8.5077516135e-13
4.8645019531e+02 1.2521769632e-12 4.0131410586e-13 8.5086285734e-13
4.8651123047e+02 1.2517412377e-12 4.0163312200e-13 8.5010811570e-13
4.8657226562e+02 1.2499783251e-12 4.0119635042e-13 8.4878197468e-13
4.8663330078e+02 1.2482217544e-12 4.0061738789e-13 8.4760436651e-13
4.8669433594e+02 1.2476808763e-12 4.0045284257e-13 8.4722803369e-13
4.8675537109e+02 1.2483793126e-12 4.0078522954e-13 8.4759408303e-13
4.8681640625e+02 1.2493842878e-12 4.0132270971e-13 8.4806157810e-13
4.8687744141e+02 1.2497926694e-12 4.0168478853e-13 8.4810788088e-13
4.8693847656e+02 1.2495238080e-12 4.0168009939e-13 8.4784370860e-13
4.8699951172e+02 1.2492705859e-12 4.0145187499e-13 8.4781871089e-13
4.8706054688e+02 1.2496049391e-12 4.0132258328e-13 8.4828235578e-13
4.8712158203e+02 1.2503401377e-12 4.0146890864e-13 8.4887122904e-13
4.8718261719e+02 1.2510268402e-12 4.0179641636e-13 8.4923042382e-13
4.8724365234e+02 1.2516911551e-12 4.0209682337e-13 8.4959433172e-13
4.8730468750e+02 1.2525411851e-12 4.0221844581e-13 8.5032273924e-13
4.8736572266e+02 1.2533491650e-12 4.0212011036e-13 8.5122905460e-13
4.8742675781e+02 1.2537972084e-12 4.0189602623e-13 8.5190118214e-13
4.8748779297e+02 1.2541001907e-12 4.0174552851e-13 8.5235466222e-13
4.8754882812e+02 1.2547315168e-12 4.0184385190e-13 8.5288766492e-13
4.8760986328e+02 1.2558166986e-12 4.0226119444e-13 8.5355550415e-13
4.8767089844e+02 1.2571971629e-12 4.0295885120e-13 8.5423831167e-13
4.8773193359e+02 1.2586818427e-12 4.0371213216e-13 8.5496971049e-13
4.8779296875e+02 1.2598234126e-12 4.0414074182e-13 8.5568267081e-13
4.8785400391e+02 1.2600427502e-12 4.0408194034e-13 8.5596080987e-13
4.8791503906e+02 1.2594927967e-12 4.0385685545e-13 8.5563594123e-13
4.8797607422e+02 1.2592360466e-12 4.0393054636e-13 8.5530550019e-13
4.8803710938e+02 1.2600549271e-12 4.0439733396e-13 8.5565759317e-13
4.8809814453e+02 1.2615140117e-12 4.0497126466e-13 8.5654274706e-13
4.8815917969e+02 1.2626140506e-12 4.0533352377e-13 8.5728052685e-13
4.8822021484e+02 1.2630068180e-12 4.0532754062e-13 8.5767927742e-13
4.8828125000e+02 1.2632288492e-12 4.0499283541e-13 8.5823601381e-13
4.8834228516e+02 1.2639594922e-12 4.0454516167e-13 8.5941433052e-13
4.8840332031e+02 1.2651844808e-12 4.0416748685e-13 8.6101699396e-13
4.8846435547e+02 1.2660085430e-12 4.0379383798e-13 8.6221470505e-13
4.8852539062e+02 1.2655048382e-12 4.0329644840e-13 8.6220838980e-13
4.8858642578e+02 1.2638241195e-12 4.0283100522e-13 8.6099311428e-13
4.8864746094e+02 1.2619886949e-12 4.0269322600e-13 8.5929546892e-13
4.8870849609e+02 1.2606886808e-12 4.0287735769e-13 8.5781132313e-13
4.8876953125e+02 1.2599119618e-12 4.0309002968e-13 8.5682193208e-13
4.8883056641e+02 1.2594797260e-12 4.0314984494e-13 8.5632988104e-13
4.8889160156e+02 1.2592751996e-12 4.0310061956e-13 8.5617458007e-13
4.8895263672e+02 1.2589447533e-12 4.0298580080e-13 8.5595895253e-13
4.8901367188e+02 1.2577764264e-12 4.0273641215e-13 8.5504001429e-13
4.8907470703e+02 1.2553350468e-12 4.0225646956e-13 8.5307857727e-13
4.8913574219e+02 1.2521985097e-12 4.0151429880e-13 8.5068421090e-13
4.8919677734e+02 1.2494716832e-12 4.0063151683e-13 8.4884016641e-13
4.8925781250e+02 1.2475352296e-12 3.9988903522e-13 8.4764619436e-13
4.8931884766e+02 1.2457842276e-12 3.9944723672e-13 8.4633699085e-13
4.8937988281e+02 1.2435138271e-12 3.9906901055e-13 8.4444481658e-13
4.8944091797e+02 1.2406024953e-12 3.9835542778e-13 8.4224706748e-13
4.8950195312e+02 1.2373254797e-12 3.9723412441e-13 8.4009135529e-13
4.8956298828e+02 1.2339386203e-12 3.9602248834e-13 8.3791613195e-13
4.8962402344e+02 1.2306591935e-12 3.9504217881e-13 8.3561701467e-13
4.8968505859e+02 1.2277072858e-12 3.9429798185e-13 8.3340930392e-13
4.8974609375e+02 1.2251292333e-12 3.9354874715e-13 8.3158048619e-13
4.8980712891e+02 1.2227212065e-12 3.9265372652e-13 8.3006748000e-13
4.8986816406e+02 1.2200783837e-12 3.9173450635e-13 8.2834387730e-13
4.8992919922e+02 1.2166574521e-12 3.9089969031e-13 8.2575776175e-13
4.8999023438e+02 1.2120553253e-12 3.8996047140e-13 8.2209485389e-13
4.9005126953e+02 1.2063741935e-12 3.8860817939e-13 8.1776601407e-13
4.9011230469e+02 1.2002232913e-12 3.8679966863e-13 8.1342362267e-13
4.9017333984e+02 1.1943618957e-12 3.8483707289e-13 8.0952482278e-13
4.9023437500e+02 1.1893531219e-12 3.8310030515e-13 8.0625281674e-13
4.9029541016e+02 1.1853973359e-12 3.8178147718e-13 8.0361585875e-13
4.9035644531e+02 1.1822725263e-12 3.8085485115e-13 8.0141767515e-13
4.9041748047e+02 1.1794033185e-12 3.8015678383e-13 7.9924653470e-13
4.9047851562e+02 1.1762529173e-12 3.7943964351e-13 7.9681327378e-13
4.9053955078e+02 1.1728338793e-12 3.7849562590e-13 7.9433825342e-13
4.9060058594e+02 1.1696650146e-12 3.7733065093e-13 7.9233436368e-13
4.9066162109e+02 1.1671609665e-12 3.7618731562e-13 7.9097365093e-13
4.9072265625e+02 1.1651771071e-12 3.7535089830e-13 7.8982620878e-13
4.9078369141e+02 1.1630670458e-12 3.7486678106e-13 7.8820026479e-13
4.9084472656e+02 1.1601267555e-12 3.7441307525e-13 7.8571368026e-13
4.9090576172e+02 1.1560880299e-12 3.7351801221e-13 7.8257001765e-13
4.9096679688e+02 1.1512367796e-12 3.7199773861e-13 7.7923904097e-13
4.9102783203e+02 1.1461600241e-12 3.7018381716e-13 7.7597620697e-13
4.9108886719e+02 1.1415625811e-12 3.6864608093e-13 7.7291650022e-13
4.9114990234e+02 1.1381871143e-12 3.6770329033e-13 7.7048382401e-13
4.9121093750e+02 1.1364693436e-12 3.6727201939e-13 7.6919732418e-13
4.9127197266e+02 1.1361464508e-12 3.6708823155e-13 7.6905821927e-13
4.9133300781e+02 1.1363078286e-12 3.6688988761e-13 7.6941794099e-13
4.9139404297e+02 1.1358289998e-12 3.6644950177e-13 7.6937949803e-13
4.9145507812e+02 1.1340099751e-12 3.6568252646e-13 7.6832744864e-13
4.9151611328e+02 1.1311385839e-12 3.6477799556e-13 7.6636058835e-13
4.9157714844e+02 1.1283256223e-12 3.6405926186e-13 7.6426636040e-13
4.9163818359e+02 1.1265143911e-12 3.6364509487e-13 7.6286929625e-13
4.9169921875e+02 1.1256759389e-12 3.6333496975e-13 7.6234096916e-13
4.9176025391e+02 1.1251573496e-12 3.6291245868e-13 7.6224489093e-13
4.9182128906e+02 1.1246283761e-12 3.6249099645e-13 7.6213737969e-13
4.9188232422e+02 1.1242091592e-12 3.6238259321e-13 7.6182656604e-13
4.9194335938e+02 1.1238110756e-12 3.6262594417e-13 7.6118513138e-13
4.9200439453e+02 1.1230662261e-12 3.6285239928e-13 7.6021382686e-13
4.9206542969e+02 1.1219702361e-12 3.6270007899e-13 7.5927015706e-13
4.9212646484e+02 1.1209651837e-12 3.6220845374e-13 7.5875672999e-13
4.9218750000e+02 1.1202166146e-12 3.6168179307e-13 7.5853482157e-13
4.9224853516e+02 1.1192374069e-12 3.6126561919e-13 7.5797178774e-13
4.9230957031e+02 1.1174791559e-12 3.6084645972e-13 7.5663269621e-13
4.9237060547e+02 1.1150477524e-12 3.6033491278e-13 7.5471283958e-13
4.9243164062e+02 1.1125988337e-12 3.5979355489e-13 7.5280527884e-13
4.9249267578e+02 1.1106339131e-12 3.5922454702e-13 7.5140936608e-13
4.9255371094e+02 1.1089901036e-12 3.5847850313e-13 7.5051160047e-13
4.9261474609e+02 1.1071062837e-12 3.5754057263e-13 7.4956571105e-13
4.9267578125e+02 1.1047914215e-12 3.5673147317e-13 7.4805994834e-13
4.9273681641e+02 1.1023599265e-12 3.5633929765e-13 7.4602062888e-13
4.9279785156e+02 1.1000100291e-12 3.5615261825e-13 7.4385741082e-13
4.9285888672e+02 1.0976484465e-12 3.5572054875e-13 7.4192789772e-13
4.9291992188e+02 1.0952476897e-12 3.5497314382e-13 7.4027454587e-13
4.9298095703e+02 1.0928092692e-12 3.5422542531e-13 7.3858384394e-13
4.9304199219e+02 1.0902941254e-12 3.5375626157e-13 7.3653786385e-13
4.9310302734e+02 1.0879735918e-12 3.5367468923e-13 7.3429890255e-13
4.9316406250e+02 1.0862464020e-12 3.5391538092e-13 7.3233102110e-13
4.9322509766e+02 1.0849626147e-12 3.5416507329e-13 7.3079754143e-13
4.9328613281e+02 1.0835396021e-12 3.5406720921e-13 7.2947239287e-13
4.9334716797e+02 1.0816276859e-12 3.5357027053e-13 7.2805741534e-13
4.9340820312e+02 1.0792623116e-12 3.5289203272e-13 7.2637027890e-13
4.9346923828e+02 1.0766360048e-12 3.5220039922e-13 7.2443560558e-13
4.9353027344e+02 1.0739802647e-12 3.5148395231e-13 7.2249631242e-13
4.9359130859e+02 1.0714600900e-12 3.5065927252e-13 7.2080081746e-13
4.9365234375e+02 1.0690218315e-12 3.4966453826e-13 7.1935729327e-13
4.9371337891e+02 1.0665064160e-12 3.4849825432e-13 7.1800816171e-13
4.9377441406e+02 1.0639080757e-12 3.4724170404e-13 7.1666637166e-13
4.9383544922e+02 1.0612581121e-12 3.4597147559e-13 7.1528663655e-13
4.9389648438e+02 1.0582854180e-12 3.4465482445e-13 7.1363059359e-13
4.9395751953e+02 1.0545287372e-12 3.4328513931e-13 7.1124359793e-13
4.9401855469e+02 1.0500671448e-12 3.4208920800e-13 7.0797793680e-13
4.9407958984e+02 1.0459543998e-12 3.4136093213e-13 7.0459346771e-13
4.9414062500e+02 1.0434123884e-12 3.4110144216e-13 7.0231094628e-13
4.9420166016e+02 1.0425444553e-12 3.4102306850e-13 7.0152138680e-13
4.9426269531e+02 1.0422614629e-12 3.4083777788e-13 7.0142368500e-13
4.9432373047e+02 1.0415451281e-12 3.4041547901e-13 7.0112964914e-13
4.9438476562e+02 1.0403132509e-12 3.3978937473e-13 7.0052387614e-13
4.9444580078e+02 1.0389631284e-12 3.3913267958e-13 6.9983044878e-13
4.9450683594e+02 1.0377325434e-12 3.3867907923e-13 6.9905346421e-13
4.9456787109e+02 1.0367216746e-12 3.3856291938e-13 6.9815875521e-13
4.9462890625e+02 1.0359167948e-12 3.3867171224e-13 6.9724508254e-13
4.9468994141e+02 1.0349102275e-12 3.3866186287e-13 6.9624836465e-13
4.9475097656e+02 1.0330310797e-12 3.3820961028e-13 6.9482146943e-13
4.9481201172e+02 1.0300273442e-12 3.3730539540e-13 6.9272194880e-13
4.9487304688e+02 1.0264769583e-12 3.3626729943e-13 6.9020965886e-13
4.9493408203e+02 1.0233825921e-12 3.3545400007e-13 6.8792859199e-13
4.9499511719e+02 1.0211890920e-12 3.3493224085e-13 6.8625685115e-13
4.9505615234e+02 1.0193020013e-12 3.3440496678e-13 6.8489703450e-13
4.9511718750e+02 1.0169335391e-12 3.3357470727e-13 6.8335883185e-13
4.9517822266e+02 1.0140816684e-12 3.3252039076e-13 6.8156127762e-13
4.9523925781e+02 1.0112623768e-12 3.3154058168e-13 6.7972179513e-13
4.9530029297e+02 1.0087945068e-12 3.3078311863e-13 6.7801138820e-13
4.9536132812e+02 1.0066969739e-12 3.3021870690e-13 6.7647826705e-13
4.9542236328e+02 1.0049754579e-12 3.2985079923e-13 6.7512465863e-13
4.9548339844e+02 1.0037244703e-12 3.2977615630e-13 6.7394831403e-13
4.9554443359e+02 1.0027570601e-12 3.2996207250e-13 6.7279498765e-13
4.9560546875e+02 1.0014478654e-12 3.3009441229e-13 6.7135345306e-13
4.9566650391e+02 9.9955423028e-13 3.2987779068e-13 6.6967643959e-13
4.9572753906e+02 9.9768233117e-13 3.2935856693e-13 6.6832376424e-13
4.9578857422e+02 9.9614466535e-13 3.2872043313e-13 6.6742423222e-13
4.9584960938e+02 9.9416978696e-13 3.2797712963e-13 6.6619265733e-13
4.9591064453e+02 9.9119113733e-13 3.2710022869e-13 6.6409090863e-13
4.9597167969e+02 9.8813582189e-13 3.2624675463e-13 6.6188906725e-13
4.9603271484e+02 9.8654598708e-13 3.2565523987e-13 6.6089074722e-13
4.9609375000e+02 9.8682270986e-13 3.2537762805e-13 6.6144508181e-13
4.9615478516e+02 9.8785099809e-13 3.2520849958e-13 6.6264249851e-13
4.9621582031e+02 9.8817925670e-13 3.2487995845e-13 6.6329929825e-13
4.9627685547e+02 9.8713912405e-13 3.2424128066e-13 6.6289784339e-13
4.9633789062e+02 9.8477692087e-13 3.2325587725e-13 6.6152104361e-13
4.9639892578e+02 9.8137351248e-13 3.2201339126e-13 6.5936012122e-13
4.9645996094e+02 9.7749722158e-13 3.2078647362e-13 6.5671074796e-13
4.9652099609e+02 9.7404002970e-13 3.1990593439e-13 6.5413409531e-13
4.9658203125e+02 9.7185224728e-13 3.1956901690e-13 6.5228323038e-13
4.9664306641e+02 9.7145949494e-13 3.1980860239e-13 6.5165089255e-13
4.9670410156e+02 9.7277784283e-13 3.2045865681e-13 6.5231918602e-13
4.9676513672e+02 9.7479660149e-13 3.2107817217e-13 6.5371842931e-13
4.9682617188e+02 9.7609276600e-13 3.2118498716e-13 6.5490777884e-13
4.9688720703e+02 9.7611803720e-13 3.2074204050e-13 6.5537599670e-13
4.9694824219e+02 9.7560387705e-13 3.2022353068e-13 6.5538034637e-13
4.9700927734e+02 9.7540786527e-13 3.2004094620e-13 6.5536691907e-13
4.9707031250e+02 9.7538481688e-13 3.2007374347e-13 6.5531107341e-13
4.9713134766e+02 9.7471253560e-13 3.1992710471e-13 6.5478543089e-13
4.9719238281e+02 9.7309026505e-13 3.1949947787e-13 6.5359078718e-13
4.9725341797e+02 9.7123915954e-13 3.1907298689e-13 6.5216617264e-13
4.9731445312e+02 9.7006399296e-13 3.1889226375e-13 6.5117172921e-13
4.9737548828e+02 9.6964311965e-13 3.1887834551e-13 6.5076477413e-13
4.9743652344e+02 9.6931033539e-13 3.1875575117e-13 6.5055458422e-13
4.9749755859e+02 9.6846583199e-13 3.1829488937e-13 6.5017094263e-13
4.9755859375e+02 9.6714237938e-13 3.1746596448e-13 6.4967641490e-13
4.9761962891e+02 9.6584341294e-13 3.1646547622e-13 6.4937793672e-13
4.9768066406e+02 9.6488568699e-13 3.1558328043e-13 6.4930240656e-13
4.9774169922e+02 9.6404367851e-13 3.1498392756e-13 6.4905975095e-13
4.9780273438e+02 9.6282011446e-13 3.1458249855e-13 6.4823761591e-13
4.9786376953e+02 9.6093090611e-13 3.1418685098e-13 6.4674405513e-13
4.9792480469e+02 9.5863235021e-13 3.1377146939e-13 6.4486088082e-13
4.9798583984e+02 9.5665038208e-13 3.1351946315e-13 6.4313091894e-13
4.9804687500e+02 9.5551202236e-13 3.1356310903e-13 6.4194891333e-13
4.9810791016e+02 9.5483976912e-13 3.1373415123e-13 6.4110561788e-13
4.9816894531e+02 9.5373657138e-13 3.1368271925e-13 6.4005385213e-13
4.9822998047e+02 9.5197007675e-13 3.1327601791e-13 6.3869405884e-13
4.9829101562e+02 9.5027416272e-13 3.1273932999e-13 6.3753483274e-13
4.9835205078e+02 9.4939282533e-13 3.1235447268e-13 6.3703835265e-13
4.9841308594e+02 9.4922317014e-13 3.1210481253e-13 6.3711835762e-13
4.9847412109e+02 9.4897126363e-13 3.1166667753e-13 6.3730458610e-13
4.9853515625e+02 9.4795352999e-13 3.1081219517e-13 6.3714133482e-13
4.9859619141e+02 9.4622672771e-13 3.0980897918e-13 6.3641774853e-13
4.9865722656e+02 9.4444894822e-13 3.0922349347e-13 6.3522545474e-13
4.9871826172e+02 9.4307070588e-13 3.0924023075e-13 6.3383047513e-13
4.9877929688e+02 9.4181720476e-13 3.0936803651e-13 6.3244916825e-13
4.9884033203e+02 9.4026235474e-13 3.0900367249e-13 6.3125868225e-13
4.9890136719e+02 9.3875054978e-13 3.0817921550e-13 6.3057133428e-13
4.9896240234e+02 9.3810518268e-13 3.0746586363e-13 6.3063931905e-13
4.9902343750e+02 9.3837040127e-13 3.0718407198e-13 6.3118632929e-13
4.9908447266e+02 9.3852680475e-13 3.0709929930e-13 6.3142750545e-13
4.9914550781e+02 9.3759327561e-13 3.0688893717e-13 6.3070433844e-13
4.9920654297e+02 9.3543570791e-13 3.0646356156e-13 6.2897214635e-13
4.9926757812e+02 9.3243793879e-13 3.0578567707e-13 6.2665226172e-13
4.9932861328e+02 9.2912136352e-13 3.0482440085e-13 6.2429696267e-13
4.9938964844e+02 9.2629652542e-13 3.0382033774e-13 6.2247618768e-13
4.9945068359e+02 9.2468785755e-13 3.0320548583e-13 6.2148237172e-13
4.9951171875e+02 9.2397063532e-13 3.0308598956e-13 6.2088464576e-13
4.9957275391e+02 9.2299179050e-13 3.0309197853e-13 6.1989981197e-13
4.9963378906e+02 9.2131324449e-13 3.0286042926e-13 6.1845281523e-13
4.9969482422e+02 9.1983992345e-13 3.0246409731e-13 6.1737582614e-13
4.9975585938e+02 9.1966693660e-13 3.0227746715e-13 6.1738946945e-13
4.9981689453e+02 9.2079273361e-13 3.0250441349e-13 6.1828832012e-13
4.9987792969e+02 9.2220443042e-13 3.0294301685e-13 6.1926141357e-13
4.9993896484e+02 9.2303615595e-13 3.0326552188e-13 6.1977063407e-13
5.0000000000e+02 9.2325126228e-13 3.0336529508e-13 6.1988596721e-13
