# freq_THz  G_total  G_Ga  G_S
# MD-derived velocity power spectrum. Common normalization: integral(G_total) = 3*primitive_atoms.
# mass_weighted=True; primitive_atoms=4; block_duration_ps=16.38400000; df_THz=0.06103516; total_equals_sum_of_partials=True
0.0000000000e+00 0.0000000000e+00 0.0000000000e+00 0.0000000000e+00
6.1035156250e-02 5.8737698507e-02 4.0136815124e-02 1.8600883383e-02
1.2207031250e-01 1.8105647757e-01 1.2376499322e-01 5.7291484352e-02
1.8310546875e-01 1.9032319166e-01 1.3007474564e-01 6.0248446012e-02
2.4414062500e-01 2.0378033424e-01 1.3929071937e-01 6.4489614873e-02
3.0517578125e-01 1.5963474443e-01 1.0910120557e-01 5.0533538861e-02
3.6621093750e-01 2.0149324628e-01 1.3770242430e-01 6.3790821980e-02
4.2724609375e-01 1.8137200839e-01 1.2383684759e-01 5.7535160797e-02
4.8828125000e-01 2.9153177938e-01 1.9923775490e-01 9.2294024479e-02
5.4931640625e-01 3.0751109464e-01 2.1036784463e-01 9.7143250006e-02
6.1035156250e-01 2.1460525754e-01 1.4656826417e-01 6.8036993370e-02
6.7138671875e-01 2.4955297166e-01 1.7052186400e-01 7.9031107653e-02
7.3242187500e-01 2.8100532308e-01 1.9249152163e-01 8.8513801446e-02
7.9345703125e-01 2.9853972623e-01 2.0447457027e-01 9.4065155959e-02
8.5449218750e-01 2.5396976939e-01 1.7385388801e-01 8.0115881378e-02
9.1552734375e-01 2.7182025446e-01 1.8594676068e-01 8.5873493777e-02
9.7656250000e-01 3.8007845261e-01 2.6007667335e-01 1.2000177926e-01
1.0375976562e+00 4.0375181844e-01 2.7638622968e-01 1.2736558876e-01
1.0986328125e+00 3.7890141034e-01 2.5906760632e-01 1.1983380402e-01
1.1596679688e+00 4.6585490210e-01 3.1785928979e-01 1.4799561231e-01
1.2207031250e+00 4.7388737493e-01 3.2307686075e-01 1.5081051418e-01
1.2817382812e+00 4.4585314930e-01 3.0343906767e-01 1.4241408164e-01
1.3427734375e+00 4.8300225532e-01 3.2687892975e-01 1.5612332557e-01
1.4038085938e+00 5.2706299570e-01 3.5489912393e-01 1.7216387177e-01
1.4648437500e+00 5.8096291110e-01 3.8947559142e-01 1.9148731968e-01
1.5258789062e+00 6.4548947951e-01 4.3371727163e-01 2.1177220788e-01
1.5869140625e+00 6.4171396494e-01 4.3259629268e-01 2.0911767226e-01
1.6479492188e+00 6.3472865611e-01 4.2774144185e-01 2.0698721425e-01
1.7089843750e+00 6.6936594634e-01 4.5321510161e-01 2.1615084473e-01
1.7700195312e+00 7.0635966757e-01 4.7956449398e-01 2.2679517359e-01
1.8310546875e+00 6.9059067177e-01 4.6962444442e-01 2.2096622734e-01
1.8920898438e+00 7.6516126364e-01 5.2037438845e-01 2.4478687519e-01
1.9531250000e+00 8.0538338769e-01 5.4878234833e-01 2.5660103935e-01
2.0141601562e+00 8.5482659986e-01 5.8441813757e-01 2.7040846229e-01
2.0751953125e+00 9.2527521497e-01 6.3124265956e-01 2.9403255541e-01
2.1362304688e+00 9.7475171574e-01 6.6399801127e-01 3.1075370447e-01
2.1972656250e+00 1.0409934234e+00 7.0428248551e-01 3.3671093789e-01
2.2583007812e+00 1.1511065459e+00 7.7132473498e-01 3.7978181095e-01
2.3193359375e+00 1.2047411575e+00 8.0432434312e-01 4.0041681441e-01
2.3803710938e+00 1.2501644571e+00 8.3913912727e-01 4.1102532983e-01
2.4414062500e+00 1.1190170231e+00 7.5735124359e-01 3.6166577954e-01
2.5024414062e+00 1.0753766438e+00 7.3386869854e-01 3.4150794528e-01
2.5634765625e+00 1.0930323749e+00 7.5078091531e-01 3.4225145955e-01
2.6245117188e+00 1.1196474036e+00 7.7341809451e-01 3.4622930905e-01
2.6855468750e+00 1.2003004695e+00 8.3170505082e-01 3.6859541868e-01
2.7465820312e+00 1.2763000481e+00 8.8979978275e-01 3.8650026534e-01
2.8076171875e+00 1.2966554922e+00 9.0599204779e-01 3.9066344438e-01
2.8686523438e+00 1.3816863591e+00 9.7083508922e-01 4.1085126991e-01
2.9296875000e+00 1.4556986852e+00 1.0251973171e+00 4.3050136813e-01
2.9907226562e+00 1.5826226686e+00 1.1104966652e+00 4.7212600338e-01
3.0517578125e+00 1.6550998570e+00 1.1402159228e+00 5.1488393412e-01
3.1127929688e+00 1.6830802071e+00 1.1209165523e+00 5.6216365479e-01
3.1738281250e+00 1.6667522676e+00 1.0846225120e+00 5.8212975561e-01
3.2348632812e+00 1.5041848575e+00 9.8126017039e-01 5.2292468710e-01
3.2958984375e+00 1.3637880551e+00 9.0132048172e-01 4.6246757335e-01
3.3569335938e+00 1.3539940479e+00 9.0576989811e-01 4.4822414981e-01
3.4179687500e+00 1.3625992103e+00 9.1606946114e-01 4.4652974916e-01
3.4790039062e+00 1.4666585644e+00 9.8479818456e-01 4.8186037980e-01
3.5400390625e+00 1.6115313563e+00 1.0771548239e+00 5.3437653239e-01
3.6010742188e+00 1.8346216727e+00 1.2135053938e+00 6.2111627882e-01
3.6621093750e+00 2.1649188568e+00 1.4151040754e+00 7.4981478140e-01
3.7231445312e+00 2.2061050967e+00 1.4357424917e+00 7.7036260502e-01
3.7841796875e+00 1.9140825239e+00 1.2517955562e+00 6.6228696764e-01
3.8452148438e+00 1.7382115508e+00 1.1441942353e+00 5.9401731555e-01
3.9062500000e+00 1.7564507205e+00 1.1601722748e+00 5.9627844571e-01
3.9672851562e+00 1.7407742455e+00 1.1513050387e+00 5.8946920684e-01
4.0283203125e+00 1.7049304740e+00 1.1287413324e+00 5.7618914166e-01
4.0893554688e+00 1.6685049701e+00 1.1048392512e+00 5.6366571890e-01
4.1503906250e+00 1.6910410343e+00 1.1223659083e+00 5.6867512595e-01
4.2114257812e+00 1.7027392658e+00 1.1331682908e+00 5.6957097499e-01
4.2724609375e+00 1.6756100011e+00 1.1175747251e+00 5.5803527602e-01
4.3334960938e+00 1.6532726985e+00 1.1080672718e+00 5.4520542666e-01
4.3945312500e+00 1.5699881142e+00 1.0607014804e+00 5.0928663380e-01
4.4555664062e+00 1.5829882210e+00 1.0739054364e+00 5.0908278460e-01
4.5166015625e+00 1.5766753906e+00 1.0767286891e+00 4.9994670147e-01
4.5776367188e+00 1.5486219505e+00 1.0652792369e+00 4.8334271360e-01
4.6386718750e+00 1.5105894818e+00 1.0521185433e+00 4.5847093845e-01
4.6997070312e+00 1.4815793788e+00 1.0431771462e+00 4.3840223259e-01
4.7607421875e+00 1.5283525517e+00 1.0840569952e+00 4.4429555644e-01
4.8217773438e+00 1.5421351336e+00 1.1026980651e+00 4.3943706848e-01
4.8828125000e+00 1.5589221179e+00 1.1172015493e+00 4.4172056854e-01
4.9438476562e+00 1.5798914409e+00 1.1337078408e+00 4.4618360015e-01
5.0048828125e+00 1.5701994878e+00 1.1274861328e+00 4.4271335498e-01
5.0659179688e+00 1.5953050931e+00 1.1442432967e+00 4.5106179648e-01
5.1269531250e+00 1.6233621508e+00 1.1584914713e+00 4.6487067953e-01
5.1879882812e+00 1.5982927374e+00 1.1453679460e+00 4.5292479146e-01
5.2490234375e+00 1.3983342746e+00 1.0158656859e+00 3.8246858868e-01
5.3100585938e+00 1.2003647235e+00 8.8530713669e-01 3.1505758678e-01
5.3710937500e+00 1.0155038642e+00 7.5417073702e-01 2.6133312721e-01
5.4321289062e+00 8.7008253317e-01 6.4920162529e-01 2.2088090788e-01
5.4931640625e+00 7.1428873431e-01 5.3431590227e-01 1.7997283204e-01
5.5541992188e+00 5.8231735889e-01 4.3258015433e-01 1.4973720456e-01
5.6152343750e+00 4.9577195152e-01 3.6541085560e-01 1.3036109592e-01
5.6762695312e+00 4.1534002107e-01 3.0454604737e-01 1.1079397370e-01
5.7373046875e+00 3.1692125190e-01 2.3061585835e-01 8.6305393556e-02
5.7983398438e+00 2.4218026187e-01 1.7424255315e-01 6.7937708727e-02
5.8593750000e+00 1.8116027705e-01 1.2750239584e-01 5.3657881213e-02
5.9204101562e+00 1.4626990382e-01 1.0065058014e-01 4.5619323686e-02
5.9814453125e+00 1.2774761820e-01 8.6229304240e-02 4.1518313960e-02
6.0424804688e+00 1.1448584534e-01 7.5707988098e-02 3.8777857238e-02
6.1035156250e+00 1.0330196007e-01 6.6482346753e-02 3.6819613316e-02
6.1645507812e+00 9.5719513318e-02 6.0064956903e-02 3.5654556415e-02
6.2255859375e+00 8.8917485939e-02 5.4525718368e-02 3.4391767571e-02
6.2866210938e+00 8.3554741868e-02 4.9890369870e-02 3.3664371998e-02
6.3476562500e+00 7.9015782068e-02 4.5986051188e-02 3.3029730880e-02
6.4086914062e+00 7.5435062539e-02 4.2892145656e-02 3.2542916883e-02
6.4697265625e+00 7.2855003804e-02 4.0319659310e-02 3.2535344494e-02
6.5307617188e+00 7.0346625708e-02 3.7963376027e-02 3.2383249681e-02
6.5917968750e+00 6.8110835806e-02 3.5891415105e-02 3.2219420701e-02
6.6528320312e+00 6.6817462393e-02 3.4375501967e-02 3.2441960426e-02
6.7138671875e+00 6.6253827880e-02 3.3208517039e-02 3.3045310841e-02
6.7749023438e+00 6.5539450078e-02 3.2068608525e-02 3.3470841553e-02
6.8359375000e+00 6.4336084810e-02 3.0659810368e-02 3.3676274442e-02
6.8969726562e+00 6.4835466100e-02 2.9921926495e-02 3.4913539605e-02
6.9580078125e+00 6.5710437011e-02 2.9292327877e-02 3.6418109134e-02
7.0190429688e+00 6.6912970985e-02 2.8887079661e-02 3.8025891323e-02
7.0800781250e+00 6.8042428254e-02 2.8470008389e-02 3.9572419864e-02
7.1411132812e+00 6.8889506973e-02 2.8365874203e-02 4.0523632770e-02
7.2021484375e+00 7.0896892039e-02 2.8388611034e-02 4.2508281004e-02
7.2631835938e+00 7.4126417385e-02 2.8733133052e-02 4.5393284333e-02
7.3242187500e+00 7.7006492092e-02 2.9052845354e-02 4.7953646738e-02
7.3852539062e+00 8.0655292669e-02 2.9894560678e-02 5.0760731991e-02
7.4462890625e+00 8.4000247198e-02 3.0442145030e-02 5.3558102168e-02
7.5073242188e+00 8.8986341780e-02 3.1625427794e-02 5.7360913986e-02
7.5683593750e+00 9.4476105720e-02 3.3157433195e-02 6.1318672525e-02
7.6293945312e+00 1.0214785937e-01 3.5127942902e-02 6.7019916466e-02
7.6904296875e+00 1.1113059766e-01 3.7839619486e-02 7.3290978171e-02
7.7514648438e+00 1.2135691324e-01 4.0679129095e-02 8.0677784141e-02
7.8125000000e+00 1.3346382279e-01 4.4253189980e-02 8.9210632811e-02
7.8735351562e+00 1.4779179180e-01 4.9146424757e-02 9.8645367043e-02
7.9345703125e+00 1.6919745294e-01 5.6244607657e-02 1.1295284528e-01
7.9956054688e+00 1.9515152238e-01 6.4906517808e-02 1.3024500458e-01
8.0566406250e+00 2.2715689930e-01 7.5869591906e-02 1.5128730739e-01
8.1176757812e+00 2.7197667047e-01 9.1625862856e-02 1.8035080762e-01
8.1787109375e+00 3.3533790422e-01 1.1466746696e-01 2.2067043726e-01
8.2397460938e+00 4.3258689020e-01 1.5000789904e-01 2.8257899115e-01
8.3007812500e+00 5.6799220859e-01 2.0046507485e-01 3.6752713374e-01
8.3618164062e+00 7.7997657568e-01 2.8104572476e-01 4.9893085092e-01
8.4228515625e+00 1.0923726103e+00 4.0137740691e-01 6.9099520338e-01
8.4838867188e+00 1.5421224824e+00 5.7816264364e-01 9.6395983877e-01
8.5449218750e+00 2.0531570724e+00 7.8008180627e-01 1.2730752662e+00
8.6059570312e+00 2.4969092161e+00 9.5565098029e-01 1.5412582358e+00
8.6669921875e+00 2.6903604432e+00 1.0382829314e+00 1.6520775118e+00
8.7280273438e+00 2.6270846999e+00 1.0288821664e+00 1.5982025336e+00
8.7890625000e+00 2.4228501893e+00 9.7020469953e-01 1.4526454897e+00
8.8500976562e+00 2.1306927121e+00 8.6824397802e-01 1.2624487341e+00
8.9111328125e+00 1.7567077888e+00 7.1307997345e-01 1.0436278153e+00
8.9721679688e+00 1.4007621174e+00 5.5801043301e-01 8.4275168435e-01
9.0332031250e+00 1.1139283456e+00 4.3016225714e-01 6.8376608844e-01
9.0942382812e+00 9.3911486863e-01 3.5188195165e-01 5.8723291698e-01
9.1552734375e+00 8.2254435290e-01 3.0064491904e-01 5.2189943387e-01
9.2163085938e+00 7.5195475391e-01 2.7000018689e-01 4.8195456702e-01
9.2773437500e+00 7.1599385255e-01 2.5448564783e-01 4.6150820472e-01
9.3383789062e+00 7.0979761208e-01 2.5023368573e-01 4.5956392635e-01
9.3994140625e+00 7.5900631898e-01 2.6611887702e-01 4.9288744196e-01
9.4604492188e+00 7.4540922218e-01 2.6056121260e-01 4.8484800957e-01
9.5214843750e+00 6.7048763174e-01 2.3384600995e-01 4.3664162179e-01
9.5825195312e+00 5.3402379688e-01 1.8341564745e-01 3.5060814943e-01
9.6435546875e+00 4.1374198180e-01 1.3573592949e-01 2.7800605231e-01
9.7045898438e+00 3.4912722503e-01 1.0726486164e-01 2.4186236340e-01
9.7656250000e+00 3.4677964581e-01 9.7157135404e-02 2.4962251040e-01
9.8266601562e+00 3.7811543517e-01 9.6476893444e-02 2.8163854173e-01
9.8876953125e+00 4.5288982334e-01 1.0445129526e-01 3.4843852808e-01
9.9487304688e+00 5.4419489345e-01 1.1759541592e-01 4.2659947753e-01
1.0009765625e+01 6.2410303281e-01 1.3152902508e-01 4.9257400773e-01
1.0070800781e+01 7.1458495276e-01 1.4843797532e-01 5.6614697744e-01
1.0131835938e+01 7.8359582597e-01 1.6190975490e-01 6.2168607107e-01
1.0192871094e+01 8.2971535426e-01 1.7235393932e-01 6.5736141494e-01
1.0253906250e+01 8.7953466035e-01 1.8389659858e-01 6.9563806177e-01
1.0314941406e+01 9.0634094352e-01 1.9021162977e-01 7.1612931375e-01
1.0375976562e+01 9.5762073981e-01 2.0142130848e-01 7.5619943133e-01
1.0437011719e+01 1.0453251292e+00 2.2111280119e-01 8.2421232798e-01
1.0498046875e+01 1.1427396296e+00 2.4464436369e-01 8.9809526588e-01
1.0559082031e+01 1.2380366007e+00 2.6789742197e-01 9.7013917874e-01
1.0620117188e+01 1.2988160258e+00 2.8724572355e-01 1.0115703023e+00
1.0681152344e+01 1.4336838516e+00 3.2434558950e-01 1.1093382621e+00
1.0742187500e+01 1.6203596438e+00 3.7469352991e-01 1.2456661139e+00
1.0803222656e+01 1.7963775281e+00 4.2270901507e-01 1.3736685131e+00
1.0864257812e+01 2.0358632151e+00 4.8136401929e-01 1.5544991958e+00
1.0925292969e+01 2.2964008044e+00 5.4260387169e-01 1.7537969327e+00
1.0986328125e+01 2.5313673862e+00 6.0149845465e-01 1.9298689315e+00
1.1047363281e+01 2.6243337142e+00 6.3662639110e-01 1.9877073231e+00
1.1108398438e+01 2.5657303584e+00 6.4405686238e-01 1.9216734961e+00
1.1169433594e+01 2.5545485791e+00 6.6322486706e-01 1.8913237120e+00
1.1230468750e+01 2.6295780104e+00 7.0338509368e-01 1.9261929167e+00
1.1291503906e+01 2.6836655808e+00 7.3401507259e-01 1.9496505082e+00
1.1352539062e+01 2.6366948373e+00 7.3574098770e-01 1.9009538496e+00
1.1413574219e+01 2.4730764799e+00 7.0331328297e-01 1.7697631970e+00
1.1474609375e+01 2.2874149261e+00 6.6376156989e-01 1.6236533562e+00
1.1535644531e+01 2.1261712870e+00 6.2892542976e-01 1.4972458573e+00
1.1596679688e+01 2.0076046497e+00 6.0431683063e-01 1.4032878191e+00
1.1657714844e+01 1.8591536670e+00 5.6907638648e-01 1.2900772805e+00
1.1718750000e+01 1.6874674741e+00 5.2472137240e-01 1.1627461017e+00
1.1779785156e+01 1.4843442463e+00 4.6963717200e-01 1.0147070742e+00
1.1840820312e+01 1.2827828510e+00 4.1272848016e-01 8.7005437079e-01
1.1901855469e+01 1.0844626374e+00 3.5446274926e-01 7.2999988811e-01
1.1962890625e+01 9.6795463330e-01 3.2147351604e-01 6.4648111726e-01
1.2023925781e+01 8.2862560859e-01 2.7848316128e-01 5.5014244731e-01
1.2084960938e+01 6.9498095264e-01 2.3552288108e-01 4.5945807156e-01
1.2145996094e+01 5.1960565615e-01 1.7634201873e-01 3.4326363741e-01
1.2207031250e+01 3.4460388157e-01 1.1609543690e-01 2.2850844467e-01
1.2268066406e+01 2.4169616113e-01 8.0865357936e-02 1.6083080319e-01
1.2329101562e+01 1.8024770583e-01 6.0038933861e-02 1.2020877197e-01
1.2390136719e+01 1.4448564689e-01 4.8139181430e-02 9.6346465460e-02
1.2451171875e+01 1.2225382730e-01 4.0885735980e-02 8.1368091316e-02
1.2512207031e+01 1.0678079558e-01 3.5838179807e-02 7.0942615771e-02
1.2573242188e+01 9.3431552806e-02 3.1526470889e-02 6.1905081916e-02
1.2634277344e+01 8.2584796011e-02 2.8045916122e-02 5.4538879889e-02
1.2695312500e+01 7.4941845396e-02 2.5665663622e-02 4.9276181774e-02
1.2756347656e+01 6.9001216870e-02 2.3787470132e-02 4.5213746738e-02
1.2817382812e+01 6.3715905747e-02 2.2079564786e-02 4.1636340962e-02
1.2878417969e+01 5.9084591779e-02 2.0621175573e-02 3.8463416207e-02
1.2939453125e+01 5.5010837201e-02 1.9332608699e-02 3.5678228503e-02
1.3000488281e+01 5.1188313066e-02 1.8077555666e-02 3.3110757400e-02
1.3061523438e+01 4.8095621706e-02 1.6997062651e-02 3.1098559055e-02
1.3122558594e+01 4.4982114781e-02 1.6151042799e-02 2.8831071983e-02
1.3183593750e+01 4.2461943443e-02 1.5357941932e-02 2.7104001511e-02
1.3244628906e+01 4.0376520087e-02 1.4625588251e-02 2.5750931837e-02
1.3305664062e+01 3.8038147595e-02 1.3908399061e-02 2.4129748534e-02
1.3366699219e+01 3.6446334863e-02 1.3405086109e-02 2.3041248755e-02
1.3427734375e+01 3.4743003871e-02 1.2902755809e-02 2.1840248061e-02
1.3488769531e+01 3.3079138249e-02 1.2370092582e-02 2.0709045666e-02
1.3549804688e+01 3.1780081519e-02 1.1938871767e-02 1.9841209752e-02
1.3610839844e+01 3.0568363617e-02 1.1557626037e-02 1.9010737580e-02
1.3671875000e+01 2.9533990013e-02 1.1239573279e-02 1.8294416734e-02
1.3732910156e+01 2.8153743389e-02 1.0823272398e-02 1.7330470991e-02
1.3793945312e+01 2.7097626909e-02 1.0456905416e-02 1.6640721493e-02
1.3854980469e+01 2.5907634087e-02 1.0076934047e-02 1.5830700040e-02
1.3916015625e+01 2.5018973268e-02 9.7664219804e-03 1.5252551288e-02
1.3977050781e+01 2.4161297356e-02 9.4951905441e-03 1.4666106812e-02
1.4038085938e+01 2.3249384489e-02 9.2070528964e-03 1.4042331593e-02
1.4099121094e+01 2.2447871884e-02 8.9381898931e-03 1.3509681990e-02
1.4160156250e+01 2.1689342379e-02 8.7091182849e-03 1.2980224094e-02
1.4221191406e+01 2.0932644583e-02 8.4689582169e-03 1.2463686366e-02
1.4282226562e+01 1.9947076417e-02 8.1023258651e-03 1.1844750552e-02
1.4343261719e+01 1.9332073004e-02 7.9304906732e-03 1.1401582331e-02
1.4404296875e+01 1.8972180172e-02 7.8592630304e-03 1.1112917142e-02
1.4465332031e+01 1.8266946419e-02 7.5730134823e-03 1.0693932937e-02
1.4526367188e+01 1.7765648179e-02 7.3960071843e-03 1.0369640994e-02
1.4587402344e+01 1.7382283170e-02 7.2778369416e-03 1.0104446229e-02
1.4648437500e+01 1.6976722501e-02 7.1302139914e-03 9.8465085099e-03
1.4709472656e+01 1.6609347939e-02 6.9966352238e-03 9.6127127147e-03
1.4770507812e+01 1.6116416634e-02 6.7853179164e-03 9.3310987181e-03
1.4831542969e+01 1.5730421622e-02 6.6498635700e-03 9.0805580516e-03
1.4892578125e+01 1.5514153112e-02 6.5657464631e-03 8.9484066491e-03
1.4953613281e+01 1.5214742106e-02 6.4275422873e-03 8.7871998188e-03
1.5014648438e+01 1.4921380099e-02 6.3409632875e-03 8.5804168117e-03
1.5075683594e+01 1.4802919619e-02 6.2948409569e-03 8.5080786624e-03
1.5136718750e+01 1.4535104373e-02 6.1981580168e-03 8.3369463566e-03
1.5197753906e+01 1.4115612799e-02 6.0201660283e-03 8.0954467710e-03
1.5258789062e+01 1.3916439700e-02 5.9644897022e-03 7.9519499977e-03
1.5319824219e+01 1.3708860965e-02 5.8877307874e-03 7.8211301779e-03
1.5380859375e+01 1.3299426926e-02 5.7065227318e-03 7.5929041943e-03
1.5441894531e+01 1.3040594986e-02 5.6099526767e-03 7.4306423097e-03
1.5502929688e+01 1.2842289911e-02 5.5784526798e-03 7.2638372309e-03
1.5563964844e+01 1.2421896995e-02 5.4061339265e-03 7.0157630686e-03
1.5625000000e+01 1.2118987107e-02 5.2665771289e-03 6.8524099777e-03
1.5686035156e+01 1.1725409945e-02 5.1039805259e-03 6.6214294193e-03
1.5747070312e+01 1.1411164874e-02 4.9954681283e-03 6.4156967455e-03
1.5808105469e+01 1.1050768073e-02 4.8473449289e-03 6.2034231440e-03
1.5869140625e+01 1.0769711483e-02 4.7316472058e-03 6.0380642776e-03
1.5930175781e+01 1.0490926445e-02 4.6368076983e-03 5.8541187467e-03
1.5991210938e+01 9.9730913204e-03 4.4245740163e-03 5.5485173042e-03
1.6052246094e+01 9.6236252567e-03 4.2737229805e-03 5.3499022762e-03
1.6113281250e+01 9.2111960571e-03 4.1213209110e-03 5.0898751461e-03
1.6174316406e+01 9.0094789767e-03 4.0429567146e-03 4.9665222621e-03
1.6235351562e+01 8.6603414773e-03 3.9026563140e-03 4.7576851634e-03
1.6296386719e+01 8.3939688068e-03 3.7830820993e-03 4.6108867075e-03
1.6357421875e+01 8.0483402470e-03 3.6277310307e-03 4.4206092163e-03
1.6418457031e+01 7.6902890649e-03 3.4711671014e-03 4.2191219634e-03
1.6479492188e+01 7.4124110846e-03 3.3574512403e-03 4.0549598443e-03
1.6540527344e+01 7.1830186682e-03 3.2609734646e-03 3.9220452036e-03
1.6601562500e+01 6.9760523821e-03 3.1588885640e-03 3.8171638181e-03
1.6662597656e+01 6.8639361096e-03 3.1131337813e-03 3.7508023283e-03
1.6723632812e+01 6.6752597828e-03 3.0163297621e-03 3.6589300207e-03
1.6784667969e+01 6.5287734690e-03 2.9271356522e-03 3.6016378167e-03
1.6845703125e+01 6.5624922466e-03 2.9376323844e-03 3.6248598621e-03
1.6906738281e+01 6.5529756138e-03 2.8965816502e-03 3.6563939636e-03
1.6967773438e+01 6.5888677630e-03 2.8968664342e-03 3.6920013288e-03
1.7028808594e+01 6.7312668588e-03 2.9439006144e-03 3.7873662444e-03
1.7089843750e+01 6.9011993019e-03 2.9701218189e-03 3.9310774830e-03
1.7150878906e+01 7.0259578186e-03 3.0008695750e-03 4.0250882435e-03
1.7211914062e+01 7.1107941745e-03 3.0022491227e-03 4.1085450518e-03
1.7272949219e+01 7.2598042911e-03 3.0547838988e-03 4.2050203923e-03
1.7333984375e+01 7.3733722798e-03 3.0917798489e-03 4.2815924309e-03
1.7395019531e+01 7.3654181109e-03 3.0843579425e-03 4.2810601684e-03
1.7456054688e+01 7.2581320495e-03 3.0594248653e-03 4.1987071842e-03
1.7517089844e+01 7.0438729221e-03 2.9826551287e-03 4.0612177933e-03
1.7578125000e+01 6.8685348709e-03 2.9152978827e-03 3.9532369882e-03
1.7639160156e+01 6.5965265619e-03 2.8146332491e-03 3.7818933127e-03
1.7700195312e+01 6.3021464165e-03 2.7216651518e-03 3.5804812647e-03
1.7761230469e+01 6.0830822903e-03 2.6469115713e-03 3.4361707190e-03
1.7822265625e+01 5.9104369057e-03 2.5821363797e-03 3.3283005260e-03
1.7883300781e+01 5.7662746807e-03 2.5283876993e-03 3.2378869814e-03
1.7944335938e+01 5.6324680892e-03 2.4729041144e-03 3.1595639748e-03
1.8005371094e+01 5.5418513427e-03 2.4268637747e-03 3.1149875680e-03
1.8066406250e+01 5.4533270798e-03 2.3973514795e-03 3.0559756002e-03
1.8127441406e+01 5.3756855011e-03 2.3605027907e-03 3.0151827103e-03
1.8188476562e+01 5.3098997411e-03 2.3285647216e-03 2.9813350195e-03
1.8249511719e+01 5.2336351936e-03 2.2833273384e-03 2.9503078553e-03
1.8310546875e+01 5.2281916390e-03 2.2473152721e-03 2.9808763670e-03
1.8371582031e+01 5.3070046490e-03 2.2609714573e-03 3.0460331917e-03
1.8432617188e+01 5.3628579111e-03 2.2699573482e-03 3.0929005629e-03
1.8493652344e+01 5.5410910652e-03 2.3076753503e-03 3.2334157148e-03
1.8554687500e+01 5.7696351827e-03 2.3539535752e-03 3.4156816075e-03
1.8615722656e+01 6.0129822994e-03 2.4014943893e-03 3.6114879101e-03
1.8676757812e+01 6.3198721982e-03 2.4642370080e-03 3.8556351902e-03
1.8737792969e+01 6.6451955749e-03 2.5334921786e-03 4.1117033963e-03
1.8798828125e+01 7.0272267755e-03 2.6290417994e-03 4.3981849761e-03
1.8859863281e+01 7.3120850610e-03 2.6829999672e-03 4.6290850938e-03
1.8920898438e+01 7.5849347789e-03 2.7327812510e-03 4.8521535279e-03
1.8981933594e+01 7.9034386875e-03 2.7905245343e-03 5.1129141532e-03
1.9042968750e+01 8.2487381726e-03 2.8641398288e-03 5.3845983438e-03
1.9104003906e+01 8.5133602185e-03 2.9165229706e-03 5.5968372478e-03
1.9165039062e+01 8.8093479655e-03 2.9722286267e-03 5.8371193388e-03
1.9226074219e+01 9.3164871198e-03 3.0974378854e-03 6.2190492345e-03
1.9287109375e+01 9.7573765082e-03 3.1801076739e-03 6.5772688343e-03
1.9348144531e+01 1.0248599805e-02 3.2886317303e-03 6.9599680743e-03
1.9409179688e+01 1.0777684035e-02 3.4009504399e-03 7.3767335955e-03
1.9470214844e+01 1.1314345130e-02 3.5091647508e-03 7.8051803789e-03
1.9531250000e+01 1.1891822433e-02 3.6560359966e-03 8.2357864363e-03
1.9592285156e+01 1.2251233274e-02 3.7257212962e-03 8.5255119780e-03
1.9653320312e+01 1.2517542620e-02 3.7803784827e-03 8.7371641378e-03
1.9714355469e+01 1.2820895962e-02 3.8275334782e-03 8.9933624834e-03
1.9775390625e+01 1.2859797276e-02 3.8261873617e-03 9.0336099147e-03
1.9836425781e+01 1.3072685587e-02 3.8682804140e-03 9.2044051733e-03
1.9897460938e+01 1.3091453611e-02 3.8564418378e-03 9.2350117727e-03
1.9958496094e+01 1.2888636070e-02 3.7903726733e-03 9.0982633962e-03
2.0019531250e+01 1.2690896479e-02 3.7028685226e-03 8.9880279564e-03
2.0080566406e+01 1.2511507303e-02 3.6478175539e-03 8.8636897493e-03
2.0141601562e+01 1.2044546611e-02 3.5151650071e-03 8.5293816037e-03
2.0202636719e+01 1.1777753789e-02 3.4447978679e-03 8.3329559211e-03
2.0263671875e+01 1.1338993718e-02 3.3329179176e-03 8.0060758006e-03
2.0324707031e+01 1.0884058009e-02 3.2332477337e-03 7.6508102754e-03
2.0385742188e+01 1.0217522888e-02 3.0507711712e-03 7.1667517165e-03
2.0446777344e+01 9.7428815256e-03 2.9225920931e-03 6.8202894326e-03
2.0507812500e+01 9.2389581749e-03 2.8019429781e-03 6.4370151968e-03
2.0568847656e+01 8.7208293613e-03 2.6691545666e-03 6.0516747948e-03
2.0629882812e+01 8.1667498513e-03 2.5310108136e-03 5.6357390377e-03
2.0690917969e+01 7.6619026900e-03 2.4057610053e-03 5.2561416847e-03
2.0751953125e+01 7.1438125443e-03 2.2894484640e-03 4.8543640804e-03
2.0812988281e+01 6.7551466545e-03 2.2122184974e-03 4.5429281571e-03
2.0874023438e+01 6.2530012200e-03 2.0800520046e-03 4.1729492154e-03
2.0935058594e+01 5.8495633425e-03 1.9791836755e-03 3.8703796670e-03
2.0996093750e+01 5.5654298173e-03 1.9108331937e-03 3.6545966236e-03
2.1057128906e+01 5.2855307902e-03 1.8425627781e-03 3.4429680121e-03
2.1118164062e+01 5.0504448187e-03 1.7777139133e-03 3.2727309054e-03
2.1179199219e+01 4.8931019687e-03 1.7453484432e-03 3.1477535254e-03
2.1240234375e+01 4.7851895774e-03 1.7163869036e-03 3.0688026737e-03
2.1301269531e+01 4.6732398926e-03 1.6826925116e-03 2.9905473810e-03
2.1362304688e+01 4.5924403289e-03 1.6614478197e-03 2.9309925092e-03
2.1423339844e+01 4.5840502421e-03 1.6550979636e-03 2.9289522784e-03
2.1484375000e+01 4.5818180000e-03 1.6492033287e-03 2.9326146713e-03
2.1545410156e+01 4.6035589410e-03 1.6549037961e-03 2.9486551449e-03
2.1606445312e+01 4.6002993860e-03 1.6388103748e-03 2.9614890112e-03
2.1667480469e+01 4.6002483218e-03 1.6344142456e-03 2.9658340762e-03
2.1728515625e+01 4.6311693856e-03 1.6380360333e-03 2.9931333524e-03
2.1789550781e+01 4.7154711139e-03 1.6620596228e-03 3.0534114911e-03
2.1850585938e+01 4.7692488755e-03 1.6730470209e-03 3.0962018547e-03
2.1911621094e+01 4.7968774709e-03 1.6657064134e-03 3.1311710575e-03
2.1972656250e+01 4.8301477436e-03 1.6713480350e-03 3.1587997086e-03
2.2033691406e+01 4.9108686274e-03 1.6919499356e-03 3.2189186917e-03
2.2094726562e+01 4.9426228670e-03 1.6951712227e-03 3.2474516443e-03
2.2155761719e+01 4.9615823631e-03 1.6980335236e-03 3.2635488395e-03
2.2216796875e+01 5.0030598629e-03 1.7029567031e-03 3.3001031598e-03
2.2277832031e+01 4.9822352253e-03 1.6963083158e-03 3.2859269094e-03
2.2338867188e+01 4.9681000865e-03 1.6893574085e-03 3.2787426780e-03
2.2399902344e+01 4.9477329107e-03 1.6778379838e-03 3.2698949269e-03
2.2460937500e+01 4.8918257248e-03 1.6571422537e-03 3.2346834711e-03
2.2521972656e+01 4.8366901028e-03 1.6369266536e-03 3.1997634492e-03
2.2583007812e+01 4.8017544705e-03 1.6187108266e-03 3.1830436439e-03
2.2644042969e+01 4.6899958309e-03 1.5797327473e-03 3.1102630836e-03
2.2705078125e+01 4.5842887346e-03 1.5424211996e-03 3.0418675350e-03
2.2766113281e+01 4.4955450340e-03 1.5142027601e-03 2.9813422738e-03
2.2827148438e+01 4.3244012619e-03 1.4658405395e-03 2.8585607224e-03
2.2888183594e+01 4.1781308003e-03 1.4234603181e-03 2.7546704822e-03
2.2949218750e+01 4.0347484276e-03 1.3760667231e-03 2.6586817045e-03
2.3010253906e+01 3.8296505962e-03 1.3145663937e-03 2.5150842025e-03
2.3071289062e+01 3.6576906444e-03 1.2678599331e-03 2.3898307113e-03
2.3132324219e+01 3.4864829830e-03 1.2196109627e-03 2.2668720204e-03
2.3193359375e+01 3.2941424200e-03 1.1624668654e-03 2.1316755546e-03
2.3254394531e+01 3.0955783480e-03 1.1015147945e-03 1.9940635535e-03
2.3315429688e+01 2.9043243625e-03 1.0435315588e-03 1.8607928037e-03
2.3376464844e+01 2.7174638546e-03 9.8589039954e-04 1.7315734551e-03
2.3437500000e+01 2.5149127902e-03 9.2572822634e-04 1.5891845638e-03
2.3498535156e+01 2.3284358152e-03 8.7022510810e-04 1.4582107071e-03
2.3559570312e+01 2.1860649062e-03 8.3263901011e-04 1.3534258961e-03
2.3620605469e+01 2.0105331788e-03 7.8263486033e-04 1.2278983184e-03
2.3681640625e+01 1.8584322191e-03 7.3409335856e-04 1.1243388605e-03
2.3742675781e+01 1.7254109141e-03 6.9521726443e-04 1.0301936497e-03
2.3803710938e+01 1.6094871777e-03 6.6172849734e-04 9.4775868037e-04
2.3864746094e+01 1.4974915217e-03 6.2845061504e-04 8.6904090663e-04
2.3925781250e+01 1.3909851568e-03 5.9664958786e-04 7.9433556897e-04
2.3986816406e+01 1.3044577219e-03 5.7019547386e-04 7.3426224808e-04
2.4047851562e+01 1.2310461833e-03 5.4876381667e-04 6.8228236659e-04
2.4108886719e+01 1.1650909451e-03 5.3037894057e-04 6.3471200455e-04
2.4169921875e+01 1.0952215909e-03 5.0623256037e-04 5.8898903051e-04
2.4230957031e+01 1.0457510168e-03 4.9182969613e-04 5.5392132062e-04
2.4291992188e+01 9.9185028207e-04 4.7064692413e-04 5.2120335794e-04
2.4353027344e+01 9.4696012427e-04 4.5250671539e-04 4.9445340887e-04
2.4414062500e+01 9.1355911374e-04 4.4141890585e-04 4.7214020789e-04
2.4475097656e+01 8.9034005268e-04 4.3564153045e-04 4.5469852223e-04
2.4536132812e+01 8.6287653250e-04 4.2716009820e-04 4.3571643430e-04
2.4597167969e+01 8.2929978047e-04 4.1280416972e-04 4.1649561075e-04
2.4658203125e+01 8.0163588725e-04 3.9916711848e-04 4.0246876877e-04
2.4719238281e+01 7.7585352424e-04 3.8778212194e-04 3.8807140230e-04
2.4780273438e+01 7.5299619979e-04 3.7732186865e-04 3.7567433115e-04
2.4841308594e+01 7.2831056003e-04 3.6758779461e-04 3.6072276542e-04
2.4902343750e+01 7.0509888690e-04 3.5712650728e-04 3.4797237962e-04
2.4963378906e+01 6.8701010926e-04 3.4807092355e-04 3.3893918571e-04
2.5024414062e+01 6.7150748249e-04 3.4313999680e-04 3.2836748569e-04
2.5085449219e+01 6.5849515190e-04 3.4025062490e-04 3.1824452700e-04
2.5146484375e+01 6.4176168988e-04 3.3032453819e-04 3.1143715169e-04
2.5207519531e+01 6.1560872486e-04 3.1427275887e-04 3.0133596599e-04
2.5268554688e+01 5.9794784742e-04 3.0580344947e-04 2.9214439795e-04
2.5329589844e+01 5.8262583512e-04 2.9989341786e-04 2.8273241726e-04
2.5390625000e+01 5.6692897595e-04 2.9365147074e-04 2.7327750521e-04
2.5451660156e+01 5.5356014379e-04 2.8730872157e-04 2.6625142222e-04
2.5512695312e+01 5.4299311796e-04 2.8357149233e-04 2.5942162563e-04
2.5573730469e+01 5.3248710228e-04 2.7792047411e-04 2.5456662817e-04
2.5634765625e+01 5.1753535827e-04 2.7007625485e-04 2.4745910342e-04
2.5695800781e+01 5.0584449962e-04 2.6425229056e-04 2.4159220906e-04
2.5756835938e+01 4.9577136604e-04 2.5871513774e-04 2.3705622830e-04
2.5817871094e+01 4.8366669414e-04 2.5171174727e-04 2.3195494687e-04
2.5878906250e+01 4.6902506964e-04 2.4425085094e-04 2.2477421870e-04
2.5939941406e+01 4.6228532825e-04 2.4089355692e-04 2.2139177133e-04
2.6000976562e+01 4.5027419931e-04 2.3466543135e-04 2.1560876797e-04
2.6062011719e+01 4.4272342287e-04 2.3143933563e-04 2.1128408724e-04
2.6123046875e+01 4.3197589102e-04 2.2519493242e-04 2.0678095860e-04
2.6184082031e+01 4.2153027905e-04 2.2087988473e-04 2.0065039431e-04
2.6245117188e+01 4.1212284516e-04 2.1605470831e-04 1.9606813685e-04
2.6306152344e+01 4.0429152921e-04 2.1253501738e-04 1.9175651183e-04
2.6367187500e+01 3.9392503513e-04 2.0675842768e-04 1.8716660745e-04
2.6428222656e+01 3.8643426865e-04 2.0302903418e-04 1.8340523447e-04
2.6489257812e+01 3.8306175295e-04 2.0166953679e-04 1.8139221616e-04
2.6550292969e+01 3.7423794980e-04 1.9639105292e-04 1.7784689689e-04
2.6611328125e+01 3.6478368553e-04 1.9059689402e-04 1.7418679151e-04
2.6672363281e+01 3.5660390265e-04 1.8529339955e-04 1.7131050310e-04
2.6733398438e+01 3.4928086957e-04 1.8133704692e-04 1.6794382265e-04
2.6794433594e+01 3.4566705460e-04 1.7962590498e-04 1.6604114962e-04
2.6855468750e+01 3.4121726993e-04 1.7600211956e-04 1.6521515038e-04
2.6916503906e+01 3.3529214002e-04 1.7228806828e-04 1.6300407175e-04
2.6977539062e+01 3.2875634182e-04 1.6860039420e-04 1.6015594761e-04
2.7038574219e+01 3.2517839191e-04 1.6681470241e-04 1.5836368951e-04
2.7099609375e+01 3.2073592014e-04 1.6301809808e-04 1.5771782207e-04
2.7160644531e+01 3.1667657825e-04 1.5952304720e-04 1.5715353105e-04
2.7221679688e+01 3.1191961727e-04 1.5657401508e-04 1.5534560219e-04
2.7282714844e+01 3.1091915848e-04 1.5594158631e-04 1.5497757217e-04
2.7343750000e+01 3.0722479130e-04 1.5181162040e-04 1.5541317090e-04
2.7404785156e+01 3.0386826570e-04 1.4894226035e-04 1.5492600535e-04
2.7465820312e+01 3.0500472662e-04 1.4892141373e-04 1.5608331290e-04
2.7526855469e+01 3.0441543301e-04 1.4765354825e-04 1.5676188476e-04
2.7587890625e+01 3.0071871275e-04 1.4536319531e-04 1.5535551743e-04
2.7648925781e+01 2.9834140372e-04 1.4262778292e-04 1.5571362079e-04
2.7709960938e+01 2.9989842990e-04 1.4071702831e-04 1.5918140159e-04
2.7770996094e+01 2.9816836261e-04 1.3900491967e-04 1.5916344293e-04
2.7832031250e+01 2.9342923891e-04 1.3580211663e-04 1.5762712228e-04
2.7893066406e+01 2.9575827376e-04 1.3728153712e-04 1.5847673664e-04
2.7954101562e+01 2.9854595139e-04 1.3616083732e-04 1.6238511407e-04
2.8015136719e+01 2.9715244886e-04 1.3432897277e-04 1.6282347609e-04
2.8076171875e+01 2.9487101489e-04 1.3237625914e-04 1.6249475575e-04
2.8137207031e+01 2.9626333477e-04 1.3139475614e-04 1.6486857863e-04
2.8198242188e+01 2.9542908449e-04 1.3000265313e-04 1.6542643136e-04
2.8259277344e+01 2.9536492164e-04 1.2868720484e-04 1.6667771680e-04
2.8320312500e+01 2.9539732047e-04 1.2853162249e-04 1.6686569797e-04
2.8381347656e+01 2.9192595503e-04 1.2626662746e-04 1.6565932757e-04
2.8442382812e+01 2.9052707504e-04 1.2527606629e-04 1.6525100875e-04
2.8503417969e+01 2.8868714057e-04 1.2382724127e-04 1.6485989930e-04
2.8564453125e+01 2.8393056942e-04 1.2124947156e-04 1.6268109786e-04
2.8625488281e+01 2.8053533905e-04 1.1922143952e-04 1.6131389953e-04
2.8686523438e+01 2.7885241839e-04 1.1873005567e-04 1.6012236272e-04
2.8747558594e+01 2.7344894869e-04 1.1507362628e-04 1.5837532240e-04
2.8808593750e+01 2.7003149646e-04 1.1344371701e-04 1.5658777945e-04
2.8869628906e+01 2.6388776332e-04 1.1066963044e-04 1.5321813288e-04
2.8930664062e+01 2.6013910450e-04 1.0979151707e-04 1.5034758743e-04
2.8991699219e+01 2.5474760544e-04 1.0824313860e-04 1.4650446684e-04
2.9052734375e+01 2.4942964372e-04 1.0600727720e-04 1.4342236652e-04
2.9113769531e+01 2.4462914449e-04 1.0389025279e-04 1.4073889170e-04
2.9174804688e+01 2.3936777188e-04 1.0221048490e-04 1.3715728698e-04
2.9235839844e+01 2.3504849823e-04 1.0132074871e-04 1.3372774952e-04
2.9296875000e+01 2.3077159253e-04 9.9123439709e-05 1.3164815282e-04
2.9357910156e+01 2.2310517492e-04 9.5815617857e-05 1.2728955706e-04
2.9418945312e+01 2.1817572182e-04 9.4001276031e-05 1.2417444579e-04
2.9479980469e+01 2.1519769896e-04 9.3397056124e-05 1.2180064284e-04
2.9541015625e+01 2.1103623428e-04 9.0949185219e-05 1.2008704906e-04
2.9602050781e+01 2.0661363371e-04 8.8954899236e-05 1.1765873447e-04
2.9663085938e+01 2.0268000566e-04 8.7527301473e-05 1.1515270419e-04
2.9724121094e+01 2.0031509262e-04 8.6413744510e-05 1.1390134811e-04
2.9785156250e+01 1.9823057188e-04 8.5485790068e-05 1.1274478182e-04
2.9846191406e+01 1.9490182844e-04 8.3836621649e-05 1.1106520679e-04
2.9907226562e+01 1.9239358097e-04 8.2737171480e-05 1.0965640949e-04
2.9968261719e+01 1.9196929208e-04 8.2196749961e-05 1.0977254212e-04
3.0029296875e+01 1.9123260583e-04 8.1515193052e-05 1.0971741278e-04
3.0090332031e+01 1.8825015636e-04 7.9631802074e-05 1.0861835429e-04
3.0151367188e+01 1.8844520121e-04 7.9517534576e-05 1.0892766663e-04
3.0212402344e+01 1.8915642816e-04 7.9488320945e-05 1.0966810721e-04
3.0273437500e+01 1.8876245913e-04 7.8034076552e-05 1.1072838258e-04
3.0334472656e+01 1.8856777838e-04 7.7564354052e-05 1.1100342433e-04
3.0395507812e+01 1.8924433343e-04 7.7530304953e-05 1.1171402848e-04
3.0456542969e+01 1.9053253841e-04 7.6950778484e-05 1.1358175992e-04
3.0517578125e+01 1.9132880897e-04 7.7105307169e-05 1.1422350180e-04
3.0578613281e+01 1.9140700752e-04 7.6774273857e-05 1.1463273367e-04
3.0639648438e+01 1.9013852032e-04 7.5658126614e-05 1.1448039371e-04
3.0700683594e+01 1.8937387273e-04 7.4559169242e-05 1.1481470349e-04
3.0761718750e+01 1.9061232366e-04 7.4454112197e-05 1.1615821146e-04
3.0822753906e+01 1.8995621634e-04 7.3678691264e-05 1.1627752507e-04
3.0883789062e+01 1.8856325748e-04 7.2939840918e-05 1.1562341656e-04
3.0944824219e+01 1.8730325328e-04 7.2124939579e-05 1.1517831370e-04
3.1005859375e+01 1.8762612664e-04 7.1646974045e-05 1.1597915259e-04
3.1066894531e+01 1.8768437069e-04 7.1305286398e-05 1.1637908429e-04
3.1127929688e+01 1.8782124442e-04 7.0846424522e-05 1.1697481990e-04
3.1188964844e+01 1.8607368057e-04 6.9784916690e-05 1.1628876388e-04
3.1250000000e+01 1.8358439803e-04 6.8605476762e-05 1.1497892127e-04
3.1311035156e+01 1.8179516305e-04 6.7742401840e-05 1.1405276121e-04
3.1372070312e+01 1.8056040015e-04 6.7291812505e-05 1.1326858764e-04
3.1433105469e+01 1.7941170243e-04 6.6490263748e-05 1.1292143869e-04
3.1494140625e+01 1.7687944713e-04 6.5418298672e-05 1.1146114845e-04
3.1555175781e+01 1.7322660937e-04 6.3774725292e-05 1.0945188408e-04
3.1616210938e+01 1.7071387018e-04 6.2319729627e-05 1.0839414056e-04
3.1677246094e+01 1.6881354215e-04 6.1642580940e-05 1.0717096121e-04
3.1738281250e+01 1.6628440867e-04 6.0708467614e-05 1.0557594106e-04
3.1799316406e+01 1.6336281607e-04 5.9457392207e-05 1.0390542386e-04
3.1860351562e+01 1.6123687288e-04 5.8426435689e-05 1.0281043719e-04
3.1921386719e+01 1.5732990023e-04 5.7017936790e-05 1.0031196344e-04
3.1982421875e+01 1.5430276645e-04 5.6002302520e-05 9.8300463933e-05
3.2043457031e+01 1.5191184497e-04 5.4729619019e-05 9.7182225947e-05
3.2104492188e+01 1.4953765635e-04 5.3796276671e-05 9.5741379683e-05
3.2165527344e+01 1.4611296382e-04 5.2642971611e-05 9.3469992208e-05
3.2226562500e+01 1.4413500792e-04 5.1984599679e-05 9.2150408243e-05
3.2287597656e+01 1.4021917314e-04 5.0263913179e-05 8.9955259962e-05
3.2348632812e+01 1.3772114973e-04 4.9222068344e-05 8.8499081386e-05
3.2409667969e+01 1.3682412113e-04 4.8580389182e-05 8.8243731951e-05
3.2470703125e+01 1.3485054889e-04 4.7758497428e-05 8.7092051458e-05
3.2531738281e+01 1.3295663041e-04 4.6957916195e-05 8.5998714220e-05
3.2592773438e+01 1.3301604845e-04 4.6688907441e-05 8.6327141014e-05
3.2653808594e+01 1.3116756739e-04 4.6085724393e-05 8.5081842996e-05
3.2714843750e+01 1.2991413094e-04 4.5709319482e-05 8.4204811454e-05
3.2775878906e+01 1.2973864779e-04 4.5272130177e-05 8.4466517608e-05
3.2836914062e+01 1.2919702136e-04 4.4798892898e-05 8.4398128460e-05
3.2897949219e+01 1.2879640648e-04 4.4370102346e-05 8.4426304133e-05
3.2958984375e+01 1.2824170690e-04 4.3951210605e-05 8.4290496296e-05
3.3020019531e+01 1.2957236817e-04 4.4260417647e-05 8.5311950524e-05
3.3081054688e+01 1.2863705088e-04 4.3672391415e-05 8.4964659461e-05
3.3142089844e+01 1.2845445344e-04 4.3276950221e-05 8.5177503219e-05
3.3203125000e+01 1.2971049167e-04 4.3441169035e-05 8.6269322633e-05
3.3264160156e+01 1.2913594534e-04 4.3116445879e-05 8.6019499464e-05
3.3325195312e+01 1.2880283567e-04 4.2863376654e-05 8.5939459016e-05
3.3386230469e+01 1.2902672741e-04 4.2950255524e-05 8.6076471889e-05
3.3447265625e+01 1.3033272849e-04 4.2984596478e-05 8.7348132014e-05
3.3508300781e+01 1.3054252362e-04 4.2802075659e-05 8.7740447963e-05
3.3569335938e+01 1.3013884898e-04 4.2673822646e-05 8.7465026337e-05
3.3630371094e+01 1.3147795661e-04 4.2961677677e-05 8.8516278934e-05
3.3691406250e+01 1.3113704151e-04 4.2706424525e-05 8.8430616984e-05
3.3752441406e+01 1.3153463711e-04 4.2697506846e-05 8.8837130269e-05
3.3813476562e+01 1.3139918240e-04 4.2462458864e-05 8.8936723535e-05
3.3874511719e+01 1.3128306955e-04 4.2258815555e-05 8.9024253997e-05
3.3935546875e+01 1.3089591528e-04 4.2000190224e-05 8.8895725059e-05
3.3996582031e+01 1.3014972578e-04 4.1809277984e-05 8.8340447792e-05
3.4057617188e+01 1.2855191315e-04 4.1150266825e-05 8.7401646328e-05
3.4118652344e+01 1.2768609303e-04 4.0856476118e-05 8.6829616907e-05
3.4179687500e+01 1.2711996130e-04 4.0561709189e-05 8.6558252108e-05
3.4240722656e+01 1.2651644354e-04 4.0254537710e-05 8.6261905826e-05
3.4301757812e+01 1.2557519088e-04 3.9916379186e-05 8.5658811693e-05
3.4362792969e+01 1.2301159775e-04 3.9256618338e-05 8.3754979414e-05
3.4423828125e+01 1.2153871159e-04 3.8903997031e-05 8.2634714558e-05
3.4484863281e+01 1.1959178601e-04 3.8163351242e-05 8.1428434769e-05
3.4545898438e+01 1.1762806452e-04 3.7393452096e-05 8.0234612428e-05
3.4606933594e+01 1.1564778337e-04 3.6748127245e-05 7.8899656126e-05
3.4667968750e+01 1.1372288273e-04 3.6236554795e-05 7.7486327932e-05
3.4729003906e+01 1.1252447649e-04 3.5955318744e-05 7.6569157746e-05
3.4790039062e+01 1.1059274307e-04 3.5399442654e-05 7.5193300412e-05
3.4851074219e+01 1.0825883474e-04 3.4789606699e-05 7.3469228042e-05
3.4912109375e+01 1.0568550315e-04 3.3939643512e-05 7.1745859639e-05
3.4973144531e+01 1.0231554071e-04 3.2856114168e-05 6.9459426540e-05
3.5034179688e+01 9.9492848971e-05 3.2124769042e-05 6.7368079929e-05
3.5095214844e+01 9.7039823880e-05 3.1433984993e-05 6.5605838887e-05
3.5156250000e+01 9.4328159218e-05 3.0534361354e-05 6.3793797864e-05
3.5217285156e+01 9.1162448873e-05 2.9624878802e-05 6.1537570072e-05
3.5278320312e+01 8.8827057570e-05 2.8985254630e-05 5.9841802940e-05
3.5339355469e+01 8.6313544286e-05 2.8310126646e-05 5.8003417640e-05
3.5400390625e+01 8.4366084597e-05 2.7680587485e-05 5.6685497112e-05
3.5461425781e+01 8.2391264530e-05 2.7086392821e-05 5.5304871710e-05
3.5522460938e+01 8.0151078626e-05 2.6439952199e-05 5.3711126427e-05
3.5583496094e+01 7.7724277064e-05 2.5713141122e-05 5.2011135942e-05
3.5644531250e+01 7.5955733126e-05 2.5190440422e-05 5.0765292704e-05
3.5705566406e+01 7.3653378306e-05 2.4559750470e-05 4.9093627836e-05
3.5766601562e+01 7.1679136026e-05 2.3928797187e-05 4.7750338839e-05
3.5827636719e+01 6.9536823777e-05 2.3259418161e-05 4.6277405616e-05
3.5888671875e+01 6.8344939562e-05 2.2825839383e-05 4.5519100179e-05
3.5949707031e+01 6.7064724858e-05 2.2470869296e-05 4.4593855563e-05
3.6010742188e+01 6.5802952710e-05 2.2131732572e-05 4.3671220138e-05
3.6071777344e+01 6.4278718531e-05 2.1683604740e-05 4.2595113790e-05
3.6132812500e+01 6.2614952183e-05 2.1224273413e-05 4.1390678770e-05
3.6193847656e+01 6.1399826157e-05 2.0879535707e-05 4.0520290450e-05
3.6254882812e+01 6.0583039642e-05 2.0578735283e-05 4.0004304359e-05
3.6315917969e+01 5.8799638837e-05 2.0000868110e-05 3.8798770727e-05
3.6376953125e+01 5.7761552745e-05 1.9728161779e-05 3.8033390967e-05
3.6437988281e+01 5.6741158710e-05 1.9369330556e-05 3.7371828153e-05
3.6499023438e+01 5.5394402101e-05 1.8944892286e-05 3.6449509815e-05
3.6560058594e+01 5.4014174849e-05 1.8579535993e-05 3.5434638855e-05
3.6621093750e+01 5.2909375961e-05 1.8175313537e-05 3.4734062424e-05
3.6682128906e+01 5.2763550390e-05 1.8076682128e-05 3.4686868262e-05
3.6743164062e+01 5.2177015676e-05 1.7961274559e-05 3.4215741118e-05
3.6804199219e+01 5.1127720130e-05 1.7631378269e-05 3.3496341861e-05
3.6865234375e+01 5.0145559130e-05 1.7324429939e-05 3.2821129191e-05
3.6926269531e+01 4.9374910376e-05 1.7032558352e-05 3.2342352025e-05
3.6987304688e+01 4.8861132484e-05 1.6805514795e-05 3.2055617690e-05
3.7048339844e+01 4.8073519799e-05 1.6594073962e-05 3.1479445838e-05
3.7109375000e+01 4.7506769767e-05 1.6458417401e-05 3.1048352366e-05
3.7170410156e+01 4.6740482604e-05 1.6195571289e-05 3.0544911315e-05
3.7231445312e+01 4.5854202658e-05 1.5961067789e-05 2.9893134870e-05
3.7292480469e+01 4.5052788066e-05 1.5692447625e-05 2.9360340441e-05
3.7353515625e+01 4.4096893289e-05 1.5379853576e-05 2.8717039712e-05
3.7414550781e+01 4.3513212806e-05 1.5156762943e-05 2.8356449863e-05
3.7475585938e+01 4.2999332642e-05 1.4973566888e-05 2.8025765754e-05
3.7536621094e+01 4.2659167304e-05 1.4897016102e-05 2.7762151202e-05
3.7597656250e+01 4.2487904367e-05 1.4937903385e-05 2.7550000982e-05
3.7658691406e+01 4.1543189913e-05 1.4575718698e-05 2.6967471216e-05
3.7719726562e+01 4.1006542427e-05 1.4329289431e-05 2.6677252996e-05
3.7780761719e+01 4.0791150419e-05 1.4311694268e-05 2.6479456151e-05
3.7841796875e+01 4.0267137840e-05 1.4139454057e-05 2.6127683783e-05
3.7902832031e+01 3.9896219276e-05 1.3981874601e-05 2.5914344674e-05
3.7963867188e+01 3.9412927472e-05 1.3777659504e-05 2.5635267968e-05
3.8024902344e+01 3.8949021114e-05 1.3654907234e-05 2.5294113880e-05
3.8085937500e+01 3.8632080590e-05 1.3492863094e-05 2.5139217496e-05
3.8146972656e+01 3.8019999688e-05 1.3332834466e-05 2.4687165222e-05
3.8208007812e+01 3.7542677282e-05 1.3141146803e-05 2.4401530479e-05
3.8269042969e+01 3.7706750998e-05 1.3234547100e-05 2.4472203897e-05
3.8330078125e+01 3.7133018763e-05 1.3041241759e-05 2.4091777004e-05
3.8391113281e+01 3.6741283446e-05 1.2927765689e-05 2.3813517757e-05
3.8452148438e+01 3.6386505681e-05 1.2770378512e-05 2.3616127170e-05
3.8513183594e+01 3.5718636634e-05 1.2543381866e-05 2.3175254768e-05
3.8574218750e+01 3.5376582553e-05 1.2411900060e-05 2.2964682493e-05
3.8635253906e+01 3.4871736215e-05 1.2216661859e-05 2.2655074356e-05
3.8696289062e+01 3.4303068454e-05 1.2014349306e-05 2.2288719148e-05
3.8757324219e+01 3.4242399968e-05 1.2048669668e-05 2.2193730300e-05
3.8818359375e+01 3.3781623596e-05 1.1912715569e-05 2.1868908028e-05
3.8879394531e+01 3.3474286900e-05 1.1749275128e-05 2.1725011772e-05
3.8940429688e+01 3.3034369525e-05 1.1564720870e-05 2.1469648656e-05
3.9001464844e+01 3.2711260694e-05 1.1458581212e-05 2.1252679482e-05
3.9062500000e+01 3.2305903606e-05 1.1380370604e-05 2.0925533003e-05
3.9123535156e+01 3.2008085106e-05 1.1289928438e-05 2.0718156669e-05
3.9184570312e+01 3.1400239109e-05 1.1091263197e-05 2.0308975912e-05
3.9245605469e+01 3.1295098437e-05 1.1041466343e-05 2.0253632094e-05
3.9306640625e+01 3.1006284830e-05 1.0890834574e-05 2.0115450256e-05
3.9367675781e+01 3.0694534001e-05 1.0831098647e-05 1.9863435355e-05
3.9428710938e+01 3.0310331583e-05 1.0721914443e-05 1.9588417140e-05
3.9489746094e+01 2.9951055458e-05 1.0591119615e-05 1.9359935844e-05
3.9550781250e+01 2.9686449977e-05 1.0522658465e-05 1.9163791513e-05
3.9611816406e+01 2.9419542575e-05 1.0381938724e-05 1.9037603850e-05
3.9672851562e+01 2.9115623902e-05 1.0260123026e-05 1.8855500876e-05
3.9733886719e+01 2.8806287605e-05 1.0150773395e-05 1.8655514211e-05
3.9794921875e+01 2.8531875575e-05 1.0089557459e-05 1.8442318116e-05
3.9855957031e+01 2.8092589220e-05 9.9895797976e-06 1.8103009422e-05
3.9916992188e+01 2.7815364336e-05 9.8459260688e-06 1.7969438267e-05
3.9978027344e+01 2.7461295605e-05 9.6893579775e-06 1.7771937628e-05
4.0039062500e+01 2.7292283619e-05 9.6152769283e-06 1.7677006691e-05
4.0100097656e+01 2.6927708827e-05 9.5052207148e-06 1.7422488113e-05
4.0161132812e+01 2.6776076957e-05 9.4330873186e-06 1.7342989638e-05
4.0222167969e+01 2.6426653136e-05 9.3563836991e-06 1.7070269437e-05
4.0283203125e+01 2.6143843263e-05 9.2391837417e-06 1.6904659521e-05
4.0344238281e+01 2.5767583423e-05 9.0595996175e-06 1.6707983805e-05
4.0405273438e+01 2.5444161247e-05 8.9501728402e-06 1.6493988407e-05
4.0466308594e+01 2.5128808908e-05 8.8883868803e-06 1.6240422027e-05
4.0527343750e+01 2.5001017722e-05 8.8425232322e-06 1.6158494490e-05
4.0588378906e+01 2.4832978903e-05 8.7748998697e-06 1.6058079034e-05
4.0649414062e+01 2.4613384627e-05 8.7002721184e-06 1.5913112508e-05
4.0710449219e+01 2.4427968903e-05 8.6306428837e-06 1.5797326020e-05
4.0771484375e+01 2.4223098204e-05 8.5497529844e-06 1.5673345220e-05
4.0832519531e+01 2.3919539666e-05 8.4686988698e-06 1.5450840797e-05
4.0893554688e+01 2.3752166255e-05 8.3979941647e-06 1.5354172091e-05
4.0954589844e+01 2.3578840302e-05 8.3309242684e-06 1.5247916033e-05
4.1015625000e+01 2.3435682314e-05 8.2606363412e-06 1.5175045972e-05
4.1076660156e+01 2.3318146343e-05 8.1969384850e-06 1.5121207858e-05
4.1137695312e+01 2.3101124965e-05 8.1115440580e-06 1.4989580907e-05
4.1198730469e+01 2.2920736356e-05 8.0642194084e-06 1.4856516948e-05
4.1259765625e+01 2.2776441969e-05 8.0233829276e-06 1.4753059042e-05
4.1320800781e+01 2.2504032887e-05 7.9363334902e-06 1.4567699396e-05
4.1381835938e+01 2.2501251114e-05 7.9033644779e-06 1.4597886636e-05
4.1442871094e+01 2.2354310456e-05 7.8175513262e-06 1.4536759129e-05
4.1503906250e+01 2.2088240124e-05 7.7783120651e-06 1.4309928059e-05
4.1564941406e+01 2.1920449266e-05 7.7047401458e-06 1.4215709120e-05
4.1625976562e+01 2.1952485330e-05 7.6894368268e-06 1.4263048503e-05
4.1687011719e+01 2.1995964133e-05 7.6861222432e-06 1.4309841890e-05
4.1748046875e+01 2.1700755197e-05 7.5545262959e-06 1.4146228901e-05
4.1809082031e+01 2.1515985198e-05 7.4778001841e-06 1.4038185014e-05
4.1870117188e+01 2.1525185403e-05 7.4782678766e-06 1.4046917526e-05
4.1931152344e+01 2.1563528432e-05 7.4743124733e-06 1.4089215958e-05
4.1992187500e+01 2.1156718454e-05 7.2961790644e-06 1.3860539389e-05
4.2053222656e+01 2.1050148042e-05 7.2577266231e-06 1.3792421419e-05
4.2114257812e+01 2.1068814661e-05 7.2833595739e-06 1.3785455087e-05
4.2175292969e+01 2.0996233562e-05 7.2825430070e-06 1.3713690555e-05
4.2236328125e+01 2.0904821858e-05 7.2392882237e-06 1.3665533634e-05
4.2297363281e+01 2.0820521558e-05 7.1990925109e-06 1.3621429047e-05
4.2358398438e+01 2.0701340378e-05 7.1296526601e-06 1.3571687718e-05
4.2419433594e+01 2.0586586285e-05 7.0909023558e-06 1.3495683929e-05
4.2480468750e+01 2.0541617832e-05 7.0214447961e-06 1.3520173035e-05
4.2541503906e+01 2.0329698265e-05 6.9601651518e-06 1.3369533113e-05
4.2602539062e+01 2.0194533183e-05 6.9286082912e-06 1.3265924892e-05
4.2663574219e+01 2.0001326795e-05 6.8340185281e-06 1.3167308267e-05
4.2724609375e+01 1.9856425993e-05 6.7388479856e-06 1.3117578007e-05
4.2785644531e+01 1.9588005482e-05 6.6287218014e-06 1.2959283681e-05
4.2846679688e+01 1.9474260040e-05 6.6014452909e-06 1.2872814749e-05
4.2907714844e+01 1.9275188971e-05 6.5227120623e-06 1.2752476908e-05
4.2968750000e+01 1.9021812704e-05 6.4259976739e-06 1.2595815030e-05
4.3029785156e+01 1.8723460562e-05 6.3363813473e-06 1.2387079215e-05
4.3090820312e+01 1.8781509013e-05 6.3246267028e-06 1.2456882310e-05
4.3151855469e+01 1.8761191227e-05 6.3074296260e-06 1.2453761601e-05
4.3212890625e+01 1.8723857890e-05 6.3031899829e-06 1.2420667907e-05
4.3273925781e+01 1.8393403276e-05 6.2062335700e-06 1.2187169706e-05
4.3334960938e+01 1.7961681197e-05 6.0716442739e-06 1.1890036923e-05
4.3395996094e+01 1.7940462545e-05 6.0425508446e-06 1.1897911701e-05
4.3457031250e+01 1.7868457802e-05 6.0019136539e-06 1.1866544148e-05
4.3518066406e+01 1.7641472702e-05 5.9066133504e-06 1.1734859352e-05
4.3579101562e+01 1.7336561094e-05 5.7802716196e-06 1.1556289474e-05
4.3640136719e+01 1.7166549824e-05 5.7020713088e-06 1.1464478516e-05
4.3701171875e+01 1.7207000854e-05 5.7154274419e-06 1.1491573412e-05
4.3762207031e+01 1.7084904847e-05 5.6451527358e-06 1.1439752111e-05
4.3823242188e+01 1.7047947109e-05 5.6356439365e-06 1.1412303172e-05
4.3884277344e+01 1.6838749826e-05 5.5846515934e-06 1.1254098232e-05
4.3945312500e+01 1.6636084215e-05 5.5059900169e-06 1.1130094198e-05
4.4006347656e+01 1.6475534462e-05 5.4248834953e-06 1.1050650967e-05
4.4067382812e+01 1.6139558303e-05 5.3081730793e-06 1.0831385224e-05
4.4128417969e+01 1.5953226196e-05 5.2222885584e-06 1.0730937638e-05
4.4189453125e+01 1.5744239470e-05 5.1591151817e-06 1.0585124289e-05
4.4250488281e+01 1.5613741485e-05 5.1209641318e-06 1.0492777353e-05
4.4311523438e+01 1.5561569923e-05 5.0881790728e-06 1.0473390850e-05
4.4372558594e+01 1.5383951895e-05 5.0356464247e-06 1.0348305471e-05
4.4433593750e+01 1.5309722183e-05 4.9984869296e-06 1.0311235253e-05
4.4494628906e+01 1.5096461066e-05 4.9008207450e-06 1.0195640321e-05
4.4555664062e+01 1.4839168872e-05 4.8062269166e-06 1.0032941956e-05
4.4616699219e+01 1.4653965930e-05 4.7490197070e-06 9.9049462225e-06
4.4677734375e+01 1.4619721193e-05 4.7527236390e-06 9.8669975539e-06
4.4738769531e+01 1.4528358141e-05 4.6915183560e-06 9.8368397845e-06
4.4799804688e+01 1.4328397974e-05 4.6291320596e-06 9.6992659140e-06
4.4860839844e+01 1.3993404040e-05 4.5242684592e-06 9.4691355803e-06
4.4921875000e+01 1.3958175114e-05 4.4987113672e-06 9.4594637473e-06
4.4982910156e+01 1.3929179369e-05 4.4582257253e-06 9.4709536436e-06
4.5043945312e+01 1.3816571271e-05 4.4172750002e-06 9.3992962711e-06
4.5104980469e+01 1.3508946763e-05 4.3170245714e-06 9.1919221916e-06
4.5166015625e+01 1.3417044605e-05 4.2944937557e-06 9.1225508496e-06
4.5227050781e+01 1.3443269186e-05 4.2720360792e-06 9.1712331069e-06
4.5288085938e+01 1.3306764102e-05 4.2305495730e-06 9.0762145292e-06
4.5349121094e+01 1.3112434612e-05 4.1818258628e-06 8.9306087494e-06
4.5410156250e+01 1.2932723017e-05 4.1400218611e-06 8.7927011558e-06
4.5471191406e+01 1.2769592624e-05 4.0796767612e-06 8.6899158633e-06
4.5532226562e+01 1.2653054333e-05 4.0240172803e-06 8.6290370530e-06
4.5593261719e+01 1.2431233305e-05 3.9490404786e-06 8.4821928265e-06
4.5654296875e+01 1.2340382205e-05 3.9138618708e-06 8.4265203337e-06
4.5715332031e+01 1.2312901910e-05 3.8889507369e-06 8.4239511734e-06
4.5776367188e+01 1.2219852093e-05 3.8477901888e-06 8.3720619039e-06
4.5837402344e+01 1.2113413301e-05 3.8245631943e-06 8.2888501062e-06
4.5898437500e+01 1.1919894672e-05 3.7739722569e-06 8.1459224153e-06
4.5959472656e+01 1.1845746814e-05 3.7365697409e-06 8.1091770728e-06
4.6020507812e+01 1.1734522267e-05 3.6973703843e-06 8.0371518828e-06
4.6081542969e+01 1.1520062463e-05 3.6203189166e-06 7.8997435465e-06
4.6142578125e+01 1.1296325412e-05 3.5419821694e-06 7.7543432428e-06
4.6203613281e+01 1.1246928295e-05 3.5239231061e-06 7.7230051885e-06
4.6264648438e+01 1.1083387030e-05 3.4749816666e-06 7.6084053634e-06
4.6325683594e+01 1.0843570115e-05 3.4149057252e-06 7.4286643897e-06
4.6386718750e+01 1.0724837278e-05 3.3703334012e-06 7.3545038765e-06
4.6447753906e+01 1.0535984084e-05 3.3233496608e-06 7.2126344229e-06
4.6508789062e+01 1.0328392513e-05 3.2547036521e-06 7.0736888605e-06
4.6569824219e+01 1.0207024743e-05 3.2181270501e-06 6.9888976930e-06
4.6630859375e+01 1.0156798497e-05 3.1853116648e-06 6.9714868317e-06
4.6691894531e+01 9.9858725538e-06 3.1358100983e-06 6.8500624555e-06
4.6752929688e+01 9.8591677927e-06 3.1000131626e-06 6.7591546301e-06
4.6813964844e+01 9.7504698064e-06 3.0611240195e-06 6.6893457868e-06
4.6875000000e+01 9.5563980121e-06 2.9962061982e-06 6.5601918139e-06
4.6936035156e+01 9.4135282456e-06 2.9604857968e-06 6.4530424488e-06
4.6997070312e+01 9.3255826116e-06 2.9267789139e-06 6.3988036977e-06
4.7058105469e+01 9.1807761791e-06 2.8735308303e-06 6.3072453487e-06
4.7119140625e+01 8.9416681559e-06 2.8018609085e-06 6.1398072473e-06
4.7180175781e+01 8.7726459453e-06 2.7486297278e-06 6.0240162174e-06
4.7241210938e+01 8.6472961367e-06 2.6993739429e-06 5.9479221938e-06
4.7302246094e+01 8.5381508813e-06 2.6741370809e-06 5.8640138003e-06
4.7363281250e+01 8.4418951399e-06 2.6482580735e-06 5.7936370664e-06
4.7424316406e+01 8.3665055973e-06 2.6295616139e-06 5.7369439834e-06
4.7485351562e+01 8.2922676013e-06 2.5973879376e-06 5.6948796637e-06
4.7546386719e+01 8.1223340049e-06 2.5426881437e-06 5.5796458612e-06
4.7607421875e+01 8.0046811449e-06 2.5068412069e-06 5.4978399380e-06
4.7668457031e+01 7.8497422193e-06 2.4684449618e-06 5.3812972574e-06
4.7729492188e+01 7.7709184947e-06 2.4384544807e-06 5.3324640140e-06
4.7790527344e+01 7.7781091678e-06 2.4333096793e-06 5.3447994884e-06
4.7851562500e+01 7.7041335982e-06 2.4222758360e-06 5.2818577622e-06
4.7912597656e+01 7.5497972603e-06 2.3773083267e-06 5.1724889336e-06
4.7973632812e+01 7.4819761999e-06 2.3462875759e-06 5.1356886240e-06
4.8034667969e+01 7.4044409586e-06 2.3162614753e-06 5.0881794833e-06
4.8095703125e+01 7.3061727117e-06 2.2841888166e-06 5.0219838950e-06
4.8156738281e+01 7.3087055692e-06 2.2801132707e-06 5.0285922984e-06
4.8217773438e+01 7.2685756035e-06 2.2661869225e-06 5.0023886810e-06
4.8278808594e+01 7.1465699904e-06 2.2319423028e-06 4.9146276876e-06
4.8339843750e+01 6.9852964068e-06 2.1800436607e-06 4.8052527461e-06
4.8400878906e+01 6.9201523252e-06 2.1564706602e-06 4.7636816651e-06
4.8461914062e+01 6.9312910092e-06 2.1588660251e-06 4.7724249842e-06
4.8522949219e+01 6.8356968663e-06 2.1333460627e-06 4.7023508035e-06
4.8583984375e+01 6.7379232112e-06 2.0924458006e-06 4.6454774106e-06
4.8645019531e+01 6.6620865666e-06 2.0694654782e-06 4.5926210883e-06
4.8706054688e+01 6.6028265862e-06 2.0572122873e-06 4.5456142989e-06
4.8767089844e+01 6.5829877246e-06 2.0380487364e-06 4.5449389882e-06
4.8828125000e+01 6.5562456208e-06 2.0332623634e-06 4.5229832573e-06
4.8889160156e+01 6.4286317159e-06 2.0030003172e-06 4.4256313987e-06
4.8950195312e+01 6.2848517016e-06 1.9592172365e-06 4.3256344651e-06
4.9011230469e+01 6.2391374305e-06 1.9348593593e-06 4.3042780713e-06
4.9072265625e+01 6.1710263754e-06 1.9122944748e-06 4.2587319005e-06
4.9133300781e+01 6.1644741669e-06 1.9169368842e-06 4.2475372827e-06
4.9194335938e+01 6.1342035756e-06 1.9014361281e-06 4.2327674475e-06
4.9255371094e+01 6.0638211730e-06 1.8734401627e-06 4.1903810104e-06
4.9316406250e+01 6.0567462084e-06 1.8754173983e-06 4.1813288101e-06
4.9377441406e+01 5.9996553144e-06 1.8575989863e-06 4.1420563281e-06
4.9438476562e+01 5.8950314848e-06 1.8217195904e-06 4.0733118944e-06
4.9499511719e+01 5.8331492163e-06 1.7999186477e-06 4.0332305686e-06
4.9560546875e+01 5.7882058989e-06 1.7848314468e-06 4.0033744521e-06
4.9621582031e+01 5.7094897718e-06 1.7669973615e-06 3.9424924104e-06
4.9682617188e+01 5.6609952515e-06 1.7545965038e-06 3.9063987477e-06
4.9743652344e+01 5.6117128302e-06 1.7238603698e-06 3.8878524604e-06
4.9804687500e+01 5.5607366218e-06 1.7167071146e-06 3.8440295071e-06
4.9865722656e+01 5.4790129780e-06 1.7021317672e-06 3.7768812108e-06
4.9926757812e+01 5.4131270104e-06 1.6863505959e-06 3.7267764146e-06
4.9987792969e+01 5.3597709660e-06 1.6568841640e-06 3.7028868020e-06
5.0048828125e+01 5.2905145023e-06 1.6370565115e-06 3.6534579909e-06
5.0109863281e+01 5.2436725234e-06 1.6264823106e-06 3.6171902128e-06
5.0170898438e+01 5.2208873326e-06 1.6144495136e-06 3.6064378189e-06
5.0231933594e+01 5.1487047212e-06 1.5934326037e-06 3.5552721175e-06
5.0292968750e+01 5.0507390388e-06 1.5659124462e-06 3.4848265926e-06
5.0354003906e+01 5.0066670496e-06 1.5462238807e-06 3.4604431689e-06
5.0415039062e+01 4.9935407021e-06 1.5482468813e-06 3.4452938207e-06
5.0476074219e+01 4.9772656607e-06 1.5384273843e-06 3.4388382764e-06
5.0537109375e+01 4.9181006431e-06 1.5212598768e-06 3.3968407663e-06
5.0598144531e+01 4.8762833608e-06 1.5052641783e-06 3.3710191825e-06
5.0659179688e+01 4.8197370063e-06 1.4858344070e-06 3.3339025994e-06
5.0720214844e+01 4.8118239460e-06 1.4767804540e-06 3.3350434920e-06
5.0781250000e+01 4.7625563675e-06 1.4649846662e-06 3.2975717014e-06
5.0842285156e+01 4.7065490610e-06 1.4518816716e-06 3.2546673894e-06
5.0903320312e+01 4.6349198413e-06 1.4250865684e-06 3.2098332728e-06
5.0964355469e+01 4.6065905638e-06 1.4148209476e-06 3.1917696162e-06
5.1025390625e+01 4.5528711226e-06 1.3953332617e-06 3.1575378609e-06
5.1086425781e+01 4.4760899625e-06 1.3775860457e-06 3.0985039169e-06
5.1147460938e+01 4.4284900664e-06 1.3716457500e-06 3.0568443163e-06
5.1208496094e+01 4.3915902748e-06 1.3593800958e-06 3.0322101791e-06
5.1269531250e+01 4.3809704605e-06 1.3576464840e-06 3.0233239765e-06
5.1330566406e+01 4.3164742897e-06 1.3293018470e-06 2.9871724426e-06
5.1391601562e+01 4.2834044496e-06 1.3169271612e-06 2.9664772884e-06
5.1452636719e+01 4.2646075738e-06 1.3125990151e-06 2.9520085587e-06
5.1513671875e+01 4.2366808462e-06 1.3052483779e-06 2.9314324683e-06
5.1574707031e+01 4.1593549372e-06 1.2769763157e-06 2.8823786215e-06
5.1635742188e+01 4.1540185901e-06 1.2776893392e-06 2.8763292509e-06
5.1696777344e+01 4.1768550672e-06 1.2846607280e-06 2.8921943392e-06
5.1757812500e+01 4.1499570211e-06 1.2718565310e-06 2.8781004901e-06
5.1818847656e+01 4.0749776021e-06 1.2472748660e-06 2.8277027361e-06
5.1879882812e+01 4.0414457862e-06 1.2370456132e-06 2.8044001730e-06
5.1940917969e+01 4.0314940434e-06 1.2342356888e-06 2.7972583546e-06
5.2001953125e+01 4.0267330445e-06 1.2328180908e-06 2.7939149537e-06
5.2062988281e+01 3.9982127556e-06 1.2215144116e-06 2.7766983440e-06
5.2124023438e+01 3.9716542422e-06 1.2127549588e-06 2.7588992834e-06
5.2185058594e+01 3.9302287275e-06 1.2036617885e-06 2.7265669390e-06
5.2246093750e+01 3.9023431104e-06 1.1903049763e-06 2.7120381342e-06
5.2307128906e+01 3.8498265116e-06 1.1769272160e-06 2.6728992955e-06
5.2368164062e+01 3.7857014992e-06 1.1567168960e-06 2.6289846033e-06
5.2429199219e+01 3.7763289915e-06 1.1520579165e-06 2.6242710751e-06
5.2490234375e+01 3.7498188439e-06 1.1399059550e-06 2.6099128889e-06
5.2551269531e+01 3.7252447407e-06 1.1313729938e-06 2.5938717469e-06
5.2612304688e+01 3.7179621722e-06 1.1268223982e-06 2.5911397740e-06
5.2673339844e+01 3.6604283758e-06 1.1082207206e-06 2.5522076552e-06
5.2734375000e+01 3.6294464131e-06 1.0982831579e-06 2.5311632551e-06
5.2795410156e+01 3.6217945650e-06 1.0941568141e-06 2.5276377509e-06
5.2856445312e+01 3.5869191522e-06 1.0859144669e-06 2.5010046853e-06
5.2917480469e+01 3.5587711119e-06 1.0743113608e-06 2.4844597512e-06
5.2978515625e+01 3.5744601442e-06 1.0795153007e-06 2.4949448436e-06
5.3039550781e+01 3.5606160085e-06 1.0757833174e-06 2.4848326910e-06
5.3100585938e+01 3.5082622434e-06 1.0583768517e-06 2.4498853917e-06
5.3161621094e+01 3.4802327642e-06 1.0518510241e-06 2.4283817401e-06
5.3222656250e+01 3.4459780897e-06 1.0387928217e-06 2.4071852680e-06
5.3283691406e+01 3.4371833577e-06 1.0350568617e-06 2.4021264960e-06
5.3344726562e+01 3.4416120880e-06 1.0366219071e-06 2.4049901809e-06
5.3405761719e+01 3.4140455352e-06 1.0262413964e-06 2.3878041388e-06
5.3466796875e+01 3.4005671147e-06 1.0183120638e-06 2.3822550509e-06
5.3527832031e+01 3.3801591186e-06 1.0152180610e-06 2.3649410577e-06
5.3588867188e+01 3.3648565503e-06 1.0068706805e-06 2.3579858698e-06
5.3649902344e+01 3.3434297302e-06 1.0023086600e-06 2.3411210702e-06
5.3710937500e+01 3.3361356716e-06 1.0006808060e-06 2.3354548656e-06
5.3771972656e+01 3.3089049796e-06 9.8791016009e-07 2.3209948195e-06
5.3833007812e+01 3.3137452277e-06 9.8970951860e-07 2.3240357091e-06
5.3894042969e+01 3.3248149399e-06 9.8781025642e-07 2.3370046834e-06
5.3955078125e+01 3.3130389878e-06 9.8408915553e-07 2.3289498323e-06
5.4016113281e+01 3.2847525024e-06 9.7869675888e-07 2.3060557436e-06
5.4077148438e+01 3.2828674932e-06 9.8028556108e-07 2.3025819322e-06
5.4138183594e+01 3.2809090008e-06 9.7596305515e-07 2.3049459456e-06
5.4199218750e+01 3.2703063491e-06 9.7119891132e-07 2.2991074378e-06
5.4260253906e+01 3.2684481271e-06 9.6655545661e-07 2.3018926704e-06
5.4321289062e+01 3.2743473645e-06 9.6499739891e-07 2.3093499656e-06
5.4382324219e+01 3.2710344395e-06 9.6591959301e-07 2.3051148465e-06
5.4443359375e+01 3.2548389182e-06 9.6145469175e-07 2.2933842264e-06
5.4504394531e+01 3.2605212486e-06 9.5949214776e-07 2.3010291009e-06
5.4565429688e+01 3.2628946299e-06 9.5974972907e-07 2.3031449008e-06
5.4626464844e+01 3.2649589944e-06 9.6034387992e-07 2.3046151145e-06
5.4687500000e+01 3.2386143607e-06 9.5236080961e-07 2.2862535511e-06
5.4748535156e+01 3.2243056372e-06 9.4448911576e-07 2.2798165215e-06
5.4809570312e+01 3.2053409843e-06 9.3781845633e-07 2.2675225280e-06
5.4870605469e+01 3.1764093957e-06 9.2825989273e-07 2.2481495030e-06
5.4931640625e+01 3.1493558113e-06 9.2058538216e-07 2.2287704291e-06
5.4992675781e+01 3.1390964343e-06 9.1552020846e-07 2.2235762258e-06
5.5053710938e+01 3.1702386741e-06 9.2327716677e-07 2.2469615073e-06
5.5114746094e+01 3.1564938729e-06 9.2086981675e-07 2.2356240562e-06
5.5175781250e+01 3.1196803130e-06 9.0767177462e-07 2.2120085384e-06
5.5236816406e+01 3.1375124070e-06 9.1393057656e-07 2.2235818304e-06
5.5297851562e+01 3.1035923824e-06 9.0398444727e-07 2.1996079351e-06
5.5358886719e+01 3.0505824230e-06 8.8960923455e-07 2.1609731884e-06
5.5419921875e+01 3.0272654404e-06 8.8324603354e-07 2.1440194069e-06
5.5480957031e+01 3.0367339947e-06 8.8336073348e-07 2.1533732612e-06
5.5541992188e+01 3.0416141509e-06 8.7976300657e-07 2.1618511443e-06
5.5603027344e+01 3.0166037514e-06 8.7088736444e-07 2.1457163869e-06
5.5664062500e+01 2.9866039515e-06 8.6459952474e-07 2.1220044268e-06
5.5725097656e+01 2.9804519631e-06 8.6639511023e-07 2.1140568529e-06
5.5786132812e+01 2.9647231964e-06 8.6061411807e-07 2.1041090783e-06
5.5847167969e+01 2.9426909917e-06 8.5159341719e-07 2.0910975745e-06
5.5908203125e+01 2.9510012921e-06 8.5146165267e-07 2.0995396394e-06
5.5969238281e+01 2.9373352591e-06 8.5086609018e-07 2.0864691689e-06
5.6030273438e+01 2.9455219154e-06 8.4870863426e-07 2.0968132812e-06
5.6091308594e+01 2.9201223269e-06 8.3797131888e-07 2.0821510080e-06
5.6152343750e+01 2.8748454714e-06 8.2596332895e-07 2.0488821424e-06
5.6213378906e+01 2.8797457344e-06 8.2578955163e-07 2.0539561828e-06
5.6274414062e+01 2.8825178416e-06 8.2409682148e-07 2.0584210201e-06
5.6335449219e+01 2.8615099467e-06 8.2191385157e-07 2.0395960951e-06
5.6396484375e+01 2.8580052387e-06 8.2281531744e-07 2.0351899213e-06
5.6457519531e+01 2.8455906178e-06 8.1563557210e-07 2.0299550457e-06
5.6518554688e+01 2.8200843302e-06 8.0830545117e-07 2.0117788790e-06
5.6579589844e+01 2.8256350837e-06 8.1092006891e-07 2.0147150148e-06
5.6640625000e+01 2.7859360308e-06 8.0160286392e-07 1.9843331669e-06
5.6701660156e+01 2.7935803803e-06 8.0069998520e-07 1.9928803951e-06
5.6762695312e+01 2.7618536292e-06 7.9087743069e-07 1.9709761985e-06
5.6823730469e+01 2.7825914010e-06 7.9812945959e-07 1.9844619414e-06
5.6884765625e+01 2.7582708454e-06 7.9347958402e-07 1.9647912614e-06
5.6945800781e+01 2.7472631196e-06 7.8645916577e-07 1.9608039539e-06
5.7006835938e+01 2.7764603169e-06 7.9258692673e-07 1.9838733901e-06
5.7067871094e+01 2.7477358311e-06 7.8656294730e-07 1.9611728838e-06
5.7128906250e+01 2.7123353091e-06 7.7347868774e-07 1.9388566214e-06
5.7189941406e+01 2.7243392012e-06 7.7361585869e-07 1.9507233425e-06
5.7250976562e+01 2.7115965609e-06 7.7155199659e-07 1.9400445643e-06
5.7312011719e+01 2.7063898733e-06 7.6986087221e-07 1.9365290011e-06
5.7373046875e+01 2.6893451139e-06 7.6529772373e-07 1.9240473902e-06
5.7434082031e+01 2.6863970529e-06 7.6571359205e-07 1.9206834608e-06
5.7495117188e+01 2.6724176921e-06 7.5992434586e-07 1.9124933463e-06
5.7556152344e+01 2.6505637045e-06 7.5489973372e-07 1.8956639708e-06
5.7617187500e+01 2.6407457569e-06 7.5179218646e-07 1.8889535705e-06
5.7678222656e+01 2.6357140943e-06 7.4872204689e-07 1.8869920474e-06
5.7739257812e+01 2.6147281256e-06 7.4206343607e-07 1.8726646895e-06
5.7800292969e+01 2.5799956132e-06 7.3214005295e-07 1.8478555603e-06
5.7861328125e+01 2.5343695876e-06 7.2045112795e-07 1.8139184597e-06
5.7922363281e+01 2.5318456079e-06 7.1965147954e-07 1.8121941284e-06
5.7983398438e+01 2.5268795041e-06 7.1760198667e-07 1.8092775174e-06
5.8044433594e+01 2.5174570353e-06 7.1274137933e-07 1.8047156560e-06
5.8105468750e+01 2.4976799055e-06 7.0650260033e-07 1.7911773052e-06
5.8166503906e+01 2.4974076864e-06 7.0664925965e-07 1.7907584268e-06
5.8227539062e+01 2.4773430318e-06 6.9990378209e-07 1.7774392497e-06
5.8288574219e+01 2.4541956827e-06 6.9362024644e-07 1.7605754363e-06
5.8349609375e+01 2.4369090635e-06 6.8835856217e-07 1.7485505014e-06
5.8410644531e+01 2.4095947902e-06 6.8073960417e-07 1.7288551860e-06
5.8471679688e+01 2.4165317375e-06 6.7997018838e-07 1.7365615491e-06
5.8532714844e+01 2.4220516042e-06 6.8049082603e-07 1.7415607782e-06
5.8593750000e+01 2.3866380499e-06 6.7038942674e-07 1.7162486232e-06
5.8654785156e+01 2.3509423573e-06 6.5974498358e-07 1.6911973737e-06
5.8715820312e+01 2.3211361948e-06 6.5440368175e-07 1.6667325131e-06
5.8776855469e+01 2.2971472728e-06 6.4725173836e-07 1.6498955345e-06
5.8837890625e+01 2.2912936800e-06 6.4585100843e-07 1.6454426716e-06
5.8898925781e+01 2.2752481218e-06 6.4108919333e-07 1.6341589285e-06
5.8959960938e+01 2.2196961628e-06 6.2490810878e-07 1.5947880540e-06
5.9020996094e+01 2.2084839363e-06 6.2270933934e-07 1.5857745970e-06
5.9082031250e+01 2.1970270377e-06 6.2244071198e-07 1.5745863257e-06
5.9143066406e+01 2.1726377313e-06 6.1656192469e-07 1.5560758066e-06
5.9204101562e+01 2.1415942612e-06 6.0695206674e-07 1.5346421944e-06
5.9265136719e+01 2.1268883093e-06 6.0339303483e-07 1.5234952745e-06
5.9326171875e+01 2.1016026837e-06 5.9587027643e-07 1.5057324072e-06
5.9387207031e+01 2.0906500941e-06 5.9464978957e-07 1.4960003045e-06
5.9448242188e+01 2.0543343260e-06 5.8298627761e-07 1.4713480483e-06
5.9509277344e+01 2.0309354697e-06 5.7860421023e-07 1.4523312595e-06
5.9570312500e+01 2.0273758529e-06 5.7739876185e-07 1.4499770911e-06
5.9631347656e+01 1.9973305585e-06 5.6659675116e-07 1.4307338074e-06
5.9692382812e+01 1.9764718536e-06 5.6047132621e-07 1.4160005274e-06
5.9753417969e+01 1.9571148086e-06 5.5502905838e-07 1.4020857502e-06
5.9814453125e+01 1.9324956085e-06 5.4803845360e-07 1.3844571549e-06
5.9875488281e+01 1.9173557140e-06 5.4466215950e-07 1.3726935545e-06
5.9936523438e+01 1.9099476338e-06 5.4268218608e-07 1.3672654478e-06
5.9997558594e+01 1.8861725047e-06 5.3417003179e-07 1.3520024729e-06
6.0058593750e+01 1.8561071366e-06 5.2567073462e-07 1.3304364020e-06
6.0119628906e+01 1.8377460162e-06 5.1923940015e-07 1.3185066160e-06
6.0180664062e+01 1.8128875083e-06 5.1235796960e-07 1.3005295387e-06
6.0241699219e+01 1.8162818882e-06 5.1469544453e-07 1.3015864437e-06
6.0302734375e+01 1.7956447999e-06 5.0893377065e-07 1.2867110293e-06
6.0363769531e+01 1.7823808915e-06 5.0559634786e-07 1.2767845436e-06
6.0424804688e+01 1.7735478809e-06 5.0277587621e-07 1.2707720047e-06
6.0485839844e+01 1.7595772598e-06 4.9948337133e-07 1.2600938884e-06
6.0546875000e+01 1.7275714382e-06 4.9118527193e-07 1.2363861662e-06
6.0607910156e+01 1.7244524442e-06 4.8980776133e-07 1.2346446828e-06
6.0668945312e+01 1.7015264888e-06 4.8327731414e-07 1.2182491747e-06
6.0729980469e+01 1.6953390964e-06 4.8135076638e-07 1.2139883300e-06
6.0791015625e+01 1.6956182433e-06 4.7955116476e-07 1.2160670785e-06
6.0852050781e+01 1.6724074305e-06 4.7433928032e-07 1.1980681502e-06
6.0913085938e+01 1.6652372018e-06 4.7354969269e-07 1.1916875091e-06
6.0974121094e+01 1.6599034595e-06 4.7059570428e-07 1.1893077553e-06
6.1035156250e+01 1.6546910583e-06 4.6876145276e-07 1.1859296056e-06
6.1096191406e+01 1.6404178035e-06 4.6462649446e-07 1.1757913090e-06
6.1157226562e+01 1.6419066002e-06 4.6268352778e-07 1.1792230724e-06
6.1218261719e+01 1.6342670229e-06 4.6142196300e-07 1.1728450599e-06
6.1279296875e+01 1.6073715225e-06 4.5482396435e-07 1.1525475581e-06
6.1340332031e+01 1.6087573513e-06 4.5328712860e-07 1.1554702227e-06
6.1401367188e+01 1.5882461200e-06 4.4810879999e-07 1.1401373200e-06
6.1462402344e+01 1.5798846419e-06 4.4466633528e-07 1.1352183066e-06
6.1523437500e+01 1.5785597432e-06 4.4419301270e-07 1.1343667305e-06
6.1584472656e+01 1.5543193028e-06 4.3660752720e-07 1.1177117756e-06
6.1645507812e+01 1.5445383679e-06 4.3435001525e-07 1.1101883527e-06
6.1706542969e+01 1.5420770398e-06 4.3395372833e-07 1.1081233115e-06
6.1767578125e+01 1.5129645032e-06 4.2553150921e-07 1.0874329940e-06
6.1828613281e+01 1.4992987051e-06 4.2181425775e-07 1.0774844474e-06
6.1889648438e+01 1.4918489945e-06 4.1928912058e-07 1.0725598740e-06
6.1950683594e+01 1.4862774669e-06 4.1723001899e-07 1.0690474479e-06
6.2011718750e+01 1.4788276983e-06 4.1510635653e-07 1.0637213417e-06
6.2072753906e+01 1.4738972313e-06 4.1322424291e-07 1.0606729884e-06
6.2133789062e+01 1.4515286702e-06 4.0810794440e-07 1.0434207258e-06
6.2194824219e+01 1.4465193792e-06 4.0718068575e-07 1.0393386935e-06
6.2255859375e+01 1.4479419948e-06 4.0812261827e-07 1.0398193765e-06
6.2316894531e+01 1.4367859402e-06 4.0617876356e-07 1.0306071766e-06
6.2377929688e+01 1.4185682199e-06 4.0067933865e-07 1.0178888813e-06
6.2438964844e+01 1.4024995670e-06 3.9561994538e-07 1.0068796216e-06
6.2500000000e+01 1.3930131087e-06 3.9399902053e-07 9.9901408817e-07
6.2561035156e+01 1.3857128140e-06 3.9101435599e-07 9.9469845800e-07
6.2622070312e+01 1.3654310814e-06 3.8569455196e-07 9.7973652945e-07
6.2683105469e+01 1.3575108447e-06 3.8155768815e-07 9.7595315657e-07
6.2744140625e+01 1.3517190258e-06 3.7984710772e-07 9.7187191811e-07
6.2805175781e+01 1.3375561518e-06 3.7592881139e-07 9.6162734037e-07
6.2866210938e+01 1.3441951284e-06 3.7893587981e-07 9.6525924855e-07
6.2927246094e+01 1.3484473729e-06 3.8008612853e-07 9.6836124435e-07
6.2988281250e+01 1.3305600641e-06 3.7515849058e-07 9.5540157357e-07
6.3049316406e+01 1.3257571117e-06 3.7332433604e-07 9.5243277569e-07
6.3110351562e+01 1.3175665730e-06 3.6961013839e-07 9.4795643462e-07
6.3171386719e+01 1.3029472161e-06 3.6563663302e-07 9.3731058306e-07
6.3232421875e+01 1.3172455556e-06 3.6944399985e-07 9.4780155575e-07
6.3293457031e+01 1.2958811921e-06 3.6370461356e-07 9.3217657858e-07
6.3354492188e+01 1.2785535845e-06 3.5841502832e-07 9.2013855621e-07
6.3415527344e+01 1.2741035876e-06 3.5612174693e-07 9.1798184068e-07
6.3476562500e+01 1.2540888564e-06 3.4981764272e-07 9.0427121365e-07
6.3537597656e+01 1.2427330951e-06 3.4718588172e-07 8.9554721336e-07
6.3598632812e+01 1.2491200290e-06 3.4924095761e-07 8.9987907142e-07
6.3659667969e+01 1.2380270749e-06 3.4509560048e-07 8.9293147446e-07
6.3720703125e+01 1.2333628577e-06 3.4396621529e-07 8.8939664239e-07
6.3781738281e+01 1.2291068072e-06 3.4260799222e-07 8.8649881495e-07
6.3842773438e+01 1.2240476843e-06 3.4148874894e-07 8.8255893534e-07
6.3903808594e+01 1.2146313672e-06 3.3889619193e-07 8.7573517529e-07
6.3964843750e+01 1.1932781331e-06 3.3277966661e-07 8.6049846647e-07
6.4025878906e+01 1.1945994047e-06 3.3273936823e-07 8.6186003652e-07
6.4086914062e+01 1.1799991553e-06 3.2928804859e-07 8.5071110674e-07
6.4147949219e+01 1.1632077826e-06 3.2505690626e-07 8.3815087636e-07
6.4208984375e+01 1.1522038807e-06 3.2221446889e-07 8.2998941182e-07
6.4270019531e+01 1.1475938896e-06 3.2106683175e-07 8.2652705790e-07
6.4331054688e+01 1.1398138554e-06 3.1950045188e-07 8.2031340350e-07
6.4392089844e+01 1.1344846463e-06 3.1706928230e-07 8.1741536404e-07
6.4453125000e+01 1.1230892725e-06 3.1512713749e-07 8.0796213503e-07
6.4514160156e+01 1.1188808761e-06 3.1328531184e-07 8.0559556422e-07
6.4575195312e+01 1.1032710325e-06 3.0799874548e-07 7.9527228698e-07
6.4636230469e+01 1.0860301592e-06 3.0425967388e-07 7.8177048527e-07
6.4697265625e+01 1.0826198242e-06 3.0361465925e-07 7.7900516490e-07
6.4758300781e+01 1.0768408989e-06 3.0164843240e-07 7.7519246655e-07
6.4819335938e+01 1.0707921806e-06 3.0000162089e-07 7.7079055969e-07
6.4880371094e+01 1.0723632878e-06 2.9870007529e-07 7.7366321250e-07
6.4941406250e+01 1.0736594614e-06 2.9903858261e-07 7.7462087875e-07
6.5002441406e+01 1.0676010255e-06 2.9785612364e-07 7.6974490190e-07
6.5063476562e+01 1.0626521039e-06 2.9609866831e-07 7.6655343556e-07
6.5124511719e+01 1.0548774141e-06 2.9372485237e-07 7.6115256174e-07
6.5185546875e+01 1.0530936700e-06 2.9322324098e-07 7.5987042899e-07
6.5246582031e+01 1.0407142392e-06 2.9018896175e-07 7.5052527741e-07
6.5307617188e+01 1.0327476203e-06 2.8734181231e-07 7.4540580798e-07
6.5368652344e+01 1.0288172179e-06 2.8627087309e-07 7.4254634485e-07
6.5429687500e+01 1.0294900831e-06 2.8678900086e-07 7.4270108221e-07
6.5490722656e+01 1.0253674411e-06 2.8550025997e-07 7.3986718110e-07
6.5551757812e+01 1.0202644335e-06 2.8226801156e-07 7.3799642191e-07
6.5612792969e+01 1.0131291776e-06 2.7953701297e-07 7.3359216458e-07
6.5673828125e+01 1.0092328175e-06 2.7816375958e-07 7.3106905791e-07
6.5734863281e+01 1.0101354001e-06 2.7836405227e-07 7.3177134785e-07
6.5795898438e+01 9.9377805648e-07 2.7348030473e-07 7.2029775175e-07
6.5856933594e+01 9.8295344790e-07 2.7114800979e-07 7.1180543811e-07
6.5917968750e+01 9.8267980977e-07 2.7105142281e-07 7.1162838696e-07
6.5979003906e+01 9.7850394805e-07 2.7029215255e-07 7.0821179551e-07
6.6040039062e+01 9.7705041856e-07 2.6956954776e-07 7.0748087080e-07
6.6101074219e+01 9.7032373994e-07 2.6703996002e-07 7.0328377992e-07
6.6162109375e+01 9.6955823174e-07 2.6635315835e-07 7.0320507338e-07
6.6223144531e+01 9.5962138686e-07 2.6421852474e-07 6.9540286212e-07
6.6284179688e+01 9.5276270568e-07 2.6292088634e-07 6.8984181934e-07
6.6345214844e+01 9.5111990043e-07 2.6169752652e-07 6.8942237391e-07
6.6406250000e+01 9.4932922356e-07 2.6050631609e-07 6.8882290747e-07
6.6467285156e+01 9.4285954002e-07 2.5884699352e-07 6.8401254650e-07
6.6528320312e+01 9.3660241797e-07 2.5661142560e-07 6.7999099237e-07
6.6589355469e+01 9.3138543403e-07 2.5550784553e-07 6.7587758850e-07
6.6650390625e+01 9.2596077730e-07 2.5426027725e-07 6.7170050005e-07
6.6711425781e+01 9.1784071777e-07 2.5182588616e-07 6.6601483161e-07
6.6772460938e+01 9.1384933733e-07 2.5090561084e-07 6.6294372649e-07
6.6833496094e+01 9.0945483938e-07 2.5031843877e-07 6.5913640061e-07
6.6894531250e+01 9.0916620953e-07 2.4865048069e-07 6.6051572883e-07
6.6955566406e+01 8.9498589531e-07 2.4513695008e-07 6.4984894523e-07
6.7016601562e+01 8.7323621545e-07 2.4011815939e-07 6.3311805606e-07
6.7077636719e+01 8.6348680290e-07 2.3653144566e-07 6.2695535723e-07
6.7138671875e+01 8.6544947956e-07 2.3735934311e-07 6.2809013645e-07
6.7199707031e+01 8.5418051288e-07 2.3460256885e-07 6.1957794403e-07
6.7260742188e+01 8.4144825908e-07 2.3128045555e-07 6.1016780353e-07
6.7321777344e+01 8.3380162373e-07 2.2964945480e-07 6.0415216893e-07
6.7382812500e+01 8.3072336235e-07 2.2857977555e-07 6.0214358680e-07
6.7443847656e+01 8.2040359038e-07 2.2579859781e-07 5.9460499257e-07
6.7504882812e+01 8.2094881360e-07 2.2574972255e-07 5.9519909105e-07
6.7565917969e+01 8.1703162941e-07 2.2468105931e-07 5.9235057011e-07
6.7626953125e+01 8.1284377287e-07 2.2413932095e-07 5.8870445192e-07
6.7687988281e+01 8.1096562238e-07 2.2326938212e-07 5.8769624027e-07
6.7749023438e+01 7.9405616432e-07 2.1864230089e-07 5.7541386344e-07
6.7810058594e+01 7.8659846955e-07 2.1679495420e-07 5.6980351535e-07
6.7871093750e+01 7.8275427739e-07 2.1507166008e-07 5.6768261732e-07
6.7932128906e+01 7.8098202648e-07 2.1458625879e-07 5.6639576769e-07
6.7993164062e+01 7.7981650245e-07 2.1422709530e-07 5.6558940715e-07
6.8054199219e+01 7.7449306188e-07 2.1201221169e-07 5.6248085019e-07
6.8115234375e+01 7.6061796397e-07 2.0847567362e-07 5.5214229035e-07
6.8176269531e+01 7.5165999480e-07 2.0649534130e-07 5.4516465349e-07
6.8237304688e+01 7.5203016348e-07 2.0641040223e-07 5.4561976125e-07
6.8298339844e+01 7.4615918690e-07 2.0460022918e-07 5.4155895772e-07
6.8359375000e+01 7.4175150540e-07 2.0223869643e-07 5.3951280897e-07
6.8420410156e+01 7.4050508079e-07 2.0174871603e-07 5.3875636477e-07
6.8481445312e+01 7.4320547341e-07 2.0260766110e-07 5.4059781230e-07
6.8542480469e+01 7.4160369283e-07 2.0127979078e-07 5.4032390204e-07
6.8603515625e+01 7.3617021872e-07 1.9981867968e-07 5.3635153904e-07
6.8664550781e+01 7.2980530150e-07 1.9798082249e-07 5.3182447901e-07
6.8725585938e+01 7.2027896345e-07 1.9477096221e-07 5.2550800124e-07
6.8786621094e+01 7.1142265680e-07 1.9290772147e-07 5.1851493533e-07
6.8847656250e+01 7.0953673812e-07 1.9266074829e-07 5.1687598983e-07
6.8908691406e+01 7.0413458338e-07 1.9140530530e-07 5.1272927807e-07
6.8969726562e+01 6.9935886269e-07 1.9038602952e-07 5.0897283317e-07
6.9030761719e+01 6.9022104537e-07 1.8751551333e-07 5.0270553204e-07
6.9091796875e+01 6.8455198694e-07 1.8591726398e-07 4.9863472297e-07
6.9152832031e+01 6.8486840843e-07 1.8576948793e-07 4.9909892049e-07
6.9213867188e+01 6.8121422847e-07 1.8558643009e-07 4.9562779838e-07
6.9274902344e+01 6.6819820851e-07 1.8140734717e-07 4.8679086134e-07
6.9335937500e+01 6.5673560229e-07 1.7838269361e-07 4.7835290868e-07
6.9396972656e+01 6.4960227251e-07 1.7606044607e-07 4.7354182644e-07
6.9458007812e+01 6.4445268413e-07 1.7507628802e-07 4.6937639611e-07
6.9519042969e+01 6.4365474458e-07 1.7506961296e-07 4.6858513162e-07
6.9580078125e+01 6.3924832967e-07 1.7323862843e-07 4.6600970124e-07
6.9641113281e+01 6.3438898464e-07 1.7205672201e-07 4.6233226263e-07
6.9702148438e+01 6.3075084438e-07 1.7119239210e-07 4.5955845227e-07
6.9763183594e+01 6.3336782355e-07 1.7166379324e-07 4.6170403030e-07
6.9824218750e+01 6.2553725568e-07 1.6995076355e-07 4.5558649213e-07
6.9885253906e+01 6.1842325465e-07 1.6810237870e-07 4.5032087594e-07
6.9946289062e+01 6.1821208445e-07 1.6739462169e-07 4.5081746276e-07
7.0007324219e+01 6.1292241574e-07 1.6586918806e-07 4.4705322769e-07
7.0068359375e+01 6.1341724434e-07 1.6608938263e-07 4.4732786171e-07
7.0129394531e+01 6.1106540051e-07 1.6600961084e-07 4.4505578966e-07
7.0190429688e+01 6.0651041201e-07 1.6447923759e-07 4.4203117441e-07
7.0251464844e+01 6.0614741968e-07 1.6418143153e-07 4.4196598814e-07
7.0312500000e+01 6.0082432543e-07 1.6332344487e-07 4.3750088056e-07
7.0373535156e+01 5.9513122854e-07 1.6158602378e-07 4.3354520477e-07
7.0434570312e+01 5.8739639415e-07 1.5904343101e-07 4.2835296314e-07
7.0495605469e+01 5.8218611070e-07 1.5786588192e-07 4.2432022877e-07
7.0556640625e+01 5.7525925431e-07 1.5591455918e-07 4.1934469513e-07
7.0617675781e+01 5.7288920449e-07 1.5514627137e-07 4.1774293312e-07
7.0678710938e+01 5.6766135967e-07 1.5346846941e-07 4.1419289026e-07
7.0739746094e+01 5.6197576227e-07 1.5226945648e-07 4.0970630579e-07
7.0800781250e+01 5.5743970465e-07 1.5081072900e-07 4.0662897565e-07
7.0861816406e+01 5.5357226060e-07 1.4953399499e-07 4.0403826562e-07
7.0922851562e+01 5.5027453260e-07 1.4887637136e-07 4.0139816124e-07
7.0983886719e+01 5.5164935378e-07 1.4938641506e-07 4.0226293872e-07
7.1044921875e+01 5.4293247392e-07 1.4737381718e-07 3.9555865674e-07
7.1105957031e+01 5.3748633819e-07 1.4570384644e-07 3.9178249175e-07
7.1166992188e+01 5.3563493267e-07 1.4506678524e-07 3.9056814743e-07
7.1228027344e+01 5.2477595330e-07 1.4226771528e-07 3.8250823803e-07
7.1289062500e+01 5.2224197273e-07 1.4139266532e-07 3.8084930741e-07
7.1350097656e+01 5.1629377854e-07 1.4012555633e-07 3.7616822221e-07
7.1411132812e+01 5.1639999279e-07 1.4030672458e-07 3.7609326821e-07
7.1472167969e+01 5.1903501216e-07 1.4052375935e-07 3.7851125282e-07
7.1533203125e+01 5.1306063742e-07 1.3878882050e-07 3.7427181692e-07
7.1594238281e+01 5.0841201541e-07 1.3716654211e-07 3.7124547330e-07
7.1655273438e+01 5.0427138100e-07 1.3573753336e-07 3.6853384763e-07
7.1716308594e+01 5.0342980123e-07 1.3554641575e-07 3.6788338548e-07
7.1777343750e+01 5.0081273066e-07 1.3526098642e-07 3.6555174424e-07
7.1838378906e+01 4.9758930131e-07 1.3404639003e-07 3.6354291127e-07
7.1899414062e+01 4.9513095282e-07 1.3267165728e-07 3.6245929554e-07
7.1960449219e+01 4.9730190820e-07 1.3339847376e-07 3.6390343445e-07
7.2021484375e+01 4.9085660912e-07 1.3176514660e-07 3.5909146253e-07
7.2082519531e+01 4.8308204317e-07 1.2982354924e-07 3.5325849393e-07
7.2143554688e+01 4.7902410940e-07 1.2836360685e-07 3.5066050255e-07
7.2204589844e+01 4.7633799080e-07 1.2791808603e-07 3.4841990477e-07
7.2265625000e+01 4.7048041674e-07 1.2636620630e-07 3.4411421043e-07
7.2326660156e+01 4.6323943633e-07 1.2467394273e-07 3.3856549360e-07
7.2387695312e+01 4.6052707795e-07 1.2343003810e-07 3.3709703984e-07
7.2448730469e+01 4.5632845677e-07 1.2199089771e-07 3.3433755906e-07
7.2509765625e+01 4.4579451551e-07 1.1919329895e-07 3.2660121656e-07
7.2570800781e+01 4.4269229519e-07 1.1884992963e-07 3.2384236555e-07
7.2631835938e+01 4.4119141572e-07 1.1875803657e-07 3.2243337915e-07
7.2692871094e+01 4.3720300188e-07 1.1766071988e-07 3.1954228200e-07
7.2753906250e+01 4.3156877361e-07 1.1617132681e-07 3.1539744680e-07
7.2814941406e+01 4.2794340464e-07 1.1512366511e-07 3.1281973953e-07
7.2875976562e+01 4.2584399957e-07 1.1449069662e-07 3.1135330295e-07
7.2937011719e+01 4.2035565986e-07 1.1323026540e-07 3.0712539447e-07
7.2998046875e+01 4.1685553525e-07 1.1229809898e-07 3.0455743628e-07
7.3059082031e+01 4.1411384006e-07 1.1158838419e-07 3.0252545587e-07
7.3120117188e+01 4.0839793651e-07 1.1002031477e-07 2.9837762174e-07
7.3181152344e+01 4.0356095650e-07 1.0884363980e-07 2.9471731669e-07
7.3242187500e+01 4.0218341931e-07 1.0866644935e-07 2.9351696997e-07
7.3303222656e+01 3.9905718561e-07 1.0795608998e-07 2.9110109564e-07
7.3364257812e+01 3.9685808086e-07 1.0738424637e-07 2.8947383449e-07
7.3425292969e+01 3.9138183655e-07 1.0606599856e-07 2.8531583799e-07
7.3486328125e+01 3.8752379937e-07 1.0492140794e-07 2.8260239143e-07
7.3547363281e+01 3.8606148449e-07 1.0485408625e-07 2.8120739825e-07
7.3608398438e+01 3.8471690564e-07 1.0435315521e-07 2.8036375042e-07
7.3669433594e+01 3.8344948967e-07 1.0391607924e-07 2.7953341042e-07
7.3730468750e+01 3.8247672821e-07 1.0367340866e-07 2.7880331955e-07
7.3791503906e+01 3.8068781492e-07 1.0314703224e-07 2.7754078268e-07
7.3852539062e+01 3.7603863041e-07 1.0212209010e-07 2.7391654031e-07
7.3913574219e+01 3.7508077885e-07 1.0194144313e-07 2.7313933571e-07
7.3974609375e+01 3.7339671321e-07 1.0158804240e-07 2.7180867081e-07
7.4035644531e+01 3.7509700785e-07 1.0215067902e-07 2.7294632884e-07
7.4096679688e+01 3.7346918919e-07 1.0132978860e-07 2.7213940059e-07
7.4157714844e+01 3.7002460121e-07 1.0027869171e-07 2.6974590950e-07
7.4218750000e+01 3.6997549415e-07 1.0042745285e-07 2.6954804130e-07
7.4279785156e+01 3.6792727863e-07 9.9706907190e-08 2.6822037144e-07
7.4340820312e+01 3.6529280318e-07 9.8619494060e-08 2.6667330912e-07
7.4401855469e+01 3.6244815049e-07 9.7690277307e-08 2.6475787318e-07
7.4462890625e+01 3.5810555945e-07 9.6297984049e-08 2.6180757540e-07
7.4523925781e+01 3.5141502539e-07 9.4663674257e-08 2.5675135113e-07
7.4584960938e+01 3.4870430433e-07 9.4057304106e-08 2.5464700023e-07
7.4645996094e+01 3.4565547193e-07 9.2994363930e-08 2.5266110800e-07
7.4707031250e+01 3.4036101826e-07 9.1417892471e-08 2.4894312579e-07
7.4768066406e+01 3.3705471709e-07 9.0418639105e-08 2.4663607798e-07
7.4829101562e+01 3.3501309536e-07 9.0011954376e-08 2.4500114099e-07
7.4890136719e+01 3.3224757715e-07 8.9083740125e-08 2.4316383703e-07
7.4951171875e+01 3.3427597308e-07 8.9505477607e-08 2.4477049547e-07
7.5012207031e+01 3.2824691375e-07 8.8191615634e-08 2.4005529812e-07
7.5073242188e+01 3.2543809271e-07 8.7114357223e-08 2.3832373548e-07
7.5134277344e+01 3.2432653000e-07 8.6881063318e-08 2.3744546668e-07
7.5195312500e+01 3.1685569750e-07 8.4983967839e-08 2.3187172966e-07
7.5256347656e+01 3.1401940347e-07 8.3974556477e-08 2.3004484700e-07
7.5317382812e+01 3.1276790504e-07 8.3873360836e-08 2.2889454420e-07
7.5378417969e+01 3.1185756155e-07 8.3626480710e-08 2.2823108084e-07
7.5439453125e+01 3.1247403036e-07 8.3765779017e-08 2.2870825134e-07
7.5500488281e+01 3.1009463803e-07 8.2969190523e-08 2.2712544751e-07
7.5561523438e+01 3.0517819058e-07 8.1475455044e-08 2.2370273554e-07
7.5622558594e+01 3.0298207470e-07 8.1000726200e-08 2.2198134850e-07
7.5683593750e+01 2.9997299557e-07 8.0281295834e-08 2.1969169974e-07
7.5744628906e+01 2.9621714837e-07 7.9167037066e-08 2.1705011130e-07
7.5805664062e+01 2.9521301791e-07 7.8946732307e-08 2.1626628561e-07
7.5866699219e+01 2.9241154336e-07 7.8402986294e-08 2.1400855707e-07
7.5927734375e+01 2.8885392548e-07 7.7517934908e-08 2.1133599057e-07
7.5988769531e+01 2.8648645229e-07 7.6769154922e-08 2.0971729737e-07
7.6049804688e+01 2.8343426160e-07 7.6124370387e-08 2.0730989121e-07
7.6110839844e+01 2.8061490889e-07 7.5420127025e-08 2.0519478187e-07
7.6171875000e+01 2.7827635282e-07 7.4631628178e-08 2.0364472464e-07
7.6232910156e+01 2.7154475106e-07 7.2945897314e-08 1.9859885375e-07
7.6293945312e+01 2.6995781698e-07 7.2536536187e-08 1.9742128079e-07
7.6354980469e+01 2.6747988474e-07 7.1667696825e-08 1.9581218792e-07
7.6416015625e+01 2.6657992882e-07 7.1355346296e-08 1.9522458252e-07
7.6477050781e+01 2.6522885807e-07 7.1086659050e-08 1.9414219902e-07
7.6538085938e+01 2.6289546971e-07 7.0566461937e-08 1.9232900777e-07
7.6599121094e+01 2.6068739168e-07 7.0226687471e-08 1.9046070421e-07
7.6660156250e+01 2.5813731462e-07 6.9289225854e-08 1.8884808877e-07
7.6721191406e+01 2.5843561636e-07 6.9216441258e-08 1.8921917510e-07
7.6782226562e+01 2.5703473103e-07 6.8960507167e-08 1.8807422387e-07
7.6843261719e+01 2.5513493335e-07 6.8320746033e-08 1.8681418732e-07
7.6904296875e+01 2.5067091124e-07 6.7355097896e-08 1.8331581335e-07
7.6965332031e+01 2.4841777288e-07 6.6797833256e-08 1.8161993962e-07
7.7026367188e+01 2.4980334260e-07 6.7006337545e-08 1.8279700505e-07
7.7087402344e+01 2.4771556099e-07 6.6225516504e-08 1.8149004448e-07
7.7148437500e+01 2.4395798943e-07 6.5297344654e-08 1.7866064478e-07
7.7209472656e+01 2.4207133256e-07 6.4985790791e-08 1.7708554177e-07
7.7270507812e+01 2.4287961494e-07 6.5382462518e-08 1.7749715242e-07
7.7331542969e+01 2.4133101731e-07 6.5087391469e-08 1.7624362584e-07
7.7392578125e+01 2.3957542244e-07 6.4740111958e-08 1.7483531048e-07
7.7453613281e+01 2.3753750581e-07 6.4076206731e-08 1.7346129908e-07
7.7514648438e+01 2.3812968395e-07 6.4234415958e-08 1.7389526799e-07
7.7575683594e+01 2.3821717307e-07 6.4209316071e-08 1.7400785699e-07
7.7636718750e+01 2.3579709850e-07 6.3458669387e-08 1.7233842912e-07
7.7697753906e+01 2.3728835366e-07 6.3798961758e-08 1.7348939190e-07
7.7758789062e+01 2.3597724721e-07 6.3492777764e-08 1.7248446945e-07
7.7819824219e+01 2.3234065452e-07 6.2655811500e-08 1.6968484302e-07
7.7880859375e+01 2.3255441340e-07 6.2493477324e-08 1.7006093607e-07
7.7941894531e+01 2.3142503765e-07 6.2080824474e-08 1.6934421318e-07
7.8002929688e+01 2.2816301165e-07 6.1041955030e-08 1.6712105662e-07
7.8063964844e+01 2.2553157499e-07 6.0153593972e-08 1.6537798102e-07
7.8125000000e+01 2.2190709666e-07 5.9281867988e-08 1.6262522867e-07
7.8186035156e+01 2.1891965561e-07 5.8676933359e-08 1.6024272225e-07
7.8247070312e+01 2.1847282737e-07 5.8415608117e-08 1.6005721926e-07
7.8308105469e+01 2.1601107626e-07 5.7609216046e-08 1.5840186022e-07
7.8369140625e+01 2.1437276106e-07 5.7190825071e-08 1.5718193599e-07
7.8430175781e+01 2.1280757353e-07 5.6852560103e-08 1.5595501342e-07
7.8491210938e+01 2.1030802912e-07 5.6114337120e-08 1.5419369200e-07
7.8552246094e+01 2.0942493988e-07 5.5854725128e-08 1.5357021475e-07
7.8613281250e+01 2.0881496907e-07 5.5704988136e-08 1.5310998093e-07
7.8674316406e+01 2.0648754105e-07 5.5030042790e-08 1.5145749826e-07
7.8735351562e+01 2.0757903761e-07 5.5246215923e-08 1.5233282168e-07
7.8796386719e+01 2.0542555971e-07 5.4641023432e-08 1.5078453628e-07
7.8857421875e+01 2.0294660821e-07 5.3921904747e-08 1.4902470347e-07
7.8918457031e+01 2.0153358607e-07 5.3605947439e-08 1.4792763863e-07
7.8979492188e+01 1.9997924170e-07 5.3121418792e-08 1.4685782291e-07
7.9040527344e+01 2.0032472660e-07 5.3100844682e-08 1.4722388192e-07
7.9101562500e+01 2.0083210798e-07 5.3059628908e-08 1.4777247907e-07
7.9162597656e+01 1.9855442172e-07 5.2497968840e-08 1.4605645288e-07
7.9223632812e+01 1.9679372000e-07 5.2086964806e-08 1.4470675519e-07
7.9284667969e+01 1.9352047484e-07 5.1236905985e-08 1.4228356885e-07
7.9345703125e+01 1.9081301073e-07 5.0722269900e-08 1.4009074083e-07
7.9406738281e+01 1.9011222759e-07 5.0538420218e-08 1.3957380737e-07
7.9467773438e+01 1.9218582366e-07 5.1222441921e-08 1.4096338174e-07
7.9528808594e+01 1.9101470828e-07 5.0903477020e-08 1.4011123126e-07
7.9589843750e+01 1.8909127765e-07 5.0157671959e-08 1.3893360570e-07
7.9650878906e+01 1.8494904986e-07 4.9090981761e-08 1.3585806810e-07
7.9711914062e+01 1.8167680935e-07 4.8493258588e-08 1.3318355077e-07
7.9772949219e+01 1.7977627837e-07 4.7927079216e-08 1.3184919916e-07
7.9833984375e+01 1.7768762179e-07 4.7444394346e-08 1.3024322745e-07
7.9895019531e+01 1.7811689867e-07 4.7515334997e-08 1.3060156367e-07
7.9956054688e+01 1.7812702012e-07 4.7720877226e-08 1.3040614290e-07
8.0017089844e+01 1.7483400169e-07 4.7092949702e-08 1.2774105199e-07
8.0078125000e+01 1.7253022747e-07 4.6361389629e-08 1.2616883784e-07
8.0139160156e+01 1.7214077116e-07 4.6238167245e-08 1.2590260391e-07
8.0200195312e+01 1.7190489692e-07 4.5981382108e-08 1.2592351481e-07
8.0261230469e+01 1.7106603210e-07 4.5667504726e-08 1.2539852737e-07
8.0322265625e+01 1.7067701433e-07 4.5666690163e-08 1.2501032417e-07
8.0383300781e+01 1.7001635741e-07 4.5469887347e-08 1.2454647006e-07
8.0444335938e+01 1.6775242630e-07 4.4832285730e-08 1.2292014057e-07
8.0505371094e+01 1.6647303966e-07 4.4648673900e-08 1.2182436576e-07
8.0566406250e+01 1.6555120817e-07 4.4496115846e-08 1.2105509233e-07
8.0627441406e+01 1.6497475094e-07 4.4337030233e-08 1.2063772070e-07
8.0688476562e+01 1.6532184051e-07 4.4413016767e-08 1.2090882375e-07
8.0749511719e+01 1.6394861010e-07 4.3864696219e-08 1.2008391389e-07
8.0810546875e+01 1.6343049636e-07 4.3592242522e-08 1.1983825383e-07
8.0871582031e+01 1.6199363974e-07 4.3270716277e-08 1.1872292346e-07
8.0932617188e+01 1.5971757182e-07 4.2658684527e-08 1.1705888729e-07
8.0993652344e+01 1.5821675305e-07 4.2354470055e-08 1.1586228299e-07
8.1054687500e+01 1.5820573834e-07 4.2253441392e-08 1.1595229695e-07
8.1115722656e+01 1.5668437818e-07 4.1781621467e-08 1.1490275672e-07
8.1176757812e+01 1.5561322507e-07 4.1537534496e-08 1.1407569058e-07
8.1237792969e+01 1.5325971303e-07 4.0886439071e-08 1.1237327396e-07
8.1298828125e+01 1.5130955009e-07 4.0343314902e-08 1.1096623518e-07
8.1359863281e+01 1.5046977900e-07 4.0109973266e-08 1.1035980573e-07
8.1420898438e+01 1.5081901937e-07 4.0306749161e-08 1.1051227021e-07
8.1481933594e+01 1.5019255602e-07 4.0162825381e-08 1.1002973064e-07
8.1542968750e+01 1.4932947661e-07 3.9951379685e-08 1.0937809693e-07
8.1604003906e+01 1.4828057699e-07 3.9666544385e-08 1.0861403260e-07
8.1665039062e+01 1.4679115764e-07 3.9118258747e-08 1.0767289890e-07
8.1726074219e+01 1.4636545677e-07 3.8966690313e-08 1.0739876646e-07
8.1787109375e+01 1.4593002730e-07 3.8790466047e-08 1.0713956125e-07
8.1848144531e+01 1.4298449084e-07 3.7987342739e-08 1.0499714810e-07
8.1909179688e+01 1.4166889564e-07 3.7663939098e-08 1.0400495654e-07
8.1970214844e+01 1.4145847075e-07 3.7476852252e-08 1.0398161850e-07
8.2031250000e+01 1.3954201045e-07 3.6974439140e-08 1.0256757131e-07
8.2092285156e+01 1.3947051566e-07 3.6910939310e-08 1.0255957635e-07
8.2153320312e+01 1.3735404007e-07 3.6418074165e-08 1.0093596591e-07
8.2214355469e+01 1.3590314599e-07 3.6014136304e-08 9.9889009686e-08
8.2275390625e+01 1.3502561707e-07 3.5643336276e-08 9.9382280796e-08
8.2336425781e+01 1.3355752305e-07 3.5332001051e-08 9.8225521995e-08
8.2397460938e+01 1.3304102528e-07 3.5265581890e-08 9.7775443391e-08
8.2458496094e+01 1.3227534984e-07 3.5189818260e-08 9.7085531584e-08
8.2519531250e+01 1.3131640336e-07 3.4870632729e-08 9.6445770633e-08
8.2580566406e+01 1.2986771991e-07 3.4475833327e-08 9.5391886583e-08
8.2641601562e+01 1.2910547303e-07 3.4366447587e-08 9.4739025440e-08
8.2702636719e+01 1.2861036859e-07 3.4211707095e-08 9.4398661495e-08
8.2763671875e+01 1.2925685574e-07 3.4210936633e-08 9.5045919108e-08
8.2824707031e+01 1.2894435057e-07 3.4065746114e-08 9.4878604456e-08
8.2885742188e+01 1.2942474105e-07 3.4222060832e-08 9.5202680221e-08
8.2946777344e+01 1.2951952275e-07 3.4284587080e-08 9.5234935675e-08
8.3007812500e+01 1.2787879922e-07 3.3815888659e-08 9.4062910566e-08
8.3068847656e+01 1.2734332773e-07 3.3599757790e-08 9.3743569936e-08
8.3129882812e+01 1.2782687053e-07 3.3712903993e-08 9.4113966540e-08
8.3190917969e+01 1.2794836889e-07 3.3658912658e-08 9.4289456235e-08
8.3251953125e+01 1.2948057463e-07 3.3939111292e-08 9.5541463340e-08
8.3312988281e+01 1.2876665908e-07 3.3680611511e-08 9.5086047572e-08
8.3374023438e+01 1.2650469626e-07 3.3257823136e-08 9.3246873121e-08
8.3435058594e+01 1.2551416603e-07 3.3122740804e-08 9.2391425223e-08
8.3496093750e+01 1.2524449349e-07 3.3005840249e-08 9.2238653244e-08
8.3557128906e+01 1.2555621913e-07 3.3106152341e-08 9.2450066790e-08
8.3618164062e+01 1.2524000514e-07 3.3070817192e-08 9.2169187952e-08
8.3679199219e+01 1.2284312055e-07 3.2548643977e-08 9.0294476571e-08
8.3740234375e+01 1.2086987526e-07 3.2133393812e-08 8.8736481443e-08
8.3801269531e+01 1.1901200201e-07 3.1722015043e-08 8.7289986971e-08
8.3862304688e+01 1.1670073039e-07 3.1030514132e-08 8.5670216255e-08
8.3923339844e+01 1.1587951640e-07 3.0819798009e-08 8.5059718390e-08
8.3984375000e+01 1.1608302938e-07 3.0815166475e-08 8.5267862901e-08
8.4045410156e+01 1.1456311822e-07 3.0480733678e-08 8.4082384542e-08
8.4106445312e+01 1.1375063923e-07 3.0368851335e-08 8.3381787892e-08
8.4167480469e+01 1.1197431794e-07 3.0007418752e-08 8.1966899184e-08
8.4228515625e+01 1.0944516061e-07 2.9367123063e-08 8.0078037552e-08
8.4289550781e+01 1.0935539654e-07 2.9205788243e-08 8.0149608297e-08
8.4350585938e+01 1.0965905045e-07 2.9254379261e-08 8.0404671189e-08
8.4411621094e+01 1.0899946108e-07 2.9065254693e-08 7.9934206388e-08
8.4472656250e+01 1.0822875613e-07 2.8838746842e-08 7.9390009285e-08
8.4533691406e+01 1.0664273069e-07 2.8487471038e-08 7.8155259652e-08
8.4594726562e+01 1.0562950335e-07 2.8282921670e-08 7.7346581679e-08
8.4655761719e+01 1.0505263612e-07 2.8042711106e-08 7.7009925011e-08
8.4716796875e+01 1.0481295586e-07 2.7915439464e-08 7.6897516395e-08
8.4777832031e+01 1.0507908886e-07 2.8048285059e-08 7.7030803798e-08
8.4838867188e+01 1.0415986112e-07 2.7744639909e-08 7.6415221211e-08
8.4899902344e+01 1.0233630581e-07 2.7241648427e-08 7.5094657381e-08
8.4960937500e+01 1.0033315167e-07 2.6714895155e-08 7.3618256511e-08
8.5021972656e+01 9.8672522680e-08 2.6462128998e-08 7.2210393682e-08
8.5083007812e+01 9.8613075223e-08 2.6357909665e-08 7.2255165558e-08
8.5144042969e+01 9.8779897184e-08 2.6358038926e-08 7.2421858258e-08
8.5205078125e+01 9.7093941435e-08 2.5915708065e-08 7.1178233370e-08
8.5266113281e+01 9.5836109266e-08 2.5503507744e-08 7.0332601523e-08
8.5327148438e+01 9.4382050625e-08 2.5183362126e-08 6.9198688499e-08
8.5388183594e+01 9.3563975050e-08 2.5028875883e-08 6.8535099167e-08
8.5449218750e+01 9.3279449546e-08 2.4915104445e-08 6.8364345101e-08
8.5510253906e+01 9.3525797763e-08 2.4907245671e-08 6.8618552092e-08
8.5571289062e+01 9.3671112300e-08 2.4955037786e-08 6.8716074514e-08
8.5632324219e+01 9.2810018020e-08 2.4718453528e-08 6.8091564492e-08
8.5693359375e+01 9.1467570735e-08 2.4354961276e-08 6.7112609458e-08
8.5754394531e+01 9.0886339403e-08 2.4259974551e-08 6.6626364852e-08
8.5815429688e+01 9.0965267461e-08 2.4302117607e-08 6.6663149854e-08
8.5876464844e+01 9.0246636347e-08 2.4022583369e-08 6.6224052978e-08
8.5937500000e+01 9.1055635964e-08 2.4311843338e-08 6.6743792625e-08
8.5998535156e+01 9.0572465814e-08 2.4260694636e-08 6.6311771178e-08
8.6059570312e+01 8.9730532578e-08 2.3910672391e-08 6.5819860186e-08
8.6120605469e+01 8.8772325775e-08 2.3686130120e-08 6.5086195656e-08
8.6181640625e+01 8.7366375950e-08 2.3433813826e-08 6.3932562124e-08
8.6242675781e+01 8.7118301366e-08 2.3454704654e-08 6.3663596712e-08
8.6303710938e+01 8.7558365916e-08 2.3522427978e-08 6.4035937938e-08
8.6364746094e+01 8.6460265969e-08 2.3270791763e-08 6.3189474206e-08
8.6425781250e+01 8.6152044538e-08 2.3222790067e-08 6.2929254471e-08
8.6486816406e+01 8.5412756578e-08 2.3077272103e-08 6.2335484474e-08
8.6547851562e+01 8.4159847826e-08 2.2668191270e-08 6.1491656556e-08
8.6608886719e+01 8.3283263722e-08 2.2461231119e-08 6.0822032602e-08
8.6669921875e+01 8.3263604392e-08 2.2382219705e-08 6.0881384686e-08
8.6730957031e+01 8.3584624037e-08 2.2373676999e-08 6.1210947038e-08
8.6791992188e+01 8.3611830096e-08 2.2399537002e-08 6.1212293094e-08
8.6853027344e+01 8.1811883038e-08 2.1978035017e-08 5.9833848021e-08
8.6914062500e+01 8.0306243334e-08 2.1574076872e-08 5.8732166462e-08
8.6975097656e+01 8.0039947664e-08 2.1368186857e-08 5.8671760806e-08
8.7036132812e+01 7.9464154496e-08 2.1139155129e-08 5.8324999367e-08
8.7097167969e+01 7.9523886632e-08 2.1058100173e-08 5.8465786459e-08
8.7158203125e+01 7.9093203018e-08 2.0860463164e-08 5.8232739854e-08
8.7219238281e+01 7.7490035912e-08 2.0385028373e-08 5.7105007539e-08
8.7280273438e+01 7.7278881862e-08 2.0332216299e-08 5.6946665563e-08
8.7341308594e+01 7.6331559224e-08 2.0046994011e-08 5.6284565213e-08
8.7402343750e+01 7.5932977044e-08 1.9905703900e-08 5.6027273144e-08
8.7463378906e+01 7.6427063671e-08 2.0081669829e-08 5.6345393842e-08
8.7524414062e+01 7.5984397799e-08 1.9970507476e-08 5.6013890323e-08
8.7585449219e+01 7.4588679811e-08 1.9646154679e-08 5.4942525132e-08
8.7646484375e+01 7.3930812952e-08 1.9479904922e-08 5.4450908030e-08
8.7707519531e+01 7.2547311449e-08 1.9166175959e-08 5.3381135490e-08
8.7768554688e+01 7.2787295890e-08 1.9218254731e-08 5.3569041159e-08
8.7829589844e+01 7.2788303503e-08 1.9174498672e-08 5.3613804832e-08
8.7890625000e+01 7.2606583496e-08 1.9118700641e-08 5.3487882855e-08
8.7951660156e+01 7.3723925399e-08 1.9476943765e-08 5.4246981634e-08
8.8012695312e+01 7.2909277065e-08 1.9316650426e-08 5.3592626639e-08
8.8073730469e+01 7.1537316529e-08 1.8977566446e-08 5.2559750084e-08
8.8134765625e+01 7.2131831473e-08 1.9100190944e-08 5.3031640529e-08
8.8195800781e+01 7.2373448405e-08 1.9191251318e-08 5.3182197087e-08
8.8256835938e+01 7.2375948172e-08 1.9183610313e-08 5.3192337859e-08
8.8317871094e+01 7.2257560780e-08 1.9170510145e-08 5.3087050635e-08
8.8378906250e+01 7.1136210309e-08 1.8843061558e-08 5.2293148751e-08
8.8439941406e+01 7.1497592816e-08 1.8959201422e-08 5.2538391394e-08
8.8500976562e+01 7.1914029908e-08 1.9142599839e-08 5.2771430069e-08
8.8562011719e+01 7.1369836939e-08 1.8988097105e-08 5.2381739834e-08
8.8623046875e+01 7.1436595749e-08 1.8980697260e-08 5.2455898489e-08
8.8684082031e+01 7.2037530485e-08 1.9105932247e-08 5.2931598238e-08
8.8745117188e+01 7.1901556752e-08 1.9104664676e-08 5.2796892075e-08
8.8806152344e+01 7.1691176761e-08 1.9074755989e-08 5.2616420772e-08
8.8867187500e+01 7.1502284768e-08 1.8979770949e-08 5.2522513818e-08
8.8928222656e+01 7.1428699908e-08 1.8981469294e-08 5.2447230614e-08
8.8989257812e+01 7.1292517192e-08 1.8876269976e-08 5.2416247216e-08
8.9050292969e+01 7.0814991142e-08 1.8748076741e-08 5.2066914401e-08
8.9111328125e+01 7.0890944701e-08 1.8834172881e-08 5.2056771820e-08
8.9172363281e+01 7.0524865688e-08 1.8731222428e-08 5.1793643260e-08
8.9233398438e+01 6.9725847972e-08 1.8517052484e-08 5.1208795488e-08
8.9294433594e+01 6.9936970642e-08 1.8548267551e-08 5.1388703091e-08
8.9355468750e+01 6.9867072731e-08 1.8523704787e-08 5.1343367944e-08
8.9416503906e+01 6.8672056439e-08 1.8256793559e-08 5.0415262881e-08
8.9477539062e+01 6.7826269485e-08 1.8011558646e-08 4.9814710839e-08
8.9538574219e+01 6.7021618507e-08 1.7776211469e-08 4.9245407038e-08
8.9599609375e+01 6.6602088314e-08 1.7665349413e-08 4.8936738901e-08
8.9660644531e+01 6.6402353771e-08 1.7690843499e-08 4.8711510272e-08
8.9721679688e+01 6.5813028319e-08 1.7530212552e-08 4.8282815768e-08
8.9782714844e+01 6.5594175852e-08 1.7490268350e-08 4.8103907501e-08
8.9843750000e+01 6.5536964690e-08 1.7460131238e-08 4.8076833452e-08
8.9904785156e+01 6.4833643871e-08 1.7274904431e-08 4.7558739440e-08
8.9965820312e+01 6.3945553417e-08 1.7024320121e-08 4.6921233296e-08
9.0026855469e+01 6.3897399301e-08 1.6994261467e-08 4.6903137834e-08
9.0087890625e+01 6.3598527711e-08 1.6916118441e-08 4.6682409270e-08
9.0148925781e+01 6.3078548976e-08 1.6749401440e-08 4.6329147536e-08
9.0209960938e+01 6.2167470218e-08 1.6521292796e-08 4.5646177422e-08
9.0270996094e+01 6.1484708254e-08 1.6409288763e-08 4.5075419491e-08
9.0332031250e+01 6.0853209662e-08 1.6253551491e-08 4.4599658171e-08
9.0393066406e+01 6.0349136582e-08 1.6107456896e-08 4.4241679686e-08
9.0454101562e+01 6.0416064538e-08 1.6099881782e-08 4.4316182756e-08
9.0515136719e+01 5.9257617417e-08 1.5768044590e-08 4.3489572827e-08
9.0576171875e+01 5.8637410528e-08 1.5598423334e-08 4.3038987194e-08
9.0637207031e+01 5.8171045985e-08 1.5471721483e-08 4.2699324503e-08
9.0698242188e+01 5.6732808550e-08 1.5134111362e-08 4.1598697189e-08
9.0759277344e+01 5.6205503485e-08 1.4970388790e-08 4.1235114694e-08
9.0820312500e+01 5.5901904664e-08 1.4857684469e-08 4.1044220195e-08
9.0881347656e+01 5.5320942420e-08 1.4692790963e-08 4.0628151456e-08
9.0942382812e+01 5.4994488336e-08 1.4638623827e-08 4.0355864509e-08
9.1003417969e+01 5.4602632748e-08 1.4540724893e-08 4.0061907854e-08
9.1064453125e+01 5.3845336041e-08 1.4348024404e-08 3.9497311637e-08
9.1125488281e+01 5.3820127370e-08 1.4337378914e-08 3.9482748457e-08
9.1186523438e+01 5.3414304476e-08 1.4203686131e-08 3.9210618345e-08
9.1247558594e+01 5.2850372207e-08 1.4117470580e-08 3.8732901627e-08
9.1308593750e+01 5.2834444271e-08 1.4113035826e-08 3.8721408446e-08
9.1369628906e+01 5.1993816094e-08 1.3884367862e-08 3.8109448232e-08
9.1430664062e+01 5.1216662252e-08 1.3696131026e-08 3.7520531226e-08
9.1491699219e+01 5.1570274684e-08 1.3803699867e-08 3.7766574817e-08
9.1552734375e+01 5.0825863150e-08 1.3599721819e-08 3.7226141331e-08
9.1613769531e+01 5.0824460176e-08 1.3542833762e-08 3.7281626414e-08
9.1674804688e+01 5.0470005318e-08 1.3441707451e-08 3.7028297867e-08
9.1735839844e+01 4.9161008758e-08 1.3065402975e-08 3.6095605783e-08
9.1796875000e+01 4.8919051142e-08 1.3015082076e-08 3.5903969066e-08
9.1857910156e+01 4.8660238811e-08 1.2956805216e-08 3.5703433595e-08
9.1918945312e+01 4.7838960413e-08 1.2756384709e-08 3.5082575704e-08
9.1979980469e+01 4.7736862722e-08 1.2707951396e-08 3.5028911326e-08
9.2041015625e+01 4.7660489176e-08 1.2655416728e-08 3.5005072448e-08
9.2102050781e+01 4.7124316972e-08 1.2562048616e-08 3.4562268356e-08
9.2163085938e+01 4.7029499815e-08 1.2533403099e-08 3.4496096716e-08
9.2224121094e+01 4.6405666012e-08 1.2370514649e-08 3.4035151364e-08
9.2285156250e+01 4.6075518292e-08 1.2331757546e-08 3.3743760746e-08
9.2346191406e+01 4.6190351885e-08 1.2342870634e-08 3.3847481250e-08
9.2407226562e+01 4.5598039690e-08 1.2150898237e-08 3.3447141453e-08
9.2468261719e+01 4.5573942138e-08 1.2148001521e-08 3.3425940617e-08
9.2529296875e+01 4.5224431221e-08 1.2070607070e-08 3.3153824151e-08
9.2590332031e+01 4.4834862559e-08 1.1954771844e-08 3.2880090715e-08
9.2651367188e+01 4.5152010190e-08 1.1976821101e-08 3.3175189088e-08
9.2712402344e+01 4.5220164275e-08 1.1973383709e-08 3.3246780566e-08
9.2773437500e+01 4.4806981042e-08 1.1905573877e-08 3.2901407165e-08
9.2834472656e+01 4.4950001990e-08 1.1959128429e-08 3.2990873561e-08
9.2895507812e+01 4.4445931750e-08 1.1843239946e-08 3.2602691805e-08
9.2956542969e+01 4.3772659433e-08 1.1676869559e-08 3.2095789874e-08
9.3017578125e+01 4.3251541167e-08 1.1513137487e-08 3.1738403680e-08
9.3078613281e+01 4.3265086293e-08 1.1564077244e-08 3.1701009049e-08
9.3139648438e+01 4.3247838262e-08 1.1592375538e-08 3.1655462724e-08
9.3200683594e+01 4.3108732823e-08 1.1549638893e-08 3.1559093930e-08
9.3261718750e+01 4.2700444788e-08 1.1443806248e-08 3.1256638540e-08
9.3322753906e+01 4.2412296960e-08 1.1341092310e-08 3.1071204650e-08
9.3383789062e+01 4.2313540678e-08 1.1296441729e-08 3.1017098948e-08
9.3444824219e+01 4.2135979314e-08 1.1271731597e-08 3.0864247717e-08
9.3505859375e+01 4.2100185344e-08 1.1262295296e-08 3.0837890048e-08
9.3566894531e+01 4.1787712510e-08 1.1200677299e-08 3.0587035211e-08
9.3627929688e+01 4.1477280901e-08 1.1122167832e-08 3.0355113069e-08
9.3688964844e+01 4.1074525600e-08 1.1002133771e-08 3.0072391829e-08
9.3750000000e+01 4.0641343802e-08 1.0866093209e-08 2.9775250592e-08
9.3811035156e+01 4.0432497760e-08 1.0806100662e-08 2.9626397099e-08
9.3872070312e+01 4.0203664983e-08 1.0775923588e-08 2.9427741395e-08
9.3933105469e+01 4.0033420048e-08 1.0732047033e-08 2.9301373015e-08
9.3994140625e+01 4.0037147056e-08 1.0750974316e-08 2.9286172741e-08
9.4055175781e+01 3.9645323683e-08 1.0643894964e-08 2.9001428719e-08
9.4116210938e+01 3.9395129356e-08 1.0556101716e-08 2.8839027641e-08
9.4177246094e+01 3.9116091148e-08 1.0462244532e-08 2.8653846616e-08
9.4238281250e+01 3.8685211329e-08 1.0343301540e-08 2.8341909789e-08
9.4299316406e+01 3.8196149763e-08 1.0223570356e-08 2.7972579407e-08
9.4360351562e+01 3.7808727124e-08 1.0135227578e-08 2.7673499546e-08
9.4421386719e+01 3.7604148961e-08 1.0079352560e-08 2.7524796401e-08
9.4482421875e+01 3.7747892085e-08 1.0108420258e-08 2.7639471827e-08
9.4543457031e+01 3.7798542367e-08 1.0149231628e-08 2.7649310739e-08
9.4604492188e+01 3.7741694638e-08 1.0149867119e-08 2.7591827519e-08
9.4665527344e+01 3.7480502780e-08 1.0037582519e-08 2.7442920261e-08
9.4726562500e+01 3.6709168976e-08 9.8144351074e-09 2.6894733869e-08
9.4787597656e+01 3.6556330442e-08 9.7963610286e-09 2.6759969414e-08
9.4848632812e+01 3.6443485401e-08 9.7607982034e-09 2.6682687198e-08
9.4909667969e+01 3.6348461009e-08 9.7605806423e-09 2.6587880367e-08
9.4970703125e+01 3.6294240922e-08 9.7193730399e-09 2.6574867882e-08
9.5031738281e+01 3.5837779060e-08 9.5925610060e-09 2.6245218054e-08
9.5092773438e+01 3.5328160762e-08 9.4557297713e-09 2.5872430991e-08
9.5153808594e+01 3.4867506001e-08 9.3168513329e-09 2.5550654668e-08
9.5214843750e+01 3.4461823693e-08 9.2201707216e-09 2.5241652971e-08
9.5275878906e+01 3.4601993351e-08 9.2232597332e-09 2.5378733617e-08
9.5336914062e+01 3.4852539801e-08 9.3141549598e-09 2.5538384841e-08
9.5397949219e+01 3.4426519238e-08 9.1870548242e-09 2.5239464414e-08
9.5458984375e+01 3.3968607874e-08 9.0322311820e-09 2.4936376692e-08
9.5520019531e+01 3.3555291639e-08 8.9164431923e-09 2.4638848447e-08
9.5581054688e+01 3.3091269139e-08 8.7777630573e-09 2.4313506082e-08
9.5642089844e+01 3.3149975032e-08 8.8239809868e-09 2.4325994045e-08
9.5703125000e+01 3.3035597374e-08 8.7835169543e-09 2.4252080420e-08
9.5764160156e+01 3.2827613000e-08 8.7309120390e-09 2.4096700961e-08
9.5825195312e+01 3.2869718607e-08 8.7090722147e-09 2.4160646393e-08
9.5886230469e+01 3.2894182463e-08 8.7074365147e-09 2.4186745948e-08
9.5947265625e+01 3.2715310153e-08 8.6593717754e-09 2.4055938378e-08
9.6008300781e+01 3.2646716231e-08 8.6359667632e-09 2.4010749468e-08
9.6069335938e+01 3.2211545173e-08 8.4963664559e-09 2.3715178717e-08
9.6130371094e+01 3.1994330671e-08 8.4353903019e-09 2.3558940370e-08
9.6191406250e+01 3.2078911655e-08 8.4496497586e-09 2.3629261896e-08
9.6252441406e+01 3.1914672560e-08 8.4222021605e-09 2.3492470400e-08
9.6313476562e+01 3.1919358484e-08 8.4082218652e-09 2.3511136619e-08
9.6374511719e+01 3.1711555876e-08 8.3312661848e-09 2.3380289692e-08
9.6435546875e+01 3.1402668378e-08 8.2000208617e-09 2.3202647516e-08
9.6496582031e+01 3.1461710307e-08 8.2000316504e-09 2.3261678657e-08
9.6557617188e+01 3.1431645420e-08 8.1918327998e-09 2.3239812620e-08
9.6618652344e+01 3.1145383327e-08 8.1430903168e-09 2.3002293010e-08
9.6679687500e+01 3.0992469631e-08 8.1023986857e-09 2.2890070945e-08
9.6740722656e+01 3.0975608773e-08 8.1024712602e-09 2.2873137513e-08
9.6801757812e+01 3.1056667770e-08 8.1252869969e-09 2.2931380773e-08
9.6862792969e+01 3.0909969040e-08 8.0963209598e-09 2.2813648080e-08
9.6923828125e+01 3.0811891839e-08 8.0995215955e-09 2.2712370244e-08
9.6984863281e+01 3.0564054617e-08 8.0553402616e-09 2.2508714356e-08
9.7045898438e+01 3.0226843353e-08 7.9806506592e-09 2.2246192694e-08
9.7106933594e+01 2.9862160560e-08 7.8848138618e-09 2.1977346698e-08
9.7167968750e+01 2.9928831114e-08 7.9086349637e-09 2.2020196150e-08
9.7229003906e+01 2.9889404706e-08 7.9111474399e-09 2.1978257266e-08
9.7290039062e+01 2.9799751347e-08 7.9188482662e-09 2.1880903081e-08
9.7351074219e+01 2.9256614286e-08 7.7765031206e-09 2.1480111166e-08
9.7412109375e+01 2.9034693391e-08 7.7439477096e-09 2.1290745681e-08
9.7473144531e+01 2.8876217176e-08 7.6947888573e-09 2.1181428319e-08
9.7534179688e+01 2.8809827252e-08 7.6847570832e-09 2.1125070169e-08
9.7595214844e+01 2.8799173890e-08 7.6786768596e-09 2.1120497030e-08
9.7656250000e+01 2.8730185121e-08 7.6802688786e-09 2.1049916242e-08
9.7717285156e+01 2.8676953869e-08 7.6761653594e-09 2.1000788509e-08
9.7778320312e+01 2.8386432138e-08 7.6092491806e-09 2.0777182957e-08
9.7839355469e+01 2.8241636718e-08 7.5646188514e-09 2.0677017866e-08
9.7900390625e+01 2.8415486424e-08 7.5978076674e-09 2.0817678757e-08
9.7961425781e+01 2.8529251842e-08 7.6065629491e-09 2.0922688893e-08
9.8022460938e+01 2.8723101741e-08 7.6582787681e-09 2.1064822973e-08
9.8083496094e+01 2.8775085108e-08 7.6478014104e-09 2.1127283698e-08
9.8144531250e+01 2.8797024298e-08 7.6542174079e-09 2.1142806890e-08
9.8205566406e+01 2.8275177827e-08 7.5271462012e-09 2.0748031626e-08
9.8266601562e+01 2.8074516116e-08 7.4941873597e-09 2.0580328757e-08
9.8327636719e+01 2.8155281893e-08 7.5312503150e-09 2.0624031578e-08
9.8388671875e+01 2.8066629340e-08 7.5112247285e-09 2.0555404611e-08
9.8449707031e+01 2.7976137581e-08 7.4672593425e-09 2.0508878238e-08
9.8510742188e+01 2.7946113084e-08 7.4398963726e-09 2.0506216711e-08
9.8571777344e+01 2.7967599447e-08 7.4656972897e-09 2.0501902157e-08
9.8632812500e+01 2.7715870675e-08 7.3976256630e-09 2.0318245012e-08
9.8693847656e+01 2.7426992781e-08 7.3076026165e-09 2.0119390164e-08
9.8754882812e+01 2.7295865808e-08 7.2721846157e-09 2.0023681193e-08
9.8815917969e+01 2.7169283840e-08 7.2450166019e-09 1.9924267239e-08
9.8876953125e+01 2.6960066535e-08 7.2181740432e-09 1.9741892492e-08
9.8937988281e+01 2.6737148142e-08 7.1587856184e-09 1.9578362524e-08
9.8999023438e+01 2.6549570015e-08 7.0801167746e-09 1.9469453240e-08
9.9060058594e+01 2.6433129468e-08 7.0599089801e-09 1.9373220488e-08
9.9121093750e+01 2.6241537486e-08 7.0145187578e-09 1.9227018728e-08
9.9182128906e+01 2.6135279939e-08 6.9734392692e-09 1.9161840670e-08
9.9243164062e+01 2.6024507557e-08 6.9354902384e-09 1.9089017319e-08
9.9304199219e+01 2.5870799069e-08 6.8916921233e-09 1.8979106946e-08
9.9365234375e+01 2.5593087689e-08 6.8240553398e-09 1.8769032349e-08
9.9426269531e+01 2.5293799726e-08 6.7450899821e-09 1.8548709744e-08
9.9487304688e+01 2.5309677713e-08 6.7419247511e-09 1.8567752962e-08
9.9548339844e+01 2.5152505099e-08 6.7029790805e-09 1.8449526019e-08
9.9609375000e+01 2.4899143727e-08 6.6413620843e-09 1.8257781643e-08
9.9670410156e+01 2.4791087342e-08 6.6169712430e-09 1.8174116099e-08
9.9731445312e+01 2.4579406311e-08 6.5398421514e-09 1.8039564160e-08
9.9792480469e+01 2.4466737677e-08 6.5145587331e-09 1.7952178944e-08
9.9853515625e+01 2.4497605416e-08 6.5113022654e-09 1.7986303151e-08
9.9914550781e+01 2.4359987147e-08 6.4781838498e-09 1.7881803297e-08
9.9975585938e+01 2.4281287117e-08 6.4510657654e-09 1.7830221351e-08
1.0003662109e+02 2.3989178339e-08 6.3909474297e-09 1.7598230909e-08
1.0009765625e+02 2.3736157147e-08 6.3299308522e-09 1.7406226294e-08
1.0015869141e+02 2.3553251873e-08 6.2895269358e-09 1.7263724937e-08
1.0021972656e+02 2.3378353631e-08 6.2616508905e-09 1.7116702741e-08
1.0028076172e+02 2.3006111253e-08 6.1679696664e-09 1.6838141587e-08
1.0034179688e+02 2.2793122120e-08 6.1117645404e-09 1.6681357579e-08
1.0040283203e+02 2.2412386729e-08 6.0103443394e-09 1.6402042390e-08
1.0046386719e+02 2.2063769263e-08 5.9250961883e-09 1.6138673075e-08
1.0052490234e+02 2.1871573890e-08 5.8864563432e-09 1.5985117547e-08
1.0058593750e+02 2.1423826587e-08 5.7452733469e-09 1.5678553240e-08
1.0064697266e+02 2.1174918380e-08 5.6841730459e-09 1.5490745334e-08
1.0070800781e+02 2.1013022133e-08 5.6269081273e-09 1.5386114006e-08
1.0076904297e+02 2.0773344074e-08 5.5642113619e-09 1.5209132712e-08
1.0083007812e+02 2.0502974282e-08 5.4870047276e-09 1.5015969555e-08
1.0089111328e+02 2.0248053592e-08 5.4238403136e-09 1.4824213279e-08
1.0095214844e+02 2.0070201757e-08 5.3655228716e-09 1.4704678886e-08
1.0101318359e+02 1.9970897234e-08 5.3392062284e-09 1.4631691006e-08
1.0107421875e+02 1.9905630451e-08 5.3089161249e-09 1.4596714326e-08
1.0113525391e+02 1.9802240747e-08 5.2758983075e-09 1.4526342440e-08
1.0119628906e+02 1.9719171028e-08 5.2344582755e-09 1.4484712752e-08
1.0125732422e+02 1.9648280320e-08 5.2183258600e-09 1.4429954460e-08
1.0131835938e+02 1.9521378741e-08 5.1637922605e-09 1.4357586481e-08
1.0137939453e+02 1.9542994493e-08 5.1647408575e-09 1.4378253635e-08
1.0144042969e+02 1.9482846245e-08 5.1448687683e-09 1.4337977477e-08
1.0150146484e+02 1.9291847524e-08 5.0876194106e-09 1.4204228113e-08
1.0156250000e+02 1.9094300992e-08 5.0489814827e-09 1.4045319509e-08
1.0162353516e+02 1.8945558648e-08 5.0136057754e-09 1.3931952872e-08
1.0168457031e+02 1.8900696251e-08 5.0011850380e-09 1.3899511213e-08
1.0174560547e+02 1.8776115742e-08 4.9431798849e-09 1.3832935857e-08
1.0180664062e+02 1.8678240658e-08 4.9043859751e-09 1.3773854682e-08
1.0186767578e+02 1.8644191521e-08 4.9111155765e-09 1.3733075945e-08
1.0192871094e+02 1.8632478546e-08 4.9176393847e-09 1.3714839162e-08
1.0198974609e+02 1.8407700989e-08 4.8630030262e-09 1.3544697963e-08
1.0205078125e+02 1.8195463856e-08 4.8229161440e-09 1.3372547712e-08
1.0211181641e+02 1.8114655569e-08 4.7965307551e-09 1.3318124814e-08
1.0217285156e+02 1.7955109993e-08 4.7529970678e-09 1.3202112925e-08
1.0223388672e+02 1.7841193925e-08 4.7191726737e-09 1.3122021251e-08
1.0229492188e+02 1.7837246088e-08 4.7126486036e-09 1.3124597484e-08
1.0235595703e+02 1.7680400396e-08 4.6631094973e-09 1.3017290899e-08
1.0241699219e+02 1.7380269550e-08 4.5682074576e-09 1.2812062092e-08
1.0247802734e+02 1.7334359333e-08 4.5798316927e-09 1.2754527640e-08
1.0253906250e+02 1.7307541491e-08 4.5800800593e-09 1.2727461432e-08
1.0260009766e+02 1.7354067361e-08 4.5787085486e-09 1.2775358812e-08
1.0266113281e+02 1.7368437062e-08 4.5920638397e-09 1.2776373222e-08
1.0272216797e+02 1.7140534004e-08 4.5334553507e-09 1.2607078654e-08
1.0278320312e+02 1.6894215934e-08 4.4832090317e-09 1.2411006902e-08
1.0284423828e+02 1.6715000335e-08 4.4410370686e-09 1.2273963266e-08
1.0290527344e+02 1.6554282961e-08 4.4106085750e-09 1.2143674386e-08
1.0296630859e+02 1.6391286373e-08 4.3699137583e-09 1.2021372615e-08
1.0302734375e+02 1.6355420655e-08 4.3595958444e-09 1.1995824811e-08
1.0308837891e+02 1.6405206107e-08 4.3846338916e-09 1.2020572216e-08
1.0314941406e+02 1.6334650989e-08 4.3627696397e-09 1.1971881349e-08
1.0321044922e+02 1.6372150931e-08 4.3789183213e-09 1.1993232610e-08
1.0327148438e+02 1.6292975717e-08 4.3481020250e-09 1.1944873692e-08
1.0333251953e+02 1.6305306076e-08 4.3626291898e-09 1.1942676886e-08
1.0339355469e+02 1.6321278134e-08 4.3822749233e-09 1.1939003211e-08
1.0345458984e+02 1.6286856561e-08 4.3600722954e-09 1.1926784266e-08
1.0351562500e+02 1.6160145077e-08 4.3274236286e-09 1.1832721448e-08
1.0357666016e+02 1.6072836223e-08 4.3062659914e-09 1.1766570232e-08
1.0363769531e+02 1.6102820440e-08 4.3200412127e-09 1.1782779228e-08
1.0369873047e+02 1.6195939782e-08 4.3517834409e-09 1.1844156341e-08
1.0375976562e+02 1.6127149325e-08 4.3344030910e-09 1.1792746234e-08
1.0382080078e+02 1.6137785320e-08 4.3191024169e-09 1.1818682903e-08
1.0388183594e+02 1.6092114723e-08 4.2855985781e-09 1.1806516145e-08
1.0394287109e+02 1.5865164164e-08 4.2330444944e-09 1.1632119670e-08
1.0400390625e+02 1.5771168593e-08 4.2160831937e-09 1.1555085400e-08
1.0406494141e+02 1.5512257870e-08 4.1389122237e-09 1.1373345646e-08
1.0412597656e+02 1.5271490956e-08 4.0770322410e-09 1.1194458715e-08
1.0418701172e+02 1.5124411122e-08 4.0323053234e-09 1.1092105798e-08
1.0424804688e+02 1.4817266416e-08 3.9465090261e-09 1.0870757390e-08
1.0430908203e+02 1.4555167098e-08 3.8737802285e-09 1.0681386870e-08
1.0437011719e+02 1.4362589961e-08 3.8106407732e-09 1.0551949188e-08
1.0443115234e+02 1.4150205245e-08 3.7624883954e-09 1.0387716849e-08
1.0449218750e+02 1.3992995316e-08 3.7234875382e-09 1.0269507778e-08
1.0455322266e+02 1.3968149134e-08 3.7215145020e-09 1.0246634632e-08
1.0461425781e+02 1.3818118101e-08 3.6747958332e-09 1.0143322268e-08
1.0467529297e+02 1.3655360898e-08 3.6284274784e-09 1.0026933419e-08
1.0473632812e+02 1.3472823879e-08 3.5785868619e-09 9.8942370176e-09
1.0479736328e+02 1.3317988898e-08 3.5437161836e-09 9.7742727141e-09
1.0485839844e+02 1.3323865705e-08 3.5601409346e-09 9.7637247702e-09
1.0491943359e+02 1.3224148018e-08 3.5327215101e-09 9.6914265077e-09
1.0498046875e+02 1.3254836769e-08 3.5374159997e-09 9.7174207693e-09
1.0504150391e+02 1.3141793735e-08 3.5105036897e-09 9.6312900450e-09
1.0510253906e+02 1.3042234754e-08 3.4868469836e-09 9.5553877706e-09
1.0516357422e+02 1.2992217834e-08 3.4719420856e-09 9.5202757479e-09
1.0522460938e+02 1.2892032169e-08 3.4361499270e-09 9.4558822422e-09
1.0528564453e+02 1.2772034214e-08 3.3922816761e-09 9.3797525383e-09
1.0534667969e+02 1.2722643599e-08 3.3705322323e-09 9.3521113662e-09
1.0540771484e+02 1.2719851923e-08 3.3647606893e-09 9.3550912334e-09
1.0546875000e+02 1.2632181873e-08 3.3412653587e-09 9.2909165138e-09
1.0552978516e+02 1.2556740646e-08 3.3310164284e-09 9.2257242177e-09
1.0559082031e+02 1.2400536415e-08 3.2876353852e-09 9.1129010299e-09
1.0565185547e+02 1.2319047331e-08 3.2638454277e-09 9.0552019034e-09
1.0571289062e+02 1.2282425074e-08 3.2596007081e-09 9.0228243659e-09
1.0577392578e+02 1.2288972458e-08 3.2642396474e-09 9.0247328102e-09
1.0583496094e+02 1.2235001665e-08 3.2507724163e-09 8.9842292489e-09
1.0589599609e+02 1.2105956066e-08 3.2154112823e-09 8.8905447840e-09
1.0595703125e+02 1.1934323023e-08 3.1692412669e-09 8.7650817557e-09
1.0601806641e+02 1.1848813972e-08 3.1508374287e-09 8.6979765437e-09
1.0607910156e+02 1.1787717566e-08 3.1302614012e-09 8.6574561643e-09
1.0614013672e+02 1.1748385194e-08 3.1377475486e-09 8.6106376452e-09
1.0620117188e+02 1.1639182563e-08 3.1081731447e-09 8.5310094181e-09
1.0626220703e+02 1.1475648039e-08 3.0662340876e-09 8.4094139516e-09
1.0632324219e+02 1.1474781460e-08 3.0738589583e-09 8.4009225016e-09
1.0638427734e+02 1.1414607197e-08 3.0506640741e-09 8.3639431226e-09
1.0644531250e+02 1.1353521988e-08 3.0334732632e-09 8.3200487244e-09
1.0650634766e+02 1.1334212531e-08 3.0395267782e-09 8.2946857525e-09
1.0656738281e+02 1.1253537627e-08 3.0171696084e-09 8.2363680186e-09
1.0662841797e+02 1.1137471564e-08 2.9868391699e-09 8.1506323937e-09
1.0668945312e+02 1.1088063523e-08 2.9893976382e-09 8.0986658848e-09
1.0675048828e+02 1.0982596924e-08 2.9628252797e-09 8.0197716448e-09
1.0681152344e+02 1.0939670211e-08 2.9540978560e-09 7.9855723546e-09
1.0687255859e+02 1.0886686169e-08 2.9412830795e-09 7.9454030895e-09
1.0693359375e+02 1.0718669470e-08 2.8933733573e-09 7.8252961128e-09
1.0699462891e+02 1.0630797016e-08 2.8621598539e-09 7.7686371618e-09
1.0705566406e+02 1.0598335460e-08 2.8547382628e-09 7.7435971972e-09
1.0711669922e+02 1.0430673655e-08 2.8123866866e-09 7.6182869686e-09
1.0717773438e+02 1.0422922559e-08 2.8168045501e-09 7.6061180088e-09
1.0723876953e+02 1.0482140768e-08 2.8333083070e-09 7.6488324610e-09
1.0729980469e+02 1.0336062166e-08 2.7819338162e-09 7.5541283501e-09
1.0736083984e+02 1.0259589596e-08 2.7666825985e-09 7.4929069971e-09
1.0742187500e+02 1.0135910360e-08 2.7352793632e-09 7.4006309971e-09
1.0748291016e+02 1.0022859389e-08 2.6991219176e-09 7.3237374712e-09
1.0754394531e+02 1.0120004472e-08 2.7246235302e-09 7.3953809416e-09
1.0760498047e+02 1.0073977949e-08 2.7003095183e-09 7.3736684309e-09
1.0766601562e+02 1.0061529558e-08 2.6966813114e-09 7.3648482462e-09
1.0772705078e+02 1.0067158768e-08 2.6930403173e-09 7.3741184511e-09
1.0778808594e+02 9.9376206509e-09 2.6535379988e-09 7.2840826521e-09
1.0784912109e+02 9.8388475680e-09 2.6252143936e-09 7.2136331744e-09
1.0791015625e+02 9.8473288890e-09 2.6216588561e-09 7.2256700329e-09
1.0797119141e+02 9.8087412774e-09 2.6103330089e-09 7.1984082685e-09
1.0803222656e+02 9.8303992523e-09 2.6076608437e-09 7.2227384086e-09
1.0809326172e+02 9.7385434312e-09 2.5840213777e-09 7.1545220535e-09
1.0815429688e+02 9.5561352194e-09 2.5413269996e-09 7.0148082198e-09
1.0821533203e+02 9.5477668124e-09 2.5374945553e-09 7.0102722571e-09
1.0827636719e+02 9.4793149719e-09 2.5196083403e-09 6.9597066316e-09
1.0833740234e+02 9.4984242682e-09 2.5309208873e-09 6.9675033809e-09
1.0839843750e+02 9.5148225577e-09 2.5351102250e-09 6.9797123327e-09
1.0845947266e+02 9.3664659016e-09 2.4966321376e-09 6.8698337640e-09
1.0852050781e+02 9.3363706120e-09 2.4914757666e-09 6.8448948454e-09
1.0858154297e+02 9.3209917721e-09 2.4923978070e-09 6.8285939650e-09
1.0864257812e+02 9.2767150166e-09 2.4838294814e-09 6.7928855352e-09
1.0870361328e+02 9.3712605791e-09 2.5154846546e-09 6.8557759245e-09
1.0876464844e+02 9.3613721531e-09 2.5129096966e-09 6.8484624565e-09
1.0882568359e+02 9.3026805680e-09 2.4884150606e-09 6.8142655074e-09
1.0888671875e+02 9.2855282285e-09 2.4831912750e-09 6.8023369535e-09
1.0894775391e+02 9.2416335801e-09 2.4726100460e-09 6.7690235341e-09
1.0900878906e+02 9.2861180165e-09 2.4826926214e-09 6.8034253951e-09
1.0906982422e+02 9.4301192275e-09 2.5073116157e-09 6.9228076118e-09
1.0913085938e+02 9.3959251702e-09 2.4855919261e-09 6.9103332440e-09
1.0919189453e+02 9.4104688252e-09 2.4813456891e-09 6.9291231361e-09
1.0925292969e+02 9.3686969898e-09 2.4652440257e-09 6.9034529641e-09
1.0931396484e+02 9.2477459799e-09 2.4446893722e-09 6.8030566077e-09
1.0937500000e+02 9.1880690622e-09 2.4321558088e-09 6.7559132534e-09
1.0943603516e+02 9.0989310663e-09 2.4010441414e-09 6.6978869249e-09
1.0949707031e+02 9.0567725155e-09 2.3851048366e-09 6.6716676788e-09
1.0955810547e+02 9.0157720444e-09 2.3736940574e-09 6.6420779871e-09
1.0961914062e+02 8.8538569067e-09 2.3412800222e-09 6.5125768845e-09
1.0968017578e+02 8.6690823326e-09 2.3073222384e-09 6.3617600942e-09
1.0974121094e+02 8.5878238567e-09 2.2802838164e-09 6.3075400403e-09
1.0980224609e+02 8.3976733655e-09 2.2299652309e-09 6.1677081346e-09
1.0986328125e+02 8.3374119035e-09 2.2126801607e-09 6.1247317429e-09
1.0992431641e+02 8.2423553016e-09 2.1957019022e-09 6.0466533994e-09
1.0998535156e+02 8.0522315864e-09 2.1464117712e-09 5.9058198151e-09
1.1004638672e+02 7.9711224847e-09 2.1305435918e-09 5.8405788929e-09
1.1010742188e+02 7.8848981589e-09 2.1082266763e-09 5.7766714825e-09
1.1016845703e+02 7.8109642888e-09 2.0912092367e-09 5.7197550522e-09
1.1022949219e+02 7.8132934592e-09 2.0893789160e-09 5.7239145432e-09
1.1029052734e+02 7.7855053602e-09 2.0779072984e-09 5.7075980619e-09
1.1035156250e+02 7.7764536221e-09 2.0807480182e-09 5.6957056039e-09
1.1041259766e+02 7.7651732283e-09 2.0849386423e-09 5.6802345860e-09
1.1047363281e+02 7.6978120450e-09 2.0634272094e-09 5.6343848357e-09
1.1053466797e+02 7.7179632591e-09 2.0684314702e-09 5.6495317890e-09
1.1059570312e+02 7.7677773809e-09 2.0826031005e-09 5.6851742804e-09
1.1065673828e+02 7.7733846902e-09 2.0805107675e-09 5.6928739227e-09
1.1071777344e+02 7.8020729183e-09 2.0875608360e-09 5.7145120823e-09
1.1077880859e+02 7.7670667986e-09 2.0782698218e-09 5.6887969768e-09
1.1083984375e+02 7.7405560721e-09 2.0804645977e-09 5.6600914744e-09
1.1090087891e+02 7.7824774782e-09 2.0927912699e-09 5.6896862083e-09
1.1096191406e+02 7.7404422126e-09 2.0759871105e-09 5.6644551021e-09
1.1102294922e+02 7.8238749541e-09 2.0935940010e-09 5.7302809531e-09
1.1108398438e+02 7.8656820527e-09 2.0924507829e-09 5.7732312698e-09
1.1114501953e+02 7.7988019861e-09 2.0782392645e-09 5.7205627216e-09
1.1120605469e+02 7.8572310281e-09 2.0937019715e-09 5.7635290566e-09
1.1126708984e+02 7.8913782714e-09 2.1042561102e-09 5.7871221611e-09
1.1132812500e+02 7.8960156870e-09 2.1030142621e-09 5.7930014248e-09
1.1138916016e+02 7.9500262797e-09 2.1134587925e-09 5.8365674872e-09
1.1145019531e+02 7.9382124563e-09 2.1091164798e-09 5.8290959765e-09
1.1151123047e+02 7.9168621794e-09 2.1023935495e-09 5.8144686299e-09
1.1157226562e+02 7.9296757044e-09 2.1084542583e-09 5.8212214460e-09
1.1163330078e+02 7.8468385700e-09 2.0870466810e-09 5.7597918890e-09
1.1169433594e+02 7.8680869305e-09 2.0985382734e-09 5.7695486571e-09
1.1175537109e+02 7.9059551002e-09 2.1150411618e-09 5.7909139384e-09
1.1181640625e+02 7.8651635294e-09 2.1010856011e-09 5.7640779283e-09
1.1187744141e+02 7.9063976277e-09 2.1193590029e-09 5.7870386248e-09
1.1193847656e+02 7.8152927031e-09 2.1101394673e-09 5.7051532358e-09
1.1199951172e+02 7.7329150159e-09 2.0984584812e-09 5.6344565347e-09
1.1206054688e+02 7.7349618427e-09 2.1067680656e-09 5.6281937771e-09
1.1212158203e+02 7.6947465917e-09 2.0970722892e-09 5.5976743026e-09
1.1218261719e+02 7.6850081691e-09 2.0989022747e-09 5.5861058944e-09
1.1224365234e+02 7.7026657226e-09 2.1060721888e-09 5.5965935337e-09
1.1230468750e+02 7.6140460718e-09 2.0875335206e-09 5.5265125512e-09
1.1236572266e+02 7.5681733566e-09 2.0784309626e-09 5.4897423940e-09
1.1242675781e+02 7.6010963633e-09 2.0867648590e-09 5.5143315043e-09
1.1248779297e+02 7.5430228330e-09 2.0730680430e-09 5.4699547900e-09
1.1254882812e+02 7.5535121028e-09 2.0693006526e-09 5.4842114502e-09
1.1260986328e+02 7.5216998828e-09 2.0566934532e-09 5.4650064297e-09
1.1267089844e+02 7.4185472190e-09 2.0239614708e-09 5.3945857482e-09
1.1273193359e+02 7.3749696601e-09 2.0068336782e-09 5.3681359819e-09
1.1279296875e+02 7.3276335787e-09 1.9968716538e-09 5.3307619249e-09
1.1285400391e+02 7.2862068198e-09 1.9852393651e-09 5.3009674548e-09
1.1291503906e+02 7.3273748108e-09 1.9811614720e-09 5.3462133389e-09
1.1297607422e+02 7.2818742027e-09 1.9588767073e-09 5.3229974953e-09
1.1303710938e+02 7.2244826703e-09 1.9409278207e-09 5.2835548496e-09
1.1309814453e+02 7.1475442634e-09 1.9201145026e-09 5.2274297608e-09
1.1315917969e+02 6.9847442782e-09 1.8732206288e-09 5.1115236494e-09
1.1322021484e+02 6.9163699400e-09 1.8539054964e-09 5.0624644436e-09
1.1328125000e+02 6.8716126125e-09 1.8423962843e-09 5.0292163282e-09
1.1334228516e+02 6.7820439770e-09 1.8122786050e-09 4.9697653720e-09
1.1340332031e+02 6.6994015933e-09 1.7969066592e-09 4.9024949341e-09
1.1346435547e+02 6.5468692031e-09 1.7520512621e-09 4.7948179411e-09
1.1352539062e+02 6.4582872618e-09 1.7326636310e-09 4.7256236308e-09
1.1358642578e+02 6.4273990194e-09 1.7262913238e-09 4.7011076956e-09
1.1364746094e+02 6.3687677918e-09 1.7083003646e-09 4.6604674272e-09
1.1370849609e+02 6.3573923604e-09 1.7053070068e-09 4.6520853536e-09
1.1376953125e+02 6.3276018566e-09 1.6912495047e-09 4.6363523518e-09
1.1383056641e+02 6.2377309565e-09 1.6636896227e-09 4.5740413338e-09
1.1389160156e+02 6.2001076091e-09 1.6535239973e-09 4.5465836117e-09
1.1395263672e+02 6.1945978421e-09 1.6549582001e-09 4.5396396421e-09
1.1401367188e+02 6.2054952771e-09 1.6561555789e-09 4.5493396981e-09
1.1407470703e+02 6.2433281382e-09 1.6617592927e-09 4.5815688455e-09
1.1413574219e+02 6.2546352749e-09 1.6587579462e-09 4.5958773287e-09
1.1419677734e+02 6.2657480497e-09 1.6565976491e-09 4.6091504006e-09
1.1425781250e+02 6.2708733884e-09 1.6517781785e-09 4.6190952099e-09
1.1431884766e+02 6.2665587450e-09 1.6477492310e-09 4.6188095140e-09
1.1437988281e+02 6.3479666193e-09 1.6680489173e-09 4.6799177020e-09
1.1444091797e+02 6.4040108556e-09 1.6857358938e-09 4.7182749618e-09
1.1450195312e+02 6.3888140916e-09 1.6844342261e-09 4.7043798655e-09
1.1456298828e+02 6.3295709645e-09 1.6675520885e-09 4.6620188760e-09
1.1462402344e+02 6.3224945271e-09 1.6634918514e-09 4.6590026757e-09
1.1468505859e+02 6.3158024926e-09 1.6645842496e-09 4.6512182431e-09
1.1474609375e+02 6.3616090001e-09 1.6814896942e-09 4.6801193059e-09
1.1480712891e+02 6.3843364221e-09 1.6919139175e-09 4.6924225047e-09
1.1486816406e+02 6.3637208712e-09 1.6876132469e-09 4.6761076243e-09
1.1492919922e+02 6.3311447666e-09 1.6843604914e-09 4.6467842752e-09
1.1499023438e+02 6.2292744765e-09 1.6597433675e-09 4.5695311090e-09
1.1505126953e+02 6.2016547777e-09 1.6614709985e-09 4.5401837792e-09
1.1511230469e+02 6.2003165553e-09 1.6699647348e-09 4.5303518205e-09
1.1517333984e+02 6.1771351808e-09 1.6616718576e-09 4.5154633232e-09
1.1523437500e+02 6.1473658268e-09 1.6584768036e-09 4.4888890231e-09
1.1529541016e+02 6.0909389134e-09 1.6501690433e-09 4.4407698701e-09
1.1535644531e+02 6.0375016254e-09 1.6398111299e-09 4.3976904955e-09
1.1541748047e+02 5.9587524366e-09 1.6215197246e-09 4.3372327120e-09
1.1547851562e+02 5.8986665510e-09 1.6089699352e-09 4.2896966158e-09
1.1553955078e+02 5.8996436076e-09 1.6166663467e-09 4.2829772610e-09
1.1560058594e+02 5.8956556332e-09 1.6142315792e-09 4.2814240539e-09
1.1566162109e+02 5.8584720415e-09 1.6032378542e-09 4.2552341872e-09
1.1572265625e+02 5.8021178374e-09 1.5876511402e-09 4.2144666972e-09
1.1578369141e+02 5.7384402151e-09 1.5640013321e-09 4.1744388830e-09
1.1584472656e+02 5.7297044314e-09 1.5603050361e-09 4.1693993953e-09
1.1590576172e+02 5.7331627272e-09 1.5604416104e-09 4.1727211168e-09
1.1596679688e+02 5.7124587967e-09 1.5516169585e-09 4.1608418383e-09
1.1602783203e+02 5.6796416015e-09 1.5392615050e-09 4.1403800965e-09
1.1608886719e+02 5.6366513650e-09 1.5216055573e-09 4.1150458077e-09
1.1614990234e+02 5.5896330782e-09 1.5028461283e-09 4.0867869499e-09
1.1621093750e+02 5.5918240635e-09 1.4975567892e-09 4.0942672743e-09
1.1627197266e+02 5.5643625896e-09 1.4843930080e-09 4.0799695817e-09
1.1633300781e+02 5.5527218899e-09 1.4726342996e-09 4.0800875903e-09
1.1639404297e+02 5.5315616533e-09 1.4653411746e-09 4.0662204786e-09
1.1645507812e+02 5.4650990973e-09 1.4441167540e-09 4.0209823433e-09
1.1651611328e+02 5.4213828493e-09 1.4314414561e-09 3.9899413932e-09
1.1657714844e+02 5.3758281067e-09 1.4141274139e-09 3.9617006928e-09
1.1663818359e+02 5.3115963797e-09 1.3939640023e-09 3.9176323774e-09
1.1669921875e+02 5.2582964398e-09 1.3838306749e-09 3.8744657649e-09
1.1676025391e+02 5.2061757421e-09 1.3767521229e-09 3.8294236192e-09
1.1682128906e+02 5.1277022367e-09 1.3545524951e-09 3.7731497416e-09
1.1688232422e+02 5.0752550161e-09 1.3414879503e-09 3.7337670658e-09
1.1694335938e+02 5.0392852390e-09 1.3334728826e-09 3.7058123564e-09
1.1700439453e+02 5.0040309559e-09 1.3244460370e-09 3.6795849190e-09
1.1706542969e+02 4.9845732652e-09 1.3201433566e-09 3.6644299086e-09
1.1712646484e+02 4.9312453485e-09 1.3092808349e-09 3.6219645136e-09
1.1718750000e+02 4.8761128911e-09 1.2976923793e-09 3.5784205118e-09
1.1724853516e+02 4.8210877646e-09 1.2873229530e-09 3.5337648116e-09
1.1730957031e+02 4.7707752048e-09 1.2782401031e-09 3.4925351017e-09
1.1737060547e+02 4.7301867038e-09 1.2707555106e-09 3.4594311933e-09
1.1743164062e+02 4.7189798092e-09 1.2660345147e-09 3.4529452945e-09
1.1749267578e+02 4.6710085169e-09 1.2542564716e-09 3.4167520454e-09
1.1755371094e+02 4.6325537570e-09 1.2438283760e-09 3.3887253810e-09
1.1761474609e+02 4.5708125510e-09 1.2270334970e-09 3.3437790541e-09
1.1767578125e+02 4.5320773922e-09 1.2165625623e-09 3.3155148299e-09
1.1773681641e+02 4.5226889416e-09 1.2130433801e-09 3.3096455616e-09
1.1779785156e+02 4.5029288464e-09 1.2081358852e-09 3.2947929612e-09
1.1785888672e+02 4.4715574352e-09 1.2024258056e-09 3.2691316295e-09
1.1791992188e+02 4.4366280849e-09 1.1939549015e-09 3.2426731834e-09
1.1798095703e+02 4.3584743450e-09 1.1727885328e-09 3.1856858122e-09
1.1804199219e+02 4.2961543915e-09 1.1530689026e-09 3.1430854888e-09
1.1810302734e+02 4.2618726431e-09 1.1408846795e-09 3.1209879636e-09
1.1816406250e+02 4.2720575034e-09 1.1422071703e-09 3.1298503330e-09
1.1822509766e+02 4.2612543297e-09 1.1408557699e-09 3.1203985598e-09
1.1828613281e+02 4.2163602382e-09 1.1336935974e-09 3.0826666408e-09
1.1834716797e+02 4.1562790164e-09 1.1162016492e-09 3.0400773672e-09
1.1840820312e+02 4.1376965849e-09 1.1113825327e-09 3.0263140522e-09
1.1846923828e+02 4.1036235723e-09 1.1016515131e-09 3.0019720592e-09
1.1853027344e+02 4.0471630048e-09 1.0862403857e-09 2.9609226191e-09
1.1859130859e+02 4.0285219090e-09 1.0796138405e-09 2.9489080685e-09
1.1865234375e+02 3.9879590104e-09 1.0719382515e-09 2.9160207589e-09
1.1871337891e+02 3.9372627818e-09 1.0618483875e-09 2.8754143943e-09
1.1877441406e+02 3.8613774031e-09 1.0436647583e-09 2.8177126448e-09
1.1883544922e+02 3.8241977698e-09 1.0324760291e-09 2.7917217408e-09
1.1889648438e+02 3.8169958135e-09 1.0301819031e-09 2.7868139104e-09
1.1895751953e+02 3.8044483080e-09 1.0247571943e-09 2.7796911138e-09
1.1901855469e+02 3.7806992306e-09 1.0199334436e-09 2.7607657870e-09
1.1907958984e+02 3.7400015281e-09 1.0087371342e-09 2.7312643939e-09
1.1914062500e+02 3.6869579653e-09 9.9481013156e-10 2.6921478338e-09
1.1920166016e+02 3.6267013779e-09 9.8136890688e-10 2.6453324710e-09
1.1926269531e+02 3.6137370426e-09 9.7967538847e-10 2.6340616541e-09
1.1932373047e+02 3.6151391555e-09 9.8247432916e-10 2.6326648264e-09
1.1938476562e+02 3.6062369398e-09 9.8026687276e-10 2.6259700670e-09
1.1944580078e+02 3.5537584727e-09 9.6525309291e-10 2.5885053798e-09
1.1950683594e+02 3.5229823141e-09 9.5857085787e-10 2.5644114562e-09
1.1956787109e+02 3.5261460263e-09 9.5779666921e-10 2.5683493571e-09
1.1962890625e+02 3.5254912170e-09 9.5804800432e-10 2.5674432127e-09
1.1968994141e+02 3.5459699350e-09 9.6279089982e-10 2.5831790351e-09
1.1975097656e+02 3.5173202597e-09 9.5366591550e-10 2.5636543442e-09
1.1981201172e+02 3.4967094803e-09 9.4852618451e-10 2.5481832958e-09
1.1987304688e+02 3.4578332310e-09 9.3789846544e-10 2.5199347656e-09
1.1993408203e+02 3.4192921022e-09 9.2853427209e-10 2.4907578301e-09
1.1999511719e+02 3.4388708701e-09 9.3263238199e-10 2.5062384881e-09
1.2005615234e+02 3.4677573743e-09 9.3738207986e-10 2.5303752944e-09
1.2011718750e+02 3.4593736351e-09 9.3234107065e-10 2.5270325645e-09
1.2017822266e+02 3.4424779930e-09 9.2586021269e-10 2.5166177803e-09
1.2023925781e+02 3.4253971738e-09 9.1844119528e-10 2.5069559785e-09
1.2030029297e+02 3.3757000117e-09 9.0683825755e-10 2.4688617542e-09
1.2036132812e+02 3.3817627585e-09 9.0760144508e-10 2.4741613134e-09
1.2042236328e+02 3.4037353123e-09 9.1382868319e-10 2.4899066291e-09
1.2048339844e+02 3.4043697916e-09 9.1344729423e-10 2.4909224973e-09
1.2054443359e+02 3.4056815937e-09 9.1425699639e-10 2.4914245973e-09
1.2060546875e+02 3.3538122267e-09 9.0003431243e-10 2.4537779143e-09
1.2066650391e+02 3.3191088881e-09 8.8943159076e-10 2.4296772973e-09
1.2072753906e+02 3.3023198237e-09 8.8828888079e-10 2.4140309429e-09
1.2078857422e+02 3.2756468024e-09 8.8036819285e-10 2.3952786096e-09
1.2084960938e+02 3.2782416043e-09 8.8335309030e-10 2.3948885140e-09
1.2091064453e+02 3.2811188055e-09 8.8540861153e-10 2.3957101939e-09
1.2097167969e+02 3.2502468203e-09 8.7577482573e-10 2.3744719946e-09
1.2103271484e+02 3.2201836717e-09 8.6756837585e-10 2.3526152958e-09
1.2109375000e+02 3.1769175987e-09 8.5605326157e-10 2.3208643371e-09
1.2115478516e+02 3.1470527880e-09 8.4706726107e-10 2.2999855269e-09
1.2121582031e+02 3.1417188047e-09 8.4468124036e-10 2.2970375643e-09
1.2127685547e+02 3.1233310359e-09 8.4107285945e-10 2.2822581764e-09
1.2133789062e+02 3.0969562060e-09 8.3437087481e-10 2.2625853311e-09
1.2139892578e+02 3.0935838093e-09 8.3431620609e-10 2.2592676032e-09
1.2145996094e+02 3.0624244055e-09 8.2571743832e-10 2.2367069671e-09
1.2152099609e+02 3.0594392477e-09 8.2430923233e-10 2.2351300153e-09
1.2158203125e+02 3.0643501799e-09 8.2505207966e-10 2.2392981002e-09
1.2164306641e+02 3.0663440030e-09 8.2589226022e-10 2.2404517428e-09
1.2170410156e+02 3.0639367336e-09 8.2310295631e-10 2.2408337773e-09
1.2176513672e+02 3.0588750828e-09 8.2033107223e-10 2.2385440106e-09
1.2182617188e+02 3.0432544434e-09 8.1614854516e-10 2.2271058982e-09
1.2188720703e+02 3.0528997302e-09 8.1871992195e-10 2.2341798082e-09
1.2194824219e+02 3.0281491041e-09 8.1234107622e-10 2.2158080278e-09
1.2200927734e+02 3.0184471245e-09 8.0795915261e-10 2.2104879719e-09
1.2207031250e+02 3.0251059101e-09 8.1035038015e-10 2.2147555300e-09
1.2213134766e+02 3.0320932735e-09 8.1315169892e-10 2.2189415745e-09
1.2219238281e+02 3.0377823365e-09 8.1447868777e-10 2.2233036487e-09
1.2225341797e+02 3.0585515043e-09 8.1891149677e-10 2.2396400076e-09
1.2231445312e+02 3.0543618876e-09 8.1885349614e-10 2.2355083914e-09
1.2237548828e+02 3.0521318894e-09 8.1809564737e-10 2.2340362420e-09
1.2243652344e+02 3.0356445525e-09 8.1428845754e-10 2.2213560949e-09
1.2249755859e+02 3.0210294839e-09 8.1167263049e-10 2.2093568534e-09
1.2255859375e+02 3.0285905819e-09 8.1429218398e-10 2.2142983980e-09
1.2261962891e+02 3.0340758089e-09 8.1717308513e-10 2.2169027238e-09
1.2268066406e+02 3.0308700094e-09 8.1688399683e-10 2.2139860126e-09
1.2274169922e+02 3.0576531935e-09 8.2319685339e-10 2.2344563401e-09
1.2280273438e+02 3.0353744216e-09 8.1682440450e-10 2.2185500171e-09
1.2286376953e+02 3.0301445589e-09 8.1659829030e-10 2.2135462686e-09
1.2292480469e+02 3.0096632048e-09 8.1085657590e-10 2.1988066289e-09
1.2298583984e+02 2.9993900787e-09 8.0584568085e-10 2.1935443978e-09
1.2304687500e+02 3.0124423169e-09 8.0781582724e-10 2.2046264897e-09
1.2310791016e+02 3.0107916049e-09 8.0322770606e-10 2.2075638988e-09
1.2316894531e+02 2.9951887848e-09 8.0216136462e-10 2.1930274202e-09
1.2322998047e+02 2.9794452915e-09 8.0142121430e-10 2.1780240772e-09
1.2329101562e+02 2.9341542878e-09 7.9080244865e-10 2.1433518391e-09
1.2335205078e+02 2.9061122124e-09 7.8042639577e-10 2.1256858167e-09
1.2341308594e+02 2.9187835727e-09 7.8200932741e-10 2.1367742453e-09
1.2347412109e+02 2.9317564079e-09 7.8508775204e-10 2.1466686559e-09
1.2353515625e+02 2.9280018336e-09 7.8197308267e-10 2.1460287509e-09
1.2359619141e+02 2.9236344284e-09 7.8266926933e-10 2.1409651591e-09
1.2365722656e+02 2.9112714311e-09 7.8034201935e-10 2.1309294117e-09
1.2371826172e+02 2.9035132315e-09 7.7704010694e-10 2.1264731246e-09
1.2377929688e+02 2.8907276084e-09 7.7446446208e-10 2.1162631464e-09
1.2384033203e+02 2.8892771110e-09 7.7421315326e-10 2.1150639577e-09
1.2390136719e+02 2.9067210726e-09 7.7951464275e-10 2.1272064299e-09
1.2396240234e+02 2.8888963648e-09 7.7621114941e-10 2.1126852154e-09
1.2402343750e+02 2.8722648803e-09 7.7268795496e-10 2.0995769253e-09
1.2408447266e+02 2.8646441545e-09 7.7294885576e-10 2.0916952987e-09
1.2414550781e+02 2.8719606532e-09 7.7658269599e-10 2.0953779572e-09
1.2420654297e+02 2.8943197857e-09 7.8257740976e-10 2.1117423759e-09
1.2426757812e+02 2.8866962258e-09 7.8089958837e-10 2.1057966374e-09
1.2432861328e+02 2.8675617368e-09 7.7600118990e-10 2.0915605469e-09
1.2438964844e+02 2.8444894752e-09 7.7365311396e-10 2.0708363612e-09
1.2445068359e+02 2.8301031413e-09 7.7122809840e-10 2.0588750429e-09
1.2451171875e+02 2.8156213028e-09 7.6808607142e-10 2.0475352314e-09
1.2457275391e+02 2.8203596448e-09 7.6921895279e-10 2.0511406920e-09
1.2463378906e+02 2.7971664673e-09 7.6233738756e-10 2.0348290797e-09
1.2469482422e+02 2.7791463594e-09 7.5823525143e-10 2.0209111080e-09
1.2475585938e+02 2.7532749788e-09 7.5208377847e-10 2.0011912004e-09
1.2481689453e+02 2.7322147763e-09 7.4674511874e-10 1.9854696576e-09
1.2487792969e+02 2.7284913053e-09 7.4281503566e-10 1.9856762697e-09
1.2493896484e+02 2.7392999365e-09 7.4185912113e-10 1.9974408154e-09
1.2500000000e+02 2.7444875392e-09 7.4208882354e-10 2.0023987157e-09
1.2506103516e+02 2.7385984186e-09 7.3891537695e-10 1.9996830417e-09
1.2512207031e+02 2.7182665048e-09 7.3170838574e-10 1.9865581190e-09
1.2518310547e+02 2.6893351730e-09 7.2220152356e-10 1.9671336494e-09
1.2524414062e+02 2.6870796987e-09 7.1964451056e-10 1.9674351882e-09
1.2530517578e+02 2.6962977710e-09 7.1800127232e-10 1.9782964987e-09
1.2536621094e+02 2.7038155018e-09 7.1735394761e-10 1.9864615542e-09
1.2542724609e+02 2.7033620263e-09 7.1489551277e-10 1.9884665136e-09
1.2548828125e+02 2.6802071926e-09 7.0831269356e-10 1.9718944991e-09
1.2554931641e+02 2.6531544656e-09 6.9986906233e-10 1.9532854033e-09
1.2561035156e+02 2.6389964211e-09 6.9680936543e-10 1.9421870556e-09
1.2567138672e+02 2.6403471673e-09 6.9488154724e-10 1.9454656201e-09
1.2573242188e+02 2.6433280414e-09 6.9434596100e-10 1.9489820804e-09
1.2579345703e+02 2.6209058267e-09 6.8782766102e-10 1.9330781657e-09
1.2585449219e+02 2.5989199386e-09 6.8457861520e-10 1.9143413234e-09
1.2591552734e+02 2.5678675084e-09 6.7975286520e-10 1.8881146432e-09
1.2597656250e+02 2.5269560950e-09 6.7068348989e-10 1.8562726051e-09
1.2603759766e+02 2.4908041865e-09 6.6339112896e-10 1.8274130575e-09
1.2609863281e+02 2.4668489309e-09 6.5818378245e-10 1.8086651484e-09
1.2615966797e+02 2.4587940015e-09 6.5715750901e-10 1.8016364925e-09
1.2622070312e+02 2.4455293302e-09 6.5438285084e-10 1.7911464793e-09
1.2628173828e+02 2.4403588622e-09 6.5561740717e-10 1.7847414551e-09
1.2634277344e+02 2.4119105247e-09 6.4887245092e-10 1.7630380738e-09
1.2640380859e+02 2.3901282969e-09 6.4134370200e-10 1.7487845949e-09
1.2646484375e+02 2.3595990864e-09 6.3430613423e-10 1.7252929521e-09
1.2652587891e+02 2.3499673298e-09 6.3206516206e-10 1.7179021678e-09
1.2658691406e+02 2.3342587404e-09 6.2668685447e-10 1.7075718859e-09
1.2664794922e+02 2.2988048131e-09 6.1728112099e-10 1.6815236921e-09
1.2670898438e+02 2.2890058025e-09 6.1375439099e-10 1.6752514115e-09
1.2677001953e+02 2.2879265079e-09 6.1431687427e-10 1.6736096337e-09
1.2683105469e+02 2.2684375194e-09 6.0890788240e-10 1.6595296370e-09
1.2689208984e+02 2.2788839882e-09 6.0944218481e-10 1.6694418034e-09
1.2695312500e+02 2.2873337228e-09 6.0980242681e-10 1.6775312960e-09
1.2701416016e+02 2.2681233713e-09 6.0413943498e-10 1.6639839363e-09
1.2707519531e+02 2.2554594617e-09 6.0074076127e-10 1.6547187005e-09
1.2713623047e+02 2.2296058811e-09 5.9285792991e-10 1.6367479512e-09
1.2719726562e+02 2.2080028695e-09 5.8775060140e-10 1.6202522681e-09
1.2725830078e+02 2.1962419597e-09 5.8462590444e-10 1.6116160552e-09
1.2731933594e+02 2.1670603776e-09 5.7706352296e-10 1.5899968547e-09
1.2738037109e+02 2.1515978418e-09 5.7287935165e-10 1.5787184902e-09
1.2744140625e+02 2.1293338619e-09 5.6709193186e-10 1.5622419300e-09
1.2750244141e+02 2.0996788190e-09 5.5938274379e-10 1.5402960752e-09
1.2756347656e+02 2.0821418864e-09 5.5566489067e-10 1.5264769957e-09
1.2762451172e+02 2.0725622869e-09 5.5406761966e-10 1.5184946673e-09
1.2768554688e+02 2.0442872591e-09 5.4902351137e-10 1.4952637477e-09
1.2774658203e+02 2.0064211782e-09 5.3976837672e-10 1.4666528015e-09
1.2780761719e+02 1.9736504866e-09 5.3222027586e-10 1.4414302107e-09
1.2786865234e+02 1.9414374322e-09 5.2347864831e-10 1.4179587839e-09
1.2792968750e+02 1.9234318336e-09 5.1844397401e-10 1.4049878596e-09
1.2799072266e+02 1.8928452370e-09 5.1006274363e-10 1.3827824934e-09
1.2805175781e+02 1.8727032717e-09 5.0456159526e-10 1.3681416764e-09
1.2811279297e+02 1.8627552728e-09 5.0190263147e-10 1.3608526413e-09
1.2817382812e+02 1.8381918076e-09 4.9479922878e-10 1.3433925788e-09
1.2823486328e+02 1.8213889669e-09 4.9014072971e-10 1.3312482372e-09
1.2829589844e+02 1.7986867511e-09 4.8361780037e-10 1.3150689508e-09
1.2835693359e+02 1.7749547141e-09 4.7495711367e-10 1.2999976004e-09
1.2841796875e+02 1.7569916267e-09 4.6962487565e-10 1.2873667510e-09
1.2847900391e+02 1.7351122734e-09 4.6341068046e-10 1.2717015929e-09
1.2854003906e+02 1.7121178637e-09 4.5611857716e-10 1.2559992866e-09
1.2860107422e+02 1.6982307289e-09 4.5186799156e-10 1.2463627374e-09
1.2866210938e+02 1.6828259898e-09 4.4718097959e-10 1.2356450102e-09
1.2872314453e+02 1.6624808246e-09 4.4253574912e-10 1.2199450755e-09
1.2878417969e+02 1.6582233557e-09 4.4172154498e-10 1.2165018108e-09
1.2884521484e+02 1.6301712412e-09 4.3488295167e-10 1.1952882896e-09
1.2890625000e+02 1.6121550301e-09 4.2887264347e-10 1.1832823867e-09
1.2896728516e+02 1.6065376078e-09 4.2693341550e-10 1.1796041923e-09
1.2902832031e+02 1.5934723466e-09 4.2258763712e-10 1.1708847095e-09
1.2908935547e+02 1.5843952029e-09 4.2163529920e-10 1.1627599037e-09
1.2915039062e+02 1.5763518851e-09 4.2051656075e-10 1.1558353243e-09
1.2921142578e+02 1.5621711602e-09 4.1798165655e-10 1.1441895036e-09
1.2927246094e+02 1.5458128282e-09 4.1400171058e-10 1.1318111176e-09
1.2933349609e+02 1.5402739979e-09 4.1319583020e-10 1.1270781677e-09
1.2939453125e+02 1.5388525010e-09 4.1260908335e-10 1.1262434176e-09
1.2945556641e+02 1.5540773625e-09 4.1712764309e-10 1.1369497194e-09
1.2951660156e+02 1.5471663021e-09 4.1583212564e-10 1.1313341765e-09
1.2957763672e+02 1.5443783373e-09 4.1589037744e-10 1.1284879599e-09
1.2963867188e+02 1.5403095126e-09 4.1574492708e-10 1.1245645856e-09
1.2969970703e+02 1.5248895217e-09 4.1294020290e-10 1.1119493188e-09
1.2976074219e+02 1.5225611922e-09 4.1100794659e-10 1.1115532456e-09
1.2982177734e+02 1.5222163102e-09 4.1209630937e-10 1.1101200009e-09
1.2988281250e+02 1.5093514568e-09 4.0925504076e-10 1.1000964160e-09
1.2994384766e+02 1.5013276598e-09 4.0681443285e-10 1.0945132270e-09
1.3000488281e+02 1.4889489896e-09 4.0503941818e-10 1.0839095714e-09
1.3006591797e+02 1.4720412783e-09 3.9967982753e-10 1.0723614507e-09
1.3012695312e+02 1.4687889212e-09 3.9719587637e-10 1.0715930449e-09
1.3018798828e+02 1.4610594225e-09 3.9557841450e-10 1.0654810080e-09
1.3024902344e+02 1.4503430683e-09 3.9264613612e-10 1.0576969322e-09
1.3031005859e+02 1.4411204151e-09 3.9017097958e-10 1.0509494355e-09
1.3037109375e+02 1.4238974595e-09 3.8470750542e-10 1.0391899541e-09
1.3043212891e+02 1.4110611740e-09 3.8049556463e-10 1.0305656094e-09
1.3049316406e+02 1.4028942155e-09 3.7719294742e-10 1.0257012680e-09
1.3055419922e+02 1.3843908635e-09 3.7156881710e-10 1.0128220464e-09
1.3061523438e+02 1.3786366684e-09 3.7077440661e-10 1.0078622618e-09
1.3067626953e+02 1.3692910868e-09 3.6762721379e-10 1.0016638730e-09
1.3073730469e+02 1.3652425742e-09 3.6676506228e-10 9.9847751191e-10
1.3079833984e+02 1.3517962949e-09 3.6211142657e-10 9.8968486830e-10
1.3085937500e+02 1.3366584666e-09 3.5637418048e-10 9.8028428615e-10
1.3092041016e+02 1.3304406309e-09 3.5391846939e-10 9.7652216151e-10
1.3098144531e+02 1.3199572611e-09 3.5042240642e-10 9.6953485473e-10
1.3104248047e+02 1.3059061295e-09 3.4824039729e-10 9.5766573216e-10
1.3110351562e+02 1.2877926526e-09 3.4369459594e-10 9.4409805664e-10
1.3116455078e+02 1.2593046509e-09 3.3694570414e-10 9.2235894676e-10
1.3122558594e+02 1.2343239300e-09 3.2909874759e-10 9.0522518239e-10
1.3128662109e+02 1.2182336041e-09 3.2477171081e-10 8.9346189325e-10
1.3134765625e+02 1.2017804744e-09 3.2090747444e-10 8.8087299993e-10
1.3140869141e+02 1.1904719016e-09 3.1884726378e-10 8.7162463782e-10
1.3146972656e+02 1.1746562907e-09 3.1431861216e-10 8.6033767859e-10
1.3153076172e+02 1.1417340820e-09 3.0630490910e-10 8.3542917288e-10
1.3159179688e+02 1.1302744572e-09 3.0318833079e-10 8.2708612643e-10
1.3165283203e+02 1.1234736033e-09 3.0189109005e-10 8.2158251329e-10
1.3171386719e+02 1.1074630241e-09 2.9772137765e-10 8.0974164644e-10
1.3177490234e+02 1.1021455983e-09 2.9644851440e-10 8.0569708388e-10
1.3183593750e+02 1.0903523179e-09 2.9419020107e-10 7.9616211680e-10
1.3189697266e+02 1.0736682121e-09 2.9047837478e-10 7.8318983733e-10
1.3195800781e+02 1.0699748205e-09 2.9018757368e-10 7.7978724683e-10
1.3201904297e+02 1.0585990172e-09 2.8692114528e-10 7.7167787196e-10
1.3208007812e+02 1.0587753561e-09 2.8670113110e-10 7.7207422503e-10
1.3214111328e+02 1.0662190641e-09 2.8750609533e-10 7.7871296873e-10
1.3220214844e+02 1.0602495604e-09 2.8464971334e-10 7.7559984709e-10
1.3226318359e+02 1.0554112465e-09 2.8317463259e-10 7.7223661387e-10
1.3232421875e+02 1.0460041906e-09 2.8108382741e-10 7.6492036316e-10
1.3238525391e+02 1.0339467678e-09 2.7812345814e-10 7.5582330969e-10
1.3244628906e+02 1.0298673872e-09 2.7785235094e-10 7.5201503624e-10
1.3250732422e+02 1.0255931385e-09 2.7511625976e-10 7.5047687873e-10
1.3256835938e+02 1.0245511142e-09 2.7415999389e-10 7.5039112030e-10
1.3262939453e+02 1.0260811907e-09 2.7508369231e-10 7.5099749835e-10
1.3269042969e+02 1.0167555859e-09 2.7331556574e-10 7.4344002012e-10
1.3275146484e+02 1.0091719007e-09 2.7214465983e-10 7.3702724084e-10
1.3281250000e+02 1.0061722762e-09 2.7201661481e-10 7.3415566140e-10
1.3287353516e+02 9.9877478972e-10 2.6964300221e-10 7.2913178751e-10
1.3293457031e+02 9.9739249964e-10 2.6989016456e-10 7.2750233508e-10
1.3299560547e+02 9.9272821918e-10 2.6968593055e-10 7.2304228863e-10
1.3305664062e+02 9.8310127436e-10 2.6798338238e-10 7.1511789198e-10
1.3311767578e+02 9.8225716599e-10 2.6817988245e-10 7.1407728354e-10
1.3317871094e+02 9.7511209313e-10 2.6666134236e-10 7.0845075077e-10
1.3323974609e+02 9.7179919362e-10 2.6574701396e-10 7.0605217965e-10
1.3330078125e+02 9.8055120485e-10 2.6808932152e-10 7.1246188333e-10
1.3336181641e+02 9.7519971644e-10 2.6619108871e-10 7.0900862772e-10
1.3342285156e+02 9.7556723115e-10 2.6669985239e-10 7.0886737876e-10
1.3348388672e+02 9.7756335365e-10 2.6688525664e-10 7.1067809700e-10
1.3354492188e+02 9.7569406262e-10 2.6572040545e-10 7.0997365717e-10
1.3360595703e+02 9.7389475290e-10 2.6451908279e-10 7.0937567011e-10
1.3366699219e+02 9.7655530022e-10 2.6494250715e-10 7.1161279308e-10
1.3372802734e+02 9.7626114497e-10 2.6390085103e-10 7.1236029394e-10
1.3378906250e+02 9.8151027934e-10 2.6480750129e-10 7.1670277805e-10
1.3385009766e+02 9.8112015961e-10 2.6464936534e-10 7.1647079428e-10
1.3391113281e+02 9.7531438560e-10 2.6269900886e-10 7.1261537674e-10
1.3397216797e+02 9.7711610665e-10 2.6359911844e-10 7.1351698820e-10
1.3403320312e+02 9.6763702579e-10 2.6065596337e-10 7.0698106242e-10
1.3409423828e+02 9.6478878777e-10 2.6021291031e-10 7.0457587745e-10
1.3415527344e+02 9.6783738111e-10 2.6071835548e-10 7.0711902562e-10
1.3421630859e+02 9.6906047141e-10 2.6059315357e-10 7.0846731783e-10
1.3427734375e+02 9.7071501983e-10 2.6201470329e-10 7.0870031654e-10
1.3433837891e+02 9.6582484554e-10 2.6030559939e-10 7.0551924615e-10
1.3439941406e+02 9.5655899853e-10 2.5881746171e-10 6.9774153681e-10
1.3446044922e+02 9.5771893117e-10 2.5978736415e-10 6.9793156702e-10
1.3452148438e+02 9.6193708112e-10 2.6104106514e-10 7.0089601597e-10
1.3458251953e+02 9.5676337054e-10 2.5891420159e-10 6.9784916895e-10
1.3464355469e+02 9.5626612478e-10 2.5842715062e-10 6.9783897416e-10
1.3470458984e+02 9.5499212842e-10 2.5881812477e-10 6.9617400365e-10
1.3476562500e+02 9.5180189245e-10 2.5701541408e-10 6.9478647837e-10
1.3482666016e+02 9.5387419339e-10 2.5762782368e-10 6.9624636971e-10
1.3488769531e+02 9.5408138812e-10 2.5823464885e-10 6.9584673927e-10
1.3494873047e+02 9.6137877125e-10 2.5989938739e-10 7.0147938387e-10
1.3500976562e+02 9.6118472424e-10 2.5955720650e-10 7.0162751774e-10
1.3507080078e+02 9.5343771274e-10 2.5699719158e-10 6.9644052116e-10
1.3513183594e+02 9.4627874929e-10 2.5551563925e-10 6.9076311004e-10
1.3519287109e+02 9.3741791936e-10 2.5308518098e-10 6.8433273839e-10
1.3525390625e+02 9.3371620462e-10 2.5211896848e-10 6.8159723614e-10
1.3531494141e+02 9.3286354699e-10 2.5187634064e-10 6.8098720634e-10
1.3537597656e+02 9.2659160281e-10 2.4897702814e-10 6.7761457467e-10
1.3543701172e+02 9.1935370457e-10 2.4675776738e-10 6.7259593719e-10
1.3549804688e+02 9.1592124107e-10 2.4630382182e-10 6.6961741925e-10
1.3555908203e+02 9.0225170059e-10 2.4333704655e-10 6.5891465404e-10
1.3562011719e+02 8.9818238470e-10 2.4308788155e-10 6.5509450315e-10
1.3568115234e+02 8.9667551800e-10 2.4147015190e-10 6.5520536610e-10
1.3574218750e+02 8.8675317192e-10 2.3872309837e-10 6.4803007355e-10
1.3580322266e+02 8.8031451647e-10 2.3714249847e-10 6.4317201799e-10
1.3586425781e+02 8.6645702020e-10 2.3410321222e-10 6.3235380798e-10
1.3592529297e+02 8.6148566426e-10 2.3330548145e-10 6.2818018281e-10
1.3598632812e+02 8.6080178010e-10 2.3310420480e-10 6.2769757530e-10
1.3604736328e+02 8.6111254512e-10 2.3378647823e-10 6.2732606690e-10
1.3610839844e+02 8.6461222020e-10 2.3482196216e-10 6.2979025804e-10
1.3616943359e+02 8.6624109258e-10 2.3534718795e-10 6.3089390463e-10
1.3623046875e+02 8.6089870384e-10 2.3484687565e-10 6.2605182819e-10
1.3629150391e+02 8.5989239122e-10 2.3489486451e-10 6.2499752671e-10
1.3635253906e+02 8.5834483361e-10 2.3552519621e-10 6.2281963739e-10
1.3641357422e+02 8.5374960501e-10 2.3530600181e-10 6.1844360320e-10
1.3647460938e+02 8.5908516999e-10 2.3718412154e-10 6.2190104845e-10
1.3653564453e+02 8.6246105523e-10 2.3817340041e-10 6.2428765481e-10
1.3659667969e+02 8.6477896401e-10 2.3834096046e-10 6.2643800354e-10
1.3665771484e+02 8.6264792415e-10 2.3820732798e-10 6.2444059617e-10
1.3671875000e+02 8.5853040337e-10 2.3721631385e-10 6.2131408952e-10
1.3677978516e+02 8.5949747125e-10 2.3774446474e-10 6.2175300651e-10
1.3684082031e+02 8.6183456994e-10 2.3841484628e-10 6.2341972367e-10
1.3690185547e+02 8.5830739831e-10 2.3686413878e-10 6.2144325953e-10
1.3696289062e+02 8.5813291976e-10 2.3678593202e-10 6.2134698773e-10
1.3702392578e+02 8.5278551081e-10 2.3433362453e-10 6.1845188628e-10
1.3708496094e+02 8.4151036558e-10 2.3063737451e-10 6.1087299107e-10
1.3714599609e+02 8.3899388157e-10 2.3017055269e-10 6.0882332888e-10
1.3720703125e+02 8.4002353472e-10 2.2981265999e-10 6.1021087473e-10
1.3726806641e+02 8.4897488463e-10 2.3179020609e-10 6.1718467854e-10
1.3732910156e+02 8.5574195182e-10 2.3271581056e-10 6.2302614126e-10
1.3739013672e+02 8.5355437061e-10 2.3067360996e-10 6.2288076065e-10
1.3745117188e+02 8.5345228017e-10 2.2972720570e-10 6.2372507446e-10
1.3751220703e+02 8.5085336845e-10 2.2903799000e-10 6.2181537845e-10
1.3757324219e+02 8.4725303411e-10 2.2797694890e-10 6.1927608521e-10
1.3763427734e+02 8.5001013497e-10 2.2876788596e-10 6.2124224901e-10
1.3769531250e+02 8.5025546026e-10 2.2805920496e-10 6.2219625531e-10
1.3775634766e+02 8.4998138877e-10 2.2782011748e-10 6.2216127129e-10
1.3781738281e+02 8.4765654015e-10 2.2655287360e-10 6.2110366655e-10
1.3787841797e+02 8.4410014305e-10 2.2628336950e-10 6.1781677355e-10
1.3793945312e+02 8.3901484823e-10 2.2526014210e-10 6.1375470613e-10
1.3800048828e+02 8.4036478347e-10 2.2595868806e-10 6.1440609541e-10
1.3806152344e+02 8.3624362561e-10 2.2465617265e-10 6.1158745296e-10
1.3812255859e+02 8.3512521845e-10 2.2403965718e-10 6.1108556127e-10
1.3818359375e+02 8.3134701064e-10 2.2319010022e-10 6.0815691042e-10
1.3824462891e+02 8.2048923426e-10 2.2085813686e-10 5.9963109740e-10
1.3830566406e+02 8.2047948800e-10 2.2151598981e-10 5.9896349819e-10
1.3836669922e+02 8.1539566587e-10 2.2073170742e-10 5.9466395844e-10
1.3842773438e+02 8.1464382690e-10 2.2087849910e-10 5.9376532780e-10
1.3848876953e+02 8.1972432746e-10 2.2252510863e-10 5.9719921883e-10
1.3854980469e+02 8.1651333315e-10 2.2146629036e-10 5.9504704280e-10
1.3861083984e+02 8.1202313918e-10 2.2093117750e-10 5.9109196168e-10
1.3867187500e+02 8.1137720052e-10 2.2113874647e-10 5.9023845404e-10
1.3873291016e+02 8.0856025313e-10 2.2101101236e-10 5.8754924078e-10
1.3879394531e+02 8.0418036802e-10 2.2024174962e-10 5.8393861840e-10
1.3885498047e+02 8.0129029216e-10 2.1993866653e-10 5.8135162563e-10
1.3891601562e+02 7.9632827879e-10 2.1912403682e-10 5.7720424197e-10
1.3897705078e+02 7.9599285675e-10 2.1896510277e-10 5.7702775399e-10
1.3903808594e+02 7.8859452253e-10 2.1698291627e-10 5.7161160626e-10
1.3909912109e+02 7.8466092358e-10 2.1574818806e-10 5.6891273552e-10
1.3916015625e+02 7.8315235971e-10 2.1526940602e-10 5.6788295368e-10
1.3922119141e+02 7.7666821691e-10 2.1357789757e-10 5.6309031934e-10
1.3928222656e+02 7.7233828030e-10 2.1262346641e-10 5.5971481389e-10
1.3934326172e+02 7.7195185363e-10 2.1238203423e-10 5.5956981940e-10
1.3940429688e+02 7.6912820243e-10 2.1141270785e-10 5.5771549459e-10
1.3946533203e+02 7.6998692082e-10 2.1192557373e-10 5.5806134709e-10
1.3952636719e+02 7.6797535280e-10 2.1116837065e-10 5.5680698215e-10
1.3958740234e+02 7.6622933198e-10 2.1064031980e-10 5.5558901217e-10
1.3964843750e+02 7.6230895428e-10 2.0923571330e-10 5.5307324098e-10
1.3970947266e+02 7.6318198474e-10 2.0944773283e-10 5.5373425192e-10
1.3977050781e+02 7.6236142007e-10 2.0899589040e-10 5.5336552967e-10
1.3983154297e+02 7.6045213207e-10 2.0878470976e-10 5.5166742232e-10
1.3989257812e+02 7.5548865955e-10 2.0746113053e-10 5.4802752903e-10
1.3995361328e+02 7.5807817706e-10 2.0782426138e-10 5.5025391568e-10
1.4001464844e+02 7.5831396661e-10 2.0772369212e-10 5.5059027449e-10
1.4007568359e+02 7.5430420978e-10 2.0606356366e-10 5.4824064612e-10
1.4013671875e+02 7.5618900797e-10 2.0654774061e-10 5.4964126737e-10
1.4019775391e+02 7.5127055626e-10 2.0473653921e-10 5.4653401705e-10
1.4025878906e+02 7.4694898960e-10 2.0309883763e-10 5.4385015196e-10
1.4031982422e+02 7.4544753313e-10 2.0279111323e-10 5.4265641990e-10
1.4038085938e+02 7.3676129424e-10 2.0016938678e-10 5.3659190746e-10
1.4044189453e+02 7.3297056958e-10 1.9909496746e-10 5.3387560211e-10
1.4050292969e+02 7.3074043630e-10 1.9843460345e-10 5.3230583285e-10
1.4056396484e+02 7.2539197950e-10 1.9643342527e-10 5.2895855423e-10
1.4062500000e+02 7.1830451417e-10 1.9458163136e-10 5.2372288281e-10
1.4068603516e+02 7.1370916381e-10 1.9306329885e-10 5.2064586496e-10
1.4074707031e+02 7.0738865445e-10 1.9083510277e-10 5.1655355168e-10
1.4080810547e+02 7.0419582156e-10 1.8963936888e-10 5.1455645268e-10
1.4086914062e+02 6.9766843676e-10 1.8800358278e-10 5.0966485398e-10
1.4093017578e+02 6.9162370852e-10 1.8676347893e-10 5.0486022959e-10
1.4099121094e+02 6.8616714544e-10 1.8503260793e-10 5.0113453750e-10
1.4105224609e+02 6.7799766124e-10 1.8325804969e-10 4.9473961155e-10
1.4111328125e+02 6.7428949542e-10 1.8250219539e-10 4.9178730002e-10
1.4117431641e+02 6.6882458776e-10 1.8134019457e-10 4.8748439318e-10
1.4123535156e+02 6.6320312869e-10 1.8032935510e-10 4.8287377359e-10
1.4129638672e+02 6.6217479154e-10 1.8007071775e-10 4.8210407379e-10
1.4135742188e+02 6.5889202300e-10 1.7955635809e-10 4.7933566491e-10
1.4141845703e+02 6.5592193100e-10 1.7963220976e-10 4.7628972123e-10
1.4147949219e+02 6.5072964115e-10 1.7833646550e-10 4.7239317565e-10
1.4154052734e+02 6.4184407459e-10 1.7630663228e-10 4.6553744231e-10
1.4160156250e+02 6.3609213168e-10 1.7531126205e-10 4.6078086963e-10
1.4166259766e+02 6.3344261790e-10 1.7516780970e-10 4.5827480821e-10
1.4172363281e+02 6.2520284431e-10 1.7266637025e-10 4.5253647406e-10
1.4178466797e+02 6.2308327261e-10 1.7229142836e-10 4.5079184425e-10
1.4184570312e+02 6.1446311761e-10 1.7002139391e-10 4.4444172370e-10
1.4190673828e+02 6.0250244500e-10 1.6616382146e-10 4.3633862354e-10
1.4196777344e+02 5.9495575977e-10 1.6443627486e-10 4.3051948490e-10
1.4202880859e+02 5.9070194550e-10 1.6312898834e-10 4.2757295716e-10
1.4208984375e+02 5.8756481578e-10 1.6149174629e-10 4.2607306949e-10
1.4215087891e+02 5.8528230508e-10 1.6079651980e-10 4.2448578528e-10
1.4221191406e+02 5.7516438548e-10 1.5805107156e-10 4.1711331392e-10
1.4227294922e+02 5.6607532240e-10 1.5543633478e-10 4.1063898762e-10
1.4233398438e+02 5.5960933193e-10 1.5320102311e-10 4.0640830882e-10
1.4239501953e+02 5.5081628300e-10 1.5074902234e-10 4.0006726066e-10
1.4245605469e+02 5.4945342699e-10 1.5025237983e-10 3.9920104716e-10
1.4251708984e+02 5.5125883854e-10 1.5002626101e-10 4.0123257753e-10
1.4257812500e+02 5.4773517130e-10 1.4856482856e-10 3.9917034275e-10
1.4263916016e+02 5.4567574995e-10 1.4778796587e-10 3.9788778408e-10
1.4270019531e+02 5.3647095702e-10 1.4574461483e-10 3.9072634219e-10
1.4276123047e+02 5.3424818127e-10 1.4549217006e-10 3.8875601121e-10
1.4282226562e+02 5.3505419681e-10 1.4549269193e-10 3.8956150488e-10
1.4288330078e+02 5.3382166529e-10 1.4530286159e-10 3.8851880370e-10
1.4294433594e+02 5.3329461095e-10 1.4461870308e-10 3.8867590787e-10
1.4300537109e+02 5.3319852629e-10 1.4356227549e-10 3.8963625080e-10
1.4306640625e+02 5.2942360108e-10 1.4274143826e-10 3.8668216282e-10
1.4312744141e+02 5.2553358127e-10 1.4160288917e-10 3.8393069210e-10
1.4318847656e+02 5.2559370405e-10 1.4198895826e-10 3.8360474579e-10
1.4324951172e+02 5.2473789543e-10 1.4180559932e-10 3.8293229611e-10
1.4331054688e+02 5.2772478734e-10 1.4230123184e-10 3.8542355550e-10
1.4337158203e+02 5.2295903712e-10 1.4050425276e-10 3.8245478436e-10
1.4343261719e+02 5.1513803586e-10 1.3796211736e-10 3.7717591851e-10
1.4349365234e+02 5.1216461245e-10 1.3755369611e-10 3.7461091634e-10
1.4355468750e+02 5.0731644638e-10 1.3639225063e-10 3.7092419575e-10
1.4361572266e+02 5.0608960195e-10 1.3626613462e-10 3.6982346733e-10
1.4367675781e+02 5.0367311666e-10 1.3596294684e-10 3.6771016982e-10
1.4373779297e+02 4.9941896921e-10 1.3452431775e-10 3.6489465146e-10
1.4379882812e+02 4.9689218432e-10 1.3396383328e-10 3.6292835104e-10
1.4385986328e+02 4.9090307898e-10 1.3259020342e-10 3.5831287556e-10
1.4392089844e+02 4.8489930529e-10 1.3066509220e-10 3.5423421309e-10
1.4398193359e+02 4.8336531329e-10 1.3020241319e-10 3.5316290011e-10
1.4404296875e+02 4.8225815788e-10 1.2947365351e-10 3.5278450437e-10
1.4410400391e+02 4.7838913646e-10 1.2872815176e-10 3.4966098469e-10
1.4416503906e+02 4.7766290510e-10 1.2904815236e-10 3.4861475274e-10
1.4422607422e+02 4.7110238626e-10 1.2749100012e-10 3.4361138614e-10
1.4428710938e+02 4.6765959001e-10 1.2664275761e-10 3.4101683240e-10
1.4434814453e+02 4.6570044625e-10 1.2618140864e-10 3.3951903761e-10
1.4440917969e+02 4.6480446767e-10 1.2602272734e-10 3.3878174033e-10
1.4447021484e+02 4.6488991035e-10 1.2595393458e-10 3.3893597576e-10
1.4453125000e+02 4.5994161850e-10 1.2447030733e-10 3.3547131118e-10
1.4459228516e+02 4.5475326241e-10 1.2336807480e-10 3.3138518761e-10
1.4465332031e+02 4.5462716780e-10 1.2393930317e-10 3.3068786463e-10
1.4471435547e+02 4.5371114739e-10 1.2363841449e-10 3.3007273290e-10
1.4477539062e+02 4.5311898216e-10 1.2412863266e-10 3.2899034950e-10
1.4483642578e+02 4.5445650802e-10 1.2473242641e-10 3.2972408161e-10
1.4489746094e+02 4.5186261763e-10 1.2396483127e-10 3.2789778636e-10
1.4495849609e+02 4.4751130364e-10 1.2297130719e-10 3.2453999644e-10
1.4501953125e+02 4.4583702768e-10 1.2271683028e-10 3.2312019741e-10
1.4508056641e+02 4.4300877109e-10 1.2228152252e-10 3.2072724857e-10
1.4514160156e+02 4.4524861448e-10 1.2263728576e-10 3.2261132872e-10
1.4520263672e+02 4.4656382827e-10 1.2326977691e-10 3.2329405136e-10
1.4526367188e+02 4.4542110025e-10 1.2286681416e-10 3.2255428609e-10
1.4532470703e+02 4.4499251762e-10 1.2305416095e-10 3.2193835668e-10
1.4538574219e+02 4.4159258029e-10 1.2267562721e-10 3.1891695308e-10
1.4544677734e+02 4.3550225882e-10 1.2090533119e-10 3.1459692763e-10
1.4550781250e+02 4.3294647798e-10 1.1998828045e-10 3.1295819753e-10
1.4556884766e+02 4.3282725563e-10 1.1955489902e-10 3.1327235661e-10
1.4562988281e+02 4.2981125791e-10 1.1868125549e-10 3.1113000242e-10
1.4569091797e+02 4.2584123035e-10 1.1788005736e-10 3.0796117298e-10
1.4575195312e+02 4.2089828732e-10 1.1646347125e-10 3.0443481607e-10
1.4581298828e+02 4.1847023617e-10 1.1552176114e-10 3.0294847503e-10
1.4587402344e+02 4.1564285922e-10 1.1476660670e-10 3.0087625252e-10
1.4593505859e+02 4.1368794350e-10 1.1419395210e-10 2.9949399140e-10
1.4599609375e+02 4.1531546920e-10 1.1441517201e-10 3.0090029719e-10
1.4605712891e+02 4.1228320384e-10 1.1320570416e-10 2.9907749968e-10
1.4611816406e+02 4.0756200238e-10 1.1169289587e-10 2.9586910651e-10
1.4617919922e+02 4.0422536870e-10 1.1043973798e-10 2.9378563072e-10
1.4624023438e+02 4.0147252105e-10 1.0975155627e-10 2.9172096478e-10
1.4630126953e+02 3.9964360928e-10 1.0913552554e-10 2.9050808375e-10
1.4636230469e+02 3.9783776139e-10 1.0844003841e-10 2.8939772298e-10
1.4642333984e+02 3.9539732436e-10 1.0795124614e-10 2.8744607822e-10
1.4648437500e+02 3.9379337775e-10 1.0711974086e-10 2.8667363690e-10
1.4654541016e+02 3.8935416395e-10 1.0582536772e-10 2.8352879623e-10
1.4660644531e+02 3.8939878892e-10 1.0602529011e-10 2.8337349882e-10
1.4666748047e+02 3.8940011111e-10 1.0558781530e-10 2.8381229581e-10
1.4672851562e+02 3.8608214654e-10 1.0475266250e-10 2.8132948404e-10
1.4678955078e+02 3.8230432592e-10 1.0361041812e-10 2.7869390781e-10
1.4685058594e+02 3.7927605978e-10 1.0343891503e-10 2.7583714475e-10
1.4691162109e+02 3.7430468540e-10 1.0246860468e-10 2.7183608072e-10
1.4697265625e+02 3.7364637346e-10 1.0259343706e-10 2.7105293640e-10
1.4703369141e+02 3.7226380514e-10 1.0233915246e-10 2.6992465268e-10
1.4709472656e+02 3.7195850412e-10 1.0197986608e-10 2.6997863804e-10
1.4715576172e+02 3.7133037516e-10 1.0225264917e-10 2.6907772599e-10
1.4721679688e+02 3.6959526948e-10 1.0184356328e-10 2.6775170621e-10
1.4727783203e+02 3.6783695998e-10 1.0109296853e-10 2.6674399146e-10
1.4733886719e+02 3.6980764422e-10 1.0152246426e-10 2.6828517996e-10
1.4739990234e+02 3.6840317713e-10 1.0094656548e-10 2.6745661165e-10
1.4746093750e+02 3.6733688661e-10 1.0080837632e-10 2.6652851030e-10
1.4752197266e+02 3.6570599117e-10 1.0019518637e-10 2.6551080480e-10
1.4758300781e+02 3.6345593944e-10 9.9567554360e-11 2.6388838508e-10
1.4764404297e+02 3.6345890687e-10 9.9286615536e-11 2.6417229133e-10
1.4770507812e+02 3.6266619519e-10 9.9059256948e-11 2.6360693824e-10
1.4776611328e+02 3.6366967706e-10 9.9598639999e-11 2.6407103706e-10
1.4782714844e+02 3.6700936926e-10 1.0025806411e-10 2.6675130516e-10
1.4788818359e+02 3.6390206572e-10 9.9109085030e-11 2.6479298069e-10
1.4794921875e+02 3.5983506928e-10 9.8224720785e-11 2.6161034850e-10
1.4801025391e+02 3.5693243593e-10 9.7399965332e-11 2.5953247059e-10
1.4807128906e+02 3.5475527993e-10 9.7000524101e-11 2.5775475583e-10
1.4813232422e+02 3.5460322602e-10 9.7191116534e-11 2.5741210949e-10
1.4819335938e+02 3.5367453177e-10 9.7136117084e-11 2.5653841469e-10
1.4825439453e+02 3.5022167539e-10 9.6390929511e-11 2.5383074588e-10
1.4831542969e+02 3.4662437173e-10 9.5337477811e-11 2.5128689392e-10
1.4837646484e+02 3.4239781363e-10 9.4259346792e-11 2.4813846684e-10
1.4843750000e+02 3.3856594930e-10 9.3354517977e-11 2.4521143133e-10
1.4849853516e+02 3.3828064131e-10 9.3898885518e-11 2.4438175579e-10
1.4855957031e+02 3.3660877604e-10 9.3406290041e-11 2.4320248600e-10
1.4862060547e+02 3.3555320622e-10 9.3188040953e-11 2.4236516526e-10
1.4868164062e+02 3.3656576412e-10 9.3715985701e-11 2.4284977842e-10
1.4874267578e+02 3.3257617748e-10 9.2704955557e-11 2.3987122192e-10
1.4880371094e+02 3.3304562339e-10 9.3074908032e-11 2.3997071536e-10
1.4886474609e+02 3.3544779279e-10 9.3464068094e-11 2.4198372470e-10
1.4892578125e+02 3.3761241701e-10 9.3857660224e-11 2.4375475679e-10
1.4898681641e+02 3.4060489442e-10 9.4757801908e-11 2.4584709252e-10
1.4904785156e+02 3.4185636547e-10 9.4738365721e-11 2.4711799975e-10
1.4910888672e+02 3.4056655405e-10 9.4361002668e-11 2.4620555138e-10
1.4916992188e+02 3.4379838833e-10 9.5069713149e-11 2.4872867518e-10
1.4923095703e+02 3.4529610607e-10 9.5059498444e-11 2.5023660763e-10
1.4929199219e+02 3.4863461221e-10 9.5701129135e-11 2.5293348307e-10
1.4935302734e+02 3.5353838390e-10 9.6329434413e-11 2.5720894949e-10
1.4941406250e+02 3.5423166207e-10 9.6298007256e-11 2.5793365481e-10
1.4947509766e+02 3.5554096889e-10 9.6546518169e-11 2.5899445072e-10
1.4953613281e+02 3.5724685300e-10 9.6934005399e-11 2.6031284760e-10
1.4959716797e+02 3.5849603374e-10 9.7391852192e-11 2.6110418154e-10
1.4965820312e+02 3.6160335441e-10 9.8154725539e-11 2.6344862887e-10
1.4971923828e+02 3.6370710735e-10 9.8644990968e-11 2.6506211639e-10
1.4978027344e+02 3.6476399337e-10 9.8879787238e-11 2.6588420613e-10
1.4984130859e+02 3.6711346915e-10 9.9587922569e-11 2.6752554658e-10
1.4990234375e+02 3.6891109663e-10 1.0003260566e-10 2.6887849097e-10
1.4996337891e+02 3.6947670223e-10 1.0009987453e-10 2.6937682770e-10
1.5002441406e+02 3.7360720395e-10 1.0152053737e-10 2.7208666659e-10
1.5008544922e+02 3.7634377242e-10 1.0267560682e-10 2.7366816560e-10
1.5014648438e+02 3.7635890515e-10 1.0324625934e-10 2.7311264581e-10
1.5020751953e+02 3.7674413916e-10 1.0368655202e-10 2.7305758714e-10
1.5026855469e+02 3.7371055723e-10 1.0356355716e-10 2.7014700006e-10
1.5032958984e+02 3.7204153435e-10 1.0352068154e-10 2.6852085280e-10
1.5039062500e+02 3.7171240217e-10 1.0358345813e-10 2.6812894404e-10
1.5045166016e+02 3.7330276855e-10 1.0392285413e-10 2.6937991443e-10
1.5051269531e+02 3.7240322278e-10 1.0372720368e-10 2.6867601910e-10
1.5057373047e+02 3.7028212132e-10 1.0318203430e-10 2.6710008703e-10
1.5063476562e+02 3.6807669422e-10 1.0246396694e-10 2.6561272728e-10
1.5069580078e+02 3.6647915657e-10 1.0205904498e-10 2.6442011159e-10
1.5075683594e+02 3.6539929929e-10 1.0184151880e-10 2.6355778049e-10
1.5081787109e+02 3.6425064929e-10 1.0121170056e-10 2.6303894873e-10
1.5087890625e+02 3.6309848906e-10 1.0058384554e-10 2.6251464352e-10
1.5093994141e+02 3.5934445053e-10 9.9235429470e-11 2.6010902106e-10
1.5100097656e+02 3.5551324133e-10 9.8323409382e-11 2.5718983194e-10
1.5106201172e+02 3.5247226983e-10 9.7407278128e-11 2.5506499171e-10
1.5112304688e+02 3.5207482351e-10 9.7063597259e-11 2.5501122625e-10
1.5118408203e+02 3.5219347915e-10 9.7045080461e-11 2.5514839868e-10
1.5124511719e+02 3.5074867823e-10 9.6762442710e-11 2.5398623552e-10
1.5130615234e+02 3.4893708901e-10 9.5963567540e-11 2.5297352147e-10
1.5136718750e+02 3.4649769333e-10 9.5023545856e-11 2.5147414747e-10
1.5142822266e+02 3.4280280702e-10 9.3835367087e-11 2.4896743994e-10
1.5148925781e+02 3.4086798980e-10 9.3228700264e-11 2.4763928953e-10
1.5155029297e+02 3.4027233868e-10 9.2986624424e-11 2.4728571425e-10
1.5161132812e+02 3.3912115197e-10 9.2415931490e-11 2.4670522048e-10
1.5167236328e+02 3.3843067893e-10 9.2197091237e-11 2.4623358770e-10
1.5173339844e+02 3.3554385176e-10 9.1685595911e-11 2.4385825585e-10
1.5179443359e+02 3.3378457905e-10 9.1000223220e-11 2.4278435583e-10
1.5185546875e+02 3.3390529303e-10 9.0770985327e-11 2.4313430770e-10
1.5191650391e+02 3.3358292966e-10 9.0893755437e-11 2.4268917422e-10
1.5197753906e+02 3.3144362805e-10 9.0297925805e-11 2.4114570224e-10
1.5203857422e+02 3.2991150804e-10 8.9949400859e-11 2.3996210718e-10
1.5209960938e+02 3.2632845243e-10 8.8639639647e-11 2.3768881278e-10
1.5216064453e+02 3.2282786174e-10 8.7608067401e-11 2.3521979434e-10
1.5222167969e+02 3.1814939979e-10 8.6315778452e-11 2.3183362134e-10
1.5228271484e+02 3.1581750388e-10 8.5502758292e-11 2.3031474558e-10
1.5234375000e+02 3.1471227931e-10 8.5370244484e-11 2.2934203482e-10
1.5240478516e+02 3.1260850419e-10 8.4610281949e-11 2.2799822225e-10
1.5246582031e+02 3.0909002782e-10 8.3592415275e-11 2.2549761254e-10
1.5252685547e+02 3.0597179543e-10 8.2650332908e-11 2.2332146253e-10
1.5258789062e+02 3.0231332838e-10 8.1749770160e-11 2.2056355822e-10
1.5264892578e+02 2.9942550868e-10 8.1069484007e-11 2.1835602468e-10
1.5270996094e+02 2.9854132582e-10 8.0637902933e-11 2.1790342289e-10
1.5277099609e+02 2.9514950600e-10 7.9721498399e-11 2.1542800760e-10
1.5283203125e+02 2.9202357801e-10 7.8862111281e-11 2.1316146673e-10
1.5289306641e+02 2.8684386614e-10 7.7709653705e-11 2.0913421244e-10
1.5295410156e+02 2.8314235680e-10 7.6528337228e-11 2.0661401957e-10
1.5301513672e+02 2.8068091023e-10 7.5852949120e-11 2.0482796111e-10
1.5307617188e+02 2.7889424553e-10 7.5453831660e-11 2.0344041387e-10
1.5313720703e+02 2.7742141618e-10 7.5196937957e-11 2.0222447822e-10
1.5319824219e+02 2.7397151166e-10 7.4434368341e-11 1.9953714332e-10
1.5325927734e+02 2.7024836238e-10 7.3357808258e-11 1.9689055412e-10
1.5332031250e+02 2.6617719705e-10 7.2334148000e-11 1.9384304905e-10
1.5338134766e+02 2.6279927926e-10 7.1598366155e-11 1.9120091311e-10
1.5344238281e+02 2.6030359132e-10 7.1128017260e-11 1.8917557406e-10
1.5350341797e+02 2.5800940717e-10 7.0977257407e-11 1.8703214976e-10
1.5356445312e+02 2.5516676466e-10 7.0399757586e-11 1.8476700707e-10
1.5362548828e+02 2.5075692952e-10 6.9287676107e-11 1.8146925341e-10
1.5368652344e+02 2.4711713781e-10 6.8424380245e-11 1.7869275757e-10
1.5374755859e+02 2.4295956048e-10 6.7335936907e-11 1.7562362357e-10
1.5380859375e+02 2.4066967573e-10 6.6700426033e-11 1.7396924970e-10
1.5386962891e+02 2.3968931360e-10 6.6597155947e-11 1.7309215765e-10
1.5393066406e+02 2.3766357806e-10 6.6013986310e-11 1.7164959175e-10
1.5399169922e+02 2.3448396636e-10 6.5207303441e-11 1.6927666292e-10
1.5405273438e+02 2.3154756761e-10 6.4337204246e-11 1.6721036337e-10
1.5411376953e+02 2.2930374332e-10 6.3672366145e-11 1.6563137717e-10
1.5417480469e+02 2.2765778807e-10 6.3166812211e-11 1.6449097586e-10
1.5423583984e+02 2.2699490150e-10 6.2900383299e-11 1.6409451820e-10
1.5429687500e+02 2.2463975526e-10 6.2263858010e-11 1.6237589725e-10
1.5435791016e+02 2.2291226877e-10 6.1754745764e-11 1.6115752300e-10
1.5441894531e+02 2.2054096390e-10 6.0967897080e-11 1.5957306682e-10
1.5447998047e+02 2.1867395233e-10 6.0324676670e-11 1.5834927566e-10
1.5454101562e+02 2.1854748731e-10 6.0080388451e-11 1.5846709886e-10
1.5460205078e+02 2.1730468735e-10 5.9627640944e-11 1.5767704640e-10
1.5466308594e+02 2.1575087110e-10 5.9241749408e-11 1.5650912169e-10
1.5472412109e+02 2.1289258863e-10 5.8435264977e-11 1.5445732366e-10
1.5478515625e+02 2.0930084303e-10 5.7193837111e-11 1.5210700592e-10
1.5484619141e+02 2.0574160551e-10 5.6051350869e-11 1.4969025465e-10
1.5490722656e+02 2.0402918434e-10 5.5445867641e-11 1.4858331670e-10
1.5496826172e+02 2.0252825580e-10 5.5230248727e-11 1.4729800708e-10
1.5502929688e+02 2.0081109141e-10 5.4748827089e-11 1.4606226432e-10
1.5509033203e+02 1.9814452903e-10 5.3934995289e-11 1.4420953374e-10
1.5515136719e+02 1.9476371968e-10 5.3114212036e-11 1.4164950765e-10
1.5521240234e+02 1.9239127779e-10 5.2557962640e-11 1.3983331515e-10
1.5527343750e+02 1.9039919487e-10 5.1875219950e-11 1.3852397492e-10
1.5533447266e+02 1.8891802685e-10 5.1599435921e-11 1.3731859093e-10
1.5539550781e+02 1.8694097221e-10 5.1081290685e-11 1.3585968153e-10
1.5545654297e+02 1.8445240133e-10 5.0642327314e-11 1.3381007401e-10
1.5551757812e+02 1.8224200850e-10 5.0184367336e-11 1.3205764117e-10
1.5557861328e+02 1.8017755553e-10 4.9866173013e-11 1.3031138252e-10
1.5563964844e+02 1.7819450403e-10 4.9526089496e-11 1.2866841454e-10
1.5570068359e+02 1.7697413144e-10 4.9169980332e-11 1.2780415110e-10
1.5576171875e+02 1.7575207681e-10 4.8875100026e-11 1.2687697678e-10
1.5582275391e+02 1.7528988956e-10 4.8772278314e-11 1.2651761125e-10
1.5588378906e+02 1.7386926488e-10 4.8403913502e-11 1.2546535138e-10
1.5594482422e+02 1.7176954589e-10 4.7779959972e-11 1.2398958591e-10
1.5600585938e+02 1.7002390421e-10 4.7475112144e-11 1.2254879206e-10
1.5606689453e+02 1.6846966175e-10 4.7047906271e-11 1.2142175548e-10
1.5612792969e+02 1.6724072719e-10 4.6819537405e-11 1.2042118979e-10
1.5618896484e+02 1.6621838784e-10 4.6386092037e-11 1.1983229580e-10
1.5625000000e+02 1.6512328555e-10 4.5895011930e-11 1.1922827362e-10
1.5631103516e+02 1.6390738338e-10 4.5599826080e-11 1.1830755730e-10
1.5637207031e+02 1.6393238627e-10 4.5506369718e-11 1.1842601655e-10
1.5643310547e+02 1.6309192700e-10 4.5165314660e-11 1.1792661234e-10
1.5649414062e+02 1.6294942699e-10 4.5079870210e-11 1.1786955678e-10
1.5655517578e+02 1.6266478694e-10 4.4840949867e-11 1.1782383707e-10
1.5661621094e+02 1.6056713050e-10 4.4255705233e-11 1.1631142527e-10
1.5667724609e+02 1.6014070833e-10 4.4143739603e-11 1.1599696873e-10
1.5673828125e+02 1.6126323867e-10 4.4235344790e-11 1.1702789388e-10
1.5679931641e+02 1.6093491052e-10 4.3999597772e-11 1.1693531275e-10
1.5686035156e+02 1.6110029117e-10 4.3981262208e-11 1.1711902897e-10
1.5692138672e+02 1.6071386987e-10 4.4026722914e-11 1.1668714696e-10
1.5698242188e+02 1.5882012832e-10 4.3649807465e-11 1.1517032085e-10
1.5704345703e+02 1.5813231803e-10 4.3467822955e-11 1.1466449508e-10
1.5710449219e+02 1.5744723027e-10 4.3328874461e-11 1.1411835581e-10
1.5716552734e+02 1.5680509737e-10 4.3202948948e-11 1.1360214842e-10
1.5722656250e+02 1.5692862383e-10 4.3273346903e-11 1.1365527693e-10
1.5728759766e+02 1.5574060401e-10 4.3022278558e-11 1.1271832545e-10
1.5734863281e+02 1.5407687392e-10 4.2480334727e-11 1.1159653919e-10
1.5740966797e+02 1.5241861141e-10 4.2154257774e-11 1.1026435363e-10
1.5747070312e+02 1.5090460193e-10 4.1791535373e-11 1.0911306656e-10
1.5753173828e+02 1.5055496927e-10 4.1778750935e-11 1.0877621833e-10
1.5759277344e+02 1.5154373296e-10 4.2029941324e-11 1.0951379163e-10
1.5765380859e+02 1.5173780103e-10 4.2198947477e-11 1.0953885356e-10
1.5771484375e+02 1.5100234460e-10 4.2136087619e-11 1.0886625699e-10
1.5777587891e+02 1.4949319208e-10 4.1735884221e-11 1.0775730786e-10
1.5783691406e+02 1.4841739869e-10 4.1546813750e-11 1.0687058494e-10
1.5789794922e+02 1.4877799306e-10 4.1524474261e-11 1.0725351880e-10
1.5795898438e+02 1.4951347846e-10 4.1602857865e-11 1.0791062059e-10
1.5802001953e+02 1.5062765867e-10 4.1898323100e-11 1.0872933557e-10
1.5808105469e+02 1.5053832145e-10 4.1827775326e-11 1.0871054613e-10
1.5814208984e+02 1.4975156438e-10 4.1667284328e-11 1.0808428005e-10
1.5820312500e+02 1.4915664511e-10 4.1379477490e-11 1.0777716762e-10
1.5826416016e+02 1.4844601580e-10 4.1215998560e-11 1.0723001724e-10
1.5832519531e+02 1.4846960752e-10 4.1221866794e-11 1.0724774073e-10
1.5838623047e+02 1.4914760013e-10 4.1116223701e-11 1.0803137643e-10
1.5844726562e+02 1.4887504459e-10 4.0977675957e-11 1.0789736863e-10
1.5850830078e+02 1.4726583255e-10 4.0486494281e-11 1.0677933827e-10
1.5856933594e+02 1.4623787568e-10 4.0144312193e-11 1.0609356349e-10
1.5863037109e+02 1.4492989278e-10 3.9752970761e-11 1.0517692202e-10
1.5869140625e+02 1.4441297189e-10 3.9610331346e-11 1.0480264054e-10
1.5875244141e+02 1.4399338396e-10 3.9565280305e-11 1.0442810366e-10
1.5881347656e+02 1.4319161583e-10 3.9494420624e-11 1.0369719521e-10
1.5887451172e+02 1.4182956265e-10 3.9231926703e-11 1.0259763595e-10
1.5893554688e+02 1.3862576108e-10 3.8358819199e-11 1.0026694188e-10
1.5899658203e+02 1.3650780341e-10 3.7761747027e-11 9.8746056385e-11
1.5905761719e+02 1.3668147595e-10 3.7907421204e-11 9.8774054748e-11
1.5911865234e+02 1.3621473538e-10 3.7799564544e-11 9.8415170833e-11
1.5917968750e+02 1.3638841413e-10 3.8134951408e-11 9.8253462726e-11
1.5924072266e+02 1.3542834945e-10 3.7940605941e-11 9.7487743512e-11
1.5930175781e+02 1.3360933607e-10 3.7223237187e-11 9.6386098882e-11
1.5936279297e+02 1.3210400315e-10 3.6831294140e-11 9.5272709008e-11
1.5942382812e+02 1.3107944552e-10 3.6655672877e-11 9.4423772645e-11
1.5948486328e+02 1.3080835339e-10 3.6688142764e-11 9.4120210623e-11
1.5954589844e+02 1.3152276507e-10 3.6829969887e-11 9.4692795184e-11
1.5960693359e+02 1.3130543317e-10 3.6984925842e-11 9.4320507326e-11
1.5966796875e+02 1.2998527189e-10 3.6655364740e-11 9.3329907147e-11
1.5972900391e+02 1.2974376965e-10 3.6540261868e-11 9.3203507782e-11
1.5979003906e+02 1.2949962166e-10 3.6272101269e-11 9.3227520391e-11
1.5985107422e+02 1.3097001556e-10 3.6551230688e-11 9.4418784872e-11
1.5991210938e+02 1.3250784022e-10 3.6988161641e-11 9.5519678579e-11
1.5997314453e+02 1.3349675400e-10 3.7342591764e-11 9.6154162236e-11
1.6003417969e+02 1.3384253358e-10 3.7302424139e-11 9.6540109437e-11
1.6009521484e+02 1.3357211471e-10 3.7168502585e-11 9.6403612126e-11
1.6015625000e+02 1.3323758580e-10 3.6931053003e-11 9.6306532795e-11
1.6021728516e+02 1.3438111684e-10 3.7267002238e-11 9.7114114604e-11
1.6027832031e+02 1.3583141880e-10 3.7677098684e-11 9.8154320119e-11
1.6033935547e+02 1.3755215642e-10 3.7938074922e-11 9.9614081494e-11
1.6040039062e+02 1.3812565857e-10 3.8046777398e-11 1.0007888117e-10
1.6046142578e+02 1.3725034815e-10 3.7795239017e-11 9.9455109130e-11
1.6052246094e+02 1.3752429854e-10 3.7917753109e-11 9.9606545427e-11
1.6058349609e+02 1.3721447169e-10 3.7762153639e-11 9.9452318050e-11
1.6064453125e+02 1.3722189165e-10 3.7827005712e-11 9.9394885935e-11
1.6070556641e+02 1.3781906256e-10 3.7983908404e-11 9.9835154155e-11
1.6076660156e+02 1.3688043649e-10 3.7731193626e-11 9.9149242867e-11
1.6082763672e+02 1.3524565103e-10 3.7526019362e-11 9.7719631666e-11
1.6088867188e+02 1.3425666635e-10 3.7325273043e-11 9.6931393309e-11
1.6094970703e+02 1.3253459689e-10 3.6901729709e-11 9.5632867176e-11
1.6101074219e+02 1.3137097184e-10 3.6671531686e-11 9.4699440153e-11
1.6107177734e+02 1.3085586947e-10 3.6610490526e-11 9.4245378947e-11
1.6113281250e+02 1.2909851446e-10 3.6245141144e-11 9.2853373315e-11
1.6119384766e+02 1.2763453095e-10 3.5915375820e-11 9.1719155134e-11
1.6125488281e+02 1.2626232854e-10 3.5577250035e-11 9.0685078502e-11
1.6131591797e+02 1.2402634255e-10 3.4992872822e-11 8.9033469727e-11
1.6137695312e+02 1.2253837620e-10 3.4628717331e-11 8.7909658867e-11
1.6143798828e+02 1.2154648137e-10 3.4294364732e-11 8.7252116640e-11
1.6149902344e+02 1.2028122004e-10 3.4040088543e-11 8.6241131498e-11
1.6156005859e+02 1.2025918731e-10 3.3894324257e-11 8.6364863054e-11
1.6162109375e+02 1.1955266447e-10 3.3653985092e-11 8.5898679379e-11
1.6168212891e+02 1.1855725217e-10 3.3239273198e-11 8.5317978976e-11
1.6174316406e+02 1.1809613507e-10 3.3089816940e-11 8.5006318127e-11
1.6180419922e+02 1.1737512493e-10 3.2875421482e-11 8.4499703445e-11
1.6186523438e+02 1.1684045713e-10 3.2544155670e-11 8.4296301457e-11
1.6192626953e+02 1.1657385862e-10 3.2472020789e-11 8.4101837836e-11
1.6198730469e+02 1.1563047119e-10 3.2211329605e-11 8.3419141581e-11
1.6204833984e+02 1.1497147975e-10 3.2133404657e-11 8.2838075094e-11
1.6210937500e+02 1.1475129113e-10 3.2015315407e-11 8.2735975726e-11
1.6217041016e+02 1.1407107035e-10 3.1659873427e-11 8.2411196925e-11
1.6223144531e+02 1.1429170508e-10 3.1766061271e-11 8.2525643804e-11
1.6229248047e+02 1.1361401562e-10 3.1592813953e-11 8.2021201666e-11
1.6235351562e+02 1.1297806549e-10 3.1587584916e-11 8.1390480570e-11
1.6241455078e+02 1.1202712858e-10 3.1500652592e-11 8.0526475991e-11
1.6247558594e+02 1.1135150478e-10 3.1394363736e-11 7.9957141041e-11
1.6253662109e+02 1.1004284178e-10 3.1023246008e-11 7.9019595769e-11
1.6259765625e+02 1.0969153531e-10 3.0944695629e-11 7.8746839680e-11
1.6265869141e+02 1.0899548656e-10 3.0940631785e-11 7.8054854773e-11
1.6271972656e+02 1.0792309888e-10 3.0871888363e-11 7.7051210520e-11
1.6278076172e+02 1.0684212653e-10 3.0665201779e-11 7.6176924746e-11
1.6284179688e+02 1.0582675129e-10 3.0439975584e-11 7.5386775703e-11
1.6290283203e+02 1.0564334364e-10 3.0426789621e-11 7.5216554015e-11
1.6296386719e+02 1.0484007886e-10 3.0307701864e-11 7.4532376999e-11
1.6302490234e+02 1.0405751865e-10 3.0143827735e-11 7.3913690911e-11
1.6308593750e+02 1.0341103604e-10 2.9906146159e-11 7.3504889879e-11
1.6314697266e+02 1.0263998733e-10 2.9659466032e-11 7.2980521294e-11
1.6320800781e+02 1.0258038819e-10 2.9635398147e-11 7.2944990041e-11
1.6326904297e+02 1.0209611120e-10 2.9414372345e-11 7.2681738857e-11
1.6333007812e+02 1.0121878699e-10 2.9129816446e-11 7.2088970548e-11
1.6339111328e+02 1.0075172376e-10 2.8984400394e-11 7.1767323370e-11
1.6345214844e+02 1.0052759110e-10 2.8755603647e-11 7.1771987456e-11
1.6351318359e+02 9.9820689375e-11 2.8398387842e-11 7.1422301533e-11
1.6357421875e+02 9.9651551831e-11 2.8270540400e-11 7.1381011431e-11
1.6363525391e+02 9.9605880736e-11 2.8192422111e-11 7.1413458624e-11
1.6369628906e+02 9.9363278780e-11 2.8098327757e-11 7.1264951023e-11
1.6375732422e+02 9.8711229147e-11 2.7781413658e-11 7.0929815489e-11
1.6381835938e+02 9.8169690118e-11 2.7442134105e-11 7.0727556013e-11
1.6387939453e+02 9.7678371552e-11 2.7395891730e-11 7.0282479823e-11
1.6394042969e+02 9.7565770306e-11 2.7320897224e-11 7.0244873082e-11
1.6400146484e+02 9.7200339753e-11 2.7179617713e-11 7.0020722040e-11
1.6406250000e+02 9.6843414167e-11 2.7040810411e-11 6.9802603757e-11
1.6412353516e+02 9.6281742979e-11 2.6819780682e-11 6.9461962297e-11
1.6418457031e+02 9.6513749040e-11 2.6881051982e-11 6.9632697058e-11
1.6424560547e+02 9.6100524690e-11 2.6789439662e-11 6.9311085028e-11
1.6430664062e+02 9.6243769023e-11 2.6772973141e-11 6.9470795882e-11
1.6436767578e+02 9.6466998636e-11 2.6889319911e-11 6.9577678725e-11
1.6442871094e+02 9.6110983479e-11 2.6920824643e-11 6.9190158836e-11
1.6448974609e+02 9.5739968206e-11 2.6864941754e-11 6.8875026453e-11
1.6455078125e+02 9.6083570002e-11 2.6988808712e-11 6.9094761290e-11
1.6461181641e+02 9.6189038225e-11 2.6977769496e-11 6.9211268729e-11
1.6467285156e+02 9.6474053904e-11 2.6998588225e-11 6.9475465679e-11
1.6473388672e+02 9.7440013029e-11 2.7307365374e-11 7.0132647655e-11
1.6479492188e+02 9.7285988898e-11 2.7241369601e-11 7.0044619298e-11
1.6485595703e+02 9.7835157888e-11 2.7358244852e-11 7.0476913036e-11
1.6491699219e+02 9.8775548606e-11 2.7732875795e-11 7.1042672810e-11
1.6497802734e+02 9.8746417859e-11 2.7575335246e-11 7.1171082612e-11
1.6503906250e+02 9.9467262024e-11 2.7865515762e-11 7.1601746262e-11
1.6510009766e+02 1.0048917039e-10 2.8114377344e-11 7.2374793048e-11
1.6516113281e+02 1.0138828205e-10 2.8265182195e-11 7.3123099859e-11
1.6522216797e+02 1.0258673352e-10 2.8610209330e-11 7.3976524185e-11
1.6528320312e+02 1.0356578565e-10 2.8918337271e-11 7.4647448374e-11
1.6534423828e+02 1.0361844896e-10 2.8896233099e-11 7.4722215860e-11
1.6540527344e+02 1.0399402945e-10 2.8986685615e-11 7.5007343830e-11
1.6546630859e+02 1.0471546307e-10 2.9242920945e-11 7.5472542129e-11
1.6552734375e+02 1.0600911727e-10 2.9555988084e-11 7.6453129185e-11
1.6558837891e+02 1.0651787709e-10 2.9744117818e-11 7.6773759272e-11
1.6564941406e+02 1.0617481313e-10 2.9691838435e-11 7.6482974699e-11
1.6571044922e+02 1.0650530401e-10 2.9654122649e-11 7.6851181362e-11
1.6577148438e+02 1.0664347720e-10 2.9788286233e-11 7.6855190965e-11
1.6583251953e+02 1.0588991127e-10 2.9620317841e-11 7.6269593428e-11
1.6589355469e+02 1.0565433330e-10 2.9678903728e-11 7.5975429570e-11
1.6595458984e+02 1.0497300902e-10 2.9515849782e-11 7.5457159241e-11
1.6601562500e+02 1.0342838844e-10 2.9153753595e-11 7.4274634843e-11
1.6607666016e+02 1.0188902672e-10 2.8771288886e-11 7.3117737835e-11
1.6613769531e+02 9.9993957575e-11 2.8222485924e-11 7.1771471651e-11
1.6619873047e+02 9.7759189119e-11 2.7751459611e-11 7.0007729508e-11
1.6625976562e+02 9.5857321635e-11 2.7305689982e-11 6.8551631653e-11
1.6632080078e+02 9.4216187063e-11 2.6857356993e-11 6.7358830069e-11
1.6638183594e+02 9.2499945315e-11 2.6372661494e-11 6.6127283822e-11
1.6644287109e+02 9.0602129813e-11 2.5915454179e-11 6.4686675634e-11
1.6650390625e+02 8.8358235024e-11 2.5397397756e-11 6.2960837268e-11
1.6656494141e+02 8.6479477542e-11 2.4969720811e-11 6.1509756731e-11
1.6662597656e+02 8.4670175344e-11 2.4409829515e-11 6.0260345829e-11
1.6668701172e+02 8.3188809735e-11 2.4002447464e-11 5.9186362271e-11
1.6674804688e+02 8.2373845077e-11 2.3599935129e-11 5.8773909947e-11
1.6680908203e+02 8.1562846002e-11 2.3406219814e-11 5.8156626188e-11
1.6687011719e+02 8.1047380000e-11 2.3216961649e-11 5.7830418351e-11
1.6693115234e+02 8.0066312752e-11 2.2856310185e-11 5.7210002567e-11
1.6699218750e+02 7.9229331649e-11 2.2624838568e-11 5.6604493080e-11
1.6705322266e+02 7.8601577780e-11 2.2309731024e-11 5.6291846756e-11
1.6711425781e+02 7.8597922938e-11 2.2268649655e-11 5.6329273283e-11
1.6717529297e+02 7.8515967005e-11 2.2120701736e-11 5.6395265269e-11
1.6723632812e+02 7.9003613409e-11 2.2181275631e-11 5.6822337778e-11
1.6729736328e+02 7.8463608431e-11 2.2024131444e-11 5.6439476987e-11
1.6735839844e+02 7.8405417559e-11 2.1944590711e-11 5.6460826847e-11
1.6741943359e+02 7.8478689082e-11 2.1997928787e-11 5.6480760295e-11
1.6748046875e+02 7.8051896396e-11 2.1837793311e-11 5.6214103084e-11
1.6754150391e+02 7.8207627391e-11 2.1919871547e-11 5.6287755844e-11
1.6760253906e+02 7.8090200270e-11 2.1860611090e-11 5.6229589181e-11
1.6766357422e+02 7.7566674470e-11 2.1810071247e-11 5.5756603222e-11
1.6772460938e+02 7.7258937906e-11 2.1707843557e-11 5.5551094349e-11
1.6778564453e+02 7.6911297658e-11 2.1683179229e-11 5.5228118429e-11
1.6784667969e+02 7.6596202705e-11 2.1706245481e-11 5.4889957224e-11
1.6790771484e+02 7.5904281495e-11 2.1527635635e-11 5.4376645861e-11
1.6796875000e+02 7.5516507380e-11 2.1458788131e-11 5.4057719249e-11
1.6802978516e+02 7.5135780828e-11 2.1433540654e-11 5.3702240174e-11
1.6809082031e+02 7.4769602527e-11 2.1345285183e-11 5.3424317343e-11
1.6815185547e+02 7.4220709685e-11 2.1163848992e-11 5.3056860694e-11
1.6821289062e+02 7.3927571653e-11 2.1119234719e-11 5.2808336934e-11
1.6827392578e+02 7.3406068899e-11 2.1069987233e-11 5.2336081666e-11
1.6833496094e+02 7.2879793714e-11 2.0963234763e-11 5.1916558951e-11
1.6839599609e+02 7.2818745900e-11 2.0921678255e-11 5.1897067644e-11
1.6845703125e+02 7.2299040056e-11 2.0747285856e-11 5.1551754200e-11
1.6851806641e+02 7.2009865306e-11 2.0621141651e-11 5.1388723655e-11
1.6857910156e+02 7.1500396150e-11 2.0481785169e-11 5.1018610981e-11
1.6864013672e+02 7.0762036026e-11 2.0249503667e-11 5.0512532359e-11
1.6870117188e+02 7.0329048373e-11 2.0148200569e-11 5.0180847804e-11
1.6876220703e+02 7.0090714197e-11 2.0086915384e-11 5.0003798813e-11
1.6882324219e+02 6.9663433696e-11 1.9937158968e-11 4.9726274728e-11
1.6888427734e+02 6.9450360733e-11 1.9818819360e-11 4.9631541373e-11
1.6894531250e+02 6.9088444408e-11 1.9637042093e-11 4.9451402315e-11
1.6900634766e+02 6.8749184161e-11 1.9508897463e-11 4.9240286697e-11
1.6906738281e+02 6.8954129950e-11 1.9687775316e-11 4.9266354634e-11
1.6912841797e+02 6.8704787826e-11 1.9586462454e-11 4.9118325372e-11
1.6918945312e+02 6.8018521924e-11 1.9467944823e-11 4.8550577101e-11
1.6925048828e+02 6.8093731904e-11 1.9513167353e-11 4.8580564551e-11
1.6931152344e+02 6.7245313082e-11 1.9193496507e-11 4.8051816575e-11
1.6937255859e+02 6.6919404595e-11 1.9098292020e-11 4.7821112575e-11
1.6943359375e+02 6.6579394555e-11 1.8963164355e-11 4.7616230200e-11
1.6949462891e+02 6.6176469083e-11 1.8872437785e-11 4.7304031298e-11
1.6955566406e+02 6.6225491674e-11 1.8873685655e-11 4.7351806018e-11
1.6961669922e+02 6.6208678596e-11 1.8822901070e-11 4.7385777526e-11
1.6967773438e+02 6.5464211201e-11 1.8681692246e-11 4.6782518956e-11
1.6973876953e+02 6.5157610080e-11 1.8530568899e-11 4.6627041181e-11
1.6979980469e+02 6.4979646176e-11 1.8526981763e-11 4.6452664414e-11
1.6986083984e+02 6.4657728367e-11 1.8475146055e-11 4.6182582311e-11
1.6992187500e+02 6.4330851514e-11 1.8392400342e-11 4.5938451173e-11
1.6998291016e+02 6.3809558137e-11 1.8305359755e-11 4.5504198383e-11
1.7004394531e+02 6.3272964071e-11 1.8129965900e-11 4.5142998171e-11
1.7010498047e+02 6.2953825384e-11 1.8074119295e-11 4.4879706089e-11
1.7016601562e+02 6.2641138703e-11 1.7988199636e-11 4.4652939067e-11
1.7022705078e+02 6.2595428834e-11 1.8044293123e-11 4.4551135711e-11
1.7028808594e+02 6.2821167511e-11 1.8094968832e-11 4.4726198679e-11
1.7034912109e+02 6.2521426566e-11 1.7891200738e-11 4.4630225828e-11
1.7041015625e+02 6.2242295245e-11 1.7736419502e-11 4.4505875743e-11
1.7047119141e+02 6.2074074130e-11 1.7682468367e-11 4.4391605763e-11
1.7053222656e+02 6.1801020333e-11 1.7595211311e-11 4.4205809021e-11
1.7059326172e+02 6.1660363258e-11 1.7628196664e-11 4.4032166594e-11
1.7065429688e+02 6.1443414267e-11 1.7422564774e-11 4.4020849493e-11
1.7071533203e+02 6.1353427351e-11 1.7348211053e-11 4.4005216298e-11
1.7077636719e+02 6.1583559458e-11 1.7512014463e-11 4.4071544994e-11
1.7083740234e+02 6.1750155186e-11 1.7653840100e-11 4.4096315087e-11
1.7089843750e+02 6.2009853950e-11 1.7608816434e-11 4.4401037517e-11
1.7095947266e+02 6.2246872463e-11 1.7509452432e-11 4.4737420031e-11
1.7102050781e+02 6.2116008335e-11 1.7504039133e-11 4.4611969203e-11
1.7108154297e+02 6.2253691152e-11 1.7524569221e-11 4.4729121930e-11
1.7114257812e+02 6.1961886548e-11 1.7508547447e-11 4.4453339101e-11
1.7120361328e+02 6.2027389675e-11 1.7516609996e-11 4.4510779679e-11
1.7126464844e+02 6.1851572548e-11 1.7473220033e-11 4.4378352516e-11
1.7132568359e+02 6.1742649030e-11 1.7505548664e-11 4.4237100366e-11
1.7138671875e+02 6.1616742379e-11 1.7511650045e-11 4.4105092334e-11
1.7144775391e+02 6.1399361512e-11 1.7495895221e-11 4.3903466291e-11
1.7150878906e+02 6.1055008114e-11 1.7316616394e-11 4.3738391720e-11
1.7156982422e+02 6.0969581926e-11 1.7293667937e-11 4.3675913989e-11
1.7163085938e+02 6.0543806134e-11 1.7207480774e-11 4.3336325360e-11
1.7169189453e+02 5.9801673469e-11 1.7046452791e-11 4.2755220677e-11
1.7175292969e+02 5.9475336621e-11 1.6975081741e-11 4.2500254879e-11
1.7181396484e+02 5.8871742533e-11 1.6873643818e-11 4.1998098715e-11
1.7187500000e+02 5.7836382035e-11 1.6654250896e-11 4.1182131139e-11
1.7193603516e+02 5.7242644211e-11 1.6468212761e-11 4.0774431451e-11
1.7199707031e+02 5.6733580558e-11 1.6301517500e-11 4.0432063058e-11
1.7205810547e+02 5.6255422964e-11 1.6194920752e-11 4.0060502212e-11
1.7211914062e+02 5.5841987178e-11 1.6105276117e-11 3.9736711061e-11
1.7218017578e+02 5.5363933037e-11 1.5976452983e-11 3.9387480053e-11
1.7224121094e+02 5.4832683590e-11 1.5917288983e-11 3.8915394607e-11
1.7230224609e+02 5.4594763861e-11 1.5856909514e-11 3.8737854347e-11
1.7236328125e+02 5.4509101466e-11 1.5783919610e-11 3.8725181856e-11
1.7242431641e+02 5.4507710846e-11 1.5805763458e-11 3.8701947388e-11
1.7248535156e+02 5.4291384218e-11 1.5677124640e-11 3.8614259579e-11
1.7254638672e+02 5.4318892957e-11 1.5658247254e-11 3.8660645702e-11
1.7260742188e+02 5.4234605456e-11 1.5674609674e-11 3.8559995782e-11
1.7266845703e+02 5.4224958705e-11 1.5709540475e-11 3.8515418230e-11
1.7272949219e+02 5.4033523074e-11 1.5597718999e-11 3.8435804075e-11
1.7279052734e+02 5.4003566982e-11 1.5607103623e-11 3.8396463358e-11
1.7285156250e+02 5.4419435978e-11 1.5668434150e-11 3.8751001828e-11
1.7291259766e+02 5.4486542818e-11 1.5722035227e-11 3.8764507591e-11
1.7297363281e+02 5.4515441097e-11 1.5696429934e-11 3.8819011163e-11
1.7303466797e+02 5.4619101527e-11 1.5659661200e-11 3.8959440327e-11
1.7309570312e+02 5.4390216763e-11 1.5515142068e-11 3.8875074694e-11
1.7315673828e+02 5.4535584601e-11 1.5556821926e-11 3.8978762675e-11
1.7321777344e+02 5.4794886776e-11 1.5626210069e-11 3.9168676707e-11
1.7327880859e+02 5.5211336321e-11 1.5680160192e-11 3.9531176129e-11
1.7333984375e+02 5.5104099913e-11 1.5689277347e-11 3.9414822566e-11
1.7340087891e+02 5.4749379814e-11 1.5584562282e-11 3.9164817531e-11
1.7346191406e+02 5.4606440685e-11 1.5511039830e-11 3.9095400855e-11
1.7352294922e+02 5.4538957595e-11 1.5412626847e-11 3.9126330748e-11
1.7358398438e+02 5.4481570298e-11 1.5363414132e-11 3.9118156166e-11
1.7364501953e+02 5.4341932935e-11 1.5341608891e-11 3.9000324044e-11
1.7370605469e+02 5.4308730596e-11 1.5324222336e-11 3.8984508261e-11
1.7376708984e+02 5.4346452164e-11 1.5395892884e-11 3.8950559279e-11
1.7382812500e+02 5.3898237673e-11 1.5251553005e-11 3.8646684668e-11
1.7388916016e+02 5.3830286207e-11 1.5224520014e-11 3.8605766192e-11
1.7395019531e+02 5.3675060583e-11 1.5274131757e-11 3.8400928826e-11
1.7401123047e+02 5.3230950923e-11 1.5228187726e-11 3.8002763197e-11
1.7407226562e+02 5.3339084190e-11 1.5276859787e-11 3.8062224403e-11
1.7413330078e+02 5.3579759284e-11 1.5259946182e-11 3.8319813102e-11
1.7419433594e+02 5.3283724537e-11 1.5153537301e-11 3.8130187236e-11
1.7425537109e+02 5.3171386807e-11 1.5175612076e-11 3.7995774731e-11
1.7431640625e+02 5.3345230075e-11 1.5292502836e-11 3.8052727239e-11
1.7437744141e+02 5.3403522419e-11 1.5403466698e-11 3.8000055721e-11
1.7443847656e+02 5.3858860102e-11 1.5478280861e-11 3.8380579241e-11
1.7449951172e+02 5.4051579112e-11 1.5500581353e-11 3.8550997759e-11
1.7456054688e+02 5.4077259986e-11 1.5548468109e-11 3.8528791877e-11
1.7462158203e+02 5.3978554290e-11 1.5547792799e-11 3.8430761492e-11
1.7468261719e+02 5.3948420339e-11 1.5582586319e-11 3.8365834020e-11
1.7474365234e+02 5.4063567637e-11 1.5612686722e-11 3.8450880915e-11
1.7480468750e+02 5.4135068728e-11 1.5570555540e-11 3.8564513188e-11
1.7486572266e+02 5.4038639240e-11 1.5524019585e-11 3.8514619655e-11
1.7492675781e+02 5.3917827250e-11 1.5509514283e-11 3.8408312967e-11
1.7498779297e+02 5.3641041984e-11 1.5512914592e-11 3.8128127392e-11
1.7504882812e+02 5.3865471502e-11 1.5564654056e-11 3.8300817447e-11
1.7510986328e+02 5.3681438585e-11 1.5530249716e-11 3.8151188869e-11
1.7517089844e+02 5.3127926099e-11 1.5456548568e-11 3.7671377532e-11
1.7523193359e+02 5.2892287118e-11 1.5338199525e-11 3.7554087593e-11
1.7529296875e+02 5.2599330136e-11 1.5247575250e-11 3.7351754886e-11
1.7535400391e+02 5.2097149176e-11 1.5164337542e-11 3.6932811633e-11
1.7541503906e+02 5.1588134841e-11 1.5033968243e-11 3.6554166598e-11
1.7547607422e+02 5.1189033016e-11 1.4919415903e-11 3.6269617113e-11
1.7553710938e+02 5.1110457384e-11 1.4829276838e-11 3.6281180546e-11
1.7559814453e+02 5.1035174422e-11 1.4713873436e-11 3.6321300985e-11
1.7565917969e+02 5.0938852383e-11 1.4664938756e-11 3.6273913627e-11
1.7572021484e+02 5.0807327967e-11 1.4636899078e-11 3.6170428889e-11
1.7578125000e+02 5.0496533876e-11 1.4603358089e-11 3.5893175786e-11
1.7584228516e+02 5.0586645116e-11 1.4632152507e-11 3.5954492610e-11
1.7590332031e+02 5.1011361941e-11 1.4704437495e-11 3.6306924446e-11
1.7596435547e+02 5.0939779908e-11 1.4638994336e-11 3.6300785572e-11
1.7602539062e+02 5.1065863260e-11 1.4637898644e-11 3.6427964616e-11
1.7608642578e+02 5.1174027361e-11 1.4694354335e-11 3.6479673026e-11
1.7614746094e+02 5.1074037172e-11 1.4667057626e-11 3.6406979546e-11
1.7620849609e+02 5.1077850998e-11 1.4660221618e-11 3.6417629380e-11
1.7626953125e+02 5.0969261495e-11 1.4559872806e-11 3.6409388689e-11
1.7633056641e+02 5.0651884492e-11 1.4427409801e-11 3.6224474690e-11
1.7639160156e+02 5.0239937728e-11 1.4298301773e-11 3.5941635955e-11
1.7645263672e+02 5.0080678105e-11 1.4323585629e-11 3.5757092476e-11
1.7651367188e+02 4.9805691667e-11 1.4309318558e-11 3.5496373108e-11
1.7657470703e+02 4.9617081095e-11 1.4227836752e-11 3.5389244343e-11
1.7663574219e+02 4.9432469719e-11 1.4171321613e-11 3.5261148106e-11
1.7669677734e+02 4.8806843568e-11 1.3959458807e-11 3.4847384761e-11
1.7675781250e+02 4.8517451981e-11 1.3901060806e-11 3.4616391175e-11
1.7681884766e+02 4.7763409321e-11 1.3781396816e-11 3.3982012504e-11
1.7687988281e+02 4.6942325711e-11 1.3537093169e-11 3.3405232542e-11
1.7694091797e+02 4.6604651366e-11 1.3379218909e-11 3.3225432458e-11
1.7700195312e+02 4.5702298275e-11 1.3135079543e-11 3.2567218732e-11
1.7706298828e+02 4.4999234028e-11 1.3013325597e-11 3.1985908431e-11
1.7712402344e+02 4.4420006064e-11 1.2877212591e-11 3.1542793473e-11
1.7718505859e+02 4.3629679291e-11 1.2633485738e-11 3.0996193553e-11
1.7724609375e+02 4.3141968045e-11 1.2509020724e-11 3.0632947321e-11
1.7730712891e+02 4.2742915242e-11 1.2397516377e-11 3.0345398865e-11
1.7736816406e+02 4.2240421001e-11 1.2345333951e-11 2.9895087049e-11
1.7742919922e+02 4.1900601916e-11 1.2280404554e-11 2.9620197361e-11
1.7749023438e+02 4.1728336346e-11 1.2226926409e-11 2.9501409937e-11
1.7755126953e+02 4.1275852351e-11 1.2065028034e-11 2.9210824317e-11
1.7761230469e+02 4.1048938891e-11 1.1984435586e-11 2.9064503305e-11
1.7767333984e+02 4.0837581984e-11 1.1902328665e-11 2.8935253319e-11
1.7773437500e+02 4.0754553579e-11 1.1905127341e-11 2.8849426238e-11
1.7779541016e+02 4.0637487234e-11 1.1854513656e-11 2.8782973578e-11
1.7785644531e+02 4.0535486749e-11 1.1781046181e-11 2.8754440568e-11
1.7791748047e+02 4.0308516021e-11 1.1733548312e-11 2.8574967709e-11
1.7797851562e+02 4.0219578094e-11 1.1654381181e-11 2.8565196914e-11
1.7803955078e+02 4.0067119539e-11 1.1584050572e-11 2.8483068967e-11
1.7810058594e+02 4.0154336101e-11 1.1624720923e-11 2.8529615177e-11
1.7816162109e+02 4.0508371405e-11 1.1706541375e-11 2.8801830030e-11
1.7822265625e+02 4.0591275836e-11 1.1679578668e-11 2.8911697168e-11
1.7828369141e+02 4.0437022177e-11 1.1643934800e-11 2.8793087377e-11
1.7834472656e+02 4.0134967091e-11 1.1560326877e-11 2.8574640214e-11
1.7840576172e+02 3.9971706424e-11 1.1493265883e-11 2.8478440541e-11
1.7846679688e+02 4.0026973706e-11 1.1431887245e-11 2.8595086460e-11
1.7852783203e+02 3.9882014224e-11 1.1386875982e-11 2.8495138242e-11
1.7858886719e+02 3.9897573337e-11 1.1445445629e-11 2.8452127708e-11
1.7864990234e+02 3.9555804072e-11 1.1302887051e-11 2.8252917022e-11
1.7871093750e+02 3.9031545032e-11 1.1137746528e-11 2.7893798504e-11
1.7877197266e+02 3.9161306084e-11 1.1210531764e-11 2.7950774320e-11
1.7883300781e+02 3.8875932360e-11 1.1140316359e-11 2.7735616002e-11
1.7889404297e+02 3.8662829771e-11 1.1106023371e-11 2.7556806399e-11
1.7895507812e+02 3.8738577479e-11 1.1115595934e-11 2.7622981545e-11
1.7901611328e+02 3.8595939982e-11 1.1103793288e-11 2.7492146695e-11
1.7907714844e+02 3.8110767123e-11 1.0977365504e-11 2.7133401619e-11
1.7913818359e+02 3.7887653370e-11 1.0934229527e-11 2.6953423843e-11
1.7919921875e+02 3.7711188448e-11 1.0909766875e-11 2.6801421573e-11
1.7926025391e+02 3.7525403760e-11 1.0834417373e-11 2.6690986387e-11
1.7932128906e+02 3.7503624350e-11 1.0888487897e-11 2.6615136453e-11
1.7938232422e+02 3.7383471791e-11 1.0833908661e-11 2.6549563130e-11
1.7944335938e+02 3.7303582891e-11 1.0784099728e-11 2.6519483163e-11
1.7950439453e+02 3.7272910746e-11 1.0814460207e-11 2.6458450539e-11
1.7956542969e+02 3.7157307849e-11 1.0775071486e-11 2.6382236363e-11
1.7962646484e+02 3.7043708644e-11 1.0789402291e-11 2.6254306353e-11
1.7968750000e+02 3.7156925745e-11 1.0835723337e-11 2.6321202409e-11
1.7974853516e+02 3.7246956248e-11 1.0865510360e-11 2.6381445888e-11
1.7980957031e+02 3.6981011950e-11 1.0751815177e-11 2.6229196773e-11
1.7987060547e+02 3.6812461556e-11 1.0696936658e-11 2.6115524898e-11
1.7993164062e+02 3.6881974836e-11 1.0727708369e-11 2.6154266466e-11
1.7999267578e+02 3.6963962890e-11 1.0770152170e-11 2.6193810721e-11
1.8005371094e+02 3.7093871047e-11 1.0816694933e-11 2.6277176114e-11
1.8011474609e+02 3.7188836084e-11 1.0839358264e-11 2.6349477820e-11
1.8017578125e+02 3.6946049238e-11 1.0779232670e-11 2.6166816567e-11
1.8023681641e+02 3.6677226952e-11 1.0668713864e-11 2.6008513088e-11
1.8029785156e+02 3.6387806434e-11 1.0603813993e-11 2.5783992441e-11
1.8035888672e+02 3.6238886957e-11 1.0565590814e-11 2.5673296143e-11
1.8041992188e+02 3.6077587976e-11 1.0526007000e-11 2.5551580976e-11
1.8048095703e+02 3.6223977664e-11 1.0648522433e-11 2.5575455231e-11
1.8054199219e+02 3.5985030271e-11 1.0594182856e-11 2.5390847415e-11
1.8060302734e+02 3.5741318421e-11 1.0542083831e-11 2.5199234589e-11
1.8066406250e+02 3.5240315795e-11 1.0399923143e-11 2.4840392652e-11
1.8072509766e+02 3.5001546851e-11 1.0280981227e-11 2.4720565625e-11
1.8078613281e+02 3.5031555088e-11 1.0260909955e-11 2.4770645133e-11
1.8084716797e+02 3.4947522650e-11 1.0198529311e-11 2.4748993339e-11
1.8090820312e+02 3.4604166091e-11 1.0123893790e-11 2.4480272301e-11
1.8096923828e+02 3.4478127737e-11 1.0106124830e-11 2.4372002907e-11
1.8103027344e+02 3.4245252613e-11 1.0047402211e-11 2.4197850402e-11
1.8109130859e+02 3.4025742269e-11 9.9994679415e-12 2.4026274327e-11
1.8115234375e+02 3.3918338143e-11 9.9425862935e-12 2.3975751849e-11
1.8121337891e+02 3.3998386837e-11 9.9103317809e-12 2.4088055056e-11
1.8127441406e+02 3.3917409488e-11 9.8618546591e-12 2.4055554828e-11
1.8133544922e+02 3.3538004355e-11 9.7840401026e-12 2.3753964253e-11
1.8139648438e+02 3.3444652404e-11 9.7398178905e-12 2.3704834513e-11
1.8145751953e+02 3.3348635089e-11 9.6482741061e-12 2.3700360983e-11
1.8151855469e+02 3.3367262368e-11 9.6853482981e-12 2.3681914070e-11
1.8157958984e+02 3.3459200153e-11 9.6936940932e-12 2.3765506060e-11
1.8164062500e+02 3.3348167451e-11 9.6632624064e-12 2.3684905044e-11
1.8170166016e+02 3.3007769506e-11 9.5200294078e-12 2.3487740098e-11
1.8176269531e+02 3.2685026011e-11 9.4797406780e-12 2.3205285333e-11
1.8182373047e+02 3.2234315104e-11 9.4350053251e-12 2.2799309779e-11
1.8188476562e+02 3.2138766658e-11 9.3560754798e-12 2.2782691178e-11
1.8194580078e+02 3.2263824559e-11 9.3670387876e-12 2.2896785772e-11
1.8200683594e+02 3.2179654899e-11 9.3654002115e-12 2.2814254688e-11
1.8206787109e+02 3.1925375089e-11 9.2926177852e-12 2.2632757304e-11
1.8212890625e+02 3.1804757678e-11 9.2791112275e-12 2.2525646450e-11
1.8218994141e+02 3.1598672669e-11 9.2272233300e-12 2.2371449339e-11
1.8225097656e+02 3.1401980972e-11 9.1852282730e-12 2.2216752699e-11
1.8231201172e+02 3.1352823335e-11 9.1528475530e-12 2.2199975782e-11
1.8237304688e+02 3.1277291724e-11 9.1148041619e-12 2.2162487562e-11
1.8243408203e+02 3.1133717930e-11 9.1125544655e-12 2.2021163464e-11
1.8249511719e+02 3.1155630762e-11 9.0915654745e-12 2.2064065287e-11
1.8255615234e+02 3.0922230191e-11 9.0096752571e-12 2.1912554934e-11
1.8261718750e+02 3.0609975900e-11 8.9345363944e-12 2.1675439505e-11
1.8267822266e+02 3.0538539094e-11 8.9451575353e-12 2.1593381558e-11
1.8273925781e+02 3.0691687651e-11 8.9554576592e-12 2.1736229992e-11
1.8280029297e+02 3.0715605273e-11 8.9888767634e-12 2.1726728510e-11
1.8286132812e+02 3.0587108334e-11 8.9966823248e-12 2.1590426009e-11
1.8292236328e+02 3.0306759841e-11 8.9084400019e-12 2.1398319839e-11
1.8298339844e+02 3.0244167838e-11 8.8991124907e-12 2.1345055348e-11
1.8304443359e+02 3.0347634470e-11 8.9210670593e-12 2.1426567410e-11
1.8310546875e+02 3.0312990424e-11 8.8716685827e-12 2.1441321842e-11
1.8316650391e+02 3.0219584954e-11 8.8318359311e-12 2.1387749023e-11
1.8322753906e+02 3.0043440194e-11 8.8111190704e-12 2.1232321123e-11
1.8328857422e+02 2.9847305176e-11 8.7620910563e-12 2.1085214120e-11
1.8334960938e+02 2.9605940353e-11 8.7112944783e-12 2.0894645874e-11
1.8341064453e+02 2.9288586260e-11 8.6468102085e-12 2.0641776052e-11
1.8347167969e+02 2.9383751774e-11 8.6665656095e-12 2.0717186164e-11
1.8353271484e+02 2.9272254301e-11 8.6355431095e-12 2.0636711192e-11
1.8359375000e+02 2.9199008745e-11 8.6095902120e-12 2.0589418533e-11
1.8365478516e+02 2.9066424591e-11 8.5637643335e-12 2.0502660257e-11
1.8371582031e+02 2.8889006991e-11 8.5727596616e-12 2.0316247329e-11
1.8377685547e+02 2.8646269076e-11 8.4761460013e-12 2.0170123075e-11
1.8383789062e+02 2.8572745904e-11 8.4636541964e-12 2.0109091708e-11
1.8389892578e+02 2.8403617877e-11 8.4099465838e-12 1.9993671293e-11
1.8395996094e+02 2.8388259634e-11 8.3911131265e-12 1.9997146507e-11
1.8402099609e+02 2.8260003640e-11 8.3446085099e-12 1.9915395130e-11
1.8408203125e+02 2.8226753881e-11 8.3442130435e-12 1.9882540837e-11
1.8414306641e+02 2.8025472916e-11 8.3019911947e-12 1.9723481721e-11
1.8420410156e+02 2.7903716306e-11 8.2572964497e-12 1.9646419856e-11
1.8426513672e+02 2.7807860712e-11 8.1911761393e-12 1.9616684573e-11
1.8432617188e+02 2.7863674688e-11 8.1833819844e-12 1.9680292703e-11
1.8438720703e+02 2.7708813551e-11 8.1775052746e-12 1.9531308277e-11
1.8444824219e+02 2.7711127845e-11 8.1696641152e-12 1.9541463730e-11
1.8450927734e+02 2.7708017783e-11 8.1762463355e-12 1.9531771447e-11
1.8457031250e+02 2.7655627829e-11 8.1561289955e-12 1.9499498833e-11
1.8463134766e+02 2.7391194504e-11 8.0580168307e-12 1.9333177673e-11
1.8469238281e+02 2.7398059357e-11 8.0980985827e-12 1.9299960774e-11
1.8475341797e+02 2.7432974755e-11 8.0703508442e-12 1.9362623911e-11
1.8481445312e+02 2.7243191161e-11 8.0070235690e-12 1.9236167592e-11
1.8487548828e+02 2.7098112605e-11 8.0138967093e-12 1.9084215896e-11
1.8493652344e+02 2.7000948679e-11 7.9772147793e-12 1.9023733900e-11
1.8499755859e+02 2.7042282664e-11 7.9731851356e-12 1.9069097528e-11
1.8505859375e+02 2.6943803455e-11 7.9867182996e-12 1.8957085155e-11
1.8511962891e+02 2.6648677929e-11 7.8575021714e-12 1.8791175758e-11
1.8518066406e+02 2.6564018729e-11 7.8392724680e-12 1.8724746261e-11
1.8524169922e+02 2.6478238042e-11 7.8498341080e-12 1.8628403934e-11
1.8530273438e+02 2.6501105331e-11 7.8825909230e-12 1.8618514408e-11
1.8536376953e+02 2.6523818127e-11 7.8499884018e-12 1.8673829725e-11
1.8542480469e+02 2.6449134850e-11 7.8265963311e-12 1.8622538519e-11
1.8548583984e+02 2.6571941786e-11 7.8658674864e-12 1.8706074299e-11
1.8554687500e+02 2.6285781268e-11 7.7757653417e-12 1.8510015926e-11
1.8560791016e+02 2.6141601991e-11 7.7466783811e-12 1.8394923610e-11
1.8566894531e+02 2.6032064650e-11 7.7204971765e-12 1.8311567474e-11
1.8572998047e+02 2.6015915076e-11 7.6869248148e-12 1.8328990261e-11
1.8579101562e+02 2.5927997460e-11 7.6936952381e-12 1.8234302222e-11
1.8585205078e+02 2.5842173193e-11 7.6029523393e-12 1.8239220854e-11
1.8591308594e+02 2.5634627133e-11 7.5653846030e-12 1.8069242530e-11
1.8597412109e+02 2.5567562582e-11 7.5645224818e-12 1.8003040100e-11
1.8603515625e+02 2.5537517256e-11 7.4906222501e-12 1.8046895006e-11
1.8609619141e+02 2.5408501158e-11 7.4721876302e-12 1.7936313527e-11
1.8615722656e+02 2.5292405119e-11 7.4507577098e-12 1.7841647409e-11
1.8621826172e+02 2.5200378784e-11 7.4183345378e-12 1.7782044246e-11
1.8627929688e+02 2.4980156821e-11 7.3705672099e-12 1.7609589611e-11
1.8634033203e+02 2.5047133657e-11 7.3878868135e-12 1.7659246844e-11
1.8640136719e+02 2.4940237948e-11 7.3458585749e-12 1.7594379373e-11
1.8646240234e+02 2.4761566488e-11 7.3283203571e-12 1.7433246131e-11
1.8652343750e+02 2.4764872552e-11 7.3642801540e-12 1.7400592398e-11
1.8658447266e+02 2.4607736894e-11 7.3102134122e-12 1.7297523482e-11
1.8664550781e+02 2.4307184506e-11 7.2510767851e-12 1.7056107721e-11
1.8670654297e+02 2.4239711162e-11 7.1941788860e-12 1.7045532276e-11
1.8676757812e+02 2.4229922460e-11 7.1385548288e-12 1.7091367632e-11
1.8682861328e+02 2.4349327262e-11 7.1916495965e-12 1.7157677665e-11
1.8688964844e+02 2.4203251171e-11 7.1286811515e-12 1.7074570020e-11
1.8695068359e+02 2.4024379446e-11 7.0753683786e-12 1.6949011068e-11
1.8701171875e+02 2.3989754241e-11 7.0745703840e-12 1.6915183857e-11
1.8707275391e+02 2.3842144154e-11 7.0505036145e-12 1.6791640539e-11
1.8713378906e+02 2.3546577818e-11 6.9823673730e-12 1.6564210445e-11
1.8719482422e+02 2.3406744004e-11 6.9265324885e-12 1.6480211516e-11
1.8725585938e+02 2.3489612610e-11 6.9636330660e-12 1.6525979544e-11
1.8731689453e+02 2.3297146138e-11 6.9305886481e-12 1.6366557490e-11
1.8737792969e+02 2.3056695179e-11 6.8707407225e-12 1.6185954456e-11
1.8743896484e+02 2.2719129286e-11 6.7992682764e-12 1.5919861010e-11
1.8750000000e+02 2.2596470807e-11 6.7428314459e-12 1.5853639361e-11
1.8756103516e+02 2.2330977522e-11 6.6885141894e-12 1.5642463332e-11
1.8762207031e+02 2.2128216228e-11 6.5935197843e-12 1.5534696444e-11
1.8768310547e+02 2.2141703940e-11 6.6207432689e-12 1.5520960671e-11
1.8774414062e+02 2.1849404380e-11 6.5353280102e-12 1.5314076370e-11
1.8780517578e+02 2.1640895360e-11 6.4696618515e-12 1.5171233508e-11
1.8786621094e+02 2.1384851808e-11 6.4008305857e-12 1.4984021222e-11
1.8792724609e+02 2.1348165875e-11 6.3889301886e-12 1.4959235687e-11
1.8798828125e+02 2.1431853381e-11 6.3980841919e-12 1.5033769189e-11
1.8804931641e+02 2.1111171521e-11 6.3292169331e-12 1.4781954588e-11
1.8811035156e+02 2.0936103712e-11 6.2930262084e-12 1.4643077504e-11
1.8817138672e+02 2.0694337202e-11 6.2353101027e-12 1.4459027099e-11
1.8823242188e+02 2.0641842427e-11 6.2152433640e-12 1.4426599063e-11
1.8829345703e+02 2.0532194213e-11 6.1936543889e-12 1.4338539824e-11
1.8835449219e+02 2.0462089159e-11 6.1808107687e-12 1.4281278390e-11
1.8841552734e+02 2.0487279924e-11 6.1921271636e-12 1.4295152760e-11
1.8847656250e+02 2.0325286782e-11 6.1507404236e-12 1.4174546358e-11
1.8853759766e+02 2.0046152366e-11 6.0819674285e-12 1.3964184937e-11
1.8859863281e+02 1.9911143069e-11 6.0457694343e-12 1.3865373634e-11
1.8865966797e+02 1.9732800645e-11 5.9860223279e-12 1.3746778317e-11
1.8872070312e+02 1.9824960850e-11 6.0056977822e-12 1.3819263068e-11
1.8878173828e+02 1.9851435442e-11 5.9998342998e-12 1.3851601143e-11
1.8884277344e+02 1.9793815890e-11 6.0226593806e-12 1.3771156509e-11
1.8890380859e+02 1.9846550311e-11 6.0519522408e-12 1.3794598070e-11
1.8896484375e+02 1.9638537351e-11 5.9847805287e-12 1.3653756822e-11
1.8902587891e+02 1.9536843038e-11 5.9744560093e-12 1.3562387028e-11
1.8908691406e+02 1.9374281814e-11 5.9084501612e-12 1.3465831653e-11
1.8914794922e+02 1.9486322832e-11 5.9611476465e-12 1.3525175186e-11
1.8920898438e+02 1.9573872585e-11 5.9781123466e-12 1.3595760239e-11
1.8927001953e+02 1.9555025194e-11 5.9299780043e-12 1.3625047190e-11
1.8933105469e+02 1.9594907838e-11 5.9106023648e-12 1.3684305474e-11
1.8939208984e+02 1.9303711547e-11 5.8106426378e-12 1.3493068910e-11
1.8945312500e+02 1.9379552277e-11 5.8521722939e-12 1.3527379983e-11
1.8951416016e+02 1.9510357109e-11 5.8969953858e-12 1.3613361724e-11
1.8957519531e+02 1.9483169147e-11 5.8994588548e-12 1.3583710292e-11
1.8963623047e+02 1.9495017153e-11 5.9004850811e-12 1.3594532072e-11
1.8969726562e+02 1.9588899391e-11 5.9367039590e-12 1.3652195432e-11
1.8975830078e+02 1.9374529339e-11 5.8782823317e-12 1.3496247007e-11
1.8981933594e+02 1.9419937560e-11 5.8624474124e-12 1.3557490147e-11
1.8988037109e+02 1.9413972313e-11 5.8355308039e-12 1.3578441509e-11
1.8994140625e+02 1.9330018656e-11 5.8003265045e-12 1.3529692152e-11
1.9000244141e+02 1.9369337264e-11 5.8286923632e-12 1.3540644900e-11
1.9006347656e+02 1.9426731837e-11 5.8251751838e-12 1.3601556653e-11
1.9012451172e+02 1.9200447854e-11 5.7671520356e-12 1.3433295819e-11
1.9018554688e+02 1.9007382790e-11 5.7427871990e-12 1.3264595591e-11
1.9024658203e+02 1.8919335505e-11 5.7127057305e-12 1.3206629775e-11
1.9030761719e+02 1.8996409685e-11 5.7251129946e-12 1.3271296690e-11
1.9036865234e+02 1.8807486686e-11 5.6824011025e-12 1.3125085583e-11
1.9042968750e+02 1.8825526227e-11 5.7132667478e-12 1.3112259479e-11
1.9049072266e+02 1.8917301259e-11 5.7388198635e-12 1.3178481396e-11
1.9055175781e+02 1.8592471771e-11 5.6427521764e-12 1.2949719594e-11
1.9061279297e+02 1.8476933117e-11 5.6474775552e-12 1.2829455562e-11
1.9067382812e+02 1.8659882716e-11 5.7049490066e-12 1.2954933709e-11
1.9073486328e+02 1.8679048931e-11 5.6513396304e-12 1.3027709301e-11
1.9079589844e+02 1.8504024500e-11 5.6454892383e-12 1.2858535262e-11
1.9085693359e+02 1.8427954333e-11 5.6337694494e-12 1.2794184883e-11
1.9091796875e+02 1.8349538662e-11 5.5636500403e-12 1.2785888621e-11
1.9097900391e+02 1.8303499901e-11 5.5250155859e-12 1.2778484315e-11
1.9104003906e+02 1.8269282380e-11 5.5252547092e-12 1.2744027671e-11
1.9110107422e+02 1.8186462236e-11 5.4982595008e-12 1.2688202735e-11
1.9116210938e+02 1.8108072292e-11 5.4861433038e-12 1.2621928988e-11
1.9122314453e+02 1.8000991716e-11 5.4676159782e-12 1.2533375738e-11
1.9128417969e+02 1.7963685725e-11 5.4091145835e-12 1.2554571142e-11
1.9134521484e+02 1.7814106689e-11 5.3765632467e-12 1.2437543442e-11
1.9140625000e+02 1.7541204574e-11 5.3159637041e-12 1.2225240870e-11
1.9146728516e+02 1.7551372747e-11 5.3154520106e-12 1.2235920736e-11
1.9152832031e+02 1.7622857910e-11 5.3500656982e-12 1.2272792211e-11
1.9158935547e+02 1.7647721257e-11 5.3479454634e-12 1.2299775793e-11
1.9165039062e+02 1.7539166239e-11 5.3098738616e-12 1.2229292377e-11
1.9171142578e+02 1.7354851090e-11 5.2728464652e-12 1.2082004625e-11
1.9177246094e+02 1.7171494905e-11 5.2281337395e-12 1.1943361166e-11
1.9183349609e+02 1.7152892350e-11 5.2185440938e-12 1.1934348256e-11
1.9189453125e+02 1.7282617068e-11 5.2316275537e-12 1.2050989515e-11
1.9195556641e+02 1.7307099180e-11 5.2241676893e-12 1.2082931491e-11
1.9201660156e+02 1.7262823881e-11 5.2421361228e-12 1.2020687758e-11
1.9207763672e+02 1.7194007277e-11 5.2261443274e-12 1.1967862950e-11
1.9213867188e+02 1.7157143609e-11 5.1869349535e-12 1.1970208655e-11
1.9219970703e+02 1.7037177677e-11 5.1602700382e-12 1.1876907638e-11
1.9226074219e+02 1.6875965283e-11 5.1308097291e-12 1.1745155554e-11
1.9232177734e+02 1.6874962075e-11 5.1240610530e-12 1.1750901022e-11
1.9238281250e+02 1.6772513754e-11 5.1066657606e-12 1.1665847993e-11
1.9244384766e+02 1.6475316099e-11 5.0364848039e-12 1.1438831296e-11
1.9250488281e+02 1.6406871600e-11 5.0083136955e-12 1.1398557904e-11
1.9256591797e+02 1.6382476954e-11 5.0058712330e-12 1.1376605721e-11
1.9262695312e+02 1.6154162710e-11 4.9265372677e-12 1.1227625443e-11
1.9268798828e+02 1.6132387828e-11 4.9368713455e-12 1.1195516483e-11
1.9274902344e+02 1.5981722301e-11 4.8984226427e-12 1.1083299658e-11
1.9281005859e+02 1.5999960282e-11 4.9244539560e-12 1.1075506325e-11
1.9287109375e+02 1.5909080808e-11 4.9020895251e-12 1.1006991283e-11
1.9293212891e+02 1.5722655823e-11 4.8534439879e-12 1.0869211835e-11
1.9299316406e+02 1.5488905088e-11 4.7804735993e-12 1.0708431488e-11
1.9305419922e+02 1.5347842657e-11 4.7326750272e-12 1.0615167630e-11
1.9311523438e+02 1.5341601153e-11 4.7262429341e-12 1.0615358219e-11
1.9317626953e+02 1.5243723710e-11 4.6852321709e-12 1.0558491539e-11
1.9323730469e+02 1.5244167547e-11 4.7133938828e-12 1.0530773664e-11
1.9329833984e+02 1.5183745142e-11 4.6775312193e-12 1.0506213923e-11
1.9335937500e+02 1.5002099665e-11 4.6020126019e-12 1.0400087063e-11
1.9342041016e+02 1.4913826926e-11 4.5827261437e-12 1.0331100782e-11
1.9348144531e+02 1.4834595226e-11 4.5723575024e-12 1.0262237724e-11
1.9354248047e+02 1.4736154440e-11 4.5356834017e-12 1.0200471039e-11
1.9360351562e+02 1.4729607220e-11 4.5616683312e-12 1.0167938889e-11
1.9366455078e+02 1.4686390632e-11 4.5451320033e-12 1.0141258629e-11
1.9372558594e+02 1.4522282107e-11 4.4834504510e-12 1.0038831656e-11
1.9378662109e+02 1.4512818814e-11 4.4797647427e-12 1.0033054072e-11
1.9384765625e+02 1.4518644205e-11 4.4746553240e-12 1.0043988881e-11
1.9390869141e+02 1.4501121911e-11 4.4675292738e-12 1.0033592637e-11
1.9396972656e+02 1.4469167031e-11 4.4708855059e-12 9.9982815249e-12
1.9403076172e+02 1.4391194833e-11 4.4482911819e-12 9.9429036512e-12
1.9409179688e+02 1.4468292004e-11 4.4821896126e-12 9.9861023909e-12
1.9415283203e+02 1.4441073590e-11 4.4750440526e-12 9.9660295372e-12
1.9421386719e+02 1.4228102202e-11 4.3811595968e-12 9.8469426053e-12
1.9427490234e+02 1.4227489711e-11 4.4148577258e-12 9.8126319856e-12
1.9433593750e+02 1.4199555824e-11 4.3927321363e-12 9.8068236877e-12
1.9439697266e+02 1.4213519421e-11 4.4107330367e-12 9.8027863845e-12
1.9445800781e+02 1.4183337304e-11 4.3943143271e-12 9.7890229768e-12
1.9451904297e+02 1.4158387429e-11 4.3952967215e-12 9.7630907074e-12
1.9458007812e+02 1.4148544810e-11 4.3981570510e-12 9.7503877591e-12
1.9464111328e+02 1.4090228883e-11 4.3887796020e-12 9.7014492815e-12
1.9470214844e+02 1.4128098668e-11 4.3914557866e-12 9.7366428815e-12
1.9476318359e+02 1.4134890156e-11 4.3903228033e-12 9.7445673531e-12
1.9482421875e+02 1.4046709310e-11 4.3491273869e-12 9.6975819227e-12
1.9488525391e+02 1.3938702764e-11 4.3093281390e-12 9.6293746247e-12
1.9494628906e+02 1.4004857699e-11 4.3215406668e-12 9.6833170325e-12
1.9500732422e+02 1.3977575407e-11 4.3234611320e-12 9.6541142755e-12
1.9506835938e+02 1.3976556296e-11 4.3392452020e-12 9.6373110944e-12
1.9512939453e+02 1.4039447427e-11 4.3719860600e-12 9.6674613671e-12
1.9519042969e+02 1.4018783170e-11 4.3196155697e-12 9.6991676003e-12
1.9525146484e+02 1.3980597412e-11 4.2961285779e-12 9.6844688341e-12
1.9531250000e+02 1.4028986547e-11 4.3229486864e-12 9.7060378603e-12
1.9537353516e+02 1.4012933678e-11 4.3194252247e-12 9.6935084529e-12
1.9543457031e+02 1.3990384059e-11 4.3132156479e-12 9.6771684113e-12
1.9549560547e+02 1.4004946096e-11 4.3115749753e-12 9.6933711212e-12
1.9555664062e+02 1.4168832109e-11 4.3560403813e-12 9.8127917275e-12
1.9561767578e+02 1.4130582562e-11 4.3599637992e-12 9.7706187631e-12
1.9567871094e+02 1.3995995057e-11 4.2996691671e-12 9.6963258897e-12
1.9573974609e+02 1.3931211766e-11 4.2991890521e-12 9.6320227137e-12
1.9580078125e+02 1.4015797616e-11 4.3180749313e-12 9.6977226849e-12
1.9586181641e+02 1.4025446319e-11 4.3427257024e-12 9.6827206163e-12
1.9592285156e+02 1.4007444652e-11 4.3413916813e-12 9.6660529706e-12
1.9598388672e+02 1.3912870848e-11 4.3053671027e-12 9.6075037455e-12
1.9604492188e+02 1.3812120356e-11 4.2835452291e-12 9.5285751272e-12
1.9610595703e+02 1.3745342971e-11 4.2651308203e-12 9.4802121511e-12
1.9616699219e+02 1.3800239153e-11 4.2836809845e-12 9.5165581687e-12
1.9622802734e+02 1.3730033526e-11 4.2497659301e-12 9.4802675955e-12
1.9628906250e+02 1.3652688526e-11 4.2231025444e-12 9.4295859813e-12
1.9635009766e+02 1.3688279815e-11 4.2521328164e-12 9.4361469984e-12
1.9641113281e+02 1.3690326751e-11 4.2884103709e-12 9.4019163800e-12
1.9647216797e+02 1.3597827939e-11 4.2761536973e-12 9.3216742417e-12
1.9653320312e+02 1.3570868998e-11 4.2550842595e-12 9.3157847388e-12
1.9659423828e+02 1.3424128959e-11 4.2061783934e-12 9.2179505654e-12
1.9665527344e+02 1.3410479150e-11 4.1885539543e-12 9.2219251958e-12
1.9671630859e+02 1.3410461053e-11 4.1869763112e-12 9.2234847417e-12
1.9677734375e+02 1.3325348305e-11 4.1759003302e-12 9.1494479747e-12
1.9683837891e+02 1.3239492967e-11 4.1509971369e-12 9.0884958301e-12
1.9689941406e+02 1.3178510740e-11 4.1031435173e-12 9.0753672226e-12
1.9696044922e+02 1.3093371535e-11 4.0825773416e-12 9.0107941930e-12
1.9702148438e+02 1.3261652545e-11 4.1215364456e-12 9.1401160996e-12
1.9708251953e+02 1.3166084537e-11 4.0968956827e-12 9.0691888542e-12
1.9714355469e+02 1.3026391232e-11 4.0384156878e-12 8.9879755444e-12
1.9720458984e+02 1.3005228457e-11 4.0354024037e-12 8.9698260534e-12
1.9726562500e+02 1.2985202773e-11 4.0499668700e-12 8.9352359033e-12
1.9732666016e+02 1.3031181196e-11 4.0620986362e-12 8.9690825602e-12
1.9738769531e+02 1.2929244112e-11 4.0121985322e-12 8.9170455796e-12
1.9744873047e+02 1.2926640366e-11 3.9918870458e-12 8.9347533200e-12
1.9750976562e+02 1.3032503777e-11 4.0359822043e-12 8.9965215726e-12
1.9757080078e+02 1.2907869255e-11 3.9956906107e-12 8.9121786444e-12
1.9763183594e+02 1.2841561000e-11 3.9987089510e-12 8.8428520486e-12
1.9769287109e+02 1.2796534054e-11 3.9726421666e-12 8.8238918874e-12
1.9775390625e+02 1.2689658464e-11 3.9242194106e-12 8.7654390534e-12
1.9781494141e+02 1.2645500483e-11 3.9261312955e-12 8.7193691874e-12
1.9787597656e+02 1.2649522800e-11 3.9183198999e-12 8.7312029001e-12
1.9793701172e+02 1.2617339616e-11 3.9125442786e-12 8.7047953373e-12
1.9799804688e+02 1.2731800752e-11 3.9388288482e-12 8.7929719035e-12
1.9805908203e+02 1.2620333231e-11 3.8976468301e-12 8.7226864005e-12
1.9812011719e+02 1.2557733893e-11 3.9174528413e-12 8.6402810512e-12
1.9818115234e+02 1.2611628654e-11 3.9639176322e-12 8.6477110215e-12
1.9824218750e+02 1.2621188998e-11 3.9385533624e-12 8.6826356357e-12
1.9830322266e+02 1.2644314607e-11 3.9282264016e-12 8.7160882058e-12
1.9836425781e+02 1.2604689682e-11 3.9242238239e-12 8.6804658583e-12
1.9842529297e+02 1.2492666056e-11 3.8720973164e-12 8.6205687398e-12
1.9848632812e+02 1.2526996386e-11 3.8701712228e-12 8.6568251636e-12
1.9854736328e+02 1.2417161957e-11 3.8409346026e-12 8.5762273542e-12
1.9860839844e+02 1.2442179307e-11 3.8640576450e-12 8.5781216615e-12
1.9866943359e+02 1.2464848279e-11 3.8592706303e-12 8.6055776485e-12
1.9873046875e+02 1.2497737052e-11 3.8742657667e-12 8.6234712856e-12
1.9879150391e+02 1.2435340649e-11 3.8673392019e-12 8.5680014474e-12
1.9885253906e+02 1.2408107774e-11 3.8587930963e-12 8.5493146773e-12
1.9891357422e+02 1.2382610759e-11 3.8614194729e-12 8.5211912860e-12
1.9897460938e+02 1.2229851214e-11 3.8115547987e-12 8.4182964148e-12
1.9903564453e+02 1.2308160653e-11 3.8270659201e-12 8.4810947327e-12
1.9909667969e+02 1.2331451821e-11 3.8282488932e-12 8.5032029277e-12
1.9915771484e+02 1.2305200047e-11 3.8249201960e-12 8.4802798510e-12
1.9921875000e+02 1.2267836736e-11 3.8238086404e-12 8.4440280960e-12
1.9927978516e+02 1.2244989599e-11 3.8294765888e-12 8.4155130097e-12
1.9934082031e+02 1.2130933119e-11 3.7733016385e-12 8.3576314800e-12
1.9940185547e+02 1.2083906651e-11 3.7784556605e-12 8.3054509901e-12
1.9946289062e+02 1.2107492093e-11 3.7930737240e-12 8.3144183694e-12
1.9952392578e+02 1.2097156068e-11 3.7611611842e-12 8.3359948842e-12
1.9958496094e+02 1.1993907591e-11 3.7395541704e-12 8.2543534210e-12
1.9964599609e+02 1.1891111943e-11 3.6951153889e-12 8.1959965537e-12
1.9970703125e+02 1.1831660242e-11 3.6855936316e-12 8.1460666105e-12
1.9976806641e+02 1.1923333130e-11 3.7142131732e-12 8.2091199567e-12
1.9982910156e+02 1.1875198979e-11 3.7074012129e-12 8.1677977658e-12
1.9989013672e+02 1.1906986681e-11 3.7241660557e-12 8.1828206257e-12
1.9995117188e+02 1.1891173199e-11 3.7205748949e-12 8.1705983039e-12
2.0001220703e+02 1.1874265300e-11 3.7293950641e-12 8.1448702356e-12
2.0007324219e+02 1.1744036721e-11 3.6816060928e-12 8.0624306284e-12
2.0013427734e+02 1.1780988370e-11 3.6718392459e-12 8.1091491240e-12
2.0019531250e+02 1.1831724095e-11 3.6989691256e-12 8.1327549690e-12
2.0025634766e+02 1.1856816937e-11 3.6932632675e-12 8.1635536697e-12
2.0031738281e+02 1.1814425386e-11 3.6983008222e-12 8.1161245635e-12
2.0037841797e+02 1.1857756315e-11 3.6869182556e-12 8.1708380592e-12
2.0043945312e+02 1.1939027007e-11 3.7008275537e-12 8.2381994537e-12
2.0050048828e+02 1.1969315882e-11 3.7302789213e-12 8.2390369605e-12
2.0056152344e+02 1.2085206540e-11 3.7694504358e-12 8.3157561040e-12
2.0062255859e+02 1.2048630591e-11 3.7340024365e-12 8.3146281543e-12
2.0068359375e+02 1.2061369381e-11 3.7200882264e-12 8.3412811543e-12
2.0074462891e+02 1.2033296296e-11 3.7336333209e-12 8.2996629747e-12
2.0080566406e+02 1.2094987918e-11 3.7419872701e-12 8.3530006479e-12
2.0086669922e+02 1.2078670151e-11 3.7382075678e-12 8.3404625828e-12
2.0092773438e+02 1.1952615115e-11 3.7026669690e-12 8.2499481458e-12
2.0098876953e+02 1.2005053823e-11 3.7139630302e-12 8.2910907928e-12
2.0104980469e+02 1.1977798535e-11 3.6872896669e-12 8.2905088683e-12
2.0111083984e+02 1.1919719047e-11 3.6836661761e-12 8.2360528709e-12
2.0117187500e+02 1.1921687213e-11 3.6983846249e-12 8.2233025883e-12
2.0123291016e+02 1.1868175489e-11 3.6774656203e-12 8.1907098685e-12
2.0129394531e+02 1.1672257291e-11 3.6442009195e-12 8.0280563716e-12
2.0135498047e+02 1.1662107729e-11 3.6379462120e-12 8.0241615168e-12
2.0141601562e+02 1.1556282691e-11 3.6088995716e-12 7.9473831193e-12
2.0147705078e+02 1.1434505135e-11 3.5891089224e-12 7.8453962126e-12
2.0153808594e+02 1.1415936877e-11 3.5883767978e-12 7.8275600789e-12
2.0159912109e+02 1.1349646599e-11 3.5743140081e-12 7.7753325908e-12
2.0166015625e+02 1.1245408493e-11 3.5333970961e-12 7.7120113967e-12
2.0172119141e+02 1.1198843100e-11 3.5200691238e-12 7.6787739760e-12
2.0178222656e+02 1.1116347769e-11 3.5062461885e-12 7.6101015805e-12
2.0184326172e+02 1.1106277032e-11 3.4935625243e-12 7.6127145077e-12
2.0190429688e+02 1.1038415665e-11 3.4987267791e-12 7.5396888855e-12
2.0196533203e+02 1.1024804392e-11 3.4893277570e-12 7.5354766352e-12
2.0202636719e+02 1.0987014220e-11 3.4533791407e-12 7.5336350795e-12
2.0208740234e+02 1.0964412267e-11 3.4428884668e-12 7.5215238000e-12
2.0214843750e+02 1.0851403800e-11 3.4185740122e-12 7.4328297877e-12
2.0220947266e+02 1.0883090702e-11 3.4233369373e-12 7.4597537642e-12
2.0227050781e+02 1.0868102218e-11 3.4005667269e-12 7.4675354912e-12
2.0233154297e+02 1.0818658904e-11 3.4054695618e-12 7.4131893424e-12
2.0239257812e+02 1.0627523480e-11 3.3357352620e-12 7.2917882182e-12
2.0245361328e+02 1.0623706711e-11 3.3229068927e-12 7.3007998187e-12
2.0251464844e+02 1.0590631749e-11 3.3120515037e-12 7.2785802456e-12
2.0257568359e+02 1.0520640628e-11 3.2804439311e-12 7.2401966966e-12
2.0263671875e+02 1.0531941380e-11 3.3064181854e-12 7.2255231950e-12
2.0269775391e+02 1.0525079874e-11 3.2976195528e-12 7.2274603209e-12
2.0275878906e+02 1.0414989371e-11 3.2561325345e-12 7.1588568366e-12
2.0281982422e+02 1.0331149070e-11 3.2434379814e-12 7.0877110888e-12
2.0288085938e+02 1.0342084690e-11 3.2484191451e-12 7.0936655448e-12
2.0294189453e+02 1.0300753425e-11 3.2348128723e-12 7.0659405529e-12
2.0300292969e+02 1.0190481879e-11 3.2213087274e-12 6.9691731518e-12
2.0306396484e+02 1.0178196444e-11 3.2162545530e-12 6.9619418914e-12
2.0312500000e+02 1.0189280626e-11 3.2078064912e-12 6.9814741352e-12
2.0318603516e+02 1.0125997550e-11 3.2064525623e-12 6.9195449880e-12
2.0324707031e+02 9.9870988038e-12 3.1552288715e-12 6.8318699322e-12
2.0330810547e+02 9.9795874546e-12 3.1347465335e-12 6.8448409211e-12
2.0336914062e+02 9.9301403381e-12 3.1325981778e-12 6.7975421603e-12
2.0343017578e+02 9.8722622983e-12 3.1359725946e-12 6.7362897038e-12
2.0349121094e+02 9.8027998170e-12 3.1116849494e-12 6.6911148676e-12
2.0355224609e+02 9.7306489299e-12 3.0774984474e-12 6.6531504825e-12
2.0361328125e+02 9.7466544272e-12 3.0766285455e-12 6.6700258817e-12
2.0367431641e+02 9.7940967929e-12 3.0980010154e-12 6.6960957775e-12
2.0373535156e+02 9.8012772937e-12 3.1180715871e-12 6.6832057066e-12
2.0379638672e+02 9.6467178004e-12 3.0617037009e-12 6.5850140994e-12
2.0385742188e+02 9.6129602950e-12 3.0548682022e-12 6.5580920928e-12
2.0391845703e+02 9.5579742042e-12 3.0396366586e-12 6.5183375455e-12
2.0397949219e+02 9.4892768077e-12 3.0258365372e-12 6.4634402704e-12
2.0404052734e+02 9.4706280327e-12 3.0155133037e-12 6.4551147290e-12
2.0410156250e+02 9.4226313669e-12 3.0009400036e-12 6.4216913634e-12
2.0416259766e+02 9.4207049132e-12 2.9916560647e-12 6.4290488485e-12
2.0422363281e+02 9.3623401285e-12 2.9769928723e-12 6.3853472562e-12
2.0428466797e+02 9.2543690927e-12 2.9467424802e-12 6.3076266125e-12
2.0434570312e+02 9.2391618791e-12 2.9364548808e-12 6.3027069983e-12
2.0440673828e+02 9.3025801523e-12 2.9629135576e-12 6.3396665947e-12
2.0446777344e+02 9.2609213968e-12 2.9509148190e-12 6.3100065779e-12
2.0452880859e+02 9.2122939223e-12 2.9313519057e-12 6.2809420167e-12
2.0458984375e+02 9.2702102801e-12 2.9371382563e-12 6.3330720238e-12
2.0465087891e+02 9.1968165723e-12 2.9073838409e-12 6.2894327313e-12
2.0471191406e+02 9.1850042225e-12 2.9149359362e-12 6.2700682863e-12
2.0477294922e+02 9.2455012304e-12 2.9394331387e-12 6.3060680917e-12
2.0483398438e+02 9.1886584582e-12 2.9194149529e-12 6.2692435052e-12
2.0489501953e+02 9.1468792395e-12 2.8890334714e-12 6.2578457680e-12
2.0495605469e+02 9.0959961886e-12 2.8840163544e-12 6.2119798343e-12
2.0501708984e+02 9.1345846807e-12 2.9134552612e-12 6.2211294195e-12
2.0507812500e+02 9.1499038304e-12 2.9260036450e-12 6.2239001855e-12
2.0513916016e+02 9.1803148702e-12 2.9306250285e-12 6.2496898417e-12
2.0520019531e+02 9.1153749946e-12 2.9091562075e-12 6.2062187870e-12
2.0526123047e+02 9.0662721835e-12 2.8974058546e-12 6.1688663288e-12
2.0532226562e+02 9.1040435928e-12 2.9012432578e-12 6.2028003350e-12
2.0538330078e+02 9.0314181910e-12 2.8799619579e-12 6.1514562331e-12
2.0544433594e+02 9.1057464604e-12 2.8949223210e-12 6.2108241394e-12
2.0550537109e+02 9.1399137796e-12 2.9120274685e-12 6.2278863111e-12
2.0556640625e+02 9.1218413859e-12 2.8964011407e-12 6.2254402452e-12
2.0562744141e+02 9.1234958881e-12 2.8999888695e-12 6.2235070186e-12
2.0568847656e+02 9.1617505831e-12 2.9228127804e-12 6.2389378027e-12
2.0574951172e+02 9.1550878902e-12 2.9235466731e-12 6.2315412171e-12
2.0581054688e+02 9.2005020933e-12 2.9239681099e-12 6.2765339835e-12
2.0587158203e+02 9.1859169473e-12 2.9162405782e-12 6.2696763691e-12
2.0593261719e+02 9.2456490888e-12 2.9268678162e-12 6.3187812726e-12
2.0599365234e+02 9.3127261569e-12 2.9474933056e-12 6.3652328513e-12
2.0605468750e+02 9.3339144219e-12 2.9586501868e-12 6.3752642351e-12
2.0611572266e+02 9.3139996593e-12 2.9439446992e-12 6.3700549601e-12
2.0617675781e+02 9.2859646722e-12 2.9400749805e-12 6.3458896917e-12
2.0623779297e+02 9.3640202340e-12 2.9621795479e-12 6.4018406860e-12
2.0629882812e+02 9.3789788798e-12 2.9678619862e-12 6.4111168936e-12
2.0635986328e+02 9.3646739633e-12 2.9601591204e-12 6.4045148429e-12
2.0642089844e+02 9.3622618638e-12 2.9700937869e-12 6.3921680768e-12
2.0648193359e+02 9.2628697713e-12 2.9482687206e-12 6.3146010508e-12
2.0654296875e+02 9.2563807687e-12 2.9318834000e-12 6.3244973687e-12
2.0660400391e+02 9.1878858050e-12 2.9072496423e-12 6.2806361627e-12
2.0666503906e+02 9.1735084309e-12 2.8998258307e-12 6.2736826001e-12
2.0672607422e+02 9.2966586277e-12 2.9510882864e-12 6.3455703414e-12
2.0678710938e+02 9.2691470097e-12 2.9425182707e-12 6.3266287390e-12
2.0684814453e+02 9.1681530426e-12 2.9119977592e-12 6.2561552834e-12
2.0690917969e+02 9.2010097556e-12 2.9276044551e-12 6.2734053006e-12
2.0697021484e+02 9.1897067195e-12 2.9230947592e-12 6.2666119603e-12
2.0703125000e+02 9.1523919706e-12 2.9092998843e-12 6.2430920863e-12
2.0709228516e+02 9.1499268455e-12 2.9080292956e-12 6.2418975499e-12
2.0715332031e+02 9.1520897781e-12 2.9159623669e-12 6.2361274112e-12
2.0721435547e+02 9.1691231246e-12 2.9170979522e-12 6.2520251724e-12
2.0727539062e+02 9.1125405053e-12 2.9051750949e-12 6.2073654104e-12
2.0733642578e+02 9.0457288914e-12 2.9006739357e-12 6.1450549557e-12
2.0739746094e+02 9.1119172642e-12 2.9174905351e-12 6.1944267291e-12
2.0745849609e+02 9.1081962617e-12 2.8994369994e-12 6.2087592623e-12
2.0751953125e+02 9.0540004332e-12 2.8790561501e-12 6.1749442832e-12
2.0758056641e+02 9.0079889207e-12 2.8683963529e-12 6.1395925678e-12
2.0764160156e+02 8.9912139692e-12 2.8745364153e-12 6.1166775539e-12
2.0770263672e+02 8.9836843953e-12 2.8497056598e-12 6.1339787356e-12
2.0776367188e+02 8.9526837774e-12 2.8320316103e-12 6.1206521671e-12
2.0782470703e+02 9.0203723746e-12 2.8614635611e-12 6.1589088135e-12
2.0788574219e+02 8.9626830130e-12 2.8444296771e-12 6.1182533359e-12
2.0794677734e+02 8.9500378588e-12 2.8522579640e-12 6.0977798948e-12
2.0800781250e+02 8.8975529178e-12 2.8466822057e-12 6.0508707121e-12
2.0806884766e+02 8.8131871469e-12 2.8173154557e-12 5.9958716912e-12
2.0812988281e+02 8.8216455650e-12 2.8175643514e-12 6.0040812136e-12
2.0819091797e+02 8.8038406460e-12 2.7912262425e-12 6.0126144035e-12
2.0825195312e+02 8.8045938578e-12 2.8148329454e-12 5.9897609124e-12
2.0831298828e+02 8.7815612866e-12 2.8110753529e-12 5.9704859337e-12
2.0837402344e+02 8.7405815192e-12 2.7867216992e-12 5.9538598200e-12
2.0843505859e+02 8.7365635920e-12 2.7670767332e-12 5.9694868588e-12
2.0849609375e+02 8.7326135373e-12 2.7741279995e-12 5.9584855378e-12
2.0855712891e+02 8.6934419459e-12 2.7685290945e-12 5.9249128513e-12
2.0861816406e+02 8.6974245054e-12 2.7687462029e-12 5.9286783026e-12
2.0867919922e+02 8.6788767300e-12 2.7699061218e-12 5.9089706082e-12
2.0874023438e+02 8.6862189174e-12 2.7816345763e-12 5.9045843411e-12
2.0880126953e+02 8.6663629828e-12 2.7633063384e-12 5.9030566444e-12
2.0886230469e+02 8.5611137590e-12 2.7208777412e-12 5.8402360179e-12
2.0892333984e+02 8.5257167682e-12 2.7130563412e-12 5.8126604270e-12
2.0898437500e+02 8.5467895122e-12 2.7064768294e-12 5.8403126828e-12
2.0904541016e+02 8.5048737381e-12 2.7061566036e-12 5.7987171345e-12
2.0910644531e+02 8.4505798823e-12 2.6976544448e-12 5.7529254375e-12
2.0916748047e+02 8.4591726268e-12 2.7038900583e-12 5.7552825685e-12
2.0922851562e+02 8.4730514920e-12 2.7040721952e-12 5.7689792969e-12
2.0928955078e+02 8.4372497728e-12 2.6917133687e-12 5.7455364040e-12
2.0935058594e+02 8.4582574111e-12 2.6921451047e-12 5.7661123064e-12
2.0941162109e+02 8.4002288612e-12 2.6789499057e-12 5.7212789555e-12
2.0947265625e+02 8.3805354406e-12 2.6779905821e-12 5.7025448584e-12
2.0953369141e+02 8.4045608046e-12 2.6920936966e-12 5.7124671080e-12
2.0959472656e+02 8.3447054148e-12 2.6742118436e-12 5.6704935713e-12
2.0965576172e+02 8.3630604198e-12 2.6757096041e-12 5.6873508157e-12
2.0971679688e+02 8.3748470677e-12 2.6854506356e-12 5.6893964321e-12
2.0977783203e+02 8.4180852846e-12 2.6907091879e-12 5.7273760967e-12
2.0983886719e+02 8.3190629824e-12 2.6733716726e-12 5.6456913098e-12
2.0989990234e+02 8.2992993378e-12 2.6632574346e-12 5.6360419032e-12
2.0996093750e+02 8.2813201693e-12 2.6552728245e-12 5.6260473449e-12
2.1002197266e+02 8.2680363837e-12 2.6483716414e-12 5.6196647422e-12
2.1008300781e+02 8.2892351181e-12 2.6593771194e-12 5.6298579987e-12
2.1014404297e+02 8.2592068383e-12 2.6364062269e-12 5.6228006114e-12
2.1020507812e+02 8.1682945743e-12 2.6158738878e-12 5.5524206865e-12
2.1026611328e+02 8.1300116914e-12 2.6061795411e-12 5.5238321503e-12
2.1032714844e+02 8.0806749405e-12 2.5920674490e-12 5.4886074914e-12
2.1038818359e+02 8.1087701211e-12 2.6092811513e-12 5.4994889698e-12
2.1044921875e+02 8.1494355283e-12 2.6201017470e-12 5.5293337813e-12
2.1051025391e+02 8.1104824200e-12 2.6108638835e-12 5.4996185365e-12
2.1057128906e+02 8.1078307246e-12 2.6042154388e-12 5.5036152859e-12
2.1063232422e+02 8.0249046530e-12 2.5792645243e-12 5.4456401287e-12
2.1069335938e+02 7.9866290036e-12 2.5494891344e-12 5.4371398692e-12
2.1075439453e+02 7.9862921731e-12 2.5475925494e-12 5.4386996237e-12
2.1081542969e+02 8.1086618540e-12 2.5904941630e-12 5.5181676910e-12
2.1087646484e+02 8.0713890311e-12 2.5693828507e-12 5.5020061804e-12
2.1093750000e+02 7.9866540639e-12 2.5417866185e-12 5.4448674454e-12
2.1099853516e+02 8.0704448021e-12 2.5806747502e-12 5.4897700520e-12
2.1105957031e+02 8.0386977768e-12 2.5578693436e-12 5.4808284332e-12
2.1112060547e+02 8.0053708507e-12 2.5502035703e-12 5.4551672804e-12
2.1118164062e+02 8.0153562133e-12 2.5555556281e-12 5.4598005852e-12
2.1124267578e+02 8.0074620080e-12 2.5597320718e-12 5.4477299363e-12
2.1130371094e+02 7.9608871421e-12 2.5504596010e-12 5.4104275412e-12
2.1136474609e+02 7.8959513886e-12 2.5160770997e-12 5.3798742889e-12
2.1142578125e+02 7.9645926616e-12 2.5335622975e-12 5.4310303641e-12
2.1148681641e+02 7.9438894812e-12 2.5278203178e-12 5.4160691635e-12
2.1154785156e+02 7.8396147717e-12 2.5041511636e-12 5.3354636081e-12
2.1160888672e+02 7.8935542610e-12 2.5179156287e-12 5.3756386323e-12
2.1166992188e+02 7.8316488006e-12 2.4881356141e-12 5.3435131865e-12
2.1173095703e+02 7.8326317764e-12 2.4945217504e-12 5.3381100260e-12
2.1179199219e+02 7.8382807286e-12 2.5050819737e-12 5.3331987549e-12
2.1185302734e+02 7.8399262125e-12 2.5072048017e-12 5.3327214107e-12
2.1191406250e+02 7.7329105259e-12 2.4762418908e-12 5.2566686351e-12
2.1197509766e+02 7.7336010325e-12 2.4681753797e-12 5.2654256528e-12
2.1203613281e+02 7.7626336453e-12 2.4775411489e-12 5.2850924964e-12
2.1209716797e+02 7.7336385361e-12 2.4764699091e-12 5.2571686271e-12
2.1215820312e+02 7.6548502058e-12 2.4426779294e-12 5.2121722763e-12
2.1221923828e+02 7.6352437208e-12 2.4323131283e-12 5.2029305925e-12
2.1228027344e+02 7.6108976736e-12 2.4302807179e-12 5.1806169556e-12
2.1234130859e+02 7.5679133263e-12 2.4301206745e-12 5.1377926518e-12
2.1240234375e+02 7.5476249351e-12 2.4386271487e-12 5.1089977864e-12
2.1246337891e+02 7.5351849111e-12 2.4259267189e-12 5.1092581922e-12
2.1252441406e+02 7.5009071549e-12 2.4328836637e-12 5.0680234912e-12
2.1258544922e+02 7.5003591991e-12 2.4431260887e-12 5.0572331103e-12
2.1264648438e+02 7.4760452913e-12 2.4004479664e-12 5.0755973249e-12
2.1270751953e+02 7.3822697477e-12 2.3756875181e-12 5.0065822295e-12
2.1276855469e+02 7.3812358451e-12 2.3819455205e-12 4.9992903246e-12
2.1282958984e+02 7.3721732401e-12 2.3672644025e-12 5.0049088377e-12
2.1289062500e+02 7.4120166530e-12 2.3739269630e-12 5.0380896900e-12
2.1295166016e+02 7.5103195434e-12 2.4135329925e-12 5.0967865509e-12
2.1301269531e+02 7.3974639172e-12 2.3835199388e-12 5.0139439784e-12
2.1307373047e+02 7.3121799854e-12 2.3593425714e-12 4.9528374140e-12
2.1313476562e+02 7.3318044806e-12 2.3648510658e-12 4.9669534149e-12
2.1319580078e+02 7.2651916667e-12 2.3386626092e-12 4.9265290576e-12
2.1325683594e+02 7.1890513473e-12 2.3151808964e-12 4.8738704509e-12
2.1331787109e+02 7.2214064397e-12 2.3157354587e-12 4.9056709810e-12
2.1337890625e+02 7.2791693214e-12 2.3368120750e-12 4.9423572463e-12
2.1343994141e+02 7.2626684147e-12 2.3369247530e-12 4.9257436616e-12
2.1350097656e+02 7.1699777128e-12 2.3088927555e-12 4.8610849574e-12
2.1356201172e+02 7.2036847071e-12 2.3071142544e-12 4.8965704526e-12
2.1362304688e+02 7.2215293622e-12 2.3232880327e-12 4.8982413295e-12
2.1368408203e+02 7.2039725411e-12 2.3180419176e-12 4.8859306235e-12
2.1374511719e+02 7.1803143014e-12 2.3094955039e-12 4.8708187975e-12
2.1380615234e+02 7.1408673615e-12 2.2912101639e-12 4.8496571976e-12
2.1386718750e+02 7.0837055360e-12 2.2871553157e-12 4.7965502203e-12
2.1392822266e+02 7.1213629017e-12 2.2976678456e-12 4.8236950561e-12
2.1398925781e+02 7.0944955327e-12 2.2882684430e-12 4.8062270897e-12
2.1405029297e+02 7.0966167260e-12 2.2895812368e-12 4.8070354892e-12
2.1411132812e+02 7.0525344377e-12 2.2819315363e-12 4.7706029015e-12
2.1417236328e+02 7.0845113789e-12 2.2967158278e-12 4.7877955511e-12
2.1423339844e+02 7.1040744747e-12 2.3029599507e-12 4.8011145240e-12
2.1429443359e+02 7.0281435760e-12 2.2794675339e-12 4.7486760421e-12
2.1435546875e+02 6.9923772357e-12 2.2673814208e-12 4.7249958149e-12
2.1441650391e+02 6.9807959829e-12 2.2651301021e-12 4.7156658807e-12
2.1447753906e+02 7.0542970978e-12 2.2852765085e-12 4.7690205894e-12
2.1453857422e+02 6.9869915600e-12 2.2481785482e-12 4.7388130119e-12
2.1459960938e+02 6.9131874225e-12 2.2283545921e-12 4.6848328305e-12
2.1466064453e+02 6.8726258516e-12 2.2204835441e-12 4.6521423075e-12
2.1472167969e+02 6.9120398659e-12 2.2341343832e-12 4.6779054827e-12
2.1478271484e+02 6.9138407461e-12 2.2270277447e-12 4.6868130014e-12
2.1484375000e+02 6.8284099528e-12 2.2139234925e-12 4.6144864604e-12
2.1490478516e+02 6.7839322279e-12 2.2001021923e-12 4.5838300356e-12
2.1496582031e+02 6.7777376812e-12 2.1934033885e-12 4.5843342928e-12
2.1502685547e+02 6.7850809473e-12 2.1921382224e-12 4.5929427249e-12
2.1508789062e+02 6.7848768864e-12 2.1905109417e-12 4.5943659447e-12
2.1514892578e+02 6.8015415786e-12 2.1982335299e-12 4.6033080487e-12
2.1520996094e+02 6.7910276174e-12 2.1959031256e-12 4.5951244919e-12
2.1527099609e+02 6.7600292928e-12 2.1924625481e-12 4.5675667446e-12
2.1533203125e+02 6.7586941745e-12 2.1963266153e-12 4.5623675592e-12
2.1539306641e+02 6.7180893259e-12 2.1838005920e-12 4.5342887339e-12
2.1545410156e+02 6.6851038295e-12 2.1784893532e-12 4.5066144763e-12
2.1551513672e+02 6.6790862752e-12 2.1689857981e-12 4.5101004771e-12
2.1557617188e+02 6.7056260365e-12 2.1706448371e-12 4.5349811994e-12
2.1563720703e+02 6.6000486046e-12 2.1560069467e-12 4.4440416580e-12
2.1569824219e+02 6.6468575085e-12 2.1647676292e-12 4.4820898793e-12
2.1575927734e+02 6.6812344348e-12 2.1768394757e-12 4.5043949591e-12
2.1582031250e+02 6.5676206548e-12 2.1424300554e-12 4.4251905994e-12
2.1588134766e+02 6.5441102477e-12 2.1316635214e-12 4.4124467263e-12
2.1594238281e+02 6.6082449074e-12 2.1546776500e-12 4.4535672574e-12
2.1600341797e+02 6.5356139046e-12 2.1238396280e-12 4.4117742766e-12
2.1606445312e+02 6.5180628736e-12 2.1273556208e-12 4.3907072528e-12
2.1612548828e+02 6.5384548720e-12 2.1400237809e-12 4.3984310911e-12
2.1618652344e+02 6.5768643590e-12 2.1354903253e-12 4.4413740337e-12
2.1624755859e+02 6.5191340756e-12 2.1142607151e-12 4.4048733605e-12
2.1630859375e+02 6.5210423153e-12 2.1185519471e-12 4.4024903682e-12
2.1636962891e+02 6.5030395484e-12 2.1157163503e-12 4.3873231981e-12
2.1643066406e+02 6.4846491768e-12 2.1123974084e-12 4.3722517684e-12
2.1649169922e+02 6.4793045882e-12 2.1055192391e-12 4.3737853491e-12
2.1655273438e+02 6.4510171948e-12 2.0958605678e-12 4.3551566270e-12
2.1661376953e+02 6.4149911787e-12 2.0833218027e-12 4.3316693760e-12
2.1667480469e+02 6.4080898490e-12 2.0718658847e-12 4.3362239643e-12
2.1673583984e+02 6.4274301917e-12 2.0837500731e-12 4.3436801186e-12
2.1679687500e+02 6.4252571879e-12 2.0771874163e-12 4.3480697716e-12
2.1685791016e+02 6.3957899723e-12 2.0697291808e-12 4.3260607915e-12
2.1691894531e+02 6.4060572109e-12 2.0768096857e-12 4.3292475252e-12
2.1697998047e+02 6.4562927818e-12 2.0968408104e-12 4.3594519714e-12
2.1704101562e+02 6.4091123210e-12 2.0736427338e-12 4.3354695871e-12
2.1710205078e+02 6.2860653256e-12 2.0388755774e-12 4.2471897482e-12
2.1716308594e+02 6.2540335836e-12 2.0287884379e-12 4.2252451457e-12
2.1722412109e+02 6.2507090256e-12 2.0477623741e-12 4.2029466515e-12
2.1728515625e+02 6.2411334514e-12 2.0331331311e-12 4.2080003202e-12
2.1734619141e+02 6.2488699493e-12 2.0220467386e-12 4.2268232107e-12
2.1740722656e+02 6.2158026241e-12 2.0129657442e-12 4.2028368800e-12
2.1746826172e+02 6.2183016214e-12 2.0216102918e-12 4.1966913296e-12
2.1752929688e+02 6.2465303408e-12 2.0361524348e-12 4.2103779060e-12
2.1759033203e+02 6.2055322977e-12 2.0344703369e-12 4.1710619608e-12
2.1765136719e+02 6.2110294423e-12 2.0381062370e-12 4.1729232053e-12
2.1771240234e+02 6.2043735862e-12 2.0426819169e-12 4.1616916693e-12
2.1777343750e+02 6.2442810330e-12 2.0516776149e-12 4.1926034181e-12
2.1783447266e+02 6.2066565436e-12 2.0233492707e-12 4.1833072728e-12
2.1789550781e+02 6.1351567957e-12 2.0039549835e-12 4.1312018122e-12
2.1795654297e+02 6.1098014646e-12 2.0118870383e-12 4.0979144263e-12
2.1801757812e+02 6.0853177631e-12 1.9943951278e-12 4.0909226353e-12
2.1807861328e+02 6.0194298735e-12 1.9734620131e-12 4.0459678605e-12
2.1813964844e+02 5.9732658484e-12 1.9656314717e-12 4.0076343767e-12
2.1820068359e+02 5.9974613565e-12 1.9694853337e-12 4.0279760228e-12
2.1826171875e+02 6.0301337197e-12 1.9869002436e-12 4.0432334761e-12
2.1832275391e+02 5.9989570733e-12 1.9700889194e-12 4.0288681539e-12
2.1838378906e+02 5.9672276748e-12 1.9608583214e-12 4.0063693534e-12
2.1844482422e+02 5.9290605468e-12 1.9433557996e-12 3.9857047472e-12
2.1850585938e+02 5.9966870685e-12 1.9551821100e-12 4.0415049585e-12
2.1856689453e+02 6.0183381968e-12 1.9700949401e-12 4.0482432567e-12
2.1862792969e+02 5.9815679137e-12 1.9603060693e-12 4.0212618444e-12
2.1868896484e+02 6.0080256946e-12 1.9603434840e-12 4.0476822106e-12
2.1875000000e+02 5.9927353029e-12 1.9505499364e-12 4.0421853665e-12
2.1881103516e+02 6.0281766082e-12 1.9667321675e-12 4.0614444407e-12
2.1887207031e+02 5.9842032401e-12 1.9545352112e-12 4.0296680289e-12
2.1893310547e+02 5.9827222365e-12 1.9604091326e-12 4.0223131039e-12
2.1899414062e+02 5.9167012171e-12 1.9411328254e-12 3.9755683917e-12
2.1905517578e+02 5.8803038831e-12 1.9213945162e-12 3.9589093669e-12
2.1911621094e+02 5.8941341124e-12 1.9365346027e-12 3.9575995096e-12
2.1917724609e+02 5.8433907184e-12 1.9205060938e-12 3.9228846246e-12
2.1923828125e+02 5.8921937229e-12 1.9329162168e-12 3.9592775061e-12
2.1929931641e+02 5.8671371056e-12 1.9229771908e-12 3.9441599148e-12
2.1936035156e+02 5.8831881403e-12 1.9345373556e-12 3.9486507848e-12
2.1942138672e+02 5.8790956150e-12 1.9354051129e-12 3.9436905021e-12
2.1948242188e+02 5.8799910089e-12 1.9282740922e-12 3.9517169166e-12
2.1954345703e+02 5.8887641366e-12 1.9390547538e-12 3.9497093829e-12
2.1960449219e+02 5.8280222425e-12 1.9157801323e-12 3.9122421102e-12
2.1966552734e+02 5.7937935390e-12 1.9006256069e-12 3.8931679321e-12
2.1972656250e+02 5.7588033096e-12 1.8956182100e-12 3.8631850996e-12
2.1978759766e+02 5.7865707040e-12 1.9167894732e-12 3.8697812309e-12
2.1984863281e+02 5.8378518062e-12 1.9231138667e-12 3.9147379395e-12
2.1990966797e+02 5.8327322244e-12 1.9111098450e-12 3.9216223793e-12
2.1997070312e+02 5.8039101391e-12 1.9053805093e-12 3.8985296298e-12
2.2003173828e+02 5.7680262456e-12 1.8998815827e-12 3.8681446629e-12
2.2009277344e+02 5.7814928518e-12 1.9060338179e-12 3.8754590339e-12
2.2015380859e+02 5.7871038553e-12 1.8962493767e-12 3.8908544785e-12
2.2021484375e+02 5.7713427028e-12 1.8977371415e-12 3.8736055612e-12
2.2027587891e+02 5.7910653109e-12 1.9050485855e-12 3.8860167254e-12
2.2033691406e+02 5.7408374914e-12 1.8841177249e-12 3.8567197666e-12
2.2039794922e+02 5.7237408285e-12 1.8847937292e-12 3.8389470993e-12
2.2045898438e+02 5.7365077980e-12 1.8897822503e-12 3.8467255477e-12
2.2052001953e+02 5.7351899120e-12 1.9017912784e-12 3.8333986336e-12
2.2058105469e+02 5.7128905686e-12 1.8890153080e-12 3.8238752607e-12
2.2064208984e+02 5.6740384315e-12 1.8745991865e-12 3.7994392450e-12
2.2070312500e+02 5.7062281987e-12 1.8797650042e-12 3.8264631945e-12
2.2076416016e+02 5.7258064552e-12 1.8927059546e-12 3.8331005005e-12
2.2082519531e+02 5.6837092107e-12 1.8791891805e-12 3.8045200302e-12
2.2088623047e+02 5.6289268978e-12 1.8623514096e-12 3.7665754882e-12
2.2094726562e+02 5.6340585114e-12 1.8701746227e-12 3.7638838887e-12
2.2100830078e+02 5.6467713974e-12 1.8660492219e-12 3.7807221755e-12
2.2106933594e+02 5.6551846981e-12 1.8767232410e-12 3.7784614571e-12
2.2113037109e+02 5.6383043417e-12 1.8766183419e-12 3.7616859998e-12
2.2119140625e+02 5.6221075790e-12 1.8619522480e-12 3.7601553310e-12
2.2125244141e+02 5.6013144218e-12 1.8483505054e-12 3.7529639164e-12
2.2131347656e+02 5.5875518964e-12 1.8325730607e-12 3.7549788356e-12
2.2137451172e+02 5.5885494863e-12 1.8370407751e-12 3.7515087111e-12
2.2143554688e+02 5.6093606938e-12 1.8531878790e-12 3.7561728148e-12
2.2149658203e+02 5.6179507505e-12 1.8548752396e-12 3.7630755109e-12
2.2155761719e+02 5.5777724618e-12 1.8347032803e-12 3.7430691816e-12
2.2161865234e+02 5.5411324987e-12 1.8290407140e-12 3.7120917847e-12
2.2167968750e+02 5.6090654079e-12 1.8489035375e-12 3.7601618703e-12
2.2174072266e+02 5.5679831669e-12 1.8353113428e-12 3.7326718241e-12
2.2180175781e+02 5.5801540478e-12 1.8424232143e-12 3.7377308335e-12
2.2186279297e+02 5.5876510129e-12 1.8444663285e-12 3.7431846843e-12
2.2192382812e+02 5.6023998196e-12 1.8531332684e-12 3.7492665512e-12
2.2198486328e+02 5.5677635264e-12 1.8414917211e-12 3.7262718052e-12
2.2204589844e+02 5.5893029453e-12 1.8390710079e-12 3.7502319373e-12
2.2210693359e+02 5.5532647534e-12 1.8338311987e-12 3.7194335548e-12
2.2216796875e+02 5.5372349780e-12 1.8342754012e-12 3.7029595768e-12
2.2222900391e+02 5.4921958603e-12 1.8250395093e-12 3.6671563510e-12
2.2229003906e+02 5.5697295165e-12 1.8447945102e-12 3.7249350063e-12
2.2235107422e+02 5.5221808033e-12 1.8225061848e-12 3.6996746185e-12
2.2241210938e+02 5.4653936408e-12 1.8075824405e-12 3.6578112002e-12
2.2247314453e+02 5.4781865668e-12 1.7986470258e-12 3.6795395409e-12
2.2253417969e+02 5.4709177919e-12 1.8017258205e-12 3.6691919715e-12
2.2259521484e+02 5.4941344224e-12 1.8259449103e-12 3.6681895121e-12
2.2265625000e+02 5.5137885874e-12 1.8295198328e-12 3.6842687546e-12
2.2271728516e+02 5.4880156403e-12 1.8107846808e-12 3.6772309595e-12
2.2277832031e+02 5.4642196279e-12 1.8108871434e-12 3.6533324845e-12
2.2283935547e+02 5.4653731885e-12 1.8076292316e-12 3.6577439568e-12
2.2290039062e+02 5.4907617488e-12 1.8238657631e-12 3.6668959858e-12
2.2296142578e+02 5.4879675883e-12 1.8234881942e-12 3.6644793941e-12
2.2302246094e+02 5.4059052161e-12 1.7864566878e-12 3.6194485283e-12
2.2308349609e+02 5.3913115002e-12 1.7687657100e-12 3.6225457902e-12
2.2314453125e+02 5.3884970947e-12 1.7729511355e-12 3.6155459593e-12
2.2320556641e+02 5.3946529027e-12 1.7837708316e-12 3.6108820711e-12
2.2326660156e+02 5.3750022809e-12 1.7806549239e-12 3.5943473570e-12
2.2332763672e+02 5.4071307509e-12 1.7869182920e-12 3.6202124589e-12
2.2338867188e+02 5.3757318446e-12 1.7747015810e-12 3.6010302637e-12
2.2344970703e+02 5.3254738536e-12 1.7621584001e-12 3.5633154534e-12
2.2351074219e+02 5.3605268274e-12 1.7824767745e-12 3.5780500529e-12
2.2357177734e+02 5.3249066152e-12 1.7631546634e-12 3.5617519517e-12
2.2363281250e+02 5.3139530022e-12 1.7504696025e-12 3.5634833997e-12
2.2369384766e+02 5.3326469666e-12 1.7780255645e-12 3.5546214021e-12
2.2375488281e+02 5.3515326974e-12 1.7843112049e-12 3.5672214924e-12
2.2381591797e+02 5.3153034493e-12 1.7472284203e-12 3.5680750290e-12
2.2387695312e+02 5.3140497203e-12 1.7550011210e-12 3.5590485993e-12
2.2393798828e+02 5.3022823881e-12 1.7592738263e-12 3.5430085618e-12
2.2399902344e+02 5.3243323372e-12 1.7572293760e-12 3.5671029613e-12
2.2406005859e+02 5.2891379754e-12 1.7386729378e-12 3.5504650376e-12
2.2412109375e+02 5.2560085569e-12 1.7397286996e-12 3.5162798573e-12
2.2418212891e+02 5.2295299653e-12 1.7291174550e-12 3.5004125103e-12
2.2424316406e+02 5.2796966504e-12 1.7463424884e-12 3.5333541620e-12
2.2430419922e+02 5.2833837786e-12 1.7368324546e-12 3.5465513239e-12
2.2436523438e+02 5.2444771175e-12 1.7272331953e-12 3.5172439222e-12
2.2442626953e+02 5.2893055199e-12 1.7493454058e-12 3.5399601141e-12
2.2448730469e+02 5.3017407976e-12 1.7456091067e-12 3.5561316909e-12
2.2454833984e+02 5.2200492535e-12 1.7233328807e-12 3.4967163727e-12
2.2460937500e+02 5.2051640145e-12 1.7175487763e-12 3.4876152382e-12
2.2467041016e+02 5.2415251439e-12 1.7271594334e-12 3.5143657105e-12
2.2473144531e+02 5.2725064075e-12 1.7333289075e-12 3.5391775000e-12
2.2479248047e+02 5.2132476930e-12 1.7167239165e-12 3.4965237765e-12
2.2485351562e+02 5.2144543122e-12 1.7209268607e-12 3.4935274515e-12
2.2491455078e+02 5.2498372427e-12 1.7308886065e-12 3.5189486362e-12
2.2497558594e+02 5.2424783362e-12 1.7265655887e-12 3.5159127475e-12
2.2503662109e+02 5.1791885921e-12 1.7089049837e-12 3.4702836083e-12
2.2509765625e+02 5.1899669139e-12 1.7117836297e-12 3.4781832842e-12
2.2515869141e+02 5.2057832328e-12 1.7154290530e-12 3.4903541798e-12
2.2521972656e+02 5.1874403147e-12 1.7011985708e-12 3.4862417439e-12
2.2528076172e+02 5.2112278542e-12 1.7195016116e-12 3.4917262427e-12
2.2534179688e+02 5.1805101158e-12 1.7114719922e-12 3.4690381236e-12
2.2540283203e+02 5.1748296139e-12 1.6988809750e-12 3.4759486389e-12
2.2546386719e+02 5.1964978259e-12 1.7070272377e-12 3.4894705882e-12
2.2552490234e+02 5.1724183335e-12 1.7103780799e-12 3.4620402535e-12
2.2558593750e+02 5.1442081248e-12 1.6978282303e-12 3.4463798945e-12
2.2564697266e+02 5.1348538598e-12 1.6899679121e-12 3.4448859476e-12
2.2570800781e+02 5.1499618975e-12 1.7060082297e-12 3.4439536679e-12
2.2576904297e+02 5.1476120790e-12 1.6959771583e-12 3.4516349206e-12
2.2583007812e+02 5.1214193596e-12 1.6937195247e-12 3.4276998350e-12
2.2589111328e+02 5.1610619548e-12 1.7061014828e-12 3.4549604720e-12
2.2595214844e+02 5.1579880173e-12 1.7000636723e-12 3.4579243450e-12
2.2601318359e+02 5.1297750606e-12 1.6910730063e-12 3.4387020542e-12
2.2607421875e+02 5.1254920516e-12 1.6881307004e-12 3.4373613511e-12
2.2613525391e+02 5.0847967573e-12 1.6795589549e-12 3.4052378024e-12
2.2619628906e+02 5.0819545803e-12 1.6778342743e-12 3.4041203060e-12
2.2625732422e+02 5.0817166377e-12 1.6783462888e-12 3.4033703489e-12
2.2631835938e+02 5.0583207777e-12 1.6695940048e-12 3.3887267730e-12
2.2637939453e+02 5.0484871243e-12 1.6689753163e-12 3.3795118080e-12
2.2644042969e+02 5.0065008899e-12 1.6615286339e-12 3.3449722560e-12
2.2650146484e+02 4.9395434470e-12 1.6451205002e-12 3.2944229468e-12
2.2656250000e+02 4.9565713494e-12 1.6446364000e-12 3.3119349494e-12
2.2662353516e+02 4.9653445307e-12 1.6379873255e-12 3.3273572053e-12
2.2668457031e+02 4.9906273907e-12 1.6442702766e-12 3.3463571142e-12
2.2674560547e+02 4.9406455139e-12 1.6352357078e-12 3.3054098061e-12
2.2680664062e+02 4.9926200503e-12 1.6599012436e-12 3.3327188066e-12
2.2686767578e+02 5.0068135715e-12 1.6580838025e-12 3.3487297690e-12
2.2692871094e+02 4.9815269439e-12 1.6494590164e-12 3.3320679275e-12
2.2698974609e+02 4.9638895255e-12 1.6421159790e-12 3.3217735465e-12
2.2705078125e+02 4.9497560428e-12 1.6324133668e-12 3.3173426761e-12
2.2711181641e+02 4.9341949061e-12 1.6304497994e-12 3.3037451066e-12
2.2717285156e+02 4.9650499706e-12 1.6378738227e-12 3.3271761479e-12
2.2723388672e+02 4.9173127427e-12 1.6179114946e-12 3.2994012481e-12
2.2729492188e+02 4.9255941867e-12 1.6256665138e-12 3.2999276729e-12
2.2735595703e+02 4.9125709026e-12 1.6223475904e-12 3.2902233121e-12
2.2741699219e+02 4.8739315262e-12 1.6132252204e-12 3.2607063058e-12
2.2747802734e+02 4.8974447556e-12 1.6202376606e-12 3.2772070950e-12
2.2753906250e+02 4.8935226385e-12 1.6108555530e-12 3.2826670855e-12
2.2760009766e+02 4.8940148685e-12 1.6142559439e-12 3.2797589246e-12
2.2766113281e+02 4.9079652555e-12 1.6198435664e-12 3.2881216890e-12
2.2772216797e+02 4.9021919069e-12 1.6242121526e-12 3.2779797543e-12
2.2778320312e+02 4.8845524286e-12 1.6250745644e-12 3.2594778642e-12
2.2784423828e+02 4.9026465731e-12 1.6328325325e-12 3.2698140406e-12
2.2790527344e+02 4.8625246925e-12 1.6165087779e-12 3.2460159146e-12
2.2796630859e+02 4.8623547443e-12 1.6123422141e-12 3.2500125303e-12
2.2802734375e+02 4.8648945271e-12 1.6131503129e-12 3.2517442141e-12
2.2808837891e+02 4.8248461625e-12 1.5994576563e-12 3.2253885062e-12
2.2814941406e+02 4.7924872206e-12 1.5884019976e-12 3.2040852231e-12
2.2821044922e+02 4.8298713948e-12 1.6039642741e-12 3.2259071206e-12
2.2827148438e+02 4.7978458265e-12 1.5897665261e-12 3.2080793004e-12
2.2833251953e+02 4.7918815099e-12 1.5870431783e-12 3.2048383316e-12
2.2839355469e+02 4.7684126095e-12 1.5852718116e-12 3.1831407979e-12
2.2845458984e+02 4.7229271273e-12 1.5701540951e-12 3.1527730322e-12
2.2851562500e+02 4.7303984528e-12 1.5676511922e-12 3.1627472606e-12
2.2857666016e+02 4.7440378200e-12 1.5686686946e-12 3.1753691254e-12
2.2863769531e+02 4.7154663134e-12 1.5670743656e-12 3.1483919478e-12
2.2869873047e+02 4.7351769169e-12 1.5808552907e-12 3.1543216262e-12
2.2875976562e+02 4.7221497357e-12 1.5735402323e-12 3.1486095035e-12
2.2882080078e+02 4.7006518233e-12 1.5626665631e-12 3.1379852602e-12
2.2888183594e+02 4.7228445705e-12 1.5607333002e-12 3.1621112703e-12
2.2894287109e+02 4.7350985483e-12 1.5704790858e-12 3.1646194625e-12
2.2900390625e+02 4.7132762168e-12 1.5729394406e-12 3.1403367762e-12
2.2906494141e+02 4.6719502580e-12 1.5583596547e-12 3.1135906033e-12
2.2912597656e+02 4.6649202444e-12 1.5552995011e-12 3.1096207432e-12
2.2918701172e+02 4.6748507567e-12 1.5501970371e-12 3.1246537196e-12
2.2924804688e+02 4.6543118907e-12 1.5420976043e-12 3.1122142864e-12
2.2930908203e+02 4.6608998132e-12 1.5447435496e-12 3.1161562636e-12
2.2937011719e+02 4.6518080350e-12 1.5421270882e-12 3.1096809468e-12
2.2943115234e+02 4.6469872983e-12 1.5504501519e-12 3.0965371465e-12
2.2949218750e+02 4.6533112840e-12 1.5506838528e-12 3.1026274312e-12
2.2955322266e+02 4.6485146184e-12 1.5493111590e-12 3.0992034594e-12
2.2961425781e+02 4.6589085748e-12 1.5505516675e-12 3.1083569073e-12
2.2967529297e+02 4.6784194230e-12 1.5524658747e-12 3.1259535483e-12
2.2973632812e+02 4.6456450267e-12 1.5485653525e-12 3.0970796741e-12
2.2979736328e+02 4.6080121021e-12 1.5304264023e-12 3.0775856998e-12
2.2985839844e+02 4.6079478984e-12 1.5243342950e-12 3.0836136034e-12
2.2991943359e+02 4.5855638636e-12 1.5204314028e-12 3.0651324608e-12
2.2998046875e+02 4.6491048703e-12 1.5458394023e-12 3.1032654681e-12
2.3004150391e+02 4.6035127254e-12 1.5300600314e-12 3.0734526940e-12
2.3010253906e+02 4.5549742159e-12 1.5184191645e-12 3.0365550514e-12
2.3016357422e+02 4.5804765217e-12 1.5230641004e-12 3.0574124213e-12
2.3022460938e+02 4.5984916610e-12 1.5293593865e-12 3.0691322745e-12
2.3028564453e+02 4.5726768533e-12 1.5221656084e-12 3.0505112449e-12
2.3034667969e+02 4.5765379028e-12 1.5130716415e-12 3.0634662613e-12
2.3040771484e+02 4.5723317947e-12 1.5209493462e-12 3.0513824486e-12
2.3046875000e+02 4.5774856489e-12 1.5198700234e-12 3.0576156255e-12
2.3052978516e+02 4.6246785423e-12 1.5255906474e-12 3.0990878949e-12
2.3059082031e+02 4.6489407047e-12 1.5383701747e-12 3.1105705300e-12
2.3065185547e+02 4.6198583538e-12 1.5279515940e-12 3.0919067598e-12
2.3071289062e+02 4.5819833814e-12 1.5215683567e-12 3.0604150246e-12
2.3077392578e+02 4.5854927166e-12 1.5163822653e-12 3.0691104513e-12
2.3083496094e+02 4.5836274617e-12 1.5111160030e-12 3.0725114587e-12
2.3089599609e+02 4.6107719022e-12 1.5189509924e-12 3.0918209098e-12
2.3095703125e+02 4.5215493405e-12 1.5002001612e-12 3.0213491793e-12
2.3101806641e+02 4.5288404091e-12 1.5037688698e-12 3.0250715393e-12
2.3107910156e+02 4.5423395253e-12 1.5133854224e-12 3.0289541029e-12
2.3114013672e+02 4.5510254689e-12 1.5190409172e-12 3.0319845517e-12
2.3120117188e+02 4.5531240576e-12 1.5107602000e-12 3.0423638576e-12
2.3126220703e+02 4.4638016471e-12 1.4757259671e-12 2.9880756800e-12
2.3132324219e+02 4.4848802597e-12 1.4906671584e-12 2.9942131012e-12
2.3138427734e+02 4.4785586534e-12 1.4928734950e-12 2.9856851584e-12
2.3144531250e+02 4.4913921450e-12 1.4955299212e-12 2.9958622238e-12
2.3150634766e+02 4.5063571430e-12 1.4984411981e-12 3.0079159450e-12
2.3156738281e+02 4.4552318736e-12 1.4956389283e-12 2.9595929453e-12
2.3162841797e+02 4.4419073010e-12 1.4843686788e-12 2.9575386222e-12
2.3168945312e+02 4.4212599569e-12 1.4725398384e-12 2.9487201186e-12
2.3175048828e+02 4.4074406578e-12 1.4757028232e-12 2.9317378346e-12
2.3181152344e+02 4.3940445844e-12 1.4719029597e-12 2.9221416246e-12
2.3187255859e+02 4.4139392688e-12 1.4764705329e-12 2.9374687359e-12
2.3193359375e+02 4.4131896467e-12 1.4672202030e-12 2.9459694437e-12
2.3199462891e+02 4.4080285551e-12 1.4710945893e-12 2.9369339659e-12
2.3205566406e+02 4.3936348888e-12 1.4708131829e-12 2.9228217059e-12
2.3211669922e+02 4.4027337467e-12 1.4609831602e-12 2.9417505865e-12
2.3217773438e+02 4.3787337142e-12 1.4541312224e-12 2.9246024918e-12
2.3223876953e+02 4.4245449353e-12 1.4715019969e-12 2.9530429384e-12
2.3229980469e+02 4.4439920856e-12 1.4836143493e-12 2.9603777363e-12
2.3236083984e+02 4.3941189439e-12 1.4662406345e-12 2.9278783094e-12
2.3242187500e+02 4.3814742824e-12 1.4545406673e-12 2.9269336151e-12
2.3248291016e+02 4.3743001073e-12 1.4582173993e-12 2.9160827081e-12
2.3254394531e+02 4.3868628307e-12 1.4679333818e-12 2.9189294489e-12
2.3260498047e+02 4.3750586577e-12 1.4611948169e-12 2.9138638408e-12
2.3266601562e+02 4.3477261970e-12 1.4461787253e-12 2.9015474717e-12
2.3272705078e+02 4.3597817427e-12 1.4629339892e-12 2.8968477535e-12
2.3278808594e+02 4.3313891570e-12 1.4487729954e-12 2.8826161617e-12
2.3284912109e+02 4.3594954959e-12 1.4576128763e-12 2.9018826196e-12
2.3291015625e+02 4.3550803129e-12 1.4457233546e-12 2.9093569582e-12
2.3297119141e+02 4.3854462154e-12 1.4574062364e-12 2.9280399790e-12
2.3303222656e+02 4.3610984598e-12 1.4552900018e-12 2.9058084580e-12
2.3309326172e+02 4.3530652616e-12 1.4500616533e-12 2.9030036083e-12
2.3315429688e+02 4.3180688130e-12 1.4409284241e-12 2.8771403889e-12
2.3321533203e+02 4.3490224959e-12 1.4509017230e-12 2.8981207729e-12
2.3327636719e+02 4.3643193052e-12 1.4541610522e-12 2.9101582530e-12
2.3333740234e+02 4.3299240938e-12 1.4425382974e-12 2.8873857964e-12
2.3339843750e+02 4.3306785359e-12 1.4395763336e-12 2.8911022023e-12
2.3345947266e+02 4.3020784556e-12 1.4269345688e-12 2.8751438868e-12
2.3352050781e+02 4.2898787565e-12 1.4225565430e-12 2.8673222135e-12
2.3358154297e+02 4.2970057314e-12 1.4323914922e-12 2.8646142392e-12
2.3364257812e+02 4.2969894768e-12 1.4375011491e-12 2.8594883277e-12
2.3370361328e+02 4.3155144473e-12 1.4436359729e-12 2.8718784744e-12
2.3376464844e+02 4.3180175042e-12 1.4350392543e-12 2.8829782499e-12
2.3382568359e+02 4.3203148571e-12 1.4331441846e-12 2.8871706725e-12
2.3388671875e+02 4.2934994731e-12 1.4309453567e-12 2.8625541164e-12
2.3394775391e+02 4.2874125741e-12 1.4277011208e-12 2.8597114533e-12
2.3400878906e+02 4.2677898581e-12 1.4156544286e-12 2.8521354296e-12
2.3406982422e+02 4.2841956034e-12 1.4268765334e-12 2.8573190700e-12
2.3413085938e+02 4.3200936555e-12 1.4349571339e-12 2.8851365216e-12
2.3419189453e+02 4.3291255760e-12 1.4342097422e-12 2.8949158338e-12
2.3425292969e+02 4.3261307512e-12 1.4344005097e-12 2.8917302415e-12
2.3431396484e+02 4.2827747792e-12 1.4248866108e-12 2.8578881684e-12
2.3437500000e+02 4.2528524152e-12 1.4266606711e-12 2.8261917441e-12
2.3443603516e+02 4.2700931909e-12 1.4329589589e-12 2.8371342320e-12
2.3449707031e+02 4.2709424724e-12 1.4195475761e-12 2.8513948962e-12
2.3455810547e+02 4.2819211735e-12 1.4252075565e-12 2.8567136171e-12
2.3461914062e+02 4.2381577162e-12 1.4162972308e-12 2.8218604853e-12
2.3468017578e+02 4.2257142188e-12 1.4120518106e-12 2.8136624083e-12
2.3474121094e+02 4.2087398924e-12 1.4089622155e-12 2.7997776769e-12
2.3480224609e+02 4.2189124931e-12 1.4162536055e-12 2.8026588875e-12
2.3486328125e+02 4.2170994853e-12 1.4124331342e-12 2.8046663510e-12
2.3492431641e+02 4.2275670257e-12 1.4163772346e-12 2.8111897911e-12
2.3498535156e+02 4.2775592938e-12 1.4316803005e-12 2.8458789933e-12
2.3504638672e+02 4.2247732181e-12 1.4092883796e-12 2.8154848385e-12
2.3510742188e+02 4.1810809255e-12 1.3933030603e-12 2.7877778652e-12
2.3516845703e+02 4.1822983503e-12 1.4016863441e-12 2.7806120062e-12
2.3522949219e+02 4.2070863901e-12 1.4081408791e-12 2.7989455111e-12
2.3529052734e+02 4.1950803433e-12 1.4040727456e-12 2.7910075977e-12
2.3535156250e+02 4.1936125119e-12 1.3980451352e-12 2.7955673767e-12
2.3541259766e+02 4.1955049283e-12 1.3907118058e-12 2.8047931225e-12
2.3547363281e+02 4.2047763370e-12 1.3924777276e-12 2.8122986094e-12
2.3553466797e+02 4.1625549806e-12 1.3830961186e-12 2.7794588620e-12
2.3559570312e+02 4.1777098750e-12 1.3878223317e-12 2.7898875433e-12
2.3565673828e+02 4.1606377405e-12 1.3830052612e-12 2.7776324793e-12
2.3571777344e+02 4.1434372104e-12 1.3754968018e-12 2.7679404086e-12
2.3577880859e+02 4.1574193717e-12 1.3821081406e-12 2.7753112311e-12
2.3583984375e+02 4.1410401640e-12 1.3723050020e-12 2.7687351620e-12
2.3590087891e+02 4.1651232824e-12 1.3804109121e-12 2.7847123703e-12
2.3596191406e+02 4.1795509399e-12 1.3825801943e-12 2.7969707456e-12
2.3602294922e+02 4.1590295246e-12 1.3777525572e-12 2.7812769675e-12
2.3608398438e+02 4.1807451545e-12 1.3998770826e-12 2.7808680719e-12
2.3614501953e+02 4.1490515560e-12 1.3894104714e-12 2.7596410846e-12
2.3620605469e+02 4.1251486403e-12 1.3805490677e-12 2.7445995726e-12
2.3626708984e+02 4.1399227513e-12 1.3810009711e-12 2.7589217802e-12
2.3632812500e+02 4.1008171898e-12 1.3577742802e-12 2.7430429096e-12
2.3638916016e+02 4.1065614791e-12 1.3682027234e-12 2.7383587557e-12
2.3645019531e+02 4.1201166854e-12 1.3713068819e-12 2.7488098035e-12
2.3651123047e+02 4.1068789047e-12 1.3707413735e-12 2.7361375313e-12
2.3657226562e+02 4.0890085506e-12 1.3621777523e-12 2.7268307983e-12
2.3663330078e+02 4.1372016971e-12 1.3666442905e-12 2.7705574065e-12
2.3669433594e+02 4.1489776282e-12 1.3789067840e-12 2.7700708443e-12
2.3675537109e+02 4.1235973864e-12 1.3764914254e-12 2.7471059610e-12
2.3681640625e+02 4.1109895190e-12 1.3751527584e-12 2.7358367606e-12
2.3687744141e+02 4.1057499613e-12 1.3667867486e-12 2.7389632127e-12
2.3693847656e+02 4.0578304371e-12 1.3571756717e-12 2.7006547654e-12
2.3699951172e+02 4.0604222896e-12 1.3621989867e-12 2.6982233030e-12
2.3706054688e+02 4.0550160941e-12 1.3628112329e-12 2.6922048612e-12
2.3712158203e+02 4.0288173846e-12 1.3452512842e-12 2.6835661004e-12
2.3718261719e+02 4.0402617055e-12 1.3463433959e-12 2.6939183096e-12
2.3724365234e+02 4.0547884486e-12 1.3529427726e-12 2.7018456760e-12
2.3730468750e+02 4.0396654303e-12 1.3490976224e-12 2.6905678078e-12
2.3736572266e+02 4.0546433089e-12 1.3568687817e-12 2.6977745272e-12
2.3742675781e+02 4.0198266033e-12 1.3413915895e-12 2.6784350138e-12
2.3748779297e+02 4.0185693119e-12 1.3272009979e-12 2.6913683140e-12
2.3754882812e+02 4.0498633910e-12 1.3472792425e-12 2.7025841485e-12
2.3760986328e+02 4.0715542329e-12 1.3554685893e-12 2.7160856436e-12
2.3767089844e+02 4.0530230913e-12 1.3576333763e-12 2.6953897150e-12
2.3773193359e+02 3.9992584108e-12 1.3384284103e-12 2.6608300005e-12
2.3779296875e+02 3.9818240919e-12 1.3303112125e-12 2.6515128794e-12
2.3785400391e+02 3.9969406016e-12 1.3266364115e-12 2.6703041901e-12
2.3791503906e+02 3.9957167529e-12 1.3294716138e-12 2.6662451390e-12
2.3797607422e+02 3.9948326730e-12 1.3296747635e-12 2.6651579095e-12
2.3803710938e+02 3.9574312518e-12 1.3182785172e-12 2.6391527346e-12
2.3809814453e+02 3.9729168941e-12 1.3221777382e-12 2.6507391559e-12
2.3815917969e+02 3.9588050289e-12 1.3176406041e-12 2.6411644248e-12
2.3822021484e+02 3.9076072277e-12 1.3035097029e-12 2.6040975248e-12
2.3828125000e+02 3.9197088418e-12 1.3061834700e-12 2.6135253719e-12
2.3834228516e+02 3.9641740383e-12 1.3153811781e-12 2.6487928602e-12
2.3840332031e+02 3.9794506679e-12 1.3228761534e-12 2.6565745145e-12
2.3846435547e+02 3.9567181622e-12 1.3198299852e-12 2.6368881771e-12
2.3852539062e+02 3.9110814491e-12 1.3072044998e-12 2.6038769493e-12
2.3858642578e+02 3.9291192142e-12 1.3120224576e-12 2.6170967566e-12
2.3864746094e+02 3.9462486925e-12 1.3164956549e-12 2.6297530376e-12
2.3870849609e+02 3.9050988893e-12 1.3011178865e-12 2.6039810028e-12
2.3876953125e+02 3.9176664091e-12 1.3008204761e-12 2.6168459330e-12
2.3883056641e+02 3.9203401311e-12 1.2978968545e-12 2.6224432766e-12
2.3889160156e+02 3.8565322060e-12 1.2848258213e-12 2.5717063847e-12
2.3895263672e+02 3.8454021672e-12 1.2871991315e-12 2.5582030357e-12
2.3901367188e+02 3.8657266957e-12 1.2897349274e-12 2.5759917684e-12
2.3907470703e+02 3.8788139652e-12 1.2907211021e-12 2.5880928632e-12
2.3913574219e+02 3.8611429403e-12 1.2964800694e-12 2.5646628709e-12
2.3919677734e+02 3.8426051098e-12 1.2880746305e-12 2.5545304794e-12
2.3925781250e+02 3.8670334178e-12 1.2914589523e-12 2.5755744655e-12
2.3931884766e+02 3.8434736139e-12 1.2915209900e-12 2.5519526239e-12
2.3937988281e+02 3.8493991993e-12 1.2908170238e-12 2.5585821754e-12
2.3944091797e+02 3.8507723630e-12 1.2924796960e-12 2.5582926670e-12
2.3950195312e+02 3.8272778095e-12 1.2836205488e-12 2.5436572607e-12
2.3956298828e+02 3.8511269963e-12 1.2871910392e-12 2.5639359571e-12
2.3962402344e+02 3.8500834888e-12 1.2867996627e-12 2.5632838261e-12
2.3968505859e+02 3.8561621107e-12 1.2864048255e-12 2.5697572852e-12
2.3974609375e+02 3.8587937851e-12 1.2910067801e-12 2.5677870050e-12
2.3980712891e+02 3.8216454854e-12 1.2755423660e-12 2.5461031193e-12
2.3986816406e+02 3.7855620338e-12 1.2652828443e-12 2.5202791895e-12
2.3992919922e+02 3.8290688305e-12 1.2775038076e-12 2.5515650230e-12
2.3999023438e+02 3.8407504524e-12 1.2814002470e-12 2.5593502054e-12
2.4005126953e+02 3.8081638014e-12 1.2800295807e-12 2.5281342208e-12
2.4011230469e+02 3.7659674209e-12 1.2674056246e-12 2.4985617964e-12
2.4017333984e+02 3.7783279421e-12 1.2590375630e-12 2.5192903791e-12
2.4023437500e+02 3.7478256414e-12 1.2522793528e-12 2.4955462886e-12
2.4029541016e+02 3.7692056976e-12 1.2639020821e-12 2.5053036155e-12
2.4035644531e+02 3.8062569620e-12 1.2707750027e-12 2.5354819593e-12
2.4041748047e+02 3.7589545734e-12 1.2600237538e-12 2.4989308196e-12
2.4047851562e+02 3.7102876645e-12 1.2416335515e-12 2.4686541130e-12
2.4053955078e+02 3.7618036134e-12 1.2576408818e-12 2.5041627316e-12
2.4060058594e+02 3.7764381682e-12 1.2566386425e-12 2.5197995257e-12
2.4066162109e+02 3.8038833252e-12 1.2754158846e-12 2.5284674406e-12
2.4072265625e+02 3.8117281842e-12 1.2767474882e-12 2.5349806961e-12
2.4078369141e+02 3.7953216458e-12 1.2746298477e-12 2.5206917981e-12
2.4084472656e+02 3.7690303402e-12 1.2590129399e-12 2.5100174003e-12
2.4090576172e+02 3.7527934404e-12 1.2531606050e-12 2.4996328354e-12
2.4096679688e+02 3.7647534984e-12 1.2573044949e-12 2.5074490035e-12
2.4102783203e+02 3.7523767621e-12 1.2627199939e-12 2.4896567683e-12
2.4108886719e+02 3.7361892061e-12 1.2531803386e-12 2.4830088675e-12
2.4114990234e+02 3.7445329371e-12 1.2500476703e-12 2.4944852667e-12
2.4121093750e+02 3.7296682543e-12 1.2438179324e-12 2.4858503219e-12
2.4127197266e+02 3.7045889049e-12 1.2386967623e-12 2.4658921426e-12
2.4133300781e+02 3.7253473917e-12 1.2420637875e-12 2.4832836042e-12
2.4139404297e+02 3.6950943814e-12 1.2405185141e-12 2.4545758673e-12
2.4145507812e+02 3.6813901914e-12 1.2318133965e-12 2.4495767949e-12
2.4151611328e+02 3.6726689368e-12 1.2274459685e-12 2.4452229683e-12
2.4157714844e+02 3.6655795421e-12 1.2289616091e-12 2.4366179330e-12
2.4163818359e+02 3.6785656050e-12 1.2411908978e-12 2.4373747072e-12
2.4169921875e+02 3.6703149758e-12 1.2257023046e-12 2.4446126711e-12
2.4176025391e+02 3.6798405164e-12 1.2270907523e-12 2.4527497641e-12
2.4182128906e+02 3.6654964083e-12 1.2343217793e-12 2.4311746290e-12
2.4188232422e+02 3.6513375942e-12 1.2334690842e-12 2.4178685100e-12
2.4194335938e+02 3.6696909731e-12 1.2387955326e-12 2.4308954405e-12
2.4200439453e+02 3.6664366913e-12 1.2315195538e-12 2.4349171376e-12
2.4206542969e+02 3.6596788036e-12 1.2284465729e-12 2.4312322307e-12
2.4212646484e+02 3.6119284485e-12 1.2075475922e-12 2.4043808563e-12
2.4218750000e+02 3.6175118702e-12 1.2133072432e-12 2.4042046270e-12
2.4224853516e+02 3.6484067003e-12 1.2269489800e-12 2.4214577203e-12
2.4230957031e+02 3.6806522943e-12 1.2313007376e-12 2.4493515566e-12
2.4237060547e+02 3.6664571809e-12 1.2318467362e-12 2.4346104447e-12
2.4243164062e+02 3.6473782000e-12 1.2262030533e-12 2.4211751467e-12
2.4249267578e+02 3.6503212727e-12 1.2250606606e-12 2.4252606120e-12
2.4255371094e+02 3.6181607841e-12 1.2182943871e-12 2.3998663970e-12
2.4261474609e+02 3.6146782423e-12 1.2154273514e-12 2.3992508910e-12
2.4267578125e+02 3.6270753346e-12 1.2167071095e-12 2.4103682251e-12
2.4273681641e+02 3.6197237282e-12 1.2137813043e-12 2.4059424240e-12
2.4279785156e+02 3.6420252558e-12 1.2205509967e-12 2.4214742591e-12
2.4285888672e+02 3.6087150053e-12 1.2094280544e-12 2.3992869509e-12
2.4291992188e+02 3.5780661877e-12 1.1974175905e-12 2.3806485973e-12
2.4298095703e+02 3.6096163148e-12 1.2113817648e-12 2.3982345501e-12
2.4304199219e+02 3.5849416187e-12 1.2038224108e-12 2.3811192079e-12
2.4310302734e+02 3.6060399296e-12 1.2099564245e-12 2.3960835052e-12
2.4316406250e+02 3.6387102333e-12 1.2229015134e-12 2.4158087199e-12
2.4322509766e+02 3.6192026052e-12 1.2086455112e-12 2.4105570940e-12
2.4328613281e+02 3.6143544246e-12 1.2124831758e-12 2.4018712488e-12
2.4334716797e+02 3.5878783581e-12 1.2064500749e-12 2.3814282832e-12
2.4340820312e+02 3.5908035195e-12 1.2021254743e-12 2.3886780452e-12
2.4346923828e+02 3.5697157148e-12 1.2014297021e-12 2.3682860127e-12
2.4353027344e+02 3.5748897138e-12 1.2022703266e-12 2.3726193872e-12
2.4359130859e+02 3.5918809228e-12 1.2036324402e-12 2.3882484826e-12
2.4365234375e+02 3.5600282934e-12 1.1938351192e-12 2.3661931741e-12
2.4371337891e+02 3.5879493897e-12 1.2034614751e-12 2.3844879146e-12
2.4377441406e+02 3.5677294230e-12 1.1987610374e-12 2.3689683856e-12
2.4383544922e+02 3.5527725037e-12 1.1873448855e-12 2.3654276182e-12
2.4389648438e+02 3.5801674440e-12 1.1972730841e-12 2.3828943599e-12
2.4395751953e+02 3.5707069943e-12 1.1992896123e-12 2.3714173820e-12
2.4401855469e+02 3.5344525548e-12 1.1863070693e-12 2.3481454855e-12
2.4407958984e+02 3.5349736739e-12 1.1792767480e-12 2.3556969259e-12
2.4414062500e+02 3.5551843850e-12 1.1883401186e-12 2.3668442664e-12
2.4420166016e+02 3.5517182462e-12 1.1959318525e-12 2.3557863937e-12
2.4426269531e+02 3.5828104849e-12 1.2068432843e-12 2.3759672006e-12
2.4432373047e+02 3.5588290251e-12 1.1967093187e-12 2.3621197064e-12
2.4438476562e+02 3.5009608426e-12 1.1680376675e-12 2.3329231752e-12
2.4444580078e+02 3.5163221382e-12 1.1685231613e-12 2.3477989769e-12
2.4450683594e+02 3.5434983325e-12 1.1806751217e-12 2.3628232108e-12
2.4456787109e+02 3.4998681561e-12 1.1706526951e-12 2.3292154610e-12
2.4462890625e+02 3.5206365037e-12 1.1758389067e-12 2.3447975970e-12
2.4468994141e+02 3.5227580220e-12 1.1792103988e-12 2.3435476232e-12
2.4475097656e+02 3.5315313475e-12 1.1795424160e-12 2.3519889314e-12
2.4481201172e+02 3.5354887173e-12 1.1839793875e-12 2.3515093298e-12
2.4487304688e+02 3.5462227607e-12 1.1889112727e-12 2.3573114881e-12
2.4493408203e+02 3.5173991474e-12 1.1780773794e-12 2.3393217680e-12
2.4499511719e+02 3.5122562376e-12 1.1824777003e-12 2.3297785372e-12
2.4505615234e+02 3.4996894038e-12 1.1766987568e-12 2.3229906470e-12
2.4511718750e+02 3.5178370940e-12 1.1815275043e-12 2.3363095897e-12
2.4517822266e+02 3.5277981443e-12 1.1759631583e-12 2.3518349860e-12
2.4523925781e+02 3.5057995677e-12 1.1728790988e-12 2.3329204689e-12
2.4530029297e+02 3.4972717753e-12 1.1737433266e-12 2.3235284487e-12
2.4536132812e+02 3.4696152666e-12 1.1685384966e-12 2.3010767700e-12
2.4542236328e+02 3.4441831132e-12 1.1634112925e-12 2.2807718207e-12
2.4548339844e+02 3.4649576718e-12 1.1587047241e-12 2.3062529476e-12
2.4554443359e+02 3.4723136284e-12 1.1557264601e-12 2.3165871683e-12
2.4560546875e+02 3.4808802983e-12 1.1621668923e-12 2.3187134060e-12
2.4566650391e+02 3.4484673773e-12 1.1561170226e-12 2.2923503547e-12
2.4572753906e+02 3.4667570170e-12 1.1638851875e-12 2.3028718294e-12
2.4578857422e+02 3.4722527676e-12 1.1680746161e-12 2.3041781516e-12
2.4584960938e+02 3.4672883743e-12 1.1675486930e-12 2.2997396814e-12
2.4591064453e+02 3.4590758925e-12 1.1667475480e-12 2.2923283446e-12
2.4597167969e+02 3.4440509772e-12 1.1610485087e-12 2.2830024685e-12
2.4603271484e+02 3.4490248394e-12 1.1624983776e-12 2.2865264619e-12
2.4609375000e+02 3.4350308057e-12 1.1573747090e-12 2.2776560967e-12
2.4615478516e+02 3.4384252412e-12 1.1546539814e-12 2.2837712598e-12
2.4621582031e+02 3.4297584623e-12 1.1487428293e-12 2.2810156330e-12
2.4627685547e+02 3.4398565755e-12 1.1505907680e-12 2.2892658075e-12
2.4633789062e+02 3.4290949257e-12 1.1511025213e-12 2.2779924044e-12
2.4639892578e+02 3.4064786607e-12 1.1428737643e-12 2.2636048964e-12
2.4645996094e+02 3.4368844854e-12 1.1593688947e-12 2.2775155908e-12
2.4652099609e+02 3.4602842010e-12 1.1706461174e-12 2.2896380836e-12
2.4658203125e+02 3.4534734093e-12 1.1623714927e-12 2.2911019167e-12
2.4664306641e+02 3.4390243124e-12 1.1508335034e-12 2.2881908090e-12
2.4670410156e+02 3.4495042133e-12 1.1572996016e-12 2.2922046117e-12
2.4676513672e+02 3.4096210117e-12 1.1387664419e-12 2.2708545698e-12
2.4682617188e+02 3.3994802612e-12 1.1383561266e-12 2.2611241346e-12
2.4688720703e+02 3.3955523440e-12 1.1427409788e-12 2.2528113652e-12
2.4694824219e+02 3.4335921981e-12 1.1558249633e-12 2.2777672348e-12
2.4700927734e+02 3.4318659066e-12 1.1545038664e-12 2.2773620402e-12
2.4707031250e+02 3.4251944070e-12 1.1486188043e-12 2.2765756027e-12
2.4713134766e+02 3.4047450110e-12 1.1436327200e-12 2.2611122910e-12
2.4719238281e+02 3.4148198046e-12 1.1459487854e-12 2.2688710192e-12
2.4725341797e+02 3.4365667354e-12 1.1512078998e-12 2.2853588356e-12
2.4731445312e+02 3.4226280073e-12 1.1508091953e-12 2.2718188120e-12
2.4737548828e+02 3.4202220684e-12 1.1430352158e-12 2.2771868525e-12
2.4743652344e+02 3.4195351342e-12 1.1429513768e-12 2.2765837574e-12
2.4749755859e+02 3.4191443616e-12 1.1487546822e-12 2.2703896795e-12
2.4755859375e+02 3.3961775483e-12 1.1397123261e-12 2.2564652222e-12
2.4761962891e+02 3.4111876362e-12 1.1395677771e-12 2.2716198591e-12
2.4768066406e+02 3.4195652883e-12 1.1450096308e-12 2.2745556575e-12
2.4774169922e+02 3.3711888384e-12 1.1341408492e-12 2.2370479892e-12
2.4780273438e+02 3.3598536137e-12 1.1255769246e-12 2.2342766890e-12
2.4786376953e+02 3.3757188248e-12 1.1302953715e-12 2.2454234532e-12
2.4792480469e+02 3.3818154682e-12 1.1340319089e-12 2.2477835593e-12
2.4798583984e+02 3.3533075519e-12 1.1146925578e-12 2.2386149941e-12
2.4804687500e+02 3.3716919284e-12 1.1233976765e-12 2.2482942518e-12
2.4810791016e+02 3.3896746237e-12 1.1352020998e-12 2.2544725239e-12
2.4816894531e+02 3.3637331747e-12 1.1310044628e-12 2.2327287119e-12
2.4822998047e+02 3.3681939623e-12 1.1282320030e-12 2.2399619593e-12
2.4829101562e+02 3.3618818326e-12 1.1239139703e-12 2.2379678624e-12
2.4835205078e+02 3.3498189808e-12 1.1193812815e-12 2.2304376993e-12
2.4841308594e+02 3.3652928602e-12 1.1316654907e-12 2.2336273695e-12
2.4847412109e+02 3.3673527086e-12 1.1345579073e-12 2.2327948013e-12
2.4853515625e+02 3.3471417167e-12 1.1199143566e-12 2.2272273601e-12
2.4859619141e+02 3.3360737503e-12 1.1180454753e-12 2.2180282750e-12
2.4865722656e+02 3.3213404167e-12 1.1132278388e-12 2.2081125779e-12
2.4871826172e+02 3.3411886557e-12 1.1190617241e-12 2.2221269316e-12
2.4877929688e+02 3.3531660933e-12 1.1222449729e-12 2.2309211204e-12
2.4884033203e+02 3.3698954323e-12 1.1311832261e-12 2.2387122062e-12
2.4890136719e+02 3.3418566740e-12 1.1203591574e-12 2.2214975166e-12
2.4896240234e+02 3.3161235765e-12 1.1111136584e-12 2.2050099181e-12
2.4902343750e+02 3.3321203794e-12 1.1123876669e-12 2.2197327125e-12
2.4908447266e+02 3.3086471425e-12 1.1106454545e-12 2.1980016879e-12
2.4914550781e+02 3.3004548280e-12 1.1049543497e-12 2.1955004783e-12
2.4920654297e+02 3.3401851597e-12 1.1166592551e-12 2.2235259045e-12
2.4926757812e+02 3.3190482639e-12 1.1138639667e-12 2.2051842972e-12
2.4932861328e+02 3.3271234554e-12 1.1180571090e-12 2.2090663464e-12
2.4938964844e+02 3.3215941180e-12 1.1106212240e-12 2.2109728940e-12
2.4945068359e+02 3.3140549416e-12 1.1040687752e-12 2.2099861663e-12
2.4951171875e+02 3.2778313252e-12 1.0947031845e-12 2.1831281407e-12
2.4957275391e+02 3.3023904038e-12 1.1100747483e-12 2.1923156555e-12
2.4963378906e+02 3.3229520063e-12 1.1117481354e-12 2.2112038709e-12
2.4969482422e+02 3.2925250343e-12 1.1040479672e-12 2.1884770670e-12
2.4975585938e+02 3.3374859836e-12 1.1145634863e-12 2.2229224973e-12
2.4981689453e+02 3.3475834964e-12 1.1162714667e-12 2.2313120297e-12
2.4987792969e+02 3.3053407497e-12 1.1049449407e-12 2.2003958090e-12
2.4993896484e+02 3.3017653474e-12 1.0982598670e-12 2.2035054804e-12
2.5000000000e+02 3.2984779205e-12 1.0995677389e-12 2.1989101816e-12
2.5006103516e+02 3.2816847100e-12 1.0991744021e-12 2.1825103079e-12
2.5012207031e+02 3.2687337698e-12 1.0959272278e-12 2.1728065420e-12
2.5018310547e+02 3.2695497471e-12 1.0978383112e-12 2.1717114359e-12
2.5024414062e+02 3.2514902057e-12 1.0900396541e-12 2.1614505516e-12
2.5030517578e+02 3.2858526013e-12 1.0996039483e-12 2.1862486529e-12
2.5036621094e+02 3.2746218990e-12 1.0946489542e-12 2.1799729448e-12
2.5042724609e+02 3.2365118514e-12 1.0849307961e-12 2.1515810553e-12
2.5048828125e+02 3.2495764460e-12 1.0874737271e-12 2.1621027189e-12
2.5054931641e+02 3.2505778656e-12 1.0842712995e-12 2.1663065660e-12
2.5061035156e+02 3.2305542460e-12 1.0757765634e-12 2.1547776826e-12
2.5067138672e+02 3.2308454720e-12 1.0837440117e-12 2.1471014603e-12
2.5073242188e+02 3.2460329116e-12 1.0876654870e-12 2.1583674246e-12
2.5079345703e+02 3.2475044732e-12 1.0872079985e-12 2.1602964748e-12
2.5085449219e+02 3.2225486484e-12 1.0777677174e-12 2.1447809311e-12
2.5091552734e+02 3.2219717594e-12 1.0813263168e-12 2.1406454426e-12
2.5097656250e+02 3.2347776240e-12 1.0813868647e-12 2.1533907593e-12
2.5103759766e+02 3.2299026337e-12 1.0819445710e-12 2.1479580627e-12
2.5109863281e+02 3.1871720055e-12 1.0673576294e-12 2.1198143761e-12
2.5115966797e+02 3.2126064889e-12 1.0754355635e-12 2.1371709255e-12
2.5122070312e+02 3.2213045518e-12 1.0807538603e-12 2.1405506915e-12
2.5128173828e+02 3.1976320128e-12 1.0702302471e-12 2.1274017657e-12
2.5134277344e+02 3.1798629238e-12 1.0652783497e-12 2.1145845741e-12
2.5140380859e+02 3.2077343265e-12 1.0716623314e-12 2.1360719951e-12
2.5146484375e+02 3.1970303210e-12 1.0718773502e-12 2.1251529708e-12
2.5152587891e+02 3.2003641023e-12 1.0752007840e-12 2.1251633183e-12
2.5158691406e+02 3.2145900035e-12 1.0808385872e-12 2.1337514163e-12
2.5164794922e+02 3.2097205718e-12 1.0698919678e-12 2.1398286040e-12
2.5170898438e+02 3.2106086016e-12 1.0777458300e-12 2.1328627716e-12
2.5177001953e+02 3.1893969257e-12 1.0743687444e-12 2.1150281813e-12
2.5183105469e+02 3.1663420099e-12 1.0666319848e-12 2.0997100251e-12
2.5189208984e+02 3.1531207697e-12 1.0630182837e-12 2.0901024860e-12
2.5195312500e+02 3.1912863353e-12 1.0724000721e-12 2.1188862632e-12
2.5201416016e+02 3.1910825454e-12 1.0676795007e-12 2.1234030447e-12
2.5207519531e+02 3.1503165697e-12 1.0547273798e-12 2.0955891900e-12
2.5213623047e+02 3.1325015162e-12 1.0549289381e-12 2.0775725781e-12
2.5219726562e+02 3.1356939235e-12 1.0542621567e-12 2.0814317668e-12
2.5225830078e+02 3.1491623015e-12 1.0572530484e-12 2.0919092531e-12
2.5231933594e+02 3.1361383955e-12 1.0528732680e-12 2.0832651274e-12
2.5238037109e+02 3.1298917882e-12 1.0518765813e-12 2.0780152069e-12
2.5244140625e+02 3.1283207998e-12 1.0550416170e-12 2.0732791827e-12
2.5250244141e+02 3.1231206430e-12 1.0516571992e-12 2.0714634437e-12
2.5256347656e+02 3.0893087883e-12 1.0366292921e-12 2.0526794962e-12
2.5262451172e+02 3.0955672393e-12 1.0360240790e-12 2.0595431604e-12
2.5268554688e+02 3.1099767887e-12 1.0532128566e-12 2.0567639320e-12
2.5274658203e+02 3.0900827789e-12 1.0458485180e-12 2.0442342608e-12
2.5280761719e+02 3.0886118748e-12 1.0438714962e-12 2.0447403787e-12
2.5286865234e+02 3.1086176057e-12 1.0509734537e-12 2.0576441520e-12
2.5292968750e+02 3.0966902139e-12 1.0459235166e-12 2.0507666972e-12
2.5299072266e+02 3.0767381423e-12 1.0336181736e-12 2.0431199687e-12
2.5305175781e+02 3.0743415920e-12 1.0376993347e-12 2.0366422573e-12
2.5311279297e+02 3.0734274999e-12 1.0336958833e-12 2.0397316165e-12
2.5317382812e+02 3.0678696029e-12 1.0300298633e-12 2.0378397396e-12
2.5323486328e+02 3.0640009585e-12 1.0306240138e-12 2.0333769447e-12
2.5329589844e+02 3.0705002697e-12 1.0319603770e-12 2.0385398926e-12
2.5335693359e+02 3.0699591119e-12 1.0312422228e-12 2.0387168891e-12
2.5341796875e+02 3.0853960511e-12 1.0387270472e-12 2.0466690040e-12
2.5347900391e+02 3.0650485171e-12 1.0376525550e-12 2.0273959621e-12
2.5354003906e+02 3.0746144365e-12 1.0385457692e-12 2.0360686673e-12
2.5360107422e+02 3.0518202168e-12 1.0245003495e-12 2.0273198673e-12
2.5366210938e+02 3.0640094174e-12 1.0262094259e-12 2.0377999914e-12
2.5372314453e+02 3.0689481458e-12 1.0279169400e-12 2.0410312058e-12
2.5378417969e+02 3.0406791138e-12 1.0183632598e-12 2.0223158540e-12
2.5384521484e+02 3.0333934617e-12 1.0160370048e-12 2.0173564569e-12
2.5390625000e+02 3.0349257226e-12 1.0200441596e-12 2.0148815630e-12
2.5396728516e+02 3.0670010963e-12 1.0305905553e-12 2.0364105410e-12
2.5402832031e+02 3.0610711977e-12 1.0330665783e-12 2.0280046194e-12
2.5408935547e+02 3.0191508846e-12 1.0210150665e-12 1.9981358181e-12
2.5415039062e+02 2.9954661808e-12 1.0109771063e-12 1.9844890744e-12
2.5421142578e+02 3.0065225574e-12 1.0102052313e-12 1.9963173261e-12
2.5427246094e+02 2.9920223565e-12 1.0045686149e-12 1.9874537416e-12
2.5433349609e+02 3.0132721950e-12 1.0118103264e-12 2.0014618686e-12
2.5439453125e+02 3.0106333196e-12 1.0149866716e-12 1.9956466481e-12
2.5445556641e+02 3.0034709915e-12 1.0090621743e-12 1.9944088172e-12
2.5451660156e+02 3.0097920167e-12 1.0108343097e-12 1.9989577069e-12
2.5457763672e+02 2.9896708004e-12 1.0103493077e-12 1.9793214927e-12
2.5463867188e+02 3.0076367125e-12 1.0173853147e-12 1.9902513978e-12
2.5469970703e+02 3.0007750010e-12 1.0127657301e-12 1.9880092709e-12
2.5476074219e+02 2.9849602287e-12 1.0062520809e-12 1.9787081478e-12
2.5482177734e+02 2.9719903974e-12 9.9859680817e-13 1.9733935892e-12
2.5488281250e+02 2.9765658412e-12 1.0053517839e-12 1.9712140574e-12
2.5494384766e+02 2.9852664958e-12 1.0072732350e-12 1.9779932608e-12
2.5500488281e+02 2.9864530398e-12 9.9994489859e-13 1.9865081412e-12
2.5506591797e+02 2.9793499868e-12 9.9770551784e-13 1.9816444690e-12
2.5512695312e+02 2.9620966071e-12 9.9458480718e-13 1.9675118000e-12
2.5518798828e+02 2.9755984865e-12 1.0002258637e-12 1.9753726228e-12
2.5524902344e+02 3.0042490825e-12 1.0120849012e-12 1.9921641814e-12
2.5531005859e+02 2.9753911103e-12 1.0075547824e-12 1.9678363279e-12
2.5537109375e+02 3.0100890448e-12 1.0139166542e-12 1.9961723906e-12
2.5543212891e+02 3.0122172823e-12 1.0110269390e-12 2.0011903432e-12
2.5549316406e+02 2.9829615383e-12 1.0030163998e-12 1.9799451385e-12
2.5555419922e+02 2.9817289797e-12 1.0049175370e-12 1.9768114427e-12
2.5561523438e+02 2.9866746638e-12 1.0077975598e-12 1.9788771040e-12
2.5567626953e+02 2.9765224551e-12 9.9993524804e-13 1.9765872071e-12
2.5573730469e+02 2.9933256198e-12 1.0057006242e-12 1.9876249956e-12
2.5579833984e+02 3.0039195496e-12 1.0170217204e-12 1.9868978292e-12
2.5585937500e+02 3.0032251480e-12 1.0131474271e-12 1.9900777209e-12
2.5592041016e+02 2.9591354760e-12 9.9481090716e-13 1.9643245688e-12
2.5598144531e+02 2.9583280298e-12 9.9100869810e-13 1.9673193317e-12
2.5604248047e+02 2.9722309035e-12 1.0004813422e-12 1.9717495612e-12
2.5610351562e+02 2.9930590289e-12 1.0090666713e-12 1.9839923576e-12
2.5616455078e+02 3.0085940154e-12 1.0097402842e-12 1.9988537313e-12
2.5622558594e+02 2.9778329581e-12 1.0049206593e-12 1.9729122988e-12
2.5628662109e+02 2.9775844697e-12 1.0101241479e-12 1.9674603219e-12
2.5634765625e+02 2.9655221441e-12 1.0005180414e-12 1.9650041027e-12
2.5640869141e+02 2.9626907054e-12 9.9820195791e-13 1.9644887475e-12
2.5646972656e+02 2.9500086777e-12 9.9332624815e-13 1.9566824296e-12
2.5653076172e+02 2.9621137818e-12 9.9674314089e-13 1.9653706409e-12
2.5659179688e+02 2.9646984602e-12 9.9523971704e-13 1.9694587431e-12
2.5665283203e+02 2.9594082425e-12 9.9267213832e-13 1.9667361042e-12
2.5671386719e+02 2.9539517572e-12 9.9660830185e-13 1.9573434553e-12
2.5677490234e+02 2.9635666057e-12 1.0017476989e-12 1.9618189069e-12
2.5683593750e+02 2.9438374253e-12 9.8942672014e-13 1.9544107052e-12
2.5689697266e+02 2.9051777559e-12 9.7633343132e-13 1.9288443246e-12
2.5695800781e+02 2.9238093410e-12 9.8241160321e-13 1.9413977378e-12
2.5701904297e+02 2.9361707111e-12 9.8896297755e-13 1.9472077336e-12
2.5708007812e+02 2.9230462596e-12 9.8605208773e-13 1.9369941719e-12
2.5714111328e+02 2.9124116963e-12 9.7700974541e-13 1.9354019509e-12
2.5720214844e+02 2.9240027167e-12 9.7869214216e-13 1.9453105745e-12
2.5726318359e+02 2.9303184768e-12 9.8396470063e-13 1.9463537761e-12
2.5732421875e+02 2.9215241957e-12 9.7793667692e-13 1.9435875188e-12
2.5738525391e+02 2.9213688026e-12 9.8117067137e-13 1.9401981313e-12
2.5744628906e+02 2.9116198311e-12 9.8208061137e-13 1.9295392197e-12
2.5750732422e+02 2.8977553790e-12 9.7444132117e-13 1.9233140578e-12
2.5756835938e+02 2.9210593588e-12 9.7715943430e-13 1.9438999245e-12
2.5762939453e+02 2.9492834422e-12 9.8532355348e-13 1.9639598887e-12
2.5769042969e+02 2.9277533807e-12 9.7713215187e-13 1.9506212289e-12
2.5775146484e+02 2.8989294536e-12 9.7136533851e-13 1.9275641151e-12
2.5781250000e+02 2.9026139621e-12 9.7599429835e-13 1.9266196637e-12
2.5787353516e+02 2.8990381178e-12 9.7597032395e-13 1.9230677938e-12
2.5793457031e+02 2.9079793932e-12 9.7899772530e-13 1.9289816679e-12
2.5799560547e+02 2.8990736762e-12 9.7272278220e-13 1.9263508941e-12
2.5805664062e+02 2.8720382746e-12 9.6693976352e-13 1.9050985111e-12
2.5811767578e+02 2.8904497243e-12 9.6847835737e-13 1.9219713669e-12
2.5817871094e+02 2.9065959835e-12 9.7015110679e-13 1.9364448767e-12
2.5823974609e+02 2.8943654123e-12 9.6217101942e-13 1.9321943928e-12
2.5830078125e+02 2.8920044111e-12 9.6892147920e-13 1.9230829319e-12
2.5836181641e+02 2.8723335272e-12 9.6201202456e-13 1.9103215026e-12
2.5842285156e+02 2.8703605370e-12 9.6136779640e-13 1.9089927406e-12
2.5848388672e+02 2.8933588267e-12 9.7292985221e-13 1.9204289745e-12
2.5854492188e+02 2.8882041610e-12 9.7610964756e-13 1.9120945135e-12
2.5860595703e+02 2.8705264049e-12 9.6506331339e-13 1.9054630915e-12
2.5866699219e+02 2.8721548706e-12 9.6931399240e-13 1.9028408782e-12
2.5872802734e+02 2.8837663908e-12 9.7458224685e-13 1.9091841439e-12
2.5878906250e+02 2.8809414689e-12 9.6804155277e-13 1.9128999161e-12
2.5885009766e+02 2.8656334406e-12 9.6327363784e-13 1.9023598028e-12
2.5891113281e+02 2.8593194692e-12 9.6540766140e-13 1.8939118078e-12
2.5897216797e+02 2.8463960417e-12 9.6401737210e-13 1.8823786696e-12
2.5903320312e+02 2.8346880067e-12 9.5325004524e-13 1.8814379615e-12
2.5909423828e+02 2.8311244994e-12 9.5264576879e-13 1.8784787306e-12
2.5915527344e+02 2.8661246420e-12 9.6528036905e-13 1.9008442729e-12
2.5921630859e+02 2.8652721668e-12 9.6530348287e-13 1.8999686839e-12
2.5927734375e+02 2.8564703017e-12 9.5954098962e-13 1.8969293121e-12
2.5933837891e+02 2.8605128423e-12 9.5578294472e-13 1.9047298976e-12
2.5939941406e+02 2.8661911895e-12 9.6253862662e-13 1.9036525629e-12
2.5946044922e+02 2.8507238871e-12 9.5811438590e-13 1.8926095012e-12
2.5952148438e+02 2.8424250186e-12 9.6010029947e-13 1.8823247191e-12
2.5958251953e+02 2.8328115342e-12 9.5831588370e-13 1.8744956505e-12
2.5964355469e+02 2.8307194842e-12 9.5459409894e-13 1.8761253853e-12
2.5970458984e+02 2.8612180043e-12 9.6190078662e-13 1.8993172176e-12
2.5976562500e+02 2.8581941141e-12 9.5854920848e-13 1.8996449056e-12
2.5982666016e+02 2.8499665981e-12 9.5525953570e-13 1.8947070624e-12
2.5988769531e+02 2.8301962730e-12 9.5182300246e-13 1.8783732706e-12
2.5994873047e+02 2.8244466073e-12 9.4592034924e-13 1.8785262580e-12
2.6000976562e+02 2.8230031487e-12 9.4503319809e-13 1.8779699506e-12
2.6007080078e+02 2.8176277187e-12 9.4543350317e-13 1.8721942155e-12
2.6013183594e+02 2.8139267475e-12 9.4344812208e-13 1.8704786254e-12
2.6019287109e+02 2.8010425826e-12 9.4366178688e-13 1.8573807957e-12
2.6025390625e+02 2.7819481067e-12 9.3672098717e-13 1.8452271195e-12
2.6031494141e+02 2.7860872329e-12 9.3785074155e-13 1.8482364914e-12
2.6037597656e+02 2.7883690409e-12 9.3823473093e-13 1.8501343099e-12
2.6043701172e+02 2.8012846017e-12 9.4012701390e-13 1.8611575878e-12
2.6049804688e+02 2.8069696003e-12 9.4324069214e-13 1.8637289082e-12
2.6055908203e+02 2.7848525044e-12 9.3412305235e-13 1.8507294521e-12
2.6062011719e+02 2.7809249303e-12 9.2473162664e-13 1.8561933036e-12
2.6068115234e+02 2.7734730263e-12 9.2518582038e-13 1.8482872059e-12
2.6074218750e+02 2.7964083912e-12 9.3427461908e-13 1.8621337721e-12
2.6080322266e+02 2.7896876577e-12 9.3164505685e-13 1.8580426008e-12
2.6086425781e+02 2.7984950088e-12 9.4036390880e-13 1.8581311000e-12
2.6092529297e+02 2.7992685128e-12 9.4293467144e-13 1.8563338414e-12
2.6098632812e+02 2.7850253161e-12 9.3756995944e-13 1.8474553567e-12
2.6104736328e+02 2.7882035427e-12 9.3729542269e-13 1.8509081200e-12
2.6110839844e+02 2.7797802526e-12 9.3172649219e-13 1.8480537605e-12
2.6116943359e+02 2.7845216462e-12 9.3588052868e-13 1.8486411175e-12
2.6123046875e+02 2.7870372159e-12 9.3498909377e-13 1.8520481221e-12
2.6129150391e+02 2.7673970246e-12 9.2924948294e-13 1.8381475416e-12
2.6135253906e+02 2.7628300807e-12 9.3088905474e-13 1.8319410260e-12
2.6141357422e+02 2.7531719111e-12 9.2720516989e-13 1.8259667412e-12
2.6147460938e+02 2.7643765255e-12 9.2985464476e-13 1.8345218808e-12
2.6153564453e+02 2.7567870746e-12 9.2964669729e-13 1.8271403773e-12
2.6159667969e+02 2.7525320193e-12 9.2716560905e-13 1.8253664103e-12
2.6165771484e+02 2.7562678089e-12 9.2881092836e-13 1.8274568805e-12
2.6171875000e+02 2.7640960925e-12 9.2856678584e-13 1.8355293067e-12
2.6177978516e+02 2.7583098482e-12 9.1949586363e-13 1.8388139846e-12
2.6184082031e+02 2.7345774793e-12 9.1369370212e-13 1.8208837772e-12
2.6190185547e+02 2.7180815180e-12 9.1219905985e-13 1.8058824581e-12
2.6196289062e+02 2.7240321212e-12 9.1686833726e-13 1.8071637839e-12
2.6202392578e+02 2.7428561570e-12 9.2254560721e-13 1.8203105498e-12
2.6208496094e+02 2.7320978853e-12 9.1560193260e-13 1.8164959527e-12
2.6214599609e+02 2.7455874047e-12 9.2205136165e-13 1.8235360431e-12
2.6220703125e+02 2.7359183472e-12 9.2377145096e-13 1.8121468963e-12
2.6226806641e+02 2.7383237502e-12 9.1932256422e-13 1.8190011860e-12
2.6232910156e+02 2.7206849333e-12 9.1154508323e-13 1.8091398500e-12
2.6239013672e+02 2.7109141610e-12 9.1050105364e-13 1.8004131073e-12
2.6245117188e+02 2.7227054231e-12 9.1334627792e-13 1.8093591452e-12
2.6251220703e+02 2.7198102376e-12 9.0793143644e-13 1.8118788011e-12
2.6257324219e+02 2.7058920674e-12 9.0646300420e-13 1.7994290632e-12
2.6263427734e+02 2.6911209677e-12 9.0252485105e-13 1.7885961166e-12
2.6269531250e+02 2.7106551592e-12 9.0617957941e-13 1.8044755798e-12
2.6275634766e+02 2.6992475721e-12 9.0373989881e-13 1.7955076733e-12
2.6281738281e+02 2.6801263156e-12 9.0396483082e-13 1.7761614848e-12
2.6287841797e+02 2.6932619812e-12 9.0497206172e-13 1.7882899194e-12
2.6293945312e+02 2.6953098552e-12 9.0208278685e-13 1.7932270684e-12
2.6300048828e+02 2.6941097851e-12 9.0367215918e-13 1.7904376259e-12
2.6306152344e+02 2.6963046738e-12 9.0546892837e-13 1.7908357454e-12
2.6312255859e+02 2.7012238650e-12 9.0820866465e-13 1.7930152004e-12
2.6318359375e+02 2.6968371314e-12 9.1115035605e-13 1.7856867754e-12
2.6324462891e+02 2.6852932014e-12 9.0853155966e-13 1.7767616417e-12
2.6330566406e+02 2.6873886190e-12 9.1061866274e-13 1.7767699563e-12
2.6336669922e+02 2.6793392852e-12 9.0076947526e-13 1.7785698099e-12
2.6342773438e+02 2.6713668528e-12 8.9250623733e-13 1.7788606155e-12
2.6348876953e+02 2.6770573087e-12 8.9576086936e-13 1.7812964393e-12
2.6354980469e+02 2.6855752920e-12 9.0177477791e-13 1.7838005141e-12
2.6361083984e+02 2.6937027902e-12 9.0387898643e-13 1.7898238038e-12
2.6367187500e+02 2.6937677070e-12 9.0066728929e-13 1.7931004178e-12
2.6373291016e+02 2.6779713024e-12 9.0216482442e-13 1.7758064780e-12
2.6379394531e+02 2.6907265704e-12 9.0413808740e-13 1.7865884830e-12
2.6385498047e+02 2.6796896330e-12 8.9896982608e-13 1.7807198069e-12
2.6391601562e+02 2.6818806262e-12 8.9698797169e-13 1.7848926546e-12
2.6397705078e+02 2.6741345952e-12 8.9452051490e-13 1.7796140803e-12
2.6403808594e+02 2.6580805643e-12 8.9077142211e-13 1.7673091422e-12
2.6409912109e+02 2.6424162621e-12 8.8820127283e-13 1.7542149893e-12
2.6416015625e+02 2.6377462821e-12 8.8669151162e-13 1.7510547705e-12
2.6422119141e+02 2.6258377393e-12 8.8492140026e-13 1.7409163391e-12
2.6428222656e+02 2.6386824298e-12 8.8618369892e-13 1.7524987309e-12
2.6434326172e+02 2.6443300238e-12 8.9170818812e-13 1.7526218357e-12
2.6440429688e+02 2.6398597370e-12 8.9626179051e-13 1.7435979465e-12
2.6446533203e+02 2.6407428630e-12 8.9240246238e-13 1.7483404007e-12
2.6452636719e+02 2.6515360750e-12 8.9703543977e-13 1.7545006352e-12
2.6458740234e+02 2.6436623593e-12 8.9796600050e-13 1.7456963588e-12
2.6464843750e+02 2.6218993920e-12 8.8941293025e-13 1.7324864617e-12
2.6470947266e+02 2.6439597478e-12 8.9130766830e-13 1.7526520795e-12
2.6477050781e+02 2.6622821570e-12 8.9404622727e-13 1.7682359297e-12
2.6483154297e+02 2.6475352210e-12 8.8889536443e-13 1.7586398566e-12
2.6489257812e+02 2.6494733780e-12 8.9314832638e-13 1.7563250516e-12
2.6495361328e+02 2.6480068187e-12 8.9082338793e-13 1.7571834308e-12
2.6501464844e+02 2.6323835347e-12 8.8221714814e-13 1.7501663866e-12
2.6507568359e+02 2.6253652940e-12 8.8344186390e-13 1.7419234301e-12
2.6513671875e+02 2.6292025110e-12 8.8297810191e-13 1.7462244091e-12
2.6519775391e+02 2.6107690317e-12 8.7770206796e-13 1.7330669637e-12
2.6525878906e+02 2.6095315199e-12 8.7922111726e-13 1.7303104026e-12
2.6531982422e+02 2.6379038114e-12 8.8600087989e-13 1.7519029315e-12
2.6538085938e+02 2.6243973197e-12 8.8243544363e-13 1.7419618760e-12
2.6544189453e+02 2.6185779184e-12 8.8203317171e-13 1.7365447467e-12
2.6550292969e+02 2.6107398694e-12 8.7730078574e-13 1.7334390837e-12
2.6556396484e+02 2.6066755031e-12 8.7090472082e-13 1.7357707823e-12
2.6562500000e+02 2.6033199712e-12 8.7562842646e-13 1.7276915447e-12
2.6568603516e+02 2.5810009133e-12 8.7082160390e-13 1.7101793094e-12
2.6574707031e+02 2.5852200782e-12 8.7224362440e-13 1.7129764538e-12
2.6580810547e+02 2.6050135677e-12 8.7993925374e-13 1.7250743139e-12
2.6586914062e+02 2.6064029915e-12 8.7627759492e-13 1.7301253966e-12
2.6593017578e+02 2.5902652849e-12 8.7068726677e-13 1.7195780182e-12
2.6599121094e+02 2.5831741028e-12 8.6646397275e-13 1.7167101301e-12
2.6605224609e+02 2.5737198389e-12 8.6697221281e-13 1.7067476261e-12
2.6611328125e+02 2.5857789415e-12 8.7389117910e-13 1.7118877624e-12
2.6617431641e+02 2.5727898009e-12 8.6825469977e-13 1.7045351011e-12
2.6623535156e+02 2.5518496209e-12 8.5914541040e-13 1.6927042105e-12
2.6629638672e+02 2.5738241336e-12 8.6713007637e-13 1.7066940572e-12
2.6635742188e+02 2.5633859661e-12 8.6415988454e-13 1.6992260816e-12
2.6641845703e+02 2.5531808823e-12 8.6062578760e-13 1.6925550947e-12
2.6647949219e+02 2.5780183167e-12 8.7228031770e-13 1.7057379990e-12
2.6654052734e+02 2.5873498128e-12 8.6962438137e-13 1.7177254315e-12
2.6660156250e+02 2.5619799722e-12 8.6418569800e-13 1.6977942742e-12
2.6666259766e+02 2.5639434303e-12 8.6501550509e-13 1.6989279252e-12
2.6672363281e+02 2.5598251953e-12 8.5954400232e-13 1.7002811930e-12
2.6678466797e+02 2.5548512383e-12 8.5945442581e-13 1.6953968124e-12
2.6684570312e+02 2.5627443712e-12 8.6035658461e-13 1.7023877866e-12
2.6690673828e+02 2.5517560719e-12 8.5886909949e-13 1.6928869724e-12
2.6696777344e+02 2.5613798584e-12 8.6168747762e-13 1.6996923808e-12
2.6702880859e+02 2.5644345030e-12 8.6030988825e-13 1.7041246147e-12
2.6708984375e+02 2.5557649379e-12 8.5891930929e-13 1.6968456286e-12
2.6715087891e+02 2.5554531013e-12 8.6106250381e-13 1.6943905975e-12
2.6721191406e+02 2.5343496171e-12 8.5212434769e-13 1.6822252694e-12
2.6727294922e+02 2.5228250856e-12 8.4913521948e-13 1.6736898661e-12
2.6733398438e+02 2.5345422439e-12 8.5453652814e-13 1.6800057157e-12
2.6739501953e+02 2.5204753629e-12 8.5126849264e-13 1.6692068703e-12
2.6745605469e+02 2.5089798391e-12 8.4785373524e-13 1.6611261038e-12
2.6751708984e+02 2.5075907111e-12 8.4706950240e-13 1.6605212087e-12
2.6757812500e+02 2.4994622957e-12 8.3661414242e-13 1.6628481532e-12
2.6763916016e+02 2.5306023517e-12 8.4978610266e-13 1.6808162491e-12
2.6770019531e+02 2.5398354395e-12 8.5510761143e-13 1.6847278281e-12
2.6776123047e+02 2.5388474518e-12 8.5294900645e-13 1.6858984453e-12
2.6782226562e+02 2.5181139760e-12 8.4887290174e-13 1.6692410742e-12
2.6788330078e+02 2.5189319964e-12 8.4984640144e-13 1.6690855949e-12
2.6794433594e+02 2.5223987997e-12 8.5059378944e-13 1.6718050102e-12
2.6800537109e+02 2.5350318397e-12 8.4720675954e-13 1.6878250801e-12
2.6806640625e+02 2.5323852305e-12 8.5147668043e-13 1.6809085501e-12
2.6812744141e+02 2.5260788724e-12 8.4954695352e-13 1.6765319189e-12
2.6818847656e+02 2.5372728708e-12 8.5131296768e-13 1.6859599031e-12
2.6824951172e+02 2.5354683520e-12 8.4975828945e-13 1.6857100626e-12
2.6831054688e+02 2.5246606389e-12 8.4720974481e-13 1.6774508941e-12
2.6837158203e+02 2.5329729161e-12 8.5078523157e-13 1.6821876845e-12
2.6843261719e+02 2.5281524552e-12 8.5336624844e-13 1.6747862067e-12
2.6849365234e+02 2.5135463746e-12 8.5021842666e-13 1.6633279479e-12
2.6855468750e+02 2.5208634048e-12 8.5737587474e-13 1.6634875300e-12
2.6861572266e+02 2.4993926384e-12 8.4945569386e-13 1.6499369445e-12
2.6867675781e+02 2.4864876451e-12 8.4215738780e-13 1.6443302573e-12
2.6873779297e+02 2.4977168805e-12 8.3909130755e-13 1.6586255729e-12
2.6879882812e+02 2.5135175080e-12 8.4335145422e-13 1.6701660537e-12
2.6885986328e+02 2.5133493710e-12 8.4629307947e-13 1.6670562915e-12
2.6892089844e+02 2.5058069482e-12 8.4514819432e-13 1.6606587539e-12
2.6898193359e+02 2.4989750865e-12 8.4283891014e-13 1.6561361764e-12
2.6904296875e+02 2.5037693301e-12 8.4281542155e-13 1.6609539085e-12
2.6910400391e+02 2.5146649348e-12 8.4725884173e-13 1.6674060931e-12
2.6916503906e+02 2.4921416461e-12 8.3797575618e-13 1.6541658899e-12
2.6922607422e+02 2.4806490986e-12 8.3068576265e-13 1.6499633359e-12
2.6928710938e+02 2.4991588157e-12 8.4189868372e-13 1.6572601320e-12
2.6934814453e+02 2.4918678626e-12 8.3702392869e-13 1.6548439340e-12
2.6940917969e+02 2.4721504929e-12 8.3276893741e-13 1.6393815555e-12
2.6947021484e+02 2.4797395282e-12 8.3823979926e-13 1.6414997290e-12
2.6953125000e+02 2.4590654668e-12 8.3017283176e-13 1.6288926351e-12
2.6959228516e+02 2.4759666293e-12 8.3408479972e-13 1.6418818295e-12
2.6965332031e+02 2.4727991643e-12 8.2876126600e-13 1.6440378983e-12
2.6971435547e+02 2.4641583948e-12 8.3021402778e-13 1.6339443671e-12
2.6977539062e+02 2.4511039417e-12 8.2897427976e-13 1.6221296620e-12
2.6983642578e+02 2.4637656429e-12 8.3482886210e-13 1.6289367808e-12
2.6989746094e+02 2.4690917434e-12 8.3391410211e-13 1.6351776413e-12
2.6995849609e+02 2.4641627647e-12 8.3498513008e-13 1.6291776346e-12
2.7001953125e+02 2.4526810429e-12 8.2958201723e-13 1.6230990257e-12
2.7008056641e+02 2.4617241263e-12 8.3278093345e-13 1.6289431928e-12
2.7014160156e+02 2.4597687025e-12 8.2911606154e-13 1.6306526410e-12
2.7020263672e+02 2.4662279197e-12 8.3095215804e-13 1.6352757616e-12
2.7026367188e+02 2.4719016898e-12 8.3403451128e-13 1.6378671785e-12
2.7032470703e+02 2.4410983302e-12 8.2297154215e-13 1.6181267881e-12
2.7038574219e+02 2.4626182508e-12 8.3066565245e-13 1.6319525983e-12
2.7044677734e+02 2.4744682220e-12 8.3714165163e-13 1.6373265704e-12
2.7050781250e+02 2.4863175819e-12 8.3960142359e-13 1.6467161583e-12
2.7056884766e+02 2.4691305884e-12 8.3520631828e-13 1.6339242701e-12
2.7062988281e+02 2.4533592292e-12 8.3015872322e-13 1.6232005060e-12
2.7069091797e+02 2.4737656384e-12 8.3548999169e-13 1.6382756467e-12
2.7075195312e+02 2.4637748625e-12 8.3071334207e-13 1.6330615205e-12
2.7081298828e+02 2.4516462046e-12 8.2552065155e-13 1.6261255530e-12
2.7087402344e+02 2.4482270776e-12 8.1972020193e-13 1.6285068757e-12
2.7093505859e+02 2.4520210268e-12 8.2230985204e-13 1.6297111747e-12
2.7099609375e+02 2.4477057390e-12 8.2421200798e-13 1.6234937310e-12
2.7105712891e+02 2.4420576141e-12 8.2600070512e-13 1.6160569090e-12
2.7111816406e+02 2.4405839590e-12 8.2432557593e-13 1.6162583831e-12
2.7117919922e+02 2.4376453736e-12 8.2100567981e-13 1.6166396938e-12
2.7124023438e+02 2.4395055143e-12 8.2198611992e-13 1.6175193944e-12
2.7130126953e+02 2.4412683293e-12 8.1928390240e-13 1.6219844269e-12
2.7136230469e+02 2.4510885949e-12 8.2071489217e-13 1.6303737028e-12
2.7142333984e+02 2.4439129908e-12 8.2176958502e-13 1.6221434058e-12
2.7148437500e+02 2.4423099159e-12 8.2255293297e-13 1.6197569829e-12
2.7154541016e+02 2.4422978943e-12 8.2455117847e-13 1.6177467158e-12
2.7160644531e+02 2.4450796778e-12 8.1982548468e-13 1.6252541931e-12
2.7166748047e+02 2.4501693948e-12 8.2615804280e-13 1.6240113520e-12
2.7172851562e+02 2.4494079171e-12 8.2379345052e-13 1.6256144666e-12
2.7178955078e+02 2.4408122195e-12 8.1776561627e-13 1.6230466032e-12
2.7185058594e+02 2.4187922497e-12 8.1639441248e-13 1.6023978373e-12
2.7191162109e+02 2.4074758930e-12 8.1383083592e-13 1.5936450571e-12
2.7197265625e+02 2.4189574434e-12 8.1184475770e-13 1.6071126857e-12
2.7203369141e+02 2.4289757535e-12 8.1858162900e-13 1.6103941245e-12
2.7209472656e+02 2.4368033099e-12 8.2478912149e-13 1.6120141884e-12
2.7215576172e+02 2.4514378004e-12 8.2642535744e-13 1.6250124429e-12
2.7221679688e+02 2.4157833381e-12 8.1193180627e-13 1.6038515319e-12
2.7227783203e+02 2.3897890123e-12 8.0542763604e-13 1.5843613762e-12
2.7233886719e+02 2.4039256160e-12 8.1415390978e-13 1.5897717062e-12
2.7239990234e+02 2.4243737411e-12 8.1462903040e-13 1.6097447107e-12
2.7246093750e+02 2.4375086797e-12 8.1823567419e-13 1.6192730055e-12
2.7252197266e+02 2.4170972871e-12 8.1218261234e-13 1.6049146748e-12
2.7258300781e+02 2.3944293336e-12 8.0940420258e-13 1.5850251310e-12
2.7264404297e+02 2.3853977761e-12 8.0562090863e-13 1.5797768675e-12
2.7270507812e+02 2.3922372163e-12 8.1237425608e-13 1.5798629603e-12
2.7276611328e+02 2.4007897373e-12 8.1502468616e-13 1.5857650511e-12
2.7282714844e+02 2.4012999048e-12 8.1252124379e-13 1.5887786610e-12
2.7288818359e+02 2.4041476598e-12 8.1481304577e-13 1.5893346140e-12
2.7294921875e+02 2.4118882903e-12 8.1384930228e-13 1.5980389880e-12
2.7301025391e+02 2.4157635316e-12 8.1192492302e-13 1.6038386086e-12
2.7307128906e+02 2.4084845115e-12 8.0576154890e-13 1.6027229626e-12
2.7313232422e+02 2.3940695992e-12 7.9813569604e-13 1.5959339032e-12
2.7319335938e+02 2.3793379822e-12 7.9739431781e-13 1.5819436644e-12
2.7325439453e+02 2.3978092020e-12 8.0564923669e-13 1.5921599653e-12
2.7331542969e+02 2.3950582862e-12 8.0355866147e-13 1.5914996247e-12
2.7337646484e+02 2.3842959357e-12 8.0237908860e-13 1.5819168471e-12
2.7343750000e+02 2.3917089209e-12 8.0354871872e-13 1.5881602022e-12
2.7349853516e+02 2.3903261664e-12 8.0049806200e-13 1.5898281044e-12
2.7355957031e+02 2.3945820274e-12 8.0333120498e-13 1.5912508225e-12
2.7362060547e+02 2.3860514416e-12 8.0417292652e-13 1.5818785151e-12
2.7368164062e+02 2.3811046731e-12 8.0537707297e-13 1.5757276001e-12
2.7374267578e+02 2.3854482687e-12 8.0861336208e-13 1.5768349066e-12
2.7380371094e+02 2.3900751864e-12 8.0524995514e-13 1.5848252313e-12
2.7386474609e+02 2.3941816645e-12 8.0645530771e-13 1.5877263568e-12
2.7392578125e+02 2.3870321718e-12 8.0448904996e-13 1.5825431219e-12
2.7398681641e+02 2.3690816452e-12 7.9799766797e-13 1.5710839772e-12
2.7404785156e+02 2.3696487171e-12 7.9771994884e-13 1.5719287683e-12
2.7410888672e+02 2.3814349978e-12 8.0063008578e-13 1.5808049120e-12
2.7416992188e+02 2.3850739477e-12 8.0307133211e-13 1.5820026156e-12
2.7423095703e+02 2.3825283909e-12 7.9868412513e-13 1.5838442657e-12
2.7429199219e+02 2.3671988169e-12 8.0104198165e-13 1.5661568352e-12
2.7435302734e+02 2.3646553853e-12 8.0036589549e-13 1.5642894898e-12
2.7441406250e+02 2.3614612403e-12 7.9479503814e-13 1.5666662022e-12
2.7447509766e+02 2.3564447416e-12 7.9128303183e-13 1.5651617098e-12
2.7453613281e+02 2.3467105770e-12 7.9117821789e-13 1.5555323591e-12
2.7459716797e+02 2.3880570429e-12 8.0514924202e-13 1.5829078009e-12
2.7465820312e+02 2.3870685522e-12 8.0133097251e-13 1.5857375797e-12
2.7471923828e+02 2.3808056895e-12 7.9603511841e-13 1.5847705711e-12
2.7478027344e+02 2.3674319487e-12 7.9333054415e-13 1.5741014045e-12
2.7484130859e+02 2.3608977709e-12 7.9285565866e-13 1.5680421123e-12
2.7490234375e+02 2.3629081731e-12 7.9037781656e-13 1.5725303566e-12
2.7496337891e+02 2.3637003409e-12 7.9107428711e-13 1.5726260538e-12
2.7502441406e+02 2.3653531345e-12 7.9360230704e-13 1.5717508274e-12
2.7508544922e+02 2.3627513120e-12 7.9478832714e-13 1.5679629849e-12
2.7514648438e+02 2.3760147887e-12 7.9721139149e-13 1.5788033972e-12
2.7520751953e+02 2.3835863503e-12 8.0216107627e-13 1.5814252740e-12
2.7526855469e+02 2.3625054913e-12 7.9509687527e-13 1.5674086161e-12
2.7532958984e+02 2.3479308061e-12 7.8327115480e-13 1.5646596513e-12
2.7539062500e+02 2.3246914954e-12 7.7971832271e-13 1.5449731727e-12
2.7545166016e+02 2.3311489997e-12 7.8092551724e-13 1.5502234825e-12
2.7551269531e+02 2.3476592017e-12 7.8485699948e-13 1.5628022022e-12
2.7557373047e+02 2.3235786582e-12 7.7714085823e-13 1.5464378000e-12
2.7563476562e+02 2.3311270385e-12 7.7785726196e-13 1.5532697765e-12
2.7569580078e+02 2.3303332102e-12 7.7930074797e-13 1.5510324622e-12
2.7575683594e+02 2.3445160800e-12 7.8683039854e-13 1.5576856814e-12
2.7581787109e+02 2.3369126377e-12 7.8501856579e-13 1.5518940719e-12
2.7587890625e+02 2.3510207013e-12 7.8764994030e-13 1.5633707610e-12
2.7593994141e+02 2.3506191835e-12 7.8731751246e-13 1.5633016711e-12
2.7600097656e+02 2.3183616251e-12 7.7822009123e-13 1.5401415339e-12
2.7606201172e+02 2.3061063764e-12 7.7591898267e-13 1.5301873938e-12
2.7612304688e+02 2.3264907729e-12 7.8336014829e-13 1.5431306246e-12
2.7618408203e+02 2.3372987926e-12 7.8603751380e-13 1.5512612788e-12
2.7624511719e+02 2.3373084531e-12 7.8668897556e-13 1.5506194775e-12
2.7630615234e+02 2.3222917974e-12 7.8106845236e-13 1.5412233451e-12
2.7636718750e+02 2.3267713302e-12 7.8196033766e-13 1.5448109925e-12
2.7642822266e+02 2.3324272919e-12 7.8314905417e-13 1.5492782377e-12
2.7648925781e+02 2.3233611712e-12 7.8448798069e-13 1.5388731905e-12
2.7655029297e+02 2.3054754802e-12 7.7869925030e-13 1.5267762299e-12
2.7661132812e+02 2.3090253722e-12 7.7847210241e-13 1.5305532698e-12
2.7667236328e+02 2.3372976744e-12 7.8566182798e-13 1.5516358464e-12
2.7673339844e+02 2.3157221551e-12 7.7730933599e-13 1.5384128191e-12
2.7679443359e+02 2.3033685120e-12 7.7211689761e-13 1.5312516144e-12
2.7685546875e+02 2.2887367192e-12 7.6694001222e-13 1.5217967070e-12
2.7691650391e+02 2.2926309089e-12 7.6678976930e-13 1.5258411396e-12
2.7697753906e+02 2.3005264346e-12 7.7200320893e-13 1.5285232257e-12
2.7703857422e+02 2.3067452097e-12 7.7643975208e-13 1.5303054576e-12
2.7709960938e+02 2.2971509744e-12 7.7530211311e-13 1.5218488612e-12
2.7716064453e+02 2.2912178440e-12 7.6968745877e-13 1.5215303852e-12
2.7722167969e+02 2.2964899376e-12 7.7038997519e-13 1.5260999624e-12
2.7728271484e+02 2.3002375168e-12 7.7524852927e-13 1.5249889875e-12
2.7734375000e+02 2.2957461136e-12 7.7047978528e-13 1.5252663283e-12
2.7740478516e+02 2.3041673275e-12 7.7337975319e-13 1.5307875743e-12
2.7746582031e+02 2.2933491657e-12 7.7446695346e-13 1.5188822123e-12
2.7752685547e+02 2.2854158225e-12 7.6925178844e-13 1.5161640341e-12
2.7758789062e+02 2.2761132717e-12 7.6693309532e-13 1.5091801763e-12
2.7764892578e+02 2.2630126505e-12 7.6217856014e-13 1.5008340903e-12
2.7770996094e+02 2.2442194530e-12 7.5455402635e-13 1.4896654266e-12
2.7777099609e+02 2.2602382242e-12 7.6027986268e-13 1.4999583616e-12
2.7783203125e+02 2.2734390474e-12 7.6494949154e-13 1.5084895559e-12
2.7789306641e+02 2.2682841261e-12 7.6405659883e-13 1.5042275273e-12
2.7795410156e+02 2.2578786758e-12 7.5849964953e-13 1.4993790262e-12
2.7801513672e+02 2.2374907182e-12 7.5021700300e-13 1.4872737152e-12
2.7807617188e+02 2.2431903014e-12 7.5831980181e-13 1.4848704996e-12
2.7813720703e+02 2.2602672141e-12 7.6406469425e-13 1.4962025199e-12
2.7819824219e+02 2.2364407356e-12 7.4969198279e-13 1.4867487529e-12
2.7825927734e+02 2.2220999379e-12 7.4803511606e-13 1.4740648218e-12
2.7832031250e+02 2.2371761142e-12 7.5651727672e-13 1.4806588374e-12
2.7838134766e+02 2.2266092090e-12 7.5581685449e-13 1.4707923545e-12
2.7844238281e+02 2.2176111604e-12 7.5152756143e-13 1.4660835990e-12
2.7850341797e+02 2.2129915747e-12 7.4911561343e-13 1.4638759613e-12
2.7856445312e+02 2.2131315901e-12 7.4768779278e-13 1.4654437973e-12
2.7862548828e+02 2.2185410972e-12 7.4775396958e-13 1.4707871276e-12
2.7868652344e+02 2.2088676598e-12 7.4695305846e-13 1.4619146013e-12
2.7874755859e+02 2.2174819669e-12 7.4743130150e-13 1.4700506654e-12
2.7880859375e+02 2.2198157746e-12 7.4888818893e-13 1.4709275857e-12
2.7886962891e+02 2.2148937325e-12 7.4550230851e-13 1.4693914240e-12
2.7893066406e+02 2.2122733479e-12 7.4508288817e-13 1.4671904597e-12
2.7899169922e+02 2.2035365319e-12 7.4549289881e-13 1.4580436331e-12
2.7905273438e+02 2.1967201123e-12 7.4112677250e-13 1.4555933398e-12
2.7911376953e+02 2.1998332340e-12 7.4032389691e-13 1.4595093371e-12
2.7917480469e+02 2.2200494340e-12 7.4820968971e-13 1.4718397443e-12
2.7923583984e+02 2.2109304102e-12 7.4446152631e-13 1.4664688839e-12
2.7929687500e+02 2.1972819083e-12 7.3943035153e-13 1.4578515568e-12
2.7935791016e+02 2.1793124814e-12 7.3365197807e-13 1.4456605033e-12
2.7941894531e+02 2.1870692841e-12 7.3344299200e-13 1.4536262921e-12
2.7947998047e+02 2.1855667835e-12 7.3298955155e-13 1.4525772319e-12
2.7954101562e+02 2.1955662462e-12 7.4236791306e-13 1.4531983331e-12
2.7960205078e+02 2.2051081505e-12 7.4628132685e-13 1.4588268237e-12
2.7966308594e+02 2.1926305013e-12 7.4488674927e-13 1.4477437520e-12
2.7972412109e+02 2.1970068693e-12 7.4664356763e-13 1.4503633017e-12
2.7978515625e+02 2.1736678379e-12 7.3431961441e-13 1.4393482235e-12
2.7984619141e+02 2.1691403485e-12 7.3245774683e-13 1.4366826017e-12
2.7990722656e+02 2.1723820391e-12 7.3721888305e-13 1.4351631561e-12
2.7996826172e+02 2.1604718797e-12 7.3057520031e-13 1.4298966794e-12
2.8002929688e+02 2.1563073334e-12 7.2994163446e-13 1.4263656990e-12
2.8009033203e+02 2.1482844712e-12 7.3024376125e-13 1.4180407099e-12
2.8015136719e+02 2.1534118108e-12 7.3352669990e-13 1.4198851109e-12
2.8021240234e+02 2.1575742449e-12 7.2802711344e-13 1.4295471315e-12
2.8027343750e+02 2.1515959376e-12 7.2875956224e-13 1.4228363754e-12
2.8033447266e+02 2.1621579991e-12 7.3267852064e-13 1.4294794785e-12
2.8039550781e+02 2.1625489076e-12 7.2933896633e-13 1.4332099413e-12
2.8045654297e+02 2.1507330788e-12 7.2714325027e-13 1.4235898285e-12
2.8051757812e+02 2.1667797234e-12 7.3370264329e-13 1.4330770801e-12
2.8057861328e+02 2.1742549004e-12 7.3260168194e-13 1.4416532184e-12
2.8063964844e+02 2.1743490999e-12 7.3116385067e-13 1.4431852492e-12
2.8070068359e+02 2.1771824069e-12 7.3582055476e-13 1.4413618522e-12
2.8076171875e+02 2.1754985014e-12 7.3544620384e-13 1.4400522976e-12
2.8082275391e+02 2.1759532922e-12 7.3349422131e-13 1.4424590709e-12
2.8088378906e+02 2.1694063943e-12 7.3442668960e-13 1.4349797047e-12
2.8094482422e+02 2.1736637538e-12 7.3699844211e-13 1.4366653117e-12
2.8100585938e+02 2.1772137310e-12 7.3439639104e-13 1.4428173399e-12
2.8106689453e+02 2.1738321631e-12 7.2878761366e-13 1.4450445495e-12
2.8112792969e+02 2.1674706716e-12 7.3128945018e-13 1.4361812214e-12
2.8118896484e+02 2.1656031627e-12 7.3221876596e-13 1.4333843968e-12
2.8125000000e+02 2.1366993008e-12 7.1846151394e-13 1.4182377868e-12
2.8131103516e+02 2.1373255600e-12 7.1763908696e-13 1.4196864730e-12
2.8137207031e+02 2.1516907045e-12 7.2365423676e-13 1.4280364678e-12
2.8143310547e+02 2.1569158428e-12 7.2407827806e-13 1.4328375647e-12
2.8149414062e+02 2.1470389639e-12 7.2080846791e-13 1.4262304960e-12
2.8155517578e+02 2.1541064555e-12 7.2122735987e-13 1.4328790956e-12
2.8161621094e+02 2.1641794031e-12 7.2722441894e-13 1.4369549842e-12
2.8167724609e+02 2.1547346749e-12 7.2308375446e-13 1.4316509204e-12
2.8173828125e+02 2.1485217053e-12 7.2409514910e-13 1.4244265562e-12
2.8179931641e+02 2.1467923786e-12 7.2420908252e-13 1.4225832961e-12
2.8186035156e+02 2.1613415673e-12 7.2631326314e-13 1.4350283042e-12
2.8192138672e+02 2.1667202416e-12 7.2935550421e-13 1.4373647374e-12
2.8198242188e+02 2.1570421186e-12 7.2841894231e-13 1.4286231763e-12
2.8204345703e+02 2.1465701089e-12 7.2400843187e-13 1.4225616770e-12
2.8210449219e+02 2.1373105239e-12 7.2588718152e-13 1.4114233424e-12
2.8216552734e+02 2.1387503943e-12 7.2440106062e-13 1.4143493336e-12
2.8222656250e+02 2.1428030608e-12 7.1924846500e-13 1.4235545958e-12
2.8228759766e+02 2.1414215720e-12 7.2049252836e-13 1.4209290436e-12
2.8234863281e+02 2.1233814624e-12 7.1575076783e-13 1.4076306946e-12
2.8240966797e+02 2.1225434053e-12 7.1889708159e-13 1.4036463237e-12
2.8247070312e+02 2.1257746194e-12 7.2441062730e-13 1.4013639921e-12
2.8253173828e+02 2.1187429952e-12 7.2231206096e-13 1.3964309342e-12
2.8259277344e+02 2.1218729827e-12 7.2004731064e-13 1.4018256720e-12
2.8265380859e+02 2.1218811214e-12 7.1453277383e-13 1.4073483476e-12
2.8271484375e+02 2.1116201719e-12 7.1177481405e-13 1.3998453579e-12
2.8277587891e+02 2.1209832932e-12 7.1749217038e-13 1.4034911228e-12
2.8283691406e+02 2.1228058150e-12 7.1688647981e-13 1.4059193351e-12
2.8289794922e+02 2.1081092773e-12 7.1620109081e-13 1.3919081865e-12
2.8295898438e+02 2.1069231211e-12 7.1462305476e-13 1.3923000664e-12
2.8302001953e+02 2.1088539687e-12 7.1347001133e-13 1.3953839573e-12
2.8308105469e+02 2.1182861681e-12 7.1699363807e-13 1.4012925300e-12
2.8314208984e+02 2.1371251421e-12 7.2169670634e-13 1.4154284357e-12
2.8320312500e+02 2.1369819450e-12 7.2003726254e-13 1.4169446825e-12
2.8326416016e+02 2.1118977603e-12 7.1180382069e-13 1.4000939396e-12
2.8332519531e+02 2.0985771594e-12 7.0696581964e-13 1.3916113398e-12
2.8338623047e+02 2.1040697507e-12 7.1126080554e-13 1.3928089451e-12
2.8344726562e+02 2.1121961250e-12 7.1160958260e-13 1.4005865424e-12
2.8350830078e+02 2.1005268775e-12 7.0829789352e-13 1.3922289839e-12
2.8356933594e+02 2.1060601116e-12 7.0713019188e-13 1.3989299197e-12
2.8363037109e+02 2.0967139991e-12 7.0875503818e-13 1.3879589609e-12
2.8369140625e+02 2.0977466797e-12 7.0900661225e-13 1.3887400675e-12
2.8375244141e+02 2.1094973180e-12 7.0582523493e-13 1.4036720831e-12
2.8381347656e+02 2.0959096684e-12 7.0200445082e-13 1.3939052176e-12
2.8387451172e+02 2.0768163752e-12 6.9798178809e-13 1.3788345871e-12
2.8393554688e+02 2.0818771277e-12 7.0108134496e-13 1.3807957827e-12
2.8399658203e+02 2.0779703375e-12 7.0290777783e-13 1.3750625597e-12
2.8405761719e+02 2.0952051902e-12 7.0377374563e-13 1.3914314445e-12
2.8411865234e+02 2.0906692552e-12 6.9998583677e-13 1.3906834184e-12
2.8417968750e+02 2.0911173379e-12 6.9927985896e-13 1.3918374790e-12
2.8424072266e+02 2.0740590168e-12 7.0022453290e-13 1.3738344839e-12
2.8430175781e+02 2.0797741455e-12 7.0309555178e-13 1.3766785937e-12
2.8436279297e+02 2.0710525330e-12 6.9755420315e-13 1.3734983298e-12
2.8442382812e+02 2.0746958049e-12 7.0106342348e-13 1.3736323814e-12
2.8448486328e+02 2.0809772256e-12 7.0508726687e-13 1.3758899588e-12
2.8454589844e+02 2.0803790702e-12 7.0387971125e-13 1.3764993590e-12
2.8460693359e+02 2.0811950178e-12 7.0163601107e-13 1.3795590067e-12
2.8466796875e+02 2.0777717743e-12 6.9823262587e-13 1.3795391484e-12
2.8472900391e+02 2.0742961570e-12 7.0181226687e-13 1.3724838901e-12
2.8479003906e+02 2.0955476151e-12 7.0754880499e-13 1.3879988101e-12
2.8485107422e+02 2.0982277706e-12 7.0735724046e-13 1.3908705301e-12
2.8491210938e+02 2.0740410011e-12 6.9770739990e-13 1.3763336012e-12
2.8497314453e+02 2.0606379722e-12 6.9357975462e-13 1.3670582176e-12
2.8503417969e+02 2.0795721116e-12 6.9944695297e-13 1.3801251586e-12
2.8509521484e+02 2.0738533398e-12 6.9550012456e-13 1.3783532152e-12
2.8515625000e+02 2.0712411060e-12 6.9400722177e-13 1.3772338843e-12
2.8521728516e+02 2.0791710626e-12 6.9547967333e-13 1.3836913893e-12
2.8527832031e+02 2.0812523453e-12 6.9722127136e-13 1.3840310740e-12
2.8533935547e+02 2.0714015527e-12 6.9726946650e-13 1.3741320862e-12
2.8540039062e+02 2.0715458109e-12 6.9976010867e-13 1.3717857022e-12
2.8546142578e+02 2.0831973172e-12 7.0098970657e-13 1.3822076107e-12
2.8552246094e+02 2.0880303256e-12 7.0035484531e-13 1.3876754803e-12
2.8558349609e+02 2.0866478793e-12 7.0472469854e-13 1.3819231807e-12
2.8564453125e+02 2.0896117839e-12 7.0852206722e-13 1.3810897167e-12
2.8570556641e+02 2.0742604010e-12 7.0028098620e-13 1.3739794148e-12
2.8576660156e+02 2.0596426195e-12 6.9494813639e-13 1.3646944831e-12
2.8582763672e+02 2.0533743991e-12 6.9441423292e-13 1.3589601662e-12
2.8588867188e+02 2.0459888304e-12 6.9284584994e-13 1.3531429805e-12
2.8594970703e+02 2.0548891549e-12 6.9351854186e-13 1.3613706130e-12
2.8601074219e+02 2.0547028838e-12 6.9063553828e-13 1.3640673455e-12
2.8607177734e+02 2.0587270714e-12 6.9343710525e-13 1.3652899662e-12
2.8613281250e+02 2.0472508852e-12 6.9154921075e-13 1.3557016745e-12
2.8619384766e+02 2.0354727981e-12 6.8833714880e-13 1.3471356493e-12
2.8625488281e+02 2.0343302359e-12 6.8681363260e-13 1.3475166033e-12
2.8631591797e+02 2.0547594658e-12 6.9212122811e-13 1.3626382377e-12
2.8637695312e+02 2.0529886117e-12 6.8860090437e-13 1.3643877073e-12
2.8643798828e+02 2.0296803384e-12 6.8273755747e-13 1.3469427809e-12
2.8649902344e+02 2.0347689389e-12 6.8557146952e-13 1.3491974694e-12
2.8656005859e+02 2.0409903891e-12 6.8744767116e-13 1.3535427180e-12
2.8662109375e+02 2.0416649889e-12 6.8701812886e-13 1.3546468601e-12
2.8668212891e+02 2.0412235661e-12 6.8688021214e-13 1.3543433540e-12
2.8674316406e+02 2.0356116681e-12 6.8553089698e-13 1.3500807711e-12
2.8680419922e+02 2.0442221328e-12 6.8630979454e-13 1.3579123383e-12
2.8686523438e+02 2.0397927966e-12 6.8464065880e-13 1.3551521378e-12
2.8692626953e+02 2.0318351152e-12 6.8534644178e-13 1.3464886734e-12
2.8698730469e+02 2.0246741596e-12 6.8207443002e-13 1.3425997295e-12
2.8704833984e+02 2.0110379595e-12 6.7852269843e-13 1.3325152611e-12
2.8710937500e+02 2.0110179108e-12 6.7825431212e-13 1.3327635986e-12
2.8717041016e+02 2.0046633688e-12 6.7731508461e-13 1.3273482842e-12
2.8723144531e+02 2.0138264052e-12 6.8267986096e-13 1.3311465442e-12
2.8729248047e+02 2.0097194032e-12 6.7893658475e-13 1.3307828185e-12
2.8735351562e+02 2.0128727800e-12 6.7802298409e-13 1.3348497959e-12
2.8741455078e+02 2.0119911215e-12 6.7843311183e-13 1.3335580097e-12
2.8747558594e+02 2.0153201946e-12 6.7895663472e-13 1.3363635598e-12
2.8753662109e+02 2.0150641670e-12 6.7575449360e-13 1.3393096734e-12
2.8759765625e+02 1.9983888808e-12 6.7182011949e-13 1.3265687613e-12
2.8765869141e+02 1.9804762748e-12 6.7032549550e-13 1.3101507793e-12
2.8771972656e+02 1.9918795853e-12 6.7349385002e-13 1.3183857353e-12
2.8778076172e+02 1.9925197693e-12 6.7086107192e-13 1.3216586974e-12
2.8784179688e+02 1.9918235649e-12 6.7020325794e-13 1.3216203070e-12
2.8790283203e+02 1.9868240858e-12 6.6945190885e-13 1.3173721769e-12
2.8796386719e+02 1.9974582833e-12 6.7229361185e-13 1.3251646714e-12
2.8802490234e+02 1.9909760610e-12 6.7311085479e-13 1.3178652063e-12
2.8808593750e+02 2.0041734407e-12 6.7728972977e-13 1.3268837109e-12
2.8814697266e+02 2.0116596596e-12 6.7678797409e-13 1.3348716855e-12
2.8820800781e+02 2.0037752772e-12 6.7263865693e-13 1.3311366203e-12
2.8826904297e+02 2.0059810984e-12 6.7499800357e-13 1.3309830948e-12
2.8833007812e+02 1.9992342645e-12 6.7558302912e-13 1.3236512354e-12
2.8839111328e+02 1.9920607855e-12 6.7386563133e-13 1.3181951542e-12
2.8845214844e+02 1.9825990987e-12 6.6866979307e-13 1.3139293056e-12
2.8851318359e+02 1.9864495734e-12 6.7071258839e-13 1.3157369850e-12
2.8857421875e+02 1.9829446938e-12 6.6889956636e-13 1.3140451274e-12
2.8863525391e+02 1.9801067527e-12 6.6999533079e-13 1.3101114220e-12
2.8869628906e+02 1.9889255982e-12 6.6975682430e-13 1.3191687739e-12
2.8875732422e+02 1.9993881241e-12 6.7288727009e-13 1.3265008540e-12
2.8881835938e+02 1.9931430327e-12 6.7452691537e-13 1.3186161173e-12
2.8887939453e+02 1.9822699121e-12 6.6852238358e-13 1.3137475286e-12
2.8894042969e+02 1.9880246828e-12 6.6577465793e-13 1.3222500249e-12
2.8900146484e+02 1.9883669015e-12 6.6688230140e-13 1.3214846001e-12
2.8906250000e+02 1.9743068150e-12 6.5995223086e-13 1.3143545842e-12
2.8912353516e+02 1.9701637487e-12 6.6333345494e-13 1.3068302937e-12
2.8918457031e+02 1.9823604895e-12 6.6892799466e-13 1.3134324949e-12
2.8924560547e+02 1.9645970257e-12 6.6165134273e-13 1.3029456830e-12
2.8930664062e+02 1.9783409670e-12 6.6328003674e-13 1.3150609302e-12
2.8936767578e+02 1.9650453110e-12 6.5890014052e-13 1.3061451705e-12
2.8942871094e+02 1.9686498217e-12 6.6591051497e-13 1.3027393067e-12
2.8948974609e+02 1.9582078507e-12 6.6470613958e-13 1.2935017111e-12
2.8955078125e+02 1.9655916449e-12 6.6413984348e-13 1.3014518015e-12
2.8961181641e+02 1.9717235408e-12 6.6281497514e-13 1.3089085657e-12
2.8967285156e+02 1.9640913357e-12 6.5978604655e-13 1.3043052891e-12
2.8973388672e+02 1.9670719456e-12 6.6365454052e-13 1.3034174051e-12
2.8979492188e+02 1.9668439253e-12 6.6138312945e-13 1.3054607959e-12
2.8985595703e+02 1.9653981175e-12 6.6152619719e-13 1.3038719203e-12
2.8991699219e+02 1.9490583824e-12 6.5541384748e-13 1.2936445349e-12
2.8997802734e+02 1.9488269777e-12 6.5851793752e-13 1.2903090402e-12
2.9003906250e+02 1.9503635483e-12 6.5773926446e-13 1.2926242838e-12
2.9010009766e+02 1.9426607059e-12 6.5793265466e-13 1.2847280513e-12
2.9016113281e+02 1.9424959053e-12 6.5556306561e-13 1.2869328397e-12
2.9022216797e+02 1.9336899108e-12 6.5216626223e-13 1.2815236485e-12
2.9028320312e+02 1.9616620865e-12 6.6232187567e-13 1.2993402108e-12
2.9034423828e+02 1.9667917670e-12 6.6289102760e-13 1.3039007394e-12
2.9040527344e+02 1.9574822142e-12 6.6137609698e-13 1.2961061173e-12
2.9046630859e+02 1.9486821258e-12 6.5935144689e-13 1.2893306789e-12
2.9052734375e+02 1.9504845825e-12 6.6016592321e-13 1.2903186593e-12
2.9058837891e+02 1.9280348697e-12 6.5305999092e-13 1.2749748788e-12
2.9064941406e+02 1.9403454260e-12 6.5299952977e-13 1.2873458963e-12
2.9071044922e+02 1.9441910574e-12 6.5540933467e-13 1.2887817228e-12
2.9077148438e+02 1.9504821465e-12 6.6049608749e-13 1.2899860590e-12
2.9083251953e+02 1.9625779442e-12 6.6180834036e-13 1.3007696039e-12
2.9089355469e+02 1.9409318764e-12 6.5664347147e-13 1.2842884050e-12
2.9095458984e+02 1.9221949117e-12 6.4835663060e-13 1.2738382811e-12
2.9101562500e+02 1.9292445888e-12 6.5041424652e-13 1.2788303423e-12
2.9107666016e+02 1.9334856207e-12 6.5538983452e-13 1.2780957862e-12
2.9113769531e+02 1.9250897567e-12 6.5425842631e-13 1.2708313304e-12
2.9119873047e+02 1.9315657217e-12 6.5075977407e-13 1.2808059476e-12
2.9125976562e+02 1.9324092151e-12 6.5277268820e-13 1.2796365269e-12
2.9132080078e+02 1.9082396203e-12 6.4754195932e-13 1.2606976610e-12
2.9138183594e+02 1.9008273585e-12 6.4132873467e-13 1.2594986239e-12
2.9144287109e+02 1.9056391730e-12 6.4254057801e-13 1.2630985950e-12
2.9150390625e+02 1.9082609640e-12 6.4290042265e-13 1.2653605413e-12
2.9156494141e+02 1.9042506962e-12 6.4771505063e-13 1.2565356455e-12
2.9162597656e+02 1.9045155258e-12 6.4533135395e-13 1.2591841718e-12
2.9168701172e+02 1.9120248872e-12 6.4546508999e-13 1.2665597972e-12
2.9174804688e+02 1.9149302753e-12 6.4599340538e-13 1.2689368700e-12
2.9180908203e+02 1.9084252853e-12 6.4431382818e-13 1.2641114571e-12
2.9187011719e+02 1.9189210364e-12 6.4456962687e-13 1.2743514095e-12
2.9193115234e+02 1.9132465565e-12 6.4068710377e-13 1.2725594527e-12
2.9199218750e+02 1.9034666660e-12 6.4104060548e-13 1.2624260605e-12
2.9205322266e+02 1.9052715540e-12 6.4233870405e-13 1.2629328500e-12
2.9211425781e+02 1.9173156272e-12 6.4435903716e-13 1.2729565900e-12
2.9217529297e+02 1.9140260115e-12 6.4500348129e-13 1.2690225303e-12
2.9223632812e+02 1.9060950151e-12 6.4471101107e-13 1.2613840040e-12
2.9229736328e+02 1.9062232640e-12 6.4162255240e-13 1.2646007116e-12
2.9235839844e+02 1.9114569018e-12 6.4117344281e-13 1.2702834589e-12
2.9241943359e+02 1.8993752242e-12 6.4190710328e-13 1.2574681210e-12
2.9248046875e+02 1.9028078588e-12 6.4188846740e-13 1.2609193914e-12
2.9254150391e+02 1.8992173921e-12 6.4069818734e-13 1.2585192048e-12
2.9260253906e+02 1.8962699422e-12 6.4315443959e-13 1.2531155026e-12
2.9266357422e+02 1.8999020286e-12 6.4192155075e-13 1.2579804778e-12
2.9272460938e+02 1.9122726374e-12 6.4159959849e-13 1.2706730389e-12
2.9278564453e+02 1.8992853125e-12 6.4330327062e-13 1.2559820419e-12
2.9284667969e+02 1.8854770148e-12 6.4025474549e-13 1.2452222693e-12
2.9290771484e+02 1.8800849424e-12 6.3514136643e-13 1.2449435759e-12
2.9296875000e+02 1.8840498004e-12 6.3642862094e-13 1.2476211795e-12
2.9302978516e+02 1.8927436707e-12 6.4010139841e-13 1.2526422723e-12
2.9309082031e+02 1.8932601855e-12 6.4456863142e-13 1.2486915541e-12
2.9315185547e+02 1.8911854782e-12 6.4141455581e-13 1.2497709223e-12
2.9321289062e+02 1.9015396900e-12 6.3944381890e-13 1.2620958711e-12
2.9327392578e+02 1.8941536667e-12 6.3515570571e-13 1.2589979610e-12
2.9333496094e+02 1.8848493644e-12 6.3522315700e-13 1.2496262074e-12
2.9339599609e+02 1.8907227902e-12 6.3579490081e-13 1.2549278894e-12
2.9345703125e+02 1.8930439357e-12 6.3500943604e-13 1.2580344996e-12
2.9351806641e+02 1.8940606647e-12 6.3331444301e-13 1.2607462217e-12
2.9357910156e+02 1.9075369885e-12 6.3835901607e-13 1.2691779724e-12
2.9364013672e+02 1.8903641894e-12 6.3783994697e-13 1.2525242424e-12
2.9370117188e+02 1.8822437067e-12 6.3482793690e-13 1.2474157698e-12
2.9376220703e+02 1.8833175546e-12 6.3513288504e-13 1.2481846696e-12
2.9382324219e+02 1.8900834684e-12 6.3778119796e-13 1.2523022705e-12
2.9388427734e+02 1.8979135095e-12 6.4260924838e-13 1.2553042612e-12
2.9394531250e+02 1.9017785362e-12 6.4708560524e-13 1.2546929310e-12
2.9400634766e+02 1.8942906442e-12 6.4005922376e-13 1.2542314204e-12
2.9406738281e+02 1.8779605092e-12 6.3261982664e-13 1.2453406826e-12
2.9412841797e+02 1.8821451636e-12 6.3523121942e-13 1.2469139442e-12
2.9418945312e+02 1.8850650464e-12 6.3355081969e-13 1.2515142267e-12
2.9425048828e+02 1.8929252672e-12 6.3481005506e-13 1.2581152121e-12
2.9431152344e+02 1.8940338240e-12 6.3679305940e-13 1.2572407646e-12
2.9437255859e+02 1.8748246900e-12 6.3355924478e-13 1.2412654452e-12
2.9443359375e+02 1.8781740031e-12 6.3488718086e-13 1.2432868223e-12
2.9449462891e+02 1.8744822084e-12 6.2994354949e-13 1.2445386589e-12
2.9455566406e+02 1.8776399089e-12 6.3052350664e-13 1.2471164023e-12
2.9461669922e+02 1.8780771505e-12 6.2740577536e-13 1.2506713751e-12
2.9467773438e+02 1.8802013753e-12 6.3244061658e-13 1.2477607587e-12
2.9473876953e+02 1.8775179914e-12 6.3133172947e-13 1.2461862619e-12
2.9479980469e+02 1.8810676757e-12 6.3347680490e-13 1.2475908708e-12
2.9486083984e+02 1.8684036361e-12 6.3119976651e-13 1.2372038696e-12
2.9492187500e+02 1.8687099879e-12 6.3035569697e-13 1.2383542909e-12
2.9498291016e+02 1.8605540123e-12 6.2787893748e-13 1.2326750748e-12
2.9504394531e+02 1.8424015615e-12 6.2339286473e-13 1.2190086967e-12
2.9510498047e+02 1.8443896178e-12 6.2177931803e-13 1.2226102998e-12
2.9516601562e+02 1.8562890542e-12 6.2588959835e-13 1.2303994558e-12
2.9522705078e+02 1.8669037745e-12 6.2939914884e-13 1.2375046257e-12
2.9528808594e+02 1.8676922642e-12 6.3332773513e-13 1.2343645291e-12
2.9534912109e+02 1.8691574369e-12 6.3184339590e-13 1.2373140410e-12
2.9541015625e+02 1.8663451571e-12 6.3098476995e-13 1.2353603872e-12
2.9547119141e+02 1.8567310983e-12 6.2720371735e-13 1.2295273810e-12
2.9553222656e+02 1.8565394150e-12 6.2492460530e-13 1.2316148097e-12
2.9559326172e+02 1.8443019146e-12 6.2123637397e-13 1.2230655406e-12
2.9565429688e+02 1.8398310970e-12 6.2124897034e-13 1.2185821266e-12
2.9571533203e+02 1.8573537456e-12 6.2729092169e-13 1.2300628239e-12
2.9577636719e+02 1.8517913012e-12 6.2671787807e-13 1.2250734231e-12
2.9583740234e+02 1.8554093378e-12 6.2885539228e-13 1.2265539455e-12
2.9589843750e+02 1.8618129806e-12 6.2881797215e-13 1.2329950085e-12
2.9595947266e+02 1.8625006666e-12 6.2885327339e-13 1.2336473932e-12
2.9602050781e+02 1.8453891176e-12 6.1944628889e-13 1.2259428287e-12
2.9608154297e+02 1.8468114932e-12 6.1986564164e-13 1.2269458516e-12
2.9614257812e+02 1.8638428268e-12 6.2809448662e-13 1.2357483402e-12
2.9620361328e+02 1.8504236193e-12 6.2433909635e-13 1.2260845229e-12
2.9626464844e+02 1.8518063400e-12 6.2509253250e-13 1.2267138075e-12
2.9632568359e+02 1.8520216472e-12 6.2730409097e-13 1.2247175562e-12
2.9638671875e+02 1.8494616819e-12 6.2660061524e-13 1.2228610667e-12
2.9644775391e+02 1.8537936633e-12 6.3025090815e-13 1.2235427551e-12
2.9650878906e+02 1.8413266613e-12 6.2113290365e-13 1.2201937576e-12
2.9656982422e+02 1.8445544597e-12 6.1936549941e-13 1.2251889603e-12
2.9663085938e+02 1.8534494889e-12 6.2428717503e-13 1.2291623139e-12
2.9669189453e+02 1.8433370176e-12 6.2192739532e-13 1.2214096223e-12
2.9675292969e+02 1.8421316802e-12 6.2431263064e-13 1.2178190496e-12
2.9681396484e+02 1.8369739693e-12 6.2036509536e-13 1.2166088739e-12
2.9687500000e+02 1.8017854983e-12 6.0740504751e-13 1.1943804508e-12
2.9693603516e+02 1.8105419848e-12 6.0978219123e-13 1.2007597936e-12
2.9699707031e+02 1.8406090789e-12 6.1980784889e-13 1.2208012300e-12
2.9705810547e+02 1.8467478721e-12 6.2384656882e-13 1.2229013033e-12
2.9711914062e+02 1.8276057956e-12 6.1994438696e-13 1.2076614087e-12
2.9718017578e+02 1.8221471648e-12 6.1354048757e-13 1.2086066772e-12
2.9724121094e+02 1.8374250864e-12 6.1657811716e-13 1.2208469692e-12
2.9730224609e+02 1.8376156305e-12 6.1529940661e-13 1.2223162239e-12
2.9736328125e+02 1.8236290132e-12 6.1061746982e-13 1.2130115434e-12
2.9742431641e+02 1.8275209884e-12 6.1212620422e-13 1.2153947842e-12
2.9748535156e+02 1.8123501551e-12 6.1141709133e-13 1.2009330637e-12
2.9754638672e+02 1.8178014233e-12 6.1134124706e-13 1.2064601762e-12
2.9760742188e+02 1.8286074346e-12 6.1199405215e-13 1.2166133825e-12
2.9766845703e+02 1.8114272624e-12 6.0869287673e-13 1.2027343857e-12
2.9772949219e+02 1.8171668759e-12 6.1184281356e-13 1.2053240623e-12
2.9779052734e+02 1.8193130722e-12 6.1218320545e-13 1.2071298667e-12
2.9785156250e+02 1.8272064184e-12 6.1503343377e-13 1.2121729846e-12
2.9791259766e+02 1.8278198039e-12 6.1789140179e-13 1.2099284021e-12
2.9797363281e+02 1.8318194188e-12 6.1567066009e-13 1.2161487587e-12
2.9803466797e+02 1.8301867063e-12 6.1548519805e-13 1.2147015082e-12
2.9809570312e+02 1.8223160152e-12 6.1257669864e-13 1.2097393165e-12
2.9815673828e+02 1.8234887317e-12 6.1447152226e-13 1.2090172094e-12
2.9821777344e+02 1.8168951023e-12 6.1166969972e-13 1.2052254026e-12
2.9827880859e+02 1.8145054598e-12 6.1380058380e-13 1.2007048760e-12
2.9833984375e+02 1.8117220275e-12 6.1091966984e-13 1.2008023577e-12
2.9840087891e+02 1.8150011697e-12 6.0904101263e-13 1.2059601570e-12
2.9846191406e+02 1.8096258307e-12 6.0794711026e-13 1.2016787205e-12
2.9852294922e+02 1.8272352880e-12 6.1418044334e-13 1.2130548447e-12
2.9858398438e+02 1.8158042905e-12 6.1023591357e-13 1.2055683769e-12
2.9864501953e+02 1.8108081060e-12 6.1177730363e-13 1.1990308024e-12
2.9870605469e+02 1.8214130198e-12 6.1126540065e-13 1.2101476191e-12
2.9876708984e+02 1.8165876690e-12 6.1125538142e-13 1.2053322876e-12
2.9882812500e+02 1.8174457897e-12 6.1372186962e-13 1.2037239201e-12
2.9888916016e+02 1.8081903478e-12 6.0920713433e-13 1.1989832134e-12
2.9895019531e+02 1.7959753225e-12 6.0203778953e-13 1.1939375330e-12
2.9901123047e+02 1.8075585557e-12 6.0772732430e-13 1.1998312314e-12
2.9907226562e+02 1.8098346381e-12 6.0732041817e-13 1.2025142199e-12
2.9913330078e+02 1.8065989736e-12 6.0590529095e-13 1.2006936826e-12
2.9919433594e+02 1.8157864670e-12 6.0865599097e-13 1.2071304761e-12
2.9925537109e+02 1.8037671723e-12 6.0730522265e-13 1.1964619496e-12
2.9931640625e+02 1.8057407431e-12 6.0952536269e-13 1.1962153804e-12
2.9937744141e+02 1.8019594385e-12 6.0781260947e-13 1.1941468291e-12
2.9943847656e+02 1.8096002364e-12 6.0841841340e-13 1.2011818230e-12
2.9949951172e+02 1.8071776831e-12 6.1053357610e-13 1.1966441070e-12
2.9956054688e+02 1.7868654120e-12 6.0208041541e-13 1.1847849966e-12
2.9962158203e+02 1.7894343481e-12 5.9976984591e-13 1.1896645022e-12
2.9968261719e+02 1.7917035436e-12 5.9804813348e-13 1.1936554102e-12
2.9974365234e+02 1.7763314899e-12 5.9625514184e-13 1.1800763480e-12
2.9980468750e+02 1.7787954835e-12 5.9791771490e-13 1.1808777686e-12
2.9986572266e+02 1.7790707640e-12 5.9788752959e-13 1.1811832344e-12
2.9992675781e+02 1.7918602732e-12 6.0511032374e-13 1.1867499494e-12
2.9998779297e+02 1.7771303977e-12 6.0032884927e-13 1.1768015484e-12
3.0004882812e+02 1.7643148854e-12 5.9399421434e-13 1.1703206711e-12
3.0010986328e+02 1.7636439638e-12 5.9435524962e-13 1.1692887142e-12
3.0017089844e+02 1.7708903232e-12 5.9868560419e-13 1.1722047190e-12
3.0023193359e+02 1.7735009533e-12 5.9847353199e-13 1.1750274213e-12
3.0029296875e+02 1.7623838830e-12 5.9749665381e-13 1.1648872292e-12
3.0035400391e+02 1.7693641113e-12 5.9503952263e-13 1.1743245886e-12
3.0041503906e+02 1.7733300082e-12 5.9441577472e-13 1.1789142335e-12
3.0047607422e+02 1.7754097588e-12 5.9847139356e-13 1.1769383653e-12
3.0053710938e+02 1.7785070032e-12 5.9932541781e-13 1.1791815854e-12
3.0059814453e+02 1.7656573352e-12 5.9525314304e-13 1.1704041922e-12
3.0065917969e+02 1.7719583200e-12 6.0065209349e-13 1.1713062266e-12
3.0072021484e+02 1.7679890959e-12 5.9525887396e-13 1.1727302219e-12
3.0078125000e+02 1.7611674201e-12 5.9550372630e-13 1.1656636938e-12
3.0084228516e+02 1.7557222668e-12 5.9593639889e-13 1.1597858679e-12
3.0090332031e+02 1.7487722974e-12 5.9045136131e-13 1.1583209360e-12
3.0096435547e+02 1.7548409571e-12 5.8808820626e-13 1.1667527509e-12
3.0102539062e+02 1.7536044803e-12 5.8829919379e-13 1.1653052865e-12
3.0108642578e+02 1.7577296671e-12 5.9135101165e-13 1.1663786554e-12
3.0114746094e+02 1.7631359768e-12 5.9494663384e-13 1.1681893429e-12
3.0120849609e+02 1.7548693478e-12 5.9489785252e-13 1.1599714953e-12
3.0126953125e+02 1.7529627729e-12 5.9034738541e-13 1.1626153875e-12
3.0133056641e+02 1.7565762212e-12 5.9020742679e-13 1.1663687944e-12
3.0139160156e+02 1.7606502220e-12 5.9492589184e-13 1.1657243301e-12
3.0145263672e+02 1.7567556288e-12 5.9246992572e-13 1.1642857031e-12
3.0151367188e+02 1.7639998647e-12 5.9834415635e-13 1.1656557083e-12
3.0157470703e+02 1.7527726612e-12 5.9071532511e-13 1.1620573361e-12
3.0163574219e+02 1.7394582622e-12 5.8617647683e-13 1.1532817854e-12
3.0169677734e+02 1.7508582646e-12 5.8760654506e-13 1.1632517195e-12
3.0175781250e+02 1.7551760806e-12 5.9003661261e-13 1.1651394680e-12
3.0181884766e+02 1.7521823174e-12 5.9221808336e-13 1.1599642340e-12
3.0187988281e+02 1.7402518129e-12 5.8637034320e-13 1.1538814697e-12
3.0194091797e+02 1.7448157478e-12 5.9131745136e-13 1.1534982965e-12
3.0200195312e+02 1.7573000476e-12 5.9497879718e-13 1.1623212504e-12
3.0206298828e+02 1.7531208752e-12 5.9045546182e-13 1.1626654134e-12
3.0212402344e+02 1.7407158601e-12 5.8958382784e-13 1.1511320323e-12
3.0218505859e+02 1.7318970752e-12 5.8612462310e-13 1.1457724521e-12
3.0224609375e+02 1.7413198791e-12 5.8871823334e-13 1.1526016457e-12
3.0230712891e+02 1.7360874790e-12 5.8371221068e-13 1.1523752683e-12
3.0236816406e+02 1.7298932991e-12 5.8616529180e-13 1.1437280073e-12
3.0242919922e+02 1.7238904874e-12 5.8489419522e-13 1.1389962922e-12
3.0249023438e+02 1.7088535579e-12 5.7849386811e-13 1.1303596898e-12
3.0255126953e+02 1.7119872730e-12 5.7720265764e-13 1.1347846154e-12
3.0261230469e+02 1.7312995812e-12 5.8312173623e-13 1.1481778450e-12
3.0267333984e+02 1.7268243097e-12 5.8315680057e-13 1.1436675091e-12
3.0273437500e+02 1.7272046831e-12 5.8656458127e-13 1.1406401018e-12
3.0279541016e+02 1.7311998030e-12 5.8504500452e-13 1.1461547985e-12
3.0285644531e+02 1.7267978083e-12 5.8468924107e-13 1.1421085672e-12
3.0291748047e+02 1.7215327304e-12 5.7960716494e-13 1.1419255655e-12
3.0297851562e+02 1.7249647127e-12 5.8214177013e-13 1.1428229425e-12
3.0303955078e+02 1.7248114067e-12 5.8677436399e-13 1.1380370427e-12
3.0310058594e+02 1.7213196025e-12 5.8491320311e-13 1.1364063994e-12
3.0316162109e+02 1.7162050545e-12 5.8048529928e-13 1.1357197553e-12
3.0322265625e+02 1.7033103627e-12 5.7459897784e-13 1.1287113849e-12
3.0328369141e+02 1.7219452802e-12 5.8199287782e-13 1.1399524024e-12
3.0334472656e+02 1.7193615543e-12 5.8103353668e-13 1.1383280176e-12
3.0340576172e+02 1.7157369050e-12 5.8126565645e-13 1.1344712486e-12
3.0346679688e+02 1.7148355951e-12 5.7827560499e-13 1.1365599901e-12
3.0352783203e+02 1.6960648214e-12 5.7304433460e-13 1.1230204868e-12
3.0358886719e+02 1.6991621946e-12 5.7409009781e-13 1.1250720968e-12
3.0364990234e+02 1.6996721893e-12 5.7213413993e-13 1.1275380494e-12
3.0371093750e+02 1.6914535850e-12 5.7192233363e-13 1.1195312514e-12
3.0377197266e+02 1.7029949942e-12 5.7496091479e-13 1.1280340794e-12
3.0383300781e+02 1.6956596179e-12 5.7518445226e-13 1.1204751656e-12
3.0389404297e+02 1.6842197492e-12 5.7047943454e-13 1.1137403146e-12
3.0395507812e+02 1.6901993957e-12 5.7202883826e-13 1.1181705574e-12
3.0401611328e+02 1.6873679278e-12 5.7376623379e-13 1.1136016940e-12
3.0407714844e+02 1.6827997530e-12 5.6896080266e-13 1.1138389504e-12
3.0413818359e+02 1.6846986873e-12 5.6932571414e-13 1.1153729731e-12
3.0419921875e+02 1.6934437858e-12 5.7535754490e-13 1.1180862409e-12
3.0426025391e+02 1.6838859486e-12 5.7065305690e-13 1.1132328917e-12
3.0432128906e+02 1.6811248657e-12 5.6961061645e-13 1.1115142492e-12
3.0438232422e+02 1.6679102559e-12 5.6623521219e-13 1.1016750437e-12
3.0444335938e+02 1.6644713193e-12 5.6599861765e-13 1.0984727017e-12
3.0450439453e+02 1.6781847278e-12 5.6820993393e-13 1.1099747939e-12
3.0456542969e+02 1.6799675204e-12 5.6696869625e-13 1.1129988241e-12
3.0462646484e+02 1.6803950320e-12 5.6720753895e-13 1.1131874930e-12
3.0468750000e+02 1.6701416996e-12 5.6434407011e-13 1.1057976295e-12
3.0474853516e+02 1.6720129995e-12 5.6803850576e-13 1.1039744937e-12
3.0480957031e+02 1.6702476402e-12 5.6575748566e-13 1.1044901545e-12
3.0487060547e+02 1.6756898915e-12 5.6567735032e-13 1.1100125412e-12
3.0493164062e+02 1.6862362291e-12 5.6847304244e-13 1.1177631867e-12
3.0499267578e+02 1.6748497338e-12 5.6293125733e-13 1.1119184764e-12
3.0505371094e+02 1.6664134443e-12 5.6110295760e-13 1.1053104867e-12
3.0511474609e+02 1.6763561365e-12 5.6402099613e-13 1.1123351404e-12
3.0517578125e+02 1.6694286186e-12 5.6470232548e-13 1.1047262931e-12
3.0523681641e+02 1.6725625296e-12 5.6674945317e-13 1.1058130764e-12
3.0529785156e+02 1.6734168440e-12 5.6461258796e-13 1.1088042561e-12
3.0535888672e+02 1.6744211223e-12 5.6337420992e-13 1.1110469123e-12
3.0541992188e+02 1.6690998452e-12 5.6314930324e-13 1.1059505419e-12
3.0548095703e+02 1.6679178694e-12 5.6293903195e-13 1.1049788374e-12
3.0554199219e+02 1.6778625083e-12 5.6428192879e-13 1.1135805795e-12
3.0560302734e+02 1.6772671578e-12 5.6455952863e-13 1.1127076291e-12
3.0566406250e+02 1.6754647592e-12 5.6730118630e-13 1.1081635729e-12
3.0572509766e+02 1.6661635547e-12 5.6636819675e-13 1.0997953579e-12
3.0578613281e+02 1.6597714598e-12 5.6211260586e-13 1.0976588539e-12
3.0584716797e+02 1.6625408854e-12 5.6255723361e-13 1.0999836517e-12
3.0590820312e+02 1.6647338984e-12 5.6049356047e-13 1.1042403379e-12
3.0596923828e+02 1.6681649423e-12 5.6202498857e-13 1.1061399538e-12
3.0603027344e+02 1.6718401783e-12 5.6336474714e-13 1.1084754311e-12
3.0609130859e+02 1.6635595859e-12 5.6198267970e-13 1.1015769062e-12
3.0615234375e+02 1.6464199086e-12 5.5918471740e-13 1.0872351912e-12
3.0621337891e+02 1.6413975054e-12 5.5338524015e-13 1.0880122652e-12
3.0627441406e+02 1.6447494415e-12 5.5622845238e-13 1.0885209891e-12
3.0633544922e+02 1.6556316171e-12 5.6056538908e-13 1.0950662281e-12
3.0639648438e+02 1.6592561974e-12 5.6220799868e-13 1.0970481988e-12
3.0645751953e+02 1.6568585044e-12 5.6307476141e-13 1.0937837430e-12
3.0651855469e+02 1.6625605476e-12 5.6458182733e-13 1.0979787202e-12
3.0657958984e+02 1.6576050004e-12 5.6057118175e-13 1.0970338186e-12
3.0664062500e+02 1.6494058585e-12 5.5845357374e-13 1.0909522848e-12
3.0670166016e+02 1.6489805431e-12 5.5958255406e-13 1.0893979891e-12
3.0676269531e+02 1.6534811502e-12 5.6052280023e-13 1.0929583499e-12
3.0682373047e+02 1.6499179051e-12 5.5636379272e-13 1.0935541124e-12
3.0688476562e+02 1.6493203349e-12 5.5660641928e-13 1.0927139156e-12
3.0694580078e+02 1.6560102807e-12 5.5776093027e-13 1.0982493504e-12
3.0700683594e+02 1.6484940891e-12 5.5339384443e-13 1.0951002446e-12
3.0706787109e+02 1.6414331195e-12 5.5494986468e-13 1.0864832549e-12
3.0712890625e+02 1.6476319572e-12 5.5986744775e-13 1.0877645095e-12
3.0718994141e+02 1.6514013020e-12 5.5846533686e-13 1.0929359651e-12
3.0725097656e+02 1.6279446869e-12 5.5083681441e-13 1.0771078724e-12
3.0731201172e+02 1.6303335734e-12 5.5369094497e-13 1.0766426284e-12
3.0737304688e+02 1.6339394909e-12 5.5157128936e-13 1.0823682015e-12
3.0743408203e+02 1.6414276296e-12 5.5107777843e-13 1.0903498512e-12
3.0749511719e+02 1.6407268052e-12 5.5095337947e-13 1.0897734257e-12
3.0755615234e+02 1.6397201447e-12 5.5434349414e-13 1.0853766505e-12
3.0761718750e+02 1.6325354041e-12 5.5386573489e-13 1.0786696692e-12
3.0767822266e+02 1.6423895190e-12 5.5478929030e-13 1.0876002287e-12
3.0773925781e+02 1.6299601855e-12 5.5083253379e-13 1.0791276518e-12
3.0780029297e+02 1.6226389620e-12 5.4708787277e-13 1.0755510892e-12
3.0786132812e+02 1.6230817886e-12 5.4943551448e-13 1.0736462741e-12
3.0792236328e+02 1.6483667696e-12 5.5630276333e-13 1.0920640062e-12
3.0798339844e+02 1.6405618052e-12 5.5210210012e-13 1.0884597051e-12
3.0804443359e+02 1.6339409534e-12 5.5184420628e-13 1.0820967471e-12
3.0810546875e+02 1.6411701770e-12 5.5243505378e-13 1.0887351232e-12
3.0816650391e+02 1.6276568088e-12 5.4798658243e-13 1.0796702263e-12
3.0822753906e+02 1.6190970827e-12 5.4781050539e-13 1.0712865773e-12
3.0828857422e+02 1.6193103744e-12 5.4803127408e-13 1.0712791003e-12
3.0834960938e+02 1.6224620591e-12 5.5057636971e-13 1.0718856894e-12
3.0841064453e+02 1.6163373739e-12 5.4871219189e-13 1.0676251820e-12
3.0847167969e+02 1.6322299945e-12 5.5303378952e-13 1.0791962050e-12
3.0853271484e+02 1.6400816933e-12 5.5405604041e-13 1.0860256529e-12
3.0859375000e+02 1.6276941092e-12 5.4987690485e-13 1.0778172044e-12
3.0865478516e+02 1.6390159029e-12 5.5205373533e-13 1.0869621676e-12
3.0871582031e+02 1.6237889135e-12 5.4926011114e-13 1.0745288024e-12
3.0877685547e+02 1.6259459047e-12 5.4816143497e-13 1.0777844697e-12
3.0883789062e+02 1.6199434331e-12 5.4506463459e-13 1.0748787986e-12
3.0889892578e+02 1.6237866247e-12 5.4981624483e-13 1.0739703799e-12
3.0895996094e+02 1.6254167424e-12 5.4765041267e-13 1.0777663297e-12
3.0902099609e+02 1.6146749723e-12 5.4175114347e-13 1.0729238288e-12
3.0908203125e+02 1.6042835424e-12 5.4055586892e-13 1.0637276735e-12
3.0914306641e+02 1.6145083683e-12 5.4676761901e-13 1.0677407493e-12
3.0920410156e+02 1.6206262104e-12 5.5089742199e-13 1.0697287885e-12
3.0926513672e+02 1.6143826144e-12 5.4860104339e-13 1.0657815710e-12
3.0932617188e+02 1.6022071203e-12 5.4119123753e-13 1.0610158828e-12
3.0938720703e+02 1.6111106876e-12 5.4156420356e-13 1.0695464841e-12
3.0944824219e+02 1.6049305599e-12 5.4045364082e-13 1.0644769191e-12
3.0950927734e+02 1.5956527344e-12 5.4014412399e-13 1.0555086104e-12
3.0957031250e+02 1.5879919365e-12 5.3702513383e-13 1.0509668026e-12
3.0963134766e+02 1.6032456755e-12 5.4127084550e-13 1.0619748300e-12
3.0969238281e+02 1.6166424028e-12 5.4428926939e-13 1.0723531334e-12
3.0975341797e+02 1.6113893419e-12 5.4329922411e-13 1.0680901178e-12
3.0981445312e+02 1.6006617393e-12 5.4303618870e-13 1.0576255506e-12
3.0987548828e+02 1.6049436504e-12 5.4242822284e-13 1.0625154275e-12
3.0993652344e+02 1.5914912385e-12 5.3307705969e-13 1.0584141788e-12
3.0999755859e+02 1.6000723267e-12 5.3626246418e-13 1.0638098625e-12
3.1005859375e+02 1.6007823110e-12 5.4121451283e-13 1.0595677981e-12
3.1011962891e+02 1.6098655203e-12 5.4294343096e-13 1.0669220893e-12
3.1018066406e+02 1.6013668756e-12 5.3912728223e-13 1.0622395933e-12
3.1024169922e+02 1.6087824333e-12 5.4137320253e-13 1.0674092307e-12
3.1030273438e+02 1.6092166775e-12 5.4218304107e-13 1.0670336364e-12
3.1036376953e+02 1.5870990974e-12 5.3477486302e-13 1.0523242344e-12
3.1042480469e+02 1.5820865550e-12 5.3477885043e-13 1.0473077046e-12
3.1048583984e+02 1.5971560659e-12 5.4037920018e-13 1.0567768657e-12
3.1054687500e+02 1.5905892619e-12 5.3781347215e-13 1.0527757898e-12
3.1060791016e+02 1.5815851918e-12 5.3370926866e-13 1.0478759232e-12
3.1066894531e+02 1.5900606530e-12 5.3560042752e-13 1.0544602255e-12
3.1072998047e+02 1.5847641515e-12 5.3345477574e-13 1.0513093757e-12
3.1079101562e+02 1.5956498781e-12 5.3835683447e-13 1.0572930437e-12
3.1085205078e+02 1.6062308129e-12 5.4154443475e-13 1.0646863782e-12
3.1091308594e+02 1.5916555331e-12 5.3554566937e-13 1.0561098637e-12
3.1097412109e+02 1.5943529381e-12 5.3462407382e-13 1.0597288643e-12
3.1103515625e+02 1.6017540562e-12 5.3885181535e-13 1.0629022409e-12
3.1109619141e+02 1.5971177872e-12 5.3682417043e-13 1.0602936167e-12
3.1115722656e+02 1.5986608709e-12 5.3795778887e-13 1.0607030821e-12
3.1121826172e+02 1.5879449844e-12 5.3383051050e-13 1.0541144739e-12
3.1127929688e+02 1.5897336879e-12 5.3589642240e-13 1.0538372655e-12
3.1134033203e+02 1.5892709875e-12 5.3556550298e-13 1.0537054845e-12
3.1140136719e+02 1.5865908077e-12 5.3482576182e-13 1.0517650459e-12
3.1146240234e+02 1.5917550427e-12 5.3583428793e-13 1.0559207548e-12
3.1152343750e+02 1.5853746783e-12 5.3172909859e-13 1.0536455798e-12
3.1158447266e+02 1.5805664791e-12 5.3049999997e-13 1.0500664791e-12
3.1164550781e+02 1.5770390567e-12 5.3178922533e-13 1.0452498313e-12
3.1170654297e+02 1.5871048187e-12 5.3494013591e-13 1.0521646828e-12
3.1176757812e+02 1.5969823377e-12 5.3898402860e-13 1.0579983091e-12
3.1182861328e+02 1.5850778661e-12 5.3536655196e-13 1.0497113142e-12
3.1188964844e+02 1.5817774510e-12 5.3033906640e-13 1.0514383846e-12
3.1195068359e+02 1.5789956727e-12 5.3349402671e-13 1.0455016460e-12
3.1201171875e+02 1.5947914484e-12 5.3949564870e-13 1.0552957997e-12
3.1207275391e+02 1.6022854696e-12 5.4205652657e-13 1.0602289430e-12
3.1213378906e+02 1.5896122463e-12 5.3480566488e-13 1.0548065814e-12
3.1219482422e+02 1.5924486779e-12 5.3705321785e-13 1.0553954600e-12
3.1225585938e+02 1.5903711154e-12 5.3419781641e-13 1.0561732990e-12
3.1231689453e+02 1.5873829554e-12 5.3327812917e-13 1.0541048262e-12
3.1237792969e+02 1.5863362567e-12 5.3411371606e-13 1.0522225406e-12
3.1243896484e+02 1.5831954470e-12 5.3305085652e-13 1.0501445905e-12
3.1250000000e+02 1.5840363291e-12 5.3574275942e-13 1.0482935696e-12
3.1256103516e+02 1.5797617984e-12 5.3150978270e-13 1.0482520157e-12
3.1262207031e+02 1.5752379025e-12 5.2956820868e-13 1.0456696938e-12
3.1268310547e+02 1.5749768521e-12 5.3535381739e-13 1.0396230348e-12
3.1274414062e+02 1.5651206397e-12 5.3353811434e-13 1.0315825253e-12
3.1280517578e+02 1.5719946143e-12 5.3461947113e-13 1.0373751432e-12
3.1286621094e+02 1.5861451181e-12 5.3275409022e-13 1.0533910279e-12
3.1292724609e+02 1.5663089960e-12 5.2679955997e-13 1.0395094360e-12
3.1298828125e+02 1.5533847180e-12 5.2520820643e-13 1.0281765116e-12
3.1304931641e+02 1.5495383703e-12 5.2254536432e-13 1.0269930060e-12
3.1311035156e+02 1.5567547457e-12 5.2748262874e-13 1.0292721169e-12
3.1317138672e+02 1.5678044564e-12 5.3206188564e-13 1.0357425707e-12
3.1323242188e+02 1.5571560765e-12 5.2800606290e-13 1.0291500136e-12
3.1329345703e+02 1.5574945916e-12 5.2812069362e-13 1.0293738980e-12
3.1335449219e+02 1.5622525775e-12 5.2858340042e-13 1.0336691770e-12
3.1341552734e+02 1.5715273670e-12 5.3214228627e-13 1.0393850807e-12
3.1347656250e+02 1.5646863903e-12 5.2967326120e-13 1.0350131291e-12
3.1353759766e+02 1.5561457654e-12 5.2496044716e-13 1.0311853182e-12
3.1359863281e+02 1.5443980272e-12 5.2290687443e-13 1.0214911528e-12
3.1365966797e+02 1.5486055434e-12 5.2431911067e-13 1.0242864327e-12
3.1372070312e+02 1.5546569910e-12 5.2453287920e-13 1.0301241118e-12
3.1378173828e+02 1.5625609349e-12 5.2912957019e-13 1.0334313647e-12
3.1384277344e+02 1.5390089705e-12 5.2094554674e-13 1.0180634237e-12
3.1390380859e+02 1.5359264830e-12 5.1861904827e-13 1.0173074347e-12
3.1396484375e+02 1.5514700105e-12 5.2373205980e-13 1.0277379507e-12
3.1402587891e+02 1.5533663291e-12 5.2514336202e-13 1.0282229671e-12
3.1408691406e+02 1.5592332725e-12 5.2766429440e-13 1.0315689781e-12
3.1414794922e+02 1.5546018934e-12 5.2445354200e-13 1.0301483514e-12
3.1420898438e+02 1.5454299607e-12 5.2141367879e-13 1.0240162819e-12
3.1427001953e+02 1.5490150745e-12 5.2101029354e-13 1.0280047809e-12
3.1433105469e+02 1.5529813515e-12 5.2389782773e-13 1.0290835237e-12
3.1439208984e+02 1.5427697685e-12 5.2144769645e-13 1.0213220721e-12
3.1445312500e+02 1.5481659660e-12 5.2291704190e-13 1.0252489240e-12
3.1451416016e+02 1.5631550048e-12 5.2631858864e-13 1.0368364161e-12
3.1457519531e+02 1.5636162640e-12 5.2416718576e-13 1.0394490782e-12
3.1463623047e+02 1.5388893298e-12 5.1617807617e-13 1.0227112536e-12
3.1469726562e+02 1.5254526712e-12 5.1289128895e-13 1.0125613822e-12
3.1475830078e+02 1.5242313978e-12 5.1544741879e-13 1.0087839790e-12
3.1481933594e+02 1.5226677295e-12 5.1550294348e-13 1.0071647860e-12
3.1488037109e+02 1.5286951363e-12 5.1871059406e-13 1.0099845422e-12
3.1494140625e+02 1.5242979026e-12 5.1689798769e-13 1.0073999149e-12
3.1500244141e+02 1.5192452999e-12 5.1590295312e-13 1.0033423468e-12
3.1506347656e+02 1.5315074471e-12 5.1680320800e-13 1.0147042391e-12
3.1512451172e+02 1.5215741829e-12 5.1581117862e-13 1.0057630043e-12
3.1518554688e+02 1.5245342501e-12 5.1837736317e-13 1.0061568870e-12
3.1524658203e+02 1.5235904092e-12 5.1673740906e-13 1.0068530002e-12
3.1530761719e+02 1.5143295710e-12 5.1517029424e-13 9.9915927673e-13
3.1536865234e+02 1.5036035266e-12 5.0890409399e-13 9.9469943263e-13
3.1542968750e+02 1.5068756594e-12 5.1080334561e-13 9.9607231377e-13
3.1549072266e+02 1.5148875864e-12 5.1105626253e-13 1.0038313238e-12
3.1555175781e+02 1.5138586288e-12 5.1083973602e-13 1.0030188928e-12
3.1561279297e+02 1.5061060320e-12 5.0865156410e-13 9.9745446790e-13
3.1567382812e+02 1.5145070536e-12 5.1008784218e-13 1.0044192114e-12
3.1573486328e+02 1.5156714352e-12 5.1398855189e-13 1.0016828833e-12
3.1579589844e+02 1.5235791764e-12 5.1649076378e-13 1.0070884126e-12
3.1585693359e+02 1.5140273248e-12 5.1234482881e-13 1.0016824960e-12
3.1591796875e+02 1.5125313660e-12 5.1132645445e-13 1.0012049116e-12
3.1597900391e+02 1.5082206438e-12 5.1126611920e-13 9.9695452462e-13
3.1604003906e+02 1.5065258587e-12 5.1106694160e-13 9.9545891715e-13
3.1610107422e+02 1.5040245913e-12 5.1137139452e-13 9.9265319679e-13
3.1616210938e+02 1.4989387589e-12 5.1228455194e-13 9.8665420696e-13
3.1622314453e+02 1.4892265469e-12 5.0476286197e-13 9.8446368492e-13
3.1628417969e+02 1.4973067850e-12 5.0819247443e-13 9.8911431055e-13
3.1634521484e+02 1.5008174466e-12 5.0907855867e-13 9.9173888790e-13
3.1640625000e+02 1.5069302123e-12 5.0994934166e-13 9.9698087064e-13
3.1646728516e+02 1.5057899193e-12 5.0782546557e-13 9.9796445371e-13
3.1652832031e+02 1.4928663274e-12 5.0387728145e-13 9.8898904592e-13
3.1658935547e+02 1.5190751445e-12 5.1371526287e-13 1.0053598816e-12
3.1665039062e+02 1.5146853765e-12 5.1435895794e-13 1.0003264186e-12
3.1671142578e+02 1.5005728761e-12 5.0649283471e-13 9.9408004136e-13
3.1677246094e+02 1.4901289555e-12 5.0266568582e-13 9.8746326965e-13
3.1683349609e+02 1.4972129495e-12 5.0857060572e-13 9.8864234380e-13
3.1689453125e+02 1.4959838961e-12 5.0741697742e-13 9.8856691865e-13
3.1695556641e+02 1.4944128729e-12 5.0478713893e-13 9.8962573393e-13
3.1701660156e+02 1.4912830184e-12 5.0544388841e-13 9.8583912999e-13
3.1707763672e+02 1.4977572336e-12 5.0711823343e-13 9.9063900017e-13
3.1713867188e+02 1.4961370360e-12 5.0530108779e-13 9.9083594825e-13
3.1719970703e+02 1.4925174208e-12 5.0389083265e-13 9.8862658815e-13
3.1726074219e+02 1.4947981297e-12 5.0403067497e-13 9.9076745471e-13
3.1732177734e+02 1.5016235509e-12 5.0378677612e-13 9.9783677478e-13
3.1738281250e+02 1.4914434400e-12 5.0152947196e-13 9.8991396805e-13
3.1744384766e+02 1.4867618714e-12 5.0180215545e-13 9.8495971593e-13
3.1750488281e+02 1.4942582407e-12 5.0723441578e-13 9.8702382490e-13
3.1756591797e+02 1.5055204806e-12 5.0965391128e-13 9.9586656931e-13
3.1762695312e+02 1.5010737046e-12 5.0646776821e-13 9.9460593642e-13
3.1768798828e+02 1.4941342339e-12 5.0524337282e-13 9.8889086108e-13
3.1774902344e+02 1.4894163392e-12 5.0435526939e-13 9.8506106985e-13
3.1781005859e+02 1.5053580267e-12 5.0789590551e-13 9.9746212117e-13
3.1787109375e+02 1.5124567900e-12 5.0889558638e-13 1.0035612036e-12
3.1793212891e+02 1.5007489261e-12 5.0749857310e-13 9.9325035304e-13
3.1799316406e+02 1.4859073714e-12 5.0160235655e-13 9.8430501489e-13
3.1805419922e+02 1.4869098949e-12 5.0224970473e-13 9.8466019014e-13
3.1811523438e+02 1.4921371572e-12 5.0558247512e-13 9.8655468205e-13
3.1817626953e+02 1.4950375265e-12 5.0347888360e-13 9.9155864291e-13
3.1823730469e+02 1.4887470897e-12 5.0020462332e-13 9.8854246638e-13
3.1829833984e+02 1.4933975295e-12 5.0161642157e-13 9.9178110796e-13
3.1835937500e+02 1.4913458096e-12 5.0120968760e-13 9.9013612202e-13
3.1842041016e+02 1.4894800064e-12 5.0176664068e-13 9.8771336569e-13
3.1848144531e+02 1.5049033786e-12 5.0769813783e-13 9.9720524073e-13
3.1854248047e+02 1.4955905271e-12 5.0255441421e-13 9.9303611287e-13
3.1860351562e+02 1.4952136075e-12 5.0631198711e-13 9.8890162042e-13
3.1866455078e+02 1.4866540752e-12 5.0385431515e-13 9.8279976005e-13
3.1872558594e+02 1.4807718223e-12 4.9982952152e-13 9.8094230083e-13
3.1878662109e+02 1.4814484533e-12 5.0034105666e-13 9.8110739663e-13
3.1884765625e+02 1.4851093365e-12 5.0220345803e-13 9.8290587849e-13
3.1890869141e+02 1.4817846839e-12 5.0028496646e-13 9.8149971746e-13
3.1896972656e+02 1.4883294142e-12 5.0292093098e-13 9.8540848324e-13
3.1903076172e+02 1.4945573677e-12 5.0268542974e-13 9.9187193791e-13
3.1909179688e+02 1.4865047257e-12 4.9914247083e-13 9.8736225489e-13
3.1915283203e+02 1.4798554100e-12 4.9592905625e-13 9.8392635380e-13
3.1921386719e+02 1.4912794451e-12 5.0092757208e-13 9.9035187299e-13
3.1927490234e+02 1.5025131009e-12 5.0518430013e-13 9.9732880074e-13
3.1933593750e+02 1.4932341214e-12 5.0626723815e-13 9.8696688323e-13
3.1939697266e+02 1.4852755978e-12 5.0181851343e-13 9.8345708438e-13
3.1945800781e+02 1.4882906788e-12 5.0051976929e-13 9.8777090949e-13
3.1951904297e+02 1.4894721037e-12 5.0112130558e-13 9.8835079809e-13
3.1958007812e+02 1.4892502563e-12 5.0039298751e-13 9.8885726881e-13
3.1964111328e+02 1.4942473073e-12 5.0200523078e-13 9.9224207652e-13
3.1970214844e+02 1.4928959412e-12 5.0577968526e-13 9.8711625591e-13
3.1976318359e+02 1.4951665280e-12 5.0365015732e-13 9.9151637063e-13
3.1982421875e+02 1.4815073672e-12 5.0194762772e-13 9.7955973948e-13
3.1988525391e+02 1.4807927757e-12 5.0021685436e-13 9.8057592137e-13
3.1994628906e+02 1.4871734431e-12 5.0284630720e-13 9.8432713594e-13
3.2000732422e+02 1.4876252292e-12 5.0276093969e-13 9.8486428955e-13
3.2006835938e+02 1.4856539271e-12 5.0400608131e-13 9.8164784581e-13
3.2012939453e+02 1.4834107724e-12 4.9933852276e-13 9.8407224965e-13
3.2019042969e+02 1.4747689097e-12 4.9483418666e-13 9.7993472302e-13
3.2025146484e+02 1.4645872206e-12 4.9430662653e-13 9.7028059409e-13
3.2031250000e+02 1.4728863414e-12 4.9729259410e-13 9.7559374729e-13
3.2037353516e+02 1.4819094450e-12 5.0045001823e-13 9.8145942676e-13
3.2043457031e+02 1.4797439962e-12 5.0139425230e-13 9.7834974392e-13
3.2049560547e+02 1.4715194098e-12 4.9484507833e-13 9.7667433145e-13
3.2055664062e+02 1.4592535994e-12 4.9037380085e-13 9.6887979860e-13
3.2061767578e+02 1.4662865746e-12 4.9605158941e-13 9.7023498520e-13
3.2067871094e+02 1.4643505773e-12 4.9602911369e-13 9.6832146359e-13
3.2073974609e+02 1.4709254026e-12 4.9632952305e-13 9.7459587956e-13
3.2080078125e+02 1.4715731602e-12 4.9631169818e-13 9.7526146204e-13
3.2086181641e+02 1.4651607986e-12 4.9197427909e-13 9.7318651954e-13
3.2092285156e+02 1.4677954541e-12 4.9266135362e-13 9.7513410044e-13
3.2098388672e+02 1.4684794669e-12 4.9628922520e-13 9.7219024167e-13
3.2104492188e+02 1.4630397838e-12 4.9454140023e-13 9.6849838356e-13
3.2110595703e+02 1.4590887851e-12 4.9338163682e-13 9.6570714824e-13
3.2116699219e+02 1.4575080278e-12 4.9146370685e-13 9.6604432097e-13
3.2122802734e+02 1.4513830136e-12 4.8836163650e-13 9.6302137707e-13
3.2128906250e+02 1.4497374714e-12 4.8857265155e-13 9.6116481984e-13
3.2135009766e+02 1.4566222987e-12 4.8933376983e-13 9.6728852889e-13
3.2141113281e+02 1.4558949348e-12 4.8822579680e-13 9.6766913799e-13
3.2147216797e+02 1.4580200778e-12 4.9097768761e-13 9.6704239023e-13
3.2153320312e+02 1.4523117961e-12 4.9010074821e-13 9.6221104790e-13
3.2159423828e+02 1.4390798207e-12 4.8730541993e-13 9.5177440076e-13
3.2165527344e+02 1.4464731285e-12 4.8873463805e-13 9.5773849048e-13
3.2171630859e+02 1.4582623450e-12 4.9333880592e-13 9.6492353906e-13
3.2177734375e+02 1.4612164404e-12 4.9584416986e-13 9.6537227056e-13
3.2183837891e+02 1.4572638129e-12 4.9202495984e-13 9.6523885306e-13
3.2189941406e+02 1.4496504770e-12 4.8788673266e-13 9.6176374431e-13
3.2196044922e+02 1.4450264584e-12 4.8828495954e-13 9.5674149882e-13
3.2202148438e+02 1.4290545244e-12 4.8560480126e-13 9.4344972317e-13
3.2208251953e+02 1.4335467697e-12 4.8528756282e-13 9.4825920690e-13
3.2214355469e+02 1.4442923960e-12 4.8596401796e-13 9.5832837806e-13
3.2220458984e+02 1.4325690864e-12 4.8337264288e-13 9.4919644352e-13
3.2226562500e+02 1.4370268053e-12 4.8504481921e-13 9.5198198611e-13
3.2232666016e+02 1.4512624113e-12 4.9124929799e-13 9.6001311332e-13
3.2238769531e+02 1.4468071934e-12 4.8851099243e-13 9.5829620099e-13
3.2244873047e+02 1.4308710851e-12 4.8342060256e-13 9.4745048250e-13
3.2250976562e+02 1.4247363618e-12 4.8278935875e-13 9.4194700302e-13
3.2257080078e+02 1.4374344053e-12 4.8495649052e-13 9.5247791480e-13
3.2263183594e+02 1.4371521374e-12 4.8319892570e-13 9.5395321175e-13
3.2269287109e+02 1.4292462090e-12 4.8241146201e-13 9.4683474700e-13
3.2275390625e+02 1.4391286520e-12 4.8413319753e-13 9.5499545452e-13
3.2281494141e+02 1.4367832078e-12 4.8420901351e-13 9.5257419434e-13
3.2287597656e+02 1.4287731476e-12 4.8146606541e-13 9.4730708215e-13
3.2293701172e+02 1.4248182487e-12 4.8141988480e-13 9.4339836389e-13
3.2299804688e+02 1.4324859050e-12 4.8572903654e-13 9.4675686845e-13
3.2305908203e+02 1.4284153651e-12 4.8413728717e-13 9.4427807788e-13
3.2312011719e+02 1.4295644692e-12 4.8319972608e-13 9.4636474311e-13
3.2318115234e+02 1.4232459801e-12 4.7888192946e-13 9.4436405062e-13
3.2324218750e+02 1.4264996201e-12 4.7753737698e-13 9.4896224309e-13
3.2330322266e+02 1.4318226858e-12 4.8299776248e-13 9.4882492334e-13
3.2336425781e+02 1.4324536641e-12 4.8536391912e-13 9.4708974495e-13
3.2342529297e+02 1.4331338406e-12 4.8334007943e-13 9.4979376120e-13
3.2348632812e+02 1.4347050435e-12 4.8247742248e-13 9.5222762104e-13
3.2354736328e+02 1.4174770938e-12 4.7568277338e-13 9.4179432041e-13
3.2360839844e+02 1.4038637584e-12 4.7087009827e-13 9.3299366013e-13
3.2366943359e+02 1.4171387469e-12 4.8091301842e-13 9.3622572846e-13
3.2373046875e+02 1.4164958914e-12 4.8041145949e-13 9.3608443196e-13
3.2379150391e+02 1.4218251882e-12 4.8193463962e-13 9.3989054862e-13
3.2385253906e+02 1.4265409783e-12 4.8234215626e-13 9.4419882208e-13
3.2391357422e+02 1.4233961931e-12 4.8014741195e-13 9.4324878115e-13
3.2397460938e+02 1.4066962158e-12 4.7628759094e-13 9.3040862491e-13
3.2403564453e+02 1.4146655753e-12 4.7803977486e-13 9.3662580047e-13
3.2409667969e+02 1.4149649078e-12 4.7886968491e-13 9.3609522293e-13
3.2415771484e+02 1.4090994793e-12 4.7519717103e-13 9.3390230827e-13
3.2421875000e+02 1.3990757280e-12 4.7335701866e-13 9.2571870936e-13
3.2427978516e+02 1.4024990924e-12 4.7467075037e-13 9.2782834200e-13
3.2434082031e+02 1.3977560041e-12 4.7290316502e-13 9.2485283907e-13
3.2440185547e+02 1.3955573308e-12 4.7362948875e-13 9.2192784209e-13
3.2446289062e+02 1.4080051775e-12 4.7516097492e-13 9.3284420260e-13
3.2452392578e+02 1.4115964658e-12 4.7773615370e-13 9.3386031214e-13
3.2458496094e+02 1.4077591111e-12 4.7869897498e-13 9.2906013609e-13
3.2464599609e+02 1.4050147839e-12 4.7454260001e-13 9.3047218386e-13
3.2470703125e+02 1.3988929700e-12 4.7180799155e-13 9.2708497845e-13
3.2476806641e+02 1.4015273775e-12 4.7507715415e-13 9.2645022331e-13
3.2482910156e+02 1.4084727124e-12 4.7850419776e-13 9.2996851461e-13
3.2489013672e+02 1.4070988205e-12 4.7605066295e-13 9.3104815755e-13
3.2495117188e+02 1.4014167820e-12 4.7163042564e-13 9.2978635632e-13
3.2501220703e+02 1.4036461477e-12 4.7171912567e-13 9.3192702199e-13
3.2507324219e+02 1.4027494406e-12 4.7268468129e-13 9.3006475928e-13
3.2513427734e+02 1.4071834282e-12 4.7669019595e-13 9.3049323229e-13
3.2519531250e+02 1.4124779703e-12 4.7528601909e-13 9.3719195125e-13
3.2525634766e+02 1.4147233847e-12 4.7549293802e-13 9.3923044673e-13
3.2531738281e+02 1.4060320962e-12 4.7427103918e-13 9.3176105701e-13
3.2537841797e+02 1.4031864324e-12 4.7514508085e-13 9.2804135158e-13
3.2543945312e+02 1.3920184138e-12 4.7296389541e-13 9.1905451842e-13
3.2550048828e+02 1.3931564345e-12 4.7158383731e-13 9.2157259722e-13
3.2556152344e+02 1.4031370870e-12 4.7487315510e-13 9.2826393187e-13
3.2562255859e+02 1.4164129427e-12 4.8027251316e-13 9.3614042956e-13
3.2568359375e+02 1.4021418903e-12 4.7604767493e-13 9.2609421538e-13
3.2574462891e+02 1.3922675463e-12 4.7228617904e-13 9.1998136721e-13
3.2580566406e+02 1.3911242744e-12 4.7178913631e-13 9.1933513808e-13
3.2586669922e+02 1.3857977484e-12 4.6953891358e-13 9.1625883479e-13
3.2592773438e+02 1.3904048662e-12 4.7041978687e-13 9.1998507937e-13
3.2598876953e+02 1.3952542351e-12 4.7116167863e-13 9.2409255651e-13
3.2604980469e+02 1.3914066218e-12 4.7315146765e-13 9.1825515418e-13
3.2611083984e+02 1.3923733228e-12 4.7349483677e-13 9.1887848604e-13
3.2617187500e+02 1.3825610428e-12 4.6830113794e-13 9.1425990487e-13
3.2623291016e+02 1.3837133472e-12 4.6815933280e-13 9.1555401440e-13
3.2629394531e+02 1.3794858163e-12 4.6666411792e-13 9.1282169841e-13
3.2635498047e+02 1.3746330205e-12 4.6473883561e-13 9.0989418490e-13
3.2641601562e+02 1.3731245216e-12 4.6330661843e-13 9.0981790315e-13
3.2647705078e+02 1.3732593426e-12 4.6295950549e-13 9.1029983712e-13
3.2653808594e+02 1.3728468666e-12 4.6664135820e-13 9.0620550844e-13
3.2659912109e+02 1.3686063999e-12 4.6548743697e-13 9.0311896295e-13
3.2666015625e+02 1.3629414046e-12 4.5951931832e-13 9.0342208632e-13
3.2672119141e+02 1.3669513911e-12 4.6172907387e-13 9.0522231720e-13
3.2678222656e+02 1.3734848039e-12 4.6593095705e-13 9.0755384682e-13
3.2684326172e+02 1.3816143113e-12 4.6882095990e-13 9.1279335139e-13
3.2690429688e+02 1.3853719704e-12 4.6924874914e-13 9.1612322127e-13
3.2696533203e+02 1.3819471068e-12 4.6472961305e-13 9.1721749375e-13
3.2702636719e+02 1.3779474840e-12 4.6414026368e-13 9.1380722030e-13
3.2708740234e+02 1.3818440929e-12 4.6828248590e-13 9.1356160697e-13
3.2714843750e+02 1.3684147914e-12 4.6220076520e-13 9.0621402620e-13
3.2720947266e+02 1.3652718238e-12 4.6081019422e-13 9.0446162957e-13
3.2727050781e+02 1.3769963720e-12 4.6401540862e-13 9.1298096341e-13
3.2733154297e+02 1.3660850782e-12 4.6492677519e-13 9.0115830298e-13
3.2739257812e+02 1.3634673648e-12 4.6596589017e-13 8.9750147467e-13
3.2745361328e+02 1.3694103386e-12 4.6578133717e-13 9.0362900142e-13
3.2751464844e+02 1.3666655444e-12 4.6245029659e-13 9.0421524782e-13
3.2757568359e+02 1.3684492899e-12 4.6267437833e-13 9.0577491160e-13
3.2763671875e+02 1.3648931012e-12 4.5885840731e-13 9.0603469384e-13
3.2769775391e+02 1.3641411386e-12 4.6136188011e-13 9.0277925852e-13
3.2775878906e+02 1.3710880339e-12 4.6287143802e-13 9.0821659586e-13
3.2781982422e+02 1.3664250025e-12 4.6095981231e-13 9.0546519017e-13
3.2788085938e+02 1.3623724005e-12 4.6087988964e-13 9.0149251089e-13
3.2794189453e+02 1.3695693121e-12 4.6438872101e-13 9.0518059110e-13
3.2800292969e+02 1.3613802657e-12 4.6013211927e-13 9.0124814642e-13
3.2806396484e+02 1.3592197069e-12 4.6217258446e-13 8.9704712241e-13
3.2812500000e+02 1.3602436997e-12 4.5981334534e-13 9.0043035434e-13
3.2818603516e+02 1.3625643620e-12 4.6127007710e-13 9.0129428486e-13
3.2824707031e+02 1.3521697699e-12 4.5764771283e-13 8.9452205712e-13
3.2830810547e+02 1.3541095810e-12 4.5763893476e-13 8.9647064623e-13
3.2836914062e+02 1.3614175801e-12 4.5926772467e-13 9.0214985541e-13
3.2843017578e+02 1.3490520763e-12 4.5766627517e-13 8.9138580112e-13
3.2849121094e+02 1.3554351888e-12 4.6187575950e-13 8.9355942932e-13
3.2855224609e+02 1.3480033264e-12 4.5785768185e-13 8.9014564459e-13
3.2861328125e+02 1.3504834918e-12 4.5572302468e-13 8.9476046711e-13
3.2867431641e+02 1.3517219504e-12 4.5685647785e-13 8.9486547257e-13
3.2873535156e+02 1.3525313481e-12 4.5685997988e-13 8.9567136819e-13
3.2879638672e+02 1.3507687914e-12 4.5763933529e-13 8.9312945611e-13
3.2885742188e+02 1.3579936471e-12 4.5877225023e-13 8.9922139688e-13
3.2891845703e+02 1.3559728744e-12 4.5819208734e-13 8.9778078706e-13
3.2897949219e+02 1.3531447689e-12 4.5824971882e-13 8.9489505012e-13
3.2904052734e+02 1.3484137969e-12 4.5584326035e-13 8.9257053654e-13
3.2910156250e+02 1.3502559757e-12 4.5508596005e-13 8.9517001568e-13
3.2916259766e+02 1.3573435351e-12 4.5984316352e-13 8.9750037156e-13
3.2922363281e+02 1.3488329067e-12 4.5750356248e-13 8.9132934424e-13
3.2928466797e+02 1.3488114149e-12 4.5732076058e-13 8.9149065433e-13
3.2934570312e+02 1.3538807987e-12 4.5704571561e-13 8.9683508313e-13
3.2940673828e+02 1.3621182490e-12 4.6062932414e-13 9.0148892487e-13
3.2946777344e+02 1.3488551447e-12 4.5446737541e-13 8.9438776930e-13
3.2952880859e+02 1.3416682469e-12 4.5164105122e-13 8.9002719567e-13
3.2958984375e+02 1.3511711881e-12 4.5654314826e-13 8.9462803979e-13
3.2965087891e+02 1.3540796583e-12 4.5629111131e-13 8.9778854700e-13
3.2971191406e+02 1.3475908903e-12 4.5536209524e-13 8.9222879507e-13
3.2977294922e+02 1.3527658533e-12 4.5610503998e-13 8.9666081327e-13
3.2983398438e+02 1.3572021144e-12 4.5769947326e-13 8.9950264109e-13
3.2989501953e+02 1.3456371016e-12 4.5677665670e-13 8.8886044490e-13
3.2995605469e+02 1.3407126667e-12 4.5718248649e-13 8.8353018021e-13
3.3001708984e+02 1.3420259228e-12 4.5478281653e-13 8.8724310622e-13
3.3007812500e+02 1.3441638836e-12 4.5513531524e-13 8.8902856833e-13
3.3013916016e+02 1.3519532366e-12 4.5687960373e-13 8.9507363289e-13
3.3020019531e+02 1.3540366342e-12 4.5980316150e-13 8.9423347266e-13
3.3026123047e+02 1.3555188026e-12 4.6068419835e-13 8.9483460422e-13
3.3032226562e+02 1.3453541279e-12 4.5569907874e-13 8.8965504917e-13
3.3038330078e+02 1.3314693589e-12 4.5177789154e-13 8.7969146739e-13
3.3044433594e+02 1.3355505984e-12 4.5330032700e-13 8.8225027142e-13
3.3050537109e+02 1.3308420375e-12 4.5219228016e-13 8.7864975739e-13
3.3056640625e+02 1.3352689890e-12 4.5275801279e-13 8.8251097619e-13
3.3062744141e+02 1.3375293996e-12 4.5477439459e-13 8.8275500497e-13
3.3068847656e+02 1.3402899720e-12 4.5276110097e-13 8.8752887101e-13
3.3074951172e+02 1.3300402510e-12 4.5021038134e-13 8.7982986967e-13
3.3081054688e+02 1.3239150304e-12 4.4880273291e-13 8.7511229749e-13
3.3087158203e+02 1.3373002023e-12 4.5271380792e-13 8.8458639439e-13
3.3093261719e+02 1.3336241900e-12 4.5205479299e-13 8.8156939705e-13
3.3099365234e+02 1.3367882422e-12 4.5413091204e-13 8.8265733016e-13
3.3105468750e+02 1.3289079240e-12 4.4992767201e-13 8.7898025196e-13
3.3111572266e+02 1.3264255390e-12 4.4961955381e-13 8.7680598518e-13
3.3117675781e+02 1.3305601899e-12 4.4966479796e-13 8.8089539194e-13
3.3123779297e+02 1.3210515581e-12 4.4736358074e-13 8.7368797741e-13
3.3129882812e+02 1.3265366691e-12 4.4861726842e-13 8.7791940071e-13
3.3135986328e+02 1.3315707049e-12 4.5131844180e-13 8.8025226313e-13
3.3142089844e+02 1.3306521124e-12 4.5053849177e-13 8.8011362061e-13
3.3148193359e+02 1.3251662339e-12 4.4707097539e-13 8.7809525855e-13
3.3154296875e+02 1.3253352166e-12 4.4710790145e-13 8.7822731518e-13
3.3160400391e+02 1.3235073183e-12 4.4565682904e-13 8.7785048922e-13
3.3166503906e+02 1.3226137319e-12 4.4608665136e-13 8.7652708053e-13
3.3172607422e+02 1.3189293404e-12 4.4512572992e-13 8.7380361047e-13
3.3178710938e+02 1.3205761130e-12 4.4384033700e-13 8.7673577602e-13
3.3184814453e+02 1.3152126653e-12 4.4509557346e-13 8.7011709183e-13
3.3190917969e+02 1.3197052841e-12 4.4689943967e-13 8.7280584446e-13
3.3197021484e+02 1.3256116959e-12 4.4679287086e-13 8.7881882509e-13
3.3203125000e+02 1.3196383955e-12 4.4726790582e-13 8.7237048971e-13
3.3209228516e+02 1.3174836150e-12 4.4539307387e-13 8.7209054112e-13
3.3215332031e+02 1.3103342346e-12 4.4360638499e-13 8.6672784965e-13
3.3221435547e+02 1.3080820556e-12 4.4407006438e-13 8.6401199124e-13
3.3227539062e+02 1.3012788653e-12 4.3977692554e-13 8.6150193972e-13
3.3233642578e+02 1.2969559843e-12 4.3865286290e-13 8.5830312138e-13
3.3239746094e+02 1.3008075407e-12 4.4138922101e-13 8.5941831967e-13
3.3245849609e+02 1.3023076977e-12 4.3987903163e-13 8.6242866610e-13
3.3251953125e+02 1.3157590462e-12 4.4622513455e-13 8.6953391161e-13
3.3258056641e+02 1.3154337026e-12 4.4828272497e-13 8.6715097762e-13
3.3264160156e+02 1.3096275295e-12 4.4411179378e-13 8.6551573572e-13
3.3270263672e+02 1.3090913808e-12 4.4261033350e-13 8.6648104735e-13
3.3276367188e+02 1.3180930395e-12 4.4422091452e-13 8.7387212501e-13
3.3282470703e+02 1.3179729430e-12 4.4377925072e-13 8.7419369229e-13
3.3288574219e+02 1.3042488076e-12 4.4212057714e-13 8.6212823042e-13
3.3294677734e+02 1.2948763716e-12 4.3840831941e-13 8.5646805221e-13
3.3300781250e+02 1.3000482524e-12 4.4134922580e-13 8.5869902664e-13
3.3306884766e+02 1.3004375731e-12 4.4072259439e-13 8.5971497870e-13
3.3312988281e+02 1.2927240948e-12 4.3605014729e-13 8.5667394747e-13
3.3319091797e+02 1.2918290391e-12 4.3870892734e-13 8.5312011174e-13
3.3325195312e+02 1.2991674996e-12 4.4129808861e-13 8.5786941103e-13
3.3331298828e+02 1.3015923365e-12 4.3962704564e-13 8.6196529087e-13
3.3337402344e+02 1.2994415111e-12 4.3772495359e-13 8.6171655749e-13
3.3343505859e+02 1.2964165110e-12 4.3862173079e-13 8.5779478020e-13
3.3349609375e+02 1.2991152674e-12 4.3877009650e-13 8.6034517094e-13
3.3355712891e+02 1.2972646838e-12 4.4013840967e-13 8.5712627417e-13
3.3361816406e+02 1.2955716049e-12 4.3846892988e-13 8.5710267504e-13
3.3367919922e+02 1.2980869336e-12 4.3646523566e-13 8.6162169793e-13
3.3374023438e+02 1.2900001561e-12 4.3549211547e-13 8.5450804068e-13
3.3380126953e+02 1.2848091992e-12 4.3423549303e-13 8.5057370614e-13
3.3386230469e+02 1.2845201474e-12 4.3559101571e-13 8.4892913165e-13
3.3392333984e+02 1.2789259321e-12 4.3375269597e-13 8.4517323618e-13
3.3398437500e+02 1.2852927357e-12 4.3643647398e-13 8.4885626172e-13
3.3404541016e+02 1.2864157992e-12 4.3845377594e-13 8.4796202324e-13
3.3410644531e+02 1.2882899890e-12 4.3799668101e-13 8.5029330801e-13
3.3416748047e+02 1.2843888678e-12 4.3591548126e-13 8.4847338651e-13
3.3422851562e+02 1.2801891724e-12 4.3249576617e-13 8.4769340623e-13
3.3428955078e+02 1.2911879279e-12 4.3666266067e-13 8.5452526723e-13
3.3435058594e+02 1.3014031708e-12 4.3946841966e-13 8.6193475119e-13
3.3441162109e+02 1.2948182599e-12 4.3798155596e-13 8.5683670397e-13
3.3447265625e+02 1.2827546943e-12 4.3423417676e-13 8.4852051751e-13
3.3453369141e+02 1.2841305544e-12 4.3438681568e-13 8.4974373872e-13
3.3459472656e+02 1.2796096745e-12 4.3364154854e-13 8.4596812593e-13
3.3465576172e+02 1.2784799980e-12 4.3273822982e-13 8.4574176821e-13
3.3471679688e+02 1.2812599810e-12 4.3415979243e-13 8.4710018855e-13
3.3477783203e+02 1.2746570696e-12 4.3324334187e-13 8.4141372777e-13
3.3483886719e+02 1.2750968458e-12 4.3225985192e-13 8.4283699391e-13
3.3489990234e+02 1.2848697917e-12 4.3429972098e-13 8.5057007076e-13
3.3496093750e+02 1.2933560482e-12 4.3728110858e-13 8.5607493958e-13
3.3502197266e+02 1.2875175879e-12 4.3596745741e-13 8.5155013044e-13
3.3508300781e+02 1.2832230594e-12 4.3316896029e-13 8.5005409906e-13
3.3514404297e+02 1.2838832957e-12 4.3329103412e-13 8.5059226154e-13
3.3520507812e+02 1.2823515048e-12 4.3217678424e-13 8.5017472053e-13
3.3526611328e+02 1.2787664591e-12 4.3148716884e-13 8.4727929025e-13
3.3532714844e+02 1.2800240468e-12 4.3150844500e-13 8.4851560175e-13
3.3538818359e+02 1.2791235012e-12 4.3029260811e-13 8.4883089306e-13
3.3544921875e+02 1.2737676916e-12 4.2910211049e-13 8.4466558113e-13
3.3551025391e+02 1.2598083985e-12 4.2632976864e-13 8.3347862986e-13
3.3557128906e+02 1.2679549022e-12 4.2938696867e-13 8.3856793350e-13
3.3563232422e+02 1.2788060577e-12 4.3274583992e-13 8.4606021776e-13
3.3569335938e+02 1.2886182037e-12 4.3786012324e-13 8.5075808048e-13
3.3575439453e+02 1.2781555434e-12 4.3291829036e-13 8.4523725304e-13
3.3581542969e+02 1.2857429602e-12 4.3536990237e-13 8.5037305781e-13
3.3587646484e+02 1.2768996998e-12 4.3267231060e-13 8.4422738920e-13
3.3593750000e+02 1.2807808993e-12 4.3253244833e-13 8.4824845095e-13
3.3599853516e+02 1.2791234767e-12 4.3142926077e-13 8.4769421591e-13
3.3605957031e+02 1.2698663885e-12 4.3023739675e-13 8.3962899177e-13
3.3612060547e+02 1.2771043080e-12 4.3302123533e-13 8.4408307265e-13
3.3618164062e+02 1.2768430139e-12 4.3243705551e-13 8.4440595840e-13
3.3624267578e+02 1.2740104263e-12 4.3238379047e-13 8.4162663582e-13
3.3630371094e+02 1.2818148122e-12 4.3817582895e-13 8.4363898327e-13
3.3636474609e+02 1.2732192967e-12 4.3375571260e-13 8.3946358413e-13
3.3642578125e+02 1.2696944606e-12 4.2866883174e-13 8.4102562890e-13
3.3648681641e+02 1.2699923674e-12 4.2792645475e-13 8.4206591263e-13
3.3654785156e+02 1.2678189302e-12 4.2824791365e-13 8.3957101657e-13
3.3660888672e+02 1.2675704477e-12 4.2808026657e-13 8.3949018108e-13
3.3666992188e+02 1.2673000657e-12 4.2618319501e-13 8.4111687064e-13
3.3673095703e+02 1.2690002292e-12 4.2801878598e-13 8.4098144322e-13
3.3679199219e+02 1.2704381441e-12 4.2924368341e-13 8.4119446067e-13
3.3685302734e+02 1.2778828952e-12 4.3223550602e-13 8.4564738922e-13
3.3691406250e+02 1.2763342336e-12 4.3233197874e-13 8.4400225482e-13
3.3697509766e+02 1.2817812309e-12 4.3314313188e-13 8.4863809904e-13
3.3703613281e+02 1.2682835523e-12 4.2777123787e-13 8.4051231446e-13
3.3709716797e+02 1.2654834843e-12 4.2701614178e-13 8.3846734250e-13
3.3715820312e+02 1.2795012382e-12 4.2952852667e-13 8.4997271148e-13
3.3721923828e+02 1.2763615415e-12 4.3004933178e-13 8.4631220975e-13
3.3728027344e+02 1.2756846135e-12 4.3010521955e-13 8.4557939396e-13
3.3734130859e+02 1.2733085714e-12 4.3020801938e-13 8.4310055198e-13
3.3740234375e+02 1.2716736016e-12 4.2838961800e-13 8.4328398359e-13
3.3746337891e+02 1.2722816943e-12 4.3092717311e-13 8.4135452120e-13
3.3752441406e+02 1.2745741121e-12 4.3332199295e-13 8.4125211915e-13
3.3758544922e+02 1.2782427964e-12 4.3284680557e-13 8.4539599084e-13
3.3764648438e+02 1.2798975551e-12 4.3279222401e-13 8.4710533110e-13
3.3770751953e+02 1.2793746006e-12 4.2993876075e-13 8.4943583981e-13
3.3776855469e+02 1.2700416801e-12 4.2531496539e-13 8.4472671469e-13
3.3782958984e+02 1.2665085121e-12 4.2538215251e-13 8.4112635964e-13
3.3789062500e+02 1.2637760994e-12 4.2691033337e-13 8.3686576602e-13
3.3795166016e+02 1.2562714609e-12 4.2561309216e-13 8.3065836870e-13
3.3801269531e+02 1.2498658893e-12 4.2338435814e-13 8.2648153111e-13
3.3807373047e+02 1.2683277791e-12 4.2836711135e-13 8.3996066772e-13
3.3813476562e+02 1.2735952669e-12 4.2783945005e-13 8.4575581689e-13
3.3819580078e+02 1.2695256951e-12 4.2401456880e-13 8.4551112633e-13
3.3825683594e+02 1.2598484808e-12 4.2334759408e-13 8.3650088670e-13
3.3831787109e+02 1.2576515274e-12 4.2497568635e-13 8.3267584109e-13
3.3837890625e+02 1.2577611907e-12 4.2345735834e-13 8.3430383235e-13
3.3843994141e+02 1.2567270182e-12 4.2608250861e-13 8.3064450959e-13
3.3850097656e+02 1.2596823924e-12 4.2640998823e-13 8.3327240417e-13
3.3856201172e+02 1.2630896239e-12 4.2690231782e-13 8.3618730604e-13
3.3862304688e+02 1.2597175485e-12 4.2407466465e-13 8.3564288387e-13
3.3868408203e+02 1.2597768789e-12 4.2390360993e-13 8.3587326898e-13
3.3874511719e+02 1.2480182776e-12 4.2243782808e-13 8.2558044949e-13
3.3880615234e+02 1.2573454801e-12 4.2481471753e-13 8.3253076260e-13
3.3886718750e+02 1.2652615285e-12 4.2899988773e-13 8.3626164075e-13
3.3892822266e+02 1.2568469510e-12 4.2492069484e-13 8.3192625618e-13
3.3898925781e+02 1.2505788102e-12 4.2577927670e-13 8.2479953354e-13
3.3905029297e+02 1.2513281516e-12 4.2474899392e-13 8.2657915767e-13
3.3911132812e+02 1.2490119579e-12 4.2347634002e-13 8.2553561786e-13
3.3917236328e+02 1.2612992867e-12 4.2721785087e-13 8.3408143584e-13
3.3923339844e+02 1.2599970395e-12 4.2603609599e-13 8.3396094348e-13
3.3929443359e+02 1.2568375988e-12 4.2489247787e-13 8.3194512090e-13
3.3935546875e+02 1.2602578983e-12 4.2684387244e-13 8.3341402590e-13
3.3941650391e+02 1.2555214699e-12 4.2640546423e-13 8.2911600567e-13
3.3947753906e+02 1.2397657781e-12 4.2050197158e-13 8.1926380651e-13
3.3953857422e+02 1.2430908813e-12 4.2370204247e-13 8.1938883880e-13
3.3959960938e+02 1.2460097584e-12 4.2476549435e-13 8.2124426403e-13
3.3966064453e+02 1.2463309764e-12 4.2267455031e-13 8.2365642609e-13
3.3972167969e+02 1.2378039947e-12 4.1810817104e-13 8.1969582364e-13
3.3978271484e+02 1.2410147976e-12 4.1836594209e-13 8.2264885553e-13
3.3984375000e+02 1.2477691224e-12 4.2229387224e-13 8.2547525014e-13
3.3990478516e+02 1.2426004408e-12 4.2340208903e-13 8.1919835177e-13
3.3996582031e+02 1.2335399747e-12 4.1891339887e-13 8.1462657583e-13
3.4002685547e+02 1.2475799007e-12 4.2055802433e-13 8.2702187633e-13
3.4008789062e+02 1.2432563168e-12 4.1923868870e-13 8.2401762808e-13
3.4014892578e+02 1.2387395464e-12 4.1572343209e-13 8.2301611427e-13
3.4020996094e+02 1.2395590757e-12 4.1674515478e-13 8.2281392097e-13
3.4027099609e+02 1.2367092858e-12 4.1897717412e-13 8.1773211170e-13
3.4033203125e+02 1.2268794719e-12 4.1786306482e-13 8.0901640711e-13
3.4039306641e+02 1.2291113225e-12 4.1753471387e-13 8.1157660860e-13
3.4045410156e+02 1.2306344473e-12 4.1533343723e-13 8.1530101004e-13
3.4051513672e+02 1.2271717758e-12 4.1470171247e-13 8.1247006335e-13
3.4057617188e+02 1.2260426984e-12 4.1521279664e-13 8.1082990181e-13
3.4063720703e+02 1.2342431210e-12 4.1830206039e-13 8.1594106060e-13
3.4069824219e+02 1.2331940197e-12 4.1686573638e-13 8.1632828330e-13
3.4075927734e+02 1.2222951989e-12 4.1430273860e-13 8.0799246034e-13
3.4082031250e+02 1.2231650509e-12 4.1607393297e-13 8.0709111794e-13
3.4088134766e+02 1.2289413563e-12 4.1590405183e-13 8.1303730451e-13
3.4094238281e+02 1.2339312042e-12 4.2035257853e-13 8.1357862571e-13
3.4100341797e+02 1.2304599459e-12 4.1894642186e-13 8.1151352408e-13
3.4106445312e+02 1.2230441711e-12 4.1489025612e-13 8.0815391499e-13
3.4112548828e+02 1.2284356961e-12 4.1563908719e-13 8.1279660886e-13
3.4118652344e+02 1.2249008398e-12 4.1663836899e-13 8.0826247081e-13
3.4124755859e+02 1.2203660101e-12 4.1280986789e-13 8.0755614221e-13
3.4130859375e+02 1.2213013447e-12 4.1471551070e-13 8.0658583400e-13
3.4136962891e+02 1.2191464731e-12 4.1429785149e-13 8.0484862163e-13
3.4143066406e+02 1.2348897213e-12 4.1766672001e-13 8.1722300133e-13
3.4149169922e+02 1.2257086426e-12 4.1556607289e-13 8.1014256970e-13
3.4155273438e+02 1.2255797828e-12 4.1384490738e-13 8.1173487542e-13
3.4161376953e+02 1.2221656867e-12 4.1250439761e-13 8.0966128906e-13
3.4167480469e+02 1.2230644350e-12 4.1299362301e-13 8.1007081199e-13
3.4173583984e+02 1.2298097850e-12 4.1611919817e-13 8.1369058682e-13
3.4179687500e+02 1.2256180693e-12 4.1391798796e-13 8.1170008135e-13
3.4185791016e+02 1.2159044631e-12 4.1132549609e-13 8.0457896705e-13
3.4191894531e+02 1.2189841106e-12 4.1278625825e-13 8.0619785231e-13
3.4197998047e+02 1.2203307522e-12 4.1345918344e-13 8.0687156877e-13
3.4204101562e+02 1.2163165516e-12 4.1044872991e-13 8.0586782167e-13
3.4210205078e+02 1.2286790314e-12 4.1680455689e-13 8.1187447448e-13
3.4216308594e+02 1.2363192724e-12 4.1901739829e-13 8.1730187413e-13
3.4222412109e+02 1.2259991223e-12 4.1336254700e-13 8.1263657527e-13
3.4228515625e+02 1.2354552774e-12 4.1775241614e-13 8.1770286124e-13
3.4234619141e+02 1.2363926476e-12 4.2071942024e-13 8.1567322735e-13
3.4240722656e+02 1.2236683557e-12 4.1566832706e-13 8.0800002865e-13
3.4246826172e+02 1.2209223623e-12 4.1399020418e-13 8.0693215809e-13
3.4252929688e+02 1.2263825967e-12 4.1434059611e-13 8.1204200057e-13
3.4259033203e+02 1.2256581917e-12 4.1407675439e-13 8.1158143726e-13
3.4265136719e+02 1.2276653588e-12 4.1501975743e-13 8.1264560139e-13
3.4271240234e+02 1.2245944468e-12 4.1353109025e-13 8.1106335660e-13
3.4277343750e+02 1.2253982226e-12 4.1312994075e-13 8.1226828182e-13
3.4283447266e+02 1.2204062664e-12 4.1356948709e-13 8.0683677934e-13
3.4289550781e+02 1.2256153199e-12 4.1453543755e-13 8.1107988237e-13
3.4295654297e+02 1.2218633200e-12 4.1453457428e-13 8.0732874575e-13
3.4301757812e+02 1.2232725176e-12 4.1416952973e-13 8.0910298783e-13
3.4307861328e+02 1.2197366632e-12 4.1230731472e-13 8.0742934850e-13
3.4313964844e+02 1.2191129644e-12 4.1100633579e-13 8.0810662858e-13
3.4320068359e+02 1.2180938222e-12 4.1312604612e-13 8.0496777611e-13
3.4326171875e+02 1.2128804392e-12 4.0877010919e-13 8.0411032997e-13
3.4332275391e+02 1.2157632041e-12 4.0888472196e-13 8.0687848217e-13
3.4338378906e+02 1.2157345784e-12 4.0942158516e-13 8.0631299322e-13
3.4344482422e+02 1.2128631433e-12 4.1064183151e-13 8.0222131180e-13
3.4350585938e+02 1.2202892905e-12 4.1335191652e-13 8.0693737396e-13
3.4356689453e+02 1.2132659696e-12 4.1097214684e-13 8.0229382281e-13
3.4362792969e+02 1.2125960931e-12 4.1041070115e-13 8.0218539195e-13
3.4368896484e+02 1.2138058056e-12 4.1122332737e-13 8.0258247828e-13
3.4375000000e+02 1.2187945219e-12 4.1215926408e-13 8.0663525783e-13
3.4381103516e+02 1.2239052518e-12 4.1404438701e-13 8.0986086476e-13
3.4387207031e+02 1.2145006484e-12 4.1072539819e-13 8.0377525017e-13
3.4393310547e+02 1.2090345094e-12 4.0693485945e-13 8.0209964998e-13
3.4399414062e+02 1.2071582256e-12 4.0638396452e-13 8.0077426111e-13
3.4405517578e+02 1.2078967760e-12 4.0905463378e-13 7.9884214225e-13
3.4411621094e+02 1.2061543027e-12 4.0951171240e-13 7.9664259025e-13
3.4417724609e+02 1.2072500560e-12 4.0609815755e-13 8.0115189849e-13
3.4423828125e+02 1.2049311940e-12 4.0762764939e-13 7.9730354458e-13
3.4429931641e+02 1.2032126850e-12 4.0762776319e-13 7.9558492178e-13
3.4436035156e+02 1.2049360636e-12 4.0809332030e-13 7.9684274329e-13
3.4442138672e+02 1.2077794291e-12 4.1001110363e-13 7.9776832551e-13
3.4448242188e+02 1.1972552080e-12 4.0615721227e-13 7.9109799572e-13
3.4454345703e+02 1.1899567731e-12 4.0361733770e-13 7.8633943536e-13
3.4460449219e+02 1.1986568573e-12 4.0613444021e-13 7.9252241708e-13
3.4466552734e+02 1.2048225976e-12 4.0664333764e-13 7.9817925992e-13
3.4472656250e+02 1.1956981716e-12 4.0487303505e-13 7.9082513657e-13
3.4478759766e+02 1.1934634783e-12 4.0392223758e-13 7.8954124069e-13
3.4484863281e+02 1.1994744026e-12 4.0517800475e-13 7.9429639786e-13
3.4490966797e+02 1.2056472316e-12 4.0753674894e-13 7.9811048266e-13
3.4497070312e+02 1.2047503853e-12 4.0844955258e-13 7.9630083275e-13
3.4503173828e+02 1.1934679203e-12 4.0591110382e-13 7.8755681646e-13
3.4509277344e+02 1.1970007452e-12 4.0608070514e-13 7.9092004004e-13
3.4515380859e+02 1.2016109546e-12 4.0574646424e-13 7.9586449033e-13
3.4521484375e+02 1.2022706630e-12 4.0559764254e-13 7.9667302042e-13
3.4527587891e+02 1.1964103357e-12 4.0240885209e-13 7.9400148366e-13
3.4533691406e+02 1.2019301334e-12 4.0578927149e-13 7.9614086187e-13
3.4539794922e+02 1.1999389224e-12 4.0457202619e-13 7.9536689618e-13
3.4545898438e+02 1.2008677281e-12 4.0415297934e-13 7.9671474881e-13
3.4552001953e+02 1.1950877398e-12 4.0367798743e-13 7.9140975239e-13
3.4558105469e+02 1.1878281990e-12 4.0191967992e-13 7.8590851913e-13
3.4564208984e+02 1.1784624602e-12 3.9685265274e-13 7.8160980750e-13
3.4570312500e+02 1.1830624415e-12 3.9904071395e-13 7.8402172759e-13
3.4576416016e+02 1.1917769131e-12 4.0257483325e-13 7.8920207986e-13
3.4582519531e+02 1.1920547720e-12 4.0346205231e-13 7.8859271973e-13
3.4588623047e+02 1.1949809308e-12 4.0465785482e-13 7.9032307601e-13
3.4594726562e+02 1.1855373969e-12 4.0167383033e-13 7.8386356654e-13
3.4600830078e+02 1.1769770476e-12 3.9707376144e-13 7.7990328612e-13
3.4606933594e+02 1.1814570030e-12 3.9857842831e-13 7.8287857473e-13
3.4613037109e+02 1.1794819853e-12 3.9785249903e-13 7.8162948622e-13
3.4619140625e+02 1.1844127405e-12 3.9888862952e-13 7.8552411098e-13
3.4625244141e+02 1.1932636205e-12 4.0332469076e-13 7.8993892971e-13
3.4631347656e+02 1.1872471984e-12 4.0103992183e-13 7.8620727659e-13
3.4637451172e+02 1.1831443783e-12 4.0054742981e-13 7.8259694845e-13
3.4643554688e+02 1.1922265768e-12 4.0250151893e-13 7.8972505790e-13
3.4649658203e+02 1.1949955588e-12 4.0291901352e-13 7.9207654528e-13
3.4655761719e+02 1.1891171317e-12 3.9983360805e-13 7.8928352361e-13
3.4661865234e+02 1.1870558653e-12 4.0070685582e-13 7.8634900952e-13
3.4667968750e+02 1.1769443132e-12 3.9655302313e-13 7.8039129003e-13
3.4674072266e+02 1.1652944699e-12 3.9355075610e-13 7.7174371384e-13
3.4680175781e+02 1.1733475800e-12 3.9912772705e-13 7.7421985290e-13
3.4686279297e+02 1.1782257077e-12 4.0069953681e-13 7.7752617085e-13
3.4692382812e+02 1.1769666932e-12 3.9945021239e-13 7.7751648083e-13
3.4698486328e+02 1.1797478050e-12 4.0020598635e-13 7.7954181868e-13
3.4704589844e+02 1.1752211778e-12 3.9752006032e-13 7.7770111749e-13
3.4710693359e+02 1.1726895059e-12 3.9688962552e-13 7.7579988041e-13
3.4716796875e+02 1.1789054367e-12 3.9928534547e-13 7.7962009127e-13
3.4722900391e+02 1.1723223144e-12 3.9585601069e-13 7.7646630376e-13
3.4729003906e+02 1.1671622556e-12 3.9272986901e-13 7.7443238656e-13
3.4735107422e+02 1.1745965159e-12 3.9650462651e-13 7.7809188936e-13
3.4741210938e+02 1.1740387838e-12 3.9718086760e-13 7.7685791618e-13
3.4747314453e+02 1.1674414995e-12 3.9413384633e-13 7.7330765317e-13
3.4753417969e+02 1.1653358715e-12 3.9243388127e-13 7.7290199023e-13
3.4759521484e+02 1.1600082856e-12 3.9184773272e-13 7.6816055292e-13
3.4765625000e+02 1.1570866196e-12 3.9360012719e-13 7.6348649245e-13
3.4771728516e+02 1.1595346511e-12 3.9383292821e-13 7.6570172294e-13
3.4777832031e+02 1.1529770585e-12 3.8882468378e-13 7.6415237468e-13
3.4783935547e+02 1.1608688539e-12 3.9303740814e-13 7.6783144580e-13
3.4790039062e+02 1.1627501163e-12 3.9525908231e-13 7.6749103400e-13
3.4796142578e+02 1.1588101179e-12 3.9472056450e-13 7.6408955337e-13
3.4802246094e+02 1.1591530658e-12 3.9389192844e-13 7.6526113737e-13
3.4808349609e+02 1.1619610806e-12 3.9517464646e-13 7.6678643417e-13
3.4814453125e+02 1.1604952131e-12 3.9505415289e-13 7.6544106022e-13
3.4820556641e+02 1.1508056507e-12 3.9051969845e-13 7.6028595221e-13
3.4826660156e+02 1.1494224840e-12 3.8958210412e-13 7.5984037984e-13
3.4832763672e+02 1.1475218089e-12 3.8817378839e-13 7.5934802053e-13
3.4838867188e+02 1.1443435351e-12 3.8690697442e-13 7.5743656069e-13
3.4844970703e+02 1.1500608889e-12 3.8927059919e-13 7.6079028971e-13
3.4851074219e+02 1.1496448069e-12 3.8842848356e-13 7.6121632329e-13
3.4857177734e+02 1.1483395410e-12 3.8955534891e-13 7.5878419206e-13
3.4863281250e+02 1.1539404274e-12 3.9206653248e-13 7.6187389488e-13
3.4869384766e+02 1.1567125359e-12 3.9336963647e-13 7.6334289946e-13
3.4875488281e+02 1.1513559926e-12 3.8975054608e-13 7.6160544655e-13
3.4881591797e+02 1.1543978809e-12 3.8943432429e-13 7.6496355657e-13
3.4887695312e+02 1.1515718344e-12 3.8900193329e-13 7.6256990109e-13
3.4893798828e+02 1.1454738637e-12 3.9023046954e-13 7.5524339415e-13
3.4899902344e+02 1.1467017716e-12 3.8815373999e-13 7.5854803162e-13
3.4906005859e+02 1.1472344572e-12 3.8708853881e-13 7.6014591837e-13
3.4912109375e+02 1.1456754431e-12 3.8913354378e-13 7.5654189929e-13
3.4918212891e+02 1.1464969139e-12 3.9099075439e-13 7.5550615949e-13
3.4924316406e+02 1.1443902114e-12 3.8738590598e-13 7.5700430543e-13
3.4930419922e+02 1.1426879242e-12 3.8730496880e-13 7.5538295539e-13
3.4936523438e+02 1.1375818678e-12 3.8667622696e-13 7.5090564082e-13
3.4942626953e+02 1.1447764763e-12 3.8765730409e-13 7.5711917217e-13
3.4948730469e+02 1.1446704399e-12 3.8555687089e-13 7.5911356897e-13
3.4954833984e+02 1.1507847383e-12 3.8783658321e-13 7.6294815505e-13
3.4960937500e+02 1.1487903605e-12 3.8806975187e-13 7.6072060858e-13
3.4967041016e+02 1.1449553275e-12 3.8666213492e-13 7.5829319260e-13
3.4973144531e+02 1.1419998949e-12 3.8623623582e-13 7.5576365913e-13
3.4979248047e+02 1.1372229834e-12 3.8462019748e-13 7.5260278588e-13
3.4985351562e+02 1.1420115892e-12 3.8667748363e-13 7.5533410557e-13
3.4991455078e+02 1.1496081965e-12 3.8967956927e-13 7.5992862721e-13
3.4997558594e+02 1.1502562923e-12 3.9121904213e-13 7.5903725022e-13
3.5003662109e+02 1.1460624513e-12 3.8820572427e-13 7.5785672702e-13
3.5009765625e+02 1.1467171676e-12 3.8821521816e-13 7.5850194940e-13
3.5015869141e+02 1.1486545521e-12 3.8832705951e-13 7.6032749263e-13
3.5021972656e+02 1.1478151555e-12 3.8820944755e-13 7.5960570795e-13
3.5028076172e+02 1.1432871438e-12 3.8680684679e-13 7.5648029703e-13
3.5034179688e+02 1.1382710815e-12 3.8592582467e-13 7.5234525682e-13
3.5040283203e+02 1.1455148088e-12 3.8761998487e-13 7.5789482391e-13
3.5046386719e+02 1.1427753855e-12 3.8688559435e-13 7.5588979114e-13
3.5052490234e+02 1.1373847627e-12 3.8517007697e-13 7.5221468574e-13
3.5058593750e+02 1.1373527851e-12 3.8411405305e-13 7.5323873200e-13
3.5064697266e+02 1.1468609959e-12 3.8706082948e-13 7.5980016641e-13
3.5070800781e+02 1.1454904618e-12 3.8873394052e-13 7.5675652124e-13
3.5076904297e+02 1.1440321971e-12 3.8754280613e-13 7.5648939094e-13
3.5083007812e+02 1.1448040141e-12 3.8780972233e-13 7.5699429180e-13
3.5089111328e+02 1.1524283818e-12 3.9021488497e-13 7.6221349680e-13
3.5095214844e+02 1.1465022836e-12 3.8962493126e-13 7.5687735239e-13
3.5101318359e+02 1.1398144239e-12 3.8633683854e-13 7.5347758532e-13
3.5107421875e+02 1.1422713250e-12 3.8767010517e-13 7.5460121987e-13
3.5113525391e+02 1.1419806311e-12 3.8615383792e-13 7.5582679313e-13
3.5119628906e+02 1.1336705372e-12 3.8424683079e-13 7.4942370643e-13
3.5125732422e+02 1.1383268934e-12 3.8828399513e-13 7.5004289825e-13
3.5131835938e+02 1.1385148389e-12 3.8781843119e-13 7.5069640774e-13
3.5137939453e+02 1.1263713241e-12 3.8133838397e-13 7.4503294016e-13
3.5144042969e+02 1.1303786639e-12 3.8275130394e-13 7.4762735992e-13
3.5150146484e+02 1.1394745387e-12 3.8577630567e-13 7.5369823302e-13
3.5156250000e+02 1.1424622947e-12 3.8644401930e-13 7.5601827539e-13
3.5162353516e+02 1.1359429282e-12 3.8325044937e-13 7.5269247887e-13
3.5168457031e+02 1.1347008148e-12 3.8399148703e-13 7.5070932775e-13
3.5174560547e+02 1.1409793488e-12 3.8653210448e-13 7.5444724433e-13
3.5180664062e+02 1.1384619210e-12 3.8610099223e-13 7.5236092875e-13
3.5186767578e+02 1.1363088036e-12 3.8278964065e-13 7.5351916298e-13
3.5192871094e+02 1.1306110114e-12 3.8165455308e-13 7.4895645832e-13
3.5198974609e+02 1.1313856226e-12 3.8457373669e-13 7.4681188590e-13
3.5205078125e+02 1.1287413212e-12 3.8331831004e-13 7.4542301112e-13
3.5211181641e+02 1.1244455412e-12 3.8230452861e-13 7.4214101260e-13
3.5217285156e+02 1.1200643110e-12 3.7956100451e-13 7.4050330653e-13
3.5223388672e+02 1.1317467439e-12 3.8231484415e-13 7.4943189974e-13
3.5229492188e+02 1.1366462465e-12 3.8454689524e-13 7.5209935123e-13
3.5235595703e+02 1.1262894515e-12 3.8111291373e-13 7.4517653777e-13
3.5241699219e+02 1.1298515569e-12 3.8253680750e-13 7.4731474937e-13
3.5247802734e+02 1.1304672021e-12 3.8323166142e-13 7.4723554066e-13
3.5253906250e+02 1.1257549696e-12 3.8067982926e-13 7.4507514035e-13
3.5260009766e+02 1.1234486029e-12 3.7960683090e-13 7.4384177204e-13
3.5266113281e+02 1.1184271315e-12 3.7758214146e-13 7.4084498999e-13
3.5272216797e+02 1.1266904625e-12 3.8216788102e-13 7.4452258152e-13
3.5278320312e+02 1.1252131676e-12 3.8349908650e-13 7.4171408109e-13
3.5284423828e+02 1.1172246894e-12 3.7994223492e-13 7.3728245445e-13
3.5290527344e+02 1.1211562737e-12 3.7905488548e-13 7.4210138822e-13
3.5296630859e+02 1.1238008083e-12 3.8086754672e-13 7.4293326161e-13
3.5302734375e+02 1.1229307177e-12 3.8013576528e-13 7.4279495243e-13
3.5308837891e+02 1.1176407195e-12 3.7764858473e-13 7.3999213479e-13
3.5314941406e+02 1.1156322320e-12 3.7622778891e-13 7.3940444310e-13
3.5321044922e+02 1.1189548773e-12 3.7713890528e-13 7.4181597199e-13
3.5327148438e+02 1.1151135884e-12 3.7847643296e-13 7.3663715542e-13
3.5333251953e+02 1.1088029039e-12 3.7680286913e-13 7.3200003478e-13
3.5339355469e+02 1.1151141814e-12 3.7898213125e-13 7.3613205018e-13
3.5345458984e+02 1.1196858068e-12 3.8249287525e-13 7.3719293159e-13
3.5351562500e+02 1.1182257330e-12 3.8155891698e-13 7.3666681604e-13
3.5357666016e+02 1.1141531094e-12 3.7769808660e-13 7.3645502283e-13
3.5363769531e+02 1.1129077450e-12 3.7541864888e-13 7.3748909611e-13
3.5369873047e+02 1.1176239985e-12 3.7755242681e-13 7.4007157166e-13
3.5375976562e+02 1.1113826060e-12 3.7623915609e-13 7.3514344990e-13
3.5382080078e+02 1.1088206938e-12 3.7539197129e-13 7.3342872249e-13
3.5388183594e+02 1.1053593515e-12 3.7291006963e-13 7.3244928187e-13
3.5394287109e+02 1.1075493208e-12 3.7476893989e-13 7.3278038089e-13
3.5400390625e+02 1.1142639974e-12 3.7579371558e-13 7.3847028184e-13
3.5406494141e+02 1.1166645249e-12 3.7764469984e-13 7.3901982509e-13
3.5412597656e+02 1.1164520550e-12 3.7791687910e-13 7.3853517587e-13
3.5418701172e+02 1.1105496850e-12 3.7637431512e-13 7.3417536985e-13
3.5424804688e+02 1.1092730527e-12 3.7513823976e-13 7.3413481298e-13
3.5430908203e+02 1.1136844433e-12 3.7677537054e-13 7.3690907274e-13
3.5437011719e+02 1.1088122476e-12 3.7699059707e-13 7.3182165048e-13
3.5443115234e+02 1.1044022161e-12 3.7460106417e-13 7.2980115195e-13
3.5449218750e+02 1.1036231202e-12 3.7537837881e-13 7.2824474134e-13
3.5455322266e+02 1.1009382793e-12 3.7352995240e-13 7.2740832685e-13
3.5461425781e+02 1.1034958804e-12 3.7464222549e-13 7.2885365495e-13
3.5467529297e+02 1.1053257936e-12 3.7717433838e-13 7.2815145520e-13
3.5473632812e+02 1.1004511122e-12 3.7435368047e-13 7.2609743173e-13
3.5479736328e+02 1.1078938945e-12 3.7749820495e-13 7.3039568959e-13
3.5485839844e+02 1.1049177937e-12 3.7565268446e-13 7.2926510928e-13
3.5491943359e+02 1.1080980176e-12 3.7402341518e-13 7.3407460247e-13
3.5498046875e+02 1.0998534584e-12 3.7276638330e-13 7.2708707514e-13
3.5504150391e+02 1.0936944519e-12 3.7072839005e-13 7.2296606190e-13
3.5510253906e+02 1.1069665115e-12 3.7553184830e-13 7.3143466318e-13
3.5516357422e+02 1.1129912631e-12 3.7856742669e-13 7.3442383645e-13
3.5522460938e+02 1.1111188041e-12 3.7643256938e-13 7.3468623477e-13
3.5528564453e+02 1.1130606259e-12 3.7465726327e-13 7.3840336264e-13
3.5534667969e+02 1.1013406360e-12 3.7262872409e-13 7.2871191190e-13
3.5540771484e+02 1.1099557086e-12 3.7801025942e-13 7.3194544919e-13
3.5546875000e+02 1.1041726900e-12 3.7355650434e-13 7.3061618565e-13
3.5552978516e+02 1.1011760349e-12 3.7288361620e-13 7.2829241866e-13
3.5559082031e+02 1.0986092622e-12 3.7207366377e-13 7.2653559839e-13
3.5565185547e+02 1.0954774094e-12 3.7236361054e-13 7.2311379888e-13
3.5571289062e+02 1.1032940587e-12 3.7651496433e-13 7.2677909441e-13
3.5577392578e+02 1.1055089112e-12 3.7583422103e-13 7.2967469016e-13
3.5583496094e+02 1.0955623839e-12 3.7105155059e-13 7.2451083327e-13
3.5589599609e+02 1.0954297955e-12 3.7080836238e-13 7.2462143313e-13
3.5595703125e+02 1.0879506277e-12 3.6829187416e-13 7.1965875354e-13
3.5601806641e+02 1.0981194721e-12 3.7077085888e-13 7.2734861323e-13
3.5607910156e+02 1.0980692964e-12 3.7149775411e-13 7.2657154232e-13
3.5614013672e+02 1.0964768239e-12 3.7065066566e-13 7.2582615819e-13
3.5620117188e+02 1.0933773850e-12 3.6992455543e-13 7.2345282952e-13
3.5626220703e+02 1.1015616028e-12 3.7334569669e-13 7.2821590607e-13
3.5632324219e+02 1.1007715754e-12 3.7207003333e-13 7.2870154206e-13
3.5638427734e+02 1.0954299596e-12 3.7171034182e-13 7.2371961780e-13
3.5644531250e+02 1.0946366220e-12 3.7249841072e-13 7.2213821126e-13
3.5650634766e+02 1.0895871077e-12 3.6883271692e-13 7.2075439076e-13
3.5656738281e+02 1.0903221492e-12 3.6935573397e-13 7.2096641520e-13
3.5662841797e+02 1.0898479212e-12 3.6957930229e-13 7.2026861894e-13
3.5668945312e+02 1.0908357061e-12 3.6823511681e-13 7.2260058926e-13
3.5675048828e+02 1.0970431607e-12 3.7026572045e-13 7.2677744030e-13
3.5681152344e+02 1.0955105934e-12 3.6879069984e-13 7.2671989360e-13
3.5687255859e+02 1.0916060281e-12 3.6921236411e-13 7.2239366400e-13
3.5693359375e+02 1.0862679196e-12 3.6923279184e-13 7.1703512779e-13
3.5699462891e+02 1.0828013762e-12 3.6657611121e-13 7.1622526503e-13
3.5705566406e+02 1.0808682303e-12 3.6495309383e-13 7.1591513647e-13
3.5711669922e+02 1.0842750366e-12 3.6692184435e-13 7.1735319225e-13
3.5717773438e+02 1.0909917847e-12 3.6862907195e-13 7.2236271276e-13
3.5723876953e+02 1.0940255583e-12 3.6946521729e-13 7.2456034099e-13
3.5729980469e+02 1.0823006920e-12 3.6439605602e-13 7.1790463593e-13
3.5736083984e+02 1.0863098091e-12 3.6731566651e-13 7.1899414260e-13
3.5742187500e+02 1.0943181907e-12 3.6976439921e-13 7.2455379150e-13
3.5748291016e+02 1.0793321772e-12 3.6483433510e-13 7.1449784214e-13
3.5754394531e+02 1.0876423613e-12 3.6586878591e-13 7.2177357536e-13
3.5760498047e+02 1.0851643952e-12 3.6540974041e-13 7.1975465483e-13
3.5766601562e+02 1.0900271702e-12 3.6946635719e-13 7.2056081298e-13
3.5772705078e+02 1.0826820030e-12 3.6611513027e-13 7.1656687270e-13
3.5778808594e+02 1.0818560959e-12 3.6476516199e-13 7.1709093386e-13
3.5784912109e+02 1.0833711694e-12 3.6661309166e-13 7.1675807779e-13
3.5791015625e+02 1.0822023187e-12 3.6734525223e-13 7.1485706646e-13
3.5797119141e+02 1.0845897824e-12 3.6795789379e-13 7.1663188857e-13
3.5803222656e+02 1.0810076262e-12 3.6711941581e-13 7.1388821040e-13
3.5809326172e+02 1.0719891784e-12 3.6314534512e-13 7.0884383331e-13
3.5815429688e+02 1.0780460959e-12 3.6318999758e-13 7.1485609830e-13
3.5821533203e+02 1.0819286332e-12 3.6447484845e-13 7.1745378480e-13
3.5827636719e+02 1.0785353062e-12 3.6471541037e-13 7.1381989582e-13
3.5833740234e+02 1.0736799400e-12 3.6268177348e-13 7.1099816650e-13
3.5839843750e+02 1.0753805883e-12 3.6127040608e-13 7.1411018220e-13
3.5845947266e+02 1.0800076804e-12 3.6232853857e-13 7.1767914188e-13
3.5852050781e+02 1.0765984573e-12 3.6422039173e-13 7.1237806554e-13
3.5858154297e+02 1.0761155780e-12 3.6454515321e-13 7.1157042483e-13
3.5864257812e+02 1.0758099955e-12 3.6602653352e-13 7.0978346202e-13
3.5870361328e+02 1.0781709145e-12 3.6532468305e-13 7.1284623141e-13
3.5876464844e+02 1.0737944885e-12 3.6289587041e-13 7.1089861808e-13
3.5882568359e+02 1.0721107490e-12 3.6376527877e-13 7.0834547018e-13
3.5888671875e+02 1.0682949827e-12 3.6377214327e-13 7.0452283946e-13
3.5894775391e+02 1.0711800194e-12 3.6341750425e-13 7.0776251512e-13
3.5900878906e+02 1.0737210226e-12 3.6336097142e-13 7.1036005113e-13
3.5906982422e+02 1.0714582706e-12 3.6270065395e-13 7.0875761664e-13
3.5913085938e+02 1.0755914750e-12 3.6353618177e-13 7.1205529326e-13
3.5919189453e+02 1.0741279587e-12 3.6392895194e-13 7.1019900673e-13
3.5925292969e+02 1.0720963460e-12 3.6227360243e-13 7.0982274358e-13
3.5931396484e+02 1.0737498277e-12 3.6303146255e-13 7.1071836519e-13
3.5937500000e+02 1.0723842934e-12 3.6259518425e-13 7.0978910919e-13
3.5943603516e+02 1.0714329904e-12 3.6082892350e-13 7.1060406693e-13
3.5949707031e+02 1.0613085200e-12 3.5738179804e-13 7.0392672197e-13
3.5955810547e+02 1.0619265500e-12 3.5937893758e-13 7.0254761244e-13
3.5961914062e+02 1.0708446555e-12 3.6111612897e-13 7.0972852649e-13
3.5968017578e+02 1.0723356842e-12 3.6205667962e-13 7.1027900461e-13
3.5974121094e+02 1.0669476201e-12 3.6075851670e-13 7.0618910336e-13
3.5980224609e+02 1.0593917870e-12 3.5849920601e-13 7.0089258100e-13
3.5986328125e+02 1.0607167372e-12 3.6029449342e-13 7.0042224378e-13
3.5992431641e+02 1.0638572823e-12 3.6020693211e-13 7.0365035014e-13
3.5998535156e+02 1.0560435046e-12 3.5727933938e-13 6.9876416521e-13
3.6004638672e+02 1.0584915481e-12 3.5687102441e-13 7.0162052372e-13
3.6010742188e+02 1.0689996901e-12 3.6055268270e-13 7.0844700741e-13
3.6016845703e+02 1.0728343126e-12 3.6270129547e-13 7.1013301716e-13
3.6022949219e+02 1.0688133338e-12 3.6180610407e-13 7.0700722978e-13
3.6029052734e+02 1.0658045648e-12 3.6162357329e-13 7.0418099147e-13
3.6035156250e+02 1.0668258071e-12 3.6153080218e-13 7.0529500496e-13
3.6041259766e+02 1.0606580256e-12 3.5901280971e-13 7.0164521587e-13
3.6047363281e+02 1.0522734099e-12 3.5555323777e-13 6.9672017209e-13
3.6053466797e+02 1.0565447062e-12 3.5709690347e-13 6.9944780268e-13
3.6059570312e+02 1.0649250097e-12 3.6064673012e-13 7.0427827961e-13
3.6065673828e+02 1.0625985063e-12 3.6082454098e-13 7.0177396532e-13
3.6071777344e+02 1.0545856818e-12 3.5781729269e-13 6.9676838906e-13
3.6077880859e+02 1.0538267587e-12 3.5612639126e-13 6.9770036743e-13
3.6083984375e+02 1.0548213967e-12 3.5854836811e-13 6.9627302859e-13
3.6090087891e+02 1.0562396101e-12 3.5791489864e-13 6.9832471148e-13
3.6096191406e+02 1.0615878654e-12 3.5958812166e-13 7.0199974378e-13
3.6102294922e+02 1.0508726928e-12 3.5647358117e-13 6.9439911167e-13
3.6108398438e+02 1.0552131906e-12 3.5738706559e-13 6.9782612497e-13
3.6114501953e+02 1.0590434851e-12 3.5832250624e-13 7.0072097882e-13
3.6120605469e+02 1.0582978762e-12 3.5689476541e-13 7.0140311081e-13
3.6126708984e+02 1.0597993032e-12 3.5769554618e-13 7.0210375702e-13
3.6132812500e+02 1.0589908057e-12 3.5638286313e-13 7.0260794253e-13
3.6138916016e+02 1.0488677331e-12 3.5474328338e-13 6.9412444975e-13
3.6145019531e+02 1.0495467556e-12 3.5575718141e-13 6.9378957422e-13
3.6151123047e+02 1.0518211069e-12 3.5573945306e-13 6.9608165389e-13
3.6157226562e+02 1.0534651109e-12 3.5658662428e-13 6.9687848663e-13
3.6163330078e+02 1.0506168320e-12 3.5669909358e-13 6.9391773842e-13
3.6169433594e+02 1.0553671464e-12 3.6007966593e-13 6.9528748051e-13
3.6175537109e+02 1.0503963036e-12 3.5765871259e-13 6.9273759104e-13
3.6181640625e+02 1.0450304676e-12 3.5424314161e-13 6.9078732604e-13
3.6187744141e+02 1.0611706424e-12 3.5887332608e-13 7.0229731635e-13
3.6193847656e+02 1.0660096100e-12 3.5865166664e-13 7.0735794340e-13
3.6199951172e+02 1.0503067275e-12 3.5743027540e-13 6.9287645213e-13
3.6206054688e+02 1.0459129582e-12 3.5562645461e-13 6.9028650362e-13
3.6212158203e+02 1.0443939803e-12 3.5291173143e-13 6.9148224887e-13
3.6218261719e+02 1.0419448960e-12 3.5285106866e-13 6.8909382734e-13
3.6224365234e+02 1.0452790830e-12 3.5530322211e-13 6.8997586093e-13
3.6230468750e+02 1.0518624207e-12 3.5602854772e-13 6.9583387298e-13
3.6236572266e+02 1.0499964097e-12 3.5511554696e-13 6.9488086274e-13
3.6242675781e+02 1.0477764513e-12 3.5440833660e-13 6.9336811466e-13
3.6248779297e+02 1.0451821463e-12 3.5372344076e-13 6.9145870559e-13
3.6254882812e+02 1.0449527155e-12 3.5304112669e-13 6.9191158885e-13
3.6260986328e+02 1.0442945469e-12 3.5256514206e-13 6.9172940482e-13
3.6267089844e+02 1.0434518323e-12 3.5387551795e-13 6.8957631434e-13
3.6273193359e+02 1.0478410595e-12 3.5545050698e-13 6.9239055254e-13
3.6279296875e+02 1.0468814307e-12 3.5565979401e-13 6.9122163673e-13
3.6285400391e+02 1.0522229721e-12 3.5783249183e-13 6.9439048027e-13
3.6291503906e+02 1.0410107806e-12 3.4997437184e-13 6.9103640874e-13
3.6297607422e+02 1.0475253972e-12 3.5166179653e-13 6.9586360066e-13
3.6303710938e+02 1.0512481176e-12 3.5316296063e-13 6.9808515698e-13
3.6309814453e+02 1.0463614298e-12 3.5413284578e-13 6.9222858403e-13
3.6315917969e+02 1.0516605651e-12 3.5605055594e-13 6.9561000921e-13
3.6322021484e+02 1.0587501971e-12 3.5701558499e-13 7.0173461215e-13
3.6328125000e+02 1.0548383237e-12 3.5654789219e-13 6.9829043150e-13
3.6334228516e+02 1.0480035130e-12 3.5563210732e-13 6.9237140567e-13
3.6340332031e+02 1.0412289065e-12 3.5074437081e-13 6.9048453573e-13
3.6346435547e+02 1.0392513032e-12 3.5033735732e-13 6.8891394588e-13
3.6352539062e+02 1.0402497282e-12 3.5221367662e-13 6.8803605156e-13
3.6358642578e+02 1.0442568616e-12 3.5386868528e-13 6.9038817629e-13
3.6364746094e+02 1.0469606700e-12 3.5462745310e-13 6.9233321692e-13
3.6370849609e+02 1.0447662309e-12 3.5583757330e-13 6.8892865757e-13
3.6376953125e+02 1.0491041138e-12 3.5541510669e-13 6.9368900715e-13
3.6383056641e+02 1.0437433154e-12 3.5404817471e-13 6.8969514071e-13
3.6389160156e+02 1.0409648374e-12 3.5344928888e-13 6.8751554856e-13
3.6395263672e+02 1.0402613889e-12 3.5199778221e-13 6.8826360673e-13
3.6401367188e+02 1.0412835193e-12 3.5220482957e-13 6.8907868973e-13
3.6407470703e+02 1.0399660658e-12 3.5077402862e-13 6.8919203722e-13
3.6413574219e+02 1.0390379195e-12 3.5095064629e-13 6.8808727318e-13
3.6419677734e+02 1.0422230354e-12 3.4923194201e-13 6.9299109342e-13
3.6425781250e+02 1.0381085273e-12 3.5011559305e-13 6.8799293426e-13
3.6431884766e+02 1.0392850147e-12 3.5304810635e-13 6.8623690836e-13
3.6437988281e+02 1.0326709724e-12 3.4999214498e-13 6.8267882745e-13
3.6444091797e+02 1.0291907669e-12 3.4945014247e-13 6.7974062442e-13
3.6450195312e+02 1.0277530741e-12 3.4718719514e-13 6.8056587893e-13
3.6456298828e+02 1.0302722925e-12 3.4969361439e-13 6.8057867809e-13
3.6462402344e+02 1.0331141818e-12 3.4985669005e-13 6.8325749173e-13
3.6468505859e+02 1.0365949089e-12 3.4971480589e-13 6.8688010298e-13
3.6474609375e+02 1.0344683310e-12 3.4967393010e-13 6.8479440085e-13
3.6480712891e+02 1.0360094504e-12 3.5140496674e-13 6.8460448367e-13
3.6486816406e+02 1.0386201490e-12 3.5000072677e-13 6.8861942221e-13
3.6492919922e+02 1.0360940830e-12 3.4765700647e-13 6.8843707651e-13
3.6499023438e+02 1.0308933573e-12 3.4711329922e-13 6.8378005805e-13
3.6505126953e+02 1.0332290807e-12 3.5075663494e-13 6.8247244573e-13
3.6511230469e+02 1.0332140731e-12 3.4933000297e-13 6.8388407017e-13
3.6517333984e+02 1.0362610365e-12 3.5026738662e-13 6.8599364986e-13
3.6523437500e+02 1.0366831013e-12 3.5268953272e-13 6.8399356861e-13
3.6529541016e+02 1.0300484662e-12 3.5035078798e-13 6.7969767824e-13
3.6535644531e+02 1.0320064864e-12 3.5075079050e-13 6.8125569587e-13
3.6541748047e+02 1.0251996688e-12 3.4836691491e-13 6.7683275387e-13
3.6547851562e+02 1.0253520139e-12 3.4802242883e-13 6.7732958510e-13
3.6553955078e+02 1.0306519898e-12 3.4961556218e-13 6.8103642762e-13
3.6560058594e+02 1.0300525607e-12 3.4994289146e-13 6.8010966926e-13
3.6566162109e+02 1.0321702446e-12 3.4976240087e-13 6.8240784370e-13
3.6572265625e+02 1.0328004214e-12 3.4811379893e-13 6.8468662252e-13
3.6578369141e+02 1.0276179258e-12 3.4726391698e-13 6.8035400886e-13
3.6584472656e+02 1.0295063869e-12 3.5024494907e-13 6.7926143780e-13
3.6590576172e+02 1.0361311715e-12 3.5337773562e-13 6.8275343587e-13
3.6596679688e+02 1.0340816676e-12 3.5030764114e-13 6.8377402645e-13
3.6602783203e+02 1.0283518609e-12 3.4582091871e-13 6.8253094215e-13
3.6608886719e+02 1.0302109476e-12 3.4608434497e-13 6.8412660261e-13
3.6614990234e+02 1.0346042149e-12 3.4927232080e-13 6.8533189407e-13
3.6621093750e+02 1.0263162878e-12 3.4881911868e-13 6.7749716912e-13
3.6627197266e+02 1.0243130539e-12 3.4654626708e-13 6.7776678683e-13
3.6633300781e+02 1.0298457615e-12 3.4915909401e-13 6.8068666745e-13
3.6639404297e+02 1.0327777722e-12 3.4994280733e-13 6.8283496491e-13
3.6645507812e+02 1.0313192584e-12 3.4949030683e-13 6.8182895159e-13
3.6651611328e+02 1.0215211405e-12 3.4708402959e-13 6.7443711095e-13
3.6657714844e+02 1.0280944537e-12 3.5030122686e-13 6.7779322686e-13
3.6663818359e+02 1.0314964714e-12 3.4866813943e-13 6.8282833200e-13
3.6669921875e+02 1.0278931555e-12 3.4754186294e-13 6.8035129256e-13
3.6676025391e+02 1.0247347565e-12 3.4508318319e-13 6.7965157329e-13
3.6682128906e+02 1.0294082423e-12 3.4782789768e-13 6.8158034459e-13
3.6688232422e+02 1.0270516692e-12 3.4736784255e-13 6.7968382663e-13
3.6694335938e+02 1.0252257410e-12 3.4590090894e-13 6.7932483210e-13
3.6700439453e+02 1.0218688228e-12 3.4546744106e-13 6.7640138169e-13
3.6706542969e+02 1.0194776105e-12 3.4512166456e-13 6.7435594595e-13
3.6712646484e+02 1.0164892199e-12 3.4307026995e-13 6.7341894998e-13
3.6718750000e+02 1.0128017391e-12 3.4147144437e-13 6.7133029475e-13
3.6724853516e+02 1.0120912515e-12 3.4104125484e-13 6.7104999669e-13
3.6730957031e+02 1.0163821834e-12 3.4430923970e-13 6.7207294367e-13
3.6737060547e+02 1.0170655021e-12 3.4442565344e-13 6.7263984871e-13
3.6743164062e+02 1.0241096660e-12 3.4560771421e-13 6.7850195174e-13
3.6749267578e+02 1.0131645282e-12 3.4165080038e-13 6.7151372785e-13
3.6755371094e+02 1.0152219003e-12 3.4158003808e-13 6.7364186222e-13
3.6761474609e+02 1.0218479317e-12 3.4667492508e-13 6.7517300661e-13
3.6767578125e+02 1.0231246095e-12 3.4644238144e-13 6.7668222806e-13
3.6773681641e+02 1.0184830069e-12 3.4554808259e-13 6.7293492429e-13
3.6779785156e+02 1.0159178091e-12 3.4299508254e-13 6.7292272656e-13
3.6785888672e+02 1.0190497118e-12 3.4430875283e-13 6.7474095898e-13
3.6791992188e+02 1.0086837585e-12 3.4300779800e-13 6.6567596053e-13
3.6798095703e+02 1.0179171476e-12 3.4658704249e-13 6.7133010511e-13
3.6804199219e+02 1.0202363909e-12 3.4651260301e-13 6.7372378790e-13
3.6810302734e+02 1.0170262814e-12 3.4524563683e-13 6.7178064458e-13
3.6816406250e+02 1.0154880217e-12 3.4227661799e-13 6.7321140375e-13
3.6822509766e+02 1.0171673658e-12 3.4246917084e-13 6.7469819497e-13
3.6828613281e+02 1.0181102022e-12 3.4155922376e-13 6.7655097842e-13
3.6834716797e+02 1.0087232251e-12 3.4056080823e-13 6.6816241685e-13
3.6840820312e+02 1.0137980026e-12 3.4349487926e-13 6.7030312332e-13
3.6846923828e+02 1.0213653540e-12 3.4409257660e-13 6.7727277736e-13
3.6853027344e+02 1.0199515868e-12 3.4341511376e-13 6.7653647301e-13
3.6859130859e+02 1.0199213609e-12 3.4365029322e-13 6.7627106764e-13
3.6865234375e+02 1.0082852020e-12 3.4038803128e-13 6.6789717074e-13
3.6871337891e+02 1.0077608740e-12 3.3931230206e-13 6.6844857192e-13
3.6877441406e+02 1.0105533239e-12 3.4283416641e-13 6.6771915748e-13
3.6883544922e+02 1.0132929123e-12 3.4243260455e-13 6.7086030779e-13
3.6889648438e+02 1.0119049937e-12 3.4111003501e-13 6.7079495865e-13
3.6895751953e+02 1.0130903369e-12 3.4246837436e-13 6.7062196254e-13
3.6901855469e+02 1.0067106220e-12 3.4053589113e-13 6.6617473090e-13
3.6907958984e+02 1.0052052585e-12 3.3920578720e-13 6.6599947135e-13
3.6914062500e+02 1.0060089840e-12 3.4129986837e-13 6.6470911559e-13
3.6920166016e+02 1.0051846428e-12 3.4000547001e-13 6.6517917282e-13
3.6926269531e+02 9.9514780273e-13 3.3662489027e-13 6.5852291246e-13
3.6932373047e+02 9.9623614444e-13 3.3741898329e-13 6.5881716115e-13
3.6938476562e+02 1.0079325973e-12 3.4181032796e-13 6.6612226939e-13
3.6944580078e+02 1.0101660335e-12 3.4176353942e-13 6.6840249412e-13
3.6950683594e+02 1.0029192308e-12 3.4201378998e-13 6.6090544086e-13
3.6956787109e+02 9.9586602896e-13 3.3735886514e-13 6.5850716381e-13
3.6962890625e+02 9.9581570738e-13 3.3593995437e-13 6.5987575301e-13
3.6968994141e+02 9.8989427888e-13 3.3383245171e-13 6.5606182718e-13
3.6975097656e+02 9.9832088881e-13 3.3856043393e-13 6.5976045488e-13
3.6981201172e+02 1.0015616648e-12 3.3984762826e-13 6.6171403652e-13
3.6987304688e+02 9.9863998244e-13 3.3677615305e-13 6.6186382939e-13
3.6993408203e+02 9.9477078527e-13 3.3398381904e-13 6.6078696623e-13
3.6999511719e+02 9.8233157446e-13 3.3290588695e-13 6.4942568751e-13
3.7005615234e+02 9.9213796760e-13 3.3536161937e-13 6.5677634823e-13
3.7011718750e+02 1.0006677848e-12 3.3809124495e-13 6.6257653982e-13
3.7017822266e+02 9.9901735703e-13 3.3732558923e-13 6.6169176780e-13
3.7023925781e+02 1.0006001906e-12 3.3894558821e-13 6.6165460243e-13
3.7030029297e+02 9.9801812607e-13 3.4008336968e-13 6.5793475639e-13
3.7036132812e+02 9.9750587646e-13 3.4014420097e-13 6.5736167549e-13
3.7042236328e+02 9.9885693501e-13 3.3918976930e-13 6.5966716571e-13
3.7048339844e+02 9.9619326863e-13 3.3671914737e-13 6.5947412126e-13
3.7054443359e+02 9.8962356125e-13 3.3361611962e-13 6.5600744163e-13
3.7060546875e+02 9.9242406417e-13 3.3659443702e-13 6.5582962715e-13
3.7066650391e+02 9.8618925925e-13 3.3514988720e-13 6.5103937206e-13
3.7072753906e+02 9.8835565627e-13 3.3566916138e-13 6.5268649489e-13
3.7078857422e+02 9.9240392157e-13 3.3694071020e-13 6.5546321138e-13
3.7084960938e+02 9.9028797557e-13 3.3557080268e-13 6.5471717289e-13
3.7091064453e+02 9.9197267519e-13 3.3719463023e-13 6.5477804496e-13
3.7097167969e+02 9.8631207440e-13 3.3458687943e-13 6.5172519496e-13
3.7103271484e+02 9.8532609057e-13 3.3297590523e-13 6.5235018534e-13
3.7109375000e+02 9.8555444571e-13 3.3391143531e-13 6.5164301040e-13
3.7115478516e+02 9.8395586632e-13 3.3584562249e-13 6.4811024383e-13
3.7121582031e+02 9.9503111519e-13 3.3818170165e-13 6.5684941354e-13
3.7127685547e+02 9.9708648262e-13 3.3895997571e-13 6.5812650690e-13
3.7133789062e+02 9.9693633634e-13 3.3876123515e-13 6.5817510120e-13
3.7139892578e+02 9.8624672994e-13 3.3345665725e-13 6.5279007269e-13
3.7145996094e+02 9.8791432987e-13 3.3353635977e-13 6.5437797010e-13
3.7152099609e+02 9.8861605933e-13 3.3573994273e-13 6.5287611660e-13
3.7158203125e+02 9.8279419198e-13 3.3351693807e-13 6.4927725391e-13
3.7164306641e+02 9.8892927193e-13 3.3517776798e-13 6.5375150395e-13
3.7170410156e+02 9.8830591718e-13 3.3599399945e-13 6.5231191772e-13
3.7176513672e+02 9.8029201397e-13 3.3273575597e-13 6.4755625800e-13
3.7182617188e+02 9.8642106038e-13 3.3483968425e-13 6.5158137613e-13
3.7188720703e+02 9.9482094905e-13 3.3696249751e-13 6.5785845154e-13
3.7194824219e+02 9.8544762214e-13 3.3312006272e-13 6.5232755942e-13
3.7200927734e+02 9.7905001169e-13 3.3249372953e-13 6.4655628216e-13
3.7207031250e+02 9.7385067085e-13 3.3357046482e-13 6.4028020603e-13
3.7213134766e+02 9.7587732582e-13 3.3304747867e-13 6.4282984715e-13
3.7219238281e+02 9.7666641956e-13 3.3048893094e-13 6.4617748862e-13
3.7225341797e+02 9.7802617176e-13 3.3026915932e-13 6.4775701244e-13
3.7231445312e+02 9.7289537839e-13 3.3061874285e-13 6.4227663554e-13
3.7237548828e+02 9.7441306488e-13 3.3118934819e-13 6.4322371669e-13
3.7243652344e+02 9.8325845835e-13 3.3348284478e-13 6.4977561357e-13
3.7249755859e+02 9.8131443069e-13 3.3192155698e-13 6.4939287371e-13
3.7255859375e+02 9.8270773180e-13 3.3345367269e-13 6.4925405911e-13
3.7261962891e+02 9.8789081898e-13 3.3552672878e-13 6.5236409019e-13
3.7268066406e+02 9.8546369662e-13 3.3598527142e-13 6.4947842520e-13
3.7274169922e+02 9.7381679144e-13 3.3229751055e-13 6.4151928089e-13
3.7280273438e+02 9.7168770782e-13 3.3106608888e-13 6.4062161894e-13
3.7286376953e+02 9.7678600135e-13 3.3328867274e-13 6.4349732861e-13
3.7292480469e+02 9.7513603428e-13 3.3047330140e-13 6.4466273288e-13
3.7298583984e+02 9.6848367163e-13 3.3013217030e-13 6.3835150132e-13
3.7304687500e+02 9.6974166812e-13 3.3029700547e-13 6.3944466265e-13
3.7310791016e+02 9.7066875379e-13 3.3112120051e-13 6.3954755328e-13
3.7316894531e+02 9.7621121522e-13 3.3168735878e-13 6.4452385644e-13
3.7322998047e+02 9.8174499187e-13 3.3222691315e-13 6.4951807872e-13
3.7329101562e+02 9.7431242307e-13 3.3069232161e-13 6.4362010146e-13
3.7335205078e+02 9.7829556386e-13 3.3081314707e-13 6.4748241679e-13
3.7341308594e+02 9.7936212892e-13 3.3130239457e-13 6.4805973434e-13
3.7347412109e+02 9.7757721160e-13 3.3074993251e-13 6.4682727909e-13
3.7353515625e+02 9.7373659943e-13 3.2932547126e-13 6.4441112818e-13
3.7359619141e+02 9.7462772618e-13 3.2896655314e-13 6.4566117304e-13
3.7365722656e+02 9.7380507871e-13 3.2818862212e-13 6.4561645659e-13
3.7371826172e+02 9.7209824651e-13 3.2968900291e-13 6.4240924360e-13
3.7377929688e+02 9.7220083785e-13 3.2937507379e-13 6.4282576406e-13
3.7384033203e+02 9.7331918023e-13 3.2890710495e-13 6.4441207528e-13
3.7390136719e+02 9.6704833102e-13 3.2558527728e-13 6.4146305374e-13
3.7396240234e+02 9.7662812503e-13 3.2796492869e-13 6.4866319634e-13
3.7402343750e+02 9.7236805511e-13 3.2802592270e-13 6.4434213241e-13
3.7408447266e+02 9.7211993044e-13 3.2675954612e-13 6.4536038432e-13
3.7414550781e+02 9.7135501406e-13 3.2916644445e-13 6.4218856961e-13
3.7420654297e+02 9.7112015823e-13 3.3090649870e-13 6.4021365954e-13
3.7426757812e+02 9.6837927855e-13 3.2868318730e-13 6.3969609124e-13
3.7432861328e+02 9.6884347060e-13 3.2781343675e-13 6.4103003385e-13
3.7438964844e+02 9.7338311327e-13 3.2923740561e-13 6.4414570767e-13
3.7445068359e+02 9.6668575819e-13 3.2668704739e-13 6.3999871080e-13
3.7451171875e+02 9.6568030635e-13 3.2598135757e-13 6.3969894878e-13
3.7457275391e+02 9.6128682375e-13 3.2421416425e-13 6.3707265950e-13
3.7463378906e+02 9.7019386728e-13 3.3021176271e-13 6.3998210457e-13
3.7469482422e+02 9.7257011058e-13 3.2971638866e-13 6.4285372192e-13
3.7475585938e+02 9.6974526476e-13 3.2846648857e-13 6.4127877619e-13
3.7481689453e+02 9.7124210158e-13 3.2977355939e-13 6.4146854219e-13
3.7487792969e+02 9.7164479106e-13 3.2947906767e-13 6.4216572339e-13
3.7493896484e+02 9.7725389573e-13 3.3310228615e-13 6.4415160958e-13
3.7500000000e+02 9.8346213592e-13 3.3360193528e-13 6.4986020064e-13
3.7506103516e+02 9.8307241323e-13 3.3193998309e-13 6.5113243014e-13
3.7512207031e+02 9.7912290695e-13 3.3257764859e-13 6.4654525836e-13
3.7518310547e+02 9.7144727964e-13 3.3129829700e-13 6.4014898264e-13
3.7524414062e+02 9.7398450872e-13 3.2934747003e-13 6.4463703870e-13
3.7530517578e+02 9.7196584954e-13 3.2839125366e-13 6.4357459588e-13
3.7536621094e+02 9.7095203722e-13 3.2756113262e-13 6.4339090460e-13
3.7542724609e+02 9.7396936274e-13 3.2821699638e-13 6.4575236637e-13
3.7548828125e+02 9.7485276387e-13 3.2891321068e-13 6.4593955319e-13
3.7554931641e+02 9.7815173544e-13 3.3142074310e-13 6.4673099233e-13
3.7561035156e+02 9.7566495865e-13 3.3077876549e-13 6.4488619316e-13
3.7567138672e+02 9.7815544630e-13 3.3078192805e-13 6.4737351825e-13
3.7573242188e+02 9.7774919084e-13 3.3009488841e-13 6.4765430243e-13
3.7579345703e+02 9.7986741021e-13 3.3157828419e-13 6.4828912602e-13
3.7585449219e+02 9.6747119199e-13 3.2641071622e-13 6.4106047578e-13
3.7591552734e+02 9.7044486915e-13 3.2892759431e-13 6.4151727484e-13
3.7597656250e+02 9.7312695498e-13 3.2944470426e-13 6.4368225072e-13
3.7603759766e+02 9.7546907608e-13 3.3130397243e-13 6.4416510365e-13
3.7609863281e+02 9.7230662494e-13 3.2937177764e-13 6.4293484730e-13
3.7615966797e+02 9.6674058292e-13 3.2741992887e-13 6.3932065405e-13
3.7622070312e+02 9.7243946247e-13 3.2937361824e-13 6.4306584423e-13
3.7628173828e+02 9.6978364150e-13 3.2981275557e-13 6.3997088593e-13
3.7634277344e+02 9.7246474410e-13 3.3148105380e-13 6.4098369030e-13
3.7640380859e+02 9.6289955255e-13 3.2834492724e-13 6.3455462531e-13
3.7646484375e+02 9.5798248321e-13 3.2645009083e-13 6.3153239238e-13
3.7652587891e+02 9.6573584848e-13 3.2579516328e-13 6.3994068520e-13
3.7658691406e+02 9.6795803385e-13 3.2758981959e-13 6.4036821426e-13
3.7664794922e+02 9.6160229327e-13 3.2775358310e-13 6.3384871016e-13
3.7670898438e+02 9.5963477606e-13 3.2713185386e-13 6.3250292221e-13
3.7677001953e+02 9.5446317397e-13 3.2532020988e-13 6.2914296409e-13
3.7683105469e+02 9.6000081931e-13 3.2640488846e-13 6.3359593085e-13
3.7689208984e+02 9.6268462784e-13 3.2658409458e-13 6.3610053325e-13
3.7695312500e+02 9.5788886181e-13 3.2552703837e-13 6.3236182343e-13
3.7701416016e+02 9.6144466290e-13 3.2658056121e-13 6.3486410168e-13
3.7707519531e+02 9.6022912427e-13 3.2602985085e-13 6.3419927342e-13
3.7713623047e+02 9.6160650913e-13 3.2749668109e-13 6.3410982804e-13
3.7719726562e+02 9.6282194963e-13 3.2715785511e-13 6.3566409452e-13
3.7725830078e+02 9.6558714194e-13 3.2623543746e-13 6.3935170448e-13
3.7731933594e+02 9.6218905308e-13 3.2404595450e-13 6.3814309857e-13
3.7738037109e+02 9.6447816684e-13 3.2533559594e-13 6.3914257090e-13
3.7744140625e+02 9.5817338803e-13 3.2361883738e-13 6.3455455065e-13
3.7750244141e+02 9.5540722536e-13 3.2386153804e-13 6.3154568732e-13
3.7756347656e+02 9.5387913325e-13 3.2256524357e-13 6.3131388968e-13
3.7762451172e+02 9.5318213537e-13 3.2453861602e-13 6.2864351935e-13
3.7768554688e+02 9.5926737727e-13 3.2666071762e-13 6.3260665965e-13
3.7774658203e+02 9.6893596206e-13 3.2805115038e-13 6.4088481168e-13
3.7780761719e+02 9.6307175040e-13 3.2451997748e-13 6.3855177292e-13
3.7786865234e+02 9.5674121994e-13 3.2294631059e-13 6.3379490935e-13
3.7792968750e+02 9.5408137214e-13 3.2332356960e-13 6.3075780254e-13
3.7799072266e+02 9.5452629264e-13 3.2183843918e-13 6.3268785347e-13
3.7805175781e+02 9.5504991802e-13 3.2257330398e-13 6.3247661404e-13
3.7811279297e+02 9.5263950963e-13 3.2075365496e-13 6.3188585467e-13
3.7817382812e+02 9.5182757323e-13 3.2078579816e-13 6.3104177507e-13
3.7823486328e+02 9.5531714849e-13 3.2399273869e-13 6.3132440980e-13
3.7829589844e+02 9.5311285935e-13 3.2476473212e-13 6.2834812723e-13
3.7835693359e+02 9.4827438065e-13 3.2028066374e-13 6.2799371691e-13
3.7841796875e+02 9.4871034644e-13 3.2031959384e-13 6.2839075260e-13
3.7847900391e+02 9.5068869067e-13 3.2110688394e-13 6.2958180673e-13
3.7854003906e+02 9.4887968636e-13 3.2221739741e-13 6.2666228895e-13
3.7860107422e+02 9.4817721552e-13 3.2297426183e-13 6.2520295369e-13
3.7866210938e+02 9.4968277364e-13 3.2239131823e-13 6.2729145541e-13
3.7872314453e+02 9.5185696766e-13 3.2268868827e-13 6.2916827940e-13
3.7878417969e+02 9.4330818144e-13 3.2020952650e-13 6.2309865494e-13
3.7884521484e+02 9.4619416755e-13 3.2048914041e-13 6.2570502714e-13
3.7890625000e+02 9.4223140118e-13 3.1844009444e-13 6.2379130673e-13
3.7896728516e+02 9.3739299446e-13 3.1734550913e-13 6.2004748533e-13
3.7902832031e+02 9.4034275255e-13 3.1879620831e-13 6.2154654425e-13
3.7908935547e+02 9.4480091457e-13 3.1942631920e-13 6.2537459537e-13
3.7915039062e+02 9.3680410926e-13 3.1780624226e-13 6.1899786701e-13
3.7921142578e+02 9.3901334007e-13 3.1777718559e-13 6.2123615448e-13
3.7927246094e+02 9.4613574940e-13 3.2110807996e-13 6.2502766944e-13
3.7933349609e+02 9.4684445750e-13 3.2054081988e-13 6.2630363762e-13
3.7939453125e+02 9.3977580397e-13 3.1727645769e-13 6.2249934628e-13
3.7945556641e+02 9.3474723046e-13 3.1431771365e-13 6.2042951681e-13
3.7951660156e+02 9.3962061385e-13 3.1790140859e-13 6.2171920526e-13
3.7957763672e+02 9.4787918545e-13 3.2111137590e-13 6.2676780955e-13
3.7963867188e+02 9.4818682584e-13 3.2079013998e-13 6.2739668586e-13
3.7969970703e+02 9.4932132720e-13 3.2125385634e-13 6.2806747086e-13
3.7976074219e+02 9.4162636837e-13 3.1919696616e-13 6.2242940221e-13
3.7982177734e+02 9.4168010403e-13 3.1845876080e-13 6.2322134323e-13
3.7988281250e+02 9.4532075870e-13 3.1931276101e-13 6.2600799769e-13
3.7994384766e+02 9.4371662683e-13 3.1846285743e-13 6.2525376940e-13
3.8000488281e+02 9.3724785465e-13 3.1789722607e-13 6.1935062858e-13
3.8006591797e+02 9.4474247869e-13 3.1988165462e-13 6.2486082407e-13
3.8012695312e+02 9.4471024959e-13 3.1965511124e-13 6.2505513836e-13
3.8018798828e+02 9.4407354336e-13 3.2091858945e-13 6.2315495391e-13
3.8024902344e+02 9.4297149638e-13 3.2084163976e-13 6.2212985662e-13
3.8031005859e+02 9.4069340824e-13 3.1992866822e-13 6.2076474002e-13
3.8037109375e+02 9.3580815570e-13 3.1723136399e-13 6.1857679171e-13
3.8043212891e+02 9.3608217211e-13 3.1689918038e-13 6.1918299173e-13
3.8049316406e+02 9.3494450379e-13 3.1620494687e-13 6.1873955692e-13
3.8055419922e+02 9.3464490036e-13 3.1452828272e-13 6.2011661764e-13
3.8061523438e+02 9.3696026165e-13 3.1699659048e-13 6.1996367117e-13
3.8067626953e+02 9.3272884517e-13 3.1565706731e-13 6.1707177786e-13
3.8073730469e+02 9.3284289296e-13 3.1490048287e-13 6.1794241009e-13
3.8079833984e+02 9.4067384419e-13 3.1789692337e-13 6.2277692083e-13
3.8085937500e+02 9.4058726427e-13 3.1890149091e-13 6.2168577336e-13
3.8092041016e+02 9.3609910671e-13 3.1644788480e-13 6.1965122191e-13
3.8098144531e+02 9.3834448670e-13 3.1603925398e-13 6.2230523272e-13
3.8104248047e+02 9.3741051925e-13 3.1804411454e-13 6.1936640472e-13
3.8110351562e+02 9.3362305433e-13 3.1544271463e-13 6.1818033970e-13
3.8116455078e+02 9.3321777094e-13 3.1437806344e-13 6.1883970750e-13
3.8122558594e+02 9.2761285209e-13 3.1478633593e-13 6.1282651616e-13
3.8128662109e+02 9.3792359793e-13 3.1749641138e-13 6.2042718655e-13
3.8134765625e+02 9.2972409425e-13 3.1486753972e-13 6.1485655453e-13
3.8140869141e+02 9.3009516232e-13 3.1406080035e-13 6.1603436197e-13
3.8146972656e+02 9.3061948918e-13 3.1497224149e-13 6.1564724769e-13
3.8153076172e+02 9.2846088705e-13 3.1593874581e-13 6.1252214123e-13
3.8159179688e+02 9.3301146239e-13 3.1640501400e-13 6.1660644839e-13
3.8165283203e+02 9.2901956721e-13 3.1496483948e-13 6.1405472773e-13
3.8171386719e+02 9.3119829342e-13 3.1535981186e-13 6.1583848156e-13
3.8177490234e+02 9.3158783199e-13 3.1541684802e-13 6.1617098396e-13
3.8183593750e+02 9.3126085234e-13 3.1517765061e-13 6.1608320172e-13
3.8189697266e+02 9.2809687778e-13 3.1492545233e-13 6.1317142544e-13
3.8195800781e+02 9.2437417505e-13 3.1291038178e-13 6.1146379327e-13
3.8201904297e+02 9.2110540131e-13 3.1220216842e-13 6.0890323289e-13
3.8208007812e+02 9.2313573985e-13 3.1294775349e-13 6.1018798636e-13
3.8214111328e+02 9.2328651821e-13 3.1387562491e-13 6.0941089330e-13
3.8220214844e+02 9.2586513633e-13 3.1458755404e-13 6.1127758229e-13
3.8226318359e+02 9.2571011072e-13 3.1385738851e-13 6.1185272221e-13
3.8232421875e+02 9.2682861196e-13 3.1362743852e-13 6.1320117343e-13
3.8238525391e+02 9.2600159191e-13 3.1309343835e-13 6.1290815356e-13
3.8244628906e+02 9.2284813921e-13 3.1221315621e-13 6.1063498300e-13
3.8250732422e+02 9.2231943496e-13 3.1171778453e-13 6.1060165042e-13
3.8256835938e+02 9.2136815539e-13 3.1186578003e-13 6.0950237536e-13
3.8262939453e+02 9.1699616602e-13 3.0861954276e-13 6.0837662327e-13
3.8269042969e+02 9.1575269815e-13 3.0961098428e-13 6.0614171387e-13
3.8275146484e+02 9.1245795758e-13 3.1107845221e-13 6.0137950537e-13
3.8281250000e+02 9.1843683230e-13 3.1161800271e-13 6.0681882959e-13
3.8287353516e+02 9.1454739352e-13 3.1124251455e-13 6.0330487897e-13
3.8293457031e+02 9.1672340874e-13 3.1306953259e-13 6.0365387615e-13
3.8299560547e+02 9.1783261537e-13 3.1250160836e-13 6.0533100700e-13
3.8305664062e+02 9.1664384664e-13 3.1044200760e-13 6.0620183904e-13
3.8311767578e+02 9.1315112455e-13 3.0873513906e-13 6.0441598549e-13
3.8317871094e+02 9.1177722341e-13 3.0965291383e-13 6.0212430958e-13
3.8323974609e+02 9.1194228269e-13 3.0959756221e-13 6.0234472048e-13
3.8330078125e+02 9.1304930298e-13 3.1006636283e-13 6.0298294015e-13
3.8336181641e+02 9.1873748859e-13 3.1115383771e-13 6.0758365088e-13
3.8342285156e+02 9.1968174899e-13 3.1186708646e-13 6.0781466254e-13
3.8348388672e+02 9.1293921592e-13 3.1005957651e-13 6.0287963941e-13
3.8354492188e+02 9.0628592144e-13 3.0699522686e-13 5.9929069458e-13
3.8360595703e+02 9.1030225885e-13 3.0847087446e-13 6.0183138440e-13
3.8366699219e+02 9.0664655268e-13 3.0639033172e-13 6.0025622096e-13
3.8372802734e+02 9.1425160774e-13 3.0767058733e-13 6.0658102041e-13
3.8378906250e+02 9.1595867259e-13 3.0936010019e-13 6.0659857241e-13
3.8385009766e+02 9.1213443103e-13 3.0873713955e-13 6.0339729148e-13
3.8391113281e+02 9.1259302677e-13 3.0837314178e-13 6.0421988499e-13
3.8397216797e+02 9.0675270296e-13 3.0751003258e-13 5.9924267037e-13
3.8403320312e+02 9.0532961090e-13 3.0846254195e-13 5.9686706895e-13
3.8409423828e+02 9.1194058594e-13 3.1133860374e-13 6.0060198220e-13
3.8415527344e+02 9.0746446857e-13 3.0883146723e-13 5.9863300134e-13
3.8421630859e+02 9.0642875862e-13 3.0875857863e-13 5.9767017999e-13
3.8427734375e+02 9.1272859563e-13 3.0991341482e-13 6.0281518081e-13
3.8433837891e+02 9.1196008432e-13 3.1013475976e-13 6.0182532456e-13
3.8439941406e+02 9.0640483454e-13 3.0626893024e-13 6.0013590430e-13
3.8446044922e+02 9.0771555746e-13 3.0678703211e-13 6.0092852535e-13
3.8452148438e+02 9.0666713519e-13 3.0833494015e-13 5.9833219504e-13
3.8458251953e+02 9.1163866089e-13 3.1041440125e-13 6.0122425964e-13
3.8464355469e+02 9.1066524167e-13 3.1008064995e-13 6.0058459172e-13
3.8470458984e+02 9.0670811308e-13 3.0932168843e-13 5.9738642466e-13
3.8476562500e+02 9.0636665841e-13 3.0712855556e-13 5.9923810285e-13
3.8482666016e+02 9.1073428545e-13 3.0855630868e-13 6.0217797677e-13
3.8488769531e+02 9.0166671515e-13 3.0693866642e-13 5.9472804873e-13
3.8494873047e+02 8.9888232048e-13 3.0689110851e-13 5.9199121197e-13
3.8500976562e+02 9.0256931831e-13 3.0893936686e-13 5.9362995145e-13
3.8507080078e+02 8.9982111237e-13 3.0588378207e-13 5.9393733030e-13
3.8513183594e+02 8.9857494546e-13 3.0313482738e-13 5.9544011809e-13
3.8519287109e+02 8.9974839187e-13 3.0270177611e-13 5.9704661576e-13
3.8525390625e+02 8.9853124973e-13 3.0440402749e-13 5.9412722224e-13
3.8531494141e+02 8.9557666752e-13 3.0439469943e-13 5.9118196809e-13
3.8537597656e+02 8.9714106292e-13 3.0404584248e-13 5.9309522044e-13
3.8543701172e+02 8.9926062925e-13 3.0387946399e-13 5.9538116526e-13
3.8549804688e+02 8.9011995084e-13 3.0356754211e-13 5.8655240873e-13
3.8555908203e+02 8.9572109755e-13 3.0449467950e-13 5.9122641804e-13
3.8562011719e+02 8.9534931398e-13 3.0456337705e-13 5.9078593693e-13
3.8568115234e+02 9.0090906099e-13 3.0679020506e-13 5.9411885593e-13
3.8574218750e+02 8.9829935982e-13 3.0698207084e-13 5.9131728897e-13
3.8580322266e+02 9.0038006863e-13 3.0779092218e-13 5.9258914644e-13
3.8586425781e+02 8.9881896152e-13 3.0596165794e-13 5.9285730358e-13
3.8592529297e+02 8.9791428959e-13 3.0496664895e-13 5.9294764064e-13
3.8598632812e+02 9.0017390721e-13 3.0555322046e-13 5.9462068675e-13
3.8604736328e+02 8.9303457616e-13 3.0334830958e-13 5.8968626658e-13
3.8610839844e+02 8.9273531648e-13 3.0311489438e-13 5.8962042210e-13
3.8616943359e+02 9.0034872760e-13 3.0650214410e-13 5.9384658350e-13
3.8623046875e+02 8.9992033502e-13 3.0458781184e-13 5.9533252318e-13
3.8629150391e+02 8.9502411125e-13 3.0162274398e-13 5.9340136726e-13
3.8635253906e+02 8.9606357762e-13 3.0282879845e-13 5.9323477916e-13
3.8641357422e+02 8.9869441369e-13 3.0361113422e-13 5.9508327947e-13
3.8647460938e+02 8.9957825869e-13 3.0457489544e-13 5.9500336325e-13
3.8653564453e+02 8.9365437442e-13 3.0342789878e-13 5.9022647564e-13
3.8659667969e+02 8.9601145221e-13 3.0390784540e-13 5.9210360681e-13
3.8665771484e+02 8.9772956546e-13 3.0462398859e-13 5.9310557687e-13
3.8671875000e+02 8.9843517155e-13 3.0641573810e-13 5.9201943345e-13
3.8677978516e+02 9.0110572045e-13 3.0492096215e-13 5.9618475830e-13
3.8684082031e+02 8.9781726037e-13 3.0358845616e-13 5.9422880421e-13
3.8690185547e+02 8.9091387787e-13 3.0318328347e-13 5.8773059440e-13
3.8696289062e+02 8.9275570814e-13 3.0377068147e-13 5.8898502668e-13
3.8702392578e+02 8.9134026650e-13 3.0279846677e-13 5.8854179973e-13
3.8708496094e+02 8.8969906940e-13 3.0227146528e-13 5.8742760411e-13
3.8714599609e+02 8.8993483758e-13 3.0202431910e-13 5.8791051848e-13
3.8720703125e+02 8.8315553172e-13 3.0033389964e-13 5.8282163207e-13
3.8726806641e+02 8.8824906113e-13 2.9979380388e-13 5.8845525724e-13
3.8732910156e+02 8.8510025776e-13 2.9809343935e-13 5.8700681841e-13
3.8739013672e+02 8.8740404719e-13 3.0168275251e-13 5.8572129468e-13
3.8745117188e+02 8.9526528811e-13 3.0571694921e-13 5.8954833890e-13
3.8751220703e+02 9.0292039342e-13 3.0603525541e-13 5.9688513802e-13
3.8757324219e+02 9.0009384616e-13 3.0329189926e-13 5.9680194690e-13
3.8763427734e+02 9.0123973123e-13 3.0419888666e-13 5.9704084458e-13
3.8769531250e+02 8.9811650626e-13 3.0468152792e-13 5.9343497834e-13
3.8775634766e+02 9.0014545179e-13 3.0288227646e-13 5.9726317533e-13
3.8781738281e+02 8.9986129905e-13 3.0333732217e-13 5.9652397688e-13
3.8787841797e+02 8.9850056009e-13 3.0468314219e-13 5.9381741789e-13
3.8793945312e+02 8.9078992829e-13 3.0248540931e-13 5.8830451898e-13
3.8800048828e+02 8.8490370326e-13 2.9969531661e-13 5.8520838666e-13
3.8806152344e+02 8.9294280463e-13 3.0286251970e-13 5.9008028493e-13
3.8812255859e+02 8.9672880068e-13 3.0529636943e-13 5.9143243124e-13
3.8818359375e+02 8.9826426560e-13 3.0605340060e-13 5.9221086500e-13
3.8824462891e+02 8.9950648422e-13 3.0666013388e-13 5.9284635034e-13
3.8830566406e+02 8.9497747204e-13 3.0411338085e-13 5.9086409118e-13
3.8836669922e+02 8.8973093407e-13 3.0251644235e-13 5.8721449171e-13
3.8842773438e+02 8.9317006072e-13 3.0519389178e-13 5.8797616894e-13
3.8848876953e+02 9.0463513189e-13 3.0836215079e-13 5.9627298110e-13
3.8854980469e+02 9.0094492364e-13 3.0466014121e-13 5.9628478243e-13
3.8861083984e+02 8.9720301635e-13 3.0160302888e-13 5.9559998747e-13
3.8867187500e+02 8.9529647088e-13 3.0158442399e-13 5.9371204688e-13
3.8873291016e+02 8.9796170381e-13 3.0108989575e-13 5.9687180807e-13
3.8879394531e+02 8.9556692724e-13 3.0224257834e-13 5.9332434890e-13
3.8885498047e+02 8.9512375374e-13 3.0337576883e-13 5.9174798491e-13
3.8891601562e+02 8.9344225196e-13 3.0208222985e-13 5.9136002211e-13
3.8897705078e+02 8.9550440499e-13 3.0419221196e-13 5.9131219304e-13
3.8903808594e+02 8.9751586515e-13 3.0439076979e-13 5.9312509537e-13
3.8909912109e+02 8.9940581329e-13 3.0476798814e-13 5.9463782515e-13
3.8916015625e+02 9.0031899734e-13 3.0591782645e-13 5.9440117089e-13
3.8922119141e+02 8.9099127779e-13 3.0260613421e-13 5.8838514358e-13
3.8928222656e+02 8.9771627881e-13 3.0488017038e-13 5.9283610843e-13
3.8934326172e+02 8.9464980688e-13 3.0226938040e-13 5.9238042648e-13
3.8940429688e+02 8.9211203126e-13 3.0088089792e-13 5.9123113334e-13
3.8946533203e+02 8.9500674366e-13 3.0215135181e-13 5.9285539185e-13
3.8952636719e+02 8.9846038729e-13 3.0429185816e-13 5.9416852913e-13
3.8958740234e+02 8.9271214448e-13 3.0333606321e-13 5.8937608127e-13
3.8964843750e+02 8.8946177715e-13 3.0109913994e-13 5.8836263721e-13
3.8970947266e+02 8.8904143743e-13 3.0093412075e-13 5.8810731668e-13
3.8977050781e+02 8.9048371916e-13 3.0304160103e-13 5.8744211813e-13
3.8983154297e+02 8.8848473979e-13 3.0306345192e-13 5.8542128788e-13
3.8989257812e+02 8.8960137427e-13 3.0310193483e-13 5.8649943945e-13
3.8995361328e+02 8.9511215216e-13 3.0483950685e-13 5.9027264531e-13
3.9001464844e+02 8.9018668434e-13 3.0456507881e-13 5.8562160553e-13
3.9007568359e+02 8.9202708750e-13 3.0337723261e-13 5.8864985489e-13
3.9013671875e+02 8.9438220001e-13 3.0361738053e-13 5.9076481948e-13
3.9019775391e+02 8.8629657716e-13 3.0161627164e-13 5.8468030552e-13
3.9025878906e+02 8.8081059432e-13 2.9855480695e-13 5.8225578737e-13
3.9031982422e+02 8.8214339168e-13 2.9838035643e-13 5.8376303525e-13
3.9038085938e+02 8.9393784372e-13 3.0097600929e-13 5.9296183444e-13
3.9044189453e+02 8.8667606892e-13 2.9937317326e-13 5.8730289566e-13
3.9050292969e+02 8.8698846912e-13 3.0107754903e-13 5.8591092009e-13
3.9056396484e+02 8.9243801119e-13 3.0415864306e-13 5.8827936813e-13
3.9062500000e+02 8.8924255931e-13 3.0100251772e-13 5.8824004159e-13
3.9068603516e+02 8.8188780681e-13 2.9865674548e-13 5.8323106133e-13
3.9074707031e+02 8.8215429183e-13 2.9806653451e-13 5.8408775732e-13
3.9080810547e+02 8.8463002143e-13 2.9986582579e-13 5.8476419564e-13
3.9086914062e+02 8.8563823668e-13 3.0096721595e-13 5.8467102074e-13
3.9093017578e+02 8.8194707015e-13 3.0107930410e-13 5.8086776605e-13
3.9099121094e+02 8.8343782423e-13 3.0019054842e-13 5.8324727581e-13
3.9105224609e+02 8.8992725929e-13 3.0072441875e-13 5.8920284054e-13
3.9111328125e+02 8.9060607558e-13 2.9976576432e-13 5.9084031126e-13
3.9117431641e+02 8.8802606824e-13 3.0061540704e-13 5.8741066119e-13
3.9123535156e+02 8.8238235948e-13 2.9995331568e-13 5.8242904380e-13
3.9129638672e+02 8.8213734525e-13 2.9776728130e-13 5.8437006395e-13
3.9135742188e+02 8.8488566434e-13 2.9797185410e-13 5.8691381024e-13
3.9141845703e+02 8.8298274686e-13 2.9942883348e-13 5.8355391338e-13
3.9147949219e+02 8.8898785170e-13 3.0074893262e-13 5.8823891908e-13
3.9154052734e+02 8.7836679737e-13 2.9858700136e-13 5.7977979601e-13
3.9160156250e+02 8.7871696061e-13 3.0039059746e-13 5.7832636315e-13
3.9166259766e+02 8.7704503647e-13 2.9715167833e-13 5.7989335814e-13
3.9172363281e+02 8.8161240728e-13 2.9808287499e-13 5.8352953228e-13
3.9178466797e+02 8.8502107071e-13 3.0084590543e-13 5.8417516527e-13
3.9184570312e+02 8.8511198102e-13 3.0013612754e-13 5.8497585348e-13
3.9190673828e+02 8.8528749919e-13 3.0051721468e-13 5.8477028451e-13
3.9196777344e+02 8.7983230330e-13 2.9815555873e-13 5.8167674457e-13
3.9202880859e+02 8.7595782666e-13 2.9529049831e-13 5.8066732835e-13
3.9208984375e+02 8.7343718267e-13 2.9551959156e-13 5.7791759111e-13
3.9215087891e+02 8.7258428907e-13 2.9481908635e-13 5.7776520272e-13
3.9221191406e+02 8.7472673193e-13 2.9564340830e-13 5.7908332363e-13
3.9227294922e+02 8.7031787207e-13 2.9413058634e-13 5.7618728573e-13
3.9233398438e+02 8.7760287206e-13 2.9797611054e-13 5.7962676151e-13
3.9239501953e+02 8.8045503275e-13 3.0047828376e-13 5.7997674899e-13
3.9245605469e+02 8.6947122603e-13 2.9649187851e-13 5.7297934752e-13
3.9251708984e+02 8.7456456495e-13 2.9625702799e-13 5.7830753696e-13
3.9257812500e+02 8.7696226091e-13 2.9717883356e-13 5.7978342735e-13
3.9263916016e+02 8.7641150561e-13 2.9657419005e-13 5.7983731556e-13
3.9270019531e+02 8.6881987690e-13 2.9474648189e-13 5.7407339502e-13
3.9276123047e+02 8.7141882057e-13 2.9788751137e-13 5.7353130921e-13
3.9282226562e+02 8.7351082697e-13 2.9687271126e-13 5.7663811571e-13
3.9288330078e+02 8.7769239854e-13 2.9705876965e-13 5.8063362890e-13
3.9294433594e+02 8.7444087050e-13 2.9643335461e-13 5.7800751589e-13
3.9300537109e+02 8.6971698946e-13 2.9504367479e-13 5.7467331467e-13
3.9306640625e+02 8.6891520042e-13 2.9459842861e-13 5.7431677181e-13
3.9312744141e+02 8.7060175364e-13 2.9535425138e-13 5.7524750226e-13
3.9318847656e+02 8.7138993835e-13 2.9786460286e-13 5.7352533548e-13
3.9324951172e+02 8.6896063189e-13 2.9649504710e-13 5.7246558479e-13
3.9331054688e+02 8.7327107728e-13 2.9630901147e-13 5.7696206580e-13
3.9337158203e+02 8.7360848614e-13 2.9641019104e-13 5.7719829511e-13
3.9343261719e+02 8.6993185478e-13 2.9578764011e-13 5.7414421467e-13
3.9349365234e+02 8.6308339467e-13 2.9430956416e-13 5.6877383051e-13
3.9355468750e+02 8.6609290925e-13 2.9486329801e-13 5.7122961124e-13
3.9361572266e+02 8.6872379738e-13 2.9456814516e-13 5.7415565223e-13
3.9367675781e+02 8.6758562841e-13 2.9511327610e-13 5.7247235231e-13
3.9373779297e+02 8.6198099137e-13 2.9470401071e-13 5.6727698066e-13
3.9379882812e+02 8.6182570545e-13 2.9419694976e-13 5.6762875569e-13
3.9385986328e+02 8.6591767225e-13 2.9428924929e-13 5.7162842295e-13
3.9392089844e+02 8.6912871877e-13 2.9470550720e-13 5.7442321157e-13
3.9398193359e+02 8.6447333880e-13 2.9322730767e-13 5.7124603113e-13
3.9404296875e+02 8.6335965576e-13 2.9267244248e-13 5.7068721329e-13
3.9410400391e+02 8.5441414376e-13 2.9036100664e-13 5.6405313711e-13
3.9416503906e+02 8.5782934166e-13 2.9153953318e-13 5.6628980848e-13
3.9422607422e+02 8.5816424372e-13 2.9094041077e-13 5.6722383295e-13
3.9428710938e+02 8.6050797878e-13 2.9106041725e-13 5.6944756153e-13
3.9434814453e+02 8.6376712072e-13 2.9326890322e-13 5.7049821750e-13
3.9440917969e+02 8.6060379587e-13 2.9304496627e-13 5.6755882960e-13
3.9447021484e+02 8.5974964583e-13 2.9119290425e-13 5.6855674157e-13
3.9453125000e+02 8.5557705968e-13 2.8976972335e-13 5.6580733632e-13
3.9459228516e+02 8.5182958061e-13 2.8798151833e-13 5.6384806228e-13
3.9465332031e+02 8.5792271437e-13 2.9098220682e-13 5.6694050754e-13
3.9471435547e+02 8.6233472566e-13 2.9329473769e-13 5.6903998796e-13
3.9477539062e+02 8.5913250507e-13 2.9168267500e-13 5.6744983007e-13
3.9483642578e+02 8.5792875440e-13 2.9214076650e-13 5.6578798790e-13
3.9489746094e+02 8.5860939443e-13 2.9068532443e-13 5.6792407000e-13
3.9495849609e+02 8.6071354208e-13 2.9177458489e-13 5.6893895719e-13
3.9501953125e+02 8.5916955871e-13 2.9078073385e-13 5.6838882486e-13
3.9508056641e+02 8.5153063624e-13 2.8888277690e-13 5.6264785934e-13
3.9514160156e+02 8.5552334938e-13 2.9163452471e-13 5.6388882468e-13
3.9520263672e+02 8.6125350890e-13 2.9223693298e-13 5.6901657591e-13
3.9526367188e+02 8.6230988772e-13 2.9302615250e-13 5.6928373521e-13
3.9532470703e+02 8.6676041926e-13 2.9410531143e-13 5.7265510783e-13
3.9538574219e+02 8.6312416730e-13 2.9238438888e-13 5.7073977842e-13
3.9544677734e+02 8.5790713499e-13 2.9022793341e-13 5.6767920158e-13
3.9550781250e+02 8.5262154439e-13 2.8959178829e-13 5.6302975609e-13
3.9556884766e+02 8.5655397667e-13 2.9008372634e-13 5.6647025033e-13
3.9562988281e+02 8.5585243063e-13 2.8879367944e-13 5.6705875118e-13
3.9569091797e+02 8.5669075497e-13 2.8928611776e-13 5.6740463721e-13
3.9575195312e+02 8.5709497615e-13 2.9116631540e-13 5.6592866075e-13
3.9581298828e+02 8.5649185969e-13 2.8940338231e-13 5.6708847738e-13
3.9587402344e+02 8.5397188453e-13 2.8890857132e-13 5.6506331321e-13
3.9593505859e+02 8.5732413142e-13 2.9215332376e-13 5.6517080765e-13
3.9599609375e+02 8.5706258700e-13 2.9262588193e-13 5.6443670507e-13
3.9605712891e+02 8.5961584328e-13 2.9148366195e-13 5.6813218133e-13
3.9611816406e+02 8.6474790235e-13 2.9322049752e-13 5.7152740483e-13
3.9617919922e+02 8.6765457165e-13 2.9428500556e-13 5.7336956610e-13
3.9624023438e+02 8.6259670112e-13 2.9248657174e-13 5.7011012938e-13
3.9630126953e+02 8.6244279076e-13 2.9264150123e-13 5.6980128953e-13
3.9636230469e+02 8.5994191345e-13 2.9231847766e-13 5.6762343579e-13
3.9642333984e+02 8.5755310755e-13 2.9071872306e-13 5.6683438449e-13
3.9648437500e+02 8.6100619245e-13 2.9206409237e-13 5.6894210008e-13
3.9654541016e+02 8.6228785635e-13 2.9024477998e-13 5.7204307636e-13
3.9660644531e+02 8.6418432642e-13 2.9222368508e-13 5.7196064134e-13
3.9666748047e+02 8.6243813891e-13 2.9406858751e-13 5.6836955139e-13
3.9672851562e+02 8.6586533916e-13 2.9441439824e-13 5.7145094092e-13
3.9678955078e+02 8.6503077069e-13 2.9382877440e-13 5.7120199629e-13
3.9685058594e+02 8.6372770550e-13 2.9418123756e-13 5.6954646794e-13
3.9691162109e+02 8.6085540445e-13 2.9225230612e-13 5.6860309833e-13
3.9697265625e+02 8.6455574502e-13 2.9299511607e-13 5.7156062895e-13
3.9703369141e+02 8.6121182004e-13 2.9269508139e-13 5.6851673866e-13
3.9709472656e+02 8.5823166857e-13 2.9116630149e-13 5.6706536707e-13
3.9715576172e+02 8.6007021453e-13 2.9152003040e-13 5.6855018413e-13
3.9721679688e+02 8.6064407869e-13 2.9122097220e-13 5.6942310648e-13
3.9727783203e+02 8.5423298110e-13 2.9000054593e-13 5.6423243516e-13
3.9733886719e+02 8.5621888153e-13 2.9076651405e-13 5.6545236748e-13
3.9739990234e+02 8.5331539656e-13 2.8960638811e-13 5.6370900845e-13
3.9746093750e+02 8.5277888180e-13 2.8875492578e-13 5.6402395601e-13
3.9752197266e+02 8.5387638790e-13 2.8924974345e-13 5.6462664445e-13
3.9758300781e+02 8.5483768287e-13 2.8980877860e-13 5.6502890427e-13
3.9764404297e+02 8.5904209772e-13 2.9107320048e-13 5.6796889724e-13
3.9770507812e+02 8.5965991573e-13 2.9214248800e-13 5.6751742773e-13
3.9776611328e+02 8.5677764097e-13 2.9167191951e-13 5.6510572146e-13
3.9782714844e+02 8.5328959929e-13 2.8877938856e-13 5.6451021073e-13
3.9788818359e+02 8.5441641496e-13 2.8900733639e-13 5.6540907857e-13
3.9794921875e+02 8.5796157085e-13 2.9202924530e-13 5.6593232556e-13
3.9801025391e+02 8.6492174670e-13 2.9394297232e-13 5.7097877438e-13
3.9807128906e+02 8.6436396754e-13 2.9339348583e-13 5.7097048171e-13
3.9813232422e+02 8.6158813310e-13 2.9213404570e-13 5.6945408739e-13
3.9819335938e+02 8.5933774522e-13 2.8819264518e-13 5.7114510005e-13
3.9825439453e+02 8.5609082882e-13 2.8780888191e-13 5.6828194691e-13
3.9831542969e+02 8.6160314847e-13 2.9029487687e-13 5.7130827159e-13
3.9837646484e+02 8.5954382762e-13 2.9086874935e-13 5.6867507827e-13
3.9843750000e+02 8.5723767781e-13 2.9008254272e-13 5.6715513508e-13
3.9849853516e+02 8.6122767010e-13 2.9323205357e-13 5.6799561653e-13
3.9855957031e+02 8.5923300881e-13 2.9275034405e-13 5.6648266476e-13
3.9862060547e+02 8.5832509155e-13 2.9073069348e-13 5.6759439807e-13
3.9868164062e+02 8.5687743162e-13 2.8990056139e-13 5.6697687022e-13
3.9874267578e+02 8.5373565596e-13 2.8907822759e-13 5.6465742837e-13
3.9880371094e+02 8.5301453893e-13 2.8839129473e-13 5.6462324421e-13
3.9886474609e+02 8.5610268681e-13 2.8972330448e-13 5.6637938233e-13
3.9892578125e+02 8.5673832108e-13 2.8958098763e-13 5.6715733345e-13
3.9898681641e+02 8.5895733287e-13 2.9013951723e-13 5.6881781564e-13
3.9904785156e+02 8.6127667267e-13 2.9140185747e-13 5.6987481520e-13
3.9910888672e+02 8.6316548383e-13 2.9191674281e-13 5.7124874102e-13
3.9916992188e+02 8.6189728903e-13 2.9032942653e-13 5.7156786250e-13
3.9923095703e+02 8.5627534987e-13 2.8892923605e-13 5.6734611383e-13
3.9929199219e+02 8.5441059126e-13 2.8911920828e-13 5.6529138298e-13
3.9935302734e+02 8.5968984496e-13 2.9242389978e-13 5.6726594519e-13
3.9941406250e+02 8.5741771629e-13 2.9093275554e-13 5.6648496075e-13
3.9947509766e+02 8.5502763872e-13 2.9087133769e-13 5.6415630103e-13
3.9953613281e+02 8.6002934594e-13 2.9276651948e-13 5.6726282646e-13
3.9959716797e+02 8.6502355145e-13 2.9108802222e-13 5.7393552923e-13
3.9965820312e+02 8.5749518476e-13 2.9057313704e-13 5.6692204772e-13
3.9971923828e+02 8.5415268249e-13 2.8879171880e-13 5.6536096369e-13
3.9978027344e+02 8.6293964780e-13 2.8979814850e-13 5.7314149930e-13
3.9984130859e+02 8.6274076658e-13 2.9156321579e-13 5.7117755079e-13
3.9990234375e+02 8.5910759174e-13 2.9054899104e-13 5.6855860069e-13
3.9996337891e+02 8.5932609994e-13 2.8905604212e-13 5.7027005782e-13
4.0002441406e+02 8.6264832885e-13 2.9150143481e-13 5.7114689404e-13
4.0008544922e+02 8.5512863118e-13 2.8971684034e-13 5.6541179083e-13
4.0014648438e+02 8.5079185598e-13 2.8874877015e-13 5.6204308584e-13
4.0020751953e+02 8.5274862973e-13 2.8879592707e-13 5.6395270265e-13
4.0026855469e+02 8.4894188620e-13 2.8690852360e-13 5.6203336260e-13
4.0032958984e+02 8.5408283648e-13 2.8960193186e-13 5.6448090461e-13
4.0039062500e+02 8.5476043324e-13 2.8884899473e-13 5.6591143852e-13
4.0045166016e+02 8.5449668695e-13 2.8889132410e-13 5.6560536285e-13
4.0051269531e+02 8.4957748630e-13 2.8837659355e-13 5.6120089276e-13
4.0057373047e+02 8.5023051854e-13 2.8713198887e-13 5.6309852967e-13
4.0063476562e+02 8.5173762772e-13 2.8952860476e-13 5.6220902297e-13
4.0069580078e+02 8.4451529801e-13 2.8694405996e-13 5.5757123805e-13
4.0075683594e+02 8.3853227940e-13 2.8473997763e-13 5.5379230177e-13
4.0081787109e+02 8.4228293352e-13 2.8600983817e-13 5.5627309535e-13
4.0087890625e+02 8.5378648483e-13 2.8942823704e-13 5.6435824779e-13
4.0093994141e+02 8.4687278025e-13 2.8772669560e-13 5.5914608465e-13
4.0100097656e+02 8.4315407559e-13 2.8562708851e-13 5.5752698708e-13
4.0106201172e+02 8.4674187172e-13 2.8656315810e-13 5.6017871362e-13
4.0112304688e+02 8.4468081937e-13 2.8457589208e-13 5.6010492729e-13
4.0118408203e+02 8.4006575510e-13 2.8403860494e-13 5.5602715016e-13
4.0124511719e+02 8.4741525326e-13 2.8671091305e-13 5.6070434021e-13
4.0130615234e+02 8.4546443368e-13 2.8705452238e-13 5.5840991130e-13
4.0136718750e+02 8.4167719988e-13 2.8496861076e-13 5.5670858912e-13
4.0142822266e+02 8.4265757171e-13 2.8509777407e-13 5.5755979765e-13
4.0148925781e+02 8.4712326977e-13 2.8694685487e-13 5.6017641490e-13
4.0155029297e+02 8.4107528222e-13 2.8498513189e-13 5.5609015033e-13
4.0161132812e+02 8.3808028027e-13 2.8298340377e-13 5.5509687650e-13
4.0167236328e+02 8.4053504859e-13 2.8424461144e-13 5.5629043715e-13
4.0173339844e+02 8.4400087193e-13 2.8592062775e-13 5.5808024418e-13
4.0179443359e+02 8.4214952754e-13 2.8572029585e-13 5.5642923169e-13
4.0185546875e+02 8.3842610712e-13 2.8474855693e-13 5.5367755019e-13
4.0191650391e+02 8.3896454749e-13 2.8522625058e-13 5.5373829691e-13
4.0197753906e+02 8.3364957536e-13 2.8361146775e-13 5.5003810761e-13
4.0203857422e+02 8.3200078995e-13 2.8303571799e-13 5.4896507197e-13
4.0209960938e+02 8.3408911856e-13 2.8336601869e-13 5.5072309987e-13
4.0216064453e+02 8.2951046271e-13 2.8178842093e-13 5.4772204178e-13
4.0222167969e+02 8.3075933638e-13 2.8101308247e-13 5.4974625391e-13
4.0228271484e+02 8.3665628783e-13 2.8222069193e-13 5.5443559591e-13
4.0234375000e+02 8.3303294992e-13 2.8324636902e-13 5.4978658090e-13
4.0240478516e+02 8.3674901803e-13 2.8362281482e-13 5.5312620321e-13
4.0246582031e+02 8.3345527910e-13 2.8161118338e-13 5.5184409572e-13
4.0252685547e+02 8.2608721009e-13 2.8012798989e-13 5.4595922020e-13
4.0258789062e+02 8.2200515822e-13 2.8050865839e-13 5.4149649983e-13
4.0264892578e+02 8.2542944000e-13 2.8189747927e-13 5.4353196073e-13
4.0270996094e+02 8.1947248325e-13 2.7926863479e-13 5.4020384846e-13
4.0277099609e+02 8.2092969554e-13 2.7911533288e-13 5.4181436266e-13
4.0283203125e+02 8.2333739745e-13 2.7930966290e-13 5.4402773454e-13
4.0289306641e+02 8.1920175751e-13 2.7841098177e-13 5.4079077574e-13
4.0295410156e+02 8.2221639598e-13 2.7950005830e-13 5.4271633768e-13
4.0301513672e+02 8.2135696933e-13 2.7973100321e-13 5.4162596611e-13
4.0307617188e+02 8.2321489685e-13 2.8059155187e-13 5.4262334497e-13
4.0313720703e+02 8.2743785078e-13 2.8063113202e-13 5.4680671876e-13
4.0319824219e+02 8.3108933806e-13 2.8273953783e-13 5.4834980023e-13
4.0325927734e+02 8.2899799624e-13 2.8154351925e-13 5.4745447699e-13
4.0332031250e+02 8.2705532007e-13 2.8116031402e-13 5.4589500605e-13
4.0338134766e+02 8.2534244437e-13 2.8012960013e-13 5.4521284424e-13
4.0344238281e+02 8.2327984169e-13 2.7932094727e-13 5.4395889442e-13
4.0350341797e+02 8.2036908806e-13 2.7860604407e-13 5.4176304398e-13
4.0356445312e+02 8.1694726591e-13 2.7551195321e-13 5.4143531270e-13
4.0362548828e+02 8.1976830067e-13 2.7808728296e-13 5.4168101771e-13
4.0368652344e+02 8.2441294472e-13 2.8014925441e-13 5.4426369031e-13
4.0374755859e+02 8.2267109587e-13 2.8031733567e-13 5.4235376020e-13
4.0380859375e+02 8.2190788701e-13 2.7863720661e-13 5.4327068040e-13
4.0386962891e+02 8.2496384274e-13 2.8022278516e-13 5.4474105759e-13
4.0393066406e+02 8.1875521185e-13 2.8013496689e-13 5.3862024496e-13
4.0399169922e+02 8.1749210330e-13 2.7847804036e-13 5.3901406294e-13
4.0405273438e+02 8.2032346373e-13 2.7838940093e-13 5.4193406281e-13
4.0411376953e+02 8.2702666390e-13 2.7933235637e-13 5.4769430753e-13
4.0417480469e+02 8.2532527447e-13 2.7979338031e-13 5.4553189416e-13
4.0423583984e+02 8.2338584531e-13 2.8119761611e-13 5.4218822920e-13
4.0429687500e+02 8.2589522754e-13 2.8105547644e-13 5.4483975110e-13
4.0435791016e+02 8.2227577208e-13 2.7965057848e-13 5.4262519360e-13
4.0441894531e+02 8.2187970848e-13 2.7918382549e-13 5.4269588299e-13
4.0447998047e+02 8.2310635619e-13 2.7914291612e-13 5.4396344008e-13
4.0454101562e+02 8.2069197119e-13 2.7916690803e-13 5.4152506316e-13
4.0460205078e+02 8.2422174779e-13 2.8032603393e-13 5.4389571386e-13
4.0466308594e+02 8.2099156886e-13 2.7921890348e-13 5.4177266538e-13
4.0472412109e+02 8.2006133417e-13 2.7848963934e-13 5.4157169482e-13
4.0478515625e+02 8.1912565491e-13 2.7733465901e-13 5.4179099590e-13
4.0484619141e+02 8.2115414623e-13 2.7810850840e-13 5.4304563784e-13
4.0490722656e+02 8.1935021885e-13 2.7867306258e-13 5.4067715627e-13
4.0496826172e+02 8.2199359676e-13 2.7979716591e-13 5.4219643084e-13
4.0502929688e+02 8.1396609566e-13 2.7875253349e-13 5.3521356217e-13
4.0509033203e+02 8.1745634744e-13 2.7716348365e-13 5.4029286379e-13
4.0515136719e+02 8.2104139951e-13 2.7777313117e-13 5.4326826834e-13
4.0521240234e+02 8.1932390953e-13 2.7757599778e-13 5.4174791175e-13
4.0527343750e+02 8.1703646166e-13 2.7711163826e-13 5.3992482340e-13
4.0533447266e+02 8.1577721071e-13 2.7699635442e-13 5.3878085629e-13
4.0539550781e+02 8.2635639387e-13 2.7936125238e-13 5.4699514149e-13
4.0545654297e+02 8.1933435438e-13 2.7606874613e-13 5.4326560825e-13
4.0551757812e+02 8.1354733665e-13 2.7589618116e-13 5.3765115550e-13
4.0557861328e+02 8.1546593200e-13 2.7663625009e-13 5.3882968191e-13
4.0563964844e+02 8.1448075359e-13 2.7546268538e-13 5.3901806821e-13
4.0570068359e+02 8.2028760298e-13 2.7798704347e-13 5.4230055951e-13
4.0576171875e+02 8.2010654687e-13 2.7854650847e-13 5.4156003839e-13
4.0582275391e+02 8.1715251676e-13 2.7673436585e-13 5.4041815091e-13
4.0588378906e+02 8.1788163383e-13 2.7673187694e-13 5.4114975689e-13
4.0594482422e+02 8.1959042916e-13 2.7744218435e-13 5.4214824481e-13
4.0600585938e+02 8.1157759982e-13 2.7570400819e-13 5.3587359163e-13
4.0606689453e+02 8.0862516482e-13 2.7444308733e-13 5.3418207748e-13
4.0612792969e+02 8.0950422426e-13 2.7543638664e-13 5.3406783762e-13
4.0618896484e+02 8.1357722899e-13 2.7672342186e-13 5.3685380713e-13
4.0625000000e+02 8.1645479076e-13 2.7635524767e-13 5.4009954309e-13
4.0631103516e+02 8.1892322063e-13 2.7793231710e-13 5.4099090353e-13
4.0637207031e+02 8.1832999221e-13 2.7633290996e-13 5.4199708226e-13
4.0643310547e+02 8.1612872123e-13 2.7463762318e-13 5.4149109805e-13
4.0649414062e+02 8.1129130694e-13 2.7604373566e-13 5.3524757128e-13
4.0655517578e+02 8.1063186685e-13 2.7638922770e-13 5.3424263915e-13
4.0661621094e+02 8.1517166602e-13 2.7728040284e-13 5.3789126317e-13
4.0667724609e+02 8.1459421110e-13 2.7722895831e-13 5.3736525279e-13
4.0673828125e+02 8.1132419040e-13 2.7444370918e-13 5.3688048122e-13
4.0679931641e+02 8.1074716105e-13 2.7519251883e-13 5.3555464222e-13
4.0686035156e+02 8.0820564784e-13 2.7663396945e-13 5.3157167839e-13
4.0692138672e+02 8.1166154739e-13 2.7691714926e-13 5.3474439814e-13
4.0698242188e+02 8.1255163828e-13 2.7573093599e-13 5.3682070229e-13
4.0704345703e+02 8.0709002959e-13 2.7421869965e-13 5.3287132993e-13
4.0710449219e+02 8.0649476308e-13 2.7351904614e-13 5.3297571694e-13
4.0716552734e+02 8.0817734408e-13 2.7398542635e-13 5.3419191773e-13
4.0722656250e+02 8.0769779281e-13 2.7514161113e-13 5.3255618168e-13
4.0728759766e+02 8.0740352442e-13 2.7352424881e-13 5.3387927561e-13
4.0734863281e+02 8.0297064999e-13 2.7189706031e-13 5.3107358968e-13
4.0740966797e+02 8.0491317784e-13 2.7351697693e-13 5.3139620091e-13
4.0747070312e+02 8.0923888288e-13 2.7429371574e-13 5.3494516714e-13
4.0753173828e+02 8.0470931260e-13 2.7339989641e-13 5.3130941619e-13
4.0759277344e+02 8.0449107443e-13 2.7279254472e-13 5.3169852970e-13
4.0765380859e+02 7.9975892398e-13 2.7213340727e-13 5.2762551671e-13
4.0771484375e+02 7.9690428381e-13 2.7113934763e-13 5.2576493617e-13
4.0777587891e+02 8.0558087982e-13 2.7251788501e-13 5.3306299482e-13
4.0783691406e+02 8.0272349663e-13 2.7267929140e-13 5.3004420523e-13
4.0789794922e+02 7.9919608201e-13 2.7205888980e-13 5.2713719221e-13
4.0795898438e+02 7.9991169991e-13 2.7258703529e-13 5.2732466462e-13
4.0802001953e+02 7.9751153937e-13 2.7141941231e-13 5.2609212707e-13
4.0808105469e+02 7.9800417311e-13 2.7064931081e-13 5.2735486231e-13
4.0814208984e+02 7.9143101187e-13 2.7013704110e-13 5.2129397077e-13
4.0820312500e+02 7.9473761435e-13 2.7134279122e-13 5.2339482313e-13
4.0826416016e+02 7.9908979544e-13 2.7126463778e-13 5.2782515766e-13
4.0832519531e+02 7.9478193294e-13 2.7073767991e-13 5.2404425302e-13
4.0838623047e+02 7.9720991683e-13 2.7167047482e-13 5.2553944202e-13
4.0844726562e+02 7.9661671574e-13 2.7144524814e-13 5.2517146760e-13
4.0850830078e+02 7.9865630945e-13 2.7140455106e-13 5.2725175839e-13
4.0856933594e+02 8.0347104166e-13 2.7358915719e-13 5.2988188447e-13
4.0863037109e+02 8.0500654796e-13 2.7329680780e-13 5.3170974016e-13
4.0869140625e+02 8.0148450552e-13 2.7328728540e-13 5.2819722012e-13
4.0875244141e+02 8.0721856812e-13 2.7352354328e-13 5.3369502484e-13
4.0881347656e+02 8.0279196193e-13 2.7149417052e-13 5.3129779141e-13
4.0887451172e+02 7.9635787562e-13 2.7007324913e-13 5.2628462649e-13
4.0893554688e+02 8.0165407701e-13 2.7091038022e-13 5.3074369679e-13
4.0899658203e+02 7.9869404281e-13 2.7134950317e-13 5.2734453964e-13
4.0905761719e+02 7.9926611821e-13 2.7318914109e-13 5.2607697712e-13
4.0911865234e+02 8.0391052665e-13 2.7330335188e-13 5.3060717478e-13
4.0917968750e+02 8.0244437569e-13 2.7332363001e-13 5.2912074568e-13
4.0924072266e+02 8.0231734244e-13 2.7239170099e-13 5.2992564145e-13
4.0930175781e+02 8.0136632476e-13 2.7234721702e-13 5.2901910774e-13
4.0936279297e+02 8.0015463354e-13 2.7159959604e-13 5.2855503750e-13
4.0942382812e+02 7.9979515862e-13 2.7131906578e-13 5.2847609284e-13
4.0948486328e+02 7.9836003383e-13 2.7268125783e-13 5.2567877600e-13
4.0954589844e+02 8.0107753241e-13 2.7455928367e-13 5.2651824874e-13
4.0960693359e+02 8.0362058086e-13 2.7374444741e-13 5.2987613346e-13
4.0966796875e+02 7.9213762105e-13 2.7075434065e-13 5.2138328040e-13
4.0972900391e+02 7.8794131433e-13 2.6974874184e-13 5.1819257249e-13
4.0979003906e+02 7.9514973174e-13 2.7006677153e-13 5.2508296021e-13
4.0985107422e+02 7.9542506153e-13 2.6773050548e-13 5.2769455605e-13
4.0991210938e+02 7.9377268757e-13 2.6842907744e-13 5.2534361013e-13
4.0997314453e+02 7.9987082033e-13 2.7156457206e-13 5.2830624827e-13
4.1003417969e+02 7.9640403591e-13 2.7094635685e-13 5.2545767906e-13
4.1009521484e+02 7.9330758409e-13 2.7116975017e-13 5.2213783392e-13
4.1015625000e+02 7.9644701322e-13 2.7114255193e-13 5.2530446129e-13
4.1021728516e+02 7.9387350832e-13 2.7076529147e-13 5.2310821686e-13
4.1027832031e+02 7.9379479780e-13 2.7075156717e-13 5.2304323062e-13
4.1033935547e+02 7.9745518630e-13 2.7160691426e-13 5.2584827204e-13
4.1040039062e+02 7.9514038825e-13 2.7044190325e-13 5.2469848500e-13
4.1046142578e+02 7.9620922275e-13 2.6910282672e-13 5.2710639603e-13
4.1052246094e+02 7.9766065929e-13 2.6898642523e-13 5.2867423407e-13
4.1058349609e+02 7.9582322947e-13 2.7019415971e-13 5.2562906976e-13
4.1064453125e+02 7.9819252402e-13 2.7082458913e-13 5.2736793489e-13
4.1070556641e+02 7.9194431997e-13 2.6963005324e-13 5.2231426673e-13
4.1076660156e+02 7.9259551693e-13 2.7025106421e-13 5.2234445272e-13
4.1082763672e+02 7.9482915455e-13 2.7028518465e-13 5.2454396990e-13
4.1088867188e+02 7.9505219190e-13 2.6954417032e-13 5.2550802158e-13
4.1094970703e+02 7.9851529034e-13 2.7097177015e-13 5.2754352018e-13
4.1101074219e+02 7.9103741516e-13 2.6908228044e-13 5.2195513472e-13
4.1107177734e+02 7.9423523280e-13 2.7015590333e-13 5.2407932946e-13
4.1113281250e+02 7.9846659406e-13 2.7038462267e-13 5.2808197139e-13
4.1119384766e+02 7.9873584591e-13 2.7056631457e-13 5.2816953134e-13
4.1125488281e+02 7.9336812156e-13 2.6892420761e-13 5.2444391395e-13
4.1131591797e+02 7.8886102446e-13 2.6879366176e-13 5.2006736270e-13
4.1137695312e+02 7.8780724119e-13 2.6801468233e-13 5.1979255886e-13
4.1143798828e+02 7.9588472538e-13 2.7073652651e-13 5.2514819887e-13
4.1149902344e+02 7.9262854256e-13 2.7073957863e-13 5.2188896393e-13
4.1156005859e+02 7.9200197654e-13 2.6930789925e-13 5.2269407729e-13
4.1162109375e+02 7.9892332710e-13 2.6984999885e-13 5.2907332825e-13
4.1168212891e+02 7.9896946544e-13 2.7014295528e-13 5.2882651016e-13
4.1174316406e+02 7.9119885947e-13 2.6887267441e-13 5.2232618505e-13
4.1180419922e+02 7.9293814522e-13 2.6939622327e-13 5.2354192194e-13
4.1186523438e+02 7.9592234773e-13 2.6953144912e-13 5.2639089862e-13
4.1192626953e+02 7.9877999735e-13 2.7089970922e-13 5.2788028813e-13
4.1198730469e+02 7.9785146188e-13 2.7223298702e-13 5.2561847487e-13
4.1204833984e+02 7.9431880222e-13 2.7094492584e-13 5.2337387638e-13
4.1210937500e+02 8.0075293392e-13 2.7191280190e-13 5.2884013202e-13
4.1217041016e+02 7.9727904371e-13 2.7126822032e-13 5.2601082339e-13
4.1223144531e+02 7.9492108924e-13 2.6924599083e-13 5.2567509840e-13
4.1229248047e+02 7.9117206954e-13 2.6905718421e-13 5.2211488533e-13
4.1235351562e+02 7.9300256304e-13 2.6863122380e-13 5.2437133923e-13
4.1241455078e+02 7.9906001558e-13 2.7174251698e-13 5.2731749859e-13
4.1247558594e+02 8.0051420772e-13 2.7271548416e-13 5.2779872356e-13
4.1253662109e+02 7.9520163759e-13 2.6997958153e-13 5.2522205606e-13
4.1259765625e+02 7.9408023851e-13 2.6870421492e-13 5.2537602360e-13
4.1265869141e+02 7.9977621204e-13 2.7175661063e-13 5.2801960141e-13
4.1271972656e+02 7.9902278154e-13 2.7231552573e-13 5.2670725581e-13
4.1278076172e+02 7.9978857454e-13 2.7275043078e-13 5.2703814376e-13
4.1284179688e+02 8.0517686690e-13 2.7290977592e-13 5.3226709098e-13
4.1290283203e+02 8.0508794162e-13 2.7164352240e-13 5.3344441923e-13
4.1296386719e+02 7.9872279777e-13 2.6876376231e-13 5.2995903546e-13
4.1302490234e+02 8.0190430572e-13 2.7045428522e-13 5.3145002050e-13
4.1308593750e+02 8.0494202629e-13 2.7394437041e-13 5.3099765589e-13
4.1314697266e+02 8.0804595131e-13 2.7429876357e-13 5.3374718774e-13
4.1320800781e+02 7.9817219381e-13 2.6861862803e-13 5.2955356578e-13
4.1326904297e+02 7.9032634061e-13 2.6646302829e-13 5.2386331233e-13
4.1333007812e+02 7.9866556227e-13 2.6880591983e-13 5.2985964244e-13
4.1339111328e+02 8.0201463058e-13 2.6952873943e-13 5.3248589116e-13
4.1345214844e+02 7.9737061583e-13 2.6954323874e-13 5.2782737709e-13
4.1351318359e+02 7.9898247332e-13 2.7078401593e-13 5.2819845739e-13
4.1357421875e+02 7.9939765848e-13 2.7109840427e-13 5.2829925421e-13
4.1363525391e+02 8.0326027214e-13 2.7275670846e-13 5.3050356368e-13
4.1369628906e+02 7.9595389315e-13 2.7110905098e-13 5.2484484217e-13
4.1375732422e+02 7.9372424937e-13 2.6988309327e-13 5.2384115610e-13
4.1381835938e+02 7.9734095971e-13 2.6992749500e-13 5.2741346471e-13
4.1387939453e+02 7.9925809353e-13 2.7141902049e-13 5.2783907304e-13
4.1394042969e+02 7.9703903859e-13 2.7023682246e-13 5.2680221613e-13
4.1400146484e+02 7.9545198300e-13 2.6847002938e-13 5.2698195362e-13
4.1406250000e+02 7.9316828527e-13 2.6688672156e-13 5.2628156370e-13
4.1412353516e+02 7.9415320423e-13 2.6807620368e-13 5.2607700055e-13
4.1418457031e+02 7.9658879363e-13 2.6918218721e-13 5.2740660641e-13
4.1424560547e+02 7.9609177700e-13 2.6849102572e-13 5.2760075127e-13
4.1430664062e+02 7.9015907243e-13 2.6778603538e-13 5.2237303705e-13
4.1436767578e+02 7.9258639953e-13 2.6807012012e-13 5.2451627941e-13
4.1442871094e+02 7.9471158321e-13 2.6888468005e-13 5.2582690315e-13
4.1448974609e+02 7.9604573412e-13 2.6995873162e-13 5.2608700250e-13
4.1455078125e+02 7.9802593108e-13 2.6875497297e-13 5.2927095811e-13
4.1461181641e+02 7.9768943116e-13 2.6856784024e-13 5.2912159092e-13
4.1467285156e+02 7.9869961264e-13 2.6945533766e-13 5.2924427497e-13
4.1473388672e+02 7.9153760146e-13 2.6936180999e-13 5.2217579147e-13
4.1479492188e+02 7.8871448635e-13 2.6936022434e-13 5.1935426201e-13
4.1485595703e+02 7.9603818652e-13 2.7112922881e-13 5.2490895770e-13
4.1491699219e+02 7.9317623651e-13 2.6932596509e-13 5.2385027142e-13
4.1497802734e+02 7.9000554830e-13 2.6779661342e-13 5.2220893488e-13
4.1503906250e+02 7.8909954495e-13 2.6844368133e-13 5.2065586362e-13
4.1510009766e+02 7.8313036786e-13 2.6653417088e-13 5.1659619698e-13
4.1516113281e+02 7.9269049620e-13 2.6978084961e-13 5.2290964660e-13
4.1522216797e+02 7.9009378122e-13 2.6921706076e-13 5.2087672046e-13
4.1528320312e+02 7.8459345511e-13 2.6656291200e-13 5.1803054311e-13
4.1534423828e+02 7.8919352223e-13 2.6851481845e-13 5.2067870378e-13
4.1540527344e+02 7.9052166994e-13 2.7069780718e-13 5.1982386276e-13
4.1546630859e+02 7.9240394380e-13 2.7049689855e-13 5.2190704525e-13
4.1552734375e+02 7.9324267664e-13 2.6900174072e-13 5.2424093592e-13
4.1558837891e+02 7.9184515149e-13 2.6848567893e-13 5.2335947256e-13
4.1564941406e+02 7.9774512943e-13 2.7024143813e-13 5.2750369130e-13
4.1571044922e+02 7.9670407245e-13 2.7004567286e-13 5.2665839959e-13
4.1577148438e+02 7.9170845981e-13 2.6805444459e-13 5.2365401523e-13
4.1583251953e+02 7.9782065190e-13 2.7114349025e-13 5.2667716165e-13
4.1589355469e+02 8.0123103631e-13 2.7318672776e-13 5.2804430855e-13
4.1595458984e+02 7.9886717292e-13 2.7188005133e-13 5.2698712159e-13
4.1601562500e+02 7.9229427659e-13 2.6918516975e-13 5.2310910684e-13
4.1607666016e+02 7.8523747036e-13 2.6654149641e-13 5.1869597395e-13
4.1613769531e+02 7.8830182516e-13 2.6677489916e-13 5.2152692600e-13
4.1619873047e+02 7.8717976130e-13 2.6641259510e-13 5.2076716620e-13
4.1625976562e+02 7.8314882882e-13 2.6703493739e-13 5.1611389144e-13
4.1632080078e+02 7.8196831126e-13 2.6642552755e-13 5.1554278371e-13
4.1638183594e+02 7.8138817244e-13 2.6698806747e-13 5.1440010497e-13
4.1644287109e+02 7.8394308271e-13 2.6637976818e-13 5.1756331453e-13
4.1650390625e+02 7.8351718750e-13 2.6772743588e-13 5.1578975161e-13
4.1656494141e+02 7.8677776841e-13 2.6867475776e-13 5.1810301065e-13
4.1662597656e+02 7.8893116634e-13 2.6769793803e-13 5.2123322832e-13
4.1668701172e+02 7.9019559807e-13 2.6860733517e-13 5.2158826290e-13
4.1674804688e+02 7.8600462291e-13 2.6664138275e-13 5.1936324016e-13
4.1680908203e+02 7.8478552100e-13 2.6544119184e-13 5.1934432916e-13
4.1687011719e+02 7.8138831707e-13 2.6549652345e-13 5.1589179362e-13
4.1693115234e+02 7.8159138959e-13 2.6572564460e-13 5.1586574499e-13
4.1699218750e+02 7.8172057353e-13 2.6604958728e-13 5.1567098624e-13
4.1705322266e+02 7.7739382938e-13 2.6434846052e-13 5.1304536886e-13
4.1711425781e+02 7.7669074500e-13 2.6449682054e-13 5.1219392446e-13
4.1717529297e+02 7.8683581209e-13 2.6754908961e-13 5.1928672247e-13
4.1723632812e+02 7.8266474146e-13 2.6552974935e-13 5.1713499211e-13
4.1729736328e+02 7.8480913053e-13 2.6655106426e-13 5.1825806627e-13
4.1735839844e+02 7.8348717423e-13 2.6542208850e-13 5.1806508574e-13
4.1741943359e+02 7.8210171628e-13 2.6526569710e-13 5.1683601917e-13
4.1748046875e+02 7.7902629887e-13 2.6357414308e-13 5.1545215578e-13
4.1754150391e+02 7.7937360922e-13 2.6438281815e-13 5.1499079107e-13
4.1760253906e+02 7.7908365909e-13 2.6504752327e-13 5.1403613583e-13
4.1766357422e+02 7.8059322797e-13 2.6446437207e-13 5.1612885590e-13
4.1772460938e+02 7.7803166586e-13 2.6520531393e-13 5.1282635193e-13
4.1778564453e+02 7.7744572148e-13 2.6515337596e-13 5.1229234552e-13
4.1784667969e+02 7.7726558031e-13 2.6328411336e-13 5.1398146695e-13
4.1790771484e+02 7.7740458696e-13 2.6433927009e-13 5.1306531687e-13
4.1796875000e+02 7.7952048276e-13 2.6454194545e-13 5.1497853730e-13
4.1802978516e+02 7.8051663406e-13 2.6468590164e-13 5.1583073242e-13
4.1809082031e+02 7.8055847401e-13 2.6495877435e-13 5.1559969966e-13
4.1815185547e+02 7.7851720925e-13 2.6493346191e-13 5.1358374734e-13
4.1821289062e+02 7.7653390188e-13 2.6374603327e-13 5.1278786860e-13
4.1827392578e+02 7.8118606563e-13 2.6485502792e-13 5.1633103771e-13
4.1833496094e+02 7.7790729693e-13 2.6414201441e-13 5.1376528252e-13
4.1839599609e+02 7.7334500191e-13 2.6242684687e-13 5.1091815505e-13
4.1845703125e+02 7.7353895051e-13 2.6371058072e-13 5.0982836979e-13
4.1851806641e+02 7.7425244390e-13 2.6343699276e-13 5.1081545115e-13
4.1857910156e+02 7.6964299546e-13 2.6212846037e-13 5.0751453509e-13
4.1864013672e+02 7.7141667279e-13 2.6350663871e-13 5.0791003408e-13
4.1870117188e+02 7.7435655357e-13 2.6302743749e-13 5.1132911607e-13
4.1876220703e+02 7.7292386037e-13 2.6233156110e-13 5.1059229927e-13
4.1882324219e+02 7.7748042185e-13 2.6287002335e-13 5.1461039850e-13
4.1888427734e+02 7.7728846526e-13 2.6281568091e-13 5.1447278435e-13
4.1894531250e+02 7.7187027952e-13 2.6275512785e-13 5.0911515167e-13
4.1900634766e+02 7.7194581037e-13 2.6167284082e-13 5.1027296955e-13
4.1906738281e+02 7.6991641848e-13 2.6203939720e-13 5.0787702128e-13
4.1912841797e+02 7.7598822988e-13 2.6542727101e-13 5.1056095887e-13
4.1918945312e+02 7.7207376894e-13 2.6388123002e-13 5.0819253893e-13
4.1925048828e+02 7.7424589937e-13 2.6320613591e-13 5.1103976346e-13
4.1931152344e+02 7.7176066945e-13 2.6248424890e-13 5.0927642055e-13
4.1937255859e+02 7.7006277937e-13 2.6223726977e-13 5.0782550959e-13
4.1943359375e+02 7.7756673630e-13 2.6571119508e-13 5.1185554122e-13
4.1949462891e+02 7.7641684733e-13 2.6428942775e-13 5.1212741958e-13
4.1955566406e+02 7.6930637532e-13 2.6231332932e-13 5.0699304600e-13
4.1961669922e+02 7.7422411740e-13 2.6366113037e-13 5.1056298702e-13
4.1967773438e+02 7.7484205453e-13 2.6476351504e-13 5.1007853949e-13
4.1973876953e+02 7.7454465422e-13 2.6377494015e-13 5.1076971407e-13
4.1979980469e+02 7.7720137795e-13 2.6458377994e-13 5.1261759801e-13
4.1986083984e+02 7.7912552735e-13 2.6533093845e-13 5.1379458890e-13
4.1992187500e+02 7.7855537945e-13 2.6461413217e-13 5.1394124729e-13
4.1998291016e+02 7.7702140362e-13 2.6327098271e-13 5.1375042091e-13
4.2004394531e+02 7.7181831945e-13 2.6178014908e-13 5.1003817036e-13
4.2010498047e+02 7.7292246446e-13 2.6263484679e-13 5.1028761767e-13
4.2016601562e+02 7.7813025204e-13 2.6413749367e-13 5.1399275837e-13
4.2022705078e+02 7.7810322419e-13 2.6366744748e-13 5.1443577671e-13
4.2028808594e+02 7.7849034560e-13 2.6389395354e-13 5.1459639206e-13
4.2034912109e+02 7.7972904298e-13 2.6440613966e-13 5.1532290332e-13
4.2041015625e+02 7.8026369589e-13 2.6409353951e-13 5.1617015638e-13
4.2047119141e+02 7.7446818283e-13 2.6174396418e-13 5.1272421866e-13
4.2053222656e+02 7.7350624992e-13 2.6201248412e-13 5.1149376580e-13
4.2059326172e+02 7.7527142054e-13 2.6264722072e-13 5.1262419982e-13
4.2065429688e+02 7.7274737640e-13 2.6171893350e-13 5.1102844290e-13
4.2071533203e+02 7.7182453838e-13 2.6210576285e-13 5.0971877553e-13
4.2077636719e+02 7.7698939774e-13 2.6228365505e-13 5.1470574269e-13
4.2083740234e+02 7.7519257874e-13 2.6296755119e-13 5.1222502754e-13
4.2089843750e+02 7.7505469792e-13 2.6363154924e-13 5.1142314867e-13
4.2095947266e+02 7.7860153835e-13 2.6419162195e-13 5.1440991640e-13
4.2102050781e+02 7.7766508698e-13 2.6347213192e-13 5.1419295506e-13
4.2108154297e+02 7.7605061123e-13 2.6289964683e-13 5.1315096440e-13
4.2114257812e+02 7.7445239768e-13 2.6017166931e-13 5.1428072837e-13
4.2120361328e+02 7.7659606381e-13 2.6076155752e-13 5.1583450629e-13
4.2126464844e+02 7.7290568599e-13 2.6188568057e-13 5.1102000542e-13
4.2132568359e+02 7.7527206505e-13 2.6183183796e-13 5.1344022709e-13
4.2138671875e+02 7.7452491037e-13 2.5990864411e-13 5.1461626626e-13
4.2144775391e+02 7.7528374386e-13 2.6120470045e-13 5.1407904340e-13
4.2150878906e+02 7.7662310413e-13 2.6202545545e-13 5.1459764868e-13
4.2156982422e+02 7.7594639301e-13 2.6146223108e-13 5.1448416193e-13
4.2163085938e+02 7.7593406856e-13 2.6195352193e-13 5.1398054663e-13
4.2169189453e+02 7.7613294350e-13 2.6390951202e-13 5.1222343147e-13
4.2175292969e+02 7.7465930755e-13 2.6326465487e-13 5.1139465268e-13
4.2181396484e+02 7.6744036567e-13 2.6060404366e-13 5.0683632202e-13
4.2187500000e+02 7.7004078474e-13 2.6134956171e-13 5.0869122304e-13
4.2193603516e+02 7.7228557261e-13 2.6376121598e-13 5.0852435663e-13
4.2199707031e+02 7.7302971552e-13 2.6402091541e-13 5.0900880011e-13
4.2205810547e+02 7.8042600679e-13 2.6454890102e-13 5.1587710577e-13
4.2211914062e+02 7.7773256381e-13 2.6280044493e-13 5.1493211888e-13
4.2218017578e+02 7.7033169228e-13 2.6266117994e-13 5.0767051235e-13
4.2224121094e+02 7.6986481467e-13 2.6172104894e-13 5.0814376573e-13
4.2230224609e+02 7.7645162923e-13 2.6145360913e-13 5.1499802010e-13
4.2236328125e+02 7.7262997917e-13 2.6019142208e-13 5.1243855708e-13
4.2242431641e+02 7.7309682911e-13 2.6064290018e-13 5.1245392893e-13
4.2248535156e+02 7.7239379017e-13 2.6014682743e-13 5.1224696274e-13
4.2254638672e+02 7.7565444227e-13 2.6225004561e-13 5.1340439665e-13
4.2260742188e+02 7.7286908932e-13 2.6215442591e-13 5.1071466340e-13
4.2266845703e+02 7.6972747662e-13 2.6067977957e-13 5.0904769705e-13
4.2272949219e+02 7.7109571614e-13 2.6210563607e-13 5.0899008007e-13
4.2279052734e+02 7.6926696199e-13 2.6094004085e-13 5.0832692114e-13
4.2285156250e+02 7.7128559590e-13 2.6152303782e-13 5.0976255807e-13
4.2291259766e+02 7.7241371292e-13 2.6202137704e-13 5.1039233588e-13
4.2297363281e+02 7.6998910032e-13 2.6259342006e-13 5.0739568026e-13
4.2303466797e+02 7.7517120733e-13 2.6435118300e-13 5.1082002433e-13
4.2309570312e+02 7.7410218907e-13 2.6227202101e-13 5.1183016806e-13
4.2315673828e+02 7.7122146166e-13 2.6185730328e-13 5.0936415839e-13
4.2321777344e+02 7.6878121941e-13 2.6094754241e-13 5.0783367700e-13
4.2327880859e+02 7.6257970060e-13 2.6002569000e-13 5.0255401061e-13
4.2333984375e+02 7.6769258246e-13 2.6020545685e-13 5.0748712561e-13
4.2340087891e+02 7.7228282930e-13 2.5973939844e-13 5.1254343086e-13
4.2346191406e+02 7.7054889380e-13 2.6160245671e-13 5.0894643709e-13
4.2352294922e+02 7.7307880386e-13 2.6313686591e-13 5.0994193795e-13
4.2358398438e+02 7.6827063745e-13 2.6174170335e-13 5.0652893411e-13
4.2364501953e+02 7.6830249167e-13 2.6289882101e-13 5.0540367066e-13
4.2370605469e+02 7.6857221250e-13 2.6176048776e-13 5.0681172473e-13
4.2376708984e+02 7.6503694900e-13 2.5949127922e-13 5.0554566978e-13
4.2382812500e+02 7.6746006794e-13 2.6072943984e-13 5.0673062810e-13
4.2388916016e+02 7.6930490711e-13 2.6122912304e-13 5.0807578406e-13
4.2395019531e+02 7.6830811144e-13 2.5960960486e-13 5.0869850657e-13
4.2401123047e+02 7.6755545362e-13 2.5922971618e-13 5.0832573744e-13
4.2407226562e+02 7.6496962125e-13 2.5953157157e-13 5.0543804968e-13
4.2413330078e+02 7.6649039847e-13 2.5936287513e-13 5.0712752334e-13
4.2419433594e+02 7.6580694666e-13 2.5918901741e-13 5.0661792925e-13
4.2425537109e+02 7.6590814128e-13 2.5958918300e-13 5.0631895829e-13
4.2431640625e+02 7.6766673936e-13 2.6045474506e-13 5.0721199430e-13
4.2437744141e+02 7.6389389865e-13 2.6005112427e-13 5.0384277438e-13
4.2443847656e+02 7.5823119702e-13 2.5675180036e-13 5.0147939666e-13
4.2449951172e+02 7.5625874379e-13 2.5667654693e-13 4.9958219686e-13
4.2456054688e+02 7.6313069853e-13 2.5978959898e-13 5.0334109954e-13
4.2462158203e+02 7.6455677936e-13 2.6011239007e-13 5.0444438929e-13
4.2468261719e+02 7.6159465078e-13 2.5907669811e-13 5.0251795267e-13
4.2474365234e+02 7.6027237935e-13 2.5786660252e-13 5.0240577683e-13
4.2480468750e+02 7.5805704878e-13 2.5802905657e-13 5.0002799222e-13
4.2486572266e+02 7.6098400868e-13 2.5907329576e-13 5.0191071292e-13
4.2492675781e+02 7.6664568810e-13 2.5916813566e-13 5.0747755244e-13
4.2498779297e+02 7.6814447696e-13 2.5961486758e-13 5.0852960938e-13
4.2504882812e+02 7.6238010820e-13 2.5807998937e-13 5.0430011883e-13
4.2510986328e+02 7.5853887292e-13 2.5809209362e-13 5.0044677930e-13
4.2517089844e+02 7.6206402813e-13 2.5815629031e-13 5.0390773782e-13
4.2523193359e+02 7.6403556100e-13 2.5919169943e-13 5.0484386157e-13
4.2529296875e+02 7.5636927227e-13 2.5745335698e-13 4.9891591529e-13
4.2535400391e+02 7.5885618989e-13 2.5813306320e-13 5.0072312669e-13
4.2541503906e+02 7.6105775358e-13 2.5971120105e-13 5.0134655253e-13
4.2547607422e+02 7.5646164587e-13 2.5861076982e-13 4.9785087605e-13
4.2553710938e+02 7.6058914862e-13 2.5920098972e-13 5.0138815890e-13
4.2559814453e+02 7.6292325448e-13 2.5918520384e-13 5.0373805064e-13
4.2565917969e+02 7.6138221158e-13 2.5824612663e-13 5.0313608495e-13
4.2572021484e+02 7.6246161553e-13 2.5804512887e-13 5.0441648666e-13
4.2578125000e+02 7.6255249260e-13 2.5844593674e-13 5.0410655586e-13
4.2584228516e+02 7.6395011540e-13 2.5915600111e-13 5.0479411429e-13
4.2590332031e+02 7.6094461864e-13 2.5920809461e-13 5.0173652402e-13
4.2596435547e+02 7.5741114678e-13 2.5700101705e-13 5.0041012972e-13
4.2602539062e+02 7.5456470515e-13 2.5508792803e-13 4.9947677712e-13
4.2608642578e+02 7.5420426951e-13 2.5473155355e-13 4.9947271596e-13
4.2614746094e+02 7.4923098938e-13 2.5377743537e-13 4.9545355401e-13
4.2620849609e+02 7.4997220720e-13 2.5462923689e-13 4.9534297030e-13
4.2626953125e+02 7.5254809040e-13 2.5516021924e-13 4.9738787116e-13
4.2633056641e+02 7.6047591664e-13 2.5735289291e-13 5.0312302373e-13
4.2639160156e+02 7.5491422610e-13 2.5548999426e-13 4.9942423184e-13
4.2645263672e+02 7.4957350325e-13 2.5328762290e-13 4.9628588035e-13
4.2651367188e+02 7.5578118224e-13 2.5561206807e-13 5.0016911417e-13
4.2657470703e+02 7.6026496343e-13 2.5692088097e-13 5.0334408246e-13
4.2663574219e+02 7.5324946458e-13 2.5610730095e-13 4.9714216362e-13
4.2669677734e+02 7.4780267402e-13 2.5442577389e-13 4.9337690013e-13
4.2675781250e+02 7.5169683737e-13 2.5397948825e-13 4.9771734912e-13
4.2681884766e+02 7.5410411719e-13 2.5611748452e-13 4.9798663267e-13
4.2687988281e+02 7.5901597919e-13 2.6014239338e-13 4.9887358581e-13
4.2694091797e+02 7.5293378561e-13 2.5804969653e-13 4.9488408908e-13
4.2700195312e+02 7.5595467022e-13 2.5667349762e-13 4.9928117260e-13
4.2706298828e+02 7.5289749804e-13 2.5456324066e-13 4.9833425738e-13
4.2712402344e+02 7.5034614311e-13 2.5351210354e-13 4.9683403956e-13
4.2718505859e+02 7.4944774922e-13 2.5350270192e-13 4.9594504730e-13
4.2724609375e+02 7.4875822643e-13 2.5361942085e-13 4.9513880558e-13
4.2730712891e+02 7.5202666149e-13 2.5479546213e-13 4.9723119936e-13
4.2736816406e+02 7.5202568886e-13 2.5526433461e-13 4.9676135425e-13
4.2742919922e+02 7.5353037223e-13 2.5646910485e-13 4.9706126738e-13
4.2749023438e+02 7.5690826131e-13 2.5662126686e-13 5.0028699445e-13
4.2755126953e+02 7.5263320450e-13 2.5477388826e-13 4.9785931624e-13
4.2761230469e+02 7.5332826532e-13 2.5501042266e-13 4.9831784266e-13
4.2767333984e+02 7.4732499964e-13 2.5465405684e-13 4.9267094280e-13
4.2773437500e+02 7.5072053982e-13 2.5637958694e-13 4.9434095288e-13
4.2779541016e+02 7.5212514908e-13 2.5602486962e-13 4.9610027946e-13
4.2785644531e+02 7.5114342546e-13 2.5439778362e-13 4.9674564184e-13
4.2791748047e+02 7.5303405438e-13 2.5485082493e-13 4.9818322945e-13
4.2797851562e+02 7.5215809912e-13 2.5516425005e-13 4.9699384907e-13
4.2803955078e+02 7.5401782104e-13 2.5475576282e-13 4.9926205823e-13
4.2810058594e+02 7.5366952508e-13 2.5415127492e-13 4.9951825016e-13
4.2816162109e+02 7.5230558804e-13 2.5482675513e-13 4.9747883291e-13
4.2822265625e+02 7.5072665175e-13 2.5491755271e-13 4.9580909904e-13
4.2828369141e+02 7.5390421890e-13 2.5514227121e-13 4.9876194769e-13
4.2834472656e+02 7.5082314889e-13 2.5538967418e-13 4.9543347471e-13
4.2840576172e+02 7.4971186152e-13 2.5630306707e-13 4.9340879445e-13
4.2846679688e+02 7.4784206622e-13 2.5545242508e-13 4.9238964114e-13
4.2852783203e+02 7.4891081301e-13 2.5506598503e-13 4.9384482798e-13
4.2858886719e+02 7.5344659441e-13 2.5609138793e-13 4.9735520648e-13
4.2864990234e+02 7.4739559162e-13 2.5446845680e-13 4.9292713481e-13
4.2871093750e+02 7.4518879267e-13 2.5335380790e-13 4.9183498477e-13
4.2877197266e+02 7.5305857519e-13 2.5663188584e-13 4.9642668935e-13
4.2883300781e+02 7.5056329715e-13 2.5600381645e-13 4.9455948070e-13
4.2889404297e+02 7.5134090467e-13 2.5445940733e-13 4.9688149734e-13
4.2895507812e+02 7.4605128849e-13 2.5288651133e-13 4.9316477716e-13
4.2901611328e+02 7.4533571908e-13 2.5307878108e-13 4.9225693800e-13
4.2907714844e+02 7.4770760297e-13 2.5369831923e-13 4.9400928374e-13
4.2913818359e+02 7.4661659082e-13 2.5381318137e-13 4.9280340945e-13
4.2919921875e+02 7.4254469075e-13 2.5333667058e-13 4.8920802017e-13
4.2926025391e+02 7.3936430285e-13 2.5304364833e-13 4.8632065452e-13
4.2932128906e+02 7.4161234039e-13 2.5406236479e-13 4.8754997560e-13
4.2938232422e+02 7.4277933426e-13 2.5333675768e-13 4.8944257657e-13
4.2944335938e+02 7.4337539034e-13 2.5193026944e-13 4.9144512090e-13
4.2950439453e+02 7.4521232802e-13 2.5287261293e-13 4.9233971509e-13
4.2956542969e+02 7.4750521762e-13 2.5339845896e-13 4.9410675866e-13
4.2962646484e+02 7.4314718728e-13 2.5349668327e-13 4.8965050401e-13
4.2968750000e+02 7.4392337902e-13 2.5434430823e-13 4.8957907079e-13
4.2974853516e+02 7.4037017078e-13 2.5217914149e-13 4.8819102929e-13
4.2980957031e+02 7.4258464193e-13 2.5201240180e-13 4.9057224013e-13
4.2987060547e+02 7.4075576433e-13 2.5164817715e-13 4.8910758719e-13
4.2993164062e+02 7.3852389440e-13 2.5276327957e-13 4.8576061484e-13
4.2999267578e+02 7.3719477811e-13 2.5087236662e-13 4.8632241150e-13
4.3005371094e+02 7.3531007342e-13 2.5065114000e-13 4.8465893342e-13
4.3011474609e+02 7.3533125785e-13 2.5161692937e-13 4.8371432847e-13
4.3017578125e+02 7.3458565611e-13 2.5230364069e-13 4.8228201542e-13
4.3023681641e+02 7.3667300250e-13 2.5235676537e-13 4.8431623712e-13
4.3029785156e+02 7.3771244863e-13 2.5271435522e-13 4.8499809342e-13
4.3035888672e+02 7.3449694744e-13 2.5192756947e-13 4.8256937797e-13
4.3041992188e+02 7.3104603281e-13 2.5081850272e-13 4.8022753010e-13
4.3048095703e+02 7.3197454620e-13 2.4986085123e-13 4.8211369496e-13
4.3054199219e+02 7.3660738770e-13 2.5052253345e-13 4.8608485425e-13
4.3060302734e+02 7.3570460972e-13 2.4915771158e-13 4.8654689815e-13
4.3066406250e+02 7.3359503037e-13 2.5017322743e-13 4.8342180294e-13
4.3072509766e+02 7.3343252854e-13 2.5057246633e-13 4.8286006221e-13
4.3078613281e+02 7.3315563469e-13 2.4988234594e-13 4.8327328875e-13
4.3084716797e+02 7.3273383623e-13 2.4924517668e-13 4.8348865955e-13
4.3090820312e+02 7.3146365509e-13 2.4950208503e-13 4.8196157006e-13
4.3096923828e+02 7.3003470239e-13 2.4837374777e-13 4.8166095461e-13
4.3103027344e+02 7.3168563990e-13 2.4810601375e-13 4.8357962615e-13
4.3109130859e+02 7.3115809539e-13 2.4768685602e-13 4.8347123936e-13
4.3115234375e+02 7.3450451347e-13 2.4890221693e-13 4.8560229654e-13
4.3121337891e+02 7.3340021432e-13 2.4974499908e-13 4.8365521524e-13
4.3127441406e+02 7.3909756159e-13 2.5192916836e-13 4.8716839323e-13
4.3133544922e+02 7.4073391265e-13 2.5271934678e-13 4.8801456587e-13
4.3139648438e+02 7.3667032932e-13 2.5251472162e-13 4.8415560770e-13
4.3145751953e+02 7.3629700084e-13 2.5172589887e-13 4.8457110196e-13
4.3151855469e+02 7.3186023048e-13 2.4828909232e-13 4.8357113816e-13
4.3157958984e+02 7.3423707005e-13 2.4922068038e-13 4.8501638967e-13
4.3164062500e+02 7.4013024321e-13 2.5180476228e-13 4.8832548093e-13
4.3170166016e+02 7.3512033154e-13 2.4956895772e-13 4.8555137383e-13
4.3176269531e+02 7.3822329642e-13 2.5086893128e-13 4.8735436515e-13
4.3182373047e+02 7.3641960076e-13 2.5046615942e-13 4.8595344134e-13
4.3188476562e+02 7.3350443553e-13 2.4925978319e-13 4.8424465234e-13
4.3194580078e+02 7.3410987362e-13 2.4900152433e-13 4.8510834929e-13
4.3200683594e+02 7.3345563225e-13 2.4840267976e-13 4.8505295249e-13
4.3206787109e+02 7.3372090948e-13 2.4924138684e-13 4.8447952264e-13
4.3212890625e+02 7.3404184318e-13 2.4927322548e-13 4.8476861770e-13
4.3218994141e+02 7.3573915314e-13 2.5005165350e-13 4.8568749963e-13
4.3225097656e+02 7.3924087407e-13 2.5158254801e-13 4.8765832606e-13
4.3231201172e+02 7.3625035763e-13 2.5069595452e-13 4.8555440311e-13
4.3237304688e+02 7.3088200189e-13 2.4786774054e-13 4.8301426135e-13
4.3243408203e+02 7.2885126048e-13 2.4673941566e-13 4.8211184482e-13
4.3249511719e+02 7.3276186232e-13 2.4824796479e-13 4.8451389753e-13
4.3255615234e+02 7.3487967267e-13 2.4993031276e-13 4.8494935991e-13
4.3261718750e+02 7.3347923516e-13 2.4934911310e-13 4.8413012206e-13
4.3267822266e+02 7.3057913287e-13 2.4835796951e-13 4.8222116336e-13
4.3273925781e+02 7.2380116547e-13 2.4701442059e-13 4.7678674488e-13
4.3280029297e+02 7.2433215056e-13 2.4796974719e-13 4.7636240337e-13
4.3286132812e+02 7.3014898015e-13 2.4779917296e-13 4.8234980720e-13
4.3292236328e+02 7.3341284610e-13 2.4962313235e-13 4.8378971375e-13
4.3298339844e+02 7.2811752563e-13 2.4939955956e-13 4.7871796607e-13
4.3304443359e+02 7.2693293832e-13 2.4770343917e-13 4.7922949915e-13
4.3310546875e+02 7.3100951286e-13 2.4793371619e-13 4.8307579667e-13
4.3316650391e+02 7.3092241453e-13 2.4773043442e-13 4.8319198011e-13
4.3322753906e+02 7.2833838750e-13 2.4817014747e-13 4.8016824003e-13
4.3328857422e+02 7.3107629757e-13 2.4834652567e-13 4.8272977190e-13
4.3334960938e+02 7.3587866018e-13 2.5028018708e-13 4.8559847310e-13
4.3341064453e+02 7.3613148854e-13 2.5023956592e-13 4.8589192262e-13
4.3347167969e+02 7.3358288583e-13 2.4978357793e-13 4.8379930790e-13
4.3353271484e+02 7.3365509833e-13 2.5014478431e-13 4.8351031403e-13
4.3359375000e+02 7.3640272951e-13 2.4966578846e-13 4.8673694105e-13
4.3365478516e+02 7.3394018420e-13 2.5049831793e-13 4.8344186627e-13
4.3371582031e+02 7.3257006256e-13 2.5095468718e-13 4.8161537538e-13
4.3377685547e+02 7.3880095685e-13 2.5122717029e-13 4.8757378656e-13
4.3383789062e+02 7.3863388180e-13 2.5053549839e-13 4.8809838341e-13
4.3389892578e+02 7.4024545067e-13 2.5135246636e-13 4.8889298431e-13
4.3395996094e+02 7.3375196581e-13 2.5037953647e-13 4.8337242934e-13
4.3402099609e+02 7.3305146690e-13 2.5073844810e-13 4.8231301881e-13
4.3408203125e+02 7.3373038919e-13 2.5024383377e-13 4.8348655542e-13
4.3414306641e+02 7.3498667177e-13 2.5071835226e-13 4.8426831952e-13
4.3420410156e+02 7.3685448105e-13 2.5126331208e-13 4.8559116897e-13
4.3426513672e+02 7.3361612701e-13 2.5096831918e-13 4.8264780782e-13
4.3432617188e+02 7.3277526772e-13 2.4934387278e-13 4.8343139494e-13
4.3438720703e+02 7.3715347783e-13 2.4906262704e-13 4.8809085079e-13
4.3444824219e+02 7.3655291262e-13 2.4966861236e-13 4.8688430026e-13
4.3450927734e+02 7.3410466964e-13 2.4968894393e-13 4.8441572571e-13
4.3457031250e+02 7.3747255651e-13 2.5158073645e-13 4.8589182006e-13
4.3463134766e+02 7.3731319550e-13 2.5184421684e-13 4.8546897866e-13
4.3469238281e+02 7.3610381215e-13 2.4988867463e-13 4.8621513751e-13
4.3475341797e+02 7.3278573587e-13 2.4880052686e-13 4.8398520901e-13
4.3481445312e+02 7.3443546931e-13 2.4978825678e-13 4.8464721253e-13
4.3487548828e+02 7.3380763744e-13 2.5055514632e-13 4.8325249112e-13
4.3493652344e+02 7.3180742115e-13 2.4951970500e-13 4.8228771615e-13
4.3499755859e+02 7.3329812269e-13 2.4945893993e-13 4.8383918276e-13
4.3505859375e+02 7.3694049137e-13 2.4949113004e-13 4.8744936132e-13
4.3511962891e+02 7.3629832455e-13 2.4930691891e-13 4.8699140565e-13
4.3518066406e+02 7.3333900155e-13 2.4989561625e-13 4.8344338530e-13
4.3524169922e+02 7.3414868218e-13 2.4999157861e-13 4.8415710357e-13
4.3530273438e+02 7.3592637916e-13 2.4962053081e-13 4.8630584835e-13
4.3536376953e+02 7.3426781622e-13 2.5022788855e-13 4.8403992767e-13
4.3542480469e+02 7.3534997112e-13 2.5174632940e-13 4.8360364171e-13
4.3548583984e+02 7.3517909040e-13 2.5085455020e-13 4.8432454020e-13
4.3554687500e+02 7.3523169473e-13 2.4986714974e-13 4.8536454499e-13
4.3560791016e+02 7.3731271372e-13 2.4994059168e-13 4.8737212203e-13
4.3566894531e+02 7.3308914833e-13 2.5000734885e-13 4.8308179948e-13
4.3572998047e+02 7.3302933309e-13 2.5024157246e-13 4.8278776063e-13
4.3579101562e+02 7.3333572140e-13 2.4870146749e-13 4.8463425390e-13
4.3585205078e+02 7.3253786305e-13 2.4851809678e-13 4.8401976627e-13
4.3591308594e+02 7.3328610600e-13 2.4901767261e-13 4.8426843339e-13
4.3597412109e+02 7.3166240261e-13 2.4857926577e-13 4.8308313684e-13
4.3603515625e+02 7.3195955702e-13 2.4990837302e-13 4.8205118399e-13
4.3609619141e+02 7.3874030671e-13 2.5130813713e-13 4.8743216958e-13
4.3615722656e+02 7.2886567205e-13 2.4835074460e-13 4.8051492745e-13
4.3621826172e+02 7.3285290152e-13 2.4971028955e-13 4.8314261198e-13
4.3627929688e+02 7.3127887287e-13 2.4975967700e-13 4.8151919587e-13
4.3634033203e+02 7.3306001209e-13 2.4978254290e-13 4.8327746919e-13
4.3640136719e+02 7.3835414289e-13 2.4950839548e-13 4.8884574741e-13
4.3646240234e+02 7.3196602332e-13 2.4739091253e-13 4.8457511078e-13
4.3652343750e+02 7.3088758918e-13 2.4715292733e-13 4.8373466184e-13
4.3658447266e+02 7.3071270530e-13 2.4719397366e-13 4.8351873164e-13
4.3664550781e+02 7.3028706098e-13 2.4803064535e-13 4.8225641563e-13
4.3670654297e+02 7.3343967270e-13 2.4800111139e-13 4.8543856132e-13
4.3676757812e+02 7.3262110444e-13 2.4804351562e-13 4.8457758881e-13
4.3682861328e+02 7.3275667548e-13 2.4894731855e-13 4.8380935693e-13
4.3688964844e+02 7.2494438984e-13 2.4714350309e-13 4.7780088675e-13
4.3695068359e+02 7.2740271439e-13 2.4593506349e-13 4.8146765090e-13
4.3701171875e+02 7.2983641148e-13 2.4684822755e-13 4.8298818393e-13
4.3707275391e+02 7.3088279996e-13 2.4985635913e-13 4.8102644082e-13
4.3713378906e+02 7.3281088628e-13 2.4871347767e-13 4.8409740861e-13
4.3719482422e+02 7.3333583931e-13 2.4934946213e-13 4.8398637718e-13
4.3725585938e+02 7.2923728997e-13 2.4741319341e-13 4.8182409657e-13
4.3731689453e+02 7.2944240620e-13 2.4787082027e-13 4.8157158593e-13
4.3737792969e+02 7.2973638658e-13 2.4735069355e-13 4.8238569303e-13
4.3743896484e+02 7.3336080445e-13 2.4902077776e-13 4.8434002669e-13
4.3750000000e+02 7.2949082802e-13 2.4685867421e-13 4.8263215381e-13
4.3756103516e+02 7.2588611384e-13 2.4617089902e-13 4.7971521482e-13
4.3762207031e+02 7.3058468308e-13 2.4882071305e-13 4.8176397003e-13
4.3768310547e+02 7.3344812737e-13 2.4832708896e-13 4.8512103841e-13
4.3774414062e+02 7.3064610910e-13 2.4857761116e-13 4.8206849794e-13
4.3780517578e+02 7.3284733916e-13 2.4902586936e-13 4.8382146980e-13
4.3786621094e+02 7.3122233598e-13 2.4827703665e-13 4.8294529932e-13
4.3792724609e+02 7.3125854952e-13 2.4768259172e-13 4.8357595780e-13
4.3798828125e+02 7.3370256091e-13 2.4895365724e-13 4.8474890367e-13
4.3804931641e+02 7.3418845135e-13 2.4997596517e-13 4.8421248618e-13
4.3811035156e+02 7.3121126585e-13 2.4965220152e-13 4.8155906433e-13
4.3817138672e+02 7.3159031235e-13 2.4902738852e-13 4.8256292383e-13
4.3823242188e+02 7.3167791156e-13 2.4858456056e-13 4.8309335100e-13
4.3829345703e+02 7.3268348950e-13 2.4825250189e-13 4.8443098761e-13
4.3835449219e+02 7.3512133634e-13 2.4864235849e-13 4.8647897785e-13
4.3841552734e+02 7.3352031450e-13 2.4863288399e-13 4.8488743051e-13
4.3847656250e+02 7.3090603007e-13 2.4786508032e-13 4.8304094976e-13
4.3853759766e+02 7.3614482835e-13 2.4842438025e-13 4.8772044810e-13
4.3859863281e+02 7.3818463379e-13 2.4987671251e-13 4.8830792128e-13
4.3865966797e+02 7.3190382356e-13 2.4814238044e-13 4.8376144312e-13
4.3872070312e+02 7.3089447778e-13 2.4655789464e-13 4.8433658314e-13
4.3878173828e+02 7.3671367809e-13 2.4946592597e-13 4.8724775212e-13
4.3884277344e+02 7.3916106394e-13 2.5054505943e-13 4.8861600452e-13
4.3890380859e+02 7.3749031806e-13 2.4936705356e-13 4.8812326450e-13
4.3896484375e+02 7.2858040630e-13 2.4763580976e-13 4.8094459654e-13
4.3902587891e+02 7.3127396428e-13 2.4910745482e-13 4.8216650946e-13
4.3908691406e+02 7.3637696978e-13 2.4881695097e-13 4.8756001881e-13
4.3914794922e+02 7.3511345407e-13 2.4833284895e-13 4.8678060512e-13
4.3920898438e+02 7.3476153475e-13 2.4841742490e-13 4.8634410985e-13
4.3927001953e+02 7.2911574963e-13 2.4667631150e-13 4.8243943813e-13
4.3933105469e+02 7.2720970260e-13 2.4672852403e-13 4.8048117857e-13
4.3939208984e+02 7.3491465597e-13 2.4884473709e-13 4.8606991888e-13
4.3945312500e+02 7.3172901403e-13 2.4843697589e-13 4.8329203814e-13
4.3951416016e+02 7.3094158931e-13 2.4883692084e-13 4.8210466847e-13
4.3957519531e+02 7.3365082196e-13 2.4903950951e-13 4.8461131245e-13
4.3963623047e+02 7.2868019422e-13 2.4722575724e-13 4.8145443698e-13
4.3969726562e+02 7.2791155271e-13 2.4640630907e-13 4.8150524365e-13
4.3975830078e+02 7.3278925591e-13 2.4944981863e-13 4.8333943729e-13
4.3981933594e+02 7.3464825158e-13 2.5004243735e-13 4.8460581423e-13
4.3988037109e+02 7.3030970735e-13 2.4851293667e-13 4.8179677068e-13
4.3994140625e+02 7.3263577611e-13 2.4958467035e-13 4.8305110576e-13
4.4000244141e+02 7.3223282072e-13 2.4975243857e-13 4.8248038216e-13
4.4006347656e+02 7.3142116908e-13 2.4839550826e-13 4.8302566082e-13
4.4012451172e+02 7.3331536718e-13 2.4761153860e-13 4.8570382857e-13
4.4018554688e+02 7.3241398608e-13 2.4770364406e-13 4.8471034203e-13
4.4024658203e+02 7.3138791597e-13 2.4768553418e-13 4.8370238179e-13
4.4030761719e+02 7.3130952065e-13 2.4889608809e-13 4.8241343256e-13
4.4036865234e+02 7.3263087709e-13 2.4938561527e-13 4.8324526182e-13
4.4042968750e+02 7.3144154377e-13 2.4791380969e-13 4.8352773408e-13
4.4049072266e+02 7.3025789336e-13 2.4763734311e-13 4.8262055025e-13
4.4055175781e+02 7.2546452348e-13 2.4670053030e-13 4.7876399318e-13
4.4061279297e+02 7.3056834866e-13 2.4737430121e-13 4.8319404745e-13
4.4067382812e+02 7.3130139031e-13 2.4816481977e-13 4.8313657054e-13
4.4073486328e+02 7.3101438869e-13 2.4885219765e-13 4.8216219104e-13
4.4079589844e+02 7.2974269571e-13 2.4812165737e-13 4.8162103834e-13
4.4085693359e+02 7.2970897785e-13 2.4799968886e-13 4.8170928900e-13
4.4091796875e+02 7.3012489120e-13 2.4898737400e-13 4.8113751720e-13
4.4097900391e+02 7.2898253467e-13 2.4916991627e-13 4.7981261840e-13
4.4104003906e+02 7.2808420806e-13 2.4654147625e-13 4.8154273181e-13
4.4110107422e+02 7.2622110859e-13 2.4692950665e-13 4.7929160194e-13
4.4116210938e+02 7.3129961140e-13 2.4779632853e-13 4.8350328286e-13
4.4122314453e+02 7.3216241713e-13 2.4859897240e-13 4.8356344472e-13
4.4128417969e+02 7.3046556223e-13 2.4698651563e-13 4.8347904660e-13
4.4134521484e+02 7.3505955123e-13 2.4911683169e-13 4.8594271954e-13
4.4140625000e+02 7.3346960718e-13 2.4939469521e-13 4.8407491197e-13
4.4146728516e+02 7.2555621436e-13 2.4803582421e-13 4.7752039015e-13
4.4152832031e+02 7.2798876421e-13 2.4770996710e-13 4.8027879711e-13
4.4158935547e+02 7.2716166336e-13 2.4637754458e-13 4.8078411878e-13
4.4165039062e+02 7.2856195638e-13 2.4639263462e-13 4.8216932176e-13
4.4171142578e+02 7.3127827417e-13 2.4783607682e-13 4.8344219735e-13
4.4177246094e+02 7.3356126848e-13 2.4844288805e-13 4.8511838043e-13
4.4183349609e+02 7.2488578123e-13 2.4457056532e-13 4.8031521591e-13
4.4189453125e+02 7.2687480827e-13 2.4644773812e-13 4.8042707016e-13
4.4195556641e+02 7.2909047283e-13 2.4836812395e-13 4.8072234887e-13
4.4201660156e+02 7.2661384014e-13 2.4715322945e-13 4.7946061069e-13
4.4207763672e+02 7.2814223002e-13 2.4753094716e-13 4.8061128286e-13
4.4213867188e+02 7.2595997862e-13 2.4660261064e-13 4.7935736798e-13
4.4219970703e+02 7.2357419356e-13 2.4648602853e-13 4.7708816503e-13
4.4226074219e+02 7.2549306433e-13 2.4702715961e-13 4.7846590472e-13
4.4232177734e+02 7.2355606944e-13 2.4601590297e-13 4.7754016647e-13
4.4238281250e+02 7.2368355863e-13 2.4362902298e-13 4.8005453565e-13
4.4244384766e+02 7.3078534723e-13 2.4615149628e-13 4.8463385094e-13
4.4250488281e+02 7.2742294710e-13 2.4745041942e-13 4.7997252768e-13
4.4256591797e+02 7.2238510276e-13 2.4506004375e-13 4.7732505902e-13
4.4262695312e+02 7.2573941158e-13 2.4637975446e-13 4.7935965712e-13
4.4268798828e+02 7.2827294756e-13 2.4782838711e-13 4.8044456044e-13
4.4274902344e+02 7.2953420605e-13 2.4838178774e-13 4.8115241831e-13
4.4281005859e+02 7.2470665103e-13 2.4728891190e-13 4.7741773913e-13
4.4287109375e+02 7.3059727428e-13 2.4834963908e-13 4.8224763521e-13
4.4293212891e+02 7.2844531117e-13 2.4570284476e-13 4.8274246642e-13
4.4299316406e+02 7.2932198196e-13 2.4685269974e-13 4.8246928222e-13
4.4305419922e+02 7.3266143538e-13 2.4907272064e-13 4.8358871474e-13
4.4311523438e+02 7.2898115590e-13 2.4698356142e-13 4.8199759448e-13
4.4317626953e+02 7.2564184601e-13 2.4580805781e-13 4.7983378821e-13
4.4323730469e+02 7.2766127153e-13 2.4591475880e-13 4.8174651273e-13
4.4329833984e+02 7.2843628371e-13 2.4644902815e-13 4.8198725556e-13
4.4335937500e+02 7.2766809932e-13 2.4542518661e-13 4.8224291271e-13
4.4342041016e+02 7.2695077728e-13 2.4602939795e-13 4.8092137933e-13
4.4348144531e+02 7.2784060632e-13 2.4595550843e-13 4.8188509789e-13
4.4354248047e+02 7.2388280077e-13 2.4546286505e-13 4.7841993572e-13
4.4360351562e+02 7.2950483617e-13 2.4760572020e-13 4.8189911597e-13
4.4366455078e+02 7.3496867737e-13 2.4857305459e-13 4.8639562279e-13
4.4372558594e+02 7.2889842777e-13 2.4753790271e-13 4.8136052506e-13
4.4378662109e+02 7.2728742733e-13 2.4675145051e-13 4.8053597682e-13
4.4384765625e+02 7.2438974993e-13 2.4583501508e-13 4.7855473485e-13
4.4390869141e+02 7.2239381584e-13 2.4592986150e-13 4.7646395434e-13
4.4396972656e+02 7.1883491090e-13 2.4359940851e-13 4.7523550238e-13
4.4403076172e+02 7.2547456359e-13 2.4478075218e-13 4.8069381141e-13
4.4409179688e+02 7.2844297377e-13 2.4639501260e-13 4.8204796117e-13
4.4415283203e+02 7.2794471065e-13 2.4722721353e-13 4.8071749712e-13
4.4421386719e+02 7.2885027890e-13 2.4668823059e-13 4.8216204831e-13
4.4427490234e+02 7.2339846136e-13 2.4478802419e-13 4.7861043716e-13
4.4433593750e+02 7.2236384332e-13 2.4439593356e-13 4.7796790976e-13
4.4439697266e+02 7.2217221592e-13 2.4628486643e-13 4.7588734949e-13
4.4445800781e+02 7.2438504160e-13 2.4715123300e-13 4.7723380860e-13
4.4451904297e+02 7.2985024665e-13 2.4873412793e-13 4.8111611871e-13
4.4458007812e+02 7.2608831623e-13 2.4640722530e-13 4.7968109094e-13
4.4464111328e+02 7.2295283454e-13 2.4634112543e-13 4.7661170911e-13
4.4470214844e+02 7.2160951932e-13 2.4471829790e-13 4.7689122143e-13
4.4476318359e+02 7.2473179638e-13 2.4604067716e-13 4.7869111922e-13
4.4482421875e+02 7.3214488664e-13 2.4894754183e-13 4.8319734481e-13
4.4488525391e+02 7.2742762839e-13 2.4703153351e-13 4.8039609488e-13
4.4494628906e+02 7.3108254922e-13 2.4756363442e-13 4.8351891480e-13
4.4500732422e+02 7.2806238260e-13 2.4668328117e-13 4.8137910143e-13
4.4506835938e+02 7.2437577836e-13 2.4495054101e-13 4.7942523735e-13
4.4512939453e+02 7.2451419824e-13 2.4610867261e-13 4.7840552564e-13
4.4519042969e+02 7.3009591928e-13 2.4767734756e-13 4.8241857172e-13
4.4525146484e+02 7.2787823291e-13 2.4615145932e-13 4.8172677359e-13
4.4531250000e+02 7.2982914812e-13 2.4663150688e-13 4.8319764124e-13
4.4537353516e+02 7.2972370959e-13 2.4749302137e-13 4.8223068822e-13
4.4543457031e+02 7.2421218791e-13 2.4620292783e-13 4.7800926009e-13
4.4549560547e+02 7.2123247718e-13 2.4467832397e-13 4.7655415321e-13
4.4555664062e+02 7.2106146699e-13 2.4263759023e-13 4.7842387677e-13
4.4561767578e+02 7.2563590883e-13 2.4397109244e-13 4.8166481640e-13
4.4567871094e+02 7.2401969963e-13 2.4506552934e-13 4.7895417030e-13
4.4573974609e+02 7.2333897158e-13 2.4575600373e-13 4.7758296785e-13
4.4580078125e+02 7.2058942302e-13 2.4608112878e-13 4.7450829424e-13
4.4586181641e+02 7.2050438900e-13 2.4448148929e-13 4.7602289971e-13
4.4592285156e+02 7.1999951644e-13 2.4337154255e-13 4.7662797389e-13
4.4598388672e+02 7.2369814309e-13 2.4431595409e-13 4.7938218900e-13
4.4604492188e+02 7.2533760096e-13 2.4527218288e-13 4.8006541808e-13
4.4610595703e+02 7.2334161010e-13 2.4544778497e-13 4.7789382513e-13
4.4616699219e+02 7.1779744472e-13 2.4384999222e-13 4.7394745250e-13
4.4622802734e+02 7.2082470979e-13 2.4598633536e-13 4.7483837443e-13
4.4628906250e+02 7.2129018379e-13 2.4618856543e-13 4.7510161835e-13
4.4635009766e+02 7.1887776698e-13 2.4528227422e-13 4.7359549277e-13
4.4641113281e+02 7.1589476531e-13 2.4464905472e-13 4.7124571059e-13
4.4647216797e+02 7.2094116597e-13 2.4539387509e-13 4.7554729088e-13
4.4653320312e+02 7.1595001175e-13 2.4367266373e-13 4.7227734802e-13
4.4659423828e+02 7.1791102677e-13 2.4316169481e-13 4.7474933195e-13
4.4665527344e+02 7.1762933505e-13 2.4334295242e-13 4.7428638264e-13
4.4671630859e+02 7.1547731600e-13 2.4329472150e-13 4.7218259450e-13
4.4677734375e+02 7.1428446826e-13 2.4281136515e-13 4.7147310312e-13
4.4683837891e+02 7.0899356777e-13 2.4187089614e-13 4.6712267163e-13
4.4689941406e+02 7.1220825317e-13 2.4279270110e-13 4.6941555207e-13
4.4696044922e+02 7.1520816516e-13 2.4225080677e-13 4.7295735839e-13
4.4702148438e+02 7.1456999807e-13 2.4257509099e-13 4.7199490708e-13
4.4708251953e+02 7.1213153158e-13 2.4125283054e-13 4.7087870104e-13
4.4714355469e+02 7.1047728763e-13 2.4168376469e-13 4.6879352294e-13
4.4720458984e+02 7.1431550276e-13 2.4300028327e-13 4.7131521949e-13
4.4726562500e+02 7.1485103368e-13 2.4330992924e-13 4.7154110444e-13
4.4732666016e+02 7.1449909957e-13 2.4314416143e-13 4.7135493814e-13
4.4738769531e+02 7.0854989611e-13 2.4166043898e-13 4.6688945714e-13
4.4744873047e+02 7.1141075929e-13 2.4019070201e-13 4.7122005728e-13
4.4750976562e+02 7.1215390146e-13 2.4137324657e-13 4.7078065489e-13
4.4757080078e+02 7.1233428707e-13 2.4217068394e-13 4.7016360313e-13
4.4763183594e+02 7.0593734277e-13 2.4051381699e-13 4.6542352578e-13
4.4769287109e+02 7.0804551299e-13 2.4170095741e-13 4.6634455559e-13
4.4775390625e+02 7.0573299093e-13 2.4000624661e-13 4.6572674432e-13
4.4781494141e+02 7.0691203571e-13 2.4010337544e-13 4.6680866026e-13
4.4787597656e+02 7.0715710181e-13 2.4054102459e-13 4.6661607722e-13
4.4793701172e+02 7.0237356163e-13 2.3950186853e-13 4.6287169310e-13
4.4799804688e+02 7.0030008824e-13 2.3864984892e-13 4.6165023932e-13
4.4805908203e+02 7.0457013183e-13 2.4032932075e-13 4.6424081108e-13
4.4812011719e+02 7.0578978898e-13 2.3966048367e-13 4.6612930531e-13
4.4818115234e+02 7.0217299533e-13 2.3843794061e-13 4.6373505473e-13
4.4824218750e+02 7.0205471586e-13 2.4002266479e-13 4.6203205106e-13
4.4830322266e+02 7.0644256489e-13 2.4148313598e-13 4.6495942891e-13
4.4836425781e+02 7.0804024353e-13 2.4121826166e-13 4.6682198187e-13
4.4842529297e+02 7.0776734440e-13 2.4152267271e-13 4.6624467169e-13
4.4848632812e+02 7.0634797053e-13 2.4174416837e-13 4.6460380216e-13
4.4854736328e+02 7.0424414506e-13 2.4073042512e-13 4.6351371994e-13
4.4860839844e+02 7.0685996692e-13 2.4116737600e-13 4.6569259092e-13
4.4866943359e+02 7.0423215893e-13 2.4033486837e-13 4.6389729056e-13
4.4873046875e+02 7.0748657860e-13 2.4098830944e-13 4.6649826916e-13
4.4879150391e+02 7.0063320655e-13 2.3912714692e-13 4.6150605963e-13
4.4885253906e+02 6.9832538009e-13 2.3816222631e-13 4.6016315378e-13
4.4891357422e+02 7.0520290413e-13 2.3997305674e-13 4.6522984740e-13
4.4897460938e+02 7.0382046205e-13 2.3952361733e-13 4.6429684472e-13
4.4903564453e+02 7.0533762052e-13 2.4064011748e-13 4.6469750303e-13
4.4909667969e+02 7.0598279643e-13 2.4076999987e-13 4.6521279656e-13
4.4915771484e+02 7.0500795708e-13 2.4061606003e-13 4.6439189705e-13
4.4921875000e+02 7.0467061542e-13 2.4102530964e-13 4.6364530577e-13
4.4927978516e+02 7.0485976386e-13 2.4100557123e-13 4.6385419264e-13
4.4934082031e+02 7.0703710531e-13 2.4057184034e-13 4.6646526497e-13
4.4940185547e+02 7.0520604838e-13 2.3993854612e-13 4.6526750227e-13
4.4946289062e+02 7.0522017599e-13 2.3997597167e-13 4.6524420432e-13
4.4952392578e+02 7.0759220164e-13 2.4119129091e-13 4.6640091073e-13
4.4958496094e+02 7.0591920515e-13 2.4136659815e-13 4.6455260700e-13
4.4964599609e+02 7.0714146694e-13 2.4113771939e-13 4.6600374755e-13
4.4970703125e+02 7.0584701210e-13 2.4129050274e-13 4.6455650936e-13
4.4976806641e+02 7.0254895184e-13 2.3903428562e-13 4.6351466622e-13
4.4982910156e+02 7.0464219420e-13 2.3981188516e-13 4.6483030904e-13
4.4989013672e+02 7.0185845640e-13 2.4043910890e-13 4.6141934750e-13
4.4995117188e+02 7.0381299686e-13 2.3982385642e-13 4.6398914044e-13
4.5001220703e+02 7.0741095126e-13 2.4117821405e-13 4.6623273721e-13
4.5007324219e+02 7.0559771380e-13 2.3949527435e-13 4.6610243946e-13
4.5013427734e+02 7.1003857087e-13 2.4062624584e-13 4.6941232503e-13
4.5019531250e+02 7.0859358159e-13 2.3978789677e-13 4.6880568482e-13
4.5025634766e+02 7.0533015172e-13 2.3907668748e-13 4.6625346424e-13
4.5031738281e+02 7.0982555113e-13 2.4029720903e-13 4.6952834209e-13
4.5037841797e+02 7.0986896029e-13 2.4078359024e-13 4.6908537004e-13
4.5043945312e+02 7.1330509686e-13 2.4325422400e-13 4.7005087286e-13
4.5050048828e+02 7.0865801230e-13 2.4243869148e-13 4.6621932082e-13
4.5056152344e+02 7.0247179491e-13 2.3999191024e-13 4.6247988467e-13
4.5062255859e+02 7.0191962476e-13 2.3868377909e-13 4.6323584567e-13
4.5068359375e+02 7.0294806619e-13 2.3796872837e-13 4.6497933782e-13
4.5074462891e+02 7.0307996419e-13 2.3742647652e-13 4.6565348767e-13
4.5080566406e+02 7.0598725127e-13 2.3852114298e-13 4.6746610829e-13
4.5086669922e+02 7.0537725348e-13 2.3947756660e-13 4.6589968687e-13
4.5092773438e+02 7.0470118373e-13 2.3925157168e-13 4.6544961205e-13
4.5098876953e+02 7.0541414640e-13 2.3970889388e-13 4.6570525252e-13
4.5104980469e+02 7.0735037432e-13 2.4146131863e-13 4.6588905570e-13
4.5111083984e+02 7.0888090685e-13 2.4108242316e-13 4.6779848369e-13
4.5117187500e+02 7.1150191423e-13 2.4213522855e-13 4.6936668569e-13
4.5123291016e+02 7.0831946559e-13 2.4155193827e-13 4.6676752732e-13
4.5129394531e+02 7.0321786102e-13 2.4042478701e-13 4.6279307401e-13
4.5135498047e+02 7.0787277945e-13 2.4024744167e-13 4.6762533778e-13
4.5141601562e+02 7.0959002473e-13 2.3973494472e-13 4.6985508001e-13
4.5147705078e+02 7.0916716389e-13 2.3982750797e-13 4.6933965592e-13
4.5153808594e+02 7.0580843983e-13 2.3985413220e-13 4.6595430763e-13
4.5159912109e+02 7.0678713761e-13 2.4115781114e-13 4.6562932647e-13
4.5166015625e+02 7.0226514211e-13 2.3912514632e-13 4.6313999578e-13
4.5172119141e+02 7.0201411585e-13 2.3916068262e-13 4.6285343323e-13
4.5178222656e+02 7.0214130470e-13 2.3909023641e-13 4.6305106830e-13
4.5184326172e+02 7.0905043535e-13 2.4071539617e-13 4.6833503918e-13
4.5190429688e+02 7.1150703352e-13 2.4034127987e-13 4.7116575365e-13
4.5196533203e+02 7.0226021373e-13 2.3888474147e-13 4.6337547226e-13
4.5202636719e+02 7.0339916378e-13 2.3870745633e-13 4.6469170745e-13
4.5208740234e+02 7.0584035542e-13 2.3960086945e-13 4.6623948597e-13
4.5214843750e+02 7.0360381858e-13 2.3943912503e-13 4.6416469355e-13
4.5220947266e+02 7.0813799683e-13 2.4147222107e-13 4.6666577576e-13
4.5227050781e+02 7.0933641292e-13 2.4244511415e-13 4.6689129877e-13
4.5233154297e+02 7.0684618987e-13 2.4153705887e-13 4.6530913100e-13
4.5239257812e+02 7.0247985653e-13 2.3909233952e-13 4.6338751701e-13
4.5245361328e+02 7.0138023733e-13 2.3803609499e-13 4.6334414234e-13
4.5251464844e+02 7.0384087161e-13 2.3969862477e-13 4.6414224683e-13
4.5257568359e+02 7.0336863528e-13 2.3866039213e-13 4.6470824315e-13
4.5263671875e+02 7.0058645985e-13 2.3722015977e-13 4.6336630008e-13
4.5269775391e+02 6.9754209672e-13 2.3620792785e-13 4.6133416886e-13
4.5275878906e+02 6.9871099169e-13 2.3678927728e-13 4.6192171441e-13
4.5281982422e+02 7.0095755301e-13 2.3888235715e-13 4.6207519585e-13
4.5288085938e+02 7.0189858633e-13 2.3930506700e-13 4.6259351932e-13
4.5294189453e+02 7.0063405408e-13 2.3871599241e-13 4.6191806167e-13
4.5300292969e+02 7.0336922474e-13 2.3950649584e-13 4.6386272890e-13
4.5306396484e+02 6.9799664739e-13 2.3648269273e-13 4.6151395466e-13
4.5312500000e+02 6.9886277802e-13 2.3750362403e-13 4.6135915399e-13
4.5318603516e+02 7.0087979453e-13 2.3920339074e-13 4.6167640379e-13
4.5324707031e+02 7.0031478540e-13 2.3892298680e-13 4.6139179859e-13
4.5330810547e+02 7.0196662251e-13 2.3961003533e-13 4.6235658717e-13
4.5336914062e+02 7.0712906450e-13 2.4108858817e-13 4.6604047633e-13
4.5343017578e+02 7.0802072373e-13 2.4005835362e-13 4.6796237010e-13
4.5349121094e+02 7.0377492232e-13 2.3862407564e-13 4.6515084668e-13
4.5355224609e+02 7.0335744336e-13 2.4005018946e-13 4.6330725390e-13
4.5361328125e+02 6.9870723816e-13 2.3941000414e-13 4.5929723402e-13
4.5367431641e+02 6.9381264163e-13 2.3680896022e-13 4.5700368140e-13
4.5373535156e+02 6.9750644765e-13 2.3769122191e-13 4.5981522574e-13
4.5379638672e+02 6.9997477945e-13 2.3822736787e-13 4.6174741159e-13
4.5385742188e+02 7.0562293714e-13 2.4011393978e-13 4.6550899735e-13
4.5391845703e+02 7.1079906091e-13 2.4113958598e-13 4.6965947493e-13
4.5397949219e+02 7.0513011214e-13 2.3959344360e-13 4.6553666854e-13
4.5404052734e+02 6.9693661597e-13 2.3731160173e-13 4.5962501424e-13
4.5410156250e+02 6.9779209585e-13 2.3683976214e-13 4.6095233371e-13
4.5416259766e+02 6.9974392900e-13 2.3712479911e-13 4.6261912990e-13
4.5422363281e+02 7.0253935307e-13 2.3709082553e-13 4.6544852754e-13
4.5428466797e+02 7.0699644204e-13 2.3912547475e-13 4.6787096730e-13
4.5434570312e+02 7.0744467338e-13 2.4080494718e-13 4.6663972620e-13
4.5440673828e+02 7.0307882683e-13 2.3932003163e-13 4.6375879521e-13
4.5446777344e+02 6.9737749643e-13 2.3787880385e-13 4.5949869259e-13
4.5452880859e+02 7.0171614516e-13 2.3824217512e-13 4.6347397004e-13
4.5458984375e+02 7.0369664839e-13 2.3977553399e-13 4.6392111440e-13
4.5465087891e+02 7.0731988461e-13 2.4189531841e-13 4.6542456620e-13
4.5471191406e+02 7.0624455621e-13 2.3957593402e-13 4.6666862219e-13
4.5477294922e+02 7.0222598744e-13 2.3832985428e-13 4.6389613315e-13
4.5483398438e+02 7.0293425332e-13 2.3942155480e-13 4.6351269852e-13
4.5489501953e+02 6.9909368401e-13 2.3776808905e-13 4.6132559496e-13
4.5495605469e+02 7.0087298858e-13 2.3896423187e-13 4.6190875672e-13
4.5501708984e+02 7.0284121377e-13 2.3966359764e-13 4.6317761613e-13
4.5507812500e+02 7.0095440610e-13 2.3774635010e-13 4.6320805599e-13
4.5513916016e+02 6.9977892877e-13 2.3889716842e-13 4.6088176034e-13
4.5520019531e+02 6.9710254950e-13 2.3674298147e-13 4.6035956802e-13
4.5526123047e+02 6.9518211394e-13 2.3710171341e-13 4.5808040053e-13
4.5532226562e+02 7.0088834220e-13 2.4034578761e-13 4.6054255458e-13
4.5538330078e+02 7.0602492473e-13 2.4069742549e-13 4.6532749924e-13
4.5544433594e+02 7.0067490300e-13 2.3878636437e-13 4.6188853863e-13
4.5550537109e+02 7.0476770452e-13 2.3933068824e-13 4.6543701629e-13
4.5556640625e+02 6.9802367723e-13 2.3582097561e-13 4.6220270162e-13
4.5562744141e+02 6.9312863424e-13 2.3584039020e-13 4.5728824405e-13
4.5568847656e+02 6.9387166142e-13 2.3649260656e-13 4.5737905486e-13
4.5574951172e+02 6.9853226063e-13 2.3702794516e-13 4.6150431547e-13
4.5581054688e+02 6.9660214480e-13 2.3631267172e-13 4.6028947308e-13
4.5587158203e+02 7.0167694002e-13 2.3880977840e-13 4.6286716162e-13
4.5593261719e+02 7.0108293600e-13 2.3908411643e-13 4.6199881957e-13
4.5599365234e+02 7.0330288964e-13 2.3898331000e-13 4.6431957964e-13
4.5605468750e+02 7.0334307036e-13 2.3975871249e-13 4.6358435788e-13
4.5611572266e+02 7.0257973416e-13 2.3981903189e-13 4.6276070227e-13
4.5617675781e+02 7.0474094639e-13 2.3929525082e-13 4.6544569557e-13
4.5623779297e+02 6.9796110818e-13 2.3794904802e-13 4.6001206016e-13
4.5629882812e+02 6.9697634153e-13 2.3755982655e-13 4.5941651498e-13
4.5635986328e+02 6.9706670850e-13 2.3777786657e-13 4.5928884193e-13
4.5642089844e+02 6.9894609502e-13 2.3809707789e-13 4.6084901713e-13
4.5648193359e+02 6.9885684905e-13 2.3851137283e-13 4.6034547622e-13
4.5654296875e+02 6.9934782389e-13 2.3757105406e-13 4.6177676983e-13
4.5660400391e+02 6.9710768248e-13 2.3720159015e-13 4.5990609233e-13
4.5666503906e+02 6.9638807392e-13 2.3843230763e-13 4.5795576630e-13
4.5672607422e+02 6.9776515864e-13 2.3848940867e-13 4.5927574997e-13
4.5678710938e+02 6.9444317194e-13 2.3590960583e-13 4.5853356610e-13
4.5684814453e+02 6.9757496324e-13 2.3705997197e-13 4.6051499127e-13
4.5690917969e+02 6.9665316809e-13 2.3874917298e-13 4.5790399511e-13
4.5697021484e+02 6.9770131098e-13 2.3905322118e-13 4.5864808980e-13
4.5703125000e+02 6.9077636525e-13 2.3501921231e-13 4.5575715294e-13
4.5709228516e+02 6.9438395425e-13 2.3551195373e-13 4.5887200053e-13
4.5715332031e+02 6.9623443551e-13 2.3561724457e-13 4.6061719093e-13
4.5721435547e+02 6.9758298751e-13 2.3591835823e-13 4.6166462928e-13
4.5727539062e+02 6.9740956160e-13 2.3745069359e-13 4.5995886802e-13
4.5733642578e+02 6.9648715857e-13 2.3726204690e-13 4.5922511168e-13
4.5739746094e+02 6.9908923631e-13 2.3730991020e-13 4.6177932611e-13
4.5745849609e+02 7.0060177511e-13 2.3829264646e-13 4.6230912866e-13
4.5751953125e+02 6.9697962774e-13 2.3847660394e-13 4.5850302380e-13
4.5758056641e+02 6.9904681743e-13 2.3764889813e-13 4.6139791930e-13
4.5764160156e+02 6.9591371193e-13 2.3679038128e-13 4.5912333065e-13
4.5770263672e+02 6.9610935713e-13 2.3612756875e-13 4.5998178838e-13
4.5776367188e+02 7.0074918737e-13 2.3816181003e-13 4.6258737734e-13
4.5782470703e+02 6.9638218039e-13 2.3576667404e-13 4.6061550635e-13
4.5788574219e+02 6.9676941092e-13 2.3695984555e-13 4.5980956537e-13
4.5794677734e+02 7.0081250384e-13 2.3869941808e-13 4.6211308576e-13
4.5800781250e+02 7.0266894131e-13 2.3885205535e-13 4.6381688596e-13
4.5806884766e+02 6.9939792203e-13 2.3652104177e-13 4.6287688025e-13
4.5812988281e+02 7.0198314892e-13 2.3661516324e-13 4.6536798568e-13
4.5819091797e+02 6.9962757279e-13 2.3733845071e-13 4.6228912208e-13
4.5825195312e+02 6.9691335499e-13 2.3573012077e-13 4.6118323422e-13
4.5831298828e+02 7.0092253726e-13 2.3764787579e-13 4.6327466148e-13
4.5837402344e+02 6.9801474818e-13 2.3833902093e-13 4.5967572725e-13
4.5843505859e+02 6.9938782932e-13 2.3898694696e-13 4.6040088236e-13
4.5849609375e+02 7.0239030105e-13 2.3854975627e-13 4.6384054477e-13
4.5855712891e+02 7.0505795225e-13 2.4003816954e-13 4.6501978271e-13
4.5861816406e+02 6.9923804898e-13 2.3887885773e-13 4.6035919125e-13
4.5867919922e+02 6.9840372287e-13 2.3700105062e-13 4.6140267225e-13
4.5874023438e+02 6.9452543987e-13 2.3586001617e-13 4.5866542370e-13
4.5880126953e+02 6.9668465272e-13 2.3637848690e-13 4.6030616583e-13
4.5886230469e+02 6.9911771629e-13 2.3622644270e-13 4.6289127359e-13
4.5892333984e+02 6.9812746140e-13 2.3600687749e-13 4.6212058391e-13
4.5898437500e+02 7.0337941451e-13 2.3834954718e-13 4.6502986733e-13
4.5904541016e+02 6.9782116889e-13 2.3675256285e-13 4.6106860604e-13
4.5910644531e+02 6.9805265249e-13 2.3717027480e-13 4.6088237769e-13
4.5916748047e+02 6.9639261040e-13 2.3776122151e-13 4.5863138888e-13
4.5922851562e+02 6.9830562068e-13 2.3808274357e-13 4.6022287712e-13
4.5928955078e+02 7.0300753925e-13 2.3903380428e-13 4.6397373497e-13
4.5935058594e+02 7.0173700290e-13 2.3748868521e-13 4.6424831770e-13
4.5941162109e+02 6.9945101917e-13 2.3705095470e-13 4.6240006447e-13
4.5947265625e+02 7.0117622566e-13 2.3777533774e-13 4.6340088792e-13
4.5953369141e+02 6.9880746807e-13 2.3656065847e-13 4.6224680960e-13
4.5959472656e+02 7.0199685576e-13 2.3843822444e-13 4.6355863132e-13
4.5965576172e+02 7.0045468993e-13 2.3786047962e-13 4.6259421032e-13
4.5971679688e+02 6.9634948535e-13 2.3696527283e-13 4.5938421252e-13
4.5977783203e+02 6.9422492482e-13 2.3618203672e-13 4.5804288810e-13
4.5983886719e+02 6.9429124867e-13 2.3587994736e-13 4.5841130131e-13
4.5989990234e+02 6.9416399701e-13 2.3597320470e-13 4.5819079231e-13
4.5996093750e+02 6.9663208512e-13 2.3699133579e-13 4.5964074933e-13
4.6002197266e+02 6.9727939785e-13 2.3738591836e-13 4.5989347949e-13
4.6008300781e+02 6.9290527473e-13 2.3595768301e-13 4.5694759172e-13
4.6014404297e+02 6.9814666862e-13 2.3689978955e-13 4.6124687907e-13
4.6020507812e+02 7.0161145951e-13 2.3827209244e-13 4.6333936706e-13
4.6026611328e+02 7.0046673195e-13 2.3731578587e-13 4.6315094609e-13
4.6032714844e+02 6.9447654645e-13 2.3593900667e-13 4.5853753978e-13
4.6038818359e+02 6.9559595083e-13 2.3736142933e-13 4.5823452150e-13
4.6044921875e+02 7.0079851387e-13 2.4023126970e-13 4.6056724417e-13
4.6051025391e+02 6.9360828196e-13 2.3742844403e-13 4.5617983793e-13
4.6057128906e+02 6.9428085384e-13 2.3701475076e-13 4.5726610309e-13
4.6063232422e+02 6.9363868326e-13 2.3591081950e-13 4.5772786377e-13
4.6069335938e+02 6.9582379258e-13 2.3510622218e-13 4.6071757040e-13
4.6075439453e+02 7.0034229677e-13 2.3782879141e-13 4.6251350536e-13
4.6081542969e+02 6.9575069245e-13 2.3675869504e-13 4.5899199741e-13
4.6087646484e+02 6.9479349093e-13 2.3574423151e-13 4.5904925941e-13
4.6093750000e+02 6.9668534483e-13 2.3440416668e-13 4.6228117816e-13
4.6099853516e+02 6.9189873389e-13 2.3474389379e-13 4.5715484010e-13
4.6105957031e+02 6.9175660184e-13 2.3665971764e-13 4.5509688420e-13
4.6112060547e+02 7.0045011945e-13 2.3888058463e-13 4.6156953482e-13
4.6118164062e+02 6.9869267275e-13 2.3735012375e-13 4.6134254900e-13
4.6124267578e+02 6.9909358459e-13 2.3582295388e-13 4.6327063072e-13
4.6130371094e+02 6.9995217324e-13 2.3722281522e-13 4.6272935802e-13
4.6136474609e+02 7.0052634282e-13 2.3872206030e-13 4.6180428252e-13
4.6142578125e+02 6.9796410558e-13 2.3674073805e-13 4.6122336753e-13
4.6148681641e+02 6.8836408727e-13 2.3420638983e-13 4.5415769744e-13
4.6154785156e+02 6.8987422076e-13 2.3528669345e-13 4.5458752731e-13
4.6160888672e+02 6.9055482065e-13 2.3548331337e-13 4.5507150728e-13
4.6166992188e+02 6.9345969310e-13 2.3575022113e-13 4.5770947197e-13
4.6173095703e+02 6.9482172593e-13 2.3776825281e-13 4.5705347312e-13
4.6179199219e+02 6.8840662297e-13 2.3443270800e-13 4.5397391498e-13
4.6185302734e+02 6.9735936784e-13 2.3594729795e-13 4.6141206990e-13
4.6191406250e+02 6.9904296432e-13 2.3663899320e-13 4.6240397112e-13
4.6197509766e+02 6.9330327792e-13 2.3577596101e-13 4.5752731691e-13
4.6203613281e+02 6.8962879221e-13 2.3449493883e-13 4.5513385338e-13
4.6209716797e+02 6.9038805969e-13 2.3374572092e-13 4.5664233877e-13
4.6215820312e+02 6.9444460830e-13 2.3416681542e-13 4.6027779288e-13
4.6221923828e+02 6.9423324901e-13 2.3647750066e-13 4.5775574835e-13
4.6228027344e+02 6.9204065389e-13 2.3751524686e-13 4.5452540703e-13
4.6234130859e+02 6.9019266421e-13 2.3663168148e-13 4.5356098273e-13
4.6240234375e+02 6.9229096241e-13 2.3573757955e-13 4.5655338286e-13
4.6246337891e+02 6.9104529340e-13 2.3502996670e-13 4.5601532671e-13
4.6252441406e+02 6.9136059968e-13 2.3481734313e-13 4.5654325655e-13
4.6258544922e+02 6.9256953582e-13 2.3590342006e-13 4.5666611576e-13
4.6264648438e+02 6.8928814978e-13 2.3541735736e-13 4.5387079243e-13
4.6270751953e+02 6.9447638914e-13 2.3705344376e-13 4.5742294539e-13
4.6276855469e+02 6.9814653815e-13 2.3710906359e-13 4.6103747456e-13
4.6282958984e+02 6.8884850941e-13 2.3428867573e-13 4.5455983368e-13
4.6289062500e+02 6.9336016980e-13 2.3576805583e-13 4.5759211396e-13
4.6295166016e+02 6.9137021085e-13 2.3628959318e-13 4.5508061767e-13
4.6301269531e+02 6.9230742751e-13 2.3636547424e-13 4.5594195327e-13
4.6307373047e+02 6.9380711637e-13 2.3651307716e-13 4.5729403921e-13
4.6313476562e+02 6.8854023161e-13 2.3378233000e-13 4.5475790161e-13
4.6319580078e+02 6.9301769034e-13 2.3359222401e-13 4.5942546632e-13
4.6325683594e+02 6.9644309673e-13 2.3548104212e-13 4.6096205460e-13
4.6331787109e+02 6.9417841305e-13 2.3450125352e-13 4.5967715952e-13
4.6337890625e+02 6.9187752141e-13 2.3444655161e-13 4.5743096980e-13
4.6343994141e+02 6.9339852884e-13 2.3560742012e-13 4.5779110871e-13
4.6350097656e+02 6.9717874183e-13 2.3793332149e-13 4.5924542035e-13
4.6356201172e+02 6.9604081673e-13 2.3781947530e-13 4.5822134143e-13
4.6362304688e+02 6.9256393317e-13 2.3597990223e-13 4.5658403094e-13
4.6368408203e+02 6.9191949257e-13 2.3569576683e-13 4.5622372574e-13
4.6374511719e+02 6.9304041227e-13 2.3603497052e-13 4.5700544175e-13
4.6380615234e+02 6.9218570414e-13 2.3517645605e-13 4.5700924809e-13
4.6386718750e+02 6.8881647007e-13 2.3402044526e-13 4.5479602481e-13
4.6392822266e+02 6.8947682381e-13 2.3407054570e-13 4.5540627812e-13
4.6398925781e+02 6.9016171473e-13 2.3514107758e-13 4.5502063715e-13
4.6405029297e+02 6.9327935926e-13 2.3613104112e-13 4.5714831814e-13
4.6411132812e+02 6.9594444196e-13 2.3551658956e-13 4.6042785240e-13
4.6417236328e+02 6.9221508907e-13 2.3507148372e-13 4.5714360535e-13
4.6423339844e+02 6.8984843476e-13 2.3505209149e-13 4.5479634327e-13
4.6429443359e+02 6.8970023772e-13 2.3315886634e-13 4.5654137138e-13
4.6435546875e+02 6.8591247581e-13 2.3341872504e-13 4.5249375077e-13
4.6441650391e+02 6.8629260263e-13 2.3358242105e-13 4.5271018158e-13
4.6447753906e+02 6.9230135693e-13 2.3434566607e-13 4.5795569086e-13
4.6453857422e+02 6.9838596224e-13 2.3696704980e-13 4.6141891244e-13
4.6459960938e+02 6.9256743086e-13 2.3524047016e-13 4.5732696070e-13
4.6466064453e+02 6.9059323341e-13 2.3423389345e-13 4.5635933996e-13
4.6472167969e+02 6.9105029638e-13 2.3463983789e-13 4.5641045849e-13
4.6478271484e+02 6.9109398943e-13 2.3496086472e-13 4.5613312471e-13
4.6484375000e+02 6.9489273671e-13 2.3566393579e-13 4.5922880092e-13
4.6490478516e+02 6.9641595265e-13 2.3691660285e-13 4.5949934980e-13
4.6496582031e+02 6.9696075708e-13 2.3653255937e-13 4.6042819771e-13
4.6502685547e+02 6.9198846027e-13 2.3494079983e-13 4.5704766045e-13
4.6508789062e+02 6.9403052584e-13 2.3587869668e-13 4.5815182916e-13
4.6514892578e+02 6.9591594156e-13 2.3510709217e-13 4.6080884939e-13
4.6520996094e+02 6.9682895879e-13 2.3425258580e-13 4.6257637298e-13
4.6527099609e+02 6.9965227775e-13 2.3558299023e-13 4.6406928752e-13
4.6533203125e+02 6.9434643466e-13 2.3626366506e-13 4.5808276960e-13
4.6539306641e+02 6.9503006512e-13 2.3695301723e-13 4.5807704790e-13
4.6545410156e+02 7.0034614397e-13 2.3782272091e-13 4.6252342306e-13
4.6551513672e+02 6.9692944446e-13 2.3674954523e-13 4.6017989923e-13
4.6557617188e+02 6.9444996338e-13 2.3562051203e-13 4.5882945135e-13
4.6563720703e+02 6.9414370763e-13 2.3633549959e-13 4.5780820804e-13
4.6569824219e+02 6.9028535774e-13 2.3598956578e-13 4.5429579196e-13
4.6575927734e+02 6.9005077164e-13 2.3569593293e-13 4.5435483870e-13
4.6582031250e+02 6.8594947113e-13 2.3336565157e-13 4.5258381956e-13
4.6588134766e+02 6.8878033505e-13 2.3437432774e-13 4.5440600731e-13
4.6594238281e+02 6.9566134548e-13 2.3586129378e-13 4.5980005171e-13
4.6600341797e+02 6.9403449798e-13 2.3668689139e-13 4.5734760660e-13
4.6606445312e+02 6.9300454606e-13 2.3501800655e-13 4.5798653951e-13
4.6612548828e+02 6.9743032585e-13 2.3642559706e-13 4.6100472879e-13
4.6618652344e+02 6.9799572362e-13 2.3658829565e-13 4.6140742797e-13
4.6624755859e+02 6.9614563359e-13 2.3623162304e-13 4.5991401054e-13
4.6630859375e+02 7.0023803463e-13 2.3724965117e-13 4.6298838346e-13
4.6636962891e+02 6.9829405043e-13 2.3607473336e-13 4.6221931708e-13
4.6643066406e+02 6.9833946114e-13 2.3570534328e-13 4.6263411786e-13
4.6649169922e+02 6.9168074562e-13 2.3411229537e-13 4.5756845025e-13
4.6655273438e+02 6.9374220269e-13 2.3634189645e-13 4.5740030624e-13
4.6661376953e+02 6.9546633897e-13 2.3800807362e-13 4.5745826535e-13
4.6667480469e+02 6.9840162537e-13 2.3830317471e-13 4.6009845066e-13
4.6673583984e+02 6.9846260576e-13 2.3789462161e-13 4.6056798415e-13
4.6679687500e+02 7.0003867869e-13 2.3728081903e-13 4.6275785966e-13
4.6685791016e+02 7.0283410498e-13 2.3838168544e-13 4.6445241953e-13
4.6691894531e+02 6.9696900368e-13 2.3603182722e-13 4.6093717646e-13
4.6697998047e+02 6.9498354811e-13 2.3505641062e-13 4.5992713749e-13
4.6704101562e+02 6.9831521895e-13 2.3723999180e-13 4.6107522715e-13
4.6710205078e+02 6.9186522278e-13 2.3589326884e-13 4.5597195393e-13
4.6716308594e+02 6.9376116631e-13 2.3658128951e-13 4.5717987681e-13
4.6722412109e+02 6.9608636448e-13 2.3726863362e-13 4.5881773086e-13
4.6728515625e+02 6.9375844442e-13 2.3490905170e-13 4.5884939271e-13
4.6734619141e+02 6.9350545489e-13 2.3456105517e-13 4.5894439971e-13
4.6740722656e+02 6.9018631084e-13 2.3400526540e-13 4.5618104544e-13
4.6746826172e+02 6.8972046231e-13 2.3499750758e-13 4.5472295473e-13
4.6752929688e+02 6.9154167481e-13 2.3446054068e-13 4.5708113413e-13
4.6759033203e+02 6.9047249911e-13 2.3353466580e-13 4.5693783331e-13
4.6765136719e+02 6.9188223189e-13 2.3490047556e-13 4.5698175633e-13
4.6771240234e+02 6.9482202608e-13 2.3782189786e-13 4.5700012822e-13
4.6777343750e+02 6.9178573520e-13 2.3747116568e-13 4.5431456952e-13
4.6783447266e+02 6.9788119409e-13 2.3699505251e-13 4.6088614158e-13
4.6789550781e+02 6.9512870030e-13 2.3472251434e-13 4.6040618596e-13
4.6795654297e+02 6.9066814906e-13 2.3525847175e-13 4.5540967731e-13
4.6801757812e+02 6.9150694645e-13 2.3425429137e-13 4.5725265508e-13
4.6807861328e+02 6.9229612192e-13 2.3449426624e-13 4.5780185568e-13
4.6813964844e+02 6.9048404013e-13 2.3486613875e-13 4.5561790138e-13
4.6820068359e+02 6.8801809023e-13 2.3354655743e-13 4.5447153280e-13
4.6826171875e+02 6.9029801475e-13 2.3530692315e-13 4.5499109160e-13
4.6832275391e+02 6.9485913574e-13 2.3496376801e-13 4.5989536773e-13
4.6838378906e+02 6.9312813697e-13 2.3514137433e-13 4.5798676263e-13
4.6844482422e+02 6.8710988453e-13 2.3360207536e-13 4.5350780917e-13
4.6850585938e+02 6.8217261877e-13 2.3226738417e-13 4.4990523459e-13
4.6856689453e+02 6.8960783865e-13 2.3492855539e-13 4.5467928325e-13
4.6862792969e+02 6.8671475861e-13 2.3353997097e-13 4.5317478764e-13
4.6868896484e+02 6.8597405688e-13 2.3237907241e-13 4.5359498447e-13
4.6875000000e+02 6.8413700914e-13 2.3204155134e-13 4.5209545780e-13
4.6881103516e+02 6.8600128437e-13 2.3260897792e-13 4.5339230645e-13
4.6887207031e+02 6.8743420285e-13 2.3352766933e-13 4.5390653353e-13
4.6893310547e+02 6.9143642572e-13 2.3592366400e-13 4.5551276172e-13
4.6899414062e+02 6.8808691829e-13 2.3332919055e-13 4.5475772774e-13
4.6905517578e+02 6.8769514915e-13 2.3403660866e-13 4.5365854049e-13
4.6911621094e+02 6.8892004195e-13 2.3406116172e-13 4.5485888023e-13
4.6917724609e+02 6.8908157590e-13 2.3382722709e-13 4.5525434881e-13
4.6923828125e+02 6.9181857427e-13 2.3471581118e-13 4.5710276309e-13
4.6929931641e+02 6.8781050901e-13 2.3361082334e-13 4.5419968567e-13
4.6936035156e+02 6.9305487600e-13 2.3513411282e-13 4.5792076318e-13
4.6942138672e+02 6.8919316000e-13 2.3466657204e-13 4.5452658796e-13
4.6948242188e+02 6.8338707604e-13 2.3285727670e-13 4.5052979935e-13
4.6954345703e+02 6.8322432560e-13 2.3257673230e-13 4.5064759330e-13
4.6960449219e+02 6.8400464218e-13 2.3218359249e-13 4.5182104969e-13
4.6966552734e+02 6.8537457176e-13 2.3359441553e-13 4.5178015623e-13
4.6972656250e+02 6.8762627190e-13 2.3433849725e-13 4.5328777465e-13
4.6978759766e+02 6.8497254877e-13 2.3236106259e-13 4.5261148619e-13
4.6984863281e+02 6.8804756535e-13 2.3340578330e-13 4.5464178204e-13
4.6990966797e+02 6.8877231359e-13 2.3485031330e-13 4.5392200028e-13
4.6997070312e+02 6.8384915788e-13 2.3284009692e-13 4.5100906096e-13
4.7003173828e+02 6.9207507849e-13 2.3409021553e-13 4.5798486296e-13
4.7009277344e+02 6.9562035319e-13 2.3540329780e-13 4.6021705539e-13
4.7015380859e+02 6.9263799396e-13 2.3400192382e-13 4.5863607014e-13
4.7021484375e+02 6.9136107726e-13 2.3349252308e-13 4.5786855418e-13
4.7027587891e+02 6.9405436735e-13 2.3536240106e-13 4.5869196628e-13
4.7033691406e+02 6.8649722145e-13 2.3425689884e-13 4.5224032261e-13
4.7039794922e+02 6.8767457374e-13 2.3446679197e-13 4.5320778177e-13
4.7045898438e+02 6.8546926057e-13 2.3332992729e-13 4.5213933327e-13
4.7052001953e+02 6.8362939858e-13 2.3250362978e-13 4.5112576879e-13
4.7058105469e+02 6.8332872433e-13 2.3182301006e-13 4.5150571427e-13
4.7064208984e+02 6.8547833352e-13 2.3334935764e-13 4.5212897587e-13
4.7070312500e+02 6.8822198452e-13 2.3401652355e-13 4.5420546097e-13
4.7076416016e+02 6.9266526450e-13 2.3532165329e-13 4.5734361120e-13
4.7082519531e+02 6.8382634227e-13 2.3347393316e-13 4.5035240911e-13
4.7088623047e+02 6.8210089212e-13 2.3300984696e-13 4.4909104516e-13
4.7094726562e+02 6.8439132343e-13 2.3293457436e-13 4.5145674906e-13
4.7100830078e+02 6.8411188373e-13 2.3203411235e-13 4.5207777138e-13
4.7106933594e+02 6.8547318191e-13 2.3196296687e-13 4.5351021504e-13
4.7113037109e+02 6.8454997213e-13 2.3183383156e-13 4.5271614057e-13
4.7119140625e+02 6.8411336204e-13 2.3337955229e-13 4.5073380975e-13
4.7125244141e+02 6.8447410989e-13 2.3338982008e-13 4.5108428981e-13
4.7131347656e+02 6.8456132167e-13 2.3507727143e-13 4.4948405024e-13
4.7137451172e+02 6.8726809953e-13 2.3469584548e-13 4.5257225405e-13
4.7143554688e+02 6.8434652495e-13 2.3243036524e-13 4.5191615971e-13
4.7149658203e+02 6.8348565336e-13 2.3245931818e-13 4.5102633518e-13
4.7155761719e+02 6.8395422714e-13 2.3270563159e-13 4.5124859555e-13
4.7161865234e+02 6.8031303925e-13 2.3114252799e-13 4.4917051126e-13
4.7167968750e+02 6.8201678754e-13 2.3172343104e-13 4.5029335650e-13
4.7174072266e+02 6.8497779438e-13 2.3345990091e-13 4.5151789347e-13
4.7180175781e+02 6.8533364420e-13 2.3249350655e-13 4.5284013765e-13
4.7186279297e+02 6.7997472746e-13 2.3170198015e-13 4.4827274730e-13
4.7192382812e+02 6.7889320828e-13 2.3119361423e-13 4.4769959405e-13
4.7198486328e+02 6.7828610065e-13 2.3101732412e-13 4.4726877654e-13
4.7204589844e+02 6.7815367905e-13 2.3143249886e-13 4.4672118019e-13
4.7210693359e+02 6.8358774064e-13 2.3196860496e-13 4.5161913569e-13
4.7216796875e+02 6.8065923443e-13 2.3236555107e-13 4.4829368336e-13
4.7222900391e+02 6.8179255815e-13 2.3282149744e-13 4.4897106071e-13
4.7229003906e+02 6.7961673589e-13 2.3127465854e-13 4.4834207735e-13
4.7235107422e+02 6.8313007036e-13 2.3291746782e-13 4.5021260254e-13
4.7241210938e+02 6.8339722624e-13 2.3263657961e-13 4.5076064663e-13
4.7247314453e+02 6.8106101885e-13 2.3221337591e-13 4.4884764294e-13
4.7253417969e+02 6.8659640523e-13 2.3394065547e-13 4.5265574976e-13
4.7259521484e+02 6.8595824865e-13 2.3298473117e-13 4.5297351748e-13
4.7265625000e+02 6.8249699091e-13 2.3163255833e-13 4.5086443258e-13
4.7271728516e+02 6.8195844852e-13 2.3163384612e-13 4.5032460240e-13
4.7277832031e+02 6.7991701080e-13 2.3132597201e-13 4.4859103879e-13
4.7283935547e+02 6.7989462630e-13 2.3170913804e-13 4.4818548826e-13
4.7290039062e+02 6.8641464917e-13 2.3336398633e-13 4.5305066285e-13
4.7296142578e+02 6.8091815117e-13 2.3226369703e-13 4.4865445414e-13
4.7302246094e+02 6.8410217729e-13 2.3287412712e-13 4.5122805017e-13
4.7308349609e+02 6.8116176257e-13 2.3128489505e-13 4.4987686752e-13
4.7314453125e+02 6.7799208519e-13 2.3141542200e-13 4.4657666319e-13
4.7320556641e+02 6.7607190689e-13 2.3064967533e-13 4.4542223156e-13
4.7326660156e+02 6.7433332238e-13 2.2851900609e-13 4.4581431629e-13
4.7332763672e+02 6.7471767003e-13 2.2912727982e-13 4.4559039021e-13
4.7338867188e+02 6.7853150948e-13 2.3002362178e-13 4.4850788770e-13
4.7344970703e+02 6.8054039465e-13 2.3101993964e-13 4.4952045501e-13
4.7351074219e+02 6.8318721461e-13 2.3126986729e-13 4.5191734731e-13
4.7357177734e+02 6.8069536188e-13 2.3110335475e-13 4.4959200712e-13
4.7363281250e+02 6.7608238894e-13 2.2988599527e-13 4.4619639367e-13
4.7369384766e+02 6.7674021627e-13 2.3101250199e-13 4.4572771428e-13
4.7375488281e+02 6.7768789913e-13 2.3249863910e-13 4.4518926003e-13
4.7381591797e+02 6.7709276150e-13 2.3181375453e-13 4.4527900697e-13
4.7387695312e+02 6.8139248069e-13 2.3042257478e-13 4.5096990591e-13
4.7393798828e+02 6.9045175141e-13 2.3347992241e-13 4.5697182900e-13
4.7399902344e+02 6.8487961228e-13 2.3340770533e-13 4.5147190695e-13
4.7406005859e+02 6.8278124613e-13 2.3366998567e-13 4.4911126047e-13
4.7412109375e+02 6.8190814320e-13 2.3225067361e-13 4.4965746959e-13
4.7418212891e+02 6.8090300532e-13 2.3134157511e-13 4.4956143021e-13
4.7424316406e+02 6.7619424557e-13 2.2965670194e-13 4.4653754363e-13
4.7430419922e+02 6.8053863965e-13 2.3090060725e-13 4.4963803240e-13
4.7436523438e+02 6.8124240902e-13 2.3113301190e-13 4.5010939712e-13
4.7442626953e+02 6.7529829120e-13 2.3047868183e-13 4.4481960937e-13
4.7448730469e+02 6.7823210371e-13 2.3106949845e-13 4.4716260525e-13
4.7454833984e+02 6.8621924610e-13 2.3362634823e-13 4.5259289786e-13
4.7460937500e+02 6.8784033785e-13 2.3443657923e-13 4.5340375862e-13
4.7467041016e+02 6.8450668116e-13 2.3280640532e-13 4.5170027584e-13
4.7473144531e+02 6.7941716349e-13 2.3117616492e-13 4.4824099857e-13
4.7479248047e+02 6.7884433083e-13 2.3039866691e-13 4.4844566391e-13
4.7485351562e+02 6.8346433946e-13 2.3138209521e-13 4.5208224425e-13
4.7491455078e+02 6.8403170908e-13 2.3265327394e-13 4.5137843514e-13
4.7497558594e+02 6.8065029248e-13 2.3151957653e-13 4.4913071595e-13
4.7503662109e+02 6.8069496859e-13 2.3124400984e-13 4.4945095874e-13
4.7509765625e+02 6.7735818539e-13 2.3128891800e-13 4.4606926739e-13
4.7515869141e+02 6.8157215732e-13 2.3291492255e-13 4.4865723477e-13
4.7521972656e+02 6.8494707584e-13 2.3213799738e-13 4.5280907847e-13
4.7528076172e+02 6.8395054780e-13 2.3089096924e-13 4.5305957857e-13
4.7534179688e+02 6.8494562876e-13 2.3236179957e-13 4.5258382919e-13
4.7540283203e+02 6.8055143626e-13 2.3159521508e-13 4.4895622117e-13
4.7546386719e+02 6.7730540410e-13 2.2915211524e-13 4.4815328886e-13
4.7552490234e+02 6.7907624792e-13 2.2937635652e-13 4.4969989140e-13
4.7558593750e+02 6.7732580141e-13 2.2919933337e-13 4.4812646804e-13
4.7564697266e+02 6.7691567577e-13 2.3123273501e-13 4.4568294075e-13
4.7570800781e+02 6.7562259492e-13 2.3140536858e-13 4.4421722634e-13
4.7576904297e+02 6.7630999378e-13 2.3036249813e-13 4.4594749566e-13
4.7583007812e+02 6.7875720419e-13 2.3147199843e-13 4.4728520576e-13
4.7589111328e+02 6.7945148071e-13 2.3174348456e-13 4.4770799614e-13
4.7595214844e+02 6.8291645632e-13 2.3236684163e-13 4.5054961469e-13
4.7601318359e+02 6.8048856216e-13 2.3089388608e-13 4.4959467609e-13
4.7607421875e+02 6.7814994220e-13 2.3031487260e-13 4.4783506960e-13
4.7613525391e+02 6.7674540885e-13 2.3049343153e-13 4.4625197731e-13
4.7619628906e+02 6.7443749454e-13 2.3038832847e-13 4.4404916607e-13
4.7625732422e+02 6.7779140376e-13 2.3204691986e-13 4.4574448390e-13
4.7631835938e+02 6.7504135165e-13 2.3161010124e-13 4.4343125042e-13
4.7637939453e+02 6.7369261179e-13 2.2955867659e-13 4.4413393520e-13
4.7644042969e+02 6.7908334382e-13 2.3078270925e-13 4.4830063457e-13
4.7650146484e+02 6.7924810376e-13 2.3151820013e-13 4.4772990363e-13
4.7656250000e+02 6.7721610988e-13 2.3078887654e-13 4.4642723334e-13
4.7662353516e+02 6.7442810068e-13 2.2990749007e-13 4.4452061061e-13
4.7668457031e+02 6.7660749862e-13 2.3012758615e-13 4.4647991247e-13
4.7674560547e+02 6.7934046111e-13 2.3108849109e-13 4.4825197002e-13
4.7680664062e+02 6.7445435642e-13 2.3015239090e-13 4.4430196552e-13
4.7686767578e+02 6.7202254502e-13 2.2878100440e-13 4.4324154062e-13
4.7692871094e+02 6.7705683568e-13 2.2974446090e-13 4.4731237477e-13
4.7698974609e+02 6.7860270097e-13 2.3051385266e-13 4.4808884831e-13
4.7705078125e+02 6.7554544546e-13 2.3004949388e-13 4.4549595159e-13
4.7711181641e+02 6.7867266076e-13 2.3121662059e-13 4.4745604017e-13
4.7717285156e+02 6.7607752871e-13 2.2980241506e-13 4.4627511365e-13
4.7723388672e+02 6.7312389156e-13 2.2884776873e-13 4.4427612284e-13
4.7729492188e+02 6.7731992443e-13 2.3217259791e-13 4.4514732652e-13
4.7735595703e+02 6.7644068125e-13 2.3187439457e-13 4.4456628668e-13
4.7741699219e+02 6.7500168525e-13 2.3091160037e-13 4.4409008488e-13
4.7747802734e+02 6.7255647037e-13 2.2911410245e-13 4.4344236792e-13
4.7753906250e+02 6.7408027282e-13 2.2931011165e-13 4.4477016117e-13
4.7760009766e+02 6.7622678971e-13 2.3043634816e-13 4.4579044155e-13
4.7766113281e+02 6.7257824278e-13 2.2941264466e-13 4.4316559812e-13
4.7772216797e+02 6.7495487516e-13 2.2989025569e-13 4.4506461947e-13
4.7778320312e+02 6.7761850219e-13 2.3131957372e-13 4.4629892847e-13
4.7784423828e+02 6.7806769534e-13 2.3088508989e-13 4.4718260545e-13
4.7790527344e+02 6.7692565462e-13 2.3118924090e-13 4.4573641371e-13
4.7796630859e+02 6.7879994840e-13 2.3166790977e-13 4.4713203863e-13
4.7802734375e+02 6.7722597125e-13 2.3037095795e-13 4.4685501330e-13
4.7808837891e+02 6.7697767907e-13 2.2972424505e-13 4.4725343403e-13
4.7814941406e+02 6.7261007431e-13 2.2846516322e-13 4.4414491109e-13
4.7821044922e+02 6.7089888407e-13 2.2855386155e-13 4.4234502252e-13
4.7827148438e+02 6.7709628116e-13 2.3005220162e-13 4.4704407954e-13
4.7833251953e+02 6.7974738922e-13 2.3030191203e-13 4.4944547719e-13
4.7839355469e+02 6.7865908552e-13 2.3075177191e-13 4.4790731361e-13
4.7845458984e+02 6.7396897113e-13 2.2916804317e-13 4.4480092796e-13
4.7851562500e+02 6.7272952514e-13 2.2830917790e-13 4.4442034724e-13
4.7857666016e+02 6.7620075802e-13 2.3012811555e-13 4.4607264247e-13
4.7863769531e+02 6.7533306393e-13 2.2945546698e-13 4.4587759696e-13
4.7869873047e+02 6.7149223088e-13 2.2932386516e-13 4.4216836572e-13
4.7875976562e+02 6.7774851124e-13 2.3261347522e-13 4.4513503602e-13
4.7882080078e+02 6.7693960075e-13 2.3143654206e-13 4.4550305869e-13
4.7888183594e+02 6.8037770644e-13 2.3059934757e-13 4.4977835887e-13
4.7894287109e+02 6.7756966518e-13 2.3108986576e-13 4.4647979942e-13
4.7900390625e+02 6.7506973804e-13 2.3080198069e-13 4.4426775735e-13
4.7906494141e+02 6.8066115708e-13 2.3157980100e-13 4.4908135608e-13
4.7912597656e+02 6.7713241043e-13 2.3060672749e-13 4.4652568293e-13
4.7918701172e+02 6.7673750292e-13 2.3009527479e-13 4.4664222813e-13
4.7924804688e+02 6.7679808254e-13 2.3093730893e-13 4.4586077361e-13
4.7930908203e+02 6.7772320768e-13 2.3072303594e-13 4.4700017174e-13
4.7937011719e+02 6.7530842606e-13 2.2830900946e-13 4.4699941660e-13
4.7943115234e+02 6.7707657266e-13 2.3029400571e-13 4.4678256694e-13
4.7949218750e+02 6.7711878255e-13 2.3053259863e-13 4.4658618392e-13
4.7955322266e+02 6.7456643213e-13 2.2898002720e-13 4.4558640493e-13
4.7961425781e+02 6.7651702018e-13 2.2972789276e-13 4.4678912742e-13
4.7967529297e+02 6.8036091109e-13 2.3146032280e-13 4.4890058829e-13
4.7973632812e+02 6.7790062004e-13 2.3148557450e-13 4.4641504554e-13
4.7979736328e+02 6.8069298756e-13 2.3168269448e-13 4.4901029308e-13
4.7985839844e+02 6.8473168679e-13 2.3320712643e-13 4.5152456036e-13
4.7991943359e+02 6.8218615912e-13 2.3278641648e-13 4.4939974264e-13
4.7998046875e+02 6.7758303664e-13 2.2927865217e-13 4.4830438447e-13
4.8004150391e+02 6.7896583612e-13 2.3189503933e-13 4.4707079678e-13
4.8010253906e+02 6.7652311993e-13 2.2999043814e-13 4.4653268179e-13
4.8016357422e+02 6.7175419592e-13 2.2855419646e-13 4.4319999946e-13
4.8022460938e+02 6.7472783146e-13 2.2992095548e-13 4.4480687598e-13
4.8028564453e+02 6.7713119353e-13 2.3111077288e-13 4.4602042065e-13
4.8034667969e+02 6.7928078153e-13 2.3177630246e-13 4.4750447908e-13
4.8040771484e+02 6.8354737521e-13 2.3226718094e-13 4.5128019427e-13
4.8046875000e+02 6.8401022360e-13 2.3237052799e-13 4.5163969560e-13
4.8052978516e+02 6.8017112654e-13 2.3070787104e-13 4.4946325550e-13
4.8059082031e+02 6.8158180747e-13 2.3119318684e-13 4.5038862063e-13
4.8065185547e+02 6.8232244734e-13 2.3038135697e-13 4.5194109036e-13
4.8071289062e+02 6.7732305975e-13 2.2847821642e-13 4.4884484333e-13
4.8077392578e+02 6.7585791185e-13 2.2867202477e-13 4.4718588708e-13
4.8083496094e+02 6.7299578762e-13 2.2920591441e-13 4.4378987321e-13
4.8089599609e+02 6.7858550997e-13 2.3126390504e-13 4.4732160493e-13
4.8095703125e+02 6.8005522255e-13 2.3237053784e-13 4.4768468471e-13
4.8101806641e+02 6.7722330568e-13 2.3051053593e-13 4.4671276975e-13
4.8107910156e+02 6.7580157982e-13 2.2913966718e-13 4.4666191264e-13
4.8114013672e+02 6.7098648891e-13 2.2841750336e-13 4.4256898555e-13
4.8120117188e+02 6.7375829784e-13 2.2980878386e-13 4.4394951398e-13
4.8126220703e+02 6.7850160615e-13 2.3012549398e-13 4.4837611217e-13
4.8132324219e+02 6.8004149590e-13 2.3099774562e-13 4.4904375028e-13
4.8138427734e+02 6.7390174225e-13 2.2786606411e-13 4.4603567814e-13
4.8144531250e+02 6.7310417192e-13 2.2806803074e-13 4.4503614118e-13
4.8150634766e+02 6.7708465684e-13 2.3085047707e-13 4.4623417977e-13
4.8156738281e+02 6.7758954175e-13 2.3079865417e-13 4.4679088757e-13
4.8162841797e+02 6.7130452192e-13 2.2951604362e-13 4.4178847830e-13
4.8168945312e+02 6.7313773461e-13 2.2957294666e-13 4.4356478795e-13
4.8175048828e+02 6.7754995733e-13 2.3025867535e-13 4.4729128198e-13
4.8181152344e+02 6.7775540490e-13 2.3045551435e-13 4.4729989055e-13
4.8187255859e+02 6.8033124634e-13 2.3086884056e-13 4.4946240578e-13
4.8193359375e+02 6.7939430871e-13 2.3193830974e-13 4.4745599898e-13
4.8199462891e+02 6.7880439344e-13 2.3164993118e-13 4.4715446226e-13
4.8205566406e+02 6.7607777074e-13 2.3142036808e-13 4.4465740266e-13
4.8211669922e+02 6.7551651951e-13 2.3179193900e-13 4.4372458050e-13
4.8217773438e+02 6.7269588414e-13 2.3059299352e-13 4.4210289062e-13
4.8223876953e+02 6.7461179228e-13 2.2946078501e-13 4.4515100727e-13
4.8229980469e+02 6.7739703075e-13 2.2994198320e-13 4.4745504754e-13
4.8236083984e+02 6.7991661376e-13 2.3078265455e-13 4.4913395921e-13
4.8242187500e+02 6.7719450687e-13 2.3042104084e-13 4.4677346603e-13
4.8248291016e+02 6.7516256717e-13 2.2985643062e-13 4.4530613655e-13
4.8254394531e+02 6.7418327381e-13 2.2928117260e-13 4.4490210120e-13
4.8260498047e+02 6.7489054589e-13 2.2830645805e-13 4.4658408784e-13
4.8266601562e+02 6.8057441796e-13 2.3062046225e-13 4.4995395571e-13
4.8272705078e+02 6.7654959220e-13 2.2976222754e-13 4.4678736465e-13
4.8278808594e+02 6.7314768598e-13 2.2747994818e-13 4.4566773780e-13
4.8284912109e+02 6.7421532970e-13 2.2806452833e-13 4.4615080136e-13
4.8291015625e+02 6.7560760191e-13 2.2963155789e-13 4.4597604401e-13
4.8297119141e+02 6.7536185840e-13 2.2927576292e-13 4.4608609548e-13
4.8303222656e+02 6.8077483347e-13 2.3126098346e-13 4.4951385001e-13
4.8309326172e+02 6.8076404191e-13 2.3101818112e-13 4.4974586080e-13
4.8315429688e+02 6.7581711041e-13 2.2828705963e-13 4.4753005078e-13
4.8321533203e+02 6.8037167937e-13 2.3125183355e-13 4.4911984582e-13
4.8327636719e+02 6.7931730726e-13 2.3076930065e-13 4.4854800662e-13
4.8333740234e+02 6.7744806557e-13 2.2909011463e-13 4.4835795093e-13
4.8339843750e+02 6.8256399152e-13 2.3044191267e-13 4.5212207885e-13
4.8345947266e+02 6.8195161642e-13 2.3042415694e-13 4.5152745948e-13
4.8352050781e+02 6.7962665488e-13 2.2972062306e-13 4.4990603182e-13
4.8358154297e+02 6.7838296142e-13 2.3098099413e-13 4.4740196729e-13
4.8364257812e+02 6.7844194988e-13 2.3021320617e-13 4.4822874371e-13
4.8370361328e+02 6.7808186400e-13 2.3066483500e-13 4.4741702900e-13
4.8376464844e+02 6.7615178783e-13 2.3053022037e-13 4.4562156746e-13
4.8382568359e+02 6.8326473701e-13 2.3172891114e-13 4.5153582587e-13
4.8388671875e+02 6.8304106186e-13 2.3205639074e-13 4.5098467113e-13
4.8394775391e+02 6.7710251628e-13 2.3036649500e-13 4.4673602128e-13
4.8400878906e+02 6.7477899375e-13 2.2991596981e-13 4.4486302394e-13
4.8406982422e+02 6.7721931786e-13 2.3060513283e-13 4.4661418503e-13
4.8413085938e+02 6.7622918429e-13 2.3134149031e-13 4.4488769398e-13
4.8419189453e+02 6.7418822615e-13 2.3067576718e-13 4.4351245896e-13
4.8425292969e+02 6.7678305734e-13 2.2982768752e-13 4.4695536982e-13
4.8431396484e+02 6.7865786791e-13 2.2981906061e-13 4.4883880730e-13
4.8437500000e+02 6.7775751758e-13 2.3073153921e-13 4.4702597838e-13
4.8443603516e+02 6.8333805608e-13 2.3185973091e-13 4.5147832516e-13
4.8449707031e+02 6.8541576597e-13 2.3180500059e-13 4.5361076537e-13
4.8455810547e+02 6.7708633716e-13 2.2936628669e-13 4.4772005047e-13
4.8461914062e+02 6.7436148825e-13 2.2890215975e-13 4.4545932850e-13
4.8468017578e+02 6.7164747258e-13 2.2843150767e-13 4.4321596491e-13
4.8474121094e+02 6.7263850527e-13 2.2907715477e-13 4.4356135050e-13
4.8480224609e+02 6.7820926652e-13 2.2974439796e-13 4.4846486856e-13
4.8486328125e+02 6.7812205949e-13 2.2940211843e-13 4.4871994106e-13
4.8492431641e+02 6.7526129733e-13 2.2933940565e-13 4.4592189168e-13
4.8498535156e+02 6.7600486438e-13 2.3119881506e-13 4.4480604932e-13
4.8504638672e+02 6.7293692417e-13 2.2937225607e-13 4.4356466810e-13
4.8510742188e+02 6.7327309406e-13 2.2885154154e-13 4.4442155252e-13
4.8516845703e+02 6.7682943433e-13 2.3010752875e-13 4.4672190558e-13
4.8522949219e+02 6.7633554205e-13 2.2998284423e-13 4.4635269782e-13
4.8529052734e+02 6.7654765991e-13 2.2974372768e-13 4.4680393223e-13
4.8535156250e+02 6.7750621869e-13 2.3062266030e-13 4.4688355838e-13
4.8541259766e+02 6.7827243196e-13 2.3063780843e-13 4.4763462353e-13
4.8547363281e+02 6.7558502681e-13 2.3012499562e-13 4.4546003119e-13
4.8553466797e+02 6.7910883148e-13 2.3047230973e-13 4.4863652175e-13
4.8559570312e+02 6.8117452559e-13 2.3112804057e-13 4.5004648502e-13
4.8565673828e+02 6.8272700350e-13 2.3184261307e-13 4.5088439044e-13
4.8571777344e+02 6.7798356302e-13 2.3075530082e-13 4.4722826220e-13
4.8577880859e+02 6.7552222745e-13 2.3008403416e-13 4.4543819329e-13
4.8583984375e+02 6.7766248583e-13 2.3066328877e-13 4.4699919705e-13
4.8590087891e+02 6.7623881434e-13 2.2975615269e-13 4.4648266165e-13
4.8596191406e+02 6.7537741862e-13 2.2941441354e-13 4.4596300508e-13
4.8602294922e+02 6.7410656868e-13 2.2882560260e-13 4.4528096608e-13
4.8608398438e+02 6.7441861722e-13 2.2899366192e-13 4.4542495530e-13
4.8614501953e+02 6.7510034085e-13 2.2841153979e-13 4.4668880106e-13
4.8620605469e+02 6.7509309760e-13 2.2913186592e-13 4.4596123168e-13
4.8626708984e+02 6.7521531655e-13 2.2800151097e-13 4.4721380558e-13
4.8632812500e+02 6.7554208996e-13 2.2697915699e-13 4.4856293297e-13
4.8638916016e+02 6.7715246986e-13 2.2821439066e-13 4.4893807920e-13
4.8645019531e+02 6.7505173712e-13 2.2913581390e-13 4.4591592321e-13
4.8651123047e+02 6.7185604395e-13 2.2772912370e-13 4.4412692025e-13
4.8657226562e+02 6.7710618353e-13 2.3058242062e-13 4.4652376291e-13
4.8663330078e+02 6.8385832731e-13 2.3371239639e-13 4.5014593092e-13
4.8669433594e+02 6.7832648787e-13 2.2992658191e-13 4.4839990596e-13
4.8675537109e+02 6.6974212817e-13 2.2671446803e-13 4.4302766014e-13
4.8681640625e+02 6.6821227573e-13 2.2770510220e-13 4.4050717353e-13
4.8687744141e+02 6.7134774034e-13 2.2892521879e-13 4.4242252155e-13
4.8693847656e+02 6.7413528208e-13 2.2958201251e-13 4.4455326957e-13
4.8699951172e+02 6.7428444944e-13 2.3057203850e-13 4.4371241094e-13
4.8706054688e+02 6.7496323173e-13 2.3055445839e-13 4.4440877334e-13
4.8712158203e+02 6.8069787882e-13 2.3158613720e-13 4.4911174162e-13
4.8718261719e+02 6.7312240918e-13 2.3040816023e-13 4.4271424895e-13
4.8724365234e+02 6.6988144203e-13 2.2901348933e-13 4.4086795269e-13
4.8730468750e+02 6.7400402331e-13 2.2874945168e-13 4.4525457163e-13
4.8736572266e+02 6.7247969692e-13 2.2820039861e-13 4.4427929831e-13
4.8742675781e+02 6.7106244062e-13 2.2772402047e-13 4.4333842016e-13
4.8748779297e+02 6.7352791310e-13 2.2837655272e-13 4.4515136038e-13
4.8754882812e+02 6.7661311384e-13 2.3083362729e-13 4.4577948655e-13
4.8760986328e+02 6.7302581769e-13 2.3014776457e-13 4.4287805311e-13
4.8767089844e+02 6.7157017854e-13 2.3067383435e-13 4.4089634419e-13
4.8773193359e+02 6.7383370910e-13 2.3021421502e-13 4.4361949408e-13
4.8779296875e+02 6.7537657817e-13 2.3103060885e-13 4.4434596932e-13
4.8785400391e+02 6.7147692991e-13 2.2805396234e-13 4.4342296757e-13
4.8791503906e+02 6.7105037786e-13 2.2770858141e-13 4.4334179645e-13
4.8797607422e+02 6.7620923375e-13 2.3018940991e-13 4.4601982384e-13
4.8803710938e+02 6.7622112645e-13 2.3160514218e-13 4.4461598427e-13
4.8809814453e+02 6.7504407443e-13 2.3115937902e-13 4.4388469541e-13
4.8815917969e+02 6.7906585814e-13 2.3218882856e-13 4.4687702958e-13
4.8822021484e+02 6.7973461320e-13 2.3226285714e-13 4.4747175605e-13
4.8828125000e+02 6.7313025678e-13 2.2955966061e-13 4.4357059617e-13
4.8834228516e+02 6.7278386767e-13 2.2924023477e-13 4.4354363290e-13
4.8840332031e+02 6.7241102914e-13 2.2866733839e-13 4.4374369075e-13
4.8846435547e+02 6.7478625897e-13 2.2943578023e-13 4.4535047874e-13
4.8852539062e+02 6.7395324552e-13 2.2995208760e-13 4.4400115792e-13
4.8858642578e+02 6.6999003861e-13 2.2879264210e-13 4.4119739652e-13
4.8864746094e+02 6.7359235873e-13 2.2972529758e-13 4.4386706114e-13
4.8870849609e+02 6.7403759026e-13 2.3002900668e-13 4.4400858358e-13
4.8876953125e+02 6.7169691987e-13 2.2883928898e-13 4.4285763089e-13
4.8883056641e+02 6.6954717523e-13 2.2706626991e-13 4.4248090532e-13
4.8889160156e+02 6.7027687511e-13 2.2747931000e-13 4.4279756511e-13
4.8895263672e+02 6.7034716321e-13 2.2744501460e-13 4.4290214861e-13
4.8901367188e+02 6.7326011000e-13 2.2881331448e-13 4.4444679551e-13
4.8907470703e+02 6.7543535382e-13 2.3029458720e-13 4.4514076661e-13
4.8913574219e+02 6.7259656730e-13 2.2948633101e-13 4.4311023629e-13
4.8919677734e+02 6.7603385060e-13 2.3009551449e-13 4.4593833611e-13
4.8925781250e+02 6.7831237152e-13 2.3089262625e-13 4.4741974528e-13
4.8931884766e+02 6.7534928190e-13 2.3038002172e-13 4.4496926018e-13
4.8937988281e+02 6.7515397021e-13 2.3070605395e-13 4.4444791626e-13
4.8944091797e+02 6.7728737607e-13 2.3154454359e-13 4.4574283248e-13
4.8950195312e+02 6.7302783878e-13 2.3030721623e-13 4.4272062256e-13
4.8956298828e+02 6.7354720830e-13 2.2860032103e-13 4.4494688727e-13
4.8962402344e+02 6.7344265431e-13 2.2915416972e-13 4.4428848459e-13
4.8968505859e+02 6.7268464028e-13 2.2891155257e-13 4.4377308771e-13
4.8974609375e+02 6.7610214510e-13 2.2959935272e-13 4.4650279238e-13
4.8980712891e+02 6.7659638290e-13 2.3003071715e-13 4.4656566574e-13
4.8986816406e+02 6.7437692852e-13 2.3047393446e-13 4.4390299406e-13
4.8992919922e+02 6.7430686951e-13 2.3057461065e-13 4.4373225886e-13
4.8999023438e+02 6.7396301526e-13 2.2921786022e-13 4.4474515504e-13
4.9005126953e+02 6.7827114444e-13 2.3004643640e-13 4.4822470803e-13
4.9011230469e+02 6.7509459506e-13 2.3037634578e-13 4.4471824928e-13
4.9017333984e+02 6.7550686226e-13 2.3038751028e-13 4.4511935198e-13
4.9023437500e+02 6.7228166539e-13 2.2926325141e-13 4.4301841398e-13
4.9029541016e+02 6.7367879029e-13 2.3004599988e-13 4.4363279042e-13
4.9035644531e+02 6.7245973699e-13 2.3015683915e-13 4.4230289784e-13
4.9041748047e+02 6.7645481392e-13 2.2994617807e-13 4.4650863585e-13
4.9047851562e+02 6.7457194304e-13 2.2878995677e-13 4.4578198627e-13
4.9053955078e+02 6.7765555400e-13 2.3043534214e-13 4.4722021186e-13
4.9060058594e+02 6.7352291241e-13 2.2948745725e-13 4.4403545516e-13
4.9066162109e+02 6.7035914176e-13 2.2787071794e-13 4.4248842381e-13
4.9072265625e+02 6.7610052381e-13 2.3030496561e-13 4.4579555819e-13
4.9078369141e+02 6.7778710708e-13 2.3052198391e-13 4.4726512316e-13
4.9084472656e+02 6.7955698995e-13 2.3154360944e-13 4.4801338051e-13
4.9090576172e+02 6.7443059189e-13 2.2998788725e-13 4.4444270465e-13
4.9096679688e+02 6.7660373844e-13 2.3149007980e-13 4.4511365864e-13
4.9102783203e+02 6.8083538162e-13 2.3183653512e-13 4.4899884651e-13
4.9108886719e+02 6.7782383766e-13 2.3044207990e-13 4.4738175776e-13
4.9114990234e+02 6.7865088666e-13 2.3116495372e-13 4.4748593295e-13
4.9121093750e+02 6.7325906356e-13 2.2875221403e-13 4.4450684953e-13
4.9127197266e+02 6.6990996115e-13 2.2828838881e-13 4.4162157235e-13
4.9133300781e+02 6.7115027520e-13 2.2861939562e-13 4.4253087958e-13
4.9139404297e+02 6.6981185723e-13 2.2861675251e-13 4.4119510471e-13
4.9145507812e+02 6.6978533566e-13 2.2868883067e-13 4.4109650500e-13
4.9151611328e+02 6.7071373057e-13 2.2834731871e-13 4.4236641186e-13
4.9157714844e+02 6.7081488450e-13 2.2825091714e-13 4.4256396736e-13
4.9163818359e+02 6.7319110803e-13 2.2850314354e-13 4.4468796449e-13
4.9169921875e+02 6.6966327246e-13 2.2864410292e-13 4.4101916954e-13
4.9176025391e+02 6.6660719524e-13 2.2680245468e-13 4.3980474055e-13
4.9182128906e+02 6.6759908361e-13 2.2718025241e-13 4.4041883120e-13
4.9188232422e+02 6.6864579844e-13 2.2763299612e-13 4.4101280232e-13
4.9194335938e+02 6.7180526083e-13 2.2850229777e-13 4.4330296306e-13
4.9200439453e+02 6.7118771078e-13 2.2883236979e-13 4.4235534099e-13
4.9206542969e+02 6.6890899730e-13 2.2791924805e-13 4.4098974925e-13
4.9212646484e+02 6.7002292378e-13 2.2807200020e-13 4.4195092359e-13
4.9218750000e+02 6.7217261670e-13 2.2896157838e-13 4.4321103832e-13
4.9224853516e+02 6.7488081304e-13 2.3007769457e-13 4.4480311848e-13
4.9230957031e+02 6.7387438309e-13 2.2979532680e-13 4.4407905629e-13
4.9237060547e+02 6.7489916393e-13 2.3029824124e-13 4.4460092269e-13
4.9243164062e+02 6.7312593542e-13 2.3020589043e-13 4.4292004499e-13
4.9249267578e+02 6.7089500162e-13 2.2752756713e-13 4.4336743449e-13
4.9255371094e+02 6.7236583701e-13 2.2744217902e-13 4.4492365799e-13
4.9261474609e+02 6.7198462190e-13 2.2695631622e-13 4.4502830567e-13
4.9267578125e+02 6.7563439072e-13 2.2987040778e-13 4.4576398294e-13
4.9273681641e+02 6.7499566320e-13 2.3111527897e-13 4.4388038423e-13
4.9279785156e+02 6.7084358460e-13 2.2945820054e-13 4.4138538406e-13
4.9285888672e+02 6.7127609561e-13 2.2820224685e-13 4.4307384876e-13
4.9291992188e+02 6.6804373667e-13 2.2565155429e-13 4.4239218238e-13
4.9298095703e+02 6.7033358007e-13 2.2685484325e-13 4.4347873682e-13
4.9304199219e+02 6.7589458631e-13 2.3012548228e-13 4.4576910403e-13
4.9310302734e+02 6.7338171731e-13 2.2907660610e-13 4.4430511121e-13
4.9316406250e+02 6.7317280431e-13 2.2913423830e-13 4.4403856601e-13
4.9322509766e+02 6.7347881197e-13 2.2914075363e-13 4.4433805834e-13
4.9328613281e+02 6.7393139109e-13 2.3022614932e-13 4.4370524177e-13
4.9334716797e+02 6.7472520144e-13 2.3053265063e-13 4.4419255081e-13
4.9340820312e+02 6.7313538619e-13 2.2912002341e-13 4.4401536278e-13
4.9346923828e+02 6.7668208020e-13 2.2945781222e-13 4.4722426798e-13
4.9353027344e+02 6.7516150849e-13 2.3050673970e-13 4.4465476879e-13
4.9359130859e+02 6.6635757402e-13 2.2787797999e-13 4.3847959403e-13
4.9365234375e+02 6.6646241712e-13 2.2732181618e-13 4.3914060093e-13
4.9371337891e+02 6.7269876716e-13 2.2835748629e-13 4.4434128087e-13
4.9377441406e+02 6.7424103316e-13 2.2890038064e-13 4.4534065252e-13
4.9383544922e+02 6.6848447534e-13 2.2863273981e-13 4.3985173554e-13
4.9389648438e+02 6.6691892336e-13 2.2755995673e-13 4.3935896662e-13
4.9395751953e+02 6.6584869661e-13 2.2712304762e-13 4.3872564899e-13
4.9401855469e+02 6.6738609240e-13 2.2766300337e-13 4.3972308903e-13
4.9407958984e+02 6.7155454463e-13 2.2912393551e-13 4.4243060912e-13
4.9414062500e+02 6.7149810880e-13 2.2858006598e-13 4.4291804282e-13
4.9420166016e+02 6.6705101017e-13 2.2770775534e-13 4.3934325484e-13
4.9426269531e+02 6.6794875521e-13 2.2855518647e-13 4.3939356874e-13
4.9432373047e+02 6.6994936048e-13 2.2860855145e-13 4.4134080903e-13
4.9438476562e+02 6.7068432779e-13 2.2749615439e-13 4.4318817341e-13
4.9444580078e+02 6.7088280102e-13 2.2936689883e-13 4.4151590219e-13
4.9450683594e+02 6.7327530185e-13 2.3042561179e-13 4.4284969007e-13
4.9456787109e+02 6.7330923783e-13 2.2869910186e-13 4.4461013597e-13
4.9462890625e+02 6.7294620732e-13 2.2878373418e-13 4.4416247314e-13
4.9468994141e+02 6.7607271560e-13 2.2927656409e-13 4.4679615151e-13
4.9475097656e+02 6.7058653235e-13 2.2841703670e-13 4.4216949565e-13
4.9481201172e+02 6.7163243899e-13 2.2892077084e-13 4.4271166815e-13
4.9487304688e+02 6.7272459742e-13 2.2845972879e-13 4.4426486863e-13
4.9493408203e+02 6.7023777293e-13 2.2665004520e-13 4.4358772773e-13
4.9499511719e+02 6.7214615055e-13 2.2807162045e-13 4.4407453010e-13
4.9505615234e+02 6.7393025192e-13 2.2934409454e-13 4.4458615738e-13
4.9511718750e+02 6.7696120500e-13 2.3033871548e-13 4.4662248952e-13
4.9517822266e+02 6.7608242186e-13 2.3057754721e-13 4.4550487465e-13
4.9523925781e+02 6.7208532295e-13 2.2953621174e-13 4.4254911121e-13
4.9530029297e+02 6.7487456460e-13 2.2963365519e-13 4.4524090940e-13
4.9536132812e+02 6.7518961675e-13 2.2943632290e-13 4.4575329385e-13
4.9542236328e+02 6.7024867737e-13 2.2862474842e-13 4.4162392896e-13
4.9548339844e+02 6.7004220246e-13 2.2770153540e-13 4.4234066706e-13
4.9554443359e+02 6.7291584401e-13 2.2877293730e-13 4.4414290671e-13
4.9560546875e+02 6.6926791058e-13 2.2790684890e-13 4.4136106168e-13
4.9566650391e+02 6.6907799519e-13 2.2806453076e-13 4.4101346444e-13
4.9572753906e+02 6.7153944548e-13 2.2767154456e-13 4.4386790092e-13
4.9578857422e+02 6.7206325102e-13 2.2794204135e-13 4.4412120967e-13
4.9584960938e+02 6.7075515380e-13 2.2758401583e-13 4.4317113797e-13
4.9591064453e+02 6.6765571103e-13 2.2638657438e-13 4.4126913665e-13
4.9597167969e+02 6.7400005372e-13 2.2878027056e-13 4.4521978315e-13
4.9603271484e+02 6.7218414475e-13 2.2785006023e-13 4.4433408452e-13
4.9609375000e+02 6.6945108438e-13 2.2664016855e-13 4.4281091583e-13
4.9615478516e+02 6.7929988774e-13 2.2961801540e-13 4.4968187234e-13
4.9621582031e+02 6.7502732927e-13 2.2886536118e-13 4.4616196809e-13
4.9627685547e+02 6.7463811862e-13 2.3000578464e-13 4.4463233398e-13
4.9633789062e+02 6.7461396209e-13 2.3030178371e-13 4.4431217838e-13
4.9639892578e+02 6.6952206332e-13 2.2860263893e-13 4.4091942438e-13
4.9645996094e+02 6.7098939589e-13 2.2884691451e-13 4.4214248138e-13
4.9652099609e+02 6.7498014317e-13 2.2897809091e-13 4.4600205226e-13
4.9658203125e+02 6.6806531858e-13 2.2715645834e-13 4.4090886024e-13
4.9664306641e+02 6.6426463156e-13 2.2647323902e-13 4.3779139254e-13
4.9670410156e+02 6.6541768053e-13 2.2676901108e-13 4.3864866945e-13
4.9676513672e+02 6.6814391616e-13 2.2601515617e-13 4.4212875999e-13
4.9682617188e+02 6.6930104785e-13 2.2646761271e-13 4.4283343514e-13
4.9688720703e+02 6.6906850643e-13 2.2714212409e-13 4.4192638234e-13
4.9694824219e+02 6.6539253830e-13 2.2589239662e-13 4.3950014169e-13
4.9700927734e+02 6.5884289637e-13 2.2466687880e-13 4.3417601758e-13
4.9707031250e+02 6.6553396847e-13 2.2647171542e-13 4.3906225305e-13
4.9713134766e+02 6.7056746851e-13 2.2690570534e-13 4.4366176317e-13
4.9719238281e+02 6.6881386525e-13 2.2667387921e-13 4.4213998604e-13
4.9725341797e+02 6.6755265286e-13 2.2640620543e-13 4.4114644742e-13
4.9731445312e+02 6.6773710403e-13 2.2565877177e-13 4.4207833226e-13
4.9737548828e+02 6.7320490574e-13 2.2919047819e-13 4.4401442755e-13
4.9743652344e+02 6.7084343141e-13 2.2973994619e-13 4.4110348522e-13
4.9749755859e+02 6.6666836209e-13 2.2756900936e-13 4.3909935273e-13
4.9755859375e+02 6.6799934326e-13 2.2770950130e-13 4.4028984196e-13
4.9761962891e+02 6.6770407313e-13 2.2830100806e-13 4.3940306507e-13
4.9768066406e+02 6.6818921005e-13 2.2835175455e-13 4.3983745550e-13
4.9774169922e+02 6.7316883765e-13 2.2930789693e-13 4.4386094072e-13
4.9780273438e+02 6.7182778006e-13 2.2722470587e-13 4.4460307419e-13
4.9786376953e+02 6.6913748973e-13 2.2650490283e-13 4.4263258690e-13
4.9792480469e+02 6.6925658944e-13 2.2702845833e-13 4.4222813110e-13
4.9798583984e+02 6.6923283925e-13 2.2744721325e-13 4.4178562599e-13
4.9804687500e+02 6.6948470776e-13 2.2757525992e-13 4.4190944784e-13
4.9810791016e+02 6.7559909784e-13 2.3059187505e-13 4.4500722279e-13
4.9816894531e+02 6.7076322788e-13 2.2884404940e-13 4.4191917848e-13
4.9822998047e+02 6.6778913875e-13 2.2772760142e-13 4.4006153734e-13
4.9829101562e+02 6.6908736520e-13 2.2817367085e-13 4.4091369435e-13
4.9835205078e+02 6.7120361999e-13 2.2796481831e-13 4.4323880167e-13
4.9841308594e+02 6.7297914522e-13 2.2959264076e-13 4.4338650446e-13
4.9847412109e+02 6.7236429518e-13 2.2946855143e-13 4.4289574375e-13
4.9853515625e+02 6.6834413615e-13 2.2716439150e-13 4.4117974465e-13
4.9859619141e+02 6.6890905585e-13 2.2809904149e-13 4.4081001436e-13
4.9865722656e+02 6.6705864360e-13 2.2719855517e-13 4.3986008843e-13
4.9871826172e+02 6.6665453662e-13 2.2838689989e-13 4.3826763673e-13
4.9877929688e+02 6.7100126041e-13 2.2930542984e-13 4.4169583057e-13
4.9884033203e+02 6.7169192288e-13 2.2968425382e-13 4.4200766906e-13
4.9890136719e+02 6.6904150643e-13 2.2877429567e-13 4.4026721077e-13
4.9896240234e+02 6.6877101665e-13 2.2875891899e-13 4.4001209766e-13
4.9902343750e+02 6.8089372313e-13 2.3105365278e-13 4.4984007035e-13
4.9908447266e+02 6.7516451875e-13 2.2861424169e-13 4.4655027706e-13
4.9914550781e+02 6.7239438942e-13 2.3014567894e-13 4.4224871048e-13
4.9920654297e+02 6.7377093958e-13 2.3048393065e-13 4.4328700893e-13
4.9926757812e+02 6.7334253745e-13 2.2924129317e-13 4.4410124428e-13
4.9932861328e+02 6.7344556399e-13 2.2920223119e-13 4.4424333281e-13
4.9938964844e+02 6.7909985892e-13 2.3013759568e-13 4.4896226324e-13
4.9945068359e+02 6.7402145326e-13 2.2888206807e-13 4.4513938519e-13
4.9951171875e+02 6.7606041565e-13 2.3044871647e-13 4.4561169917e-13
4.9957275391e+02 6.7878659068e-13 2.3039413236e-13 4.4839245832e-13
4.9963378906e+02 6.7053586905e-13 2.2794584058e-13 4.4259002847e-13
4.9969482422e+02 6.6756623434e-13 2.2758128759e-13 4.3998494675e-13
4.9975585938e+02 6.7290332156e-13 2.2915312024e-13 4.4375020133e-13
4.9981689453e+02 6.7591222126e-13 2.3055647023e-13 4.4535575103e-13
4.9987792969e+02 6.7693469932e-13 2.2956600178e-13 4.4736869754e-13
4.9993896484e+02 6.7025534259e-13 2.2676647656e-13 4.4348886603e-13
5.0000000000e+02 6.7013696678e-13 2.2748312522e-13 4.4265384156e-13
