# freq_THz  G_total_s  G_Ga_s  G_S_s
# Smoothed MD-derived velocity power spectrum. Common normalization: integral(G_total_s) = 3*primitive_atoms.
# Gaussian_sigma_THz=0.1; mass_weighted=True; primitive_atoms=4; total_equals_sum_of_partials=True
0.0000000000e+00 0.0000000000e+00 0.0000000000e+00 0.0000000000e+00
6.1035156250e-02 1.0261545589e-01 7.0135823979e-02 3.2479631908e-02
1.2207031250e-01 1.3370623407e-01 9.1386500321e-02 4.2319733751e-02
1.8310546875e-01 1.6280098492e-01 1.1127093469e-01 5.1530050227e-02
2.4414062500e-01 1.8012805011e-01 1.2310810705e-01 5.7019943061e-02
3.0517578125e-01 1.9044267146e-01 1.3014797973e-01 6.0294691729e-02
3.6621093750e-01 2.0365684612e-01 1.3917131986e-01 6.4485526258e-02
4.2724609375e-01 2.2353511935e-01 1.5276152362e-01 7.0773595728e-02
4.8828125000e-01 2.4384906636e-01 1.6666412466e-01 7.7184941697e-02
5.4931640625e-01 2.5589592265e-01 1.7492531193e-01 8.0970610720e-02
6.1035156250e-01 2.5976152080e-01 1.7760976779e-01 8.2151753011e-02
6.7138671875e-01 2.6302511110e-01 1.7991095990e-01 8.3114151204e-02
7.3242187500e-01 2.6965778573e-01 1.8452732006e-01 8.5130465667e-02
7.9345703125e-01 2.7878913112e-01 1.9082306320e-01 8.7966067919e-02
8.5449218750e-01 2.9272642584e-01 2.0035902978e-01 9.2367396063e-02
9.1552734375e-01 3.1632577956e-01 2.1647097442e-01 9.9854805139e-02
9.7656250000e-01 3.4830994944e-01 2.3828416881e-01 1.1002578063e-01
1.0375976562e+00 3.8144116759e-01 2.6080453631e-01 1.2063663128e-01
1.0986328125e+00 4.1081303533e-01 2.8062152450e-01 1.3019151083e-01
1.1596679688e+00 4.3552321424e-01 2.9707662006e-01 1.3844659418e-01
1.2207031250e+00 4.5608026305e-01 3.1045543499e-01 1.4562482807e-01
1.2817382812e+00 4.7619257644e-01 3.2320881190e-01 1.5298376454e-01
1.3427734375e+00 5.0226999748e-01 3.3973595622e-01 1.6253404126e-01
1.4038085938e+00 5.3685274284e-01 3.6202047480e-01 1.7483226804e-01
1.4648437500e+00 5.7500026864e-01 3.8708490138e-01 1.8791536726e-01
1.5258789062e+00 6.0854721186e-01 4.0963498976e-01 1.9891222211e-01
1.5869140625e+00 6.3357910327e-01 4.2699547198e-01 2.0658363129e-01
1.6479492188e+00 6.5324589981e-01 4.4112026308e-01 2.1212563673e-01
1.7089843750e+00 6.7323847804e-01 4.5566590196e-01 2.1757257608e-01
1.7700195312e+00 6.9726485224e-01 4.7296888751e-01 2.2429596473e-01
1.8310546875e+00 7.2769552388e-01 4.9453441981e-01 2.3316110408e-01
1.8920898438e+00 7.6630639117e-01 5.2155878649e-01 2.4474760467e-01
1.9531250000e+00 8.1293825051e-01 5.5386707785e-01 2.5907117266e-01
2.0141601562e+00 8.6602598547e-01 5.9008914986e-01 2.7593683561e-01
2.0751953125e+00 9.2453263804e-01 6.2903648646e-01 2.9549615158e-01
2.1362304688e+00 9.8808253431e-01 6.7014072874e-01 3.1794180557e-01
2.1972656250e+00 1.0540953849e+00 7.1197177885e-01 3.4212360606e-01
2.2583007812e+00 1.1135919864e+00 7.4961277153e-01 3.6397921485e-01
2.3193359375e+00 1.1521654579e+00 7.7481713771e-01 3.7734832022e-01
2.3803710938e+00 1.1603952684e+00 7.8203244976e-01 3.7836281868e-01
2.4414062500e+00 1.1454233537e+00 7.7571061145e-01 3.6971274223e-01
2.5024414062e+00 1.1288435872e+00 7.6938720654e-01 3.5945638061e-01
2.5634765625e+00 1.1308084632e+00 7.7579566400e-01 3.5501279916e-01
2.6245117188e+00 1.1578417506e+00 7.9900659645e-01 3.5883515411e-01
2.6855468750e+00 1.2042430758e+00 8.3519347857e-01 3.6904959719e-01
2.7465820312e+00 1.2611739495e+00 8.7840890680e-01 3.8276504274e-01
2.8076171875e+00 1.3245932829e+00 9.2558756776e-01 3.9900571518e-01
2.8686523438e+00 1.3954267612e+00 9.7618558315e-01 4.1924117808e-01
2.9296875000e+00 1.4722142370e+00 1.0269197962e+00 4.4529444082e-01
2.9907226562e+00 1.5447872118e+00 1.0684411045e+00 4.7634610734e-01
3.0517578125e+00 1.5955901332e+00 1.0887351480e+00 5.0685498511e-01
3.1127929688e+00 1.6076679449e+00 1.0804121184e+00 5.2725582649e-01
3.1738281250e+00 1.5754829447e+00 1.0462039267e+00 5.2927901803e-01
3.2348632812e+00 1.5134666476e+00 9.9994845092e-01 5.1351819672e-01
3.2958984375e+00 1.4531723106e+00 9.6183038761e-01 4.9134192297e-01
3.3569335938e+00 1.4273168101e+00 9.4939633625e-01 4.7792047383e-01
3.4179687500e+00 1.4557203644e+00 9.7163790632e-01 4.8408245804e-01
3.4790039062e+00 1.5431464722e+00 1.0293815689e+00 5.1376490329e-01
3.5400390625e+00 1.6790493600e+00 1.1152170639e+00 5.6383229609e-01
3.6010742188e+00 1.8306915790e+00 1.2088142476e+00 6.2187733147e-01
3.6621093750e+00 1.9444930579e+00 1.2775714681e+00 6.6692158983e-01
3.7231445312e+00 1.9761648264e+00 1.2951301472e+00 6.8103467926e-01
3.7841796875e+00 1.9290738831e+00 1.2646876703e+00 6.6438621278e-01
3.8452148438e+00 1.8499855962e+00 1.2157101938e+00 6.3427540249e-01
3.9062500000e+00 1.7829591693e+00 1.1751068372e+00 6.0785233208e-01
3.9672851562e+00 1.7401776127e+00 1.1496887517e+00 5.9048886099e-01
4.0283203125e+00 1.7143263399e+00 1.1346403727e+00 5.7968596714e-01
4.0893554688e+00 1.6986047473e+00 1.1260739663e+00 5.7253078096e-01
4.1503906250e+00 1.6888122988e+00 1.1217853858e+00 5.6702691301e-01
4.2114257812e+00 1.6784369006e+00 1.1178151595e+00 5.6062174106e-01
4.2724609375e+00 1.6609542468e+00 1.1100485008e+00 5.5090574603e-01
4.3334960938e+00 1.6358072750e+00 1.0981839574e+00 5.3762331765e-01
4.3945312500e+00 1.6086843069e+00 1.0858730790e+00 5.2281122791e-01
4.4555664062e+00 1.5848819653e+00 1.0765076575e+00 5.0837430787e-01
4.5166015625e+00 1.5642492040e+00 1.0701019139e+00 4.9414729005e-01
4.5776367188e+00 1.5448179327e+00 1.0655397925e+00 4.7927814023e-01
4.6386718750e+00 1.5290814558e+00 1.0643197363e+00 4.6476171958e-01
4.6997070312e+00 1.5228161617e+00 1.0696121728e+00 4.5320398889e-01
4.7607421875e+00 1.5282228706e+00 1.0819318111e+00 4.4629105943e-01
4.8217773438e+00 1.5413279484e+00 1.0977602860e+00 4.4356766241e-01
4.8828125000e+00 1.5562385116e+00 1.1126768211e+00 4.4356169048e-01
4.9438476562e+00 1.5693931316e+00 1.1243265222e+00 4.4506660936e-01
5.0048828125e+00 1.5785269467e+00 1.1316463799e+00 4.4688056681e-01
5.0659179688e+00 1.5768809507e+00 1.1308721168e+00 4.4600883394e-01
5.1269531250e+00 1.5489993620e+00 1.1125221166e+00 4.3647724544e-01
5.1879882812e+00 1.4773961854e+00 1.0652595981e+00 4.1213658730e-01
5.2490234375e+00 1.3576704048e+00 9.8542790786e-01 3.7224249691e-01
5.3100585938e+00 1.2045647798e+00 8.8146589854e-01 3.2309888127e-01
5.3710937500e+00 1.0409521398e+00 7.6764411713e-01 2.7330802264e-01
5.4321289062e+00 8.8398529149e-01 6.5546015530e-01 2.2852513618e-01
5.4931640625e+00 7.4197090671e-01 5.5135769412e-01 1.9061321259e-01
5.5541992188e+00 6.1782637471e-01 4.5852900523e-01 1.5929736948e-01
5.6152343750e+00 5.1074218774e-01 3.7751071126e-01 1.3323147648e-01
5.6762695312e+00 4.1721506470e-01 3.0650664023e-01 1.1070842447e-01
5.7373046875e+00 3.3462599360e-01 2.4386046371e-01 9.0765529887e-02
5.7983398438e+00 2.6383787761e-01 1.9016528519e-01 7.3672592424e-02
5.8593750000e+00 2.0744079035e-01 1.4725616199e-01 6.0184628359e-02
5.9204101562e+00 1.6634569769e-01 1.1579447030e-01 5.0551227388e-02
5.9814453125e+00 1.3847134841e-01 9.4237435651e-02 4.4233912754e-02
6.0424804688e+00 1.1997951363e-01 7.9710897672e-02 4.0268615959e-02
6.1035156250e+00 1.0725582581e-01 6.9509063676e-02 3.7746762131e-02
6.1645507812e+00 9.7920586734e-02 6.1870081271e-02 3.6050505463e-02
6.2255859375e+00 9.0693483885e-02 5.5854458464e-02 3.4839025421e-02
6.2866210938e+00 8.4921538831e-02 5.0972125851e-02 3.3949412979e-02
6.3476562500e+00 8.0257369809e-02 4.6948181353e-02 3.3309188456e-02
6.4086914062e+00 7.6482709289e-02 4.3604173174e-02 3.2878536115e-02
6.4697265625e+00 7.3422546368e-02 4.0800760143e-02 3.2621786226e-02
6.5307617188e+00 7.0946016163e-02 3.8434072905e-02 3.2511943258e-02
6.5917968750e+00 6.8989590456e-02 3.6441262541e-02 3.2548327914e-02
6.6528320312e+00 6.7515721556e-02 3.4772149069e-02 3.2743572487e-02
6.7138671875e+00 6.6455693324e-02 3.3358528373e-02 3.3097164951e-02
6.7749023438e+00 6.5750309140e-02 3.2134409184e-02 3.3615899956e-02
6.8359375000e+00 6.5427915485e-02 3.1079138100e-02 3.4348777385e-02
6.8969726562e+00 6.5559541795e-02 3.0211099121e-02 3.5348442674e-02
6.9580078125e+00 6.6136759375e-02 2.9541467464e-02 3.6595291911e-02
7.0190429688e+00 6.7064350134e-02 2.9058641388e-02 3.8005708746e-02
7.0800781250e+00 6.8285352448e-02 2.8751650964e-02 3.9533701484e-02
7.1411132812e+00 6.9866945582e-02 2.8624746522e-02 4.1242199060e-02
7.2021484375e+00 7.1930888216e-02 2.8687583338e-02 4.3243304878e-02
7.2631835938e+00 7.4523027625e-02 2.8944055088e-02 4.5578972537e-02
7.3242187500e+00 7.7605163971e-02 2.9394917868e-02 4.8210246103e-02
7.3852539062e+00 8.1176182507e-02 3.0051911911e-02 5.1124270596e-02
7.4462890625e+00 8.5366681895e-02 3.0955408296e-02 5.4411273600e-02
7.5073242188e+00 9.0420523899e-02 3.2176547861e-02 5.8243976039e-02
7.5683593750e+00 9.6607505070e-02 3.3794387550e-02 6.2813117520e-02
7.6293945312e+00 1.0415256416e-01 3.5876138752e-02 6.8276425407e-02
7.6904296875e+00 1.1325918228e-01 3.8496463925e-02 7.4762718352e-02
7.7514648438e+00 1.2426270097e-01 4.1799426392e-02 8.2463274576e-02
7.8125000000e+00 1.3782198872e-01 4.6053402802e-02 9.1768585914e-02
7.8735351562e+00 1.5497939276e-01 5.1643696233e-02 1.0333569653e-01
7.9345703125e+00 1.7712913949e-01 5.9063134684e-02 1.1806600480e-01
7.9956054688e+00 2.0626144916e-01 6.9046964739e-02 1.3721448443e-01
8.0566406250e+00 2.4569379683e-01 8.2873574938e-02 1.6282022189e-01
8.1176757812e+00 3.0097748094e-01 1.0269750302e-01 1.9827997793e-01
8.1787109375e+00 3.8069458815e-01 1.3186800397e-01 2.4882658417e-01
8.2397460938e+00 4.9719961252e-01 1.7528622960e-01 3.2191338292e-01
8.3007812500e+00 6.6653195470e-01 2.3944306589e-01 4.2708888881e-01
8.3618164062e+00 9.0464544548e-01 3.3094980853e-01 5.7369563695e-01
8.4228515625e+00 1.2169655739e+00 4.5237762062e-01 7.6458795326e-01
8.4838867188e+00 1.5837736783e+00 5.9646689211e-01 9.8730678615e-01
8.5449218750e+00 1.9527225723e+00 7.4328610005e-01 1.2094364722e+00
8.6059570312e+00 2.2512011275e+00 8.6518689927e-01 1.3860142282e+00
8.6669921875e+00 2.4167417201e+00 9.3824696692e-01 1.4784947532e+00
8.7280273438e+00 2.4241518765e+00 9.5169214552e-01 1.4724597310e+00
8.7890625000e+00 2.2891545572e+00 9.0860228080e-01 1.3805522764e+00
8.8500976562e+00 2.0527428150e+00 8.2106240438e-01 1.2316804106e+00
8.9111328125e+00 1.7649837478e+00 7.0653480623e-01 1.0584489416e+00
8.9721679688e+00 1.4749518948e+00 5.8542457232e-01 8.8952732248e-01
9.0332031250e+00 1.2215060852e+00 4.7629353655e-01 7.4521254865e-01
9.0942382812e+00 1.0253198209e+00 3.9036191601e-01 6.3495790487e-01
9.1552734375e+00 8.8868781074e-01 3.3003143144e-01 5.5865637930e-01
9.2163085938e+00 8.0316178212e-01 2.9197515929e-01 5.1118662283e-01
9.2773437500e+00 7.5673906147e-01 2.7078437060e-01 4.8595469086e-01
9.3383789062e+00 7.3452426732e-01 2.6002995741e-01 4.7449430991e-01
9.3994140625e+00 7.1667736729e-01 2.5182423200e-01 4.6485313529e-01
9.4604492188e+00 6.8256049095e-01 2.3818050238e-01 4.4437998857e-01
9.5214843750e+00 6.2195461111e-01 2.1478478256e-01 4.0716982855e-01
9.5825195312e+00 5.4275456920e-01 1.8370702580e-01 3.5904754340e-01
9.6435546875e+00 4.6642822234e-01 1.5191720226e-01 3.1451102008e-01
9.7045898438e+00 4.1502509745e-01 1.2670432120e-01 2.8832077625e-01
9.7656250000e+00 4.0068288143e-01 1.1193727444e-01 2.8874560698e-01
9.8266601562e+00 4.2363306235e-01 1.0758791680e-01 3.1604514555e-01
9.8876953125e+00 4.7593290510e-01 1.1144531434e-01 3.6448759076e-01
9.9487304688e+00 5.4613685397e-01 1.2078493403e-01 4.2535191994e-01
1.0009765625e+01 6.2297880743e-01 1.3313313540e-01 4.8984567204e-01
1.0070800781e+01 6.9752423862e-01 1.4647688150e-01 5.5104735712e-01
1.0131835938e+01 7.6419001974e-01 1.5940470361e-01 6.0478531613e-01
1.0192871094e+01 8.2163353669e-01 1.7132176361e-01 6.5031177308e-01
1.0253906250e+01 8.7320428157e-01 1.8259863741e-01 6.9060564416e-01
1.0314941406e+01 9.2592248032e-01 1.9449639568e-01 7.3142608464e-01
1.0375976562e+01 9.8723919959e-01 2.0862588160e-01 7.7861331799e-01
1.0437011719e+01 1.0607330503e+00 2.2602779188e-01 8.3470525845e-01
1.0498046875e+01 1.1453151429e+00 2.4687565696e-01 8.9843948590e-01
1.0559082031e+01 1.2403556619e+00 2.7143547399e-01 9.6892018796e-01
1.0620117188e+01 1.3508975353e+00 3.0101736403e-01 1.0498801713e+00
1.0681152344e+01 1.4854910164e+00 3.3730269881e-01 1.1481883176e+00
1.0742187500e+01 1.6492575283e+00 3.8079195808e-01 1.2684655702e+00
1.0803222656e+01 1.8399120965e+00 4.3026288078e-01 1.4096492158e+00
1.0864257812e+01 2.0458974799e+00 4.8300563434e-01 1.5628918456e+00
1.0925292969e+01 2.2440900357e+00 5.3477964253e-01 1.7093103932e+00
1.0986328125e+01 2.4048790458e+00 5.8058843983e-01 1.8242906059e+00
1.1047363281e+01 2.5094893707e+00 6.1744418798e-01 1.8920451827e+00
1.1108398438e+01 2.5643327100e+00 6.4665397246e-01 1.9176787375e+00
1.1169433594e+01 2.5918255152e+00 6.7171271093e-01 1.9201128042e+00
1.1230468750e+01 2.6042245216e+00 6.9305337909e-01 1.9111711425e+00
1.1291503906e+01 2.5911926789e+00 7.0607576934e-01 1.8851169095e+00
1.1352539062e+01 2.5346651601e+00 7.0528104470e-01 1.8293841154e+00
1.1413574219e+01 2.4308754550e+00 6.8966844738e-01 1.7412070076e+00
1.1474609375e+01 2.2947741561e+00 6.6343155235e-01 1.6313426038e+00
1.1535644531e+01 2.1457560396e+00 6.3185749510e-01 1.5138985444e+00
1.1596679688e+01 1.9928250582e+00 5.9726482455e-01 1.3955602337e+00
1.1657714844e+01 1.8333437862e+00 5.5875198674e-01 1.2745917995e+00
1.1718750000e+01 1.6625679993e+00 5.1493852378e-01 1.1476294755e+00
1.1779785156e+01 1.4822771086e+00 4.6643424850e-01 1.0158428601e+00
1.1840820312e+01 1.3015882917e+00 4.1606843241e-01 8.8551985925e-01
1.1901855469e+01 1.1307143525e+00 3.6700072813e-01 7.6371362442e-01
1.1962890625e+01 9.7315342727e-01 3.2027285250e-01 6.5288057477e-01
1.2023925781e+01 8.2390619598e-01 2.7425009679e-01 5.4965609919e-01
1.2084960938e+01 6.7644278041e-01 2.2696049573e-01 4.4948228468e-01
1.2145996094e+01 5.3173774859e-01 1.7915205691e-01 3.5258569168e-01
1.2207031250e+01 4.0004566650e-01 1.3485351487e-01 2.6519215163e-01
1.2268066406e+01 2.9338683375e-01 9.8677508448e-02 1.9470932530e-01
1.2329101562e+01 2.1668212341e-01 7.2643106317e-02 1.4403901709e-01
1.2390136719e+01 1.6611170082e-01 5.5576370638e-02 1.1053533019e-01
1.2451171875e+01 1.3378585306e-01 4.4783553059e-02 8.9002299996e-02
1.2512207031e+01 1.1246747554e-01 3.7759273928e-02 7.4708201615e-02
1.2573242188e+01 9.7409383894e-02 3.2860114778e-02 6.4549269116e-02
1.2634277344e+01 8.6106847390e-02 2.9221734110e-02 5.6885113280e-02
1.2695312500e+01 7.7342375926e-02 2.6422785743e-02 5.0919590182e-02
1.2756347656e+01 7.0388210449e-02 2.4211141083e-02 4.6177069366e-02
1.2817382812e+01 6.4686105205e-02 2.2397689842e-02 4.2288415363e-02
1.2878417969e+01 5.9833013706e-02 2.0849566864e-02 3.8983446841e-02
1.2939453125e+01 5.5589978474e-02 1.9490059037e-02 3.6099919437e-02
1.3000488281e+01 5.1832758804e-02 1.8284331241e-02 3.3548427563e-02
1.3061523438e+01 4.8494162190e-02 1.7219480151e-02 3.1274682039e-02
1.3122558594e+01 4.5530368146e-02 1.6283347551e-02 2.9247020595e-02
1.3183593750e+01 4.2902825041e-02 1.5455705622e-02 2.7447119420e-02
1.3244628906e+01 4.0568025091e-02 1.4717217933e-02 2.5850807158e-02
1.3305664062e+01 3.8481536614e-02 1.4057153392e-02 2.4424383221e-02
1.3366699219e+01 3.6604584737e-02 1.3467045897e-02 2.3137538840e-02
1.3427734375e+01 3.4905093221e-02 1.2934627176e-02 2.1970466045e-02
1.3488769531e+01 3.3362588814e-02 1.2449448480e-02 2.0913140334e-02
1.3549804688e+01 3.1962276347e-02 1.2006592206e-02 1.9955684141e-02
1.3610839844e+01 3.0674940190e-02 1.1599347252e-02 1.9075592937e-02
1.3671875000e+01 2.9457951064e-02 1.1214692362e-02 1.8243258701e-02
1.3732910156e+01 2.8283806675e-02 1.0841114248e-02 1.7442692427e-02
1.3793945312e+01 2.7156537963e-02 1.0477525670e-02 1.6679012293e-02
1.3854980469e+01 2.6095701922e-02 1.0131218934e-02 1.5964482988e-02
1.3916015625e+01 2.5110914156e-02 9.8086011089e-03 1.5302313047e-02
1.3977050781e+01 2.4193414398e-02 9.5094970620e-03 1.4683917336e-02
1.4038085938e+01 2.3326437671e-02 9.2289403982e-03 1.4097497273e-02
1.4099121094e+01 2.2495240448e-02 8.9608671007e-03 1.3534373347e-02
1.4160156250e+01 2.1688686923e-02 8.6998477537e-03 1.2988839169e-02
1.4221191406e+01 2.0907042622e-02 8.4454213431e-03 1.2461621279e-02
1.4282226562e+01 2.0170978372e-02 8.2060268126e-03 1.1964951560e-02
1.4343261719e+01 1.9504676418e-02 7.9903686036e-03 1.1514307815e-02
1.4404296875e+01 1.8908730192e-02 7.7954878443e-03 1.1113242348e-02
1.4465332031e+01 1.8366888795e-02 7.6128604009e-03 1.0754028394e-02
1.4526367188e+01 1.7870225162e-02 7.4406557088e-03 1.0429569453e-02
1.4587402344e+01 1.7415160919e-02 7.2798734458e-03 1.0135287473e-02
1.4648437500e+01 1.6990310491e-02 7.1261375261e-03 9.8641729651e-03
1.4709472656e+01 1.6583368975e-02 6.9741302896e-03 9.6092386857e-03
1.4770507812e+01 1.6196067822e-02 6.8257156284e-03 9.3703521941e-03
1.4831542969e+01 1.5841419636e-02 6.6881020243e-03 9.1533176122e-03
1.4892578125e+01 1.5526726552e-02 6.5658788304e-03 8.9608477215e-03
1.4953613281e+01 1.5246467151e-02 6.4582954095e-03 8.7881717416e-03
1.5014648438e+01 1.4987729327e-02 6.3608704207e-03 8.6268589065e-03
1.5075683594e+01 1.4733756954e-02 6.2660574061e-03 8.4676995475e-03
1.5136718750e+01 1.4470279430e-02 6.1670646436e-03 8.3032147864e-03
1.5197753906e+01 1.4195868783e-02 6.0632350885e-03 8.1326336948e-03
1.5258789062e+01 1.3917181449e-02 5.9572922654e-03 7.9598891841e-03
1.5319824219e+01 1.3635665546e-02 5.8498062956e-03 7.7858592508e-03
1.5380859375e+01 1.3348999567e-02 5.7411245920e-03 7.6078749749e-03
1.5441894531e+01 1.3056063627e-02 5.6321621969e-03 7.4239014300e-03
1.5502929688e+01 1.2752381544e-02 5.5192901257e-03 7.2330914184e-03
1.5563964844e+01 1.2431907663e-02 5.3963114034e-03 7.0355962600e-03
1.5625000000e+01 1.2096213794e-02 5.2631231371e-03 6.8330906564e-03
1.5686035156e+01 1.1754507846e-02 5.1262682260e-03 6.6282396199e-03
1.5747070312e+01 1.1415662077e-02 4.9916522917e-03 6.4240097853e-03
1.5808105469e+01 1.1081323707e-02 4.8599776003e-03 6.2213461072e-03
1.5869140625e+01 1.0743140085e-02 4.7270715291e-03 6.0160685555e-03
1.5930175781e+01 1.0389471979e-02 4.5875067669e-03 5.8019652118e-03
1.5991210938e+01 1.0020614766e-02 4.4410071915e-03 5.5796075743e-03
1.6052246094e+01 9.6536590613e-03 4.2948420070e-03 5.3588170543e-03
1.6113281250e+01 9.3071078502e-03 4.1567296862e-03 5.1503781640e-03
1.6174316406e+01 8.9841255193e-03 4.0267416229e-03 4.9573838964e-03
1.6235351562e+01 8.6734139563e-03 3.8984265120e-03 4.7749874444e-03
1.6296386719e+01 8.3629540849e-03 3.7664169200e-03 4.5965371650e-03
1.6357421875e+01 8.0514596768e-03 3.6317242840e-03 4.4197353929e-03
1.6418457031e+01 7.7501230308e-03 3.5009887868e-03 4.2491342441e-03
1.6479492188e+01 7.4749773867e-03 3.3814754339e-03 4.0935019527e-03
1.6540527344e+01 7.2364841807e-03 3.2765515643e-03 3.9599326163e-03
1.6601562500e+01 7.0355214254e-03 3.1851941238e-03 3.8503273016e-03
1.6662597656e+01 6.8683476369e-03 3.1048468487e-03 3.7635007882e-03
1.6723632812e+01 6.7356544780e-03 3.0354374411e-03 3.7002170370e-03
1.6784667969e+01 6.6453931397e-03 2.9807370562e-03 3.6646560835e-03
1.6845703125e+01 6.6050199762e-03 2.9447358149e-03 3.6602841613e-03
1.6906738281e+01 6.6152938283e-03 2.9283939503e-03 3.6868998780e-03
1.6967773438e+01 6.6722212695e-03 2.9300688300e-03 3.7421524395e-03
1.7028808594e+01 6.7670502532e-03 2.9456213939e-03 3.8214288593e-03
1.7089843750e+01 6.8841264309e-03 2.9687719395e-03 3.9153544914e-03
1.7150878906e+01 7.0060123630e-03 2.9943636968e-03 4.0116486662e-03
1.7211914062e+01 7.1194673093e-03 3.0200501786e-03 4.0994171306e-03
1.7272949219e+01 7.2109244740e-03 3.0427912212e-03 4.1681332528e-03
1.7333984375e+01 7.2599773472e-03 3.0554383956e-03 4.2045389516e-03
1.7395019531e+01 7.2455078469e-03 3.0492327002e-03 4.1962751467e-03
1.7456054688e+01 7.1589000092e-03 3.0191909513e-03 4.1397090579e-03
1.7517089844e+01 7.0079021924e-03 2.9663607499e-03 4.0415414425e-03
1.7578125000e+01 6.8093804835e-03 2.8963479475e-03 3.9130325360e-03
1.7639160156e+01 6.5834119798e-03 2.8170162614e-03 3.7663957184e-03
1.7700195312e+01 6.3526790951e-03 2.7365731357e-03 3.6161059594e-03
1.7761230469e+01 6.1384647953e-03 2.6613707963e-03 3.4770939990e-03
1.7822265625e+01 5.9529696649e-03 2.5942908293e-03 3.3586788356e-03
1.7883300781e+01 5.7976870942e-03 2.5353749457e-03 3.2623121486e-03
1.7944335938e+01 5.6686057876e-03 2.4837884140e-03 3.1848173736e-03
1.8005371094e+01 5.5606766734e-03 2.4387022400e-03 3.1219744334e-03
1.8066406250e+01 5.4693830142e-03 2.3987263562e-03 3.0706566580e-03
1.8127441406e+01 5.3925479161e-03 2.3619705152e-03 3.0305774009e-03
1.8188476562e+01 5.3331421855e-03 2.3279281117e-03 3.0052140738e-03
1.8249511719e+01 5.3001511197e-03 2.2994310406e-03 3.0007200792e-03
1.8310546875e+01 5.3049162068e-03 2.2818751858e-03 3.0230410210e-03
1.8371582031e+01 5.3561369185e-03 2.2797385608e-03 3.0763983577e-03
1.8432617188e+01 5.4587576004e-03 2.2940806187e-03 3.1646769817e-03
1.8493652344e+01 5.6145182449e-03 2.3231819767e-03 3.2913362682e-03
1.8554687500e+01 5.8209649541e-03 2.3645214605e-03 3.4564434936e-03
1.8615722656e+01 6.0718390902e-03 2.4161426534e-03 3.6556964369e-03
1.8676757812e+01 6.3583243077e-03 2.4765124644e-03 3.8818118433e-03
1.8737792969e+01 6.6679214685e-03 2.5428829170e-03 4.1250385514e-03
1.8798828125e+01 6.9851846479e-03 2.6105830031e-03 4.3746016448e-03
1.8859863281e+01 7.2988139816e-03 2.6755223799e-03 4.6232916016e-03
1.8920898438e+01 7.6076185909e-03 2.7372345758e-03 4.8703840151e-03
1.8981933594e+01 7.9168366870e-03 2.7982214020e-03 5.1186152850e-03
1.9042968750e+01 8.2330028534e-03 2.8614435135e-03 5.3715593399e-03
1.9104003906e+01 8.5670533583e-03 2.9300799943e-03 5.6369733640e-03
1.9165039062e+01 8.9350672740e-03 3.0076486793e-03 5.9274185948e-03
1.9226074219e+01 9.3475224976e-03 3.0957395996e-03 6.2517828980e-03
1.9287109375e+01 9.8017824027e-03 3.1929234306e-03 6.6088589721e-03
1.9348144531e+01 1.0287307882e-02 3.2968284736e-03 6.9904794083e-03
1.9409179688e+01 1.0789576645e-02 3.4050361987e-03 7.3845404460e-03
1.9470214844e+01 1.1285498087e-02 3.5129369589e-03 7.7725611277e-03
1.9531250000e+01 1.1743146047e-02 3.6124744777e-03 8.1306715690e-03
1.9592285156e+01 1.2134119814e-02 3.6952494539e-03 8.4388703599e-03
1.9653320312e+01 1.2445897778e-02 3.7571954334e-03 8.6887023450e-03
1.9714355469e+01 1.2679798115e-02 3.7991255768e-03 8.8806725381e-03
1.9775390625e+01 1.2839276738e-02 3.8228075448e-03 9.0164691932e-03
1.9836425781e+01 1.2920096561e-02 3.8269359583e-03 9.0931606028e-03
1.9897460938e+01 1.2911762815e-02 3.8076179387e-03 9.1041448758e-03
1.9958496094e+01 1.2810580127e-02 3.7634116325e-03 9.0471684948e-03
2.0019531250e+01 1.2625461420e-02 3.6980592905e-03 8.9274021298e-03
2.0080566406e+01 1.2369464715e-02 3.6175711000e-03 8.7518936146e-03
2.0141601562e+01 1.2053220630e-02 3.5266655588e-03 8.5265550717e-03
2.0202636719e+01 1.1682825836e-02 3.4271657448e-03 8.2556600916e-03
2.0263671875e+01 1.1258702837e-02 3.3176801434e-03 7.9410226937e-03
2.0324707031e+01 1.0783914910e-02 3.1964981391e-03 7.5874167707e-03
2.0385742188e+01 1.0274469472e-02 3.0660240134e-03 7.2084454586e-03
2.0446777344e+01 9.7525086060e-03 2.9322194535e-03 6.8202891525e-03
2.0507812500e+01 9.2305783572e-03 2.7995161172e-03 6.4310622400e-03
2.0568847656e+01 8.7104607299e-03 2.6691369838e-03 6.0413237461e-03
2.0629882812e+01 8.1945499365e-03 2.5421600574e-03 5.6523898791e-03
2.0690917969e+01 7.6908757467e-03 2.4209479263e-03 5.2699278205e-03
2.0751953125e+01 7.2081856810e-03 2.3069208266e-03 4.9012648543e-03
2.0812988281e+01 6.7522888186e-03 2.1993597552e-03 4.5529290634e-03
2.0874023438e+01 6.3298387587e-03 2.0980586498e-03 4.2317801089e-03
2.0935058594e+01 5.9510939566e-03 2.0054910904e-03 3.9456028662e-03
2.0996093750e+01 5.6242677161e-03 1.9246647703e-03 3.6996029458e-03
2.1057128906e+01 5.3507610527e-03 1.8566324293e-03 3.4941286235e-03
2.1118164062e+01 5.1280109202e-03 1.8009826225e-03 3.3270282977e-03
2.1179199219e+01 4.9520372051e-03 1.7565946687e-03 3.1954425365e-03
2.1240234375e+01 4.8170745473e-03 1.7216484631e-03 3.0954260842e-03
2.1301269531e+01 4.7176960009e-03 1.6945895811e-03 3.0231064198e-03
2.1362304688e+01 4.6510979845e-03 1.6748848828e-03 2.9762131017e-03
2.1423339844e+01 4.6142914205e-03 1.6619518069e-03 2.9523396136e-03
2.1484375000e+01 4.6004440160e-03 1.6539820164e-03 2.9464619996e-03
2.1545410156e+01 4.6008694269e-03 1.6487054323e-03 2.9521639947e-03
2.1606445312e+01 4.6106819509e-03 1.6453628681e-03 2.9653190828e-03
2.1667480469e+01 4.6309865974e-03 1.6452294762e-03 2.9857571211e-03
2.1728515625e+01 4.6641734745e-03 1.6494380600e-03 3.0147354145e-03
2.1789550781e+01 4.7077211696e-03 1.6567269814e-03 3.0509941881e-03
2.1850585938e+01 4.7550006715e-03 1.6644448497e-03 3.0905558217e-03
2.1911621094e+01 4.8015837889e-03 1.6714444649e-03 3.1301393240e-03
2.1972656250e+01 4.8470257187e-03 1.6784400606e-03 3.1685856581e-03
2.2033691406e+01 4.8903727473e-03 1.6856579369e-03 3.2047148104e-03
2.2094726562e+01 4.9278391763e-03 1.6918432915e-03 3.2359958847e-03
2.2155761719e+01 4.9551514489e-03 1.6954855224e-03 3.2596659265e-03
2.2216796875e+01 4.9693240800e-03 1.6956492470e-03 3.2736748330e-03
2.2277832031e+01 4.9688028221e-03 1.6917843189e-03 3.2770185032e-03
2.2338867188e+01 4.9535821436e-03 1.6835661669e-03 3.2700159767e-03
2.2399902344e+01 4.9246529316e-03 1.6709311599e-03 3.2537217717e-03
2.2460937500e+01 4.8830605924e-03 1.6540136422e-03 3.2290469502e-03
2.2521972656e+01 4.8288361382e-03 1.6328243636e-03 3.1960117747e-03
2.2583007812e+01 4.7602190264e-03 1.6070926989e-03 3.1531263274e-03
2.2644042969e+01 4.6750933666e-03 1.5768146277e-03 3.0982787390e-03
2.2705078125e+01 4.5727665506e-03 1.5425653440e-03 3.0302012066e-03
2.2766113281e+01 4.4534208494e-03 1.5047916157e-03 2.9486292336e-03
2.2827148438e+01 4.3178325123e-03 1.4633836316e-03 2.8544488807e-03
2.2888183594e+01 4.1678938602e-03 1.4182240407e-03 2.7496698195e-03
2.2949218750e+01 4.0059518759e-03 1.3697816442e-03 2.6361702318e-03
2.3010253906e+01 3.8346504731e-03 1.3191411277e-03 2.5155093453e-03
2.3071289062e+01 3.6569519558e-03 1.2672397498e-03 2.3897122060e-03
2.3132324219e+01 3.4746196200e-03 1.2140212302e-03 2.2605983898e-03
2.3193359375e+01 3.2880238607e-03 1.1589118950e-03 2.1291119658e-03
2.3254394531e+01 3.0980478984e-03 1.1020079693e-03 1.9960399290e-03
2.3315429688e+01 2.9067364054e-03 1.0442910910e-03 1.8624453145e-03
2.3376464844e+01 2.7167040565e-03 9.8712109032e-04 1.7295829662e-03
2.3437500000e+01 2.5312260293e-03 9.3195617078e-04 1.5992698585e-03
2.3498535156e+01 2.3536339274e-03 8.7990850752e-04 1.4737254198e-03
2.3559570312e+01 2.1855863119e-03 8.3108244241e-04 1.3545038694e-03
2.3620605469e+01 2.0273804472e-03 7.8495393536e-04 1.2424265118e-03
2.3681640625e+01 1.8799581468e-03 7.4154398481e-04 1.1384141620e-03
2.3742675781e+01 1.7446991224e-03 7.0147549665e-04 1.0432236257e-03
2.3803710938e+01 1.6217555171e-03 6.6503274401e-04 9.5672277312e-04
2.3864746094e+01 1.5103008741e-03 6.3197637436e-04 8.7832449976e-04
2.3925781250e+01 1.4099425633e-03 6.0213007849e-04 8.0781248480e-04
2.3986816406e+01 1.3206546535e-03 5.7548513138e-04 7.4516952216e-04
2.4047851562e+01 1.2416292549e-03 5.5173291979e-04 6.8989633514e-04
2.4108886719e+01 1.1712319959e-03 5.3014989335e-04 6.4108210253e-04
2.4169921875e+01 1.1080843005e-03 5.1004750407e-04 5.9803679644e-04
2.4230957031e+01 1.0516184571e-03 4.9116432660e-04 5.6045413049e-04
2.4291992188e+01 1.0018437208e-03 4.7377287770e-04 5.2807084311e-04
2.4353027344e+01 9.5892186358e-04 4.5851298131e-04 5.0040888227e-04
2.4414062500e+01 9.2237762814e-04 4.4569094104e-04 4.7668668710e-04
2.4475097656e+01 8.9045566165e-04 4.3457620030e-04 4.5587946135e-04
2.4536132812e+01 8.6085457771e-04 4.2377852197e-04 4.3707605574e-04
2.4597167969e+01 8.3224283541e-04 4.1241905169e-04 4.1982378372e-04
2.4658203125e+01 8.0463678399e-04 4.0065967872e-04 4.0397710527e-04
2.4719238281e+01 7.7845633832e-04 3.8913960179e-04 3.8931673652e-04
2.4780273438e+01 7.5381907151e-04 3.7827678389e-04 3.7554228762e-04
2.4841308594e+01 7.3076034311e-04 3.6820451092e-04 3.6255583219e-04
2.4902343750e+01 7.0955574669e-04 3.5906125886e-04 3.5049448782e-04
2.4963378906e+01 6.9039874794e-04 3.5095897742e-04 3.3943977052e-04
2.5024414062e+01 6.7279099941e-04 3.4353085246e-04 3.2926014695e-04
2.5085449219e+01 6.5553127785e-04 3.3582057811e-04 3.1971069974e-04
2.5146484375e+01 6.3760171101e-04 3.2709441545e-04 3.1050729556e-04
2.5207519531e+01 6.1910305296e-04 3.1771147032e-04 3.0139158264e-04
2.5268554688e+01 6.0106495383e-04 3.0877200573e-04 2.9229294810e-04
2.5329589844e+01 5.8440554174e-04 3.0100694278e-04 2.8339859896e-04
2.5390625000e+01 5.6939133980e-04 2.9436624394e-04 2.7502509586e-04
2.5451660156e+01 5.5581566841e-04 2.8841464841e-04 2.6740102000e-04
2.5512695312e+01 5.4320007359e-04 2.8268473363e-04 2.6051533995e-04
2.5573730469e+01 5.3098667312e-04 2.7682106778e-04 2.5416560534e-04
2.5634765625e+01 5.1887504665e-04 2.7071475088e-04 2.4816029577e-04
2.5695800781e+01 5.0688577059e-04 2.6446602038e-04 2.4241975021e-04
2.5756835938e+01 4.9507863846e-04 2.5819499107e-04 2.3688364739e-04
2.5817871094e+01 4.8349461112e-04 2.5202269121e-04 2.3147191991e-04
2.5878906250e+01 4.7231635593e-04 2.4613841772e-04 2.2617793821e-04
2.5939941406e+01 4.6172962386e-04 2.4067626873e-04 2.2105335513e-04
2.6000976562e+01 4.5165853018e-04 2.3557425295e-04 2.1608427723e-04
2.6062011719e+01 4.4183610851e-04 2.3066092541e-04 2.1117518309e-04
2.6123046875e+01 4.3208108872e-04 2.2583345843e-04 2.0624763029e-04
2.6184082031e+01 4.2244024238e-04 2.2110587668e-04 2.0133436570e-04
2.6245117188e+01 4.1309385772e-04 2.1652205396e-04 1.9657180376e-04
2.6306152344e+01 4.0421485057e-04 2.1210922920e-04 1.9210562138e-04
2.6367187500e+01 3.9594488589e-04 2.0791297803e-04 1.8803190786e-04
2.6428222656e+01 3.8828224436e-04 2.0391677666e-04 1.8436546770e-04
2.6489257812e+01 3.8089738846e-04 1.9989925393e-04 1.8099813453e-04
2.6550292969e+01 3.7335870927e-04 1.9559285746e-04 1.7776585181e-04
2.6611328125e+01 3.6565601986e-04 1.9104428921e-04 1.7461173064e-04
2.6672363281e+01 3.5826899478e-04 1.8663056137e-04 1.7163843341e-04
2.6733398438e+01 3.5166896075e-04 1.8267216272e-04 1.6899679803e-04
2.6794433594e+01 3.4587432191e-04 1.7914680635e-04 1.6672751556e-04
2.6855468750e+01 3.4051992306e-04 1.7582043603e-04 1.6469948703e-04
2.6916503906e+01 3.3530117115e-04 1.7254935356e-04 1.6275181759e-04
2.6977539062e+01 3.3023570285e-04 1.6934199200e-04 1.6089371085e-04
2.7038574219e+01 3.2548492218e-04 1.6621086404e-04 1.5927405814e-04
2.7099609375e+01 3.2111895135e-04 1.6314547455e-04 1.5797347679e-04
2.7160644531e+01 3.1715115017e-04 1.6020393109e-04 1.5694721907e-04
2.7221679688e+01 3.1362861064e-04 1.5746350801e-04 1.5616510264e-04
2.7282714844e+01 3.1059066456e-04 1.5491499056e-04 1.5567567400e-04
2.7343750000e+01 3.0806360207e-04 1.5255331341e-04 1.5551028865e-04
2.7404785156e+01 3.0607193008e-04 1.5046547367e-04 1.5560645641e-04
2.7465820312e+01 3.0448688765e-04 1.4865405491e-04 1.5583283274e-04
2.7526855469e+01 3.0300919558e-04 1.4691088368e-04 1.5609831190e-04
2.7587890625e+01 3.0148684774e-04 1.4502164044e-04 1.5646520730e-04
2.7648925781e+01 3.0002730836e-04 1.4298454152e-04 1.5704276684e-04
2.7709960938e+01 2.9871589126e-04 1.4096775759e-04 1.5774813367e-04
2.7770996094e+01 2.9757636701e-04 1.3917221033e-04 1.5840415667e-04
2.7832031250e+01 2.9680168796e-04 1.3772836164e-04 1.5907332632e-04
2.7893066406e+01 2.9655745996e-04 1.3657362900e-04 1.5998383096e-04
2.7954101562e+01 2.9660055000e-04 1.3545962150e-04 1.6114092851e-04
2.8015136719e+01 2.9651945534e-04 1.3419658544e-04 1.6232286991e-04
2.8076171875e+01 2.9622228667e-04 1.3281748832e-04 1.6340479835e-04
2.8137207031e+01 2.9586198618e-04 1.3145975518e-04 1.6440223100e-04
2.8198242188e+01 2.9546099828e-04 1.3019810318e-04 1.6526289510e-04
2.8259277344e+01 2.9483020540e-04 1.2900602281e-04 1.6582418259e-04
2.8320312500e+01 2.9374690223e-04 1.2779261843e-04 1.6595428380e-04
2.8381347656e+01 2.9211437506e-04 1.2646424336e-04 1.6565013170e-04
2.8442382812e+01 2.8995384942e-04 1.2496865682e-04 1.6498519259e-04
2.8503417969e+01 2.8731323423e-04 1.2329892959e-04 1.6401430465e-04
2.8564453125e+01 2.8427811869e-04 1.2149484897e-04 1.6278326972e-04
2.8625488281e+01 2.8096323174e-04 1.1960517149e-04 1.6135806026e-04
2.8686523438e+01 2.7737998799e-04 1.1762473315e-04 1.5975525484e-04
2.8747558594e+01 2.7343497970e-04 1.1554684249e-04 1.5788813720e-04
2.8808593750e+01 2.6909785289e-04 1.1345995607e-04 1.5563789682e-04
2.8869628906e+01 2.6445931635e-04 1.1148940799e-04 1.5296990836e-04
2.8930664062e+01 2.5963288263e-04 1.0965660137e-04 1.4997628126e-04
2.8991699219e+01 2.5468858237e-04 1.0786955391e-04 1.4681902847e-04
2.9052734375e+01 2.4968708056e-04 1.0605716660e-04 1.4362991395e-04
2.9113769531e+01 2.4469810120e-04 1.0424345506e-04 1.4045464614e-04
2.9174804688e+01 2.3973790034e-04 1.0245024602e-04 1.3728765433e-04
2.9235839844e+01 2.3472432060e-04 1.0060223230e-04 1.3412208830e-04
2.9296875000e+01 2.2958461122e-04 9.8623640772e-05 1.3096097045e-04
2.9357910156e+01 2.2444540181e-04 9.6586093327e-05 1.2785930848e-04
2.9418945312e+01 2.1958635866e-04 9.4637977626e-05 1.2494838103e-04
2.9479980469e+01 2.1514922674e-04 9.2819007362e-05 1.2233021937e-04
2.9541015625e+01 2.1105906510e-04 9.1075847695e-05 1.1998321741e-04
2.9602050781e+01 2.0725491989e-04 8.9413719172e-05 1.1784120072e-04
2.9663085938e+01 2.0380287901e-04 8.7898919844e-05 1.1590395917e-04
2.9724121094e+01 2.0075178121e-04 8.6547132012e-05 1.1420464920e-04
2.9785156250e+01 1.9805151415e-04 8.5309855282e-05 1.1274165887e-04
2.9846191406e+01 1.9567550757e-04 8.4156867038e-05 1.1151864053e-04
2.9907226562e+01 1.9367986151e-04 8.3098890799e-05 1.1058097071e-04
2.9968261719e+01 1.9207284845e-04 8.2129723553e-05 1.0994312489e-04
3.0029296875e+01 1.9078040609e-04 8.1223316860e-05 1.0955708922e-04
3.0090332031e+01 1.8979825193e-04 8.0392566246e-05 1.0940568568e-04
3.0151367188e+01 1.8919986606e-04 7.9665690406e-05 1.0953417565e-04
3.0212402344e+01 1.8896847374e-04 7.9020146651e-05 1.0994832709e-04
3.0273437500e+01 1.8899923636e-04 7.8426482859e-05 1.1057275350e-04
3.0334472656e+01 1.8924432878e-04 7.7910595105e-05 1.1133373368e-04
3.0395507812e+01 1.8969082345e-04 7.7501121247e-05 1.1218970221e-04
3.0456542969e+01 1.9021462610e-04 7.7159365928e-05 1.1305526018e-04
3.0517578125e+01 1.9058275393e-04 7.6787006883e-05 1.1379574705e-04
3.0578613281e+01 1.9063930114e-04 7.6290846301e-05 1.1434845484e-04
3.0639648438e+01 1.9044340150e-04 7.5660796907e-05 1.1478260460e-04
3.0700683594e+01 1.9015971424e-04 7.4973000285e-05 1.1518671395e-04
3.0761718750e+01 1.8982972471e-04 7.4295499312e-05 1.1553422540e-04
3.0822753906e+01 1.8936519594e-04 7.3632601847e-05 1.1573259409e-04
3.0883789062e+01 1.8876853414e-04 7.2975072893e-05 1.1579346125e-04
3.0944824219e+01 1.8819857709e-04 7.2343371644e-05 1.1585520544e-04
3.1005859375e+01 1.8775738754e-04 7.1750066659e-05 1.1600732088e-04
3.1066894531e+01 1.8730902898e-04 7.1150953017e-05 1.1615807597e-04
3.1127929688e+01 1.8657429271e-04 7.0468680406e-05 1.1610561230e-04
3.1188964844e+01 1.8539124775e-04 6.9672415691e-05 1.1571883206e-04
3.1250000000e+01 1.8385344797e-04 6.8813310656e-05 1.1504013732e-04
3.1311035156e+01 1.8217027820e-04 6.7958930247e-05 1.1421134795e-04
3.1372070312e+01 1.8041461509e-04 6.7102635233e-05 1.1331197986e-04
3.1433105469e+01 1.7846469555e-04 6.6164555034e-05 1.1230014051e-04
3.1494140625e+01 1.7620236848e-04 6.5086708455e-05 1.1111566003e-04
3.1555175781e+01 1.7369813446e-04 6.3909485362e-05 1.0978864910e-04
3.1616210938e+01 1.7113642777e-04 6.2736224216e-05 1.0840020356e-04
3.1677246094e+01 1.6860825848e-04 6.1626436317e-05 1.0698182216e-04
3.1738281250e+01 1.6605862645e-04 6.0551583601e-05 1.0550704285e-04
3.1799316406e+01 1.6339466322e-04 5.9454619931e-05 1.0394004329e-04
3.1860351562e+01 1.6058024822e-04 5.8315030251e-05 1.0226521797e-04
3.1921386719e+01 1.5767073238e-04 5.7152803756e-05 1.0051792862e-04
3.1982421875e+01 1.5478007835e-04 5.6000731524e-05 9.8779346826e-05
3.2043457031e+01 1.5197407747e-04 5.4881840862e-05 9.7092236611e-05
3.2104492188e+01 1.4921764833e-04 5.3797414195e-05 9.5420234139e-05
3.2165527344e+01 1.4645246852e-04 5.2724648095e-05 9.3727820421e-05
3.2226562500e+01 1.4369767369e-04 5.1639447812e-05 9.2058225881e-05
3.2287597656e+01 1.4107971405e-04 5.0559916794e-05 9.0519797259e-05
3.2348632812e+01 1.3875937536e-04 4.9548771321e-05 8.9210604043e-05
3.2409667969e+01 1.3680335734e-04 4.8656668194e-05 8.8146689143e-05
3.2470703125e+01 1.3516469623e-04 4.7890564898e-05 8.7274131333e-05
3.2531738281e+01 1.3377049247e-04 4.7236697271e-05 8.6533795199e-05
3.2592773438e+01 1.3255805808e-04 4.6675649680e-05 8.5882408400e-05
3.2653808594e+01 1.3148867956e-04 4.6179088218e-05 8.5309591340e-05
3.2714843750e+01 1.3058255984e-04 4.5718615183e-05 8.4863944656e-05
3.2775878906e+01 1.2988028685e-04 4.5280052033e-05 8.4600234819e-05
3.2836914062e+01 1.2938338149e-04 4.4870798871e-05 8.4512582617e-05
3.2897949219e+01 1.2907514897e-04 4.4514323809e-05 8.4560825158e-05
3.2958984375e+01 1.2893530092e-04 4.4222552206e-05 8.4712748711e-05
3.3020019531e+01 1.2890988517e-04 4.3973889957e-05 8.4935995211e-05
3.3081054688e+01 1.2894010746e-04 4.3739555289e-05 8.5200552168e-05
3.3142089844e+01 1.2900699501e-04 4.3519720172e-05 8.5487274834e-05
3.3203125000e+01 1.2909260914e-04 4.3328574265e-05 8.5764034873e-05
3.3264160156e+01 1.2917800999e-04 4.3170867108e-05 8.6007142886e-05
3.3325195312e+01 1.2931279098e-04 4.3050085883e-05 8.6262705095e-05
3.3386230469e+01 1.2957250773e-04 4.2966811223e-05 8.6605696510e-05
3.3447265625e+01 1.2993943505e-04 4.2907769817e-05 8.7031665231e-05
3.3508300781e+01 1.3032322590e-04 4.2860007889e-05 8.7463218015e-05
3.3569335938e+01 1.3067077020e-04 4.2820774045e-05 8.7849996156e-05
3.3630371094e+01 1.3096919763e-04 4.2779280298e-05 8.8189917333e-05
3.3691406250e+01 1.3118873829e-04 4.2710605102e-05 8.8478133184e-05
3.3752441406e+01 1.3128711542e-04 4.2595285370e-05 8.8691830048e-05
3.3813476562e+01 1.3122780407e-04 4.2429149890e-05 8.8798654175e-05
3.3874511719e+01 1.3096875237e-04 4.2213791394e-05 8.8754960974e-05
3.3935546875e+01 1.3046843485e-04 4.1946873801e-05 8.8521561049e-05
3.3996582031e+01 1.2973400235e-04 4.1627814201e-05 8.8106188146e-05
3.4057617188e+01 1.2885708704e-04 4.1273242955e-05 8.7583844087e-05
3.4118652344e+01 1.2795480248e-04 4.0911812068e-05 8.7042990407e-05
3.4179687500e+01 1.2704709818e-04 4.0554427967e-05 8.6492670215e-05
3.4240722656e+01 1.2601956996e-04 4.0181158906e-05 8.5838411049e-05
3.4301757812e+01 1.2473510353e-04 3.9761502357e-05 8.4973601168e-05
3.4362792969e+01 1.2316858391e-04 3.9277037855e-05 8.3891546059e-05
3.4423828125e+01 1.2140772802e-04 3.8724863161e-05 8.2682864855e-05
3.4484863281e+01 1.1955376586e-04 3.8118396259e-05 8.1435369599e-05
3.4545898438e+01 1.1767397998e-04 3.7494359743e-05 8.0179620236e-05
3.4606933594e+01 1.1581682959e-04 3.6899702286e-05 7.8917127301e-05
3.4667968750e+01 1.1399504898e-04 3.6353740402e-05 7.7641308574e-05
3.4729003906e+01 1.1214075297e-04 3.5825034866e-05 7.6315718101e-05
3.4790039062e+01 1.1012160750e-04 3.5251043699e-05 7.4870563796e-05
3.4851074219e+01 1.0783071008e-04 3.4582997194e-05 7.3247712887e-05
3.4912109375e+01 1.0526419849e-04 3.3819044685e-05 7.1445153802e-05
3.4973144531e+01 1.0252232772e-04 3.3000973357e-05 6.9521354366e-05
3.5034179688e+01 9.9733492498e-05 3.2175293366e-05 6.7558199132e-05
3.5095214844e+01 9.6968000280e-05 3.1360126471e-05 6.5607873809e-05
3.5156250000e+01 9.4240085025e-05 3.0557420533e-05 6.3682664492e-05
3.5217285156e+01 9.1578485490e-05 2.9780184883e-05 6.1798300607e-05
3.5278320312e+01 8.9043759531e-05 2.9047054907e-05 5.9996704624e-05
3.5339355469e+01 8.6673071985e-05 2.8360787728e-05 5.8312284257e-05
3.5400390625e+01 8.4439636156e-05 2.7706523598e-05 5.6733112559e-05
3.5461425781e+01 8.2274011295e-05 2.7065792142e-05 5.5208219154e-05
3.5522460938e+01 8.0122716720e-05 2.6428799497e-05 5.3693917223e-05
3.5583496094e+01 7.7980923566e-05 2.5796870369e-05 5.2184053197e-05
3.5644531250e+01 7.5870532521e-05 2.5174024291e-05 5.0696508230e-05
3.5705566406e+01 7.3819546319e-05 2.4562229713e-05 4.9257316606e-05
3.5766601562e+01 7.1876452784e-05 2.3970943434e-05 4.7905509350e-05
3.5827636719e+01 7.0103455096e-05 2.3422096024e-05 4.6681359072e-05
3.5888671875e+01 6.8520927898e-05 2.2933172844e-05 4.5587755054e-05
3.5949707031e+01 6.7072629753e-05 2.2497254853e-05 4.4575374900e-05
3.6010742188e+01 6.5670368097e-05 2.2088284486e-05 4.3582083611e-05
3.6071777344e+01 6.4271110655e-05 2.1685535309e-05 4.2585575346e-05
3.6132812500e+01 6.2896245236e-05 2.1285440947e-05 4.1610804289e-05
3.6193847656e+01 6.1576186982e-05 2.0890168406e-05 4.0686018576e-05
3.6254882812e+01 6.0303614133e-05 2.0497617147e-05 3.9805996986e-05
3.6315917969e+01 5.9056806747e-05 2.0107401872e-05 3.8949404876e-05
3.6376953125e+01 5.7830073641e-05 1.9723324144e-05 3.8106749497e-05
3.6437988281e+01 5.6623266934e-05 1.9346764171e-05 3.7276502763e-05
3.6499023438e+01 5.5450870282e-05 1.8980951562e-05 3.6469918720e-05
3.6560058594e+01 5.4370417576e-05 1.8641034768e-05 3.5729382807e-05
3.6621093750e+01 5.3443686190e-05 1.8345642742e-05 3.5098043448e-05
3.6682128906e+01 5.2652718788e-05 1.8093420680e-05 3.4559298108e-05
3.6743164062e+01 5.1901252345e-05 1.7856998141e-05 3.4044254204e-05
3.6804199219e+01 5.1117051171e-05 1.7608733644e-05 3.3508317527e-05
3.6865234375e+01 5.0313834530e-05 1.7346217557e-05 3.2967616974e-05
3.6926269531e+01 4.9542210610e-05 1.7086998805e-05 3.2455211805e-05
3.6987304688e+01 4.8819199000e-05 1.6846370874e-05 3.1972828125e-05
3.7048339844e+01 4.8119405356e-05 1.6624246477e-05 3.1495158879e-05
3.7109375000e+01 4.7405662629e-05 1.6407394155e-05 3.0998268474e-05
3.7170410156e+01 4.6653973928e-05 1.6180833890e-05 3.0473140038e-05
3.7231445312e+01 4.5867004420e-05 1.5938635043e-05 2.9928369378e-05
3.7292480469e+01 4.5078013738e-05 1.5687701398e-05 2.9390312340e-05
3.7353515625e+01 4.4339433385e-05 1.5445761883e-05 2.8893671502e-05
3.7414550781e+01 4.3695945215e-05 1.5233778400e-05 2.8462166816e-05
3.7475585938e+01 4.3153935383e-05 1.5061736332e-05 2.8092199050e-05
3.7536621094e+01 4.2671673764e-05 1.4916574284e-05 2.7755099480e-05
3.7597656250e+01 4.2190894942e-05 1.4770078238e-05 2.7420816704e-05
3.7658691406e+01 4.1690639406e-05 1.4607207574e-05 2.7083431831e-05
3.7719726562e+01 4.1197458994e-05 1.4438816255e-05 2.6758642739e-05
3.7780761719e+01 4.0736389366e-05 1.4278968123e-05 2.6457421243e-05
3.7841796875e+01 4.0299597473e-05 1.4125251340e-05 2.6174346133e-05
3.7902832031e+01 3.9867363645e-05 1.3969121179e-05 2.5898242467e-05
3.7963867188e+01 3.9431377529e-05 1.3809881410e-05 2.5621496119e-05
3.8024902344e+01 3.8993734949e-05 1.3652417753e-05 2.5341317196e-05
3.8085937500e+01 3.8563247453e-05 1.3502128317e-05 2.5061119137e-05
3.8146972656e+01 3.8159035032e-05 1.3365941775e-05 2.4793093257e-05
3.8208007812e+01 3.7797212897e-05 1.3248482921e-05 2.4548729976e-05
3.8269042969e+01 3.7461837316e-05 1.3142009624e-05 2.4319827692e-05
3.8330078125e+01 3.7110850666e-05 1.3028391297e-05 2.4082459369e-05
3.8391113281e+01 3.6716117139e-05 1.2894417707e-05 2.3821699433e-05
3.8452148438e+01 3.6279352333e-05 1.2739805995e-05 2.3539546338e-05
3.8513183594e+01 3.5818933140e-05 1.2573124033e-05 2.3245809107e-05
3.8574218750e+01 3.5357750594e-05 1.2406196102e-05 2.2951554492e-05
3.8635253906e+01 3.4918237677e-05 1.2251215934e-05 2.2667021743e-05
3.8696289062e+01 3.4516389623e-05 1.2115886863e-05 2.2400502761e-05
3.8757324219e+01 3.4149725050e-05 1.1995259040e-05 2.2154466009e-05
3.8818359375e+01 3.3797002251e-05 1.1874148756e-05 2.1922853495e-05
3.8879394531e+01 3.3438950039e-05 1.1744077973e-05 2.1694872065e-05
3.8940429688e+01 3.3071711127e-05 1.1611696039e-05 2.1460015088e-05
3.9001464844e+01 3.2699192125e-05 1.1487038020e-05 2.1212154105e-05
3.9062500000e+01 3.2324572560e-05 1.1370523688e-05 2.0954048872e-05
3.9123535156e+01 3.1954739965e-05 1.1255861443e-05 2.0698878522e-05
3.9184570312e+01 3.1604098078e-05 1.1140733920e-05 2.0463364158e-05
3.9245605469e+01 3.1280516261e-05 1.1028478790e-05 2.0252037471e-05
3.9306640625e+01 3.0971376910e-05 1.0921494658e-05 2.0049882253e-05
3.9367675781e+01 3.0657120653e-05 1.0817980573e-05 1.9839140080e-05
3.9428710938e+01 3.0334056050e-05 1.0714388352e-05 1.9619667698e-05
3.9489746094e+01 3.0014081469e-05 1.0608400776e-05 1.9405680692e-05
3.9550781250e+01 2.9706688989e-05 1.0499352346e-05 1.9207336644e-05
3.9611816406e+01 2.9408689069e-05 1.0388361507e-05 1.9020327562e-05
3.9672851562e+01 2.9109608076e-05 1.0278934647e-05 1.8830673429e-05
3.9733886719e+01 2.8800707333e-05 1.0173774754e-05 1.8626932579e-05
3.9794921875e+01 2.8479839171e-05 1.0069934490e-05 1.8409904680e-05
3.9855957031e+01 2.8154084924e-05 9.9610052210e-06 1.8193079703e-05
3.9916992188e+01 2.7836971580e-05 9.8455518873e-06 1.7991419693e-05
3.9978027344e+01 2.7538466837e-05 9.7300900366e-06 1.7808376800e-05
4.0039062500e+01 2.7257829499e-05 9.6222001314e-06 1.7635629368e-05
4.0100097656e+01 2.6985700825e-05 9.5230760396e-06 1.7462624786e-05
4.0161132812e+01 2.6709613076e-05 9.4267827748e-06 1.7282830301e-05
4.0222167969e+01 2.6419188149e-05 9.3247865423e-06 1.7094401606e-05
4.0283203125e+01 2.6112663421e-05 9.2135399076e-06 1.6899123513e-05
4.0344238281e+01 2.5801221350e-05 9.0999851827e-06 1.6701236167e-05
4.0405273438e+01 2.5505597196e-05 8.9968278189e-06 1.6508769377e-05
4.0466308594e+01 2.5244110961e-05 8.9108417113e-06 1.6333269250e-05
4.0527343750e+01 2.5019244535e-05 8.8380152721e-06 1.6181229263e-05
4.0588378906e+01 2.4816514601e-05 8.7696184154e-06 1.6046896185e-05
4.0649414062e+01 2.4617440923e-05 8.6996757904e-06 1.5917765132e-05
4.0710449219e+01 2.4411218653e-05 8.6266909265e-06 1.5784527726e-05
4.0771484375e+01 2.4197652016e-05 8.5517982417e-06 1.5645853774e-05
4.0832519531e+01 2.3985975656e-05 8.4770404025e-06 1.5508935253e-05
4.0893554688e+01 2.3788463134e-05 8.4040482451e-06 1.5384414889e-05
4.0954589844e+01 2.3610066803e-05 8.3331376058e-06 1.5276929197e-05
4.1015625000e+01 2.3444458967e-05 8.2637828941e-06 1.5180676073e-05
4.1076660156e+01 2.3280210035e-05 8.1960974551e-06 1.5084112580e-05
4.1137695312e+01 2.3110289514e-05 8.1312786074e-06 1.4979010906e-05
4.1198730469e+01 2.2936471112e-05 8.0699072715e-06 1.4866563841e-05
4.1259765625e+01 2.2766431584e-05 8.0105927873e-06 1.4755838797e-05
4.1320800781e+01 2.2606664205e-05 7.9514786154e-06 1.4655185589e-05
4.1381835938e+01 2.2455305309e-05 7.8922730279e-06 1.4563032281e-05
4.1442871094e+01 2.2306186718e-05 7.8344757227e-06 1.4471710996e-05
4.1503906250e+01 2.2164367382e-05 7.7805532706e-06 1.4383814111e-05
4.1564941406e+01 2.2044626561e-05 7.7316657536e-06 1.4312960807e-05
4.1625976562e+01 2.1946660094e-05 7.6845593421e-06 1.4262100752e-05
4.1687011719e+01 2.1849175872e-05 7.6332754132e-06 1.4215900459e-05
4.1748046875e+01 2.1738671492e-05 7.5768165714e-06 1.4161854921e-05
4.1809082031e+01 2.1624204037e-05 7.5205233538e-06 1.4103680683e-05
4.1870117188e+01 2.1512763023e-05 7.4665422067e-06 1.4046220816e-05
4.1931152344e+01 2.1394856313e-05 7.4112948749e-06 1.3983561438e-05
4.1992187500e+01 2.1268572881e-05 7.3565308166e-06 1.3912042064e-05
4.2053222656e+01 2.1152138629e-05 7.3119092893e-06 1.3840229339e-05
4.2114257812e+01 2.1058612886e-05 7.2814245483e-06 1.3777188338e-05
4.2175292969e+01 2.0979042388e-05 7.2565585906e-06 1.3722483797e-05
4.2236328125e+01 2.0897323473e-05 7.2259241206e-06 1.3671399352e-05
4.2297363281e+01 2.0806118931e-05 7.1850305680e-06 1.3621088363e-05
4.2358398438e+01 2.0705818053e-05 7.1358329965e-06 1.3569985057e-05
4.2419433594e+01 2.0596410733e-05 7.0817849759e-06 1.3514625757e-05
4.2480468750e+01 2.0473621745e-05 7.0248571074e-06 1.3448764638e-05
4.2541503906e+01 2.0333033015e-05 6.9645482101e-06 1.3368484805e-05
4.2602539062e+01 2.0175156335e-05 6.8980207120e-06 1.3277135623e-05
4.2663574219e+01 2.0003859332e-05 6.8232625238e-06 1.3180596809e-05
4.2724609375e+01 1.9823078409e-05 6.7431398512e-06 1.3079938558e-05
4.2785644531e+01 1.9636037551e-05 6.6636095000e-06 1.2972428051e-05
4.2846679688e+01 1.9443858715e-05 6.5874670675e-06 1.2856391647e-05
4.2907714844e+01 1.9248458892e-05 6.5137431483e-06 1.2734715744e-05
4.2968750000e+01 1.9062955936e-05 6.4441171775e-06 1.2618838759e-05
4.3029785156e+01 1.8909747080e-05 6.3847046788e-06 1.2525042401e-05
4.3090820312e+01 1.8794236731e-05 6.3382033138e-06 1.2456033418e-05
4.3151855469e+01 1.8686252197e-05 6.2971157874e-06 1.2389136409e-05
4.3212890625e+01 1.8543340267e-05 6.2485262302e-06 1.2294814037e-05
4.3273925781e+01 1.8354694517e-05 6.1862578600e-06 1.2168436657e-05
4.3334960938e+01 1.8150337862e-05 6.1155578723e-06 1.2034779990e-05
4.3395996094e+01 1.7961037422e-05 6.0436450647e-06 1.1917392357e-05
4.3457031250e+01 1.7785060205e-05 5.9703536174e-06 1.1814706588e-05
4.3518066406e+01 1.7607805169e-05 5.8933361066e-06 1.1714469063e-05
4.3579101562e+01 1.7435988490e-05 5.8176578245e-06 1.1618330665e-05
4.3640136719e+01 1.7291322043e-05 5.7528032982e-06 1.1538518745e-05
4.3701171875e+01 1.7178665189e-05 5.7018593503e-06 1.1476805839e-05
4.3762207031e+01 1.7076853655e-05 5.6586605824e-06 1.1418193073e-05
4.3823242188e+01 1.6958094315e-05 5.6135637090e-06 1.1344530606e-05
4.3884277344e+01 1.6806854750e-05 5.5586000040e-06 1.1248254746e-05
4.3945312500e+01 1.6622682737e-05 5.4900932214e-06 1.1132589516e-05
4.4006347656e+01 1.6414490342e-05 5.4102777679e-06 1.1004212574e-05
4.4067382812e+01 1.6197652879e-05 5.3268156201e-06 1.0870837259e-05
4.4128417969e+01 1.5991695676e-05 5.2492273621e-06 1.0742468314e-05
4.4189453125e+01 1.5811967112e-05 5.1835835438e-06 1.0628383568e-05
4.4250488281e+01 1.5660816030e-05 5.1292357335e-06 1.0531580297e-05
4.4311523438e+01 1.5526656828e-05 5.0799977268e-06 1.0446659101e-05
4.4372558594e+01 1.5391321519e-05 5.0280962111e-06 1.0363225308e-05
4.4433593750e+01 1.5240238131e-05 4.9684765326e-06 1.0271761598e-05
4.4494628906e+01 1.5071537932e-05 4.9024621970e-06 1.0169075735e-05
4.4555664062e+01 1.4899251816e-05 4.8375273799e-06 1.0061724436e-05
4.4616699219e+01 1.4740899900e-05 4.7802094799e-06 9.9606904198e-06
4.4677734375e+01 1.4596914682e-05 4.7287809897e-06 9.8681336926e-06
4.4738769531e+01 1.4450270460e-05 4.6758633254e-06 9.7744071350e-06
4.4799804688e+01 1.4291753817e-05 4.6179654459e-06 9.6737883709e-06
4.4860839844e+01 1.4135050125e-05 4.5589370603e-06 9.5761130647e-06
4.4921875000e+01 1.3996515671e-05 4.5035645249e-06 9.4929511461e-06
4.4982910156e+01 1.3870648978e-05 4.4515188358e-06 9.4191301423e-06
4.5043945312e+01 1.3741512009e-05 4.4001805753e-06 9.3413314338e-06
4.5104980469e+01 1.3609597241e-05 4.3504214064e-06 9.2591758343e-06
4.5166015625e+01 1.3487438009e-05 4.3052781551e-06 9.1821598539e-06
4.5227050781e+01 1.3373398663e-05 4.2643819959e-06 9.1090166673e-06
4.5288085938e+01 1.3249858656e-05 4.2236501600e-06 9.0262084958e-06
4.5349121094e+01 1.3106239931e-05 4.1794455534e-06 8.9267943781e-06
4.5410156250e+01 1.2948940111e-05 4.1305150104e-06 8.8184251011e-06
4.5471191406e+01 1.2790273800e-05 4.0775479930e-06 8.7127258069e-06
4.5532226562e+01 1.2639563043e-05 4.0232271743e-06 8.6163358684e-06
4.5593261719e+01 1.2504645983e-05 3.9718438167e-06 8.5328021660e-06
4.5654296875e+01 1.2390292192e-05 3.9267129047e-06 8.4635792872e-06
4.5715332031e+01 1.2290605960e-05 3.8875818243e-06 8.4030241355e-06
4.5776367188e+01 1.2190692615e-05 3.8512610478e-06 8.3394315676e-06
4.5837402344e+01 1.2079625554e-05 3.8142467819e-06 8.2653787717e-06
4.5898437500e+01 1.1956735006e-05 3.7740790423e-06 8.1826559640e-06
4.5959472656e+01 1.1823853700e-05 3.7290110645e-06 8.0948426357e-06
4.6020507812e+01 1.1679214243e-05 3.6782011496e-06 8.0010130937e-06
4.6081542969e+01 1.1523871701e-05 3.6234747476e-06 7.9003969535e-06
4.6142578125e+01 1.1365330231e-05 3.5691632709e-06 7.7961669597e-06
4.6203613281e+01 1.1207757524e-05 3.5180247284e-06 7.6897327956e-06
4.6264648438e+01 1.1047015796e-05 3.4689167249e-06 7.5780990712e-06
4.6325683594e+01 1.0879740014e-05 3.4195643697e-06 7.4601756443e-06
4.6386718750e+01 1.0709118764e-05 3.3692897716e-06 7.3398289928e-06
4.6447753906e+01 1.0542016609e-05 3.3189226112e-06 7.2230939973e-06
4.6508789062e+01 1.0386407543e-05 3.2701466323e-06 7.1162609112e-06
4.6569824219e+01 1.0246747396e-05 3.2244040290e-06 7.0223433674e-06
4.6630859375e+01 1.0118385384e-05 3.1814206909e-06 6.9369646926e-06
4.6691894531e+01 9.9913843036e-06 3.1394432681e-06 6.8519410354e-06
4.6752929688e+01 9.8591696121e-06 3.0967273625e-06 6.7624422496e-06
4.6813964844e+01 9.7208351300e-06 3.0525439872e-06 6.6682911428e-06
4.6875000000e+01 9.5791539729e-06 3.0073964471e-06 6.5717575258e-06
4.6936035156e+01 9.4366838209e-06 2.9617290903e-06 6.4749547306e-06
4.6997070312e+01 9.2905596502e-06 2.9143017989e-06 6.3762578513e-06
4.7058105469e+01 9.1352767743e-06 2.8635868674e-06 6.2716899069e-06
4.7119140625e+01 8.9733715401e-06 2.8109577814e-06 6.1624137587e-06
4.7180175781e+01 8.8173652741e-06 2.7608309069e-06 6.0565343673e-06
4.7241210938e+01 8.6789679261e-06 2.7173597662e-06 5.9616081599e-06
4.7302246094e+01 8.5605888027e-06 2.6814567926e-06 5.8791320101e-06
4.7363281250e+01 8.4561640170e-06 2.6503791289e-06 5.8057848881e-06
4.7424316406e+01 8.3552122205e-06 2.6195837881e-06 5.7356284324e-06
4.7485351562e+01 8.2477743044e-06 2.5857323028e-06 5.6620420016e-06
4.7546386719e+01 8.1311620674e-06 2.5489658376e-06 5.5821962298e-06
4.7607421875e+01 8.0132490689e-06 2.5124966345e-06 5.5007524345e-06
4.7668457031e+01 7.9069438235e-06 2.4800105192e-06 5.4269333043e-06
4.7729492188e+01 7.8187781904e-06 2.4530311034e-06 5.3657470870e-06
4.7790527344e+01 7.7419480644e-06 2.4295958941e-06 5.3123521703e-06
4.7851562500e+01 7.6635421761e-06 2.4056158510e-06 5.2579263252e-06
4.7912597656e+01 7.5787440205e-06 2.3785993814e-06 5.2001446391e-06
4.7973632812e+01 7.4936785909e-06 2.3497402674e-06 5.1439383236e-06
4.8034667969e+01 7.4164252510e-06 2.3221692185e-06 5.0942560325e-06
4.8095703125e+01 7.3491891762e-06 2.2978040339e-06 5.0513851423e-06
4.8156738281e+01 7.2854299055e-06 2.2754253947e-06 5.0100045107e-06
4.8217773438e+01 7.2136644015e-06 2.2516033443e-06 4.9620610571e-06
4.8278808594e+01 7.1294294459e-06 2.2245330176e-06 4.9048964283e-06
4.8339843750e+01 7.0419036090e-06 2.1964834734e-06 4.8454201356e-06
4.8400878906e+01 6.9629436100e-06 2.1708744835e-06 4.7920691265e-06
4.8461914062e+01 6.8928868346e-06 2.1478071795e-06 4.7450796551e-06
4.8522949219e+01 6.8237917568e-06 2.1247867458e-06 4.6990050110e-06
4.8583984375e+01 6.7529285546e-06 2.1010657323e-06 4.6518628223e-06
4.8645019531e+01 6.6855132801e-06 2.0785427044e-06 4.6069705757e-06
4.8706054688e+01 6.6252055167e-06 2.0585695817e-06 4.5666359350e-06
4.8767089844e+01 6.5665553758e-06 2.0397731154e-06 4.5267822604e-06
4.8828125000e+01 6.4989240735e-06 2.0191418062e-06 4.4797822673e-06
4.8889160156e+01 6.4186247411e-06 1.9949616041e-06 4.4236631371e-06
4.8950195312e+01 6.3349172942e-06 1.9689585266e-06 4.3659587676e-06
4.9011230469e+01 6.2615243501e-06 1.9451057625e-06 4.3164185876e-06
4.9072265625e+01 6.2045780625e-06 1.9259804203e-06 4.2785976422e-06
4.9133300781e+01 6.1601830686e-06 1.9107566424e-06 4.2494264262e-06
4.9194335938e+01 6.1203468906e-06 1.8968460269e-06 4.2235008637e-06
4.9255371094e+01 6.0785973281e-06 1.8823859562e-06 4.1962113720e-06
4.9316406250e+01 6.0306426060e-06 1.8663020113e-06 4.1643405947e-06
4.9377441406e+01 5.9740809162e-06 1.8476960809e-06 4.1263848353e-06
4.9438476562e+01 5.9105993738e-06 1.8269292691e-06 4.0836701046e-06
4.9499511719e+01 5.8453606366e-06 1.8059366013e-06 4.0394240353e-06
4.9560546875e+01 5.7823423528e-06 1.7862830926e-06 3.9960592602e-06
4.9621582031e+01 5.7224155306e-06 1.7678974604e-06 3.9545180701e-06
4.9682617188e+01 5.6647063263e-06 1.7500750895e-06 3.9146312368e-06
4.9743652344e+01 5.6071369982e-06 1.7327112748e-06 3.8744257234e-06
4.9804687500e+01 5.5472913070e-06 1.7158737774e-06 3.8314175296e-06
4.9865722656e+01 5.4847767960e-06 1.6988304344e-06 3.7859463616e-06
4.9926757812e+01 5.4218665898e-06 1.6806762004e-06 3.7411903894e-06
4.9987792969e+01 5.3614475832e-06 1.6617752616e-06 3.6996723216e-06
5.0048828125e+01 5.3049819951e-06 1.6434651136e-06 3.6615168815e-06
5.0109863281e+01 5.2512612803e-06 1.6261910407e-06 3.6250702396e-06
5.0170898438e+01 5.1966388293e-06 1.6089254494e-06 3.5877133799e-06
5.0231933594e+01 5.1391934103e-06 1.5909288523e-06 3.5482645580e-06
5.0292968750e+01 5.0829570809e-06 1.5733370727e-06 3.5096200082e-06
5.0354003906e+01 5.0343956482e-06 1.5580603353e-06 3.4763353130e-06
5.0415039062e+01 4.9944927795e-06 1.5452898659e-06 3.4492029136e-06
5.0476074219e+01 4.9577537631e-06 1.5331368691e-06 3.4246168939e-06
5.0537109375e+01 4.9190289997e-06 1.5198377001e-06 3.3991912996e-06
5.0598144531e+01 4.8781510787e-06 1.5053747723e-06 3.3727763064e-06
5.0659179688e+01 4.8372313954e-06 1.4907950156e-06 3.3464363798e-06
5.0720214844e+01 4.7958981009e-06 1.4766094690e-06 3.3192886320e-06
5.0781250000e+01 4.7513304618e-06 1.4621975431e-06 3.2891329188e-06
5.0842285156e+01 4.7023055684e-06 1.4467208223e-06 3.2555847461e-06
5.0903320312e+01 4.6505523755e-06 1.4302470420e-06 3.2203053335e-06
5.0964355469e+01 4.5978031858e-06 1.4136889149e-06 3.1841142709e-06
5.1025390625e+01 4.5445169009e-06 1.3980753103e-06 3.1464415906e-06
5.1086425781e+01 4.4923545631e-06 1.3841345831e-06 3.1082199800e-06
5.1147460938e+01 4.4446191959e-06 1.3718765010e-06 3.0727426948e-06
5.1208496094e+01 4.4027205464e-06 1.3602852686e-06 3.0424352779e-06
5.1269531250e+01 4.3646769887e-06 1.3481010728e-06 3.0165759159e-06
5.1330566406e+01 4.3282096602e-06 1.3352069729e-06 2.9930026873e-06
5.1391601562e+01 4.2928503979e-06 1.3225908165e-06 2.9702595814e-06
5.1452636719e+01 4.2584237854e-06 1.3108345175e-06 2.9475892679e-06
5.1513671875e+01 4.2251024733e-06 1.2998614363e-06 2.9252410370e-06
5.1574707031e+01 4.1954378410e-06 1.2901054898e-06 2.9053323512e-06
5.1635742188e+01 4.1715096400e-06 1.2819725730e-06 2.8895370670e-06
5.1696777344e+01 4.1496745447e-06 1.2741822484e-06 2.8754922963e-06
5.1757812500e+01 4.1235781601e-06 1.2648355800e-06 2.8587425801e-06
5.1818847656e+01 4.0926753114e-06 1.2541098581e-06 2.8385654532e-06
5.1879882812e+01 4.0627319753e-06 1.2440468020e-06 2.8186851733e-06
5.1940917969e+01 4.0378176018e-06 1.2358080221e-06 2.8020095797e-06
5.2001953125e+01 4.0158610001e-06 1.2285350154e-06 2.7873259847e-06
5.2062988281e+01 3.9920611161e-06 1.2207284662e-06 2.7713326499e-06
5.2124023438e+01 3.9634133274e-06 1.2115744668e-06 2.7518388607e-06
5.2185058594e+01 3.9294018949e-06 1.2008954666e-06 2.7285064282e-06
5.2246093750e+01 3.8909260027e-06 1.1888235110e-06 2.7021024918e-06
5.2307128906e+01 3.8505376551e-06 1.1759707400e-06 2.6745669151e-06
5.2368164062e+01 3.8124840196e-06 1.1634126350e-06 2.6490713846e-06
5.2429199219e+01 3.7799946569e-06 1.1519959260e-06 2.6279987309e-06
5.2490234375e+01 3.7525447388e-06 1.1417254613e-06 2.6108192775e-06
5.2551269531e+01 3.7267496794e-06 1.1319352292e-06 2.5948144502e-06
5.2612304688e+01 3.6995383869e-06 1.1219748104e-06 2.5775635765e-06
5.2673339844e+01 3.6706701007e-06 1.1118809720e-06 2.5587891287e-06
5.2734375000e+01 3.6424461363e-06 1.1023524982e-06 2.5400936381e-06
5.2795410156e+01 3.6170742617e-06 1.0939856105e-06 2.5230886512e-06
5.2856445312e+01 3.5954453472e-06 1.0869194584e-06 2.5085258889e-06
5.2917480469e+01 3.5772645718e-06 1.0809695899e-06 2.4962949818e-06
5.2978515625e+01 3.5599234617e-06 1.0753487280e-06 2.4845747337e-06
5.3039550781e+01 3.5392045188e-06 1.0687810016e-06 2.4704235172e-06
5.3100585938e+01 3.5136857345e-06 1.0607390126e-06 2.4529467219e-06
5.3161621094e+01 3.4868389051e-06 1.0521239164e-06 2.4347149887e-06
5.3222656250e+01 3.4635236571e-06 1.0443217488e-06 2.4192019082e-06
5.3283691406e+01 3.4454866335e-06 1.0378827847e-06 2.4076038488e-06
5.3344726562e+01 3.4305718287e-06 1.0322081563e-06 2.3983636724e-06
5.3405761719e+01 3.4156332089e-06 1.0264426629e-06 2.3891905459e-06
5.3466796875e+01 3.3993620727e-06 1.0203942125e-06 2.3789678602e-06
5.3527832031e+01 3.3822580414e-06 1.0143864457e-06 2.3678715957e-06
5.3588867188e+01 3.3652804632e-06 1.0086693108e-06 2.3566111524e-06
5.3649902344e+01 3.3493594802e-06 1.0032682897e-06 2.3460911905e-06
5.3710937500e+01 3.3356702876e-06 9.9820346891e-07 2.3374668187e-06
5.3771972656e+01 3.3254643829e-06 9.9370692775e-07 2.3317574552e-06
5.3833007812e+01 3.3186343167e-06 9.9000265524e-07 2.3286316615e-06
5.3894042969e+01 3.3127354431e-06 9.8690711247e-07 2.3258283306e-06
5.3955078125e+01 3.3051201329e-06 9.8403641423e-07 2.3210837186e-06
5.4016113281e+01 3.2958889104e-06 9.8121346126e-07 2.3146754491e-06
5.4077148438e+01 3.2872025543e-06 9.7833094739e-07 2.3088716069e-06
5.4138183594e+01 3.2805112532e-06 9.7521279394e-07 2.3052984593e-06
5.4199218750e+01 3.2758762321e-06 9.7192994415e-07 2.3039462880e-06
5.4260253906e+01 3.2727417128e-06 9.6889724651e-07 2.3038444663e-06
5.4321289062e+01 3.2701383696e-06 9.6642013500e-07 2.3037182346e-06
5.4382324219e+01 3.2672397246e-06 9.6439294317e-07 2.3028467815e-06
5.4443359375e+01 3.2642378042e-06 9.6257259400e-07 2.3016652102e-06
5.4504394531e+01 3.2614733604e-06 9.6079917970e-07 2.3006741807e-06
5.4565429688e+01 3.2576520405e-06 9.5869092865e-07 2.2989611119e-06
5.4626464844e+01 3.2502588764e-06 9.5549857931e-07 2.2947602971e-06
5.4687500000e+01 3.2378342800e-06 9.5065869738e-07 2.2871755826e-06
5.4748535156e+01 3.2209311044e-06 9.4432469123e-07 2.2766064132e-06
5.4809570312e+01 3.2014042282e-06 9.3724633753e-07 2.2641578907e-06
5.4870605469e+01 3.1822145115e-06 9.3046085343e-07 2.2517536581e-06
5.4931640625e+01 3.1670868745e-06 9.2504326761e-07 2.2420436069e-06
5.4992675781e+01 3.1578280943e-06 9.2147202897e-07 2.2363560654e-06
5.5053710938e+01 3.1518461542e-06 9.1902584823e-07 2.2328203060e-06
5.5114746094e+01 3.1443366197e-06 9.1634605870e-07 2.2279905610e-06
5.5175781250e+01 3.1323202352e-06 9.1257257712e-07 2.2197476581e-06
5.5236816406e+01 3.1149238934e-06 9.0744811070e-07 2.2074757827e-06
5.5297851562e+01 3.0927502382e-06 9.0103370454e-07 2.1917165336e-06
5.5358886719e+01 3.0694874701e-06 8.9406975386e-07 2.1754177162e-06
5.5419921875e+01 3.0504531623e-06 8.8770979429e-07 2.1627433680e-06
5.5480957031e+01 3.0371130414e-06 8.8234881777e-07 2.1547642237e-06
5.5541992188e+01 3.0256672546e-06 8.7746078782e-07 2.1482064668e-06
5.5603027344e+01 3.0121155594e-06 8.7265687542e-07 2.1394586840e-06
5.5664062500e+01 2.9963349454e-06 8.6808542489e-07 2.1282495205e-06
5.5725097656e+01 2.9806417925e-06 8.6381018313e-07 2.1168316093e-06
5.5786132812e+01 2.9669467525e-06 8.5966629418e-07 2.1072804583e-06
5.5847167969e+01 2.9560829089e-06 8.5574907365e-07 2.1003338353e-06
5.5908203125e+01 2.9476052185e-06 8.5219895292e-07 2.0954062656e-06
5.5969238281e+01 2.9392567035e-06 8.4849461577e-07 2.0907620877e-06
5.6030273438e+01 2.9280646308e-06 8.4376034037e-07 2.0843042905e-06
5.6091308594e+01 2.9132879746e-06 8.3795768274e-07 2.0753302919e-06
5.6152343750e+01 2.8977714301e-06 8.3222386519e-07 2.0655475649e-06
5.6213378906e+01 2.8848512739e-06 8.2774506346e-07 2.0571062104e-06
5.6274414062e+01 2.8746648178e-06 8.2464029186e-07 2.0500245260e-06
5.6335449219e+01 2.8649860412e-06 8.2208980108e-07 2.0428962401e-06
5.6396484375e+01 2.8541245793e-06 8.1919053092e-07 2.0349340484e-06
5.6457519531e+01 2.8417419753e-06 8.1562557538e-07 2.0261163999e-06
5.6518554688e+01 2.8282179818e-06 8.1167238266e-07 2.0165455991e-06
5.6579589844e+01 2.8141759728e-06 8.0764857972e-07 2.0065273931e-06
5.6640625000e+01 2.8005276182e-06 8.0367910174e-07 1.9968485165e-06
5.6701660156e+01 2.7884734373e-06 8.0002267495e-07 1.9884507623e-06
5.6762695312e+01 2.7787724979e-06 7.9704930879e-07 1.9817231892e-06
5.6823730469e+01 2.7711973126e-06 7.9473691900e-07 1.9764603936e-06
5.6884765625e+01 2.7650881916e-06 7.9263479907e-07 1.9724533925e-06
5.6945800781e+01 2.7595323319e-06 7.9028633671e-07 1.9692459952e-06
5.7006835938e+01 2.7526367756e-06 7.8727091726e-07 1.9653658583e-06
5.7067871094e+01 2.7428927874e-06 7.8333073402e-07 1.9595620534e-06
5.7128906250e+01 2.7315700034e-06 7.7892593871e-07 1.9526440647e-06
5.7189941406e+01 2.7211289412e-06 7.7497077908e-07 1.9461581621e-06
5.7250976562e+01 2.7119956587e-06 7.7183230217e-07 1.9401633565e-06
5.7312011719e+01 2.7029164759e-06 7.6915187678e-07 1.9337645991e-06
5.7373046875e+01 2.6929423337e-06 7.6643021805e-07 1.9265121157e-06
5.7434082031e+01 2.6817325156e-06 7.6333977902e-07 1.9183927366e-06
5.7495117188e+01 2.6692469675e-06 7.5975625995e-07 1.9094907075e-06
5.7556152344e+01 2.6558311948e-06 7.5573977845e-07 1.9000914163e-06
5.7617187500e+01 2.6414475114e-06 7.5126609119e-07 1.8901814203e-06
5.7678222656e+01 2.6246132412e-06 7.4599735419e-07 1.8786158870e-06
5.7739257812e+01 2.6036685595e-06 7.3966234774e-07 1.8640062117e-06
5.7800292969e+01 2.5797292118e-06 7.3270379722e-07 1.8470254146e-06
5.7861328125e+01 2.5569981833e-06 7.2619032279e-07 1.8308078605e-06
5.7922363281e+01 2.5390447708e-06 7.2085877896e-07 1.8181859919e-06
5.7983398438e+01 2.5256816144e-06 7.1650699061e-07 1.8091746238e-06
5.8044433594e+01 2.5142546613e-06 7.1250102025e-07 1.8017536410e-06
5.8105468750e+01 2.5024888148e-06 7.0843656573e-07 1.7940522491e-06
5.8166503906e+01 2.4891200311e-06 7.0408969307e-07 1.7850303380e-06
5.8227539062e+01 2.4735453188e-06 6.9926549282e-07 1.7742798260e-06
5.8288574219e+01 2.4564273726e-06 6.9403893331e-07 1.7623884393e-06
5.8349609375e+01 2.4399391286e-06 6.8886810025e-07 1.7510710283e-06
5.8410644531e+01 2.4260592447e-06 6.8419919303e-07 1.7418600517e-06
5.8471679688e+01 2.4138879414e-06 6.7986119703e-07 1.7340267444e-06
5.8532714844e+01 2.3993954010e-06 6.7500881004e-07 1.7243865910e-06
5.8593750000e+01 2.3792891265e-06 6.6900773435e-07 1.7102813921e-06
5.8654785156e+01 2.3546087672e-06 6.6222238203e-07 1.6923863852e-06
5.8715820312e+01 2.3293327490e-06 6.5556642259e-07 1.6737663264e-06
5.8776855469e+01 2.3060575680e-06 6.4945548773e-07 1.6566020802e-06
5.8837890625e+01 2.2839012550e-06 6.4348840540e-07 1.6404128496e-06
5.8898925781e+01 2.2607299164e-06 6.3718658215e-07 1.6235433342e-06
5.8959960938e+01 2.2365970473e-06 6.3082883351e-07 1.6057682138e-06
5.9020996094e+01 2.2133421633e-06 6.2506968124e-07 1.5882724820e-06
5.9082031250e+01 2.1914546993e-06 6.1987520292e-07 1.5715794964e-06
5.9143066406e+01 2.1697971136e-06 6.1459301296e-07 1.5552041007e-06
5.9204101562e+01 2.1478435104e-06 6.0892121792e-07 1.5389222925e-06
5.9265136719e+01 2.1260326917e-06 6.0310005802e-07 1.5229326337e-06
5.9326171875e+01 2.1044175312e-06 5.9731945575e-07 1.5070980755e-06
5.9387207031e+01 2.0825555469e-06 5.9150869766e-07 1.4910468493e-06
5.9448242188e+01 2.0606380938e-06 5.8564896472e-07 1.4749891291e-06
5.9509277344e+01 2.0394735827e-06 5.7981582349e-07 1.4596577592e-06
5.9570312500e+01 2.0191123180e-06 5.7389303611e-07 1.4452192819e-06
5.9631347656e+01 1.9987277167e-06 5.6771161832e-07 1.4310160984e-06
5.9692382812e+01 1.9780083037e-06 5.6143849001e-07 1.4165698137e-06
5.9753417969e+01 1.9576292347e-06 5.5546835551e-07 1.4021608792e-06
5.9814453125e+01 1.9384084581e-06 5.5001549608e-07 1.3883929620e-06
5.9875488281e+01 1.9202679412e-06 5.4486719419e-07 1.3754007470e-06
5.9936523438e+01 1.9019206979e-06 5.3946708308e-07 1.3624536148e-06
5.9997558594e+01 1.8821206967e-06 5.3343935812e-07 1.3486813386e-06
6.0058593750e+01 1.8613691769e-06 5.2709545875e-07 1.3342737181e-06
6.0119628906e+01 1.8417199068e-06 5.2124444432e-07 1.3204754625e-06
6.0180664062e+01 1.8248048931e-06 5.1647270580e-07 1.3083321873e-06
6.0241699219e+01 1.8104410815e-06 5.1266941298e-07 1.2977716685e-06
6.0302734375e+01 1.7972120029e-06 5.0926603130e-07 1.2879459716e-06
6.0363769531e+01 1.7838132132e-06 5.0578173247e-07 1.2780314807e-06
6.0424804688e+01 1.7694245029e-06 5.0198405949e-07 1.2674404434e-06
6.0485839844e+01 1.7537824890e-06 4.9781061498e-07 1.2559718740e-06
6.0546875000e+01 1.7376668505e-06 4.9342189707e-07 1.2442449534e-06
6.0607910156e+01 1.7225651179e-06 4.8915347753e-07 1.2334116404e-06
6.0668945312e+01 1.7094892257e-06 4.8527864110e-07 1.2242105846e-06
6.0729980469e+01 1.6982951951e-06 4.8185913311e-07 1.2164360620e-06
6.0791015625e+01 1.6880269886e-06 4.7879005715e-07 1.2092369314e-06
6.0852050781e+01 1.6780738872e-06 4.7595846317e-07 1.2021154240e-06
6.0913085938e+01 1.6687466131e-06 4.7330360331e-07 1.1954430098e-06
6.0974121094e+01 1.6604029367e-06 4.7073155925e-07 1.1896713775e-06
6.1035156250e+01 1.6527538617e-06 4.6812540094e-07 1.1846284608e-06
6.1096191406e+01 1.6451513053e-06 4.6542939671e-07 1.1797219085e-06
6.1157226562e+01 1.6367754673e-06 4.6259098076e-07 1.1741844865e-06
6.1218261719e+01 1.6269133294e-06 4.5949591441e-07 1.1674174150e-06
6.1279296875e+01 1.6157132097e-06 4.5610073337e-07 1.1596124763e-06
6.1340332031e+01 1.6041101680e-06 4.5253613005e-07 1.1515740380e-06
6.1401367188e+01 1.5928373950e-06 4.4898206860e-07 1.1438553264e-06
6.1462402344e+01 1.5818758755e-06 4.4549607182e-07 1.1363798037e-06
6.1523437500e+01 1.5706668620e-06 4.4200483614e-07 1.1286620259e-06
6.1584472656e+01 1.5587705466e-06 4.3845472679e-07 1.1203158199e-06
6.1645507812e+01 1.5461017718e-06 4.3483040321e-07 1.1112713686e-06
6.1706542969e+01 1.5326179512e-06 4.3104523764e-07 1.1015727136e-06
6.1767578125e+01 1.5187649047e-06 4.2712251562e-07 1.0916423891e-06
6.1828613281e+01 1.5059113812e-06 4.2338914512e-07 1.0825222361e-06
6.1889648438e+01 1.4951782994e-06 4.2017244228e-07 1.0750058571e-06
6.1950683594e+01 1.4861911712e-06 4.1744459660e-07 1.0687465746e-06
6.2011718750e+01 1.4775720948e-06 4.1493499115e-07 1.0626371036e-06
6.2072753906e+01 1.4684227959e-06 4.1249162321e-07 1.0559311727e-06
6.2133789062e+01 1.4591086102e-06 4.1023598164e-07 1.0488726286e-06
6.2194824219e+01 1.4503106144e-06 4.0827664357e-07 1.0420339708e-06
6.2255859375e+01 1.4414919891e-06 4.0632153174e-07 1.0351704573e-06
6.2316894531e+01 1.4312716997e-06 4.0384831940e-07 1.0274233803e-06
6.2377929688e+01 1.4192762318e-06 4.0069213929e-07 1.0185840925e-06
6.2438964844e+01 1.4065382561e-06 3.9717108485e-07 1.0093671713e-06
6.2500000000e+01 1.3940802815e-06 3.9360087101e-07 1.0004794105e-06
6.2561035156e+01 1.3821212952e-06 3.9001555968e-07 9.9210573551e-07
6.2622070312e+01 1.3707966961e-06 3.8645214179e-07 9.8434455431e-07
6.2683105469e+01 1.3607508813e-06 3.8321473040e-07 9.7753615088e-07
6.2744140625e+01 1.3527643880e-06 3.8071888410e-07 9.7204550386e-07
6.2805175781e+01 1.3471235223e-06 3.7913986785e-07 9.6798365441e-07
6.2866210938e+01 1.3430172231e-06 3.7814569526e-07 9.6487152786e-07
6.2927246094e+01 1.3386473106e-06 3.7701878336e-07 9.6162852722e-07
6.2988281250e+01 1.3327148539e-06 3.7523890132e-07 9.5747595259e-07
6.3049316406e+01 1.3255307779e-06 3.7289131937e-07 9.5263945848e-07
6.3110351562e+01 1.3182315840e-06 3.7042889249e-07 9.4780269148e-07
6.3171386719e+01 1.3112352042e-06 3.6811519500e-07 9.4312000924e-07
6.3232421875e+01 1.3035892971e-06 3.6570887279e-07 9.3788042430e-07
6.3293457031e+01 1.2940555187e-06 3.6276774102e-07 9.3128777772e-07
6.3354492188e+01 1.2827066915e-06 3.5922983529e-07 9.2347685618e-07
6.3415527344e+01 1.2708820942e-06 3.5551402850e-07 9.1536806567e-07
6.3476562500e+01 1.2601398112e-06 3.5217796851e-07 9.0796184272e-07
6.3537597656e+01 1.2515167983e-06 3.4955740647e-07 9.0195939180e-07
6.3598632812e+01 1.2449336870e-06 3.4756275136e-07 8.9737093559e-07
6.3659667969e+01 1.2393660590e-06 3.4585227449e-07 8.9351378447e-07
6.3720703125e+01 1.2338049471e-06 3.4417291866e-07 8.8963202840e-07
6.3781738281e+01 1.2275384515e-06 3.4236573307e-07 8.8517271845e-07
6.3842773438e+01 1.2199129288e-06 3.4023006605e-07 8.7968286275e-07
6.3903808594e+01 1.2107020804e-06 3.3765873580e-07 8.7304334463e-07
6.3964843750e+01 1.2004022573e-06 3.3479237917e-07 8.6560987817e-07
6.4025878906e+01 1.1895504356e-06 3.3183973659e-07 8.5771069902e-07
6.4086914062e+01 1.1783009680e-06 3.2888641121e-07 8.4941455684e-07
6.4147949219e+01 1.1671043484e-06 3.2602587900e-07 8.4107846942e-07
6.4208984375e+01 1.1568844641e-06 3.2344154056e-07 8.3344292355e-07
6.4270019531e+01 1.1480932030e-06 3.2120318215e-07 8.2689002081e-07
6.4331054688e+01 1.1402244450e-06 3.1914941647e-07 8.2107502848e-07
6.4392089844e+01 1.1323534210e-06 3.1702321082e-07 8.1533021015e-07
6.4453125000e+01 1.1237137084e-06 3.1461242026e-07 8.0910128811e-07
6.4514160156e+01 1.1139373015e-06 3.1183773746e-07 8.0209956405e-07
6.4575195312e+01 1.1033999478e-06 3.0887621387e-07 7.9452373391e-07
6.4636230469e+01 1.0933413367e-06 3.0611283858e-07 7.8722849810e-07
6.4697265625e+01 1.0850774787e-06 3.0382827790e-07 7.8124920082e-07
6.4758300781e+01 1.0791250825e-06 3.0203044888e-07 7.7709463357e-07
6.4819335938e+01 1.0752090162e-06 3.0061136496e-07 7.7459765123e-07
6.4880371094e+01 1.0725264067e-06 2.9946582811e-07 7.7306057859e-07
6.4941406250e+01 1.0699059786e-06 2.9842245110e-07 7.7148352755e-07
6.5002441406e+01 1.0663603497e-06 2.9725332127e-07 7.6910702840e-07
6.5063476562e+01 1.0616125876e-06 2.9582719543e-07 7.6578539218e-07
6.5124511719e+01 1.0558776052e-06 2.9415752682e-07 7.6172007839e-07
6.5185546875e+01 1.0494353047e-06 2.9231006095e-07 7.5712524375e-07
6.5246582031e+01 1.0427644122e-06 2.9040080773e-07 7.5236360444e-07
6.5307617188e+01 1.0367009499e-06 2.8864142446e-07 7.4805952542e-07
6.5368652344e+01 1.0318407625e-06 2.8716906219e-07 7.4467170028e-07
6.5429687500e+01 1.0278836237e-06 2.8582241478e-07 7.4206120888e-07
6.5490722656e+01 1.0239745670e-06 2.8427906518e-07 7.3969550186e-07
6.5551757812e+01 1.0195897601e-06 2.8243239701e-07 7.3715736311e-07
6.5612792969e+01 1.0147392633e-06 2.8046142399e-07 7.3427783931e-07
6.5673828125e+01 1.0093510891e-06 2.7851183304e-07 7.3083925602e-07
6.5734863281e+01 1.0030471953e-06 2.7653168452e-07 7.2651551075e-07
6.5795898438e+01 9.9595351955e-07 2.7452441676e-07 7.2142910279e-07
6.5856933594e+01 9.8914351653e-07 2.7271428305e-07 7.1642923349e-07
6.5917968750e+01 9.8361896867e-07 2.7127332223e-07 7.1234564644e-07
6.5979003906e+01 9.7930410767e-07 2.7007551433e-07 7.0922859334e-07
6.6040039062e+01 9.7538918614e-07 2.6886088129e-07 7.0652830485e-07
6.6101074219e+01 9.7114762493e-07 2.6750321704e-07 7.0364440789e-07
6.6162109375e+01 9.6629399008e-07 2.6604182536e-07 7.0025216471e-07
6.6223144531e+01 9.6106499092e-07 2.6456317979e-07 6.9650181113e-07
6.6284179688e+01 9.5603760384e-07 2.6311890569e-07 6.9291869815e-07
6.6345214844e+01 9.5150476356e-07 2.6169556657e-07 6.8980919699e-07
6.6406250000e+01 9.4710912690e-07 2.6023073605e-07 6.8687839084e-07
6.6467285156e+01 9.4231611591e-07 2.5868764923e-07 6.8362846668e-07
6.6528320312e+01 9.3698243317e-07 2.5710144290e-07 6.7988099027e-07
6.6589355469e+01 9.3130104528e-07 2.5552793814e-07 6.7577310714e-07
6.6650390625e+01 9.2553245817e-07 2.5399329447e-07 6.7153916371e-07
6.6711425781e+01 9.1992844913e-07 2.5250904864e-07 6.6741940049e-07
6.6772460938e+01 9.1449799475e-07 2.5102458730e-07 6.6347340745e-07
6.6833496094e+01 9.0854553253e-07 2.4932250013e-07 6.5922303240e-07
6.6894531250e+01 9.0084303132e-07 2.4711045794e-07 6.5373257338e-07
6.6955566406e+01 8.9092057279e-07 2.4434048805e-07 6.4658008474e-07
6.7016601562e+01 8.8001949932e-07 2.4137064038e-07 6.3864885894e-07
6.7077636719e+01 8.6993846306e-07 2.3866396249e-07 6.3127450057e-07
6.7138671875e+01 8.6110937513e-07 2.3634246250e-07 6.2476691263e-07
6.7199707031e+01 8.5274020040e-07 2.3420384590e-07 6.1853635450e-07
6.7260742188e+01 8.4446639091e-07 2.3211568424e-07 6.1235070667e-07
6.7321777344e+01 8.3679177699e-07 2.3015390974e-07 6.0663786725e-07
6.7382812500e+01 8.3024262054e-07 2.2842762227e-07 6.0181499827e-07
6.7443847656e+01 8.2490639627e-07 2.2698055013e-07 5.9792584614e-07
6.7504882812e+01 8.2047626090e-07 2.2578078388e-07 5.9469547702e-07
6.7565917969e+01 8.1623598030e-07 2.2466381857e-07 5.9157216172e-07
6.7626953125e+01 8.1123062159e-07 2.2334783153e-07 5.8788279006e-07
6.7687988281e+01 8.0487881702e-07 2.2162812420e-07 5.8325069282e-07
6.7749023438e+01 7.9763599461e-07 2.1960112418e-07 5.7803487043e-07
6.7810058594e+01 7.9080723662e-07 2.1761931250e-07 5.7318792412e-07
6.7871093750e+01 7.8533389111e-07 2.1595334077e-07 5.6938055034e-07
6.7932128906e+01 7.8086350116e-07 2.1453494833e-07 5.6632855282e-07
6.7993164062e+01 7.7612353438e-07 2.1305370785e-07 5.6306982653e-07
6.8054199219e+01 7.7017241574e-07 2.1129746209e-07 5.5887495366e-07
6.8115234375e+01 7.6333931501e-07 2.0937499709e-07 5.5396431791e-07
6.8176269531e+01 7.5683601991e-07 2.0755609309e-07 5.4927992681e-07
6.8237304688e+01 7.5152332898e-07 2.0596492538e-07 5.4555840360e-07
6.8298339844e+01 7.4748466672e-07 2.0457303958e-07 5.4291162714e-07
6.8359375000e+01 7.4457694497e-07 2.0339935264e-07 5.4117759233e-07
6.8420410156e+01 7.4258564682e-07 2.0247895460e-07 5.4010669221e-07
6.8481445312e+01 7.4081289225e-07 2.0166164707e-07 5.3915124518e-07
6.8542480469e+01 7.3816506386e-07 2.0064627920e-07 5.3751878467e-07
6.8603515625e+01 7.3387605139e-07 1.9923162326e-07 5.3464442813e-07
6.8664550781e+01 7.2802149062e-07 1.9746781587e-07 5.3055367475e-07
6.8725585938e+01 7.2140606689e-07 1.9561168028e-07 5.2579438661e-07
6.8786621094e+01 7.1497627148e-07 1.9393452952e-07 5.2104174196e-07
6.8847656250e+01 7.0913372831e-07 1.9249928343e-07 5.1663444488e-07
6.8908691406e+01 7.0359825058e-07 1.9114113976e-07 5.1245711082e-07
6.8969726562e+01 6.9802008046e-07 1.8969652233e-07 5.0832355813e-07
6.9030761719e+01 6.9251929044e-07 1.8819596362e-07 5.0432332682e-07
6.9091796875e+01 6.8733491661e-07 1.8675850070e-07 5.0057641591e-07
6.9152832031e+01 6.8205155595e-07 1.8531534591e-07 4.9673621003e-07
6.9213867188e+01 6.7573295278e-07 1.8359660426e-07 4.9213634853e-07
6.9274902344e+01 6.6807854913e-07 1.8148416149e-07 4.8659438764e-07
6.9335937500e+01 6.6001406040e-07 1.7923883959e-07 4.8077522081e-07
6.9396972656e+01 6.5287409494e-07 1.7726421202e-07 4.7560988291e-07
6.9458007812e+01 6.4727962750e-07 1.7573477444e-07 4.7154485306e-07
6.9519042969e+01 6.4292161156e-07 1.7453083938e-07 4.6839077218e-07
6.9580078125e+01 6.3919653734e-07 1.7347373823e-07 4.6572279911e-07
6.9641113281e+01 6.3579697710e-07 1.7250993832e-07 4.6328703877e-07
6.9702148438e+01 6.3258365136e-07 1.7163076726e-07 4.6095288409e-07
6.9763183594e+01 6.2921852934e-07 1.7073698143e-07 4.5848154791e-07
6.9824218750e+01 6.2543612294e-07 1.6971536587e-07 4.5572075707e-07
6.9885253906e+01 6.2151503900e-07 1.6860107653e-07 4.5291396247e-07
6.9946289062e+01 6.1800354814e-07 1.6755800767e-07 4.5044554047e-07
7.0007324219e+01 6.1511763344e-07 1.6671441636e-07 4.4840321708e-07
7.0068359375e+01 6.1262821965e-07 1.6605119710e-07 4.4657702255e-07
7.0129394531e+01 6.1013351205e-07 1.6543030044e-07 4.4470321161e-07
7.0190429688e+01 6.0728557626e-07 1.6471056376e-07 4.4257501250e-07
7.0251464844e+01 6.0379072026e-07 1.6379885510e-07 4.3999186516e-07
7.0312500000e+01 5.9940535210e-07 1.6262276533e-07 4.3678258677e-07
7.0373535156e+01 5.9413882666e-07 1.6116823598e-07 4.3297059068e-07
7.0434570312e+01 5.8836894839e-07 1.5954324785e-07 4.2882570053e-07
7.0495605469e+01 5.8262531615e-07 1.5791690082e-07 4.2470841534e-07
7.0556640625e+01 5.7725468875e-07 1.5639363264e-07 4.2086105612e-07
7.0617675781e+01 5.7226328184e-07 1.5497498359e-07 4.1728829825e-07
7.0678710938e+01 5.6747189120e-07 1.5361925480e-07 4.1385263640e-07
7.0739746094e+01 5.6283733625e-07 1.5231801394e-07 4.1051932231e-07
7.0800781250e+01 5.5854887696e-07 1.5112378582e-07 4.0742509115e-07
7.0861816406e+01 5.5476757806e-07 1.5009979821e-07 4.0466777984e-07
7.0922851562e+01 5.5129986895e-07 1.4921481127e-07 4.0208505768e-07
7.0983886719e+01 5.4761281386e-07 1.4830705300e-07 3.9930576085e-07
7.1044921875e+01 5.4328468010e-07 1.4721199898e-07 3.9607268112e-07
7.1105957031e+01 5.3832674514e-07 1.4590035069e-07 3.9242639445e-07
7.1166992188e+01 5.3302473877e-07 1.4446401470e-07 3.8856072407e-07
7.1228027344e+01 5.2780922041e-07 1.4305612230e-07 3.8475309811e-07
7.1289062500e+01 5.2327287407e-07 1.4185250177e-07 3.8142037230e-07
7.1350097656e+01 5.1987146871e-07 1.4094842962e-07 3.7892303909e-07
7.1411132812e+01 5.1744530042e-07 1.4024653396e-07 3.7719876647e-07
7.1472167969e+01 5.1521360119e-07 1.3950619514e-07 3.7570740605e-07
7.1533203125e+01 5.1247805312e-07 1.3856460159e-07 3.7391345153e-07
7.1594238281e+01 5.0926619529e-07 1.3749154033e-07 3.7177465497e-07
7.1655273438e+01 5.0608673170e-07 1.3648099171e-07 3.6960573999e-07
7.1716308594e+01 5.0326184103e-07 1.3562549823e-07 3.6763634280e-07
7.1777343750e+01 5.0075995117e-07 1.3486077880e-07 3.6589917238e-07
7.1838378906e+01 4.9844325201e-07 1.3410019791e-07 3.6434305410e-07
7.1899414062e+01 4.9606946846e-07 1.3330624249e-07 3.6276322596e-07
7.1960449219e+01 4.9315208408e-07 1.3241489539e-07 3.6073718868e-07
7.2021484375e+01 4.8930111192e-07 1.3134019797e-07 3.5796091395e-07
7.2082519531e+01 4.8470222811e-07 1.3010109327e-07 3.5460113485e-07
7.2143554688e+01 4.7986066265e-07 1.2881124256e-07 3.5104942009e-07
7.2204589844e+01 4.7499159059e-07 1.2752372255e-07 3.4746786804e-07
7.2265625000e+01 4.7001638477e-07 1.2619255416e-07 3.4382383061e-07
7.2326660156e+01 4.6490594597e-07 1.2477091496e-07 3.4013503102e-07
7.2387695312e+01 4.5967430844e-07 1.2326894775e-07 3.3640536069e-07
7.2448730469e+01 4.5433420310e-07 1.2176432213e-07 3.3256988097e-07
7.2509765625e+01 4.4913511321e-07 1.2039931369e-07 3.2873579952e-07
7.2570800781e+01 4.4446437894e-07 1.1927426027e-07 3.2519011867e-07
7.2631835938e+01 4.4034778305e-07 1.1832088462e-07 3.2202689843e-07
7.2692871094e+01 4.3644316615e-07 1.1737763045e-07 3.1906553570e-07
7.2753906250e+01 4.3253168071e-07 1.1637237544e-07 3.1615930527e-07
7.2814941406e+01 4.2864913030e-07 1.1534497395e-07 3.1330415635e-07
7.2875976562e+01 4.2482135198e-07 1.1433692807e-07 3.1048442391e-07
7.2937011719e+01 4.2098145759e-07 1.1334192487e-07 3.0763953272e-07
7.2998046875e+01 4.1707162218e-07 1.1233576803e-07 3.0473585415e-07
7.3059082031e+01 4.1308401604e-07 1.1131152919e-07 3.0177248685e-07
7.3120117188e+01 4.0912622303e-07 1.1030904078e-07 2.9881718225e-07
7.3181152344e+01 4.0542501161e-07 1.0940054920e-07 2.9602446241e-07
7.3242187500e+01 4.0208195161e-07 1.0860698416e-07 2.9347496746e-07
7.3303222656e+01 3.9890368411e-07 1.0785706625e-07 2.9104661786e-07
7.3364257812e+01 3.9563860282e-07 1.0706956001e-07 2.8856904281e-07
7.3425292969e+01 3.9233329141e-07 1.0625613239e-07 2.8607715902e-07
7.3486328125e+01 3.8933351518e-07 1.0551102800e-07 2.8382248717e-07
7.3547363281e+01 3.8692478112e-07 1.0490339192e-07 2.8202138920e-07
7.3608398438e+01 3.8506083582e-07 1.0441301362e-07 2.8064782220e-07
7.3669433594e+01 3.8343117002e-07 1.0396801160e-07 2.7946315842e-07
7.3730468750e+01 3.8169456690e-07 1.0350568965e-07 2.7818887725e-07
7.3791503906e+01 3.7971462564e-07 1.0301175229e-07 2.7670287335e-07
7.3852539062e+01 3.7769009851e-07 1.0253671353e-07 2.7515338498e-07
7.3913574219e+01 3.7598504290e-07 1.0215029690e-07 2.7383474600e-07
7.3974609375e+01 3.7473923550e-07 1.0185183963e-07 2.7288739588e-07
7.4035644531e+01 3.7370360861e-07 1.0155019521e-07 2.7215341340e-07
7.4096679688e+01 3.7251460166e-07 1.0115677023e-07 2.7135783143e-07
7.4157714844e+01 3.7102924468e-07 1.0066101691e-07 2.7036822777e-07
7.4218750000e+01 3.6926738624e-07 1.0007544543e-07 2.6919194081e-07
7.4279785156e+01 3.6715356373e-07 9.9364504921e-08 2.6778905881e-07
7.4340820312e+01 3.6449435524e-07 9.8480623802e-08 2.6601373144e-07
7.4401855469e+01 3.6115809072e-07 9.7428067461e-08 2.6373002326e-07
7.4462890625e+01 3.5723979607e-07 9.6270877238e-08 2.6096891883e-07
7.4523925781e+01 3.5306892106e-07 9.5094641601e-08 2.5797427946e-07
7.4584960938e+01 3.4897677570e-07 9.3948408967e-08 2.5502836674e-07
7.4645996094e+01 3.4509600268e-07 9.2836666905e-08 2.5225933578e-07
7.4707031250e+01 3.4149069666e-07 9.1784095378e-08 2.4970660128e-07
7.4768066406e+01 3.3832376446e-07 9.0858590784e-08 2.4746517367e-07
7.4829101562e+01 3.3571789838e-07 9.0101926725e-08 2.4561597166e-07
7.4890136719e+01 3.3351521920e-07 8.9467926555e-08 2.4404729264e-07
7.4951171875e+01 3.3129640042e-07 8.8841650356e-08 2.4245475006e-07
7.5012207031e+01 3.2869629690e-07 8.8120771680e-08 2.4057552522e-07
7.5073242188e+01 3.2563220778e-07 8.7277144324e-08 2.3835506346e-07
7.5134277344e+01 3.2224304468e-07 8.6349257092e-08 2.3589378759e-07
7.5195312500e+01 3.1885843799e-07 8.5430986375e-08 2.3342745162e-07
7.5256347656e+01 3.1595841996e-07 8.4653893140e-08 2.3130452682e-07
7.5317382812e+01 3.1382965390e-07 8.4089050860e-08 2.2974060305e-07
7.5378417969e+01 3.1225497380e-07 8.3659719871e-08 2.2859525393e-07
7.5439453125e+01 3.1065545140e-07 8.3194773990e-08 2.2746067742e-07
7.5500488281e+01 3.0855094225e-07 8.2574690002e-08 2.2597625225e-07
7.5561523438e+01 3.0589503512e-07 8.1816374269e-08 2.2407866085e-07
7.5622558594e+01 3.0297209164e-07 8.1016074396e-08 2.2195601724e-07
7.5683593750e+01 3.0007005601e-07 8.0248602049e-08 2.1982145396e-07
7.5744628906e+01 2.9731461078e-07 7.9540537278e-08 2.1777407350e-07
7.5805664062e+01 2.9466601663e-07 7.8880292621e-08 2.1578572401e-07
7.5866699219e+01 2.9199587708e-07 7.8226251333e-08 2.1376962575e-07
7.5927734375e+01 2.8922708717e-07 7.7542278088e-08 2.1168480908e-07
7.5988769531e+01 2.8637022602e-07 7.6822706683e-08 2.0954751934e-07
7.6049804688e+01 2.8341458755e-07 7.6064168246e-08 2.0735041930e-07
7.6110839844e+01 2.8028041507e-07 7.5243313102e-08 2.0503710197e-07
7.6171875000e+01 2.7695705178e-07 7.4355599638e-08 2.0260145214e-07
7.6232910156e+01 2.7367028814e-07 7.3461274057e-08 2.0020901408e-07
7.6293945312e+01 2.7077849631e-07 7.2656056770e-08 1.9812243954e-07
7.6354980469e+01 2.6844904061e-07 7.1996121317e-08 1.9645291929e-07
7.6416015625e+01 2.6652754220e-07 7.1466890790e-08 1.9506065141e-07
7.6477050781e+01 2.6472477078e-07 7.1007444958e-08 1.9371732583e-07
7.6538085938e+01 2.6287969824e-07 7.0556185175e-08 1.9232351306e-07
7.6599121094e+01 2.6105729708e-07 7.0090860702e-08 1.9096643638e-07
7.6660156250e+01 2.5939272766e-07 6.9628789679e-08 1.8976393799e-07
7.6721191406e+01 2.5783709906e-07 6.9177884302e-08 1.8865921476e-07
7.6782226562e+01 2.5613679858e-07 6.8703924691e-08 1.8743287389e-07
7.6843261719e+01 2.5414120110e-07 6.8177722303e-08 1.8596347880e-07
7.6904296875e+01 2.5204311712e-07 6.7631543800e-08 1.8441157332e-07
7.6965332031e+01 2.5015109565e-07 6.7118356041e-08 1.8303273961e-07
7.7026367188e+01 2.4847633476e-07 6.6636816825e-08 1.8183951793e-07
7.7087402344e+01 2.4679264242e-07 6.6161592327e-08 1.8063105009e-07
7.7148437500e+01 2.4506819567e-07 6.5726553159e-08 1.7934164251e-07
7.7209472656e+01 2.4351252210e-07 6.5395318132e-08 1.7811720397e-07
7.7270507812e+01 2.4220693771e-07 6.5158683151e-08 1.7704825456e-07
7.7331542969e+01 2.4101281027e-07 6.4937629028e-08 1.7607518124e-07
7.7392578125e+01 2.3986221648e-07 6.4686149443e-08 1.7517606704e-07
7.7453613281e+01 2.3887004945e-07 6.4430108618e-08 1.7443994083e-07
7.7514648438e+01 2.3811445445e-07 6.4202579608e-08 1.7391187484e-07
7.7575683594e+01 2.3750047490e-07 6.3995788616e-08 1.7350468629e-07
7.7636718750e+01 2.3686247993e-07 6.3783042084e-08 1.7307943784e-07
7.7697753906e+01 2.3604566348e-07 6.3535528653e-08 1.7251013483e-07
7.7758789062e+01 2.3494454580e-07 6.3220182589e-08 1.7172436321e-07
7.7819824219e+01 2.3357996002e-07 6.2818390958e-08 1.7076156906e-07
7.7880859375e+01 2.3200632287e-07 6.2324161939e-08 1.6968216093e-07
7.7941894531e+01 2.3013962527e-07 6.1721820086e-08 1.6841780518e-07
7.8002929688e+01 2.2786353608e-07 6.1012093212e-08 1.6685144287e-07
7.8063964844e+01 2.2526148600e-07 6.0250496728e-08 1.6501098928e-07
7.8125000000e+01 2.2261965622e-07 5.9520234244e-08 1.6309942198e-07
7.8186035156e+01 2.2021690255e-07 5.8869807811e-08 1.6134709474e-07
7.8247070312e+01 2.1813063573e-07 5.8292142972e-08 1.5983849276e-07
7.8308105469e+01 2.1625078019e-07 5.7758672049e-08 1.5849210814e-07
7.8369140625e+01 2.1445613105e-07 5.7253897837e-08 1.5720223321e-07
7.8430175781e+01 2.1273038727e-07 5.6777881200e-08 1.5595250607e-07
7.8491210938e+01 2.1114271717e-07 5.6340186925e-08 1.5480253025e-07
7.8552246094e+01 2.0975876491e-07 5.5951056270e-08 1.5380770864e-07
7.8613281250e+01 2.0856841489e-07 5.5605416198e-08 1.5296299869e-07
7.8674316406e+01 2.0747618964e-07 5.5277653338e-08 1.5219853630e-07
7.8735351562e+01 2.0632101256e-07 5.4928709561e-08 1.5139230300e-07
7.8796386719e+01 2.0497249842e-07 5.4530621886e-08 1.5044187654e-07
7.8857421875e+01 2.0349396144e-07 5.4101913042e-08 1.4939204840e-07
7.8918457031e+01 2.0213443680e-07 5.3700298492e-08 1.4843413831e-07
7.8979492188e+01 2.0108798671e-07 5.3367046864e-08 1.4772093985e-07
7.9040527344e+01 2.0026891213e-07 5.3083870778e-08 1.4718504135e-07
7.9101562500e+01 1.9933521624e-07 5.2782629442e-08 1.4655258680e-07
7.9162597656e+01 1.9796637270e-07 5.2401686928e-08 1.4556468578e-07
7.9223632812e+01 1.9614378928e-07 5.1943132620e-08 1.4420065666e-07
7.9284667969e+01 1.9419645905e-07 5.1484571057e-08 1.4271188800e-07
7.9345703125e+01 1.9258490048e-07 5.1129067793e-08 1.4145583269e-07
7.9406738281e+01 1.9151805416e-07 5.0908859669e-08 1.4060919449e-07
7.9467773438e+01 1.9069907122e-07 5.0725518980e-08 1.3997355224e-07
7.9528808594e+01 1.8953843387e-07 5.0420363268e-08 1.3911807060e-07
7.9589843750e+01 1.8767217977e-07 4.9920176411e-08 1.3775200336e-07
7.9650878906e+01 1.8524549910e-07 4.9293028430e-08 1.3595247067e-07
7.9711914062e+01 1.8274422244e-07 4.8672746319e-08 1.3407147612e-07
7.9772949219e+01 1.8062500179e-07 4.8164768095e-08 1.3246023370e-07
7.9833984375e+01 1.7904762235e-07 4.7805369315e-08 1.3124225303e-07
7.9895019531e+01 1.7781590365e-07 4.7550799202e-08 1.3026510444e-07
7.9956054688e+01 1.7657162998e-07 4.7302468397e-08 1.2926916158e-07
8.0017089844e+01 1.7516074096e-07 4.6990781843e-08 1.2816995912e-07
8.0078125000e+01 1.7377208203e-07 4.6635618970e-08 1.2713646307e-07
8.0139160156e+01 1.7265485353e-07 4.6301851684e-08 1.2635300184e-07
8.0200195312e+01 1.7182684193e-07 4.6022889115e-08 1.2580395281e-07
8.0261230469e+01 1.7110796156e-07 4.5785042629e-08 1.2532291893e-07
8.0322265625e+01 1.7029626674e-07 4.5551538063e-08 1.2474472867e-07
8.0383300781e+01 1.6928352178e-07 4.5293018088e-08 1.2399050370e-07
8.0444335938e+01 1.6812023977e-07 4.5017432203e-08 1.2310280757e-07
8.0505371094e+01 1.6698990095e-07 4.4763196836e-08 1.2222670411e-07
8.0566406250e+01 1.6605865500e-07 4.4552765129e-08 1.2150588987e-07
8.0627441406e+01 1.6533583505e-07 4.4364436734e-08 1.2097139832e-07
8.0688476562e+01 1.6467466650e-07 4.4151118448e-08 1.2052354805e-07
8.0749511719e+01 1.6388685000e-07 4.3879510905e-08 1.2000733909e-07
8.0810546875e+01 1.6285583209e-07 4.3549286946e-08 1.1930654515e-07
8.0871582031e+01 1.6159228733e-07 4.3183463538e-08 1.1840882379e-07
8.0932617188e+01 1.6023438009e-07 4.2814077014e-08 1.1742030308e-07
8.0993652344e+01 1.5894184357e-07 4.2464547623e-08 1.1647729595e-07
8.1054687500e+01 1.5773306085e-07 4.2127947449e-08 1.1560511340e-07
8.1115722656e+01 1.5647645326e-07 4.1772946218e-08 1.1470350704e-07
8.1176757812e+01 1.5506977727e-07 4.1381147856e-08 1.1368862941e-07
8.1237792969e+01 1.5359384628e-07 4.0978614510e-08 1.1261523177e-07
8.1298828125e+01 1.5227413528e-07 4.0628431430e-08 1.1164570385e-07
8.1359863281e+01 1.5127741277e-07 4.0377897303e-08 1.1089951546e-07
8.1420898438e+01 1.5054937791e-07 4.0208322958e-08 1.1034105495e-07
8.1481933594e+01 1.4987864624e-07 4.0049384122e-08 1.0982926212e-07
8.1542968750e+01 1.4909775771e-07 3.9840585785e-08 1.0925717192e-07
8.1604003906e+01 1.4818592824e-07 3.9569306123e-08 1.0861662212e-07
8.1665039062e+01 1.4719662092e-07 3.9256713399e-08 1.0793990753e-07
8.1726074219e+01 1.4612838780e-07 3.8918264440e-08 1.0721012336e-07
8.1787109375e+01 1.4492255660e-07 3.8550650640e-08 1.0637190596e-07
8.1848144531e+01 1.4360109320e-07 3.8160919357e-08 1.0544017384e-07
8.1909179688e+01 1.4229714952e-07 3.7779058572e-08 1.0451809095e-07
8.1970214844e+01 1.4109796508e-07 3.7426688310e-08 1.0367127677e-07
8.2031250000e+01 1.3995586683e-07 3.7096275124e-08 1.0285959170e-07
8.2092285156e+01 1.3877396128e-07 3.6765211698e-08 1.0200874958e-07
8.2153320312e+01 1.3751952071e-07 3.6419997013e-08 1.0109952369e-07
8.2214355469e+01 1.3625337303e-07 3.6072666103e-08 1.0018070693e-07
8.2275390625e+01 1.3506688508e-07 3.5755089575e-08 9.9311795502e-08
8.2336425781e+01 1.3400591273e-07 3.5491226539e-08 9.8514686193e-08
8.2397460938e+01 1.3304681480e-07 3.5272521611e-08 9.7774293193e-08
8.2458496094e+01 1.3212251085e-07 3.5064477018e-08 9.7058033833e-08
8.2519531250e+01 1.3119660073e-07 3.4844085342e-08 9.6352515385e-08
8.2580566406e+01 1.3033252733e-07 3.4625311130e-08 9.5707216200e-08
8.2641601562e+01 1.2966425474e-07 3.4440786836e-08 9.5223467904e-08
8.2702636719e+01 1.2928095243e-07 3.4309413864e-08 9.4971538570e-08
8.2763671875e+01 1.2914566521e-07 3.4228465299e-08 9.4917199906e-08
8.2824707031e+01 1.2911580634e-07 3.4179486736e-08 9.4936319600e-08
8.2885742188e+01 1.2902050736e-07 3.4128660464e-08 9.4891846897e-08
8.2946777344e+01 1.2875888942e-07 3.4041681510e-08 9.4717207912e-08
8.3007812500e+01 1.2839612600e-07 3.3920883884e-08 9.4475242115e-08
8.3068847656e+01 1.2813156470e-07 3.3811174066e-08 9.4320390638e-08
8.3129882812e+01 1.2809995035e-07 3.3749421079e-08 9.4350529268e-08
8.3190917969e+01 1.2820422397e-07 3.3719482442e-08 9.4484741533e-08
8.3251953125e+01 1.2815978984e-07 3.3665905027e-08 9.4493884813e-08
8.3312988281e+01 1.2773963659e-07 3.3549348004e-08 9.4190288590e-08
8.3374023438e+01 1.2700402786e-07 3.3386782335e-08 9.3617245527e-08
8.3435058594e+01 1.2622747765e-07 3.3229602757e-08 9.2997874893e-08
8.3496093750e+01 1.2557472625e-07 3.3102641249e-08 9.2472085003e-08
8.3557128906e+01 1.2491382774e-07 3.2972817305e-08 9.1941010433e-08
8.3618164062e+01 1.2396656763e-07 3.2777713517e-08 9.1188854114e-08
8.3679199219e+01 1.2259581400e-07 3.2481217696e-08 9.0114596306e-08
8.3740234375e+01 1.2092048868e-07 3.2099527924e-08 8.8820960756e-08
8.3801269531e+01 1.1920624912e-07 3.1685440121e-08 8.7520808998e-08
8.3862304688e+01 1.1770047876e-07 3.1301034697e-08 8.6399444062e-08
8.3923339844e+01 1.1649880720e-07 3.0986231645e-08 8.5512575551e-08
8.3984375000e+01 1.1548692690e-07 3.0732172091e-08 8.4754754813e-08
8.4045410156e+01 1.1444392608e-07 3.0492195159e-08 8.3951730917e-08
8.4106445312e+01 1.1323772070e-07 3.0223202055e-08 8.3014518650e-08
8.4167480469e+01 1.1194000124e-07 2.9920485912e-08 8.2019515330e-08
8.4228515625e+01 1.1077501720e-07 2.9623246585e-08 8.1151770616e-08
8.4289550781e+01 1.0990872323e-07 2.9376144827e-08 8.0532578400e-08
8.4350585938e+01 1.0926904284e-07 2.9179161942e-08 8.0089880899e-08
8.4411621094e+01 1.0862692537e-07 2.8991316765e-08 7.9635608604e-08
8.4472656250e+01 1.0783449566e-07 2.8780411044e-08 7.9054084618e-08
8.4533691406e+01 1.0694059448e-07 2.8551682061e-08 7.8388912415e-08
8.4594726562e+01 1.0610834875e-07 2.8333767107e-08 7.7774581646e-08
8.4655761719e+01 1.0544974448e-07 2.8148967683e-08 7.7300776798e-08
8.4716796875e+01 1.0491020422e-07 2.7988234187e-08 7.6921970034e-08
8.4777832031e+01 1.0428353788e-07 2.7805931207e-08 7.6477606669e-08
8.4838867188e+01 1.0336623954e-07 2.7554229508e-08 7.5812010029e-08
8.4899902344e+01 1.0214424666e-07 2.7234733480e-08 7.4909513182e-08
8.4960937500e+01 1.0082972715e-07 2.6903836640e-08 7.3925890509e-08
8.5021972656e+01 9.9681443762e-08 2.6617979073e-08 7.3063464688e-08
8.5083007812e+01 9.8767289043e-08 2.6379946286e-08 7.2387342757e-08
8.5144042969e+01 9.7924845873e-08 2.6144963239e-08 7.1779882634e-08
8.5205078125e+01 9.6973577532e-08 2.5877130125e-08 7.1096447406e-08
8.5266113281e+01 9.5918830229e-08 2.5590249454e-08 7.0328580775e-08
8.5327148438e+01 9.4930198510e-08 2.5330958905e-08 6.9599239604e-08
8.5388183594e+01 9.4179804931e-08 2.5134950974e-08 6.9044853957e-08
8.5449218750e+01 9.3708616531e-08 2.5003159495e-08 6.8705457036e-08
8.5510253906e+01 9.3392328809e-08 2.4904272501e-08 6.8488056308e-08
8.5571289062e+01 9.3029743654e-08 2.4794866119e-08 6.8234877535e-08
8.5632324219e+01 9.2508842837e-08 2.4652671693e-08 6.7856171144e-08
8.5693359375e+01 9.1897451061e-08 2.4495895699e-08 6.7401555361e-08
8.5754394531e+01 9.1355152432e-08 2.4361550254e-08 6.6993602178e-08
8.5815429688e+01 9.0977885904e-08 2.4270022314e-08 6.6707863590e-08
8.5876464844e+01 9.0734380056e-08 2.4213364037e-08 6.6521016019e-08
8.5937500000e+01 9.0493704632e-08 2.4158722942e-08 6.6334981690e-08
8.5998535156e+01 9.0102115568e-08 2.4064382099e-08 6.6037733469e-08
8.6059570312e+01 8.9494616055e-08 2.3916312661e-08 6.5578303395e-08
8.6120605469e+01 8.8755708736e-08 2.3745945597e-08 6.5009763139e-08
8.6181640625e+01 8.8053359546e-08 2.3598774834e-08 6.4454584711e-08
8.6242675781e+01 8.7490919948e-08 2.3490503960e-08 6.4000415988e-08
8.6303710938e+01 8.7021609895e-08 2.3398840144e-08 6.3622769751e-08
8.6364746094e+01 8.6520826966e-08 2.3290662659e-08 6.3230164307e-08
8.6425781250e+01 8.5909690998e-08 2.3145994066e-08 6.2763696932e-08
8.6486816406e+01 8.5201714641e-08 2.2964030342e-08 6.2237684299e-08
8.6547851562e+01 8.4496734217e-08 2.2766627417e-08 6.1730106800e-08
8.6608886719e+01 8.3926305059e-08 2.2589557755e-08 6.1336747304e-08
8.6669921875e+01 8.3526180981e-08 2.2449913047e-08 6.1076267934e-08
8.6730957031e+01 8.3155983402e-08 2.2322298986e-08 6.0833684416e-08
8.6791992188e+01 8.2610735052e-08 2.2158504043e-08 6.0452231009e-08
8.6853027344e+01 8.1837966451e-08 2.1935431962e-08 5.9902534489e-08
8.6914062500e+01 8.0995687142e-08 2.1677493027e-08 5.9318194114e-08
8.6975097656e+01 8.0273492276e-08 2.1427002114e-08 5.8846490162e-08
8.7036132812e+01 7.9708738406e-08 2.1201718345e-08 5.8507020061e-08
8.7097167969e+01 7.9190861626e-08 2.0987178838e-08 5.8203682788e-08
8.7158203125e+01 7.8600951711e-08 2.0764239591e-08 5.7836712121e-08
8.7219238281e+01 7.7931077629e-08 2.0536810616e-08 5.7394267013e-08
8.7280273438e+01 7.7276226677e-08 2.0329688521e-08 5.6946538155e-08
8.7341308594e+01 7.6734325366e-08 2.0166199068e-08 5.6568126298e-08
8.7402343750e+01 7.6316782308e-08 2.0048834130e-08 5.6267948178e-08
8.7463378906e+01 7.5919188516e-08 1.9950057434e-08 5.5969131081e-08
8.7524414062e+01 7.5397276463e-08 1.9828865213e-08 5.5568411251e-08
8.7585449219e+01 7.4712018456e-08 1.9669431025e-08 5.5042587430e-08
8.7646484375e+01 7.3981899482e-08 1.9496784182e-08 5.4485115300e-08
8.7707519531e+01 7.3387214560e-08 1.9352854305e-08 5.4034360256e-08
8.7768554688e+01 7.3038885389e-08 1.9265395263e-08 5.3773490126e-08
8.7829589844e+01 7.2919385483e-08 1.9236153976e-08 5.3683231506e-08
8.7890625000e+01 7.2905670592e-08 1.9242779905e-08 5.3662890687e-08
8.7951660156e+01 7.2839755997e-08 1.9246773471e-08 5.3592982525e-08
8.8012695312e+01 7.2647618990e-08 1.9221129076e-08 5.3426489913e-08
8.8073730469e+01 7.2414124513e-08 1.9178587344e-08 5.3235537169e-08
8.8134765625e+01 7.2266887145e-08 1.9150105064e-08 5.3116782081e-08
8.8195800781e+01 7.2204600010e-08 1.9138694835e-08 5.3065905175e-08
8.8256835938e+01 7.2119555305e-08 1.9119497470e-08 5.3000057834e-08
8.8317871094e+01 7.1955380822e-08 1.9080111925e-08 5.2875268897e-08
8.8378906250e+01 7.1772185585e-08 1.9039513003e-08 5.2732672582e-08
8.8439941406e+01 7.1655228752e-08 1.9021454144e-08 5.2633774608e-08
8.8500976562e+01 7.1618255608e-08 1.9024790980e-08 5.2593464628e-08
8.8562011719e+01 7.1632944631e-08 1.9034931997e-08 5.2598012633e-08
8.8623046875e+01 7.1683284687e-08 1.9046912879e-08 5.2636371808e-08
8.8684082031e+01 7.1739250962e-08 1.9058785228e-08 5.2680465734e-08
8.8745117188e+01 7.1745698048e-08 1.9059813517e-08 5.2685884531e-08
8.8806152344e+01 7.1675042302e-08 1.9039733331e-08 5.2635308971e-08
8.8867187500e+01 7.1545347942e-08 1.8998825098e-08 5.2546522844e-08
8.8928222656e+01 7.1380562850e-08 1.8944085332e-08 5.2436477518e-08
8.8989257812e+01 7.1186931847e-08 1.8883488209e-08 5.2303443639e-08
8.9050292969e+01 7.0961951985e-08 1.8822522006e-08 5.2139429980e-08
8.9111328125e+01 7.0701299293e-08 1.8759096543e-08 5.1942202751e-08
8.9172363281e+01 7.0407376251e-08 1.8686858599e-08 5.1720517652e-08
8.9233398438e+01 7.0091585572e-08 1.8604373930e-08 5.1487211642e-08
8.9294433594e+01 6.9734541965e-08 1.8508708014e-08 5.1225833951e-08
8.9355468750e+01 6.9269075417e-08 1.8385927412e-08 5.0883148005e-08
8.9416503906e+01 6.8660381441e-08 1.8226786450e-08 5.0433594991e-08
8.9477539062e+01 6.7975519638e-08 1.8047491150e-08 4.9928028488e-08
8.9538574219e+01 6.7330046300e-08 1.7881071809e-08 4.9448974492e-08
8.9599609375e+01 6.6791266435e-08 1.7749568954e-08 4.9041697481e-08
8.9660644531e+01 6.6353525672e-08 1.7650284308e-08 4.8703241364e-08
8.9721679688e+01 6.5977119027e-08 1.7565926485e-08 4.8411192542e-08
8.9782714844e+01 6.5615403490e-08 1.7478532108e-08 4.8136871382e-08
8.9843750000e+01 6.5220415175e-08 1.7374501974e-08 4.7845913201e-08
8.9904785156e+01 6.4774223329e-08 1.7251023091e-08 4.7523200237e-08
8.9965820312e+01 6.4310236537e-08 1.7119439790e-08 4.7190796747e-08
9.0026855469e+01 6.3858813846e-08 1.6990558345e-08 4.6868255501e-08
9.0087890625e+01 6.3389631555e-08 1.6860073913e-08 4.6529557642e-08
9.0148925781e+01 6.2849301643e-08 1.6718318291e-08 4.6130983352e-08
9.0209960938e+01 6.2236855698e-08 1.6566897888e-08 4.5669957809e-08
9.0270996094e+01 6.1610957341e-08 1.6416399310e-08 4.5194558032e-08
9.0332031250e+01 6.1029881573e-08 1.6272719658e-08 4.4757161915e-08
9.0393066406e+01 6.0493928407e-08 1.6130030914e-08 4.4363897493e-08
9.0454101562e+01 5.9945392178e-08 1.5975253011e-08 4.3970139167e-08
9.0515136719e+01 5.9326793058e-08 1.5800296323e-08 4.3526496734e-08
9.0576171875e+01 5.8626857006e-08 1.5608211973e-08 4.3018645033e-08
9.0637207031e+01 5.7875456980e-08 1.5407632255e-08 4.2467824724e-08
9.0698242188e+01 5.7132530341e-08 1.5209989223e-08 4.1922541117e-08
9.0759277344e+01 5.6466805113e-08 1.5029338310e-08 4.1437466803e-08
9.0820312500e+01 5.5905788935e-08 1.4874606872e-08 4.1031182063e-08
9.0881347656e+01 5.5421668850e-08 1.4743780454e-08 4.0677888395e-08
9.0942382812e+01 5.4972236371e-08 1.4627820531e-08 4.0344415840e-08
9.1003417969e+01 5.4538020113e-08 1.4518552534e-08 4.0019467579e-08
9.1064453125e+01 5.4124666719e-08 1.4414003962e-08 3.9710662757e-08
9.1125488281e+01 5.3737097485e-08 1.4315876583e-08 3.9421220903e-08
9.1186523438e+01 5.3359112669e-08 1.4222834287e-08 3.9136278382e-08
9.1247558594e+01 5.2963356207e-08 1.4128340800e-08 3.8835015407e-08
9.1308593750e+01 5.2533985526e-08 1.4025474479e-08 3.8508511047e-08
9.1369628906e+01 5.2088780462e-08 1.3916258296e-08 3.8172522166e-08
9.1430664062e+01 5.1674582711e-08 1.3811440712e-08 3.7863141999e-08
9.1491699219e+01 5.1314091242e-08 1.3714348307e-08 3.7599742934e-08
9.1552734375e+01 5.0969770118e-08 1.3612787271e-08 3.7356982847e-08
9.1613769531e+01 5.0574651660e-08 1.3491246559e-08 3.7083405101e-08
9.1674804688e+01 5.0091685812e-08 1.3346417891e-08 3.6745267921e-08
9.1735839844e+01 4.9551618633e-08 1.3192491805e-08 3.6359126828e-08
9.1796875000e+01 4.9024220639e-08 1.3049504860e-08 3.5974715779e-08
9.1857910156e+01 4.8554771614e-08 1.2926096146e-08 3.5628675468e-08
9.1918945312e+01 4.8153613244e-08 1.2820240198e-08 3.5333373046e-08
9.1979980469e+01 4.7814532977e-08 1.2729160480e-08 3.5085372497e-08
9.2041015625e+01 4.7510653501e-08 1.2649104528e-08 3.4861548974e-08
9.2102050781e+01 4.7204950257e-08 1.2573363586e-08 3.4631586670e-08
9.2163085938e+01 4.6882571574e-08 1.2497281483e-08 3.4385290091e-08
9.2224121094e+01 4.6561088757e-08 1.2422004793e-08 3.4139083964e-08
9.2285156250e+01 4.6266254940e-08 1.2349948487e-08 3.3916306453e-08
9.2346191406e+01 4.6001650143e-08 1.2279332189e-08 3.3722317954e-08
9.2407226562e+01 4.5752511760e-08 1.2207770427e-08 3.3544741333e-08
9.2468261719e+01 4.5515707349e-08 1.2137444453e-08 3.3378262896e-08
9.2529296875e+01 4.5312963498e-08 1.2073675143e-08 3.3239288355e-08
9.2590332031e+01 4.5171684440e-08 1.2022046551e-08 3.3149637889e-08
9.2651367188e+01 4.5086065706e-08 1.1984594358e-08 3.3101471349e-08
9.2712402344e+01 4.5004687938e-08 1.1955602268e-08 3.3049085671e-08
9.2773437500e+01 4.4865743462e-08 1.1922592695e-08 3.2943150766e-08
9.2834472656e+01 4.4630316833e-08 1.1871474860e-08 3.2758841972e-08
9.2895507812e+01 4.4298308511e-08 1.1796035897e-08 3.2502272614e-08
9.2956542969e+01 4.3924270288e-08 1.1708435899e-08 3.2215834390e-08
9.3017578125e+01 4.3593268191e-08 1.1633185767e-08 3.1960082425e-08
9.3078613281e+01 4.3349239619e-08 1.1583059910e-08 3.1766179710e-08
9.3139648438e+01 4.3160727546e-08 1.1546242561e-08 3.1614484985e-08
9.3200683594e+01 4.2968992898e-08 1.1502021203e-08 3.1466971695e-08
9.3261718750e+01 4.2752878596e-08 1.1443416717e-08 3.1309461878e-08
9.3322753906e+01 4.2535201371e-08 1.1380255779e-08 3.1154945592e-08
9.3383789062e+01 4.2339825496e-08 1.1324663939e-08 3.1015161557e-08
9.3444824219e+01 4.2159374830e-08 1.1278044154e-08 3.0881330676e-08
9.3505859375e+01 4.1961518868e-08 1.1230677631e-08 3.0730841237e-08
9.3566894531e+01 4.1716383030e-08 1.1170573603e-08 3.0545809426e-08
9.3627929688e+01 4.1419115695e-08 1.1092757182e-08 3.0326358513e-08
9.3688964844e+01 4.1093625731e-08 1.1003309148e-08 3.0090316582e-08
9.3750000000e+01 4.0778311548e-08 1.0916178163e-08 2.9862133384e-08
9.3811035156e+01 4.0503871611e-08 1.0843948381e-08 2.9659923230e-08
9.3872070312e+01 4.0277193678e-08 1.0789255452e-08 2.9487938226e-08
9.3933105469e+01 4.0079247003e-08 1.0743623155e-08 2.9335623848e-08
9.3994140625e+01 3.9875946432e-08 1.0693306536e-08 2.9182639896e-08
9.4055175781e+01 3.9637978210e-08 1.0627792217e-08 2.9010185993e-08
9.4116210938e+01 3.9353326951e-08 1.0545004143e-08 2.8808322808e-08
9.4177246094e+01 3.9023464596e-08 1.0449720629e-08 2.8573743967e-08
9.4238281250e+01 3.8663805673e-08 1.0350358397e-08 2.8313447275e-08
9.4299316406e+01 3.8314005464e-08 1.0258478557e-08 2.8055526907e-08
9.4360351562e+01 3.8030274490e-08 1.0187006511e-08 2.7843267979e-08
9.4421386719e+01 3.7849071031e-08 1.0143594467e-08 2.7705476564e-08
9.4482421875e+01 3.7751429679e-08 1.0122389163e-08 2.7629040516e-08
9.4543457031e+01 3.7665377526e-08 1.0102608274e-08 2.7562769252e-08
9.4604492188e+01 3.7512424955e-08 1.0060643069e-08 2.7451781886e-08
9.4665527344e+01 3.7265945114e-08 9.9895721258e-09 2.7276372988e-08
9.4726562500e+01 3.6972030316e-08 9.9060354275e-09 2.7065994889e-08
9.4787597656e+01 3.6703731835e-08 9.8331013345e-09 2.6870630501e-08
9.4848632812e+01 3.6489965888e-08 9.7773534816e-09 2.6712612407e-08
9.4909667969e+01 3.6294318701e-08 9.7253180227e-09 2.6569000678e-08
9.4970703125e+01 3.6054920811e-08 9.6583368225e-09 2.6396583988e-08
9.5031738281e+01 3.5740316257e-08 9.5687863834e-09 2.6171529873e-08
9.5092773438e+01 3.5379658109e-08 9.4661675228e-09 2.5913490586e-08
9.5153808594e+01 3.5046837324e-08 9.3710314538e-09 2.5675805870e-08
9.5214843750e+01 3.4805404104e-08 9.3004113617e-09 2.5504992742e-08
9.5275878906e+01 3.4649617168e-08 9.2525514000e-09 2.5397065768e-08
9.5336914062e+01 3.4500170695e-08 9.2053198765e-09 2.5294850818e-08
9.5397949219e+01 3.4276678559e-08 9.1360775677e-09 2.5140600992e-08
9.5458984375e+01 3.3971722469e-08 9.0437994861e-09 2.4927922983e-08
9.5520019531e+01 3.3646588479e-08 8.9482772391e-09 2.4698311240e-08
9.5581054688e+01 3.3370651087e-08 8.8704823289e-09 2.4500168759e-08
9.5642089844e+01 3.3172443556e-08 8.8165005951e-09 2.4355942961e-08
9.5703125000e+01 3.3038837028e-08 8.7785729168e-09 2.4260264111e-08
9.5764160156e+01 3.2945690489e-08 8.7473566686e-09 2.4198333821e-08
9.5825195312e+01 3.2871783529e-08 8.7179796169e-09 2.4153803912e-08
9.5886230469e+01 3.2790058545e-08 8.6859408319e-09 2.4104117713e-08
9.5947265625e+01 3.2671991857e-08 8.6450018399e-09 2.4026990017e-08
9.6008300781e+01 3.2509714687e-08 8.5926465391e-09 2.3917068148e-08
9.6069335938e+01 3.2328173863e-08 8.5355621921e-09 2.3792611671e-08
9.6130371094e+01 3.2166608452e-08 8.4853234561e-09 2.3681284995e-08
9.6191406250e+01 3.2041882398e-08 8.4463592107e-09 2.3595523188e-08
9.6252441406e+01 3.1936210686e-08 8.4110088863e-09 2.3525201800e-08
9.6313476562e+01 3.1822327297e-08 8.3681737142e-09 2.3454153583e-08
9.6374511719e+01 3.1692925005e-08 8.3153945205e-09 2.3377530484e-08
9.6435546875e+01 3.1562666468e-08 8.2613352166e-09 2.3301331251e-08
9.6496582031e+01 3.1442670109e-08 8.2158412636e-09 2.3226828846e-08
9.6557617188e+01 3.1326111619e-08 8.1805929661e-09 2.3145518653e-08
9.6618652344e+01 3.1209169012e-08 8.1525500689e-09 2.3056618943e-08
9.6679687500e+01 3.1106349223e-08 8.1312777400e-09 2.2975071483e-08
9.6740722656e+01 3.1027823595e-08 8.1173956743e-09 2.2910427921e-08
9.6801757812e+01 3.0955822228e-08 8.1072627469e-09 2.2848559481e-08
9.6862792969e+01 3.0855751126e-08 8.0933570535e-09 2.2762394073e-08
9.6923828125e+01 3.0703239442e-08 8.0686694966e-09 2.2634569945e-08
9.6984863281e+01 3.0500975614e-08 8.0310499397e-09 2.2469925675e-08
9.7045898438e+01 3.0281384679e-08 7.9864959629e-09 2.2294888716e-08
9.7106933594e+01 3.0087193228e-08 7.9463930560e-09 2.2140800172e-08
9.7167968750e+01 2.9931690228e-08 7.9165457415e-09 2.2015144487e-08
9.7229003906e+01 2.9781559698e-08 7.8899269941e-09 2.1891632704e-08
9.7290039062e+01 2.9594526135e-08 7.8547551133e-09 2.1739771022e-08
9.7351074219e+01 2.9370707050e-08 7.8088516975e-09 2.1561855352e-08
9.7412109375e+01 2.9153304161e-08 7.7618147817e-09 2.1391489380e-08
9.7473144531e+01 2.8983348324e-08 7.7243334162e-09 2.1259014908e-08
9.7534179688e+01 2.8867122839e-08 7.6996564345e-09 2.1167466405e-08
9.7595214844e+01 2.8781054126e-08 7.6835674062e-09 2.1097486719e-08
9.7656250000e+01 2.8694700157e-08 7.6684436570e-09 2.1026256500e-08
9.7717285156e+01 2.8595213919e-08 7.6489297502e-09 2.0946284169e-08
9.7778320312e+01 2.8502487071e-08 7.6272859126e-09 2.0875201159e-08
9.7839355469e+01 2.8456516728e-08 7.6122967123e-09 2.0844220016e-08
9.7900390625e+01 2.8479455903e-08 7.6104835955e-09 2.0868972308e-08
9.7961425781e+01 2.8550812364e-08 7.6189664027e-09 2.0931845962e-08
9.8022460938e+01 2.8617738254e-08 7.6268047596e-09 2.0990933494e-08
9.8083496094e+01 2.8623906461e-08 7.6220265572e-09 2.1001879904e-08
9.8144531250e+01 2.8542749580e-08 7.5999685109e-09 2.0942781069e-08
9.8205566406e+01 2.8400232447e-08 7.5677404977e-09 2.0832491950e-08
9.8266601562e+01 2.8255029029e-08 7.5378307293e-09 2.0717198300e-08
9.8327636719e+01 2.8145771430e-08 7.5155447834e-09 2.0630226647e-08
9.8388671875e+01 2.8069376844e-08 7.4966938640e-09 2.0572682980e-08
9.8449707031e+01 2.8004256349e-08 7.4763088011e-09 2.0527947548e-08
9.8510742188e+01 2.7928495730e-08 7.4521639270e-09 2.0476331803e-08
9.8571777344e+01 2.7821154896e-08 7.4210642968e-09 2.0400090599e-08
9.8632812500e+01 2.7673124057e-08 7.3803347383e-09 2.0292789318e-08
9.8693847656e+01 2.7497783499e-08 7.3333569657e-09 2.0164426533e-08
9.8754882812e+01 2.7316134816e-08 7.2870564007e-09 2.0029078415e-08
9.8815917969e+01 2.7135565955e-08 7.2437677919e-09 1.9891798163e-08
9.8876953125e+01 2.6952916412e-08 7.2000596981e-09 1.9752856714e-08
9.8937988281e+01 2.6769836062e-08 7.1532320977e-09 1.9616603964e-08
9.8999023438e+01 2.6594418539e-08 7.1052618896e-09 1.9489156649e-08
9.9060058594e+01 2.6432176940e-08 7.0595247897e-09 1.9372652150e-08
9.9121093750e+01 2.6281788681e-08 7.0164675707e-09 1.9265321110e-08
9.9182128906e+01 2.6135352748e-08 6.9737467229e-09 1.9161606025e-08
9.9243164062e+01 2.5979474619e-08 6.9284923934e-09 1.9050982226e-08
9.9304199219e+01 2.5804096785e-08 6.8793051773e-09 1.8924791607e-08
9.9365234375e+01 2.5615759541e-08 6.8281398879e-09 1.8787619654e-08
9.9426269531e+01 2.5433748258e-08 6.7793832661e-09 1.8654364992e-08
9.9487304688e+01 2.5267462866e-08 6.7351325998e-09 1.8532330266e-08
9.9548339844e+01 2.5108224349e-08 6.6930326701e-09 1.8415191679e-08
9.9609375000e+01 2.4947700300e-08 6.6501124345e-09 1.8297587866e-08
9.9670410156e+01 2.4791931087e-08 6.6067656169e-09 1.8185165470e-08
9.9731445312e+01 2.4654288693e-08 6.5664183894e-09 1.8087870304e-08
9.9792480469e+01 2.4540502734e-08 6.5319066441e-09 1.8008596090e-08
9.9853515625e+01 2.4438505301e-08 6.5016904208e-09 1.7936814881e-08
9.9914550781e+01 2.4322597641e-08 6.4702672300e-09 1.7852330411e-08
9.9975585938e+01 2.4171361339e-08 6.4327797435e-09 1.7738581595e-08
1.0003662109e+02 2.3982396850e-08 6.3885807731e-09 1.7593816077e-08
1.0009765625e+02 2.3768628310e-08 6.3401852498e-09 1.7428443060e-08
1.0015869141e+02 2.3540221543e-08 6.2889032886e-09 1.7251318255e-08
1.0021972656e+02 2.3294684160e-08 6.2324945856e-09 1.7062189574e-08
1.0028076172e+02 2.3025708596e-08 6.1679798137e-09 1.6857728782e-08
1.0034179688e+02 2.2733997839e-08 6.0953605355e-09 1.6638637303e-08
1.0040283203e+02 2.2427643623e-08 6.0174949048e-09 1.6410148718e-08
1.0046386719e+02 2.2116911668e-08 5.9372097326e-09 1.6179701936e-08
1.0052490234e+02 2.1810494058e-08 5.8558532676e-09 1.5954640790e-08
1.0058593750e+02 2.1517442735e-08 5.7753109816e-09 1.5742131753e-08
1.0064697266e+02 2.1246532557e-08 5.6988569745e-09 1.5547675582e-08
1.0070800781e+02 2.0997218301e-08 5.6278959753e-09 1.5369322326e-08
1.0076904297e+02 2.0759992387e-08 5.5608726168e-09 1.5199119770e-08
1.0083007812e+02 2.0531842716e-08 5.4969518702e-09 1.5034890846e-08
1.0089111328e+02 2.0323927518e-08 5.4382840046e-09 1.4885643513e-08
1.0095214844e+02 2.0150622345e-08 5.3877437870e-09 1.4762878558e-08
1.0101318359e+02 2.0015169845e-08 5.3456404207e-09 1.4669529424e-08
1.0107421875e+02 1.9907792429e-08 5.3093239077e-09 1.4598468521e-08
1.0113525391e+02 1.9815275461e-08 5.2757002293e-09 1.4539575232e-08
1.0119628906e+02 1.9729929465e-08 5.2434259303e-09 1.4486503535e-08
1.0125732422e+02 1.9650460811e-08 5.2128123405e-09 1.4437648471e-08
1.0131835938e+02 1.9575722304e-08 5.1842407252e-09 1.4391481579e-08
1.0137939453e+02 1.9496663439e-08 5.1563253865e-09 1.4340338052e-08
1.0144042969e+02 1.9398093181e-08 5.1260873527e-09 1.4272005828e-08
1.0150146484e+02 1.9274077765e-08 5.0921743372e-09 1.4181903428e-08
1.0156250000e+02 1.9137391736e-08 5.0565173604e-09 1.4080874375e-08
1.0162353516e+02 1.9007904805e-08 5.0215423995e-09 1.3986362406e-08
1.0168457031e+02 1.8895852036e-08 4.9880669953e-09 1.3907785041e-08
1.0174560547e+02 1.8800190350e-08 4.9572786283e-09 1.3842911722e-08
1.0180664062e+02 1.8714962208e-08 4.9314951704e-09 1.3783467038e-08
1.0186767578e+02 1.8628653838e-08 4.9102135204e-09 1.3718440318e-08
1.0192871094e+02 1.8525061221e-08 4.8882848117e-09 1.3636776410e-08
1.0198974609e+02 1.8396869374e-08 4.8609615127e-09 1.3535907861e-08
1.0205078125e+02 1.8254842272e-08 4.8284637879e-09 1.3426378484e-08
1.0211181641e+02 1.8116795595e-08 4.7940525125e-09 1.3322743082e-08
1.0217285156e+02 1.7992111983e-08 4.7600793962e-09 1.3232032587e-08
1.0223388672e+02 1.7877062370e-08 4.7262787623e-09 1.3150783607e-08
1.0229492188e+02 1.7759070071e-08 4.6905415504e-09 1.3068528521e-08
1.0235595703e+02 1.7631405609e-08 4.6529932737e-09 1.2978412335e-08
1.0241699219e+02 1.7508035161e-08 4.6192865973e-09 1.2888748563e-08
1.0247802734e+02 1.7413223880e-08 4.5960251821e-09 1.2817198698e-08
1.0253906250e+02 1.7352375524e-08 4.5829017738e-09 1.2769473750e-08
1.0260009766e+02 1.7300014335e-08 4.5720299780e-09 1.2727984357e-08
1.0266113281e+02 1.7218559115e-08 4.5542208695e-09 1.2664338245e-08
1.0272216797e+02 1.7088883119e-08 4.5254686262e-09 1.2563414492e-08
1.0278320312e+02 1.6923482918e-08 4.4888915520e-09 1.2434591366e-08
1.0284423828e+02 1.6752328462e-08 4.4512163234e-09 1.2301112138e-08
1.0290527344e+02 1.6602731758e-08 4.4184420942e-09 1.2184289663e-08
1.0296630859e+02 1.6491405339e-08 4.3944664262e-09 1.2096938912e-08
1.0302734375e+02 1.6422073796e-08 4.3804616253e-09 1.2041612171e-08
1.0308837891e+02 1.6384569043e-08 4.3739884221e-09 1.2010580621e-08
1.0314941406e+02 1.6362462712e-08 4.3707327423e-09 1.1991729970e-08
1.0321044922e+02 1.6344409825e-08 4.3680714596e-09 1.1976338366e-08
1.0327148438e+02 1.6326958603e-08 4.3659605100e-09 1.1960998093e-08
1.0333251953e+02 1.6308049104e-08 4.3641090975e-09 1.1943940007e-08
1.0339355469e+02 1.6281193988e-08 4.3597980238e-09 1.1921395964e-08
1.0345458984e+02 1.6240822812e-08 4.3507222252e-09 1.1890100587e-08
1.0351562500e+02 1.6193712183e-08 4.3393653526e-09 1.1854346830e-08
1.0357666016e+02 1.6157208153e-08 4.3314328076e-09 1.1825775345e-08
1.0363769531e+02 1.6141077607e-08 4.3291597128e-09 1.1811917894e-08
1.0369873047e+02 1.6135699135e-08 4.3279934634e-09 1.1807705671e-08
1.0375976562e+02 1.6120311516e-08 4.3205884992e-09 1.1799723017e-08
1.0382080078e+02 1.6076179486e-08 4.3025674329e-09 1.1773612053e-08
1.0388183594e+02 1.5991666429e-08 4.2738648307e-09 1.1717801599e-08
1.0394287109e+02 1.5863929692e-08 4.2362035259e-09 1.1627726166e-08
1.0400390625e+02 1.5698385875e-08 4.1906974333e-09 1.1507688441e-08
1.0406494141e+02 1.5504582090e-08 4.1380012070e-09 1.1366580883e-08
1.0412597656e+02 1.5291731837e-08 4.0793415325e-09 1.1212390304e-08
1.0418701172e+02 1.5065939563e-08 4.0161940839e-09 1.1049745479e-08
1.0424804688e+02 1.4833091067e-08 3.9505462045e-09 1.0882544862e-08
1.0430908203e+02 1.4604346511e-08 3.8862322757e-09 1.0718114235e-08
1.0437011719e+02 1.4394102202e-08 3.8282101469e-09 1.0565892055e-08
1.0443115234e+02 1.4212723242e-08 3.7797418087e-09 1.0432981433e-08
1.0449218750e+02 1.4060676140e-08 3.7401048742e-09 1.0320571266e-08
1.0455322266e+02 1.3926119360e-08 3.7047060005e-09 1.0221413360e-08
1.0461425781e+02 1.3792408757e-08 3.6686657589e-09 1.0123742998e-08
1.0467529297e+02 1.3653511838e-08 3.6314616010e-09 1.0022050237e-08
1.0473632812e+02 1.3520096162e-08 3.5974319691e-09 9.9226641928e-09
1.0479736328e+02 1.3408504022e-08 3.5712147505e-09 9.8372892711e-09
1.0485839844e+02 1.3325008889e-08 3.5531302906e-09 9.7718785985e-09
1.0491943359e+02 1.3261033635e-08 3.5392664614e-09 9.7217671739e-09
1.0498046875e+02 1.3201121810e-08 3.5250339198e-09 9.6760878899e-09
1.0504150391e+02 1.3134068036e-08 3.5077135080e-09 9.6263545278e-09
1.0510253906e+02 1.3057822108e-08 3.4864719180e-09 9.5713501900e-09
1.0516357422e+02 1.2975930255e-08 3.4614205657e-09 9.5145096897e-09
1.0522460938e+02 1.2893500829e-08 3.4337539014e-09 9.4597469280e-09
1.0528564453e+02 1.2816725576e-08 3.4063344963e-09 9.4103910793e-09
1.0534667969e+02 1.2748821389e-08 3.3820548800e-09 9.3667665090e-09
1.0540771484e+02 1.2684183510e-08 3.3610889289e-09 9.3230945812e-09
1.0546875000e+02 1.2612222173e-08 3.3409839582e-09 9.2712382152e-09
1.0552978516e+02 1.2529063800e-08 3.3197501440e-09 9.2093136559e-09
1.0559082031e+02 1.2443156923e-08 3.2984004093e-09 9.1447565141e-09
1.0565185547e+02 1.2367703131e-08 3.2799599274e-09 9.0877432037e-09
1.0571289062e+02 1.2306570004e-08 3.2654730852e-09 9.0410969185e-09
1.0577392578e+02 1.2248222771e-08 3.2516467072e-09 8.9965760641e-09
1.0583496094e+02 1.2175612432e-08 3.2335905587e-09 8.9420218735e-09
1.0589599609e+02 1.2082812370e-08 3.2098134685e-09 8.8729989016e-09
1.0595703125e+02 1.1980418673e-08 3.1837341546e-09 8.7966845187e-09
1.0601806641e+02 1.1883567284e-08 3.1601057817e-09 8.7234615019e-09
1.0607910156e+02 1.1796817427e-08 3.1404865947e-09 8.6563308319e-09
1.0614013672e+02 1.1713545313e-08 3.1226462472e-09 8.5908990662e-09
1.0620117188e+02 1.1628872178e-08 3.1042231399e-09 8.5246490377e-09
1.0626220703e+02 1.1547765085e-08 3.0857036880e-09 8.4620613969e-09
1.0632324219e+02 1.1477677780e-08 3.0689449004e-09 8.4087328798e-09
1.0638427734e+02 1.1418468258e-08 3.0545081167e-09 8.3639601418e-09
1.0644531250e+02 1.1363026164e-08 3.0414725324e-09 8.3215536315e-09
1.0650634766e+02 1.1303286195e-08 3.0282880640e-09 8.2749981310e-09
1.0656738281e+02 1.1234820985e-08 3.0138121654e-09 8.2210088194e-09
1.0662841797e+02 1.1159222063e-08 2.9983082782e-09 8.1609137847e-09
1.0668945312e+02 1.1081625243e-08 2.9825928467e-09 8.0990323958e-09
1.0675048828e+02 1.1004787963e-08 2.9662973396e-09 8.0384906235e-09
1.0681152344e+02 1.0926020082e-08 2.9477059946e-09 7.9783140876e-09
1.0687255859e+02 1.0840681532e-08 2.9252971797e-09 7.9153843525e-09
1.0693359375e+02 1.0749218020e-08 2.8997530384e-09 7.8494649815e-09
1.0699462891e+02 1.0658382093e-08 2.8741382935e-09 7.7842437992e-09
1.0705566406e+02 1.0575963572e-08 2.8517481057e-09 7.7242154667e-09
1.0711669922e+02 1.0507327750e-08 2.8341445198e-09 7.6731832304e-09
1.0717773438e+02 1.0451408497e-08 2.8199900501e-09 7.6314184473e-09
1.0723876953e+02 1.0396714132e-08 2.8051918505e-09 7.5915222814e-09
1.0729980469e+02 1.0330100042e-08 2.7863156247e-09 7.5437844178e-09
1.0736083984e+02 1.0252010146e-08 2.7640947761e-09 7.4879153696e-09
1.0742187500e+02 1.0177839398e-08 2.7425943916e-09 7.4352450062e-09
1.0748291016e+02 1.0123961282e-08 2.7255716428e-09 7.3983896396e-09
1.0754394531e+02 1.0092990594e-08 2.7134943734e-09 7.3794962207e-09
1.0760498047e+02 1.0072468718e-08 2.7034987130e-09 7.3689700048e-09
1.0766601562e+02 1.0046146272e-08 2.6918973150e-09 7.3542489569e-09
1.0772705078e+02 1.0004713784e-08 2.6765251535e-09 7.3281886300e-09
1.0778808594e+02 9.9509231074e-09 2.6581096071e-09 7.2928135003e-09
1.0784912109e+02 9.8970591744e-09 2.6398432803e-09 7.2572158940e-09
1.0791015625e+02 9.8524254643e-09 2.6242065632e-09 7.2282189011e-09
1.0797119141e+02 9.8126436606e-09 2.6102915696e-09 7.2023520910e-09
1.0803222656e+02 9.7641629982e-09 2.5950665432e-09 7.1690964550e-09
1.0809326172e+02 9.6998425638e-09 2.5771036073e-09 7.1227389565e-09
1.0815429688e+02 9.6285462169e-09 2.5586140668e-09 7.0699321500e-09
1.0821533203e+02 9.5667164857e-09 2.5434320520e-09 7.0232844337e-09
1.0827636719e+02 9.5218399502e-09 2.5331820074e-09 6.9886579428e-09
1.0833740234e+02 9.4868082908e-09 2.5257955154e-09 6.9610127753e-09
1.0839843750e+02 9.4494015966e-09 2.5179094005e-09 6.9314921961e-09
1.0845947266e+02 9.4063722253e-09 2.5087766901e-09 6.8975955352e-09
1.0852050781e+02 9.3667090377e-09 2.5010458888e-09 6.8656631489e-09
1.0858154297e+02 9.3412967934e-09 2.4975589184e-09 6.8437378750e-09
1.0864257812e+02 9.3323922619e-09 2.4982823857e-09 6.8341098762e-09
1.0870361328e+02 9.3315618118e-09 2.4999769958e-09 6.8315848159e-09
1.0876464844e+02 9.3267627908e-09 2.4987866511e-09 6.8279761397e-09
1.0882568359e+02 9.3142687890e-09 2.4939904739e-09 6.8202783151e-09
1.0888671875e+02 9.3032185466e-09 2.4886687082e-09 6.8145498384e-09
1.0894775391e+02 9.3070154041e-09 2.4862570973e-09 6.8207583068e-09
1.0900878906e+02 9.3294058075e-09 2.4869137992e-09 6.8424920083e-09
1.0906982422e+02 9.3580965729e-09 2.4872788297e-09 6.8708177432e-09
1.0913085938e+02 9.3733176662e-09 2.4836399741e-09 6.8896776921e-09
1.0919189453e+02 9.3616585394e-09 2.4747418243e-09 6.8869167151e-09
1.0925292969e+02 9.3213925967e-09 2.4614144330e-09 6.8599781637e-09
1.0931396484e+02 9.2602548227e-09 2.4449134706e-09 6.8153413521e-09
1.0937500000e+02 9.1898029592e-09 2.4263005434e-09 6.7635024158e-09
1.0943603516e+02 9.1171163300e-09 2.4064681558e-09 6.7106481741e-09
1.0949707031e+02 9.0390379139e-09 2.3856385627e-09 6.6533993512e-09
1.0955810547e+02 8.9455940363e-09 2.3627965713e-09 6.5827974650e-09
1.0961914062e+02 8.8314705138e-09 2.3365762026e-09 6.4948943112e-09
1.0968017578e+02 8.7029983983e-09 2.3068867283e-09 6.3961116700e-09
1.0974121094e+02 8.5722122676e-09 2.2752980728e-09 6.2969141949e-09
1.0980224609e+02 8.4470435789e-09 2.2440307614e-09 6.2030128175e-09
1.0986328125e+02 8.3278709252e-09 2.2143724970e-09 6.1134984282e-09
1.0992431641e+02 8.2115195287e-09 2.1861610810e-09 6.0253584477e-09
1.0998535156e+02 8.0991140701e-09 2.1593988682e-09 5.9397152020e-09
1.1004638672e+02 7.9983473417e-09 2.1354263176e-09 5.8629210240e-09
1.1010742188e+02 7.9173236334e-09 2.1158358756e-09 5.8014877579e-09
1.1016845703e+02 7.8590309466e-09 2.1012709385e-09 5.7577600081e-09
1.1022949219e+02 7.8204439914e-09 2.0913764001e-09 5.7290675913e-09
1.1029052734e+02 7.7943622997e-09 2.0850855526e-09 5.7092767471e-09
1.1035156250e+02 7.7736142652e-09 2.0809039698e-09 5.6927102954e-09
1.1041259766e+02 7.7558932516e-09 2.0776842076e-09 5.6782090440e-09
1.1047363281e+02 7.7450799332e-09 2.0756504884e-09 5.6694294448e-09
1.1053466797e+02 7.7458336209e-09 2.0758202653e-09 5.6700133556e-09
1.1059570312e+02 7.7561747111e-09 2.0780148625e-09 5.6781598486e-09
1.1065673828e+02 7.7676950825e-09 2.0805935834e-09 5.6871014991e-09
1.1071777344e+02 7.7730820536e-09 2.0822674823e-09 5.6908145713e-09
1.1077880859e+02 7.7720458956e-09 2.0831616442e-09 5.6888842515e-09
1.1083984375e+02 7.7705233713e-09 2.0840273546e-09 5.6864960167e-09
1.1090087891e+02 7.7751935623e-09 2.0851775730e-09 5.6900159892e-09
1.1096191406e+02 7.7886120441e-09 2.0864894495e-09 5.7021225946e-09
1.1102294922e+02 7.8075397631e-09 2.0877676732e-09 5.7197720899e-09
1.1108398438e+02 7.8262070338e-09 2.0890779482e-09 5.7371290856e-09
1.1114501953e+02 7.8431545513e-09 2.0912175253e-09 5.7519370259e-09
1.1120605469e+02 7.8617731902e-09 2.0949993460e-09 5.7667738442e-09
1.1126708984e+02 7.8834056746e-09 2.0998667011e-09 5.7835389735e-09
1.1132812500e+02 7.9043999690e-09 2.1041925470e-09 5.8002074220e-09
1.1138916016e+02 7.9191567483e-09 2.1066236615e-09 5.8125330867e-09
1.1145019531e+02 7.9236034939e-09 2.1067162543e-09 5.8168872396e-09
1.1151123047e+02 7.9173747041e-09 2.1049647719e-09 5.8124099322e-09
1.1157226562e+02 7.9044228458e-09 2.1026880815e-09 5.8017347643e-09
1.1163330078e+02 7.8916121266e-09 2.1016510278e-09 5.7899610988e-09
1.1169433594e+02 7.8840307143e-09 2.1029032508e-09 5.7811274635e-09
1.1175537109e+02 7.8796245785e-09 2.1056999661e-09 5.7739246124e-09
1.1181640625e+02 7.8701149039e-09 2.1082262257e-09 5.7618886783e-09
1.1187744141e+02 7.8478899883e-09 2.1090842956e-09 5.7388056927e-09
1.1193847656e+02 7.8127644771e-09 2.1079566214e-09 5.7048078557e-09
1.1199951172e+02 7.7730068511e-09 2.1056348226e-09 5.6673720285e-09
1.1206054688e+02 7.7381391425e-09 2.1032620692e-09 5.6348770733e-09
1.1212158203e+02 7.7110387983e-09 2.1012658273e-09 5.6097729711e-09
1.1218261719e+02 7.6874875817e-09 2.0990658898e-09 5.5884216920e-09
1.1224365234e+02 7.6616194314e-09 2.0956756762e-09 5.5659437552e-09
1.1230468750e+02 7.6323677826e-09 2.0908667983e-09 5.5415009842e-09
1.1236572266e+02 7.6041313554e-09 2.0854025581e-09 5.5187287973e-09
1.1242675781e+02 7.5798512376e-09 2.0795511814e-09 5.5003000561e-09
1.1248779297e+02 7.5562898468e-09 2.0721445886e-09 5.4841452583e-09
1.1254882812e+02 7.5267491957e-09 2.0615293329e-09 5.4652198628e-09
1.1260986328e+02 7.4866598605e-09 2.0471284468e-09 5.4395314138e-09
1.1267089844e+02 7.4381630647e-09 2.0303728662e-09 5.4077901985e-09
1.1273193359e+02 7.3896317525e-09 2.0139325780e-09 5.3756991745e-09
1.1279296875e+02 7.3492958967e-09 1.9994861769e-09 5.3498097198e-09
1.1285400391e+02 7.3186114927e-09 1.9864088275e-09 5.3322026651e-09
1.1291503906e+02 7.2899312358e-09 1.9725392335e-09 5.3173920023e-09
1.1297607422e+02 7.2505470923e-09 1.9557511653e-09 5.2947959270e-09
1.1303710938e+02 7.1912451048e-09 1.9349733027e-09 5.2562718021e-09
1.1309814453e+02 7.1126791308e-09 1.9106810710e-09 5.2019980598e-09
1.1315917969e+02 7.0246852256e-09 1.8849739829e-09 5.1397112427e-09
1.1322021484e+02 6.9378592901e-09 1.8601658391e-09 5.0776934510e-09
1.1328125000e+02 6.8542094177e-09 1.8366438811e-09 5.0175655366e-09
1.1334228516e+02 6.7680289081e-09 1.8130083820e-09 4.9550205261e-09
1.1340332031e+02 6.6760474798e-09 1.7884971608e-09 4.8875503190e-09
1.1346435547e+02 6.5841625563e-09 1.7645507895e-09 4.8196117668e-09
1.1352539062e+02 6.5032259424e-09 1.7436648621e-09 4.7595610803e-09
1.1358642578e+02 6.4394342651e-09 1.7269136470e-09 4.7125206181e-09
1.1364746094e+02 6.3901636438e-09 1.7130872024e-09 4.6770764414e-09
1.1370849609e+02 6.3476698387e-09 1.7000323199e-09 4.6476375189e-09
1.1376953125e+02 6.3059102137e-09 1.6866295466e-09 4.6192806672e-09
1.1383056641e+02 6.2661298192e-09 1.6739991910e-09 4.5921306282e-09
1.1389160156e+02 6.2360453216e-09 1.6645859791e-09 4.5714593425e-09
1.1395263672e+02 6.2223043566e-09 1.6596870676e-09 4.5626172889e-09
1.1401367188e+02 6.2245285213e-09 1.6582765156e-09 4.5662520057e-09
1.1407470703e+02 6.2363648522e-09 1.6581376310e-09 4.5782272212e-09
1.1413574219e+02 6.2508664802e-09 1.6576631878e-09 4.5932032924e-09
1.1419677734e+02 6.2654326650e-09 1.6569136047e-09 4.6085190603e-09
1.1425781250e+02 6.2828323511e-09 1.6575076151e-09 4.6253247360e-09
1.1431884766e+02 6.3066029038e-09 1.6611097600e-09 4.6454931438e-09
1.1437988281e+02 6.3336722228e-09 1.6671735484e-09 4.6664986745e-09
1.1444091797e+02 6.3534745777e-09 1.6725233632e-09 4.6809512145e-09
1.1450195312e+02 6.3579246920e-09 1.6742792770e-09 4.6836454150e-09
1.1456298828e+02 6.3506775724e-09 1.6730054084e-09 4.6776721640e-09
1.1462402344e+02 6.3433893492e-09 1.6720813853e-09 4.6713079639e-09
1.1468505859e+02 6.3439694317e-09 1.6741103202e-09 4.6698591115e-09
1.1474609375e+02 6.3496238653e-09 1.6784045590e-09 4.6712193063e-09
1.1480712891e+02 6.3496471890e-09 1.6817678382e-09 4.6678793509e-09
1.1486816406e+02 6.3342821347e-09 1.6814025752e-09 4.6528795594e-09
1.1492919922e+02 6.3025555818e-09 1.6772127022e-09 4.6253428796e-09
1.1499023438e+02 6.2630475333e-09 1.6716383834e-09 4.5914091499e-09
1.1505126953e+02 6.2262526090e-09 1.6671590671e-09 4.5590935419e-09
1.1511230469e+02 6.1953326577e-09 1.6639603645e-09 4.5313722932e-09
1.1517333984e+02 6.1650504452e-09 1.6603580704e-09 4.5046923748e-09
1.1523437500e+02 6.1284439544e-09 1.6548023968e-09 4.4736415576e-09
1.1529541016e+02 6.0826998319e-09 1.6468300335e-09 4.4358697984e-09
1.1535644531e+02 6.0306921899e-09 1.6371233412e-09 4.3935688488e-09
1.1541748047e+02 5.9797039701e-09 1.6274480422e-09 4.3522559279e-09
1.1547851562e+02 5.9371740471e-09 1.6195866068e-09 4.3175874403e-09
1.1553955078e+02 5.9044725736e-09 1.6134504195e-09 4.2910221540e-09
1.1560058594e+02 5.8753230965e-09 1.6068303025e-09 4.2684927940e-09
1.1566162109e+02 5.8425525789e-09 1.5976493524e-09 4.2449032265e-09
1.1572265625e+02 5.8058795429e-09 1.5861533192e-09 4.2197262236e-09
1.1578369141e+02 5.7715170576e-09 1.5745879784e-09 4.1969290792e-09
1.1584472656e+02 5.7444098267e-09 1.5647680515e-09 4.1796417752e-09
1.1590576172e+02 5.7225631909e-09 1.5562047874e-09 4.1663584035e-09
1.1596679688e+02 5.6997377078e-09 1.5468664193e-09 4.1528712884e-09
1.1602783203e+02 5.6722305121e-09 1.5354168314e-09 4.1368136807e-09
1.1608886719e+02 5.6418997255e-09 1.5223269224e-09 4.1195728030e-09
1.1614990234e+02 5.6133301445e-09 1.5090734447e-09 4.1042566999e-09
1.1621093750e+02 5.5888409711e-09 1.4966276457e-09 4.0922133254e-09
1.1627197266e+02 5.5662540323e-09 1.4848154627e-09 4.0814385695e-09
1.1633300781e+02 5.5406822895e-09 1.4728050375e-09 4.0678772520e-09
1.1639404297e+02 5.5079079748e-09 1.4597915023e-09 4.0481164725e-09
1.1645507812e+02 5.4669157299e-09 1.4454428673e-09 4.0214728626e-09
1.1651611328e+02 5.4195996096e-09 1.4300690127e-09 3.9895305969e-09
1.1657714844e+02 5.3681855185e-09 1.4144479565e-09 3.9537375621e-09
1.1663818359e+02 5.3138347263e-09 1.3994218971e-09 3.9144128292e-09
1.1669921875e+02 5.2572024546e-09 1.3853008732e-09 3.8719015815e-09
1.1676025391e+02 5.1994658008e-09 1.3717113955e-09 3.8277544053e-09
1.1682128906e+02 5.1432940492e-09 1.3584724402e-09 3.7848216090e-09
1.1688232422e+02 5.0922487366e-09 1.3462044084e-09 3.7460443282e-09
1.1694335938e+02 5.0479845557e-09 1.3355572424e-09 3.7124273134e-09
1.1700439453e+02 5.0082797102e-09 1.3262939237e-09 3.6819857865e-09
1.1706542969e+02 4.9683746563e-09 1.3174652734e-09 3.6509093830e-09
1.1712646484e+02 4.9245486742e-09 1.3082631273e-09 3.6162855469e-09
1.1718750000e+02 4.8768411594e-09 1.2986233739e-09 3.5782177854e-09
1.1724853516e+02 4.8286291697e-09 1.2890769382e-09 3.5395522315e-09
1.1730957031e+02 4.7837970253e-09 1.2800905156e-09 3.5037065097e-09
1.1737060547e+02 4.7437308776e-09 1.2715331513e-09 3.4721977264e-09
1.1743164062e+02 4.7061963905e-09 1.2626867109e-09 3.4435096796e-09
1.1749267578e+02 4.6675891753e-09 1.2528425279e-09 3.4147466474e-09
1.1755371094e+02 4.6268962996e-09 1.2420516785e-09 3.3848446211e-09
1.1761474609e+02 4.5870820354e-09 1.2313150569e-09 3.3557669785e-09
1.1767578125e+02 4.5520421378e-09 1.2218498140e-09 3.3301923238e-09
1.1773681641e+02 4.5220684482e-09 1.2139508638e-09 3.3081175844e-09
1.1779785156e+02 4.4926877092e-09 1.2065409734e-09 3.2861467357e-09
1.1785888672e+02 4.4579942443e-09 1.1978326038e-09 3.2601616405e-09
1.1791992188e+02 4.4153177342e-09 1.1866123520e-09 3.2287053822e-09
1.1798095703e+02 4.3681156237e-09 1.1734144248e-09 3.1947011989e-09
1.1804199219e+02 4.3244454256e-09 1.1605182205e-09 3.1639272050e-09
1.1810302734e+02 4.2903999569e-09 1.1502018947e-09 3.1401980621e-09
1.1816406250e+02 4.2642363877e-09 1.1427121362e-09 3.1215242516e-09
1.1822509766e+02 4.2383771124e-09 1.1362121493e-09 3.1021649631e-09
1.1828613281e+02 4.2073105791e-09 1.1287517629e-09 3.0785588162e-09
1.1834716797e+02 4.1716148967e-09 1.1198402733e-09 3.0517746234e-09
1.1840820312e+02 4.1343788070e-09 1.1100476459e-09 3.0243311611e-09
1.1846923828e+02 4.0969792342e-09 1.0999354161e-09 2.9970438181e-09
1.1853027344e+02 4.0590816871e-09 1.0898308342e-09 2.9692508529e-09
1.1859130859e+02 4.0194923849e-09 1.0798314958e-09 2.9396608891e-09
1.1865234375e+02 3.9765400464e-09 1.0696007186e-09 2.9069393279e-09
1.1871337891e+02 3.9305905988e-09 1.0588304514e-09 2.8717601474e-09
1.1877441406e+02 3.8862109219e-09 1.0480933826e-09 2.8381175393e-09
1.1883544922e+02 3.8491009027e-09 1.0385700433e-09 2.8105308594e-09
1.1889648438e+02 3.8202493978e-09 1.0307041244e-09 2.7895452733e-09
1.1895751953e+02 3.7945561185e-09 1.0235787818e-09 2.7709773367e-09
1.1901855469e+02 3.7653742794e-09 1.0157801640e-09 2.7495941154e-09
1.1907958984e+02 3.7299306416e-09 1.0067409819e-09 2.7231896597e-09
1.1914062500e+02 3.6914108588e-09 9.9737120653e-10 2.6940396523e-09
1.1920166016e+02 3.6564562421e-09 9.8937096939e-10 2.6670852727e-09
1.1926269531e+02 3.6292952515e-09 9.8359021974e-10 2.6457050318e-09
1.1932373047e+02 3.6078445408e-09 9.7909544025e-10 2.6287491005e-09
1.1938476562e+02 3.5869653800e-09 9.7428398636e-10 2.6126813937e-09
1.1944580078e+02 3.5653693621e-09 9.6883242866e-10 2.5965369334e-09
1.1950683594e+02 3.5470649264e-09 9.6394603112e-10 2.5831188953e-09
1.1956787109e+02 3.5356831393e-09 9.6068915691e-10 2.5749939824e-09
1.1962890625e+02 3.5294273384e-09 9.5863356982e-10 2.5707937686e-09
1.1968994141e+02 3.5222079556e-09 9.5622743688e-10 2.5659805187e-09
1.1975097656e+02 3.5088229244e-09 9.5220531744e-10 2.5566176070e-09
1.1981201172e+02 3.4892103219e-09 9.4663955294e-10 2.5425707689e-09
1.1987304688e+02 3.4688234300e-09 9.4088937581e-10 2.5279340542e-09
1.1993408203e+02 3.4547939755e-09 9.3655632493e-10 2.5182376505e-09
1.1999511719e+02 3.4498070962e-09 9.3406058648e-10 2.5157465097e-09
1.2005615234e+02 3.4492379489e-09 9.3214954726e-10 2.5170884016e-09
1.2011718750e+02 3.4454787095e-09 9.2911053031e-10 2.5163681792e-09
1.2017822266e+02 3.4346766648e-09 9.2437613601e-10 2.5103005288e-09
1.2023925781e+02 3.4192381361e-09 9.1893723779e-10 2.5003008983e-09
1.2030029297e+02 3.4054163463e-09 9.1452851168e-10 2.4908878346e-09
1.2036132812e+02 3.3979171809e-09 9.1221606559e-10 2.4857011153e-09
1.2042236328e+02 3.3951921887e-09 9.1134977568e-10 2.4838424130e-09
1.2048339844e+02 3.3903924157e-09 9.0997211294e-10 2.4804203028e-09
1.2054443359e+02 3.3774104595e-09 9.0644035990e-10 2.4709700996e-09
1.2060546875e+02 3.3559285530e-09 9.0076209132e-10 2.4551664617e-09
1.2066650391e+02 3.3310360434e-09 8.9444549315e-10 2.4365905503e-09
1.2072753906e+02 3.3086272410e-09 8.8912155963e-10 2.4195056814e-09
1.2078857422e+02 3.2913559749e-09 8.8537002312e-10 2.4059859518e-09
1.2084960938e+02 3.2774725404e-09 8.8247050292e-10 2.3950020374e-09
1.2091064453e+02 3.2622246424e-09 8.7890408736e-10 2.3833205550e-09
1.2097167969e+02 3.2415121413e-09 8.7347513271e-10 2.3680370086e-09
1.2103271484e+02 3.2152867835e-09 8.6626246969e-10 2.3490243138e-09
1.2109375000e+02 3.1873627635e-09 8.5845426105e-10 2.3289085024e-09
1.2115478516e+02 3.1619731847e-09 8.5135425156e-10 2.3106189331e-09
1.2121582031e+02 3.1405787279e-09 8.4552145530e-10 2.2950572726e-09
1.2127685547e+02 3.1219895044e-09 8.4070523465e-10 2.2812842697e-09
1.2133789062e+02 3.1049018552e-09 8.3643491507e-10 2.2684669401e-09
1.2139892578e+02 3.0894969877e-09 8.3253606760e-10 2.2569609201e-09
1.2145996094e+02 3.0771998052e-09 8.2923498201e-10 2.2479648232e-09
1.2152099609e+02 3.0693494586e-09 8.2686579553e-10 2.2424836631e-09
1.2158203125e+02 3.0655304382e-09 8.2534649969e-10 2.2401839385e-09
1.2164306641e+02 3.0634116944e-09 8.2407034834e-10 2.2393413460e-09
1.2170410156e+02 3.0605425045e-09 8.2245899728e-10 2.2380835072e-09
1.2176513672e+02 3.0558939837e-09 8.2042685324e-10 2.2354671304e-09
1.2182617188e+02 3.0496703890e-09 8.1818626657e-10 2.2314841224e-09
1.2188720703e+02 3.0424847834e-09 8.1588271042e-10 2.2266020730e-09
1.2194824219e+02 3.0355902114e-09 8.1375161509e-10 2.2218385963e-09
1.2200927734e+02 3.0312190046e-09 8.1238323190e-10 2.2188357727e-09
1.2207031250e+02 3.0312058831e-09 8.1231846856e-10 2.2188874146e-09
1.2213134766e+02 3.0353767402e-09 8.1346738884e-10 2.2219093514e-09
1.2219238281e+02 3.0415915765e-09 8.1516209630e-10 2.2264294802e-09
1.2225341797e+02 3.0467188267e-09 8.1657626449e-10 2.2301425622e-09
1.2231445312e+02 3.0480091365e-09 8.1708351798e-10 2.2309256185e-09
1.2237548828e+02 3.0447671849e-09 8.1658279240e-10 2.2281843925e-09
1.2243652344e+02 3.0390359019e-09 8.1563547540e-10 2.2234004265e-09
1.2249755859e+02 3.0342612004e-09 8.1510984741e-10 2.2191513530e-09
1.2255859375e+02 3.0328028380e-09 8.1550972867e-10 2.2172931093e-09
1.2261962891e+02 3.0345143145e-09 8.1662051901e-10 2.2178937955e-09
1.2268066406e+02 3.0371682917e-09 8.1771448720e-10 2.2194538045e-09
1.2274169922e+02 3.0376628771e-09 8.1796979142e-10 2.2196930857e-09
1.2280273438e+02 3.0338446446e-09 8.1689259315e-10 2.2169520515e-09
1.2286376953e+02 3.0263020173e-09 8.1459672414e-10 2.2117052932e-09
1.2292480469e+02 3.0179891551e-09 8.1169466750e-10 2.2062944876e-09
1.2298583984e+02 3.0114821697e-09 8.0885788076e-10 2.2026242889e-09
1.2304687500e+02 3.0062878914e-09 8.0634703676e-10 2.1999408546e-09
1.2310791016e+02 2.9989439232e-09 8.0386258516e-10 2.1950813381e-09
1.2316894531e+02 2.9860687897e-09 8.0077734982e-10 2.1852914399e-09
1.2322998047e+02 2.9676366008e-09 7.9662211867e-10 2.1710144821e-09
1.2329101562e+02 2.9480020852e-09 7.9175296666e-10 2.1562491186e-09
1.2335205078e+02 2.9332967415e-09 7.8742739217e-10 2.1458693494e-09
1.2341308594e+02 2.9263819954e-09 7.8468728413e-10 2.1416947113e-09
1.2347412109e+02 2.9246141841e-09 7.8335880296e-10 2.1412553811e-09
1.2353515625e+02 2.9230861394e-09 7.8248970429e-10 2.1405964351e-09
1.2359619141e+02 2.9189217657e-09 7.8134299311e-10 2.1375787726e-09
1.2365722656e+02 2.9123193153e-09 7.7976958997e-10 2.1325497253e-09
1.2371826172e+02 2.9052159352e-09 7.7811482002e-10 2.1271011152e-09
1.2377929688e+02 2.8995828617e-09 7.7692135636e-10 2.1226615053e-09
1.2384033203e+02 2.8957633136e-09 7.7639673904e-10 2.1193665746e-09
1.2390136719e+02 2.8919891048e-09 7.7615578701e-10 2.1158333178e-09
1.2396240234e+02 2.8866408353e-09 7.7578267655e-10 2.1108581588e-09
1.2402343750e+02 2.8809356765e-09 7.7553119935e-10 2.1054044772e-09
1.2408447266e+02 2.8778232926e-09 7.7601640355e-10 2.1018068891e-09
1.2414550781e+02 2.8779823277e-09 7.7721967654e-10 2.1007626511e-09
1.2420654297e+02 2.8780722803e-09 7.7820564543e-10 2.0998666349e-09
1.2426757812e+02 2.8736259819e-09 7.7798066561e-10 2.0956453163e-09
1.2432861328e+02 2.8632169441e-09 7.7639983327e-10 2.0868171109e-09
1.2438964844e+02 2.8492304490e-09 7.7406274414e-10 2.0751677048e-09
1.2445068359e+02 2.8350680368e-09 7.7155283579e-10 2.0635152010e-09
1.2451171875e+02 2.8221388229e-09 7.6895383718e-10 2.0531849857e-09
1.2457275391e+02 2.8091869430e-09 7.6592355493e-10 2.0432633881e-09
1.2463378906e+02 2.7942219675e-09 7.6212757731e-10 2.0320943902e-09
1.2469482422e+02 2.7771040011e-09 7.5763594718e-10 2.0194680539e-09
1.2475585938e+02 2.7603227303e-09 7.5293506545e-10 2.0073876648e-09
1.2481689453e+02 2.7474482156e-09 7.4865605203e-10 1.9987921636e-09
1.2487792969e+02 2.7403889242e-09 7.4521484568e-10 1.9951740785e-09
1.2493896484e+02 2.7374611886e-09 7.4245087161e-10 1.9950103170e-09
1.2500000000e+02 2.7342877847e-09 7.3958482677e-10 1.9947029580e-09
1.2506103516e+02 2.7272286115e-09 7.3579182481e-10 1.9914367867e-09
1.2512207031e+02 2.7164701244e-09 7.3100684073e-10 1.9854632837e-09
1.2518310547e+02 2.7058717670e-09 7.2607073231e-10 1.9798010347e-09
1.2524414062e+02 2.6993010984e-09 7.2192662037e-10 1.9773744780e-09
1.2530517578e+02 2.6968070043e-09 7.1871583460e-10 1.9780911697e-09
1.2536621094e+02 2.6944866373e-09 7.1571545685e-10 1.9787711804e-09
1.2542724609e+02 2.6880151601e-09 7.1207068008e-10 1.9759444800e-09
1.2548828125e+02 2.6764054442e-09 7.0759354073e-10 1.9688119035e-09
1.2554931641e+02 2.6626166659e-09 7.0290766965e-10 1.9597089963e-09
1.2561035156e+02 2.6503539506e-09 6.9876677415e-10 1.9515871765e-09
1.2567138672e+02 2.6401712161e-09 6.9527726204e-10 1.9448939541e-09
1.2573242188e+02 2.6289296492e-09 6.9188750409e-10 1.9370421452e-09
1.2579345703e+02 2.6127905453e-09 6.8797847061e-10 1.9248120747e-09
1.2585449219e+02 2.5900910509e-09 6.8323635453e-10 1.9068546964e-09
1.2591552734e+02 2.5619279584e-09 6.7765985828e-10 1.8842681001e-09
1.2597656250e+02 2.5315279540e-09 6.7163392207e-10 1.8598940320e-09
1.2603759766e+02 2.5030749160e-09 6.6593539596e-10 1.8371395200e-09
1.2609863281e+02 2.4796555101e-09 6.6129402385e-10 1.8183614862e-09
1.2615966797e+02 2.4614472425e-09 6.5783025185e-10 1.8036169906e-09
1.2622070312e+02 2.4458546088e-09 6.5492097825e-10 1.7909336305e-09
1.2628173828e+02 2.4295129908e-09 6.5159449303e-10 1.7779184978e-09
1.2634277344e+02 2.4105944528e-09 6.4722261206e-10 1.7633718407e-09
1.2640380859e+02 2.3897062814e-09 6.4196330771e-10 1.7477429736e-09
1.2646484375e+02 2.3686442865e-09 6.3641801857e-10 1.7322262679e-09
1.2652587891e+02 2.3484384728e-09 6.3093942517e-10 1.7174990476e-09
1.2658691406e+02 2.3292112225e-09 6.2558915877e-10 1.7036220637e-09
1.2664794922e+02 2.3117083457e-09 6.2063430224e-10 1.6910740434e-09
1.2670898438e+02 2.2975229716e-09 6.1654638198e-10 1.6809765896e-09
1.2677001953e+02 2.2876451440e-09 6.1349584380e-10 1.6741493002e-09
1.2683105469e+02 2.2816965384e-09 6.1121176358e-10 1.6704847748e-09
1.2689208984e+02 2.2777874571e-09 6.0917598042e-10 1.6686114766e-09
1.2695312500e+02 2.2726177174e-09 6.0673531258e-10 1.6658824049e-09
1.2701416016e+02 2.2631686227e-09 6.0335146082e-10 1.6598171619e-09
1.2707519531e+02 2.2487420768e-09 5.9894640256e-10 1.6497956742e-09
1.2713623047e+02 2.2308242716e-09 5.9388949779e-10 1.6369347738e-09
1.2719726562e+02 2.2113145294e-09 5.8861798441e-10 1.6226965450e-09
1.2725830078e+02 2.1911891789e-09 5.8330829051e-10 1.6078808883e-09
1.2731933594e+02 2.1705312684e-09 5.7791255216e-10 1.5926187162e-09
1.2738037109e+02 2.1492431209e-09 5.7239867179e-10 1.5768444491e-09
1.2744140625e+02 2.1275469617e-09 5.6689665015e-10 1.5606503116e-09
1.2750244141e+02 2.1060078410e-09 5.6166718745e-10 1.5443406536e-09
1.2756347656e+02 2.0846512457e-09 5.5679798224e-10 1.5278532634e-09
1.2762451172e+02 2.0620305895e-09 5.5187607831e-10 1.5101545112e-09
1.2768554688e+02 2.0362978894e-09 5.4623474127e-10 1.4900631481e-09
1.2774658203e+02 2.0074313415e-09 5.3961338743e-10 1.4678179541e-09
1.2780761719e+02 1.9775297853e-09 5.3237488383e-10 1.4451549015e-09
1.2786865234e+02 1.9489454989e-09 5.2510099283e-10 1.4238445061e-09
1.2792968750e+02 1.9228409450e-09 5.1819358101e-10 1.4046473640e-09
1.2799072266e+02 1.8993883081e-09 5.1183471315e-10 1.3875535949e-09
1.2805175781e+02 1.8782904222e-09 5.0603043486e-10 1.3722599874e-09
1.2811279297e+02 1.8586680258e-09 5.0055062589e-10 1.3581173999e-09
1.2817382812e+02 1.8392616389e-09 4.9500715782e-10 1.3442544811e-09
1.2823486328e+02 1.8192254433e-09 4.8910239324e-10 1.3301230501e-09
1.2829589844e+02 1.7984873642e-09 4.8278844048e-10 1.3156989238e-09
1.2835693359e+02 1.7774548922e-09 4.7625656087e-10 1.3011983314e-09
1.2841796875e+02 1.7566045819e-09 4.6978268127e-10 1.2868219007e-09
1.2847900391e+02 1.7363720551e-09 4.6357712584e-10 1.2727949292e-09
1.2854003906e+02 1.7172250573e-09 4.5779964644e-10 1.2594254108e-09
1.2860107422e+02 1.6994436327e-09 4.5258423058e-10 1.2468594021e-09
1.2866210938e+02 1.6828217328e-09 4.4794428295e-10 1.2348774499e-09
1.2872314453e+02 1.6667521777e-09 4.4368642326e-10 1.2230657545e-09
1.2878417969e+02 1.6506523812e-09 4.3948505816e-10 1.2111673230e-09
1.2884521484e+02 1.6346512747e-09 4.3518044263e-10 1.1994708320e-09
1.2890625000e+02 1.6197462346e-09 4.3099947449e-10 1.1887467601e-09
1.2896728516e+02 1.6067346523e-09 4.2733420698e-10 1.1794004453e-09
1.2902832031e+02 1.5953252607e-09 4.2436651313e-10 1.1709587476e-09
1.2908935547e+02 1.5845615565e-09 4.2195948405e-10 1.1626020725e-09
1.2915039062e+02 1.5737167098e-09 4.1980668641e-10 1.1539100234e-09
1.2921142578e+02 1.5630318853e-09 4.1774352501e-10 1.1452883602e-09
1.2927246094e+02 1.5539728324e-09 4.1598790222e-10 1.1379849302e-09
1.2933349609e+02 1.5482757292e-09 4.1496470915e-10 1.1333110201e-09
1.2939453125e+02 1.5462131109e-09 4.1482339144e-10 1.1313897195e-09
1.2945556641e+02 1.5459497557e-09 4.1519574991e-10 1.1307540058e-09
1.2951660156e+02 1.5449198391e-09 4.1547859955e-10 1.1294412395e-09
1.2957763672e+02 1.5416802087e-09 4.1527102324e-10 1.1264091854e-09
1.2963867188e+02 1.5364005187e-09 4.1451078853e-10 1.1218897302e-09
1.2969970703e+02 1.5301385205e-09 4.1337000226e-10 1.1167685182e-09
1.2976074219e+02 1.5236898785e-09 4.1205767710e-10 1.1116322014e-09
1.2982177734e+02 1.5168094885e-09 4.1059026446e-10 1.1062192240e-09
1.2988281250e+02 1.5086913737e-09 4.0878701558e-10 1.0999043581e-09
1.2994384766e+02 1.4990603015e-09 4.0650165720e-10 1.0925586443e-09
1.3000488281e+02 1.4885489656e-09 4.0377851918e-10 1.0847704465e-09
1.3006591797e+02 1.4782032059e-09 4.0084355266e-10 1.0773596532e-09
1.3012695312e+02 1.4685679653e-09 3.9794820131e-10 1.0706197640e-09
1.3018798828e+02 1.4591794337e-09 3.9512583123e-10 1.0640536025e-09
1.3024902344e+02 1.4490988436e-09 3.9214682702e-10 1.0569520166e-09
1.3031005859e+02 1.4378209677e-09 3.8876557806e-10 1.0490553896e-09
1.3037109375e+02 1.4256110005e-09 3.8497113027e-10 1.0406398702e-09
1.3043212891e+02 1.4131581444e-09 3.8099712402e-10 1.0321610204e-09
1.3049316406e+02 1.4010933435e-09 3.7716057114e-10 1.0239327724e-09
1.3055419922e+02 1.3898942249e-09 3.7371395739e-10 1.0161802675e-09
1.3061523438e+02 1.3798103597e-09 3.7070991963e-10 1.0091004401e-09
1.3067626953e+02 1.3704895206e-09 3.6790366173e-10 1.0025858588e-09
1.3073730469e+02 1.3610498544e-09 3.6489131539e-10 9.9615853897e-10
1.3079833984e+02 1.3508803329e-09 3.6146222171e-10 9.8941811117e-10
1.3085937500e+02 1.3400576775e-09 3.5778280775e-10 9.8227486974e-10
1.3092041016e+02 1.3286250076e-09 3.5413589761e-10 9.7448911000e-10
1.3098144531e+02 1.3157941893e-09 3.5051193743e-10 9.6528225185e-10
1.3104248047e+02 1.3003312446e-09 3.4654802615e-10 9.5378321850e-10
1.3110351562e+02 1.2817484813e-09 3.4187881256e-10 9.3986966874e-10
1.3116455078e+02 1.2610837232e-09 3.3655845448e-10 9.2452526877e-10
1.3122558594e+02 1.2404116854e-09 3.3111635449e-10 9.0929533091e-10
1.3128662109e+02 1.2213333954e-09 3.2612032084e-10 8.9521307460e-10
1.3134765625e+02 1.2038507626e-09 3.2167939877e-10 8.8217136378e-10
1.3140869141e+02 1.1867246596e-09 3.1743383163e-10 8.6929082794e-10
1.3146972656e+02 1.1690661613e-09 3.1306165770e-10 8.5600450363e-10
1.3153076172e+02 1.1515974250e-09 3.0871429973e-10 8.4288312524e-10
1.3159179688e+02 1.1359042147e-09 3.0481843411e-10 8.3108578054e-10
1.3165283203e+02 1.1226139749e-09 3.0156315708e-10 8.2105081785e-10
1.3171386719e+02 1.1110176431e-09 2.9879921804e-10 8.1221842511e-10
1.3177490234e+02 1.1001104146e-09 2.9630431955e-10 8.0380609506e-10
1.3183593750e+02 1.0894787613e-09 2.9396275382e-10 7.9551600751e-10
1.3189697266e+02 1.0795889068e-09 2.9179570456e-10 7.8779320221e-10
1.3195800781e+02 1.0714643628e-09 2.8991115124e-10 7.8155321159e-10
1.3201904297e+02 1.0659147939e-09 2.8839343174e-10 7.7752136212e-10
1.3208007812e+02 1.0627564927e-09 2.8717706596e-10 7.7557942674e-10
1.3214111328e+02 1.0605313617e-09 2.8600480009e-10 7.7452656164e-10
1.3220214844e+02 1.0573209088e-09 2.8459998616e-10 7.7272092261e-10
1.3226318359e+02 1.0521131903e-09 2.8289097176e-10 7.6922221851e-10
1.3232421875e+02 1.0453510211e-09 2.8101481112e-10 7.6433620999e-10
1.3238525391e+02 1.0383990225e-09 2.7917120652e-10 7.5922781594e-10
1.3244628906e+02 1.0325542561e-09 2.7751787819e-10 7.5503637786e-10
1.3250732422e+02 1.0282330047e-09 2.7615201024e-10 7.5208099445e-10
1.3256835938e+02 1.0247959947e-09 2.7509163759e-10 7.4970435712e-10
1.3262939453e+02 1.0211104524e-09 2.7422509276e-10 7.4688535960e-10
1.3269042969e+02 1.0165043400e-09 2.7337756527e-10 7.4312677472e-10
1.3275146484e+02 1.0112303066e-09 2.7246727242e-10 7.3876303422e-10
1.3281250000e+02 1.0059428222e-09 2.7153706024e-10 7.3440576198e-10
1.3287353516e+02 1.0009632573e-09 2.7067304357e-10 7.3029021373e-10
1.3293457031e+02 9.9613863999e-10 2.6991573053e-10 7.2622290947e-10
1.3299560547e+02 9.9122476123e-10 2.6922028453e-10 7.2200447669e-10
1.3305664062e+02 9.8633135783e-10 2.6852722664e-10 7.1780413120e-10
1.3311767578e+02 9.8198286141e-10 2.6786022739e-10 7.1412263402e-10
1.3317871094e+02 9.7881810881e-10 2.6732729349e-10 7.1149081532e-10
1.3323974609e+02 9.7715470692e-10 2.6701659683e-10 7.1013811009e-10
1.3330078125e+02 9.7664660513e-10 2.6688052656e-10 7.0976607857e-10
1.3336181641e+02 9.7657376814e-10 2.6677233685e-10 7.0980143129e-10
1.3342285156e+02 9.7648827369e-10 2.6657398543e-10 7.0991428826e-10
1.3348388672e+02 9.7631422838e-10 2.6622845410e-10 7.1008577428e-10
1.3354492188e+02 9.7615240567e-10 2.6574991641e-10 7.1040248926e-10
1.3360595703e+02 9.7626170334e-10 2.6524828276e-10 7.1101342058e-10
1.3366699219e+02 9.7687454004e-10 2.6484900353e-10 7.1202553651e-10
1.3372802734e+02 9.7782290492e-10 2.6457227575e-10 7.1325062917e-10
1.3378906250e+02 9.7845806055e-10 2.6430912795e-10 7.1414893261e-10
1.3385009766e+02 9.7806044931e-10 2.6390666993e-10 7.1415377938e-10
1.3391113281e+02 9.7636875178e-10 2.6328702339e-10 7.1308172839e-10
1.3397216797e+02 9.7374036127e-10 2.6250069341e-10 7.1123966786e-10
1.3403320312e+02 9.7101073670e-10 2.6171843003e-10 7.0929230667e-10
1.3409423828e+02 9.6910349896e-10 2.6115880062e-10 7.0794469834e-10
1.3415527344e+02 9.6829016920e-10 2.6091415980e-10 7.0737600940e-10
1.3421630859e+02 9.6782164125e-10 2.6084338017e-10 7.0697826108e-10
1.3427734375e+02 9.6661275692e-10 2.6070470962e-10 7.0590804730e-10
1.3433837891e+02 9.6436723246e-10 2.6041336059e-10 7.0395387188e-10
1.3439941406e+02 9.6187376199e-10 2.6010692258e-10 7.0176683942e-10
1.3446044922e+02 9.6002356979e-10 2.5989509976e-10 7.0012847003e-10
1.3452148438e+02 9.5881961779e-10 2.5967491415e-10 6.9914470363e-10
1.3458251953e+02 9.5770320889e-10 2.5931091273e-10 6.9839229615e-10
1.3464355469e+02 9.5643852008e-10 2.5883922129e-10 6.9759929879e-10
1.3470458984e+02 9.5530460606e-10 2.5840828468e-10 6.9689632138e-10
1.3476562500e+02 9.5478148860e-10 2.5817147239e-10 6.9661001621e-10
1.3482666016e+02 9.5517880634e-10 2.5821976599e-10 6.9695904035e-10
1.3488769531e+02 9.5619421542e-10 2.5844632756e-10 6.9774788786e-10
1.3494873047e+02 9.5670969489e-10 2.5850114968e-10 6.9820854521e-10
1.3500976562e+02 9.5536604334e-10 2.5801783985e-10 6.9734820349e-10
1.3507080078e+02 9.5164336194e-10 2.5691388389e-10 6.9472947805e-10
1.3513183594e+02 9.4629620197e-10 2.5542487889e-10 6.9087132308e-10
1.3519287109e+02 9.4064334606e-10 2.5385913856e-10 6.8678420750e-10
1.3525390625e+02 9.3548190571e-10 2.5234642597e-10 6.8313547973e-10
1.3531494141e+02 9.3064092980e-10 2.5081036073e-10 6.7983056907e-10
1.3537597656e+02 9.2546331588e-10 2.4916447653e-10 6.7629883936e-10
1.3543701172e+02 9.1953332445e-10 2.4745848031e-10 6.7207484414e-10
1.3549804688e+02 9.1295709523e-10 2.4579410698e-10 6.6716298826e-10
1.3555908203e+02 9.0622739619e-10 2.4419574134e-10 6.6203165484e-10
1.3562011719e+02 8.9973720828e-10 2.4258881206e-10 6.5714839622e-10
1.3568115234e+02 8.9326191210e-10 2.4085985836e-10 6.5240205374e-10
1.3574218750e+02 8.8624948469e-10 2.3898033650e-10 6.4726914818e-10
1.3580322266e+02 8.7874144080e-10 2.3709832288e-10 6.4164311792e-10
1.3586425781e+02 8.7174131672e-10 2.3549754479e-10 6.3624377193e-10
1.3592529297e+02 8.6656500638e-10 2.3445019933e-10 6.3211480705e-10
1.3598632812e+02 8.6384285888e-10 2.3405432366e-10 6.2978853521e-10
1.3604736328e+02 8.6310627503e-10 2.3417202317e-10 6.2893425186e-10
1.3610839844e+02 8.6316432357e-10 2.3451882229e-10 6.2864550128e-10
1.3616943359e+02 8.6286729513e-10 2.3484339965e-10 6.2802389548e-10
1.3623046875e+02 8.6177269215e-10 2.3507139960e-10 6.2670129254e-10
1.3629150391e+02 8.6024105531e-10 2.3529769753e-10 6.2494335778e-10
1.3635253906e+02 8.5902514700e-10 2.3566068051e-10 6.2336446648e-10
1.3641357422e+02 8.5880071987e-10 2.3622448942e-10 6.2257623045e-10
1.3647460938e+02 8.5969049973e-10 2.3691041269e-10 6.2278008703e-10
1.3653564453e+02 8.6101627490e-10 2.3751492302e-10 6.2350135187e-10
1.3659667969e+02 8.6180553552e-10 2.3785773509e-10 6.2394780043e-10
1.3665771484e+02 8.6166758320e-10 2.3792881649e-10 6.2373876670e-10
1.3671875000e+02 8.6099765986e-10 2.3785366795e-10 6.2314399191e-10
1.3677978516e+02 8.6027647224e-10 2.3770431781e-10 6.2257215443e-10
1.3684082031e+02 8.5938443347e-10 2.3737751213e-10 6.2200692135e-10
1.3690185547e+02 8.5770917954e-10 2.3667664688e-10 6.2103253265e-10
1.3696289062e+02 8.5474896453e-10 2.3548918660e-10 6.1925977794e-10
1.3702392578e+02 8.5071414448e-10 2.3394002710e-10 6.1677411738e-10
1.3708496094e+02 8.4683267231e-10 2.3243433192e-10 6.1439834039e-10
1.3714599609e+02 8.4479935191e-10 2.3143958732e-10 6.1335976460e-10
1.3720703125e+02 8.4546866172e-10 2.3111481404e-10 6.1435384768e-10
1.3726806641e+02 8.4805562243e-10 2.3116791667e-10 6.1688770576e-10
1.3732910156e+02 8.5075526824e-10 2.3111385422e-10 6.1964141401e-10
1.3739013672e+02 8.5216292115e-10 2.3068955929e-10 6.2147336186e-10
1.3745117188e+02 8.5207495461e-10 2.3000096430e-10 6.2207399031e-10
1.3751220703e+02 8.5118088493e-10 2.2930989311e-10 6.2187099182e-10
1.3757324219e+02 8.5030659753e-10 2.2877608028e-10 6.2153051725e-10
1.3763427734e+02 8.4979295909e-10 2.2837471215e-10 6.2141824694e-10
1.3769531250e+02 8.4932412692e-10 2.2797326888e-10 6.2135085804e-10
1.3775634766e+02 8.4832276119e-10 2.2747504166e-10 6.2084771953e-10
1.3781738281e+02 8.4650410014e-10 2.2689830245e-10 6.1960579769e-10
1.3787841797e+02 8.4408689985e-10 2.2632794885e-10 6.1775895099e-10
1.3793945312e+02 8.4152990637e-10 2.2580639872e-10 6.1572350765e-10
1.3800048828e+02 8.3904105384e-10 2.2527554852e-10 6.1376550531e-10
1.3806152344e+02 8.3636152570e-10 2.2462986056e-10 6.1173166514e-10
1.3812255859e+02 8.3304821260e-10 2.2382389867e-10 6.0922431393e-10
1.3818359375e+02 8.2898877668e-10 2.2293411627e-10 6.0605466041e-10
1.3824462891e+02 8.2469737398e-10 2.2213672547e-10 6.0256064852e-10
1.3830566406e+02 8.2102917116e-10 2.2160356135e-10 5.9942560981e-10
1.3836669922e+02 8.1856961516e-10 2.2139238701e-10 5.9717722815e-10
1.3842773438e+02 8.1724787560e-10 2.2141522713e-10 5.9583264846e-10
1.3848876953e+02 8.1635790119e-10 2.2148427163e-10 5.9487362956e-10
1.3854980469e+02 8.1508492599e-10 2.2144252718e-10 5.9364239881e-10
1.3861083984e+02 8.1312578196e-10 2.2127273029e-10 5.9185305166e-10
1.3867187500e+02 8.1062760966e-10 2.2102820337e-10 5.8959940629e-10
1.3873291016e+02 8.0773701757e-10 2.2071484214e-10 5.8702217543e-10
1.3879394531e+02 8.0451881672e-10 2.2030176764e-10 5.8421704908e-10
1.3885498047e+02 8.0107979160e-10 2.1976828241e-10 5.8131150919e-10
1.3891601562e+02 7.9749579202e-10 2.1908723067e-10 5.7840856135e-10
1.3897705078e+02 7.9372999255e-10 2.1822395317e-10 5.7550603938e-10
1.3903808594e+02 7.8977368182e-10 2.1719664259e-10 5.7257703923e-10
1.3909912109e+02 7.8574543542e-10 2.1609322590e-10 5.6965220952e-10
1.3916015625e+02 7.8178009999e-10 2.1500524132e-10 5.6677485867e-10
1.3922119141e+02 7.7804417012e-10 2.1399884354e-10 5.6404532657e-10
1.3928222656e+02 7.7483580708e-10 2.1313918481e-10 5.6169662226e-10
1.3934326172e+02 7.7238835032e-10 2.1246924613e-10 5.5991910419e-10
1.3940429688e+02 7.7061128317e-10 2.1196263869e-10 5.5864864447e-10
1.3946533203e+02 7.6914368473e-10 2.1152110968e-10 5.5762257505e-10
1.3952636719e+02 7.6763176071e-10 2.1103546507e-10 5.5659629564e-10
1.3958740234e+02 7.6599042451e-10 2.1047761127e-10 5.5551281323e-10
1.3964843750e+02 7.6439112015e-10 2.0991710875e-10 5.5447401140e-10
1.3970947266e+02 7.6294023623e-10 2.0942096667e-10 5.5351926956e-10
1.3977050781e+02 7.6151254227e-10 2.0897469486e-10 5.5253784741e-10
1.3983154297e+02 7.6003781908e-10 2.0853411724e-10 5.5150370183e-10
1.3989257812e+02 7.5871347206e-10 2.0809513535e-10 5.5061833672e-10
1.3995361328e+02 7.5768220058e-10 2.0765363596e-10 5.5002856462e-10
1.4001464844e+02 7.5671656848e-10 2.0715045383e-10 5.4956611464e-10
1.4007568359e+02 7.5541122774e-10 2.0650751496e-10 5.4890371278e-10
1.4013671875e+02 7.5345950075e-10 2.0567307708e-10 5.4778642367e-10
1.4019775391e+02 7.5071296822e-10 2.0463312204e-10 5.4607984618e-10
1.4025878906e+02 7.4718607242e-10 2.0341999375e-10 5.4376607867e-10
1.4031982422e+02 7.4303559496e-10 2.0209207418e-10 5.4094352078e-10
1.4038085938e+02 7.3853890477e-10 2.0070978320e-10 5.3782912157e-10
1.4044189453e+02 7.3396686648e-10 1.9931257553e-10 5.3465429095e-10
1.4050292969e+02 7.2932267367e-10 1.9787439515e-10 5.3144827852e-10
1.4056396484e+02 7.2439667637e-10 1.9633133221e-10 5.2806534416e-10
1.4062500000e+02 7.1914466774e-10 1.9467410358e-10 5.2447056416e-10
1.4068603516e+02 7.1377098631e-10 1.9296590552e-10 5.2080508078e-10
1.4074707031e+02 7.0843742904e-10 1.9128646099e-10 5.1715096805e-10
1.4080810547e+02 7.0307680098e-10 1.8968122846e-10 5.1339557252e-10
1.4086914062e+02 6.9751545403e-10 1.8814255947e-10 5.0937289456e-10
1.4093017578e+02 6.9169417987e-10 1.8664009651e-10 5.0505408336e-10
1.4099121094e+02 6.8574986203e-10 1.8518024979e-10 5.0056961224e-10
1.4105224609e+02 6.7994628461e-10 1.8382220190e-10 4.9612408271e-10
1.4111328125e+02 6.7454443739e-10 1.8262886879e-10 4.9191556860e-10
1.4117431641e+02 6.6972330899e-10 1.8162912651e-10 4.8809418248e-10
1.4123535156e+02 6.6555572828e-10 1.8082567926e-10 4.8473004902e-10
1.4129638672e+02 6.6188466316e-10 1.8018143404e-10 4.8170322912e-10
1.4135742188e+02 6.5822650298e-10 1.7957972496e-10 4.7864677801e-10
1.4141845703e+02 6.5399404883e-10 1.7885186243e-10 4.7514218640e-10
1.4147949219e+02 6.4892743146e-10 1.7790035379e-10 4.7102707767e-10
1.4154052734e+02 6.4329884655e-10 1.7678062149e-10 4.6651822506e-10
1.4160156250e+02 6.3759975807e-10 1.7560136725e-10 4.6199839082e-10
1.4166259766e+02 6.3201277261e-10 1.7436654629e-10 4.5764622632e-10
1.4172363281e+02 6.2625427432e-10 1.7296587478e-10 4.5328839954e-10
1.4178466797e+02 6.1985095168e-10 1.7127500043e-10 4.4857595125e-10
1.4184570312e+02 6.1262473522e-10 1.6927132369e-10 4.4335341153e-10
1.4190673828e+02 6.0508488067e-10 1.6712011755e-10 4.3796476311e-10
1.4196777344e+02 5.9815077814e-10 1.6508239372e-10 4.3306838442e-10
1.4202880859e+02 5.9227830439e-10 1.6328017001e-10 4.2899813437e-10
1.4208984375e+02 5.8697691294e-10 1.6160142509e-10 4.2537548785e-10
1.4215087891e+02 5.8128017908e-10 1.5982739760e-10 4.2145278148e-10
1.4221191406e+02 5.7467502166e-10 1.5783251446e-10 4.1684250719e-10
1.4227294922e+02 5.6756271371e-10 1.5569986354e-10 4.1186285017e-10
1.4233398438e+02 5.6092141965e-10 1.5366997146e-10 4.0725144819e-10
1.4239501953e+02 5.5564926181e-10 1.5197316425e-10 4.0367609756e-10
1.4245605469e+02 5.5199163329e-10 1.5066694195e-10 4.0132469134e-10
1.4251708984e+02 5.4931228080e-10 1.4960566406e-10 3.9970661674e-10
1.4257812500e+02 5.4658200223e-10 1.4859490538e-10 3.9798709685e-10
1.4263916016e+02 5.4329033870e-10 1.4757862443e-10 3.9571171427e-10
1.4270019531e+02 5.3984737390e-10 1.4666129592e-10 3.9318607798e-10
1.4276123047e+02 5.3704828352e-10 1.4595729482e-10 3.9109098870e-10
1.4282226562e+02 5.3522698292e-10 1.4543766577e-10 3.8978931715e-10
1.4288330078e+02 5.3404252453e-10 1.4494512200e-10 3.8909740253e-10
1.4294433594e+02 5.3290375821e-10 1.4434528157e-10 3.8855847663e-10
1.4300537109e+02 5.3140308486e-10 1.4363792408e-10 3.8776516078e-10
1.4306640625e+02 5.2955427822e-10 1.4294280306e-10 3.8661147516e-10
1.4312744141e+02 5.2776554684e-10 1.4239495476e-10 3.8537059208e-10
1.4318847656e+02 5.2639390291e-10 1.4201251380e-10 3.8438138911e-10
1.4324951172e+02 5.2522127724e-10 1.4163101713e-10 3.8359026010e-10
1.4331054688e+02 5.2349160135e-10 1.4100404525e-10 3.8248755610e-10
1.4337158203e+02 5.2061380565e-10 1.4002990738e-10 3.8058389827e-10
1.4343261719e+02 5.1678434664e-10 1.3886843369e-10 3.7791591295e-10
1.4349365234e+02 5.1276000369e-10 1.3778538734e-10 3.7497461635e-10
1.4355468750e+02 5.0912351937e-10 1.3691318420e-10 3.7221033517e-10
1.4361572266e+02 5.0590833997e-10 1.3618876516e-10 3.6971957481e-10
1.4367675781e+02 5.0276568834e-10 1.3545775786e-10 3.6730793048e-10
1.4373779297e+02 4.9932269171e-10 1.3459969621e-10 3.6472299550e-10
1.4379882812e+02 4.9544489620e-10 1.3358341537e-10 3.6186148082e-10
1.4385986328e+02 4.9135292163e-10 1.3246614351e-10 3.5888677812e-10
1.4392089844e+02 4.8752013972e-10 1.3137318687e-10 3.5614695285e-10
1.4398193359e+02 4.8427263170e-10 1.3042810901e-10 3.5384452269e-10
1.4404296875e+02 4.8147168215e-10 1.2966532121e-10 3.5180636093e-10
1.4410400391e+02 4.7868488410e-10 1.2901639710e-10 3.4966848700e-10
1.4416503906e+02 4.7561292167e-10 1.2837462200e-10 3.4723829967e-10
1.4422607422e+02 4.7236055498e-10 1.2769343114e-10 3.4466712384e-10
1.4428710938e+02 4.6934734896e-10 1.2702890427e-10 3.4231844469e-10
1.4434814453e+02 4.6687016482e-10 1.2644850541e-10 3.4042165941e-10
1.4440917969e+02 4.6474566633e-10 1.2592046820e-10 3.3882519813e-10
1.4447021484e+02 4.6249968031e-10 1.2535712302e-10 3.3714255729e-10
1.4453125000e+02 4.5995057004e-10 1.2476520854e-10 3.3518536150e-10
1.4459228516e+02 4.5747230974e-10 1.2428193557e-10 3.3319037418e-10
1.4465332031e+02 4.5557226516e-10 1.2403171938e-10 3.3154054578e-10
1.4471435547e+02 4.5435499204e-10 1.2399846136e-10 3.3035653068e-10
1.4477539062e+02 4.5345905117e-10 1.2403831292e-10 3.2942073825e-10
1.4483642578e+02 4.5234466074e-10 1.2397259697e-10 3.2837206376e-10
1.4489746094e+02 4.5068639507e-10 1.2371039627e-10 3.2697599880e-10
1.4495849609e+02 4.4866659132e-10 1.2332398768e-10 3.2534260364e-10
1.4501953125e+02 4.4686139324e-10 1.2298266059e-10 3.2387873265e-10
1.4508056641e+02 4.4576550523e-10 1.2281146643e-10 3.2295403880e-10
1.4514160156e+02 4.4537561027e-10 1.2280821887e-10 3.2256739140e-10
1.4520263672e+02 4.4516923801e-10 1.2285717633e-10 3.2231206168e-10
1.4526367188e+02 4.4446534612e-10 1.2280337704e-10 3.2166196909e-10
1.4532470703e+02 4.4282616466e-10 1.2251995377e-10 3.2030621089e-10
1.4538574219e+02 4.4027964468e-10 1.2195439389e-10 3.1832525079e-10
1.4544677734e+02 4.3729876729e-10 1.2116974034e-10 3.1612902695e-10
1.4550781250e+02 4.3440067473e-10 1.2030479516e-10 3.1409587957e-10
1.4556884766e+02 4.3165744299e-10 1.1944617875e-10 3.1221126423e-10
1.4562988281e+02 4.2875874583e-10 1.1857548445e-10 3.1018326138e-10
1.4569091797e+02 4.2553833097e-10 1.1765250099e-10 3.0788582998e-10
1.4575195312e+02 4.2223585628e-10 1.1670490683e-10 3.0553094944e-10
1.4581298828e+02 4.1926659928e-10 1.1582108311e-10 3.0344551618e-10
1.4587402344e+02 4.1688413760e-10 1.1506726080e-10 3.0181687679e-10
1.4593505859e+02 4.1498948784e-10 1.1440831252e-10 3.0058117533e-10
1.4599609375e+02 4.1313221485e-10 1.1370991335e-10 2.9942230150e-10
1.4605712891e+02 4.1083199270e-10 1.1285281221e-10 2.9797918049e-10
1.4611816406e+02 4.0802137992e-10 1.1185640496e-10 2.9616497496e-10
1.4617919922e+02 4.0506084405e-10 1.1085608581e-10 2.9420475824e-10
1.4624023438e+02 4.0232678084e-10 1.0996585476e-10 2.9236092608e-10
1.4630126953e+02 3.9991441095e-10 1.0919756709e-10 2.9071684386e-10
1.4636230469e+02 3.9768804611e-10 1.0849279854e-10 2.8919524757e-10
1.4642333984e+02 3.9549436751e-10 1.0779489941e-10 2.8769946810e-10
1.4648437500e+02 3.9333198661e-10 1.0710167004e-10 2.8623031657e-10
1.4654541016e+02 3.9133482299e-10 1.0645748825e-10 2.8487733475e-10
1.4660644531e+02 3.8951953691e-10 1.0587447322e-10 2.8364506369e-10
1.4666748047e+02 3.8759867255e-10 1.0529245088e-10 2.8230622167e-10
1.4672851562e+02 3.8521593880e-10 1.0465902495e-10 2.8055691385e-10
1.4678955078e+02 3.8233289178e-10 1.0400735565e-10 2.7832553613e-10
1.4685058594e+02 3.7928791831e-10 1.0342013627e-10 2.7586778205e-10
1.4691162109e+02 3.7655667296e-10 1.0295536619e-10 2.7360130677e-10
1.4697265625e+02 3.7445958204e-10 1.0261922920e-10 2.7184035284e-10
1.4703369141e+02 3.7299163138e-10 1.0237815733e-10 2.7061347405e-10
1.4709472656e+02 3.7190107889e-10 1.0218202870e-10 2.6971905019e-10
1.4715576172e+02 3.7094217416e-10 1.0198180281e-10 2.6896037134e-10
1.4721679688e+02 3.7006444471e-10 1.0175176794e-10 2.6831267678e-10
1.4727783203e+02 3.6934076759e-10 1.0150310262e-10 2.6783766497e-10
1.4733886719e+02 3.6871921157e-10 1.0124727514e-10 2.6747193644e-10
1.4739990234e+02 3.6797627878e-10 1.0095964971e-10 2.6701662907e-10
1.4746093750e+02 3.6696107762e-10 1.0060976650e-10 2.6635131113e-10
1.4752197266e+02 3.6577821473e-10 1.0021342268e-10 2.6556479205e-10
1.4758300781e+02 3.6472051185e-10 9.9844551320e-11 2.6487596053e-10
1.4764404297e+02 3.6407499384e-10 9.9595619174e-11 2.6447937467e-10
1.4770507812e+02 3.6392195399e-10 9.9499998191e-11 2.6442195580e-10
1.4776611328e+02 3.6397055314e-10 9.9465378047e-11 2.6450517509e-10
1.4782714844e+02 3.6360507210e-10 9.9310069128e-11 2.6429500297e-10
1.4788818359e+02 3.6233555020e-10 9.8920079173e-11 2.6341547102e-10
1.4794921875e+02 3.6027208377e-10 9.8362581425e-11 2.6190950234e-10
1.4801025391e+02 3.5799395948e-10 9.7812953898e-11 2.6018100558e-10
1.4807128906e+02 3.5595771229e-10 9.7386121150e-11 2.5857159114e-10
1.4813232422e+02 3.5411715887e-10 9.7043073390e-11 2.5707408547e-10
1.4819335938e+02 3.5206476661e-10 9.6639427532e-11 2.5542533908e-10
1.4825439453e+02 3.4947503092e-10 9.6064791604e-11 2.5341023932e-10
1.4831542969e+02 3.4641825405e-10 9.5348522020e-11 2.5106973203e-10
1.4837646484e+02 3.4331654839e-10 9.4641285604e-11 2.4867526278e-10
1.4843750000e+02 3.4064752460e-10 9.4094301780e-11 2.4655322282e-10
1.4849853516e+02 3.3864451755e-10 9.3749738565e-11 2.4489477898e-10
1.4855957031e+02 3.3722533866e-10 9.3547799910e-11 2.4367753875e-10
1.4862060547e+02 3.3616153937e-10 9.3413467842e-11 2.4274807153e-10
1.4868164062e+02 3.3532133606e-10 9.3314801989e-11 2.4200653407e-10
1.4874267578e+02 3.3485326465e-10 9.3280617761e-11 2.4157264689e-10
1.4880371094e+02 3.3509316013e-10 9.3376577000e-11 2.4171658313e-10
1.4886474609e+02 3.3617352476e-10 9.3629346898e-11 2.4254417786e-10
1.4892578125e+02 3.3780389581e-10 9.3977969182e-11 2.4382592662e-10
1.4898681641e+02 3.3950090533e-10 9.4313526182e-11 2.4518737915e-10
1.4904785156e+02 3.4100121657e-10 9.4570958362e-11 2.4643025821e-10
1.4910888672e+02 3.4245558590e-10 9.4781608912e-11 2.4767397699e-10
1.4916992188e+02 3.4421963437e-10 9.5023593951e-11 2.4919604042e-10
1.4923095703e+02 3.4648243242e-10 9.5337082990e-11 2.5114534943e-10
1.4929199219e+02 3.4909242675e-10 9.5698802022e-11 2.5339362473e-10
1.4935302734e+02 3.5166247580e-10 9.6055820963e-11 2.5560665484e-10
1.4941406250e+02 3.5387682304e-10 9.6383366650e-11 2.5749345639e-10
1.4947509766e+02 3.5574060385e-10 9.6713662197e-11 2.5902694166e-10
1.4953613281e+02 3.5749668279e-10 9.7099146374e-11 2.6039753641e-10
1.4959716797e+02 3.5935069214e-10 9.7557006476e-11 2.6179368567e-10
1.4965820312e+02 3.6131721026e-10 9.8057367617e-11 2.6325984264e-10
1.4971923828e+02 3.6328379929e-10 9.8558860383e-11 2.6472493890e-10
1.4978027344e+02 3.6517312673e-10 9.9047647437e-11 2.6612547929e-10
1.4984130859e+02 3.6701447847e-10 9.9543777179e-11 2.6747070129e-10
1.4990234375e+02 3.6890384718e-10 1.0009384236e-10 2.6881000481e-10
1.4996337891e+02 3.7090776026e-10 1.0075255770e-10 2.7015520256e-10
1.5002441406e+02 3.7289294385e-10 1.0151806102e-10 2.7137488283e-10
1.5008544922e+02 3.7446240597e-10 1.0228445959e-10 2.7217794638e-10
1.5014648438e+02 3.7520107246e-10 1.0290581275e-10 2.7229525971e-10
1.5020751953e+02 3.7501006577e-10 1.0330535285e-10 2.7170471292e-10
1.5026855469e+02 3.7420877778e-10 1.0351102708e-10 2.7069775070e-10
1.5032958984e+02 3.7332237398e-10 1.0360471231e-10 2.6971766167e-10
1.5039062500e+02 3.7266894341e-10 1.0363858425e-10 2.6903035916e-10
1.5045166016e+02 3.7211411902e-10 1.0358951206e-10 2.6852460696e-10
1.5051269531e+02 3.7129288858e-10 1.0339942835e-10 2.6789346023e-10
1.5057373047e+02 3.7003793569e-10 1.0305697220e-10 2.6698096349e-10
1.5063476562e+02 3.6850733121e-10 1.0261848685e-10 2.6588884437e-10
1.5069580078e+02 3.6694471483e-10 1.0214262334e-10 2.6480209149e-10
1.5075683594e+02 3.6540858491e-10 1.0162346857e-10 2.6378511634e-10
1.5081787109e+02 3.6371749379e-10 1.0100296921e-10 2.6271452458e-10
1.5087890625e+02 3.6162911898e-10 1.0024476883e-10 2.6138435015e-10
1.5093994141e+02 3.5912769947e-10 9.9392774577e-11 2.5973492489e-10
1.5100097656e+02 3.5655419262e-10 9.8561478492e-11 2.5799271413e-10
1.5106201172e+02 3.5437364097e-10 9.7864126445e-11 2.5650951452e-10
1.5112304688e+02 3.5276594895e-10 9.7331671167e-11 2.5543427778e-10
1.5118408203e+02 3.5147587660e-10 9.6883383045e-11 2.5459249356e-10
1.5124511719e+02 3.5006479727e-10 9.6382180268e-11 2.5368261701e-10
1.5130615234e+02 3.4826070153e-10 9.5739381663e-11 2.5252131987e-10
1.5136718750e+02 3.4611099352e-10 9.4979633526e-11 2.5113135999e-10
1.5142822266e+02 3.4391403191e-10 9.4212926488e-11 2.4970110542e-10
1.5148925781e+02 3.4198877883e-10 9.3543364736e-11 2.4844541409e-10
1.5155029297e+02 3.4042282853e-10 9.2998058282e-11 2.4742477025e-10
1.5161132812e+02 3.3904180702e-10 9.2534961320e-11 2.4650684570e-10
1.5167236328e+02 3.3764099986e-10 9.2100465204e-11 2.4554053466e-10
1.5173339844e+02 3.3621729339e-10 9.1676028308e-11 2.4454126508e-10
1.5179443359e+02 3.3492120670e-10 9.1282650078e-11 2.4363855663e-10
1.5185546875e+02 3.3377727301e-10 9.0932389813e-11 2.4284488320e-10
1.5191650391e+02 3.3254913097e-10 9.0572882118e-11 2.4197624885e-10
1.5197753906e+02 3.3091197867e-10 9.0101047389e-11 2.4081093128e-10
1.5203857422e+02 3.2867157981e-10 8.9436187067e-11 2.3923539275e-10
1.5209960938e+02 3.2584922996e-10 8.8580147751e-11 2.3726908221e-10
1.5216064453e+02 3.2269246536e-10 8.7624114801e-11 2.3506835055e-10
1.5222167969e+02 3.1958713866e-10 8.6696999547e-11 2.3289013911e-10
1.5228271484e+02 3.1680659820e-10 8.5878175218e-11 2.3092842298e-10
1.5234375000e+02 3.1429069742e-10 8.5140861125e-11 2.2914983630e-10
1.5240478516e+02 3.1174272345e-10 8.4394779813e-11 2.2734794364e-10
1.5246582031e+02 3.0895464659e-10 8.3588809440e-11 2.2536583715e-10
1.5252685547e+02 3.0598494543e-10 8.2752237414e-11 2.2323270802e-10
1.5258789062e+02 3.0304800062e-10 8.1943381640e-11 2.2110461898e-10
1.5264892578e+02 3.0026817039e-10 8.1180820464e-11 2.1908734993e-10
1.5270996094e+02 2.9752011151e-10 8.0423318362e-11 2.1709679315e-10
1.5277099609e+02 2.9453285546e-10 7.9608799687e-11 2.1492405577e-10
1.5283203125e+02 2.9118464397e-10 7.8713591092e-11 2.1247105288e-10
1.5289306641e+02 2.8767186620e-10 7.7782386476e-11 2.0988947973e-10
1.5295410156e+02 2.8436466223e-10 7.6906753179e-11 2.0745790905e-10
1.5301513672e+02 2.8148548763e-10 7.6157454531e-11 2.0532803310e-10
1.5307617188e+02 2.7891677875e-10 7.5518088207e-11 2.0339869055e-10
1.5313720703e+02 2.7630967869e-10 7.4890897870e-11 2.0141878082e-10
1.5319824219e+02 2.7337983539e-10 7.4182895208e-11 1.9919694018e-10
1.5325927734e+02 2.7011969498e-10 7.3390207956e-11 1.9672948703e-10
1.5332031250e+02 2.6675800670e-10 7.2596512931e-11 1.9416149377e-10
1.5338134766e+02 2.6353795358e-10 7.1891912253e-11 1.9164604133e-10
1.5344238281e+02 2.6051158769e-10 7.1289760474e-11 1.8922182721e-10
1.5350341797e+02 2.5751039600e-10 7.0711461711e-11 1.8679893429e-10
1.5356445312e+02 2.5431882893e-10 7.0054541266e-11 1.8426428766e-10
1.5362548828e+02 2.5090015021e-10 6.9284072406e-11 1.8161607780e-10
1.5368652344e+02 2.4746577287e-10 6.8459933104e-11 1.7900583976e-10
1.5374755859e+02 2.4432737938e-10 6.7683053133e-11 1.7664432624e-10
1.5380859375e+02 2.4164690703e-10 6.7012603825e-11 1.7463430321e-10
1.5386962891e+02 2.3929412986e-10 6.6418375363e-11 1.7287575450e-10
1.5393066406e+02 2.3698515282e-10 6.5817945152e-11 1.7116720766e-10
1.5399169922e+02 2.3458008693e-10 6.5166150019e-11 1.6941393691e-10
1.5405273438e+02 2.3219613550e-10 6.4494071759e-11 1.6770206374e-10
1.5411376953e+02 2.3003328309e-10 6.3863004719e-11 1.6617027837e-10
1.5417480469e+02 2.2814762364e-10 6.3298505898e-11 1.6484911775e-10
1.5423583984e+02 2.2640821131e-10 6.2771483897e-11 1.6363672741e-10
1.5429687500e+02 2.2465036387e-10 6.2233653308e-11 1.6241671056e-10
1.5435791016e+02 2.2284543413e-10 6.1665322590e-11 1.6118011154e-10
1.5441894531e+02 2.2111400586e-10 6.1091020431e-11 1.6002298543e-10
1.5447998047e+02 2.1957533671e-10 6.0550236579e-11 1.5902510013e-10
1.5454101562e+02 2.1816872396e-10 6.0046818494e-11 1.5812190546e-10
1.5460205078e+02 2.1663285401e-10 5.9525675936e-11 1.5710717808e-10
1.5466308594e+02 2.1468898603e-10 5.8904745026e-11 1.5578424101e-10
1.5472412109e+02 2.1226108464e-10 5.8142210906e-11 1.5411887373e-10
1.5478515625e+02 2.0955120991e-10 5.7287935483e-11 1.5226327443e-10
1.5484619141e+02 2.0690121424e-10 5.6460102292e-11 1.5044111194e-10
1.5490722656e+02 2.0452559180e-10 5.5747519424e-11 1.4877807237e-10
1.5496826172e+02 2.0235550963e-10 5.5135586028e-11 1.4721992360e-10
1.5502929688e+02 2.0015546178e-10 5.4541340670e-11 1.4561412111e-10
1.5509033203e+02 1.9778191104e-10 5.3909945540e-11 1.4387196550e-10
1.5515136719e+02 1.9531364478e-10 5.3257993608e-11 1.4205565117e-10
1.5521240234e+02 1.9294157275e-10 5.2636019328e-11 1.4030555343e-10
1.5527343750e+02 1.9076500161e-10 5.2076484915e-11 1.3868851670e-10
1.5533447266e+02 1.8871717748e-10 5.1577133730e-11 1.3714004375e-10
1.5539550781e+02 1.8666888276e-10 5.1117422742e-11 1.3555146002e-10
1.5545654297e+02 1.8456913426e-10 5.0683753451e-11 1.3388538081e-10
1.5551757812e+02 1.8248156261e-10 5.0277130350e-11 1.3220443226e-10
1.5557861328e+02 1.8052306647e-10 4.9901844446e-11 1.3062122203e-10
1.5563964844e+02 1.7879323846e-10 4.9557611822e-11 1.2923562664e-10
1.5570068359e+02 1.7732418764e-10 4.9240913020e-11 1.2808327462e-10
1.5576171875e+02 1.7604388571e-10 4.8939809609e-11 1.2710407610e-10
1.5582275391e+02 1.7478951667e-10 4.8626901122e-11 1.2616261555e-10
1.5588378906e+02 1.7340814498e-10 4.8276166145e-11 1.2513197883e-10
1.5594482422e+02 1.7187598109e-10 4.7891102988e-11 1.2398487811e-10
1.5600585938e+02 1.7030322868e-10 4.7499558474e-11 1.2280367020e-10
1.5606689453e+02 1.6882359152e-10 4.7120272421e-11 1.2170331910e-10
1.5612792969e+02 1.6750319948e-10 4.6749901840e-11 1.2075329764e-10
1.5618896484e+02 1.6634543289e-10 4.6384117018e-11 1.1996131587e-10
1.5625000000e+02 1.6534800923e-10 4.6037893540e-11 1.1931011569e-10
1.5631103516e+02 1.6452530332e-10 4.5733466098e-11 1.1879183722e-10
1.5637207031e+02 1.6386707672e-10 4.5473400359e-11 1.1839367636e-10
1.5643310547e+02 1.6330092633e-10 4.5236117307e-11 1.1806480902e-10
1.5649414062e+02 1.6272116764e-10 4.4994470372e-11 1.1772669726e-10
1.5655517578e+02 1.6208302658e-10 4.4740357277e-11 1.1734266931e-10
1.5661621094e+02 1.6148616434e-10 4.4499085174e-11 1.1698707916e-10
1.5667724609e+02 1.6109523925e-10 4.4307511960e-11 1.1678772729e-10
1.5673828125e+02 1.6093311516e-10 4.4173923619e-11 1.1675919154e-10
1.5679931641e+02 1.6082332572e-10 4.4073933563e-11 1.1674939215e-10
1.5686035156e+02 1.6054256671e-10 4.3974801270e-11 1.1656776544e-10
1.5692138672e+02 1.5998322498e-10 4.3851220335e-11 1.1613200465e-10
1.5698242188e+02 1.5921104219e-10 4.3697974459e-11 1.1551306773e-10
1.5704345703e+02 1.5839571018e-10 4.3535215192e-11 1.1486049499e-10
1.5710449219e+02 1.5766034103e-10 4.3386008908e-11 1.1427433213e-10
1.5716552734e+02 1.5698293000e-10 4.3245137087e-11 1.1373779291e-10
1.5722656250e+02 1.5622108490e-10 4.3075198070e-11 1.1314588683e-10
1.5728759766e+02 1.5523923341e-10 4.2840971767e-11 1.1239826164e-10
1.5734863281e+02 1.5405446237e-10 4.2553406339e-11 1.1150105603e-10
1.5740966797e+02 1.5287151208e-10 4.2275124632e-11 1.1059638745e-10
1.5747070312e+02 1.5196046121e-10 4.2079697830e-11 1.0988076338e-10
1.5753173828e+02 1.5145489952e-10 4.1999949394e-11 1.0945495013e-10
1.5759277344e+02 1.5122436971e-10 4.2000793889e-11 1.0922357582e-10
1.5765380859e+02 1.5097174078e-10 4.2001774925e-11 1.0896996585e-10
1.5771484375e+02 1.5050573691e-10 4.1941527368e-11 1.0856420954e-10
1.5777587891e+02 1.4991965388e-10 4.1827424935e-11 1.0809222894e-10
1.5783691406e+02 1.4949285607e-10 4.1720535903e-11 1.0777232017e-10
1.5789794922e+02 1.4942186844e-10 4.1674490342e-11 1.0774737809e-10
1.5795898438e+02 1.4964249967e-10 4.1688986376e-11 1.0795351330e-10
1.5802001953e+02 1.4989028110e-10 4.1712587151e-11 1.0817769395e-10
1.5808105469e+02 1.4991974611e-10 4.1686509335e-11 1.0823323678e-10
1.5814208984e+02 1.4967978778e-10 4.1591457071e-11 1.0808833071e-10
1.5820312500e+02 1.4930836080e-10 4.1454925779e-11 1.0785343502e-10
1.5826416016e+02 1.4898360167e-10 4.1314655817e-11 1.0766894586e-10
1.5832519531e+02 1.4875910203e-10 4.1177351149e-11 1.0758175088e-10
1.5838623047e+02 1.4850465167e-10 4.1013167263e-11 1.0749148440e-10
1.5844726562e+02 1.4802512077e-10 4.0788770578e-11 1.0723635020e-10
1.5850830078e+02 1.4725703581e-10 4.0504708677e-11 1.0675232714e-10
1.5856933594e+02 1.4632180245e-10 4.0201428727e-11 1.0612037372e-10
1.5863037109e+02 1.4539075487e-10 3.9929779185e-11 1.0546097569e-10
1.5869140625e+02 1.4452241012e-10 3.9710629905e-11 1.0481178021e-10
1.5875244141e+02 1.4360589564e-10 3.9512041983e-11 1.0409385365e-10
1.5881347656e+02 1.4244879713e-10 3.9266381066e-11 1.0318241606e-10
1.5887451172e+02 1.4097353724e-10 3.8931099945e-11 1.0204243730e-10
1.5893554688e+02 1.3936630974e-10 3.8547057085e-11 1.0081925266e-10
1.5899658203e+02 1.3797449716e-10 3.8218616506e-11 9.9755880654e-11
1.5905761719e+02 1.3700078883e-10 3.8017742397e-11 9.8983046437e-11
1.5911865234e+02 1.3633275921e-10 3.7916101499e-11 9.8416657708e-11
1.5917968750e+02 1.3567520933e-10 3.7812061145e-11 9.7863148186e-11
1.5924072266e+02 1.3480616522e-10 3.7619640513e-11 9.7186524710e-11
1.5930175781e+02 1.3373693972e-10 3.7343601808e-11 9.6393337910e-11
1.5936279297e+02 1.3268166711e-10 3.7070555823e-11 9.5611111290e-11
1.5942382812e+02 1.3187580993e-10 3.6886287371e-11 9.4989522557e-11
1.5948486328e+02 1.3139023179e-10 3.6808665026e-11 9.4581566765e-11
1.5954589844e+02 1.3109101105e-10 3.6787835519e-11 9.4303175535e-11
1.5960693359e+02 1.3079749978e-10 3.6755863714e-11 9.4041636067e-11
1.5966796875e+02 1.3049690192e-10 3.6686155205e-11 9.3810746717e-11
1.5972900391e+02 1.3037603986e-10 3.6617942841e-11 9.3758097018e-11
1.5979003906e+02 1.3063677082e-10 3.6622308981e-11 9.4014461836e-11
1.5985107422e+02 1.3129355767e-10 3.6735391335e-11 9.4558166336e-11
1.5991210938e+02 1.3213606147e-10 3.6917190189e-11 9.5218871280e-11
1.5997314453e+02 1.3288201508e-10 3.7080524716e-11 9.5801490367e-11
1.6003417969e+02 1.3338776883e-10 3.7168428137e-11 9.6219340689e-11
1.6009521484e+02 1.3374672159e-10 3.7204290117e-11 9.6542431469e-11
1.6015625000e+02 1.3420033449e-10 3.7264867511e-11 9.6935466974e-11
1.6021728516e+02 1.3491990161e-10 3.7402000450e-11 9.7517901156e-11
1.6027832031e+02 1.3583735069e-10 3.7591748861e-11 9.8245601825e-11
1.6033935547e+02 1.3668795106e-10 3.7761347319e-11 9.8926603745e-11
1.6040039062e+02 1.3723238658e-10 3.7857358955e-11 9.9375027625e-11
1.6046142578e+02 1.3743805452e-10 3.7881513433e-11 9.9556541084e-11
1.6052246094e+02 1.3744269046e-10 3.7870250795e-11 9.9572439664e-11
1.6058349609e+02 1.3737724109e-10 3.7853866408e-11 9.9523374679e-11
1.6064453125e+02 1.3724090134e-10 3.7832611855e-11 9.9408289480e-11
1.6070556641e+02 1.3690755115e-10 3.7779002817e-11 9.9128548338e-11
1.6076660156e+02 1.3624856816e-10 3.7663467086e-11 9.8585101078e-11
1.6082763672e+02 1.3526364768e-10 3.7480044073e-11 9.7783603612e-11
1.6088867188e+02 1.3407868680e-10 3.7247659595e-11 9.6831027201e-11
1.6094970703e+02 1.3283805555e-10 3.6995453055e-11 9.5842602495e-11
1.6101074219e+02 1.3161085252e-10 3.6743206753e-11 9.4867645768e-11
1.6107177734e+02 1.3036533209e-10 3.6485051156e-11 9.3880280932e-11
1.6113281250e+02 1.2902638716e-10 3.6197054961e-11 9.2829332195e-11
1.6119384766e+02 1.2755897793e-10 3.5862285041e-11 9.1696692886e-11
1.6125488281e+02 1.2599827808e-10 3.5485319477e-11 9.0512958600e-11
1.6131591797e+02 1.2444203501e-10 3.5092105072e-11 8.9349929942e-11
1.6137695312e+02 1.2301994547e-10 3.4718808205e-11 8.8301137270e-11
1.6143798828e+02 1.2183005200e-10 3.4391090368e-11 8.7438961631e-11
1.6149902344e+02 1.2088756120e-10 3.4109196746e-11 8.6778364450e-11
1.6156005859e+02 1.2012345249e-10 3.3852138650e-11 8.6271313844e-11
1.6162109375e+02 1.1943651064e-10 3.3598312376e-11 8.5838198265e-11
1.6168212891e+02 1.1876802695e-10 3.3343510346e-11 8.5424516605e-11
1.6174316406e+02 1.1812035767e-10 3.3096425242e-11 8.5023932432e-11
1.6180419922e+02 1.1750998426e-10 3.2864073708e-11 8.4645910556e-11
1.6186523438e+02 1.1692891812e-10 3.2649956573e-11 8.4278961550e-11
1.6192626953e+02 1.1635248987e-10 3.2456795354e-11 8.3895694516e-11
1.6198730469e+02 1.1577723104e-10 3.2283081053e-11 8.3494149989e-11
1.6204833984e+02 1.1523727760e-10 3.2122529013e-11 8.3114748592e-11
1.6210937500e+02 1.1476758976e-10 3.1972161205e-11 8.2795428552e-11
1.6217041016e+02 1.1435703765e-10 3.1838873217e-11 8.2518164432e-11
1.6223144531e+02 1.1393996355e-10 3.1730395485e-11 8.2209568066e-11
1.6229248047e+02 1.1343389472e-10 3.1640872042e-11 8.1793022682e-11
1.6235351562e+02 1.1279571571e-10 3.1551162292e-11 8.1244553416e-11
1.6241455078e+02 1.1204277811e-10 3.1440791281e-11 8.0601986831e-11
1.6247558594e+02 1.1122970432e-10 3.1303599081e-11 7.9926105239e-11
1.6253662109e+02 1.1041125788e-10 3.1156864912e-11 7.9254392965e-11
1.6259765625e+02 1.0960313314e-10 3.1024975395e-11 7.8578157748e-11
1.6265869141e+02 1.0877467620e-10 3.0910673311e-11 7.7864002888e-11
1.6271972656e+02 1.0790554821e-10 3.0795245648e-11 7.7110302565e-11
1.6278076172e+02 1.0703648296e-10 3.0666967330e-11 7.6369515632e-11
1.6284179688e+02 1.0623195732e-10 3.0532909707e-11 7.5699047608e-11
1.6290283203e+02 1.0550620240e-10 3.0399764174e-11 7.5106438226e-11
1.6296386719e+02 1.0482163505e-10 3.0259002354e-11 7.4562632698e-11
1.6302490234e+02 1.0415440783e-10 3.0099404808e-11 7.4055003026e-11
1.6308593750e+02 1.0352528750e-10 2.9924080989e-11 7.3601206514e-11
1.6314697266e+02 1.0296025106e-10 2.9745012492e-11 7.3215238565e-11
1.6320800781e+02 1.0244370595e-10 2.9564858197e-11 7.2878847756e-11
1.6326904297e+02 1.0193277211e-10 2.9375000760e-11 7.2557771353e-11
1.6333007812e+02 1.0141430492e-10 2.9169717817e-11 7.2244587101e-11
1.6339111328e+02 1.0091712040e-10 2.8951807775e-11 7.1965312620e-11
1.6345214844e+02 1.0047265649e-10 2.8730221111e-11 7.1742435379e-11
1.6351318359e+02 1.0009484592e-10 2.8520438442e-11 7.1574407479e-11
1.6357421875e+02 9.9776681277e-11 2.8334527108e-11 7.1442154169e-11
1.6363525391e+02 9.9475916593e-11 2.8163499933e-11 7.1312416659e-11
1.6369628906e+02 9.9132541640e-11 2.7983777884e-11 7.1148763756e-11
1.6375732422e+02 9.8725362632e-11 2.7788232598e-11 7.0937130034e-11
1.6381835938e+02 9.8293069555e-11 2.7597948885e-11 7.0695120670e-11
1.6387939453e+02 9.7888516713e-11 2.7435358322e-11 7.0453158392e-11
1.6394042969e+02 9.7527510022e-11 2.7298555068e-11 7.0228954954e-11
1.6400146484e+02 9.7194380673e-11 2.7172058862e-11 7.0022321811e-11
1.6406250000e+02 9.6886517865e-11 2.7052254918e-11 6.9834262947e-11
1.6412353516e+02 9.6630145768e-11 2.6951700438e-11 6.9678445330e-11
1.6418457031e+02 9.6450518713e-11 2.6883484385e-11 6.9567034329e-11
1.6424560547e+02 9.6345434864e-11 2.6850887731e-11 6.9494547133e-11
1.6430664062e+02 9.6284383594e-11 2.6849442524e-11 6.9434941071e-11
1.6436767578e+02 9.6225653356e-11 2.6869103579e-11 6.9356549776e-11
1.6442871094e+02 9.6158518005e-11 2.6897897267e-11 6.9260620738e-11
1.6448974609e+02 9.6130187983e-11 2.6930720476e-11 6.9199467508e-11
1.6455078125e+02 9.6206670699e-11 2.6971934284e-11 6.9234736415e-11
1.6461181641e+02 9.6416941357e-11 2.7029810574e-11 6.9387130783e-11
1.6467285156e+02 9.6740941601e-11 2.7109554643e-11 6.9631386958e-11
1.6473388672e+02 9.7133156792e-11 2.7208787533e-11 6.9924369260e-11
1.6479492188e+02 9.7561966428e-11 2.7322438276e-11 7.0239528152e-11
1.6485595703e+02 9.8025905137e-11 2.7448622288e-11 7.0577282850e-11
1.6491699219e+02 9.8534209267e-11 2.7585988092e-11 7.0948221175e-11
1.6497802734e+02 9.9108293551e-11 2.7737008700e-11 7.1371284851e-11
1.6503906250e+02 9.9789624536e-11 2.7911632285e-11 7.1877992251e-11
1.6510009766e+02 1.0059713659e-10 2.8115578663e-11 7.2481557925e-11
1.6516113281e+02 1.0148218468e-10 2.8340059771e-11 7.3142124910e-11
1.6522216797e+02 1.0234197739e-10 2.8563325607e-11 7.3778651784e-11
1.6528320312e+02 1.0308637184e-10 2.8762185764e-11 7.4324186074e-11
1.6534423828e+02 1.0371483634e-10 2.8933937002e-11 7.4780899334e-11
1.6540527344e+02 1.0431357558e-10 2.9101231931e-11 7.5212343652e-11
1.6546630859e+02 1.0494201887e-10 2.9280557875e-11 7.5661460994e-11
1.6552734375e+02 1.0554205395e-10 2.9454271368e-11 7.6087782582e-11
1.6558837891e+02 1.0599634614e-10 2.9586854561e-11 7.6409491577e-11
1.6564941406e+02 1.0624663266e-10 2.9661655255e-11 7.6584977401e-11
1.6571044922e+02 1.0630292588e-10 2.9688682357e-11 7.6614243520e-11
1.6577148438e+02 1.0617078100e-10 2.9680600204e-11 7.6490180792e-11
1.6583251953e+02 1.0582637151e-10 2.9633545986e-11 7.6192825519e-11
1.6589355469e+02 1.0522936074e-10 2.9527267595e-11 7.5702093144e-11
1.6595458984e+02 1.0432930931e-10 2.9336143764e-11 7.4993165546e-11
1.6601562500e+02 1.0309621284e-10 2.9046740441e-11 7.4049472398e-11
1.6607666016e+02 1.0155760878e-10 2.8669899300e-11 7.2887709481e-11
1.6613769531e+02 9.9797872399e-11 2.8235598657e-11 7.1562273743e-11
1.6619873047e+02 9.7931272945e-11 2.7776264111e-11 7.0155008835e-11
1.6625976562e+02 9.6056963437e-11 2.7311681279e-11 6.8745282158e-11
1.6632080078e+02 9.4208774295e-11 2.6846134493e-11 6.7362639802e-11
1.6638183594e+02 9.2355090935e-11 2.6376870947e-11 6.5978219988e-11
1.6644287109e+02 9.0463288837e-11 2.5902455748e-11 6.4560833089e-11
1.6650390625e+02 8.8562024487e-11 2.5425371979e-11 6.3136652508e-11
1.6656494141e+02 8.6742107919e-11 2.4953236680e-11 6.1788871238e-11
1.6662597656e+02 8.5110553259e-11 2.4501543969e-11 6.0609009290e-11
1.6668701172e+02 8.3740320983e-11 2.4091688506e-11 5.9648632477e-11
1.6674804688e+02 8.2634844476e-11 2.3738382695e-11 5.8896461782e-11
1.6680908203e+02 8.1726293129e-11 2.3436051038e-11 5.8290242092e-11
1.6687011719e+02 8.0923846366e-11 2.3162756996e-11 5.7761089370e-11
1.6693115234e+02 8.0184686024e-11 2.2902615528e-11 5.7282070496e-11
1.6699218750e+02 7.9545571768e-11 2.2661697548e-11 5.6883874221e-11
1.6705322266e+02 7.9079361556e-11 2.2459610060e-11 5.6619751495e-11
1.6711425781e+02 7.8816106796e-11 2.2308820481e-11 5.6507286316e-11
1.6717529297e+02 7.8704571713e-11 2.2203305655e-11 5.6501266059e-11
1.6723632812e+02 7.8647428785e-11 2.2124941668e-11 5.6522487118e-11
1.6729736328e+02 7.8573599258e-11 2.2059044777e-11 5.6514554481e-11
1.6735839844e+02 7.8470930994e-11 2.2001978893e-11 5.6468952101e-11
1.6741943359e+02 7.8354639570e-11 2.1955004262e-11 5.6399635308e-11
1.6748046875e+02 7.8229335892e-11 2.1916937198e-11 5.6312398694e-11
1.6754150391e+02 7.8077698026e-11 2.1882461766e-11 5.6195236261e-11
1.6760253906e+02 7.7869873932e-11 2.1843895480e-11 5.6025978452e-11
1.6766357422e+02 7.7591478030e-11 2.1797385805e-11 5.5794092225e-11
1.6772460938e+02 7.7255039356e-11 2.1745876632e-11 5.5509162724e-11
1.6778564453e+02 7.6876151926e-11 2.1691623770e-11 5.5184528155e-11
1.6784667969e+02 7.6460529067e-11 2.1630800878e-11 5.4829728189e-11
1.6790771484e+02 7.6020659978e-11 2.1560490286e-11 5.4460169692e-11
1.6796875000e+02 7.5579723748e-11 2.1483489151e-11 5.4096234598e-11
1.6802978516e+02 7.5150542462e-11 2.1401540429e-11 5.3749002034e-11
1.6809082031e+02 7.4727804918e-11 2.1313488911e-11 5.3414316007e-11
1.6815185547e+02 7.4303426646e-11 2.1222702155e-11 5.3080724491e-11
1.6821289062e+02 7.3878566511e-11 2.1135857160e-11 5.2742709351e-11
1.6827392578e+02 7.3464218167e-11 2.1053037344e-11 5.2411180822e-11
1.6833496094e+02 7.3072430438e-11 2.0965880132e-11 5.2106550306e-11
1.6839599609e+02 7.2697840515e-11 2.0864676826e-11 5.1833163689e-11
1.6845703125e+02 7.2312268239e-11 2.0744580695e-11 5.1567687543e-11
1.6851806641e+02 7.1886346447e-11 2.0607379285e-11 5.1278967162e-11
1.6857910156e+02 7.1417041814e-11 2.0460783904e-11 5.0956257910e-11
1.6864013672e+02 7.0936853033e-11 2.0316428665e-11 5.0620424368e-11
1.6870117188e+02 7.0490820611e-11 2.0183064958e-11 5.0307755653e-11
1.6876220703e+02 7.0100539690e-11 2.0059034678e-11 5.0041505011e-11
1.6882324219e+02 6.9758852008e-11 1.9936975685e-11 4.9821876323e-11
1.6888427734e+02 6.9455164244e-11 1.9818004431e-11 4.9637159813e-11
1.6894531250e+02 6.9191639454e-11 1.9716568463e-11 4.9475070992e-11
1.6900634766e+02 6.8967766325e-11 1.9645878435e-11 4.9321887890e-11
1.6906738281e+02 6.8753879072e-11 1.9598760648e-11 4.9155118424e-11
1.6912841797e+02 6.8501538894e-11 1.9550509078e-11 4.8951029815e-11
1.6918945312e+02 6.8184271950e-11 1.9479401719e-11 4.8704870230e-11
1.6925048828e+02 6.7809673604e-11 1.9377921330e-11 4.8431752275e-11
1.6931152344e+02 6.7405964863e-11 1.9253597390e-11 4.8152367472e-11
1.6937255859e+02 6.7014670341e-11 1.9125982557e-11 4.7888687785e-11
1.6943359375e+02 6.6675766623e-11 1.9014667536e-11 4.7661099087e-11
1.6949462891e+02 6.6401583413e-11 1.8925995999e-11 4.7475587414e-11
1.6955566406e+02 6.6160884321e-11 1.8850443242e-11 4.7310441079e-11
1.6961669922e+02 6.5899672651e-11 1.8772729447e-11 4.7126943204e-11
1.6967773438e+02 6.5594419575e-11 1.8687490993e-11 4.6906928582e-11
1.6973876953e+02 6.5267765597e-11 1.8602862849e-11 4.6664902748e-11
1.6979980469e+02 6.4941077892e-11 1.8526227758e-11 4.6414850134e-11
1.6986083984e+02 6.4601636563e-11 1.8452664235e-11 4.6148972328e-11
1.6992187500e+02 6.4227285459e-11 1.8371525366e-11 4.5855760093e-11
1.6998291016e+02 6.3823638525e-11 1.8280148952e-11 4.5543489573e-11
1.7004394531e+02 6.3431235576e-11 1.8188909530e-11 4.5242326047e-11
1.7010498047e+02 6.3102741975e-11 1.8113847049e-11 4.4988894926e-11
1.7016601562e+02 6.2870710995e-11 1.8062091094e-11 4.4808619902e-11
1.7022705078e+02 6.2723223660e-11 1.8021422668e-11 4.4701800991e-11
1.7028808594e+02 6.2606022703e-11 1.7967617397e-11 4.4638405306e-11
1.7034912109e+02 6.2463194201e-11 1.7888091733e-11 4.4575102468e-11
1.7041015625e+02 6.2279049980e-11 1.7794213678e-11 4.4484836302e-11
1.7047119141e+02 6.2074011255e-11 1.7705313115e-11 4.4368698140e-11
1.7053222656e+02 6.1875856664e-11 1.7628551064e-11 4.4247305599e-11
1.7059326172e+02 6.1709976939e-11 1.7562182816e-11 4.4147794123e-11
1.7065429688e+02 6.1605120571e-11 1.7513434208e-11 4.4091686363e-11
1.7071533203e+02 6.1588112108e-11 1.7498733377e-11 4.4089378731e-11
1.7077636719e+02 6.1663738008e-11 1.7518984889e-11 4.4144753119e-11
1.7083740234e+02 6.1803104834e-11 1.7548244404e-11 4.4254860430e-11
1.7089843750e+02 6.1954992079e-11 1.7559037302e-11 4.4395954778e-11
1.7095947266e+02 6.2069836690e-11 1.7548765277e-11 4.4521071412e-11
1.7102050781e+02 6.2120675887e-11 1.7532613305e-11 4.4588062582e-11
1.7108154297e+02 6.2108407113e-11 1.7521206380e-11 4.4587200733e-11
1.7114257812e+02 6.2050291001e-11 1.7514191367e-11 4.4536099634e-11
1.7120361328e+02 6.1963403336e-11 1.7508381763e-11 4.4455021573e-11
1.7126464844e+02 6.1854289069e-11 1.7502443377e-11 4.4351845693e-11
1.7132568359e+02 6.1719429983e-11 1.7492669753e-11 4.4226760230e-11
1.7138671875e+02 6.1551333010e-11 1.7469466934e-11 4.4081866077e-11
1.7144775391e+02 6.1343477532e-11 1.7423677582e-11 4.3919799950e-11
1.7150878906e+02 6.1087977536e-11 1.7355357691e-11 4.3732619845e-11
1.7156982422e+02 6.0768152561e-11 1.7271169097e-11 4.3496983464e-11
1.7163085938e+02 6.0366009469e-11 1.7175608816e-11 4.3190400653e-11
1.7169189453e+02 5.9879008029e-11 1.7069102461e-11 4.2809905568e-11
1.7175292969e+02 5.9315265766e-11 1.6949219991e-11 4.2366045775e-11
1.7181396484e+02 5.8686995870e-11 1.6811818434e-11 4.1875177436e-11
1.7187500000e+02 5.8028647227e-11 1.6657953915e-11 4.1370693312e-11
1.7193603516e+02 5.7395639533e-11 1.6499252601e-11 4.0896386932e-11
1.7199707031e+02 5.6825154716e-11 1.6351101264e-11 4.0474053452e-11
1.7205810547e+02 5.6315322530e-11 1.6221842548e-11 4.0093479982e-11
1.7211914062e+02 5.5847713745e-11 1.6111213684e-11 3.9736500061e-11
1.7218017578e+02 5.5419983738e-11 1.6016658178e-11 3.9403325560e-11
1.7224121094e+02 5.5055674763e-11 1.5937146448e-11 3.9118528315e-11
1.7230224609e+02 5.4781734849e-11 1.5871458669e-11 3.8910276180e-11
1.7236328125e+02 5.4598026755e-11 1.5816290160e-11 3.8781736595e-11
1.7242431641e+02 5.4476684615e-11 1.5768076651e-11 3.8708607965e-11
1.7248535156e+02 5.4388227767e-11 1.5727239048e-11 3.8660988719e-11
1.7254638672e+02 5.4316543025e-11 1.5697437168e-11 3.8619105857e-11
1.7260742188e+02 5.4254583225e-11 1.5678099848e-11 3.8576483377e-11
1.7266845703e+02 5.4205922175e-11 1.5663816062e-11 3.8542106113e-11
1.7272949219e+02 5.4191760217e-11 1.5654097507e-11 3.8537662711e-11
1.7279052734e+02 5.4234595711e-11 1.5654689141e-11 3.8579906570e-11
1.7285156250e+02 5.4325432980e-11 1.5664839180e-11 3.8660593799e-11
1.7291259766e+02 5.4423271651e-11 1.5671425260e-11 3.8751846392e-11
1.7297363281e+02 5.4493422861e-11 1.5660985465e-11 3.8832437397e-11
1.7303466797e+02 5.4537538077e-11 1.5635132348e-11 3.8902405729e-11
1.7309570312e+02 5.4590311428e-11 1.5611482806e-11 3.8978828621e-11
1.7315673828e+02 5.4685467575e-11 1.5606989581e-11 3.9078477994e-11
1.7321777344e+02 5.4810591121e-11 1.5619795359e-11 3.9190795762e-11
1.7327880859e+02 5.4901986316e-11 1.5629750323e-11 3.9272235993e-11
1.7333984375e+02 5.4901727230e-11 1.5616104586e-11 3.9285622643e-11
1.7340087891e+02 5.4813799167e-11 1.5573236629e-11 3.9240562538e-11
1.7346191406e+02 5.4690229915e-11 1.5511912019e-11 3.9178317896e-11
1.7352294922e+02 5.4574936138e-11 1.5449508969e-11 3.9125427168e-11
1.7358398438e+02 5.4478241634e-11 1.5399629189e-11 3.9078612445e-11
1.7364501953e+02 5.4389714433e-11 1.5366349914e-11 3.9023364518e-11
1.7370605469e+02 5.4290881511e-11 1.5343477683e-11 3.8947403828e-11
1.7376708984e+02 5.4162606501e-11 1.5320728462e-11 3.8841878039e-11
1.7382812500e+02 5.3999838803e-11 1.5294908316e-11 3.8704930487e-11
1.7388916016e+02 5.3818105588e-11 1.5272713264e-11 3.8545392324e-11
1.7395019531e+02 5.3645525501e-11 1.5259967100e-11 3.8385558401e-11
1.7401123047e+02 5.3513295157e-11 1.5253559314e-11 3.8259735844e-11
1.7407226562e+02 5.3435074857e-11 1.5246013775e-11 3.8189061082e-11
1.7413330078e+02 5.3392185118e-11 1.5235953935e-11 3.8156231183e-11
1.7419433594e+02 5.3364927529e-11 1.5234686026e-11 3.8130241503e-11
1.7425537109e+02 5.3369628872e-11 1.5258602550e-11 3.8111026322e-11
1.7431640625e+02 5.3439549554e-11 1.5311670731e-11 3.8127878823e-11
1.7437744141e+02 5.3579755196e-11 1.5379886665e-11 3.8199868531e-11
1.7443847656e+02 5.3751679785e-11 1.5444218453e-11 3.8307461332e-11
1.7449951172e+02 5.3897292000e-11 1.5494399860e-11 3.8402892140e-11
1.7456054688e+02 5.3982039813e-11 1.5530364754e-11 3.8451675059e-11
1.7462158203e+02 5.4016227598e-11 1.5555502047e-11 3.8460725551e-11
1.7468261719e+02 5.4031577355e-11 1.5570546389e-11 3.8461030966e-11
1.7474365234e+02 5.4041575285e-11 1.5573090970e-11 3.8468484315e-11
1.7480468750e+02 5.4031295307e-11 1.5563181323e-11 3.8468113984e-11
1.7486572266e+02 5.3983278226e-11 1.5547690467e-11 3.8435587760e-11
1.7492675781e+02 5.3901401295e-11 1.5535581257e-11 3.8365820038e-11
1.7498779297e+02 5.3798123458e-11 1.5528054074e-11 3.8270069384e-11
1.7504882812e+02 5.3662726139e-11 1.5514881584e-11 3.8147844554e-11
1.7510986328e+02 5.3464780292e-11 1.5481952755e-11 3.7982827537e-11
1.7517089844e+02 5.3192784327e-11 1.5422783202e-11 3.7770001126e-11
1.7523193359e+02 5.2863097939e-11 1.5341888331e-11 3.7521209608e-11
1.7529296875e+02 5.2494099008e-11 1.5247929391e-11 3.7246169616e-11
1.7535400391e+02 5.2104440382e-11 1.5146734829e-11 3.6957705553e-11
1.7541503906e+02 5.1732348862e-11 1.5041795188e-11 3.6690553674e-11
1.7547607422e+02 5.1425310866e-11 1.4937937113e-11 3.6487373753e-11
1.7553710938e+02 5.1203567719e-11 1.4841950189e-11 3.6361617529e-11
1.7559814453e+02 5.1046284833e-11 1.4761002909e-11 3.6285281924e-11
1.7565917969e+02 5.0919500723e-11 1.4700788901e-11 3.6218711822e-11
1.7572021484e+02 5.0815813255e-11 1.4663918438e-11 3.6151894818e-11
1.7578125000e+02 5.0762743568e-11 1.4649050898e-11 3.6113692670e-11
1.7584228516e+02 5.0785453887e-11 1.4649766050e-11 3.6135687837e-11
1.7590332031e+02 5.0867552290e-11 1.4655963265e-11 3.6211589025e-11
1.7596435547e+02 5.0963494725e-11 1.4660644476e-11 3.6302850250e-11
1.7602539062e+02 5.1037037033e-11 1.4662679690e-11 3.6374357343e-11
1.7608642578e+02 5.1070642728e-11 1.4659393738e-11 3.6411248990e-11
1.7614746094e+02 5.1053045467e-11 1.4641437540e-11 3.6411607926e-11
1.7620849609e+02 5.0972045647e-11 1.4598868017e-11 3.6373177630e-11
1.7626953125e+02 5.0818306969e-11 1.4531378153e-11 3.6286928816e-11
1.7633056641e+02 5.0599388684e-11 1.4452443850e-11 3.6146944834e-11
1.7639160156e+02 5.0345148256e-11 1.4380638612e-11 3.5964509643e-11
1.7645263672e+02 5.0086830583e-11 1.4323001951e-11 3.5763828632e-11
1.7651367188e+02 4.9830662624e-11 1.4268679524e-11 3.5561983100e-11
1.7657470703e+02 4.9553591008e-11 1.4200439921e-11 3.5353151088e-11
1.7663574219e+02 4.9220079961e-11 1.4109276119e-11 3.5110803842e-11
1.7669677734e+02 4.8803456830e-11 1.3996825488e-11 3.4806631341e-11
1.7675781250e+02 4.8296930888e-11 1.3866389523e-11 3.4430541366e-11
1.7681884766e+02 4.7714587808e-11 1.3716673765e-11 3.3997914042e-11
1.7687988281e+02 4.7083642539e-11 1.3547711570e-11 3.3535930969e-11
1.7694091797e+02 4.6425692966e-11 1.3367631954e-11 3.3058061012e-11
1.7700195312e+02 4.5751074711e-11 1.3188059231e-11 3.2563015480e-11
1.7706298828e+02 4.5073897564e-11 1.3015102804e-11 3.2058794760e-11
1.7712402344e+02 4.4417580067e-11 1.2849041324e-11 3.1568538743e-11
1.7718505859e+02 4.3806931003e-11 1.2693003291e-11 3.1113927712e-11
1.7724609375e+02 4.3259673146e-11 1.2556078822e-11 3.0703594324e-11
1.7730712891e+02 4.2780314301e-11 1.2444550994e-11 3.0335763307e-11
1.7736816406e+02 4.2363248306e-11 1.2353893097e-11 3.0009355208e-11
1.7742919922e+02 4.1998877425e-11 1.2271369910e-11 2.9727507514e-11
1.7749023438e+02 4.1675225476e-11 1.2186066057e-11 2.9489159419e-11
1.7755126953e+02 4.1385857446e-11 1.2097726968e-11 2.9288130478e-11
1.7761230469e+02 4.1136938953e-11 1.2015656515e-11 2.9121282439e-11
1.7767333984e+02 4.0935908446e-11 1.1947828927e-11 2.8988079520e-11
1.7773437500e+02 4.0775817495e-11 1.1892371084e-11 2.8883446411e-11
1.7779541016e+02 4.0637148630e-11 1.1840596481e-11 2.8796552149e-11
1.7785644531e+02 4.0504304483e-11 1.1786389675e-11 2.8717914808e-11
1.7791748047e+02 4.0380692997e-11 1.1731647246e-11 2.8649045751e-11
1.7797851562e+02 4.0290391315e-11 1.1685549306e-11 2.8604842009e-11
1.7803955078e+02 4.0262369864e-11 1.1658728715e-11 2.8603641149e-11
1.7810058594e+02 4.0300634217e-11 1.1652663233e-11 2.8647970984e-11
1.7816162109e+02 4.0362964510e-11 1.1653938478e-11 2.8709026032e-11
1.7822265625e+02 4.0383007570e-11 1.1643521692e-11 2.8739485878e-11
1.7828369141e+02 4.0325648548e-11 1.1611713472e-11 2.8713935076e-11
1.7834472656e+02 4.0213335757e-11 1.1562713823e-11 2.8650621934e-11
1.7840576172e+02 4.0092698750e-11 1.1508143079e-11 2.8584555671e-11
1.7846679688e+02 3.9983720929e-11 1.1457494860e-11 2.8526226069e-11
1.7852783203e+02 3.9865976392e-11 1.1410647267e-11 2.8455329124e-11
1.7858886719e+02 3.9707557715e-11 1.1358996895e-11 2.8348560820e-11
1.7864990234e+02 3.9503963121e-11 1.1298505393e-11 2.8205457728e-11
1.7871093750e+02 3.9286581099e-11 1.1238332769e-11 2.8048248330e-11
1.7877197266e+02 3.9089837444e-11 1.1189964743e-11 2.7899872701e-11
1.7883300781e+02 3.8922858666e-11 1.1154554662e-11 2.7768304004e-11
1.7889404297e+02 3.8773648431e-11 1.1125456983e-11 2.7648191448e-11
1.7895507812e+02 3.8616944871e-11 1.1094267304e-11 2.7522677567e-11
1.7901611328e+02 3.8425867479e-11 1.1054156921e-11 2.7371710558e-11
1.7907714844e+02 3.8199980018e-11 1.1005317884e-11 2.7194662135e-11
1.7913818359e+02 3.7971417469e-11 1.0955779747e-11 2.7015637722e-11
1.7919921875e+02 3.7774458814e-11 1.0913941967e-11 2.6860516846e-11
1.7926025391e+02 3.7621367169e-11 1.0882403994e-11 2.6738963176e-11
1.7932128906e+02 3.7505044513e-11 1.0858109156e-11 2.6646935357e-11
1.7938232422e+02 3.7411851167e-11 1.0837028652e-11 2.6574822515e-11
1.7944335938e+02 3.7331058827e-11 1.0819085336e-11 2.6511973491e-11
1.7950439453e+02 3.7258872675e-11 1.0807452671e-11 2.6451420003e-11
1.7956542969e+02 3.7199618699e-11 1.0804324801e-11 2.6395293898e-11
1.7962646484e+02 3.7159084743e-11 1.0807555175e-11 2.6351529568e-11
1.7968750000e+02 3.7128518948e-11 1.0808704883e-11 2.6319814065e-11
1.7974853516e+02 3.7085585969e-11 1.0798141860e-11 2.6287444109e-11
1.7980957031e+02 3.7024846881e-11 1.0777052318e-11 2.6247794563e-11
1.7987060547e+02 3.6973890900e-11 1.0759704649e-11 2.6214186251e-11
1.7993164062e+02 3.6963408589e-11 1.0758886359e-11 2.6204522230e-11
1.7999267578e+02 3.6989304076e-11 1.0772159674e-11 2.6217144402e-11
1.8005371094e+02 3.7009739832e-11 1.0783505963e-11 2.6226233870e-11
1.8011474609e+02 3.6973582426e-11 1.0775393612e-11 2.6198188814e-11
1.8017578125e+02 3.6856472176e-11 1.0741055782e-11 2.6115416394e-11
1.8023681641e+02 3.6678030357e-11 1.0689328686e-11 2.5988701671e-11
1.8029785156e+02 3.6485505466e-11 1.0638381804e-11 2.5847123662e-11
1.8035888672e+02 3.6319275077e-11 1.0603514675e-11 2.5715760402e-11
1.8041992188e+02 3.6185558613e-11 1.0587003223e-11 2.5598555390e-11
1.8048095703e+02 3.6052122793e-11 1.0574942845e-11 2.5477179948e-11
1.8054199219e+02 3.5875818287e-11 1.0546280596e-11 2.5329537691e-11
1.8060302734e+02 3.5645736640e-11 1.0489954320e-11 2.5155782319e-11
1.8066406250e+02 3.5397816505e-11 1.0413306512e-11 2.4984509993e-11
1.8072509766e+02 3.5179247421e-11 1.0333469170e-11 2.4845778251e-11
1.8078613281e+02 3.5000746628e-11 1.0262420272e-11 2.4738326356e-11
1.8084716797e+02 3.4834854737e-11 1.0201654211e-11 2.4633200526e-11
1.8090820312e+02 3.4656425206e-11 1.0147875256e-11 2.4508549950e-11
1.8096923828e+02 3.4467113261e-11 1.0097975788e-11 2.4369137473e-11
1.8103027344e+02 3.4285997116e-11 1.0049512313e-11 2.4236484803e-11
1.8109130859e+02 3.4133105259e-11 1.0001127089e-11 2.4131978171e-11
1.8115234375e+02 3.4013634060e-11 9.9524902256e-12 2.4061143835e-11
1.8121337891e+02 3.3907443964e-11 9.9026506935e-12 2.4004793271e-11
1.8127441406e+02 3.3786743795e-11 9.8502229013e-12 2.3936520894e-11
1.8133544922e+02 3.3650676232e-11 9.7965687272e-12 2.3854107505e-11
1.8139648438e+02 3.3528277330e-11 9.7475999883e-12 2.3780677342e-11
1.8145751953e+02 3.3443379462e-11 9.7098064885e-12 2.3733572974e-11
1.8151855469e+02 3.3384756385e-11 9.6819979889e-12 2.3702758396e-11
1.8157958984e+02 3.3308436261e-11 9.6525613902e-12 2.3655874871e-11
1.8164062500e+02 3.3168119516e-11 9.6096053838e-12 2.3558514132e-11
1.8170166016e+02 3.2952293277e-11 9.5531607876e-12 2.3399132489e-11
1.8176269531e+02 3.2698059206e-11 9.4936219265e-12 2.3204437279e-11
1.8182373047e+02 3.2467595340e-11 9.4410844650e-12 2.3026510875e-11
1.8188476562e+02 3.2301167711e-11 9.3996965011e-12 2.2901471210e-11
1.8194580078e+02 3.2186128891e-11 9.3674533752e-12 2.2818675516e-11
1.8200683594e+02 3.2077210153e-11 9.3380238982e-12 2.2739186255e-11
1.8206787109e+02 3.1943948669e-11 9.3058158474e-12 2.2638132822e-11
1.8212890625e+02 3.1788894954e-11 9.2697228818e-12 2.2519172072e-11
1.8218994141e+02 3.1631577943e-11 9.2317348981e-12 2.2399843045e-11
1.8225097656e+02 3.1490115038e-11 9.1946022826e-12 2.2295512755e-11
1.8231201172e+02 3.1371256301e-11 9.1606187565e-12 2.2210637545e-11
1.8237304688e+02 3.1267586824e-11 9.1297396336e-12 2.2137847190e-11
1.8243408203e+02 3.1162494676e-11 9.0981807087e-12 2.2064313967e-11
1.8249511719e+02 3.1040246119e-11 9.0615415023e-12 2.1978704617e-11
1.8255615234e+02 3.0902168755e-11 9.0217591784e-12 2.1880409577e-11
1.8261718750e+02 3.0775915920e-11 8.9885663020e-12 2.1787349618e-11
1.8267822266e+02 3.0691725121e-11 8.9706063799e-12 2.1721118741e-11
1.8273925781e+02 3.0644423591e-11 8.9661254962e-12 2.1678298095e-11
1.8280029297e+02 3.0595770276e-11 8.9641846419e-12 2.1631585634e-11
1.8286132812e+02 3.0519462076e-11 8.9547634494e-12 2.1564698627e-11
1.8292236328e+02 3.0429376045e-11 8.9369611811e-12 2.1492414864e-11
1.8298339844e+02 3.0355262971e-11 8.9159286440e-12 2.1439334328e-11
1.8304443359e+02 3.0301259444e-11 8.8937037644e-12 2.1407555679e-11
1.8310546875e+02 3.0240363458e-11 8.8677362392e-12 2.1372627219e-11
1.8316650391e+02 3.0142946996e-11 8.8361664649e-12 2.1306780531e-11
1.8322753906e+02 2.9999291788e-11 8.7994825074e-12 2.1199809280e-11
1.8328857422e+02 2.9821841302e-11 8.7594401611e-12 2.1062401141e-11
1.8334960938e+02 2.9639065381e-11 8.7197897299e-12 2.0919275652e-11
1.8341064453e+02 2.9481958838e-11 8.6852523682e-12 2.0796706469e-11
1.8347167969e+02 2.9361906354e-11 8.6570816259e-12 2.0704824728e-11
1.8353271484e+02 2.9261999508e-11 8.6317075598e-12 2.0630291948e-11
1.8359375000e+02 2.9154989207e-11 8.6048015530e-12 2.0550187654e-11
1.8365478516e+02 2.9025342128e-11 8.5741347931e-12 2.0451207335e-11
1.8371582031e+02 2.8876367513e-11 8.5389621734e-12 2.0337405340e-11
1.8377685547e+02 2.8724612996e-11 8.5002287065e-12 2.0224384290e-11
1.8383789062e+02 2.8587213130e-11 8.4609474440e-12 2.0126265686e-11
1.8389892578e+02 2.8470925696e-11 8.4240982658e-12 2.0046827430e-11
1.8395996094e+02 2.8370252712e-11 8.3907261070e-12 1.9979526605e-11
1.8402099609e+02 2.8272911577e-11 8.3597902459e-12 1.9913121332e-11
1.8408203125e+02 2.8169075428e-11 8.3284645394e-12 1.9840610888e-11
1.8414306641e+02 2.8060398272e-11 8.2940206056e-12 1.9766377666e-11
1.8420410156e+02 2.7959775398e-11 8.2574457289e-12 1.9702329669e-11
1.8426513672e+02 2.7878601475e-11 8.2241663434e-12 1.9654435132e-11
1.8432617188e+02 2.7816415707e-11 8.1994314946e-12 1.9616984212e-11
1.8438720703e+02 2.7765220845e-11 8.1833351548e-12 1.9581885690e-11
1.8444824219e+02 2.7715951919e-11 8.1706203018e-12 1.9545331617e-11
1.8450927734e+02 2.7657868593e-11 8.1545971490e-12 1.9503271443e-11
1.8457031250e+02 2.7584335498e-11 8.1323473664e-12 1.9451988132e-11
1.8463134766e+02 2.7502038630e-11 8.1066865526e-12 1.9395352077e-11
1.8469238281e+02 2.7421102498e-11 8.0813930868e-12 1.9339709412e-11
1.8475341797e+02 2.7338583690e-11 8.0568033703e-12 1.9281780320e-11
1.8481445312e+02 2.7246900834e-11 8.0325270438e-12 1.9214373790e-11
1.8487548828e+02 2.7150936017e-11 8.0098571569e-12 1.9141078860e-11
1.8493652344e+02 2.7059336261e-11 7.9886612588e-12 1.9070675003e-11
1.8499755859e+02 2.6965819300e-11 7.9650557630e-12 1.9000763537e-11
1.8505859375e+02 2.6857034387e-11 7.9353461144e-12 1.8921688272e-11
1.8511962891e+02 2.6737524007e-11 7.9029856226e-12 1.8834538384e-11
1.8518066406e+02 2.6631755185e-11 7.8775580520e-12 1.8754197133e-11
1.8524169922e+02 2.6560036781e-11 7.8640428837e-12 1.8695993897e-11
1.8530273438e+02 2.6521522761e-11 7.8576123373e-12 1.8663910424e-11
1.8536376953e+02 2.6498055194e-11 7.8503922772e-12 1.8647662917e-11
1.8542480469e+02 2.6465188914e-11 7.8376470021e-12 1.8627541912e-11
1.8548583984e+02 2.6402377034e-11 7.8170574905e-12 1.8585319544e-11
1.8554687500e+02 2.6306063803e-11 7.7887090692e-12 1.8517354734e-11
1.8560791016e+02 2.6194621737e-11 7.7564824912e-12 1.8438139246e-11
1.8566894531e+02 2.6090366350e-11 7.7246157021e-12 1.8365750648e-11
1.8572998047e+02 2.5997845223e-11 7.6930797694e-12 1.8304765454e-11
1.8579101562e+02 2.5905550770e-11 7.6588671506e-12 1.8246683619e-11
1.8585205078e+02 2.5804629448e-11 7.6211545696e-12 1.8183474878e-11
1.8591308594e+02 2.5699438888e-11 7.5825847937e-12 1.8116854094e-11
1.8597412109e+02 2.5598806613e-11 7.5455557032e-12 1.8053250910e-11
1.8603515625e+02 2.5502562668e-11 7.5106579905e-12 1.7991904677e-11
1.8609619141e+02 2.5402971219e-11 7.4781557913e-12 1.7924815428e-11
1.8615722656e+02 2.5296540551e-11 7.4481136962e-12 1.7848426854e-11
1.8621826172e+02 2.5189131673e-11 7.4205420441e-12 1.7768589629e-11
1.8627929688e+02 2.5089629188e-11 7.3962503607e-12 1.7693378828e-11
1.8634033203e+02 2.4999026426e-11 7.3759769514e-12 1.7623049475e-11
1.8640136719e+02 2.4908363950e-11 7.3591835292e-12 1.7549180421e-11
1.8646240234e+02 2.4807487028e-11 7.3432903736e-12 1.7464196654e-11
1.8652343750e+02 2.4690407794e-11 7.3228155308e-12 1.7367592263e-11
1.8658447266e+02 2.4559645025e-11 7.2924960229e-12 1.7267149002e-11
1.8664550781e+02 2.4434118849e-11 7.2536091038e-12 1.7180509745e-11
1.8670654297e+02 2.4339293567e-11 7.2142282974e-12 1.7125065269e-11
1.8676757812e+02 2.4279199660e-11 7.1812079222e-12 1.7097991738e-11
1.8682861328e+02 2.4228479745e-11 7.1536292895e-12 1.7074850455e-11
1.8688964844e+02 2.4157903834e-11 7.1262296260e-12 1.7031674208e-11
1.8695068359e+02 2.4057459042e-11 7.0966004077e-12 1.6960858634e-11
1.8701171875e+02 2.3931161186e-11 7.0650044833e-12 1.6866156703e-11
1.8707275391e+02 2.3787117782e-11 7.0313491685e-12 1.6755768614e-11
1.8713378906e+02 2.3640350033e-11 6.9972667754e-12 1.6643083258e-11
1.8719482422e+02 2.3504386833e-11 6.9662043421e-12 1.6538182491e-11
1.8725585938e+02 2.3370243361e-11 6.9371212014e-12 1.6433122160e-11
1.8731689453e+02 2.3211544430e-11 6.9028781074e-12 1.6308666322e-11
1.8737792969e+02 2.3016184177e-11 6.8578801369e-12 1.6158304040e-11
1.8743896484e+02 2.2799117925e-11 6.8034893459e-12 1.5995628579e-11
1.8750000000e+02 2.2584368603e-11 6.7452266838e-12 1.5839141919e-11
1.8756103516e+02 2.2386764022e-11 6.6883347939e-12 1.5698429228e-11
1.8762207031e+02 2.2206950059e-11 6.6353888041e-12 1.5571561255e-11
1.8768310547e+02 2.2032952464e-11 6.5847900057e-12 1.5448162458e-11
1.8774414062e+02 2.1853385961e-11 6.5333176116e-12 1.5320068349e-11
1.8780517578e+02 2.1675524621e-11 6.4822246144e-12 1.5193300007e-11
1.8786621094e+02 2.1519572513e-11 6.4371588027e-12 1.5082413710e-11
1.8792724609e+02 2.1389789314e-11 6.4004342865e-12 1.4989355028e-11
1.8798828125e+02 2.1262995500e-11 6.3672479369e-12 1.4895747563e-11
1.8804931641e+02 2.1115399103e-11 6.3316123388e-12 1.4783786764e-11
1.8811035156e+02 2.0951396042e-11 6.2932458147e-12 1.4658150227e-11
1.8817138672e+02 2.0796109546e-11 6.2568842687e-12 1.4539225278e-11
1.8823242188e+02 2.0668649193e-11 6.2270538278e-12 1.4441595365e-11
1.8829345703e+02 2.0569159227e-11 6.2044564706e-12 1.4364702756e-11
1.8835449219e+02 2.0481545578e-11 6.1851996758e-12 1.4296345902e-11
1.8841552734e+02 2.0381793954e-11 6.1624697397e-12 1.4219324214e-11
1.8847656250e+02 2.0254084995e-11 6.1312422409e-12 1.4122842754e-11
1.8853759766e+02 2.0108007599e-11 6.0931755040e-12 1.4014832095e-11
1.8859863281e+02 1.9975124094e-11 6.0562294934e-12 1.3918894601e-11
1.8865966797e+02 1.9884061876e-11 6.0291684625e-12 1.3854893414e-11
1.8872070312e+02 1.9838398739e-11 6.0159888836e-12 1.3822409855e-11
1.8878173828e+02 1.9816260987e-11 6.0137151464e-12 1.3802545841e-11
1.8884277344e+02 1.9788000021e-11 6.0140177452e-12 1.3773982276e-11
1.8890380859e+02 1.9734217552e-11 6.0080365562e-12 1.3726180996e-11
1.8896484375e+02 1.9656235014e-11 5.9928352435e-12 1.3663399770e-11
1.8902587891e+02 1.9577224151e-11 5.9739748597e-12 1.3603249291e-11
1.8908691406e+02 1.9526557351e-11 5.9596178747e-12 1.3566939476e-11
1.8914794922e+02 1.9514226388e-11 5.9511238053e-12 1.3563102583e-11
1.8920898438e+02 1.9521072830e-11 5.9411442692e-12 1.3579928560e-11
1.8927001953e+02 1.9517416718e-11 5.9226420113e-12 1.3594774706e-11
1.8933105469e+02 1.9491812239e-11 5.8983724142e-12 1.3593439825e-11
1.8939208984e+02 1.9461254456e-11 5.8795808795e-12 1.3581673577e-11
1.8945312500e+02 1.9450418971e-11 5.8750667861e-12 1.3575352185e-11
1.8951416016e+02 1.9463357460e-11 5.8828960103e-12 1.3580461450e-11
1.8957519531e+02 1.9483168012e-11 5.8939261907e-12 1.3589241822e-11
1.8963623047e+02 1.9491631528e-11 5.8998935431e-12 1.3591737985e-11
1.8969726562e+02 1.9480687926e-11 5.8962843834e-12 1.3584403542e-11
1.8975830078e+02 1.9454507812e-11 5.8826365670e-12 1.3571871245e-11
1.8981933594e+02 1.9424610521e-11 5.8629423433e-12 1.3561668178e-11
1.8988037109e+02 1.9398873461e-11 5.8433337601e-12 1.3555539700e-11
1.8994140625e+02 1.9375590663e-11 5.8275944122e-12 1.3547996251e-11
1.9000244141e+02 1.9342821548e-11 5.8140296758e-12 1.3528791872e-11
1.9006347656e+02 1.9283310589e-11 5.7974381722e-12 1.3485872417e-11
1.9012451172e+02 1.9192518324e-11 5.7755952866e-12 1.3416923037e-11
1.9018554688e+02 1.9089974323e-11 5.7521326265e-12 1.3337841697e-11
1.9024658203e+02 1.9001159274e-11 5.7323459542e-12 1.3268813320e-11
1.9030761719e+02 1.8934120974e-11 5.7187736207e-12 1.3215347353e-11
1.9036865234e+02 1.8880513553e-11 5.7105662125e-12 1.3169947341e-11
1.9042968750e+02 1.8826708455e-11 5.7039360501e-12 1.3122772405e-11
1.9049072266e+02 1.8761890698e-11 5.6946421368e-12 1.3067248561e-11
1.9055175781e+02 1.8691798828e-11 5.6831446320e-12 1.3008654196e-11
1.9061279297e+02 1.8637325196e-11 5.6735609041e-12 1.2963764292e-11
1.9067382812e+02 1.8604042739e-11 5.6658512202e-12 1.2938191519e-11
1.9073486328e+02 1.8570236827e-11 5.6547402359e-12 1.2915496592e-11
1.9079589844e+02 1.8516384896e-11 5.6359167818e-12 1.2880468114e-11
1.9085693359e+02 1.8446900038e-11 5.6091442724e-12 1.2837755766e-11
1.9091796875e+02 1.8376693522e-11 5.5780489579e-12 1.2798644564e-11
1.9097900391e+02 1.8311950808e-11 5.5483109471e-12 1.2763639861e-11
1.9104003906e+02 1.8248136816e-11 5.5232198031e-12 1.2724917012e-11
1.9110107422e+02 1.8178414840e-11 5.5010608245e-12 1.2677354015e-11
1.9116210938e+02 1.8099224518e-11 5.4772902060e-12 1.2621934311e-11
1.9122314453e+02 1.8008413292e-11 5.4482959249e-12 1.2560117367e-11
1.9128417969e+02 1.7903865808e-11 5.4143648422e-12 1.2489500965e-11
1.9134521484e+02 1.7792082107e-11 5.3807099282e-12 1.2411372179e-11
1.9140625000e+02 1.7694642674e-11 5.3547810576e-12 1.2339861616e-11
1.9146728516e+02 1.7631099567e-11 5.3401659586e-12 1.2290933608e-11
1.9152832031e+02 1.7593272545e-11 5.3321442568e-12 1.2261128288e-11
1.9158935547e+02 1.7549020465e-11 5.3211572552e-12 1.2227863209e-11
1.9165039062e+02 1.7474939558e-11 5.3016497735e-12 1.2173289784e-11
1.9171142578e+02 1.7380554458e-11 5.2765007905e-12 1.2104053667e-11
1.9177246094e+02 1.7299672860e-11 5.2534422238e-12 1.2046230636e-11
1.9183349609e+02 1.7258350799e-11 5.2384081201e-12 1.2019942679e-11
1.9189453125e+02 1.7251239586e-11 5.2316194351e-12 1.2019620151e-11
1.9195556641e+02 1.7249956301e-11 5.2283531227e-12 1.2021603179e-11
1.9201660156e+02 1.7229873468e-11 5.2222791054e-12 1.2007594362e-11
1.9207763672e+02 1.7183184294e-11 5.2090193364e-12 1.1974164958e-11
1.9213867188e+02 1.7112880043e-11 5.1886097960e-12 1.1924270247e-11
1.9219970703e+02 1.7025607867e-11 5.1646281881e-12 1.1860979679e-11
1.9226074219e+02 1.6927684137e-11 5.1400593140e-12 1.1787624823e-11
1.9232177734e+02 1.6819326977e-11 5.1143070993e-12 1.1705019877e-11
1.9238281250e+02 1.6697416622e-11 5.0850444255e-12 1.1612372196e-11
1.9244384766e+02 1.6567598897e-11 5.0523424341e-12 1.1515256463e-11
1.9250488281e+02 1.6442499660e-11 5.0189182986e-12 1.1423581361e-11
1.9256591797e+02 1.6327687937e-11 4.9872200876e-12 1.1340467849e-11
1.9262695312e+02 1.6221758072e-11 4.9591276509e-12 1.1262630421e-11
1.9268798828e+02 1.6125064211e-11 4.9365626789e-12 1.1188501532e-11
1.9274902344e+02 1.6036360308e-11 4.9189326522e-12 1.1117427655e-11
1.9281005859e+02 1.5944510777e-11 4.9008765224e-12 1.1043634254e-11
1.9287109375e+02 1.5833300092e-11 4.8751053921e-12 1.0958194700e-11
1.9293212891e+02 1.5698881398e-11 4.8389116318e-12 1.0859969767e-11
1.9299316406e+02 1.5558716211e-11 4.7973976983e-12 1.0761318513e-11
1.9305419922e+02 1.5437522366e-11 4.7592124560e-12 1.0678309910e-11
1.9311523438e+02 1.5345874548e-11 4.7294515072e-12 1.0616423041e-11
1.9317626953e+02 1.5274826780e-11 4.7064996731e-12 1.0568327107e-11
1.9323730469e+02 1.5206203086e-11 4.6840600697e-12 1.0522143016e-11
1.9329833984e+02 1.5125846493e-11 4.6568402481e-12 1.0469006245e-11
1.9335937500e+02 1.5032785447e-11 4.6258682441e-12 1.0406917203e-11
1.9342041016e+02 1.4937712440e-11 4.5970016445e-12 1.0340710795e-11
1.9348144531e+02 1.4851913260e-11 4.5745265377e-12 1.0277386723e-11
1.9354248047e+02 1.4778758188e-11 4.5579093237e-12 1.0220848864e-11
1.9360351562e+02 1.4713570910e-11 4.5430153855e-12 1.0170555525e-11
1.9366455078e+02 1.4650884377e-11 4.5258907858e-12 1.0124993591e-11
1.9372558594e+02 1.4593106320e-11 4.5070010940e-12 1.0086105226e-11
1.9378662109e+02 1.4547794945e-11 4.4905109359e-12 1.0057284010e-11
1.9384765625e+02 1.4516061872e-11 4.4791634364e-12 1.0036898436e-11
1.9390869141e+02 1.4491027852e-11 4.4723176739e-12 1.0018710178e-11
1.9396972656e+02 1.4467078498e-11 4.4680781767e-12 9.9990003208e-12
1.9403076172e+02 1.4442026226e-11 4.4641249303e-12 9.9779012955e-12
1.9409179688e+02 1.4410071821e-11 4.4567853585e-12 9.9532864620e-12
1.9415283203e+02 1.4364045252e-11 4.4434292938e-12 9.9206159583e-12
1.9421386719e+02 1.4308447872e-11 4.4269066070e-12 9.8815412645e-12
1.9427490234e+02 1.4258810939e-11 4.4134546365e-12 9.8453563025e-12
1.9433593750e+02 1.4224735822e-11 4.4058661680e-12 9.8188696543e-12
1.9439697266e+02 1.4202465662e-11 4.4021932455e-12 9.8002724168e-12
1.9445800781e+02 1.4183620600e-11 4.3997617013e-12 9.7838588986e-12
1.9451904297e+02 1.4164120669e-11 4.3974484503e-12 9.7666722191e-12
1.9458007812e+02 1.4144992204e-11 4.3948057886e-12 9.7501864154e-12
1.9464111328e+02 1.4127875082e-11 4.3907151012e-12 9.7371599813e-12
1.9470214844e+02 1.4109699222e-11 4.3830355616e-12 9.7266636606e-12
1.9476318359e+02 1.4083821799e-11 4.3700212340e-12 9.7138005651e-12
1.9482421875e+02 1.4049948556e-11 4.3533827788e-12 9.6965657770e-12
1.9488525391e+02 1.4018468092e-11 4.3389304497e-12 9.6795376427e-12
1.9494628906e+02 1.4000091691e-11 4.3320673713e-12 9.6680243201e-12
1.9500732422e+02 1.3996228600e-11 4.3328761543e-12 9.6633524458e-12
1.9506835938e+02 1.4001268401e-11 4.3360116684e-12 9.6652567326e-12
1.9512939453e+02 1.4008072361e-11 4.3352291148e-12 9.6728432460e-12
1.9519042969e+02 1.4011881390e-11 4.3291770920e-12 9.6827042981e-12
1.9525146484e+02 1.4012852955e-11 4.3222268881e-12 9.6906260667e-12
1.9531250000e+02 1.4014043276e-11 4.3186858299e-12 9.6953574464e-12
1.9537353516e+02 1.4019118273e-11 4.3190807923e-12 9.7000374803e-12
1.9543457031e+02 1.4032485006e-11 4.3225671681e-12 9.7099178376e-12
1.9549560547e+02 1.4053294674e-11 4.3280662762e-12 9.7252283976e-12
1.9555664062e+02 1.4068136771e-11 4.3320379331e-12 9.7360988384e-12
1.9561767578e+02 1.4061712144e-11 4.3304262805e-12 9.7312858634e-12
1.9567871094e+02 1.4037158321e-11 4.3246257877e-12 9.7125325330e-12
1.9573974609e+02 1.4013314402e-11 4.3208701345e-12 9.6924442680e-12
1.9580078125e+02 1.3999744189e-11 4.3220048825e-12 9.6777393067e-12
1.9586181641e+02 1.3985597570e-11 4.3235505680e-12 9.6620470015e-12
1.9592285156e+02 1.3954973107e-11 4.3191464897e-12 9.6358266169e-12
1.9598388672e+02 1.3905525710e-11 4.3075033297e-12 9.5980223808e-12
1.9604492188e+02 1.3849854891e-11 4.2927140655e-12 9.5571408254e-12
1.9610595703e+02 1.3801635397e-11 4.2789918456e-12 9.5226435514e-12
1.9616699219e+02 1.3763657893e-11 4.2674654282e-12 9.4961924649e-12
1.9622802734e+02 1.3731462171e-11 4.2587949577e-12 9.4726672129e-12
1.9628906250e+02 1.3702807648e-11 4.2555232329e-12 9.4472844155e-12
1.9635009766e+02 1.3675778933e-11 4.2581488662e-12 9.4176300669e-12
1.9641113281e+02 1.3643126099e-11 4.2610373897e-12 9.3820887090e-12
1.9647216797e+02 1.3597577646e-11 4.2563748069e-12 9.3412028395e-12
1.9653320312e+02 1.3540550154e-11 4.2416733140e-12 9.2988768401e-12
1.9659423828e+02 1.3481139417e-11 4.2213524408e-12 9.2597869767e-12
1.9665527344e+02 1.3426243191e-11 4.2013233924e-12 9.2249197982e-12
1.9671630859e+02 1.3373548495e-11 4.1832309076e-12 9.1903175871e-12
1.9677734375e+02 1.3317538989e-11 4.1645747927e-12 9.1529641959e-12
1.9683837891e+02 1.3260876439e-11 4.1439112850e-12 9.1169651543e-12
1.9689941406e+02 1.3214416649e-11 4.1240303987e-12 9.0903862503e-12
1.9696044922e+02 1.3183782565e-11 4.1082499301e-12 9.0755326354e-12
1.9702148438e+02 1.3158926813e-11 4.0950794443e-12 9.0638473685e-12
1.9708251953e+02 1.3124525655e-11 4.0805843024e-12 9.0439413530e-12
1.9714355469e+02 1.3080044746e-11 4.0652499376e-12 9.0147948083e-12
1.9720458984e+02 1.3038842619e-11 4.0531594978e-12 8.9856831212e-12
1.9726562500e+02 1.3009437455e-11 4.0448435312e-12 8.9645939234e-12
1.9732666016e+02 1.2989159805e-11 4.0365803405e-12 8.9525794648e-12
1.9738769531e+02 1.2973525622e-11 4.0267760960e-12 8.9467495263e-12
1.9744873047e+02 1.2959232215e-11 4.0175880696e-12 8.9416441457e-12
1.9750976562e+02 1.2938119995e-11 4.0095790012e-12 8.9285409940e-12
1.9757080078e+02 1.2900711019e-11 3.9996350246e-12 8.9010759947e-12
1.9763183594e+02 1.2846861018e-11 3.9849285076e-12 8.8619325108e-12
1.9769287109e+02 1.2785951756e-11 3.9662315903e-12 8.8197201660e-12
1.9775390625e+02 1.2729961859e-11 3.9476229869e-12 8.7823388716e-12
1.9781494141e+02 1.2688874153e-11 3.9335197558e-12 8.7553543969e-12
1.9787597656e+02 1.2666445361e-11 3.9255144220e-12 8.7409309390e-12
1.9793701172e+02 1.2656796360e-11 3.9221849669e-12 8.7346113933e-12
1.9799804688e+02 1.2648012076e-11 3.9216847236e-12 8.7263273520e-12
1.9805908203e+02 1.2633830720e-11 3.9239167904e-12 8.7099139298e-12
1.9812011719e+02 1.2620044448e-11 3.9289026055e-12 8.6911418427e-12
1.9818115234e+02 1.2613900888e-11 3.9334078821e-12 8.6804930058e-12
1.9824218750e+02 1.2611319476e-11 3.9323371236e-12 8.6789823520e-12
1.9830322266e+02 1.2600449258e-11 3.9232855474e-12 8.6771637108e-12
1.9836425781e+02 1.2574724146e-11 3.9077513279e-12 8.6669728184e-12
1.9842529297e+02 1.2538749363e-11 3.8897631690e-12 8.6489861936e-12
1.9848632812e+02 1.2503131923e-11 3.8743333086e-12 8.6287986148e-12
1.9854736328e+02 1.2477217956e-11 3.8651405992e-12 8.6120773570e-12
1.9860839844e+02 1.2464643641e-11 3.8625209547e-12 8.6021226861e-12
1.9866943359e+02 1.2460167064e-11 3.8636670540e-12 8.5965000100e-12
1.9873046875e+02 1.2452176863e-11 3.8646977235e-12 8.5874791400e-12
1.9879150391e+02 1.2431677300e-11 3.8626583013e-12 8.5690189991e-12
1.9885253906e+02 1.2398295611e-11 3.8563877997e-12 8.5419078117e-12
1.9891357422e+02 1.2359983042e-11 3.8468906106e-12 8.5130924313e-12
1.9897460938e+02 1.2328874258e-11 3.8372574830e-12 8.4916167749e-12
1.9903564453e+02 1.2311599492e-11 3.8305628312e-12 8.4810366606e-12
1.9909667969e+02 1.2301629193e-11 3.8270012786e-12 8.4746279140e-12
1.9915771484e+02 1.2285718962e-11 3.8239213957e-12 8.4617975665e-12
1.9921875000e+02 1.2255900750e-11 3.8181930704e-12 8.4377076799e-12
1.9927978516e+02 1.2213596549e-11 3.8085421763e-12 8.4050543730e-12
1.9934082031e+02 1.2167325529e-11 3.7966681955e-12 8.3706573337e-12
1.9940185547e+02 1.2125705999e-11 3.7848546490e-12 8.3408513500e-12
1.9946289062e+02 1.2087955730e-11 3.7721725217e-12 8.3157832086e-12
1.9952392578e+02 1.2044762868e-11 3.7558621713e-12 8.2889006971e-12
1.9958496094e+02 1.1992630848e-11 3.7365639857e-12 8.2560668620e-12
1.9964599609e+02 1.1942483582e-11 3.7195586212e-12 8.2229249611e-12
1.9970703125e+02 1.1909106360e-11 3.7102034293e-12 8.1989029307e-12
1.9976806641e+02 1.1895461838e-11 3.7091597702e-12 8.1863020677e-12
1.9982910156e+02 1.1891738090e-11 3.7125946747e-12 8.1791434150e-12
1.9989013672e+02 1.1885623283e-11 3.7156240931e-12 8.1699991897e-12
1.9995117188e+02 1.1869688086e-11 3.7145635774e-12 8.1551245082e-12
2.0001220703e+02 1.1845302284e-11 3.7083155617e-12 8.1369867219e-12
2.0007324219e+02 1.1823463152e-11 3.6997292154e-12 8.1237339362e-12
2.0013427734e+02 1.1815730723e-11 3.6937010786e-12 8.1220296442e-12
2.0019531250e+02 1.1822851431e-11 3.6923651635e-12 8.1304862671e-12
2.0025634766e+02 1.1838095880e-11 3.6940393820e-12 8.1440564982e-12
2.0031738281e+02 1.1859627255e-11 3.6972805899e-12 8.1623466648e-12
2.0037841797e+02 1.1891754840e-11 3.7034092812e-12 8.1883455589e-12
2.0043945312e+02 1.1935190155e-11 3.7138466963e-12 8.2213434586e-12
2.0050048828e+02 1.1982077964e-11 3.7261045246e-12 8.2559734393e-12
2.0056152344e+02 1.2020835168e-11 3.7346716613e-12 8.2861635068e-12
2.0062255859e+02 1.2044667980e-11 3.7368731602e-12 8.3077948194e-12
2.0068359375e+02 1.2055514771e-11 3.7354461837e-12 8.3200685871e-12
2.0074462891e+02 1.2058288704e-11 3.7337216046e-12 8.3245670996e-12
2.0080566406e+02 1.2053017720e-11 3.7311343969e-12 8.3218833230e-12
2.0086669922e+02 1.2037279520e-11 3.7253842594e-12 8.3118952607e-12
2.0092773438e+02 1.2013887672e-11 3.7164637341e-12 8.2974239384e-12
2.0098876953e+02 1.1988518076e-11 3.7066203608e-12 8.2818977155e-12
2.0104980469e+02 1.1961431736e-11 3.6978370980e-12 8.2635946384e-12
2.0111083984e+02 1.1926908187e-11 3.6901164975e-12 8.2367916898e-12
2.0117187500e+02 1.1877775535e-11 3.6811885099e-12 8.1965870256e-12
2.0123291016e+02 1.1810364856e-11 3.6684687380e-12 8.1418961183e-12
2.0129394531e+02 1.1728908880e-11 3.6517818337e-12 8.0771270461e-12
2.0135498047e+02 1.1642567921e-11 3.6332150998e-12 8.0093528213e-12
2.0141601562e+02 1.1558329544e-11 3.6149758960e-12 7.9433536479e-12
2.0147705078e+02 1.1479564683e-11 3.5979804204e-12 7.8815842629e-12
2.0153808594e+02 1.1406540294e-11 3.5813227994e-12 7.8252174950e-12
2.0159912109e+02 1.1336645230e-11 3.5633871851e-12 7.7732580444e-12
2.0166015625e+02 1.1268477234e-11 3.5443692645e-12 7.7241079694e-12
2.0172119141e+02 1.1204595550e-11 3.5266487214e-12 7.6779468283e-12
2.0178222656e+02 1.1148421120e-11 3.5122815687e-12 7.6361395508e-12
2.0184326172e+02 1.1100710769e-11 3.5009452590e-12 7.5997655099e-12
2.0190429688e+02 1.1059556229e-11 3.4900636558e-12 7.5694925730e-12
2.0196533203e+02 1.1021698888e-11 3.4768765779e-12 7.5448223103e-12
2.0202636719e+02 1.0983729935e-11 3.4610196905e-12 7.5227102442e-12
2.0208740234e+02 1.0944667470e-11 3.4446451079e-12 7.5000223618e-12
2.0214843750e+02 1.0906733351e-11 3.4297056022e-12 7.4770277492e-12
2.0220947266e+02 1.0869341508e-11 3.4155854655e-12 7.4537560429e-12
2.0227050781e+02 1.0824647040e-11 3.3993929881e-12 7.4252540518e-12
2.0233154297e+02 1.0766284937e-11 3.3788015161e-12 7.3874834211e-12
2.0239257812e+02 1.0700292068e-11 3.3550570982e-12 7.3452349698e-12
2.0245361328e+02 1.0639818064e-11 3.3324893136e-12 7.3073287502e-12
2.0251464844e+02 1.0591785211e-11 3.3148060108e-12 7.2769792001e-12
2.0257568359e+02 1.0553713085e-11 3.3024560126e-12 7.2512570720e-12
2.0263671875e+02 1.0517907909e-11 3.2925674161e-12 7.2253404933e-12
2.0269775391e+02 1.0476197408e-11 3.2813784545e-12 7.1948189538e-12
2.0275878906e+02 1.0426681109e-11 3.2680824759e-12 7.1585986332e-12
2.0281982422e+02 1.0375038800e-11 3.2550828986e-12 7.1199559010e-12
2.0288085938e+02 1.0325964937e-11 3.2441112998e-12 7.0818536372e-12
2.0294189453e+02 1.0279004927e-11 3.2345477472e-12 7.0444571800e-12
2.0300292969e+02 1.0234025024e-11 3.2252375697e-12 7.0087874539e-12
2.0306396484e+02 1.0191536890e-11 3.2152196537e-12 6.9763172362e-12
2.0312500000e+02 1.0147066752e-11 3.2028229122e-12 6.9442438394e-12
2.0318603516e+02 1.0094838693e-11 3.1865781118e-12 6.9082605812e-12
2.0324707031e+02 1.0036587864e-11 3.1678099690e-12 6.8687778954e-12
2.0330810547e+02 9.9787547707e-12 3.1502584564e-12 6.8284963143e-12
2.0336914062e+02 9.9236136021e-12 3.1358499450e-12 6.7877636571e-12
2.0343017578e+02 9.8704626146e-12 3.1228893617e-12 6.7475732529e-12
2.0349121094e+02 9.8230694517e-12 3.1099127739e-12 6.7131566778e-12
2.0355224609e+02 9.7891174655e-12 3.0990880326e-12 6.6900294330e-12
2.0361328125e+02 9.7699042568e-12 3.0931705162e-12 6.6767337407e-12
2.0367431641e+02 9.7535507584e-12 3.0901756295e-12 6.6633751289e-12
2.0373535156e+02 9.7238853956e-12 3.0843540817e-12 6.6395313139e-12
2.0379638672e+02 9.6761814641e-12 3.0727003219e-12 6.6034811421e-12
2.0385742188e+02 9.6191878788e-12 3.0574853951e-12 6.5617024837e-12
2.0391845703e+02 9.5636076934e-12 3.0422374054e-12 6.5213702880e-12
2.0397949219e+02 9.5146363486e-12 3.0282869906e-12 6.4863493580e-12
2.0404052734e+02 9.4724936985e-12 3.0151882915e-12 6.4573054071e-12
2.0410156250e+02 9.4337038084e-12 3.0020338714e-12 6.4316699370e-12
2.0416259766e+02 9.3931419606e-12 2.9881473558e-12 6.4049946049e-12
2.0422363281e+02 9.3498390485e-12 2.9740424553e-12 6.3757965931e-12
2.0428466797e+02 9.3107978203e-12 2.9620044686e-12 6.3487933517e-12
2.0434570312e+02 9.2841058947e-12 2.9541326953e-12 6.3299731993e-12
2.0440673828e+02 9.2688690698e-12 2.9494120129e-12 6.3194570569e-12
2.0446777344e+02 9.2576234136e-12 2.9445656147e-12 6.3130577989e-12
2.0452880859e+02 9.2458132572e-12 2.9378757642e-12 6.3079374930e-12
2.0458984375e+02 9.2334448851e-12 2.9306018636e-12 6.3028430214e-12
2.0465087891e+02 9.2218680457e-12 2.9250793464e-12 6.2967886993e-12
2.0471191406e+02 9.2114789045e-12 2.9218540351e-12 6.2896248694e-12
2.0477294922e+02 9.1991790807e-12 2.9185144585e-12 6.2806646222e-12
2.0483398438e+02 9.1811170486e-12 2.9129107576e-12 6.2682062910e-12
2.0489501953e+02 9.1602022507e-12 2.9072450399e-12 6.2529572108e-12
2.0495605469e+02 9.1452979375e-12 2.9060291250e-12 6.2392688125e-12
2.0501708984e+02 9.1408052465e-12 2.9100226050e-12 6.2307826415e-12
2.0507812500e+02 9.1407077532e-12 2.9147965714e-12 6.2259111817e-12
2.0513916016e+02 9.1349230651e-12 2.9154716133e-12 6.2194514518e-12
2.0520019531e+02 9.1201673186e-12 2.9111501223e-12 6.2090171962e-12
2.0526123047e+02 9.1026471144e-12 2.9045709665e-12 6.1980761479e-12
2.0532226562e+02 9.0913191319e-12 2.8991080374e-12 6.1922110945e-12
2.0538330078e+02 9.0913146667e-12 2.8968465382e-12 6.1944681285e-12
2.0544433594e+02 9.1015022726e-12 2.8979446481e-12 6.2035576244e-12
2.0550537109e+02 9.1157264409e-12 2.9009596779e-12 6.2147667630e-12
2.0556640625e+02 9.1288534089e-12 2.9047745782e-12 6.2240788307e-12
2.0562744141e+02 9.1411225493e-12 2.9095437003e-12 6.2315788489e-12
2.0568847656e+02 9.1551412186e-12 2.9149641500e-12 6.2401770686e-12
2.0574951172e+02 9.1722817306e-12 2.9196521485e-12 6.2526295821e-12
2.0581054688e+02 9.1935923000e-12 2.9232650792e-12 6.2703272207e-12
2.0587158203e+02 9.2206926347e-12 2.9274637730e-12 6.2932288617e-12
2.0593261719e+02 9.2526521267e-12 2.9336527824e-12 6.3189993443e-12
2.0599365234e+02 9.2831524821e-12 2.9406763648e-12 6.3424761172e-12
2.0605468750e+02 9.3051096644e-12 2.9460953108e-12 6.3590143537e-12
2.0611572266e+02 9.3187688360e-12 2.9494972043e-12 6.3692716317e-12
2.0617675781e+02 9.3307327491e-12 2.9527666648e-12 6.3779660843e-12
2.0623779297e+02 9.3436983450e-12 2.9568488238e-12 6.3868495213e-12
2.0629882812e+02 9.3514689985e-12 2.9601094208e-12 6.3913595777e-12
2.0635986328e+02 9.3454617225e-12 2.9600436987e-12 6.3854180238e-12
2.0642089844e+02 9.3230154793e-12 2.9550866846e-12 6.3679287946e-12
2.0648193359e+02 9.2897878957e-12 2.9455149996e-12 6.3442728962e-12
2.0654296875e+02 9.2570771241e-12 2.9343547138e-12 6.3227224103e-12
2.0660400391e+02 9.2362631469e-12 2.9265887461e-12 6.3096744007e-12
2.0666503906e+02 9.2310634701e-12 2.9251798288e-12 6.3058836413e-12
2.0672607422e+02 9.2327287195e-12 2.9276824342e-12 6.3050462852e-12
2.0678710938e+02 9.2282311654e-12 2.9289852643e-12 6.2992459011e-12
2.0684814453e+02 9.2143771632e-12 2.9270670420e-12 6.2873101213e-12
2.0690917969e+02 9.1973871471e-12 2.9234208612e-12 6.2739662859e-12
2.0697021484e+02 9.1821476470e-12 2.9195788621e-12 6.2625687849e-12
2.0703125000e+02 9.1696039234e-12 2.9162898520e-12 6.2533140715e-12
2.0709228516e+02 9.1595267706e-12 2.9141681997e-12 6.2453585709e-12
2.0715332031e+02 9.1495445051e-12 2.9129702288e-12 6.2365742762e-12
2.0721435547e+02 9.1357172297e-12 2.9116081379e-12 6.2241090918e-12
2.0727539062e+02 9.1182314744e-12 2.9095522844e-12 6.2086791900e-12
2.0733642578e+02 9.1023397975e-12 2.9067482351e-12 6.1955915624e-12
2.0739746094e+02 9.0898506076e-12 2.9022205279e-12 6.1876300797e-12
2.0745849609e+02 9.0750505684e-12 2.8947787322e-12 6.1802718362e-12
2.0751953125e+02 9.0532192599e-12 2.8850302781e-12 6.1681889818e-12
2.0758056641e+02 9.0277143807e-12 2.8748020966e-12 6.1529122842e-12
2.0764160156e+02 9.0057560466e-12 2.8652404052e-12 6.1405156414e-12
2.0770263672e+02 8.9914559716e-12 2.8572161483e-12 6.1342398233e-12
2.0776367188e+02 8.9832829672e-12 2.8520268572e-12 6.1312561100e-12
2.0782470703e+02 8.9746283352e-12 2.8496846517e-12 6.1249436835e-12
2.0788574219e+02 8.9575999125e-12 2.8479053281e-12 6.1096945843e-12
2.0794677734e+02 8.9289187222e-12 2.8438853443e-12 6.0850333779e-12
2.0800781250e+02 8.8926415221e-12 2.8363744873e-12 6.0562670348e-12
2.0806884766e+02 8.8574612453e-12 2.8265121203e-12 6.0309491251e-12
2.0812988281e+02 8.8301754390e-12 2.8170883170e-12 6.0130871220e-12
2.0819091797e+02 8.8106855904e-12 2.8101405606e-12 6.0005450298e-12
2.0825195312e+02 8.7939943706e-12 2.8048053756e-12 5.9891889951e-12
2.0831298828e+02 8.7762841618e-12 2.7983131246e-12 5.9779710372e-12
2.0837402344e+02 8.7577711989e-12 2.7896823683e-12 5.9680888305e-12
2.0843505859e+02 8.7402852951e-12 2.7811043485e-12 5.9591809466e-12
2.0849609375e+02 8.7244013345e-12 2.7751296136e-12 5.9492717209e-12
2.0855712891e+02 8.7099390373e-12 2.7721960175e-12 5.9377430199e-12
2.0861816406e+02 8.6966062344e-12 2.7709444537e-12 5.9256617807e-12
2.0867919922e+02 8.6820248349e-12 2.7688518016e-12 5.9131730333e-12
2.0874023438e+02 8.6610210147e-12 2.7626957713e-12 5.8983252434e-12
2.0880126953e+02 8.6301597800e-12 2.7508843436e-12 5.8792754364e-12
2.0886230469e+02 8.5931959247e-12 2.7357982637e-12 5.8573976609e-12
2.0892333984e+02 8.5581734152e-12 2.7220640208e-12 5.8361093944e-12
2.0898437500e+02 8.5288590041e-12 2.7124974911e-12 5.8163615130e-12
2.0904541016e+02 8.5040269035e-12 2.7069076497e-12 5.7971192538e-12
2.0910644531e+02 8.4836387957e-12 2.7037851126e-12 5.7798536831e-12
2.0916748047e+02 8.4690482946e-12 2.7015141381e-12 5.7675341565e-12
2.0922851562e+02 8.4584679444e-12 2.6986747191e-12 5.7597932253e-12
2.0928955078e+02 8.4473964268e-12 2.6946642781e-12 5.7527321486e-12
2.0935058594e+02 8.4329015229e-12 2.6901174026e-12 5.7427841203e-12
2.0941162109e+02 8.4158115399e-12 2.6862917281e-12 5.7295198118e-12
2.0947265625e+02 8.3992448827e-12 2.6838706786e-12 5.7153742041e-12
2.0953369141e+02 8.3858115360e-12 2.6824785003e-12 5.7033330357e-12
2.0959472656e+02 8.3771186424e-12 2.6816675550e-12 5.6954510874e-12
2.0965576172e+02 8.3732710752e-12 2.6814803505e-12 5.6917907247e-12
2.0971679688e+02 8.3697988389e-12 2.6811738354e-12 5.6886250036e-12
2.0977783203e+02 8.3590934771e-12 2.6788452779e-12 5.6802481992e-12
2.0983886719e+02 8.3387097018e-12 2.6734854197e-12 5.6652242821e-12
2.0989990234e+02 8.3147098259e-12 2.6663046485e-12 5.6484051773e-12
2.0996093750e+02 8.2941984213e-12 2.6592200236e-12 5.6349783977e-12
2.1002197266e+02 8.2771923806e-12 2.6525400031e-12 5.6246523775e-12
2.1008300781e+02 8.2567107255e-12 2.6446510006e-12 5.6120597249e-12
2.1014404297e+02 8.2262450096e-12 2.6342767523e-12 5.5919682573e-12
2.1020507812e+02 8.1878283806e-12 2.6227657250e-12 5.5650626556e-12
2.1026611328e+02 8.1520185178e-12 2.6134844615e-12 5.5385340564e-12
2.1032714844e+02 8.1289806405e-12 2.6089460574e-12 5.5200345831e-12
2.1038818359e+02 8.1194403777e-12 2.6084081497e-12 5.5110322280e-12
2.1044921875e+02 8.1139904149e-12 2.6080129831e-12 5.5059774318e-12
2.1051025391e+02 8.1014310345e-12 2.6036074661e-12 5.4978235683e-12
2.1057128906e+02 8.0783644447e-12 2.5938538090e-12 5.4845106357e-12
2.1063232422e+02 8.0523652235e-12 2.5814364630e-12 5.4709287604e-12
2.1069335938e+02 8.0362670832e-12 2.5714768091e-12 5.4647902740e-12
2.1075439453e+02 8.0358802781e-12 2.5671245425e-12 5.4687557356e-12
2.1081542969e+02 8.0433208171e-12 2.5665258794e-12 5.4767949377e-12
2.1087646484e+02 8.0468748706e-12 2.5659518888e-12 5.4809229818e-12
2.1093750000e+02 8.0440080273e-12 2.5643563516e-12 5.4796516757e-12
2.1099853516e+02 8.0383940393e-12 2.5624300176e-12 5.4759640217e-12
2.1105957031e+02 8.0309566992e-12 2.5601719249e-12 5.4707847743e-12
2.1112060547e+02 8.0204011223e-12 2.5575255405e-12 5.4628755818e-12
2.1118164062e+02 8.0059771910e-12 2.5544390771e-12 5.4515381139e-12
2.1124267578e+02 7.9873272659e-12 2.5498494156e-12 5.4374778502e-12
2.1130371094e+02 7.9664812760e-12 2.5430436816e-12 5.4234375945e-12
2.1136474609e+02 7.9475867741e-12 2.5352814485e-12 5.4123053256e-12
2.1142578125e+02 7.9309262716e-12 2.5281295227e-12 5.4027967489e-12
2.1148681641e+02 7.9124046164e-12 2.5214824384e-12 5.3909221780e-12
2.1154785156e+02 7.8910423938e-12 2.5146651962e-12 5.3763771976e-12
2.1160888672e+02 7.8705495862e-12 2.5080715239e-12 5.3624780623e-12
2.1166992188e+02 7.8536753299e-12 2.5029469811e-12 5.3507283488e-12
2.1173095703e+02 7.8392899157e-12 2.4998444637e-12 5.3394454521e-12
2.1179199219e+02 7.8231051527e-12 2.4971746504e-12 5.3259305023e-12
2.1185302734e+02 7.8015836580e-12 2.4924624446e-12 5.3091212134e-12
2.1191406250e+02 7.7770250544e-12 2.4854794996e-12 5.2915455549e-12
2.1197509766e+02 7.7545042619e-12 2.4780928904e-12 5.2764113715e-12
2.1203613281e+02 7.7332012858e-12 2.4707780742e-12 5.2624232116e-12
2.1209716797e+02 7.7073584588e-12 2.4620109775e-12 5.2453474813e-12
2.1215820312e+02 7.6753513044e-12 2.4516455308e-12 5.2237057736e-12
2.1221923828e+02 7.6413305220e-12 2.4422411971e-12 5.1990893250e-12
2.1228027344e+02 7.6092990941e-12 2.4362520756e-12 5.1730470185e-12
2.1234130859e+02 7.5805659048e-12 2.4336586250e-12 5.1469072799e-12
2.1240234375e+02 7.5551730372e-12 2.4326928150e-12 5.1224802222e-12
2.1246337891e+02 7.5322659211e-12 2.4313521531e-12 5.1009137680e-12
2.1252441406e+02 7.5095149374e-12 2.4274508191e-12 5.0820641183e-12
2.1258544922e+02 7.4836956034e-12 2.4188997153e-12 5.0647958881e-12
2.1264648438e+02 7.4539694537e-12 2.4061192955e-12 5.0478501582e-12
2.1270751953e+02 7.4258639866e-12 2.3931092769e-12 5.0327547097e-12
2.1276855469e+02 7.4090222783e-12 2.3843998667e-12 5.0246224116e-12
2.1282958984e+02 7.4078137663e-12 2.3816856425e-12 5.0261281238e-12
2.1289062500e+02 7.4139881334e-12 2.3828694382e-12 5.0311186952e-12
2.1295166016e+02 7.4109027985e-12 2.3830591633e-12 5.0278436352e-12
2.1301269531e+02 7.3883895040e-12 2.3781386388e-12 5.0102508652e-12
2.1307373047e+02 7.3511645301e-12 2.3679607296e-12 4.9832038005e-12
2.1313476562e+02 7.3104565468e-12 2.3550672789e-12 4.9553892678e-12
2.1319580078e+02 7.2750757254e-12 2.3423548004e-12 4.9327209251e-12
2.1325683594e+02 7.2516961003e-12 2.3328069029e-12 4.9188891974e-12
2.1331787109e+02 7.2420900074e-12 2.3280720727e-12 4.9140179347e-12
2.1337890625e+02 7.2385311518e-12 2.3262995158e-12 4.9122316360e-12
2.1343994141e+02 7.2313413688e-12 2.3240370637e-12 4.9073043051e-12
2.1350097656e+02 7.2201682963e-12 2.3204671370e-12 4.8997011594e-12
2.1356201172e+02 7.2104579271e-12 2.3173262736e-12 4.8931316535e-12
2.1362304688e+02 7.2022054363e-12 2.3150140763e-12 4.8871913600e-12
2.1368408203e+02 7.1896040806e-12 2.3116550492e-12 4.8779490314e-12
2.1374511719e+02 7.1695174616e-12 2.3061602199e-12 4.8633572417e-12
2.1380615234e+02 7.1456177639e-12 2.2999936844e-12 4.8456240796e-12
2.1386718750e+02 7.1245926530e-12 2.2953091676e-12 4.8292834854e-12
2.1392822266e+02 7.1096242348e-12 2.2926107004e-12 4.8170135344e-12
2.1398925781e+02 7.0988049658e-12 2.2911055155e-12 4.8076994503e-12
2.1405029297e+02 7.0897456012e-12 2.2904373250e-12 4.7993082762e-12
2.1411132812e+02 7.0820597848e-12 2.2906275153e-12 4.7914322694e-12
2.1417236328e+02 7.0738300057e-12 2.2905231267e-12 4.7833068790e-12
2.1423339844e+02 7.0605131863e-12 2.2880225362e-12 4.7724906501e-12
2.1429443359e+02 7.0414023415e-12 2.2826290764e-12 4.7587732651e-12
2.1435546875e+02 7.0226079996e-12 2.2761621502e-12 4.7464458494e-12
2.1441650391e+02 7.0082657476e-12 2.2697165565e-12 4.7385491911e-12
2.1447753906e+02 6.9930120824e-12 2.2618075760e-12 4.7312045063e-12
2.1453857422e+02 6.9696219092e-12 2.2513440993e-12 4.7182778099e-12
2.1459960938e+02 6.9406770798e-12 2.2405085218e-12 4.7001685580e-12
2.1466064453e+02 6.9149188121e-12 2.2323041506e-12 4.6826146615e-12
2.1472167969e+02 6.8939901889e-12 2.2266279177e-12 4.6673622711e-12
2.1478271484e+02 6.8710780097e-12 2.2208609723e-12 4.6502170373e-12
2.1484375000e+02 6.8429562587e-12 2.2134980707e-12 4.6294581880e-12
2.1490478516e+02 6.8159261014e-12 2.2056437873e-12 4.6102823141e-12
2.1496582031e+02 6.7980174468e-12 2.1993950405e-12 4.5986224063e-12
2.1502685547e+02 6.7906258360e-12 2.1958987829e-12 4.5947270531e-12
2.1508789062e+02 6.7888972539e-12 2.1948199216e-12 4.5940773323e-12
2.1514892578e+02 6.7863855516e-12 2.1948544757e-12 4.5915310759e-12
2.1520996094e+02 6.7786122626e-12 2.1945764053e-12 4.5840358574e-12
2.1527099609e+02 6.7644050459e-12 2.1930236092e-12 4.5713814367e-12
2.1533203125e+02 6.7451706940e-12 2.1897364387e-12 4.5554342553e-12
2.1539306641e+02 6.7238109808e-12 2.1847991389e-12 4.5390118419e-12
2.1545410156e+02 6.7035769127e-12 2.1789813017e-12 4.5245956109e-12
2.1551513672e+02 6.6857332500e-12 2.1733843590e-12 4.5123488910e-12
2.1557617188e+02 6.6694181664e-12 2.1688810033e-12 4.5005371631e-12
2.1563720703e+02 6.6544538413e-12 2.1656737154e-12 4.4887801259e-12
2.1569824219e+02 6.6401653807e-12 2.1626998364e-12 4.4774655442e-12
2.1575927734e+02 6.6231442025e-12 2.1581385980e-12 4.4650056044e-12
2.1582031250e+02 6.6025219630e-12 2.1516914772e-12 4.4508304858e-12
2.1588134766e+02 6.5827802554e-12 2.1451150228e-12 4.4376652327e-12
2.1594238281e+02 6.5669787444e-12 2.1398354019e-12 4.4271433426e-12
2.1600341797e+02 6.5547074554e-12 2.1360455635e-12 4.4186618919e-12
2.1606445312e+02 6.5466887515e-12 2.1335576123e-12 4.4131311393e-12
2.1612548828e+02 6.5429992450e-12 2.1314073940e-12 4.4115918511e-12
2.1618652344e+02 6.5393247700e-12 2.1281306907e-12 4.4111940794e-12
2.1624755859e+02 6.5311516398e-12 2.1236132721e-12 4.4075383677e-12
2.1630859375e+02 6.5185048550e-12 2.1189764434e-12 4.3995284116e-12
2.1636962891e+02 6.5036927636e-12 2.1145641802e-12 4.3891285833e-12
2.1643066406e+02 6.4876458729e-12 2.1094903198e-12 4.3781555531e-12
2.1649169922e+02 6.4700399136e-12 2.1029482521e-12 4.3670916615e-12
2.1655273438e+02 6.4517352101e-12 2.0952817251e-12 4.3564534850e-12
2.1661376953e+02 6.4359672124e-12 2.0879858727e-12 4.3479813397e-12
2.1667480469e+02 6.4257614462e-12 2.0826140828e-12 4.3431473634e-12
2.1673583984e+02 6.4206050487e-12 2.0795264000e-12 4.3410786487e-12
2.1679687500e+02 6.4178190560e-12 2.0781519939e-12 4.3396670622e-12
2.1685791016e+02 6.4157486578e-12 2.0779237999e-12 4.3378248579e-12
2.1691894531e+02 6.4114335310e-12 2.0774474800e-12 4.3339860510e-12
2.1697998047e+02 6.3971647564e-12 2.0737411054e-12 4.3234236510e-12
2.1704101562e+02 6.3668486833e-12 2.0650226722e-12 4.3018260111e-12
2.1710205078e+02 6.3259788360e-12 2.0537324929e-12 4.2722463431e-12
2.1716308594e+02 6.2883720941e-12 2.0440977216e-12 4.2442743725e-12
2.1722412109e+02 6.2628839570e-12 2.0373521609e-12 4.2255317961e-12
2.1728515625e+02 6.2482163139e-12 2.0319160834e-12 4.2163002305e-12
2.1734619141e+02 6.2391001615e-12 2.0273304933e-12 4.2117696682e-12
2.1740722656e+02 6.2326231570e-12 2.0252487579e-12 4.2073743991e-12
2.1746826172e+02 6.2280660162e-12 2.0267499193e-12 4.2013160969e-12
2.1752929688e+02 6.2242654714e-12 2.0306722493e-12 4.1935932221e-12
2.1759033203e+02 6.2203621554e-12 2.0349031371e-12 4.1854590183e-12
2.1765136719e+02 6.2169986500e-12 2.0378291459e-12 4.1791695041e-12
2.1771240234e+02 6.2130607633e-12 2.0379398573e-12 4.1751209061e-12
2.1777343750e+02 6.2030517125e-12 2.0337215898e-12 4.1693301227e-12
2.1783447266e+02 6.1815801033e-12 2.0252746457e-12 4.1563054576e-12
2.1789550781e+02 6.1493882262e-12 2.0146628117e-12 4.1347254145e-12
2.1795654297e+02 6.1118398417e-12 2.0036430268e-12 4.1081968149e-12
2.1801757812e+02 6.0740157619e-12 1.9927881473e-12 4.0812276146e-12
2.1807861328e+02 6.0409401910e-12 1.9832808655e-12 4.0576593256e-12
2.1813964844e+02 6.0182201163e-12 1.9770542472e-12 4.0411658691e-12
2.1820068359e+02 6.0068032115e-12 1.9742093379e-12 4.0325938736e-12
2.1826171875e+02 6.0000957090e-12 1.9720810908e-12 4.0280146181e-12
2.1832275391e+02 5.9913648719e-12 1.9681092949e-12 4.0232555770e-12
2.1838378906e+02 5.9821747393e-12 1.9628861936e-12 4.0192885457e-12
2.1844482422e+02 5.9793215078e-12 1.9592812597e-12 4.0200402482e-12
2.1850585938e+02 5.9846428279e-12 1.9588091808e-12 4.0258336471e-12
2.1856689453e+02 5.9926884729e-12 1.9599736775e-12 4.0327147954e-12
2.1862792969e+02 5.9983633410e-12 1.9604955188e-12 4.0378678222e-12
2.1868896484e+02 6.0012254440e-12 1.9599042174e-12 4.0413212266e-12
2.1875000000e+02 6.0014385295e-12 1.9590256275e-12 4.0424129020e-12
2.1881103516e+02 5.9962744356e-12 1.9578733494e-12 4.0384010862e-12
2.1887207031e+02 5.9822584831e-12 1.9551733361e-12 4.0270851470e-12
2.1893310547e+02 5.9592129010e-12 1.9498841101e-12 4.0093287909e-12
2.1899414062e+02 5.9317058175e-12 1.9427441926e-12 3.9889616249e-12
2.1905517578e+02 5.9066082995e-12 1.9360175389e-12 3.9705907606e-12
2.1911621094e+02 5.8888844695e-12 1.9315220684e-12 3.9573624011e-12
2.1917724609e+02 5.8796489575e-12 1.9294510315e-12 3.9501979260e-12
2.1923828125e+02 5.8770016043e-12 1.9291525883e-12 3.9478490160e-12
2.1929931641e+02 5.8776932965e-12 1.9299773752e-12 3.9477159213e-12
2.1936035156e+02 5.8787706304e-12 1.9311424349e-12 3.9476281955e-12
2.1942138672e+02 5.8776704499e-12 1.9314893975e-12 3.9461810524e-12
2.1948242188e+02 5.8711029953e-12 1.9297189564e-12 3.9413840389e-12
2.1954345703e+02 5.8560957990e-12 1.9250186795e-12 3.9310771196e-12
2.1960449219e+02 5.8340592024e-12 1.9182383801e-12 3.9158208223e-12
2.1966552734e+02 5.8128111303e-12 1.9123590078e-12 3.9004521225e-12
2.1972656250e+02 5.8016260511e-12 1.9101753525e-12 3.8914506986e-12
2.1978759766e+02 5.8027511292e-12 1.9111973727e-12 3.8915537565e-12
2.1984863281e+02 5.8086920106e-12 1.9121977891e-12 3.8964942215e-12
2.1990966797e+02 5.8095428029e-12 1.9109044218e-12 3.8986383811e-12
2.1997070312e+02 5.8025457485e-12 1.9078573120e-12 3.8946884365e-12
2.2003173828e+02 5.7927505227e-12 1.9047278117e-12 3.8880227109e-12
2.2009277344e+02 5.7854512481e-12 1.9023021394e-12 3.8831491087e-12
2.2015380859e+02 5.7807640191e-12 1.9003541450e-12 3.8804098742e-12
2.2021484375e+02 5.7751779718e-12 1.8982773058e-12 3.8769006660e-12
2.2027587891e+02 5.7659189903e-12 1.8956119790e-12 3.8703070113e-12
2.2033691406e+02 5.7537854787e-12 1.8928509606e-12 3.8609345181e-12
2.2039794922e+02 5.7421302119e-12 1.8912407720e-12 3.8508894399e-12
2.2045898438e+02 5.7325107344e-12 1.8908862618e-12 3.8416244726e-12
2.2052001953e+02 5.7233104626e-12 1.8901450780e-12 3.8331653847e-12
2.2058105469e+02 5.7138437404e-12 1.8878955215e-12 3.8259482188e-12
2.2064208984e+02 5.7061718912e-12 1.8851131383e-12 3.8210587529e-12
2.2070312500e+02 5.7003132194e-12 1.8829608412e-12 3.8173523783e-12
2.2076416016e+02 5.6916489965e-12 1.8807182978e-12 3.8109306988e-12
2.2082519531e+02 5.6771875620e-12 1.8772938575e-12 3.7998937045e-12
2.2088623047e+02 5.6611704000e-12 1.8735389673e-12 3.7876314327e-12
2.2094726562e+02 5.6501930205e-12 1.8712720997e-12 3.7789209207e-12
2.2100830078e+02 5.6451028318e-12 1.8707284308e-12 3.7743744010e-12
2.2106933594e+02 5.6409589147e-12 1.8699790368e-12 3.7709798779e-12
2.2113037109e+02 5.6332405342e-12 1.8665916159e-12 3.7666489183e-12
2.2119140625e+02 5.6218748630e-12 1.8599258554e-12 3.7619490076e-12
2.2125244141e+02 5.6104049758e-12 1.8521196749e-12 3.7582853008e-12
2.2131347656e+02 5.6027780778e-12 1.8465411806e-12 3.7562368972e-12
2.2137451172e+02 5.5999736036e-12 1.8447338815e-12 3.7552397221e-12
2.2143554688e+02 5.5986400652e-12 1.8449147615e-12 3.7537253037e-12
2.2149658203e+02 5.5943871574e-12 1.8442073100e-12 3.7501798474e-12
2.2155761719e+02 5.5873129508e-12 1.8421023899e-12 3.7452105609e-12
2.2161865234e+02 5.5818370405e-12 1.8404000772e-12 3.7414369634e-12
2.2167968750e+02 5.5805273816e-12 1.8402895103e-12 3.7402378713e-12
2.2174072266e+02 5.5819523390e-12 1.8413977533e-12 3.7405545857e-12
2.2180175781e+02 5.5841453921e-12 1.8430224377e-12 3.7411229544e-12
2.2186279297e+02 5.5856980145e-12 1.8444053044e-12 3.7412927101e-12
2.2192382812e+02 5.5846507944e-12 1.8444761955e-12 3.7401745989e-12
2.2198486328e+02 5.5793192636e-12 1.8426783213e-12 3.7366409423e-12
2.2204589844e+02 5.5693263503e-12 1.8396520883e-12 3.7296742620e-12
2.2210693359e+02 5.5560499942e-12 1.8365828303e-12 3.7194671638e-12
2.2216796875e+02 5.5429936405e-12 1.8341329892e-12 3.7088606513e-12
2.2222900391e+02 5.5329454499e-12 1.8317750339e-12 3.7011704161e-12
2.2229003906e+02 5.5237933867e-12 1.8279340531e-12 3.6958593336e-12
2.2235107422e+02 5.5115359037e-12 1.8217705914e-12 3.6897653124e-12
2.2241210938e+02 5.4977089128e-12 1.8151393666e-12 3.6825695461e-12
2.2247314453e+02 5.4885123315e-12 1.8115077631e-12 3.6770045684e-12
2.2253417969e+02 5.4869531814e-12 1.8123879061e-12 3.6745652753e-12
2.2259521484e+02 5.4895871384e-12 1.8155207432e-12 3.6740663952e-12
2.2265625000e+02 5.4903932047e-12 1.8172703124e-12 3.6731228922e-12
2.2271728516e+02 5.4867077965e-12 1.8165074754e-12 3.6702003211e-12
2.2277832031e+02 5.4809453281e-12 1.8149779160e-12 3.6659674121e-12
2.2283935547e+02 5.4754893047e-12 1.8138512989e-12 3.6616380058e-12
2.2290039062e+02 5.4675326376e-12 1.8113187307e-12 3.6562139069e-12
2.2296142578e+02 5.4524016272e-12 1.8047081931e-12 3.6476934341e-12
2.2302246094e+02 5.4313161736e-12 1.7946735783e-12 3.6366425953e-12
2.2308349609e+02 5.4115159117e-12 1.7855301952e-12 3.6259857165e-12
2.2314453125e+02 5.3985152331e-12 1.7808051821e-12 3.6177100510e-12
2.2320556641e+02 5.3918038668e-12 1.7800094783e-12 3.6117943885e-12
2.2326660156e+02 5.3871820917e-12 1.7801476497e-12 3.6070344420e-12
2.2332763672e+02 5.3802262923e-12 1.7789264038e-12 3.6012998885e-12
2.2338867188e+02 5.3691717892e-12 1.7761905556e-12 3.5929812336e-12
2.2344970703e+02 5.3561993664e-12 1.7730256073e-12 3.5831737591e-12
2.2351074219e+02 5.3447131123e-12 1.7701755747e-12 3.5745375376e-12
2.2357177734e+02 5.3365901381e-12 1.7681124826e-12 3.5684776555e-12
2.2363281250e+02 5.3324398810e-12 1.7674703141e-12 3.5649695669e-12
2.2369384766e+02 5.3310381886e-12 1.7675073401e-12 3.5635308485e-12
2.2375488281e+02 5.3290121995e-12 1.7660093502e-12 3.5630028492e-12
2.2381591797e+02 5.3241656071e-12 1.7624029073e-12 3.5617626997e-12
2.2387695312e+02 5.3174736542e-12 1.7583609201e-12 3.5591127342e-12
2.2393798828e+02 5.3098901502e-12 1.7546730287e-12 3.5552171215e-12
2.2399902344e+02 5.2998258762e-12 1.7504613970e-12 3.5493644792e-12
2.2406005859e+02 5.2863910892e-12 1.7455785130e-12 3.5408125762e-12
2.2412109375e+02 5.2733666715e-12 1.7413992855e-12 3.5319673860e-12
2.2418212891e+02 5.2663511120e-12 1.7390531819e-12 3.5272979301e-12
2.2424316406e+02 5.2662776326e-12 1.7382415788e-12 3.5280360538e-12
2.2430419922e+02 5.2692098161e-12 1.7381559920e-12 3.5310538241e-12
2.2436523438e+02 5.2712747066e-12 1.7383487515e-12 3.5329259552e-12
2.2442626953e+02 5.2695197360e-12 1.7378784204e-12 3.5316413156e-12
2.2448730469e+02 5.2614971344e-12 1.7353890329e-12 3.5261081015e-12
2.2454833984e+02 5.2495646309e-12 1.7312766956e-12 3.5182879353e-12
2.2460937500e+02 5.2407720332e-12 1.7277770980e-12 3.5129949353e-12
2.2467041016e+02 5.2380761186e-12 1.7260785927e-12 3.5119975259e-12
2.2473144531e+02 5.2373137550e-12 1.7253318535e-12 3.5119819015e-12
2.2479248047e+02 5.2349468795e-12 1.7246981471e-12 3.5102487324e-12
2.2485351562e+02 5.2317152227e-12 1.7241422099e-12 3.5075730128e-12
2.2491455078e+02 5.2273736543e-12 1.7231108503e-12 3.5042628040e-12
2.2497558594e+02 5.2196258542e-12 1.7206897602e-12 3.4989360940e-12
2.2503662109e+02 5.2096128382e-12 1.7172287615e-12 3.4923840768e-12
2.2509765625e+02 5.2018655225e-12 1.7141288525e-12 3.4877366699e-12
2.2515869141e+02 5.1982821553e-12 1.7122252737e-12 3.4860568816e-12
2.2521972656e+02 5.1965669906e-12 1.7112978051e-12 3.4852691855e-12
2.2528076172e+02 5.1939376836e-12 1.7105085704e-12 3.4834291132e-12
2.2534179688e+02 5.1897444307e-12 1.7091478291e-12 3.4805966016e-12
2.2540283203e+02 5.1844962973e-12 1.7073715749e-12 3.4771247224e-12
2.2546386719e+02 5.1775877956e-12 1.7055916932e-12 3.4719961024e-12
2.2552490234e+02 5.1681301620e-12 1.7035868703e-12 3.4645432918e-12
2.2558593750e+02 5.1578227936e-12 1.7013220400e-12 3.4565007536e-12
2.2564697266e+02 5.1499740071e-12 1.6995764064e-12 3.4503976007e-12
2.2570800781e+02 5.1458473460e-12 1.6988440009e-12 3.4470033450e-12
2.2576904297e+02 5.1444895331e-12 1.6987989450e-12 3.4456905880e-12
2.2583007812e+02 5.1447830417e-12 1.6989110426e-12 3.4458719991e-12
2.2589111328e+02 5.1447829626e-12 1.6984120463e-12 3.4463709163e-12
2.2595214844e+02 5.1409737220e-12 1.6963322267e-12 3.4446414953e-12
2.2601318359e+02 5.1311119654e-12 1.6924822912e-12 3.4386296742e-12
2.2607421875e+02 5.1165979273e-12 1.6877463176e-12 3.4288516097e-12
2.2613525391e+02 5.1009420352e-12 1.6831767053e-12 3.4177653299e-12
2.2619628906e+02 5.0864183392e-12 1.6791601152e-12 3.4072582240e-12
2.2625732422e+02 5.0719759774e-12 1.6753035546e-12 3.3966724228e-12
2.2631835938e+02 5.0542737280e-12 1.6708736304e-12 3.3834000975e-12
2.2637939453e+02 5.0311702554e-12 1.6653243013e-12 3.3658459541e-12
2.2644042969e+02 5.0051545687e-12 1.6587428942e-12 3.3464116745e-12
2.2650146484e+02 4.9832486661e-12 1.6521348934e-12 3.3311137727e-12
2.2656250000e+02 4.9713529530e-12 1.6469717104e-12 3.3243812426e-12
2.2662353516e+02 4.9689138109e-12 1.6442948118e-12 3.3246189991e-12
2.2668457031e+02 4.9714075482e-12 1.6443971473e-12 3.3270104009e-12
2.2674560547e+02 4.9759484187e-12 1.6467252774e-12 3.3292231413e-12
2.2680664062e+02 4.9808076768e-12 1.6494615264e-12 3.3313461504e-12
2.2686767578e+02 4.9823415934e-12 1.6501111040e-12 3.3322304894e-12
2.2692871094e+02 4.9774854998e-12 1.6474971609e-12 3.3299883388e-12
2.2698974609e+02 4.9677032257e-12 1.6426990398e-12 3.3250041860e-12
2.2705078125e+02 4.9572615941e-12 1.6376950589e-12 3.3195665352e-12
2.2711181641e+02 4.9485571071e-12 1.6335313971e-12 3.3150257101e-12
2.2717285156e+02 4.9405117198e-12 1.6299930205e-12 3.3105186993e-12
2.2723388672e+02 4.9310994279e-12 1.6266869761e-12 3.3044124518e-12
2.2729492188e+02 4.9200291654e-12 1.6236568290e-12 3.2963723364e-12
2.2735595703e+02 4.9089515503e-12 1.6209928293e-12 3.2879587210e-12
2.2741699219e+02 4.9005085800e-12 1.6187390007e-12 3.2817695793e-12
2.2747802734e+02 4.8965631004e-12 1.6171506209e-12 3.2794124795e-12
2.2753906250e+02 4.8965625996e-12 1.6166853394e-12 3.2798772601e-12
2.2760009766e+02 4.8981726123e-12 1.6177140439e-12 3.2804585684e-12
2.2766113281e+02 4.8989015107e-12 1.6200030033e-12 3.2788985074e-12
2.2772216797e+02 4.8970807442e-12 1.6225007384e-12 3.2745800057e-12
2.2778320312e+02 4.8921883975e-12 1.6237589371e-12 3.2684294604e-12
2.2784423828e+02 4.8844254080e-12 1.6226689874e-12 3.2617564206e-12
2.2790527344e+02 4.8742937327e-12 1.6191570541e-12 3.2551366786e-12
2.2796630859e+02 4.8621855363e-12 1.6140816155e-12 3.2481039208e-12
2.2802734375e+02 4.8481756135e-12 1.6084046094e-12 3.2397710041e-12
2.2808837891e+02 4.8334495227e-12 1.6029822175e-12 3.2304673051e-12
2.2814941406e+02 4.8204887536e-12 1.5985644709e-12 3.2219242827e-12
2.2821044922e+02 4.8096725358e-12 1.5950281555e-12 3.2146443803e-12
2.2827148438e+02 4.7980088850e-12 1.5913372973e-12 3.2066715877e-12
2.2833251953e+02 4.7828846452e-12 1.5867230816e-12 3.1961615636e-12
2.2839355469e+02 4.7654489291e-12 1.5813507817e-12 3.1840981475e-12
2.2845458984e+02 4.7498470522e-12 1.5762011699e-12 3.1736458823e-12
2.2851562500e+02 4.7393140224e-12 1.5725964997e-12 3.1667175227e-12
2.2857666016e+02 4.7333786631e-12 1.5712493551e-12 3.1621293080e-12
2.2863769531e+02 4.7294508529e-12 1.5715004920e-12 3.1579503610e-12
2.2869873047e+02 4.7257536850e-12 1.5716436451e-12 3.1541100399e-12
2.2875976562e+02 4.7222743928e-12 1.5704614027e-12 3.1518129901e-12
2.2882080078e+02 4.7199381503e-12 1.5685160715e-12 3.1514220788e-12
2.2888183594e+02 4.7180698983e-12 1.5671490326e-12 3.1509208657e-12
2.2894287109e+02 4.7132110938e-12 1.5662995868e-12 3.1469115070e-12
2.2900390625e+02 4.7028798256e-12 1.5644627898e-12 3.1384170358e-12
2.2906494141e+02 4.6893905369e-12 1.5607522223e-12 3.1286383147e-12
2.2912597656e+02 4.6773917594e-12 1.5558765504e-12 3.1215152090e-12
2.2918701172e+02 4.6689624285e-12 1.5512066964e-12 3.1177557321e-12
2.2924804688e+02 4.6631685870e-12 1.5478483721e-12 3.1153202149e-12
2.2930908203e+02 4.6587538608e-12 1.5463846400e-12 3.1123692208e-12
2.2937011719e+02 4.6554614147e-12 1.5467080591e-12 3.1087533557e-12
2.2943115234e+02 4.6537206365e-12 1.5480228049e-12 3.1056978316e-12
2.2949218750e+02 4.6539288477e-12 1.5493280773e-12 3.1046007704e-12
2.2955322266e+02 4.6554976240e-12 1.5499519416e-12 3.1055456823e-12
2.2961425781e+02 4.6558737057e-12 1.5493864210e-12 3.1064872847e-12
2.2967529297e+02 4.6512568579e-12 1.5468951037e-12 3.1043617543e-12
2.2973632812e+02 4.6402982047e-12 1.5421596970e-12 3.0981385077e-12
2.2979736328e+02 4.6268155613e-12 1.5364713479e-12 3.0903442134e-12
2.2985839844e+02 4.6166183811e-12 1.5322674884e-12 3.0843508927e-12
2.2991943359e+02 4.6112864127e-12 1.5306881298e-12 3.0805982829e-12
2.2998046875e+02 4.6066548404e-12 1.5302475943e-12 3.0764072461e-12
2.3004150391e+02 4.5989154183e-12 1.5289422840e-12 3.0699731344e-12
2.3010253906e+02 4.5902095321e-12 1.5268032219e-12 3.0634063102e-12
2.3016357422e+02 4.5847504078e-12 1.5249700953e-12 3.0597803125e-12
2.3022460938e+02 4.5825532667e-12 1.5235371448e-12 3.0590161219e-12
2.3028564453e+02 4.5813808462e-12 1.5220469751e-12 3.0593338710e-12
2.3034667969e+02 4.5817767264e-12 1.5210045620e-12 3.0607721644e-12
2.3040771484e+02 4.5867173059e-12 1.5214463823e-12 3.0652709236e-12
2.3046875000e+02 4.5972193047e-12 1.5235487211e-12 3.0736705837e-12
2.3052978516e+02 4.6090352745e-12 1.5261606419e-12 3.0828746326e-12
2.3059082031e+02 4.6147981757e-12 1.5274035835e-12 3.0873945921e-12
2.3065185547e+02 4.6110564720e-12 1.5260611808e-12 3.0849952913e-12
2.3071289062e+02 4.6016102001e-12 1.5226194206e-12 3.0789907795e-12
2.3077392578e+02 4.5919660949e-12 1.5185687569e-12 3.0733973380e-12
2.3083496094e+02 4.5826176284e-12 1.5149035183e-12 3.0677141100e-12
2.3089599609e+02 4.5707494123e-12 1.5118598613e-12 3.0588895510e-12
2.3095703125e+02 4.5571795049e-12 1.5098447639e-12 3.0473347410e-12
2.3101806641e+02 4.5466903922e-12 1.5093302169e-12 3.0373601753e-12
2.3107910156e+02 4.5405258660e-12 1.5092842079e-12 3.0312416581e-12
2.3114013672e+02 4.5334921820e-12 1.5072374447e-12 3.0262547374e-12
2.3120117188e+02 4.5208802677e-12 1.5022067569e-12 3.0186735107e-12
2.3126220703e+02 4.5052382952e-12 1.4965174848e-12 3.0087208104e-12
2.3132324219e+02 4.4933286865e-12 1.4933175750e-12 3.0000111115e-12
2.3138427734e+02 4.4877358520e-12 1.4931205200e-12 2.9946153320e-12
2.3144531250e+02 4.4842182286e-12 1.4938697048e-12 2.9903485238e-12
2.3150634766e+02 4.4765772256e-12 1.4932240595e-12 2.9833531661e-12
2.3156738281e+02 4.4625712053e-12 1.4900981833e-12 2.9724730220e-12
2.3162841797e+02 4.4451096478e-12 1.4851330863e-12 2.9599765615e-12
2.3168945312e+02 4.4288447298e-12 1.4801262922e-12 2.9487184376e-12
2.3175048828e+02 4.4171115757e-12 1.4765004926e-12 2.9406110831e-12
2.3181152344e+02 4.4110042636e-12 1.4743089681e-12 2.9366952955e-12
2.3187255859e+02 4.4089920945e-12 1.4727682444e-12 2.9362238501e-12
2.3193359375e+02 4.4078727068e-12 1.4712318328e-12 2.9366408739e-12
2.3199462891e+02 4.4055751810e-12 1.4694005180e-12 2.9361746630e-12
2.3205566406e+02 4.4029145454e-12 1.4673284622e-12 2.9355860832e-12
2.3211669922e+02 4.4024829751e-12 1.4658866617e-12 2.9365963134e-12
2.3217773438e+02 4.4056783452e-12 1.4662568011e-12 2.9394215441e-12
2.3223876953e+02 4.4098455084e-12 1.4679532466e-12 2.9418922618e-12
2.3229980469e+02 4.4095422969e-12 1.4685808115e-12 2.9409614854e-12
2.3236083984e+02 4.4025881312e-12 1.4667619085e-12 2.9358262227e-12
2.3242187500e+02 4.3926277849e-12 1.4638930271e-12 2.9287347577e-12
2.3248291016e+02 4.3839789536e-12 1.4618402194e-12 2.9221387342e-12
2.3254394531e+02 4.3769100952e-12 1.4605003760e-12 2.9164097192e-12
2.3260498047e+02 4.3695311844e-12 1.4588752409e-12 2.9106559435e-12
2.3266601562e+02 4.3617919907e-12 1.4569977228e-12 2.9047942679e-12
2.3272705078e+02 4.3559022580e-12 1.4554752996e-12 2.9004269584e-12
2.3278808594e+02 4.3540858100e-12 1.4543992415e-12 2.8996865685e-12
2.3284912109e+02 4.3565588359e-12 1.4536504110e-12 2.9029084249e-12
2.3291015625e+02 4.3606705767e-12 1.4532592911e-12 2.9074112856e-12
2.3297119141e+02 4.3621751580e-12 1.4529276909e-12 2.9092474670e-12
2.3303222656e+02 4.3586713499e-12 1.4520148075e-12 2.9066565424e-12
2.3309326172e+02 4.3521553174e-12 1.4505045520e-12 2.9016507654e-12
2.3315429688e+02 4.3469775164e-12 1.4491769870e-12 2.8978005294e-12
2.3321533203e+02 4.3445467902e-12 1.4481947710e-12 2.8963520192e-12
2.3327636719e+02 4.3415834707e-12 1.4464104815e-12 2.8951729893e-12
2.3333740234e+02 4.3345204061e-12 1.4427844969e-12 2.8917359092e-12
2.3339843750e+02 4.3236474733e-12 1.4378802314e-12 2.8857672419e-12
2.3345947266e+02 4.3124453256e-12 1.4336479914e-12 2.8787973342e-12
2.3352050781e+02 4.3047736902e-12 1.4319616632e-12 2.8728120270e-12
2.3358154297e+02 4.3026057940e-12 1.4330627237e-12 2.8695430703e-12
2.3364257812e+02 4.3050523098e-12 1.4352730412e-12 2.8697792686e-12
2.3370361328e+02 4.3089023773e-12 1.4364495780e-12 2.8724527994e-12
2.3376464844e+02 4.3102551571e-12 1.4356445107e-12 2.8746106463e-12
2.3382568359e+02 4.3067830223e-12 1.4332836334e-12 2.8734993889e-12
2.3388671875e+02 4.2995727547e-12 1.4302954865e-12 2.8692772682e-12
2.3394775391e+02 4.2929360449e-12 1.4277592244e-12 2.8651768205e-12
2.3400878906e+02 4.2917373831e-12 1.4268883925e-12 2.8648489906e-12
2.3406982422e+02 4.2974451472e-12 1.4281133871e-12 2.8693317601e-12
2.3413085938e+02 4.3058085403e-12 1.4302457434e-12 2.8755627968e-12
2.3419189453e+02 4.3093678072e-12 1.4314676902e-12 2.8779001170e-12
2.3425292969e+02 4.3036809575e-12 1.4310644900e-12 2.8726164675e-12
2.3431396484e+02 4.2913639744e-12 1.4297014392e-12 2.8616625352e-12
2.3437500000e+02 4.2793615324e-12 1.4281802102e-12 2.8511813223e-12
2.3443603516e+02 4.2718186209e-12 1.4264736527e-12 2.8453449682e-12
2.3449707031e+02 4.2664774390e-12 1.4241538625e-12 2.8423235765e-12
2.3455810547e+02 4.2584805320e-12 1.4211628902e-12 2.8373176418e-12
2.3461914062e+02 4.2464545994e-12 1.4179558810e-12 2.8284987184e-12
2.3468017578e+02 4.2339059294e-12 1.4153646067e-12 2.8185413227e-12
2.3474121094e+02 4.2255439085e-12 1.4141754562e-12 2.8113684523e-12
2.3480224609e+02 4.2236679002e-12 1.4145403826e-12 2.8091275175e-12
2.3486328125e+02 4.2271990940e-12 1.4158024127e-12 2.8113966813e-12
2.3492431641e+02 4.2316148453e-12 1.4165149516e-12 2.8150998936e-12
2.3498535156e+02 4.2305200863e-12 1.4149547209e-12 2.8155653654e-12
2.3504638672e+02 4.2212658114e-12 1.4109235869e-12 2.8103422245e-12
2.3510742188e+02 4.2087586220e-12 1.4065855653e-12 2.8021730567e-12
2.3516845703e+02 4.2001135800e-12 1.4040166925e-12 2.7960968875e-12
2.3522949219e+02 4.1970932753e-12 1.4027607166e-12 2.7943325587e-12
2.3529052734e+02 4.1966482854e-12 1.4009826439e-12 2.7956656415e-12
2.3535156250e+02 4.1958119000e-12 1.3979150284e-12 2.7978968716e-12
2.3541259766e+02 4.1930528696e-12 1.3942069978e-12 2.7988458718e-12
2.3547363281e+02 4.1875260923e-12 1.3907163411e-12 2.7968097512e-12
2.3553466797e+02 4.1796262703e-12 1.3877507293e-12 2.7918755410e-12
2.3559570312e+02 4.1709553115e-12 1.3851507912e-12 2.7858045203e-12
2.3565673828e+02 4.1631379197e-12 1.3827274330e-12 2.7804104867e-12
2.3571777344e+02 4.1576110759e-12 1.3806413360e-12 2.7769697399e-12
2.3577880859e+02 4.1556723346e-12 1.3793200164e-12 2.7763523182e-12
2.3583984375e+02 4.1576263438e-12 1.3791349016e-12 2.7784914423e-12
2.3590087891e+02 4.1619146020e-12 1.3802360927e-12 2.7816785094e-12
2.3596191406e+02 4.1654368331e-12 1.3824580242e-12 2.7829788089e-12
2.3602294922e+02 4.1652533557e-12 1.3850884116e-12 2.7801649441e-12
2.3608398438e+02 4.1600186328e-12 1.3866305767e-12 2.7733880561e-12
2.3614501953e+02 4.1504303989e-12 1.3855126147e-12 2.7649177842e-12
2.3620605469e+02 4.1388672519e-12 1.3815350405e-12 2.7573322114e-12
2.3626708984e+02 4.1279302845e-12 1.3762253883e-12 2.7517048963e-12
2.3632812500e+02 4.1194301958e-12 1.3717712121e-12 2.7476589838e-12
2.3638916016e+02 4.1142064519e-12 1.3694393439e-12 2.7447671079e-12
2.3645019531e+02 4.1119942232e-12 1.3687559903e-12 2.7432382329e-12
2.3651123047e+02 4.1126614130e-12 1.3686840099e-12 2.7439774031e-12
2.3657226562e+02 4.1167700846e-12 1.3692008520e-12 2.7475692326e-12
2.3663330078e+02 4.1226631635e-12 1.3707231973e-12 2.7519399662e-12
2.3669433594e+02 4.1253582663e-12 1.3725207396e-12 2.7528375267e-12
2.3675537109e+02 4.1208580134e-12 1.3729230530e-12 2.7479349604e-12
2.3681640625e+02 4.1093609420e-12 1.3710177489e-12 2.7383431931e-12
2.3687744141e+02 4.0937615957e-12 1.3674771966e-12 2.7262843991e-12
2.3693847656e+02 4.0775455411e-12 1.3636539242e-12 2.7138916168e-12
2.3699951172e+02 4.0635841529e-12 1.3601237133e-12 2.7034604397e-12
2.3706054688e+02 4.0533284354e-12 1.3566200742e-12 2.6967083612e-12
2.3712158203e+02 4.0472795106e-12 1.3533682801e-12 2.6939112305e-12
2.3718261719e+02 4.0451012759e-12 1.3512708369e-12 2.6938304390e-12
2.3724365234e+02 4.0447480160e-12 1.3504234479e-12 2.6943245682e-12
2.3730468750e+02 4.0434314411e-12 1.3495660560e-12 2.6938653850e-12
2.3736572266e+02 4.0403365144e-12 1.3475251293e-12 2.6928113851e-12
2.3742675781e+02 4.0378712131e-12 1.3449614280e-12 2.6929097851e-12
2.3748779297e+02 4.0390565505e-12 1.3440257799e-12 2.6950307706e-12
2.3754882812e+02 4.0425425495e-12 1.3455021728e-12 2.6970403768e-12
2.3760986328e+02 4.0420015642e-12 1.3471075323e-12 2.6948940319e-12
2.3767089844e+02 4.0328099984e-12 1.3458346757e-12 2.6869753227e-12
2.3773193359e+02 4.0178849011e-12 1.3412878411e-12 2.6765970600e-12
2.3779296875e+02 4.0044313603e-12 1.3357233459e-12 2.6687080144e-12
2.3785400391e+02 3.9959580547e-12 1.3313197637e-12 2.6646382910e-12
2.3791503906e+02 3.9899956256e-12 1.3283186924e-12 2.6616769332e-12
2.3797607422e+02 3.9827806915e-12 1.3256917464e-12 2.6570889451e-12
2.3803710938e+02 3.9731181681e-12 1.3226501314e-12 2.6504680367e-12
2.3809814453e+02 3.9616572486e-12 1.3190793543e-12 2.6425778943e-12
2.3815917969e+02 3.9501974837e-12 1.3154313538e-12 2.6347661300e-12
2.3822021484e+02 3.9428545170e-12 1.3128919729e-12 2.6299625441e-12
2.3828125000e+02 3.9432620750e-12 1.3126429035e-12 2.6306191716e-12
2.3834228516e+02 3.9487125060e-12 1.3142582761e-12 2.6344542299e-12
2.3840332031e+02 3.9514094136e-12 1.3157215462e-12 2.6356878674e-12
2.3846435547e+02 3.9471502645e-12 1.3155119787e-12 2.6316382858e-12
2.3852539062e+02 3.9391537198e-12 1.3138822326e-12 2.6252714873e-12
2.3858642578e+02 3.9321114710e-12 1.3116553711e-12 2.6204560999e-12
2.3864746094e+02 3.9263594802e-12 1.3088030125e-12 2.6175564678e-12
2.3870849609e+02 3.9194302212e-12 1.3049684448e-12 2.6144617764e-12
2.3876953125e+02 3.9092952651e-12 1.3004041794e-12 2.6088910858e-12
2.3883056641e+02 3.8954768233e-12 1.2958581209e-12 2.5996187024e-12
2.3889160156e+02 3.8807358124e-12 1.2922819896e-12 2.5884538228e-12
2.3895263672e+02 3.8701794147e-12 1.2904801471e-12 2.5796992676e-12
2.3901367188e+02 3.8656974745e-12 1.2904194450e-12 2.5752780295e-12
2.3907470703e+02 3.8639697228e-12 1.2911558930e-12 2.5728138298e-12
2.3913574219e+02 3.8614475875e-12 1.2916776887e-12 2.5697698988e-12
2.3919677734e+02 3.8579693836e-12 1.2916829456e-12 2.5662864381e-12
2.3925781250e+02 3.8546803702e-12 1.2914570444e-12 2.5632233258e-12
2.3931884766e+02 3.8517171725e-12 1.2911548989e-12 2.5605622735e-12
2.3937988281e+02 3.8488434625e-12 1.2905484151e-12 2.5582950474e-12
2.3944091797e+02 3.8465284512e-12 1.2894870083e-12 2.5570414429e-12
2.3950195312e+02 3.8458646795e-12 1.2882880539e-12 2.5575766255e-12
2.3956298828e+02 3.8471934210e-12 1.2874067140e-12 2.5597867069e-12
2.3962402344e+02 3.8486302195e-12 1.2867271682e-12 2.5619030513e-12
2.3968505859e+02 3.8467586013e-12 1.2854145860e-12 2.5613440153e-12
2.3974609375e+02 3.8396651064e-12 1.2827523794e-12 2.5569127270e-12
2.3980712891e+02 3.8298158546e-12 1.2793445406e-12 2.5504713140e-12
2.3986816406e+02 3.8222938560e-12 1.2769158684e-12 2.5453779876e-12
2.3992919922e+02 3.8182609696e-12 1.2761736481e-12 2.5420873215e-12
2.3999023438e+02 3.8128630218e-12 1.2755857839e-12 2.5372772379e-12
2.4005126953e+02 3.8020665403e-12 1.2731330033e-12 2.5289335370e-12
2.4011230469e+02 3.7882850906e-12 1.2687387753e-12 2.5195463153e-12
2.4017333984e+02 3.7772848783e-12 1.2644104816e-12 2.5128743967e-12
2.4023437500e+02 3.7721984818e-12 1.2620881210e-12 2.5101103608e-12
2.4029541016e+02 3.7708657603e-12 1.2615153916e-12 2.5093503687e-12
2.4035644531e+02 3.7680597235e-12 1.2606795206e-12 2.5073802028e-12
2.4041748047e+02 3.7622938233e-12 1.2586748908e-12 2.5036189325e-12
2.4047851562e+02 3.7591814327e-12 1.2572221741e-12 2.5019592586e-12
2.4053955078e+02 3.7645258586e-12 1.2585634140e-12 2.5059624446e-12
2.4060058594e+02 3.7765703881e-12 1.2626972375e-12 2.5138731506e-12
2.4066162109e+02 3.7877724960e-12 1.2672184487e-12 2.5205540472e-12
2.4072265625e+02 3.7915891332e-12 1.2692627601e-12 2.5223263732e-12
2.4078369141e+02 3.7866945618e-12 1.2676927396e-12 2.5190018222e-12
2.4084472656e+02 3.7767667040e-12 1.2639048367e-12 2.5128618673e-12
2.4090576172e+02 3.7666563745e-12 1.2603470671e-12 2.5063093074e-12
2.4096679688e+02 3.7584359671e-12 1.2580924388e-12 2.5003435283e-12
2.4102783203e+02 3.7513317611e-12 1.2562127486e-12 2.4951190125e-12
2.4108886719e+02 3.7441783043e-12 1.2534479943e-12 2.4907303100e-12
2.4114990234e+02 3.7364179572e-12 1.2497236643e-12 2.4866942929e-12
2.4121093750e+02 3.7279114425e-12 1.2459164782e-12 2.4819949642e-12
2.4127197266e+02 3.7188484880e-12 1.2427456156e-12 2.4761028725e-12
2.4133300781e+02 3.7091124824e-12 1.2400876739e-12 2.4690248085e-12
2.4139404297e+02 3.6984687796e-12 1.2373773220e-12 2.4610914575e-12
2.4145507812e+02 3.6880271397e-12 1.2346769880e-12 2.4533501517e-12
2.4151611328e+02 3.6800113047e-12 1.2327977440e-12 2.4472135607e-12
2.4157714844e+02 3.6756540096e-12 1.2320686397e-12 2.4435853699e-12
2.4163818359e+02 3.6740630332e-12 1.2317972584e-12 2.4422657748e-12
2.4169921875e+02 3.6730664033e-12 1.2314886094e-12 2.4415777939e-12
2.4176025391e+02 3.6709781460e-12 1.2316067210e-12 2.4393714250e-12
2.4182128906e+02 3.6678550307e-12 1.2324486370e-12 2.4354063937e-12
2.4188232422e+02 3.6648321388e-12 1.2331655602e-12 2.4316665786e-12
2.4194335938e+02 3.6616762145e-12 1.2323526072e-12 2.4293236073e-12
2.4200439453e+02 3.6562253993e-12 1.2292769031e-12 2.4269484963e-12
2.4206542969e+02 3.6480011521e-12 1.2248386778e-12 2.4231624743e-12
2.4212646484e+02 3.6412094947e-12 1.2214680942e-12 2.4197414005e-12
2.4218750000e+02 3.6412650377e-12 1.2212365498e-12 2.4200284879e-12
2.4224853516e+02 3.6480570600e-12 1.2237445897e-12 2.4243124703e-12
2.4230957031e+02 3.6551966657e-12 1.2265386654e-12 2.4286580002e-12
2.4237060547e+02 3.6564799533e-12 1.2275089224e-12 2.4289710309e-12
2.4243164062e+02 3.6509157436e-12 1.2262580909e-12 2.4246576528e-12
2.4249267578e+02 3.6415944101e-12 1.2236108323e-12 2.4179835778e-12
2.4255371094e+02 3.6325596580e-12 1.2206807289e-12 2.4118789291e-12
2.4261474609e+02 3.6267874894e-12 1.2183139066e-12 2.4084735828e-12
2.4267578125e+02 3.6245220797e-12 1.2167109363e-12 2.4078111434e-12
2.4273681641e+02 3.6229602803e-12 1.2152832661e-12 2.4076770142e-12
2.4279785156e+02 3.6186959457e-12 1.2131930253e-12 2.4055029204e-12
2.4285888672e+02 3.6113475860e-12 1.2104647365e-12 2.4008828495e-12
2.4291992188e+02 3.6043716252e-12 1.2083040728e-12 2.3960675524e-12
2.4298095703e+02 3.6016394502e-12 1.2078665417e-12 2.3937729085e-12
2.4304199219e+02 3.6042423913e-12 1.2091498640e-12 2.3950925273e-12
2.4310302734e+02 3.6100834116e-12 1.2111189808e-12 2.3989644308e-12
2.4316406250e+02 3.6147194493e-12 1.2123337074e-12 2.4023857419e-12
2.4322509766e+02 3.6140456494e-12 1.2118600035e-12 2.4021856459e-12
2.4328613281e+02 3.6075369841e-12 1.2098832409e-12 2.3976537433e-12
2.4334716797e+02 3.5980872418e-12 1.2072739537e-12 2.3908132881e-12
2.4340820312e+02 3.5892177359e-12 1.2048856706e-12 2.3843320653e-12
2.4346923828e+02 3.5830853316e-12 1.2031606590e-12 2.3799246727e-12
2.4353027344e+02 3.5798671168e-12 1.2019680619e-12 2.3778990549e-12
2.4359130859e+02 3.5781451212e-12 1.2009228699e-12 2.3772222513e-12
2.4365234375e+02 3.5763643725e-12 1.1998168533e-12 2.3765475192e-12
2.4371337891e+02 3.5738942250e-12 1.1985314176e-12 2.3753628075e-12
2.4377441406e+02 3.5709923033e-12 1.1970272574e-12 2.3739650459e-12
2.4383544922e+02 3.5681005583e-12 1.1955670610e-12 2.3725334973e-12
2.4389648438e+02 3.5644997338e-12 1.1941735475e-12 2.3703261863e-12
2.4395751953e+02 3.5590323877e-12 1.1923254467e-12 2.3667069410e-12
2.4401855469e+02 3.5531777508e-12 1.1902356574e-12 2.3629420934e-12
2.4407958984e+02 3.5505817537e-12 1.1894506972e-12 2.3611310566e-12
2.4414062500e+02 3.5524141184e-12 1.1909074430e-12 2.3615066754e-12
2.4420166016e+02 3.5551228977e-12 1.1929881187e-12 2.3621347790e-12
2.4426269531e+02 3.5532953090e-12 1.1925419958e-12 2.3607533132e-12
2.4432373047e+02 3.5450053748e-12 1.1881567233e-12 2.3568486515e-12
2.4438476562e+02 3.5342646588e-12 1.1819430954e-12 2.3523215633e-12
2.4444580078e+02 3.5263979241e-12 1.1772810102e-12 2.3491169139e-12
2.4450683594e+02 3.5225193623e-12 1.1754598769e-12 2.3470594854e-12
2.4456787109e+02 3.5212102685e-12 1.1756444623e-12 2.3455658062e-12
2.4462890625e+02 3.5222156172e-12 1.1768930982e-12 2.3453225190e-12
2.4468994141e+02 3.5255228728e-12 1.1787738425e-12 2.3467490304e-12
2.4475097656e+02 3.5294967306e-12 1.1808378855e-12 2.3486588451e-12
2.4481201172e+02 3.5314440895e-12 1.1823981249e-12 2.3490459647e-12
2.4487304688e+02 3.5293804283e-12 1.1828340856e-12 2.3465463427e-12
2.4493408203e+02 3.5238527747e-12 1.1821372316e-12 2.3417155431e-12
2.4499511719e+02 3.5180236746e-12 1.1809029509e-12 2.3371207238e-12
2.4505615234e+02 3.5147920339e-12 1.1796033099e-12 2.3351887240e-12
2.4511718750e+02 3.5135956661e-12 1.1781779260e-12 2.3354177401e-12
2.4517822266e+02 3.5107158178e-12 1.1763742972e-12 2.3343415205e-12
2.4523925781e+02 3.5029660079e-12 1.1741002786e-12 2.3288657293e-12
2.4530029297e+02 3.4907612014e-12 1.1713166109e-12 2.3194445905e-12
2.4536132812e+02 3.4780371019e-12 1.1680127431e-12 2.3100243588e-12
2.4542236328e+02 3.4695086710e-12 1.1645539326e-12 2.3049547384e-12
2.4548339844e+02 3.4668351317e-12 1.1617315155e-12 2.3051036162e-12
2.4554443359e+02 3.4673445534e-12 1.1602334410e-12 2.3071111124e-12
2.4560546875e+02 3.4675208220e-12 1.1602146706e-12 2.3073061515e-12
2.4566650391e+02 3.4667451516e-12 1.1614172193e-12 2.3053279322e-12
2.4572753906e+02 3.4661467108e-12 1.1633043578e-12 2.3028423529e-12
2.4578857422e+02 3.4653485604e-12 1.1649862065e-12 2.3003623539e-12
2.4584960938e+02 3.4626786463e-12 1.1655726075e-12 2.2971060388e-12
2.4591064453e+02 3.4576899239e-12 1.1647838126e-12 2.2929061113e-12
2.4597167969e+02 3.4516553231e-12 1.1629557046e-12 2.2886996185e-12
2.4603271484e+02 3.4460171081e-12 1.1605106417e-12 2.2855064664e-12
2.4609375000e+02 3.4414275449e-12 1.1577090754e-12 2.2837184695e-12
2.4615478516e+02 3.4379274497e-12 1.1548904613e-12 2.2830369884e-12
2.4621582031e+02 3.4351000665e-12 1.1525872643e-12 2.2825128022e-12
2.4627685547e+02 3.4324509263e-12 1.1513194569e-12 2.2811314694e-12
2.4633789062e+02 3.4307513882e-12 1.1515782884e-12 2.2791730997e-12
2.4639892578e+02 3.4322262873e-12 1.1537050075e-12 2.2785212798e-12
2.4645996094e+02 3.4374910234e-12 1.1569559422e-12 2.2805350811e-12
2.4652099609e+02 3.4432504631e-12 1.1591766511e-12 2.2840738120e-12
2.4658203125e+02 3.4450454880e-12 1.1585618458e-12 2.2864836422e-12
2.4664306641e+02 3.4410225049e-12 1.1552637673e-12 2.2857587376e-12
2.4670410156e+02 3.4323029932e-12 1.1508108380e-12 2.2814921552e-12
2.4676513672e+02 3.4222660796e-12 1.1470572092e-12 2.2752088704e-12
2.4682617188e+02 3.4156642783e-12 1.1456164864e-12 2.2700477919e-12
2.4688720703e+02 3.4153003588e-12 1.1467647559e-12 2.2685356029e-12
2.4694824219e+02 3.4189951377e-12 1.1488630517e-12 2.2701320860e-12
2.4700927734e+02 3.4218572125e-12 1.1498578284e-12 2.2719993841e-12
2.4707031250e+02 3.4217307557e-12 1.1493001630e-12 2.2724305927e-12
2.4713134766e+02 3.4207352216e-12 1.1483505526e-12 2.2723846690e-12
2.4719238281e+02 3.4213216039e-12 1.1480100318e-12 2.2733115722e-12
2.4725341797e+02 3.4228712506e-12 1.1479975124e-12 2.2748737382e-12
2.4731445312e+02 3.4231990507e-12 1.1475046524e-12 2.2756943982e-12
2.4737548828e+02 3.4214605837e-12 1.1464183078e-12 2.2750422759e-12
2.4743652344e+02 3.4181995607e-12 1.1451960175e-12 2.2730035432e-12
2.4749755859e+02 3.4141927819e-12 1.1439947368e-12 2.2701980451e-12
2.4755859375e+02 3.4099083099e-12 1.1426200102e-12 2.2672882997e-12
2.4761962891e+02 3.4045758189e-12 1.1408433467e-12 2.2637324722e-12
2.4768066406e+02 3.3966077309e-12 1.1383714118e-12 2.2582363191e-12
2.4774169922e+02 3.3867159320e-12 1.1352338646e-12 2.2514820673e-12
2.4780273438e+02 3.3784174212e-12 1.1321133168e-12 2.2463041044e-12
2.4786376953e+02 3.3738484746e-12 1.1295529173e-12 2.2442955574e-12
2.4792480469e+02 3.3720265906e-12 1.1275708253e-12 2.2444557653e-12
2.4798583984e+02 3.3717100277e-12 1.1265374270e-12 2.2451726007e-12
2.4804687500e+02 3.3723408731e-12 1.1269800509e-12 2.2453608221e-12
2.4810791016e+02 3.3724452813e-12 1.1281915920e-12 2.2442536892e-12
2.4816894531e+02 3.3705091580e-12 1.1286233468e-12 2.2418858112e-12
2.4822998047e+02 3.3669430507e-12 1.1277953479e-12 2.2391477027e-12
2.4829101562e+02 3.3634559646e-12 1.1267487868e-12 2.2367071779e-12
2.4835205078e+02 3.3611134101e-12 1.1265388593e-12 2.2345745508e-12
2.4841308594e+02 3.3590856028e-12 1.1267279761e-12 2.2323576268e-12
2.4847412109e+02 3.3552750365e-12 1.1258408008e-12 2.2294342357e-12
2.4853515625e+02 3.3490746266e-12 1.1233996147e-12 2.2256750119e-12
2.4859619141e+02 3.3430697815e-12 1.1207394939e-12 2.2223302876e-12
2.4865722656e+02 3.3409200745e-12 1.1195668522e-12 2.2213532222e-12
2.4871826172e+02 3.3434225067e-12 1.1202650689e-12 2.2231574378e-12
2.4877929688e+02 3.3470137854e-12 1.1215514105e-12 2.2254623749e-12
2.4884033203e+02 3.3467378512e-12 1.1215406904e-12 2.2251971608e-12
2.4890136719e+02 3.3409286001e-12 1.1194318668e-12 2.2214967333e-12
2.4896240234e+02 3.3322719113e-12 1.1161666096e-12 2.2161053016e-12
2.4902343750e+02 3.3245483767e-12 1.1133107505e-12 2.2112376262e-12
2.4908447266e+02 3.3201112627e-12 1.1118093491e-12 2.2083019136e-12
2.4914550781e+02 3.3196039037e-12 1.1118096910e-12 2.2077942127e-12
2.4920654297e+02 3.3215006687e-12 1.1127127566e-12 2.2087879122e-12
2.4926757812e+02 3.3227624361e-12 1.1132617660e-12 2.2095006700e-12
2.4932861328e+02 3.3211183780e-12 1.1122947720e-12 2.2088236060e-12
2.4938964844e+02 3.3162231393e-12 1.1097660947e-12 2.2064570446e-12
2.4945068359e+02 3.3098884229e-12 1.1070449300e-12 2.2028434930e-12
2.4951171875e+02 3.3056207461e-12 1.1058420231e-12 2.1997787230e-12
2.4957275391e+02 3.3059313881e-12 1.1065648937e-12 2.1993664945e-12
2.4963378906e+02 3.3102925472e-12 1.1081975970e-12 2.2020949501e-12
2.4969482422e+02 3.3163989415e-12 1.1096414090e-12 2.2067575325e-12
2.4975585938e+02 3.3211384457e-12 1.1101520152e-12 2.2109864306e-12
2.4981689453e+02 3.3209826263e-12 1.1090309851e-12 2.2119516412e-12
2.4987792969e+02 3.3148171611e-12 1.1062799635e-12 2.2085371976e-12
2.4993896484e+02 3.3050819752e-12 1.1030308304e-12 2.2020511448e-12
2.5000000000e+02 3.2946237747e-12 1.1004354033e-12 2.1941883714e-12
2.5006103516e+02 3.2847932053e-12 1.0986715352e-12 2.1861216702e-12
2.5012207031e+02 3.2766338994e-12 1.0973519515e-12 2.1792819479e-12
2.5018310547e+02 3.2713543289e-12 1.0962549384e-12 2.1750993905e-12
2.5024414062e+02 3.2688673164e-12 1.0952855978e-12 2.1735817186e-12
2.5030517578e+02 3.2667574637e-12 1.0940410963e-12 2.1727163674e-12
2.5036621094e+02 3.2623273858e-12 1.0920103977e-12 2.1703169881e-12
2.5042724609e+02 3.2557836166e-12 1.0892724391e-12 2.1665111775e-12
2.5048828125e+02 3.2493868333e-12 1.0864751378e-12 2.1629116955e-12
2.5054931641e+02 3.2443754541e-12 1.0843167694e-12 2.1600586846e-12
2.5061035156e+02 3.2409862022e-12 1.0833450674e-12 2.1576411348e-12
2.5067138672e+02 3.2393559973e-12 1.0835385780e-12 2.1558174193e-12
2.5073242188e+02 3.2384363217e-12 1.0839601859e-12 2.1544761357e-12
2.5079345703e+02 3.2363377186e-12 1.0836203870e-12 2.1527173316e-12
2.5085449219e+02 3.2327580861e-12 1.0825244935e-12 2.1502335925e-12
2.5091552734e+02 3.2287981795e-12 1.0812076335e-12 2.1475905460e-12
2.5097656250e+02 3.2244458715e-12 1.0797282159e-12 2.1447176557e-12
2.5103759766e+02 3.2190692715e-12 1.0779508274e-12 2.1411184441e-12
2.5109863281e+02 3.2137408783e-12 1.0762857699e-12 2.1374551084e-12
2.5115966797e+02 3.2097860860e-12 1.0751070967e-12 2.1346789893e-12
2.5122070312e+02 3.2063427242e-12 1.0739830952e-12 2.1323596289e-12
2.5128173828e+02 3.2025133646e-12 1.0725703589e-12 2.1299430057e-12
2.5134277344e+02 3.1997416078e-12 1.0715542382e-12 2.1281873696e-12
2.5140380859e+02 3.1996159343e-12 1.0717660212e-12 2.1278499131e-12
2.5146484375e+02 3.2017157434e-12 1.0730490932e-12 2.1286666503e-12
2.5152587891e+02 3.2045452094e-12 1.0744700968e-12 2.1300751127e-12
2.5158691406e+02 3.2062923960e-12 1.0751867869e-12 2.1311056091e-12
2.5164794922e+02 3.2047774039e-12 1.0749391072e-12 2.1298382967e-12
2.5170898438e+02 3.1986350084e-12 1.0738172698e-12 2.1248177386e-12
2.5177001953e+02 3.1892050677e-12 1.0719743598e-12 2.1172307079e-12
2.5183105469e+02 3.1805502379e-12 1.0698735787e-12 2.1106766592e-12
2.5189208984e+02 3.1758564485e-12 1.0680379284e-12 2.1078185201e-12
2.5195312500e+02 3.1733517613e-12 1.0661723168e-12 2.1071794445e-12
2.5201416016e+02 3.1681564787e-12 1.0635234418e-12 2.1046330369e-12
2.5207519531e+02 3.1588678570e-12 1.0602775236e-12 2.0985903335e-12
2.5213623047e+02 3.1493055538e-12 1.0575315032e-12 2.0917740506e-12
2.5219726562e+02 3.1430841833e-12 1.0558823011e-12 2.0872018822e-12
2.5225830078e+02 3.1396072081e-12 1.0549384199e-12 2.0846687882e-12
2.5231933594e+02 3.1361406004e-12 1.0540679673e-12 2.0820726331e-12
2.5238037109e+02 3.1310208302e-12 1.0528205649e-12 2.0782002654e-12
2.5244140625e+02 3.1239262750e-12 1.0507539659e-12 2.0731723091e-12
2.5250244141e+02 3.1154950265e-12 1.0478713045e-12 2.0676237219e-12
2.5256347656e+02 3.1076620982e-12 1.0453197186e-12 2.0623423796e-12
2.5262451172e+02 3.1023346623e-12 1.0444715693e-12 2.0578630929e-12
2.5268554688e+02 3.0994509930e-12 1.0451959108e-12 2.0542550823e-12
2.5274658203e+02 3.0978514253e-12 1.0461350001e-12 2.0517164253e-12
2.5280761719e+02 3.0967145628e-12 1.0462630938e-12 2.0504514690e-12
2.5286865234e+02 3.0947912698e-12 1.0451661122e-12 2.0496251576e-12
2.5292968750e+02 3.0906088260e-12 1.0427727052e-12 2.0478361208e-12
2.5299072266e+02 3.0844965243e-12 1.0396395686e-12 2.0448569557e-12
2.5305175781e+02 3.0784315488e-12 1.0366601443e-12 2.0417714044e-12
2.5311279297e+02 3.0738612055e-12 1.0343355145e-12 2.0395256909e-12
2.5317382812e+02 3.0711253421e-12 1.0328296428e-12 2.0382956993e-12
2.5323486328e+02 3.0702948408e-12 1.0323072243e-12 2.0379876165e-12
2.5329589844e+02 3.0711503557e-12 1.0328176082e-12 2.0383327475e-12
2.5335693359e+02 3.0725599229e-12 1.0340307674e-12 2.0385291556e-12
2.5341796875e+02 3.0728209270e-12 1.0351047529e-12 2.0377161741e-12
2.5347900391e+02 3.0710058178e-12 1.0349648223e-12 2.0360409955e-12
2.5354003906e+02 3.0677129690e-12 1.0331283826e-12 2.0345845864e-12
2.5360107422e+02 3.0641232520e-12 1.0301906251e-12 2.0339326269e-12
2.5366210938e+02 3.0603428229e-12 1.0271221294e-12 2.0332206935e-12
2.5372314453e+02 3.0554767741e-12 1.0244187065e-12 2.0310580676e-12
2.5378417969e+02 3.0500253339e-12 1.0224787995e-12 2.0275465345e-12
2.5384521484e+02 3.0465745531e-12 1.0220539284e-12 2.0245206248e-12
2.5390625000e+02 3.0461498055e-12 1.0232636050e-12 2.0228862005e-12
2.5396728516e+02 3.0452091923e-12 1.0245885875e-12 2.0206206048e-12
2.5402832031e+02 3.0389190014e-12 1.0238827192e-12 2.0150362822e-12
2.5408935547e+02 3.0272193217e-12 1.0205195650e-12 2.0066997566e-12
2.5415039062e+02 3.0152246291e-12 1.0159948435e-12 1.9992297855e-12
2.5421142578e+02 3.0077356044e-12 1.0124091154e-12 1.9953264890e-12
2.5427246094e+02 3.0054936127e-12 1.0108109569e-12 1.9946826557e-12
2.5433349609e+02 3.0061310445e-12 1.0107952080e-12 1.9953358365e-12
2.5439453125e+02 3.0067881267e-12 1.0112542255e-12 1.9955339012e-12
2.5445556641e+02 3.0060205907e-12 1.0115460235e-12 1.9944745672e-12
2.5451660156e+02 3.0040860049e-12 1.0118110256e-12 1.9922749793e-12
2.5457763672e+02 3.0017179919e-12 1.0120998245e-12 1.9896181674e-12
2.5463867188e+02 2.9987133346e-12 1.0117547530e-12 1.9869585816e-12
2.5469970703e+02 2.9941666481e-12 1.0101247171e-12 1.9840419311e-12
2.5476074219e+02 2.9884464813e-12 1.0076294626e-12 1.9808170188e-12
2.5482177734e+02 2.9837412264e-12 1.0054520371e-12 1.9782891893e-12
2.5488281250e+02 2.9816680666e-12 1.0040893919e-12 1.9775786747e-12
2.5494384766e+02 2.9813012252e-12 1.0029136402e-12 1.9783875850e-12
2.5500488281e+02 2.9805629980e-12 1.0014418099e-12 1.9791211881e-12
2.5506591797e+02 2.9791902241e-12 1.0003530251e-12 1.9788371990e-12
2.5512695312e+02 2.9792600679e-12 1.0008190640e-12 1.9784410039e-12
2.5518798828e+02 2.9824019558e-12 1.0031161146e-12 1.9792858412e-12
2.5524902344e+02 2.9877380133e-12 1.0061916445e-12 1.9815463687e-12
2.5531005859e+02 2.9931157228e-12 1.0085669628e-12 1.9845487600e-12
2.5537109375e+02 2.9964654579e-12 1.0093784828e-12 1.9870869751e-12
2.5543212891e+02 2.9961770201e-12 1.0086899563e-12 1.9874870638e-12
2.5549316406e+02 2.9926502804e-12 1.0072976682e-12 1.9853526122e-12
2.5555419922e+02 2.9886832465e-12 1.0061313696e-12 1.9825518768e-12
2.5561523438e+02 2.9869869061e-12 1.0057328829e-12 1.9812540231e-12
2.5567626953e+02 2.9881852706e-12 1.0062984471e-12 1.9818868235e-12
2.5573730469e+02 2.9904752757e-12 1.0074116393e-12 1.9830636365e-12
2.5579833984e+02 2.9903719017e-12 1.0076215868e-12 1.9827503149e-12
2.5585937500e+02 2.9857854898e-12 1.0057040843e-12 1.9800814056e-12
2.5592041016e+02 2.9792956534e-12 1.0026524164e-12 1.9766432370e-12
2.5598144531e+02 2.9763156039e-12 1.0010290902e-12 1.9752865137e-12
2.5604248047e+02 2.9791495451e-12 1.0020573555e-12 1.9770921896e-12
2.5610351562e+02 2.9843652133e-12 1.0044586430e-12 1.9799065703e-12
2.5616455078e+02 2.9865291123e-12 1.0061987700e-12 1.9803303423e-12
2.5622558594e+02 2.9834052623e-12 1.0062778581e-12 1.9771274042e-12
2.5628662109e+02 2.9768382664e-12 1.0047488722e-12 1.9720893942e-12
2.5634765625e+02 2.9698210378e-12 1.0021616865e-12 1.9676593513e-12
2.5640869141e+02 2.9643850421e-12 9.9938801896e-13 1.9649970232e-12
2.5646972656e+02 2.9614329316e-12 9.9726003796e-13 1.9641728937e-12
2.5653076172e+02 2.9605959675e-12 9.9606464150e-13 1.9645313260e-12
2.5659179688e+02 2.9603290282e-12 9.9560129754e-13 1.9647277306e-12
2.5665283203e+02 2.9589991481e-12 9.9547814690e-13 1.9635210012e-12
2.5671386719e+02 2.9554404279e-12 9.9493842809e-13 1.9605019999e-12
2.5677490234e+02 2.9488147106e-12 9.9299450362e-13 1.9558202069e-12
2.5683593750e+02 2.9398561308e-12 9.8965656970e-13 1.9501995611e-12
2.5689697266e+02 2.9317537171e-12 9.8646310539e-13 1.9452906117e-12
2.5695800781e+02 2.9272068546e-12 9.8475577153e-13 1.9424510830e-12
2.5701904297e+02 2.9254231387e-12 9.8407191072e-13 1.9413512280e-12
2.5708007812e+02 2.9242605608e-12 9.8319395298e-13 1.9410666078e-12
2.5714111328e+02 2.9234189704e-12 9.8196373651e-13 1.9414552339e-12
2.5720214844e+02 2.9233812171e-12 9.8105964764e-13 1.9423215695e-12
2.5726318359e+02 2.9232695278e-12 9.8070746270e-13 1.9425620651e-12
2.5732421875e+02 2.9216870808e-12 9.8052931231e-13 1.9411577685e-12
2.5738525391e+02 2.9187505172e-12 9.8017309245e-13 1.9385774248e-12
2.5744628906e+02 2.9165761449e-12 9.7961950362e-13 1.9369566412e-12
2.5750732422e+02 2.9175560548e-12 9.7916819787e-13 1.9383878570e-12
2.5756835938e+02 2.9211469358e-12 9.7897490033e-13 1.9421720355e-12
2.5762939453e+02 2.9231208634e-12 9.7859152932e-13 1.9445293341e-12
2.5769042969e+02 2.9200407225e-12 9.7761979159e-13 1.9424209309e-12
2.5775146484e+02 2.9133705715e-12 9.7651590898e-13 1.9368546626e-12
2.5781250000e+02 2.9071085497e-12 9.7591027976e-13 1.9311982699e-12
2.5787353516e+02 2.9028754467e-12 9.7554912723e-13 1.9273263194e-12
2.5793457031e+02 2.8993315230e-12 9.7460925611e-13 1.9247222669e-12
2.5799560547e+02 2.8955633403e-12 9.7281318307e-13 1.9227501572e-12
2.5805664062e+02 2.8929794795e-12 9.7073529730e-13 1.9222441822e-12
2.5811767578e+02 2.8928323518e-12 9.6900149449e-13 1.9238308573e-12
2.5817871094e+02 2.8934432490e-12 9.6767594956e-13 1.9257672994e-12
2.5823974609e+02 2.8919610533e-12 9.6659816151e-13 1.9253628918e-12
2.5830078125e+02 2.8880056791e-12 9.6587793585e-13 1.9221277433e-12
2.5836181641e+02 2.8840355700e-12 9.6594323600e-13 1.9180923340e-12
2.5842285156e+02 2.8822760275e-12 9.6709326401e-13 1.9151827635e-12
2.5848388672e+02 2.8821081115e-12 9.6880115051e-13 1.9133069610e-12
2.5854492188e+02 2.8813965344e-12 9.6999628712e-13 1.9114002473e-12
2.5860595703e+02 2.8797010291e-12 9.7029970927e-13 1.9094013198e-12
2.5866699219e+02 2.8781165601e-12 9.7008561080e-13 1.9080309494e-12
2.5872802734e+02 2.8764534447e-12 9.6941713294e-13 1.9070363118e-12
2.5878906250e+02 2.8729280669e-12 9.6803179562e-13 1.9048962713e-12
2.5885009766e+02 2.8665540524e-12 9.6602696721e-13 1.9005270852e-12
2.5891113281e+02 2.8584021030e-12 9.6369593600e-13 1.8947061670e-12
2.5897216797e+02 2.8510076152e-12 9.6132631960e-13 1.8896812956e-12
2.5903320312e+02 2.8472971739e-12 9.5964623126e-13 1.8876509426e-12
2.5909423828e+02 2.8487226426e-12 9.5944864952e-13 1.8892739931e-12
2.5915527344e+02 2.8534960657e-12 9.6035010721e-13 1.8931459585e-12
2.5921630859e+02 2.8579728977e-12 9.6099329164e-13 1.8969796061e-12
2.5927734375e+02 2.8600085028e-12 9.6073115167e-13 1.8992773511e-12
2.5933837891e+02 2.8595013049e-12 9.6011254654e-13 1.8993887584e-12
2.5939941406e+02 2.8565851015e-12 9.5970830012e-13 1.8968768014e-12
2.5946044922e+02 2.8515841700e-12 9.5943570826e-13 1.8921484617e-12
2.5952148438e+02 2.8463178495e-12 9.5905895457e-13 1.8872588950e-12
2.5958251953e+02 2.8436156720e-12 9.5865187936e-13 1.8849637927e-12
2.5964355469e+02 2.8447582956e-12 9.5836924250e-13 1.8863890531e-12
2.5970458984e+02 2.8475572433e-12 9.5795076172e-13 1.8896064816e-12
2.5976562500e+02 2.8479272247e-12 9.5677436800e-13 1.8911528567e-12
2.5982666016e+02 2.8437936516e-12 9.5453486309e-13 1.8892587885e-12
2.5988769531e+02 2.8366487964e-12 9.5162482401e-13 1.8850239724e-12
2.5994873047e+02 2.8292478528e-12 9.4880417441e-13 1.8804436784e-12
2.6000976562e+02 2.8227785565e-12 9.4659999481e-13 1.8761785617e-12
2.6007080078e+02 2.8164652381e-12 9.4495544012e-13 1.8715097980e-12
2.6013183594e+02 2.8092201946e-12 9.4343244912e-13 1.8657877454e-12
2.6019287109e+02 2.8014159748e-12 9.4177956057e-13 1.8596364142e-12
2.6025390625e+02 2.7951575313e-12 9.4026889472e-13 1.8548886366e-12
2.6031494141e+02 2.7925044795e-12 9.3938033351e-13 1.8531241460e-12
2.6037597656e+02 2.7932451907e-12 9.3910017688e-13 1.8541450138e-12
2.6043701172e+02 2.7946636102e-12 9.3862481510e-13 1.8560387951e-12
2.6049804688e+02 2.7938503678e-12 9.3697629797e-13 1.8568740699e-12
2.6055908203e+02 2.7905396774e-12 9.3417560844e-13 1.8563640690e-12
2.6062011719e+02 2.7873349122e-12 9.3163158966e-13 1.8557033225e-12
2.6068115234e+02 2.7868318243e-12 9.3090551776e-13 1.8559263065e-12
2.6074218750e+02 2.7890742415e-12 9.3227781552e-13 1.8567964260e-12
2.6080322266e+02 2.7920194308e-12 9.3479483248e-13 1.8572245983e-12
2.6086425781e+02 2.7935817473e-12 9.3714922717e-13 1.8564325201e-12
2.6092529297e+02 2.7928735591e-12 9.3830690802e-13 1.8545666511e-12
2.6098632812e+02 2.7904064544e-12 9.3798466750e-13 1.8524217869e-12
2.6104736328e+02 2.7874632422e-12 9.3676170006e-13 1.8507015421e-12
2.6110839844e+02 2.7848217238e-12 9.3543900806e-13 1.8493827158e-12
2.6116943359e+02 2.7819546560e-12 9.3429152863e-13 1.8476631273e-12
2.6123046875e+02 2.7777062378e-12 9.3309297269e-13 1.8446132651e-12
2.6129150391e+02 2.7719708313e-12 9.3174505027e-13 1.8402257810e-12
2.6135253906e+02 2.7662492426e-12 9.3052410272e-13 1.8357251398e-12
2.6141357422e+02 2.7621131391e-12 9.2970789240e-13 1.8324052467e-12
2.6147460938e+02 2.7597263203e-12 9.2925373157e-13 1.8304725887e-12
2.6153564453e+02 2.7583795641e-12 9.2886711892e-13 1.8295124452e-12
2.6159667969e+02 2.7576306410e-12 9.2818362971e-13 1.8294470113e-12
2.6165771484e+02 2.7568249819e-12 9.2676733390e-13 1.8300576480e-12
2.6171875000e+02 2.7542126794e-12 9.2426504207e-13 1.8299476373e-12
2.6177978516e+02 2.7483309750e-12 9.2100921625e-13 1.8273217588e-12
2.6184082031e+02 2.7404953774e-12 9.1820432099e-13 1.8222910564e-12
2.6190185547e+02 2.7344360019e-12 9.1698829745e-13 1.8174477044e-12
2.6196289062e+02 2.7327036621e-12 9.1738670448e-13 1.8153169577e-12
2.6202392578e+02 2.7343810136e-12 9.1851092303e-13 1.8158700905e-12
2.6208496094e+02 2.7366797395e-12 9.1954859319e-13 1.8171311464e-12
2.6214599609e+02 2.7374022694e-12 9.2002117508e-13 1.8173810943e-12
2.6220703125e+02 2.7355527795e-12 9.1942805848e-13 1.8161247210e-12
2.6226806641e+02 2.7312641890e-12 9.1756717436e-13 1.8136970146e-12
2.6232910156e+02 2.7259182923e-12 9.1503982527e-13 1.8108784670e-12
2.6239013672e+02 2.7212316130e-12 9.1268405615e-13 1.8085475568e-12
2.6245117188e+02 2.7174497918e-12 9.1069415988e-13 1.8067556320e-12
2.6251220703e+02 2.7133933888e-12 9.0881113643e-13 1.8045822524e-12
2.6257324219e+02 2.7086684444e-12 9.0705397681e-13 1.8016144676e-12
2.6263427734e+02 2.7042244319e-12 9.0574268959e-13 1.7984817423e-12
2.6269531250e+02 2.7004777320e-12 9.0499778372e-13 1.7954799483e-12
2.6275634766e+02 2.6970327138e-12 9.0461433515e-13 1.7924183786e-12
2.6281738281e+02 2.6943540296e-12 9.0436053024e-13 1.7899934994e-12
2.6287841797e+02 2.6934657968e-12 9.0420358009e-13 1.7892622167e-12
2.6293945312e+02 2.6942475793e-12 9.0433842840e-13 1.7899091509e-12
2.6300048828e+02 2.6955882989e-12 9.0502847860e-13 1.7905598203e-12
2.6306152344e+02 2.6964244541e-12 9.0627267484e-13 1.7901517793e-12
2.6312255859e+02 2.6958940414e-12 9.0761485611e-13 1.7882791852e-12
2.6318359375e+02 2.6935280769e-12 9.0830228536e-13 1.7852257915e-12
2.6324462891e+02 2.6897140481e-12 9.0763253651e-13 1.7820815116e-12
2.6330566406e+02 2.6854669130e-12 9.0538154080e-13 1.7800853722e-12
2.6336669922e+02 2.6819917546e-12 9.0227321890e-13 1.7797185357e-12
2.6342773438e+02 2.6805701403e-12 8.9984819216e-13 1.7807219481e-12
2.6348876953e+02 2.6818533111e-12 8.9923623930e-13 1.7826170718e-12
2.6354980469e+02 2.6848514696e-12 9.0010962749e-13 1.7847418421e-12
2.6361083984e+02 2.6873831066e-12 9.0126445496e-13 1.7861186517e-12
2.6367187500e+02 2.6879515891e-12 9.0189079949e-13 1.7860607896e-12
2.6373291016e+02 2.6867594348e-12 9.0181285576e-13 1.7849465790e-12
2.6379394531e+02 2.6845989734e-12 9.0096074120e-13 1.7836382322e-12
2.6385498047e+02 2.6813961563e-12 8.9927593971e-13 1.7821202166e-12
2.6391601562e+02 2.6762589546e-12 8.9694022106e-13 1.7793187336e-12
2.6397705078e+02 2.6685425392e-12 8.9430180955e-13 1.7742407297e-12
2.6403808594e+02 2.6588600687e-12 8.9170715570e-13 1.7671529130e-12
2.6409912109e+02 2.6492163922e-12 8.8951419225e-13 1.7597021999e-12
2.6416015625e+02 2.6419929464e-12 8.8813377132e-13 1.7538591750e-12
2.6422119141e+02 2.6385914022e-12 8.8795729635e-13 1.7506341059e-12
2.6428222656e+02 2.6386171522e-12 8.8908687786e-13 1.7495302744e-12
2.6434326172e+02 2.6403160586e-12 8.9105066117e-13 1.7492653975e-12
2.6440429688e+02 2.6420672288e-12 8.9301314166e-13 1.7490540872e-12
2.6446533203e+02 2.6430446024e-12 8.9434661974e-13 1.7486979826e-12
2.6452636719e+02 2.6428119163e-12 8.9479265564e-13 1.7480192606e-12
2.6458740234e+02 2.6418774163e-12 8.9434776429e-13 1.7475296520e-12
2.6464843750e+02 2.6421566573e-12 8.9339172783e-13 1.7487649294e-12
2.6470947266e+02 2.6447449647e-12 8.9251077929e-13 1.7522341854e-12
2.6477050781e+02 2.6478938732e-12 8.9190480839e-13 1.7559890648e-12
2.6483154297e+02 2.6489201937e-12 8.9126600833e-13 1.7576541854e-12
2.6489257812e+02 2.6468328907e-12 8.9013456756e-13 1.7566983232e-12
2.6495361328e+02 2.6421999257e-12 8.8828221033e-13 1.7539177154e-12
2.6501464844e+02 2.6361528148e-12 8.8599593723e-13 1.7501568776e-12
2.6507568359e+02 2.6299757255e-12 8.8386311112e-13 1.7461126144e-12
2.6513671875e+02 2.6248542592e-12 8.8230964565e-13 1.7425446135e-12
2.6519775391e+02 2.6219231682e-12 8.8157086178e-13 1.7403523064e-12
2.6525878906e+02 2.6216238930e-12 8.8163372117e-13 1.7399901718e-12
2.6531982422e+02 2.6223791702e-12 8.8190310899e-13 1.7404760612e-12
2.6538085938e+02 2.6215099391e-12 8.8146317288e-13 1.7400467663e-12
2.6544189453e+02 2.6178967751e-12 8.7989631439e-13 1.7380004607e-12
2.6550292969e+02 2.6123569276e-12 8.7763380262e-13 1.7347231250e-12
2.6556396484e+02 2.6060134805e-12 8.7554509179e-13 1.7304683887e-12
2.6562500000e+02 2.5999559824e-12 8.7429273894e-13 1.7256632435e-12
2.6568603516e+02 2.5959062162e-12 8.7404256743e-13 1.7218636488e-12
2.6574707031e+02 2.5950555878e-12 8.7444015265e-13 1.7206154351e-12
2.6580810547e+02 2.5959240942e-12 8.7461249476e-13 1.7213115994e-12
2.6586914062e+02 2.5952820655e-12 8.7373883816e-13 1.7215432274e-12
2.6593017578e+02 2.5916479569e-12 8.7197272291e-13 1.7196752340e-12
2.6599121094e+02 2.5863999560e-12 8.7029967741e-13 1.7161002786e-12
2.6605224609e+02 2.5813365757e-12 8.6927692825e-13 1.7120596474e-12
2.6611328125e+02 2.5766800507e-12 8.6842425573e-13 1.7082557950e-12
2.6617431641e+02 2.5721130888e-12 8.6716992964e-13 1.7049431592e-12
2.6623535156e+02 2.5683185391e-12 8.6581510013e-13 1.7025034390e-12
2.6629638672e+02 2.5662453383e-12 8.6505308302e-13 1.7011922553e-12
2.6635742188e+02 2.5661805255e-12 8.6516427963e-13 1.7010162458e-12
2.6641845703e+02 2.5679935030e-12 8.6595644707e-13 1.7020370560e-12
2.6647949219e+02 2.5704705823e-12 8.6678162526e-13 1.7036889570e-12
2.6654052734e+02 2.5711931554e-12 8.6677093170e-13 1.7044222238e-12
2.6660156250e+02 2.5689919596e-12 8.6561432848e-13 1.7033776311e-12
2.6666259766e+02 2.5652463961e-12 8.6380466715e-13 1.7014417290e-12
2.6672363281e+02 2.5619432845e-12 8.6207507629e-13 1.6998682082e-12
2.6678466797e+02 2.5599208900e-12 8.6090723974e-13 1.6990136503e-12
2.6684570312e+02 2.5590818771e-12 8.6039143367e-13 1.6986904434e-12
2.6690673828e+02 2.5590556597e-12 8.6030134257e-13 1.6987543172e-12
2.6696777344e+02 2.5591268525e-12 8.6026226395e-13 1.6988645885e-12
2.6702880859e+02 2.5579643844e-12 8.5988591590e-13 1.6980784685e-12
2.6708984375e+02 2.5542484124e-12 8.5885808155e-13 1.6953903308e-12
2.6715087891e+02 2.5478260641e-12 8.5709628540e-13 1.6907297787e-12
2.6721191406e+02 2.5400929596e-12 8.5498530689e-13 1.6851076527e-12
2.6727294922e+02 2.5328380832e-12 8.5315257437e-13 1.6796855088e-12
2.6733398438e+02 2.5265484626e-12 8.5171994851e-13 1.6748285141e-12
2.6739501953e+02 2.5207254605e-12 8.5020328627e-13 1.6705221742e-12
2.6745605469e+02 2.5159511624e-12 8.4838556990e-13 1.6675655925e-12
2.6751708984e+02 2.5143224635e-12 8.4693125491e-13 1.6673912086e-12
2.6757812500e+02 2.5172686143e-12 8.4687163525e-13 1.6703969790e-12
2.6763916016e+02 2.5232040336e-12 8.4834414638e-13 1.6748598872e-12
2.6770019531e+02 2.5280850401e-12 8.5014960020e-13 1.6779354399e-12
2.6776123047e+02 2.5291028461e-12 8.5101784382e-13 1.6780850023e-12
2.6782226562e+02 2.5273296874e-12 8.5084954641e-13 1.6764801409e-12
2.6788330078e+02 2.5259973665e-12 8.5032758126e-13 1.6756697852e-12
2.6794433594e+02 2.5268406242e-12 8.4996857660e-13 1.6768720476e-12
2.6800537109e+02 2.5289873456e-12 8.4990744486e-13 1.6790799008e-12
2.6806640625e+02 2.5309004404e-12 8.5006062872e-13 1.6808398117e-12
2.6812744141e+02 2.5320595777e-12 8.5020902885e-13 1.6818505489e-12
2.6818847656e+02 2.5324916175e-12 8.5017912391e-13 1.6823124936e-12
2.6824951172e+02 2.5320154581e-12 8.5007975439e-13 1.6819357037e-12
2.6831054688e+02 2.5305178518e-12 8.5025201570e-13 1.6802658361e-12
2.6837158203e+02 2.5279569983e-12 8.5086161248e-13 1.6770953858e-12
2.6843261719e+02 2.5240411837e-12 8.5160045195e-13 1.6724407318e-12
2.6849365234e+02 2.5185637976e-12 8.5180880850e-13 1.6667549891e-12
2.6855468750e+02 2.5119513887e-12 8.5081676581e-13 1.6611346228e-12
2.6861572266e+02 2.5057584208e-12 8.4852350981e-13 1.6572349110e-12
2.6867675781e+02 2.5023936351e-12 8.4585566911e-13 1.6565379660e-12
2.6873779297e+02 2.5029414968e-12 8.4413354105e-13 1.6588079558e-12
2.6879882812e+02 2.5055054475e-12 8.4379289905e-13 1.6617125485e-12
2.6885986328e+02 2.5070995009e-12 8.4413342630e-13 1.6629660746e-12
2.6892089844e+02 2.5067291125e-12 8.4429999409e-13 1.6624291184e-12
2.6898193359e+02 2.5054444400e-12 8.4400360184e-13 1.6614408381e-12
2.6904296875e+02 2.5038496994e-12 8.4319507940e-13 1.6606546200e-12
2.6910400391e+02 2.5012036775e-12 8.4172110918e-13 1.6594825684e-12
2.6916503906e+02 2.4973276610e-12 8.3980269733e-13 1.6575249637e-12
2.6922607422e+02 2.4934035804e-12 8.3819237553e-13 1.6552112048e-12
2.6928710938e+02 2.4898962531e-12 8.3725234493e-13 1.6526439082e-12
2.6934814453e+02 2.4857995747e-12 8.3656164036e-13 1.6492379343e-12
2.6940917969e+02 2.4807389871e-12 8.3568837916e-13 1.6450506079e-12
2.6947021484e+02 2.4759077582e-12 8.3459329373e-13 1.6413144644e-12
2.6953125000e+02 2.4725171014e-12 8.3337922763e-13 1.6391378738e-12
2.6959228516e+02 2.4703147977e-12 8.3220881832e-13 1.6381059794e-12
2.6965332031e+02 2.4680320709e-12 8.3136563406e-13 1.6366664368e-12
2.6971435547e+02 2.4653285824e-12 8.3117087505e-13 1.6341577074e-12
2.6977539062e+02 2.4633913072e-12 8.3170297311e-13 1.6316883341e-12
2.6983642578e+02 2.4629488171e-12 8.3255938263e-13 1.6303894344e-12
2.6989746094e+02 2.4629764119e-12 8.3308106943e-13 1.6298953425e-12
2.6995849609e+02 2.4623318388e-12 8.3292133181e-13 1.6294105070e-12
2.7001953125e+02 2.4614516415e-12 8.3229103329e-13 1.6291606082e-12
2.7008056641e+02 2.4614120631e-12 8.3162460329e-13 1.6297874598e-12
2.7014160156e+02 2.4621581414e-12 8.3113904789e-13 1.6310190935e-12
2.7020263672e+02 2.4625476921e-12 8.3076081594e-13 1.6317868762e-12
2.7026367188e+02 2.4621730288e-12 8.3050723684e-13 1.6316657919e-12
2.7032470703e+02 2.4625766032e-12 8.3086030765e-13 1.6317162955e-12
2.7038574219e+02 2.4653654337e-12 8.3223992285e-13 1.6331255108e-12
2.7044677734e+02 2.4692923451e-12 8.3406137791e-13 1.6352309672e-12
2.7050781250e+02 2.4712225394e-12 8.3509460679e-13 1.6361279326e-12
2.7056884766e+02 2.4699754451e-12 8.3479296665e-13 1.6351824785e-12
2.7062988281e+02 2.4671491492e-12 8.3354887197e-13 1.6336002773e-12
2.7069091797e+02 2.4641283024e-12 8.3173214417e-13 1.6323961582e-12
2.7075195312e+02 2.4606522355e-12 8.2933483337e-13 1.6313174021e-12
2.7081298828e+02 2.4566150586e-12 8.2667511364e-13 1.6299399449e-12
2.7087402344e+02 2.4528603175e-12 8.2462833275e-13 1.6282319847e-12
2.7093505859e+02 2.4498230335e-12 8.2379694640e-13 1.6260260871e-12
2.7099609375e+02 2.4470934238e-12 8.2385121983e-13 1.6232422040e-12
2.7105712891e+02 2.4444502826e-12 8.2392515467e-13 1.6205251279e-12
2.7111816406e+02 2.4423563649e-12 8.2347116181e-13 1.6188852031e-12
2.7117919922e+02 2.4414631340e-12 8.2260064981e-13 1.6188624842e-12
2.7124023438e+02 2.4419944505e-12 8.2176403081e-13 1.6202304197e-12
2.7130126953e+02 2.4434045697e-12 8.2133362878e-13 1.6220709409e-12
2.7136230469e+02 2.4446106012e-12 8.2143218971e-13 1.6231784114e-12
2.7142333984e+02 2.4449545436e-12 8.2191136797e-13 1.6230431756e-12
2.7148437500e+02 2.4448596752e-12 8.2246413001e-13 1.6223955452e-12
2.7154541016e+02 2.4451314285e-12 8.2285463959e-13 1.6222767889e-12
2.7160644531e+02 2.4456747663e-12 8.2296682637e-13 1.6227079400e-12
2.7166748047e+02 2.4450757830e-12 8.2256453669e-13 1.6225112463e-12
2.7172851562e+02 2.4415756957e-12 8.2132499151e-13 1.6202507042e-12
2.7178955078e+02 2.4349462822e-12 8.1935632931e-13 1.6155899529e-12
2.7185058594e+02 2.4276385926e-12 8.1740041992e-13 1.6102381727e-12
2.7191162109e+02 2.4233988871e-12 8.1640739525e-13 1.6069914919e-12
2.7197265625e+02 2.4240739007e-12 8.1691880712e-13 1.6071550936e-12
2.7203369141e+02 2.4277847841e-12 8.1844475343e-13 1.6093400306e-12
2.7209472656e+02 2.4301137276e-12 8.1940941439e-13 1.6107043132e-12
2.7215576172e+02 2.4274555823e-12 8.1844237324e-13 1.6090132091e-12
2.7221679688e+02 2.4206199848e-12 8.1598208622e-13 1.6046378985e-12
2.7227783203e+02 2.4147891542e-12 8.1391895911e-13 1.6008701951e-12
2.7233886719e+02 2.4140682700e-12 8.1341617626e-13 1.6006520938e-12
2.7239990234e+02 2.4166485827e-12 8.1379257749e-13 1.6028560052e-12
2.7246093750e+02 2.4169731261e-12 8.1367787770e-13 1.6032952484e-12
2.7252197266e+02 2.4120588376e-12 8.1260812872e-13 1.5994507089e-12
2.7258300781e+02 2.4043361076e-12 8.1134568560e-13 1.5929904220e-12
2.7264404297e+02 2.3985181145e-12 8.1093381609e-13 1.5875842984e-12
2.7270507812e+02 2.3970405430e-12 8.1159729269e-13 1.5854432503e-12
2.7276611328e+02 2.3990251584e-12 8.1265255417e-13 1.5863726042e-12
2.7282714844e+02 2.4024544815e-12 8.1331015993e-13 1.5891443215e-12
2.7288818359e+02 2.4058560489e-12 8.1312967043e-13 1.5927263785e-12
2.7294921875e+02 2.4079665849e-12 8.1182360710e-13 1.5961429778e-12
2.7301025391e+02 2.4073558852e-12 8.0929372218e-13 1.5980621630e-12
2.7307128906e+02 2.4035864629e-12 8.0609404410e-13 1.5974924188e-12
2.7313232422e+02 2.3983597976e-12 8.0344446194e-13 1.5949153357e-12
2.7319335938e+02 2.3943107872e-12 8.0229636593e-13 1.5920144213e-12
2.7325439453e+02 2.3924271883e-12 8.0243250719e-13 1.5899946811e-12
2.7331542969e+02 2.3917026662e-12 8.0287335830e-13 1.5888293079e-12
2.7337646484e+02 2.3912131343e-12 8.0300177784e-13 1.5882113565e-12
2.7343750000e+02 2.3909229098e-12 8.0292442666e-13 1.5879984831e-12
2.7349853516e+02 2.3906192198e-12 8.0304169086e-13 1.5875775289e-12
2.7355957031e+02 2.3897124249e-12 8.0360653770e-13 1.5861058872e-12
2.7362060547e+02 2.3882804873e-12 8.0454067431e-13 1.5837398130e-12
2.7368164062e+02 2.3873173055e-12 8.0548497707e-13 1.5818323284e-12
2.7374267578e+02 2.3874468941e-12 8.0599740101e-13 1.5814494931e-12
2.7380371094e+02 2.3877638239e-12 8.0576288488e-13 1.5820009391e-12
2.7386474609e+02 2.3865384535e-12 8.0470134821e-13 1.5818371053e-12
2.7392578125e+02 2.3832885854e-12 8.0305120855e-13 1.5802373769e-12
2.7398681641e+02 2.3797720772e-12 8.0144436959e-13 1.5783277077e-12
2.7404785156e+02 2.3781982697e-12 8.0055482162e-13 1.5776434481e-12
2.7410888672e+02 2.3785474574e-12 8.0044690085e-13 1.5781005566e-12
2.7416992188e+02 2.3785310934e-12 8.0055770502e-13 1.5779733884e-12
2.7423095703e+02 2.3761872129e-12 8.0032706094e-13 1.5758601519e-12
2.7429199219e+02 2.3717229849e-12 7.9949921141e-13 1.5722237735e-12
2.7435302734e+02 2.3668552004e-12 7.9807384658e-13 1.5687813539e-12
2.7441406250e+02 2.3634599058e-12 7.9654385726e-13 1.5669160486e-12
2.7447509766e+02 2.3632375487e-12 7.9589196191e-13 1.5673455868e-12
2.7453613281e+02 2.3669525240e-12 7.9660779733e-13 1.5703447267e-12
2.7459716797e+02 2.3726524966e-12 7.9780655967e-13 1.5748459370e-12
2.7465820312e+02 2.3762835281e-12 7.9802583165e-13 1.5782576964e-12
2.7471923828e+02 2.3754702945e-12 7.9681848203e-13 1.5786518125e-12
2.7478027344e+02 2.3715494376e-12 7.9495719679e-13 1.5765922408e-12
2.7484130859e+02 2.3675460515e-12 7.9339623694e-13 1.5741498146e-12
2.7490234375e+02 2.3653711935e-12 7.9265388345e-13 1.5727173100e-12
2.7496337891e+02 2.3652156351e-12 7.9287413300e-13 1.5723415021e-12
2.7502441406e+02 2.3665851969e-12 7.9390569840e-13 1.5726794985e-12
2.7508544922e+02 2.3687198975e-12 7.9524572805e-13 1.5734741694e-12
2.7514648438e+02 2.3698182549e-12 7.9597193621e-13 1.5738463187e-12
2.7520751953e+02 2.3672359118e-12 7.9498679646e-13 1.5722491153e-12
2.7526855469e+02 2.3598816034e-12 7.9191780000e-13 1.5679638034e-12
2.7532958984e+02 2.3500422032e-12 7.8782012363e-13 1.5622220796e-12
2.7539062500e+02 2.3417148343e-12 7.8436784399e-13 1.5573469904e-12
2.7545166016e+02 2.3369862787e-12 7.8229193075e-13 1.5546943480e-12
2.7551269531e+02 2.3348531262e-12 7.8114723183e-13 1.5537058944e-12
2.7557373047e+02 2.3338054218e-12 7.8051748372e-13 1.5532879381e-12
2.7563476562e+02 2.3339480013e-12 7.8067714762e-13 1.5532708537e-12
2.7569580078e+02 2.3358180555e-12 7.8187048700e-13 1.5539475685e-12
2.7575683594e+02 2.3387540947e-12 7.8358476284e-13 1.5551693319e-12
2.7581787109e+02 2.3409982124e-12 7.8484779437e-13 1.5561504180e-12
2.7587890625e+02 2.3404512431e-12 7.8492533905e-13 1.5555259040e-12
2.7593994141e+02 2.3360933647e-12 7.8379397282e-13 1.5522993918e-12
2.7600097656e+02 2.3299542055e-12 7.8234168623e-13 1.5476125192e-12
2.7606201172e+02 2.3261802675e-12 7.8179548359e-13 1.5443847839e-12
2.7612304688e+02 2.3266480047e-12 7.8248083761e-13 1.5441671671e-12
2.7618408203e+02 2.3290541905e-12 7.8349694971e-13 1.5455572408e-12
2.7624511719e+02 2.3302321599e-12 7.8386411866e-13 1.5463680412e-12
2.7630615234e+02 2.3294704048e-12 7.8353447234e-13 1.5459359325e-12
2.7636718750e+02 2.3276162211e-12 7.8303931529e-13 1.5445769059e-12
2.7642822266e+02 2.3248966583e-12 7.8259737009e-13 1.5422992882e-12
2.7648925781e+02 2.3214796261e-12 7.8204141407e-13 1.5394382120e-12
2.7655029297e+02 2.3187849806e-12 7.8134200767e-13 1.5374429729e-12
2.7661132812e+02 2.3177530762e-12 7.8051223309e-13 1.5372408431e-12
2.7667236328e+02 2.3165629049e-12 7.7911100236e-13 1.5374519025e-12
2.7673339844e+02 2.3126185685e-12 7.7667885334e-13 1.5359397152e-12
2.7679443359e+02 2.3063432023e-12 7.7370261855e-13 1.5326405838e-12
2.7685546875e+02 2.3009283745e-12 7.7148593936e-13 1.5294424351e-12
2.7691650391e+02 2.2986778639e-12 7.7095722238e-13 1.5277206416e-12
2.7697753906e+02 2.2988832004e-12 7.7180278901e-13 1.5270804114e-12
2.7703857422e+02 2.2992362591e-12 7.7280548053e-13 1.5264307786e-12
2.7709960938e+02 2.2985730998e-12 7.7305828492e-13 1.5255148148e-12
2.7716064453e+02 2.2976482285e-12 7.7271894142e-13 1.5249292871e-12
2.7722167969e+02 2.2974755462e-12 7.7245155607e-13 1.5250239902e-12
2.7728271484e+02 2.2978757576e-12 7.7249193981e-13 1.5253838178e-12
2.7734375000e+02 2.2977166541e-12 7.7256847366e-13 1.5251481804e-12
2.7740478516e+02 2.2957112226e-12 7.7227042208e-13 1.5234408005e-12
2.7746582031e+02 2.2910114074e-12 7.7116828653e-13 1.5198431208e-12
2.7752685547e+02 2.2836932214e-12 7.6901137900e-13 1.5146818424e-12
2.7758789062e+02 2.2749674419e-12 7.6607445660e-13 1.5088929853e-12
2.7764892578e+02 2.2671415338e-12 7.6322780684e-13 1.5039137269e-12
2.7770996094e+02 2.2627195561e-12 7.6149428963e-13 1.5012252665e-12
2.7777099609e+02 2.2621266859e-12 7.6113613770e-13 1.5009905482e-12
2.7783203125e+02 2.2626026855e-12 7.6120138962e-13 1.5014012959e-12
2.7789306641e+02 2.2607766840e-12 7.6050256473e-13 1.5002741193e-12
2.7795410156e+02 2.2561821941e-12 7.5900827569e-13 1.4971739184e-12
2.7801513672e+02 2.2511642623e-12 7.5767513671e-13 1.4934891255e-12
2.7807617188e+02 2.2473907369e-12 7.5688575965e-13 1.4905049773e-12
2.7813720703e+02 2.2439010839e-12 7.5598342979e-13 1.4879176541e-12
2.7819824219e+02 2.2393850231e-12 7.5468931873e-13 1.4846957044e-12
2.7825927734e+02 2.2343928691e-12 7.5370332674e-13 1.4806895423e-12
2.7832031250e+02 2.2298335031e-12 7.5334847802e-13 1.4764850251e-12
2.7838134766e+02 2.2254826973e-12 7.5292161984e-13 1.4725610774e-12
2.7844238281e+02 2.2212202958e-12 7.5182015819e-13 1.4694001376e-12
2.7850341797e+02 2.2178374627e-12 7.5031000217e-13 1.4675274605e-12
2.7856445312e+02 2.2159466892e-12 7.4899641712e-13 1.4669502720e-12
2.7862548828e+02 2.2153247126e-12 7.4817662000e-13 1.4671480926e-12
2.7868652344e+02 2.2154689443e-12 7.4777310534e-13 1.4676958390e-12
2.7874755859e+02 2.2158234846e-12 7.4750943504e-13 1.4683140496e-12
2.7880859375e+02 2.2154821488e-12 7.4707891565e-13 1.4684032332e-12
2.7886962891e+02 2.2136078707e-12 7.4633506679e-13 1.4672728039e-12
2.7893066406e+02 2.2103415751e-12 7.4535713600e-13 1.4649844391e-12
2.7899169922e+02 2.2070603896e-12 7.4437519892e-13 1.4626851907e-12
2.7905273438e+02 2.2054959966e-12 7.4371385172e-13 1.4617821449e-12
2.7911376953e+02 2.2058999062e-12 7.4348537839e-13 1.4624145278e-12
2.7917480469e+02 2.2060795552e-12 7.4314159011e-13 1.4629379651e-12
2.7923583984e+02 2.2034031040e-12 7.4185684237e-13 1.4615462617e-12
2.7929687500e+02 2.1979469805e-12 7.3960733778e-13 1.4583396427e-12
2.7935791016e+02 2.1926378334e-12 7.3746682775e-13 1.4551710056e-12
2.7941894531e+02 2.1902916303e-12 7.3674370658e-13 1.4535479237e-12
2.7947998047e+02 2.1912843553e-12 7.3794292542e-13 1.4533414299e-12
2.7954101562e+02 2.1936976713e-12 7.4033385146e-13 1.4533638198e-12
2.7960205078e+02 2.1948348599e-12 7.4238268625e-13 1.4524521737e-12
2.7966308594e+02 2.1928538193e-12 7.4276908299e-13 1.4500847363e-12
2.7972412109e+02 2.1876963826e-12 7.4121354128e-13 1.4464828414e-12
2.7978515625e+02 2.1808594884e-12 7.3856406112e-13 1.4422954273e-12
2.7984619141e+02 2.1741193741e-12 7.3600397545e-13 1.4381153987e-12
2.7990722656e+02 2.1681821312e-12 7.3406257133e-13 1.4341195598e-12
2.7996826172e+02 2.1628833489e-12 7.3264139775e-13 1.4302419512e-12
2.8002929688e+02 2.1584586640e-12 7.3166814239e-13 1.4267905217e-12
2.8009033203e+02 2.1556983253e-12 7.3111285500e-13 1.4245854703e-12
2.8015136719e+02 2.1549378434e-12 7.3075549537e-13 1.4241823480e-12
2.8021240234e+02 2.1556526812e-12 7.3045045780e-13 1.4252022234e-12
2.8027343750e+02 2.1570452334e-12 7.3027293340e-13 1.4267723000e-12
2.8033447266e+02 2.1585489830e-12 7.3024388200e-13 1.4283051010e-12
2.8039550781e+02 2.1601354714e-12 7.3035501809e-13 1.4297804533e-12
2.8045654297e+02 2.1624900084e-12 7.3076066243e-13 1.4317293460e-12
2.8051757812e+02 2.1661023963e-12 7.3151860963e-13 1.4345837867e-12
2.8057861328e+02 2.1701986196e-12 7.3242850686e-13 1.4377701127e-12
2.8063964844e+02 2.1734059598e-12 7.3330767799e-13 1.4400982818e-12
2.8070068359e+02 2.1750416851e-12 7.3405429166e-13 1.4409873935e-12
2.8076171875e+02 2.1752904094e-12 7.3454924889e-13 1.4407411605e-12
2.8082275391e+02 2.1747912354e-12 7.3477549691e-13 1.4400157385e-12
2.8088378906e+02 2.1742714432e-12 7.3475093952e-13 1.4395205037e-12
2.8094482422e+02 2.1739460883e-12 7.3429624342e-13 1.4396498449e-12
2.8100585938e+02 2.1730653221e-12 7.3323445522e-13 1.4398308669e-12
2.8106689453e+02 2.1703795153e-12 7.3164882861e-13 1.4387306867e-12
2.8112792969e+02 2.1651668455e-12 7.2958189860e-13 1.4355849469e-12
2.8118896484e+02 2.1581620898e-12 7.2697611319e-13 1.4311859766e-12
2.8125000000e+02 2.1518296895e-12 7.2433182918e-13 1.4274978603e-12
2.8131103516e+02 2.1487667158e-12 7.2263111309e-13 1.4261356027e-12
2.8137207031e+02 2.1492170297e-12 7.2219055645e-13 1.4270264732e-12
2.8143310547e+02 2.1512585762e-12 7.2241541069e-13 1.4288431655e-12
2.8149414062e+02 2.1533216735e-12 7.2279822943e-13 1.4305234441e-12
2.8155517578e+02 2.1549199092e-12 7.2330750150e-13 1.4316124077e-12
2.8161621094e+02 2.1555512933e-12 7.2388017670e-13 1.4316711166e-12
2.8167724609e+02 2.1549994243e-12 7.2434979142e-13 1.4306496329e-12
2.8173828125e+02 2.1543885795e-12 7.2481742133e-13 1.4295711581e-12
2.8179931641e+02 2.1551166409e-12 7.2552567876e-13 1.4295909621e-12
2.8186035156e+02 2.1566813858e-12 7.2638777102e-13 1.4302936148e-12
2.8192138672e+02 2.1567952049e-12 7.2693231829e-13 1.4298628866e-12
2.8198242188e+02 2.1539528173e-12 7.2676813411e-13 1.4271846832e-12
2.8204345703e+02 2.1491123576e-12 7.2593363448e-13 1.4231787232e-12
2.8210449219e+02 2.1445125049e-12 7.2466710971e-13 1.4198453952e-12
2.8216552734e+02 2.1412719698e-12 7.2311208612e-13 1.4181598837e-12
2.8222656250e+02 2.1385209664e-12 7.2147823208e-13 1.4170427343e-12
2.8228759766e+02 2.1349218363e-12 7.2022102286e-13 1.4147008134e-12
2.8234863281e+02 2.1305612654e-12 7.1980354602e-13 1.4107577193e-12
2.8240966797e+02 2.1266901249e-12 7.2020089109e-13 1.4064892338e-12
2.8247070312e+02 2.1240450754e-12 7.2066312457e-13 1.4033819509e-12
2.8253173828e+02 2.1223413397e-12 7.2026547026e-13 1.4020758694e-12
2.8259277344e+02 2.1210225785e-12 7.1883028253e-13 1.4021922960e-12
2.8265380859e+02 2.1198466626e-12 7.1712958933e-13 1.4027170733e-12
2.8271484375e+02 2.1188505480e-12 7.1609327378e-13 1.4027572742e-12
2.8277587891e+02 2.1177864747e-12 7.1589673775e-13 1.4018897370e-12
2.8283691406e+02 2.1160999343e-12 7.1598403845e-13 1.4001158958e-12
2.8289794922e+02 2.1141473920e-12 7.1591605659e-13 1.3982313354e-12
2.8295898438e+02 2.1136740158e-12 7.1588364118e-13 1.3977903746e-12
2.8302001953e+02 2.1161196814e-12 7.1630834695e-13 1.3998113345e-12
2.8308105469e+02 2.1205410043e-12 7.1705847851e-13 1.4034825258e-12
2.8314208984e+02 2.1235777417e-12 7.1724792987e-13 1.4063298118e-12
2.8320312500e+02 2.1221959905e-12 7.1609645783e-13 1.4060995327e-12
2.8326416016e+02 2.1168603906e-12 7.1393309370e-13 1.4029272969e-12
2.8332519531e+02 2.1110729150e-12 7.1190017835e-13 1.3991727367e-12
2.8338623047e+02 2.1075021683e-12 7.1066065619e-13 1.3968415121e-12
2.8344726562e+02 2.1058439025e-12 7.0993485438e-13 1.3959090481e-12
2.8350830078e+02 2.1045615995e-12 7.0928474288e-13 1.3952768566e-12
2.8356933594e+02 2.1030720783e-12 7.0864463599e-13 1.3944274423e-12
2.8363037109e+02 2.1016882981e-12 7.0794371048e-13 1.3937445876e-12
2.8369140625e+02 2.1002604193e-12 7.0683474984e-13 1.3934256695e-12
2.8375244141e+02 2.0976447463e-12 7.0513359862e-13 1.3925111477e-12
2.8381347656e+02 2.0931981626e-12 7.0327121674e-13 1.3899269458e-12
2.8387451172e+02 2.0883971885e-12 7.0200824143e-13 1.3863889471e-12
2.8393554688e+02 2.0856904234e-12 7.0166063281e-13 1.3840297906e-12
2.8399658203e+02 2.0858605449e-12 7.0177634630e-13 1.3840841986e-12
2.8405761719e+02 2.0872522563e-12 7.0169657899e-13 1.3855556773e-12
2.8411865234e+02 2.0874277095e-12 7.0127997223e-13 1.3861477372e-12
2.8417968750e+02 2.0853235175e-12 7.0087615244e-13 1.3844473651e-12
2.8424072266e+02 2.0818670505e-12 7.0073929870e-13 1.3811277518e-12
2.8430175781e+02 2.0787983334e-12 7.0083882591e-13 1.3779595075e-12
2.8436279297e+02 2.0772977033e-12 7.0118769847e-13 1.3761100049e-12
2.8442382812e+02 2.0774994876e-12 7.0181944216e-13 1.3756800454e-12
2.8448486328e+02 2.0786308323e-12 7.0240660969e-13 1.3762242226e-12
2.8454589844e+02 2.0796824397e-12 7.0250015272e-13 1.3771822870e-12
2.8460693359e+02 2.0804006782e-12 7.0223442997e-13 1.3781662483e-12
2.8466796875e+02 2.0815268417e-12 7.0227802187e-13 1.3792488199e-12
2.8472900391e+02 2.0835195372e-12 7.0286295820e-13 1.3806565790e-12
2.8479003906e+02 2.0849973439e-12 7.0320392720e-13 1.3817934167e-12
2.8485107422e+02 2.0837482066e-12 7.0233400830e-13 1.3814141983e-12
2.8491210938e+02 2.0798628990e-12 7.0037337576e-13 1.3794895232e-12
2.8497314453e+02 2.0760838063e-12 6.9837626404e-13 1.3777075422e-12
2.8503417969e+02 2.0744716415e-12 6.9704354932e-13 1.3774280922e-12
2.8509521484e+02 2.0747019479e-12 6.9631794161e-13 1.3783840063e-12
2.8515625000e+02 2.0756265498e-12 6.9606356124e-13 1.3795629886e-12
2.8521728516e+02 2.0764542123e-12 6.9634432713e-13 1.3801098852e-12
2.8527832031e+02 2.0768108096e-12 6.9713078137e-13 1.3796800283e-12
2.8533935547e+02 2.0771798746e-12 6.9823708165e-13 1.3789427929e-12
2.8540039062e+02 2.0786330906e-12 6.9949644904e-13 1.3791366415e-12
2.8546142578e+02 2.0812732228e-12 7.0083348628e-13 1.3804397365e-12
2.8552246094e+02 2.0835834401e-12 7.0212136234e-13 1.3814620778e-12
2.8558349609e+02 2.0835291677e-12 7.0287978068e-13 1.3806493871e-12
2.8564453125e+02 2.0798912083e-12 7.0237660584e-13 1.3775146025e-12
2.8570556641e+02 2.0730476916e-12 7.0042565785e-13 1.3726220337e-12
2.8576660156e+02 2.0650379466e-12 6.9780622023e-13 1.3672317263e-12
2.8582763672e+02 2.0584610474e-12 6.9552995824e-13 1.3629310892e-12
2.8588867188e+02 2.0548330215e-12 6.9400417741e-13 1.3608288441e-12
2.8594970703e+02 2.0536962347e-12 6.9306773106e-13 1.3606285037e-12
2.8601074219e+02 2.0530773950e-12 6.9240613925e-13 1.3606712558e-12
2.8607177734e+02 2.0511044946e-12 6.9172406143e-13 1.3593804332e-12
2.8613281250e+02 2.0477396864e-12 6.9086560630e-13 1.3568740801e-12
2.8619384766e+02 2.0448742495e-12 6.8997846410e-13 1.3548957854e-12
2.8625488281e+02 2.0440282626e-12 6.8927096487e-13 1.3547572977e-12
2.8631591797e+02 2.0441973536e-12 6.8858808361e-13 1.3556092700e-12
2.8637695312e+02 2.0432605469e-12 6.8768527695e-13 1.3555752700e-12
2.8643798828e+02 2.0411274048e-12 6.8681209731e-13 1.3543153075e-12
2.8649902344e+02 2.0396005709e-12 6.8643297509e-13 1.3531675958e-12
2.8656005859e+02 2.0395386337e-12 6.8652732117e-13 1.3530113125e-12
2.8662109375e+02 2.0400903698e-12 6.8666225276e-13 1.3534281170e-12
2.8668212891e+02 2.0403242055e-12 6.8655005636e-13 1.3537741491e-12
2.8674316406e+02 2.0399844200e-12 6.8619778347e-13 1.3537866366e-12
2.8680419922e+02 2.0386963824e-12 6.8565753215e-13 1.3530388502e-12
2.8686523438e+02 2.0356428324e-12 6.8484450006e-13 1.3507983323e-12
2.8692626953e+02 2.0304635685e-12 6.8362080110e-13 1.3468427674e-12
2.8698730469e+02 2.0239771181e-12 6.8205759417e-13 1.3419195239e-12
2.8704833984e+02 2.0178149543e-12 6.8057639373e-13 1.3372385605e-12
2.8710937500e+02 2.0134519857e-12 6.7967718636e-13 1.3337747993e-12
2.8717041016e+02 2.0114087593e-12 6.7945491914e-13 1.3319538401e-12
2.8723144531e+02 2.0111534664e-12 6.7949366609e-13 1.3316598003e-12
2.8729248047e+02 2.0117227380e-12 6.7933189330e-13 1.3323908447e-12
2.8735351562e+02 2.0123469649e-12 6.7886393201e-13 1.3334830329e-12
2.8741455078e+02 2.0123181899e-12 6.7812178771e-13 1.3341964022e-12
2.8747558594e+02 2.0105729597e-12 6.7698262163e-13 1.3335903381e-12
2.8753662109e+02 2.0062763773e-12 6.7542212740e-13 1.3308542499e-12
2.8759765625e+02 2.0002492912e-12 6.7381259987e-13 1.3264366913e-12
2.8765869141e+02 1.9949418273e-12 6.7261262119e-13 1.3223292061e-12
2.8771972656e+02 1.9921401075e-12 6.7188416766e-13 1.3202559399e-12
2.8778076172e+02 1.9914931214e-12 6.7142225871e-13 1.3200708627e-12
2.8784179688e+02 1.9918512105e-12 6.7123535419e-13 1.3206158564e-12
2.8790283203e+02 1.9929026588e-12 6.7157505274e-13 1.3213276061e-12
2.8796386719e+02 1.9949870216e-12 6.7253350360e-13 1.3224535180e-12
2.8802490234e+02 1.9981604782e-12 6.7379205629e-13 1.3243684219e-12
2.8808593750e+02 2.0016613713e-12 6.7478412425e-13 1.3268772471e-12
2.8814697266e+02 2.0040688968e-12 6.7514705266e-13 1.3289218442e-12
2.8820800781e+02 2.0042422082e-12 6.7499488093e-13 1.3292473272e-12
2.8826904297e+02 2.0020097491e-12 6.7458387739e-13 1.3274258717e-12
2.8833007812e+02 1.9979775315e-12 6.7388042379e-13 1.3240971077e-12
2.8839111328e+02 1.9932447765e-12 6.7278511767e-13 1.3204596588e-12
2.8845214844e+02 1.9891092359e-12 6.7155428649e-13 1.3175549494e-12
2.8851318359e+02 1.9864861004e-12 6.7063900166e-13 1.3158470987e-12
2.8857421875e+02 1.9857315324e-12 6.7028505212e-13 1.3154464803e-12
2.8863525391e+02 1.9868285714e-12 6.7047352202e-13 1.3163550494e-12
2.8869628906e+02 1.9890027240e-12 6.7096788500e-13 1.3180348390e-12
2.8875732422e+02 1.9905826908e-12 6.7124983585e-13 1.3193328550e-12
2.8881835938e+02 1.9903321631e-12 6.7072756742e-13 1.3196045956e-12
2.8887939453e+02 1.9885250375e-12 6.6926702708e-13 1.3192580104e-12
2.8894042969e+02 1.9859530471e-12 6.6734467838e-13 1.3186083687e-12
2.8900146484e+02 1.9828495155e-12 6.6563534115e-13 1.3172141744e-12
2.8906250000e+02 1.9795172266e-12 6.6461863091e-13 1.3148985957e-12
2.8912353516e+02 1.9767010213e-12 6.6430006099e-13 1.3124009603e-12
2.8918457031e+02 1.9746834781e-12 6.6414953400e-13 1.3105339441e-12
2.8924560547e+02 1.9730125535e-12 6.6371466237e-13 1.3092978912e-12
2.8930664062e+02 1.9711750441e-12 6.6321633436e-13 1.3079587098e-12
2.8936767578e+02 1.9690506319e-12 6.6314835967e-13 1.3059022722e-12
2.8942871094e+02 1.9670919797e-12 6.6350359355e-13 1.3035883861e-12
2.8948974609e+02 1.9660628019e-12 6.6375589905e-13 1.3023069028e-12
2.8955078125e+02 1.9661756008e-12 6.6351924815e-13 1.3026563527e-12
2.8961181641e+02 1.9667166579e-12 6.6292977577e-13 1.3037868822e-12
2.8967285156e+02 1.9668008526e-12 6.6233808760e-13 1.3044627650e-12
2.8973388672e+02 1.9659455282e-12 6.6180450034e-13 1.3041410279e-12
2.8979492188e+02 1.9637663410e-12 6.6106866298e-13 1.3026976780e-12
2.8985595703e+02 1.9600973943e-12 6.6001961724e-13 1.3000777770e-12
2.8991699219e+02 1.9556227155e-12 6.5894495466e-13 1.2966777608e-12
2.8997802734e+02 1.9514764380e-12 6.5815738046e-13 1.2933190575e-12
2.9003906250e+02 1.9482282459e-12 6.5761181735e-13 1.2906164286e-12
2.9010009766e+02 1.9461362050e-12 6.5717335752e-13 1.2889628475e-12
2.9016113281e+02 1.9460524691e-12 6.5710088940e-13 1.2889515797e-12
2.9022216797e+02 1.9487255734e-12 6.5783025105e-13 1.2908953223e-12
2.9028320312e+02 1.9529355156e-12 6.5918889804e-13 1.2937466176e-12
2.9034423828e+02 1.9556566962e-12 6.6029085453e-13 1.2953658417e-12
2.9040527344e+02 1.9548097880e-12 6.6039486260e-13 1.2944149254e-12
2.9046630859e+02 1.9509351480e-12 6.5945866819e-13 1.2914764798e-12
2.9052734375e+02 1.9462366761e-12 6.5794599402e-13 1.2882906821e-12
2.9058837891e+02 1.9431314465e-12 6.5660634074e-13 1.2865251058e-12
2.9064941406e+02 1.9430505519e-12 6.5619527724e-13 1.2868552746e-12
2.9071044922e+02 1.9453041183e-12 6.5680589704e-13 1.2884982213e-12
2.9077148438e+02 1.9471973738e-12 6.5753335132e-13 1.2896640225e-12
2.9083251953e+02 1.9459580889e-12 6.5721995306e-13 1.2887381358e-12
2.9089355469e+02 1.9412657605e-12 6.5567588469e-13 1.2855898758e-12
2.9095458984e+02 1.9356884831e-12 6.5392384341e-13 1.2817646397e-12
2.9101562500e+02 1.9318899020e-12 6.5300727853e-13 1.2788826235e-12
2.9107666016e+02 1.9301364768e-12 6.5285017525e-13 1.2772863016e-12
2.9113769531e+02 1.9288985030e-12 6.5259493750e-13 1.2763035655e-12
2.9119873047e+02 1.9264147266e-12 6.5160551196e-13 1.2748092147e-12
2.9125976562e+02 1.9216890970e-12 6.4978340151e-13 1.2719056955e-12
2.9132080078e+02 1.9155325526e-12 6.4747855220e-13 1.2680540004e-12
2.9138183594e+02 1.9102558006e-12 6.4545598712e-13 1.2647998135e-12
2.9144287109e+02 1.9074118031e-12 6.4446084422e-13 1.2629509588e-12
2.9150390625e+02 1.9066739418e-12 6.4455988199e-13 1.2621140599e-12
2.9156494141e+02 1.9071466117e-12 6.4513749537e-13 1.2620091163e-12
2.9162597656e+02 1.9084470309e-12 6.4554456855e-13 1.2629024623e-12
2.9168701172e+02 1.9102419274e-12 6.4554490963e-13 1.2646970178e-12
2.9174804688e+02 1.9118829003e-12 6.4517077658e-13 1.2667121237e-12
2.9180908203e+02 1.9127931545e-12 6.4447581433e-13 1.2683173402e-12
2.9187011719e+02 1.9126506156e-12 6.4358896365e-13 1.2690616519e-12
2.9193115234e+02 1.9115844504e-12 6.4284249553e-13 1.2687419549e-12
2.9199218750e+02 1.9105367407e-12 6.4261750555e-13 1.2679192351e-12
2.9205322266e+02 1.9104532023e-12 6.4297892037e-13 1.2674742820e-12
2.9211425781e+02 1.9109396131e-12 6.4354870958e-13 1.2673909036e-12
2.9217529297e+02 1.9107959227e-12 6.4380444916e-13 1.2669914735e-12
2.9223632812e+02 1.9096568539e-12 6.4350648896e-13 1.2661503649e-12
2.9229736328e+02 1.9080191625e-12 6.4286120019e-13 1.2651579623e-12
2.9235839844e+02 1.9061691618e-12 6.4227040537e-13 1.2638987564e-12
2.9241943359e+02 1.9041395281e-12 6.4195589039e-13 1.2621836378e-12
2.9248046875e+02 1.9022595193e-12 6.4189165914e-13 1.2603678601e-12
2.9254150391e+02 1.9010967288e-12 6.4197560931e-13 1.2591211195e-12
2.9260253906e+02 1.9009530716e-12 6.4209380014e-13 1.2588592715e-12
2.9266357422e+02 1.9011609408e-12 6.4209268418e-13 1.2590682566e-12
2.9272460938e+02 1.9000214411e-12 6.4178071651e-13 1.2582407246e-12
2.9278564453e+02 1.8964790364e-12 6.4099129328e-13 1.2554877431e-12
2.9284667969e+02 1.8918110030e-12 6.3985716078e-13 1.2519538422e-12
2.9290771484e+02 1.8886314721e-12 6.3901141031e-13 1.2496200617e-12
2.9296875000e+02 1.8883104875e-12 6.3909124757e-13 1.2492192399e-12
2.9302978516e+02 1.8900711532e-12 6.3993187786e-13 1.2501392753e-12
2.9309082031e+02 1.8923106604e-12 6.4058540781e-13 1.2517252526e-12
2.9315185547e+02 1.8938874509e-12 6.4024758369e-13 1.2536398673e-12
2.9321289062e+02 1.8942109955e-12 6.3897181784e-13 1.2552391776e-12
2.9327392578e+02 1.8933459743e-12 6.3744911431e-13 1.2558968600e-12
2.9333496094e+02 1.8923434749e-12 6.3629896970e-13 1.2560445052e-12
2.9339599609e+02 1.8924590314e-12 6.3570058629e-13 1.2567584451e-12
2.9345703125e+02 1.8938087287e-12 6.3558837033e-13 1.2582203583e-12
2.9351806641e+02 1.8951131607e-12 6.3586156404e-13 1.2592515966e-12
2.9357910156e+02 1.8947488321e-12 6.3627878588e-13 1.2584700462e-12
2.9364013672e+02 1.8924570998e-12 6.3656109623e-13 1.2558960036e-12
2.9370117188e+02 1.8900331616e-12 6.3684485040e-13 1.2531883112e-12
2.9376220703e+02 1.8896210852e-12 6.3765153145e-13 1.2519695538e-12
2.9382324219e+02 1.8914321656e-12 6.3913159337e-13 1.2523005722e-12
2.9388427734e+02 1.8935129311e-12 6.4052813131e-13 1.2529847998e-12
2.9394531250e+02 1.8935752213e-12 6.4069851375e-13 1.2528767075e-12
2.9400634766e+02 1.8911457885e-12 6.3930844512e-13 1.2518373434e-12
2.9406738281e+02 1.8880534732e-12 6.3725446268e-13 1.2507990105e-12
2.9412841797e+02 1.8865130063e-12 6.3570176986e-13 1.2508112365e-12
2.9418945312e+02 1.8867848805e-12 6.3504914439e-13 1.2517357361e-12
2.9425048828e+02 1.8870658989e-12 6.3493099915e-13 1.2521348997e-12
2.9431152344e+02 1.8856115529e-12 6.3476241284e-13 1.2508491401e-12
2.9437255859e+02 1.8826146233e-12 6.3415397604e-13 1.2484606472e-12
2.9443359375e+02 1.8797334490e-12 6.3307902999e-13 1.2466544190e-12
2.9449462891e+02 1.8782027658e-12 6.3184888978e-13 1.2463538760e-12
2.9455566406e+02 1.8779967265e-12 6.3094619947e-13 1.2470505270e-12
2.9461669922e+02 1.8783568188e-12 6.3071436824e-13 1.2476424505e-12
2.9467773438e+02 1.8784275475e-12 6.3106428093e-13 1.2473632666e-12
2.9473876953e+02 1.8774796854e-12 6.3150959214e-13 1.2459700933e-12
2.9479980469e+02 1.8749858748e-12 6.3151533031e-13 1.2434705445e-12
2.9486083984e+02 1.8707646971e-12 6.3078625836e-13 1.2399784388e-12
2.9492187500e+02 1.8651104743e-12 6.2934016143e-13 1.2357703129e-12
2.9498291016e+02 1.8590912080e-12 6.2754360692e-13 1.2315476010e-12
2.9504394531e+02 1.8547914568e-12 6.2612807519e-13 1.2286633816e-12
2.9510498047e+02 1.8542052687e-12 6.2587412043e-13 1.2283311482e-12
2.9516601562e+02 1.8572568990e-12 6.2697833327e-13 1.2302785658e-12
2.9522705078e+02 1.8616243348e-12 6.2877023956e-13 1.2328540953e-12
2.9528808594e+02 1.8646864839e-12 6.3016857105e-13 1.2345179128e-12
2.9534912109e+02 1.8651068038e-12 6.3040481982e-13 1.2347019840e-12
2.9541015625e+02 1.8628993816e-12 6.2937352948e-13 1.2335258521e-12
2.9547119141e+02 1.8589014053e-12 6.2752619160e-13 1.2313752137e-12
2.9553222656e+02 1.8544395859e-12 6.2562666861e-13 1.2288129173e-12
2.9559326172e+02 1.8511321300e-12 6.2448436663e-13 1.2266477634e-12
2.9565429688e+02 1.8502181352e-12 6.2454267392e-13 1.2256754612e-12
2.9571533203e+02 1.8515887569e-12 6.2554600695e-13 1.2260427499e-12
2.9577636719e+02 1.8539760969e-12 6.2674047308e-13 1.2272356238e-12
2.9583740234e+02 1.8560478059e-12 6.2738339167e-13 1.2286644143e-12
2.9589843750e+02 1.8568155660e-12 6.2703825562e-13 1.2297773104e-12
2.9595947266e+02 1.8559635141e-12 6.2581148280e-13 1.2301520313e-12
2.9602050781e+02 1.8544725246e-12 6.2450678343e-13 1.2299657412e-12
2.9608154297e+02 1.8537201746e-12 6.2402674773e-13 1.2296934269e-12
2.9614257812e+02 1.8537266345e-12 6.2445980181e-13 1.2292668327e-12
2.9620361328e+02 1.8535243344e-12 6.2522924261e-13 1.2282950918e-12
2.9626464844e+02 1.8527746753e-12 6.2592441631e-13 1.2268502590e-12
2.9632568359e+02 1.8517822647e-12 6.2639280634e-13 1.2253894583e-12
2.9638671875e+02 1.8506272397e-12 6.2634379615e-13 1.2242834435e-12
2.9644775391e+02 1.8492538092e-12 6.2550448056e-13 1.2237493286e-12
2.9650878906e+02 1.8479813756e-12 6.2416502575e-13 1.2238163498e-12
2.9656982422e+02 1.8470660763e-12 6.2306242239e-13 1.2240036539e-12
2.9663085938e+02 1.8457853874e-12 6.2247964507e-13 1.2233057424e-12
2.9669189453e+02 1.8427098447e-12 6.2181345356e-13 1.2208963911e-12
2.9675292969e+02 1.8370705802e-12 6.2024523862e-13 1.2168253416e-12
2.9681396484e+02 1.8301179402e-12 6.1782616606e-13 1.2122917741e-12
2.9687500000e+02 1.8253001842e-12 6.1585559381e-13 1.2094445904e-12
2.9693603516e+02 1.8254476338e-12 6.1569152025e-13 1.2097561135e-12
2.9699707031e+02 1.8291664214e-12 6.1706792553e-13 1.2120984959e-12
2.9705810547e+02 1.8322457722e-12 6.1830180992e-13 1.2139439623e-12
2.9711914062e+02 1.8327552518e-12 6.1821024140e-13 1.2145450104e-12
2.9718017578e+02 1.8321492249e-12 6.1705364466e-13 1.2150955803e-12
2.9724121094e+02 1.8316411995e-12 6.1561729564e-13 1.2160239039e-12
2.9730224609e+02 1.8304389720e-12 6.1427060241e-13 1.2161683696e-12
2.9736328125e+02 1.8277522106e-12 6.1311635297e-13 1.2146358577e-12
2.9742431641e+02 1.8243386641e-12 6.1228534069e-13 1.2120533234e-12
2.9748535156e+02 1.8216400216e-12 6.1179020636e-13 1.2098498152e-12
2.9754638672e+02 1.8202539278e-12 6.1148412242e-13 1.2087698054e-12
2.9760742188e+02 1.8196313639e-12 6.1130791796e-13 1.2083234459e-12
2.9766845703e+02 1.8193712197e-12 6.1143840891e-13 1.2079328108e-12
2.9772949219e+02 1.8200286294e-12 6.1210335135e-13 1.2079252781e-12
2.9779052734e+02 1.8220613841e-12 6.1326579510e-13 1.2087955890e-12
2.9785156250e+02 1.8248558329e-12 6.1453050358e-13 1.2103253294e-12
2.9791259766e+02 1.8271839980e-12 6.1536088542e-13 1.2118231126e-12
2.9797363281e+02 1.8280526445e-12 6.1545626945e-13 1.2125963750e-12
2.9803466797e+02 1.8271379555e-12 6.1495550150e-13 1.2121824540e-12
2.9809570312e+02 1.8248230908e-12 6.1423603936e-13 1.2105870514e-12
2.9815673828e+02 1.8218346594e-12 6.1355374694e-13 1.2082809125e-12
2.9821777344e+02 1.8188499983e-12 6.1290158196e-13 1.2059484164e-12
2.9827880859e+02 1.8164631811e-12 6.1215318108e-13 1.2043100000e-12
2.9833984375e+02 1.8151871319e-12 6.1134004518e-13 1.2038470867e-12
2.9840087891e+02 1.8152321406e-12 6.1077317322e-13 1.2044589674e-12
2.9846191406e+02 1.8162047267e-12 6.1072838523e-13 1.2054763415e-12
2.9852294922e+02 1.8171483070e-12 6.1105879751e-13 1.2060895095e-12
2.9858398438e+02 1.8173923396e-12 6.1138473617e-13 1.2060076034e-12
2.9864501953e+02 1.8171747796e-12 6.1154119308e-13 1.2056335865e-12
2.9870605469e+02 1.8167468099e-12 6.1153916655e-13 1.2052076434e-12
2.9876708984e+02 1.8155180973e-12 6.1122479870e-13 1.2042932986e-12
2.9882812500e+02 1.8129153733e-12 6.1030986884e-13 1.2026055044e-12
2.9888916016e+02 1.8096279854e-12 6.0887463618e-13 1.2007533492e-12
2.9895019531e+02 1.8073216961e-12 6.0756696417e-13 1.1997547320e-12
2.9901123047e+02 1.8069650703e-12 6.0696011239e-13 1.2000049579e-12
2.9907226562e+02 1.8079080909e-12 6.0700115604e-13 1.2009069348e-12
2.9913330078e+02 1.8087765544e-12 6.0733696134e-13 1.2014395931e-12
2.9919433594e+02 1.8086875300e-12 6.0774997277e-13 1.2009375573e-12
2.9925537109e+02 1.8076931895e-12 6.0813169986e-13 1.1995614896e-12
2.9931640625e+02 1.8064734945e-12 6.0836846804e-13 1.1981050265e-12
2.9937744141e+02 1.8053205805e-12 6.0830122605e-13 1.1970193545e-12
2.9943847656e+02 1.8034769480e-12 6.0764852159e-13 1.1958284264e-12
2.9949951172e+02 1.8000660795e-12 6.0610587343e-13 1.1939602060e-12
2.9956054688e+02 1.7954555847e-12 6.0376650609e-13 1.1916890787e-12
2.9962158203e+02 1.7908193835e-12 6.0128576059e-13 1.1895336229e-12
2.9968261719e+02 1.7868286956e-12 5.9942729218e-13 1.1874014034e-12
2.9974365234e+02 1.7838026167e-12 5.9860551520e-13 1.1851971015e-12
2.9980468750e+02 1.7821252998e-12 5.9877904211e-13 1.1833462576e-12
2.9986572266e+02 1.7813085189e-12 5.9940774373e-13 1.1819007752e-12
2.9992675781e+02 1.7796940382e-12 5.9961234538e-13 1.1800816928e-12
2.9998779297e+02 1.7763220464e-12 5.9890592676e-13 1.1774161196e-12
3.0004882812e+02 1.7724108578e-12 5.9779216214e-13 1.1746186956e-12
3.0010986328e+02 1.7698974007e-12 5.9715440839e-13 1.1727429923e-12
3.0017089844e+02 1.7691479607e-12 5.9715562213e-13 1.1719923386e-12
3.0023193359e+02 1.7692043569e-12 5.9723124562e-13 1.1719731113e-12
3.0029296875e+02 1.7696177632e-12 5.9699881919e-13 1.1726189440e-12
3.0035400391e+02 1.7706979071e-12 5.9670645222e-13 1.1739914549e-12
3.0041503906e+02 1.7722521358e-12 5.9677506435e-13 1.1754770715e-12
3.0047607422e+02 1.7732703824e-12 5.9719710334e-13 1.1760732791e-12
3.0053710938e+02 1.7729434578e-12 5.9758724869e-13 1.1753562091e-12
3.0059814453e+02 1.7713452453e-12 5.9764700381e-13 1.1736982415e-12
3.0065917969e+02 1.7688856021e-12 5.9729303465e-13 1.1715925675e-12
3.0072021484e+02 1.7656332070e-12 5.9650892377e-13 1.1691242832e-12
3.0078125000e+02 1.7617247465e-12 5.9529303912e-13 1.1664317074e-12
3.0084228516e+02 1.7579979191e-12 5.9369660149e-13 1.1643013176e-12
3.0090332031e+02 1.7556032045e-12 5.9201719620e-13 1.1635860083e-12
3.0096435547e+02 1.7550654419e-12 5.9088681020e-13 1.1641786317e-12
3.0102539062e+02 1.7559158404e-12 5.9081325245e-13 1.1651025879e-12
3.0108642578e+02 1.7570749232e-12 5.9160309630e-13 1.1654718269e-12
3.0114746094e+02 1.7575746418e-12 5.9245748431e-13 1.1651171575e-12
3.0120849609e+02 1.7573148409e-12 5.9275283335e-13 1.1645620076e-12
3.0126953125e+02 1.7570728624e-12 5.9264399328e-13 1.1644288691e-12
3.0133056641e+02 1.7574450163e-12 5.9271871313e-13 1.1647263032e-12
3.0139160156e+02 1.7580485683e-12 5.9314587658e-13 1.1649026917e-12
3.0145263672e+02 1.7578756981e-12 5.9340931693e-13 1.1644663812e-12
3.0151367188e+02 1.7562006906e-12 5.9285903272e-13 1.1633416579e-12
3.0157470703e+02 1.7534642104e-12 5.9148088189e-13 1.1619833285e-12
3.0163574219e+02 1.7512039265e-12 5.9006666358e-13 1.1611372629e-12
3.0169677734e+02 1.7503500421e-12 5.8940871666e-13 1.1609413255e-12
3.0175781250e+02 1.7501015087e-12 5.8951049454e-13 1.1605910141e-12
3.0181884766e+02 1.7494353350e-12 5.8990790668e-13 1.1595274283e-12
3.0187988281e+02 1.7487588720e-12 5.9039790419e-13 1.1583609678e-12
3.0194091797e+02 1.7488026973e-12 5.9092787294e-13 1.1578748244e-12
3.0200195312e+02 1.7487472887e-12 5.9112319798e-13 1.1576240907e-12
3.0206298828e+02 1.7470340875e-12 5.9058540461e-13 1.1564486829e-12
3.0212402344e+02 1.7436397199e-12 5.8943878999e-13 1.1542009299e-12
3.0218505859e+02 1.7400079296e-12 5.8813883950e-13 1.1518690901e-12
3.0224609375e+02 1.7368363068e-12 5.8695271173e-13 1.1498835951e-12
3.0230712891e+02 1.7333112480e-12 5.8582722521e-13 1.1474840228e-12
3.0236816406e+02 1.7286927355e-12 5.8455340614e-13 1.1441393293e-12
3.0242919922e+02 1.7238130001e-12 5.8306740563e-13 1.1407455945e-12
3.0249023438e+02 1.7207499600e-12 5.8179418066e-13 1.1389557794e-12
3.0255126953e+02 1.7208930868e-12 5.8142847728e-13 1.1394646096e-12
3.0261230469e+02 1.7233876824e-12 5.8214717631e-13 1.1412405060e-12
3.0267333984e+02 1.7260702487e-12 5.8334135854e-13 1.1427288902e-12
3.0273437500e+02 1.7275316539e-12 5.8418397156e-13 1.1433476823e-12
3.0279541016e+02 1.7275918424e-12 5.8425290337e-13 1.1433389390e-12
3.0285644531e+02 1.7266759926e-12 5.8376479082e-13 1.1429112017e-12
3.0291748047e+02 1.7254022729e-12 5.8334526319e-13 1.1420570097e-12
3.0297851562e+02 1.7240620693e-12 5.8333242926e-13 1.1407296401e-12
3.0303955078e+02 1.7222974830e-12 5.8329145508e-13 1.1390060279e-12
3.0310058594e+02 1.7198108328e-12 5.8257809983e-13 1.1372327329e-12
3.0316162109e+02 1.7173013511e-12 5.8132603675e-13 1.1359753144e-12
3.0322265625e+02 1.7159950125e-12 5.8035817144e-13 1.1356368411e-12
3.0328369141e+02 1.7159732270e-12 5.8006770658e-13 1.1359055204e-12
3.0334472656e+02 1.7156899749e-12 5.7990620450e-13 1.1357837704e-12
3.0340576172e+02 1.7135598702e-12 5.7911245294e-13 1.1344474173e-12
3.0346679688e+02 1.7094946500e-12 5.7755219187e-13 1.1319424582e-12
3.0352783203e+02 1.7048362985e-12 5.7574559343e-13 1.1290907051e-12
3.0358886719e+02 1.7010970118e-12 5.7432188994e-13 1.1267751219e-12
3.0364990234e+02 1.6988006459e-12 5.7358305233e-13 1.1252175936e-12
3.0371093750e+02 1.6974153397e-12 5.7342964726e-13 1.1239856924e-12
3.0377197266e+02 1.6959515392e-12 5.7345925028e-13 1.1224922889e-12
3.0383300781e+02 1.6937656821e-12 5.7326452736e-13 1.1205011547e-12
3.0389404297e+02 1.6911785493e-12 5.7279427092e-13 1.1183842784e-12
3.0395507812e+02 1.6889706904e-12 5.7225335275e-13 1.1167173377e-12
3.0401611328e+02 1.6875229069e-12 5.7177637195e-13 1.1157465349e-12
3.0407714844e+02 1.6868357927e-12 5.7146781960e-13 1.1153679731e-12
3.0413818359e+02 1.6865344342e-12 5.7138623744e-13 1.1151481967e-12
3.0419921875e+02 1.6855729566e-12 5.7123753120e-13 1.1143354254e-12
3.0426025391e+02 1.6829306240e-12 5.7057080020e-13 1.1123598238e-12
3.0432128906e+02 1.6789376464e-12 5.6940022883e-13 1.1095374176e-12
3.0438232422e+02 1.6754201858e-12 5.6824089414e-13 1.1071792916e-12
3.0444335938e+02 1.6741426688e-12 5.6752698081e-13 1.1066156880e-12
3.0450439453e+02 1.6749999334e-12 5.6722243393e-13 1.1077774995e-12
3.0456542969e+02 1.6761330731e-12 5.6702189602e-13 1.1091111771e-12
3.0462646484e+02 1.6760051761e-12 5.6677673459e-13 1.1092284415e-12
3.0468750000e+02 1.6748750324e-12 5.6657446718e-13 1.1083005652e-12
3.0474853516e+02 1.6741414621e-12 5.6647728902e-13 1.1076641731e-12
3.0480957031e+02 1.6746937239e-12 5.6637699562e-13 1.1083167283e-12
3.0487060547e+02 1.6759641355e-12 5.6607315933e-13 1.1098909761e-12
3.0493164062e+02 1.6764866744e-12 5.6542098047e-13 1.1110656939e-12
3.0499267578e+02 1.6755632645e-12 5.6458117713e-13 1.1109820874e-12
3.0505371094e+02 1.6740165278e-12 5.6404720315e-13 1.1099693246e-12
3.0511474609e+02 1.6729609034e-12 5.6413089423e-13 1.1088300092e-12
3.0517578125e+02 1.6726446562e-12 5.6456422952e-13 1.1080804267e-12
3.0523681641e+02 1.6727123672e-12 5.6480772095e-13 1.1079046463e-12
3.0529785156e+02 1.6727334121e-12 5.6461035012e-13 1.1081230620e-12
3.0535888672e+02 1.6725239458e-12 5.6417553667e-13 1.1083484091e-12
3.0541992188e+02 1.6724450566e-12 5.6388698979e-13 1.1085580669e-12
3.0548095703e+02 1.6729924689e-12 5.6398467301e-13 1.1090077959e-12
3.0554199219e+02 1.6737977174e-12 5.6444381324e-13 1.1093539042e-12
3.0560302734e+02 1.6736087194e-12 5.6498245156e-13 1.1086262678e-12
3.0566406250e+02 1.6716248836e-12 5.6516376869e-13 1.1064611150e-12
3.0572509766e+02 1.6685286732e-12 5.6469915260e-13 1.1038295206e-12
3.0578613281e+02 1.6659655040e-12 5.6375317710e-13 1.1022123269e-12
3.0584716797e+02 1.6650694287e-12 5.6282033549e-13 1.1022490932e-12
3.0590820312e+02 1.6654989131e-12 5.6226251323e-13 1.1032363999e-12
3.0596923828e+02 1.6656415427e-12 5.6199054130e-13 1.1036510014e-12
3.0603027344e+02 1.6636920853e-12 5.6153275416e-13 1.1021593311e-12
3.0609130859e+02 1.6591810367e-12 5.6049660573e-13 1.0986844309e-12
3.0615234375e+02 1.6538540447e-12 5.5911116665e-13 1.0947428781e-12
3.0621337891e+02 1.6505068393e-12 5.5821248037e-13 1.0922943590e-12
3.0627441406e+02 1.6505695282e-12 5.5848049632e-13 1.0920890319e-12
3.0633544922e+02 1.6530782427e-12 5.5974677952e-13 1.0933314632e-12
3.0639648438e+02 1.6559373694e-12 5.6119409780e-13 1.0947432716e-12
3.0645751953e+02 1.6576032068e-12 5.6204904688e-13 1.0955541599e-12
3.0651855469e+02 1.6575248219e-12 5.6199760176e-13 1.0955272201e-12
3.0657958984e+02 1.6559535840e-12 5.6125354607e-13 1.0947000379e-12
3.0664062500e+02 1.6538534301e-12 5.6032366016e-13 1.0935297699e-12
3.0670166016e+02 1.6522952595e-12 5.5951643936e-13 1.0927788201e-12
3.0676269531e+02 1.6516060339e-12 5.5875826107e-13 1.0928477728e-12
3.0682373047e+02 1.6514143966e-12 5.5793723632e-13 1.0934771603e-12
3.0688476562e+02 1.6511784821e-12 5.5713544244e-13 1.0940430397e-12
3.0694580078e+02 1.6503942545e-12 5.5652245173e-13 1.0938718028e-12
3.0700683594e+02 1.6489144507e-12 5.5627517491e-13 1.0926392758e-12
3.0706787109e+02 1.6470479657e-12 5.5638159783e-13 1.0906663678e-12
3.0712890625e+02 1.6447723110e-12 5.5637252205e-13 1.0883997889e-12
3.0718994141e+02 1.6416541121e-12 5.5570559354e-13 1.0859485186e-12
3.0725097656e+02 1.6382485902e-12 5.5446789593e-13 1.0837806943e-12
3.0731201172e+02 1.6362401858e-12 5.5324200847e-13 1.0829981774e-12
3.0737304688e+02 1.6364363474e-12 5.5245529476e-13 1.0839810526e-12
3.0743408203e+02 1.6377608928e-12 5.5222967801e-13 1.0855312148e-12
3.0749511719e+02 1.6385948985e-12 5.5250395361e-13 1.0860909449e-12
3.0755615234e+02 1.6382530226e-12 5.5295920613e-13 1.0852938165e-12
3.0761718750e+02 1.6368860336e-12 5.5307172045e-13 1.0838143131e-12
3.0767822266e+02 1.6347401643e-12 5.5252525641e-13 1.0822149079e-12
3.0773925781e+02 1.6324513423e-12 5.5161901410e-13 1.0808323282e-12
3.0780029297e+02 1.6315436371e-12 5.5110758770e-13 1.0804360494e-12
3.0786132812e+02 1.6330553524e-12 5.5139667783e-13 1.0816586746e-12
3.0792236328e+02 1.6357945346e-12 5.5203453340e-13 1.0837600012e-12
3.0798339844e+02 1.6373669496e-12 5.5226628475e-13 1.0851006648e-12
3.0804443359e+02 1.6365212170e-12 5.5180526128e-13 1.0847159557e-12
3.0810546875e+02 1.6334960057e-12 5.5086230393e-13 1.0826337017e-12
3.0816650391e+02 1.6292573022e-12 5.4985928974e-13 1.0793980125e-12
3.0822753906e+02 1.6252766074e-12 5.4924678106e-13 1.0760298263e-12
3.0828857422e+02 1.6229971785e-12 5.4926617695e-13 1.0737310016e-12
3.0834960938e+02 1.6231005326e-12 5.4983513265e-13 1.0732654000e-12
3.0841064453e+02 1.6253897186e-12 5.5068080064e-13 1.0747089179e-12
3.0847167969e+02 1.6287470293e-12 5.5143324130e-13 1.0773137880e-12
3.0853271484e+02 1.6314116365e-12 5.5171745652e-13 1.0796941800e-12
3.0859375000e+02 1.6321383728e-12 5.5139174026e-13 1.0807466325e-12
3.0865478516e+02 1.6309001514e-12 5.5059411370e-13 1.0803060377e-12
3.0871582031e+02 1.6284989004e-12 5.4956278462e-13 1.0789361158e-12
3.0877685547e+02 1.6259741668e-12 5.4856475915e-13 1.0774094076e-12
3.0883789062e+02 1.6239460039e-12 5.4775871568e-13 1.0761872882e-12
3.0889892578e+02 1.6220910494e-12 5.4696446298e-13 1.0751265864e-12
3.0895996094e+02 1.6196543377e-12 5.4595449480e-13 1.0736998429e-12
3.0902099609e+02 1.6167903165e-12 5.4508785752e-13 1.0717024590e-12
3.0908203125e+02 1.6147358363e-12 5.4506609777e-13 1.0696697385e-12
3.0914306641e+02 1.6140447146e-12 5.4584151951e-13 1.0682031951e-12
3.0920410156e+02 1.6135742870e-12 5.4636021896e-13 1.0672140681e-12
3.0926513672e+02 1.6120299745e-12 5.4570776150e-13 1.0663222130e-12
3.0932617188e+02 1.6094299183e-12 5.4407538258e-13 1.0653545357e-12
3.0938720703e+02 1.6063398620e-12 5.4231994001e-13 1.0640199220e-12
3.0944824219e+02 1.6031225015e-12 5.4103368345e-13 1.0620888180e-12
3.0950927734e+02 1.6007642211e-12 5.4040687857e-13 1.0603573425e-12
3.0957031250e+02 1.6008176847e-12 5.4053253182e-13 1.0602851529e-12
3.0963134766e+02 1.6033467466e-12 5.4129224759e-13 1.0620544990e-12
3.0969238281e+02 1.6060719935e-12 5.4213083946e-13 1.0639411540e-12
3.0975341797e+02 1.6066125236e-12 5.4234401501e-13 1.0642685085e-12
3.0981445312e+02 1.6047925024e-12 5.4158782458e-13 1.0632046778e-12
3.0987548828e+02 1.6022374456e-12 5.4017148321e-13 1.0620659624e-12
3.0993652344e+02 1.6006878206e-12 5.3899509553e-13 1.0616927251e-12
3.0999755859e+02 1.6009274361e-12 5.3884870754e-13 1.0620787286e-12
3.1005859375e+02 1.6024790670e-12 5.3958903777e-13 1.0628900292e-12
3.1011962891e+02 1.6041192379e-12 5.4038023096e-13 1.0637390069e-12
3.1018066406e+02 1.6047112661e-12 5.4062311563e-13 1.0640881505e-12
3.1024169922e+02 1.6034287749e-12 5.4021125345e-13 1.0632175215e-12
3.1030273438e+02 1.6000256491e-12 5.3928312632e-13 1.0607425228e-12
3.1036376953e+02 1.5956497749e-12 5.3824644236e-13 1.0574033326e-12
3.1042480469e+02 1.5922351792e-12 5.3757261312e-13 1.0546625660e-12
3.1048583984e+02 1.5904094670e-12 5.3721593126e-13 1.0531935357e-12
3.1054687500e+02 1.5893628628e-12 5.3675768810e-13 1.0526051747e-12
3.1060791016e+02 1.5887808266e-12 5.3618085337e-13 1.0525999733e-12
3.1066894531e+02 1.5893371176e-12 5.3595652974e-13 1.0533805879e-12
3.1072998047e+02 1.5913977121e-12 5.3637602900e-13 1.0550216831e-12
3.1079101562e+02 1.5941572555e-12 5.3710556681e-13 1.0570516887e-12
3.1085205078e+02 1.5962320408e-12 5.3750567562e-13 1.0587263652e-12
3.1091308594e+02 1.5971055616e-12 5.3738654985e-13 1.0597190117e-12
3.1097412109e+02 1.5973883285e-12 5.3714329651e-13 1.0602450320e-12
3.1103515625e+02 1.5974311047e-12 5.3705216414e-13 1.0603789405e-12
3.1109619141e+02 1.5967446734e-12 5.3692385382e-13 1.0598208196e-12
3.1115722656e+02 1.5950052720e-12 5.3655276368e-13 1.0584525083e-12
3.1121826172e+02 1.5927451810e-12 5.3605904204e-13 1.0566861389e-12
3.1127929688e+02 1.5908164310e-12 5.3565534082e-13 1.0551610902e-12
3.1134033203e+02 1.5895571305e-12 5.3531999282e-13 1.0542371377e-12
3.1140136719e+02 1.5886096775e-12 5.3483193568e-13 1.0537777418e-12
3.1146240234e+02 1.5873606994e-12 5.3406879315e-13 1.0532919063e-12
3.1152343750e+02 1.5856897523e-12 5.3327289319e-13 1.0524168591e-12
3.1158447266e+02 1.5844444352e-12 5.3297990231e-13 1.0514645329e-12
3.1164550781e+02 1.5846691496e-12 5.3349403720e-13 1.0511751124e-12
3.1170654297e+02 1.5860927697e-12 5.3442739554e-13 1.0516653742e-12
3.1176757812e+02 1.5871327784e-12 5.3500288346e-13 1.0521298949e-12
3.1182861328e+02 1.5869555006e-12 5.3497527371e-13 1.0519802269e-12
3.1188964844e+02 1.5867434924e-12 5.3500549540e-13 1.0517379970e-12
3.1195068359e+02 1.5880988619e-12 5.3576498114e-13 1.0523338807e-12
3.1201171875e+02 1.5907499321e-12 5.3692065852e-13 1.0538292736e-12
3.1207275391e+02 1.5928059170e-12 5.3751321635e-13 1.0552927006e-12
3.1213378906e+02 1.5930457083e-12 5.3712422595e-13 1.0559214824e-12
3.1219482422e+02 1.5918637354e-12 5.3614794345e-13 1.0557157919e-12
3.1225585938e+02 1.5901259325e-12 5.3515049533e-13 1.0549754372e-12
3.1231689453e+02 1.5882569738e-12 5.3443865496e-13 1.0538183188e-12
3.1237792969e+02 1.5863604429e-12 5.3403899818e-13 1.0523214447e-12
3.1243896484e+02 1.5843982820e-12 5.3375857151e-13 1.0506397105e-12
3.1250000000e+02 1.5821869078e-12 5.3338450429e-13 1.0488024035e-12
3.1256103516e+02 1.5795815234e-12 5.3299635655e-13 1.0465851669e-12
3.1262207031e+02 1.5767953326e-12 5.3290953415e-13 1.0438857984e-12
3.1268310547e+02 1.5744897548e-12 5.3314277873e-13 1.0413469761e-12
3.1274414062e+02 1.5732771756e-12 5.3319135593e-13 1.0400858197e-12
3.1280517578e+02 1.5726213137e-12 5.3246340199e-13 1.0401579117e-12
3.1286621094e+02 1.5706723348e-12 5.3080969694e-13 1.0398626378e-12
3.1292724609e+02 1.5664162099e-12 5.2873318502e-13 1.0376830248e-12
3.1298828125e+02 1.5615144892e-12 5.2715712342e-13 1.0343573658e-12
3.1304931641e+02 1.5586472907e-12 5.2677057767e-13 1.0318767130e-12
3.1311035156e+02 1.5585134888e-12 5.2743367075e-13 1.0310798180e-12
3.1317138672e+02 1.5596184775e-12 5.2834027554e-13 1.0312782020e-12
3.1323242188e+02 1.5606499321e-12 5.2889053587e-13 1.0317593962e-12
3.1329345703e+02 1.5616940975e-12 5.2914435492e-13 1.0325497425e-12
3.1335449219e+02 1.5628310343e-12 5.2927155591e-13 1.0335594784e-12
3.1341552734e+02 1.5629198853e-12 5.2900912259e-13 1.0339107627e-12
3.1347656250e+02 1.5607830957e-12 5.2803275037e-13 1.0327503453e-12
3.1353759766e+02 1.5570221131e-12 5.2660709597e-13 1.0304150171e-12
3.1359863281e+02 1.5537392877e-12 5.2545035631e-13 1.0282889314e-12
3.1365966797e+02 1.5522783627e-12 5.2495218983e-13 1.0273261728e-12
3.1372070312e+02 1.5517264960e-12 5.2475972009e-13 1.0269667759e-12
3.1378173828e+02 1.5503334281e-12 5.2426097527e-13 1.0260724528e-12
3.1384277344e+02 1.5482391713e-12 5.2345706960e-13 1.0247821017e-12
3.1390380859e+02 1.5474902645e-12 5.2305326890e-13 1.0244369956e-12
3.1396484375e+02 1.5491171530e-12 5.2348936970e-13 1.0256277833e-12
3.1402587891e+02 1.5516880482e-12 5.2428357864e-13 1.0274044695e-12
3.1408691406e+02 1.5530799293e-12 5.2458919035e-13 1.0284907390e-12
3.1414794922e+02 1.5526069217e-12 5.2411102937e-13 1.0284958923e-12
3.1420898438e+02 1.5511988273e-12 5.2329873351e-13 1.0279000938e-12
3.1427001953e+02 1.5500532292e-12 5.2275998733e-13 1.0272932418e-12
3.1433105469e+02 1.5497408961e-12 5.2270340066e-13 1.0270374954e-12
3.1439208984e+02 1.5505171710e-12 5.2295862734e-13 1.0275585437e-12
3.1445312500e+02 1.5520543187e-12 5.2313273413e-13 1.0289215845e-12
3.1451416016e+02 1.5524230538e-12 5.2261791354e-13 1.0298051402e-12
3.1457519531e+02 1.5491639909e-12 5.2100254719e-13 1.0281614437e-12
3.1463623047e+02 1.5422318693e-12 5.1872705318e-13 1.0235048162e-12
3.1469726562e+02 1.5345253452e-12 5.1687587084e-13 1.0176494743e-12
3.1475830078e+02 1.5290120921e-12 5.1614615384e-13 1.0128659383e-12
3.1481933594e+02 1.5263556107e-12 5.1631722962e-13 1.0100383811e-12
3.1488037109e+02 1.5254230014e-12 5.1670541421e-13 1.0087175872e-12
3.1494140625e+02 1.5250863986e-12 5.1686064023e-13 1.0082257584e-12
3.1500244141e+02 1.5249680877e-12 5.1680529723e-13 1.0081627905e-12
3.1506347656e+02 1.5248254384e-12 5.1675349649e-13 1.0080719419e-12
3.1512451172e+02 1.5241155049e-12 5.1672149117e-13 1.0073940138e-12
3.1518554688e+02 1.5222832479e-12 5.1641555090e-13 1.0058676970e-12
3.1524658203e+02 1.5191224729e-12 5.1549295453e-13 1.0036295183e-12
3.1530761719e+02 1.5152514976e-12 5.1399674061e-13 1.0012547570e-12
3.1536865234e+02 1.5121616343e-12 5.1245138339e-13 9.9971025088e-13
3.1542968750e+02 1.5109498970e-12 5.1137479806e-13 9.9957509890e-13
3.1549072266e+02 1.5112014523e-12 5.1083131251e-13 1.0003701398e-12
3.1555175781e+02 1.5118763213e-12 5.1066383453e-13 1.0012124868e-12
3.1561279297e+02 1.5127715319e-12 5.1092302464e-13 1.0018485072e-12
3.1567382812e+02 1.5141946952e-12 5.1170164481e-13 1.0024930504e-12
3.1573486328e+02 1.5157046851e-12 5.1266381617e-13 1.0030408689e-12
3.1579589844e+02 1.5161617605e-12 5.1316616159e-13 1.0029955989e-12
3.1585693359e+02 1.5149321825e-12 5.1293304012e-13 1.0019991424e-12
3.1591796875e+02 1.5124257921e-12 5.1230009241e-13 1.0001256997e-12
3.1597900391e+02 1.5093971805e-12 5.1171681640e-13 9.9768036411e-13
3.1604003906e+02 1.5061813903e-12 5.1125897167e-13 9.9492241868e-13
3.1610107422e+02 1.5028377277e-12 5.1067865805e-13 9.9215906961e-13
3.1616210938e+02 1.4998633886e-12 5.0983672705e-13 9.9002666156e-13
3.1622314453e+02 1.4983255727e-12 5.0901426571e-13 9.8931130701e-13
3.1628417969e+02 1.4988601287e-12 5.0860235522e-13 9.9025777343e-13
3.1634521484e+02 1.5007825866e-12 5.0855806901e-13 9.9222451761e-13
3.1640625000e+02 1.5027829351e-12 5.0856619902e-13 9.9421673610e-13
3.1646728516e+02 1.5044031890e-12 5.0865698951e-13 9.9574619949e-13
3.1652832031e+02 1.5060024213e-12 5.0910321537e-13 9.9689920593e-13
3.1658935547e+02 1.5070680605e-12 5.0962782065e-13 9.9744023984e-13
3.1665039062e+02 1.5060797339e-12 5.0945005882e-13 9.9662967508e-13
3.1671142578e+02 1.5028247699e-12 5.0842393680e-13 9.9440083312e-13
3.1677246094e+02 1.4991481700e-12 5.0732272903e-13 9.9182544092e-13
3.1683349609e+02 1.4967272243e-12 5.0672772907e-13 9.8999949526e-13
3.1689453125e+02 1.4955999906e-12 5.0646401916e-13 9.8913597149e-13
3.1695556641e+02 1.4951391606e-12 5.0623199741e-13 9.8890716315e-13
3.1701660156e+02 1.4950749273e-12 5.0599550038e-13 9.8907942690e-13
3.1707763672e+02 1.4952580442e-12 5.0570925729e-13 9.8954878692e-13
3.1713867188e+02 1.4954452242e-12 5.0525370009e-13 9.9019152412e-13
3.1719970703e+02 1.4955707268e-12 5.0464665475e-13 9.9092407203e-13
3.1726074219e+02 1.4955663881e-12 5.0403759051e-13 9.9152879762e-13
3.1732177734e+02 1.4951388695e-12 5.0362686888e-13 9.9151200061e-13
3.1738281250e+02 1.4944933737e-12 5.0371223321e-13 9.9078114051e-13
3.1744384766e+02 1.4946646924e-12 5.0449600598e-13 9.9016868641e-13
3.1750488281e+02 1.4961243621e-12 5.0566249219e-13 9.9046186993e-13
3.1756591797e+02 1.4977598040e-12 5.0649488171e-13 9.9126492225e-13
3.1762695312e+02 1.4983316634e-12 5.0663850311e-13 9.9169316031e-13
3.1768798828e+02 1.4983408495e-12 5.0646619024e-13 9.9187465922e-13
3.1774902344e+02 1.4991974292e-12 5.0650858474e-13 9.9268884446e-13
3.1781005859e+02 1.5007068961e-12 5.0673414898e-13 9.9397274713e-13
3.1787109375e+02 1.5008026579e-12 5.0660355113e-13 9.9419910676e-13
3.1793212891e+02 1.4982982197e-12 5.0581415625e-13 9.9248406348e-13
3.1799316406e+02 1.4946596652e-12 5.0474090048e-13 9.8991876467e-13
3.1805419922e+02 1.4922154283e-12 5.0393011985e-13 9.8828530845e-13
3.1811523438e+02 1.4916105987e-12 5.0340599869e-13 9.8820460002e-13
3.1817626953e+02 1.4918720989e-12 5.0286166904e-13 9.8901042982e-13
3.1823730469e+02 1.4921551115e-12 5.0230427663e-13 9.8985083490e-13
3.1829833984e+02 1.4925176546e-12 5.0208541238e-13 9.9043224221e-13
3.1835937500e+02 1.4933807133e-12 5.0244193541e-13 9.9093877793e-13
3.1842041016e+02 1.4947154271e-12 5.0322724567e-13 9.9148818144e-13
3.1848144531e+02 1.4956133655e-12 5.0399192506e-13 9.9162144040e-13
3.1854248047e+02 1.4948802260e-12 5.0429575748e-13 9.9058446850e-13
3.1860351562e+02 1.4922475498e-12 5.0395991574e-13 9.8828763405e-13
3.1866455078e+02 1.4887175007e-12 5.0311532245e-13 9.8560217821e-13
3.1872558594e+02 1.4857739450e-12 5.0217515485e-13 9.8359879016e-13
3.1878662109e+02 1.4843732622e-12 5.0158622940e-13 9.8278703279e-13
3.1884765625e+02 1.4845669939e-12 5.0145883475e-13 9.8310815920e-13
3.1890869141e+02 1.4858220901e-12 5.0153817080e-13 9.8428391930e-13
3.1896972656e+02 1.4872945405e-12 5.0144471890e-13 9.8584982159e-13
3.1903076172e+02 1.4881479669e-12 5.0097340742e-13 9.8717455944e-13
3.1909179688e+02 1.4884519436e-12 5.0042814853e-13 9.8802379506e-13
3.1915283203e+02 1.4892846142e-12 5.0049687020e-13 9.8878774404e-13
3.1921386719e+02 1.4910255333e-12 5.0144125484e-13 9.8958427844e-13
3.1927490234e+02 1.4923835892e-12 5.0260998254e-13 9.8977360664e-13
3.1933593750e+02 1.4921312248e-12 5.0309584470e-13 9.8903538006e-13
3.1939697266e+02 1.4908324635e-12 5.0270500175e-13 9.8812746177e-13
3.1945800781e+02 1.4899458156e-12 5.0201383526e-13 9.8793198032e-13
3.1951904297e+02 1.4901311719e-12 5.0167632715e-13 9.8845484477e-13
3.1958007812e+02 1.4910051996e-12 5.0193340071e-13 9.8907179891e-13
3.1964111328e+02 1.4917081586e-12 5.0256205711e-13 9.8914610148e-13
3.1970214844e+02 1.4913603939e-12 5.0305091966e-13 9.8830947421e-13
3.1976318359e+02 1.4896736508e-12 5.0302748820e-13 9.8664616263e-13
3.1982421875e+02 1.4874594642e-12 5.0263750727e-13 9.8482195690e-13
3.1988525391e+02 1.4859885521e-12 5.0232613488e-13 9.8366241725e-13
3.1994628906e+02 1.4855506606e-12 5.0223111358e-13 9.8331954706e-13
3.2000732422e+02 1.4851165305e-12 5.0195531121e-13 9.8316121930e-13
3.2006835938e+02 1.4834751542e-12 5.0099759442e-13 9.8247755983e-13
3.2012939453e+02 1.4803911132e-12 4.9940016373e-13 9.8099094950e-13
3.2019042969e+02 1.4769617703e-12 4.9790531025e-13 9.7905646005e-13
3.2025146484e+02 1.4748998572e-12 4.9730982921e-13 9.7759002795e-13
3.2031250000e+02 1.4748032496e-12 4.9761990228e-13 9.7718334734e-13
3.2037353516e+02 1.4752127825e-12 4.9797181026e-13 9.7724097220e-13
3.2043457031e+02 1.4741234049e-12 4.9751316121e-13 9.7661024369e-13
3.2049560547e+02 1.4712834120e-12 4.9634566166e-13 9.7493775038e-13
3.2055664062e+02 1.4683619902e-12 4.9536890237e-13 9.7299308778e-13
3.2061767578e+02 1.4669983355e-12 4.9515768715e-13 9.7184064837e-13
3.2067871094e+02 1.4672964908e-12 4.9538200536e-13 9.7191448549e-13
3.2073974609e+02 1.4681611950e-12 4.9539223149e-13 9.7276896347e-13
3.2080078125e+02 1.4685359479e-12 4.9497749540e-13 9.7355845247e-13
3.2086181641e+02 1.4681427159e-12 4.9446818035e-13 9.7367453556e-13
3.2092285156e+02 1.4671462782e-12 4.9422932743e-13 9.7291695072e-13
3.2098388672e+02 1.4655062214e-12 4.9414227129e-13 9.7136395007e-13
3.2104492188e+02 1.4630898642e-12 4.9373905182e-13 9.6935081243e-13
3.2110595703e+02 1.4601323880e-12 4.9277127499e-13 9.6736111302e-13
3.2116699219e+02 1.4572480554e-12 4.9145564785e-13 9.6579240752e-13
3.2122802734e+02 1.4551843098e-12 4.9025525167e-13 9.6492905816e-13
3.2128906250e+02 1.4544233361e-12 4.8952618895e-13 9.6489714712e-13
3.2135009766e+02 1.4546217989e-12 4.8931530715e-13 9.6530649174e-13
3.2141113281e+02 1.4546232576e-12 4.8941214169e-13 9.6521111595e-13
3.2147216797e+02 1.4534383530e-12 4.8953892977e-13 9.6389942322e-13
3.2153320312e+02 1.4514140385e-12 4.8961388979e-13 9.6180014875e-13
3.2159423828e+02 1.4502533541e-12 4.8991103150e-13 9.6034232260e-13
3.2165527344e+02 1.4512574317e-12 4.9070141391e-13 9.6055601774e-13
3.2171630859e+02 1.4535609528e-12 4.9165531902e-13 9.6190563380e-13
3.2177734375e+02 1.4547758161e-12 4.9196324643e-13 9.6281256968e-13
3.2183837891e+02 1.4532096329e-12 4.9118544275e-13 9.6202419013e-13
3.2189941406e+02 1.4490248669e-12 4.8967512869e-13 9.5934973818e-13
3.2196044922e+02 1.4438454312e-12 4.8809341373e-13 9.5575201750e-13
3.2202148438e+02 1.4397287954e-12 4.8684082870e-13 9.5288796670e-13
3.2208251953e+02 1.4378550769e-12 4.8602142818e-13 9.5183364877e-13
3.2214355469e+02 1.4379214255e-12 4.8567750792e-13 9.5224391757e-13
3.2220458984e+02 1.4390909510e-12 4.8588544900e-13 9.5320550198e-13
3.2226562500e+02 1.4406330487e-12 4.8650150382e-13 9.5413154484e-13
3.2232666016e+02 1.4412841808e-12 4.8692344440e-13 9.5436073645e-13
3.2238769531e+02 1.4398253633e-12 4.8656657336e-13 9.5325878997e-13
3.2244873047e+02 1.4369123573e-12 4.8557315451e-13 9.5133920277e-13
3.2250976562e+02 1.4346499006e-12 4.8459096452e-13 9.5005893610e-13
3.2257080078e+02 1.4340706493e-12 4.8398451013e-13 9.5008613921e-13
3.2263183594e+02 1.4344439478e-12 4.8368112894e-13 9.5076281891e-13
3.2269287109e+02 1.4347763671e-12 4.8352920276e-13 9.5124716434e-13
3.2275390625e+02 1.4345223074e-12 4.8340994357e-13 9.5111236384e-13
3.2281494141e+02 1.4333832538e-12 4.8324239224e-13 9.5014086153e-13
3.2287597656e+02 1.4316665134e-12 4.8313032338e-13 9.4853619000e-13
3.2293701172e+02 1.4302310195e-12 4.8322816225e-13 9.4700285722e-13
3.2299804688e+02 1.4294450786e-12 4.8334342464e-13 9.4610165400e-13
3.2305908203e+02 1.4288906783e-12 4.8302362151e-13 9.4586705680e-13
3.2312011719e+02 1.4283029245e-12 4.8218089345e-13 9.4612203101e-13
3.2318115234e+02 1.4281156451e-12 4.8138328416e-13 9.4673236099e-13
3.2324218750e+02 1.4288172922e-12 4.8131207379e-13 9.4750521841e-13
3.2330322266e+02 1.4300964775e-12 4.8193129127e-13 9.4816518626e-13
3.2336425781e+02 1.4308181809e-12 4.8239048469e-13 9.4842769617e-13
3.2342529297e+02 1.4296686091e-12 4.8183434628e-13 9.4783426279e-13
3.2348632812e+02 1.4260838283e-12 4.8023535648e-13 9.4584847181e-13
3.2354736328e+02 1.4212133415e-12 4.7852739285e-13 9.4268594870e-13
3.2360839844e+02 1.4175469704e-12 4.7787164030e-13 9.3967533014e-13
3.2366943359e+02 1.4167452154e-12 4.7855958502e-13 9.3818563042e-13
3.2373046875e+02 1.4182260657e-12 4.7979877703e-13 9.3842728865e-13
3.2379150391e+02 1.4200256800e-12 4.8059889653e-13 9.3942678347e-13
3.2385253906e+02 1.4203580512e-12 4.8052118408e-13 9.3983686714e-13
3.2391357422e+02 1.4187240442e-12 4.7974406679e-13 9.3897997737e-13
3.2397460938e+02 1.4160882088e-12 4.7875487393e-13 9.3733333484e-13
3.2403564453e+02 1.4135291268e-12 4.7785844274e-13 9.3567068404e-13
3.2409667969e+02 1.4109612521e-12 4.7696223809e-13 9.3399901406e-13
3.2415771484e+02 1.4078832993e-12 4.7594922545e-13 9.3193407387e-13
3.2421875000e+02 1.4046462152e-12 4.7500112665e-13 9.2964508853e-13
3.2427978516e+02 1.4022367632e-12 4.7440355988e-13 9.2783320328e-13
3.2434082031e+02 1.4014673377e-12 4.7431447708e-13 9.2715286059e-13
3.2440185547e+02 1.4025519383e-12 4.7475354694e-13 9.2779839136e-13
3.2446289062e+02 1.4046992337e-12 4.7551516989e-13 9.2918406377e-13
3.2452392578e+02 1.4063136451e-12 4.7610336820e-13 9.3021027695e-13
3.2458496094e+02 1.4063287115e-12 4.7607705421e-13 9.3025165732e-13
3.2464599609e+02 1.4051833367e-12 4.7557288500e-13 9.2961045167e-13
3.2470703125e+02 1.4042127634e-12 4.7520664618e-13 9.2900611724e-13
3.2476806641e+02 1.4042104552e-12 4.7526117337e-13 9.2894928179e-13
3.2482910156e+02 1.4047339657e-12 4.7528733979e-13 9.2944662595e-13
3.2489013672e+02 1.4049234393e-12 4.7479457449e-13 9.3012886478e-13
3.2495117188e+02 1.4047187378e-12 4.7401889335e-13 9.3069984444e-13
3.2501220703e+02 1.4048671554e-12 4.7364651063e-13 9.3122064481e-13
3.2507324219e+02 1.4059634509e-12 4.7396886779e-13 9.3199458314e-13
3.2513427734e+02 1.4077342519e-12 4.7461681202e-13 9.3311743991e-13
3.2519531250e+02 1.4090339825e-12 4.7505235077e-13 9.3398163174e-13
3.2525634766e+02 1.4085831257e-12 4.7506289896e-13 9.3352022674e-13
3.2531738281e+02 1.4060617548e-12 4.7475149225e-13 9.3131026255e-13
3.2537841797e+02 1.4026224633e-12 4.7433419609e-13 9.2828826725e-13
3.2543945312e+02 1.4002891286e-12 4.7412612403e-13 9.2616300455e-13
3.2550048828e+02 1.4004011527e-12 4.7444341028e-13 9.2595774241e-13
3.2556152344e+02 1.4020996840e-12 4.7515887779e-13 9.2694080619e-13
3.2562255859e+02 1.4027864081e-12 4.7555080849e-13 9.2723559959e-13
3.2568359375e+02 1.4007490936e-12 4.7499830407e-13 9.2575078958e-13
3.2574462891e+02 1.3968499122e-12 4.7367353456e-13 9.2317637767e-13
3.2580566406e+02 1.3932812916e-12 4.7229101935e-13 9.2099027221e-13
3.2586669922e+02 1.3914546971e-12 4.7143570652e-13 9.2001899060e-13
3.2592773438e+02 1.3912346201e-12 4.7125831068e-13 9.1997630938e-13
3.2598876953e+02 1.3914181440e-12 4.7147920086e-13 9.1993894318e-13
3.2604980469e+02 1.3907600319e-12 4.7153626423e-13 9.1922376770e-13
3.2611083984e+02 1.3888098384e-12 4.7095623644e-13 9.1785360192e-13
3.2617187500e+02 1.3859401369e-12 4.6972331615e-13 9.1621682073e-13
3.2623291016e+02 1.3827575069e-12 4.6819330530e-13 9.1456420163e-13
3.2629394531e+02 1.3796694922e-12 4.6671270825e-13 9.1295678391e-13
3.2635498047e+02 1.3769514430e-12 4.6550837935e-13 9.1144306366e-13
3.2641601562e+02 1.3747743568e-12 4.6476375538e-13 9.1001060142e-13
3.2647705078e+02 1.3729758327e-12 4.6446230887e-13 9.0851352384e-13
3.2653808594e+02 1.3712257352e-12 4.6425124719e-13 9.0697448805e-13
3.2659912109e+02 1.3697108558e-12 4.6385746076e-13 9.0585339507e-13
3.2666015625e+02 1.3693750602e-12 4.6361684578e-13 9.0575821437e-13
3.2672119141e+02 1.3710750962e-12 4.6412150685e-13 9.0695358935e-13
3.2678222656e+02 1.3745008129e-12 4.6532155824e-13 9.0917925464e-13
3.2684326172e+02 1.3781516748e-12 4.6642656057e-13 9.1172511422e-13
3.2690429688e+02 1.3804209401e-12 4.6675559060e-13 9.1366534950e-13
3.2696533203e+02 1.3806342921e-12 4.6635347671e-13 9.1428081537e-13
3.2702636719e+02 1.3790719472e-12 4.6564569537e-13 9.1342625182e-13
3.2708740234e+02 1.3764208984e-12 4.6484766100e-13 9.1157323738e-13
3.2714843750e+02 1.3735904923e-12 4.6408553039e-13 9.0950496189e-13
3.2720947266e+02 1.3714044422e-12 4.6370614961e-13 9.0769829256e-13
3.2727050781e+02 1.3699247705e-12 4.6392791032e-13 9.0599686017e-13
3.2733154297e+02 1.3687470625e-12 4.6444025295e-13 9.0430680952e-13
3.2739257812e+02 1.3678792609e-12 4.6466564091e-13 9.0321361996e-13
3.2745361328e+02 1.3674958163e-12 4.6426464194e-13 9.0323117438e-13
3.2751464844e+02 1.3673521732e-12 4.6334491261e-13 9.0400726055e-13
3.2757568359e+02 1.3671359425e-12 4.6233407230e-13 9.0480187023e-13
3.2763671875e+02 1.3669323754e-12 4.6167180011e-13 9.0526057526e-13
3.2769775391e+02 1.3669260994e-12 4.6149933470e-13 9.0542676472e-13
3.2775878906e+02 1.3669255769e-12 4.6161638965e-13 9.0530918722e-13
3.2781982422e+02 1.3665785478e-12 4.6178234043e-13 9.0479620734e-13
3.2788085938e+02 1.3658019571e-12 4.6190060763e-13 9.0390134950e-13
3.2794189453e+02 1.3646425653e-12 4.6188649104e-13 9.0275607430e-13
3.2800292969e+02 1.3631703502e-12 4.6164786430e-13 9.0152248590e-13
3.2806396484e+02 1.3616333334e-12 4.6119658181e-13 9.0043675161e-13
3.2812500000e+02 1.3601874020e-12 4.6059019590e-13 8.9959720614e-13
3.2818603516e+02 1.3587306895e-12 4.5988228089e-13 8.9884840859e-13
3.2824707031e+02 1.3573384920e-12 4.5922587683e-13 8.9811261513e-13
3.2830810547e+02 1.3562336354e-12 4.5885041350e-13 8.9738322192e-13
3.2836914062e+02 1.3552483574e-12 4.5882338606e-13 8.9642497132e-13
3.2843017578e+02 1.3540560774e-12 4.5891312892e-13 8.9514294846e-13
3.2849121094e+02 1.3527699898e-12 4.5875514538e-13 8.9401484443e-13
3.2855224609e+02 1.3518299990e-12 4.5822021192e-13 8.9360978708e-13
3.2861328125e+02 1.3515454742e-12 4.5759849722e-13 8.9394697702e-13
3.2867431641e+02 1.3519004117e-12 4.5728873262e-13 8.9461167911e-13
3.2873535156e+02 1.3526903960e-12 4.5739487332e-13 8.9529552272e-13
3.2879638672e+02 1.3536460292e-12 4.5771322317e-13 8.9593280599e-13
3.2885742188e+02 1.3543000101e-12 4.5794494230e-13 8.9635506778e-13
3.2891845703e+02 1.3541538470e-12 4.5788322166e-13 8.9627062531e-13
3.2897949219e+02 1.3533008384e-12 4.5756170928e-13 8.9573912912e-13
3.2904052734e+02 1.3524705885e-12 4.5727006303e-13 8.9520052544e-13
3.2910156250e+02 1.3521548540e-12 4.5728108347e-13 8.9487377052e-13
3.2916259766e+02 1.3521461081e-12 4.5752940273e-13 8.9461670541e-13
3.2922363281e+02 1.3522453439e-12 4.5773706111e-13 8.9450828281e-13
3.2928466797e+02 1.3526642660e-12 4.5775958572e-13 8.9490468028e-13
3.2934570312e+02 1.3531713628e-12 4.5753001754e-13 8.9564134524e-13
3.2940673828e+02 1.3528460157e-12 4.5692170549e-13 8.9592431022e-13
3.2946777344e+02 1.3514887568e-12 4.5606165839e-13 8.9542709845e-13
3.2952880859e+02 1.3502550970e-12 4.5545527833e-13 8.9479981862e-13
3.2958984375e+02 1.3501189946e-12 4.5541738916e-13 8.9470160545e-13
3.2965087891e+02 1.3507613716e-12 4.5574264425e-13 8.9501872736e-13
3.2971191406e+02 1.3513720059e-12 4.5612753828e-13 8.9524446758e-13
3.2977294922e+02 1.3513317748e-12 4.5647256697e-13 8.9485920781e-13
3.2983398438e+02 1.3501354902e-12 4.5670487698e-13 8.9343061326e-13
3.2989501953e+02 1.3479288536e-12 4.5670237609e-13 8.9122647753e-13
3.2995605469e+02 1.3459626059e-12 4.5649386464e-13 8.8946874124e-13
3.3001708984e+02 1.3456205176e-12 4.5636885297e-13 8.8925166463e-13
3.3007812500e+02 1.3471018420e-12 4.5665609002e-13 8.9044575198e-13
3.3013916016e+02 1.3491931613e-12 4.5730619257e-13 8.9188696877e-13
3.3020019531e+02 1.3500289528e-12 4.5774527628e-13 8.9228367654e-13
3.3026123047e+02 1.3482890950e-12 4.5733599941e-13 8.9095309559e-13
3.3032226562e+02 1.3442474777e-12 4.5606017898e-13 8.8818729876e-13
3.3038330078e+02 1.3396922348e-12 4.5457903210e-13 8.8511320274e-13
3.3044433594e+02 1.3364879362e-12 4.5356327512e-13 8.8292466112e-13
3.3050537109e+02 1.3352684127e-12 4.5316104360e-13 8.8210736915e-13
3.3056640625e+02 1.3353759648e-12 4.5306366992e-13 8.8231229493e-13
3.3062744141e+02 1.3355200351e-12 4.5283200769e-13 8.8268802744e-13
3.3068847656e+02 1.3347509841e-12 4.5226768909e-13 8.8248329501e-13
3.3074951172e+02 1.3333846044e-12 4.5164031432e-13 8.8174429010e-13
3.3081054688e+02 1.3326104285e-12 4.5140200784e-13 8.8120842067e-13
3.3087158203e+02 1.3328496063e-12 4.5162028176e-13 8.8122932456e-13
3.3093261719e+02 1.3331721029e-12 4.5186679503e-13 8.8130530783e-13
3.3099365234e+02 1.3325533004e-12 4.5168360710e-13 8.8086969331e-13
3.3105468750e+02 1.3309819549e-12 4.5101727433e-13 8.7996468058e-13
3.3111572266e+02 1.3291759232e-12 4.5017758738e-13 8.7899833581e-13
3.3117675781e+02 1.3278147168e-12 4.4952043883e-13 8.7829427793e-13
3.3123779297e+02 1.3273042122e-12 4.4925428661e-13 8.7804992556e-13
3.3129882812e+02 1.3276509654e-12 4.4933345988e-13 8.7831750547e-13
3.3135986328e+02 1.3281888264e-12 4.4939368821e-13 8.7879513822e-13
3.3142089844e+02 1.3280349106e-12 4.4902847285e-13 8.7900643772e-13
3.3148193359e+02 1.3269749066e-12 4.4821197559e-13 8.7876293105e-13
3.3154296875e+02 1.3254459389e-12 4.4726315259e-13 8.7818278634e-13
3.3160400391e+02 1.3238451021e-12 4.4645331783e-13 8.7739178428e-13
3.3166503906e+02 1.3222978352e-12 4.4584433781e-13 8.7645349739e-13
3.3172607422e+02 1.3209237698e-12 4.4545388321e-13 8.7546988663e-13
3.3178710938e+02 1.3200058384e-12 4.4538090326e-13 8.7462493513e-13
3.3184814453e+02 1.3198168617e-12 4.4566302389e-13 8.7415383779e-13
3.3190917969e+02 1.3201434362e-12 4.4609124039e-13 8.7405219583e-13
3.3197021484e+02 1.3200697584e-12 4.4629862071e-13 8.7377113773e-13
3.3203125000e+02 1.3186378623e-12 4.4602109647e-13 8.7261676580e-13
3.3209228516e+02 1.3156700043e-12 4.4523162240e-13 8.7043838188e-13
3.3215332031e+02 1.3117314927e-12 4.4407080017e-13 8.6766069250e-13
3.3221435547e+02 1.3076480482e-12 4.4275391161e-13 8.6489413662e-13
3.3227539062e+02 1.3043556577e-12 4.4161856171e-13 8.6273709596e-13
3.3233642578e+02 1.3028502950e-12 4.4111011385e-13 8.6174018112e-13
3.3239746094e+02 1.3037035081e-12 4.4151534231e-13 8.6218816580e-13
3.3245849609e+02 1.3064235953e-12 4.4269202358e-13 8.6373157168e-13
3.3251953125e+02 1.3095050156e-12 4.4402851681e-13 8.6547649884e-13
3.3258056641e+02 1.3115623710e-12 4.4478514413e-13 8.6677722688e-13
3.3264160156e+02 1.3124785730e-12 4.4471446552e-13 8.6776410749e-13
3.3270263672e+02 1.3128520225e-12 4.4417933345e-13 8.6867268906e-13
3.3276367188e+02 1.3124453322e-12 4.4353877738e-13 8.6890655484e-13
3.3282470703e+02 1.3103014472e-12 4.4278471987e-13 8.6751672738e-13
3.3288574219e+02 1.3065081670e-12 4.4187438142e-13 8.6463378563e-13
3.3294677734e+02 1.3025731547e-12 4.4097736352e-13 8.6159579118e-13
3.3300781250e+02 1.2996959783e-12 4.4022837131e-13 8.5946760702e-13
3.3306884766e+02 1.2978422112e-12 4.3961920643e-13 8.5822300479e-13
3.3312988281e+02 1.2967910391e-12 4.3924370054e-13 8.5754733854e-13
3.3319091797e+02 1.2967809922e-12 4.3921372865e-13 8.5756726357e-13
3.3325195312e+02 1.2976838527e-12 4.3932792028e-13 8.5835593238e-13
3.3331298828e+02 1.2986288421e-12 4.3927515187e-13 8.5935369027e-13
3.3337402344e+02 1.2989081790e-12 4.3907126313e-13 8.5983691585e-13
3.3343505859e+02 1.2985879664e-12 4.3893663079e-13 8.5965133562e-13
3.3349609375e+02 1.2980143839e-12 4.3887251836e-13 8.5914186558e-13
3.3355712891e+02 1.2972217963e-12 4.3861241205e-13 8.5860938429e-13
3.3361816406e+02 1.2959131902e-12 4.3795243001e-13 8.5796076019e-13
3.3367919922e+02 1.2937488229e-12 4.3700194716e-13 8.5674687569e-13
3.3374023438e+02 1.2907776534e-12 4.3608909204e-13 8.5468856131e-13
3.3380126953e+02 1.2876764289e-12 4.3550302355e-13 8.5217340536e-13
3.3386230469e+02 1.2853812889e-12 4.3537709419e-13 8.5000419469e-13
3.3392333984e+02 1.2844664593e-12 4.3570818164e-13 8.4875827767e-13
3.3398437500e+02 1.2847639010e-12 4.3630082535e-13 8.4846307560e-13
3.3404541016e+02 1.2854763069e-12 4.3673414443e-13 8.4874216244e-13
3.3410644531e+02 1.2859575330e-12 4.3667455891e-13 8.4928297412e-13
3.3416748047e+02 1.2865134913e-12 4.3630197990e-13 8.5021151135e-13
3.3422851562e+02 1.2879925981e-12 4.3616952696e-13 8.5182307115e-13
3.3428955078e+02 1.2902441642e-12 4.3648677608e-13 8.5375738817e-13
3.3435058594e+02 1.2915987334e-12 4.3678429167e-13 8.5481444174e-13
3.3441162109e+02 1.2906018270e-12 4.3650716239e-13 8.5409466461e-13
3.3447265625e+02 1.2876777431e-12 4.3567968810e-13 8.5199805498e-13
3.3453369141e+02 1.2844078988e-12 4.3475493609e-13 8.4965296269e-13
3.3459472656e+02 1.2818633450e-12 4.3407995781e-13 8.4778338721e-13
3.3465576172e+02 1.2801864154e-12 4.3371375890e-13 8.4647265654e-13
3.3471679688e+02 1.2792654089e-12 4.3357627140e-13 8.4568913749e-13
3.3477783203e+02 1.2793935412e-12 4.3364503715e-13 8.4574850403e-13
3.3483886719e+02 1.2810179731e-12 4.3399596964e-13 8.4702200341e-13
3.3489990234e+02 1.2836745111e-12 4.3456189300e-13 8.4911261811e-13
3.3496093750e+02 1.2858239202e-12 4.3496125270e-13 8.5086266751e-13
3.3502197266e+02 1.2862883178e-12 4.3481546499e-13 8.5147285280e-13
3.3508300781e+02 1.2852839556e-12 4.3415351903e-13 8.5113043656e-13
3.3514404297e+02 1.2837138145e-12 4.3330161029e-13 8.5041220425e-13
3.3520507812e+02 1.2821230495e-12 4.3250031423e-13 8.4962273526e-13
3.3526611328e+02 1.2805271041e-12 4.3176837682e-13 8.4875872728e-13
3.3532714844e+02 1.2785890904e-12 4.3101141950e-13 8.4757767086e-13
3.3538818359e+02 1.2759649113e-12 4.3021387697e-13 8.4575103429e-13
3.3544921875e+02 1.2731550262e-12 4.2963331009e-13 8.4352171611e-13
3.3551025391e+02 1.2718119519e-12 4.2974980049e-13 8.4206215138e-13
3.3557128906e+02 1.2732465700e-12 4.3080843546e-13 8.4243813458e-13
3.3563232422e+02 1.2766875498e-12 4.3239474685e-13 8.4429280298e-13
3.3569335938e+02 1.2799096866e-12 4.3368592470e-13 8.4622376192e-13
3.3575439453e+02 1.2814340444e-12 4.3416822750e-13 8.4726581688e-13
3.3581542969e+02 1.2813500064e-12 4.3392134380e-13 8.4742866258e-13
3.3587646484e+02 1.2803757638e-12 4.3329245292e-13 8.4708331088e-13
3.3593750000e+02 1.2789990962e-12 4.3260348079e-13 8.4639561544e-13
3.3599853516e+02 1.2775339018e-12 4.3212370281e-13 8.4541019900e-13
3.3605957031e+02 1.2764425378e-12 4.3204453080e-13 8.4439800704e-13
3.3612060547e+02 1.2760852274e-12 4.3239160185e-13 8.4369362559e-13
3.3618164062e+02 1.2762631032e-12 4.3300965848e-13 8.4325344469e-13
3.3624267578e+02 1.2763435041e-12 4.3355104952e-13 8.4279245461e-13
3.3630371094e+02 1.2756946364e-12 4.3348037011e-13 8.4221426632e-13
3.3636474609e+02 1.2741269383e-12 4.3246790248e-13 8.4165903579e-13
3.3642578125e+02 1.2721135989e-12 4.3086214486e-13 8.4125145407e-13
3.3648681641e+02 1.2703477161e-12 4.2939020148e-13 8.4095751461e-13
3.3654785156e+02 1.2692002270e-12 4.2845286147e-13 8.4074736552e-13
3.3660888672e+02 1.2687822555e-12 4.2803998546e-13 8.4074227002e-13
3.3666992188e+02 1.2692056860e-12 4.2812643732e-13 8.4107924866e-13
3.3673095703e+02 1.2705470774e-12 4.2875849959e-13 8.4178857782e-13
3.3679199219e+02 1.2725757500e-12 4.2978707763e-13 8.4278867235e-13
3.3685302734e+02 1.2745543766e-12 4.3075266969e-13 8.4380170692e-13
3.3691406250e+02 1.2755002810e-12 4.3112326652e-13 8.4437701443e-13
3.3697509766e+02 1.2750053461e-12 4.3070802320e-13 8.4429732287e-13
3.3703613281e+02 1.2738981071e-12 4.2989195131e-13 8.4400615581e-13
3.3709716797e+02 1.2735496310e-12 4.2932912067e-13 8.4422051033e-13
3.3715820312e+02 1.2742444917e-12 4.2931328504e-13 8.4493120666e-13
3.3721923828e+02 1.2749689839e-12 4.2960431381e-13 8.4536467012e-13
3.3728027344e+02 1.2749035533e-12 4.2986940418e-13 8.4503414907e-13
3.3734130859e+02 1.2742923538e-12 4.3008677894e-13 8.4420557487e-13
3.3740234375e+02 1.2739270105e-12 4.3048219089e-13 8.4344481963e-13
3.3746337891e+02 1.2743652385e-12 4.3113970839e-13 8.4322553012e-13
3.3752441406e+02 1.2755222301e-12 4.3174405875e-13 8.4377817132e-13
3.3758544922e+02 1.2766399499e-12 4.3177696750e-13 8.4486298243e-13
3.3764648438e+02 1.2766530867e-12 4.3094485650e-13 8.4570823020e-13
3.3770751953e+02 1.2748701453e-12 4.2944313717e-13 8.4542700812e-13
3.3776855469e+02 1.2714719304e-12 4.2786201205e-13 8.4360991837e-13
3.3782958984e+02 1.2673176141e-12 4.2672827950e-13 8.4058933462e-13
3.3789062500e+02 1.2635007856e-12 4.2614002305e-13 8.3736076258e-13
3.3795166016e+02 1.2612916122e-12 4.2594772583e-13 8.3534388638e-13
3.3801269531e+02 1.2616525843e-12 4.2602578773e-13 8.3562679660e-13
3.3807373047e+02 1.2639228808e-12 4.2613584238e-13 8.3778703844e-13
3.3813476562e+02 1.2657691279e-12 4.2592669693e-13 8.3984243099e-13
3.3819580078e+02 1.2653747014e-12 4.2536793416e-13 8.4000676719e-13
3.3825683594e+02 1.2631125220e-12 4.2484566073e-13 8.3826686124e-13
3.3831787109e+02 1.2606730526e-12 4.2470815676e-13 8.3596489584e-13
3.3837890625e+02 1.2593001562e-12 4.2497569550e-13 8.3432446069e-13
3.3843994141e+02 1.2591570739e-12 4.2540847576e-13 8.3374859818e-13
3.3850097656e+02 1.2596332763e-12 4.2565376713e-13 8.3397950921e-13
3.3856201172e+02 1.2598158454e-12 4.2547134861e-13 8.3434449683e-13
3.3862304688e+02 1.2591252558e-12 4.2497112984e-13 8.3415412596e-13
3.3868408203e+02 1.2579165810e-12 4.2457942852e-13 8.3333715246e-13
3.3874511719e+02 1.2572055644e-12 4.2467958304e-13 8.3252598134e-13
3.3880615234e+02 1.2573514455e-12 4.2522011933e-13 8.3213132621e-13
3.3886718750e+02 1.2573829147e-12 4.2572922046e-13 8.3165369429e-13
3.3892822266e+02 1.2563326172e-12 4.2582106142e-13 8.3051155573e-13
3.3898925781e+02 1.2547197757e-12 4.2557665287e-13 8.2914312283e-13
3.3905029297e+02 1.2539710053e-12 4.2535576379e-13 8.2861524147e-13
3.3911132812e+02 1.2547825848e-12 4.2539687910e-13 8.2938570574e-13
3.3917236328e+02 1.2564580419e-12 4.2563042301e-13 8.3082761885e-13
3.3923339844e+02 1.2576515172e-12 4.2581650581e-13 8.3183501141e-13
3.3929443359e+02 1.2574001474e-12 4.2577797099e-13 8.3162217642e-13
3.3935546875e+02 1.2553813983e-12 4.2541946621e-13 8.2996193205e-13
3.3941650391e+02 1.2519589583e-12 4.2475290394e-13 8.2720605433e-13
3.3947753906e+02 1.2483554321e-12 4.2401356392e-13 8.2434186822e-13
3.3953857422e+02 1.2458421313e-12 4.2339960959e-13 8.2244252168e-13
3.3959960938e+02 1.2445173978e-12 4.2273521400e-13 8.2178218379e-13
3.3966064453e+02 1.2436750200e-12 4.2183008724e-13 8.2184493274e-13
3.3972167969e+02 1.2430608137e-12 4.2099502278e-13 8.2206579089e-13
3.3978271484e+02 1.2428098878e-12 4.2070118399e-13 8.2210870380e-13
3.3984375000e+02 1.2426551814e-12 4.2086144504e-13 8.2179373634e-13
3.3990478516e+02 1.2422953823e-12 4.2090672577e-13 8.2138865655e-13
3.3996582031e+02 1.2420005610e-12 4.2047975959e-13 8.2152080140e-13
3.4002685547e+02 1.2419023995e-12 4.1967025391e-13 8.2223214563e-13
3.4008789062e+02 1.2414289059e-12 4.1875464256e-13 8.2267426336e-13
3.4014892578e+02 1.2400361398e-12 4.1804471126e-13 8.2199142857e-13
3.4020996094e+02 1.2377402322e-12 4.1773252842e-13 8.2000770382e-13
3.4027099609e+02 1.2349411906e-12 4.1765733964e-13 8.1728385092e-13
3.4033203125e+02 1.2323101156e-12 4.1744469888e-13 8.1486541676e-13
3.4039306641e+02 1.2304643318e-12 4.1693734696e-13 8.1352698481e-13
3.4045410156e+02 1.2295241995e-12 4.1636081767e-13 8.1316338181e-13
3.4051513672e+02 1.2293053138e-12 4.1606963809e-13 8.1323567570e-13
3.4057617188e+02 1.2295455583e-12 4.1615304718e-13 8.1339251110e-13
3.4063720703e+02 1.2296368314e-12 4.1633115942e-13 8.1330567202e-13
3.4069824219e+02 1.2289838519e-12 4.1633739803e-13 8.1264645382e-13
3.4075927734e+02 1.2279875317e-12 4.1630478339e-13 8.1168274829e-13
3.4082031250e+02 1.2277329887e-12 4.1656456967e-13 8.1116841907e-13
3.4088134766e+02 1.2284323783e-12 4.1712108998e-13 8.1131128830e-13
3.4094238281e+02 1.2290575300e-12 4.1753267361e-13 8.1152485635e-13
3.4100341797e+02 1.2287024861e-12 4.1738560674e-13 8.1131687933e-13
3.4106445312e+02 1.2275058282e-12 4.1675171883e-13 8.1075410937e-13
3.4112548828e+02 1.2260266614e-12 4.1600353197e-13 8.1002312940e-13
3.4118652344e+02 1.2245817789e-12 4.1538394407e-13 8.0919783485e-13
3.4124755859e+02 1.2235608860e-12 4.1500829547e-13 8.0855259056e-13
3.4130859375e+02 1.2235679821e-12 4.1498119590e-13 8.0858678625e-13
3.4136962891e+02 1.2246726144e-12 4.1521238839e-13 8.0946022605e-13
3.4143066406e+02 1.2259379997e-12 4.1533502685e-13 8.1060297288e-13
3.4149169922e+02 1.2263063081e-12 4.1505024993e-13 8.1125605821e-13
3.4155273438e+02 1.2257886781e-12 4.1448707088e-13 8.1130160719e-13
3.4161376953e+02 1.2252187999e-12 4.1405279525e-13 8.1116600468e-13
3.4167480469e+02 1.2249810620e-12 4.1392558813e-13 8.1105547387e-13
3.4173583984e+02 1.2245083640e-12 4.1385920214e-13 8.1064916183e-13
3.4179687500e+02 1.2232159427e-12 4.1357872716e-13 8.0963721552e-13
3.4185791016e+02 1.2215419000e-12 4.1318300023e-13 8.0835889979e-13
3.4191894531e+02 1.2205986300e-12 4.1299815216e-13 8.0760047788e-13
3.4197998047e+02 1.2211796918e-12 4.1326469765e-13 8.0791499413e-13
3.4204101562e+02 1.2233793869e-12 4.1404116518e-13 8.0933822170e-13
3.4210205078e+02 1.2265106149e-12 4.1510674072e-13 8.1140387420e-13
3.4216308594e+02 1.2293699353e-12 4.1605793233e-13 8.1331200297e-13
3.4222412109e+02 1.2310870716e-12 4.1671697632e-13 8.1437009526e-13
3.4228515625e+02 1.2313640981e-12 4.1709636552e-13 8.1426773255e-13
3.4234619141e+02 1.2301567518e-12 4.1702462235e-13 8.1313212950e-13
3.4240722656e+02 1.2280532803e-12 4.1638270122e-13 8.1167057908e-13
3.4246826172e+02 1.2263189789e-12 4.1549698271e-13 8.1082199618e-13
3.4252929688e+02 1.2257065162e-12 4.1482050458e-13 8.1088601160e-13
3.4259033203e+02 1.2258039482e-12 4.1445609084e-13 8.1134785733e-13
3.4265136719e+02 1.2258006513e-12 4.1422651777e-13 8.1157413353e-13
3.4271240234e+02 1.2253390595e-12 4.1402089069e-13 8.1131816880e-13
3.4277343750e+02 1.2246016501e-12 4.1390961435e-13 8.1069203575e-13
3.4283447266e+02 1.2239251158e-12 4.1395635273e-13 8.0996876311e-13
3.4289550781e+02 1.2233941327e-12 4.1403768860e-13 8.0935644412e-13
3.4295654297e+02 1.2227833219e-12 4.1391682129e-13 8.0886650062e-13
3.4301757812e+02 1.2218550347e-12 4.1346758243e-13 8.0838745227e-13
3.4307861328e+02 1.2205750422e-12 4.1277495503e-13 8.0780008720e-13
3.4313964844e+02 1.2190709448e-12 4.1199253250e-13 8.0707841226e-13
3.4320068359e+02 1.2175738258e-12 4.1119394463e-13 8.0637988112e-13
3.4326171875e+02 1.2163991415e-12 4.1049080422e-13 8.0590833730e-13
3.4332275391e+02 1.2157722270e-12 4.1014268132e-13 8.0562954573e-13
3.4338378906e+02 1.2156375549e-12 4.1031591554e-13 8.0532163941e-13
3.4344482422e+02 1.2156996830e-12 4.1081893961e-13 8.0488074342e-13
3.4350585938e+02 1.2156171387e-12 4.1124941279e-13 8.0436772587e-13
3.4356689453e+02 1.2153693399e-12 4.1141274370e-13 8.0395659623e-13
3.4362792969e+02 1.2154435053e-12 4.1147794447e-13 8.0396556079e-13
3.4368896484e+02 1.2161933462e-12 4.1163554550e-13 8.0455780071e-13
3.4375000000e+02 1.2170156431e-12 4.1171505350e-13 8.0530058963e-13
3.4381103516e+02 1.2166943759e-12 4.1130777753e-13 8.0538659834e-13
3.4387207031e+02 1.2147384797e-12 4.1030404069e-13 8.0443443897e-13
3.4393310547e+02 1.2119700356e-12 4.0915814019e-13 8.0281189539e-13
3.4399414062e+02 1.2095833516e-12 4.0842939728e-13 8.0115395437e-13
3.4405517578e+02 1.2080506918e-12 4.0817370509e-13 7.9987698670e-13
3.4411621094e+02 1.2071063966e-12 4.0804789991e-13 7.9905849665e-13
3.4417724609e+02 1.2063531324e-12 4.0788316778e-13 7.9846996458e-13
3.4423828125e+02 1.2056406380e-12 4.0781201945e-13 7.9782861856e-13
3.4429931641e+02 1.2049326825e-12 4.0789274052e-13 7.9703994198e-13
3.4436035156e+02 1.2039109267e-12 4.0789722094e-13 7.9601370573e-13
3.4442138672e+02 1.2021367892e-12 4.0753159321e-13 7.9460519597e-13
3.4448242188e+02 1.1999379699e-12 4.0682281091e-13 7.9311515896e-13
3.4454345703e+02 1.1984578342e-12 4.0614950590e-13 7.9230832834e-13
3.4460449219e+02 1.1982085393e-12 4.0577309133e-13 7.9243544793e-13
3.4466552734e+02 1.1984262207e-12 4.0558143969e-13 7.9284478100e-13
3.4472656250e+02 1.1984890669e-12 4.0545126589e-13 7.9303780100e-13
3.4478759766e+02 1.1988536980e-12 4.0553262579e-13 7.9332107218e-13
3.4484863281e+02 1.1998641429e-12 4.0595685418e-13 7.9390728876e-13
3.4490966797e+02 1.2007347553e-12 4.0649931412e-13 7.9423544115e-13
3.4497070312e+02 1.2005949943e-12 4.0676327597e-13 7.9383171828e-13
3.4503173828e+02 1.1998236455e-12 4.0660071725e-13 7.9322292821e-13
3.4509277344e+02 1.1994524218e-12 4.0616346591e-13 7.9328895591e-13
3.4515380859e+02 1.1997163906e-12 4.0563522347e-13 7.9408116709e-13
3.4521484375e+02 1.2000668874e-12 4.0513625741e-13 7.9493062995e-13
3.4527587891e+02 1.2001643372e-12 4.0478224468e-13 7.9538209255e-13
3.4533691406e+02 1.1999594244e-12 4.0457614046e-13 7.9538328390e-13
3.4539794922e+02 1.1990908715e-12 4.0430687803e-13 7.9478399352e-13
3.4545898438e+02 1.1969480634e-12 4.0370705612e-13 7.9324100729e-13
3.4552001953e+02 1.1934480583e-12 4.0268447881e-13 7.9076357954e-13
3.4558105469e+02 1.1896258152e-12 4.0149304349e-13 7.8813277171e-13
3.4564208984e+02 1.1871996883e-12 4.0071921911e-13 7.8648046921e-13
3.4570312500e+02 1.1871242150e-12 4.0082016305e-13 7.8630405191e-13
3.4576416016e+02 1.1885615460e-12 4.0157826778e-13 7.8698327822e-13
3.4582519531e+02 1.1895554723e-12 4.0221248664e-13 7.8734298571e-13
3.4588623047e+02 1.1887018038e-12 4.0205261354e-13 7.8664919026e-13
3.4594726562e+02 1.1862323750e-12 4.0107929802e-13 7.8515307698e-13
3.4600830078e+02 1.1837013062e-12 3.9989852177e-13 7.8380278439e-13
3.4606933594e+02 1.1826209395e-12 3.9921050227e-13 7.8341043728e-13
3.4613037109e+02 1.1833821797e-12 3.9930478830e-13 7.8407739143e-13
3.4619140625e+02 1.1852257851e-12 3.9997544696e-13 7.8525033816e-13
3.4625244141e+02 1.1869700202e-12 4.0075488821e-13 7.8621513199e-13
3.4631347656e+02 1.1880729370e-12 4.0129698042e-13 7.8677595661e-13
3.4637451172e+02 1.1889247209e-12 4.0157146676e-13 7.8735325419e-13
3.4643554688e+02 1.1897091765e-12 4.0160807031e-13 7.8810110619e-13
3.4649658203e+02 1.1895802202e-12 4.0126503794e-13 7.8831518230e-13
3.4655761719e+02 1.1875130225e-12 4.0041554300e-13 7.8709747952e-13
3.4661865234e+02 1.1835285507e-12 3.9921566013e-13 7.8431289057e-13
3.4667968750e+02 1.1789845507e-12 3.9816021930e-13 7.8082433144e-13
3.4674072266e+02 1.1758088117e-12 3.9781441491e-13 7.7799439684e-13
3.4680175781e+02 1.1749955034e-12 3.9826235586e-13 7.7673314759e-13
3.4686279297e+02 1.1758077965e-12 3.9894920701e-13 7.7685858945e-13
3.4692382812e+02 1.1767400186e-12 3.9925483713e-13 7.7748518145e-13
3.4698486328e+02 1.1769096629e-12 3.9902033307e-13 7.7788932988e-13
3.4704589844e+02 1.1763756660e-12 3.9847043514e-13 7.7790523090e-13
3.4710693359e+02 1.1755324397e-12 3.9782842299e-13 7.7770401668e-13
3.4716796875e+02 1.1745240066e-12 3.9711616833e-13 7.7740783824e-13
3.4722900391e+02 1.1734143475e-12 3.9637059403e-13 7.7704375351e-13
3.4729003906e+02 1.1724790014e-12 3.9581303157e-13 7.7666596987e-13
3.4735107422e+02 1.1716840246e-12 3.9550295767e-13 7.7618106694e-13
3.4741210938e+02 1.1703722889e-12 3.9512209543e-13 7.7525019351e-13
3.4747314453e+02 1.1680520759e-12 3.9443458140e-13 7.7361749446e-13
3.4753417969e+02 1.1650367884e-12 3.9365198029e-13 7.7138480809e-13
3.4759521484e+02 1.1620980670e-12 3.9309265978e-13 7.6900540720e-13
3.4765625000e+02 1.1598846498e-12 3.9276764927e-13 7.6711700058e-13
3.4771728516e+02 1.1587228386e-12 3.9256592299e-13 7.6615691561e-13
3.4777832031e+02 1.1586423232e-12 3.9261788814e-13 7.6602443507e-13
3.4783935547e+02 1.1592847069e-12 3.9308944046e-13 7.6619526642e-13
3.4790039062e+02 1.1599724547e-12 3.9377495175e-13 7.6619750296e-13
3.4796142578e+02 1.1602322400e-12 3.9427513380e-13 7.6595710620e-13
3.4802246094e+02 1.1599542982e-12 3.9437597395e-13 7.6557832420e-13
3.4808349609e+02 1.1589120090e-12 3.9398945523e-13 7.6492255380e-13
3.4814453125e+02 1.1567908689e-12 3.9303515812e-13 7.6375571074e-13
3.4820556641e+02 1.1538580510e-12 3.9163419238e-13 7.6222385863e-13
3.4826660156e+02 1.1510190160e-12 3.9019242172e-13 7.6082659426e-13
3.4832763672e+02 1.1491208759e-12 3.8914283185e-13 7.5997804401e-13
3.4838867188e+02 1.1484720146e-12 3.8870062646e-13 7.5977138819e-13
3.4844970703e+02 1.1488596742e-12 3.8884073311e-13 7.6001894112e-13
3.4851074219e+02 1.1498699761e-12 3.8941267315e-13 7.6045730297e-13
3.4857177734e+02 1.1511926011e-12 3.9020034672e-13 7.6099225441e-13
3.4863281250e+02 1.1524918205e-12 3.9085820141e-13 7.6163361910e-13
3.4869384766e+02 1.1532597426e-12 3.9102324380e-13 7.6223649884e-13
3.4875488281e+02 1.1531371209e-12 3.9065611076e-13 7.6248101012e-13
3.4881591797e+02 1.1521380383e-12 3.9007720867e-13 7.6206082963e-13
3.4887695312e+02 1.1505533776e-12 3.8957063541e-13 7.6098274221e-13
3.4893798828e+02 1.1488948454e-12 3.8916800776e-13 7.5972683760e-13
3.4899902344e+02 1.1476483177e-12 3.8886598294e-13 7.5878233472e-13
3.4906005859e+02 1.1468718371e-12 3.8875893018e-13 7.5811290688e-13
3.4912109375e+02 1.1462331281e-12 3.8879931289e-13 7.5743381525e-13
3.4918212891e+02 1.1453895533e-12 3.8870250208e-13 7.5668705119e-13
3.4924316406e+02 1.1442922943e-12 3.8829988814e-13 7.5599240618e-13
3.4930419922e+02 1.1433478150e-12 3.8776061560e-13 7.5558719945e-13
3.4936523438e+02 1.1432223107e-12 3.8734000121e-13 7.5588230948e-13
3.4942626953e+02 1.1441953309e-12 3.8713632975e-13 7.5705900115e-13
3.4948730469e+02 1.1457162824e-12 3.8712240369e-13 7.5859387874e-13
3.4954833984e+02 1.1467305293e-12 3.8717975858e-13 7.5955077073e-13
3.4960937500e+02 1.1464709480e-12 3.8711562052e-13 7.5935532747e-13
3.4967041016e+02 1.1450750338e-12 3.8685894891e-13 7.5821608484e-13
3.4973144531e+02 1.1435742377e-12 3.8663756427e-13 7.5693667347e-13
3.4979248047e+02 1.1431825619e-12 3.8682527400e-13 7.5635728793e-13
3.4985351562e+02 1.1442881810e-12 3.8754173851e-13 7.5674644245e-13
3.4991455078e+02 1.1460657717e-12 3.8843025144e-13 7.5763552028e-13
3.4997558594e+02 1.1473434768e-12 3.8896003552e-13 7.5838344128e-13
3.5003662109e+02 1.1477349943e-12 3.8894737542e-13 7.5878761888e-13
3.5009765625e+02 1.1475569125e-12 3.8861467906e-13 7.5894223340e-13
3.5015869141e+02 1.1469692342e-12 3.8819961981e-13 7.5876961442e-13
3.5021972656e+02 1.1458565608e-12 3.8776244434e-13 7.5809411642e-13
3.5028076172e+02 1.1444245999e-12 3.8733923886e-13 7.5708536106e-13
3.5034179688e+02 1.1432008044e-12 3.8699995370e-13 7.5620085073e-13
3.5040283203e+02 1.1423489798e-12 3.8671254225e-13 7.5563643752e-13
3.5046386719e+02 1.1416739559e-12 3.8639256535e-13 7.5528139058e-13
3.5052490234e+02 1.1413751463e-12 3.8615444796e-13 7.5522069830e-13
3.5058593750e+02 1.1419406893e-12 3.8627203969e-13 7.5566864960e-13
3.5064697266e+02 1.1432466884e-12 3.8680306094e-13 7.5644362750e-13
3.5070800781e+02 1.1446207937e-12 3.8748564561e-13 7.5713514806e-13
3.5076904297e+02 1.1457056383e-12 3.8807100301e-13 7.5763463530e-13
3.5083007812e+02 1.1464389077e-12 3.8848643630e-13 7.5795247142e-13
3.5089111328e+02 1.1464559274e-12 3.8863750038e-13 7.5781842707e-13
3.5095214844e+02 1.1454081817e-12 3.8838958310e-13 7.5701859862e-13
3.5101318359e+02 1.1436186200e-12 3.8780403587e-13 7.5581458416e-13
3.5107421875e+02 1.1417014373e-12 3.8714317851e-13 7.5455825878e-13
3.5113525391e+02 1.1399085581e-12 3.8665051906e-13 7.5325803902e-13
3.5119628906e+02 1.1382309506e-12 3.8637391518e-13 7.5185703540e-13
3.5125732422e+02 1.1366032365e-12 3.8607485768e-13 7.5052837880e-13
3.5131835938e+02 1.1350740856e-12 3.8548915213e-13 7.4958493346e-13
3.5137939453e+02 1.1342303842e-12 3.8480878399e-13 7.4942160019e-13
3.5144042969e+02 1.1347680119e-12 3.8450427458e-13 7.5026373729e-13
3.5150146484e+02 1.1363010917e-12 3.8463027946e-13 7.5167081221e-13
3.5156250000e+02 1.1375749637e-12 3.8481810843e-13 7.5275685530e-13
3.5162353516e+02 1.1379972221e-12 3.8489049272e-13 7.5310672937e-13
3.5168457031e+02 1.1379687492e-12 3.8494804717e-13 7.5302070202e-13
3.5174560547e+02 1.1377319482e-12 3.8492767307e-13 7.5280427509e-13
3.5180664062e+02 1.1369039830e-12 3.8460569391e-13 7.5229828911e-13
3.5186767578e+02 1.1352266461e-12 3.8403537208e-13 7.5119127400e-13
3.5192871094e+02 1.1329985304e-12 3.8352927693e-13 7.4946925346e-13
3.5198974609e+02 1.1306666196e-12 3.8318274188e-13 7.4748387771e-13
3.5205078125e+02 1.1286001486e-12 3.8280913990e-13 7.4579100866e-13
3.5211181641e+02 1.1273870754e-12 3.8237945314e-13 7.4500762224e-13
3.5217285156e+02 1.1276054992e-12 3.8214916516e-13 7.4545633403e-13
3.5223388672e+02 1.1288948736e-12 3.8224470731e-13 7.4665016631e-13
3.5229492188e+02 1.1299962258e-12 3.8244000444e-13 7.4755622134e-13
3.5235595703e+02 1.1300951204e-12 3.8246907374e-13 7.4762604663e-13
3.5241699219e+02 1.1293336565e-12 3.8225101917e-13 7.4708263735e-13
3.5247802734e+02 1.1280109795e-12 3.8176668554e-13 7.4624429393e-13
3.5253906250e+02 1.1263081119e-12 3.8109289770e-13 7.4521521415e-13
3.5260009766e+02 1.1246978178e-12 3.8056032465e-13 7.4413749313e-13
3.5266113281e+02 1.1237038240e-12 3.8050918173e-13 7.4319464223e-13
3.5272216797e+02 1.1232187285e-12 3.8082476027e-13 7.4239396823e-13
3.5278320312e+02 1.1227243169e-12 3.8100917385e-13 7.4171514307e-13
3.5284423828e+02 1.1221592639e-12 3.8079413834e-13 7.4136512556e-13
3.5290527344e+02 1.1218132363e-12 3.8034694678e-13 7.4146628948e-13
3.5296630859e+02 1.1215024976e-12 3.7982379967e-13 7.4167869791e-13
3.5302734375e+02 1.1207047430e-12 3.7916168017e-13 7.4154306283e-13
3.5308837891e+02 1.1193664244e-12 3.7840194593e-13 7.4096447846e-13
3.5314941406e+02 1.1178858237e-12 3.7782967135e-13 7.4005615234e-13
3.5321044922e+02 1.1165104248e-12 3.7767902581e-13 7.3883139900e-13
3.5327148438e+02 1.1154041457e-12 3.7795864355e-13 7.3744550216e-13
3.5333251953e+02 1.1150026354e-12 3.7858160369e-13 7.3642103167e-13
3.5339355469e+02 1.1154974111e-12 3.7934888588e-13 7.3614852522e-13
3.5345458984e+02 1.1162372412e-12 3.7980316610e-13 7.3643407512e-13
3.5351562500e+02 1.1163709248e-12 3.7951357759e-13 7.3685734722e-13
3.5357666016e+02 1.1157842454e-12 3.7858268348e-13 7.3720156197e-13
3.5363769531e+02 1.1148389228e-12 3.7753737341e-13 7.3730154938e-13
3.5369873047e+02 1.1135952774e-12 3.7670473968e-13 7.3689053775e-13
3.5375976562e+02 1.1119633816e-12 3.7601747727e-13 7.3594590435e-13
3.5382080078e+02 1.1104007295e-12 3.7542258807e-13 7.3497814144e-13
3.5388183594e+02 1.1098197720e-12 3.7513298123e-13 7.3468679074e-13
3.5394287109e+02 1.1106775942e-12 3.7535826126e-13 7.3531933289e-13
3.5400390625e+02 1.1123567138e-12 3.7596989960e-13 7.3638681416e-13
3.5406494141e+02 1.1136080007e-12 3.7655720821e-13 7.3705079248e-13
3.5412597656e+02 1.1136565375e-12 3.7678500918e-13 7.3687152833e-13
3.5418701172e+02 1.1127505417e-12 3.7666290826e-13 7.3608763342e-13
3.5424804688e+02 1.1115307659e-12 3.7643474427e-13 7.3509602159e-13
3.5430908203e+02 1.1101435835e-12 3.7622643846e-13 7.3391714509e-13
3.5437011719e+02 1.1083679513e-12 3.7594609043e-13 7.3242186084e-13
3.5443115234e+02 1.1063502862e-12 3.7554251164e-13 7.3080777451e-13
3.5449218750e+02 1.1046696443e-12 3.7517156363e-13 7.2949808070e-13
3.5455322266e+02 1.1037686971e-12 3.7505220632e-13 7.2871649083e-13
3.5461425781e+02 1.1036206067e-12 3.7523848562e-13 7.2838212108e-13
3.5467529297e+02 1.1039311226e-12 3.7555886282e-13 7.2837225977e-13
3.5473632812e+02 1.1044593720e-12 3.7576171971e-13 7.2869765229e-13
3.5479736328e+02 1.1049249488e-12 3.7564702878e-13 7.2927792000e-13
3.5485839844e+02 1.1048363151e-12 3.7513033799e-13 7.2970597706e-13
3.5491943359e+02 1.1039716418e-12 3.7438995617e-13 7.2958168562e-13
3.5498046875e+02 1.1030880825e-12 3.7390623649e-13 7.2918184606e-13
3.5504150391e+02 1.1035284717e-12 3.7411607553e-13 7.2941239621e-13
3.5510253906e+02 1.1056495936e-12 3.7491007192e-13 7.3073952164e-13
3.5516357422e+02 1.1081511432e-12 3.7563079697e-13 7.3252034626e-13
3.5522460938e+02 1.1094223580e-12 3.7576211327e-13 7.3366024475e-13
3.5528564453e+02 1.1090430910e-12 3.7543849229e-13 7.3360459869e-13
3.5534667969e+02 1.1076866437e-12 3.7506551604e-13 7.3262112764e-13
3.5540771484e+02 1.1060051557e-12 3.7470940270e-13 7.3129575303e-13
3.5546875000e+02 1.1041199397e-12 3.7421108151e-13 7.2990885818e-13
3.5552978516e+02 1.1021842042e-12 3.7369001715e-13 7.2849418703e-13
3.5559082031e+02 1.1007824707e-12 3.7350437487e-13 7.2727809581e-13
3.5565185547e+02 1.1003381107e-12 3.7372642239e-13 7.2661168831e-13
3.5571289062e+02 1.1003431279e-12 3.7390167994e-13 7.2644144795e-13
3.5577392578e+02 1.0996938177e-12 3.7347711798e-13 7.2621669975e-13
3.5583496094e+02 1.0980066939e-12 3.7243481434e-13 7.2557187951e-13
3.5589599609e+02 1.0961670063e-12 3.7132034672e-13 7.2484665955e-13
3.5595703125e+02 1.0953157715e-12 3.7067123035e-13 7.2464454120e-13
3.5601806641e+02 1.0956187539e-12 3.7057671692e-13 7.2504203694e-13
3.5607910156e+02 1.0963459458e-12 3.7077758740e-13 7.2556835841e-13
3.5614013672e+02 1.0969733838e-12 3.7106295629e-13 7.2591042750e-13
3.5620117188e+02 1.0975568712e-12 3.7140788235e-13 7.2614898888e-13
3.5626220703e+02 1.0979710300e-12 3.7174646211e-13 7.2622456791e-13
3.5632324219e+02 1.0976297553e-12 3.7187686248e-13 7.2575289279e-13
3.5638427734e+02 1.0962446654e-12 3.7164526009e-13 7.2459940533e-13
3.5644531250e+02 1.0942799062e-12 3.7107942971e-13 7.2320047652e-13
3.5650634766e+02 1.0925404119e-12 3.7037883505e-13 7.2216157683e-13
3.5656738281e+02 1.0916432010e-12 3.6979674654e-13 7.2184645447e-13
3.5662841797e+02 1.0917766479e-12 3.6946288119e-13 7.2231376668e-13
3.5668945312e+02 1.0925794217e-12 3.6933565607e-13 7.2324376564e-13
3.5675048828e+02 1.0931531142e-12 3.6928000149e-13 7.2387311272e-13
3.5681152344e+02 1.0925460058e-12 3.6913584689e-13 7.2341015893e-13
3.5687255859e+02 1.0905324670e-12 3.6876824077e-13 7.2176422625e-13
3.5693359375e+02 1.0878774240e-12 3.6815096526e-13 7.1972645872e-13
3.5699462891e+02 1.0858325469e-12 3.6748852952e-13 7.1834401743e-13
3.5705566406e+02 1.0853313158e-12 3.6714193377e-13 7.1818938201e-13
3.5711669922e+02 1.0863146465e-12 3.6724067030e-13 7.1907397619e-13
3.5717773438e+02 1.0876896332e-12 3.6748178470e-13 7.2020784851e-13
3.5723876953e+02 1.0883270703e-12 3.6751723073e-13 7.2080983961e-13
3.5729980469e+02 1.0881348861e-12 3.6737413428e-13 7.2076075183e-13
3.5736083984e+02 1.0876775704e-12 3.6722951713e-13 7.2044805324e-13
3.5742187500e+02 1.0871726839e-12 3.6703735913e-13 7.2013532479e-13
3.5748291016e+02 1.0866478994e-12 3.6674998544e-13 7.1989791400e-13
3.5754394531e+02 1.0863345573e-12 3.6657253178e-13 7.1976202549e-13
3.5760498047e+02 1.0861796707e-12 3.6663194060e-13 7.1954773015e-13
3.5766601562e+02 1.0857244335e-12 3.6671842595e-13 7.1900600753e-13
3.5772705078e+02 1.0848183928e-12 3.6664034582e-13 7.1817804702e-13
3.5778808594e+02 1.0838689253e-12 3.6655098532e-13 7.1731793995e-13
3.5784912109e+02 1.0832076792e-12 3.6665279077e-13 7.1655488839e-13
3.5791015625e+02 1.0825960828e-12 3.6679463891e-13 7.1580144387e-13
3.5797119141e+02 1.0815465394e-12 3.6660070711e-13 7.1494583233e-13
3.5803222656e+02 1.0800662157e-12 3.6592410236e-13 7.1414211335e-13
3.5809326172e+02 1.0788470757e-12 3.6505021534e-13 7.1379686039e-13
3.5815429688e+02 1.0783843818e-12 3.6438197748e-13 7.1400240436e-13
3.5821533203e+02 1.0782551524e-12 3.6398287158e-13 7.1427228081e-13
3.5827636719e+02 1.0778464781e-12 3.6361512057e-13 7.1423135755e-13
3.5833740234e+02 1.0773009832e-12 3.6319852227e-13 7.1410246095e-13
3.5839843750e+02 1.0770908020e-12 3.6298456307e-13 7.1410623893e-13
3.5845947266e+02 1.0771643563e-12 3.6322102764e-13 7.1394332868e-13
3.5852050781e+02 1.0771289842e-12 3.6382265352e-13 7.1330633065e-13
3.5858154297e+02 1.0768511082e-12 3.6443638206e-13 7.1241472614e-13
3.5864257812e+02 1.0763593679e-12 3.6472384753e-13 7.1163552036e-13
3.5870361328e+02 1.0755088366e-12 3.6459047055e-13 7.1091836606e-13
3.5876464844e+02 1.0742090989e-12 3.6422691131e-13 7.0998218763e-13
3.5882568359e+02 1.0728198874e-12 3.6389430955e-13 7.0892557785e-13
3.5888671875e+02 1.0719670586e-12 3.6368108192e-13 7.0828597664e-13
3.5894775391e+02 1.0719505650e-12 3.6353239471e-13 7.0841817029e-13
3.5900878906e+02 1.0725180513e-12 3.6341822649e-13 7.0909982486e-13
3.5906982422e+02 1.0732006685e-12 3.6335690718e-13 7.0984376134e-13
3.5913085938e+02 1.0736452395e-12 3.6331765954e-13 7.1032758000e-13
3.5919189453e+02 1.0736882356e-12 3.6320305730e-13 7.1048517833e-13
3.5925292969e+02 1.0733212325e-12 3.6292915633e-13 7.1039207615e-13
3.5931396484e+02 1.0724922708e-12 3.6243368080e-13 7.1005859004e-13
3.5937500000e+02 1.0710163586e-12 3.6167451128e-13 7.0934184730e-13
3.5943603516e+02 1.0690327997e-12 3.6079611035e-13 7.0823668936e-13
3.5949707031e+02 1.0674050658e-12 3.6019093099e-13 7.0721413486e-13
3.5955810547e+02 1.0669922099e-12 3.6013896579e-13 7.0685324414e-13
3.5961914062e+02 1.0674172321e-12 3.6044091955e-13 7.0697631257e-13
3.5968017578e+02 1.0672983080e-12 3.6062263161e-13 7.0667567642e-13
3.5974121094e+02 1.0658999341e-12 3.6045243609e-13 7.0544749797e-13
3.5980224609e+02 1.0638636180e-12 3.6006733784e-13 7.0379628015e-13
3.5986328125e+02 1.0621930670e-12 3.5964108553e-13 7.0255198143e-13
3.5992431641e+02 1.0613651198e-12 3.5923161845e-13 7.0213350134e-13
3.5998535156e+02 1.0616733569e-12 3.5902163273e-13 7.0265172415e-13
3.6004638672e+02 1.0633557461e-12 3.5931998953e-13 7.0403575652e-13
3.6010742188e+02 1.0658161601e-12 3.6012285537e-13 7.0569330469e-13
3.6016845703e+02 1.0676325913e-12 3.6096732953e-13 7.0666526175e-13
3.6022949219e+02 1.0678031893e-12 3.6135429966e-13 7.0644888967e-13
3.6029052734e+02 1.0663754434e-12 3.6109300475e-13 7.0528243863e-13
3.6035156250e+02 1.0639332648e-12 3.6027628788e-13 7.0365697689e-13
3.6041259766e+02 1.0613118227e-12 3.5925288196e-13 7.0205894078e-13
3.6047363281e+02 1.0595920713e-12 3.5856738970e-13 7.0102468164e-13
3.6053466797e+02 1.0592792861e-12 3.5853076656e-13 7.0074851952e-13
3.6059570312e+02 1.0595235945e-12 3.5883106616e-13 7.0069252832e-13
3.6065673828e+02 1.0590525977e-12 3.5888346564e-13 7.0016913203e-13
3.6071777344e+02 1.0577454048e-12 3.5854219846e-13 6.9920320634e-13
3.6077880859e+02 1.0565724354e-12 3.5817148969e-13 6.9840094568e-13
3.6083984375e+02 1.0562189940e-12 3.5806288263e-13 6.9815611135e-13
3.6090087891e+02 1.0563905437e-12 3.5810477192e-13 6.9828577183e-13
3.6096191406e+02 1.0564622536e-12 3.5805387941e-13 6.9840837417e-13
3.6102294922e+02 1.0564147023e-12 3.5787714863e-13 6.9853755369e-13
3.6108398438e+02 1.0567200684e-12 3.5770052917e-13 6.9901953923e-13
3.6114501953e+02 1.0574177439e-12 3.5755258257e-13 6.9986516131e-13
3.6120605469e+02 1.0578568338e-12 3.5732577752e-13 7.0053105625e-13
3.6126708984e+02 1.0573209651e-12 3.5694028785e-13 7.0038067730e-13
3.6132812500e+02 1.0556970594e-12 3.5646122797e-13 6.9923583140e-13
3.6138916016e+02 1.0537113651e-12 3.5608678630e-13 6.9762457877e-13
3.6145019531e+02 1.0523720096e-12 3.5600647365e-13 6.9636553595e-13
3.6151123047e+02 1.0520245916e-12 3.5626647344e-13 6.9575811820e-13
3.6157226562e+02 1.0522144138e-12 3.5676862788e-13 6.9544578591e-13
3.6163330078e+02 1.0523674943e-12 3.5729256909e-13 6.9507492522e-13
3.6169433594e+02 1.0523592633e-12 3.5756460582e-13 6.9479465748e-13
3.6175537109e+02 1.0526780292e-12 3.5752623705e-13 6.9515179217e-13
3.6181640625e+02 1.0538597513e-12 3.5743784390e-13 6.9642190735e-13
3.6187744141e+02 1.0552562269e-12 3.5745135293e-13 6.9780487400e-13
3.6193847656e+02 1.0551312035e-12 3.5729652472e-13 6.9783467879e-13
3.6199951172e+02 1.0527357263e-12 3.5666232411e-13 6.9607340214e-13
3.6206054688e+02 1.0493473771e-12 3.5567707550e-13 6.9367030159e-13
3.6212158203e+02 1.0468412758e-12 3.5483979860e-13 6.9200147718e-13
3.6218261719e+02 1.0461264501e-12 3.5454635829e-13 6.9158009178e-13
3.6224365234e+02 1.0468704441e-12 3.5471965292e-13 6.9215079119e-13
3.6230468750e+02 1.0479501379e-12 3.5492962522e-13 6.9302051269e-13
3.6236572266e+02 1.0482989798e-12 3.5484090166e-13 6.9345807813e-13
3.6242675781e+02 1.0476771827e-12 3.5445299725e-13 6.9322418548e-13
3.6248779297e+02 1.0466082171e-12 3.5398716745e-13 6.9262104967e-13
3.6254882812e+02 1.0457413563e-12 3.5370606801e-13 6.9203528830e-13
3.6260986328e+02 1.0454622303e-12 3.5379768666e-13 6.9166454367e-13
3.6267089844e+02 1.0458465986e-12 3.5424870634e-13 6.9159789229e-13
3.6273193359e+02 1.0466217329e-12 3.5476093143e-13 6.9186080148e-13
3.6279296875e+02 1.0472552107e-12 3.5487885570e-13 6.9237635500e-13
3.6285400391e+02 1.0474316690e-12 3.5437601359e-13 6.9305565546e-13
3.6291503906e+02 1.0474630787e-12 3.5359688452e-13 6.9386619413e-13
3.6297607422e+02 1.0479144734e-12 3.5321576329e-13 6.9469871007e-13
3.6303710938e+02 1.0489646767e-12 3.5357195587e-13 6.9539272087e-13
3.6309814453e+02 1.0504466086e-12 3.5443186021e-13 6.9601474837e-13
3.6315917969e+02 1.0519316694e-12 3.5529187546e-13 6.9663979397e-13
3.6322021484e+02 1.0524799066e-12 3.5567518532e-13 6.9680472132e-13
3.6328125000e+02 1.0511756611e-12 3.5530097269e-13 6.9587468845e-13
3.6334228516e+02 1.0482336698e-12 3.5427097002e-13 6.9396269979e-13
3.6340332031e+02 1.0450559048e-12 3.5313383281e-13 6.9192207196e-13
3.6346435547e+02 1.0431043918e-12 3.5255490714e-13 6.9054948463e-13
3.6352539062e+02 1.0428857374e-12 3.5278866001e-13 6.9009707736e-13
3.6358642578e+02 1.0438525253e-12 3.5354459985e-13 6.9030792545e-13
3.6364746094e+02 1.0450238466e-12 3.5432246369e-13 6.9070138295e-13
3.6370849609e+02 1.0456263185e-12 3.5474215602e-13 6.9088416250e-13
3.6376953125e+02 1.0453122881e-12 3.5465535903e-13 6.9065692904e-13
3.6383056641e+02 1.0441901098e-12 3.5413883779e-13 6.9005127197e-13
3.6389160156e+02 1.0427848186e-12 3.5340055381e-13 6.8938426483e-13
3.6395263672e+02 1.0416520416e-12 3.5263200931e-13 6.8902003228e-13
3.6401367188e+02 1.0409640339e-12 3.5192498906e-13 6.8903904487e-13
3.6407470703e+02 1.0405763931e-12 3.5131200131e-13 6.8926439175e-13
3.6413574219e+02 1.0402561894e-12 3.5086156114e-13 6.8939462830e-13
3.6419677734e+02 1.0396793053e-12 3.5067020592e-13 6.8900909939e-13
3.6425781250e+02 1.0384674319e-12 3.5068487835e-13 6.8778255359e-13
3.6431884766e+02 1.0364676834e-12 3.5061718942e-13 6.8585049403e-13
3.6437988281e+02 1.0340374214e-12 3.5023321142e-13 6.8380420997e-13
3.6444091797e+02 1.0320069143e-12 3.4967980243e-13 6.8232711188e-13
3.6450195312e+02 1.0311726809e-12 3.4932844127e-13 6.8184423961e-13
3.6456298828e+02 1.0317021492e-12 3.4934947586e-13 6.8235267332e-13
3.6462402344e+02 1.0330515583e-12 3.4960137082e-13 6.8345018748e-13
3.6468505859e+02 1.0344660962e-12 3.4987229919e-13 6.8459379703e-13
3.6474609375e+02 1.0355068605e-12 3.5001875051e-13 6.8548810999e-13
3.6480712891e+02 1.0360393765e-12 3.4991111139e-13 6.8612826513e-13
3.6486816406e+02 1.0359411926e-12 3.4952948368e-13 6.8641170897e-13
3.6492919922e+02 1.0352400965e-12 3.4913519599e-13 6.8610490047e-13
3.6499023438e+02 1.0344170324e-12 3.4908366078e-13 6.8533337163e-13
3.6505126953e+02 1.0340655722e-12 3.4944900878e-13 6.8461656338e-13
3.6511230469e+02 1.0342242380e-12 3.5001744558e-13 6.8420679246e-13
3.6517333984e+02 1.0342968072e-12 3.5052976708e-13 6.8376704008e-13
3.6523437500e+02 1.0336399488e-12 3.5076206394e-13 6.8287788489e-13
3.6529541016e+02 1.0321577791e-12 3.5057849491e-13 6.8157928419e-13
3.6535644531e+02 1.0303651286e-12 3.5007035568e-13 6.8029477296e-13
3.6541748047e+02 1.0290359293e-12 3.4954317952e-13 6.7949274975e-13
3.6547851562e+02 1.0287285777e-12 3.4927915913e-13 6.7944941855e-13
3.6553955078e+02 1.0293668043e-12 3.4928449645e-13 6.8008230780e-13
3.6560058594e+02 1.0303116479e-12 3.4931541497e-13 6.8099623289e-13
3.6566162109e+02 1.0309340925e-12 3.4921151092e-13 6.8172258157e-13
3.6572265625e+02 1.0311088798e-12 3.4914157878e-13 6.8196730105e-13
3.6578369141e+02 1.0312443848e-12 3.4938459810e-13 6.8185978669e-13
3.6584472656e+02 1.0317025893e-12 3.4983197636e-13 6.8187061294e-13
3.6590576172e+02 1.0321963771e-12 3.4993363042e-13 6.8226274668e-13
3.6596679688e+02 1.0321827114e-12 3.4936308668e-13 6.8281962470e-13
3.6602783203e+02 1.0316578736e-12 3.4851266486e-13 6.8314520879e-13
3.6608886719e+02 1.0309419626e-12 3.4801443150e-13 6.8292753111e-13
3.6614990234e+02 1.0300918290e-12 3.4800351809e-13 6.8208831092e-13
3.6621093750e+02 1.0292353626e-12 3.4820188240e-13 6.8103348018e-13
3.6627197266e+02 1.0288770029e-12 3.4845107781e-13 6.8042592504e-13
3.6633300781e+02 1.0291365106e-12 3.4874494429e-13 6.8039156636e-13
3.6639404297e+02 1.0293215124e-12 3.4897264419e-13 6.8034886824e-13
3.6645507812e+02 1.0288991211e-12 3.4901343775e-13 6.7988568335e-13
3.6651611328e+02 1.0282954051e-12 3.4890338398e-13 6.7939202114e-13
3.6657714844e+02 1.0281209192e-12 3.4867093900e-13 6.7944998020e-13
3.6663818359e+02 1.0282122015e-12 3.4824368747e-13 6.7996851407e-13
3.6669921875e+02 1.0280896418e-12 3.4767853001e-13 6.8041111178e-13
3.6676025391e+02 1.0277023264e-12 3.4720731733e-13 6.8049500906e-13
3.6682128906e+02 1.0271206679e-12 3.4691638202e-13 6.8020428591e-13
3.6688232422e+02 1.0261047619e-12 3.4661861843e-13 6.7948614347e-13
3.6694335938e+02 1.0244079089e-12 3.4611599900e-13 6.7829190986e-13
3.6700439453e+02 1.0221200686e-12 3.4537469972e-13 6.7674536891e-13
3.6706542969e+02 1.0195837292e-12 3.4446195388e-13 6.7512177529e-13
3.6712646484e+02 1.0172712422e-12 3.4355429997e-13 6.7371694220e-13
3.6718750000e+02 1.0157590884e-12 3.4297376023e-13 6.7278532816e-13
3.6724853516e+02 1.0154785928e-12 3.4296440148e-13 6.7251419127e-13
3.6730957031e+02 1.0162745715e-12 3.4338007889e-13 6.7289449260e-13
3.6737060547e+02 1.0173505825e-12 3.4376057957e-13 6.7359000298e-13
3.6743164062e+02 1.0179461606e-12 3.4382392237e-13 6.7412223822e-13
3.6749267578e+02 1.0181381905e-12 3.4379941253e-13 6.7433877799e-13
3.6755371094e+02 1.0185707258e-12 3.4409663514e-13 6.7447409061e-13
3.6761474609e+02 1.0192961306e-12 3.4467598613e-13 6.7462014451e-13
3.6767578125e+02 1.0195773114e-12 3.4505276580e-13 6.7452454561e-13
3.6773681641e+02 1.0189358266e-12 3.4494782505e-13 6.7398800155e-13
3.6779785156e+02 1.0177005903e-12 3.4461427873e-13 6.7308631161e-13
3.6785888672e+02 1.0165847954e-12 3.4449073851e-13 6.7209405692e-13
3.6791992188e+02 1.0161901354e-12 3.4473302457e-13 6.7145711079e-13
3.6798095703e+02 1.0165840936e-12 3.4507051544e-13 6.7151357820e-13
3.6804199219e+02 1.0171592401e-12 3.4504852899e-13 6.7211071108e-13
3.6810302734e+02 1.0172970096e-12 3.4446471670e-13 6.7283229286e-13
3.6816406250e+02 1.0169410557e-12 3.4355180733e-13 6.7338924838e-13
3.6822509766e+02 1.0162912035e-12 3.4273028197e-13 6.7356092153e-13
3.6828613281e+02 1.0155960270e-12 3.4230939094e-13 6.7328663611e-13
3.6834716797e+02 1.0154016863e-12 3.4238099421e-13 6.7302069210e-13
3.6840820312e+02 1.0161207409e-12 3.4276916286e-13 6.7335157807e-13
3.6846923828e+02 1.0171450395e-12 3.4308243953e-13 6.7406259994e-13
3.6853027344e+02 1.0171698008e-12 3.4298392666e-13 6.7418587416e-13
3.6859130859e+02 1.0156143439e-12 3.4246144155e-13 6.7315290235e-13
3.6865234375e+02 1.0133221876e-12 3.4185466599e-13 6.7146752156e-13
3.6871337891e+02 1.0116942802e-12 3.4156064841e-13 6.7013363181e-13
3.6877441406e+02 1.0112881805e-12 3.4162973483e-13 6.6965844571e-13
3.6883544922e+02 1.0114765161e-12 3.4176208180e-13 6.6971443433e-13
3.6889648438e+02 1.0112856109e-12 3.4168947637e-13 6.6959613453e-13
3.6895751953e+02 1.0102442871e-12 3.4137361671e-13 6.6887067041e-13
3.6901855469e+02 1.0085573002e-12 3.4092204134e-13 6.6763525885e-13
3.6907958984e+02 1.0066655639e-12 3.4044664394e-13 6.6621891995e-13
3.6914062500e+02 1.0047333836e-12 3.3994776385e-13 6.6478561973e-13
3.6920166016e+02 1.0028811341e-12 3.3943476650e-13 6.6344636764e-13
3.6926269531e+02 1.0017857854e-12 3.3916805408e-13 6.6261773130e-13
3.6932373047e+02 1.0021338000e-12 3.3943562209e-13 6.6269817786e-13
3.6938476562e+02 1.0032897547e-12 3.4002457274e-13 6.6326518191e-13
3.6944580078e+02 1.0035222866e-12 3.4026006970e-13 6.6326221688e-13
3.6950683594e+02 1.0018941507e-12 3.3967059020e-13 6.6222356047e-13
3.6956787109e+02 9.9921334439e-13 3.3847661790e-13 6.6073672649e-13
3.6962890625e+02 9.9705954769e-13 3.3740641624e-13 6.5965313146e-13
3.6968994141e+02 9.9638798004e-13 3.3701771344e-13 6.5937026660e-13
3.6975097656e+02 9.9684757150e-13 3.3714241849e-13 6.5970515301e-13
3.6981201172e+02 9.9708636756e-13 3.3709016500e-13 6.5999620256e-13
3.6987304688e+02 9.9604385313e-13 3.3647994748e-13 6.5956390565e-13
3.6993408203e+02 9.9418388375e-13 3.3569739569e-13 6.5848648806e-13
3.6999511719e+02 9.9317920866e-13 3.3542676673e-13 6.5775244193e-13
3.7005615234e+02 9.9410311566e-13 3.3592134212e-13 6.5818177353e-13
3.7011718750e+02 9.9624985624e-13 3.3687917756e-13 6.5937067867e-13
3.7017822266e+02 9.9809273455e-13 3.3788165557e-13 6.6021107898e-13
3.7023925781e+02 9.9884678274e-13 3.3868489180e-13 6.6016189093e-13
3.7030029297e+02 9.9868167592e-13 3.3910978767e-13 6.5957188825e-13
3.7036132812e+02 9.9795395332e-13 3.3895980895e-13 6.5899414436e-13
3.7042236328e+02 9.9671353092e-13 3.3820368822e-13 6.5850984270e-13
3.7048339844e+02 9.9492681613e-13 3.3714724693e-13 6.5777956919e-13
3.7054443359e+02 9.9288212845e-13 3.3627384186e-13 6.5660828659e-13
3.7060546875e+02 9.9112824217e-13 3.3585855563e-13 6.5526968654e-13
3.7066650391e+02 9.9012685201e-13 3.3582941565e-13 6.5429743636e-13
3.7072753906e+02 9.8996674802e-13 3.3597111693e-13 6.5399563109e-13
3.7078857422e+02 9.9020767427e-13 3.3608495084e-13 6.5412272343e-13
3.7084960938e+02 9.9013953950e-13 3.3600163826e-13 6.5413790125e-13
3.7091064453e+02 9.8937468005e-13 3.3563761665e-13 6.5373706339e-13
3.7097167969e+02 9.8818508646e-13 3.3513529445e-13 6.5304979200e-13
3.7103271484e+02 9.8734009745e-13 3.3488442128e-13 6.5245567616e-13
3.7109375000e+02 9.8762722220e-13 3.3522710045e-13 6.5240012175e-13
3.7115478516e+02 9.8927086130e-13 3.3608792112e-13 6.5318294018e-13
3.7121582031e+02 9.9149177914e-13 3.3695196022e-13 6.5453981892e-13
3.7127685547e+02 9.9283883935e-13 3.3722729475e-13 6.5561154460e-13
3.7133789062e+02 9.9242987213e-13 3.3671526871e-13 6.5571460341e-13
3.7139892578e+02 9.9074378594e-13 3.3579621842e-13 6.5494756751e-13
3.7145996094e+02 9.8892256836e-13 3.3505670087e-13 6.5386586749e-13
3.7152099609e+02 9.8765972847e-13 3.3474768469e-13 6.5291204378e-13
3.7158203125e+02 9.8699103906e-13 3.3473085551e-13 6.5226018355e-13
3.7164306641e+02 9.8664057167e-13 3.3477993675e-13 6.5186063492e-13
3.7170410156e+02 9.8642275971e-13 3.3477913517e-13 6.5164362454e-13
3.7176513672e+02 9.8649104747e-13 3.3475742852e-13 6.5173361896e-13
3.7182617188e+02 9.8676457397e-13 3.3472638132e-13 6.5203819265e-13
3.7188720703e+02 9.8631288168e-13 3.3453267098e-13 6.5178021070e-13
3.7194824219e+02 9.8428569475e-13 3.3407614663e-13 6.5020954812e-13
3.7200927734e+02 9.8120891895e-13 3.3348909026e-13 6.4771982869e-13
3.7207031250e+02 9.7851100414e-13 3.3289068396e-13 6.4562032018e-13
3.7213134766e+02 9.7702416705e-13 3.3224891280e-13 6.4477525425e-13
3.7219238281e+02 9.7649489074e-13 3.3162118026e-13 6.4487371048e-13
3.7225341797e+02 9.7640673915e-13 3.3124904798e-13 6.4515769117e-13
3.7231445312e+02 9.7680300581e-13 3.3131408082e-13 6.4548892499e-13
3.7237548828e+02 9.7802129624e-13 3.3175600256e-13 6.4626529368e-13
3.7243652344e+02 9.7991063240e-13 3.3238057323e-13 6.4753005917e-13
3.7249755859e+02 9.8180903734e-13 3.3305953574e-13 6.4874950160e-13
3.7255859375e+02 9.8300856098e-13 3.3370441718e-13 6.4930414380e-13
3.7261962891e+02 9.8286117343e-13 3.3408186868e-13 6.4877930476e-13
3.7268066406e+02 9.8109796486e-13 3.3392625450e-13 6.4717171035e-13
3.7274169922e+02 9.7843505265e-13 3.3329263132e-13 6.4514242133e-13
3.7280273438e+02 9.7608924857e-13 3.3252309545e-13 6.4356615312e-13
3.7286376953e+02 9.7449075479e-13 3.3184930591e-13 6.4264144888e-13
3.7292480469e+02 9.7324724360e-13 3.3130888665e-13 6.4193835695e-13
3.7298583984e+02 9.7230432270e-13 3.3097119969e-13 6.4133312301e-13
3.7304687500e+02 9.7225137112e-13 3.3093265256e-13 6.4131871856e-13
3.7310791016e+02 9.7341454468e-13 3.3113191324e-13 6.4228263143e-13
3.7316894531e+02 9.7523345766e-13 3.3135129245e-13 6.4388216521e-13
3.7322998047e+02 9.7675735955e-13 3.3140562112e-13 6.4535173843e-13
3.7329101562e+02 9.7755020276e-13 3.3128160174e-13 6.4626860102e-13
3.7335205078e+02 9.7776526261e-13 3.3106370731e-13 6.4670155530e-13
3.7341308594e+02 9.7751559018e-13 3.3076441423e-13 6.4675117595e-13
3.7347412109e+02 9.7676840050e-13 3.3033375726e-13 6.4643464324e-13
3.7353515625e+02 9.7570902179e-13 3.2981962992e-13 6.4588939187e-13
3.7359619141e+02 9.7466882537e-13 3.2938991805e-13 6.4527890732e-13
3.7365722656e+02 9.7380469156e-13 3.2915403277e-13 6.4465065879e-13
3.7371826172e+02 9.7310502434e-13 3.2901045039e-13 6.4409457395e-13
3.7377929688e+02 9.7256323809e-13 3.2874060964e-13 6.4382262845e-13
3.7384033203e+02 9.7226397105e-13 3.2829003905e-13 6.4397393200e-13
3.7390136719e+02 9.7230959782e-13 3.2787110522e-13 6.4443849260e-13
3.7396240234e+02 9.7255243233e-13 3.2771905842e-13 6.4483337391e-13
3.7402343750e+02 9.7259363891e-13 3.2788133964e-13 6.4471229927e-13
3.7408447266e+02 9.7221499024e-13 3.2828117932e-13 6.4393381092e-13
3.7414550781e+02 9.7154445503e-13 3.2875116291e-13 6.4279329211e-13
3.7420654297e+02 9.7083431799e-13 3.2902080459e-13 6.4181351340e-13
3.7426757812e+02 9.7028089737e-13 3.2891850269e-13 6.4136239468e-13
3.7432861328e+02 9.6983213766e-13 3.2850583388e-13 6.4132630378e-13
3.7438964844e+02 9.6913749476e-13 3.2792097105e-13 6.4121652371e-13
3.7445068359e+02 9.6806589188e-13 3.2733018406e-13 6.4073570782e-13
3.7451171875e+02 9.6719704408e-13 3.2704611680e-13 6.4015092728e-13
3.7457275391e+02 9.6732352024e-13 3.2734258640e-13 6.3998093384e-13
3.7463378906e+02 9.6848146916e-13 3.2808299710e-13 6.4039847206e-13
3.7469482422e+02 9.6993867877e-13 3.2884030549e-13 6.4109837328e-13
3.7475585938e+02 9.7121333137e-13 3.2943216838e-13 6.4178116298e-13
3.7481689453e+02 9.7262532704e-13 3.3005218382e-13 6.4257314321e-13
3.7487792969e+02 9.7467523164e-13 3.3086628016e-13 6.4380895147e-13
3.7493896484e+02 9.7715615657e-13 3.3170783198e-13 6.4544832459e-13
3.7500000000e+02 9.7903137033e-13 3.3222551851e-13 6.4680585182e-13
3.7506103516e+02 9.7927462248e-13 3.3221911970e-13 6.4705550278e-13
3.7512207031e+02 9.7785935499e-13 3.3172404886e-13 6.4613530613e-13
3.7518310547e+02 9.7577358906e-13 3.3088417639e-13 6.4488941268e-13
3.7524414062e+02 9.7408540060e-13 3.2991775158e-13 6.4416764902e-13
3.7530517578e+02 9.7327048306e-13 3.2912253224e-13 6.4414795082e-13
3.7536621094e+02 9.7334874424e-13 3.2876672349e-13 6.4458202074e-13
3.7542724609e+02 9.7413372099e-13 3.2894455206e-13 6.4518916893e-13
3.7548828125e+02 9.7525124650e-13 3.2950653420e-13 6.4574471230e-13
3.7554931641e+02 9.7627965761e-13 3.3012573995e-13 6.4615391766e-13
3.7561035156e+02 9.7697129323e-13 3.3050448624e-13 6.4646680699e-13
3.7567138672e+02 9.7717286220e-13 3.3053297847e-13 6.4663988374e-13
3.7573242188e+02 9.7662572249e-13 3.3024331727e-13 6.4638240521e-13
3.7579345703e+02 9.7525796142e-13 3.2975748813e-13 6.4550047330e-13
3.7585449219e+02 9.7367836592e-13 3.2934308572e-13 6.4433528020e-13
3.7591552734e+02 9.7276158092e-13 3.2926295065e-13 6.4349863027e-13
3.7597656250e+02 9.7259852778e-13 3.2944837312e-13 6.4315015466e-13
3.7603759766e+02 9.7246332928e-13 3.2955908582e-13 6.4290424346e-13
3.7609863281e+02 9.7188611213e-13 3.2944222006e-13 6.4244389206e-13
3.7615966797e+02 9.7113273713e-13 3.2931275990e-13 6.4181997724e-13
3.7622070312e+02 9.7046789147e-13 3.2938039917e-13 6.4108749230e-13
3.7628173828e+02 9.6953250685e-13 3.2947787057e-13 6.4005463627e-13
3.7634277344e+02 9.6788416304e-13 3.2922997783e-13 6.3865418521e-13
3.7640380859e+02 9.6589279570e-13 3.2853821961e-13 6.3735457608e-13
3.7646484375e+02 9.6450747197e-13 3.2774573394e-13 6.3676173803e-13
3.7652587891e+02 9.6397093454e-13 3.2725944689e-13 6.3671148765e-13
3.7658691406e+02 9.6342930793e-13 3.2711661064e-13 6.3631269729e-13
3.7664794922e+02 9.6216999530e-13 3.2703685954e-13 6.3513313576e-13
3.7670898438e+02 9.6059943959e-13 3.2682258112e-13 6.3377685848e-13
3.7677001953e+02 9.5964320015e-13 3.2654700810e-13 6.3309619204e-13
3.7683105469e+02 9.5961176151e-13 3.2635901962e-13 6.3325274189e-13
3.7689208984e+02 9.6003286241e-13 3.2629014371e-13 6.3374271870e-13
3.7695312500e+02 9.6043541026e-13 3.2631419629e-13 6.3412121397e-13
3.7701416016e+02 9.6081986632e-13 3.2643015878e-13 6.3438970754e-13
3.7707519531e+02 9.6137249625e-13 3.2659474725e-13 6.3477774900e-13
3.7713623047e+02 9.6212273279e-13 3.2665560961e-13 6.3546712318e-13
3.7719726562e+02 9.6285264605e-13 3.2643969560e-13 6.3641295045e-13
3.7725830078e+02 9.6316220918e-13 3.2593062290e-13 6.3723158628e-13
3.7731933594e+02 9.6267810202e-13 3.2529635131e-13 6.3738175070e-13
3.7738037109e+02 9.6128306765e-13 3.2471447193e-13 6.3656859572e-13
3.7744140625e+02 9.5928943257e-13 3.2427843549e-13 6.3501099708e-13
3.7750244141e+02 9.5748016841e-13 3.2409940905e-13 6.3338075936e-13
3.7756347656e+02 9.5680406663e-13 3.2432414007e-13 6.3247992657e-13
3.7762451172e+02 9.5773624591e-13 3.2491302941e-13 6.3282321650e-13
3.7768554688e+02 9.5965754322e-13 3.2547360969e-13 6.3418393353e-13
3.7774658203e+02 9.6101151321e-13 3.2551388407e-13 6.3549762914e-13
3.7780761719e+02 9.6061627850e-13 3.2491705275e-13 6.3569922575e-13
3.7786865234e+02 9.5877774015e-13 3.2401537235e-13 6.3476236781e-13
3.7792968750e+02 9.5672366109e-13 3.2318439582e-13 6.3353926527e-13
3.7799072266e+02 9.5525547292e-13 3.2255856961e-13 6.3269690331e-13
3.7805175781e+02 9.5436820711e-13 3.2215062554e-13 6.3221758157e-13
3.7811279297e+02 9.5380905361e-13 3.2203166531e-13 6.3177738830e-13
3.7817382812e+02 9.5339538361e-13 3.2222489467e-13 6.3117048894e-13
3.7823486328e+02 9.5285856479e-13 3.2246941636e-13 6.3038914844e-13
3.7829589844e+02 9.5196891498e-13 3.2238148159e-13 6.2958743339e-13
3.7835693359e+02 9.5091246823e-13 3.2195396576e-13 6.2895850247e-13
3.7841796875e+02 9.5010914161e-13 3.2160344145e-13 6.2850570016e-13
3.7847900391e+02 9.4968938929e-13 3.2164243505e-13 6.2804695425e-13
3.7854003906e+02 9.4948997320e-13 3.2195771586e-13 6.2753225734e-13
3.7860107422e+02 9.4932928869e-13 3.2220865533e-13 6.2712063336e-13
3.7866210938e+02 9.4895200201e-13 3.2213316877e-13 6.2681883324e-13
3.7872314453e+02 9.4801925170e-13 3.2166210793e-13 6.2635714376e-13
3.7878417969e+02 9.4645031839e-13 3.2088963038e-13 6.2556068801e-13
3.7884521484e+02 9.4454401928e-13 3.2000595791e-13 6.2453806136e-13
3.7890625000e+02 9.4276385207e-13 3.1924126971e-13 6.2352258236e-13
3.7896728516e+02 9.4154994581e-13 3.1878182807e-13 6.2276811774e-13
3.7902832031e+02 9.4102811900e-13 3.1863716102e-13 6.2239095798e-13
3.7908935547e+02 9.4094121059e-13 3.1866731097e-13 6.2227389963e-13
3.7915039062e+02 9.4117561707e-13 3.1879987631e-13 6.2237574075e-13
3.7921142578e+02 9.4182981555e-13 3.1901768795e-13 6.2281212760e-13
3.7927246094e+02 9.4249027752e-13 3.1910405036e-13 6.2338622715e-13
3.7933349609e+02 9.4236890160e-13 3.1877317265e-13 6.2359572895e-13
3.7939453125e+02 9.4155408701e-13 3.1818794939e-13 6.2336613762e-13
3.7945556641e+02 9.4126738840e-13 3.1797144504e-13 6.2329594336e-13
3.7951660156e+02 9.4240650702e-13 3.1848952507e-13 6.2391698196e-13
3.7957763672e+02 9.4437662643e-13 3.1939319222e-13 6.2498343421e-13
3.7963867188e+02 9.4575359194e-13 3.2003351841e-13 6.2572007353e-13
3.7969970703e+02 9.4577465805e-13 3.2009817161e-13 6.2567648644e-13
3.7976074219e+02 9.4488425048e-13 3.1974488482e-13 6.2513936566e-13
3.7982177734e+02 9.4394687030e-13 3.1930828175e-13 6.2463858855e-13
3.7988281250e+02 9.4329766209e-13 3.1900806307e-13 6.2428959901e-13
3.7994384766e+02 9.4286202720e-13 3.1892057173e-13 6.2394145548e-13
3.8000488281e+02 9.4275542356e-13 3.1908038680e-13 6.2367503675e-13
3.8006591797e+02 9.4306685983e-13 3.1945535741e-13 6.2361150242e-13
3.8012695312e+02 9.4337600276e-13 3.1987605263e-13 6.2349995013e-13
3.8018798828e+02 9.4306661642e-13 3.2008269039e-13 6.2298392603e-13
3.8024902344e+02 9.4189751562e-13 3.1985154516e-13 6.2204597046e-13
3.8031005859e+02 9.4011479938e-13 3.1914162849e-13 6.2097317089e-13
3.8037109375e+02 9.3825230448e-13 3.1815387304e-13 6.2009843144e-13
3.8043212891e+02 9.3680307589e-13 3.1719515621e-13 6.1960791968e-13
3.8049316406e+02 9.3593162448e-13 3.1649064055e-13 6.1944098393e-13
3.8055419922e+02 9.3548630265e-13 3.1611785659e-13 6.1936844606e-13
3.8061523438e+02 9.3530825892e-13 3.1603411627e-13 6.1927414264e-13
3.8067626953e+02 9.3552447695e-13 3.1617925616e-13 6.1934522079e-13
3.8073730469e+02 9.3632902248e-13 3.1653190808e-13 6.1979711440e-13
3.8079833984e+02 9.3741449748e-13 3.1696307147e-13 6.2045142601e-13
3.8085937500e+02 9.3808509494e-13 3.1720505787e-13 6.2088003707e-13
3.8092041016e+02 9.3799625572e-13 3.1713034510e-13 6.2086591062e-13
3.8098144531e+02 9.3728176878e-13 3.1684223996e-13 6.2043952882e-13
3.8104248047e+02 9.3612210433e-13 3.1644181045e-13 6.1968029388e-13
3.8110351562e+02 9.3472227633e-13 3.1599496550e-13 6.1872731083e-13
3.8116455078e+02 9.3348956100e-13 3.1566432998e-13 6.1782523102e-13
3.8122558594e+02 9.3273576138e-13 3.1554954545e-13 6.1718621593e-13
3.8128662109e+02 9.3227863412e-13 3.1550307892e-13 6.1677555520e-13
3.8134765625e+02 9.3173613579e-13 3.1537053388e-13 6.1636560190e-13
3.8140869141e+02 9.3111115684e-13 3.1525627890e-13 6.1585487794e-13
3.8146972656e+02 9.3069973324e-13 3.1532518403e-13 6.1537454920e-13
3.8153076172e+02 9.3062439470e-13 3.1551164927e-13 6.1511274543e-13
3.8159179688e+02 9.3074467039e-13 3.1561602813e-13 6.1512864226e-13
3.8165283203e+02 9.3087718081e-13 3.1556513023e-13 6.1531205058e-13
3.8171386719e+02 9.3087757114e-13 3.1542288490e-13 6.1545468624e-13
3.8177490234e+02 9.3049597261e-13 3.1520905927e-13 6.1528691334e-13
3.8183593750e+02 9.2942385726e-13 3.1484598182e-13 6.1457787544e-13
3.8189697266e+02 9.2766178852e-13 3.1430198646e-13 6.1335980206e-13
3.8195800781e+02 9.2572707843e-13 3.1372922271e-13 6.1199785572e-13
3.8201904297e+02 9.2435216960e-13 3.1339120809e-13 6.1096096151e-13
3.8208007812e+02 9.2394121776e-13 3.1341468480e-13 6.1052653295e-13
3.8214111328e+02 9.2433778741e-13 3.1365431775e-13 6.1068346966e-13
3.8220214844e+02 9.2504834709e-13 3.1383305178e-13 6.1121529531e-13
3.8226318359e+02 9.2556858559e-13 3.1377182961e-13 6.1179675598e-13
3.8232421875e+02 9.2555280825e-13 3.1346213010e-13 6.1209067816e-13
3.8238525391e+02 9.2488280211e-13 3.1298064567e-13 6.1190215644e-13
3.8244628906e+02 9.2366524017e-13 3.1239449191e-13 6.1127074826e-13
3.8250732422e+02 9.2207600931e-13 3.1173568858e-13 6.1034032073e-13
3.8256835938e+02 9.2023734877e-13 3.1107274252e-13 6.0916460625e-13
3.8262939453e+02 9.1836513331e-13 3.1060135791e-13 6.0776377540e-13
3.8269042969e+02 9.1688081616e-13 3.1053145818e-13 6.0634935799e-13
3.8275146484e+02 9.1613217764e-13 3.1084901298e-13 6.0528316466e-13
3.8281250000e+02 9.1605802027e-13 3.1132453315e-13 6.0473348711e-13
3.8287353516e+02 9.1629304484e-13 3.1170788047e-13 6.0458516437e-13
3.8293457031e+02 9.1646364094e-13 3.1179165902e-13 6.0467198193e-13
3.8299560547e+02 9.1625103517e-13 3.1145218149e-13 6.0479885368e-13
3.8305664062e+02 9.1549551556e-13 3.1080715946e-13 6.0468835611e-13
3.8311767578e+02 9.1445873743e-13 3.1020469417e-13 6.0425404326e-13
3.8317871094e+02 9.1376542550e-13 3.0993740836e-13 6.0382801714e-13
3.8323974609e+02 9.1391443329e-13 3.1003933806e-13 6.0387509522e-13
3.8330078125e+02 9.1476591745e-13 3.1032931547e-13 6.0443660199e-13
3.8336181641e+02 9.1543779324e-13 3.1050783768e-13 6.0492995556e-13
3.8342285156e+02 9.1495126685e-13 3.1028509599e-13 6.0466617086e-13
3.8348388672e+02 9.1325552778e-13 3.0961290936e-13 6.0364261842e-13
3.8354492188e+02 9.1140190623e-13 3.0877450083e-13 6.0262740539e-13
3.8360595703e+02 9.1054143062e-13 3.0814806767e-13 6.0239336294e-13
3.8366699219e+02 9.1096430781e-13 3.0793414608e-13 6.0303016173e-13
3.8372802734e+02 9.1200943845e-13 3.0808125576e-13 6.0392818269e-13
3.8378906250e+02 9.1263567684e-13 3.0834674111e-13 6.0428893573e-13
3.8385009766e+02 9.1221831188e-13 3.0850024555e-13 6.0371806633e-13
3.8391113281e+02 9.1096268852e-13 3.0855186740e-13 6.0241082111e-13
3.8397216797e+02 9.0962934117e-13 3.0869698860e-13 6.0093235257e-13
3.8403320312e+02 9.0886489156e-13 3.0900919726e-13 5.9985569430e-13
3.8409423828e+02 9.0873215680e-13 3.0931371287e-13 5.9941844393e-13
3.8415527344e+02 9.0896352564e-13 3.0943269116e-13 5.9953083449e-13
3.8421630859e+02 9.0938050899e-13 3.0936588736e-13 6.0001462163e-13
3.8427734375e+02 9.0971826430e-13 3.0912846752e-13 6.0058979678e-13
3.8433837891e+02 9.0959652547e-13 3.0870426438e-13 6.0089226109e-13
3.8439941406e+02 9.0907777302e-13 3.0828552244e-13 6.0079225058e-13
3.8446044922e+02 9.0872068362e-13 3.0822663226e-13 6.0049405136e-13
3.8452148438e+02 9.0884272902e-13 3.0860786172e-13 6.0023486730e-13
3.8458251953e+02 9.0910716674e-13 3.0907517774e-13 6.0003198900e-13
3.8464355469e+02 9.0898695964e-13 3.0920834871e-13 5.9977861093e-13
3.8470458984e+02 9.0835282227e-13 3.0891570532e-13 5.9943711695e-13
3.8476562500e+02 9.0731868370e-13 3.0842035246e-13 5.9889833125e-13
3.8482666016e+02 9.0584723879e-13 3.0796767269e-13 5.9787956609e-13
3.8488769531e+02 9.0402626290e-13 3.0762885465e-13 5.9639740825e-13
3.8494873047e+02 9.0233640573e-13 3.0728005308e-13 5.9505635265e-13
3.8500976562e+02 9.0114100728e-13 3.0668404392e-13 5.9445696336e-13
3.8507080078e+02 9.0032982642e-13 3.0575785835e-13 5.9457196807e-13
3.8513183594e+02 8.9965150113e-13 3.0479196298e-13 5.9485953814e-13
3.8519287109e+02 8.9897182342e-13 3.0419149459e-13 5.9478032883e-13
3.8525390625e+02 8.9825998088e-13 3.0403485776e-13 5.9422512312e-13
3.8531494141e+02 8.9756160075e-13 3.0407662890e-13 5.9348497185e-13
3.8537597656e+02 8.9687170207e-13 3.0410501751e-13 5.9276668456e-13
3.8543701172e+02 8.9616410960e-13 3.0413330835e-13 5.9203080125e-13
3.8549804688e+02 8.9571454191e-13 3.0430258804e-13 5.9141195387e-13
3.8555908203e+02 8.9597876070e-13 3.0471940182e-13 5.9125935888e-13
3.8562011719e+02 8.9696859398e-13 3.0536047896e-13 5.9160811502e-13
3.8568115234e+02 8.9814136730e-13 3.0604422800e-13 5.9209713930e-13
3.8574218750e+02 8.9894463591e-13 3.0649583781e-13 5.9244879810e-13
3.8580322266e+02 8.9919449195e-13 3.0651792132e-13 5.9267657063e-13
3.8586425781e+02 8.9895894093e-13 3.0613296338e-13 5.9282597755e-13
3.8592529297e+02 8.9832351069e-13 3.0554068622e-13 5.9278282447e-13
3.8598632812e+02 8.9743858115e-13 3.0496674452e-13 5.9247183663e-13
3.8604736328e+02 8.9674509736e-13 3.0458465727e-13 5.9216044008e-13
3.8610839844e+02 8.9671942768e-13 3.0442926213e-13 5.9229016554e-13
3.8616943359e+02 8.9720400767e-13 3.0429926151e-13 5.9290474615e-13
3.8623046875e+02 8.9755258791e-13 3.0397987449e-13 5.9357271342e-13
3.8629150391e+02 8.9754400307e-13 3.0359081078e-13 5.9395319229e-13
3.8635253906e+02 8.9748265995e-13 3.0343568931e-13 5.9404697064e-13
3.8641357422e+02 8.9746410437e-13 3.0357734832e-13 5.9388675604e-13
3.8647460938e+02 8.9728732946e-13 3.0383315435e-13 5.9345417511e-13
3.8653564453e+02 8.9704617938e-13 3.0409370716e-13 5.9295247222e-13
3.8659667969e+02 8.9714075623e-13 3.0439992785e-13 5.9274082838e-13
3.8665771484e+02 8.9764456464e-13 3.0471893949e-13 5.9292562514e-13
3.8671875000e+02 8.9804780604e-13 3.0484749581e-13 5.9320031022e-13
3.8677978516e+02 8.9767603921e-13 3.0463580689e-13 5.9304023232e-13
3.8684082031e+02 8.9632187339e-13 3.0418656221e-13 5.9213531118e-13
3.8690185547e+02 8.9446421208e-13 3.0371212367e-13 5.9075208841e-13
3.8696289062e+02 8.9273381971e-13 3.0328375043e-13 5.8945006929e-13
3.8702392578e+02 8.9129196315e-13 3.0282249335e-13 5.8846946980e-13
3.8708496094e+02 8.8993516272e-13 3.0224614627e-13 5.8768901645e-13
3.8714599609e+02 8.8861270870e-13 3.0155738512e-13 5.8705532358e-13
3.8720703125e+02 8.8764567045e-13 3.0090396734e-13 5.8674170312e-13
3.8726806641e+02 8.8752911277e-13 3.0062017618e-13 5.8690893658e-13
3.8732910156e+02 8.8868583900e-13 3.0105636279e-13 5.8762947621e-13
3.8739013672e+02 8.9124221844e-13 3.0218198318e-13 5.8906023526e-13
3.8745117188e+02 8.9464564620e-13 3.0343775036e-13 5.9120789584e-13
3.8751220703e+02 8.9771214086e-13 3.0420906214e-13 5.9350307872e-13
3.8757324219e+02 8.9950982180e-13 3.0437760730e-13 5.9513221450e-13
3.8763427734e+02 9.0003724001e-13 3.0422583556e-13 5.9581140445e-13
3.8769531250e+02 8.9984077161e-13 3.0399929971e-13 5.9584147191e-13
3.8775634766e+02 8.9920164640e-13 3.0377387546e-13 5.9542777093e-13
3.8781738281e+02 8.9789284577e-13 3.0352210700e-13 5.9437073876e-13
3.8787841797e+02 8.9578394619e-13 3.0317029369e-13 5.9261365250e-13
3.8793945312e+02 8.9358622075e-13 3.0280797896e-13 5.9077824178e-13
3.8800048828e+02 8.9257797862e-13 3.0279691155e-13 5.8978106707e-13
3.8806152344e+02 8.9332543942e-13 3.0338597575e-13 5.8993946368e-13
3.8812255859e+02 8.9501803555e-13 3.0430796052e-13 5.9071007503e-13
3.8818359375e+02 8.9627647547e-13 3.0499417814e-13 5.9128229732e-13
3.8824462891e+02 8.9636892902e-13 3.0513368721e-13 5.9123524182e-13
3.8830566406e+02 8.9575496737e-13 3.0494475225e-13 5.9081021512e-13
3.8836669922e+02 8.9564133582e-13 3.0488309156e-13 5.9075824427e-13
3.8842773438e+02 8.9668378594e-13 3.0503362663e-13 5.9165015930e-13
3.8848876953e+02 8.9814047850e-13 3.0495010513e-13 5.9319037338e-13
3.8854980469e+02 8.9877896629e-13 3.0426981459e-13 5.9450915171e-13
3.8861083984e+02 8.9833377739e-13 3.0324291695e-13 5.9509086043e-13
3.8867187500e+02 8.9746407714e-13 3.0243922970e-13 5.9502484744e-13
3.8873291016e+02 8.9669388096e-13 3.0216957266e-13 5.9452430830e-13
3.8879394531e+02 8.9607953205e-13 3.0235045362e-13 5.9372907843e-13
3.8885498047e+02 8.9567044949e-13 3.0275397651e-13 5.9291647298e-13
3.8891601562e+02 8.9571001733e-13 3.0324430114e-13 5.9246571619e-13
3.8897705078e+02 8.9630528681e-13 3.0377266626e-13 5.9253262055e-13
3.8903808594e+02 8.9711146424e-13 3.0424271077e-13 5.9286875347e-13
3.8909912109e+02 8.9749964327e-13 3.0449437398e-13 5.9300526929e-13
3.8916015625e+02 8.9713646490e-13 3.0441757181e-13 5.9271889310e-13
3.8922119141e+02 8.9631223765e-13 3.0403452670e-13 5.9227771095e-13
3.8928222656e+02 8.9553221663e-13 3.0346912172e-13 5.9206309491e-13
3.8934326172e+02 8.9503694643e-13 3.0291491265e-13 5.9212203378e-13
3.8940429688e+02 8.9484967531e-13 3.0260955188e-13 5.9224012343e-13
3.8946533203e+02 8.9476395045e-13 3.0262500215e-13 5.9213894830e-13
3.8952636719e+02 8.9427578344e-13 3.0271131780e-13 5.9156446564e-13
3.8958740234e+02 8.9310730515e-13 3.0259248550e-13 5.9051481965e-13
3.8964843750e+02 8.9166389855e-13 3.0235286153e-13 5.8931103702e-13
3.8970947266e+02 8.9059507491e-13 3.0231008051e-13 5.8828499441e-13
3.8977050781e+02 8.9019214467e-13 3.0259866364e-13 5.8759348103e-13
3.8983154297e+02 8.9040202243e-13 3.0308387752e-13 5.8731814491e-13
3.8989257812e+02 8.9100234010e-13 3.0356745150e-13 5.8743488860e-13
3.8995361328e+02 8.9160283742e-13 3.0387582300e-13 5.8772701442e-13
3.9001464844e+02 8.9178562662e-13 3.0384962046e-13 5.8793600616e-13
3.9007568359e+02 8.9123750684e-13 3.0339365682e-13 5.8784385003e-13
3.9013671875e+02 8.8979551875e-13 3.0252312894e-13 5.8727238981e-13
3.9019775391e+02 8.8785574715e-13 3.0142023795e-13 5.8643550920e-13
3.9025878906e+02 8.8651084069e-13 3.0046337435e-13 5.8604746634e-13
3.9031982422e+02 8.8652875601e-13 3.0001391517e-13 5.8651484085e-13
3.9038085938e+02 8.8746013869e-13 3.0013468865e-13 5.8732545003e-13
3.9044189453e+02 8.8834398714e-13 3.0061204808e-13 5.8773193906e-13
3.9050292969e+02 8.8869697171e-13 3.0110112630e-13 5.8759584541e-13
3.9056396484e+02 8.8833426476e-13 3.0120786497e-13 5.8712639979e-13
3.9062500000e+02 8.8717139694e-13 3.0076996829e-13 5.8640142864e-13
3.9068603516e+02 8.8566193894e-13 3.0011887158e-13 5.8554306736e-13
3.9074707031e+02 8.8459192330e-13 2.9978067907e-13 5.8481124423e-13
3.9080810547e+02 8.8424502740e-13 2.9992598198e-13 5.8431904543e-13
3.9086914062e+02 8.8438233403e-13 3.0028551053e-13 5.8409682350e-13
3.9093017578e+02 8.8492642727e-13 3.0052796531e-13 5.8439846196e-13
3.9099121094e+02 8.8596137204e-13 3.0055254106e-13 5.8540883098e-13
3.9105224609e+02 8.8707614015e-13 3.0043430715e-13 5.8664183300e-13
3.9111328125e+02 8.8742151485e-13 3.0023051814e-13 5.8719099671e-13
3.9117431641e+02 8.8664913928e-13 2.9991254640e-13 5.8673659288e-13
3.9123535156e+02 8.8536869820e-13 2.9948606072e-13 5.8588263748e-13
3.9129638672e+02 8.8446159928e-13 2.9912540715e-13 5.8533619213e-13
3.9135742188e+02 8.8416279132e-13 2.9904841892e-13 5.8511437240e-13
3.9141845703e+02 8.8393403543e-13 2.9923213432e-13 5.8470190112e-13
3.9147949219e+02 8.8312464753e-13 2.9940737987e-13 5.8371726766e-13
3.9154052734e+02 8.8176807028e-13 2.9936229042e-13 5.8240577986e-13
3.9160156250e+02 8.8069060913e-13 2.9915087263e-13 5.8153973650e-13
3.9166259766e+02 8.8069231920e-13 2.9902842309e-13 5.8166389611e-13
3.9172363281e+02 8.8172441753e-13 2.9918825842e-13 5.8253615911e-13
3.9178466797e+02 8.8291883902e-13 2.9949179105e-13 5.8342704797e-13
3.9184570312e+02 8.8325911549e-13 2.9953023919e-13 5.8372887630e-13
3.9190673828e+02 8.8222721369e-13 2.9899959180e-13 5.8322762189e-13
3.9196777344e+02 8.8005731854e-13 2.9797304601e-13 5.8208427253e-13
3.9202880859e+02 8.7753983465e-13 2.9683866210e-13 5.8070117254e-13
3.9208984375e+02 8.7549826789e-13 2.9599430489e-13 5.7950396300e-13
3.9215087891e+02 8.7435473167e-13 2.9562370259e-13 5.7873102908e-13
3.9221191406e+02 8.7412675959e-13 2.9575352333e-13 5.7837323626e-13
3.9227294922e+02 8.7458245957e-13 2.9632446009e-13 5.7825799948e-13
3.9233398438e+02 8.7519743253e-13 2.9705790385e-13 5.7813952868e-13
3.9239501953e+02 8.7538907105e-13 2.9749647194e-13 5.7789259912e-13
3.9245605469e+02 8.7515027223e-13 2.9743158577e-13 5.7771868646e-13
3.9251708984e+02 8.7489534758e-13 2.9708568708e-13 5.7780966050e-13
3.9257812500e+02 8.7461333523e-13 2.9675730792e-13 5.7785602731e-13
3.9263916016e+02 8.7400709513e-13 2.9657491332e-13 5.7743218181e-13
3.9270019531e+02 8.7333528837e-13 2.9657608520e-13 5.7675920317e-13
3.9276123047e+02 8.7321620965e-13 2.9670234638e-13 5.7651386327e-13
3.9282226562e+02 8.7363493881e-13 2.9676001329e-13 5.7687492551e-13
3.9288330078e+02 8.7381294316e-13 2.9658189802e-13 5.7723104514e-13
3.9294433594e+02 8.7316690285e-13 2.9619906646e-13 5.7696783639e-13
3.9300537109e+02 8.7200104222e-13 2.9583829919e-13 5.7616274303e-13
3.9306640625e+02 8.7106918633e-13 2.9575759331e-13 5.7531159303e-13
3.9312744141e+02 8.7074925584e-13 2.9600340758e-13 5.7474584825e-13
3.9318847656e+02 8.7090669110e-13 2.9634056292e-13 5.7456612818e-13
3.9324951172e+02 8.7123412619e-13 2.9649165031e-13 5.7474247588e-13
3.9331054688e+02 8.7131305149e-13 2.9637269544e-13 5.7494035605e-13
3.9337158203e+02 8.7066945672e-13 2.9604959408e-13 5.7461986264e-13
3.9343261719e+02 8.6929952081e-13 2.9562456411e-13 5.7367495670e-13
3.9349365234e+02 8.6788829346e-13 2.9522748446e-13 5.7266080900e-13
3.9355468750e+02 8.6702836865e-13 2.9497021063e-13 5.7205815802e-13
3.9361572266e+02 8.6650316127e-13 2.9485293488e-13 5.7165022639e-13
3.9367675781e+02 8.6581410669e-13 2.9477950671e-13 5.7103459998e-13
3.9373779297e+02 8.6509253568e-13 2.9466834311e-13 5.7042419258e-13
3.9379882812e+02 8.6488319135e-13 2.9450250612e-13 5.7038068523e-13
3.9385986328e+02 8.6514353501e-13 2.9425910290e-13 5.7088443211e-13
3.9392089844e+02 8.6503865150e-13 2.9385305850e-13 5.7118559300e-13
3.9398193359e+02 8.6385556457e-13 2.9322869053e-13 5.7062687404e-13
3.9404296875e+02 8.6182293509e-13 2.9248814516e-13 5.6933478993e-13
3.9410400391e+02 8.5994423740e-13 2.9186159962e-13 5.6808263778e-13
3.9416503906e+02 8.5912043581e-13 2.9154089785e-13 5.6757953796e-13
3.9422607422e+02 8.5944384952e-13 2.9156615430e-13 5.6787769522e-13
3.9428710938e+02 8.6024210793e-13 2.9181048572e-13 5.6843162221e-13
3.9434814453e+02 8.6063011271e-13 2.9198798584e-13 5.6864212687e-13
3.9440917969e+02 8.6008463658e-13 2.9179709340e-13 5.6828754318e-13
3.9447021484e+02 8.5877763288e-13 2.9122338005e-13 5.6755425282e-13
3.9453125000e+02 8.5750773979e-13 2.9064894555e-13 5.6685879424e-13
3.9459228516e+02 8.5713784381e-13 2.9053197359e-13 5.6660587022e-13
3.9465332031e+02 8.5779153113e-13 2.9094089969e-13 5.6685063144e-13
3.9471435547e+02 8.5872242316e-13 2.9148784069e-13 5.6723458247e-13
3.9477539062e+02 8.5920952671e-13 2.9176440384e-13 5.6744512286e-13
3.9483642578e+02 8.5922735496e-13 2.9169769347e-13 5.6752966149e-13
3.9489746094e+02 8.5900790316e-13 2.9144182767e-13 5.6756607549e-13
3.9495849609e+02 8.5850147877e-13 2.9114194139e-13 5.6735953738e-13
3.9501953125e+02 8.5774750296e-13 2.9093253335e-13 5.6681496962e-13
3.9508056641e+02 8.5739108675e-13 2.9100230452e-13 5.6638878224e-13
3.9514160156e+02 8.5816615294e-13 2.9144190326e-13 5.6672424968e-13
3.9520263672e+02 8.5992940445e-13 2.9206829250e-13 5.6786111194e-13
3.9526367188e+02 8.6162984619e-13 2.9251763481e-13 5.6911221137e-13
3.9532470703e+02 8.6214252598e-13 2.9248662856e-13 5.6965589742e-13
3.9538574219e+02 8.6107785831e-13 2.9193233445e-13 5.6914552386e-13
3.9544677734e+02 8.5907780991e-13 2.9111257450e-13 5.6796523541e-13
3.9550781250e+02 8.5730047937e-13 2.9037566171e-13 5.6692481765e-13
3.9556884766e+02 8.5644138526e-13 2.8991440079e-13 5.6652698448e-13
3.9562988281e+02 8.5634784523e-13 2.8974745098e-13 5.6660039426e-13
3.9569091797e+02 8.5649141242e-13 2.8979884140e-13 5.6669257102e-13
3.9575195312e+02 8.5652268812e-13 2.8995420105e-13 5.6656848707e-13
3.9581298828e+02 8.5646763551e-13 2.9019382712e-13 5.6627380839e-13
3.9587402344e+02 8.5664805260e-13 2.9062364118e-13 5.6602441142e-13
3.9593505859e+02 8.5741377350e-13 2.9125058151e-13 5.6616319199e-13
3.9599609375e+02 8.5889398485e-13 2.9190450031e-13 5.6698948453e-13
3.9605712891e+02 8.6086426415e-13 2.9245009465e-13 5.6841416949e-13
3.9611816406e+02 8.6268084872e-13 2.9284200971e-13 5.6983883901e-13
3.9617919922e+02 8.6356966181e-13 2.9300283203e-13 5.7056682978e-13
3.9624023438e+02 8.6325595239e-13 2.9287611423e-13 5.7037983816e-13
3.9630126953e+02 8.6219308128e-13 2.9253406058e-13 5.6965902070e-13
3.9636230469e+02 8.6116502516e-13 2.9212442972e-13 5.6904059543e-13
3.9642333984e+02 8.6079671677e-13 2.9179758699e-13 5.6899912978e-13
3.9648437500e+02 8.6124321756e-13 2.9170028647e-13 5.6954293110e-13
3.9654541016e+02 8.6217427097e-13 2.9194974497e-13 5.7022452601e-13
3.9660644531e+02 8.6313640771e-13 2.9252881684e-13 5.7060759087e-13
3.9666748047e+02 8.6387344616e-13 2.9320460715e-13 5.7066883902e-13
3.9672851562e+02 8.6425618094e-13 2.9366308468e-13 5.7059309626e-13
3.9678955078e+02 8.6417871182e-13 2.9374887073e-13 5.7042984109e-13
3.9685058594e+02 8.6369891665e-13 2.9352502318e-13 5.7017389347e-13
3.9691162109e+02 8.6302673936e-13 2.9315059184e-13 5.6987614751e-13
3.9697265625e+02 8.6225354588e-13 2.9273709316e-13 5.6951645272e-13
3.9703369141e+02 8.6135354588e-13 2.9230591211e-13 5.6904763377e-13
3.9709472656e+02 8.6039528903e-13 2.9186196824e-13 5.6853332079e-13
3.9715576172e+02 8.5941233165e-13 2.9143218614e-13 5.6798014551e-13
3.9721679688e+02 8.5826316049e-13 2.9102505469e-13 5.6723810580e-13
3.9727783203e+02 8.5691926604e-13 2.9062580327e-13 5.6629346277e-13
3.9733886719e+02 8.5563612448e-13 2.9022745505e-13 5.6540866943e-13
3.9739990234e+02 8.5474501249e-13 2.8987423719e-13 5.6487077529e-13
3.9746093750e+02 8.5449979602e-13 2.8969549430e-13 5.6480430172e-13
3.9752197266e+02 8.5500121019e-13 2.8982447148e-13 5.6517673870e-13
3.9758300781e+02 8.5602365416e-13 2.9023944433e-13 5.6578420983e-13
3.9764404297e+02 8.5696817373e-13 2.9070623758e-13 5.6626193615e-13
3.9770507812e+02 8.5724190672e-13 2.9091887377e-13 5.6632303295e-13
3.9776611328e+02 8.5687677239e-13 2.9079709540e-13 5.6607967699e-13
3.9782714844e+02 8.5666240555e-13 2.9065823691e-13 5.6600416863e-13
3.9788818359e+02 8.5743676852e-13 2.9092275344e-13 5.6651401508e-13
3.9794921875e+02 8.5919347204e-13 2.9158239349e-13 5.6761107854e-13
3.9801025391e+02 8.6097946688e-13 2.9211592620e-13 5.6886354068e-13
3.9807128906e+02 8.6175595626e-13 2.9199637585e-13 5.6975958041e-13
3.9813232422e+02 8.6132948872e-13 2.9121178517e-13 5.7011770355e-13
3.9819335938e+02 8.6038535345e-13 2.9029127033e-13 5.7009408312e-13
3.9825439453e+02 8.5970346087e-13 2.8983133267e-13 5.6987212820e-13
3.9831542969e+02 8.5948479256e-13 2.9000239144e-13 5.6948240112e-13
3.9837646484e+02 8.5947494059e-13 2.9056069186e-13 5.6891424874e-13
3.9843750000e+02 8.5946145623e-13 2.9118005504e-13 5.6828140119e-13
3.9849853516e+02 8.5932008803e-13 2.9157345897e-13 5.6774662906e-13
3.9855957031e+02 8.5884481351e-13 2.9150956682e-13 5.6733524669e-13
3.9862060547e+02 8.5791458689e-13 2.9098339784e-13 5.6693118905e-13
3.9868164062e+02 8.5673379566e-13 2.9026798653e-13 5.6646580913e-13
3.9874267578e+02 8.5579721202e-13 2.8970039601e-13 5.6609681601e-13
3.9880371094e+02 8.5559293426e-13 2.8947453855e-13 5.6611839571e-13
3.9886474609e+02 8.5626478526e-13 2.8959760792e-13 5.6666717734e-13
3.9892578125e+02 8.5757059035e-13 2.8995993244e-13 5.6761065791e-13
3.9898681641e+02 8.5907833821e-13 2.9040367273e-13 5.6867466549e-13
3.9904785156e+02 8.6025685822e-13 2.9072389000e-13 5.6953296822e-13
3.9910888672e+02 8.6057496167e-13 2.9074052728e-13 5.6983443439e-13
3.9916992188e+02 8.5988824994e-13 2.9050189536e-13 5.6938635458e-13
3.9923095703e+02 8.5872966783e-13 2.9031963610e-13 5.6841003173e-13
3.9929199219e+02 8.5787924588e-13 2.9045191267e-13 5.6742733320e-13
3.9935302734e+02 8.5764546268e-13 2.9082576490e-13 5.6681969778e-13
3.9941406250e+02 8.5790145060e-13 2.9119088776e-13 5.6671056283e-13
3.9947509766e+02 8.5853800458e-13 2.9139081396e-13 5.6714719063e-13
3.9953613281e+02 8.5930851150e-13 2.9135295151e-13 5.6795555999e-13
3.9959716797e+02 8.5969663878e-13 2.9104800657e-13 5.6864863221e-13
3.9965820312e+02 8.5961301486e-13 2.9061013700e-13 5.6900287786e-13
3.9971923828e+02 8.5964488159e-13 2.9030919974e-13 5.6933568185e-13
3.9978027344e+02 8.6009429857e-13 2.9027851204e-13 5.6981578653e-13
3.9984130859e+02 8.6050496989e-13 2.9037541996e-13 5.7012954994e-13
3.9990234375e+02 8.6039900647e-13 2.9039800295e-13 5.7000100352e-13
3.9996337891e+02 8.5965952257e-13 2.9029653571e-13 5.6936298686e-13
4.0002441406e+02 8.5821511553e-13 2.9007369103e-13 5.6814142451e-13
4.0008544922e+02 8.5617276008e-13 2.8969354704e-13 5.6647921303e-13
4.0014648438e+02 8.5414352842e-13 2.8920812382e-13 5.6493540460e-13
4.0020751953e+02 8.5286106602e-13 2.8880328698e-13 5.6405777905e-13
4.0026855469e+02 8.5257260338e-13 2.8863723176e-13 5.6393537162e-13
4.0032958984e+02 8.5289007432e-13 2.8867467292e-13 5.6421540140e-13
4.0039062500e+02 8.5308133267e-13 2.8871970424e-13 5.6436162843e-13
4.0045166016e+02 8.5263499491e-13 2.8862572446e-13 5.6400927046e-13
4.0051269531e+02 8.5156726371e-13 2.8840538513e-13 5.6316187858e-13
4.0057373047e+02 8.5005540536e-13 2.8810605810e-13 5.6194934725e-13
4.0063476562e+02 8.4813725429e-13 2.8769519347e-13 5.6044206082e-13
4.0069580078e+02 8.4618913140e-13 2.8721370753e-13 5.5897542388e-13
4.0075683594e+02 8.4514960497e-13 2.8691838359e-13 5.5823122138e-13
4.0081787109e+02 8.4547907980e-13 2.8698143887e-13 5.5849764093e-13
4.0087890625e+02 8.4633874320e-13 2.8715564792e-13 5.5918309528e-13
4.0093994141e+02 8.4658414115e-13 2.8704471980e-13 5.5953942134e-13
4.0100097656e+02 8.4605344073e-13 2.8657811438e-13 5.5947532635e-13
4.0106201172e+02 8.4528273898e-13 2.8600792837e-13 5.5927481061e-13
4.0112304688e+02 8.4469461119e-13 2.8562838699e-13 5.5906622420e-13
4.0118408203e+02 8.4444967875e-13 2.8558571426e-13 5.5886396450e-13
4.0124511719e+02 8.4442620516e-13 2.8576392611e-13 5.5866227905e-13
4.0130615234e+02 8.4431365898e-13 2.8589050865e-13 5.5842315033e-13
4.0136718750e+02 8.4402647741e-13 2.8584252675e-13 5.5818395065e-13
4.0142822266e+02 8.4365284880e-13 2.8567794848e-13 5.5797490032e-13
4.0148925781e+02 8.4307201716e-13 2.8540956644e-13 5.5766245072e-13
4.0155029297e+02 8.4223880683e-13 2.8504859563e-13 5.5719021121e-13
4.0161132812e+02 8.4156457484e-13 2.8478813883e-13 5.5677643601e-13
4.0167236328e+02 8.4137505341e-13 2.8481841745e-13 5.5655663596e-13
4.0173339844e+02 8.4130067116e-13 2.8503100354e-13 5.5626966762e-13
4.0179443359e+02 8.4068401904e-13 2.8513403008e-13 5.5554998896e-13
4.0185546875e+02 8.3930077585e-13 2.8496323595e-13 5.5433753990e-13
4.0191650391e+02 8.3742273583e-13 2.8454787338e-13 5.5287486245e-13
4.0197753906e+02 8.3549743044e-13 2.8399613061e-13 5.5150129982e-13
4.0203857422e+02 8.3391507045e-13 2.8340856889e-13 5.5050650156e-13
4.0209960938e+02 8.3290118341e-13 2.8285510233e-13 5.5004608108e-13
4.0216064453e+02 8.3257827612e-13 2.8243033784e-13 5.5014793828e-13
4.0222167969e+02 8.3294109891e-13 2.8226707716e-13 5.5067402176e-13
4.0228271484e+02 8.3361030981e-13 2.8236847531e-13 5.5124183450e-13
4.0234375000e+02 8.3386669197e-13 2.8248627653e-13 5.5138041545e-13
4.0240478516e+02 8.3305087167e-13 2.8232089083e-13 5.5072998084e-13
4.0246582031e+02 8.3097990517e-13 2.8184210496e-13 5.4913780020e-13
4.0252685547e+02 8.2818035541e-13 2.8129320802e-13 5.4688714739e-13
4.0258789062e+02 8.2554521064e-13 2.8085635888e-13 5.4468885176e-13
4.0264892578e+02 8.2362094477e-13 2.8046698675e-13 5.4315395802e-13
4.0270996094e+02 8.2244222072e-13 2.8002506248e-13 5.4241715824e-13
4.0277099609e+02 8.2184602656e-13 2.7960124337e-13 5.4224478319e-13
4.0283203125e+02 8.2163298689e-13 2.7934369153e-13 5.4228929536e-13
4.0289306641e+02 8.2169493210e-13 2.7933525305e-13 5.4235967904e-13
4.0295410156e+02 8.2214381709e-13 2.7957623019e-13 5.4256758689e-13
4.0301513672e+02 8.2317990078e-13 2.8000863192e-13 5.4317126887e-13
4.0307617188e+02 8.2480218382e-13 2.8054107801e-13 5.4426110581e-13
4.0313720703e+02 8.2657993776e-13 2.8104580851e-13 5.4553412925e-13
4.0319824219e+02 8.2776849034e-13 2.8134321533e-13 5.4642527501e-13
4.0325927734e+02 8.2783769929e-13 2.8127840091e-13 5.4655929838e-13
4.0332031250e+02 8.2682629872e-13 2.8083420815e-13 5.4599209057e-13
4.0338134766e+02 8.2513300713e-13 2.8011559949e-13 5.4501740764e-13
4.0344238281e+02 8.2321769674e-13 2.7927842674e-13 5.4393927000e-13
4.0350341797e+02 8.2161258654e-13 2.7855917292e-13 5.4305341362e-13
4.0356445312e+02 8.2087028229e-13 2.7826325539e-13 5.4260702690e-13
4.0362548828e+02 8.2113483443e-13 2.7851020102e-13 5.4262463341e-13
4.0368652344e+02 8.2189817748e-13 2.7903724476e-13 5.4286093272e-13
4.0374755859e+02 8.2245091303e-13 2.7946004936e-13 5.4299086368e-13
4.0380859375e+02 8.2242109739e-13 2.7963652465e-13 5.4278457274e-13
4.0386962891e+02 8.2185361458e-13 2.7962065133e-13 5.4223296325e-13
4.0393066406e+02 8.2120706559e-13 2.7947034644e-13 5.4173671916e-13
4.0399169922e+02 8.2120339547e-13 2.7929206917e-13 5.4191132630e-13
4.0405273438e+02 8.2213965987e-13 2.7928064099e-13 5.4285901888e-13
4.0411376953e+02 8.2345213434e-13 2.7954325031e-13 5.4390888403e-13
4.0417480469e+02 8.2432316778e-13 2.7996013173e-13 5.4436303605e-13
4.0423583984e+02 8.2446309127e-13 2.8026748968e-13 5.4419560160e-13
4.0429687500e+02 8.2407686585e-13 2.8027088419e-13 5.4380598165e-13
4.0435791016e+02 8.2347745978e-13 2.8000783029e-13 5.4346962949e-13
4.0441894531e+02 8.2293364844e-13 2.7969709367e-13 5.4323655477e-13
4.0447998047e+02 8.2258207179e-13 2.7951956143e-13 5.4306251035e-13
4.0454101562e+02 8.2234796313e-13 2.7946163144e-13 5.4288633169e-13
4.0460205078e+02 8.2202204455e-13 2.7935595706e-13 5.4266608749e-13
4.0466308594e+02 8.2149075790e-13 2.7907604716e-13 5.4241471074e-13
4.0472412109e+02 8.2090097682e-13 2.7870043835e-13 5.4220053847e-13
4.0478515625e+02 8.2047689956e-13 2.7845304666e-13 5.4202385291e-13
4.0484619141e+02 8.2019162248e-13 2.7846583405e-13 5.4172578842e-13
4.0490722656e+02 8.1978426427e-13 2.7862303768e-13 5.4116122659e-13
4.0496826172e+02 8.1915466413e-13 2.7866594990e-13 5.4048871423e-13
4.0502929688e+02 8.1861679981e-13 2.7845790068e-13 5.4015889913e-13
4.0509033203e+02 8.1851863938e-13 2.7810439686e-13 5.4041424252e-13
4.0515136719e+02 8.1871565449e-13 2.7779328563e-13 5.4092236886e-13
4.0521240234e+02 8.1886327580e-13 2.7761222256e-13 5.4125105324e-13
4.0527343750e+02 8.1902016845e-13 2.7754665127e-13 5.4147351718e-13
4.0533447266e+02 8.1932751363e-13 2.7750472957e-13 5.4182278406e-13
4.0539550781e+02 8.1935677135e-13 2.7733790472e-13 5.4201886662e-13
4.0545654297e+02 8.1860089314e-13 2.7700727741e-13 5.4159361573e-13
4.0551757812e+02 8.1743621671e-13 2.7669341748e-13 5.4074279922e-13
4.0557861328e+02 8.1681179273e-13 2.7662114602e-13 5.4019064671e-13
4.0563964844e+02 8.1712686295e-13 2.7683734360e-13 5.4028951935e-13
4.0570068359e+02 8.1789416048e-13 2.7716520130e-13 5.4072895918e-13
4.0576171875e+02 8.1837217898e-13 2.7734241185e-13 5.4102976713e-13
4.0582275391e+02 8.1819786394e-13 2.7724990226e-13 5.4094796168e-13
4.0588378906e+02 8.1731796233e-13 2.7695008234e-13 5.4036787999e-13
4.0594482422e+02 8.1573829229e-13 2.7653084545e-13 5.3920744684e-13
4.0600585938e+02 8.1382426735e-13 2.7609783180e-13 5.3772643555e-13
4.0606689453e+02 8.1248892784e-13 2.7584912630e-13 5.3663980154e-13
4.0612792969e+02 8.1251453585e-13 2.7592973841e-13 5.3658479744e-13
4.0618896484e+02 8.1380138589e-13 2.7624474300e-13 5.3755664289e-13
4.0625000000e+02 8.1546787727e-13 2.7652788488e-13 5.3893999239e-13
4.0631103516e+02 8.1651450566e-13 2.7656316373e-13 5.3995134193e-13
4.0637207031e+02 8.1640847255e-13 2.7636306171e-13 5.4004541085e-13
4.0643310547e+02 8.1535791251e-13 2.7616817538e-13 5.3918973713e-13
4.0649414062e+02 8.1414661412e-13 2.7619178835e-13 5.3795482576e-13
4.0655517578e+02 8.1345504441e-13 2.7637036892e-13 5.3708467549e-13
4.0661621094e+02 8.1322277566e-13 2.7644617364e-13 5.3677660202e-13
4.0667724609e+02 8.1287509653e-13 2.7628306170e-13 5.3659203483e-13
4.0673828125e+02 8.1213692604e-13 2.7603868643e-13 5.3609823961e-13
4.0679931641e+02 8.1131323028e-13 2.7594957436e-13 5.3536365592e-13
4.0686035156e+02 8.1077546415e-13 2.7598379456e-13 5.3479166959e-13
4.0692138672e+02 8.1043158432e-13 2.7586682280e-13 5.3456476152e-13
4.0698242188e+02 8.0988227226e-13 2.7544639946e-13 5.3443587279e-13
4.0704345703e+02 8.0904019896e-13 2.7488140621e-13 5.3415879275e-13
4.0710449219e+02 8.0823982874e-13 2.7443788112e-13 5.3380194762e-13
4.0716552734e+02 8.0767475377e-13 2.7418229947e-13 5.3349245429e-13
4.0722656250e+02 8.0715803555e-13 2.7396086751e-13 5.3319716804e-13
4.0728759766e+02 8.0655979285e-13 2.7368245161e-13 5.3287734124e-13
4.0734863281e+02 8.0609444342e-13 2.7346887375e-13 5.3262556968e-13
4.0740966797e+02 8.0591159360e-13 2.7341978128e-13 5.3249181232e-13
4.0747070312e+02 8.0565686260e-13 2.7339974558e-13 5.3225711702e-13
4.0753173828e+02 8.0482493914e-13 2.7320800914e-13 5.3161693000e-13
4.0759277344e+02 8.0345432382e-13 2.7283479244e-13 5.3061953138e-13
4.0765380859e+02 8.0219793659e-13 2.7245829521e-13 5.2973964138e-13
4.0771484375e+02 8.0163739796e-13 2.7225749888e-13 5.2937989909e-13
4.0777587891e+02 8.0158760380e-13 2.7224820981e-13 5.2933939398e-13
4.0783691406e+02 8.0134057285e-13 2.7228404161e-13 5.2905653125e-13
4.0789794922e+02 8.0053380623e-13 2.7220297235e-13 5.2833083388e-13
4.0795898438e+02 7.9933550363e-13 2.7193979962e-13 5.2739570402e-13
4.0802001953e+02 7.9799174589e-13 2.7155046205e-13 5.2644128384e-13
4.0808105469e+02 7.9673625208e-13 2.7119238058e-13 5.2554387149e-13
4.0814208984e+02 7.9594710919e-13 2.7101585743e-13 5.2493125176e-13
4.0820312500e+02 7.9586253587e-13 2.7103244632e-13 5.2483008956e-13
4.0826416016e+02 7.9624384287e-13 2.7114497603e-13 5.2509886684e-13
4.0832519531e+02 7.9673538040e-13 2.7129184329e-13 5.2544353711e-13
4.0838623047e+02 7.9737646335e-13 2.7149560266e-13 5.2588086068e-13
4.0844726562e+02 7.9845596569e-13 2.7180911908e-13 5.2664684661e-13
4.0850830078e+02 8.0002610527e-13 2.7224439695e-13 5.2778170831e-13
4.0856933594e+02 8.0170699795e-13 2.7270077096e-13 5.2900622699e-13
4.0863037109e+02 8.0296563037e-13 2.7298405252e-13 5.2998157784e-13
4.0869140625e+02 8.0347818905e-13 2.7293288949e-13 5.3054529956e-13
4.0875244141e+02 8.0315261071e-13 2.7252678604e-13 5.3062582467e-13
4.0881347656e+02 8.0215474600e-13 2.7194528896e-13 5.3020945704e-13
4.0887451172e+02 8.0103455477e-13 2.7152225601e-13 5.2951229875e-13
4.0893554688e+02 8.0039523009e-13 2.7151960701e-13 5.2887562308e-13
4.0899658203e+02 8.0044449197e-13 2.7191610173e-13 5.2852839023e-13
4.0905761719e+02 8.0101104642e-13 2.7244106206e-13 5.2856998436e-13
4.0911865234e+02 8.0169811441e-13 2.7279237590e-13 5.2890573850e-13
4.0917968750e+02 8.0206296851e-13 2.7283218522e-13 5.2923078328e-13
4.0924072266e+02 8.0191253264e-13 2.7262587467e-13 5.2928665798e-13
4.0930175781e+02 8.0138300084e-13 2.7235707606e-13 5.2902592478e-13
4.0936279297e+02 8.0076120906e-13 2.7223404670e-13 5.2852716237e-13
4.0942382812e+02 8.0029600733e-13 2.7238417555e-13 5.2791183179e-13
4.0948486328e+02 7.9997191384e-13 2.7269622532e-13 5.2727568851e-13
4.0954589844e+02 7.9931929555e-13 2.7280239132e-13 5.2651690424e-13
4.0960693359e+02 7.9781160642e-13 2.7238606794e-13 5.2542553848e-13
4.0966796875e+02 7.9576046912e-13 2.7150980534e-13 5.2425066378e-13
4.0972900391e+02 7.9429627503e-13 2.7053115605e-13 5.2376511898e-13
4.0979003906e+02 7.9411521753e-13 2.6979293119e-13 5.2432228633e-13
4.0985107422e+02 7.9484981207e-13 2.6950856804e-13 5.2534124403e-13
4.0991210938e+02 7.9573378090e-13 2.6973047737e-13 5.2600330353e-13
4.0997314453e+02 7.9622072473e-13 2.7025532273e-13 5.2596540200e-13
4.1003417969e+02 7.9613335831e-13 2.7073991341e-13 5.2539344490e-13
4.1009521484e+02 7.9570047454e-13 2.7099288062e-13 5.2470759392e-13
4.1015625000e+02 7.9530995847e-13 2.7104969027e-13 5.2426026820e-13
4.1021728516e+02 7.9519171062e-13 2.7101627029e-13 5.2417544033e-13
4.1027832031e+02 7.9538022187e-13 2.7092217888e-13 5.2445804299e-13
4.1033935547e+02 7.9575938811e-13 2.7070557097e-13 5.2505381714e-13
4.1040039062e+02 7.9615533543e-13 2.7035212796e-13 5.2580320747e-13
4.1046142578e+02 7.9645554674e-13 2.7001553711e-13 5.2644000963e-13
4.1052246094e+02 7.9654938194e-13 2.6988990898e-13 5.2665947296e-13
4.1058349609e+02 7.9627305363e-13 2.6997978024e-13 5.2629327339e-13
4.1064453125e+02 7.9559741945e-13 2.7011604100e-13 5.2548137846e-13
4.1070556641e+02 7.9484392802e-13 2.7017722860e-13 5.2466669942e-13
4.1076660156e+02 7.9450072582e-13 2.7017548249e-13 5.2432524333e-13
4.1082763672e+02 7.9469690498e-13 2.7015717621e-13 5.2453972877e-13
4.1088867188e+02 7.9505139737e-13 2.7013331649e-13 5.2491808088e-13
4.1094970703e+02 7.9519582290e-13 2.7010143885e-13 5.2509438406e-13
4.1101074219e+02 7.9526751482e-13 2.7008186821e-13 5.2518564662e-13
4.1107177734e+02 7.9555864714e-13 2.7008401501e-13 5.2547463213e-13
4.1113281250e+02 7.9577001585e-13 2.7003197029e-13 5.2573804556e-13
4.1119384766e+02 7.9520221671e-13 2.6982718575e-13 5.2537503096e-13
4.1125488281e+02 7.9379520985e-13 2.6952348609e-13 5.2427172377e-13
4.1131591797e+02 7.9244012276e-13 2.6934140973e-13 5.2309871302e-13
4.1137695312e+02 7.9203296096e-13 2.6944090650e-13 5.2259205446e-13
4.1143798828e+02 7.9260324847e-13 2.6972011371e-13 5.2288313476e-13
4.1149902344e+02 7.9363610528e-13 2.6992747407e-13 5.2370863121e-13
4.1156005859e+02 7.9472293994e-13 2.6994607393e-13 5.2477686601e-13
4.1162109375e+02 7.9548174634e-13 2.6984401484e-13 5.2563773150e-13
4.1168212891e+02 7.9556584315e-13 2.6972088788e-13 5.2584495527e-13
4.1174316406e+02 7.9524127083e-13 2.6967187499e-13 5.2556939584e-13
4.1180419922e+02 7.9526317956e-13 2.6981657370e-13 5.2544660587e-13
4.1186523438e+02 7.9590884953e-13 2.7020724409e-13 5.2570160543e-13
4.1192626953e+02 7.9671900213e-13 2.7072692541e-13 5.2599207672e-13
4.1198730469e+02 7.9723519654e-13 2.7114948010e-13 5.2608571644e-13
4.1204833984e+02 7.9740855400e-13 2.7129994851e-13 5.2610860549e-13
4.1210937500e+02 7.9721413124e-13 2.7112370953e-13 5.2609042171e-13
4.1217041016e+02 7.9651054721e-13 2.7068139681e-13 5.2582915040e-13
4.1223144531e+02 7.9554818970e-13 2.7019123000e-13 5.2535695971e-13
4.1229248047e+02 7.9507501281e-13 2.6997562860e-13 5.2509938421e-13
4.1235351562e+02 7.9555304465e-13 2.7018827457e-13 5.2536477008e-13
4.1241455078e+02 7.9652612913e-13 2.7060134569e-13 5.2592478345e-13
4.1247558594e+02 7.9716024556e-13 2.7082964197e-13 5.2633060359e-13
4.1253662109e+02 7.9731063816e-13 2.7081896439e-13 5.2649167377e-13
4.1259765625e+02 7.9758468200e-13 2.7090289278e-13 5.2668178922e-13
4.1265869141e+02 7.9844214129e-13 2.7130267991e-13 5.2713946137e-13
4.1271972656e+02 7.9977427269e-13 2.7182089003e-13 5.2795338266e-13
4.1278076172e+02 8.0119152359e-13 2.7208749645e-13 5.2910402714e-13
4.1284179688e+02 8.0223812447e-13 2.7192648701e-13 5.3031163746e-13
4.1290283203e+02 8.0265915284e-13 2.7152299139e-13 5.3113616145e-13
4.1296386719e+02 8.0275027093e-13 2.7130428244e-13 5.3144598848e-13
4.1302490234e+02 8.0292922471e-13 2.7146898755e-13 5.3146023716e-13
4.1308593750e+02 8.0287866964e-13 2.7162077103e-13 5.3125789861e-13
4.1314697266e+02 8.0184606175e-13 2.7118031854e-13 5.3066574321e-13
4.1320800781e+02 7.9996474222e-13 2.7018180827e-13 5.2978293395e-13
4.1326904297e+02 7.9846313614e-13 2.6929674542e-13 5.2916639071e-13
4.1333007812e+02 7.9817630930e-13 2.6904872740e-13 5.2912758190e-13
4.1339111328e+02 7.9866385790e-13 2.6938034996e-13 5.2928350794e-13
4.1345214844e+02 7.9915805015e-13 2.6997390330e-13 5.2918414685e-13
4.1351318359e+02 7.9943898262e-13 2.7059530163e-13 5.2884368099e-13
4.1357421875e+02 7.9944675906e-13 2.7107211752e-13 5.2837464154e-13
4.1363525391e+02 7.9895230539e-13 2.7123957138e-13 5.2771273401e-13
4.1369628906e+02 7.9805068702e-13 2.7107498495e-13 5.2697570207e-13
4.1375732422e+02 7.9733365766e-13 2.7076744786e-13 5.2656620979e-13
4.1381835938e+02 7.9713602886e-13 2.7049009577e-13 5.2664593309e-13
4.1387939453e+02 7.9707394409e-13 2.7016879507e-13 5.2690514902e-13
4.1394042969e+02 7.9664363883e-13 2.6964110077e-13 5.2700253806e-13
4.1400146484e+02 7.9589566539e-13 2.6898554937e-13 5.2691011603e-13
4.1406250000e+02 7.9527787682e-13 2.6850034888e-13 5.2677752794e-13
4.1412353516e+02 7.9500275454e-13 2.6834722888e-13 5.2665552566e-13
4.1418457031e+02 7.9479087838e-13 2.6838622948e-13 5.2640464890e-13
4.1424560547e+02 7.9434705104e-13 2.6842063329e-13 5.2592641774e-13
4.1430664062e+02 7.9391660782e-13 2.6845275860e-13 5.2546384923e-13
4.1436767578e+02 7.9403833868e-13 2.6859411317e-13 5.2544422551e-13
4.1442871094e+02 7.9484836481e-13 2.6883308698e-13 5.2601527783e-13
4.1448974609e+02 7.9592744354e-13 2.6902915852e-13 5.2689828503e-13
4.1455078125e+02 7.9666552777e-13 2.6911428453e-13 5.2755124324e-13
4.1461181641e+02 7.9658172442e-13 2.6917414613e-13 5.2740757829e-13
4.1467285156e+02 7.9559577519e-13 2.6930852600e-13 5.2628724919e-13
4.1473388672e+02 7.9423176186e-13 2.6950807666e-13 5.2472368520e-13
4.1479492188e+02 7.9320905226e-13 2.6965471823e-13 5.2355433403e-13
4.1485595703e+02 7.9260182363e-13 2.6958186975e-13 5.2301995388e-13
4.1491699219e+02 7.9183807161e-13 2.6922283175e-13 5.2261523986e-13
4.1497802734e+02 7.9063791014e-13 2.6873654463e-13 5.2190136551e-13
4.1503906250e+02 7.8945115708e-13 2.6839308142e-13 5.2105807566e-13
4.1510009766e+02 7.8884161404e-13 2.6832108028e-13 5.2052053376e-13
4.1516113281e+02 7.8876426437e-13 2.6840687102e-13 5.2035739335e-13
4.1522216797e+02 7.8879473759e-13 2.6849456391e-13 5.2030017369e-13
4.1528320312e+02 7.8892246600e-13 2.6864518250e-13 5.2027728349e-13
4.1534423828e+02 7.8950947850e-13 2.6899164798e-13 5.2051783052e-13
4.1540527344e+02 7.9059581725e-13 2.6940502152e-13 5.2119079573e-13
4.1546630859e+02 7.9184645076e-13 2.6961415384e-13 5.2223229693e-13
4.1552734375e+02 7.9302850594e-13 2.6959032706e-13 5.2343817888e-13
4.1558837891e+02 7.9410687188e-13 2.6954058634e-13 5.2456628554e-13
4.1564941406e+02 7.9499435355e-13 2.6960487477e-13 5.2538947878e-13
4.1571044922e+02 7.9564340454e-13 2.6981193801e-13 5.2583146652e-13
4.1577148438e+02 7.9627547899e-13 2.7021042479e-13 5.2606505420e-13
4.1583251953e+02 7.9692394544e-13 2.7071469943e-13 5.2620924602e-13
4.1589355469e+02 7.9691001467e-13 2.7092380443e-13 5.2598621025e-13
4.1595458984e+02 7.9547457560e-13 2.7044347685e-13 5.2503109875e-13
4.1601562500e+02 7.9283000318e-13 2.6935783456e-13 5.2347216862e-13
4.1607666016e+02 7.9001941861e-13 2.6817203081e-13 5.2184738780e-13
4.1613769531e+02 7.8777836531e-13 2.6733207465e-13 5.2044629066e-13
4.1619873047e+02 7.8604344328e-13 2.6692887098e-13 5.1911457230e-13
4.1625976562e+02 7.8459570866e-13 2.6681080718e-13 5.1778490148e-13
4.1632080078e+02 7.8360435017e-13 2.6683214149e-13 5.1677220869e-13
4.1638183594e+02 7.8337087790e-13 2.6696272798e-13 5.1640814992e-13
4.1644287109e+02 7.8394112534e-13 2.6722520602e-13 5.1671591932e-13
4.1650390625e+02 7.8509139239e-13 2.6756752788e-13 5.1752386451e-13
4.1656494141e+02 7.8641191155e-13 2.6782325924e-13 5.1858865231e-13
4.1662597656e+02 7.8732546597e-13 2.6781382744e-13 5.1951163852e-13
4.1668701172e+02 7.8731466212e-13 2.6747177239e-13 5.1984288973e-13
4.1674804688e+02 7.8630918413e-13 2.6689684016e-13 5.1941234397e-13
4.1680908203e+02 7.8473975570e-13 2.6631499634e-13 5.1842475937e-13
4.1687011719e+02 7.8314555408e-13 2.6590506813e-13 5.1724048595e-13
4.1693115234e+02 7.8180821707e-13 2.6566196438e-13 5.1614625269e-13
4.1699218750e+02 7.8084337707e-13 2.6550577349e-13 5.1533760358e-13
4.1705322266e+02 7.8052382583e-13 2.6546763135e-13 5.1505619448e-13
4.1711425781e+02 7.8110194645e-13 2.6562040140e-13 5.1548154504e-13
4.1717529297e+02 7.8225079819e-13 2.6586723846e-13 5.1638355973e-13
4.1723632812e+02 7.8318876342e-13 2.6598660219e-13 5.1720216123e-13
4.1729736328e+02 7.8339193350e-13 2.6585455022e-13 5.1753738328e-13
4.1735839844e+02 7.8284404915e-13 2.6550638772e-13 5.1733766143e-13
4.1741943359e+02 7.8183761982e-13 2.6507999306e-13 5.1675762677e-13
4.1748046875e+02 7.8079729820e-13 2.6475676359e-13 5.1604053461e-13
4.1754150391e+02 7.8005128486e-13 2.6464717628e-13 5.1540410859e-13
4.1760253906e+02 7.7960091142e-13 2.6470252702e-13 5.1489838440e-13
4.1766357422e+02 7.7920345290e-13 2.6477921348e-13 5.1442423942e-13
4.1772460938e+02 7.7872096077e-13 2.6475825267e-13 5.1396270810e-13
4.1778564453e+02 7.7830626181e-13 2.6461997138e-13 5.1368629044e-13
4.1784667969e+02 7.7822625120e-13 2.6446918526e-13 5.1375706594e-13
4.1790771484e+02 7.7857356420e-13 2.6443784935e-13 5.1413571485e-13
4.1796875000e+02 7.7913957030e-13 2.6453719405e-13 5.1460237626e-13
4.1802978516e+02 7.7953577058e-13 2.6466071076e-13 5.1487505982e-13
4.1809082031e+02 7.7951294074e-13 2.6470044806e-13 5.1481249268e-13
4.1815185547e+02 7.7916853036e-13 2.6462137790e-13 5.1454715246e-13
4.1821289062e+02 7.7870575965e-13 2.6444807024e-13 5.1425768942e-13
4.1827392578e+02 7.7803830355e-13 2.6420016145e-13 5.1383814209e-13
4.1833496094e+02 7.7694194874e-13 2.6389211938e-13 5.1304982936e-13
4.1839599609e+02 7.7553081548e-13 2.6358875494e-13 5.1194206054e-13
4.1845703125e+02 7.7418590117e-13 2.6335690971e-13 5.1082899146e-13
4.1851806641e+02 7.7317415123e-13 2.6319557996e-13 5.0997857127e-13
4.1857910156e+02 7.7266739625e-13 2.6308324817e-13 5.0958414809e-13
4.1864013672e+02 7.7281750528e-13 2.6300473494e-13 5.0981277035e-13
4.1870117188e+02 7.7354380358e-13 2.6293066056e-13 5.1061314302e-13
4.1876220703e+02 7.7444217638e-13 2.6285133236e-13 5.1159084402e-13
4.1882324219e+02 7.7495362100e-13 2.6277729956e-13 5.1217632144e-13
4.1888427734e+02 7.7469536491e-13 2.6270203797e-13 5.1199332695e-13
4.1894531250e+02 7.7385067744e-13 2.6266073936e-13 5.1118993808e-13
4.1900634766e+02 7.7308281650e-13 2.6277917496e-13 5.1030364154e-13
4.1906738281e+02 7.7286402393e-13 2.6311201329e-13 5.0975201064e-13
4.1912841797e+02 7.7304466935e-13 2.6346472209e-13 5.0957994726e-13
4.1918945312e+02 7.7318405284e-13 2.6357335080e-13 5.0961070204e-13
4.1925048828e+02 7.7313368001e-13 2.6345328657e-13 5.0968039344e-13
4.1931152344e+02 7.7316056447e-13 2.6338451549e-13 5.0977604898e-13
4.1937255859e+02 7.7351007478e-13 2.6353920280e-13 5.0997087198e-13
4.1943359375e+02 7.7394836755e-13 2.6376704867e-13 5.1018131889e-13
4.1949462891e+02 7.7405764716e-13 2.6384712528e-13 5.1021052189e-13
4.1955566406e+02 7.7394609349e-13 2.6382431746e-13 5.1012177604e-13
4.1961669922e+02 7.7412251212e-13 2.6389455493e-13 5.1022795719e-13
4.1967773438e+02 7.7480348620e-13 2.6409974341e-13 5.1070374279e-13
4.1973876953e+02 7.7580621292e-13 2.6433547362e-13 5.1147073930e-13
4.1979980469e+02 7.7679314826e-13 2.6448572776e-13 5.1230742050e-13
4.1986083984e+02 7.7733291664e-13 2.6442470394e-13 5.1290821270e-13
4.1992187500e+02 7.7709665151e-13 2.6407839485e-13 5.1301825666e-13
4.1998291016e+02 7.7626429923e-13 2.6358100195e-13 5.1268329728e-13
4.2004394531e+02 7.7557293960e-13 2.6323455360e-13 5.1233838600e-13
4.2010498047e+02 7.7569866674e-13 2.6322889925e-13 5.1246976750e-13
4.2016601562e+02 7.7660567719e-13 2.6347247388e-13 5.1313320332e-13
4.2022705078e+02 7.7769526591e-13 2.6373713611e-13 5.1395812980e-13
4.2028808594e+02 7.7840808573e-13 2.6385309102e-13 5.1455499471e-13
4.2034912109e+02 7.7843336839e-13 2.6372765109e-13 5.1470571730e-13
4.2041015625e+02 7.7768861379e-13 2.6335437171e-13 5.1433424208e-13
4.2047119141e+02 7.7645257565e-13 2.6287714594e-13 5.1357542970e-13
4.2053222656e+02 7.7525398677e-13 2.6249954154e-13 5.1275444523e-13
4.2059326172e+02 7.7445690939e-13 2.6230459377e-13 5.1215231562e-13
4.2065429688e+02 7.7416827833e-13 2.6226741089e-13 5.1190086743e-13
4.2071533203e+02 7.7439474158e-13 2.6238025537e-13 5.1201448621e-13
4.2077636719e+02 7.7499622783e-13 2.6265069981e-13 5.1234552802e-13
4.2083740234e+02 7.7571536367e-13 2.6301644723e-13 5.1269891644e-13
4.2089843750e+02 7.7636542766e-13 2.6331653584e-13 5.1304889182e-13
4.2095947266e+02 7.7678207038e-13 2.6335109479e-13 5.1343097559e-13
4.2102050781e+02 7.7678039351e-13 2.6300882857e-13 5.1377156494e-13
4.2108154297e+02 7.7637547010e-13 2.6239112450e-13 5.1398434560e-13
4.2114257812e+02 7.7581620614e-13 2.6178938501e-13 5.1402682113e-13
4.2120361328e+02 7.7533481714e-13 2.6144245813e-13 5.1389235901e-13
4.2126464844e+02 7.7504917047e-13 2.6132148272e-13 5.1372768775e-13
4.2132568359e+02 7.7502273408e-13 2.6126416364e-13 5.1375857044e-13
4.2138671875e+02 7.7524356406e-13 2.6124804213e-13 5.1399552193e-13
4.2144775391e+02 7.7559404582e-13 2.6136579893e-13 5.1422824689e-13
4.2150878906e+02 7.7589061287e-13 2.6163554351e-13 5.1425506936e-13
4.2156982422e+02 7.7594237732e-13 2.6199419211e-13 5.1394818520e-13
4.2163085938e+02 7.7556591657e-13 2.6234491262e-13 5.1322100396e-13
4.2169189453e+02 7.7462045637e-13 2.6253101214e-13 5.1208944423e-13
4.2175292969e+02 7.7325650543e-13 2.6247519417e-13 5.1078131126e-13
4.2181396484e+02 7.7211994140e-13 2.6238441521e-13 5.0973552619e-13
4.2187500000e+02 7.7195766844e-13 2.6256710598e-13 5.0939056246e-13
4.2193603516e+02 7.7292270991e-13 2.6302325870e-13 5.0989945121e-13
4.2199707031e+02 7.7436676328e-13 2.6342135174e-13 5.1094541154e-13
4.2205810547e+02 7.7525525085e-13 2.6346292496e-13 5.1179232589e-13
4.2211914062e+02 7.7500144275e-13 2.6312295136e-13 5.1187849139e-13
4.2218017578e+02 7.7407315657e-13 2.6256576286e-13 5.1150739371e-13
4.2224121094e+02 7.7341276341e-13 2.6195872336e-13 5.1145404005e-13
4.2230224609e+02 7.7332052648e-13 2.6141546974e-13 5.1190505674e-13
4.2236328125e+02 7.7343458225e-13 2.6104422969e-13 5.1239035256e-13
4.2242431641e+02 7.7349220966e-13 2.6094292170e-13 5.1254928795e-13
4.2248535156e+02 7.7345743756e-13 2.6110488367e-13 5.1235255389e-13
4.2254638672e+02 7.7318577710e-13 2.6136819613e-13 5.1181758097e-13
4.2260742188e+02 7.7254095873e-13 2.6153901216e-13 5.1100194657e-13
4.2266845703e+02 7.7172355886e-13 2.6157166031e-13 5.1015189855e-13
4.2272949219e+02 7.7113630061e-13 2.6156507798e-13 5.0957122263e-13
4.2279052734e+02 7.7100489405e-13 2.6163788251e-13 5.0936701155e-13
4.2285156250e+02 7.7127783727e-13 2.6186544193e-13 5.0941239533e-13
4.2291259766e+02 7.7178451668e-13 2.6223366857e-13 5.0955084812e-13
4.2297363281e+02 7.7233095097e-13 2.6258501957e-13 5.0974593140e-13
4.2303466797e+02 7.7258093769e-13 2.6268059191e-13 5.0990034579e-13
4.2309570312e+02 7.7208671327e-13 2.6239402291e-13 5.0969269036e-13
4.2315673828e+02 7.7075178363e-13 2.6182583845e-13 5.0892594518e-13
4.2321777344e+02 7.6919026417e-13 2.6120788679e-13 5.0798237739e-13
4.2327880859e+02 7.6836919000e-13 2.6076340840e-13 5.0760578160e-13
4.2333984375e+02 7.6872878916e-13 2.6065139261e-13 5.0807739655e-13
4.2340087891e+02 7.6973854123e-13 2.6091831346e-13 5.0882022777e-13
4.2346191406e+02 7.7046871966e-13 2.6142651040e-13 5.0904220927e-13
4.2352294922e+02 7.7042109816e-13 2.6189225635e-13 5.0852884181e-13
4.2358398438e+02 7.6972873154e-13 2.6207154932e-13 5.0765718222e-13
4.2364501953e+02 7.6882106144e-13 2.6189420035e-13 5.0692686109e-13
4.2370605469e+02 7.6807778467e-13 2.6146782087e-13 5.0660996380e-13
4.2376708984e+02 7.6772760291e-13 2.6100864652e-13 5.0671895639e-13
4.2382812500e+02 7.6777644791e-13 2.6065917109e-13 5.0711727682e-13
4.2388916016e+02 7.6792012745e-13 2.6036863507e-13 5.0755149239e-13
4.2395019531e+02 7.6778181719e-13 2.6005265125e-13 5.0772916595e-13
4.2401123047e+02 7.6730343830e-13 2.5975685589e-13 5.0754658241e-13
4.2407226562e+02 7.6675648417e-13 2.5957166355e-13 5.0718482062e-13
4.2413330078e+02 7.6639254424e-13 2.5952022354e-13 5.0687232070e-13
4.2419433594e+02 7.6617223934e-13 2.5956534434e-13 5.0660689500e-13
4.2425537109e+02 7.6575894206e-13 2.5959799517e-13 5.0616094689e-13
4.2431640625e+02 7.6474410121e-13 2.5943673117e-13 5.0530737004e-13
4.2437744141e+02 7.6312445342e-13 2.5901757739e-13 5.0410687603e-13
4.2443847656e+02 7.6160522444e-13 2.5859214518e-13 5.0301307926e-13
4.2449951172e+02 7.6102274482e-13 2.5850929287e-13 5.0251345195e-13
4.2456054688e+02 7.6135960583e-13 2.5875885270e-13 5.0260075313e-13
4.2462158203e+02 7.6176453863e-13 2.5897627114e-13 5.0278826749e-13
4.2468261719e+02 7.6163938943e-13 2.5892777010e-13 5.0271161933e-13
4.2474365234e+02 7.6131051008e-13 2.5875402368e-13 5.0255648640e-13
4.2480468750e+02 7.6154028788e-13 2.5870476417e-13 5.0283552371e-13
4.2486572266e+02 7.6256655880e-13 2.5881738750e-13 5.0374917130e-13
4.2492675781e+02 7.6369697284e-13 2.5892020480e-13 5.0477676804e-13
4.2498779297e+02 7.6398005994e-13 2.5886218796e-13 5.0511787198e-13
4.2504882812e+02 7.6326805750e-13 2.5867367722e-13 5.0459438028e-13
4.2510986328e+02 7.6225493286e-13 2.5850044552e-13 5.0375448734e-13
4.2517089844e+02 7.6145827859e-13 2.5842148129e-13 5.0303679730e-13
4.2523193359e+02 7.6076819493e-13 2.5841095079e-13 5.0235724413e-13
4.2529296875e+02 7.6007006604e-13 2.5846368753e-13 5.0160637851e-13
4.2535400391e+02 7.5958157158e-13 2.5861345634e-13 5.0096811525e-13
4.2541503906e+02 7.5949491536e-13 2.5881490412e-13 5.0068001124e-13
4.2547607422e+02 7.5983808705e-13 2.5895160719e-13 5.0088647986e-13
4.2553710938e+02 7.6053895389e-13 2.5895286635e-13 5.0158608754e-13
4.2559814453e+02 7.6135106477e-13 2.5883107377e-13 5.0251999099e-13
4.2565917969e+02 7.6199236177e-13 2.5867088819e-13 5.0332147357e-13
4.2572021484e+02 7.6234290725e-13 2.5858099251e-13 5.0376191473e-13
4.2578125000e+02 7.6228914591e-13 2.5855820432e-13 5.0373094159e-13
4.2584228516e+02 7.6157814347e-13 2.5840889303e-13 5.0316925044e-13
4.2590332031e+02 7.6005716960e-13 2.5789759180e-13 5.0215957781e-13
4.2596435547e+02 7.5793898295e-13 2.5700724199e-13 5.0093174096e-13
4.2602539062e+02 7.5568512657e-13 2.5600518131e-13 4.9967994526e-13
4.2608642578e+02 7.5377563737e-13 2.5524046049e-13 4.9853517688e-13
4.2614746094e+02 7.5269722495e-13 2.5492278501e-13 4.9777443994e-13
4.2620849609e+02 7.5278417833e-13 2.5503653931e-13 4.9774763902e-13
4.2626953125e+02 7.5372702294e-13 2.5534183294e-13 4.9838519000e-13
4.2633056641e+02 7.5460422989e-13 2.5551718210e-13 4.9908704779e-13
4.2639160156e+02 7.5486480329e-13 2.5546278900e-13 4.9940201429e-13
4.2645263672e+02 7.5486734919e-13 2.5539874265e-13 4.9946860654e-13
4.2651367188e+02 7.5495202165e-13 2.5550688009e-13 4.9944514156e-13
4.2657470703e+02 7.5470107444e-13 2.5564051295e-13 4.9906056149e-13
4.2663574219e+02 7.5382989180e-13 2.5560791319e-13 4.9822197861e-13
4.2669677734e+02 7.5302988466e-13 2.5557083367e-13 4.9745905099e-13
4.2675781250e+02 7.5314028936e-13 2.5589092819e-13 4.9724936117e-13
4.2681884766e+02 7.5401598536e-13 2.5659130721e-13 4.9742467815e-13
4.2687988281e+02 7.5477299314e-13 2.5717793337e-13 4.9759505977e-13
4.2694091797e+02 7.5478756742e-13 2.5711699938e-13 4.9767056803e-13
4.2700195312e+02 7.5404999991e-13 2.5636765639e-13 4.9768234352e-13
4.2706298828e+02 7.5286356507e-13 2.5534951197e-13 4.9751405310e-13
4.2712402344e+02 7.5165557585e-13 2.5454075123e-13 4.9711482462e-13
4.2718505859e+02 7.5090572328e-13 2.5419897785e-13 4.9670674543e-13
4.2724609375e+02 7.5090785912e-13 2.5433174818e-13 4.9657611094e-13
4.2730712891e+02 7.5158657848e-13 2.5478164495e-13 4.9680493353e-13
4.2736816406e+02 7.5258428147e-13 2.5530790236e-13 4.9727637911e-13
4.2742919922e+02 7.5343345478e-13 2.5566157183e-13 4.9777188295e-13
4.2749023438e+02 7.5368529600e-13 2.5570871791e-13 4.9797657810e-13
4.2755126953e+02 7.5315616389e-13 2.5554219982e-13 4.9761396407e-13
4.2761230469e+02 7.5216256456e-13 2.5539967448e-13 4.9676289008e-13
4.2767333984e+02 7.5134617905e-13 2.5541027440e-13 4.9593590465e-13
4.2773437500e+02 7.5114040459e-13 2.5547009533e-13 4.9567030926e-13
4.2779541016e+02 7.5146388862e-13 2.5541146526e-13 4.9605242336e-13
4.2785644531e+02 7.5198539803e-13 2.5522880325e-13 4.9675659478e-13
4.2791748047e+02 7.5249306049e-13 2.5504063471e-13 4.9745242579e-13
4.2797851562e+02 7.5290105198e-13 2.5490486441e-13 4.9799618757e-13
4.2803955078e+02 7.5310598022e-13 2.5481012873e-13 4.9829585149e-13
4.2810058594e+02 7.5301920015e-13 2.5477896100e-13 4.9824023915e-13
4.2816162109e+02 7.5270351210e-13 2.5485494932e-13 4.9784856279e-13
4.2822265625e+02 7.5229703769e-13 2.5503404292e-13 4.9726299477e-13
4.2828369141e+02 7.5178500738e-13 2.5526739632e-13 4.9651761106e-13
4.2834472656e+02 7.5108158935e-13 2.5548341676e-13 4.9559817259e-13
4.2840576172e+02 7.5034090083e-13 2.5560122800e-13 4.9473967283e-13
4.2846679688e+02 7.4988164618e-13 2.5558010517e-13 4.9430154101e-13
4.2852783203e+02 7.4973881413e-13 2.5544153742e-13 4.9429727671e-13
4.2858886719e+02 7.4961094740e-13 2.5524060970e-13 4.9437033770e-13
4.2864990234e+02 7.4941988619e-13 2.5508352692e-13 4.9433635928e-13
4.2871093750e+02 7.4947720127e-13 2.5507748563e-13 4.9439971564e-13
4.2877197266e+02 7.4980397698e-13 2.5512978573e-13 4.9467419125e-13
4.2883300781e+02 7.4985294661e-13 2.5497073819e-13 4.9488220842e-13
4.2889404297e+02 7.4921531590e-13 2.5451073795e-13 4.9470457795e-13
4.2895507812e+02 7.4813718756e-13 2.5398436014e-13 4.9415282742e-13
4.2901611328e+02 7.4709442295e-13 2.5365884484e-13 4.9343557811e-13
4.2907714844e+02 7.4613233868e-13 2.5356114149e-13 4.9257119720e-13
4.2913818359e+02 7.4495650407e-13 2.5354959686e-13 4.9140690722e-13
4.2919921875e+02 7.4360401199e-13 2.5352445350e-13 4.9007955849e-13
4.2926025391e+02 7.4261052868e-13 2.5346742339e-13 4.8914310528e-13
4.2932128906e+02 7.4242766913e-13 2.5335458842e-13 4.8907308072e-13
4.2938232422e+02 7.4298902259e-13 2.5318218829e-13 4.8980683429e-13
4.2944335938e+02 7.4387284337e-13 2.5305313022e-13 4.9081971315e-13
4.2950439453e+02 7.4458465798e-13 2.5308517730e-13 4.9149948067e-13
4.2956542969e+02 7.4472503371e-13 2.5323646353e-13 4.9148857018e-13
4.2962646484e+02 7.4420403715e-13 2.5331578836e-13 4.9088824879e-13
4.2968750000e+02 7.4329464533e-13 2.5316282807e-13 4.9013181726e-13
4.2974853516e+02 7.4232502427e-13 2.5280176891e-13 4.8952325536e-13
4.2980957031e+02 7.4135832153e-13 2.5240301911e-13 4.8895530242e-13
4.2987060547e+02 7.4024556432e-13 2.5208185848e-13 4.8816370584e-13
4.2993164062e+02 7.3893687215e-13 2.5181764329e-13 4.8711922885e-13
4.2999267578e+02 7.3762265766e-13 2.5160750015e-13 4.8601515751e-13
4.3005371094e+02 7.3659045464e-13 2.5155617218e-13 4.8503428246e-13
4.3011474609e+02 7.3603132367e-13 2.5172202949e-13 4.8430929418e-13
4.3017578125e+02 7.3590079037e-13 2.5198611353e-13 4.8391467684e-13
4.3023681641e+02 7.3585597540e-13 2.5213864794e-13 4.8371732747e-13
4.3029785156e+02 7.3546662650e-13 2.5202751387e-13 4.8343911262e-13
4.3035888672e+02 7.3470109708e-13 2.5163729202e-13 4.8306380507e-13
4.3041992188e+02 7.3407172275e-13 2.5109648119e-13 4.8297524156e-13
4.3048095703e+02 7.3403315245e-13 2.5059228137e-13 4.8344087108e-13
4.3054199219e+02 7.3438256703e-13 2.5025026473e-13 4.8413230230e-13
4.3060302734e+02 7.3454623760e-13 2.5009390010e-13 4.8445233750e-13
4.3066406250e+02 7.3427549779e-13 2.5005513289e-13 4.8422036490e-13
4.3072509766e+02 7.3374216532e-13 2.4999923469e-13 4.8374293064e-13
4.3078613281e+02 7.3313812711e-13 2.4981830844e-13 4.8331981867e-13
4.3084716797e+02 7.3251852634e-13 2.4950759084e-13 4.8301093551e-13
4.3090820312e+02 7.3197625007e-13 2.4912882291e-13 4.8284742717e-13
4.3096923828e+02 7.3172814453e-13 2.4877623117e-13 4.8295191336e-13
4.3103027344e+02 7.3197380139e-13 2.4859918020e-13 4.8337462119e-13
4.3109130859e+02 7.3276903391e-13 2.4876650036e-13 4.8400253355e-13
4.3115234375e+02 7.3404403203e-13 2.4935045920e-13 4.8469357283e-13
4.3121337891e+02 7.3558689326e-13 2.5023341730e-13 4.8535347596e-13
4.3127441406e+02 7.3692706438e-13 2.5111181808e-13 4.8581524630e-13
4.3133544922e+02 7.3747382593e-13 2.5162022468e-13 4.8585360125e-13
4.3139648438e+02 7.3704597823e-13 2.5154778747e-13 4.8549819077e-13
4.3145751953e+02 7.3616719652e-13 2.5102410756e-13 4.8514308897e-13
4.3151855469e+02 7.3565173336e-13 2.5046926981e-13 4.8518246355e-13
4.3157958984e+02 7.3586318413e-13 2.5023122252e-13 4.8563196162e-13
4.3164062500e+02 7.3643313970e-13 2.5027987888e-13 4.8615326081e-13
4.3170166016e+02 7.3675565525e-13 2.5035589813e-13 4.8639975712e-13
4.3176269531e+02 7.3654986576e-13 2.5027924368e-13 4.8627062208e-13
4.3182373047e+02 7.3590151630e-13 2.5001620747e-13 4.8588530882e-13
4.3188476562e+02 7.3510215944e-13 2.4964187052e-13 4.8546028892e-13
4.3194580078e+02 7.3448645874e-13 2.4931644277e-13 4.8517001597e-13
4.3200683594e+02 7.3426170533e-13 2.4919696648e-13 4.8506473885e-13
4.3206787109e+02 7.3448551225e-13 2.4934115486e-13 4.8514435738e-13
4.3212890625e+02 7.3507168570e-13 2.4967881579e-13 4.8539286991e-13
4.3218994141e+02 7.3565322471e-13 2.5000661606e-13 4.8564660865e-13
4.3225097656e+02 7.3562581282e-13 2.5003507815e-13 4.8559073467e-13
4.3231201172e+02 7.3469811234e-13 2.4961461151e-13 4.8508350083e-13
4.3237304688e+02 7.3338469254e-13 2.4897426259e-13 4.8441042995e-13
4.3243408203e+02 7.3256079235e-13 2.4856278906e-13 4.8399800329e-13
4.3249511719e+02 7.3244645365e-13 2.4856883344e-13 4.8387762022e-13
4.3255615234e+02 7.3233876975e-13 2.4873571967e-13 4.8360305008e-13
4.3261718750e+02 7.3144536702e-13 2.4871054318e-13 4.8273482384e-13
4.3267822266e+02 7.2982461790e-13 2.4844676980e-13 4.8137784810e-13
4.3273925781e+02 7.2842563607e-13 2.4819367862e-13 4.8023195744e-13
4.3280029297e+02 7.2812685512e-13 2.4818326943e-13 4.7994358569e-13
4.3286132812e+02 7.2876698878e-13 2.4839962013e-13 4.8036736865e-13
4.3292236328e+02 7.2942421906e-13 2.4861334832e-13 4.8081087074e-13
4.3298339844e+02 7.2960385180e-13 2.4861328714e-13 4.8099056465e-13
4.3304443359e+02 7.2961848391e-13 2.4841621356e-13 4.8120227035e-13
4.3310546875e+02 7.2984699129e-13 2.4822779894e-13 4.8161919235e-13
4.3316650391e+02 7.3033577043e-13 2.4823688528e-13 4.8209888515e-13
4.3322753906e+02 7.3113961878e-13 2.4850610816e-13 4.8263351062e-13
4.3328857422e+02 7.3232437348e-13 2.4897305048e-13 4.8335132300e-13
4.3334960938e+02 7.3357874073e-13 2.4947180394e-13 4.8410693679e-13
4.3341064453e+02 7.3440437206e-13 2.4982992326e-13 4.8457444880e-13
4.3347167969e+02 7.3470129283e-13 2.5000890186e-13 4.8469239097e-13
4.3353271484e+02 7.3476494882e-13 2.5011342637e-13 4.8465152245e-13
4.3359375000e+02 7.3485787825e-13 2.5026620321e-13 4.8459167504e-13
4.3365478516e+02 7.3516132371e-13 2.5049735588e-13 4.8466396783e-13
4.3371582031e+02 7.3585337234e-13 2.5073373090e-13 4.8511964144e-13
4.3377685547e+02 7.3677965017e-13 2.5088399058e-13 4.8589565959e-13
4.3383789062e+02 7.3731631558e-13 2.5092024191e-13 4.8639607367e-13
4.3389892578e+02 7.3696494772e-13 2.5087023773e-13 4.8609470999e-13
4.3395996094e+02 7.3596155331e-13 2.5078087653e-13 4.8518067678e-13
4.3402099609e+02 7.3505704230e-13 2.5071142946e-13 4.8434561284e-13
4.3408203125e+02 7.3473720273e-13 2.5070542539e-13 4.8403177734e-13
4.3414306641e+02 7.3484198888e-13 2.5072681313e-13 4.8411517575e-13
4.3420410156e+02 7.3495646097e-13 2.5065214467e-13 4.8430431630e-13
4.3426513672e+02 7.3498459139e-13 2.5039655648e-13 4.8458803491e-13
4.3432617188e+02 7.3514816385e-13 2.5005787828e-13 4.8509028557e-13
4.3438720703e+02 7.3551515562e-13 2.4986598433e-13 4.8564917129e-13
4.3444824219e+02 7.3590045914e-13 2.4997161129e-13 4.8592884785e-13
4.3450927734e+02 7.3618519380e-13 2.5030313938e-13 4.8588205442e-13
4.3457031250e+02 7.3631842257e-13 2.5059593069e-13 4.8572249189e-13
4.3463134766e+02 7.3613653171e-13 2.5059612377e-13 4.8554040794e-13
4.3469238281e+02 7.3556110828e-13 2.5031532408e-13 4.8524578420e-13
4.3475341797e+02 7.3480951094e-13 2.5001360001e-13 4.8479591093e-13
4.3481445312e+02 7.3418179859e-13 2.4987641597e-13 4.8430538263e-13
4.3487548828e+02 7.3384817555e-13 2.4983985452e-13 4.8400832102e-13
4.3493652344e+02 7.3391826573e-13 2.4977477354e-13 4.8414349219e-13
4.3499755859e+02 7.3437668183e-13 2.4967903542e-13 4.8469764641e-13
4.3505859375e+02 7.3490104014e-13 2.4963137642e-13 4.8526966372e-13
4.3511962891e+02 7.3511551826e-13 2.4967415154e-13 4.8544136673e-13
4.3518066406e+02 7.3503490497e-13 2.4979107037e-13 4.8524383460e-13
4.3524169922e+02 7.3495463979e-13 2.4996182315e-13 4.8499281664e-13
4.3530273438e+02 7.3501400812e-13 2.5019619015e-13 4.8481781796e-13
4.3536376953e+02 7.3514648118e-13 2.5046474064e-13 4.8468174054e-13
4.3542480469e+02 7.3529423514e-13 2.5063548576e-13 4.8465874937e-13
4.3548583984e+02 7.3542226221e-13 2.5059228317e-13 4.8482997904e-13
4.3554687500e+02 7.3540483436e-13 2.5038444685e-13 4.8502038751e-13
4.3560791016e+02 7.3508019981e-13 2.5014469548e-13 4.8493550433e-13
4.3566894531e+02 7.3447339136e-13 2.4990762863e-13 4.8456576272e-13
4.3572998047e+02 7.3383407033e-13 2.4962253492e-13 4.8421153541e-13
4.3579101562e+02 7.3337139429e-13 2.4931159614e-13 4.8405979815e-13
4.3585205078e+02 7.3310477022e-13 2.4910584115e-13 4.8399892908e-13
4.3591308594e+02 7.3301268411e-13 2.4911911979e-13 4.8389356432e-13
4.3597412109e+02 7.3312084306e-13 2.4933775310e-13 4.8378308997e-13
4.3603515625e+02 7.3331442053e-13 2.4960726954e-13 4.8370715099e-13
4.3609619141e+02 7.3328838547e-13 2.4974376664e-13 4.8354461882e-13
4.3615722656e+02 7.3297768464e-13 2.4971870107e-13 4.8325898357e-13
4.3621826172e+02 7.3277876853e-13 2.4964340708e-13 4.8313536145e-13
4.3627929688e+02 7.3303619375e-13 2.4954156061e-13 4.8349463314e-13
4.3634033203e+02 7.3352734666e-13 2.4929119853e-13 4.8423614813e-13
4.3640136719e+02 7.3364779198e-13 2.4882034433e-13 4.8482744764e-13
4.3646240234e+02 7.3310424633e-13 2.4825923117e-13 4.8484501516e-13
4.3652343750e+02 7.3227736525e-13 2.4785118585e-13 4.8442617939e-13
4.3658447266e+02 7.3176423823e-13 2.4773082128e-13 4.8403341695e-13
4.3664550781e+02 7.3173743959e-13 2.4783097820e-13 4.8390646139e-13
4.3670654297e+02 7.3181428553e-13 2.4797894072e-13 4.8383534482e-13
4.3676757812e+02 7.3143787557e-13 2.4801101821e-13 4.8342685736e-13
4.3682861328e+02 7.3047729386e-13 2.4784565660e-13 4.8263163726e-13
4.3688964844e+02 7.2949469596e-13 2.4758800886e-13 4.8190668711e-13
4.3695068359e+02 7.2922828872e-13 2.4752086892e-13 4.8170741980e-13
4.3701171875e+02 7.2982632576e-13 2.4781426809e-13 4.8201205767e-13
4.3707275391e+02 7.3077016200e-13 2.4828007986e-13 4.8249008214e-13
4.3713378906e+02 7.3140056978e-13 2.4856249684e-13 4.8283807295e-13
4.3719482422e+02 7.3140586915e-13 2.4851017947e-13 4.8289568967e-13
4.3725585938e+02 7.3100367902e-13 2.4826096652e-13 4.8274271250e-13
4.3731689453e+02 7.3066193220e-13 2.4802828205e-13 4.8263365015e-13
4.3737792969e+02 7.3053714183e-13 2.4788033115e-13 4.8265681068e-13
4.3743896484e+02 7.3037211130e-13 2.4775146977e-13 4.8262064153e-13
4.3750000000e+02 7.3007164614e-13 2.4764921519e-13 4.8242243094e-13
4.3756103516e+02 7.3001386610e-13 2.4770904514e-13 4.8230482096e-13
4.3762207031e+02 7.3048599108e-13 2.4797490798e-13 4.8251108311e-13
4.3768310547e+02 7.3120582538e-13 2.4829613755e-13 4.8290968782e-13
4.3774414062e+02 7.3173114013e-13 2.4850430309e-13 4.8322683705e-13
4.3780517578e+02 7.3197970697e-13 2.4856423366e-13 4.8341547331e-13
4.3786621094e+02 7.3216027252e-13 2.4857729547e-13 4.8358297705e-13
4.3792724609e+02 7.3243241913e-13 2.4869569802e-13 4.8373672111e-13
4.3798828125e+02 7.3269604234e-13 2.4895631173e-13 4.8373973061e-13
4.3804931641e+02 7.3272381705e-13 2.4920436880e-13 4.8351944825e-13
4.3811035156e+02 7.3252377090e-13 2.4925584544e-13 4.8326792546e-13
4.3817138672e+02 7.3239980087e-13 2.4909353351e-13 4.8330626736e-13
4.3823242188e+02 7.3259800803e-13 2.4885234155e-13 4.8374566648e-13
4.3829345703e+02 7.3303670080e-13 2.4866280392e-13 4.8437389687e-13
4.3835449219e+02 7.3344945290e-13 2.4855803585e-13 4.8489141704e-13
4.3841552734e+02 7.3376251060e-13 2.4851922620e-13 4.8524328441e-13
4.3847656250e+02 7.3414132900e-13 2.4854265791e-13 4.8559867108e-13
4.3853759766e+02 7.3454449499e-13 2.4859396632e-13 4.8595052867e-13
4.3859863281e+02 7.3466018657e-13 2.4858427369e-13 4.8607591288e-13
4.3865966797e+02 7.3455548118e-13 2.4853274942e-13 4.8602273176e-13
4.3872070312e+02 7.3475990956e-13 2.4862109513e-13 4.8613881444e-13
4.3878173828e+02 7.3533866322e-13 2.4890030510e-13 4.8643835812e-13
4.3884277344e+02 7.3555960144e-13 2.4913184889e-13 4.8642775255e-13
4.3890380859e+02 7.3492727625e-13 2.4910980082e-13 4.8581747543e-13
4.3896484375e+02 7.3400046702e-13 2.4892304832e-13 4.8507741870e-13
4.3902587891e+02 7.3363889035e-13 2.4874462950e-13 4.8489426085e-13
4.3908691406e+02 7.3380325198e-13 2.4857514137e-13 4.8522811061e-13
4.3914794922e+02 7.3369641427e-13 2.4832206893e-13 4.8537434534e-13
4.3920898438e+02 7.3290352831e-13 2.4800087231e-13 4.8490265600e-13
4.3927001953e+02 7.3191139145e-13 2.4778008840e-13 4.8413130305e-13
4.3933105469e+02 7.3144957685e-13 2.4782484627e-13 4.8362473058e-13
4.3939208984e+02 7.3159539546e-13 2.4809672551e-13 4.8349866995e-13
4.3945312500e+02 7.3182373189e-13 2.4837051608e-13 4.8345321581e-13
4.3951416016e+02 7.3172243755e-13 2.4844355676e-13 4.8327888079e-13
4.3957519531e+02 7.3131113005e-13 2.4830099975e-13 4.8301013030e-13
4.3963623047e+02 7.3094607406e-13 2.4815044514e-13 4.8279562892e-13
4.3969726562e+02 7.3104007439e-13 2.4825299569e-13 4.8278707869e-13
4.3975830078e+02 7.3158039434e-13 2.4862325135e-13 4.8295714298e-13
4.3981933594e+02 7.3210240120e-13 2.4901263660e-13 4.8308976460e-13
4.3988037109e+02 7.3230266280e-13 2.4921740558e-13 4.8308525722e-13
4.3994140625e+02 7.3230649743e-13 2.4920492018e-13 4.8310157725e-13
4.4000244141e+02 7.3232016280e-13 2.4898973957e-13 4.8333042324e-13
4.4006347656e+02 7.3237989527e-13 2.4862847691e-13 4.8375141837e-13
4.4012451172e+02 7.3239728712e-13 2.4828900031e-13 4.8410828681e-13
4.4018554688e+02 7.3229286514e-13 2.4815317434e-13 4.8413969079e-13
4.4024658203e+02 7.3210046904e-13 2.4824795074e-13 4.8385251830e-13
4.4030761719e+02 7.3187406525e-13 2.4840437163e-13 4.8346969362e-13
4.4036865234e+02 7.3151088031e-13 2.4839583328e-13 4.8311504703e-13
4.4042968750e+02 7.3087257562e-13 2.4815203565e-13 4.8272053998e-13
4.4049072266e+02 7.3012678027e-13 2.4782995138e-13 4.8229682890e-13
4.4055175781e+02 7.2972694765e-13 2.4766287570e-13 4.8206407195e-13
4.4061279297e+02 7.2988301852e-13 2.4775418869e-13 4.8212882983e-13
4.4067382812e+02 7.3026913101e-13 2.4800612230e-13 4.8226300871e-13
4.4073486328e+02 7.3044347304e-13 2.4824144289e-13 4.8220203016e-13
4.4079589844e+02 7.3030599566e-13 2.4837843802e-13 4.8192755764e-13
4.4085693359e+02 7.2999256166e-13 2.4843060985e-13 4.8156195181e-13
4.4091796875e+02 7.2959109866e-13 2.4836725132e-13 4.8122384734e-13
4.4097900391e+02 7.2917708843e-13 2.4813432862e-13 4.8104275981e-13
4.4104003906e+02 7.2899664391e-13 2.4783277630e-13 4.8116386762e-13
4.4110107422e+02 7.2934469461e-13 2.4768019605e-13 4.8166449856e-13
4.4116210938e+02 7.3020396092e-13 2.4775896524e-13 4.8244499568e-13
4.4122314453e+02 7.3119444675e-13 2.4797431806e-13 4.8322012869e-13
4.4128417969e+02 7.3185730670e-13 2.4822378223e-13 4.8363352447e-13
4.4134521484e+02 7.3180716556e-13 2.4841595790e-13 4.8339120766e-13
4.4140625000e+02 7.3091782039e-13 2.4840579792e-13 4.8251202247e-13
4.4146728516e+02 7.2964103019e-13 2.4811474954e-13 4.8152628065e-13
4.4152832031e+02 7.2876889291e-13 2.4766933055e-13 4.8109956235e-13
4.4158935547e+02 7.2872419592e-13 2.4731194343e-13 4.8141225249e-13
4.4165039062e+02 7.2925613510e-13 2.4716744415e-13 4.8208869095e-13
4.4171142578e+02 7.2968694428e-13 2.4711910107e-13 4.8256784322e-13
4.4177246094e+02 7.2947699384e-13 2.4699996075e-13 4.8247703310e-13
4.4183349609e+02 7.2875507373e-13 2.4687814043e-13 4.8187693330e-13
4.4189453125e+02 7.2808850049e-13 2.4693873902e-13 4.8114976146e-13
4.4195556641e+02 7.2771883917e-13 2.4713858657e-13 4.8058025261e-13
4.4201660156e+02 7.2740069626e-13 2.4724978598e-13 4.8015091028e-13
4.4207763672e+02 7.2686665421e-13 2.4716391905e-13 4.7970273517e-13
4.4213867188e+02 7.2613219565e-13 2.4694524866e-13 4.7918694699e-13
4.4219970703e+02 7.2545175127e-13 2.4666172733e-13 4.7879002394e-13
4.4226074219e+02 7.2512348065e-13 2.4631518879e-13 4.7880829185e-13
4.4232177734e+02 7.2531819404e-13 2.4596721838e-13 4.7935097566e-13
4.4238281250e+02 7.2591173606e-13 2.4579882098e-13 4.8011291509e-13
4.4244384766e+02 7.2642004356e-13 2.4590011183e-13 4.8051993173e-13
4.4250488281e+02 7.2647183379e-13 2.4615043312e-13 4.8032140067e-13
4.4256591797e+02 7.2635349956e-13 2.4645009751e-13 4.7990340205e-13
4.4262695312e+02 7.2659068376e-13 2.4683611070e-13 4.7975457306e-13
4.4268798828e+02 7.2717931188e-13 2.4726829507e-13 4.7991101681e-13
4.4274902344e+02 7.2775626084e-13 2.4756060193e-13 4.8019565891e-13
4.4281005859e+02 7.2822707628e-13 2.4759112805e-13 4.8063594823e-13
4.4287109375e+02 7.2874188562e-13 2.4744024227e-13 4.8130164334e-13
4.4293212891e+02 7.2930468907e-13 2.4730898899e-13 4.8199570008e-13
4.4299316406e+02 7.2969061255e-13 2.4729331162e-13 4.8239730093e-13
4.4305419922e+02 7.2961431072e-13 2.4724802515e-13 4.8236628558e-13
4.4311523438e+02 7.2904123802e-13 2.4699890113e-13 4.8204233689e-13
4.4317626953e+02 7.2835058653e-13 2.4661262969e-13 4.8173795684e-13
4.4323730469e+02 7.2794032650e-13 2.4628473173e-13 4.8165559477e-13
4.4329833984e+02 7.2779427119e-13 2.4609333486e-13 4.8170093634e-13
4.4335937500e+02 7.2766550028e-13 2.4600991321e-13 4.8165558706e-13
4.4342041016e+02 7.2749970432e-13 2.4603307661e-13 4.8146662771e-13
4.4348144531e+02 7.2755321737e-13 2.4621856124e-13 4.8133465613e-13
4.4354248047e+02 7.2812881543e-13 2.4659930393e-13 4.8152951150e-13
4.4360351562e+02 7.2904898835e-13 2.4705743332e-13 4.8199155503e-13
4.4366455078e+02 7.2951256738e-13 2.4732540692e-13 4.8218716046e-13
4.4372558594e+02 7.2883814587e-13 2.4720813924e-13 4.8163000663e-13
4.4378662109e+02 7.2716949209e-13 2.4674879054e-13 4.8042070155e-13
4.4384765625e+02 7.2526900011e-13 2.4614158242e-13 4.7912741769e-13
4.4390869141e+02 7.2399140920e-13 2.4560556840e-13 4.7838584080e-13
4.4396972656e+02 7.2391290867e-13 2.4535767524e-13 4.7855523344e-13
4.4403076172e+02 7.2492949900e-13 2.4550588584e-13 4.7942361316e-13
4.4409179688e+02 7.2619428213e-13 2.4587848772e-13 4.8031579441e-13
4.4415283203e+02 7.2675641264e-13 2.4611597700e-13 4.8064043564e-13
4.4421386719e+02 7.2628068354e-13 2.4603475447e-13 4.8024592908e-13
4.4427490234e+02 7.2521420695e-13 2.4583469818e-13 4.7937950877e-13
4.4433593750e+02 7.2440501301e-13 2.4587742316e-13 4.7852758986e-13
4.4439697266e+02 7.2442978250e-13 2.4627632640e-13 4.7815345609e-13
4.4445800781e+02 7.2509287083e-13 2.4676483852e-13 4.7832803231e-13
4.4451904297e+02 7.2560681824e-13 2.4697211195e-13 4.7863470629e-13
4.4458007812e+02 7.2545224122e-13 2.4679313560e-13 4.7865910562e-13
4.4464111328e+02 7.2503062716e-13 2.4648544564e-13 4.7854518152e-13
4.4470214844e+02 7.2522058797e-13 2.4641502760e-13 4.7880556037e-13
4.4476318359e+02 7.2632225279e-13 2.4669337375e-13 4.7962887903e-13
4.4482421875e+02 7.2771520653e-13 2.4706898151e-13 4.8064622502e-13
4.4488525391e+02 7.2855471076e-13 2.4720760143e-13 4.8134710933e-13
4.4494628906e+02 7.2849969011e-13 2.4701579216e-13 4.8148389794e-13
4.4500732422e+02 7.2783171217e-13 2.4666990656e-13 4.8116180561e-13
4.4506835938e+02 7.2722381412e-13 2.4643616432e-13 4.8078764980e-13
4.4512939453e+02 7.2723520399e-13 2.4644351339e-13 4.8079169060e-13
4.4519042969e+02 7.2779282401e-13 2.4658852554e-13 4.8120429847e-13
4.4525146484e+02 7.2829425275e-13 2.4669355618e-13 4.8160069657e-13
4.4531250000e+02 7.2813478441e-13 2.4664650668e-13 4.8148827773e-13
4.4537353516e+02 7.2707982456e-13 2.4634768689e-13 4.8073213766e-13
4.4543457031e+02 7.2547273125e-13 2.4574695753e-13 4.7972577371e-13
4.4549560547e+02 7.2410077994e-13 2.4502162437e-13 4.7907915557e-13
4.4555664062e+02 7.2350804341e-13 2.4453697044e-13 4.7897107297e-13
4.4561767578e+02 7.2346292508e-13 2.4451935135e-13 4.7894357374e-13
4.4567871094e+02 7.2331403350e-13 2.4482927850e-13 4.7848475501e-13
4.4573974609e+02 7.2275312382e-13 2.4510245258e-13 4.7765067125e-13
4.4580078125e+02 7.2206375358e-13 2.4508250437e-13 4.7698124921e-13
4.4586181641e+02 7.2175365149e-13 2.4482708954e-13 4.7692656195e-13
4.4592285156e+02 7.2203990316e-13 2.4461308825e-13 4.7742681491e-13
4.4598388672e+02 7.2257856785e-13 2.4462742428e-13 4.7795114358e-13
4.4604492188e+02 7.2272021939e-13 2.4480434668e-13 4.7791587271e-13
4.4610595703e+02 7.2217751478e-13 2.4500095188e-13 4.7717656290e-13
4.4616699219e+02 7.2130373455e-13 2.4519091584e-13 4.7611281872e-13
4.4622802734e+02 7.2053935267e-13 2.4537305948e-13 4.7516629319e-13
4.4628906250e+02 7.1990145778e-13 2.4544619352e-13 4.7445526427e-13
4.4635009766e+02 7.1926158219e-13 2.4531895065e-13 4.7394263155e-13
4.4641113281e+02 7.1869000799e-13 2.4501343119e-13 4.7367657680e-13
4.4647216797e+02 7.1825638387e-13 2.4459330598e-13 4.7366307789e-13
4.4653320312e+02 7.1785711873e-13 2.4412471927e-13 4.7373239946e-13
4.4659423828e+02 7.1732803823e-13 2.4369882583e-13 4.7362921240e-13
4.4665527344e+02 7.1649890372e-13 2.4336652605e-13 4.7313237768e-13
4.4671630859e+02 7.1530042953e-13 2.4309062814e-13 4.7220980139e-13
4.4677734375e+02 7.1400541252e-13 2.4283393461e-13 4.7117147791e-13
4.4683837891e+02 7.1316297428e-13 2.4262327067e-13 4.7053970361e-13
4.4689941406e+02 7.1305021717e-13 2.4247630596e-13 4.7057391121e-13
4.4696044922e+02 7.1330001500e-13 2.4234877774e-13 4.7095123727e-13
4.4702148438e+02 7.1335667080e-13 2.4222134360e-13 4.7113532721e-13
4.4708251953e+02 7.1317469448e-13 2.4217899089e-13 4.7099570359e-13
4.4714355469e+02 7.1312391318e-13 2.4231154104e-13 4.7081237214e-13
4.4720458984e+02 7.1328976256e-13 2.4253692749e-13 4.7075283507e-13
4.4726562500e+02 7.1327277039e-13 2.4261508194e-13 4.7065768845e-13
4.4732666016e+02 7.1278298012e-13 2.4238374498e-13 4.7039923514e-13
4.4738769531e+02 7.1207105000e-13 2.4194467742e-13 4.7012637258e-13
4.4744873047e+02 7.1149248037e-13 2.4156518785e-13 4.6992729252e-13
4.4750976562e+02 7.1092991586e-13 2.4138705164e-13 4.6954286422e-13
4.4757080078e+02 7.1004065264e-13 2.4130886084e-13 4.6873179180e-13
4.4763183594e+02 7.0886525316e-13 2.4116898005e-13 4.6769627311e-13
4.4769287109e+02 7.0777905639e-13 2.4092179704e-13 4.6685725935e-13
4.4775390625e+02 7.0695795959e-13 2.4062059969e-13 4.6633735990e-13
4.4781494141e+02 7.0619116281e-13 2.4032396374e-13 4.6586719908e-13
4.4787597656e+02 7.0523403843e-13 2.4004734146e-13 4.6518669697e-13
4.4793701172e+02 7.0424727581e-13 2.3980830552e-13 4.6443897029e-13
4.4799804688e+02 7.0368029169e-13 2.3965646438e-13 4.6402382731e-13
4.4805908203e+02 7.0364976259e-13 2.3960382631e-13 4.6404593628e-13
4.4812011719e+02 7.0383122063e-13 2.3963983977e-13 4.6419138085e-13
4.4818115234e+02 7.0408679012e-13 2.3983151947e-13 4.6425527065e-13
4.4824218750e+02 7.0466336407e-13 2.4023570083e-13 4.6442766324e-13
4.4830322266e+02 7.0559822740e-13 2.4073843629e-13 4.6485979111e-13
4.4836425781e+02 7.0643211735e-13 2.4113662066e-13 4.6529549669e-13
4.4842529297e+02 7.0671177734e-13 2.4132018479e-13 4.6539159255e-13
4.4848632812e+02 7.0646746975e-13 2.4129938625e-13 4.6516808349e-13
4.4854736328e+02 7.0604749473e-13 2.4113886955e-13 4.6490862518e-13
4.4860839844e+02 7.0563232073e-13 2.4089498060e-13 4.6473734013e-13
4.4866943359e+02 7.0505761746e-13 2.4057172819e-13 4.6448588928e-13
4.4873046875e+02 7.0415558068e-13 2.4016205408e-13 4.6399352659e-13
4.4879150391e+02 7.0321593402e-13 2.3976046999e-13 4.6345546403e-13
4.4885253906e+02 7.0285725881e-13 2.3955631561e-13 4.6330094320e-13
4.4891357422e+02 7.0330712616e-13 2.3965045196e-13 4.6365667420e-13
4.4897460938e+02 7.0415041372e-13 2.3995556637e-13 4.6419484735e-13
4.4903564453e+02 7.0486169420e-13 2.4030595808e-13 4.6455573612e-13
4.4909667969e+02 7.0523082332e-13 2.4058627857e-13 4.6464454476e-13
4.4915771484e+02 7.0534493298e-13 2.4075659330e-13 4.6458833968e-13
4.4921875000e+02 7.0541910248e-13 2.4080965324e-13 4.6460944924e-13
4.4927978516e+02 7.0558612736e-13 2.4074515780e-13 4.6484096956e-13
4.4934082031e+02 7.0580369606e-13 2.4061322741e-13 4.6519046864e-13
4.4940185547e+02 7.0600634219e-13 2.4053931652e-13 4.6546702567e-13
4.4946289062e+02 7.0621247014e-13 2.4062658238e-13 4.6558588776e-13
4.4952392578e+02 7.0638921645e-13 2.4082782680e-13 4.6556138965e-13
4.4958496094e+02 7.0637405801e-13 2.4096592691e-13 4.6540813110e-13
4.4964599609e+02 7.0601433582e-13 2.4089115833e-13 4.6512317749e-13
4.4970703125e+02 7.0533792343e-13 2.4061401060e-13 4.6472391283e-13
4.4976806641e+02 7.0459892747e-13 2.4030669518e-13 4.6429223229e-13
4.4982910156e+02 7.0414722865e-13 2.4015107374e-13 4.6399615492e-13
4.4989013672e+02 7.0424332673e-13 2.4017248466e-13 4.6407084207e-13
4.4995117188e+02 7.0493069599e-13 2.4025711117e-13 4.6467358482e-13
4.5001220703e+02 7.0598334510e-13 2.4028949277e-13 4.6569385233e-13
4.5007324219e+02 7.0702479048e-13 2.4023153433e-13 4.6679325615e-13
4.5013427734e+02 7.0775652432e-13 2.4011952088e-13 4.6763700344e-13
4.5019531250e+02 7.0816676838e-13 2.4005251315e-13 4.6811425522e-13
4.5025634766e+02 7.0855733497e-13 2.4017881161e-13 4.6837852336e-13
4.5031738281e+02 7.0913097475e-13 2.4058234372e-13 4.6854863103e-13
4.5037841797e+02 7.0953028471e-13 2.4111335150e-13 4.6841693321e-13
4.5043945312e+02 7.0907300174e-13 2.4139680318e-13 4.6767619856e-13
4.5050048828e+02 7.0754379605e-13 2.4111668425e-13 4.6642711180e-13
4.5056152344e+02 7.0559231153e-13 2.4032080043e-13 4.6527151110e-13
4.5062255859e+02 7.0418317016e-13 2.3938854094e-13 4.6479462922e-13
4.5068359375e+02 7.0376785619e-13 2.3872121072e-13 4.6504664548e-13
4.5074462891e+02 7.0411307459e-13 2.3850889549e-13 4.6560417910e-13
4.5080566406e+02 7.0471450884e-13 2.3870136992e-13 4.6601313892e-13
4.5086669922e+02 7.0525121883e-13 2.3912288728e-13 4.6612833155e-13
4.5092773438e+02 7.0577622576e-13 2.3963956255e-13 4.6613666321e-13
4.5098876953e+02 7.0651685169e-13 2.4020542563e-13 4.6631142606e-13
4.5104980469e+02 7.0747879060e-13 2.4075821081e-13 4.6672057979e-13
4.5111083984e+02 7.0828470345e-13 2.4116765892e-13 4.6711704453e-13
4.5117187500e+02 7.0847805665e-13 2.4130824825e-13 4.6716980840e-13
4.5123291016e+02 7.0807738156e-13 2.4115032262e-13 4.6692705894e-13
4.5129394531e+02 7.0766933351e-13 2.4079688683e-13 4.6687244668e-13
4.5135498047e+02 7.0769359825e-13 2.4042558969e-13 4.6726800856e-13
4.5141601562e+02 7.0786911790e-13 2.4017685503e-13 4.6769226287e-13
4.5147705078e+02 7.0761373140e-13 2.4008335314e-13 4.6753037826e-13
4.5153808594e+02 7.0673284017e-13 2.4005913498e-13 4.6667370519e-13
4.5159912109e+02 7.0551744360e-13 2.3997320706e-13 4.6554423654e-13
4.5166015625e+02 7.0452488577e-13 2.3980694641e-13 4.6471793936e-13
4.5172119141e+02 7.0433508464e-13 2.3969493788e-13 4.6464014675e-13
4.5178222656e+02 7.0507391547e-13 2.3972854904e-13 4.6534536643e-13
4.5184326172e+02 7.0605742083e-13 2.3979702540e-13 4.6626039543e-13
4.5190429688e+02 7.0635774406e-13 2.3973453114e-13 4.6662321292e-13
4.5196533203e+02 7.0586212554e-13 2.3957211274e-13 4.6629001280e-13
4.5202636719e+02 7.0531784478e-13 2.3952760993e-13 4.6579023485e-13
4.5208740234e+02 7.0535655368e-13 2.3977333627e-13 4.6558321741e-13
4.5214843750e+02 7.0594810041e-13 2.4027673172e-13 4.6567136869e-13
4.5220947266e+02 7.0657510271e-13 2.4078677305e-13 4.6578832966e-13
4.5227050781e+02 7.0659994930e-13 2.4095446887e-13 4.6564548043e-13
4.5233154297e+02 7.0577730392e-13 2.4061081154e-13 4.6516649239e-13
4.5239257812e+02 7.0453328110e-13 2.3994836110e-13 4.6458492001e-13
4.5245361328e+02 7.0348296403e-13 2.3930116671e-13 4.6418179732e-13
4.5251464844e+02 7.0273048552e-13 2.3877487028e-13 4.6395561525e-13
4.5257568359e+02 7.0192862240e-13 2.3826124401e-13 4.6366737839e-13
4.5263671875e+02 7.0096208416e-13 2.3777464059e-13 4.6318744357e-13
4.5269775391e+02 7.0021928890e-13 2.3754613515e-13 4.6267315375e-13
4.5275878906e+02 7.0009893755e-13 2.3773494931e-13 4.6236398824e-13
4.5281982422e+02 7.0050786990e-13 2.3818905651e-13 4.6231881339e-13
4.5288085938e+02 7.0098396930e-13 2.3856754599e-13 4.6241642331e-13
4.5294189453e+02 7.0113057113e-13 2.3863922916e-13 4.6249134197e-13
4.5300292969e+02 7.0086309955e-13 2.3844399697e-13 4.6241910258e-13
4.5306396484e+02 7.0044880636e-13 2.3824710753e-13 4.6220169883e-13
4.5312500000e+02 7.0033167692e-13 2.3831725695e-13 4.6201441997e-13
4.5318603516e+02 7.0080160467e-13 2.3869282719e-13 4.6210877748e-13
4.5324707031e+02 7.0187480449e-13 2.3920524233e-13 4.6266956217e-13
4.5330810547e+02 7.0331109842e-13 2.3965304086e-13 4.6365805756e-13
4.5336914062e+02 7.0453067178e-13 2.3988011861e-13 4.6465055318e-13
4.5343017578e+02 7.0481258595e-13 2.3983311523e-13 4.6497947073e-13
4.5349121094e+02 7.0383688203e-13 2.3958699060e-13 4.6424989143e-13
4.5355224609e+02 7.0194217426e-13 2.3922230851e-13 4.6271986575e-13
4.5361328125e+02 6.9997244707e-13 2.3878755744e-13 4.6118488963e-13
4.5367431641e+02 6.9895994401e-13 2.3844977254e-13 4.6051017147e-13
4.5373535156e+02 6.9956361740e-13 2.3845880420e-13 4.6110481320e-13
4.5379638672e+02 7.0150252173e-13 2.3885221392e-13 4.6265030781e-13
4.5385742188e+02 7.0355526867e-13 2.3931801672e-13 4.6423725196e-13
4.5391845703e+02 7.0431746427e-13 2.3942433816e-13 4.6489312611e-13
4.5397949219e+02 7.0335794461e-13 2.3900428477e-13 4.6435365984e-13
4.5404052734e+02 7.0169027519e-13 2.3831296429e-13 4.6337731090e-13
4.5410156250e+02 7.0081383547e-13 2.3779278544e-13 4.6302105003e-13
4.5416259766e+02 7.0136953096e-13 2.3773312807e-13 4.6363640289e-13
4.5422363281e+02 7.0280838506e-13 2.3812918047e-13 4.6467920459e-13
4.5428466797e+02 7.0399633257e-13 2.3870866914e-13 4.6528766344e-13
4.5434570312e+02 7.0409707018e-13 2.3909941915e-13 4.6499765103e-13
4.5440673828e+02 7.0327096033e-13 2.3915370546e-13 4.6411725487e-13
4.5446777344e+02 7.0254244524e-13 2.3910542512e-13 4.6343702012e-13
4.5452880859e+02 7.0274553349e-13 2.3926860935e-13 4.6347692413e-13
4.5458984375e+02 7.0368921519e-13 2.3962038590e-13 4.6406882928e-13
4.5465087891e+02 7.0446978732e-13 2.3982838150e-13 4.6464140582e-13
4.5471191406e+02 7.0440712747e-13 2.3968001202e-13 4.6472711545e-13
4.5477294922e+02 7.0355908781e-13 2.3931186028e-13 4.6424722753e-13
4.5483398438e+02 7.0248470820e-13 2.3898779070e-13 4.6349691750e-13
4.5489501953e+02 7.0170961245e-13 2.3883066276e-13 4.6287894969e-13
4.5495605469e+02 7.0135165331e-13 2.3878116656e-13 4.6257048675e-13
4.5501708984e+02 7.0107947560e-13 2.3869109390e-13 4.6238838170e-13
4.5507812500e+02 7.0049424748e-13 2.3847879685e-13 4.6201545064e-13
4.5513916016e+02 6.9963710614e-13 2.3824224849e-13 4.6139485765e-13
4.5520019531e+02 6.9907903770e-13 2.3821188548e-13 4.6086715222e-13
4.5526123047e+02 6.9941302160e-13 2.3852847938e-13 4.6088454222e-13
4.5532226562e+02 7.0054514248e-13 2.3900446955e-13 4.6154067293e-13
4.5538330078e+02 7.0161442146e-13 2.3921790288e-13 4.6239651858e-13
4.5544433594e+02 7.0172996222e-13 2.3890472973e-13 4.6282523249e-13
4.5550537109e+02 7.0062788872e-13 2.3816729736e-13 4.6246059136e-13
4.5556640625e+02 6.9878992825e-13 2.3735868449e-13 4.6143124376e-13
4.5562744141e+02 6.9720308129e-13 2.3683433261e-13 4.6036874868e-13
4.5568847656e+02 6.9669657439e-13 2.3673695972e-13 4.5995961467e-13
4.5574951172e+02 6.9734547802e-13 2.3700120429e-13 4.6034427373e-13
4.5581054688e+02 6.9866266691e-13 2.3751028427e-13 4.6115238264e-13
4.5587158203e+02 7.0013798538e-13 2.3813594764e-13 4.6200203774e-13
4.5593261719e+02 7.0143378032e-13 2.3871866447e-13 4.6271511585e-13
4.5599365234e+02 7.0234315842e-13 2.3913612602e-13 4.6320703241e-13
4.5605468750e+02 7.0272652297e-13 2.3932876625e-13 4.6339775672e-13
4.5611572266e+02 7.0245169107e-13 2.3925473455e-13 4.6319695652e-13
4.5617675781e+02 7.0147623169e-13 2.3893078851e-13 4.6254544318e-13
4.5623779297e+02 7.0009935800e-13 2.3850338008e-13 4.6159597792e-13
4.5629882812e+02 6.9894178721e-13 2.3817587399e-13 4.6076591322e-13
4.5635986328e+02 6.9843355603e-13 2.3804112650e-13 4.6039242952e-13
4.5642089844e+02 6.9844191615e-13 2.3802333421e-13 4.6041858194e-13
4.5648193359e+02 6.9850435941e-13 2.3799680427e-13 4.6050755514e-13
4.5654296875e+02 6.9829263913e-13 2.3793176548e-13 4.6036087365e-13
4.5660400391e+02 6.9781760985e-13 2.3787150620e-13 4.5994610365e-13
4.5666503906e+02 6.9729120603e-13 2.3779710735e-13 4.5949409868e-13
4.5672607422e+02 6.9689432007e-13 2.3766317805e-13 4.5923114202e-13
4.5678710938e+02 6.9668240479e-13 2.3755429113e-13 4.5912811367e-13
4.5684814453e+02 6.9654211728e-13 2.3756832188e-13 4.5897379540e-13
4.5690917969e+02 6.9621700287e-13 2.3755069227e-13 4.5866631060e-13
4.5697021484e+02 6.9562890092e-13 2.3723858760e-13 4.5839031333e-13
4.5703125000e+02 6.9515336957e-13 2.3667791314e-13 4.5847545643e-13
4.5709228516e+02 6.9525975214e-13 2.3622680068e-13 4.5903295146e-13
4.5715332031e+02 6.9592696849e-13 2.3615463966e-13 4.5977232883e-13
4.5721435547e+02 6.9673049615e-13 2.3643285709e-13 4.6029763905e-13
4.5727539062e+02 6.9739808766e-13 2.3686515173e-13 4.6053293593e-13
4.5733642578e+02 6.9796187368e-13 2.3728480045e-13 4.6067707323e-13
4.5739746094e+02 6.9842386197e-13 2.3762107045e-13 4.6080279152e-13
4.5745849609e+02 6.9860145987e-13 2.3782030623e-13 4.6078115365e-13
4.5751953125e+02 6.9839758506e-13 2.3780364967e-13 4.6059393539e-13
4.5758056641e+02 6.9799959383e-13 2.3757249746e-13 4.6042709638e-13
4.5764160156e+02 6.9772624121e-13 2.3727358060e-13 4.6045266061e-13
4.5770263672e+02 6.9774306525e-13 2.3707338851e-13 4.6066967674e-13
4.5776367188e+02 6.9796626557e-13 2.3703196634e-13 4.6093429922e-13
4.5782470703e+02 6.9833331062e-13 2.3715546093e-13 4.6117784969e-13
4.5788574219e+02 6.9896391771e-13 2.3741993601e-13 4.6154398169e-13
4.5794677734e+02 6.9980966886e-13 2.3766161403e-13 4.6214805483e-13
4.5800781250e+02 7.0048712806e-13 2.3766000684e-13 4.6282712122e-13
4.5806884766e+02 7.0067753677e-13 2.3740836440e-13 4.6326917237e-13
4.5812988281e+02 7.0040160886e-13 2.3712434347e-13 4.6327726539e-13
4.5819091797e+02 6.9991356651e-13 2.3701607801e-13 4.6289748850e-13
4.5825195312e+02 6.9953691520e-13 2.3717624111e-13 4.6236067409e-13
4.5831298828e+02 6.9950200343e-13 2.3758800816e-13 4.6191399527e-13
4.5837402344e+02 6.9987949120e-13 2.3811613387e-13 4.6176335734e-13
4.5843505859e+02 7.0057354841e-13 2.3857575718e-13 4.6199779122e-13
4.5849609375e+02 7.0117665352e-13 2.3881763924e-13 4.6235901428e-13
4.5855712891e+02 7.0108477918e-13 2.3872097876e-13 4.6236380042e-13
4.5861816406e+02 7.0009928253e-13 2.3824136880e-13 4.6185791373e-13
4.5867919922e+02 6.9875080366e-13 2.3753655179e-13 4.6121425187e-13
4.5874023438e+02 6.9785060054e-13 2.3691180689e-13 4.6093879365e-13
4.5880126953e+02 6.9781910893e-13 2.3658710092e-13 4.6123200802e-13
4.5886230469e+02 6.9845043814e-13 2.3658677284e-13 4.6186366530e-13
4.5892333984e+02 6.9916610765e-13 2.3680133196e-13 4.6236477569e-13
4.5898437500e+02 6.9943471803e-13 2.3707285496e-13 4.6236186308e-13
4.5904541016e+02 6.9915301863e-13 2.3730386480e-13 4.6184915382e-13
4.5910644531e+02 6.9876097074e-13 2.3752255384e-13 4.6123841690e-13
4.5916748047e+02 6.9884159045e-13 2.3777058468e-13 4.6107100578e-13
4.5922851562e+02 6.9952518345e-13 2.3797271280e-13 4.6155247065e-13
4.5928955078e+02 7.0035383067e-13 2.3800144880e-13 4.6235238187e-13
4.5935058594e+02 7.0079603552e-13 2.3784517791e-13 4.6295085761e-13
4.5941162109e+02 7.0078267762e-13 2.3764075458e-13 4.6314192303e-13
4.5947265625e+02 7.0059171393e-13 2.3753102429e-13 4.6306068964e-13
4.5953369141e+02 7.0035684049e-13 2.3753498543e-13 4.6282185506e-13
4.5959472656e+02 6.9986386239e-13 2.3753453435e-13 4.6232932804e-13
4.5965576172e+02 6.9883969744e-13 2.3737555918e-13 4.6146413825e-13
4.5971679688e+02 6.9740795685e-13 2.3703407063e-13 4.6037388622e-13
4.5977783203e+02 6.9611225992e-13 2.3666554429e-13 4.5944671563e-13
4.5983886719e+02 6.9543659374e-13 2.3646386638e-13 4.5897272735e-13
4.5989990234e+02 6.9542086591e-13 2.3649191327e-13 4.5892895264e-13
4.5996093750e+02 6.9575604590e-13 2.3664819408e-13 4.5910785182e-13
4.6002197266e+02 6.9621681925e-13 2.3680345409e-13 4.5941336516e-13
4.6008300781e+02 6.9689445148e-13 2.3694409918e-13 4.5995035230e-13
4.6014404297e+02 6.9779079653e-13 2.3710454225e-13 4.6068625428e-13
4.6020507812e+02 6.9842313351e-13 2.3723592432e-13 4.6118720919e-13
4.6026611328e+02 6.9833311959e-13 2.3731244275e-13 4.6102067684e-13
4.6032714844e+02 6.9773811749e-13 2.3745276310e-13 4.6028535439e-13
4.6038818359e+02 6.9712965919e-13 2.3770385193e-13 4.5942580726e-13
4.6044921875e+02 6.9656303962e-13 2.3783761672e-13 4.5872542291e-13
4.6051025391e+02 6.9592173365e-13 2.3761141805e-13 4.5831031559e-13
4.6057128906e+02 6.9547897983e-13 2.3711369656e-13 4.5836528326e-13
4.6063232422e+02 6.9561007367e-13 2.3666991717e-13 4.5894015650e-13
4.6069335938e+02 6.9617926463e-13 2.3647892224e-13 4.5970034239e-13
4.6075439453e+02 6.9659146635e-13 2.3641982172e-13 4.6017164463e-13
4.6081542969e+02 6.9642828159e-13 2.3623936853e-13 4.6018891306e-13
4.6087646484e+02 6.9580664836e-13 2.3591786574e-13 4.5988878262e-13
4.6093750000e+02 6.9516584866e-13 2.3574336291e-13 4.5942248576e-13
4.6099853516e+02 6.9502680079e-13 2.3597972267e-13 4.5904707812e-13
4.6105957031e+02 6.9573743200e-13 2.3652922870e-13 4.5920820330e-13
4.6112060547e+02 6.9706626821e-13 2.3701246555e-13 4.6005380266e-13
4.6118164062e+02 6.9833420955e-13 2.3719787116e-13 4.6113633839e-13
4.6124267578e+02 6.9902823637e-13 2.3719863477e-13 4.6182960160e-13
4.6130371094e+02 6.9890261237e-13 2.3715163309e-13 4.6175097929e-13
4.6136474609e+02 6.9774440543e-13 2.3694467392e-13 4.6079973151e-13
4.6142578125e+02 6.9565443981e-13 2.3647279914e-13 4.5918164067e-13
4.6148681641e+02 6.9342837152e-13 2.3594140211e-13 4.5748696941e-13
4.6154785156e+02 6.9207380562e-13 2.3566975271e-13 4.5640405291e-13
4.6160888672e+02 6.9189266823e-13 2.3572940843e-13 4.5616325980e-13
4.6166992188e+02 6.9239288992e-13 2.3592042954e-13 4.5647246037e-13
4.6173095703e+02 6.9307062202e-13 2.3602084020e-13 4.5704978181e-13
4.6179199219e+02 6.9384671688e-13 2.3599264852e-13 4.5785406836e-13
4.6185302734e+02 6.9455709338e-13 2.3591093025e-13 4.5864616312e-13
4.6191406250e+02 6.9463349214e-13 2.3575001954e-13 4.5888347260e-13
4.6197509766e+02 6.9386414406e-13 2.3543276116e-13 4.5843138290e-13
4.6203613281e+02 6.9291814284e-13 2.3507175946e-13 4.5784638337e-13
4.6209716797e+02 6.9254708490e-13 2.3496001257e-13 4.5758707234e-13
4.6215820312e+02 6.9268468959e-13 2.3526893058e-13 4.5741575902e-13
4.6221923828e+02 6.9273335640e-13 2.3582111205e-13 4.5691224436e-13
4.6228027344e+02 6.9242033574e-13 2.3622349637e-13 4.5619683937e-13
4.6234130859e+02 6.9199013119e-13 2.3623250766e-13 4.5575762353e-13
4.6240234375e+02 6.9172710739e-13 2.3594400054e-13 4.5578310685e-13
4.6246337891e+02 6.9166530524e-13 2.3564532731e-13 4.5601997793e-13
4.6252441406e+02 6.9174885538e-13 2.3555767090e-13 4.5619118447e-13
4.6258544922e+02 6.9202926785e-13 2.3571095793e-13 4.5631830993e-13
4.6264648438e+02 6.9257631977e-13 2.3597081460e-13 4.5660550517e-13
4.6270751953e+02 6.9316989157e-13 2.3613500371e-13 4.5703488787e-13
4.6276855469e+02 6.9335478459e-13 2.3609311460e-13 4.5726166999e-13
4.6282958984e+02 6.9303041236e-13 2.3595549812e-13 4.5707491424e-13
4.6289062500e+02 6.9259305926e-13 2.3591027048e-13 4.5668278878e-13
4.6295166016e+02 6.9235511094e-13 2.3594197369e-13 4.5641313725e-13
4.6301269531e+02 6.9227026319e-13 2.3583936956e-13 4.5643089362e-13
4.6307373047e+02 6.9227157750e-13 2.3548425523e-13 4.5678732228e-13
4.6313476562e+02 6.9251940568e-13 2.3503139121e-13 4.5748801448e-13
4.6319580078e+02 6.9309732813e-13 2.3474832616e-13 4.5834900197e-13
4.6325683594e+02 6.9369273865e-13 2.3473986991e-13 4.5895286874e-13
4.6331787109e+02 6.9399225508e-13 2.3496227524e-13 4.5902997984e-13
4.6337890625e+02 6.9416112065e-13 2.3540227301e-13 4.5875884764e-13
4.6343994141e+02 6.9447282755e-13 2.3600831429e-13 4.5846451326e-13
4.6350097656e+02 6.9473250965e-13 2.3653384576e-13 4.5819866389e-13
4.6356201172e+02 6.9452723822e-13 2.3669763313e-13 4.5782960509e-13
4.6362304688e+02 6.9384470434e-13 2.3647482715e-13 4.5736987719e-13
4.6368408203e+02 6.9302346715e-13 2.3606055018e-13 4.5696291697e-13
4.6374511719e+02 6.9224603200e-13 2.3560967059e-13 4.5663636142e-13
4.6380615234e+02 6.9149660758e-13 2.3518836631e-13 4.5630824126e-13
4.6386718750e+02 6.9093734342e-13 2.3490755568e-13 4.5602978774e-13
4.6392822266e+02 6.9092161481e-13 2.3489128599e-13 4.5603032881e-13
4.6398925781e+02 6.9154251292e-13 2.3509664301e-13 4.5644586992e-13
4.6405029297e+02 6.9234433711e-13 2.3529802401e-13 4.5704631310e-13
4.6411132812e+02 6.9261130726e-13 2.3528378434e-13 4.5732752292e-13
4.6417236328e+02 6.9198571856e-13 2.3500564135e-13 4.5698007721e-13
4.6423339844e+02 6.9075055190e-13 2.3456771149e-13 4.5618284041e-13
4.6429443359e+02 6.8957967042e-13 2.3417231238e-13 4.5540735803e-13
4.6435546875e+02 6.8919642634e-13 2.3404256070e-13 4.5515386565e-13
4.6441650391e+02 6.8998920094e-13 2.3427590795e-13 4.5571329300e-13
4.6447753906e+02 6.9152213537e-13 2.3472773024e-13 4.5679440513e-13
4.6453857422e+02 6.9270791708e-13 2.3508665540e-13 4.5762126168e-13
4.6459960938e+02 6.9289116822e-13 2.3516010688e-13 4.5773106134e-13
4.6466064453e+02 6.9249629337e-13 2.3507117658e-13 4.5742511679e-13
4.6472167969e+02 6.9240035997e-13 2.3509128002e-13 4.5730907995e-13
4.6478271484e+02 6.9301194757e-13 2.3534243794e-13 4.5766950963e-13
4.6484375000e+02 6.9402715828e-13 2.3571050940e-13 4.5831664889e-13
4.6490478516e+02 6.9481048992e-13 2.3596764968e-13 4.5884284024e-13
4.6496582031e+02 6.9502485150e-13 2.3596973606e-13 4.5905511544e-13
4.6502685547e+02 6.9496938977e-13 2.3576556921e-13 4.5920382056e-13
4.6508789062e+02 6.9519387096e-13 2.3551047222e-13 4.5968339874e-13
4.6514892578e+02 6.9583243795e-13 2.3535011574e-13 4.6048232221e-13
4.6520996094e+02 6.9650249832e-13 2.3540731074e-13 4.6109518758e-13
4.6527099609e+02 6.9682642674e-13 2.3573316420e-13 4.6109326254e-13
4.6533203125e+02 6.9687499435e-13 2.3622038946e-13 4.6065460489e-13
4.6539306641e+02 6.9691727893e-13 2.3664111935e-13 4.6027615959e-13
4.6545410156e+02 6.9684078303e-13 2.3679894400e-13 4.6004183903e-13
4.6551513672e+02 6.9623451903e-13 2.3666834732e-13 4.5956617171e-13
4.6557617188e+02 6.9496606301e-13 2.3638474129e-13 4.5858132172e-13
4.6563720703e+02 6.9329087607e-13 2.3606272645e-13 4.5722814962e-13
4.6569824219e+02 6.9160127927e-13 2.3569319659e-13 4.5590808268e-13
4.6575927734e+02 6.9037635529e-13 2.3529198188e-13 4.5508437340e-13
4.6582031250e+02 6.9012439853e-13 2.3503758328e-13 4.5508681525e-13
4.6588134766e+02 6.9098310312e-13 2.3510611792e-13 4.5587698519e-13
4.6594238281e+02 6.9245469138e-13 2.3542594045e-13 4.5702875093e-13
4.6600341797e+02 6.9389324349e-13 2.3576418449e-13 4.5812905899e-13
4.6606445312e+02 6.9510735854e-13 2.3600975396e-13 4.5909760458e-13
4.6612548828e+02 6.9618874908e-13 2.3620760137e-13 4.5998114771e-13
4.6618652344e+02 6.9711478754e-13 2.3638099445e-13 4.6073379309e-13
4.6624755859e+02 6.9776744107e-13 2.3646671710e-13 4.6130072397e-13
4.6630859375e+02 6.9798201797e-13 2.3638593286e-13 4.6159608511e-13
4.6636962891e+02 6.9756120775e-13 2.3614946101e-13 4.6141174675e-13
4.6643066406e+02 6.9659275329e-13 2.3594239767e-13 4.6065035562e-13
4.6649169922e+02 6.9567647605e-13 2.3603722235e-13 4.5963925369e-13
4.6655273438e+02 6.9551057879e-13 2.3652038212e-13 4.5899019667e-13
4.6661376953e+02 6.9625709623e-13 2.3715603787e-13 4.5910105836e-13
4.6667480469e+02 6.9749835195e-13 2.3760884468e-13 4.5988950726e-13
4.6673583984e+02 6.9867303235e-13 2.3773107050e-13 4.6094196185e-13
4.6679687500e+02 6.9932066695e-13 2.3756330626e-13 4.6175736069e-13
4.6685791016e+02 6.9914677777e-13 2.3719555785e-13 4.6195121992e-13
4.6691894531e+02 6.9822727906e-13 2.3676764901e-13 4.6145963005e-13
4.6697998047e+02 6.9699853000e-13 2.3647053650e-13 4.6052799350e-13
4.6704101562e+02 6.9586920384e-13 2.3638370353e-13 4.5948550031e-13
4.6710205078e+02 6.9504857221e-13 2.3639515586e-13 4.5865341634e-13
4.6716308594e+02 6.9458332092e-13 2.3631731305e-13 4.5826600788e-13
4.6722412109e+02 6.9424882123e-13 2.3601861513e-13 4.5823020610e-13
4.6728515625e+02 6.9367665652e-13 2.3552745823e-13 4.5814919829e-13
4.6734619141e+02 6.9277575863e-13 2.3503501073e-13 4.5774074790e-13
4.6740722656e+02 6.9185365419e-13 2.3471368903e-13 4.5713996516e-13
4.6746826172e+02 6.9130507017e-13 2.3458675385e-13 4.5671831632e-13
4.6752929688e+02 6.9129254310e-13 2.3464675218e-13 4.5664579092e-13
4.6759033203e+02 6.9174175147e-13 2.3497944344e-13 4.5676230803e-13
4.6765136719e+02 6.9249288146e-13 2.3560086598e-13 4.5689201547e-13
4.6771240234e+02 6.9335211844e-13 2.3624271487e-13 4.5710940357e-13
4.6777343750e+02 6.9406408535e-13 2.3651273470e-13 4.5755135065e-13
4.6783447266e+02 6.9430064501e-13 2.3627372511e-13 4.5802691990e-13
4.6789550781e+02 6.9386477679e-13 2.3573639558e-13 4.5812838120e-13
4.6795654297e+02 6.9298206700e-13 2.3520482305e-13 4.5777724395e-13
4.6801757812e+02 6.9208947648e-13 2.3483935940e-13 4.5725011708e-13
4.6807861328e+02 6.9138234204e-13 2.3464592627e-13 4.5673641577e-13
4.6813964844e+02 6.9090980914e-13 2.3458352561e-13 4.5632628353e-13
4.6820068359e+02 6.9083822298e-13 2.3462346118e-13 4.5621476180e-13
4.6826171875e+02 6.9112386182e-13 2.3469773104e-13 4.5642613078e-13
4.6832275391e+02 6.9115261346e-13 2.3466163392e-13 4.5649097954e-13
4.6838378906e+02 6.9029715789e-13 2.3441958884e-13 4.5587756905e-13
4.6844482422e+02 6.8879512535e-13 2.3406534931e-13 4.5472977603e-13
4.6850585938e+02 6.8752263334e-13 2.3377486774e-13 4.5374776560e-13
4.6856689453e+02 6.8689489583e-13 2.3356222430e-13 4.5333267153e-13
4.6862792969e+02 6.8658692615e-13 2.3330776393e-13 4.5327916222e-13
4.6868896484e+02 6.8633045088e-13 2.3303555980e-13 4.5329489108e-13
4.6875000000e+02 6.8634506344e-13 2.3295896338e-13 4.5338610007e-13
4.6881103516e+02 6.8688690796e-13 2.3321412411e-13 4.5367278386e-13
4.6887207031e+02 6.8776665532e-13 2.3366585865e-13 4.5410079667e-13
4.6893310547e+02 6.8848980446e-13 2.3402582370e-13 4.5446398077e-13
4.6899414062e+02 6.8880443149e-13 2.3414724235e-13 4.5465718914e-13
4.6905517578e+02 6.8893062802e-13 2.3412782269e-13 4.5480280533e-13
4.6911621094e+02 6.8918698540e-13 2.3412086339e-13 4.5506612201e-13
4.6917724609e+02 6.8959699939e-13 2.3417558099e-13 4.5542141840e-13
4.6923828125e+02 6.8993654769e-13 2.3426183956e-13 4.5567470813e-13
4.6929931641e+02 6.8992629443e-13 2.3431744383e-13 4.5560885060e-13
4.6936035156e+02 6.8928448932e-13 2.3424045452e-13 4.5504403480e-13
4.6942138672e+02 6.8793450162e-13 2.3394706132e-13 4.5398744030e-13
4.6948242188e+02 6.8634042343e-13 2.3351522027e-13 4.5282520316e-13
4.6954345703e+02 6.8526939795e-13 2.3318065691e-13 4.5208874104e-13
4.6960449219e+02 6.8509059624e-13 2.3311110491e-13 4.5197949134e-13
4.6966552734e+02 6.8555052296e-13 2.3324082907e-13 4.5230969388e-13
4.6972656250e+02 6.8619056692e-13 2.3339121464e-13 4.5279935228e-13
4.6978759766e+02 6.8676710423e-13 2.3350218159e-13 4.5326492265e-13
4.6984863281e+02 6.8729843319e-13 2.3363056231e-13 4.5366787088e-13
4.6990966797e+02 6.8798895422e-13 2.3379524713e-13 4.5419370709e-13
4.6997070312e+02 6.8912749663e-13 2.3397912422e-13 4.5514837241e-13
4.7003173828e+02 6.9066221173e-13 2.3417031178e-13 4.5649189995e-13
4.7009277344e+02 6.9196574873e-13 2.3431427938e-13 4.5765146935e-13
4.7015380859e+02 6.9241608624e-13 2.3437363929e-13 4.5804244694e-13
4.7021484375e+02 6.9192126783e-13 2.3439740361e-13 4.5752386422e-13
4.7027587891e+02 6.9071158812e-13 2.3439656690e-13 4.5631502122e-13
4.7033691406e+02 6.8909486653e-13 2.3426986827e-13 4.5482499826e-13
4.7039794922e+02 6.8744249182e-13 2.3394089765e-13 4.5350159417e-13
4.7045898438e+02 6.8610370628e-13 2.3348920663e-13 4.5261449965e-13
4.7052001953e+02 6.8537797058e-13 2.3313459618e-13 4.5224337440e-13
4.7058105469e+02 6.8548532611e-13 2.3309155941e-13 4.5239376670e-13
4.7064208984e+02 6.8628235984e-13 2.3337437532e-13 4.5290798452e-13
4.7070312500e+02 6.8706563058e-13 2.3374128351e-13 4.5332434708e-13
4.7076416016e+02 6.8702695844e-13 2.3388475077e-13 4.5314220767e-13
4.7082519531e+02 6.8609686150e-13 2.3369032718e-13 4.5240653433e-13
4.7088623047e+02 6.8503415526e-13 2.3328153674e-13 4.5175261852e-13
4.7094726562e+02 6.8451681563e-13 2.3285026151e-13 4.5166655411e-13
4.7100830078e+02 6.8452553659e-13 2.3254098890e-13 4.5198454770e-13
4.7106933594e+02 6.8467439614e-13 2.3246456894e-13 4.5220982720e-13
4.7113037109e+02 6.8474028290e-13 2.3268219263e-13 4.5205809027e-13
4.7119140625e+02 6.8478202530e-13 2.3313265496e-13 4.5164937034e-13
4.7125244141e+02 6.8492486942e-13 2.3361227787e-13 4.5131259155e-13
4.7131347656e+02 6.8511149395e-13 2.3385709727e-13 4.5125439669e-13
4.7137451172e+02 6.8509287919e-13 2.3371399047e-13 4.5137888873e-13
4.7143554688e+02 6.8469005792e-13 2.3327347200e-13 4.5141658592e-13
4.7149658203e+02 6.8399707975e-13 2.3277350176e-13 4.5122357799e-13
4.7155761719e+02 6.8331189011e-13 2.3239772656e-13 4.5091416356e-13
4.7161865234e+02 6.8295496642e-13 2.3222936306e-13 4.5072560336e-13
4.7167968750e+02 6.8299986454e-13 2.3225294291e-13 4.5074692163e-13
4.7174072266e+02 6.8304604798e-13 2.3230775998e-13 4.5073828800e-13
4.7180175781e+02 6.8253945089e-13 2.3220150348e-13 4.5033794741e-13
4.7186279297e+02 6.8144773989e-13 2.3192517651e-13 4.4952256338e-13
4.7192382812e+02 6.8036513170e-13 2.3165469880e-13 4.4871043290e-13
4.7198486328e+02 6.7991287395e-13 2.3156235483e-13 4.4835051912e-13
4.7204589844e+02 6.8019321773e-13 2.3168481336e-13 4.4850840437e-13
4.7210693359e+02 6.8078933007e-13 2.3192636215e-13 4.4886296792e-13
4.7216796875e+02 6.8124322748e-13 2.3214723982e-13 4.4909598766e-13
4.7222900391e+02 6.8149998095e-13 2.3227867967e-13 4.4922130129e-13
4.7229003906e+02 6.8180529267e-13 2.3236809491e-13 4.4943719776e-13
4.7235107422e+02 6.8230537619e-13 2.3249183197e-13 4.4981354422e-13
4.7241210938e+02 6.8295101881e-13 2.3265752862e-13 4.5029349019e-13
4.7247314453e+02 6.8362832972e-13 2.3280039653e-13 4.5082793319e-13
4.7253417969e+02 6.8409289363e-13 2.3280796321e-13 4.5128493042e-13
4.7259521484e+02 6.8399551337e-13 2.3260051829e-13 4.5139499508e-13
4.7265625000e+02 6.8329075160e-13 2.3225842534e-13 4.5103232626e-13
4.7271728516e+02 6.8243113140e-13 2.3199289895e-13 4.5043823245e-13
4.7277832031e+02 6.8198951857e-13 2.3196119312e-13 4.5002832545e-13
4.7283935547e+02 6.8213899296e-13 2.3213836772e-13 4.5000062524e-13
4.7290039062e+02 6.8249801572e-13 2.3233986577e-13 4.5015814995e-13
4.7296142578e+02 6.8249890375e-13 2.3236477402e-13 4.5013412974e-13
4.7302246094e+02 6.8182065618e-13 2.3212983380e-13 4.4969082238e-13
4.7308349609e+02 6.8047675299e-13 2.3166903979e-13 4.4880771320e-13
4.7314453125e+02 6.7878888371e-13 2.3106129131e-13 4.4772759240e-13
4.7320556641e+02 6.7732938850e-13 2.3042881724e-13 4.4690057126e-13
4.7326660156e+02 6.7668172841e-13 2.2997764737e-13 4.4670408104e-13
4.7332763672e+02 6.7710957186e-13 2.2989722274e-13 4.4721234911e-13
4.7338867188e+02 6.7832579959e-13 2.3016606562e-13 4.4815973397e-13
4.7344970703e+02 6.7956653393e-13 2.3054650422e-13 4.4902002971e-13
4.7351074219e+02 6.8005351614e-13 2.3080537919e-13 4.4924813695e-13
4.7357177734e+02 6.7957958901e-13 2.3091480579e-13 4.4866478322e-13
4.7363281250e+02 6.7868521961e-13 2.3102898274e-13 4.4765623687e-13
4.7369384766e+02 6.7819625246e-13 2.3125946201e-13 4.4693679045e-13
4.7375488281e+02 6.7866717775e-13 2.3154574452e-13 4.4712143323e-13
4.7381591797e+02 6.8019010682e-13 2.3182159046e-13 4.4836851636e-13
4.7387695312e+02 6.8227174976e-13 2.3215365739e-13 4.5011809237e-13
4.7393798828e+02 6.8388767857e-13 2.3255292991e-13 4.5133474866e-13
4.7399902344e+02 6.8422473220e-13 2.3281159763e-13 4.5141313457e-13
4.7406005859e+02 6.8337181672e-13 2.3269319908e-13 4.5067861764e-13
4.7412109375e+02 6.8200189681e-13 2.3219285252e-13 4.4980904429e-13
4.7418212891e+02 6.8072408727e-13 2.3155382032e-13 4.4917026696e-13
4.7424316406e+02 6.7987483392e-13 2.3107523500e-13 4.4879959892e-13
4.7430419922e+02 6.7947907940e-13 2.3090297757e-13 4.4857610182e-13
4.7436523438e+02 6.7943367502e-13 2.3101619960e-13 4.4841747543e-13
4.7442626953e+02 6.7993812961e-13 2.3138425019e-13 4.4855387943e-13
4.7448730469e+02 6.8125675892e-13 2.3197071425e-13 4.4928604466e-13
4.7454833984e+02 6.8289660321e-13 2.3255305622e-13 4.5034354699e-13
4.7460937500e+02 6.8376082124e-13 2.3277230789e-13 4.5098851335e-13
4.7467041016e+02 6.8337746075e-13 2.3249273015e-13 4.5088473059e-13
4.7473144531e+02 6.8243970162e-13 2.3198200550e-13 4.5045769611e-13
4.7479248047e+02 6.8190324859e-13 2.3163560452e-13 4.5026764408e-13
4.7485351562e+02 6.8190685276e-13 2.3158869742e-13 4.5031815535e-13
4.7491455078e+02 6.8187513117e-13 2.3167441429e-13 4.5020071688e-13
4.7497558594e+02 6.8145920414e-13 2.3172142077e-13 4.4973778336e-13
4.7503662109e+02 6.8099771660e-13 2.3175239681e-13 4.4924531979e-13
4.7509765625e+02 6.8108109691e-13 2.3184207238e-13 4.4923902453e-13
4.7515869141e+02 6.8185238755e-13 2.3193207681e-13 4.4992031074e-13
4.7521972656e+02 6.8278018002e-13 2.3190673228e-13 4.5087344774e-13
4.7528076172e+02 6.8311090857e-13 2.3173075616e-13 4.5138015241e-13
4.7534179688e+02 6.8248589400e-13 2.3139606363e-13 4.5108983037e-13
4.7540283203e+02 6.8116068661e-13 2.3089646717e-13 4.5026421945e-13
4.7546386719e+02 6.7972520269e-13 2.3037143502e-13 4.4935376767e-13
4.7552490234e+02 6.7858848734e-13 2.3009072917e-13 4.4849775817e-13
4.7558593750e+02 6.7778755073e-13 2.3018870310e-13 4.4759884763e-13
4.7564697266e+02 6.7728376730e-13 2.3052552741e-13 4.4675823988e-13
4.7570800781e+02 6.7720420944e-13 2.3087076117e-13 4.4633344826e-13
4.7576904297e+02 6.7769309554e-13 2.3114020497e-13 4.4655289056e-13
4.7583007812e+02 6.7863884222e-13 2.3136288707e-13 4.4727595515e-13
4.7589111328e+02 6.7960600701e-13 2.3149713139e-13 4.4810887562e-13
4.7595214844e+02 6.8004026418e-13 2.3143716354e-13 4.4860310064e-13
4.7601318359e+02 6.7964108276e-13 2.3119220321e-13 4.4844887955e-13
4.7607421875e+02 6.7861087810e-13 2.3093900414e-13 4.4767187396e-13
4.7613525391e+02 6.7747929214e-13 2.3085742948e-13 4.4662186266e-13
4.7619628906e+02 6.7666248799e-13 2.3095046777e-13 4.4571202022e-13
4.7625732422e+02 6.7625236053e-13 2.3104820425e-13 4.4520415627e-13
4.7631835938e+02 6.7622354256e-13 2.3101206364e-13 4.4521147892e-13
4.7637939453e+02 6.7658583163e-13 2.3090067634e-13 4.4568515529e-13
4.7644042969e+02 6.7713149925e-13 2.3083687474e-13 4.4629462451e-13
4.7650146484e+02 6.7740392850e-13 2.3079670721e-13 4.4660722128e-13
4.7656250000e+02 6.7722550731e-13 2.3069083441e-13 4.4653467290e-13
4.7662353516e+02 6.7689414034e-13 2.3054206722e-13 4.4635207313e-13
4.7668457031e+02 6.7663852107e-13 2.3041412461e-13 4.4622439646e-13
4.7674560547e+02 6.7631717337e-13 2.3027367429e-13 4.4604349908e-13
4.7680664062e+02 6.7591085670e-13 2.3008393984e-13 4.4582691686e-13
4.7686767578e+02 6.7579616335e-13 2.2994301906e-13 4.4585314429e-13
4.7692871094e+02 6.7617396151e-13 2.2997277021e-13 4.4620119130e-13
4.7698974609e+02 6.7670055401e-13 2.3013824938e-13 4.4656230463e-13
4.7705078125e+02 6.7693316816e-13 2.3028934718e-13 4.4664382098e-13
4.7711181641e+02 6.7675445437e-13 2.3034248972e-13 4.4641196465e-13
4.7717285156e+02 6.7635183707e-13 2.3038570527e-13 4.4596613180e-13
4.7723388672e+02 6.7601492034e-13 2.3056473990e-13 4.4545018043e-13
4.7729492188e+02 6.7581666207e-13 2.3081871856e-13 4.4499794351e-13
4.7735595703e+02 6.7553797441e-13 2.3087527107e-13 4.4466270334e-13
4.7741699219e+02 6.7507541043e-13 2.3060594347e-13 4.4446946696e-13
4.7747802734e+02 6.7466245546e-13 2.3020806062e-13 4.4445439484e-13
4.7753906250e+02 6.7453127486e-13 2.2995389727e-13 4.4457737759e-13
4.7760009766e+02 6.7467369621e-13 2.2992863999e-13 4.4474505621e-13
4.7766113281e+02 6.7506376790e-13 2.3008261643e-13 4.4498115147e-13
4.7772216797e+02 6.7574661041e-13 2.3036193508e-13 4.4538467533e-13
4.7778320312e+02 6.7658726534e-13 2.3068874884e-13 4.4589851651e-13
4.7784423828e+02 6.7727360988e-13 2.3094118521e-13 4.4633242467e-13
4.7790527344e+02 6.7759229359e-13 2.3100683568e-13 4.4658545791e-13
4.7796630859e+02 6.7746087725e-13 2.3081399270e-13 4.4664688455e-13
4.7802734375e+02 6.7683149870e-13 2.3037569784e-13 4.4645580087e-13
4.7808837891e+02 6.7586020313e-13 2.2985085480e-13 4.4600934832e-13
4.7814941406e+02 6.7510422114e-13 2.2949274894e-13 4.4561147220e-13
4.7821044922e+02 6.7517477136e-13 2.2946371266e-13 4.4571105870e-13
4.7827148438e+02 6.7599528773e-13 2.2968040663e-13 4.4631488110e-13
4.7833251953e+02 6.7671206095e-13 2.2987587886e-13 4.4683618209e-13
4.7839355469e+02 6.7661540827e-13 2.2985147839e-13 4.4676392988e-13
4.7845458984e+02 6.7588862183e-13 2.2966342431e-13 4.4622519752e-13
4.7851562500e+02 6.7520783782e-13 2.2953748926e-13 4.4567034856e-13
4.7857666016e+02 6.7491995020e-13 2.2963311268e-13 4.4528683752e-13
4.7863769531e+02 6.7499331610e-13 2.2996297287e-13 4.4503034322e-13
4.7869873047e+02 6.7545669566e-13 2.3044410108e-13 4.4501259458e-13
4.7875976562e+02 6.7632233615e-13 2.3089519356e-13 4.4542714259e-13
4.7882080078e+02 6.7726252997e-13 2.3112935740e-13 4.4613317256e-13
4.7888183594e+02 6.7783501238e-13 2.3114579462e-13 4.4668921776e-13
4.7894287109e+02 6.7796492095e-13 2.3109003363e-13 4.4687488732e-13
4.7900390625e+02 6.7792396980e-13 2.3103959537e-13 4.4688437443e-13
4.7906494141e+02 6.7786576707e-13 2.3095727897e-13 4.4690848811e-13
4.7912597656e+02 6.7770564624e-13 2.3081345410e-13 4.4689219214e-13
4.7918701172e+02 6.7743226218e-13 2.3063298928e-13 4.4679927289e-13
4.7924804688e+02 6.7716120604e-13 2.3042253879e-13 4.4673866725e-13
4.7930908203e+02 6.7694717930e-13 2.3018158525e-13 4.4676559405e-13
4.7937011719e+02 6.7678197830e-13 2.2998548683e-13 4.4679649147e-13
4.7943115234e+02 6.7666780243e-13 2.2991053494e-13 4.4675726749e-13
4.7949218750e+02 6.7665923767e-13 2.2994276444e-13 4.4671647323e-13
4.7955322266e+02 6.7692159130e-13 2.3008989082e-13 4.4683170048e-13
4.7961425781e+02 6.7760095690e-13 2.3042509738e-13 4.4717585952e-13
4.7967529297e+02 6.7862253371e-13 2.3093326706e-13 4.4768926665e-13
4.7973632812e+02 6.7977446067e-13 2.3147119410e-13 4.4830326658e-13
4.7979736328e+02 6.8078200939e-13 2.3186785081e-13 4.4891415858e-13
4.7985839844e+02 6.8121499503e-13 2.3196875242e-13 4.4924624261e-13
4.7991943359e+02 6.8074024103e-13 2.3171347623e-13 4.4902676479e-13
4.7998046875e+02 6.7950063359e-13 2.3122700275e-13 4.4827363084e-13
4.8004150391e+02 6.7795284154e-13 2.3070651654e-13 4.4724632500e-13
4.8010253906e+02 6.7657077552e-13 2.3029744932e-13 4.4627332620e-13
4.8016357422e+02 6.7587395486e-13 2.3015370515e-13 4.4572024970e-13
4.8022460938e+02 6.7627918008e-13 2.3038872098e-13 4.4589045911e-13
4.8028564453e+02 6.7771363398e-13 2.3090241968e-13 4.4681121430e-13
4.8034667969e+02 6.7957991006e-13 2.3141807503e-13 4.4816183503e-13
4.8040771484e+02 6.8111365406e-13 2.3168691793e-13 4.4942673614e-13
4.8046875000e+02 6.8182678120e-13 2.3161568293e-13 4.5021109827e-13
4.8052978516e+02 6.8173168635e-13 2.3125793155e-13 4.5047375479e-13
4.8059082031e+02 6.8106280568e-13 2.3072199325e-13 4.5034081243e-13
4.8065185547e+02 6.7992532827e-13 2.3013227569e-13 4.4979305257e-13
4.8071289062e+02 6.7850057244e-13 2.2969126973e-13 4.4880930271e-13
4.8077392578e+02 6.7733279698e-13 2.2963174763e-13 4.4770104935e-13
4.8083496094e+02 6.7694724070e-13 2.2998719239e-13 4.4696004831e-13
4.8089599609e+02 6.7719741122e-13 2.3046327169e-13 4.4673413953e-13
4.8095703125e+02 6.7731725011e-13 2.3064478304e-13 4.4667246706e-13
4.8101806641e+02 6.7675362693e-13 2.3038327674e-13 4.4637035019e-13
4.8107910156e+02 6.7578701023e-13 2.2993450722e-13 4.4585250301e-13
4.8114013672e+02 6.7523067769e-13 2.2966373102e-13 4.4556694667e-13
4.8120117188e+02 6.7552573410e-13 2.2966305957e-13 4.4586267453e-13
4.8126220703e+02 6.7620351484e-13 2.2971307277e-13 4.4649044207e-13
4.8132324219e+02 6.7645530031e-13 2.2961005081e-13 4.4684524950e-13
4.8138427734e+02 6.7613208629e-13 2.2945567174e-13 4.4667641455e-13
4.8144531250e+02 6.7572314387e-13 2.2950254894e-13 4.4622059492e-13
4.8150634766e+02 6.7546998832e-13 2.2975851038e-13 4.4571147794e-13
4.8156738281e+02 6.7520702614e-13 2.2998321540e-13 4.4522381074e-13
4.8162841797e+02 6.7505088155e-13 2.3006191459e-13 4.4498896696e-13
4.8168945312e+02 6.7546229947e-13 2.3012548335e-13 4.4533681612e-13
4.8175048828e+02 6.7653226561e-13 2.3031959795e-13 4.4621266766e-13
4.8181152344e+02 6.7776468149e-13 2.3065178748e-13 4.4711289401e-13
4.8187255859e+02 6.7855714863e-13 2.3103287387e-13 4.4752427476e-13
4.8193359375e+02 6.7859321466e-13 2.3134349959e-13 4.4724971507e-13
4.8199462891e+02 6.7791046077e-13 2.3148373464e-13 4.4642672613e-13
4.8205566406e+02 6.7683640197e-13 2.3140870082e-13 4.4542770115e-13
4.8211669922e+02 6.7587370856e-13 2.3113196062e-13 4.4474174794e-13
4.8217773438e+02 6.7551119221e-13 2.3074872290e-13 4.4476246931e-13
4.8223876953e+02 6.7591312271e-13 2.3043158722e-13 4.4548153549e-13
4.8229980469e+02 6.7668500385e-13 2.3028874874e-13 4.4639625512e-13
4.8236083984e+02 6.7713204470e-13 2.3023765489e-13 4.4689438980e-13
4.8242187500e+02 6.7691894001e-13 2.3011045806e-13 4.4680848194e-13
4.8248291016e+02 6.7639431423e-13 2.2986303927e-13 4.4653127496e-13
4.8254394531e+02 6.7616069141e-13 2.2961323808e-13 4.4654745332e-13
4.8260498047e+02 6.7635938358e-13 2.2946434568e-13 4.4689503790e-13
4.8266601562e+02 6.7651386248e-13 2.2934463753e-13 4.4716922496e-13
4.8272705078e+02 6.7619770265e-13 2.2913459435e-13 4.4706310830e-13
4.8278808594e+02 6.7565848586e-13 2.2892626378e-13 4.4673222207e-13
4.8284912109e+02 6.7551958593e-13 2.2895752567e-13 4.4656206026e-13
4.8291015625e+02 6.7609407125e-13 2.2929999510e-13 4.4679407615e-13
4.8297119141e+02 6.7716884378e-13 2.2977210818e-13 4.4739673560e-13
4.8303222656e+02 6.7821494380e-13 2.3012270787e-13 4.4809223593e-13
4.8309326172e+02 6.7881284803e-13 2.3024791582e-13 4.4856493221e-13
4.8315429688e+02 6.7901385891e-13 2.3025058245e-13 4.4876327646e-13
4.8321533203e+02 6.7915928620e-13 2.3025063958e-13 4.4890864663e-13
4.8327636719e+02 6.7947170662e-13 2.3023988232e-13 4.4923182430e-13
4.8333740234e+02 6.7995898360e-13 2.3020636461e-13 4.4975261898e-13
4.8339843750e+02 6.8040332475e-13 2.3020567914e-13 4.5019764561e-13
4.8345947266e+02 6.8045137611e-13 2.3026299680e-13 4.5018837932e-13
4.8352050781e+02 6.7999502705e-13 2.3035568700e-13 4.4963934005e-13
4.8358154297e+02 6.7932802931e-13 2.3046481553e-13 4.4886321379e-13
4.8364257812e+02 6.7886399099e-13 2.3059360822e-13 4.4827038277e-13
4.8370361328e+02 6.7888605714e-13 2.3076902294e-13 4.4811703420e-13
4.8376464844e+02 6.7938277547e-13 2.3098723342e-13 4.4839554204e-13
4.8382568359e+02 6.7985489973e-13 2.3114349800e-13 4.4871140173e-13
4.8388671875e+02 6.7962182709e-13 2.3110879637e-13 4.4851303072e-13
4.8394775391e+02 6.7860856366e-13 2.3091201630e-13 4.4769654736e-13
4.8400878906e+02 6.7743778099e-13 2.3073623517e-13 4.4670154582e-13
4.8406982422e+02 6.7665392609e-13 2.3068277058e-13 4.4597115551e-13
4.8413085938e+02 6.7635503077e-13 2.3065994251e-13 4.4569508826e-13
4.8419189453e+02 6.7653376353e-13 2.3056824281e-13 4.4596552071e-13
4.8425292969e+02 6.7724216913e-13 2.3048296621e-13 4.4675920292e-13
4.8431396484e+02 6.7841303982e-13 2.3055403239e-13 4.4785900744e-13
4.8437500000e+02 6.7972173108e-13 2.3076069776e-13 4.4896103332e-13
4.8443603516e+02 6.8051023455e-13 2.3085566970e-13 4.4965456485e-13
4.8449707031e+02 6.8005536925e-13 2.3060504054e-13 4.4945032871e-13
4.8455810547e+02 6.7832786670e-13 2.3005844438e-13 4.4826942232e-13
4.8461914062e+02 6.7628084905e-13 2.2951448193e-13 4.4676636712e-13
4.8468017578e+02 6.7507407144e-13 2.2923266179e-13 4.4584140966e-13
4.8474121094e+02 6.7509874184e-13 2.2924331851e-13 4.4585542333e-13
4.8480224609e+02 6.7577074598e-13 2.2941570220e-13 4.4635504378e-13
4.8486328125e+02 6.7619454465e-13 2.2962457615e-13 4.4656996850e-13
4.8492431641e+02 6.7598095175e-13 2.2979523698e-13 4.4618571476e-13
4.8498535156e+02 6.7540771256e-13 2.2985886223e-13 4.4554885032e-13
4.8504638672e+02 6.7500804729e-13 2.2980998114e-13 4.4519806615e-13
4.8510742188e+02 6.7512181337e-13 2.2976287628e-13 4.4535893709e-13
4.8516845703e+02 6.7567391238e-13 2.2982199415e-13 4.4585191823e-13
4.8522949219e+02 6.7633856143e-13 2.2997353551e-13 4.4636502592e-13
4.8529052734e+02 6.7688841902e-13 2.3015533671e-13 4.4673308230e-13
4.8535156250e+02 6.7729926065e-13 2.3032276795e-13 4.4697649270e-13
4.8541259766e+02 6.7769131995e-13 2.3045714522e-13 4.4723417473e-13
4.8547363281e+02 6.7827248813e-13 2.3059092322e-13 4.4768156491e-13
4.8553466797e+02 6.7907729286e-13 2.3076915148e-13 4.4830814138e-13
4.8559570312e+02 6.7970545460e-13 2.3094389904e-13 4.4876155556e-13
4.8565673828e+02 6.7963191248e-13 2.3098622327e-13 4.4864568921e-13
4.8571777344e+02 6.7883019879e-13 2.3083583635e-13 4.4799436244e-13
4.8577880859e+02 6.7779705892e-13 2.3055776956e-13 4.4723928936e-13
4.8583984375e+02 6.7693610807e-13 2.3022994368e-13 4.4670616439e-13
4.8590087891e+02 6.7624795094e-13 2.2987401167e-13 4.4637393927e-13
4.8596191406e+02 6.7564185163e-13 2.2951209281e-13 4.4612975882e-13
4.8602294922e+02 6.7519446511e-13 2.2919405966e-13 4.4600040545e-13
4.8608398438e+02 6.7501810882e-13 2.2894498132e-13 4.4607312749e-13
4.8614501953e+02 6.7508933563e-13 2.2872885342e-13 4.4636048221e-13
4.8620605469e+02 6.7529441777e-13 2.2849167856e-13 4.4680273920e-13
4.8626708984e+02 6.7552870777e-13 2.2826217194e-13 4.4726653582e-13
4.8632812500e+02 6.7567961688e-13 2.2817549420e-13 4.4750412268e-13
4.8638916016e+02 6.7567357105e-13 2.2834743758e-13 4.4732613347e-13
4.8645019531e+02 6.7571229208e-13 2.2879364061e-13 4.4691865146e-13
4.8651123047e+02 6.7619338248e-13 2.2945024561e-13 4.4674313687e-13
4.8657226562e+02 6.7698439062e-13 2.3007255911e-13 4.4691183151e-13
4.8663330078e+02 6.7711058234e-13 2.3022894943e-13 4.4688163291e-13
4.8669433594e+02 6.7583329420e-13 2.2975057759e-13 4.4608271661e-13
4.8675537109e+02 6.7378532500e-13 2.2906358814e-13 4.4472173686e-13
4.8681640625e+02 6.7238456477e-13 2.2876220709e-13 4.4362235768e-13
4.8687744141e+02 6.7235333039e-13 2.2901676529e-13 4.4333656509e-13
4.8693847656e+02 6.7331672657e-13 2.2958004258e-13 4.4373668399e-13
4.8699951172e+02 6.7451667379e-13 2.3013668313e-13 4.4437999066e-13
4.8706054688e+02 6.7531995549e-13 2.3047201612e-13 4.4484793937e-13
4.8712158203e+02 6.7529095550e-13 2.3046138839e-13 4.4482956710e-13
4.8718261719e+02 6.7447257633e-13 2.3009612634e-13 4.4437644999e-13
4.8724365234e+02 6.7348404331e-13 2.2952594861e-13 4.4395809470e-13
4.8730468750e+02 6.7289775589e-13 2.2898540300e-13 4.4391235289e-13
4.8736572266e+02 6.7280479082e-13 2.2868011652e-13 4.4412467430e-13
4.8742675781e+02 6.7307951080e-13 2.2873722736e-13 4.4434228344e-13
4.8748779297e+02 6.7352219449e-13 2.2914137323e-13 4.4438082127e-13
4.8754882812e+02 6.7379978697e-13 2.2968920941e-13 4.4411057756e-13
4.8760986328e+02 6.7374983736e-13 2.3011834932e-13 4.4363148804e-13
4.8767089844e+02 6.7358416208e-13 2.3028208845e-13 4.4330207363e-13
4.8773193359e+02 6.7349904920e-13 2.3015494884e-13 4.4334410037e-13
4.8779296875e+02 6.7344008093e-13 2.2981029614e-13 4.4362978479e-13
4.8785400391e+02 6.7346660170e-13 2.2949689741e-13 4.4396970429e-13
4.8791503906e+02 6.7387051908e-13 2.2954712524e-13 4.4432339384e-13
4.8797607422e+02 6.7472621440e-13 2.3004606736e-13 4.4468014704e-13
4.8803710938e+02 6.7574380910e-13 2.3072398700e-13 4.4501982210e-13
4.8809814453e+02 6.7657756147e-13 2.3122615686e-13 4.4535140461e-13
4.8815917969e+02 6.7689811441e-13 2.3133523384e-13 4.4556288056e-13
4.8822021484e+02 6.7643437800e-13 2.3100422186e-13 4.4543015614e-13
4.8828125000e+02 6.7536097471e-13 2.3039078703e-13 4.4497018768e-13
4.8834228516e+02 6.7430968305e-13 2.2980488491e-13 4.4450479814e-13
4.8840332031e+02 6.7371105878e-13 2.2947786795e-13 4.4423319083e-13
4.8846435547e+02 6.7342745080e-13 2.2940563142e-13 4.4402181938e-13
4.8852539062e+02 6.7316875494e-13 2.2944155100e-13 4.4372720394e-13
4.8858642578e+02 6.7292176981e-13 2.2946464746e-13 4.4345712235e-13
4.8864746094e+02 6.7273401837e-13 2.2939202720e-13 4.4334199118e-13
4.8870849609e+02 6.7242247064e-13 2.2912850113e-13 4.4329396951e-13
4.8876953125e+02 6.7186668993e-13 2.2867101749e-13 4.4319567244e-13
4.8883056641e+02 6.7134503155e-13 2.2822187617e-13 4.4312315538e-13
4.8889160156e+02 6.7129655140e-13 2.2805973267e-13 4.4323681873e-13
4.8895263672e+02 6.7187659156e-13 2.2830156196e-13 4.4357502961e-13
4.8901367188e+02 6.7284918658e-13 2.2882364912e-13 4.4402553746e-13
4.8907470703e+02 6.7386818343e-13 2.2938929511e-13 4.4447888832e-13
4.8913574219e+02 6.7478448227e-13 2.2984670901e-13 4.4493777326e-13
4.8919677734e+02 6.7555962822e-13 2.3018898813e-13 4.4537064010e-13
4.8925781250e+02 6.7604074381e-13 2.3045040351e-13 4.4559034030e-13
4.8931884766e+02 6.7610063551e-13 2.3062840047e-13 4.4547223504e-13
4.8937988281e+02 6.7580533043e-13 2.3067312639e-13 4.4513220405e-13
4.8944091797e+02 6.7527612514e-13 2.3050292316e-13 4.4477320198e-13
4.8950195312e+02 6.7464889892e-13 2.3011404171e-13 4.4453485721e-13
4.8956298828e+02 6.7416947445e-13 2.2967725070e-13 4.4449222375e-13
4.8962402344e+02 6.7408201899e-13 2.2942077493e-13 4.4466124405e-13
4.8968505859e+02 6.7441383102e-13 2.2943840511e-13 4.4497542591e-13
4.8974609375e+02 6.7490151559e-13 2.2965813549e-13 4.4524338010e-13
4.8980712891e+02 6.7519109162e-13 2.2992612411e-13 4.4526496752e-13
4.8986816406e+02 6.7521282137e-13 2.3009732686e-13 4.4511549450e-13
4.8992919922e+02 6.7523221003e-13 2.3012471021e-13 4.4510749983e-13
4.8999023438e+02 6.7542625233e-13 2.3008767452e-13 4.4533857781e-13
4.9005126953e+02 6.7558473236e-13 2.3008050560e-13 4.4550422675e-13
4.9011230469e+02 6.7538155533e-13 2.3009128103e-13 4.4529027429e-13
4.9017333984e+02 6.7481629937e-13 2.3006055151e-13 4.4475574786e-13
4.9023437500e+02 6.7424411790e-13 2.2999911973e-13 4.4424499817e-13
4.9029541016e+02 6.7404519867e-13 2.2994906713e-13 4.4409613154e-13
4.9035644531e+02 6.7432097595e-13 2.2989438662e-13 4.4442658933e-13
4.9041748047e+02 6.7482346951e-13 2.2980491558e-13 4.4501855394e-13
4.9047851562e+02 6.7513223988e-13 2.2969570584e-13 4.4543653403e-13
4.9053955078e+02 6.7500262906e-13 2.2958745841e-13 4.4541517064e-13
4.9060058594e+02 6.7468284716e-13 2.2952278027e-13 4.4516006689e-13
4.9066162109e+02 6.7477361982e-13 2.2962085159e-13 4.4515276823e-13
4.9072265625e+02 6.7552849658e-13 2.2994760708e-13 4.4558088949e-13
4.9078369141e+02 6.7649042211e-13 2.3037639565e-13 4.4611402646e-13
4.9084472656e+02 6.7710831019e-13 2.3072725113e-13 4.4638105905e-13
4.9090576172e+02 6.7741446387e-13 2.3095258561e-13 4.4646187827e-13
4.9096679688e+02 6.7772224842e-13 2.3106900556e-13 4.4665324287e-13
4.9102783203e+02 6.7791544358e-13 2.3101834019e-13 4.4689710338e-13
4.9108886719e+02 6.7748608692e-13 2.3071553983e-13 4.4677054709e-13
4.9114990234e+02 6.7617123870e-13 2.3017515753e-13 4.4599608117e-13
4.9121093750e+02 6.7429272174e-13 2.2954798333e-13 4.4474473841e-13
4.9127197266e+02 6.7250846258e-13 2.2904015704e-13 4.4346830554e-13
4.9133300781e+02 6.7129511019e-13 2.2875657618e-13 4.4253853401e-13
4.9139404297e+02 6.7071854840e-13 2.2863876821e-13 4.4207978018e-13
4.9145507812e+02 6.7062403690e-13 2.2857326575e-13 4.4205077115e-13
4.9151611328e+02 6.7079217756e-13 2.2850264499e-13 4.4228953257e-13
4.9157714844e+02 6.7089536359e-13 2.2841003631e-13 4.4248532728e-13
4.9163818359e+02 6.7058452650e-13 2.2825677769e-13 4.4232774880e-13
4.9169921875e+02 6.6983808403e-13 2.2801960975e-13 4.4181847428e-13
4.9176025391e+02 6.6912392492e-13 2.2779065238e-13 4.4133327254e-13
4.9182128906e+02 6.6897527793e-13 2.2773260667e-13 4.4124267126e-13
4.9188232422e+02 6.6942962301e-13 2.2789211789e-13 4.4153750512e-13
4.9194335938e+02 6.7004311904e-13 2.2813906253e-13 4.4190405651e-13
4.9200439453e+02 6.7044986579e-13 2.2832925428e-13 4.4212061151e-13
4.9206542969e+02 6.7077365367e-13 2.2847732862e-13 4.4229632505e-13
4.9212646484e+02 6.7138084456e-13 2.2871484542e-13 4.4266599914e-13
4.9218750000e+02 6.7233087354e-13 2.2909223481e-13 4.4323863873e-13
4.9224853516e+02 6.7326005962e-13 2.2948966757e-13 4.4377039206e-13
4.9230957031e+02 6.7375198006e-13 2.2971378007e-13 4.4403819999e-13
4.9237060547e+02 6.7367157857e-13 2.2961749078e-13 4.4405408778e-13
4.9243164062e+02 6.7322647498e-13 2.2919089623e-13 4.4403557876e-13
4.9249267578e+02 6.7283810104e-13 2.2865152303e-13 4.4418657801e-13
4.9255371094e+02 6.7284602879e-13 2.2837214272e-13 4.4447388607e-13
4.9261474609e+02 6.7319656790e-13 2.2856517031e-13 4.4463139759e-13
4.9267578125e+02 6.7343448169e-13 2.2901980646e-13 4.4441467524e-13
4.9273681641e+02 6.7311206962e-13 2.2924458503e-13 4.4386748459e-13
4.9279785156e+02 6.7226978523e-13 2.2894423440e-13 4.4332555083e-13
4.9285888672e+02 6.7145930145e-13 2.2833268239e-13 4.4312661905e-13
4.9291992188e+02 6.7128464587e-13 2.2793217323e-13 4.4335247264e-13
4.9298095703e+02 6.7187940368e-13 2.2805607801e-13 4.4382332567e-13
4.9304199219e+02 6.7277978750e-13 2.2853566806e-13 4.4424411944e-13
4.9310302734e+02 6.7342604821e-13 2.2900790926e-13 4.4441813895e-13
4.9316406250e+02 6.7371239353e-13 2.2933226637e-13 4.4438012716e-13
4.9322509766e+02 6.7387693091e-13 2.2957811089e-13 4.4429882002e-13
4.9328613281e+02 6.7408277890e-13 2.2976588069e-13 4.4431689821e-13
4.9334716797e+02 6.7428849140e-13 2.2982600335e-13 4.4446248806e-13
4.9340820312e+02 6.7427751235e-13 2.2973447312e-13 4.4454303924e-13
4.9346923828e+02 6.7369345654e-13 2.2951278191e-13 4.4418067464e-13
4.9353027344e+02 6.7242033429e-13 2.2915781966e-13 4.4326251463e-13
4.9359130859e+02 6.7105468132e-13 2.2873676861e-13 4.4231791271e-13
4.9365234375e+02 6.7042403484e-13 2.2843597211e-13 4.4198806273e-13
4.9371337891e+02 6.7048387390e-13 2.2834686964e-13 4.4213700426e-13
4.9377441406e+02 6.7035524898e-13 2.2832957981e-13 4.4202566917e-13
4.9383544922e+02 6.6955935780e-13 2.2821231131e-13 4.4134704649e-13
4.9389648438e+02 6.6859792426e-13 2.2802640291e-13 4.4057152135e-13
4.9395751953e+02 6.6823805626e-13 2.2795211968e-13 4.4028593658e-13
4.9401855469e+02 6.6863571852e-13 2.2807099886e-13 4.4056471966e-13
4.9407958984e+02 6.6924283054e-13 2.2826129926e-13 4.4098153128e-13
4.9414062500e+02 6.6947488676e-13 2.2836790762e-13 4.4110697914e-13
4.9420166016e+02 6.6936808501e-13 2.2838294421e-13 4.4098514080e-13
4.9426269531e+02 6.6941509848e-13 2.2839854556e-13 4.4101655292e-13
4.9432373047e+02 6.6990275096e-13 2.2849499132e-13 4.4140775965e-13
4.9438476562e+02 6.7071618574e-13 2.2871377841e-13 4.4200240733e-13
4.9444580078e+02 6.7162882703e-13 2.2900021513e-13 4.4262861190e-13
4.9450683594e+02 6.7247081602e-13 2.2919197027e-13 4.4327884575e-13
4.9456787109e+02 6.7309759495e-13 2.2919305592e-13 4.4390453902e-13
4.9462890625e+02 6.7336934624e-13 2.2907263201e-13 4.4429671423e-13
4.9468994141e+02 6.7321097030e-13 2.2892377861e-13 4.4428719169e-13
4.9475097656e+02 6.7274978789e-13 2.2874921145e-13 4.4400057644e-13
4.9481201172e+02 6.7229532127e-13 2.2852100482e-13 4.4377431645e-13
4.9487304688e+02 6.7211072289e-13 2.2830007175e-13 4.4381065115e-13
4.9493408203e+02 6.7234561146e-13 2.2827138747e-13 4.4407422398e-13
4.9499511719e+02 6.7304889801e-13 2.2858228451e-13 4.4446661350e-13
4.9505615234e+02 6.7399541448e-13 2.2913547202e-13 4.4485994246e-13
4.9511718750e+02 6.7469576920e-13 2.2963985263e-13 4.4505591657e-13
4.9517822266e+02 6.7482757426e-13 2.2986753411e-13 4.4496004014e-13
4.9523925781e+02 6.7450453647e-13 2.2979915052e-13 4.4470538594e-13
4.9530029297e+02 6.7394819601e-13 2.2953926710e-13 4.4440892891e-13
4.9536132812e+02 6.7319212813e-13 2.2918455913e-13 4.4400756900e-13
4.9542236328e+02 6.7231733808e-13 2.2881539502e-13 4.4350194306e-13
4.9548339844e+02 6.7156287362e-13 2.2851537805e-13 4.4304749557e-13
4.9554443359e+02 6.7104458868e-13 2.2831321770e-13 4.4273137098e-13
4.9560546875e+02 6.7074578547e-13 2.2816490268e-13 4.4258088280e-13
4.9566650391e+02 6.7069954636e-13 2.2802547302e-13 4.4267407335e-13
4.9572753906e+02 6.7084314897e-13 2.2788287256e-13 4.4296027641e-13
4.9578857422e+02 6.7095406257e-13 2.2774373954e-13 4.4321032303e-13
4.9584960938e+02 6.7099052566e-13 2.2764847109e-13 4.4334205457e-13
4.9591064453e+02 6.7119389292e-13 2.2765474881e-13 4.4353914411e-13
4.9597167969e+02 6.7172579771e-13 2.2776296299e-13 4.4396283471e-13
4.9603271484e+02 6.7254535623e-13 2.2794772109e-13 4.4459763514e-13
4.9609375000e+02 6.7355847750e-13 2.2825002502e-13 4.4530845247e-13
4.9615478516e+02 6.7447416932e-13 2.2868934287e-13 4.4578482645e-13
4.9621582031e+02 6.7480860614e-13 2.2914263961e-13 4.4566596653e-13
4.9627685547e+02 6.7436101383e-13 2.2942279970e-13 4.4493821414e-13
4.9633789062e+02 6.7342312600e-13 2.2942432247e-13 4.4399880352e-13
4.9639892578e+02 6.7245309767e-13 2.2917529613e-13 4.4327780154e-13
4.9645996094e+02 6.7158471652e-13 2.2876151226e-13 4.4282320426e-13
4.9652099609e+02 6.7050310279e-13 2.2823121277e-13 4.4227189002e-13
4.9658203125e+02 6.6906289092e-13 2.2763954465e-13 4.4142334628e-13
4.9664306641e+02 6.6779215749e-13 2.2710955041e-13 4.4068260709e-13
4.9670410156e+02 6.6730916763e-13 2.2675093980e-13 4.4055822783e-13
4.9676513672e+02 6.6747855476e-13 2.2656850422e-13 4.4091005054e-13
4.9682617188e+02 6.6751914825e-13 2.2646646518e-13 4.4105268306e-13
4.9688720703e+02 6.6686465858e-13 2.2632852949e-13 4.4053612909e-13
4.9694824219e+02 6.6583826615e-13 2.2615709338e-13 4.3968117277e-13
4.9700927734e+02 6.6540198539e-13 2.2609618590e-13 4.3930579949e-13
4.9707031250e+02 6.6606428419e-13 2.2622593812e-13 4.3983834607e-13
4.9713134766e+02 6.6728784056e-13 2.2643949743e-13 4.4084834313e-13
4.9719238281e+02 6.6828492693e-13 2.2663202148e-13 4.4165290545e-13
4.9725341797e+02 6.6893370801e-13 2.2689042786e-13 4.4204328015e-13
4.9731445312e+02 6.6947493239e-13 2.2734812187e-13 4.4212681052e-13
4.9737548828e+02 6.6979334421e-13 2.2789895715e-13 4.4189438706e-13
4.9743652344e+02 6.6959267067e-13 2.2825329703e-13 4.4133937364e-13
4.9749755859e+02 6.6903573950e-13 2.2831214966e-13 4.4072358984e-13
4.9755859375e+02 6.6869138616e-13 2.2826372801e-13 4.4042765815e-13
4.9761962891e+02 6.6894559717e-13 2.2827043294e-13 4.4067516423e-13
4.9768066406e+02 6.6968193962e-13 2.2826166703e-13 4.4142027258e-13
4.9774169922e+02 6.7038910248e-13 2.2808085802e-13 4.4230824445e-13
4.9780273438e+02 6.7060260859e-13 2.2773867938e-13 4.4286392921e-13
4.9786376953e+02 6.7036860638e-13 2.2745513067e-13 4.4291347571e-13
4.9792480469e+02 6.7016777263e-13 2.2745463045e-13 4.4271314218e-13
4.9798583984e+02 6.7038101932e-13 2.2777869453e-13 4.4260232479e-13
4.9804687500e+02 6.7088680619e-13 2.2826117343e-13 4.4262563276e-13
4.9810791016e+02 6.7116235306e-13 2.2861957557e-13 4.4254277749e-13
4.9816894531e+02 6.7090829272e-13 2.2867736603e-13 4.4223092669e-13
4.9822998047e+02 6.7049508667e-13 2.2854641156e-13 4.4194867512e-13
4.9829101562e+02 6.7048861452e-13 2.2848114430e-13 4.4200747023e-13
4.9835205078e+02 6.7088593934e-13 2.2856911773e-13 4.4231682160e-13
4.9841308594e+02 6.7112934970e-13 2.2865246921e-13 4.4247688049e-13
4.9847412109e+02 6.7076970860e-13 2.2854869260e-13 4.4222101600e-13
4.9853515625e+02 6.6991229782e-13 2.2829454638e-13 4.4161775144e-13
4.9859619141e+02 6.6905499926e-13 2.2811408084e-13 4.4094091842e-13
4.9865722656e+02 6.6867526967e-13 2.2818443947e-13 4.4049083020e-13
4.9871826172e+02 6.6894286939e-13 2.2848955673e-13 4.4045331266e-13
4.9877929688e+02 6.6963782678e-13 2.2885754689e-13 4.4078027989e-13
4.9884033203e+02 6.7045962027e-13 2.2913034811e-13 4.4132927216e-13
4.9890136719e+02 6.7146976435e-13 2.2930639660e-13 4.4216336776e-13
4.9896240234e+02 6.7281509706e-13 2.2947012761e-13 4.4334496945e-13
4.9902343750e+02 6.7407094796e-13 2.2963592303e-13 4.4443502494e-13
4.9908447266e+02 6.7458525702e-13 2.2976305634e-13 4.4482220068e-13
4.9914550781e+02 6.7440403221e-13 2.2982948342e-13 4.4457454879e-13
4.9920654297e+02 6.7418540227e-13 2.2981670741e-13 4.4436869487e-13
4.9926757812e+02 6.7439879575e-13 2.2973801301e-13 4.4466078274e-13
4.9932861328e+02 6.7498997817e-13 2.2967017058e-13 4.4531980759e-13
4.9938964844e+02 6.7558322261e-13 2.2967001152e-13 4.4591321109e-13
4.9945068359e+02 6.7581912825e-13 2.2969764259e-13 4.4612148566e-13
4.9951171875e+02 6.7547941857e-13 2.2962916690e-13 4.4585025167e-13
4.9957275391e+02 6.7449606238e-13 2.2937558458e-13 4.4512047781e-13
4.9963378906e+02 6.7326311871e-13 2.2905674339e-13 4.4420637532e-13
4.9969482422e+02 6.7262099047e-13 2.2892644300e-13 4.4369454747e-13
4.9975585938e+02 6.7292892549e-13 2.2901648813e-13 4.4391243736e-13
4.9981689453e+02 6.7350416436e-13 2.2903157224e-13 4.4447259212e-13
4.9987792969e+02 6.7346858119e-13 2.2872990227e-13 4.4473867892e-13
4.9993896484e+02 6.7285750781e-13 2.2826965225e-13 4.4458785556e-13
5.0000000000e+02 6.7249154394e-13 2.2804861551e-13 4.4444292843e-13
