# freq_THz  G_total_s  G_Ga_s  G_S_s
# Smoothed MD-derived velocity power spectrum. Common normalization: integral(G_total_s) = 3*primitive_atoms.
# Gaussian_sigma_THz=0.1; mass_weighted=True; primitive_atoms=4; total_equals_sum_of_partials=True
0.0000000000e+00 0.0000000000e+00 0.0000000000e+00 0.0000000000e+00
6.1035156250e-02 1.0699242570e-01 7.0427749826e-02 3.6564675878e-02
1.2207031250e-01 1.3003788219e-01 8.5551773841e-02 4.4486108349e-02
1.8310546875e-01 1.5194554288e-01 9.9875940718e-02 5.2069602166e-02
2.4414062500e-01 1.6781787837e-01 1.1016179497e-01 5.7656083404e-02
3.0517578125e-01 1.8158348540e-01 1.1899761792e-01 6.2585867473e-02
3.6621093750e-01 1.9689413488e-01 1.2881229425e-01 6.8081840629e-02
4.2724609375e-01 2.1302259288e-01 1.3915397358e-01 7.3868619301e-02
4.8828125000e-01 2.2818551473e-01 1.4883749889e-01 7.9348015844e-02
5.4931640625e-01 2.4547267770e-01 1.5983548121e-01 8.5637196487e-02
6.1035156250e-01 2.7259041271e-01 1.7715618912e-01 9.5434223591e-02
6.7138671875e-01 3.0993787599e-01 2.0106945983e-01 1.0886841616e-01
7.3242187500e-01 3.4266817408e-01 2.2189964390e-01 1.2076853019e-01
7.9345703125e-01 3.5492467844e-01 2.2928976188e-01 1.2563491656e-01
8.5449218750e-01 3.5019717542e-01 2.2545857159e-01 1.2473860383e-01
9.1552734375e-01 3.4803889873e-01 2.2306895858e-01 1.2496994015e-01
9.7656250000e-01 3.6248254653e-01 2.3119646573e-01 1.3128608080e-01
1.0375976562e+00 3.9168674103e-01 2.4858790294e-01 1.4309883809e-01
1.0986328125e+00 4.2598397968e-01 2.6884923628e-01 1.5713474339e-01
1.1596679688e+00 4.5940234647e-01 2.8787923534e-01 1.7152311113e-01
1.2207031250e+00 4.9444000532e-01 3.0704584151e-01 1.8739416382e-01
1.2817382812e+00 5.3750180551e-01 3.3048584584e-01 2.0701595966e-01
1.3427734375e+00 5.8934422628e-01 3.5902986276e-01 2.3031436352e-01
1.4038085938e+00 6.4215034273e-01 3.8805221662e-01 2.5409812610e-01
1.4648437500e+00 6.8682412737e-01 4.1192569522e-01 2.7489843215e-01
1.5258789062e+00 7.2095752781e-01 4.2920285736e-01 2.9175467045e-01
1.5869140625e+00 7.4827924515e-01 4.4235894439e-01 3.0592030076e-01
1.6479492188e+00 7.7197604253e-01 4.5344104652e-01 3.1853499601e-01
1.7089843750e+00 7.9264853243e-01 4.6267938542e-01 3.2996914701e-01
1.7700195312e+00 8.1317350346e-01 4.7167931810e-01 3.4149418536e-01
1.8310546875e+00 8.4106259290e-01 4.8506248627e-01 3.5600010663e-01
1.8920898438e+00 8.8488390329e-01 5.0809262854e-01 3.7679127475e-01
1.9531250000e+00 9.5096493807e-01 5.4432427076e-01 4.0664066732e-01
2.0141601562e+00 1.0409062002e+00 5.9418958953e-01 4.4671661070e-01
2.0751953125e+00 1.1461555067e+00 6.5230623491e-01 4.9384927182e-01
2.1362304688e+00 1.2461413251e+00 7.0673191750e-01 5.3940940755e-01
2.1972656250e+00 1.3175884426e+00 7.4424596167e-01 5.7334248092e-01
2.2583007812e+00 1.3477234332e+00 7.5757748594e-01 5.9014594728e-01
2.3193359375e+00 1.3397155300e+00 7.4834172453e-01 5.9137380547e-01
2.3803710938e+00 1.3088944188e+00 7.2530103775e-01 5.8359338106e-01
2.4414062500e+00 1.2740667296e+00 7.0000784160e-01 5.7405888796e-01
2.5024414062e+00 1.2486337310e+00 6.8153151136e-01 5.6710221966e-01
2.5634765625e+00 1.2373367828e+00 6.7366645525e-01 5.6367032754e-01
2.6245117188e+00 1.2403449348e+00 6.7663895864e-01 5.6370597618e-01
2.6855468750e+00 1.2586678759e+00 6.9034847085e-01 5.6831940501e-01
2.7465820312e+00 1.2959076052e+00 7.1598178469e-01 5.7992582047e-01
2.8076171875e+00 1.3569806691e+00 7.5602028809e-01 6.0096038104e-01
2.8686523438e+00 1.4446957643e+00 8.1280688546e-01 6.3188887886e-01
2.9296875000e+00 1.5561669719e+00 8.8608770813e-01 6.7007926372e-01
2.9907226562e+00 1.6809578679e+00 9.7033109177e-01 7.1062677609e-01
3.0517578125e+00 1.7984822857e+00 1.0517537914e+00 7.4672849433e-01
3.1127929688e+00 1.8783385933e+00 1.1090942713e+00 7.6924432199e-01
3.1738281250e+00 1.8950509163e+00 1.1247811182e+00 7.7026979814e-01
3.2348632812e+00 1.8495953036e+00 1.0998338202e+00 7.4976148334e-01
3.2958984375e+00 1.7704478319e+00 1.0543468440e+00 7.1610098781e-01
3.3569335938e+00 1.6918546428e+00 1.0121904087e+00 6.7966423412e-01
3.4179687500e+00 1.6363618780e+00 9.8809960898e-01 6.4826226906e-01
3.4790039062e+00 1.6130131059e+00 9.8608522672e-01 6.2692787917e-01
3.5400390625e+00 1.6198096160e+00 1.0023134353e+00 6.1749618065e-01
3.6010742188e+00 1.6444886438e+00 1.0271868550e+00 6.1730178887e-01
3.6621093750e+00 1.6691852145e+00 1.0489126999e+00 6.2027251461e-01
3.7231445312e+00 1.6812453175e+00 1.0601006623e+00 6.2114465520e-01
3.7841796875e+00 1.6813735020e+00 1.0622827291e+00 6.1909077281e-01
3.8452148438e+00 1.6791964117e+00 1.0624498122e+00 6.1674659954e-01
3.9062500000e+00 1.6807994543e+00 1.0649048399e+00 6.1589461441e-01
3.9672851562e+00 1.6831592951e+00 1.0679236041e+00 6.1523569103e-01
4.0283203125e+00 1.6799582718e+00 1.0676579954e+00 6.1230027641e-01
4.0893554688e+00 1.6682865905e+00 1.0624171569e+00 6.0586943358e-01
4.1503906250e+00 1.6479573754e+00 1.0522382979e+00 5.9571907749e-01
4.2114257812e+00 1.6182123637e+00 1.0368663481e+00 5.8134601553e-01
4.2724609375e+00 1.5790428383e+00 1.0165819249e+00 5.6246091332e-01
4.3334960938e+00 1.5341740254e+00 9.9392919933e-01 5.4024482611e-01
4.3945312500e+00 1.4903251700e+00 9.7309025402e-01 5.1723491600e-01
4.4555664062e+00 1.4544099448e+00 9.5812734716e-01 4.9628259762e-01
4.5166015625e+00 1.4313188874e+00 9.5171540906e-01 4.7960347833e-01
4.5776367188e+00 1.4225734146e+00 9.5439294380e-01 4.6818047075e-01
4.6386718750e+00 1.4264522420e+00 9.6471097536e-01 4.6174126663e-01
4.6997070312e+00 1.4392841184e+00 9.8018942643e-01 4.5909469199e-01
4.7607421875e+00 1.4564072564e+00 9.9800387504e-01 4.5840338138e-01
4.8217773438e+00 1.4719865402e+00 1.0146645868e+00 4.5732195349e-01
4.8828125000e+00 1.4784861974e+00 1.0253087018e+00 4.5317749556e-01
4.9438476562e+00 1.4685209576e+00 1.0247696202e+00 4.4375133740e-01
5.0048828125e+00 1.4392583340e+00 1.0107188811e+00 4.2853945289e-01
5.0659179688e+00 1.3931812740e+00 9.8444341725e-01 4.0873785679e-01
5.1269531250e+00 1.3328630960e+00 9.4738952245e-01 3.8547357358e-01
5.1879882812e+00 1.2584553031e+00 8.9945703751e-01 3.5899826555e-01
5.2490234375e+00 1.1718302980e+00 8.4178949687e-01 3.3004080110e-01
5.3100585938e+00 1.0780916627e+00 7.7773460928e-01 3.0035705338e-01
5.3710937500e+00 9.8035840225e-01 7.0929691758e-01 2.7106148466e-01
5.4321289062e+00 8.7679158138e-01 6.3520140667e-01 2.4159017471e-01
5.4931640625e+00 7.6521537538e-01 5.5415839859e-01 2.1105697679e-01
5.5541992188e+00 6.4858481169e-01 4.6869984445e-01 1.7988496724e-01
5.6152343750e+00 5.3429382766e-01 3.8461360225e-01 1.4968022541e-01
5.6762695312e+00 4.2976131719e-01 3.0759317286e-01 1.2216814432e-01
5.7373046875e+00 3.4002215504e-01 2.4137801669e-01 9.8644138355e-02
5.7983398438e+00 2.6780936367e-01 1.8790566712e-01 7.9903696551e-02
5.8593750000e+00 2.1351632048e-01 1.4744090162e-01 6.6075418857e-02
5.9204101562e+00 1.7493762465e-01 1.1842421471e-01 5.6513409941e-02
5.9814453125e+00 1.4817831134e-01 9.8071067518e-02 5.0107243825e-02
6.0424804688e+00 1.2933974647e-01 8.3549726787e-02 4.5790019679e-02
6.1035156250e+00 1.1561604816e-01 7.2792803165e-02 4.2823244994e-02
6.1645507812e+00 1.0534133453e-01 6.4574456986e-02 4.0766877549e-02
6.2255859375e+00 9.7481542438e-02 5.8155520070e-02 3.9326022369e-02
6.2866210938e+00 9.1263887730e-02 5.2991624423e-02 3.8272263306e-02
6.3476562500e+00 8.6152952739e-02 4.8694013929e-02 3.7458938810e-02
6.4086914062e+00 8.1878276826e-02 4.5047029936e-02 3.6831246891e-02
6.4697265625e+00 7.8320438794e-02 4.1934079384e-02 3.6386359410e-02
6.5307617188e+00 7.5394504937e-02 3.9267737671e-02 3.6126767266e-02
6.5917968750e+00 7.3038294923e-02 3.6988175865e-02 3.6050119058e-02
6.6528320312e+00 7.1221045307e-02 3.5062408772e-02 3.6158636535e-02
6.7138671875e+00 6.9911911362e-02 3.3458474590e-02 3.6453436772e-02
6.7749023438e+00 6.9047836192e-02 3.2125209731e-02 3.6922626460e-02
6.8359375000e+00 6.8544872039e-02 3.0998681088e-02 3.7546190951e-02
6.8969726562e+00 6.8340107812e-02 3.0033024366e-02 3.8307083445e-02
6.9580078125e+00 6.8410383631e-02 2.9215699597e-02 3.9194684035e-02
7.0190429688e+00 6.8745338285e-02 2.8539981056e-02 4.0205357229e-02
7.0800781250e+00 6.9313120459e-02 2.7976379173e-02 4.1336741286e-02
7.1411132812e+00 7.0088661644e-02 2.7499394732e-02 4.2589266912e-02
7.2021484375e+00 7.1129585931e-02 2.7135308984e-02 4.3994276948e-02
7.2631835938e+00 7.2580133993e-02 2.6948014266e-02 4.5632119728e-02
7.3242187500e+00 7.4592889862e-02 2.6985844590e-02 4.7607045272e-02
7.3852539062e+00 7.7286766441e-02 2.7271399947e-02 5.0015366495e-02
7.4462890625e+00 8.0768559068e-02 2.7826253157e-02 5.2942305910e-02
7.5073242188e+00 8.5143695590e-02 2.8677287760e-02 5.6466407830e-02
7.5683593750e+00 9.0495488618e-02 2.9844570552e-02 6.0650918065e-02
7.6293945312e+00 9.6884653151e-02 3.1347810955e-02 6.5536842196e-02
7.6904296875e+00 1.0442065056e-01 3.3245282493e-02 7.1175368070e-02
7.7514648438e+00 1.1338528689e-01 3.5667775428e-02 7.7717511457e-02
7.8125000000e+00 1.2430467878e-01 3.8812006715e-02 8.5492672065e-02
7.8735351562e+00 1.3792430111e-01 4.2920554376e-02 9.5003746730e-02
7.9345703125e+00 1.5520345143e-01 4.8303663035e-02 1.0689978840e-01
7.9956054688e+00 1.7752563615e-01 5.5440780328e-02 1.2208485582e-01
8.0566406250e+00 2.0718308130e-01 6.5162936485e-02 1.4202014482e-01
8.1176757812e+00 2.4802306156e-01 7.8893831062e-02 1.6912923050e-01
8.1787109375e+00 3.0633714284e-01 9.8987209792e-02 2.0734993305e-01
8.2397460938e+00 3.9205532290e-01 1.2917897268e-01 2.6287635022e-01
8.3007812500e+00 5.1931429476e-01 1.7483666640e-01 3.4447762837e-01
8.3618164062e+00 7.0420730407e-01 2.4219359196e-01 4.6201371211e-01
8.4228515625e+00 9.5718938473e-01 3.3557100861e-01 6.2161837612e-01
8.4838867188e+00 1.2701777424e+00 4.5258629175e-01 8.1759145065e-01
8.5449218750e+00 1.6055982289e+00 5.8001764228e-01 1.0255805866e+00
8.6059570312e+00 1.9001676266e+00 6.9487509537e-01 1.2052925312e+00
8.6669921875e+00 2.0887589564e+00 7.7252033007e-01 1.3162386263e+00
8.7280273438e+00 2.1350784261e+00 7.9744472282e-01 1.3376337033e+00
8.7890625000e+00 2.0466134765e+00 7.6938136405e-01 1.2772321125e+00
8.8500976562e+00 1.8660956200e+00 7.0194098192e-01 1.1641546381e+00
8.9111328125e+00 1.6510190905e+00 6.1652873219e-01 1.0344903583e+00
8.9721679688e+00 1.4529931698e+00 5.3446650375e-01 9.1852666603e-01
9.0332031250e+00 1.3025166797e+00 4.6970798607e-01 8.3280869363e-01
9.0942382812e+00 1.2054794106e+00 4.2607438713e-01 7.7940502351e-01
9.1552734375e+00 1.1529699316e+00 4.0064578562e-01 7.5232414597e-01
9.2163085938e+00 1.1337445278e+00 3.8902620640e-01 7.4471832137e-01
9.2773437500e+00 1.1375865022e+00 3.8729066019e-01 7.5029584197e-01
9.3383789062e+00 1.1512448820e+00 3.9076066702e-01 7.6048421497e-01
9.3994140625e+00 1.1571090094e+00 3.9321325484e-01 7.6389575455e-01
9.4604492188e+00 1.1385956043e+00 3.8823282258e-01 7.5036278170e-01
9.5214843750e+00 1.0868339797e+00 3.7136204818e-01 7.1547193154e-01
9.5825195312e+00 1.0034581064e+00 3.4154198797e-01 6.6191611840e-01
9.6435546875e+00 9.0075027959e-01 3.0190512658e-01 5.9884515301e-01
9.7045898438e+00 8.0001061385e-01 2.5960469643e-01 5.4040591741e-01
9.7656250000e+00 7.2482363729e-01 2.2337928287e-01 5.0144435442e-01
9.8266601562e+00 6.9030747861e-01 1.9951645365e-01 4.9079102496e-01
9.8876953125e+00 6.9677487386e-01 1.8934914415e-01 5.0742572970e-01
9.9487304688e+00 7.3286319617e-01 1.9009196910e-01 5.4277122708e-01
1.0009765625e+01 7.8369344990e-01 1.9751228074e-01 5.8618116916e-01
1.0070800781e+01 8.3730544684e-01 2.0807685052e-01 6.2922859632e-01
1.0131835938e+01 8.8664902116e-01 2.1959351043e-01 6.6705551073e-01
1.0192871094e+01 9.2827625659e-01 2.3073753165e-01 6.9753872495e-01
1.0253906250e+01 9.6109068670e-01 2.4058711820e-01 7.2050356850e-01
1.0314941406e+01 9.8710520283e-01 2.4886894878e-01 7.3823625406e-01
1.0375976562e+01 1.0125131577e+00 2.5649669278e-01 7.5601646489e-01
1.0437011719e+01 1.0468248194e+00 2.6567185052e-01 7.8115296884e-01
1.0498046875e+01 1.1003034125e+00 2.7932313233e-01 8.2098028022e-01
1.0559082031e+01 1.1808003535e+00 3.0000883417e-01 8.8079151933e-01
1.0620117188e+01 1.2909212509e+00 3.2874876720e-01 9.6217248372e-01
1.0681152344e+01 1.4276284298e+00 3.6463409184e-01 1.0629943380e+00
1.0742187500e+01 1.5845843076e+00 4.0544638727e-01 1.1791379204e+00
1.0803222656e+01 1.7541007960e+00 4.4863394684e-01 1.3054668491e+00
1.0864257812e+01 1.9267373852e+00 4.9196394124e-01 1.4347734439e+00
1.0925292969e+01 2.0892583278e+00 5.3330774353e-01 1.5559505843e+00
1.0986328125e+01 2.2240595824e+00 5.6987369959e-01 1.6541858828e+00
1.1047363281e+01 2.3149871869e+00 5.9862441288e-01 1.7163627740e+00
1.1108398438e+01 2.3573925187e+00 6.1827018992e-01 1.7391223287e+00
1.1169433594e+01 2.3599451373e+00 6.2996445975e-01 1.7299806775e+00
1.1230468750e+01 2.3346717768e+00 6.3536611838e-01 1.6993056585e+00
1.1291503906e+01 2.2885498532e+00 6.3501934498e-01 1.6535305082e+00
1.1352539062e+01 2.2235439293e+00 6.2860862365e-01 1.5949353056e+00
1.1413574219e+01 2.1390485353e+00 6.1555330405e-01 1.5234952313e+00
1.1474609375e+01 2.0347200866e+00 5.9562234721e-01 1.4390977394e+00
1.1535644531e+01 1.9136631758e+00 5.6964865703e-01 1.3440145187e+00
1.1596679688e+01 1.7805405191e+00 5.3884229200e-01 1.2416982271e+00
1.1657714844e+01 1.6364553183e+00 5.0331391882e-01 1.1331413995e+00
1.1718750000e+01 1.4809258235e+00 4.6278378338e-01 1.0181420401e+00
1.1779785156e+01 1.3187675322e+00 4.1867199110e-01 9.0009554109e-01
1.1840820312e+01 1.1586595470e+00 3.7355404134e-01 7.8510550562e-01
1.1901855469e+01 1.0040201995e+00 3.2828364711e-01 6.7573655239e-01
1.1962890625e+01 8.5060161468e-01 2.8134713102e-01 5.6925448366e-01
1.2023925781e+01 6.9510514043e-01 2.3180675082e-01 4.6329838960e-01
1.2084960938e+01 5.4336608511e-01 1.8204697881e-01 3.6131910629e-01
1.2145996094e+01 4.0835365107e-01 1.3699971633e-01 2.7135393474e-01
1.2207031250e+01 3.0118822872e-01 1.0092746437e-01 2.0026076435e-01
1.2268066406e+01 2.2469016397e-01 7.5110492148e-02 1.4957967182e-01
1.2329101562e+01 1.7394207331e-01 5.8030351307e-02 1.1591172200e-01
1.2390136719e+01 1.4097600237e-01 4.7022535031e-02 9.3953467343e-02
1.2451171875e+01 1.1886039314e-01 3.9725453172e-02 7.9134939969e-02
1.2512207031e+01 1.0311763779e-01 3.4595862566e-02 6.8521775223e-02
1.2573242188e+01 9.1261497500e-02 3.0768699490e-02 6.0492798010e-02
1.2634277344e+01 8.1940924270e-02 2.7777033167e-02 5.4163891103e-02
1.2695312500e+01 7.4356533331e-02 2.5353766587e-02 4.9002766743e-02
1.2756347656e+01 6.7986824162e-02 2.3327974404e-02 4.4658849758e-02
1.2817382812e+01 6.2514875786e-02 2.1592334166e-02 4.0922541620e-02
1.2878417969e+01 5.7794268796e-02 2.0094917027e-02 3.7699351769e-02
1.2939453125e+01 5.3748847439e-02 1.8811394660e-02 3.4937452780e-02
1.3000488281e+01 5.0258672129e-02 1.7705233394e-02 3.2553438735e-02
1.3061523438e+01 4.7160266650e-02 1.6722891533e-02 3.0437375116e-02
1.3122558594e+01 4.4344224319e-02 1.5826809554e-02 2.8517414764e-02
1.3183593750e+01 4.1793043288e-02 1.5011957541e-02 2.6781085747e-02
1.3244628906e+01 3.9516107495e-02 1.4285516081e-02 2.5230591414e-02
1.3305664062e+01 3.7490946085e-02 1.3643571234e-02 2.3847374850e-02
1.3366699219e+01 3.5666153665e-02 1.3067009691e-02 2.2599143974e-02
1.3427734375e+01 3.3985176151e-02 1.2531520480e-02 2.1453655671e-02
1.3488769531e+01 3.2408871478e-02 1.2022696393e-02 2.0386175086e-02
1.3549804688e+01 3.0932372151e-02 1.1543380261e-02 1.9388991890e-02
1.3610839844e+01 2.9576676447e-02 1.1106343890e-02 1.8470332557e-02
1.3671875000e+01 2.8354507013e-02 1.0719240009e-02 1.7635267004e-02
1.3732910156e+01 2.7242796940e-02 1.0373515510e-02 1.6869281430e-02
1.3793945312e+01 2.6199753043e-02 1.0050784034e-02 1.6148969009e-02
1.3854980469e+01 2.5208158646e-02 9.7420056311e-03 1.5466153015e-02
1.3916015625e+01 2.4277781097e-02 9.4511368421e-03 1.4826644255e-02
1.3977050781e+01 2.3406424243e-02 9.1784442301e-03 1.4227980013e-02
1.4038085938e+01 2.2570503908e-02 8.9138976177e-03 1.3656606290e-02
1.4099121094e+01 2.1758104629e-02 8.6509686757e-03 1.3107135953e-02
1.4160156250e+01 2.0984200251e-02 8.3954386979e-03 1.2588761553e-02
1.4221191406e+01 2.0262917801e-02 8.1550703120e-03 1.2107847489e-02
1.4282226562e+01 1.9583590159e-02 7.9281712705e-03 1.1655418889e-02
1.4343261719e+01 1.8927916742e-02 7.7083431560e-03 1.1219573586e-02
1.4404296875e+01 1.8298628917e-02 7.4960646432e-03 1.0802564274e-02
1.4465332031e+01 1.7718334751e-02 7.3001127790e-03 1.0418221972e-02
1.4526367188e+01 1.7203898655e-02 7.1283079604e-03 1.0075590695e-02
1.4587402344e+01 1.6746302238e-02 6.9779609950e-03 9.7683412429e-03
1.4648437500e+01 1.6316054333e-02 6.8358981131e-03 9.4801562196e-03
1.4709472656e+01 1.5889703726e-02 6.6897536790e-03 9.1999500467e-03
1.4770507812e+01 1.5465713887e-02 6.5373815521e-03 8.9283323352e-03
1.4831542969e+01 1.5052988775e-02 6.3840981616e-03 8.6688906129e-03
1.4892578125e+01 1.4657815278e-02 6.2363235388e-03 8.4214917392e-03
1.4953613281e+01 1.4284586884e-02 6.0986937121e-03 8.1858931717e-03
1.5014648438e+01 1.3932189862e-02 5.9704028617e-03 7.9617870005e-03
1.5075683594e+01 1.3588556377e-02 5.8445035748e-03 7.7440528020e-03
1.5136718750e+01 1.3243058851e-02 5.7158920721e-03 7.5271667793e-03
1.5197753906e+01 1.2900578150e-02 5.5870001781e-03 7.3135779717e-03
1.5258789062e+01 1.2572571082e-02 5.4621480166e-03 7.1104230650e-03
1.5319824219e+01 1.2260181577e-02 5.3409912252e-03 6.9191903519e-03
1.5380859375e+01 1.1955045832e-02 5.2207613222e-03 6.7342845094e-03
1.5441894531e+01 1.1652066070e-02 5.1010095361e-03 6.5510565337e-03
1.5502929688e+01 1.1353803446e-02 4.9838768434e-03 6.3699266023e-03
1.5563964844e+01 1.1064332237e-02 4.8721231672e-03 6.1922090693e-03
1.5625000000e+01 1.0782499245e-02 4.7661015359e-03 6.0163977094e-03
1.5686035156e+01 1.0500531214e-02 4.6607437696e-03 5.8397874446e-03
1.5747070312e+01 1.0210625397e-02 4.5491805280e-03 5.6614448691e-03
1.5808105469e+01 9.9140759187e-03 4.4314322257e-03 5.4826436930e-03
1.5869140625e+01 9.6212989891e-03 4.3157519930e-03 5.3055469962e-03
1.5930175781e+01 9.3422361061e-03 4.2096680158e-03 5.1325680903e-03
1.5991210938e+01 9.0766945083e-03 4.1114095717e-03 4.9652849366e-03
1.6052246094e+01 8.8134701484e-03 4.0112424428e-03 4.8022277056e-03
1.6113281250e+01 8.5405629899e-03 3.9008663873e-03 4.6396966026e-03
1.6174316406e+01 8.2560514298e-03 3.7801561215e-03 4.4758953083e-03
1.6235351562e+01 7.9693826490e-03 3.6562311005e-03 4.3131515485e-03
1.6296386719e+01 7.6954649026e-03 3.5389127230e-03 4.1565521795e-03
1.6357421875e+01 7.4450168888e-03 3.4344187438e-03 4.0105981450e-03
1.6418457031e+01 7.2162517387e-03 3.3403499293e-03 3.8759018094e-03
1.6479492188e+01 6.9996692449e-03 3.2496651257e-03 3.7500041193e-03
1.6540527344e+01 6.7922189054e-03 3.1598571321e-03 3.6323617733e-03
1.6601562500e+01 6.6013581199e-03 3.0747802826e-03 3.5265778374e-03
1.6662597656e+01 6.4363311136e-03 2.9990564390e-03 3.4372746745e-03
1.6723632812e+01 6.3003599765e-03 2.9335742172e-03 3.3667857593e-03
1.6784667969e+01 6.1912564739e-03 2.8757074181e-03 3.3155490558e-03
1.6845703125e+01 6.1076870176e-03 2.8231759299e-03 3.2845110878e-03
1.6906738281e+01 6.0538442053e-03 2.7775737990e-03 3.2762704062e-03
1.6967773438e+01 6.0382391007e-03 2.7438245097e-03 3.2944145910e-03
1.7028808594e+01 6.0683190061e-03 2.7266041965e-03 3.3417148096e-03
1.7089843750e+01 6.1447467629e-03 2.7276062437e-03 3.4171405192e-03
1.7150878906e+01 6.2577296280e-03 2.7446464442e-03 3.5130831838e-03
1.7211914062e+01 6.3870367062e-03 2.7711964848e-03 3.6158402213e-03
1.7272949219e+01 6.5075141794e-03 2.7977159397e-03 3.7097982397e-03
1.7333984375e+01 6.5976772373e-03 2.8158473146e-03 3.7818299227e-03
1.7395019531e+01 6.6442656669e-03 2.8210901172e-03 3.8231755497e-03
1.7456054688e+01 6.6411301693e-03 2.8114592455e-03 3.8296709238e-03
1.7517089844e+01 6.5902256838e-03 2.7869873940e-03 3.8032382898e-03
1.7578125000e+01 6.5060891429e-03 2.7517377446e-03 3.7543513983e-03
1.7639160156e+01 6.4123980584e-03 2.7127176167e-03 3.6996804417e-03
1.7700195312e+01 6.3296450108e-03 2.6757003405e-03 3.6539446703e-03
1.7761230469e+01 6.2678819474e-03 2.6441204580e-03 3.6237614895e-03
1.7822265625e+01 6.2283927116e-03 2.6204769400e-03 3.6079157716e-03
1.7883300781e+01 6.2073136161e-03 2.6056868827e-03 3.6016267334e-03
1.7944335938e+01 6.1986571489e-03 2.5975305371e-03 3.6011266118e-03
1.8005371094e+01 6.1959839136e-03 2.5911997650e-03 3.6047841487e-03
1.8066406250e+01 6.1916956026e-03 2.5814315899e-03 3.6102640127e-03
1.8127441406e+01 6.1786879389e-03 2.5653289518e-03 3.6133589871e-03
1.8188476562e+01 6.1570397022e-03 2.5447348905e-03 3.6123048118e-03
1.8249511719e+01 6.1373795176e-03 2.5250755907e-03 3.6123039269e-03
1.8310546875e+01 6.1344703509e-03 2.5110281766e-03 3.6234421744e-03
1.8371582031e+01 6.1587717373e-03 2.5041478418e-03 3.6546238954e-03
1.8432617188e+01 6.2167270352e-03 2.5050899448e-03 3.7116370904e-03
1.8493652344e+01 6.3160900638e-03 2.5167290029e-03 3.7993610609e-03
1.8554687500e+01 6.4644138479e-03 2.5431587484e-03 3.9212550995e-03
1.8615722656e+01 6.6616148761e-03 2.5855904310e-03 4.0760244451e-03
1.8676757812e+01 6.8966739886e-03 2.6403009855e-03 4.2563730031e-03
1.8737792969e+01 7.1499468395e-03 2.7001470182e-03 4.4497998214e-03
1.8798828125e+01 7.3979039781e-03 2.7574962380e-03 4.6404077401e-03
1.8859863281e+01 7.6217096600e-03 2.8071047794e-03 4.8146048806e-03
1.8920898438e+01 7.8178737838e-03 2.8483164865e-03 4.9695572974e-03
1.8981933594e+01 8.0013404026e-03 2.8852861832e-03 5.1160542194e-03
1.9042968750e+01 8.1970664648e-03 2.9246396183e-03 5.2724268465e-03
1.9104003906e+01 8.4282170999e-03 2.9724301445e-03 5.4557869554e-03
1.9165039062e+01 8.7089060946e-03 3.0322405928e-03 5.6766655018e-03
1.9226074219e+01 9.0424184118e-03 3.1046042048e-03 5.9378142070e-03
1.9287109375e+01 9.4232383342e-03 3.1877176114e-03 6.2355207228e-03
1.9348144531e+01 9.8424542360e-03 3.2793273765e-03 6.5631268595e-03
1.9409179688e+01 1.0293026761e-02 3.3783421983e-03 6.9146845627e-03
1.9470214844e+01 1.0766185482e-02 3.4834475960e-03 7.2827378863e-03
1.9531250000e+01 1.1239941493e-02 3.5891006535e-03 7.6508408391e-03
1.9592285156e+01 1.1675782613e-02 3.6842958603e-03 7.9914867532e-03
1.9653320312e+01 1.2034641413e-02 3.7574777946e-03 8.2771636187e-03
1.9714355469e+01 1.2297846652e-02 3.8030460101e-03 8.4948006419e-03
1.9775390625e+01 1.2466548565e-02 3.8220301340e-03 8.6445184312e-03
1.9836425781e+01 1.2544050050e-02 3.8176150445e-03 8.7264350057e-03
1.9897460938e+01 1.2531045316e-02 3.7926430286e-03 8.7384022877e-03
1.9958496094e+01 1.2436635252e-02 3.7503752430e-03 8.6862600086e-03
2.0019531250e+01 1.2280286247e-02 3.6943539204e-03 8.5859323270e-03
2.0080566406e+01 1.2078558888e-02 3.6270738181e-03 8.4514850702e-03
2.0141601562e+01 1.1835758598e-02 3.5499097645e-03 8.2858488332e-03
2.0202636719e+01 1.1548639099e-02 3.4638889354e-03 8.0847501632e-03
2.0263671875e+01 1.1216016479e-02 3.3699719138e-03 7.8460445651e-03
2.0324707031e+01 1.0842354148e-02 3.2689564626e-03 7.5733976851e-03
2.0385742188e+01 1.0434395015e-02 3.1615764360e-03 7.2728185793e-03
2.0446777344e+01 9.9973182709e-03 3.0488450373e-03 6.9484732337e-03
2.0507812500e+01 9.5340660719e-03 2.9317226737e-03 6.6023433982e-03
2.0568847656e+01 9.0473811189e-03 2.8104310343e-03 6.2369500847e-03
2.0629882812e+01 8.5447194054e-03 2.6856158556e-03 5.8591035498e-03
2.0690917969e+01 8.0417112425e-03 2.5604280727e-03 5.4812831698e-03
2.0751953125e+01 7.5571627964e-03 2.4395967617e-03 5.1175660347e-03
2.0812988281e+01 7.1041219138e-03 2.3261404066e-03 4.7779815072e-03
2.0874023438e+01 6.6879152131e-03 2.2204798317e-03 4.4674353814e-03
2.0935058594e+01 6.3111475469e-03 2.1227942316e-03 4.1883533153e-03
2.0996093750e+01 5.9770599619e-03 2.0346182697e-03 3.9424416922e-03
2.1057128906e+01 5.6874284132e-03 1.9575743033e-03 3.7298541100e-03
2.1118164062e+01 5.4393628883e-03 1.8916064973e-03 3.5477563910e-03
2.1179199219e+01 5.2264198120e-03 1.8349543838e-03 3.3914654282e-03
2.1240234375e+01 5.0432325279e-03 1.7853739315e-03 3.2578585964e-03
2.1301269531e+01 4.8879948517e-03 1.7413218305e-03 3.1466730211e-03
2.1362304688e+01 4.7603108364e-03 1.7024246554e-03 3.0578861810e-03
2.1423339844e+01 4.6581194034e-03 1.6690745017e-03 2.9890449017e-03
2.1484375000e+01 4.5775929589e-03 1.6415143064e-03 2.9360786525e-03
2.1545410156e+01 4.5156598877e-03 1.6194505141e-03 2.8962093736e-03
2.1606445312e+01 4.4715376706e-03 1.6024993896e-03 2.8690382810e-03
2.1667480469e+01 4.4440617618e-03 1.5900076688e-03 2.8540540931e-03
2.1728515625e+01 4.4288965427e-03 1.5803881894e-03 2.8485083533e-03
2.1789550781e+01 4.4224570478e-03 1.5724102349e-03 2.8500468129e-03
2.1850585938e+01 4.4266007121e-03 1.5670484179e-03 2.8595522942e-03
2.1911621094e+01 4.4439404936e-03 1.5659096702e-03 2.8780308234e-03
2.1972656250e+01 4.4706642563e-03 1.5682662728e-03 2.9023979835e-03
2.2033691406e+01 4.4976830603e-03 1.5711560948e-03 2.9265269655e-03
2.2094726562e+01 4.5158329127e-03 1.5713620232e-03 2.9444708895e-03
2.2155761719e+01 4.5192057172e-03 1.5667952826e-03 2.9524104346e-03
2.2216796875e+01 4.5067564513e-03 1.5571912877e-03 2.9495651636e-03
2.2277832031e+01 4.4808799027e-03 1.5436767167e-03 2.9372031860e-03
2.2338867188e+01 4.4442408477e-03 1.5274889048e-03 2.9167519429e-03
2.2399902344e+01 4.3988055368e-03 1.5093386689e-03 2.8894668679e-03
2.2460937500e+01 4.3462680891e-03 1.4895378224e-03 2.8567302666e-03
2.2521972656e+01 4.2878620324e-03 1.4681984743e-03 2.8196635582e-03
2.2583007812e+01 4.2237107559e-03 1.4453005762e-03 2.7784101797e-03
2.2644042969e+01 4.1517855705e-03 1.4204943815e-03 2.7312911889e-03
2.2705078125e+01 4.0676800126e-03 1.3927703161e-03 2.6749096965e-03
2.2766113281e+01 3.9669700680e-03 1.3606753894e-03 2.6062946787e-03
2.2827148438e+01 3.8487625342e-03 1.3234302640e-03 2.5253322702e-03
2.2888183594e+01 3.7164476862e-03 1.2818202565e-03 2.4346274297e-03
2.2949218750e+01 3.5745409316e-03 1.2375471904e-03 2.3369937412e-03
2.3010253906e+01 3.4250748923e-03 1.1917352932e-03 2.2333395991e-03
2.3071289062e+01 3.2673028742e-03 1.1443730481e-03 2.1229298261e-03
2.3132324219e+01 3.1010250263e-03 1.0952521206e-03 2.0057729058e-03
2.3193359375e+01 2.9293755351e-03 1.0449956796e-03 1.8843798555e-03
2.3254394531e+01 2.7572293461e-03 9.9471274394e-04 1.7625166022e-03
2.3315429688e+01 2.5879242298e-03 9.4510232104e-04 1.6428219088e-03
2.3376464844e+01 2.4228696030e-03 8.9647932880e-04 1.5263902742e-03
2.3437500000e+01 2.2628786748e-03 8.4909851096e-04 1.4137801638e-03
2.3498535156e+01 2.1083570402e-03 8.0288006701e-04 1.3054769732e-03
2.3559570312e+01 1.9596306169e-03 7.5755587186e-04 1.2020747450e-03
2.3620605469e+01 1.8183576434e-03 7.1362990281e-04 1.1047277406e-03
2.3681640625e+01 1.6874457064e-03 6.7255182812e-04 1.0148938782e-03
2.3742675781e+01 1.5687993950e-03 6.3553938368e-04 9.3326001129e-04
2.3803710938e+01 1.4618952199e-03 6.0258208735e-04 8.5931313257e-04
2.3864746094e+01 1.3647925021e-03 5.7276357594e-04 7.9202892614e-04
2.3925781250e+01 1.2759685683e-03 5.4531781119e-04 7.3065075712e-04
2.3986816406e+01 1.1952307323e-03 5.2019529047e-04 6.7503544181e-04
2.4047851562e+01 1.1232960672e-03 4.9770530965e-04 6.2559075751e-04
2.4108886719e+01 1.0604547365e-03 4.7779237668e-04 5.8266235984e-04
2.4169921875e+01 1.0056537004e-03 4.5979270766e-04 5.4586099270e-04
2.4230957031e+01 9.5722988451e-04 4.4307381836e-04 5.1415606615e-04
2.4291992188e+01 9.1438503752e-04 4.2779453146e-04 4.8659050606e-04
2.4353027344e+01 8.7716948627e-04 4.1454957386e-04 4.6261991241e-04
2.4414062500e+01 8.4492240667e-04 4.0324544164e-04 4.4167696503e-04
2.4475097656e+01 8.1579585645e-04 3.9290445265e-04 4.2289140379e-04
2.4536132812e+01 7.8825185011e-04 3.8265913159e-04 4.0559271852e-04
2.4597167969e+01 7.6217274264e-04 3.7244842010e-04 3.8972432254e-04
2.4658203125e+01 7.3822232752e-04 3.6273305676e-04 3.7548927076e-04
2.4719238281e+01 7.1666871106e-04 3.5388024444e-04 3.6278846663e-04
2.4780273438e+01 6.9706086157e-04 3.4587932872e-04 3.5118153285e-04
2.4841308594e+01 6.7884183669e-04 3.3852332504e-04 3.4031851166e-04
2.4902343750e+01 6.6175602696e-04 3.3161557336e-04 3.3014045360e-04
2.4963378906e+01 6.4548636664e-04 3.2486503078e-04 3.2062133586e-04
2.5024414062e+01 6.2950676308e-04 3.1787942151e-04 3.1162734157e-04
2.5085449219e+01 6.1348232752e-04 3.1042292775e-04 3.0305939978e-04
2.5146484375e+01 5.9737392821e-04 3.0251882004e-04 2.9485510817e-04
2.5207519531e+01 5.8125746824e-04 2.9438300487e-04 2.8687446337e-04
2.5268554688e+01 5.6530249544e-04 2.8635822871e-04 2.7894426673e-04
2.5329589844e+01 5.4971703213e-04 2.7873983938e-04 2.7097719275e-04
2.5390625000e+01 5.3462888865e-04 2.7157807852e-04 2.6305081013e-04
2.5451660156e+01 5.2013328520e-04 2.6471985149e-04 2.5541343371e-04
2.5512695312e+01 5.0638107368e-04 2.5804219437e-04 2.4833887932e-04
2.5573730469e+01 4.9356830145e-04 2.5162091048e-04 2.4194739097e-04
2.5634765625e+01 4.8183861199e-04 2.4567933473e-04 2.3615927725e-04
2.5695800781e+01 4.7106418810e-04 2.4031326776e-04 2.3075092034e-04
2.5756835938e+01 4.6087725887e-04 2.3533529487e-04 2.2554196400e-04
2.5817871094e+01 4.5109299516e-04 2.3051459812e-04 2.2057839704e-04
2.5878906250e+01 4.4173287721e-04 2.2576616067e-04 2.1596671654e-04
2.5939941406e+01 4.3263352569e-04 2.2103584052e-04 2.1159768517e-04
2.6000976562e+01 4.2356004335e-04 2.1630890281e-04 2.0725114054e-04
2.6062011719e+01 4.1451396558e-04 2.1168568353e-04 2.0282828205e-04
2.6123046875e+01 4.0552656150e-04 2.0720854981e-04 1.9831801168e-04
2.6184082031e+01 3.9654885684e-04 2.0279015516e-04 1.9375870168e-04
2.6245117188e+01 3.8778698571e-04 1.9843702897e-04 1.8934995675e-04
2.6306152344e+01 3.7964935095e-04 1.9428585554e-04 1.8536349541e-04
2.6367187500e+01 3.7218574951e-04 1.9033699335e-04 1.8184875615e-04
2.6428222656e+01 3.6502872813e-04 1.8642456461e-04 1.7860416352e-04
2.6489257812e+01 3.5795393821e-04 1.8249701222e-04 1.7545692600e-04
2.6550292969e+01 3.5106244863e-04 1.7867334895e-04 1.7238909968e-04
2.6611328125e+01 3.4447351804e-04 1.7504987542e-04 1.6942364261e-04
2.6672363281e+01 3.3826016943e-04 1.7168009640e-04 1.6658007302e-04
2.6733398438e+01 3.3252845733e-04 1.6862345741e-04 1.6390499992e-04
2.6794433594e+01 3.2724265814e-04 1.6580102994e-04 1.6144162819e-04
2.6855468750e+01 3.2215617073e-04 1.6295690138e-04 1.5919926935e-04
2.6916503906e+01 3.1710216465e-04 1.5993241065e-04 1.5716975400e-04
2.6977539062e+01 3.1224479370e-04 1.5687290290e-04 1.5537189079e-04
2.7038574219e+01 3.0793808257e-04 1.5406057376e-04 1.5387750881e-04
2.7099609375e+01 3.0438179843e-04 1.5162117856e-04 1.5276061987e-04
2.7160644531e+01 3.0146017807e-04 1.4947449083e-04 1.5198568724e-04
2.7221679688e+01 2.9884207452e-04 1.4746930513e-04 1.5137276939e-04
2.7282714844e+01 2.9621849335e-04 1.4547409618e-04 1.5074439717e-04
2.7343750000e+01 2.9349302624e-04 1.4343044830e-04 1.5006257794e-04
2.7404785156e+01 2.9072833455e-04 1.4136716395e-04 1.4936117060e-04
2.7465820312e+01 2.8799414884e-04 1.3932452270e-04 1.4866962615e-04
2.7526855469e+01 2.8539314503e-04 1.3731750632e-04 1.4807563871e-04
2.7587890625e+01 2.8316466069e-04 1.3540752669e-04 1.4775713401e-04
2.7648925781e+01 2.8162657780e-04 1.3372372255e-04 1.4790285525e-04
2.7709960938e+01 2.8093921846e-04 1.3235624450e-04 1.4858297396e-04
2.7770996094e+01 2.8093143717e-04 1.3126992181e-04 1.4966151536e-04
2.7832031250e+01 2.8117733415e-04 1.3031528073e-04 1.5086205343e-04
2.7893066406e+01 2.8124130769e-04 1.2930105597e-04 1.5194025172e-04
2.7954101562e+01 2.8092640813e-04 1.2811740894e-04 1.5280899919e-04
2.8015136719e+01 2.8035822045e-04 1.2680545934e-04 1.5355276111e-04
2.8076171875e+01 2.7984911143e-04 1.2550043321e-04 1.5434867822e-04
2.8137207031e+01 2.7967483795e-04 1.2434691681e-04 1.5532792114e-04
2.8198242188e+01 2.7985680081e-04 1.2341453723e-04 1.5644226358e-04
2.8259277344e+01 2.8006385707e-04 1.2259030907e-04 1.5747354800e-04
2.8320312500e+01 2.7985048881e-04 1.2160974601e-04 1.5824074281e-04
2.8381347656e+01 2.7908488340e-04 1.2030544685e-04 1.5877943655e-04
2.8442382812e+01 2.7800928089e-04 1.1878055729e-04 1.5922872360e-04
2.8503417969e+01 2.7681651157e-04 1.1726541602e-04 1.5955109555e-04
2.8564453125e+01 2.7536567133e-04 1.1586690204e-04 1.5949876928e-04
2.8625488281e+01 2.7340194679e-04 1.1451864645e-04 1.5888330034e-04
2.8686523438e+01 2.7084383328e-04 1.1310331648e-04 1.5774051680e-04
2.8747558594e+01 2.6780031215e-04 1.1157027707e-04 1.5623003509e-04
2.8808593750e+01 2.6447659554e-04 1.0996947625e-04 1.5450711929e-04
2.8869628906e+01 2.6104232631e-04 1.0837625364e-04 1.5266607267e-04
2.8930664062e+01 2.5751457577e-04 1.0679469967e-04 1.5071987610e-04
2.8991699219e+01 2.5378551975e-04 1.0514524350e-04 1.4864027625e-04
2.9052734375e+01 2.4970941465e-04 1.0331559669e-04 1.4639381796e-04
2.9113769531e+01 2.4522714381e-04 1.0127996101e-04 1.4394718280e-04
2.9174804688e+01 2.4052835526e-04 9.9198693001e-05 1.4132966226e-04
2.9235839844e+01 2.3594208174e-04 9.7280428401e-05 1.3866165334e-04
2.9296875000e+01 2.3158608881e-04 9.5547063723e-05 1.3603902509e-04
2.9357910156e+01 2.2729597689e-04 9.3856130435e-05 1.3343984646e-04
2.9418945312e+01 2.2289219781e-04 9.2100114715e-05 1.3079208310e-04
2.9479980469e+01 2.1839665428e-04 9.0289491215e-05 1.2810716306e-04
2.9541015625e+01 2.1404209600e-04 8.8514745641e-05 1.2552735036e-04
2.9602050781e+01 2.1012609459e-04 8.6894917103e-05 1.2323117749e-04
2.9663085938e+01 2.0679781464e-04 8.5501765874e-05 1.2129604877e-04
2.9724121094e+01 2.0393423397e-04 8.4283421977e-05 1.1965081199e-04
2.9785156250e+01 2.0126124885e-04 8.3109482220e-05 1.1815176663e-04
2.9846191406e+01 1.9864514208e-04 8.1925140645e-05 1.1672000144e-04
2.9907226562e+01 1.9621328766e-04 8.0803861212e-05 1.1540942645e-04
2.9968261719e+01 1.9415262708e-04 7.9816435882e-05 1.1433619120e-04
3.0029296875e+01 1.9249626484e-04 7.8929870487e-05 1.1356639436e-04
3.0090332031e+01 1.9114498120e-04 7.8078073253e-05 1.1306690794e-04
3.0151367188e+01 1.8997411731e-04 7.7247347642e-05 1.1272676967e-04
3.0212402344e+01 1.8887693064e-04 7.6441557252e-05 1.1243537339e-04
3.0273437500e+01 1.8780303319e-04 7.5640592254e-05 1.1216244094e-04
3.0334472656e+01 1.8683331554e-04 7.4865819204e-05 1.1196749634e-04
3.0395507812e+01 1.8616819988e-04 7.4217010687e-05 1.1195118919e-04
3.0456542969e+01 1.8594662611e-04 7.3757215718e-05 1.1218941039e-04
3.0517578125e+01 1.8609040790e-04 7.3414982698e-05 1.1267542520e-04
3.0578613281e+01 1.8636216115e-04 7.3052561536e-05 1.1330959961e-04
3.0639648438e+01 1.8652619854e-04 7.2579152053e-05 1.1394704649e-04
3.0700683594e+01 1.8648052299e-04 7.2000999926e-05 1.1447952307e-04
3.0761718750e+01 1.8629576737e-04 7.1406908668e-05 1.1488885870e-04
3.0822753906e+01 1.8606149363e-04 7.0868148524e-05 1.1519334510e-04
3.0883789062e+01 1.8572714699e-04 7.0353267705e-05 1.1537387929e-04
3.0944824219e+01 1.8521520056e-04 6.9793729838e-05 1.1542147072e-04
3.1005859375e+01 1.8455927155e-04 6.9173004463e-05 1.1538626709e-04
3.1066894531e+01 1.8379302341e-04 6.8503922669e-05 1.1528910074e-04
3.1127929688e+01 1.8286936641e-04 6.7805130496e-05 1.1506423591e-04
3.1188964844e+01 1.8176943742e-04 6.7113339904e-05 1.1465609751e-04
3.1250000000e+01 1.8054971966e-04 6.6443484705e-05 1.1410623496e-04
3.1311035156e+01 1.7927983002e-04 6.5759583096e-05 1.1352024692e-04
3.1372070312e+01 1.7800361148e-04 6.5026457315e-05 1.1297715416e-04
3.1433105469e+01 1.7670295970e-04 6.4245561988e-05 1.1245739772e-04
3.1494140625e+01 1.7527360052e-04 6.3427039278e-05 1.1184656124e-04
3.1555175781e+01 1.7359228567e-04 6.2572690213e-05 1.1101959546e-04
3.1616210938e+01 1.7161316884e-04 6.1685243025e-05 1.0992792582e-04
3.1677246094e+01 1.6938028569e-04 6.0762659806e-05 1.0861762589e-04
3.1738281250e+01 1.6697710029e-04 5.9792642370e-05 1.0718445792e-04
3.1799316406e+01 1.6448091480e-04 5.8775986269e-05 1.0570492853e-04
3.1860351562e+01 1.6192914258e-04 5.7745330605e-05 1.0418381197e-04
3.1921386719e+01 1.5928837183e-04 5.6729785014e-05 1.0255858682e-04
3.1982421875e+01 1.5648587400e-04 5.5708625614e-05 1.0077724838e-04
3.2043457031e+01 1.5356155827e-04 5.4650672791e-05 9.8910885480e-05
3.2104492188e+01 1.5075194045e-04 5.3590409772e-05 9.7161530681e-05
3.2165527344e+01 1.4828065255e-04 5.2598327376e-05 9.5682325172e-05
3.2226562500e+01 1.4609815690e-04 5.1687532447e-05 9.4410624456e-05
3.2287597656e+01 1.4395849824e-04 5.0809761253e-05 9.3148736987e-05
3.2348632812e+01 1.4169593294e-04 4.9920582869e-05 9.1775350076e-05
3.2409667969e+01 1.3932376116e-04 4.9005707711e-05 9.0318053447e-05
3.2470703125e+01 1.3695237091e-04 4.8079824192e-05 8.8872546714e-05
3.2531738281e+01 1.3471527925e-04 4.7188512614e-05 8.7526766639e-05
3.2592773438e+01 1.3273168766e-04 4.6386499893e-05 8.6345187770e-05
3.2653808594e+01 1.3106038945e-04 4.5701261327e-05 8.5359128127e-05
3.2714843750e+01 1.2966198202e-04 4.5115843270e-05 8.4546138748e-05
3.2775878906e+01 1.2844621890e-04 4.4589741803e-05 8.3856477101e-05
3.2836914062e+01 1.2737883380e-04 4.4103203921e-05 8.3275629875e-05
3.2897949219e+01 1.2650815051e-04 4.3671061762e-05 8.2837088749e-05
3.2958984375e+01 1.2587952432e-04 4.3308881816e-05 8.2570642507e-05
3.3020019531e+01 1.2544854860e-04 4.3001067500e-05 8.2447481100e-05
3.3081054688e+01 1.2510127600e-04 4.2714002816e-05 8.2387273180e-05
3.3142089844e+01 1.2475271060e-04 4.2433090131e-05 8.2319620469e-05
3.3203125000e+01 1.2438653418e-04 4.2168665756e-05 8.2217868419e-05
3.3264160156e+01 1.2400371773e-04 4.1926302162e-05 8.2077415566e-05
3.3325195312e+01 1.2358903507e-04 4.1693123519e-05 8.1895911553e-05
3.3386230469e+01 1.2314583012e-04 4.1455995923e-05 8.1689834201e-05
3.3447265625e+01 1.2273686357e-04 4.1221821795e-05 8.1515041772e-05
3.3508300781e+01 1.2244918012e-04 4.1016174012e-05 8.1433006108e-05
3.3569335938e+01 1.2229165818e-04 4.0853607011e-05 8.1438051168e-05
3.3630371094e+01 1.2215282360e-04 4.0706505897e-05 8.1446317702e-05
3.3691406250e+01 1.2188687419e-04 4.0517762604e-05 8.1369111581e-05
3.3752441406e+01 1.2143264188e-04 4.0253254521e-05 8.1179387361e-05
3.3813476562e+01 1.2082993742e-04 3.9927344331e-05 8.0902593088e-05
3.3874511719e+01 1.2013862399e-04 3.9574641035e-05 8.0563982954e-05
3.3935546875e+01 1.1939355496e-04 3.9221572471e-05 8.0171982493e-05
3.3996582031e+01 1.1861167875e-04 3.8878688687e-05 7.9732990067e-05
3.4057617188e+01 1.1778031217e-04 3.8534172448e-05 7.9246139718e-05
3.4118652344e+01 1.1687762323e-04 3.8168405898e-05 7.8709217327e-05
3.4179687500e+01 1.1593371428e-04 3.7787670214e-05 7.8146044069e-05
3.4240722656e+01 1.1499526235e-04 3.7417272312e-05 7.7577990035e-05
3.4301757812e+01 1.1401671408e-04 3.7053099293e-05 7.6963614791e-05
3.4362792969e+01 1.1288249761e-04 3.6653007138e-05 7.6229490477e-05
3.4423828125e+01 1.1155162420e-04 3.6190667620e-05 7.5360956581e-05
3.4484863281e+01 1.1009283010e-04 3.5688992909e-05 7.4403837192e-05
3.4545898438e+01 1.0856348683e-04 3.5180811604e-05 7.3382675227e-05
3.4606933594e+01 1.0692948142e-04 3.4660452051e-05 7.2269029365e-05
3.4667968750e+01 1.0512254515e-04 3.4097065828e-05 7.1025479325e-05
3.4729003906e+01 1.0313732083e-04 3.3483606831e-05 6.9653713997e-05
3.4790039062e+01 1.0106497480e-04 3.2853762098e-05 6.8211212697e-05
3.4851074219e+01 9.9026870129e-05 3.2246547996e-05 6.6780322134e-05
3.4912109375e+01 9.7060287099e-05 3.1662705002e-05 6.5397582097e-05
3.4973144531e+01 9.5084815680e-05 3.1064855824e-05 6.4019959856e-05
3.5034179688e+01 9.3003942929e-05 3.0420699056e-05 6.2583243873e-05
3.5095214844e+01 9.0823945724e-05 2.9741837603e-05 6.1082108121e-05
3.5156250000e+01 8.8643328280e-05 2.9074677251e-05 5.9568651029e-05
3.5217285156e+01 8.6547719854e-05 2.8455150682e-05 5.8092569172e-05
3.5278320312e+01 8.4559794684e-05 2.7883746776e-05 5.6676047908e-05
3.5339355469e+01 8.2658891322e-05 2.7337760486e-05 5.5321130836e-05
3.5400390625e+01 8.0792581155e-05 2.6788686623e-05 5.4003894531e-05
3.5461425781e+01 7.8904359378e-05 2.6216701646e-05 5.2687657732e-05
3.5522460938e+01 7.6987229252e-05 2.5623668214e-05 5.1363561038e-05
3.5583496094e+01 7.5075034490e-05 2.5025400411e-05 5.0049634080e-05
3.5644531250e+01 7.3182227463e-05 2.4431794932e-05 4.8750432531e-05
3.5705566406e+01 7.1303682432e-05 2.3847442714e-05 4.7456239719e-05
3.5766601562e+01 6.9465545176e-05 2.3286610075e-05 4.6178935100e-05
3.5827636719e+01 6.7726925605e-05 2.2771641845e-05 4.4955283760e-05
3.5888671875e+01 6.6129515615e-05 2.2314348857e-05 4.3815166758e-05
3.5949707031e+01 6.4664138152e-05 2.1903541783e-05 4.2760596369e-05
3.6010742188e+01 6.3286046018e-05 2.1511599338e-05 4.1774446680e-05
3.6071777344e+01 6.1954676975e-05 2.1113047851e-05 4.0841629124e-05
3.6132812500e+01 6.0652123319e-05 2.0699265614e-05 3.9952857705e-05
3.6193847656e+01 5.9379523406e-05 2.0282249941e-05 3.9097273465e-05
3.6254882812e+01 5.8159848802e-05 1.9888287963e-05 3.8271560839e-05
3.6315917969e+01 5.7023157781e-05 1.9538644570e-05 3.7484513211e-05
3.6376953125e+01 5.5960302883e-05 1.9226543037e-05 3.6733759846e-05
3.6437988281e+01 5.4916301847e-05 1.8919823030e-05 3.5996478817e-05
3.6499023438e+01 5.3850035784e-05 1.8593138533e-05 3.5256897250e-05
3.6560058594e+01 5.2773256026e-05 1.8248677567e-05 3.4524578459e-05
3.6621093750e+01 5.1720945642e-05 1.7902464052e-05 3.3818481590e-05
3.6682128906e+01 5.0707671309e-05 1.7564953907e-05 3.3142717402e-05
3.6743164062e+01 4.9719595051e-05 1.7238737182e-05 3.2480857869e-05
3.6804199219e+01 4.8748979659e-05 1.6924875050e-05 3.1824104609e-05
3.6865234375e+01 4.7836542871e-05 1.6631184938e-05 3.1205357933e-05
3.6926269531e+01 4.7051781716e-05 1.6374515759e-05 3.0677265958e-05
3.6987304688e+01 4.6410870564e-05 1.6162782225e-05 3.0248088339e-05
3.7048339844e+01 4.5832006806e-05 1.5973281552e-05 2.9858725254e-05
3.7109375000e+01 4.5202410901e-05 1.5767699939e-05 2.9434710962e-05
3.7170410156e+01 4.4491328593e-05 1.5533849437e-05 2.8957479156e-05
3.7231445312e+01 4.3770047125e-05 1.5295931003e-05 2.8474116122e-05
3.7292480469e+01 4.3124546309e-05 1.5083520957e-05 2.8041025352e-05
3.7353515625e+01 4.2576524591e-05 1.4904407114e-05 2.7672117477e-05
3.7414550781e+01 4.2079301850e-05 1.4743243070e-05 2.7336058780e-05
3.7475585938e+01 4.1565517566e-05 1.4576522092e-05 2.6988995474e-05
3.7536621094e+01 4.1000911100e-05 1.4391581649e-05 2.6609329451e-05
3.7597656250e+01 4.0405991149e-05 1.4195740921e-05 2.6210250229e-05
3.7658691406e+01 3.9837080667e-05 1.4008771861e-05 2.5828308807e-05
3.7719726562e+01 3.9335316976e-05 1.3843389084e-05 2.5491927892e-05
3.7780761719e+01 3.8876619342e-05 1.3688315638e-05 2.5188303704e-05
3.7841796875e+01 3.8399131605e-05 1.3520163296e-05 2.4878968309e-05
3.7902832031e+01 3.7890185145e-05 1.3337287906e-05 2.4552897239e-05
3.7963867188e+01 3.7394603690e-05 1.3163320845e-05 2.4231282845e-05
3.8024902344e+01 3.6942237370e-05 1.3015052844e-05 2.3927184526e-05
3.8085937500e+01 3.6523627068e-05 1.2887188389e-05 2.3636438679e-05
3.8146972656e+01 3.6113397967e-05 1.2762885138e-05 2.3350512829e-05
3.8208007812e+01 3.5680246861e-05 1.2623670264e-05 2.3056576597e-05
3.8269042969e+01 3.5207645357e-05 1.2461070889e-05 2.2746574468e-05
3.8330078125e+01 3.4714832687e-05 1.2286349357e-05 2.2428483330e-05
3.8391113281e+01 3.4231809733e-05 1.2118705930e-05 2.2113103803e-05
3.8452148438e+01 3.3765339580e-05 1.1964817855e-05 2.1800521725e-05
3.8513183594e+01 3.3306162277e-05 1.1816773426e-05 2.1489388851e-05
3.8574218750e+01 3.2858705594e-05 1.1667390644e-05 2.1191314950e-05
3.8635253906e+01 3.2448138258e-05 1.1521623874e-05 2.0926514384e-05
3.8696289062e+01 3.2093472435e-05 1.1390957630e-05 2.0702514806e-05
3.8757324219e+01 3.1790508493e-05 1.1281874102e-05 2.0508634391e-05
3.8818359375e+01 3.1525924055e-05 1.1191968317e-05 2.0333955738e-05
3.8879394531e+01 3.1277044443e-05 1.1109307470e-05 2.0167736973e-05
3.8940429688e+01 3.1008086526e-05 1.1018542310e-05 1.9989544216e-05
3.9001464844e+01 3.0711831059e-05 1.0917743556e-05 1.9794087503e-05
3.9062500000e+01 3.0429706425e-05 1.0820900022e-05 1.9608806403e-05
3.9123535156e+01 3.0194036272e-05 1.0737591345e-05 1.9456444926e-05
3.9184570312e+01 2.9978941955e-05 1.0659863680e-05 1.9319078275e-05
3.9245605469e+01 2.9728425336e-05 1.0572000502e-05 1.9156424833e-05
3.9306640625e+01 2.9419671392e-05 1.0469040794e-05 1.8950630598e-05
3.9367675781e+01 2.9089374412e-05 1.0363362683e-05 1.8726011729e-05
3.9428710938e+01 2.8793024154e-05 1.0270454889e-05 1.8522569265e-05
3.9489746094e+01 2.8543626687e-05 1.0190192945e-05 1.8353433742e-05
3.9550781250e+01 2.8306705858e-05 1.0107519666e-05 1.8199186192e-05
3.9611816406e+01 2.8050963563e-05 1.0010541840e-05 1.8040421723e-05
3.9672851562e+01 2.7782577875e-05 9.9042212734e-06 1.7878356602e-05
3.9733886719e+01 2.7528936730e-05 9.8058486374e-06 1.7723088093e-05
3.9794921875e+01 2.7300094884e-05 9.7259544744e-06 1.7574140410e-05
3.9855957031e+01 2.7071358630e-05 9.6548832800e-06 1.7416475350e-05
3.9916992188e+01 2.6809710852e-05 9.5741847892e-06 1.7235526063e-05
3.9978027344e+01 2.6512221544e-05 9.4786194741e-06 1.7033602070e-05
4.0039062500e+01 2.6203302059e-05 9.3766634491e-06 1.6826638610e-05
4.0100097656e+01 2.5903690829e-05 9.2745571021e-06 1.6629133727e-05
4.0161132812e+01 2.5621251270e-05 9.1732922084e-06 1.6447959061e-05
4.0222167969e+01 2.5356494197e-05 9.0740422233e-06 1.6282451973e-05
4.0283203125e+01 2.5096778983e-05 8.9745426342e-06 1.6122236349e-05
4.0344238281e+01 2.4820914141e-05 8.8685527916e-06 1.5952361349e-05
4.0405273438e+01 2.4519377046e-05 8.7543953231e-06 1.5764981723e-05
4.0466308594e+01 2.4200031355e-05 8.6369146953e-06 1.5563116659e-05
4.0527343750e+01 2.3881918665e-05 8.5226278688e-06 1.5359290796e-05
4.0588378906e+01 2.3591041588e-05 8.4177738181e-06 1.5173267770e-05
4.0649414062e+01 2.3352298089e-05 8.3284667294e-06 1.5023831360e-05
4.0710449219e+01 2.3173017159e-05 8.2574706873e-06 1.4915546472e-05
4.0771484375e+01 2.3027188559e-05 8.1975738979e-06 1.4829614662e-05
4.0832519531e+01 2.2869740239e-05 8.1335779240e-06 1.4736162315e-05
4.0893554688e+01 2.2679179071e-05 8.0569138390e-06 1.4622265232e-05
4.0954589844e+01 2.2469553331e-05 7.9727979446e-06 1.4496755386e-05
4.1015625000e+01 2.2257867859e-05 7.8896222378e-06 1.4368245621e-05
4.1076660156e+01 2.2043674530e-05 7.8084774915e-06 1.4235197038e-05
4.1137695312e+01 2.1824557746e-05 7.7274242955e-06 1.4097133450e-05
4.1198730469e+01 2.1614929362e-05 7.6512673937e-06 1.3963661968e-05
4.1259765625e+01 2.1439585265e-05 7.5898832419e-06 1.3849702023e-05
4.1320800781e+01 2.1310065695e-05 7.5461779036e-06 1.3763887792e-05
4.1381835938e+01 2.1211362361e-05 7.5107589833e-06 1.3700603378e-05
4.1442871094e+01 2.1111024337e-05 7.4694696577e-06 1.3641554679e-05
4.1503906250e+01 2.0981928018e-05 7.4139991858e-06 1.3567928832e-05
4.1564941406e+01 2.0822532476e-05 7.3470425929e-06 1.3475489883e-05
4.1625976562e+01 2.0655669889e-05 7.2790512535e-06 1.3376618635e-05
4.1687011719e+01 2.0505991785e-05 7.2189478808e-06 1.3287043905e-05
4.1748046875e+01 2.0381282255e-05 7.1676140436e-06 1.3213668211e-05
4.1809082031e+01 2.0269410394e-05 7.1192686471e-06 1.3150141747e-05
4.1870117188e+01 2.0145435354e-05 7.0667851525e-06 1.3078650201e-05
4.1931152344e+01 1.9990948780e-05 7.0062797656e-06 1.2984669014e-05
4.1992187500e+01 1.9813329371e-05 6.9390158078e-06 1.2874313563e-05
4.2053222656e+01 1.9636866152e-05 6.8691942630e-06 1.2767671889e-05
4.2114257812e+01 1.9475333040e-05 6.7997602455e-06 1.2675572794e-05
4.2175292969e+01 1.9325801398e-05 6.7317580852e-06 1.2594043313e-05
4.2236328125e+01 1.9185975004e-05 6.6672027732e-06 1.2518772231e-05
4.2297363281e+01 1.9059982655e-05 6.6089202863e-06 1.2451062368e-05
4.2358398438e+01 1.8944559865e-05 6.5567744132e-06 1.2387785452e-05
4.2419433594e+01 1.8824272981e-05 6.5069478902e-06 1.2317325090e-05
4.2480468750e+01 1.8688455386e-05 6.4560397475e-06 1.2232415638e-05
4.2541503906e+01 1.8545544873e-05 6.4042021959e-06 1.2141342677e-05
4.2602539062e+01 1.8412049682e-05 6.3529174143e-06 1.2059132268e-05
4.2663574219e+01 1.8290306744e-05 6.3010421991e-06 1.1989264544e-05
4.2724609375e+01 1.8166934425e-05 6.2460445532e-06 1.1920889871e-05
4.2785644531e+01 1.8032466846e-05 6.1885067456e-06 1.1843960101e-05
4.2846679688e+01 1.7888541145e-05 6.1304851334e-06 1.1758056011e-05
4.2907714844e+01 1.7734923894e-05 6.0696859201e-06 1.1665237974e-05
4.2968750000e+01 1.7566975699e-05 6.0014685806e-06 1.1565507118e-05
4.3029785156e+01 1.7390414676e-05 5.9273996021e-06 1.1463015074e-05
4.3090820312e+01 1.7223558156e-05 5.8564535436e-06 1.1367104612e-05
4.3151855469e+01 1.7076994659e-05 5.7955521282e-06 1.1281442531e-05
4.3212890625e+01 1.6941230320e-05 5.7421593433e-06 1.1199070977e-05
4.3273925781e+01 1.6802776623e-05 5.6889082431e-06 1.1113868380e-05
4.3334960938e+01 1.6661095378e-05 5.6324828095e-06 1.1028612569e-05
4.3395996094e+01 1.6519840674e-05 5.5745017670e-06 1.0945338907e-05
4.3457031250e+01 1.6376215358e-05 5.5176216412e-06 1.0858593717e-05
4.3518066406e+01 1.6227289904e-05 5.4634027947e-06 1.0763887110e-05
4.3579101562e+01 1.6071429188e-05 5.4097716454e-06 1.0661657543e-05
4.3640136719e+01 1.5902356822e-05 5.3507374283e-06 1.0551619394e-05
4.3701171875e+01 1.5714702016e-05 5.2820285946e-06 1.0432673421e-05
4.3762207031e+01 1.5512570745e-05 5.2054323266e-06 1.0307138418e-05
4.3823242188e+01 1.5307655843e-05 5.1269430247e-06 1.0180712818e-05
4.3884277344e+01 1.5114109329e-05 5.0533309914e-06 1.0060778338e-05
4.3945312500e+01 1.4945267308e-05 4.9902263777e-06 9.9550409299e-06
4.4006347656e+01 1.4808516501e-05 4.9402593136e-06 9.8682571871e-06
4.4067382812e+01 1.4698809236e-05 4.9006576366e-06 9.7981515998e-06
4.4128417969e+01 1.4597725165e-05 4.8636437836e-06 9.7340813810e-06
4.4189453125e+01 1.4485301887e-05 4.8224235553e-06 9.6628783319e-06
4.4250488281e+01 1.4356648882e-05 4.7766395326e-06 9.5800093495e-06
4.4311523438e+01 1.4222460373e-05 4.7293517775e-06 9.4931085956e-06
4.4372558594e+01 1.4091838355e-05 4.6805335310e-06 9.4113048238e-06
4.4433593750e+01 1.3961385600e-05 4.6274460647e-06 9.3339395355e-06
4.4494628906e+01 1.3824131924e-05 4.5701643952e-06 9.2539675291e-06
4.4555664062e+01 1.3682864157e-05 4.5131345479e-06 9.1697296086e-06
4.4616699219e+01 1.3548776931e-05 4.4613835097e-06 9.0873934214e-06
4.4677734375e+01 1.3427618567e-05 4.4162126401e-06 9.0114059270e-06
4.4738769531e+01 1.3310969605e-05 4.3738118280e-06 8.9371577773e-06
4.4799804688e+01 1.3182813457e-05 4.3280744874e-06 8.8547389699e-06
4.4860839844e+01 1.3033129580e-05 4.2754226195e-06 8.7577069606e-06
4.4921875000e+01 1.2865550140e-05 4.2170573407e-06 8.6484927988e-06
4.4982910156e+01 1.2693808367e-05 4.1568284258e-06 8.5369799410e-06
4.5043945312e+01 1.2529914243e-05 4.0975458263e-06 8.4323684163e-06
4.5104980469e+01 1.2376262470e-05 4.0399198885e-06 8.3363425817e-06
4.5166015625e+01 1.2229247191e-05 3.9841601013e-06 8.2450870901e-06
4.5227050781e+01 1.2085881987e-05 3.9310228933e-06 8.1548590940e-06
4.5288085938e+01 1.1946044093e-05 3.8813712976e-06 8.0646727957e-06
4.5349121094e+01 1.1811366746e-05 3.8351462260e-06 7.9762205201e-06
4.5410156250e+01 1.1682250534e-05 3.7909794914e-06 7.8912710422e-06
4.5471191406e+01 1.1557149500e-05 3.7475201226e-06 7.8096293773e-06
4.5532226562e+01 1.1436506719e-05 3.7048738498e-06 7.7316328689e-06
4.5593261719e+01 1.1323274883e-05 3.6637494169e-06 7.6595254666e-06
4.5654296875e+01 1.1216739410e-05 3.6238853513e-06 7.5928540589e-06
4.5715332031e+01 1.1110400983e-05 3.5845027653e-06 7.5258982174e-06
4.5776367188e+01 1.0998143422e-05 3.5453455193e-06 7.4527979025e-06
4.5837402344e+01 1.0878473083e-05 3.5057845987e-06 7.3726884838e-06
4.5898437500e+01 1.0751546988e-05 3.4637908326e-06 7.2877561555e-06
4.5959472656e+01 1.0617750609e-05 3.4181496692e-06 7.1996009395e-06
4.6020507812e+01 1.0482128175e-05 3.3716120277e-06 7.1105161474e-06
4.6081542969e+01 1.0355026842e-05 3.3292565444e-06 7.0257702972e-06
4.6142578125e+01 1.0242860244e-05 3.2926697044e-06 6.9501905395e-06
4.6203613281e+01 1.0140051144e-05 3.2576233980e-06 6.8824277464e-06
4.6264648438e+01 1.0036059035e-05 3.2192487598e-06 6.8168102755e-06
4.6325683594e+01 9.9273313244e-06 3.1774516585e-06 6.7498796659e-06
4.6386718750e+01 9.8157390095e-06 3.1350918592e-06 6.6806471503e-06
4.6447753906e+01 9.7021435447e-06 3.0938422996e-06 6.6083012451e-06
4.6508789062e+01 9.5884067593e-06 3.0540793316e-06 6.5343274278e-06
4.6569824219e+01 9.4795144226e-06 3.0164128114e-06 6.4631016112e-06
4.6630859375e+01 9.3789842191e-06 2.9816181215e-06 6.3973660975e-06
4.6691894531e+01 9.2840038093e-06 2.9491652020e-06 6.3348386072e-06
4.6752929688e+01 9.1858196262e-06 2.9162857679e-06 6.2695338583e-06
4.6813964844e+01 9.0755185778e-06 2.8797867547e-06 6.1957318231e-06
4.6875000000e+01 8.9514808435e-06 2.8391452592e-06 6.1123355844e-06
4.6936035156e+01 8.8213131834e-06 2.7969662740e-06 6.0243469094e-06
4.6997070312e+01 8.6956332613e-06 2.7565587608e-06 5.9390745006e-06
4.7058105469e+01 8.5803188052e-06 2.7195485661e-06 5.8607702391e-06
4.7119140625e+01 8.4739385559e-06 2.6852847012e-06 5.7886538546e-06
4.7180175781e+01 8.3711141120e-06 2.6521270209e-06 5.7189870911e-06
4.7241210938e+01 8.2684087367e-06 2.6191888374e-06 5.6492198993e-06
4.7302246094e+01 8.1657439397e-06 2.5862620768e-06 5.5794818629e-06
4.7363281250e+01 8.0615885006e-06 2.5523674463e-06 5.5092210543e-06
4.7424316406e+01 7.9515609940e-06 2.5159188908e-06 5.4356421032e-06
4.7485351562e+01 7.8354529221e-06 2.4772247739e-06 5.3582281482e-06
4.7546386719e+01 7.7218330324e-06 2.4398907404e-06 5.2819422919e-06
4.7607421875e+01 7.6204646310e-06 2.4077747796e-06 5.2126898513e-06
4.7668457031e+01 7.5312897364e-06 2.3804439319e-06 5.1508458045e-06
4.7729492188e+01 7.4443725223e-06 2.3534668414e-06 5.0909056809e-06
4.7790527344e+01 7.3500154084e-06 2.3233966240e-06 5.0266187843e-06
4.7851562500e+01 7.2479916206e-06 2.2912585554e-06 4.9567330652e-06
4.7912597656e+01 7.1487871491e-06 2.2614221856e-06 4.8873649635e-06
4.7973632812e+01 7.0658550027e-06 2.2377301404e-06 4.8281248622e-06
4.8034667969e+01 7.0043278132e-06 2.2203094215e-06 4.7840183917e-06
4.8095703125e+01 6.9568999022e-06 2.2058293892e-06 4.7510705129e-06
4.8156738281e+01 6.9104690288e-06 2.1904140803e-06 4.7200549485e-06
4.8217773438e+01 6.8542354303e-06 2.1715966271e-06 4.6826388032e-06
4.8278808594e+01 6.7826412918e-06 2.1483339525e-06 4.6343073393e-06
4.8339843750e+01 6.6968126389e-06 2.1209694721e-06 4.5758431668e-06
4.8400878906e+01 6.6036555795e-06 2.0910387828e-06 4.5126167967e-06
4.8461914062e+01 6.5093739741e-06 2.0601443081e-06 4.4492296659e-06
4.8522949219e+01 6.4161584322e-06 2.0296092878e-06 4.3865491444e-06
4.8583984375e+01 6.3268133347e-06 2.0011147875e-06 4.3256985473e-06
4.8645019531e+01 6.2467543837e-06 1.9762665317e-06 4.2704878519e-06
4.8706054688e+01 6.1800294668e-06 1.9556481828e-06 4.2243812840e-06
4.8767089844e+01 6.1264987750e-06 1.9387684977e-06 4.1877302773e-06
4.8828125000e+01 6.0807777655e-06 1.9239789582e-06 4.1567988073e-06
4.8889160156e+01 6.0336819628e-06 1.9086440811e-06 4.1250378816e-06
4.8950195312e+01 5.9788735423e-06 1.8908299936e-06 4.0880435487e-06
4.9011230469e+01 5.9173192316e-06 1.8706907942e-06 4.0466284374e-06
4.9072265625e+01 5.8535663823e-06 1.8496709818e-06 4.0038954006e-06
4.9133300781e+01 5.7908186311e-06 1.8291305388e-06 3.9616880923e-06
4.9194335938e+01 5.7306567094e-06 1.8099319583e-06 3.9207247511e-06
4.9255371094e+01 5.6735602696e-06 1.7920513806e-06 3.8815088889e-06
4.9316406250e+01 5.6174699727e-06 1.7740008235e-06 3.8434691492e-06
4.9377441406e+01 5.5586058580e-06 1.7539316611e-06 3.8046741969e-06
4.9438476562e+01 5.4964718569e-06 1.7321454588e-06 3.7643263981e-06
4.9499511719e+01 5.4359732044e-06 1.7113077761e-06 3.7246654284e-06
4.9560546875e+01 5.3819545156e-06 1.6935169118e-06 3.6884376038e-06
4.9621582031e+01 5.3341711007e-06 1.6783331127e-06 3.6558379881e-06
4.9682617188e+01 5.2893452161e-06 1.6639628452e-06 3.6253823709e-06
4.9743652344e+01 5.2445500674e-06 1.6490046584e-06 3.5955454090e-06
4.9804687500e+01 5.1976119595e-06 1.6327559419e-06 3.5648560176e-06
4.9865722656e+01 5.1479300079e-06 1.6152404507e-06 3.5326895572e-06
4.9926757812e+01 5.0981320476e-06 1.5976449300e-06 3.5004871176e-06
4.9987792969e+01 5.0523057134e-06 1.5817142902e-06 3.4705914233e-06
5.0048828125e+01 5.0108610465e-06 1.5678077152e-06 3.4430533313e-06
5.0109863281e+01 4.9695068748e-06 1.5542691895e-06 3.4152376853e-06
5.0170898438e+01 4.9251457888e-06 1.5394591619e-06 3.3856866268e-06
5.0231933594e+01 4.8800446399e-06 1.5237279767e-06 3.3563166631e-06
5.0292968750e+01 4.8380520122e-06 1.5087865931e-06 3.3292654191e-06
5.0354003906e+01 4.7981173937e-06 1.4954029016e-06 3.3027144920e-06
5.0415039062e+01 4.7549063043e-06 1.4824611146e-06 3.2724451897e-06
5.0476074219e+01 4.7074524462e-06 1.4689472426e-06 3.2385052036e-06
5.0537109375e+01 4.6630622419e-06 1.4559437084e-06 3.2071185335e-06
5.0598144531e+01 4.6290172952e-06 1.4453384763e-06 3.1836788189e-06
5.0659179688e+01 4.6034352862e-06 1.4371870961e-06 3.1662481901e-06
5.0720214844e+01 4.5776039473e-06 1.4294083515e-06 3.1481955958e-06
5.0781250000e+01 4.5452979479e-06 1.4197007856e-06 3.1255971623e-06
5.0842285156e+01 4.5066270744e-06 1.4071666174e-06 3.0994604570e-06
5.0903320312e+01 4.4644028908e-06 1.3925314282e-06 3.0718714626e-06
5.0964355469e+01 4.4209195075e-06 1.3774315566e-06 3.0434879510e-06
5.1025390625e+01 4.3787643408e-06 1.3634936615e-06 3.0152706792e-06
5.1086425781e+01 4.3406650452e-06 1.3515017001e-06 2.9891633451e-06
5.1147460938e+01 4.3057963992e-06 1.3408011205e-06 2.9649952786e-06
5.1208496094e+01 4.2697857238e-06 1.3299006424e-06 2.9398850814e-06
5.1269531250e+01 4.2309015571e-06 1.3181916615e-06 2.9127098956e-06
5.1330566406e+01 4.1922919151e-06 1.3064948900e-06 2.8857970251e-06
5.1391601562e+01 4.1568320792e-06 1.2956753858e-06 2.8611566934e-06
5.1452636719e+01 4.1238941984e-06 1.2855046029e-06 2.8383895955e-06
5.1513671875e+01 4.0912238025e-06 1.2750018581e-06 2.8162219444e-06
5.1574707031e+01 4.0562633071e-06 1.2632681416e-06 2.7929951656e-06
5.1635742188e+01 4.0165447102e-06 1.2500913258e-06 2.7664533845e-06
5.1696777344e+01 3.9727143836e-06 1.2363721008e-06 2.7363422828e-06
5.1757812500e+01 3.9305693935e-06 1.2238601025e-06 2.7067092910e-06
5.1818847656e+01 3.8961414134e-06 1.2137238422e-06 2.6824175712e-06
5.1879882812e+01 3.8691698519e-06 1.2054304059e-06 2.6637394460e-06
5.1940917969e+01 3.8446447954e-06 1.1975862659e-06 2.6470585295e-06
5.2001953125e+01 3.8193336914e-06 1.1894713371e-06 2.6298623542e-06
5.2062988281e+01 3.7936485637e-06 1.1812106636e-06 2.6124379001e-06
5.2124023438e+01 3.7683192627e-06 1.1728566074e-06 2.5954626553e-06
5.2185058594e+01 3.7420529287e-06 1.1639112610e-06 2.5781416678e-06
5.2246093750e+01 3.7134273440e-06 1.1539944531e-06 2.5594328910e-06
5.2307128906e+01 3.6837711051e-06 1.1436450547e-06 2.5401260504e-06
5.2368164062e+01 3.6559682087e-06 1.1339027953e-06 2.5220654133e-06
5.2429199219e+01 3.6316026781e-06 1.1255244444e-06 2.5060782337e-06
5.2490234375e+01 3.6110881647e-06 1.1189124876e-06 2.4921756771e-06
5.2551269531e+01 3.5938496932e-06 1.1137828469e-06 2.4800668462e-06
5.2612304688e+01 3.5772478632e-06 1.1087778340e-06 2.4684700291e-06
5.2673339844e+01 3.5582668838e-06 1.1024437546e-06 2.4558231292e-06
5.2734375000e+01 3.5360723540e-06 1.0944194514e-06 2.4416529026e-06
5.2795410156e+01 3.5113194949e-06 1.0852130468e-06 2.4261064481e-06
5.2856445312e+01 3.4847071677e-06 1.0754702509e-06 2.4092369168e-06
5.2917480469e+01 3.4575294092e-06 1.0658238677e-06 2.3917055415e-06
5.2978515625e+01 3.4324745526e-06 1.0570333975e-06 2.3754411550e-06
5.3039550781e+01 3.4126262010e-06 1.0498566099e-06 2.3627695912e-06
5.3100585938e+01 3.3988689172e-06 1.0444989411e-06 2.3543699761e-06
5.3161621094e+01 3.3879704372e-06 1.0401411365e-06 2.3478293007e-06
5.3222656250e+01 3.3747572499e-06 1.0354701173e-06 2.3392871326e-06
5.3283691406e+01 3.3572160348e-06 1.0298102486e-06 2.3274057862e-06
5.3344726562e+01 3.3380417201e-06 1.0232976562e-06 2.3147440640e-06
5.3405761719e+01 3.3212136206e-06 1.0163475400e-06 2.3048660806e-06
5.3466796875e+01 3.3081737839e-06 1.0094969363e-06 2.2986768476e-06
5.3527832031e+01 3.2967250763e-06 1.0031856228e-06 2.2935394535e-06
5.3588867188e+01 3.2834325145e-06 9.9738112984e-07 2.2860513847e-06
5.3649902344e+01 3.2673508032e-06 9.9178826694e-07 2.2755625363e-06
5.3710937500e+01 3.2503983849e-06 9.8627630430e-07 2.2641220806e-06
5.3771972656e+01 3.2338009039e-06 9.8076985638e-07 2.2530310475e-06
5.3833007812e+01 3.2159930729e-06 9.7502405692e-07 2.2409690160e-06
5.3894042969e+01 3.1954572390e-06 9.6897988137e-07 2.2264773576e-06
5.3955078125e+01 3.1741281025e-06 9.6311131464e-07 2.2110167878e-06
5.4016113281e+01 3.1555313881e-06 9.5784515403e-07 2.1976862341e-06
5.4077148438e+01 3.1406377948e-06 9.5295542748e-07 2.1876823673e-06
5.4138183594e+01 3.1280976666e-06 9.4809691811e-07 2.1800007485e-06
5.4199218750e+01 3.1172251023e-06 9.4343757737e-07 2.1737875249e-06
5.4260253906e+01 3.1081897085e-06 9.3925758743e-07 2.1689321211e-06
5.4321289062e+01 3.1000319312e-06 9.3536460154e-07 2.1646673296e-06
5.4382324219e+01 3.0905172246e-06 9.3129491301e-07 2.1592223116e-06
5.4443359375e+01 3.0781536543e-06 9.2685491531e-07 2.1512987390e-06
5.4504394531e+01 3.0633083455e-06 9.2217679218e-07 2.1411315533e-06
5.4565429688e+01 3.0474002206e-06 9.1738175184e-07 2.1300184688e-06
5.4626464844e+01 3.0319652090e-06 9.1248712892e-07 2.1194780801e-06
5.4687500000e+01 3.0179561352e-06 9.0751974153e-07 2.1104363937e-06
5.4748535156e+01 3.0049878918e-06 9.0242711161e-07 2.1025607802e-06
5.4809570312e+01 2.9917727403e-06 8.9705753604e-07 2.0947152043e-06
5.4870605469e+01 2.9776580709e-06 8.9151356676e-07 2.0861445041e-06
5.4931640625e+01 2.9633497867e-06 8.8627334243e-07 2.0770764443e-06
5.4992675781e+01 2.9503446694e-06 8.8174761282e-07 2.0685970566e-06
5.5053710938e+01 2.9401264432e-06 8.7804972663e-07 2.0620767165e-06
5.5114746094e+01 2.9330349802e-06 8.7507499097e-07 2.0579599892e-06
5.5175781250e+01 2.9273052255e-06 8.7234042825e-07 2.0549647972e-06
5.5236816406e+01 2.9204292272e-06 8.6915642331e-07 2.0512728039e-06
5.5297851562e+01 2.9112268768e-06 8.6521367232e-07 2.0460132045e-06
5.5358886719e+01 2.8997437611e-06 8.6066763878e-07 2.0390761223e-06
5.5419921875e+01 2.8867896311e-06 8.5593822051e-07 2.0308514106e-06
5.5480957031e+01 2.8740081350e-06 8.5154055685e-07 2.0224675782e-06
5.5541992188e+01 2.8625872443e-06 8.4758348683e-07 2.0150037574e-06
5.5603027344e+01 2.8519737577e-06 8.4357622818e-07 2.0083975295e-06
5.5664062500e+01 2.8405608488e-06 8.3901165465e-07 2.0015491941e-06
5.5725097656e+01 2.8269404304e-06 8.3378468014e-07 1.9931557502e-06
5.5786132812e+01 2.8108823267e-06 8.2812319851e-07 1.9827591282e-06
5.5847167969e+01 2.7940482009e-06 8.2254536347e-07 1.9715028375e-06
5.5908203125e+01 2.7789758735e-06 8.1766287788e-07 1.9613129956e-06
5.5969238281e+01 2.7669013523e-06 8.1368128141e-07 1.9532200708e-06
5.6030273438e+01 2.7569623923e-06 8.1015596217e-07 1.9468064302e-06
5.6091308594e+01 2.7470078556e-06 8.0632906057e-07 1.9406787950e-06
5.6152343750e+01 2.7350635421e-06 8.0174086427e-07 1.9333226779e-06
5.6213378906e+01 2.7206203071e-06 7.9651456923e-07 1.9241057379e-06
5.6274414062e+01 2.7047426777e-06 7.9117582338e-07 1.9135668543e-06
5.6335449219e+01 2.6895496305e-06 7.8651636832e-07 1.9030332622e-06
5.6396484375e+01 2.6777498418e-06 7.8343024423e-07 1.8943195976e-06
5.6457519531e+01 2.6709599411e-06 7.8218019682e-07 1.8887797443e-06
5.6518554688e+01 2.6674026559e-06 7.8178471318e-07 1.8856179427e-06
5.6579589844e+01 2.6625265189e-06 7.8058838907e-07 1.8819381299e-06
5.6640625000e+01 2.6527512086e-06 7.7747059502e-07 1.8752806136e-06
5.6701660156e+01 2.6385045878e-06 7.7263913548e-07 1.8658654523e-06
5.6762695312e+01 2.6237268435e-06 7.6752746548e-07 1.8561993780e-06
5.6823730469e+01 2.6118257425e-06 7.6350610108e-07 1.8483196415e-06
5.6884765625e+01 2.6019885015e-06 7.6044327342e-07 1.8415452281e-06
5.6945800781e+01 2.5906897158e-06 7.5701435145e-07 1.8336753644e-06
5.7006835938e+01 2.5762948587e-06 7.5235360283e-07 1.8239412559e-06
5.7067871094e+01 2.5601412225e-06 7.4674765137e-07 1.8133935712e-06
5.7128906250e+01 2.5437947782e-06 7.4090617577e-07 1.8028886024e-06
5.7189941406e+01 2.5273755160e-06 7.3523866582e-07 1.7921368502e-06
5.7250976562e+01 2.5103696153e-06 7.2979999168e-07 1.7805696237e-06
5.7312011719e+01 2.4929910494e-06 7.2458292327e-07 1.7684081262e-06
5.7373046875e+01 2.4761722634e-06 7.1962214806e-07 1.7565501153e-06
5.7434082031e+01 2.4599435084e-06 7.1468105752e-07 1.7452624508e-06
5.7495117188e+01 2.4428436734e-06 7.0925032756e-07 1.7335933459e-06
5.7556152344e+01 2.4238891968e-06 7.0319388905e-07 1.7206953077e-06
5.7617187500e+01 2.4040590504e-06 6.9696863924e-07 1.7070904112e-06
5.7678222656e+01 2.3849989016e-06 6.9104978420e-07 1.6939491174e-06
5.7739257812e+01 2.3672856977e-06 6.8555828504e-07 1.6817274127e-06
5.7800292969e+01 2.3504565001e-06 6.8040275292e-07 1.6700537472e-06
5.7861328125e+01 2.3338611700e-06 6.7545795336e-07 1.6584032166e-06
5.7922363281e+01 2.3169361053e-06 6.7056844295e-07 1.6463676624e-06
5.7983398438e+01 2.2993442824e-06 6.6552827724e-07 1.6338160052e-06
5.8044433594e+01 2.2816387292e-06 6.6033012200e-07 1.6213086072e-06
5.8105468750e+01 2.2650035670e-06 6.5530921974e-07 1.6096943472e-06
5.8166503906e+01 2.2498402886e-06 6.5068987086e-07 1.5991504178e-06
5.8227539062e+01 2.2354735831e-06 6.4623981576e-07 1.5892337673e-06
5.8288574219e+01 2.2208206693e-06 6.4155851117e-07 1.5792621581e-06
5.8349609375e+01 2.2046197199e-06 6.3638468487e-07 1.5682350351e-06
5.8410644531e+01 2.1866090557e-06 6.3078779048e-07 1.5558212652e-06
5.8471679688e+01 2.1691603846e-06 6.2543205335e-07 1.5437283313e-06
5.8532714844e+01 2.1556704371e-06 6.2126175983e-07 1.5344086773e-06
5.8593750000e+01 2.1465220120e-06 6.1846823131e-07 1.5280537806e-06
5.8654785156e+01 2.1378447253e-06 6.1601023295e-07 1.5218344923e-06
5.8715820312e+01 2.1247829333e-06 6.1247984975e-07 1.5123030835e-06
5.8776855469e+01 2.1058382324e-06 6.0737455832e-07 1.4984636741e-06
5.8837890625e+01 2.0837405151e-06 6.0133460739e-07 1.4824059077e-06
5.8898925781e+01 2.0620593460e-06 5.9524514083e-07 1.4668142052e-06
5.8959960938e+01 2.0424622248e-06 5.8960287991e-07 1.4528593449e-06
5.9020996094e+01 2.0254149036e-06 5.8466371416e-07 1.4407511894e-06
5.9082031250e+01 2.0108115689e-06 5.8042807244e-07 1.4303834964e-06
5.9143066406e+01 1.9974214699e-06 5.7651832869e-07 1.4209031412e-06
5.9204101562e+01 1.9839433951e-06 5.7265115092e-07 1.4112922442e-06
5.9265136719e+01 1.9705904346e-06 5.6899706657e-07 1.4015933681e-06
5.9326171875e+01 1.9582899685e-06 5.6574625655e-07 1.3925437119e-06
5.9387207031e+01 1.9467797256e-06 5.6266554674e-07 1.3841141789e-06
5.9448242188e+01 1.9342901014e-06 5.5922094766e-07 1.3750691538e-06
5.9509277344e+01 1.9190584470e-06 5.5491717627e-07 1.3641412707e-06
5.9570312500e+01 1.9010924661e-06 5.4963070059e-07 1.3514617655e-06
5.9631347656e+01 1.8823718218e-06 5.4382898549e-07 1.3385428363e-06
5.9692382812e+01 1.8651663426e-06 5.3833454467e-07 1.3268317980e-06
5.9753417969e+01 1.8503182764e-06 5.3369040871e-07 1.3166278677e-06
5.9814453125e+01 1.8370285526e-06 5.2973743329e-07 1.3072911193e-06
5.9875488281e+01 1.8237698706e-06 5.2585849838e-07 1.2979113722e-06
5.9936523438e+01 1.8097649846e-06 5.2170436036e-07 1.2880606242e-06
5.9997558594e+01 1.7959550482e-06 5.1754039224e-07 1.2784146560e-06
6.0058593750e+01 1.7836824367e-06 5.1368781885e-07 1.2699946179e-06
6.0119628906e+01 1.7723348476e-06 5.0987890698e-07 1.2624559406e-06
6.0180664062e+01 1.7594811837e-06 5.0550388972e-07 1.2539772940e-06
6.0241699219e+01 1.7434657032e-06 5.0033310438e-07 1.2431325989e-06
6.0302734375e+01 1.7250368200e-06 4.9471514410e-07 1.2303216759e-06
6.0363769531e+01 1.7066759233e-06 4.8924989182e-07 1.2174260315e-06
6.0424804688e+01 1.6908373632e-06 4.8446166033e-07 1.2063757028e-06
6.0485839844e+01 1.6780946319e-06 4.8047968948e-07 1.1976149425e-06
6.0546875000e+01 1.6666850526e-06 4.7692286907e-07 1.1897621835e-06
6.0607910156e+01 1.6543000558e-06 4.7331815341e-07 1.1809819024e-06
6.0668945312e+01 1.6399475966e-06 4.6948832579e-07 1.1704592708e-06
6.0729980469e+01 1.6241203830e-06 4.6547753604e-07 1.1586428470e-06
6.0791015625e+01 1.6081029822e-06 4.6144162263e-07 1.1466613595e-06
6.0852050781e+01 1.5932010432e-06 4.5762486043e-07 1.1355761827e-06
6.0913085938e+01 1.5800657332e-06 4.5418112098e-07 1.1258846122e-06
6.0974121094e+01 1.5686665363e-06 4.5103990483e-07 1.1176266315e-06
6.1035156250e+01 1.5586473640e-06 4.4801414800e-07 1.1106332160e-06
6.1096191406e+01 1.5491835601e-06 4.4489417064e-07 1.1042893895e-06
6.1157226562e+01 1.5391465999e-06 4.4152058877e-07 1.0976260112e-06
6.1218261719e+01 1.5280556729e-06 4.3796521121e-07 1.0900904617e-06
6.1279296875e+01 1.5160810052e-06 4.3446476399e-07 1.0816162412e-06
6.1340332031e+01 1.5032832157e-06 4.3112193308e-07 1.0721612826e-06
6.1401367188e+01 1.4899986770e-06 4.2787550184e-07 1.0621231752e-06
6.1462402344e+01 1.4773127660e-06 4.2463250341e-07 1.0526802626e-06
6.1523437500e+01 1.4661475780e-06 4.2132087251e-07 1.0448267055e-06
6.1584472656e+01 1.4564801338e-06 4.1798980507e-07 1.0384903287e-06
6.1645507812e+01 1.4477181068e-06 4.1478566282e-07 1.0329324440e-06
6.1706542969e+01 1.4391389285e-06 4.1171057765e-07 1.0274283508e-06
6.1767578125e+01 1.4300217504e-06 4.0859728293e-07 1.0214244675e-06
6.1828613281e+01 1.4201110652e-06 4.0539993296e-07 1.0147111322e-06
6.1889648438e+01 1.4099541936e-06 4.0230683120e-07 1.0076473624e-06
6.1950683594e+01 1.4001693145e-06 3.9947115990e-07 1.0006981546e-06
6.2011718750e+01 1.3905950837e-06 3.9681700433e-07 9.9377807940e-07
6.2072753906e+01 1.3808426223e-06 3.9425185116e-07 9.8659077119e-07
6.2133789062e+01 1.3712519041e-06 3.9188310181e-07 9.7936880226e-07
6.2194824219e+01 1.3624282862e-06 3.8978572085e-07 9.7264256531e-07
6.2255859375e+01 1.3540631909e-06 3.8767427790e-07 9.6638891302e-07
6.2316894531e+01 1.3451832299e-06 3.8514821161e-07 9.6003501833e-07
6.2377929688e+01 1.3355929339e-06 3.8222346071e-07 9.5336947319e-07
6.2438964844e+01 1.3261326066e-06 3.7928347095e-07 9.4684913562e-07
6.2500000000e+01 1.3175509678e-06 3.7658982193e-07 9.4096114586e-07
6.2561035156e+01 1.3097370099e-06 3.7409213387e-07 9.3564487605e-07
6.2622070312e+01 1.3017900420e-06 3.7157174758e-07 9.3021829445e-07
6.2683105469e+01 1.2926084531e-06 3.6879983646e-07 9.2380861666e-07
6.2744140625e+01 1.2817786303e-06 3.6569487441e-07 9.1608375593e-07
6.2805175781e+01 1.2701227852e-06 3.6248026704e-07 9.0764251814e-07
6.2866210938e+01 1.2591576242e-06 3.5956877322e-07 8.9958885100e-07
6.2927246094e+01 1.2496417621e-06 3.5709654556e-07 8.9254521654e-07
6.2988281250e+01 1.2408537725e-06 3.5469909516e-07 8.8615467736e-07
6.3049316406e+01 1.2316814490e-06 3.5194174254e-07 8.7973970642e-07
6.3110351562e+01 1.2219555187e-06 3.4881065360e-07 8.7314486509e-07
6.3171386719e+01 1.2121601566e-06 3.4559723411e-07 8.6656292248e-07
6.3232421875e+01 1.2022495013e-06 3.4241139319e-07 8.5983810807e-07
6.3293457031e+01 1.1916221047e-06 3.3907504444e-07 8.5254706022e-07
6.3354492188e+01 1.1803687860e-06 3.3556982953e-07 8.4479895644e-07
6.3415527344e+01 1.1696865892e-06 3.3228029333e-07 8.3740629587e-07
6.3476562500e+01 1.1605235059e-06 3.2954904251e-07 8.3097446338e-07
6.3537597656e+01 1.1523090395e-06 3.2721548667e-07 8.2509355283e-07
6.3598632812e+01 1.1436916822e-06 3.2487477797e-07 8.1881690422e-07
6.3659667969e+01 1.1343567287e-06 3.2242436582e-07 8.1193236289e-07
6.3720703125e+01 1.1253580569e-06 3.2006811949e-07 8.0528993744e-07
6.3781738281e+01 1.1174714132e-06 3.1790077661e-07 7.9957063656e-07
6.3842773438e+01 1.1099289829e-06 3.1574726166e-07 7.9418172120e-07
6.3903808594e+01 1.1013390575e-06 3.1338742802e-07 7.8795162947e-07
6.3964843750e+01 1.0914044123e-06 3.1079140100e-07 7.8061301125e-07
6.4025878906e+01 1.0810534973e-06 3.0809705687e-07 7.7295644044e-07
6.4086914062e+01 1.0712355237e-06 3.0543578687e-07 7.6579973680e-07
6.4147949219e+01 1.0623680526e-06 3.0288060251e-07 7.5948745014e-07
6.4208984375e+01 1.0546077978e-06 3.0049943894e-07 7.5410835881e-07
6.4270019531e+01 1.0477648295e-06 2.9830292707e-07 7.4946190245e-07
6.4331054688e+01 1.0410877917e-06 2.9616714888e-07 7.4492064277e-07
6.4392089844e+01 1.0338456468e-06 2.9396465906e-07 7.3988098776e-07
6.4453125000e+01 1.0260532297e-06 2.9174655406e-07 7.3430667565e-07
6.4514160156e+01 1.0181582375e-06 2.8961738544e-07 7.2854085208e-07
6.4575195312e+01 1.0104055456e-06 2.8751942629e-07 7.2288611930e-07
6.4636230469e+01 1.0031025585e-06 2.8540865538e-07 7.1769390308e-07
6.4697265625e+01 9.9696245428e-07 2.8351958380e-07 7.1344287048e-07
6.4758300781e+01 9.9235893599e-07 2.8209797409e-07 7.1026096191e-07
6.4819335938e+01 9.8853179132e-07 2.8094388142e-07 7.0758790989e-07
6.4880371094e+01 9.8427711255e-07 2.7957417418e-07 7.0470293837e-07
6.4941406250e+01 9.7920474365e-07 2.7779353665e-07 7.0141120700e-07
6.5002441406e+01 9.7363148626e-07 2.7579118284e-07 6.9784030342e-07
6.5063476562e+01 9.6768898443e-07 2.7376805467e-07 6.9392092975e-07
6.5124511719e+01 9.6134905034e-07 2.7178216817e-07 6.8956688218e-07
6.5185546875e+01 9.5502441175e-07 2.6992067787e-07 6.8510373388e-07
6.5246582031e+01 9.4950044462e-07 2.6836751199e-07 6.8113293263e-07
6.5307617188e+01 9.4510071776e-07 2.6717691542e-07 6.7792380234e-07
6.5368652344e+01 9.4120174629e-07 2.6610788468e-07 6.7509386161e-07
6.5429687500e+01 9.3690270147e-07 2.6484268442e-07 6.7206001705e-07
6.5490722656e+01 9.3188163299e-07 2.6327344211e-07 6.6860819088e-07
6.5551757812e+01 9.2641006372e-07 2.6151169144e-07 6.6489837229e-07
6.5612792969e+01 9.2095715290e-07 2.5975850597e-07 6.6119864692e-07
6.5673828125e+01 9.1576203585e-07 2.5815883943e-07 6.5760319642e-07
6.5734863281e+01 9.1052872456e-07 2.5667692531e-07 6.5385179925e-07
6.5795898438e+01 9.0478105658e-07 2.5514045433e-07 6.4964060225e-07
6.5856933594e+01 8.9848264137e-07 2.5339472446e-07 6.4508791691e-07
6.5917968750e+01 8.9193312982e-07 2.5137831460e-07 6.4055481523e-07
6.5979003906e+01 8.8529874239e-07 2.4916221594e-07 6.3613652644e-07
6.6040039062e+01 8.7853939446e-07 2.4693518904e-07 6.3160420542e-07
6.6101074219e+01 8.7147435077e-07 2.4480853671e-07 6.2666581406e-07
6.6162109375e+01 8.6392172765e-07 2.4269135287e-07 6.2123037478e-07
6.6223144531e+01 8.5611524717e-07 2.4048709291e-07 6.1562815426e-07
6.6284179688e+01 8.4875683915e-07 2.3829082614e-07 6.1046601301e-07
6.6345214844e+01 8.4248745554e-07 2.3631359895e-07 6.0617385659e-07
6.6406250000e+01 8.3745380913e-07 2.3468461069e-07 6.0276919844e-07
6.6467285156e+01 8.3317359346e-07 2.3329600744e-07 5.9987758602e-07
6.6528320312e+01 8.2875260667e-07 2.3184707645e-07 5.9690553023e-07
6.6589355469e+01 8.2352390328e-07 2.3012573165e-07 5.9339817162e-07
6.6650390625e+01 8.1736468460e-07 2.2816478845e-07 5.8919989615e-07
6.6711425781e+01 8.1028760731e-07 2.2604729000e-07 5.8424031731e-07
6.6772460938e+01 8.0234966856e-07 2.2376969045e-07 5.7857997811e-07
6.6833496094e+01 7.9414203477e-07 2.2140794412e-07 5.7273409065e-07
6.6894531250e+01 7.8657631188e-07 2.1918702144e-07 5.6738929044e-07
6.6955566406e+01 7.8009491371e-07 2.1730047936e-07 5.6279443435e-07
6.7016601562e+01 7.7460335551e-07 2.1577736678e-07 5.5882598873e-07
6.7077636719e+01 7.6981594277e-07 2.1448085010e-07 5.5533509267e-07
6.7138671875e+01 7.6521166592e-07 2.1317056289e-07 5.5204110303e-07
6.7199707031e+01 7.6013724025e-07 2.1164856352e-07 5.4848867673e-07
6.7260742188e+01 7.5434045762e-07 2.0988977573e-07 5.4445068189e-07
6.7321777344e+01 7.4809018156e-07 2.0800548086e-07 5.4008470069e-07
6.7382812500e+01 7.4177711252e-07 2.0613086277e-07 5.3564624975e-07
6.7443847656e+01 7.3573032151e-07 2.0439459341e-07 5.3133572810e-07
6.7504882812e+01 7.3018524509e-07 2.0288989984e-07 5.2729534525e-07
6.7565917969e+01 7.2510534823e-07 2.0158240531e-07 5.2352294291e-07
6.7626953125e+01 7.2024814746e-07 2.0032797803e-07 5.1992016944e-07
6.7687988281e+01 7.1540731224e-07 1.9900042909e-07 5.1640688315e-07
6.7749023438e+01 7.1029041515e-07 1.9750415786e-07 5.1278625729e-07
6.7810058594e+01 7.0448935857e-07 1.9575388160e-07 5.0873547696e-07
6.7871093750e+01 6.9803709371e-07 1.9380997720e-07 5.0422711651e-07
6.7932128906e+01 6.9160576370e-07 1.9192450241e-07 4.9968126128e-07
6.7993164062e+01 6.8575900034e-07 1.9029013272e-07 4.9546886761e-07
6.8054199219e+01 6.8035545981e-07 1.8882369841e-07 4.9153176140e-07
6.8115234375e+01 6.7481727391e-07 1.8727435837e-07 4.8754291554e-07
6.8176269531e+01 6.6869622823e-07 1.8548031471e-07 4.8321591352e-07
6.8237304688e+01 6.6210538014e-07 1.8352136431e-07 4.7858401582e-07
6.8298339844e+01 6.5582143488e-07 1.8167847170e-07 4.7414296319e-07
6.8359375000e+01 6.5069437476e-07 1.8020194013e-07 4.7049243464e-07
6.8420410156e+01 6.4678437916e-07 1.7907815153e-07 4.6770622763e-07
6.8481445312e+01 6.4337850340e-07 1.7808514915e-07 4.6529335425e-07
6.8542480469e+01 6.3991618297e-07 1.7707562745e-07 4.6284055552e-07
6.8603515625e+01 6.3655325354e-07 1.7610863991e-07 4.6044461363e-07
6.8664550781e+01 6.3374311426e-07 1.7530328303e-07 4.5843983123e-07
6.8725585938e+01 6.3143598701e-07 1.7462189985e-07 4.5681408716e-07
6.8786621094e+01 6.2875731037e-07 1.7379632684e-07 4.5496098353e-07
6.8847656250e+01 6.2468761355e-07 1.7253294534e-07 4.5215466821e-07
6.8908691406e+01 6.1918033094e-07 1.7084080576e-07 4.4833952519e-07
6.8969726562e+01 6.1331792741e-07 1.6904459401e-07 4.4427333340e-07
6.9030761719e+01 6.0832185923e-07 1.6747222522e-07 4.4084963401e-07
6.9091796875e+01 6.0464529011e-07 1.6625718595e-07 4.3838810416e-07
6.9152832031e+01 6.0179443035e-07 1.6534618011e-07 4.3644825024e-07
6.9213867188e+01 5.9865954710e-07 1.6451047162e-07 4.3414907548e-07
6.9274902344e+01 5.9433049976e-07 1.6345794663e-07 4.3087255313e-07
6.9335937500e+01 5.8895475259e-07 1.6210361450e-07 4.2685113809e-07
6.9396972656e+01 5.8349574566e-07 1.6062934028e-07 4.2286640538e-07
6.9458007812e+01 5.7861246155e-07 1.5922344332e-07 4.1938901823e-07
6.9519042969e+01 5.7424771201e-07 1.5791262370e-07 4.1633508831e-07
6.9580078125e+01 5.7013280369e-07 1.5664788721e-07 4.1348491648e-07
6.9641113281e+01 5.6609071728e-07 1.5539240431e-07 4.1069831296e-07
6.9702148438e+01 5.6203518524e-07 1.5413981318e-07 4.0789537206e-07
6.9763183594e+01 5.5820172382e-07 1.5298021718e-07 4.0522150664e-07
6.9824218750e+01 5.5509785416e-07 1.5208815661e-07 4.0300969755e-07
6.9885253906e+01 5.5273824576e-07 1.5149670856e-07 4.0124153720e-07
6.9946289062e+01 5.5026370764e-07 1.5094878523e-07 3.9931492241e-07
7.0007324219e+01 5.4675242464e-07 1.5011811735e-07 3.9663430728e-07
7.0068359375e+01 5.4210218120e-07 1.4892008355e-07 3.9318209765e-07
7.0129394531e+01 5.3688638873e-07 1.4750983758e-07 3.8937655115e-07
7.0190429688e+01 5.3172187055e-07 1.4607275918e-07 3.8564911137e-07
7.0251464844e+01 5.2694346514e-07 1.4471550069e-07 3.8222796445e-07
7.0312500000e+01 5.2262765620e-07 1.4348531008e-07 3.7914234612e-07
7.0373535156e+01 5.1874491306e-07 1.4238771621e-07 3.7635719685e-07
7.0434570312e+01 5.1528329392e-07 1.4139779595e-07 3.7388549797e-07
7.0495605469e+01 5.1217579703e-07 1.4048699724e-07 3.7168879979e-07
7.0556640625e+01 5.0910902845e-07 1.3960903014e-07 3.6949999831e-07
7.0617675781e+01 5.0563683985e-07 1.3867870666e-07 3.6695813319e-07
7.0678710938e+01 5.0154499896e-07 1.3760868666e-07 3.6393631230e-07
7.0739746094e+01 4.9696367996e-07 1.3637381164e-07 3.6058986832e-07
7.0800781250e+01 4.9221053276e-07 1.3505639366e-07 3.5715413910e-07
7.0861816406e+01 4.8758363474e-07 1.3380350434e-07 3.5378013040e-07
7.0922851562e+01 4.8321558337e-07 1.3270716545e-07 3.5050841792e-07
7.0983886719e+01 4.7916744887e-07 1.3176716136e-07 3.4740028751e-07
7.1044921875e+01 4.7559926968e-07 1.3095557217e-07 3.4464369751e-07
7.1105957031e+01 4.7263109918e-07 1.3023583674e-07 3.4239526245e-07
7.1166992188e+01 4.7004999685e-07 1.2952925354e-07 3.4052074331e-07
7.1228027344e+01 4.6734979169e-07 1.2873666473e-07 3.3861312696e-07
7.1289062500e+01 4.6412816064e-07 1.2780893490e-07 3.3631922574e-07
7.1350097656e+01 4.6040244978e-07 1.2677606163e-07 3.3362638815e-07
7.1411132812e+01 4.5657485891e-07 1.2572652192e-07 3.3084833700e-07
7.1472167969e+01 4.5306862540e-07 1.2475147100e-07 3.2831715440e-07
7.1533203125e+01 4.4989438823e-07 1.2385242259e-07 3.2604196565e-07
7.1594238281e+01 4.4665307960e-07 1.2292092013e-07 3.2373215946e-07
7.1655273438e+01 4.4302865653e-07 1.2186371077e-07 3.2116494576e-07
7.1716308594e+01 4.3914272640e-07 1.2072621705e-07 3.1841650936e-07
7.1777343750e+01 4.3540154098e-07 1.1965488967e-07 3.1574665131e-07
7.1838378906e+01 4.3211256927e-07 1.1875054108e-07 3.1336202819e-07
7.1899414062e+01 4.2925068967e-07 1.1797596955e-07 3.1127472012e-07
7.1960449219e+01 4.2652972138e-07 1.1720425990e-07 3.0932546148e-07
7.2021484375e+01 4.2366679413e-07 1.1634644377e-07 3.0732035035e-07
7.2082519531e+01 4.2055561720e-07 1.1541583909e-07 3.0513977811e-07
7.2143554688e+01 4.1721458436e-07 1.1447059087e-07 3.0274399349e-07
7.2204589844e+01 4.1364507186e-07 1.1351843637e-07 3.0012663549e-07
7.2265625000e+01 4.0986712358e-07 1.1251352435e-07 2.9735359923e-07
7.2326660156e+01 4.0610959529e-07 1.1145123843e-07 2.9465835685e-07
7.2387695312e+01 4.0272851852e-07 1.1040641943e-07 2.9232209909e-07
7.2448730469e+01 3.9986286565e-07 1.0946479617e-07 2.9039806948e-07
7.2509765625e+01 3.9737037954e-07 1.0866841971e-07 2.8870195983e-07
7.2570800781e+01 3.9505138775e-07 1.0800582057e-07 2.8704556717e-07
7.2631835938e+01 3.9268509464e-07 1.0739427062e-07 2.8529082401e-07
7.2692871094e+01 3.8995399899e-07 1.0670350270e-07 2.8325049629e-07
7.2753906250e+01 3.8669491064e-07 1.0587297291e-07 2.8082193773e-07
7.2814941406e+01 3.8321258137e-07 1.0498963212e-07 2.7822294925e-07
7.2875976562e+01 3.8004862226e-07 1.0419153058e-07 2.7585709168e-07
7.2937011719e+01 3.7745763574e-07 1.0352522212e-07 2.7393241362e-07
7.2998046875e+01 3.7524523238e-07 1.0292587669e-07 2.7231935568e-07
7.3059082031e+01 3.7299965883e-07 1.0228208661e-07 2.7071757222e-07
7.3120117188e+01 3.7039163255e-07 1.0149912640e-07 2.6889250615e-07
7.3181152344e+01 3.6736871917e-07 1.0055567397e-07 2.6681304520e-07
7.3242187500e+01 3.6417728000e-07 9.9541729327e-08 2.6463555067e-07
7.3303222656e+01 3.6115439673e-07 9.8607002074e-08 2.6254739465e-07
7.3364257812e+01 3.5841168952e-07 9.7820452161e-08 2.6059123736e-07
7.3425292969e+01 3.5575526149e-07 9.7101509717e-08 2.5865375177e-07
7.3486328125e+01 3.5296681911e-07 9.6333386783e-08 2.5663343233e-07
7.3547363281e+01 3.5009530004e-07 9.5513144436e-08 2.5458215560e-07
7.3608398438e+01 3.4739328318e-07 9.4743743366e-08 2.5264953982e-07
7.3669433594e+01 3.4498762539e-07 9.4101784752e-08 2.5088584064e-07
7.3730468750e+01 3.4271621270e-07 9.3555386748e-08 2.4916082596e-07
7.3791503906e+01 3.4034683377e-07 9.3010377963e-08 2.4733645580e-07
7.3852539062e+01 3.3780110443e-07 9.2389710977e-08 2.4541139345e-07
7.3913574219e+01 3.3506031856e-07 9.1646158609e-08 2.4341415995e-07
7.3974609375e+01 3.3209903374e-07 9.0768296158e-08 2.4133073758e-07
7.4035644531e+01 3.2906760133e-07 8.9830597629e-08 2.3923700370e-07
7.4096679688e+01 3.2631368075e-07 8.8978041754e-08 2.3733563899e-07
7.4157714844e+01 3.2403960050e-07 8.8296707530e-08 2.3574289297e-07
7.4218750000e+01 3.2205327327e-07 8.7733961302e-08 2.3431931197e-07
7.4279785156e+01 3.2002799265e-07 8.7193467648e-08 2.3283452500e-07
7.4340820312e+01 3.1789808973e-07 8.6660065341e-08 2.3123802439e-07
7.4401855469e+01 3.1580651700e-07 8.6172157480e-08 2.2963435952e-07
7.4462890625e+01 3.1380796480e-07 8.5723080322e-08 2.2808488448e-07
7.4523925781e+01 3.1179049326e-07 8.5246289305e-08 2.2654420395e-07
7.4584960938e+01 3.0958363407e-07 8.4667625974e-08 2.2491600810e-07
7.4645996094e+01 3.0706024705e-07 8.3947094609e-08 2.2311315244e-07
7.4707031250e+01 3.0415959682e-07 8.3084901704e-08 2.2107469512e-07
7.4768066406e+01 3.0091921428e-07 8.2120122311e-08 2.1879909197e-07
7.4829101562e+01 2.9758063844e-07 8.1144493385e-08 2.1643614506e-07
7.4890136719e+01 2.9449484785e-07 8.0272945029e-08 2.1422190282e-07
7.4951171875e+01 2.9179153134e-07 7.9557685132e-08 2.1223384620e-07
7.5012207031e+01 2.8931146277e-07 7.8957515669e-08 2.1035394710e-07
7.5073242188e+01 2.8687231250e-07 7.8398875775e-08 2.0847343672e-07
7.5134277344e+01 2.8439525946e-07 7.7826282997e-08 2.0656897646e-07
7.5195312500e+01 2.8182357767e-07 7.7197946712e-08 2.0462563096e-07
7.5256347656e+01 2.7917655541e-07 7.6505297664e-08 2.0267125775e-07
7.5317382812e+01 2.7667156645e-07 7.5814812810e-08 2.0085675364e-07
7.5378417969e+01 2.7454205628e-07 7.5212852120e-08 1.9932920416e-07
7.5439453125e+01 2.7276275569e-07 7.4699510394e-08 1.9806324530e-07
7.5500488281e+01 2.7111941850e-07 7.4198756511e-08 1.9692066199e-07
7.5561523438e+01 2.6943136428e-07 7.3654515043e-08 1.9577684923e-07
7.5622558594e+01 2.6760894787e-07 7.3073846956e-08 1.9453510091e-07
7.5683593750e+01 2.6563763799e-07 7.2499397493e-08 1.9313824050e-07
7.5744628906e+01 2.6357714923e-07 7.1964243645e-08 1.9161290559e-07
7.5805664062e+01 2.6150007511e-07 7.1459264757e-08 1.9004081036e-07
7.5866699219e+01 2.5945384816e-07 7.0946287049e-08 1.8850756112e-07
7.5927734375e+01 2.5751219657e-07 7.0419189589e-08 1.8709300699e-07
7.5988769531e+01 2.5569571327e-07 6.9910266426e-08 1.8578544685e-07
7.6049804688e+01 2.5380081153e-07 6.9404627145e-08 1.8439618439e-07
7.6110839844e+01 2.5154935482e-07 6.8816413961e-08 1.8273294086e-07
7.6171875000e+01 2.4895408107e-07 6.8096330741e-08 1.8085775033e-07
7.6232910156e+01 2.4632029936e-07 6.7306690803e-08 1.7901360856e-07
7.6293945312e+01 2.4389861972e-07 6.6553332425e-08 1.7734528729e-07
7.6354980469e+01 2.4173042775e-07 6.5884601336e-08 1.7584582641e-07
7.6416015625e+01 2.3977053778e-07 6.5283672850e-08 1.7448686493e-07
7.6477050781e+01 2.3796449346e-07 6.4723209355e-08 1.7324128411e-07
7.6538085938e+01 2.3625763043e-07 6.4199840842e-08 1.7205778959e-07
7.6599121094e+01 2.3463876844e-07 6.3728886913e-08 1.7090988152e-07
7.6660156250e+01 2.3311087403e-07 6.3312738142e-08 1.6979813588e-07
7.6721191406e+01 2.3161510325e-07 6.2917936645e-08 1.6869716660e-07
7.6782226562e+01 2.3004986558e-07 6.2492747427e-08 1.6755711816e-07
7.6843261719e+01 2.2835213297e-07 6.2010071449e-08 1.6634206152e-07
7.6904296875e+01 2.2656371181e-07 6.1494565750e-08 1.6506914606e-07
7.6965332031e+01 2.2482448710e-07 6.1006115194e-08 1.6381837191e-07
7.7026367188e+01 2.2325626965e-07 6.0590293323e-08 1.6266597633e-07
7.7087402344e+01 2.2183188047e-07 6.0235099706e-08 1.6159678076e-07
7.7148437500e+01 2.2041449788e-07 5.9887346386e-08 1.6052715149e-07
7.7209472656e+01 2.1896348871e-07 5.9532356853e-08 1.5943113186e-07
7.7270507812e+01 2.1758233634e-07 5.9218123773e-08 1.5836421256e-07
7.7331542969e+01 2.1630958483e-07 5.8965092108e-08 1.5734449272e-07
7.7392578125e+01 2.1501047408e-07 5.8701238416e-08 1.5630923566e-07
7.7453613281e+01 2.1350346164e-07 5.8322154660e-08 1.5518130698e-07
7.7514648438e+01 2.1170850787e-07 5.7793339302e-08 1.5391516857e-07
7.7575683594e+01 2.0971708449e-07 5.7179681428e-08 1.5253740306e-07
7.7636718750e+01 2.0774960074e-07 5.6581724847e-08 1.5116787589e-07
7.7697753906e+01 2.0598004910e-07 5.6054536820e-08 1.4992551228e-07
7.7758789062e+01 2.0441577437e-07 5.5591435865e-08 1.4882433851e-07
7.7819824219e+01 2.0296145889e-07 5.5165588291e-08 1.4779587060e-07
7.7880859375e+01 2.0153123060e-07 5.4764670140e-08 1.4676656046e-07
7.7941894531e+01 2.0010417787e-07 5.4387260697e-08 1.4571691717e-07
7.8002929688e+01 1.9871544885e-07 5.4022344166e-08 1.4469310468e-07
7.8063964844e+01 1.9740057987e-07 5.3650302473e-08 1.4375027740e-07
7.8125000000e+01 1.9617275633e-07 5.3269755824e-08 1.4290300051e-07
7.8186035156e+01 1.9502575041e-07 5.2903756054e-08 1.4212199436e-07
7.8247070312e+01 1.9388470824e-07 5.2560924598e-08 1.4132378364e-07
7.8308105469e+01 1.9259514370e-07 5.2206314227e-08 1.4038882947e-07
7.8369140625e+01 1.9104547406e-07 5.1785970590e-08 1.3925950347e-07
7.8430175781e+01 1.8929093826e-07 5.1273668543e-08 1.3801726972e-07
7.8491210938e+01 1.8754050087e-07 5.0707979439e-08 1.3683252143e-07
7.8552246094e+01 1.8603125733e-07 5.0195294602e-08 1.3583596273e-07
7.8613281250e+01 1.8487000815e-07 4.9835109414e-08 1.3503489873e-07
7.8674316406e+01 1.8395459481e-07 4.9620442123e-08 1.3433415269e-07
7.8735351562e+01 1.8307581392e-07 4.9450288249e-08 1.3362552567e-07
7.8796386719e+01 1.8209320184e-07 4.9235106910e-08 1.3285809493e-07
7.8857421875e+01 1.8096748441e-07 4.8945644507e-08 1.3202183990e-07
7.8918457031e+01 1.7967706509e-07 4.8583183717e-08 1.3109388138e-07
7.8979492188e+01 1.7822074826e-07 4.8158462701e-08 1.3006228556e-07
7.9040527344e+01 1.7669091017e-07 4.7704415645e-08 1.2898649453e-07
7.9101562500e+01 1.7523201472e-07 4.7276453916e-08 1.2795556081e-07
7.9162597656e+01 1.7391074948e-07 4.6912032024e-08 1.2699871746e-07
7.9223632812e+01 1.7269564710e-07 4.6597548473e-08 1.2609809863e-07
7.9284667969e+01 1.7155054923e-07 4.6297374089e-08 1.2525317514e-07
7.9345703125e+01 1.7048716700e-07 4.6006381225e-08 1.2448078578e-07
7.9406738281e+01 1.6954013680e-07 4.5753440966e-08 1.2378669583e-07
7.9467773438e+01 1.6871494606e-07 4.5554992056e-08 1.2315995400e-07
7.9528808594e+01 1.6795058157e-07 4.5382163734e-08 1.2256841784e-07
7.9589843750e+01 1.6712056333e-07 4.5177360659e-08 1.2194320267e-07
7.9650878906e+01 1.6604873589e-07 4.4882957767e-08 1.2116577812e-07
7.9711914062e+01 1.6457764289e-07 4.4463678462e-08 1.2011396443e-07
7.9772949219e+01 1.6273673048e-07 4.3945318083e-08 1.1879141240e-07
7.9833984375e+01 1.6081412345e-07 4.3422445684e-08 1.1739167776e-07
7.9895019531e+01 1.5913783957e-07 4.2982462431e-08 1.1615537714e-07
7.9956054688e+01 1.5778551684e-07 4.2627002166e-08 1.1515851468e-07
8.0017089844e+01 1.5656543108e-07 4.2292127101e-08 1.1427330397e-07
8.0078125000e+01 1.5525139500e-07 4.1931217829e-08 1.1332017717e-07
8.0139160156e+01 1.5378140315e-07 4.1551237004e-08 1.1223016614e-07
8.0200195312e+01 1.5224648075e-07 4.1176815630e-08 1.1106966512e-07
8.0261230469e+01 1.5076786872e-07 4.0815850415e-08 1.0995201831e-07
8.0322265625e+01 1.4942007188e-07 4.0466567441e-08 1.0895350444e-07
8.0383300781e+01 1.4821687013e-07 4.0130987144e-08 1.0808588298e-07
8.0444335938e+01 1.4711558847e-07 3.9809711973e-08 1.0730587650e-07
8.0505371094e+01 1.4603165388e-07 3.9490883362e-08 1.0654077052e-07
8.0566406250e+01 1.4488305958e-07 3.9154186700e-08 1.0572887288e-07
8.0627441406e+01 1.4363754039e-07 3.8787219927e-08 1.0485032046e-07
8.0688476562e+01 1.4232487097e-07 3.8396556443e-08 1.0392831453e-07
8.0749511719e+01 1.4105607727e-07 3.8015998172e-08 1.0304007910e-07
8.0810546875e+01 1.3999488635e-07 3.7696667280e-08 1.0229821907e-07
8.0871582031e+01 1.3921811736e-07 3.7465124622e-08 1.0175299274e-07
8.0932617188e+01 1.3865193624e-07 3.7302388661e-08 1.0134954758e-07
8.0993652344e+01 1.3815627999e-07 3.7166220091e-08 1.0099005990e-07
8.1054687500e+01 1.3760596948e-07 3.7017126784e-08 1.0058884270e-07
8.1115722656e+01 1.3696261467e-07 3.6840952251e-08 1.0012166242e-07
8.1176757812e+01 1.3629772364e-07 3.6653252340e-08 9.9644471302e-08
8.1237792969e+01 1.3565218363e-07 3.6461278796e-08 9.9190904836e-08
8.1298828125e+01 1.3493146254e-07 3.6242356476e-08 9.8689106061e-08
8.1359863281e+01 1.3403800785e-07 3.5982767610e-08 9.8055240238e-08
8.1420898438e+01 1.3300609241e-07 3.5703531215e-08 9.7302561194e-08
8.1481933594e+01 1.3194391779e-07 3.5432966712e-08 9.6510951080e-08
8.1542968750e+01 1.3094064095e-07 3.5184444792e-08 9.5756196162e-08
8.1604003906e+01 1.3003879948e-07 3.4957315926e-08 9.5081483558e-08
8.1665039062e+01 1.2922181128e-07 3.4738138318e-08 9.4483672962e-08
8.1726074219e+01 1.2842983726e-07 3.4511144390e-08 9.3918692873e-08
8.1787109375e+01 1.2760698489e-07 3.4270447564e-08 9.3336537328e-08
8.1848144531e+01 1.2672608440e-07 3.4014030618e-08 9.2712053779e-08
8.1909179688e+01 1.2579552721e-07 3.3743262728e-08 9.2052264487e-08
8.1970214844e+01 1.2484045996e-07 3.3469656542e-08 9.1370803415e-08
8.2031250000e+01 1.2384222273e-07 3.3198665465e-08 9.0643557269e-08
8.2092285156e+01 1.2275920307e-07 3.2923336430e-08 8.9835866639e-08
8.2153320312e+01 1.2165009173e-07 3.2653347619e-08 8.8996744110e-08
8.2214355469e+01 1.2065532942e-07 3.2414277659e-08 8.8241051759e-08
8.2275390625e+01 1.1980826213e-07 3.2203330617e-08 8.7604931515e-08
8.2336425781e+01 1.1899799343e-07 3.1988318575e-08 8.7009674852e-08
8.2397460938e+01 1.1813904604e-07 3.1755573250e-08 8.6383472787e-08
8.2458496094e+01 1.1724234165e-07 3.1519240130e-08 8.5723101517e-08
8.2519531250e+01 1.1633577514e-07 3.1291336956e-08 8.5044438184e-08
8.2580566406e+01 1.1544899003e-07 3.1076887625e-08 8.4372102403e-08
8.2641601562e+01 1.1464648561e-07 3.0885315959e-08 8.3761169648e-08
8.2702636719e+01 1.1396148076e-07 3.0720121917e-08 8.3241358846e-08
8.2763671875e+01 1.1331951590e-07 3.0565327054e-08 8.2754188850e-08
8.2824707031e+01 1.1261466217e-07 3.0398538265e-08 8.2216123908e-08
8.2885742188e+01 1.1184458642e-07 3.0214398811e-08 8.1630187606e-08
8.2946777344e+01 1.1109422462e-07 3.0024000066e-08 8.1070224557e-08
8.3007812500e+01 1.1040216554e-07 2.9833605505e-08 8.0568560039e-08
8.3068847656e+01 1.0971939981e-07 2.9637457628e-08 8.0081942185e-08
8.3129882812e+01 1.0898601814e-07 2.9430465288e-08 7.9555552853e-08
8.3190917969e+01 1.0819096802e-07 2.9214629927e-08 7.8976338092e-08
8.3251953125e+01 1.0738073326e-07 2.8996237047e-08 7.8384496214e-08
8.3312988281e+01 1.0664001806e-07 2.8787469797e-08 7.7852548266e-08
8.3374023438e+01 1.0601029510e-07 2.8598123346e-08 7.7412171759e-08
8.3435058594e+01 1.0541631300e-07 2.8417131183e-08 7.6999181816e-08
8.3496093750e+01 1.0473377276e-07 2.8220231358e-08 7.6513541404e-08
8.3557128906e+01 1.0390787333e-07 2.7996521470e-08 7.5911351859e-08
8.3618164062e+01 1.0297326381e-07 2.7755169127e-08 7.5218094680e-08
8.3679199219e+01 1.0200825382e-07 2.7515435742e-08 7.4492818080e-08
8.3740234375e+01 1.0108842545e-07 2.7293752108e-08 7.3794673343e-08
8.3801269531e+01 1.0025496237e-07 2.7089152793e-08 7.3165809576e-08
8.3862304688e+01 9.9499462334e-08 2.6880799814e-08 7.2618662520e-08
8.3923339844e+01 9.8766988504e-08 2.6646582712e-08 7.2120405793e-08
8.3984375000e+01 9.8004274024e-08 2.6387881703e-08 7.1616392322e-08
8.4045410156e+01 9.7218856620e-08 2.6130366593e-08 7.1088490026e-08
8.4106445312e+01 9.6466896056e-08 2.5894991368e-08 7.0571904688e-08
8.4167480469e+01 9.5801557599e-08 2.5683566335e-08 7.0117991264e-08
8.4228515625e+01 9.5249026485e-08 2.5497798114e-08 6.9751228371e-08
8.4289550781e+01 9.4798654698e-08 2.5347459942e-08 6.9451194756e-08
8.4350585938e+01 9.4400027121e-08 2.5230847239e-08 6.9169179882e-08
8.4411621094e+01 9.3986738664e-08 2.5125229509e-08 6.8861509154e-08
8.4472656250e+01 9.3517461035e-08 2.5005272683e-08 6.8512188352e-08
8.4533691406e+01 9.3005373998e-08 2.4866370724e-08 6.8139003274e-08
8.4594726562e+01 9.2494284000e-08 2.4724212485e-08 6.7770071515e-08
8.4655761719e+01 9.1980761828e-08 2.4587333811e-08 6.7393428018e-08
8.4716796875e+01 9.1399592839e-08 2.4440367824e-08 6.6959225015e-08
8.4777832031e+01 9.0733556737e-08 2.4268569189e-08 6.6464987548e-08
8.4838867188e+01 9.0080365927e-08 2.4087573965e-08 6.5992791961e-08
8.4899902344e+01 8.9538831183e-08 2.3927878236e-08 6.5610952948e-08
8.4960937500e+01 8.9087420378e-08 2.3799645294e-08 6.5287775084e-08
8.5021972656e+01 8.8639498352e-08 2.3689110300e-08 6.4950388053e-08
8.5083007812e+01 8.8148406036e-08 2.3575451094e-08 6.4572954942e-08
8.5144042969e+01 8.7610094809e-08 2.3441260202e-08 6.4168834608e-08
8.5205078125e+01 8.7018575957e-08 2.3278800882e-08 6.3739775075e-08
8.5266113281e+01 8.6362102021e-08 2.3093788714e-08 6.3268313308e-08
8.5327148438e+01 8.5666369467e-08 2.2905497079e-08 6.2760872388e-08
8.5388183594e+01 8.5021570276e-08 2.2739128573e-08 6.2282441702e-08
8.5449218750e+01 8.4511769517e-08 2.2602724428e-08 6.1909045089e-08
8.5510253906e+01 8.4117045662e-08 2.2476526319e-08 6.1640519343e-08
8.5571289062e+01 8.3746278945e-08 2.2341424667e-08 6.1404854277e-08
8.5632324219e+01 8.3353680252e-08 2.2204640309e-08 6.1149039943e-08
8.5693359375e+01 8.2966463047e-08 2.2083211234e-08 6.0883251813e-08
8.5754394531e+01 8.2615754908e-08 2.1976645588e-08 6.0639109320e-08
8.5815429688e+01 8.2289689298e-08 2.1867418730e-08 6.0422270568e-08
8.5876464844e+01 8.1948626658e-08 2.1741184856e-08 6.0207441802e-08
8.5937500000e+01 8.1567071269e-08 2.1602146239e-08 5.9964925031e-08
8.5998535156e+01 8.1167680120e-08 2.1471269149e-08 5.9696410971e-08
8.6059570312e+01 8.0804234850e-08 2.1367194967e-08 5.9437039883e-08
8.6120605469e+01 8.0497272863e-08 2.1287405393e-08 5.9209867470e-08
8.6181640625e+01 8.0201847933e-08 2.1210855803e-08 5.8990992129e-08
8.6242675781e+01 7.9845482642e-08 2.1116110011e-08 5.8729372631e-08
8.6303710938e+01 7.9387704575e-08 2.0993919773e-08 5.8393784802e-08
8.6364746094e+01 7.8850573746e-08 2.0850474878e-08 5.8000098869e-08
8.6425781250e+01 7.8306026673e-08 2.0705610716e-08 5.7600415957e-08
8.6486816406e+01 7.7825551629e-08 2.0581903884e-08 5.7243647745e-08
8.6547851562e+01 7.7417553056e-08 2.0486481488e-08 5.6931071568e-08
8.6608886719e+01 7.7002102178e-08 2.0401377841e-08 5.6600724338e-08
8.6669921875e+01 7.6471446655e-08 2.0297025165e-08 5.6174421490e-08
8.6730957031e+01 7.5798523392e-08 2.0158252045e-08 5.5640271347e-08
8.6791992188e+01 7.5068131181e-08 1.9995032532e-08 5.5073098649e-08
8.6853027344e+01 7.4397486476e-08 1.9832839347e-08 5.4564647128e-08
8.6914062500e+01 7.3851768338e-08 1.9695604554e-08 5.4156163784e-08
8.6975097656e+01 7.3421336165e-08 1.9588424940e-08 5.3832911224e-08
8.7036132812e+01 7.3036611160e-08 1.9490935043e-08 5.3545676116e-08
8.7097167969e+01 7.2612199025e-08 1.9373396158e-08 5.3238802867e-08
8.7158203125e+01 7.2114802871e-08 1.9224489394e-08 5.2890313478e-08
8.7219238281e+01 7.1587237275e-08 1.9060972619e-08 5.2526264656e-08
8.7280273438e+01 7.1094182005e-08 1.8908860619e-08 5.2185321386e-08
8.7341308594e+01 7.0653520882e-08 1.8777607744e-08 5.1875913138e-08
8.7402343750e+01 7.0220256637e-08 1.8653362007e-08 5.1566894630e-08
8.7463378906e+01 6.9722644112e-08 1.8515481050e-08 5.1207163061e-08
8.7524414062e+01 6.9114411748e-08 1.8357144163e-08 5.0757267585e-08
8.7585449219e+01 6.8414776104e-08 1.8191003849e-08 5.0223772255e-08
8.7646484375e+01 6.7714408032e-08 1.8039710935e-08 4.9674697097e-08
8.7707519531e+01 6.7123170137e-08 1.7921319365e-08 4.9201850772e-08
8.7768554688e+01 6.6680055395e-08 1.7836173594e-08 4.8843881800e-08
8.7829589844e+01 6.6314894006e-08 1.7762579061e-08 4.8552314945e-08
8.7890625000e+01 6.5914768687e-08 1.7669249571e-08 4.8245519116e-08
8.7951660156e+01 6.5437252312e-08 1.7542567138e-08 4.7894685174e-08
8.8012695312e+01 6.4947854124e-08 1.7403491307e-08 4.7544362817e-08
8.8073730469e+01 6.4528749618e-08 1.7287027869e-08 4.7241721749e-08
8.8134765625e+01 6.4177418693e-08 1.7204869832e-08 4.6972548861e-08
8.8195800781e+01 6.3824220433e-08 1.7137826691e-08 4.6686393742e-08
8.8256835938e+01 6.3415193846e-08 1.7059627785e-08 4.6355566062e-08
8.8317871094e+01 6.2948258145e-08 1.6957560203e-08 4.5990697942e-08
8.8378906250e+01 6.2467066397e-08 1.6839216883e-08 4.5627849514e-08
8.8439941406e+01 6.2043417491e-08 1.6729019556e-08 4.5314397935e-08
8.8500976562e+01 6.1730596591e-08 1.6648136266e-08 4.5082460325e-08
8.8562011719e+01 6.1514488387e-08 1.6591472849e-08 4.4923015538e-08
8.8623046875e+01 6.1327485368e-08 1.6532561733e-08 4.4794923635e-08
8.8684082031e+01 6.1109462882e-08 1.6451012591e-08 4.4658450291e-08
8.8745117188e+01 6.0842089886e-08 1.6346633917e-08 4.4495455969e-08
8.8806152344e+01 6.0539787483e-08 1.6231993104e-08 4.4307794379e-08
8.8867187500e+01 6.0224314658e-08 1.6121691239e-08 4.4102623419e-08
8.8928222656e+01 5.9909857210e-08 1.6026491380e-08 4.3883365830e-08
8.8989257812e+01 5.9609854626e-08 1.5949868799e-08 4.3659985827e-08
8.9050292969e+01 5.9335373427e-08 1.5885895063e-08 4.3449478364e-08
8.9111328125e+01 5.9075403167e-08 1.5821688984e-08 4.3253714182e-08
8.9172363281e+01 5.8811781840e-08 1.5749478287e-08 4.3062303553e-08
8.9233398438e+01 5.8558523790e-08 1.5676513519e-08 4.2882010272e-08
8.9294433594e+01 5.8340329449e-08 1.5612062437e-08 4.2728267011e-08
8.9355468750e+01 5.8137025465e-08 1.5548497122e-08 4.2588528343e-08
8.9416503906e+01 5.7897023456e-08 1.5470411772e-08 4.2426611684e-08
8.9477539062e+01 5.7603150397e-08 1.5378950145e-08 4.2224200252e-08
8.9538574219e+01 5.7299094062e-08 1.5294720735e-08 4.2004373327e-08
8.9599609375e+01 5.7046228853e-08 1.5235888828e-08 4.1810340025e-08
8.9660644531e+01 5.6853965530e-08 1.5198696450e-08 4.1655269079e-08
8.9721679688e+01 5.6662613071e-08 1.5161807182e-08 4.1500805889e-08
8.9782714844e+01 5.6405274248e-08 1.5106525327e-08 4.1298748921e-08
8.9843750000e+01 5.6076007224e-08 1.5030393006e-08 4.1045614218e-08
8.9904785156e+01 5.5722397201e-08 1.4942716055e-08 4.0779681146e-08
8.9965820312e+01 5.5376953933e-08 1.4848864088e-08 4.0528089845e-08
9.0026855469e+01 5.5024859518e-08 1.4743855988e-08 4.0281003530e-08
9.0087890625e+01 5.4638953474e-08 1.4622081604e-08 4.0016871869e-08
9.0148925781e+01 5.4210088982e-08 1.4486270138e-08 3.9723818844e-08
9.0209960938e+01 5.3738836104e-08 1.4344326266e-08 3.9394509838e-08
9.0270996094e+01 5.3223748463e-08 1.4200131831e-08 3.9023616632e-08
9.0332031250e+01 5.2667819698e-08 1.4049936934e-08 3.8617882764e-08
9.0393066406e+01 5.2088537301e-08 1.3889736405e-08 3.8198800896e-08
9.0454101562e+01 5.1517986199e-08 1.3726011034e-08 3.7791975164e-08
9.0515136719e+01 5.0984344042e-08 1.3573340256e-08 3.7411003787e-08
9.0576171875e+01 5.0477927829e-08 1.3436950474e-08 3.7040977355e-08
9.0637207031e+01 4.9955282557e-08 1.3306347059e-08 3.6648935499e-08
9.0698242188e+01 4.9401893425e-08 1.3172939884e-08 3.6228953541e-08
9.0759277344e+01 4.8857634429e-08 1.3042058482e-08 3.5815575947e-08
9.0820312500e+01 4.8351610295e-08 1.2918914243e-08 3.5432696052e-08
9.0881347656e+01 4.7854609378e-08 1.2795095181e-08 3.5059514197e-08
9.0942382812e+01 4.7327583892e-08 1.2659382595e-08 3.4668201297e-08
9.1003417969e+01 4.6777633681e-08 1.2513628942e-08 3.4264004738e-08
9.1064453125e+01 4.6242711330e-08 1.2371790115e-08 3.3870921215e-08
9.1125488281e+01 4.5753357532e-08 1.2248566274e-08 3.3504791258e-08
9.1186523438e+01 4.5313700823e-08 1.2147291571e-08 3.3166409253e-08
9.1247558594e+01 4.4889153874e-08 1.2053110756e-08 3.2836043118e-08
9.1308593750e+01 4.4423165854e-08 1.1943015032e-08 3.2480150822e-08
9.1369628906e+01 4.3894864878e-08 1.1807756961e-08 3.2087107917e-08
9.1430664062e+01 4.3350552251e-08 1.1661242907e-08 3.1689309344e-08
9.1491699219e+01 4.2865302781e-08 1.1527750751e-08 3.1337552030e-08
9.1552734375e+01 4.2479534731e-08 1.1421294301e-08 3.1058240430e-08
9.1613769531e+01 4.2172450171e-08 1.1336554812e-08 3.0835895358e-08
9.1674804688e+01 4.1890775289e-08 1.1259220878e-08 3.0631554411e-08
9.1735839844e+01 4.1600187693e-08 1.1182986878e-08 3.0417200815e-08
9.1796875000e+01 4.1308934592e-08 1.1112983367e-08 3.0195951225e-08
9.1857910156e+01 4.1043392669e-08 1.1053985155e-08 2.9989407514e-08
9.1918945312e+01 4.0804691005e-08 1.1000708525e-08 2.9803982480e-08
9.1979980469e+01 4.0560172373e-08 1.0941691673e-08 2.9618480700e-08
9.2041015625e+01 4.0281283380e-08 1.0869936069e-08 2.9411347310e-08
9.2102050781e+01 3.9975775141e-08 1.0787614991e-08 2.9188160151e-08
9.2163085938e+01 3.9674837696e-08 1.0702030899e-08 2.8972806797e-08
9.2224121094e+01 3.9405977007e-08 1.0621625230e-08 2.8784351777e-08
9.2285156250e+01 3.9182800538e-08 1.0554864285e-08 2.8627936253e-08
9.2346191406e+01 3.8996034814e-08 1.0504975219e-08 2.8491059594e-08
9.2407226562e+01 3.8818620759e-08 1.0466081655e-08 2.8352539104e-08
9.2468261719e+01 3.8639746238e-08 1.0429916057e-08 2.8209830180e-08
9.2529296875e+01 3.8471794513e-08 1.0392044793e-08 2.8079749720e-08
9.2590332031e+01 3.8315464929e-08 1.0348891368e-08 2.7966573560e-08
9.2651367188e+01 3.8152477547e-08 1.0297300441e-08 2.7855177106e-08
9.2712402344e+01 3.7971253988e-08 1.0239245451e-08 2.7732008537e-08
9.2773437500e+01 3.7767652409e-08 1.0178332735e-08 2.7589319674e-08
9.2834472656e+01 3.7536577286e-08 1.0113062032e-08 2.7423515254e-08
9.2895507812e+01 3.7294280771e-08 1.0042339206e-08 2.7251941565e-08
9.2956542969e+01 3.7083326988e-08 9.9728992063e-09 2.7110427782e-08
9.3017578125e+01 3.6925387236e-08 9.9127406975e-09 2.7012646539e-08
9.3078613281e+01 3.6788658680e-08 9.8607996176e-09 2.6927859062e-08
9.3139648438e+01 3.6620714962e-08 9.8081361841e-09 2.6812578778e-08
9.3200683594e+01 3.6402045803e-08 9.7478409927e-09 2.6654204810e-08
9.3261718750e+01 3.6158969716e-08 9.6821736065e-09 2.6476796110e-08
9.3322753906e+01 3.5930841069e-08 9.6190777035e-09 2.6311763366e-08
9.3383789062e+01 3.5735044123e-08 9.5620972994e-09 2.6172946824e-08
9.3444824219e+01 3.5565893069e-08 9.5075214371e-09 2.6058371632e-08
9.3505859375e+01 3.5412664592e-08 9.4516307800e-09 2.5961033813e-08
9.3566894531e+01 3.5267027621e-08 9.3959168930e-09 2.5871110728e-08
9.3627929688e+01 3.5118813530e-08 9.3437684854e-09 2.5775045045e-08
9.3688964844e+01 3.4955175527e-08 9.2952420652e-09 2.5659933462e-08
9.3750000000e+01 3.4771054766e-08 9.2471689094e-09 2.5523885857e-08
9.3811035156e+01 3.4577839005e-08 9.1971443597e-09 2.5380694645e-08
9.3872070312e+01 3.4389853537e-08 9.1451858480e-09 2.5244667689e-08
9.3933105469e+01 3.4201877364e-08 9.0919013661e-09 2.5109975998e-08
9.3994140625e+01 3.3990499895e-08 9.0365955931e-09 2.4953904301e-08
9.4055175781e+01 3.3735687495e-08 8.9757395328e-09 2.4759947962e-08
9.4116210938e+01 3.3436310220e-08 8.9036036140e-09 2.4532706606e-08
9.4177246094e+01 3.3114466384e-08 8.8189391387e-09 2.4295527245e-08
9.4238281250e+01 3.2799462511e-08 8.7288933386e-09 2.4070569173e-08
9.4299316406e+01 3.2494407684e-08 8.6413019960e-09 2.3853105688e-08
9.4360351562e+01 3.2179235209e-08 8.5583378116e-09 2.3620897398e-08
9.4421386719e+01 3.1851130305e-08 8.4795880059e-09 2.3371542299e-08
9.4482421875e+01 3.1530546324e-08 8.4040084172e-09 2.3126537907e-08
9.4543457031e+01 3.1235121217e-08 8.3310702323e-09 2.2904050985e-08
9.4604492188e+01 3.0977828520e-08 8.2661909360e-09 2.2711637584e-08
9.4665527344e+01 3.0774287615e-08 8.2188275567e-09 2.2555460058e-08
9.4726562500e+01 3.0624699481e-08 8.1897914458e-09 2.2434908035e-08
9.4787597656e+01 3.0500643389e-08 8.1667136727e-09 2.2333929716e-08
9.4848632812e+01 3.0366188857e-08 8.1357331985e-09 2.2230455658e-08
9.4909667969e+01 3.0210276353e-08 8.0946951099e-09 2.2115581243e-08
9.4970703125e+01 3.0059203037e-08 8.0550607906e-09 2.2004142247e-08
9.5031738281e+01 2.9952451981e-08 8.0309091052e-09 2.1921542876e-08
9.5092773438e+01 2.9894413931e-08 8.0232009543e-09 2.1871212977e-08
9.5153808594e+01 2.9838725048e-08 8.0169976768e-09 2.1821727371e-08
9.5214843750e+01 2.9732144847e-08 7.9966758600e-09 2.1735468987e-08
9.5275878906e+01 2.9563854747e-08 7.9596234979e-09 2.1604231249e-08
9.5336914062e+01 2.9369544132e-08 7.9149012426e-09 2.1454642890e-08
9.5397949219e+01 2.9201119398e-08 7.8747787955e-09 2.1326340602e-08
9.5458984375e+01 2.9092060652e-08 7.8472775715e-09 2.1244783080e-08
9.5520019531e+01 2.9034521467e-08 7.8306988003e-09 2.1203822666e-08
9.5581054688e+01 2.8979908822e-08 7.8131132588e-09 2.1166795563e-08
9.5642089844e+01 2.8873133298e-08 7.7800458136e-09 2.1093087485e-08
9.5703125000e+01 2.8696811445e-08 7.7254139563e-09 2.0971397489e-08
9.5764160156e+01 2.8476862403e-08 7.6551890961e-09 2.0821673307e-08
9.5825195312e+01 2.8246925706e-08 7.5804982299e-09 2.0666427476e-08
9.5886230469e+01 2.8020126115e-08 7.5085019143e-09 2.0511624200e-08
9.5947265625e+01 2.7797308890e-08 7.4409249174e-09 2.0356383973e-08
9.6008300781e+01 2.7590019521e-08 7.3795010704e-09 2.0210518451e-08
9.6069335938e+01 2.7421570007e-08 7.3287401474e-09 2.0092829860e-08
9.6130371094e+01 2.7304561115e-08 7.2923703884e-09 2.0012190726e-08
9.6191406250e+01 2.7225251533e-08 7.2691072429e-09 1.9956144290e-08
9.6252441406e+01 2.7151636362e-08 7.2523414049e-09 1.9899294957e-08
9.6313476562e+01 2.7055537038e-08 7.2333842464e-09 1.9822152792e-08
9.6374511719e+01 2.6929538202e-08 7.2057347422e-09 1.9723803460e-08
9.6435546875e+01 2.6786213753e-08 7.1685451764e-09 1.9617668577e-08
9.6496582031e+01 2.6643284436e-08 7.1272321860e-09 1.9516052250e-08
9.6557617188e+01 2.6506526461e-08 7.0882902601e-09 1.9418236201e-08
9.6618652344e+01 2.6365612524e-08 7.0526251198e-09 1.9312987404e-08
9.6679687500e+01 2.6212848556e-08 7.0172551072e-09 1.9195593449e-08
9.6740722656e+01 2.6062613040e-08 6.9830582651e-09 1.9079554775e-08
9.6801757812e+01 2.5938450473e-08 6.9556301177e-09 1.8982820355e-08
9.6862792969e+01 2.5843443133e-08 6.9379215704e-09 1.8905521563e-08
9.6923828125e+01 2.5753713984e-08 6.9245049156e-09 1.8829209068e-08
9.6984863281e+01 2.5636621051e-08 6.9029605597e-09 1.8733660491e-08
9.7045898438e+01 2.5475916117e-08 6.8635787093e-09 1.8612337408e-08
9.7106933594e+01 2.5287917710e-08 6.8103099743e-09 1.8477607736e-08
9.7167968750e+01 2.5110270741e-08 6.7581176619e-09 1.8352153079e-08
9.7229003906e+01 2.4970696645e-08 6.7177876311e-09 1.8252909014e-08
9.7290039062e+01 2.4868074160e-08 6.6873622503e-09 1.8180711910e-08
9.7351074219e+01 2.4779749790e-08 6.6581294973e-09 1.8121620293e-08
9.7412109375e+01 2.4679060742e-08 6.6236408125e-09 1.8055419930e-08
9.7473144531e+01 2.4549177893e-08 6.5828253700e-09 1.7966352523e-08
9.7534179688e+01 2.4392270345e-08 6.5388357356e-09 1.7853434609e-08
9.7595214844e+01 2.4227013763e-08 6.4955407953e-09 1.7731472968e-08
9.7656250000e+01 2.4072330977e-08 6.4541946499e-09 1.7618136327e-08
9.7717285156e+01 2.3936480296e-08 6.4148730211e-09 1.7521607275e-08
9.7778320312e+01 2.3823064710e-08 6.3806404932e-09 1.7442424217e-08
9.7839355469e+01 2.3736812979e-08 6.3566645982e-09 1.7380148381e-08
9.7900390625e+01 2.3675153843e-08 6.3437887304e-09 1.7331365113e-08
9.7961425781e+01 2.3623344095e-08 6.3361078580e-09 1.7287236237e-08
9.8022460938e+01 2.3567927598e-08 6.3267564379e-09 1.7241171160e-08
9.8083496094e+01 2.3504254054e-08 6.3127083693e-09 1.7191545685e-08
9.8144531250e+01 2.3427661619e-08 6.2939717207e-09 1.7133689898e-08
9.8205566406e+01 2.3335124746e-08 6.2728937783e-09 1.7062230968e-08
9.8266601562e+01 2.3232323388e-08 6.2525222997e-09 1.6979801088e-08
9.8327636719e+01 2.3123418695e-08 6.2322537996e-09 1.6891164895e-08
9.8388671875e+01 2.3004829547e-08 6.2084811545e-09 1.6796348393e-08
9.8449707031e+01 2.2876874101e-08 6.1801420997e-09 1.6696732001e-08
9.8510742188e+01 2.2745890612e-08 6.1495483191e-09 1.6596342293e-08
9.8571777344e+01 2.2613528779e-08 6.1183537062e-09 1.6495175072e-08
9.8632812500e+01 2.2474769684e-08 6.0849361046e-09 1.6389833579e-08
9.8693847656e+01 2.2322417902e-08 6.0451007593e-09 1.6277317143e-08
9.8754882812e+01 2.2151523155e-08 5.9962021736e-09 1.6155320981e-08
9.8815917969e+01 2.1968037775e-08 5.9417095317e-09 1.6026328244e-08
9.8876953125e+01 2.1788749731e-08 5.8889203215e-09 1.5899829410e-08
9.8937988281e+01 2.1622268137e-08 5.8406016734e-09 1.5781666464e-08
9.8999023438e+01 2.1457156136e-08 5.7923046835e-09 1.5664851453e-08
9.9060058594e+01 2.1276954151e-08 5.7392834231e-09 1.5537670727e-08
9.9121093750e+01 2.1081171614e-08 5.6829777836e-09 1.5398193830e-08
9.9182128906e+01 2.0887337683e-08 5.6289806007e-09 1.5258357082e-08
9.9243164062e+01 2.0715377693e-08 5.5803180112e-09 1.5135059682e-08
9.9304199219e+01 2.0572407736e-08 5.5352455550e-09 1.5037162181e-08
9.9365234375e+01 2.0452324233e-08 5.4917650465e-09 1.4960559186e-08
9.9426269531e+01 2.0344258850e-08 5.4510522657e-09 1.4893206584e-08
9.9487304688e+01 2.0236099167e-08 5.4145112176e-09 1.4821587949e-08
9.9548339844e+01 2.0117004129e-08 5.3805719897e-09 1.4736432139e-08
9.9609375000e+01 1.9985180769e-08 5.3470885233e-09 1.4638092246e-08
9.9670410156e+01 1.9849190095e-08 5.3146235491e-09 1.4534566546e-08
9.9731445312e+01 1.9717112176e-08 5.2850138406e-09 1.4432098335e-08
9.9792480469e+01 1.9588021246e-08 5.2579260184e-09 1.4330095228e-08
9.9853515625e+01 1.9455391600e-08 5.2301184789e-09 1.4225273121e-08
9.9914550781e+01 1.9316601352e-08 5.1978571034e-09 1.4118744248e-08
9.9975585938e+01 1.9176002256e-08 5.1599672490e-09 1.4016035007e-08
1.0003662109e+02 1.9037323356e-08 5.1189407335e-09 1.3918382622e-08
1.0009765625e+02 1.8901363776e-08 5.0796981183e-09 1.3821665657e-08
1.0015869141e+02 1.8772160555e-08 5.0459862324e-09 1.3726174322e-08
1.0021972656e+02 1.8650956809e-08 5.0160916329e-09 1.3634865176e-08
1.0028076172e+02 1.8528566950e-08 4.9850144215e-09 1.3543552529e-08
1.0034179688e+02 1.8401093120e-08 4.9533000380e-09 1.3447793082e-08
1.0040283203e+02 1.8282837978e-08 4.9282703103e-09 1.3354567667e-08
1.0046386719e+02 1.8187525238e-08 4.9130678554e-09 1.3274457382e-08
1.0052490234e+02 1.8107341331e-08 4.9000961673e-09 1.3207245164e-08
1.0058593750e+02 1.8022085228e-08 4.8789205195e-09 1.3143164708e-08
1.0064697266e+02 1.7922884587e-08 4.8473274516e-09 1.3075557135e-08
1.0070800781e+02 1.7819901349e-08 4.8121610370e-09 1.3007740312e-08
1.0076904297e+02 1.7727767011e-08 4.7809452704e-09 1.2946821740e-08
1.0083007812e+02 1.7648661598e-08 4.7550723570e-09 1.2893589241e-08
1.0089111328e+02 1.7571693293e-08 4.7306010528e-09 1.2841092241e-08
1.0095214844e+02 1.7484451543e-08 4.7030338802e-09 1.2781417663e-08
1.0101318359e+02 1.7383550147e-08 4.6714660878e-09 1.2712084059e-08
1.0107421875e+02 1.7276243777e-08 4.6396527658e-09 1.2636591012e-08
1.0113525391e+02 1.7170681529e-08 4.6118628825e-09 1.2558818647e-08
1.0119628906e+02 1.7065867889e-08 4.5875400333e-09 1.2478327855e-08
1.0125732422e+02 1.6954811833e-08 4.5623404243e-09 1.2392471409e-08
1.0131835938e+02 1.6834419878e-08 4.5341711860e-09 1.2300248692e-08
1.0137939453e+02 1.6707954006e-08 4.5051567860e-09 1.2202797220e-08
1.0144042969e+02 1.6579842002e-08 4.4769371501e-09 1.2102904852e-08
1.0150146484e+02 1.6452490453e-08 4.4475360138e-09 1.2004954439e-08
1.0156250000e+02 1.6326637553e-08 4.4145850262e-09 1.1912052527e-08
1.0162353516e+02 1.6201686706e-08 4.3791342929e-09 1.1822552413e-08
1.0168457031e+02 1.6079244893e-08 4.3453887381e-09 1.1733856155e-08
1.0174560547e+02 1.5965548689e-08 4.3174386971e-09 1.1648109992e-08
1.0180664062e+02 1.5863482007e-08 4.2952532836e-09 1.1568228724e-08
1.0186767578e+02 1.5766041517e-08 4.2739524235e-09 1.1492089093e-08
1.0192871094e+02 1.5665025158e-08 4.2487383856e-09 1.1416286772e-08
1.0198974609e+02 1.5561417514e-08 4.2200429413e-09 1.1341374573e-08
1.0205078125e+02 1.5462928094e-08 4.1923458875e-09 1.1270582207e-08
1.0211181641e+02 1.5373710398e-08 4.1682751722e-09 1.1205435226e-08
1.0217285156e+02 1.5288252299e-08 4.1452455661e-09 1.1143006733e-08
1.0223388672e+02 1.5200013858e-08 4.1192211195e-09 1.1080792738e-08
1.0229492188e+02 1.5115609376e-08 4.0910792868e-09 1.1024530089e-08
1.0235595703e+02 1.5049400538e-08 4.0665008629e-09 1.0982899675e-08
1.0241699219e+02 1.5003702231e-08 4.0492907298e-09 1.0954411501e-08
1.0247802734e+02 1.4965377814e-08 4.0374080399e-09 1.0927969774e-08
1.0253906250e+02 1.4921224352e-08 4.0260934877e-09 1.0895130864e-08
1.0260009766e+02 1.4869058121e-08 4.0129163837e-09 1.0856141738e-08
1.0266113281e+02 1.4814030160e-08 3.9984360246e-09 1.0815594135e-08
1.0272216797e+02 1.4757548587e-08 3.9827139422e-09 1.0774834645e-08
1.0278320312e+02 1.4692862600e-08 3.9636926877e-09 1.0729169912e-08
1.0284423828e+02 1.4614060383e-08 3.9401068388e-09 1.0673953544e-08
1.0290527344e+02 1.4527119188e-08 3.9144626246e-09 1.0612656563e-08
1.0296630859e+02 1.4446056747e-08 3.8914176324e-09 1.0554639114e-08
1.0302734375e+02 1.4377061017e-08 3.8729281929e-09 1.0504132824e-08
1.0308837891e+02 1.4312761294e-08 3.8563550171e-09 1.0456406277e-08
1.0314941406e+02 1.4244488045e-08 3.8382837849e-09 1.0406204260e-08
1.0321044922e+02 1.4173191772e-08 3.8188735446e-09 1.0354318228e-08
1.0327148438e+02 1.4104083650e-08 3.8009083069e-09 1.0303175343e-08
1.0333251953e+02 1.4036526695e-08 3.7853808498e-09 1.0251145846e-08
1.0339355469e+02 1.3964014990e-08 3.7695739703e-09 1.0194441020e-08
1.0345458984e+02 1.3881264775e-08 3.7496017568e-09 1.0131663018e-08
1.0351562500e+02 1.3790699168e-08 3.7249109898e-09 1.0065788178e-08
1.0357666016e+02 1.3702312881e-08 3.6998265593e-09 1.0002486321e-08
1.0363769531e+02 1.3622756139e-08 3.6786821837e-09 9.9440739550e-09
1.0369873047e+02 1.3545208661e-08 3.6598696578e-09 9.8853390028e-09
1.0375976562e+02 1.3456549862e-08 3.6375915915e-09 9.8189582704e-09
1.0382080078e+02 1.3353003291e-08 3.6088311124e-09 9.7441721784e-09
1.0388183594e+02 1.3242618988e-08 3.5759711941e-09 9.6666477941e-09
1.0394287109e+02 1.3136040468e-08 3.5437442440e-09 9.5922962238e-09
1.0400390625e+02 1.3038834526e-08 3.5151549629e-09 9.5236795632e-09
1.0406494141e+02 1.2947399822e-08 3.4891702407e-09 9.4582295811e-09
1.0412597656e+02 1.2851415116e-08 3.4620760137e-09 9.3893391023e-09
1.0418701172e+02 1.2744552667e-08 3.4315687712e-09 9.3129838962e-09
1.0424804688e+02 1.2630518286e-08 3.3988480330e-09 9.2316702534e-09
1.0430908203e+02 1.2516137833e-08 3.3665477060e-09 9.1495901267e-09
1.0437011719e+02 1.2402079791e-08 3.3353972393e-09 9.0666825516e-09
1.0443115234e+02 1.2283139547e-08 3.3035099324e-09 8.9796296149e-09
1.0449218750e+02 1.2157400703e-08 3.2692485517e-09 8.8881521510e-09
1.0455322266e+02 1.2032918592e-08 3.2341572369e-09 8.7987613551e-09
1.0461425781e+02 1.1921670759e-08 3.2018277092e-09 8.7198430502e-09
1.0467529297e+02 1.1828033247e-08 3.1741388584e-09 8.6538943888e-09
1.0473632812e+02 1.1747769612e-08 3.1499462794e-09 8.5978233327e-09
1.0479736328e+02 1.1674829294e-08 3.1270886791e-09 8.5477406146e-09
1.0485839844e+02 1.1604574033e-08 3.1044788551e-09 8.5000951781e-09
1.0491943359e+02 1.1536295124e-08 3.0829894680e-09 8.4533056558e-09
1.0498046875e+02 1.1475486027e-08 3.0650725887e-09 8.4104134383e-09
1.0504150391e+02 1.1428371172e-08 3.0524045068e-09 8.3759666648e-09
1.0510253906e+02 1.1394791097e-08 3.0438045553e-09 8.3509865416e-09
1.0516357422e+02 1.1368572526e-08 3.0363643879e-09 8.3322081381e-09
1.0522460938e+02 1.1340287086e-08 3.0276533046e-09 8.3126337810e-09
1.0528564453e+02 1.1301041785e-08 3.0163865628e-09 8.2846552225e-09
1.0534667969e+02 1.1249190962e-08 3.0024226626e-09 8.2467682990e-09
1.0540771484e+02 1.1190646738e-08 2.9866566222e-09 8.2039901158e-09
1.0546875000e+02 1.1132670920e-08 2.9709872703e-09 8.1616836495e-09
1.0552978516e+02 1.1081351453e-08 2.9581104961e-09 8.1232409570e-09
1.0559082031e+02 1.1039996437e-08 2.9496405508e-09 8.0903558858e-09
1.0565185547e+02 1.1006506063e-08 2.9442543206e-09 8.0622517421e-09
1.0571289062e+02 1.0976446566e-08 2.9390639994e-09 8.0373825664e-09
1.0577392578e+02 1.0945742503e-08 2.9320624630e-09 8.0136800399e-09
1.0583496094e+02 1.0907915874e-08 2.9224960029e-09 7.9854198709e-09
1.0589599609e+02 1.0857261001e-08 2.9104483475e-09 7.9468126538e-09
1.0595703125e+02 1.0795922360e-08 2.8964414691e-09 7.8994808909e-09
1.0601806641e+02 1.0729954868e-08 2.8805414635e-09 7.8494134044e-09
1.0607910156e+02 1.0661682978e-08 2.8627402676e-09 7.7989427106e-09
1.0614013672e+02 1.0592909523e-08 2.8447194911e-09 7.7481900315e-09
1.0620117188e+02 1.0529966154e-08 2.8294747198e-09 7.7004914347e-09
1.0626220703e+02 1.0479261942e-08 2.8185606768e-09 7.6607012657e-09
1.0632324219e+02 1.0439969287e-08 2.8105103995e-09 7.6294588873e-09
1.0638427734e+02 1.0403701153e-08 2.8019528342e-09 7.6017483189e-09
1.0644531250e+02 1.0361798118e-08 2.7903842115e-09 7.5714139067e-09
1.0650634766e+02 1.0310813559e-08 2.7757824166e-09 7.5350311429e-09
1.0656738281e+02 1.0249966879e-08 2.7591880147e-09 7.4907788643e-09
1.0662841797e+02 1.0179127943e-08 2.7409819636e-09 7.4381459790e-09
1.0668945312e+02 1.0102674130e-08 2.7216139539e-09 7.3810601757e-09
1.0675048828e+02 1.0029196937e-08 2.7025914744e-09 7.3266054626e-09
1.0681152344e+02 9.9637740032e-09 2.6853388512e-09 7.2784351520e-09
1.0687255859e+02 9.9045268619e-09 2.6697809826e-09 7.2347458793e-09
1.0693359375e+02 9.8462431653e-09 2.6543901618e-09 7.1918530035e-09
1.0699462891e+02 9.7830925234e-09 2.6370580695e-09 7.1460344539e-09
1.0705566406e+02 9.7120673082e-09 2.6169875425e-09 7.0950797657e-09
1.0711669922e+02 9.6377554708e-09 2.5961471815e-09 7.0416082893e-09
1.0717773438e+02 9.5684159229e-09 2.5771937741e-09 6.9912221488e-09
1.0723876953e+02 9.5057657981e-09 2.5601705243e-09 6.9455952738e-09
1.0729980469e+02 9.4428632134e-09 2.5426173033e-09 6.9002459100e-09
1.0736083984e+02 9.3719458333e-09 2.5223228202e-09 6.8496230131e-09
1.0742187500e+02 9.2921475142e-09 2.4994630617e-09 6.7926844525e-09
1.0748291016e+02 9.2093984768e-09 2.4765450670e-09 6.7328534099e-09
1.0754394531e+02 9.1296743438e-09 2.4558587353e-09 6.6738156084e-09
1.0760498047e+02 9.0541454670e-09 2.4368805441e-09 6.6172649229e-09
1.0766601562e+02 8.9810010278e-09 2.4172745294e-09 6.5637264984e-09
1.0772705078e+02 8.9090833207e-09 2.3962450485e-09 6.5128382723e-09
1.0778808594e+02 8.8380827414e-09 2.3754603426e-09 6.4626223988e-09
1.0784912109e+02 8.7672168574e-09 2.3567084220e-09 6.4105084354e-09
1.0791015625e+02 8.6950152644e-09 2.3393796850e-09 6.3556355794e-09
1.0797119141e+02 8.6192531879e-09 2.3205106101e-09 6.2987425778e-09
1.0803222656e+02 8.5379812990e-09 2.2978811585e-09 6.2401001406e-09
1.0809326172e+02 8.4527124691e-09 2.2728992703e-09 6.1798131988e-09
1.0815429688e+02 8.3695532264e-09 2.2493769976e-09 6.1201762288e-09
1.0821533203e+02 8.2940148551e-09 2.2293906192e-09 6.0646242359e-09
1.0827636719e+02 8.2249621210e-09 2.2112109161e-09 6.0137512049e-09
1.0833740234e+02 8.1564757815e-09 2.1917031712e-09 5.9647726103e-09
1.0839843750e+02 8.0859518968e-09 2.1704643807e-09 5.9154875162e-09
1.0845947266e+02 8.0188145808e-09 2.1508945369e-09 5.8679200439e-09
1.0852050781e+02 7.9639506314e-09 2.1366956804e-09 5.8272549510e-09
1.0858154297e+02 7.9236852257e-09 2.1276352602e-09 5.7960499654e-09
1.0864257812e+02 7.8890029216e-09 2.1193225798e-09 5.7696803418e-09
1.0870361328e+02 7.8473433698e-09 2.1074200152e-09 5.7399233546e-09
1.0876464844e+02 7.7949465261e-09 2.0915291749e-09 5.7034173512e-09
1.0882568359e+02 7.7384208713e-09 2.0743395895e-09 5.6640812818e-09
1.0888671875e+02 7.6859114547e-09 2.0582211812e-09 5.6276902735e-09
1.0894775391e+02 7.6414799898e-09 2.0443086822e-09 5.5971713077e-09
1.0900878906e+02 7.6059924461e-09 2.0337181858e-09 5.5722742603e-09
1.0906982422e+02 7.5777860379e-09 2.0271583837e-09 5.5506276542e-09
1.0913085938e+02 7.5526395834e-09 2.0232526785e-09 5.5293869049e-09
1.0919189453e+02 7.5256822336e-09 2.0187596275e-09 5.5069226062e-09
1.0925292969e+02 7.4948921876e-09 2.0114027461e-09 5.4834894415e-09
1.0931396484e+02 7.4655665149e-09 2.0027338478e-09 5.4628326672e-09
1.0937500000e+02 7.4490267236e-09 1.9971793019e-09 5.4518474216e-09
1.0943603516e+02 7.4499167178e-09 1.9969365278e-09 5.4529801899e-09
1.0949707031e+02 7.4582173392e-09 1.9990615548e-09 5.4591557844e-09
1.0955810547e+02 7.4608755789e-09 1.9990433482e-09 5.4618322307e-09
1.0961914062e+02 7.4558889563e-09 1.9956335434e-09 5.4602554129e-09
1.0968017578e+02 7.4511693921e-09 1.9913399864e-09 5.4598294057e-09
1.0974121094e+02 7.4554064854e-09 1.9895881771e-09 5.4658183084e-09
1.0980224609e+02 7.4698701362e-09 1.9912213007e-09 5.4786488355e-09
1.0986328125e+02 7.4868422045e-09 1.9935137953e-09 5.4933284092e-09
1.0992431641e+02 7.4995508058e-09 1.9938213596e-09 5.5057294462e-09
1.0998535156e+02 7.5105036498e-09 1.9930114187e-09 5.5174922311e-09
1.1004638672e+02 7.5252828461e-09 1.9935927237e-09 5.5316901224e-09
1.1010742188e+02 7.5440489819e-09 1.9961384629e-09 5.5479105190e-09
1.1016845703e+02 7.5615889073e-09 1.9986059651e-09 5.5629829422e-09
1.1022949219e+02 7.5709330631e-09 1.9982595546e-09 5.5726735084e-09
1.1029052734e+02 7.5689601854e-09 1.9947017246e-09 5.5742584608e-09
1.1035156250e+02 7.5609051747e-09 1.9909339415e-09 5.5699712333e-09
1.1041259766e+02 7.5544913657e-09 1.9898138975e-09 5.5646774682e-09
1.1047363281e+02 7.5499891372e-09 1.9903400909e-09 5.5596490463e-09
1.1053466797e+02 7.5411518079e-09 1.9892066119e-09 5.5519451960e-09
1.1059570312e+02 7.5229805801e-09 1.9845798810e-09 5.5384006991e-09
1.1065673828e+02 7.4947497030e-09 1.9771065672e-09 5.5176431358e-09
1.1071777344e+02 7.4584788951e-09 1.9684390644e-09 5.4900398308e-09
1.1077880859e+02 7.4160088540e-09 1.9592130246e-09 5.4567958294e-09
1.1083984375e+02 7.3678268176e-09 1.9485043871e-09 5.4193224306e-09
1.1090087891e+02 7.3161780004e-09 1.9358587345e-09 5.3803192659e-09
1.1096191406e+02 7.2653880659e-09 1.9226100993e-09 5.3427779666e-09
1.1102294922e+02 7.2163909266e-09 1.9100650752e-09 5.3063258514e-09
1.1108398438e+02 7.1653169261e-09 1.8977719503e-09 5.2675449758e-09
1.1114501953e+02 7.1079446624e-09 1.8841933492e-09 5.2237513131e-09
1.1120605469e+02 7.0427110535e-09 1.8682251329e-09 5.1744859205e-09
1.1126708984e+02 6.9715394152e-09 1.8502223745e-09 5.1213170407e-09
1.1132812500e+02 6.8986824716e-09 1.8316747055e-09 5.0670077661e-09
1.1138916016e+02 6.8267740118e-09 1.8135310688e-09 5.0132429429e-09
1.1145019531e+02 6.7563089962e-09 1.7956768208e-09 4.9606321754e-09
1.1151123047e+02 6.6904349152e-09 1.7785364764e-09 4.9118984388e-09
1.1157226562e+02 6.6354466619e-09 1.7638687186e-09 4.8715779433e-09
1.1163330078e+02 6.5946696390e-09 1.7531589685e-09 4.8415106705e-09
1.1169433594e+02 6.5650781502e-09 1.7458687513e-09 4.8192093989e-09
1.1175537109e+02 6.5394461200e-09 1.7396427033e-09 4.7998034167e-09
1.1181640625e+02 6.5099677591e-09 1.7321654877e-09 4.7778022714e-09
1.1187744141e+02 6.4722752544e-09 1.7229695430e-09 4.7493057114e-09
1.1193847656e+02 6.4283954001e-09 1.7135140495e-09 4.7148813506e-09
1.1199951172e+02 6.3846850029e-09 1.7054016645e-09 4.6792833383e-09
1.1206054688e+02 6.3450483211e-09 1.6984461474e-09 4.6466021738e-09
1.1212158203e+02 6.3067965358e-09 1.6905945535e-09 4.6162019823e-09
1.1218261719e+02 6.2643160570e-09 1.6799688378e-09 4.5843472192e-09
1.1224365234e+02 6.2157164318e-09 1.6669784908e-09 4.5487379410e-09
1.1230468750e+02 6.1645468214e-09 1.6540525888e-09 4.5104942326e-09
1.1236572266e+02 6.1154294009e-09 1.6431250785e-09 4.4723043225e-09
1.1242675781e+02 6.0693748313e-09 1.6337808232e-09 4.4355940081e-09
1.1248779297e+02 6.0247791584e-09 1.6243101296e-09 4.4004690289e-09
1.1254882812e+02 5.9821136170e-09 1.6141364344e-09 4.3679771825e-09
1.1260986328e+02 5.9440985256e-09 1.6041762018e-09 4.3399223238e-09
1.1267089844e+02 5.9107264768e-09 1.5949836303e-09 4.3157428465e-09
1.1273193359e+02 5.8786096088e-09 1.5858801038e-09 4.2927295050e-09
1.1279296875e+02 5.8468135015e-09 1.5761833173e-09 4.2706301843e-09
1.1285400391e+02 5.8188019312e-09 1.5662962457e-09 4.2525056856e-09
1.1291503906e+02 5.7976945568e-09 1.5574119854e-09 4.2402825714e-09
1.1297607422e+02 5.7835799539e-09 1.5507151366e-09 4.2328648173e-09
1.1303710938e+02 5.7753967917e-09 1.5467252099e-09 4.2286715818e-09
1.1309814453e+02 5.7725507009e-09 1.5450950803e-09 4.2274556207e-09
1.1315917969e+02 5.7744831372e-09 1.5450251555e-09 4.2294579817e-09
1.1322021484e+02 5.7791921635e-09 1.5455915336e-09 4.2336006299e-09
1.1328125000e+02 5.7828432359e-09 1.5457922422e-09 4.2370509937e-09
1.1334228516e+02 5.7825391796e-09 1.5449303696e-09 4.2376088100e-09
1.1340332031e+02 5.7786472751e-09 1.5428884460e-09 4.2357588291e-09
1.1346435547e+02 5.7729056494e-09 1.5398709418e-09 4.2330347075e-09
1.1352539062e+02 5.7659878074e-09 1.5362640508e-09 4.2297237566e-09
1.1358642578e+02 5.7571326167e-09 1.5323838728e-09 4.2247487439e-09
1.1364746094e+02 5.7435911621e-09 1.5277442601e-09 4.2158469020e-09
1.1370849609e+02 5.7216118262e-09 1.5212144728e-09 4.2003973534e-09
1.1376953125e+02 5.6905374722e-09 1.5124987769e-09 4.1780386953e-09
1.1383056641e+02 5.6543810475e-09 1.5029440929e-09 4.1514369546e-09
1.1389160156e+02 5.6186853343e-09 1.4946827200e-09 4.1240026143e-09
1.1395263672e+02 5.5866503994e-09 1.4889037779e-09 4.0977466215e-09
1.1401367188e+02 5.5563864890e-09 1.4843434799e-09 4.0720430091e-09
1.1407470703e+02 5.5221205029e-09 1.4779563436e-09 4.0441641593e-09
1.1413574219e+02 5.4804017753e-09 1.4679307665e-09 4.0124710087e-09
1.1419677734e+02 5.4330727107e-09 1.4551846057e-09 3.9778881049e-09
1.1425781250e+02 5.3835153714e-09 1.4416466259e-09 3.9418687455e-09
1.1431884766e+02 5.3342324087e-09 1.4284856804e-09 3.9057467282e-09
1.1437988281e+02 5.2875285115e-09 1.4159129809e-09 3.8716155306e-09
1.1444091797e+02 5.2438663900e-09 1.4034845071e-09 3.8403818830e-09
1.1450195312e+02 5.2009647670e-09 1.3909144907e-09 3.8100502763e-09
1.1456298828e+02 5.1576086847e-09 1.3789159293e-09 3.7786927554e-09
1.1462402344e+02 5.1151851168e-09 1.3683164714e-09 3.7468686454e-09
1.1468505859e+02 5.0742103142e-09 1.3586355148e-09 3.7155747994e-09
1.1474609375e+02 5.0328052335e-09 1.3485657199e-09 3.6842395136e-09
1.1480712891e+02 4.9880765292e-09 1.3370969549e-09 3.6509795743e-09
1.1486816406e+02 4.9373908481e-09 1.3236134226e-09 3.6137774255e-09
1.1492919922e+02 4.8803330050e-09 1.3080440854e-09 3.5722889197e-09
1.1499023438e+02 4.8194632780e-09 1.2911090049e-09 3.5283542731e-09
1.1505126953e+02 4.7580624195e-09 1.2737906146e-09 3.4842718049e-09
1.1511230469e+02 4.6986746141e-09 1.2570288355e-09 3.4416457785e-09
1.1517333984e+02 4.6430574338e-09 1.2418252504e-09 3.4012321835e-09
1.1523437500e+02 4.5910546021e-09 1.2286441030e-09 3.3624104991e-09
1.1529541016e+02 4.5405892080e-09 1.2168592016e-09 3.3237300063e-09
1.1535644531e+02 4.4905632656e-09 1.2055005243e-09 3.2850627414e-09
1.1541748047e+02 4.4427627497e-09 1.1943681194e-09 3.2483946303e-09
1.1547851562e+02 4.3997238778e-09 1.1839683245e-09 3.2157555534e-09
1.1553955078e+02 4.3609390942e-09 1.1743286437e-09 3.1866104506e-09
1.1560058594e+02 4.3217930011e-09 1.1642163320e-09 3.1575766692e-09
1.1566162109e+02 4.2776783365e-09 1.1521656410e-09 3.1255126955e-09
1.1572265625e+02 4.2293510369e-09 1.1383008487e-09 3.0910501882e-09
1.1578369141e+02 4.1822403545e-09 1.1244550182e-09 3.0577853363e-09
1.1584472656e+02 4.1406956742e-09 1.1124751121e-09 3.0282205621e-09
1.1590576172e+02 4.1049279133e-09 1.1028473112e-09 3.0020806021e-09
1.1596679688e+02 4.0731881086e-09 1.0948998386e-09 2.9782882700e-09
1.1602783203e+02 4.0450511757e-09 1.0879820669e-09 2.9570691088e-09
1.1608886719e+02 4.0216428303e-09 1.0820992375e-09 2.9395435928e-09
1.1614990234e+02 4.0030954538e-09 1.0773711692e-09 2.9257242846e-09
1.1621093750e+02 3.9869106485e-09 1.0732454721e-09 2.9136651764e-09
1.1627197266e+02 3.9696061152e-09 1.0685894400e-09 2.9010166752e-09
1.1633300781e+02 3.9495294481e-09 1.0626022091e-09 2.8869272390e-09
1.1639404297e+02 3.9273264838e-09 1.0554977014e-09 2.8718287824e-09
1.1645507812e+02 3.9048229451e-09 1.0483645383e-09 2.8564584068e-09
1.1651611328e+02 3.8842525729e-09 1.0423676938e-09 2.8418848790e-09
1.1657714844e+02 3.8669428282e-09 1.0377840791e-09 2.8291587491e-09
1.1663818359e+02 3.8522206194e-09 1.0339426854e-09 2.8182779340e-09
1.1669921875e+02 3.8385871074e-09 1.0303462280e-09 2.8082408794e-09
1.1676025391e+02 3.8255801029e-09 1.0273273126e-09 2.7982527902e-09
1.1682128906e+02 3.8137509429e-09 1.0252667178e-09 2.7884842251e-09
1.1688232422e+02 3.8029125086e-09 1.0236489998e-09 2.7792635088e-09
1.1694335938e+02 3.7910625021e-09 1.0212183848e-09 2.7698441173e-09
1.1700439453e+02 3.7759672699e-09 1.0169698516e-09 2.7589974183e-09
1.1706542969e+02 3.7573385590e-09 1.0109347614e-09 2.7464037975e-09
1.1712646484e+02 3.7367119162e-09 1.0041099765e-09 2.7326019397e-09
1.1718750000e+02 3.7160772163e-09 9.9767637876e-10 2.7184008375e-09
1.1724853516e+02 3.6968306193e-09 9.9215161279e-10 2.7046790065e-09
1.1730957031e+02 3.6790937307e-09 9.8725178101e-10 2.6918419497e-09
1.1737060547e+02 3.6622696163e-09 9.8268562285e-10 2.6795839935e-09
1.1743164062e+02 3.6464634051e-09 9.7883867166e-10 2.6676247334e-09
1.1749267578e+02 3.6323597638e-09 9.7619177779e-10 2.6561679860e-09
1.1755371094e+02 3.6199162818e-09 9.7430378607e-10 2.6456124958e-09
1.1761474609e+02 3.6081131610e-09 9.7202543502e-10 2.6360877260e-09
1.1767578125e+02 3.5956490490e-09 9.6861592846e-10 2.6270331205e-09
1.1773681641e+02 3.5818521787e-09 9.6423702473e-10 2.6176151540e-09
1.1779785156e+02 3.5675436998e-09 9.5958894769e-10 2.6079547521e-09
1.1785888672e+02 3.5544278872e-09 9.5533832538e-10 2.5990895618e-09
1.1791992188e+02 3.5431878605e-09 9.5174080436e-10 2.5914470562e-09
1.1798095703e+02 3.5328600419e-09 9.4869836004e-10 2.5841616819e-09
1.1804199219e+02 3.5220397924e-09 9.4605721804e-10 2.5759825743e-09
1.1810302734e+02 3.5100390840e-09 9.4365596491e-10 2.5663831191e-09
1.1816406250e+02 3.4966673007e-09 9.4110597030e-10 2.5555613304e-09
1.1822509766e+02 3.4814648702e-09 9.3779021518e-10 2.5436746550e-09
1.1828613281e+02 3.4641009471e-09 9.3339443564e-10 2.5307065114e-09
1.1834716797e+02 3.4450649099e-09 9.2830450010e-10 2.5167604098e-09
1.1840820312e+02 3.4246092823e-09 9.2301548970e-10 2.5015937926e-09
1.1846923828e+02 3.4017977399e-09 9.1735284191e-10 2.4844448980e-09
1.1853027344e+02 3.3763508765e-09 9.1086877016e-10 2.4654821063e-09
1.1859130859e+02 3.3503285623e-09 9.0382075214e-10 2.4465078102e-09
1.1865234375e+02 3.3257289874e-09 8.9711137382e-10 2.4286176135e-09
1.1871337891e+02 3.3019733091e-09 8.9140240647e-10 2.4105709026e-09
1.1877441406e+02 3.2781145328e-09 8.8674525880e-10 2.3913692740e-09
1.1883544922e+02 3.2551524946e-09 8.8273328323e-10 2.3724192114e-09
1.1889648438e+02 3.2345620943e-09 8.7888549287e-10 2.3556766015e-09
1.1895751953e+02 3.2169561716e-09 8.7528431675e-10 2.3416718549e-09
1.1901855469e+02 3.2024852104e-09 8.7258830062e-10 2.3298969098e-09
1.1907958984e+02 3.1908556998e-09 8.7114605822e-10 2.3197096416e-09
1.1914062500e+02 3.1812440812e-09 8.7048739288e-10 2.3107566883e-09
1.1920166016e+02 3.1728202180e-09 8.6975934831e-10 2.3030608697e-09
1.1926269531e+02 3.1651874635e-09 8.6837141315e-10 2.2968160504e-09
1.1932373047e+02 3.1584083094e-09 8.6632467398e-10 2.2920836354e-09
1.1938476562e+02 3.1524468068e-09 8.6404754050e-10 2.2883992663e-09
1.1944580078e+02 3.1465245753e-09 8.6182423713e-10 2.2847003382e-09
1.1950683594e+02 3.1394878356e-09 8.5945989095e-10 2.2800279446e-09
1.1956787109e+02 3.1308356156e-09 8.5658975932e-10 2.2742458563e-09
1.1962890625e+02 3.1212976597e-09 8.5318163044e-10 2.2681160292e-09
1.1968994141e+02 3.1125119078e-09 8.4952929224e-10 2.2629826155e-09
1.1975097656e+02 3.1053696134e-09 8.4567512527e-10 2.2596944881e-09
1.1981201172e+02 3.0983138778e-09 8.4109918464e-10 2.2572146932e-09
1.1987304688e+02 3.0885294936e-09 8.3528704200e-10 2.2532424516e-09
1.1993408203e+02 3.0750085356e-09 8.2844527184e-10 2.2465632637e-09
1.1999511719e+02 3.0594871651e-09 8.2144433535e-10 2.2380428298e-09
1.2005615234e+02 3.0446993172e-09 8.1516753262e-10 2.2295317846e-09
1.2011718750e+02 3.0321182468e-09 8.0987328793e-10 2.2222449589e-09
1.2017822266e+02 3.0209035540e-09 8.0508944971e-10 2.2158141043e-09
1.2023925781e+02 3.0090281253e-09 8.0026334654e-10 2.2087647787e-09
1.2030029297e+02 2.9953152945e-09 7.9538139789e-10 2.1999338966e-09
1.2036132812e+02 2.9795971923e-09 7.9069321156e-10 2.1889039808e-09
1.2042236328e+02 2.9613895144e-09 7.8609947170e-10 2.1752900427e-09
1.2048339844e+02 2.9401293289e-09 7.8119507306e-10 2.1589342558e-09
1.2054443359e+02 2.9166518428e-09 7.7581964301e-10 2.1408321998e-09
1.2060546875e+02 2.8930293470e-09 7.7035417554e-10 2.1226751715e-09
1.2066650391e+02 2.8711140437e-09 7.6547014850e-10 2.1056438952e-09
1.2072753906e+02 2.8516467067e-09 7.6149735586e-10 2.0901493509e-09
1.2078857422e+02 2.8341178771e-09 7.5803242874e-10 2.0760854484e-09
1.2084960938e+02 2.8175357564e-09 7.5444316146e-10 2.0630925949e-09
1.2091064453e+02 2.8015405341e-09 7.5066901869e-10 2.0508715154e-09
1.2097167969e+02 2.7863007065e-09 7.4718030881e-10 2.0391203977e-09
1.2103271484e+02 2.7714380104e-09 7.4421684931e-10 2.0272211611e-09
1.2109375000e+02 2.7552714514e-09 7.4117051504e-10 2.0141009364e-09
1.2115478516e+02 2.7352282907e-09 7.3679133108e-10 1.9984369597e-09
1.2121582031e+02 2.7099933078e-09 7.3037118260e-10 1.9796221252e-09
1.2127685547e+02 2.6811882680e-09 7.2260179474e-10 1.9585864733e-09
1.2133789062e+02 2.6515710396e-09 7.1470328250e-10 1.9368677571e-09
1.2139892578e+02 2.6220817646e-09 7.0698036708e-10 1.9151013975e-09
1.2145996094e+02 2.5921124122e-09 6.9889919872e-10 1.8932132135e-09
1.2152099609e+02 2.5621588304e-09 6.9037177638e-10 1.8717870540e-09
1.2158203125e+02 2.5346115685e-09 6.8227506199e-10 1.8523365065e-09
1.2164306641e+02 2.5111662339e-09 6.7551471507e-10 1.8356515189e-09
1.2170410156e+02 2.4903049386e-09 6.6997880500e-10 1.8203261336e-09
1.2176513672e+02 2.4691005807e-09 6.6480636742e-10 1.8042942133e-09
1.2182617188e+02 2.4469956204e-09 6.5947852950e-10 1.7875170909e-09
1.2188720703e+02 2.4256236539e-09 6.5423037956e-10 1.7713932744e-09
1.2194824219e+02 2.4060585296e-09 6.4959426726e-10 1.7564642624e-09
1.2200927734e+02 2.3886289047e-09 6.4593556698e-10 1.7426933377e-09
1.2207031250e+02 2.3739254576e-09 6.4327041683e-10 1.7306550407e-09
1.2213134766e+02 2.3622995927e-09 6.4137121041e-10 1.7209283823e-09
1.2219238281e+02 2.3535386822e-09 6.4015594364e-10 1.7133827386e-09
1.2225341797e+02 2.3473238542e-09 6.3979104510e-10 1.7075328091e-09
1.2231445312e+02 2.3432013458e-09 6.4027435564e-10 1.7029269902e-09
1.2237548828e+02 2.3406978875e-09 6.4126802426e-10 1.6994298632e-09
1.2243652344e+02 2.3396890198e-09 6.4244294797e-10 1.6972460718e-09
1.2249755859e+02 2.3397158093e-09 6.4361641945e-10 1.6960993899e-09
1.2255859375e+02 2.3396030239e-09 6.4461809125e-10 1.6949849327e-09
1.2261962891e+02 2.3387410309e-09 6.4531933686e-10 1.6934216941e-09
1.2268066406e+02 2.3376213659e-09 6.4560716738e-10 1.6920141985e-09
1.2274169922e+02 2.3365546954e-09 6.4523794432e-10 1.6913167511e-09
1.2280273438e+02 2.3349597637e-09 6.4395745487e-10 1.6910023088e-09
1.2286376953e+02 2.3319633157e-09 6.4171542537e-10 1.6902478903e-09
1.2292480469e+02 2.3269720274e-09 6.3862519892e-10 1.6883468285e-09
1.2298583984e+02 2.3197478497e-09 6.3481028939e-10 1.6849375603e-09
1.2304687500e+02 2.3103002255e-09 6.3031689914e-10 1.6799833263e-09
1.2310791016e+02 2.2990220498e-09 6.2520123147e-10 1.6738208184e-09
1.2316894531e+02 2.2869855455e-09 6.1978201374e-10 1.6672035318e-09
1.2322998047e+02 2.2755714936e-09 6.1460811749e-10 1.6609633761e-09
1.2329101562e+02 2.2654713978e-09 6.0997822264e-10 1.6554931751e-09
1.2335205078e+02 2.2563013417e-09 6.0570662924e-10 1.6505947124e-09
1.2341308594e+02 2.2470830333e-09 6.0148228307e-10 1.6456007502e-09
1.2347412109e+02 2.2370940898e-09 5.9729496161e-10 1.6397991282e-09
1.2353515625e+02 2.2267264244e-09 5.9348686924e-10 1.6332395552e-09
1.2359619141e+02 2.2170807938e-09 5.9035226925e-10 1.6267285245e-09
1.2365722656e+02 2.2084590526e-09 5.8771521081e-10 1.6207438418e-09
1.2371826172e+02 2.2000217278e-09 5.8515286222e-10 1.6148688656e-09
1.2377929688e+02 2.1907657883e-09 5.8254902171e-10 1.6082167666e-09
1.2384033203e+02 2.1803093296e-09 5.8012079651e-10 1.6001885331e-09
1.2390136719e+02 2.1691885837e-09 5.7800790303e-10 1.5911806807e-09
1.2396240234e+02 2.1584085089e-09 5.7606420979e-10 1.5823442991e-09
1.2402343750e+02 2.1482311954e-09 5.7401775642e-10 1.5742134389e-09
1.2408447266e+02 2.1378472691e-09 5.7174922423e-10 1.5660980449e-09
1.2414550781e+02 2.1262863231e-09 5.6931517185e-10 1.5569711512e-09
1.2420654297e+02 2.1128059180e-09 5.6664000650e-10 1.5461659115e-09
1.2426757812e+02 2.0967167259e-09 5.6336187528e-10 1.5333548506e-09
1.2432861328e+02 2.0777052673e-09 5.5911233377e-10 1.5185929336e-09
1.2438964844e+02 2.0562100459e-09 5.5388648230e-10 1.5023235636e-09
1.2445068359e+02 2.0336570708e-09 5.4823063548e-10 1.4854264354e-09
1.2451171875e+02 2.0124488893e-09 5.4309036437e-10 1.4693585250e-09
1.2457275391e+02 1.9944834071e-09 5.3911054236e-10 1.4553728648e-09
1.2463378906e+02 1.9795405044e-09 5.3601427666e-10 1.4435262278e-09
1.2469482422e+02 1.9664069507e-09 5.3304117726e-10 1.4333657735e-09
1.2475585938e+02 1.9547488640e-09 5.2985232748e-10 1.4248965365e-09
1.2481689453e+02 1.9444746563e-09 5.2663555910e-10 1.4178390972e-09
1.2487792969e+02 1.9346070691e-09 5.2361125743e-10 1.4109958117e-09
1.2493896484e+02 1.9241075463e-09 5.2075365418e-10 1.4033538921e-09
1.2500000000e+02 1.9129790728e-09 5.1787505089e-10 1.3951040219e-09
1.2506103516e+02 1.9019339685e-09 5.1490484041e-10 1.3870291281e-09
1.2512207031e+02 1.8914780809e-09 5.1203897767e-10 1.3794391032e-09
1.2518310547e+02 1.8816176231e-09 5.0947955898e-10 1.3721380641e-09
1.2524414062e+02 1.8720868186e-09 5.0711166787e-10 1.3649751508e-09
1.2530517578e+02 1.8623958506e-09 5.0459626375e-10 1.3577995868e-09
1.2536621094e+02 1.8519064252e-09 5.0174031278e-10 1.3501661124e-09
1.2542724609e+02 1.8406853719e-09 4.9880505137e-10 1.3418803205e-09
1.2548828125e+02 1.8299308583e-09 4.9638357603e-10 1.3335472823e-09
1.2554931641e+02 1.8203304956e-09 4.9464886430e-10 1.3256816313e-09
1.2561035156e+02 1.8105605556e-09 4.9285900561e-10 1.3177015500e-09
1.2567138672e+02 1.7986602618e-09 4.9001312716e-10 1.3086471346e-09
1.2573242188e+02 1.7843339189e-09 4.8586789440e-10 1.2984660245e-09
1.2579345703e+02 1.7693607330e-09 4.8117097804e-10 1.2881897549e-09
1.2585449219e+02 1.7561131334e-09 4.7703282031e-10 1.2790803131e-09
1.2591552734e+02 1.7452514307e-09 4.7393319918e-10 1.2713182315e-09
1.2597656250e+02 1.7349314138e-09 4.7131737873e-10 1.2636140351e-09
1.2603759766e+02 1.7232116350e-09 4.6841264252e-10 1.2547989925e-09
1.2609863281e+02 1.7103866742e-09 4.6516286806e-10 1.2452238062e-09
1.2615966797e+02 1.6978993294e-09 4.6200000402e-10 1.2358993254e-09
1.2622070312e+02 1.6864205241e-09 4.5913284813e-10 1.2272876760e-09
1.2628173828e+02 1.6758594843e-09 4.5642009671e-10 1.2194393876e-09
1.2634277344e+02 1.6659861718e-09 4.5366047068e-10 1.2123257011e-09
1.2640380859e+02 1.6567164653e-09 4.5086144069e-10 1.2058550246e-09
1.2646484375e+02 1.6482900145e-09 4.4824240174e-10 1.2000476128e-09
1.2652587891e+02 1.6408335127e-09 4.4590603785e-10 1.1949274748e-09
1.2658691406e+02 1.6338527392e-09 4.4366878209e-10 1.1901839571e-09
1.2664794922e+02 1.6266985454e-09 4.4135478553e-10 1.1853437598e-09
1.2670898438e+02 1.6192096549e-09 4.3908291543e-10 1.1801267394e-09
1.2677001953e+02 1.6116761563e-09 4.3714503444e-10 1.1745311218e-09
1.2683105469e+02 1.6044383712e-09 4.3560444846e-10 1.1688339227e-09
1.2689208984e+02 1.5975426321e-09 4.3407639676e-10 1.1634662354e-09
1.2695312500e+02 1.5909094296e-09 4.3210689992e-10 1.1588025297e-09
1.2701416016e+02 1.5847005134e-09 4.2975435676e-10 1.1549461566e-09
1.2707519531e+02 1.5789663303e-09 4.2749724794e-10 1.1514690823e-09
1.2713623047e+02 1.5732692653e-09 4.2560159693e-10 1.1476676683e-09
1.2719726562e+02 1.5672119517e-09 4.2388775824e-10 1.1433241935e-09
1.2725830078e+02 1.5608735184e-09 4.2207547501e-10 1.1387980434e-09
1.2731933594e+02 1.5546354192e-09 4.2016355215e-10 1.1344718670e-09
1.2738037109e+02 1.5490603569e-09 4.1848149093e-10 1.1305788660e-09
1.2744140625e+02 1.5444929770e-09 4.1731644719e-10 1.1271765299e-09
1.2750244141e+02 1.5403692594e-09 4.1648422178e-10 1.1238850376e-09
1.2756347656e+02 1.5355935691e-09 4.1551372509e-10 1.1200798440e-09
1.2762451172e+02 1.5298162852e-09 4.1424645359e-10 1.1155698316e-09
1.2768554688e+02 1.5238359790e-09 4.1298644203e-10 1.1108495369e-09
1.2774658203e+02 1.5187668035e-09 4.1208182018e-10 1.1066849833e-09
1.2780761719e+02 1.5149915273e-09 4.1152330023e-10 1.1034682271e-09
1.2786865234e+02 1.5118307265e-09 4.1095938736e-10 1.1008713391e-09
1.2792968750e+02 1.5082388737e-09 4.1006979057e-10 1.0981690831e-09
1.2799072266e+02 1.5037993529e-09 4.0891678635e-10 1.0948825665e-09
1.2805175781e+02 1.4989685550e-09 4.0788920575e-10 1.0910793492e-09
1.2811279297e+02 1.4944680594e-09 4.0725276477e-10 1.0872152946e-09
1.2817382812e+02 1.4904081636e-09 4.0678367774e-10 1.0836244858e-09
1.2823486328e+02 1.4859889867e-09 4.0595867825e-10 1.0800303084e-09
1.2829589844e+02 1.4804629742e-09 4.0455870984e-10 1.0759042643e-09
1.2835693359e+02 1.4742396194e-09 4.0290215707e-10 1.0713374624e-09
1.2841796875e+02 1.4684021819e-09 4.0135539025e-10 1.0670467916e-09
1.2847900391e+02 1.4633908520e-09 3.9984261329e-10 1.0635482388e-09
1.2854003906e+02 1.4586372681e-09 3.9797852167e-10 1.0606587464e-09
1.2860107422e+02 1.4532065381e-09 3.9552533752e-10 1.0576812006e-09
1.2866210938e+02 1.4466407552e-09 3.9266626331e-10 1.0539744919e-09
1.2872314453e+02 1.4393818382e-09 3.8987663271e-10 1.0495052055e-09
1.2878417969e+02 1.4322631804e-09 3.8747811405e-10 1.0447850664e-09
1.2884521484e+02 1.4256141350e-09 3.8537835959e-10 1.0402357754e-09
1.2890625000e+02 1.4192955082e-09 3.8338492095e-10 1.0359105872e-09
1.2896728516e+02 1.4134817416e-09 3.8164014062e-10 1.0318416010e-09
1.2902832031e+02 1.4087804703e-09 3.8052775988e-10 1.0282527104e-09
1.2908935547e+02 1.4054232951e-09 3.8017065544e-10 1.0252526396e-09
1.2915039062e+02 1.4025630547e-09 3.8011543128e-10 1.0224476234e-09
1.2921142578e+02 1.3987550657e-09 3.7963284019e-10 1.0191222256e-09
1.2927246094e+02 1.3934677236e-09 3.7844671682e-10 1.0150210067e-09
1.2933349609e+02 1.3876112377e-09 3.7698744613e-10 1.0106237915e-09
1.2939453125e+02 1.3821017921e-09 3.7576354345e-10 1.0063382486e-09
1.2945556641e+02 1.3767443107e-09 3.7475859662e-10 1.0019857141e-09
1.2951660156e+02 1.3708333566e-09 3.7357464085e-10 9.9725871570e-10
1.2957763672e+02 1.3639342965e-09 3.7191432332e-10 9.9201997316e-10
1.2963867188e+02 1.3562511219e-09 3.6990248303e-10 9.8634863882e-10
1.2969970703e+02 1.3487375733e-09 3.6800741845e-10 9.8073015488e-10
1.2976074219e+02 1.3422052837e-09 3.6655238990e-10 9.7565289377e-10
1.2982177734e+02 1.3364748473e-09 3.6545028631e-10 9.7102456099e-10
1.2988281250e+02 1.3310201894e-09 3.6450568762e-10 9.6651450175e-10
1.2994384766e+02 1.3256354044e-09 3.6363801210e-10 9.6199739230e-10
1.3000488281e+02 1.3200853725e-09 3.6270159640e-10 9.5738377605e-10
1.3006591797e+02 1.3139443526e-09 3.6136460105e-10 9.5257975150e-10
1.3012695312e+02 1.3068621524e-09 3.5927921844e-10 9.4758293398e-10
1.3018798828e+02 1.2988242736e-09 3.5641470326e-10 9.4240957035e-10
1.3024902344e+02 1.2904464215e-09 3.5325696509e-10 9.3718945645e-10
1.3031005859e+02 1.2825509036e-09 3.5043943135e-10 9.3211147227e-10
1.3037109375e+02 1.2750852835e-09 3.4808003539e-10 9.2700524812e-10
1.3043212891e+02 1.2672085938e-09 3.4576392515e-10 9.2144466863e-10
1.3049316406e+02 1.2585861007e-09 3.4318364338e-10 9.1540245734e-10
1.3055419922e+02 1.2498245353e-09 3.4049137485e-10 9.0933316048e-10
1.3061523438e+02 1.2416604871e-09 3.3801673848e-10 9.0364374865e-10
1.3067626953e+02 1.2341678665e-09 3.3581055405e-10 8.9835731248e-10
1.3073730469e+02 1.2265826323e-09 3.3352029746e-10 8.9306233486e-10
1.3079833984e+02 1.2179548691e-09 3.3079235410e-10 8.8716251501e-10
1.3085937500e+02 1.2082330871e-09 3.2775299467e-10 8.8048009244e-10
1.3092041016e+02 1.1983087175e-09 3.2486856474e-10 8.7344015278e-10
1.3098144531e+02 1.1889100498e-09 3.2237842583e-10 8.6653162397e-10
1.3104248047e+02 1.1800503726e-09 3.2010997047e-10 8.5994040218e-10
1.3110351562e+02 1.1714275248e-09 3.1778282671e-10 8.5364469808e-10
1.3116455078e+02 1.1628408397e-09 3.1532243486e-10 8.4751840482e-10
1.3122558594e+02 1.1543868655e-09 3.1293391015e-10 8.4145295532e-10
1.3128662109e+02 1.1462154806e-09 3.1084544589e-10 8.3537003471e-10
1.3134765625e+02 1.1379984899e-09 3.0894017345e-10 8.2905831646e-10
1.3140869141e+02 1.1292894608e-09 3.0686383433e-10 8.2242562649e-10
1.3146972656e+02 1.1204758329e-09 3.0454384550e-10 8.1593198741e-10
1.3153076172e+02 1.1125999115e-09 3.0231709482e-10 8.1028281671e-10
1.3159179688e+02 1.1061196810e-09 3.0045353397e-10 8.0566614703e-10
1.3165283203e+02 1.1002675583e-09 2.9876288222e-10 8.0150467612e-10
1.3171386719e+02 1.0936689403e-09 2.9678686737e-10 7.9688207297e-10
1.3177490234e+02 1.0854557097e-09 2.9428709353e-10 7.9116861615e-10
1.3183593750e+02 1.0758393122e-09 2.9145360793e-10 7.8438570432e-10
1.3189697266e+02 1.0657404714e-09 2.8866692839e-10 7.7707354305e-10
1.3195800781e+02 1.0558928041e-09 2.8612740816e-10 7.6976539595e-10
1.3201904297e+02 1.0462178331e-09 2.8371085766e-10 7.6250697547e-10
1.3208007812e+02 1.0361159558e-09 2.8114260178e-10 7.5497335401e-10
1.3214111328e+02 1.0254272855e-09 2.7830540418e-10 7.4712188131e-10
1.3220214844e+02 1.0148228857e-09 2.7538407750e-10 7.3943880824e-10
1.3226318359e+02 1.0050763104e-09 2.7269132651e-10 7.3238498394e-10
1.3232421875e+02 9.9620943300e-10 2.7030457346e-10 7.2590485954e-10
1.3238525391e+02 9.8755501254e-10 2.6792667198e-10 7.1962834056e-10
1.3244628906e+02 9.7861152326e-10 2.6524890751e-10 7.1336261575e-10
1.3250732422e+02 9.6961311694e-10 2.6238232934e-10 7.0723078761e-10
1.3256835938e+02 9.6106124470e-10 2.5972653156e-10 7.0133471315e-10
1.3262939453e+02 9.5294674486e-10 2.5749140155e-10 6.9545534331e-10
1.3269042969e+02 9.4484497082e-10 2.5556496924e-10 6.8928000158e-10
1.3275146484e+02 9.3659810883e-10 2.5377018588e-10 6.8282792295e-10
1.3281250000e+02 9.2848438588e-10 2.5205400181e-10 6.7643038407e-10
1.3287353516e+02 9.2083981004e-10 2.5045373030e-10 6.7038607974e-10
1.3293457031e+02 9.1373010027e-10 2.4895112605e-10 6.6477897422e-10
1.3299560547e+02 9.0689216602e-10 2.4737809955e-10 6.5951406646e-10
1.3305664062e+02 9.0005985121e-10 2.4556776877e-10 6.5449208245e-10
1.3311767578e+02 8.9336817751e-10 2.4359621385e-10 6.4977196366e-10
1.3317871094e+02 8.8713411356e-10 2.4171750138e-10 6.4541661218e-10
1.3323974609e+02 8.8137051847e-10 2.4009019829e-10 6.4128032018e-10
1.3330078125e+02 8.7589107916e-10 2.3867934069e-10 6.3721173847e-10
1.3336181641e+02 8.7068118467e-10 2.3735380544e-10 6.3332737923e-10
1.3342285156e+02 8.6597891780e-10 2.3605466424e-10 6.2992425356e-10
1.3348388672e+02 8.6217730591e-10 2.3490576063e-10 6.2727154528e-10
1.3354492188e+02 8.5943773621e-10 2.3403618157e-10 6.2540155463e-10
1.3360595703e+02 8.5727027364e-10 2.3329436268e-10 6.2397591096e-10
1.3366699219e+02 8.5511659191e-10 2.3240124814e-10 6.2271534378e-10
1.3372802734e+02 8.5342382808e-10 2.3141473612e-10 6.2200909196e-10
1.3378906250e+02 8.5338201736e-10 2.3078415963e-10 6.2259785773e-10
1.3385009766e+02 8.5558391085e-10 2.3089129775e-10 6.2469261310e-10
1.3391113281e+02 8.5939499987e-10 2.3166113444e-10 6.2773386543e-10
1.3397216797e+02 8.6348493307e-10 2.3264771497e-10 6.3083721810e-10
1.3403320312e+02 8.6693240325e-10 2.3348970697e-10 6.3344269628e-10
1.3409423828e+02 8.6996267031e-10 2.3422743712e-10 6.3573523319e-10
1.3415527344e+02 8.7336448110e-10 2.3508985176e-10 6.3827462933e-10
1.3421630859e+02 8.7731128386e-10 2.3608494635e-10 6.4122633751e-10
1.3427734375e+02 8.8118509843e-10 2.3695761206e-10 6.4422748636e-10
1.3433837891e+02 8.8423679327e-10 2.3746289839e-10 6.4677389488e-10
1.3439941406e+02 8.8609667045e-10 2.3760333624e-10 6.4849333421e-10
1.3446044922e+02 8.8703121607e-10 2.3766759049e-10 6.4936362557e-10
1.3452148438e+02 8.8761927122e-10 2.3793927672e-10 6.4967999449e-10
1.3458251953e+02 8.8786980308e-10 2.3829877076e-10 6.4957103232e-10
1.3464355469e+02 8.8724411710e-10 2.3834948973e-10 6.4889462737e-10
1.3470458984e+02 8.8559243731e-10 2.3794719777e-10 6.4764523954e-10
1.3476562500e+02 8.8322641870e-10 2.3730424462e-10 6.4592217408e-10
1.3482666016e+02 8.8039076708e-10 2.3665022065e-10 6.4374054643e-10
1.3488769531e+02 8.7736009574e-10 2.3604689177e-10 6.4131320396e-10
1.3494873047e+02 8.7444248376e-10 2.3540507215e-10 6.3903741160e-10
1.3500976562e+02 8.7155584364e-10 2.3457099842e-10 6.3698484522e-10
1.3507080078e+02 8.6833993995e-10 2.3351799828e-10 6.3482194168e-10
1.3513183594e+02 8.6456554142e-10 2.3238914964e-10 6.3217639179e-10
1.3519287109e+02 8.6019273329e-10 2.3127273820e-10 6.2891999510e-10
1.3525390625e+02 8.5542883244e-10 2.3010113782e-10 6.2532769462e-10
1.3531494141e+02 8.5072505589e-10 2.2880601651e-10 6.2191903938e-10
1.3537597656e+02 8.4643522519e-10 2.2744318867e-10 6.1899203652e-10
1.3543701172e+02 8.4264269731e-10 2.2617432837e-10 6.1646836894e-10
1.3549804688e+02 8.3920389181e-10 2.2512456021e-10 6.1407933160e-10
1.3555908203e+02 8.3567436453e-10 2.2420829848e-10 6.1146606604e-10
1.3562011719e+02 8.3159068996e-10 2.2322725703e-10 6.0836343293e-10
1.3568115234e+02 8.2707715875e-10 2.2219268041e-10 6.0488447834e-10
1.3574218750e+02 8.2268471675e-10 2.2131609773e-10 6.0136861902e-10
1.3580322266e+02 8.1855591491e-10 2.2062795034e-10 5.9792796457e-10
1.3586425781e+02 8.1423099775e-10 2.1984778996e-10 5.9438320779e-10
1.3592529297e+02 8.0928163693e-10 2.1869190817e-10 5.9058972876e-10
1.3598632812e+02 8.0384953843e-10 2.1718566448e-10 5.8666387396e-10
1.3604736328e+02 7.9854925520e-10 2.1566041388e-10 5.8288884132e-10
1.3610839844e+02 7.9387295864e-10 2.1446826645e-10 5.7940469219e-10
1.3616943359e+02 7.8964430261e-10 2.1365276096e-10 5.7599154165e-10
1.3623046875e+02 7.8520418255e-10 2.1290377436e-10 5.7230040819e-10
1.3629150391e+02 7.8023605941e-10 2.1189339861e-10 5.6834266080e-10
1.3635253906e+02 7.7515752548e-10 2.1062172858e-10 5.6453579690e-10
1.3641357422e+02 7.7063772886e-10 2.0937167302e-10 5.6126605584e-10
1.3647460938e+02 7.6695401807e-10 2.0836614360e-10 5.5858787447e-10
1.3653564453e+02 7.6378308649e-10 2.0753938296e-10 5.5624370353e-10
1.3659667969e+02 7.6051960414e-10 2.0665586852e-10 5.5386373561e-10
1.3665771484e+02 7.5687887362e-10 2.0561662876e-10 5.5126224487e-10
1.3671875000e+02 7.5319332330e-10 2.0458398049e-10 5.4860934281e-10
1.3677978516e+02 7.5006667654e-10 2.0378028592e-10 5.4628639063e-10
1.3684082031e+02 7.4778181678e-10 2.0322341803e-10 5.4455839875e-10
1.3690185547e+02 7.4616392721e-10 2.0272587042e-10 5.4343805679e-10
1.3696289062e+02 7.4501119193e-10 2.0215036267e-10 5.4286082926e-10
1.3702392578e+02 7.4442286581e-10 2.0158641902e-10 5.4283644679e-10
1.3708496094e+02 7.4452235472e-10 2.0118771163e-10 5.4333464309e-10
1.3714599609e+02 7.4496218863e-10 2.0089871362e-10 5.4406347501e-10
1.3720703125e+02 7.4494965485e-10 2.0049517510e-10 5.4445447975e-10
1.3726806641e+02 7.4389033627e-10 1.9988144195e-10 5.4400889433e-10
1.3732910156e+02 7.4187679768e-10 1.9920580855e-10 5.4267098913e-10
1.3739013672e+02 7.3937203357e-10 1.9864246986e-10 5.4072956371e-10
1.3745117188e+02 7.3663041319e-10 1.9816164852e-10 5.3846876467e-10
1.3751220703e+02 7.3364077373e-10 1.9757669774e-10 5.3606407598e-10
1.3757324219e+02 7.3032116384e-10 1.9674332469e-10 5.3357783915e-10
1.3763427734e+02 7.2660395925e-10 1.9567971738e-10 5.3092424188e-10
1.3769531250e+02 7.2252867125e-10 1.9454864322e-10 5.2798002803e-10
1.3775634766e+02 7.1813518485e-10 1.9349641110e-10 5.2463877375e-10
1.3781738281e+02 7.1324777283e-10 1.9249287666e-10 5.2075489617e-10
1.3787841797e+02 7.0776791340e-10 1.9142549666e-10 5.1634241674e-10
1.3793945312e+02 7.0204075002e-10 1.9030966217e-10 5.1173108784e-10
1.3800048828e+02 6.9647391445e-10 1.8925005173e-10 5.0722386271e-10
1.3806152344e+02 6.9105876943e-10 1.8824830515e-10 5.0281046428e-10
1.3812255859e+02 6.8554263565e-10 1.8718062972e-10 4.9836200594e-10
1.3818359375e+02 6.7972771460e-10 1.8591804575e-10 4.9380966885e-10
1.3824462891e+02 6.7355731302e-10 1.8443054851e-10 4.8912676451e-10
1.3830566406e+02 6.6719616095e-10 1.8282149856e-10 4.8437466239e-10
1.3836669922e+02 6.6092905303e-10 1.8123887346e-10 4.7969017958e-10
1.3842773438e+02 6.5491981000e-10 1.7974169393e-10 4.7517811607e-10
1.3848876953e+02 6.4921564586e-10 1.7829127181e-10 4.7092437405e-10
1.3854980469e+02 6.4383066712e-10 1.7684202917e-10 4.6698863796e-10
1.3861083984e+02 6.3876494857e-10 1.7541573791e-10 4.6334921066e-10
1.3867187500e+02 6.3417614949e-10 1.7411217141e-10 4.6006397807e-10
1.3873291016e+02 6.3028719679e-10 1.7298973935e-10 4.5729745744e-10
1.3879394531e+02 6.2686563146e-10 1.7192072691e-10 4.5494490456e-10
1.3885498047e+02 6.2332524863e-10 1.7071609743e-10 4.5260915120e-10
1.3891601562e+02 6.1949604496e-10 1.6939323928e-10 4.5010280568e-10
1.3897705078e+02 6.1565796839e-10 1.6812218591e-10 4.4753578248e-10
1.3903808594e+02 6.1190287137e-10 1.6694497572e-10 4.4495789565e-10
1.3909912109e+02 6.0806098972e-10 1.6573893325e-10 4.4232205647e-10
1.3916015625e+02 6.0403950402e-10 1.6440830071e-10 4.3963120331e-10
1.3922119141e+02 5.9988057665e-10 1.6300822316e-10 4.3687235349e-10
1.3928222656e+02 5.9564139344e-10 1.6170209731e-10 4.3393929613e-10
1.3934326172e+02 5.9124005380e-10 1.6057946177e-10 4.3066059203e-10
1.3940429688e+02 5.8645869108e-10 1.5952558358e-10 4.2693310750e-10
1.3946533203e+02 5.8130003131e-10 1.5835744621e-10 4.2294258510e-10
1.3952636719e+02 5.7611403409e-10 1.5705049576e-10 4.1906353833e-10
1.3958740234e+02 5.7118015824e-10 1.5574280253e-10 4.1543735571e-10
1.3964843750e+02 5.6646690457e-10 1.5455955928e-10 4.1190734529e-10
1.3970947266e+02 5.6180325242e-10 1.5347509432e-10 4.0832815811e-10
1.3977050781e+02 5.5705050412e-10 1.5233531282e-10 4.0471519130e-10
1.3983154297e+02 5.5229083606e-10 1.5105696903e-10 4.0123386703e-10
1.3989257812e+02 5.4789379611e-10 1.4977737629e-10 3.9811641981e-10
1.3995361328e+02 5.4409974643e-10 1.4869858077e-10 3.9540116566e-10
1.4001464844e+02 5.4064347751e-10 1.4782965494e-10 3.9281382257e-10
1.4007568359e+02 5.3705940545e-10 1.4699812315e-10 3.9006128231e-10
1.4013671875e+02 5.3323271881e-10 1.4608173648e-10 3.8715098233e-10
1.4019775391e+02 5.2953000129e-10 1.4515010709e-10 3.8437989420e-10
1.4025878906e+02 5.2643671142e-10 1.4437237149e-10 3.8206433993e-10
1.4031982422e+02 5.2401636395e-10 1.4379886189e-10 3.8021750206e-10
1.4038085938e+02 5.2177798626e-10 1.4326779604e-10 3.7851019022e-10
1.4044189453e+02 5.1922981034e-10 1.4257605661e-10 3.7665375373e-10
1.4050292969e+02 5.1643310109e-10 1.4170992084e-10 3.7472318026e-10
1.4056396484e+02 5.1387294865e-10 1.4085872837e-10 3.7301422028e-10
1.4062500000e+02 5.1193724321e-10 1.4022814658e-10 3.7170909662e-10
1.4068603516e+02 5.1058464928e-10 1.3985496528e-10 3.7072968400e-10
1.4074707031e+02 5.0944520117e-10 1.3960078664e-10 3.6984441453e-10
1.4080810547e+02 5.0822807290e-10 1.3932100364e-10 3.6890706926e-10
1.4086914062e+02 5.0691153709e-10 1.3897862196e-10 3.6793291514e-10
1.4093017578e+02 5.0550386720e-10 1.3858420954e-10 3.6691965766e-10
1.4099121094e+02 5.0389377843e-10 1.3811664521e-10 3.6577713322e-10
1.4105224609e+02 5.0199064027e-10 1.3753461822e-10 3.6445602205e-10
1.4111328125e+02 4.9980823634e-10 1.3683524079e-10 3.6297299555e-10
1.4117431641e+02 4.9745824533e-10 1.3609689343e-10 3.6136135190e-10
1.4123535156e+02 4.9513360039e-10 1.3543570215e-10 3.5969789823e-10
1.4129638672e+02 4.9297127899e-10 1.3488758227e-10 3.5808369672e-10
1.4135742188e+02 4.9097061076e-10 1.3438206498e-10 3.5658854577e-10
1.4141845703e+02 4.8915244213e-10 1.3385951430e-10 3.5529292784e-10
1.4147949219e+02 4.8768116413e-10 1.3335564748e-10 3.5432551665e-10
1.4154052734e+02 4.8674061041e-10 1.3295650010e-10 3.5378411030e-10
1.4160156250e+02 4.8633792131e-10 1.3270788473e-10 3.5363003659e-10
1.4166259766e+02 4.8628306336e-10 1.3258222366e-10 3.5370083970e-10
1.4172363281e+02 4.8636419903e-10 1.3253106064e-10 3.5383313839e-10
1.4178466797e+02 4.8649374292e-10 1.3255203805e-10 3.5394170486e-10
1.4184570312e+02 4.8665118769e-10 1.3265657682e-10 3.5399461086e-10
1.4190673828e+02 4.8671160393e-10 1.3275922493e-10 3.5395237900e-10
1.4196777344e+02 4.8639490968e-10 1.3266994278e-10 3.5372496690e-10
1.4202880859e+02 4.8547601693e-10 1.3226047412e-10 3.5321554280e-10
1.4208984375e+02 4.8410863796e-10 1.3163044377e-10 3.5247819419e-10
1.4215087891e+02 4.8280353183e-10 1.3105872335e-10 3.5174480848e-10
1.4221191406e+02 4.8190203462e-10 1.3075659307e-10 3.5114544155e-10
1.4227294922e+02 4.8119621430e-10 1.3068484506e-10 3.5051136924e-10
1.4233398438e+02 4.8023361042e-10 1.3063107026e-10 3.4960254016e-10
1.4239501953e+02 4.7878901414e-10 1.3042636037e-10 3.4836265377e-10
1.4245605469e+02 4.7688001690e-10 1.3005184324e-10 3.4682817366e-10
1.4251708984e+02 4.7456425240e-10 1.2957563805e-10 3.4498861435e-10
1.4257812500e+02 4.7188339893e-10 1.2903819370e-10 3.4284520523e-10
1.4263916016e+02 4.6892306257e-10 1.2841942328e-10 3.4050363929e-10
1.4270019531e+02 4.6587602857e-10 1.2771771383e-10 3.3815831474e-10
1.4276123047e+02 4.6294075126e-10 1.2701015452e-10 3.3593059674e-10
1.4282226562e+02 4.6010521721e-10 1.2639889943e-10 3.3370631778e-10
1.4288330078e+02 4.5720052523e-10 1.2592133400e-10 3.3127919123e-10
1.4294433594e+02 4.5415389395e-10 1.2550870213e-10 3.2864519182e-10
1.4300537109e+02 4.5104276464e-10 1.2504341286e-10 3.2599935178e-10
1.4306640625e+02 4.4806185489e-10 1.2451244847e-10 3.2354940642e-10
1.4312744141e+02 4.4551367837e-10 1.2405600811e-10 3.2145767025e-10
1.4318847656e+02 4.4356507589e-10 1.2377333772e-10 3.1979173817e-10
1.4324951172e+02 4.4203276664e-10 1.2357102082e-10 3.1846174582e-10
1.4331054688e+02 4.4064487822e-10 1.2330950522e-10 3.1733537300e-10
1.4337158203e+02 4.3938351349e-10 1.2299943209e-10 3.1638408140e-10
1.4343261719e+02 4.3841867004e-10 1.2276831836e-10 3.1565035168e-10
1.4349365234e+02 4.3778915102e-10 1.2267072881e-10 3.1511842221e-10
1.4355468750e+02 4.3720570327e-10 1.2255857173e-10 3.1464713155e-10
1.4361572266e+02 4.3627557495e-10 1.2218663195e-10 3.1408894300e-10
1.4367675781e+02 4.3499140430e-10 1.2148148289e-10 3.1350992140e-10
1.4373779297e+02 4.3377702381e-10 1.2063096431e-10 3.1314605950e-10
1.4379882812e+02 4.3292495683e-10 1.1986015365e-10 3.1306480318e-10
1.4385986328e+02 4.3221746380e-10 1.1919215942e-10 3.1302530438e-10
1.4392089844e+02 4.3119740062e-10 1.1846649483e-10 3.1273090579e-10
1.4398193359e+02 4.2963609623e-10 1.1753269656e-10 3.1210339967e-10
1.4404296875e+02 4.2768143471e-10 1.1639787615e-10 3.1128355855e-10
1.4410400391e+02 4.2563019267e-10 1.1521028781e-10 3.1041990486e-10
1.4416503906e+02 4.2360856028e-10 1.1410876323e-10 3.0949979705e-10
1.4422607422e+02 4.2155292506e-10 1.1311735177e-10 3.0843557329e-10
1.4428710938e+02 4.1945686171e-10 1.1220866713e-10 3.0724819458e-10
1.4434814453e+02 4.1746283782e-10 1.1140656008e-10 3.0605627773e-10
1.4440917969e+02 4.1576037239e-10 1.1078201113e-10 3.0497836127e-10
1.4447021484e+02 4.1448750063e-10 1.1038204436e-10 3.0410545627e-10
1.4453125000e+02 4.1361061098e-10 1.1018011840e-10 3.0343049259e-10
1.4459228516e+02 4.1288425511e-10 1.1008383878e-10 3.0280041632e-10
1.4465332031e+02 4.1202285973e-10 1.0998913445e-10 3.0203372528e-10
1.4471435547e+02 4.1086763892e-10 1.0984082632e-10 3.0102681260e-10
1.4477539062e+02 4.0939214619e-10 1.0964763706e-10 2.9974450913e-10
1.4483642578e+02 4.0762508747e-10 1.0942073704e-10 2.9820435044e-10
1.4489746094e+02 4.0557793798e-10 1.0913168477e-10 2.9644625321e-10
1.4495849609e+02 4.0328798069e-10 1.0878648013e-10 2.9450150056e-10
1.4501953125e+02 4.0087781940e-10 1.0846068765e-10 2.9241713175e-10
1.4508056641e+02 3.9839446036e-10 1.0817311594e-10 2.9022134442e-10
1.4514160156e+02 3.9566025323e-10 1.0781244818e-10 2.8784780506e-10
1.4520263672e+02 3.9246959931e-10 1.0725049587e-10 2.8521910344e-10
1.4526367188e+02 3.8882087973e-10 1.0644345407e-10 2.8237742567e-10
1.4532470703e+02 3.8486248608e-10 1.0542347883e-10 2.7943900725e-10
1.4538574219e+02 3.8075945932e-10 1.0427723713e-10 2.7648222220e-10
1.4544677734e+02 3.7661111858e-10 1.0309642820e-10 2.7351469038e-10
1.4550781250e+02 3.7240729631e-10 1.0189981920e-10 2.7050747711e-10
1.4556884766e+02 3.6815029479e-10 1.0066392535e-10 2.6748636945e-10
1.4562988281e+02 3.6398501151e-10 9.9424124861e-11 2.6456088665e-10
1.4569091797e+02 3.6002952545e-10 9.8259031397e-11 2.6177049405e-10
1.4575195312e+02 3.5620310339e-10 9.7211146803e-11 2.5899195659e-10
1.4581298828e+02 3.5242744574e-10 9.6291786807e-11 2.5613565893e-10
1.4587402344e+02 3.4884516159e-10 9.5506502368e-11 2.5333865922e-10
1.4593505859e+02 3.4568896305e-10 9.4844128106e-11 2.5084483494e-10
1.4599609375e+02 3.4306903992e-10 9.4303077777e-11 2.4876596214e-10
1.4605712891e+02 3.4094495757e-10 9.3917490854e-11 2.4702746672e-10
1.4611816406e+02 3.3920719245e-10 9.3697332707e-11 2.4550985974e-10
1.4617919922e+02 3.3776345025e-10 9.3580617127e-11 2.4418283312e-10
1.4624023438e+02 3.3654898160e-10 9.3491999471e-11 2.4305698213e-10
1.4630126953e+02 3.3550777904e-10 9.3419121257e-11 2.4208865778e-10
1.4636230469e+02 3.3465485790e-10 9.3413649644e-11 2.4124120825e-10
1.4642333984e+02 3.3403459592e-10 9.3518466919e-11 2.4051612901e-10
1.4648437500e+02 3.3354811902e-10 9.3691680051e-11 2.3985643897e-10
1.4654541016e+02 3.3303471923e-10 9.3826023166e-11 2.3920869607e-10
1.4660644531e+02 3.3252649155e-10 9.3853883553e-11 2.3867260799e-10
1.4666748047e+02 3.3221088485e-10 9.3808742040e-11 2.3840214281e-10
1.4672851562e+02 3.3215424350e-10 9.3756014047e-11 2.3839822946e-10
1.4678955078e+02 3.3218864295e-10 9.3679422015e-11 2.3850922094e-10
1.4685058594e+02 3.3211548020e-10 9.3499861632e-11 2.3861561856e-10
1.4691162109e+02 3.3196424900e-10 9.3194880483e-11 2.3876936852e-10
1.4697265625e+02 3.3190093975e-10 9.2802315764e-11 2.3909862399e-10
1.4703369141e+02 3.3189415830e-10 9.2326515884e-11 2.3956764242e-10
1.4709472656e+02 3.3170546235e-10 9.1748768122e-11 2.3995669422e-10
1.4715576172e+02 3.3120829079e-10 9.1090421117e-11 2.4011786967e-10
1.4721679688e+02 3.3050027412e-10 9.0391287071e-11 2.4010898705e-10
1.4727783203e+02 3.2973388453e-10 8.9691146823e-11 2.4004273771e-10
1.4733886719e+02 3.2896296271e-10 8.9043117468e-11 2.3991984524e-10
1.4739990234e+02 3.2810990540e-10 8.8465117300e-11 2.3964478810e-10
1.4746093750e+02 3.2706272499e-10 8.7908643589e-11 2.3915408140e-10
1.4752197266e+02 3.2582608398e-10 8.7331517525e-11 2.3849456645e-10
1.4758300781e+02 3.2452056676e-10 8.6762477083e-11 2.3775808968e-10
1.4764404297e+02 3.2323636507e-10 8.6276120156e-11 2.3696024492e-10
1.4770507812e+02 3.2193407885e-10 8.5919311094e-11 2.3601476776e-10
1.4776611328e+02 3.2044349517e-10 8.5640361192e-11 2.3480313397e-10
1.4782714844e+02 3.1856758281e-10 8.5306468669e-11 2.3326111414e-10
1.4788818359e+02 3.1629390949e-10 8.4849849230e-11 2.3144406026e-10
1.4794921875e+02 3.1385932000e-10 8.4363369215e-11 2.2949595078e-10
1.4801025391e+02 3.1148386756e-10 8.3975831986e-11 2.2750803557e-10
1.4807128906e+02 3.0912334743e-10 8.3675309842e-11 2.2544803758e-10
1.4813232422e+02 3.0658889135e-10 8.3335466095e-11 2.2325342526e-10
1.4819335938e+02 3.0380766764e-10 8.2876014249e-11 2.2093165339e-10
1.4825439453e+02 3.0088691418e-10 8.2324749578e-11 2.1856216460e-10
1.4831542969e+02 2.9800118442e-10 8.1750437063e-11 2.1625074736e-10
1.4837646484e+02 2.9524414348e-10 8.1177678684e-11 2.1406646480e-10
1.4843750000e+02 2.9254724695e-10 8.0556796757e-11 2.1199045020e-10
1.4849853516e+02 2.8976179227e-10 7.9828686485e-11 2.0993310579e-10
1.4855957031e+02 2.8684783356e-10 7.9026898810e-11 2.0782093475e-10
1.4862060547e+02 2.8394359892e-10 7.8262858008e-11 2.0568074091e-10
1.4868164062e+02 2.8119313492e-10 7.7592150004e-11 2.0360098492e-10
1.4874267578e+02 2.7854668442e-10 7.6958844129e-11 2.0158784029e-10
1.4880371094e+02 2.7584185377e-10 7.6294158752e-11 1.9954769502e-10
1.4886474609e+02 2.7304203863e-10 7.5601134124e-11 1.9744090450e-10
1.4892578125e+02 2.7026151208e-10 7.4913716410e-11 1.9534779567e-10
1.4898681641e+02 2.6762379132e-10 7.4243834067e-11 1.9337995725e-10
1.4904785156e+02 2.6519788794e-10 7.3597691923e-11 1.9160019602e-10
1.4910888672e+02 2.6297946983e-10 7.2991679339e-11 1.8998779049e-10
1.4916992188e+02 2.6091715143e-10 7.2452366217e-11 1.8846478522e-10
1.4923095703e+02 2.5902514796e-10 7.2020598334e-11 1.8700454963e-10
1.4929199219e+02 2.5736374631e-10 7.1706088110e-11 1.8565765820e-10
1.4935302734e+02 2.5588919778e-10 7.1437806123e-11 1.8445139166e-10
1.4941406250e+02 2.5449804594e-10 7.1130789826e-11 1.8336725611e-10
1.4947509766e+02 2.5318710249e-10 7.0786418124e-11 1.8240068437e-10
1.4953613281e+02 2.5202570777e-10 7.0471464431e-11 1.8155424334e-10
1.4959716797e+02 2.5103525164e-10 7.0229356357e-11 1.8080589528e-10
1.4965820312e+02 2.5014286154e-10 7.0034827107e-11 1.8010803443e-10
1.4971923828e+02 2.4920032057e-10 6.9808623442e-11 1.7939169713e-10
1.4978027344e+02 2.4811286236e-10 6.9490457043e-11 1.7862240531e-10
1.4984130859e+02 2.4696531507e-10 6.9106891126e-11 1.7785842394e-10
1.4990234375e+02 2.4591479871e-10 6.8734973006e-11 1.7717982570e-10
1.4996337891e+02 2.4499165533e-10 6.8405386589e-11 1.7658626874e-10
1.5002441406e+02 2.4408192531e-10 6.8073940056e-11 1.7600798526e-10
1.5008544922e+02 2.4305910008e-10 6.7685215128e-11 1.7537388495e-10
1.5014648438e+02 2.4192303751e-10 6.7245499016e-11 1.7467753849e-10
1.5020751953e+02 2.4081608849e-10 6.6816829714e-11 1.7399925877e-10
1.5026855469e+02 2.3982983733e-10 6.6429975382e-11 1.7339986194e-10
1.5032958984e+02 2.3885521779e-10 6.6042210241e-11 1.7281300755e-10
1.5039062500e+02 2.3773524229e-10 6.5610945019e-11 1.7212429727e-10
1.5045166016e+02 2.3643681740e-10 6.5152871797e-11 1.7128394561e-10
1.5051269531e+02 2.3500082259e-10 6.4702458331e-11 1.7029836426e-10
1.5057373047e+02 2.3348698137e-10 6.4270662196e-11 1.6921631917e-10
1.5063476562e+02 2.3197340508e-10 6.3859692100e-11 1.6811371298e-10
1.5069580078e+02 2.3049958184e-10 6.3476195891e-11 1.6702338595e-10
1.5075683594e+02 2.2906730829e-10 6.3126051734e-11 1.6594125656e-10
1.5081787109e+02 2.2771588386e-10 6.2812225033e-11 1.6490365883e-10
1.5087890625e+02 2.2650530039e-10 6.2534991585e-11 1.6397030880e-10
1.5093994141e+02 2.2544870611e-10 6.2289974250e-11 1.6315873186e-10
1.5100097656e+02 2.2451002240e-10 6.2061168049e-11 1.6244885435e-10
1.5106201172e+02 2.2364526987e-10 6.1826691829e-11 1.6181857804e-10
1.5112304688e+02 2.2284789748e-10 6.1587592628e-11 1.6126030485e-10
1.5118408203e+02 2.2213108689e-10 6.1366447319e-11 1.6076463957e-10
1.5124511719e+02 2.2143883162e-10 6.1159945717e-11 1.6027888590e-10
1.5130615234e+02 2.2065413069e-10 6.0928379391e-11 1.5972575130e-10
1.5136718750e+02 2.1974951650e-10 6.0651084005e-11 1.5909843249e-10
1.5142822266e+02 2.1886514311e-10 6.0367247368e-11 1.5849789575e-10
1.5148925781e+02 2.1818751214e-10 6.0145730802e-11 1.5804178133e-10
1.5155029297e+02 2.1775543671e-10 6.0015097565e-11 1.5774033915e-10
1.5161132812e+02 2.1740283572e-10 5.9928923634e-11 1.5747391208e-10
1.5167236328e+02 2.1692521136e-10 5.9814088237e-11 1.5711112312e-10
1.5173339844e+02 2.1628914628e-10 5.9649120922e-11 1.5664002536e-10
1.5179443359e+02 2.1561576883e-10 5.9472282837e-11 1.5614348599e-10
1.5185546875e+02 2.1500706465e-10 5.9325643719e-11 1.5568142093e-10
1.5191650391e+02 2.1447862927e-10 5.9220481738e-11 1.5525814753e-10
1.5197753906e+02 2.1398900020e-10 5.9139383585e-11 1.5484961662e-10
1.5203857422e+02 2.1347643401e-10 5.9053736037e-11 1.5442269797e-10
1.5209960938e+02 2.1295406141e-10 5.8962302109e-11 1.5399175930e-10
1.5216064453e+02 2.1254388495e-10 5.8904007862e-11 1.5363987709e-10
1.5222167969e+02 2.1231473490e-10 5.8899701125e-11 1.5341503378e-10
1.5228271484e+02 2.1216326345e-10 5.8911603551e-11 1.5325165990e-10
1.5234375000e+02 2.1194047875e-10 5.8893855619e-11 1.5304662313e-10
1.5240478516e+02 2.1163208948e-10 5.8852492205e-11 1.5277959728e-10
1.5246582031e+02 2.1134953494e-10 5.8829596123e-11 1.5251993882e-10
1.5252685547e+02 2.1114576429e-10 5.8835278416e-11 1.5231048587e-10
1.5258789062e+02 2.1090738062e-10 5.8812093327e-11 1.5209528730e-10
1.5264892578e+02 2.1048668788e-10 5.8688379098e-11 1.5179830878e-10
1.5270996094e+02 2.0986939781e-10 5.8463128929e-11 1.5140626888e-10
1.5277099609e+02 2.0915141055e-10 5.8209487791e-11 1.5094192276e-10
1.5283203125e+02 2.0842291452e-10 5.7991570832e-11 1.5043134369e-10
1.5289306641e+02 2.0771627947e-10 5.7801178881e-11 1.4991510059e-10
1.5295410156e+02 2.0702829836e-10 5.7587034043e-11 1.4944126432e-10
1.5301513672e+02 2.0637843862e-10 5.7334540033e-11 1.4904389859e-10
1.5307617188e+02 2.0582349682e-10 5.7095200336e-11 1.4872829648e-10
1.5313720703e+02 2.0538163174e-10 5.6931258801e-11 1.4845037294e-10
1.5319824219e+02 2.0498179669e-10 5.6851316598e-11 1.4813048009e-10
1.5325927734e+02 2.0453236558e-10 5.6813987630e-11 1.4771837795e-10
1.5332031250e+02 2.0400478329e-10 5.6778420826e-11 1.4722636246e-10
1.5338134766e+02 2.0342472768e-10 5.6731487195e-11 1.4669324049e-10
1.5344238281e+02 2.0281893048e-10 5.6676038742e-11 1.4614289173e-10
1.5350341797e+02 2.0217362720e-10 5.6606903421e-11 1.4556672378e-10
1.5356445312e+02 2.0142583158e-10 5.6496506122e-11 1.4492932546e-10
1.5362548828e+02 2.0053585233e-10 5.6317935515e-11 1.4421791681e-10
1.5368652344e+02 1.9955665646e-10 5.6084609178e-11 1.4347204728e-10
1.5374755859e+02 1.9859373411e-10 5.5847765446e-11 1.4274596867e-10
1.5380859375e+02 1.9773763548e-10 5.5658169628e-11 1.4207946586e-10
1.5386962891e+02 1.9701336450e-10 5.5527563048e-11 1.4148580145e-10
1.5393066406e+02 1.9633964467e-10 5.5411807767e-11 1.4092783690e-10
1.5399169922e+02 1.9559424020e-10 5.5248180913e-11 1.4034605929e-10
1.5405273438e+02 1.9472978753e-10 5.5016857817e-11 1.3971292972e-10
1.5411376953e+02 1.9375570354e-10 5.4739376619e-11 1.3901632693e-10
1.5417480469e+02 1.9266550831e-10 5.4425526549e-11 1.3823998176e-10
1.5423583984e+02 1.9145592028e-10 5.4055635351e-11 1.3740028493e-10
1.5429687500e+02 1.9015416848e-10 5.3610805533e-11 1.3654336295e-10
1.5435791016e+02 1.8882722926e-10 5.3112780362e-11 1.3571444890e-10
1.5441894531e+02 1.8760951838e-10 5.2634250929e-11 1.3497526746e-10
1.5447998047e+02 1.8660888672e-10 5.2235790749e-11 1.3437309597e-10
1.5454101562e+02 1.8575109965e-10 5.1895276468e-11 1.3385582319e-10
1.5460205078e+02 1.8485739935e-10 5.1549907020e-11 1.3330749233e-10
1.5466308594e+02 1.8385022053e-10 5.1185266348e-11 1.3266495418e-10
1.5472412109e+02 1.8277978354e-10 5.0836936569e-11 1.3194284697e-10
1.5478515625e+02 1.8171575767e-10 5.0528755029e-11 1.3118700264e-10
1.5484619141e+02 1.8066377368e-10 5.0234938235e-11 1.3042883545e-10
1.5490722656e+02 1.7956881677e-10 4.9905274699e-11 1.2966354207e-10
1.5496826172e+02 1.7843073863e-10 4.9536384070e-11 1.2889435456e-10
1.5502929688e+02 1.7737517893e-10 4.9196413187e-11 1.2817876575e-10
1.5509033203e+02 1.7651500217e-10 4.8945609210e-11 1.2756939296e-10
1.5515136719e+02 1.7580166544e-10 4.8759095842e-11 1.2704256960e-10
1.5521240234e+02 1.7511227279e-10 4.8573338737e-11 1.2653893405e-10
1.5527343750e+02 1.7441278301e-10 4.8383601200e-11 1.2602918181e-10
1.5533447266e+02 1.7375027296e-10 4.8243293450e-11 1.2550697951e-10
1.5539550781e+02 1.7312859065e-10 4.8171281376e-11 1.2495730927e-10
1.5545654297e+02 1.7244634270e-10 4.8098954816e-11 1.2434738788e-10
1.5551757812e+02 1.7157960326e-10 4.7929873642e-11 1.2364972962e-10
1.5557861328e+02 1.7051964192e-10 4.7637745441e-11 1.2288189648e-10
1.5563964844e+02 1.6936743744e-10 4.7280671222e-11 1.2208676622e-10
1.5570068359e+02 1.6818654538e-10 4.6927871734e-11 1.2125867365e-10
1.5576171875e+02 1.6693116975e-10 4.6596208316e-11 1.2033496143e-10
1.5582275391e+02 1.6552307632e-10 4.6252370193e-11 1.1927070612e-10
1.5588378906e+02 1.6396167707e-10 4.5864401092e-11 1.1809727598e-10
1.5594482422e+02 1.6235412672e-10 4.5445853239e-11 1.1690827348e-10
1.5600585938e+02 1.6080825511e-10 4.5031328299e-11 1.1577692681e-10
1.5606689453e+02 1.5929045464e-10 4.4612165303e-11 1.1467828933e-10
1.5612792969e+02 1.5766612999e-10 4.4136905772e-11 1.1352922422e-10
1.5618896484e+02 1.5588421940e-10 4.3581613403e-11 1.1230260600e-10
1.5625000000e+02 1.5403894368e-10 4.2988478705e-11 1.1105046498e-10
1.5631103516e+02 1.5225567488e-10 4.2431541418e-11 1.0982413347e-10
1.5637207031e+02 1.5056883950e-10 4.1953047391e-11 1.0861579211e-10
1.5643310547e+02 1.4890983577e-10 4.1530990715e-11 1.0737884505e-10
1.5649414062e+02 1.4720689700e-10 4.1115369427e-11 1.0609152757e-10
1.5655517578e+02 1.4549113876e-10 4.0692251356e-11 1.0479888741e-10
1.5661621094e+02 1.4388123761e-10 4.0291829863e-11 1.0358940775e-10
1.5667724609e+02 1.4245790597e-10 3.9939716412e-11 1.0251818956e-10
1.5673828125e+02 1.4116166690e-10 3.9622844419e-11 1.0153882248e-10
1.5679931641e+02 1.3982299385e-10 3.9297806373e-11 1.0052518748e-10
1.5686035156e+02 1.3831586909e-10 3.8927108852e-11 9.9388760237e-11
1.5692138672e+02 1.3668915448e-10 3.8522885019e-11 9.8166269464e-11
1.5698242188e+02 1.3512217442e-10 3.8144301870e-11 9.6977872551e-11
1.5704345703e+02 1.3375539416e-10 3.7834070902e-11 9.5921323260e-11
1.5710449219e+02 1.3258854498e-10 3.7576044665e-11 9.5012500319e-11
1.5716552734e+02 1.3151694626e-10 3.7321851794e-11 9.4195094468e-11
1.5722656250e+02 1.3044237820e-10 3.7040706293e-11 9.3401671910e-11
1.5728759766e+02 1.2935651851e-10 3.6738337738e-11 9.2618180768e-11
1.5734863281e+02 1.2831693801e-10 3.6438060496e-11 9.1878877517e-11
1.5740966797e+02 1.2737022170e-10 3.6159083883e-11 9.1211137819e-11
1.5747070312e+02 1.2652493675e-10 3.5911206534e-11 9.0613730213e-11
1.5753173828e+02 1.2576332611e-10 3.5690292162e-11 9.0073033953e-11
1.5759277344e+02 1.2506682769e-10 3.5481472202e-11 8.9585355484e-11
1.5765380859e+02 1.2445179523e-10 3.5276691513e-11 8.9175103713e-11
1.5771484375e+02 1.2394717101e-10 3.5074446627e-11 8.8872724379e-11
1.5777587891e+02 1.2353840807e-10 3.4869732893e-11 8.8668675177e-11
1.5783691406e+02 1.2320007602e-10 3.4670584418e-11 8.8529491603e-11
1.5789794922e+02 1.2296263784e-10 3.4509195360e-11 8.8453442478e-11
1.5795898438e+02 1.2287677366e-10 3.4414017914e-11 8.8462755742e-11
1.5802001953e+02 1.2293102486e-10 3.4381491880e-11 8.8549532975e-11
1.5808105469e+02 1.2305381526e-10 3.4382065133e-11 8.8671750130e-11
1.5814208984e+02 1.2319346553e-10 3.4388971759e-11 8.8804493771e-11
1.5820312500e+02 1.2337209400e-10 3.4401935746e-11 8.8970158249e-11
1.5826416016e+02 1.2363961277e-10 3.4436407235e-11 8.9203205531e-11
1.5832519531e+02 1.2397902067e-10 3.4489252296e-11 8.9489768374e-11
1.5838623047e+02 1.2430556193e-10 3.4536896023e-11 8.9768665908e-11
1.5844726562e+02 1.2456379346e-10 3.4569302228e-11 8.9994491232e-11
1.5850830078e+02 1.2476294214e-10 3.4603404344e-11 9.0159537795e-11
1.5856933594e+02 1.2492534512e-10 3.4663958290e-11 9.0261386827e-11
1.5863037109e+02 1.2505401106e-10 3.4758208410e-11 9.0295802647e-11
1.5869140625e+02 1.2511716117e-10 3.4858091382e-11 9.0259069785e-11
1.5875244141e+02 1.2505197224e-10 3.4914468965e-11 9.0137503276e-11
1.5881347656e+02 1.2484344512e-10 3.4906838814e-11 8.9936606309e-11
1.5887451172e+02 1.2458230241e-10 3.4868379533e-11 8.9713922873e-11
1.5893554688e+02 1.2438347474e-10 3.4844925768e-11 8.9538548971e-11
1.5899658203e+02 1.2426426633e-10 3.4839103372e-11 8.9425162957e-11
1.5905761719e+02 1.2413683120e-10 3.4809765968e-11 8.9327065230e-11
1.5911865234e+02 1.2391097547e-10 3.4720924126e-11 8.9190051345e-11
1.5917968750e+02 1.2359885203e-10 3.4582610441e-11 8.9016241594e-11
1.5924072266e+02 1.2330050008e-10 3.4440105218e-11 8.8860394858e-11
1.5930175781e+02 1.2306910097e-10 3.4322028148e-11 8.8747072820e-11
1.5936279297e+02 1.2285726419e-10 3.4217793911e-11 8.8639470278e-11
1.5942382812e+02 1.2263112055e-10 3.4118683504e-11 8.8512437045e-11
1.5948486328e+02 1.2244060267e-10 3.4049690586e-11 8.8390912086e-11
1.5954589844e+02 1.2234686997e-10 3.4038740270e-11 8.8308129702e-11
1.5960693359e+02 1.2235351374e-10 3.4074774059e-11 8.8278739681e-11
1.5966796875e+02 1.2240674895e-10 3.4109447942e-11 8.8297301004e-11
1.5972900391e+02 1.2243994433e-10 3.4102685729e-11 8.8337258599e-11
1.5979003906e+02 1.2243954879e-10 3.4069211991e-11 8.8370336803e-11
1.5985107422e+02 1.2245620652e-10 3.4067604536e-11 8.8388601980e-11
1.5991210938e+02 1.2253277046e-10 3.4136968444e-11 8.8395802011e-11
1.5997314453e+02 1.2264222805e-10 3.4252378375e-11 8.8389849678e-11
1.6003417969e+02 1.2272115557e-10 3.4346742895e-11 8.8374412672e-11
1.6009521484e+02 1.2275123844e-10 3.4377001902e-11 8.8374236538e-11
1.6015625000e+02 1.2277464393e-10 3.4363846381e-11 8.8410797553e-11
1.6021728516e+02 1.2282279836e-10 3.4357870401e-11 8.8464927955e-11
1.6027832031e+02 1.2285043113e-10 3.4374322672e-11 8.8476108454e-11
1.6033935547e+02 1.2277058059e-10 3.4377515789e-11 8.8393064804e-11
1.6040039062e+02 1.2256221685e-10 3.4327793394e-11 8.8234423455e-11
1.6046142578e+02 1.2230923498e-10 3.4232019380e-11 8.8077215599e-11
1.6052246094e+02 1.2212015092e-10 3.4142554040e-11 8.7977596882e-11
1.6058349609e+02 1.2203429746e-10 3.4107474860e-11 8.7926822601e-11
1.6064453125e+02 1.2200713886e-10 3.4127917913e-11 8.7879220949e-11
1.6070556641e+02 1.2196229531e-10 3.4162911910e-11 8.7799383401e-11
1.6076660156e+02 1.2185610240e-10 3.4167104421e-11 8.7688997979e-11
1.6082763672e+02 1.2169342342e-10 3.4121878086e-11 8.7571545334e-11
1.6088867188e+02 1.2147633514e-10 3.4030872960e-11 8.7445462176e-11
1.6094970703e+02 1.2117294991e-10 3.3896481091e-11 8.7276468817e-11
1.6101074219e+02 1.2076676864e-10 3.3721552744e-11 8.7045215895e-11
1.6107177734e+02 1.2031256882e-10 3.3533415335e-11 8.6779153484e-11
1.6113281250e+02 1.1991065904e-10 3.3381116409e-11 8.6529542636e-11
1.6119384766e+02 1.1961465478e-10 3.3290496326e-11 8.6324158453e-11
1.6125488281e+02 1.1937296242e-10 3.3225983413e-11 8.6146979003e-11
1.6131591797e+02 1.1907323039e-10 3.3115458188e-11 8.5957772205e-11
1.6137695312e+02 1.1864378963e-10 3.2921588297e-11 8.5722201330e-11
1.6143798828e+02 1.1811228926e-10 3.2676919803e-11 8.5435369452e-11
1.6149902344e+02 1.1756463911e-10 3.2445827816e-11 8.5118811292e-11
1.6156005859e+02 1.1704490121e-10 3.2268250560e-11 8.4776650655e-11
1.6162109375e+02 1.1652130493e-10 3.2144664969e-11 8.4376639964e-11
1.6168212891e+02 1.1595976756e-10 3.2058500840e-11 8.3901266719e-11
1.6174316406e+02 1.1537618269e-10 3.1994785818e-11 8.3381396875e-11
1.6180419922e+02 1.1478825437e-10 3.1937018207e-11 8.2851236164e-11
1.6186523438e+02 1.1416787970e-10 3.1864915560e-11 8.2302964145e-11
1.6192626953e+02 1.1346714751e-10 3.1764148137e-11 8.1702999369e-11
1.6198730469e+02 1.1266855051e-10 3.1634157172e-11 8.1034393338e-11
1.6204833984e+02 1.1180799554e-10 3.1489970713e-11 8.0318024826e-11
1.6210937500e+02 1.1094291223e-10 3.1349778774e-11 7.9593133457e-11
1.6217041016e+02 1.1009427710e-10 3.1211194805e-11 7.8883082298e-11
1.6223144531e+02 1.0925447435e-10 3.1057264805e-11 7.8197209549e-11
1.6229248047e+02 1.0844181110e-10 3.0889545481e-11 7.7552265620e-11
1.6235351562e+02 1.0769896445e-10 3.0730515393e-11 7.6968449060e-11
1.6241455078e+02 1.0705642613e-10 3.0594193043e-11 7.6462233086e-11
1.6247558594e+02 1.0650968838e-10 3.0468297967e-11 7.6041390413e-11
1.6253662109e+02 1.0600140686e-10 3.0323453586e-11 7.5677953271e-11
1.6259765625e+02 1.0545802428e-10 3.0143873597e-11 7.5314150679e-11
1.6265869141e+02 1.0488082860e-10 2.9951093666e-11 7.4929734934e-11
1.6271972656e+02 1.0436215447e-10 2.9789241496e-11 7.4572912976e-11
1.6278076172e+02 1.0399186457e-10 2.9685532105e-11 7.4306332466e-11
1.6284179688e+02 1.0376341305e-10 2.9621743559e-11 7.4141669495e-11
1.6290283203e+02 1.0356028453e-10 2.9538729663e-11 7.4021554867e-11
1.6296386719e+02 1.0324862915e-10 2.9382476107e-11 7.3866153044e-11
1.6302490234e+02 1.0280936265e-10 2.9157274696e-11 7.3652087952e-11
1.6308593750e+02 1.0233612040e-10 2.8918515051e-11 7.3417605348e-11
1.6314697266e+02 1.0188865901e-10 2.8708405833e-11 7.3180253173e-11
1.6320800781e+02 1.0142109981e-10 2.8520419687e-11 7.2900680120e-11
1.6326904297e+02 1.0086822703e-10 2.8331169965e-11 7.2537057066e-11
1.6333007812e+02 1.0023273756e-10 2.8143764462e-11 7.2088973094e-11
1.6339111328e+02 9.9569256952e-11 2.7982437571e-11 7.1586819381e-11
1.6345214844e+02 9.8910337263e-11 2.7849401544e-11 7.1060935719e-11
1.6351318359e+02 9.8221113914e-11 2.7706078779e-11 7.0515035135e-11
1.6357421875e+02 9.7446720768e-11 2.7508428690e-11 6.9938292078e-11
1.6363525391e+02 9.6593417728e-11 2.7252065964e-11 6.9341351764e-11
1.6369628906e+02 9.5716554383e-11 2.6973234185e-11 6.8743320197e-11
1.6375732422e+02 9.4848685172e-11 2.6713303564e-11 6.8135381608e-11
1.6381835938e+02 9.3987528872e-11 2.6491297636e-11 6.7496231236e-11
1.6387939453e+02 9.3126486238e-11 2.6301906425e-11 6.6824579813e-11
1.6394042969e+02 9.2267609511e-11 2.6126815804e-11 6.6140793707e-11
1.6400146484e+02 9.1432578670e-11 2.5951529324e-11 6.5481049347e-11
1.6406250000e+02 9.0656259782e-11 2.5776882132e-11 6.4879377650e-11
1.6412353516e+02 8.9939846711e-11 2.5608906027e-11 6.4330940683e-11
1.6418457031e+02 8.9235208081e-11 2.5440160262e-11 6.3795047819e-11
1.6424560547e+02 8.8495911996e-11 2.5251595573e-11 6.3244316423e-11
1.6430664062e+02 8.7721561261e-11 2.5035241823e-11 6.2686319439e-11
1.6436767578e+02 8.6955656693e-11 2.4810799109e-11 6.2144857584e-11
1.6442871094e+02 8.6249766940e-11 2.4609556027e-11 6.1640210913e-11
1.6448974609e+02 8.5618448394e-11 2.4438926004e-11 6.1179522390e-11
1.6455078125e+02 8.5047012595e-11 2.4279772543e-11 6.0767240052e-11
1.6461181641e+02 8.4543997752e-11 2.4121080846e-11 6.0422916907e-11
1.6467285156e+02 8.4141877815e-11 2.3975857727e-11 6.0166020088e-11
1.6473388672e+02 8.3845015180e-11 2.3860415048e-11 5.9984600133e-11
1.6479492188e+02 8.3607114592e-11 2.3773155326e-11 5.9833959266e-11
1.6485595703e+02 8.3360400018e-11 2.3697240773e-11 5.9663159245e-11
1.6491699219e+02 8.3070450752e-11 2.3619701912e-11 5.9450748840e-11
1.6497802734e+02 8.2774171866e-11 2.3544038286e-11 5.9230133581e-11
1.6503906250e+02 8.2543482920e-11 2.3480414975e-11 5.9063067944e-11
1.6510009766e+02 8.2395477725e-11 2.3425514967e-11 5.8969962758e-11
1.6516113281e+02 8.2267387382e-11 2.3360485017e-11 5.8906902365e-11
1.6522216797e+02 8.2096981704e-11 2.3273818937e-11 5.8823162767e-11
1.6528320312e+02 8.1897589006e-11 2.3181394089e-11 5.8716194917e-11
1.6534423828e+02 8.1734794112e-11 2.3114218323e-11 5.8620575789e-11
1.6540527344e+02 8.1650894347e-11 2.3086354022e-11 5.8564540325e-11
1.6546630859e+02 8.1634029103e-11 2.3086259780e-11 5.8547769323e-11
1.6552734375e+02 8.1650665327e-11 2.3098383496e-11 5.8552281831e-11
1.6558837891e+02 8.1681715702e-11 2.3115366871e-11 5.8566348831e-11
1.6564941406e+02 8.1727430618e-11 2.3130279853e-11 5.8597150765e-11
1.6571044922e+02 8.1793502946e-11 2.3134139348e-11 5.8659363598e-11
1.6577148438e+02 8.1868461337e-11 2.3118668966e-11 5.8749792371e-11
1.6583251953e+02 8.1921015235e-11 2.3079009046e-11 5.8842006189e-11
1.6589355469e+02 8.1939652094e-11 2.3025380561e-11 5.8914271533e-11
1.6595458984e+02 8.1960740101e-11 2.2987069587e-11 5.8973670514e-11
1.6601562500e+02 8.2035715517e-11 2.2991082919e-11 5.9044632598e-11
1.6607666016e+02 8.2181695730e-11 2.3038212389e-11 5.9143483341e-11
1.6613769531e+02 8.2367660020e-11 2.3102895987e-11 5.9264764033e-11
1.6619873047e+02 8.2532181087e-11 2.3152375887e-11 5.9379805200e-11
1.6625976562e+02 8.2618259939e-11 2.3165310347e-11 5.9452949592e-11
1.6632080078e+02 8.2601022437e-11 2.3135536890e-11 5.9465485547e-11
1.6638183594e+02 8.2476788818e-11 2.3063771563e-11 5.9413017256e-11
1.6644287109e+02 8.2249426631e-11 2.2958039777e-11 5.9291386854e-11
1.6650390625e+02 8.1960626711e-11 2.2847604635e-11 5.9113022076e-11
1.6656494141e+02 8.1693246864e-11 2.2778051357e-11 5.8915195507e-11
1.6662597656e+02 8.1489391803e-11 2.2773565963e-11 5.8715825840e-11
1.6668701172e+02 8.1281369567e-11 2.2805527045e-11 5.8475842522e-11
1.6674804688e+02 8.0942987256e-11 2.2807495245e-11 5.8135492011e-11
1.6680908203e+02 8.0421371666e-11 2.2730777173e-11 5.7690594493e-11
1.6687011719e+02 7.9802339672e-11 2.2589542301e-11 5.7212797371e-11
1.6693115234e+02 7.9226234568e-11 2.2444440323e-11 5.6781794245e-11
1.6699218750e+02 7.8761100974e-11 2.2342474299e-11 5.6418626675e-11
1.6705322266e+02 7.8379983078e-11 2.2284263741e-11 5.6095719337e-11
1.6711425781e+02 7.8019892130e-11 2.2244016743e-11 5.5775875387e-11
1.6717529297e+02 7.7637699807e-11 2.2203190834e-11 5.5434508973e-11
1.6723632812e+02 7.7248726564e-11 2.2164858061e-11 5.5083868503e-11
1.6729736328e+02 7.6912550131e-11 2.2141864599e-11 5.4770685533e-11
1.6735839844e+02 7.6652758923e-11 2.2129187632e-11 5.4523571291e-11
1.6741943359e+02 7.6427011727e-11 2.2098810665e-11 5.4328201063e-11
1.6748046875e+02 7.6201225752e-11 2.2035173019e-11 5.4166052732e-11
1.6754150391e+02 7.6003761721e-11 2.1963445998e-11 5.4040315724e-11
1.6760253906e+02 7.5880366323e-11 2.1924322009e-11 5.3956044315e-11
1.6766357422e+02 7.5817095854e-11 2.1919423850e-11 5.3897672004e-11
1.6772460938e+02 7.5723922401e-11 2.1893790276e-11 5.3830132125e-11
1.6778564453e+02 7.5518306913e-11 2.1788548832e-11 5.3729758081e-11
1.6784667969e+02 7.5226086620e-11 2.1606623073e-11 5.3619463547e-11
1.6790771484e+02 7.4953187599e-11 2.1405791372e-11 5.3547396226e-11
1.6796875000e+02 7.4761821760e-11 2.1235884846e-11 5.3525936915e-11
1.6802978516e+02 7.4626364892e-11 2.1104683318e-11 5.3521681573e-11
1.6809082031e+02 7.4494373083e-11 2.0993388273e-11 5.3500984810e-11
1.6815185547e+02 7.4343744818e-11 2.0887017411e-11 5.3456727407e-11
1.6821289062e+02 7.4185621723e-11 2.0789611007e-11 5.3396010716e-11
1.6827392578e+02 7.4030802806e-11 2.0709079739e-11 5.3321723068e-11
1.6833496094e+02 7.3866176676e-11 2.0634682953e-11 5.3231493723e-11
1.6839599609e+02 7.3674693233e-11 2.0545489967e-11 5.3129203266e-11
1.6845703125e+02 7.3454597542e-11 2.0433754520e-11 5.3020843022e-11
1.6851806641e+02 7.3205821937e-11 2.0306203349e-11 5.2899618588e-11
1.6857910156e+02 7.2930942934e-11 2.0175709318e-11 5.2755233617e-11
1.6864013672e+02 7.2648293106e-11 2.0063394024e-11 5.2584899082e-11
1.6870117188e+02 7.2369798544e-11 1.9992253452e-11 5.2377545092e-11
1.6876220703e+02 7.2080233437e-11 1.9965170146e-11 5.2115063291e-11
1.6882324219e+02 7.1759783261e-11 1.9957621704e-11 5.1802161556e-11
1.6888427734e+02 7.1402042034e-11 1.9935579998e-11 5.1466462036e-11
1.6894531250e+02 7.1002402633e-11 1.9874928232e-11 5.1127474402e-11
1.6900634766e+02 7.0560427053e-11 1.9772577774e-11 5.0787849279e-11
1.6906738281e+02 7.0095547750e-11 1.9649502113e-11 5.0446045636e-11
1.6912841797e+02 6.9632548904e-11 1.9533447084e-11 5.0099101820e-11
1.6918945312e+02 6.9171518162e-11 1.9431365122e-11 4.9740153040e-11
1.6925048828e+02 6.8687756521e-11 1.9324774036e-11 4.9362982485e-11
1.6931152344e+02 6.8158243300e-11 1.9191803511e-11 4.8966439789e-11
1.6937255859e+02 6.7581051899e-11 1.9028578314e-11 4.8552473586e-11
1.6943359375e+02 6.6974851761e-11 1.8851405720e-11 4.8123446041e-11
1.6949462891e+02 6.6366523142e-11 1.8681165638e-11 4.7685357504e-11
1.6955566406e+02 6.5770568715e-11 1.8521615669e-11 4.7248953046e-11
1.6961669922e+02 6.5175820576e-11 1.8355046893e-11 4.6820773683e-11
1.6967773438e+02 6.4566194286e-11 1.8170286398e-11 4.6395907888e-11
1.6973876953e+02 6.3952642522e-11 1.7987358931e-11 4.5965283590e-11
1.6979980469e+02 6.3367679658e-11 1.7834794062e-11 4.5532885596e-11
1.6986083984e+02 6.2837060092e-11 1.7714410663e-11 4.5122649429e-11
1.6992187500e+02 6.2370272911e-11 1.7610623534e-11 4.4759649377e-11
1.6998291016e+02 6.1958481138e-11 1.7517932588e-11 4.4440548550e-11
1.7004394531e+02 6.1572579156e-11 1.7441999601e-11 4.4130579555e-11
1.7010498047e+02 6.1197713675e-11 1.7394485594e-11 4.3803228081e-11
1.7016601562e+02 6.0871633832e-11 1.7393729090e-11 4.3477904741e-11
1.7022705078e+02 6.0648798852e-11 1.7446755018e-11 4.3202043834e-11
1.7028808594e+02 6.0534864163e-11 1.7529164821e-11 4.3005699342e-11
1.7034912109e+02 6.0486292657e-11 1.7599788651e-11 4.2886504006e-11
1.7041015625e+02 6.0459224642e-11 1.7635604226e-11 4.2823620416e-11
1.7047119141e+02 6.0443397304e-11 1.7647546568e-11 4.2795850736e-11
1.7053222656e+02 6.0456423616e-11 1.7664283441e-11 4.2792140175e-11
1.7059326172e+02 6.0512950398e-11 1.7703618829e-11 4.2809331569e-11
1.7065429688e+02 6.0618277948e-11 1.7763484614e-11 4.2854793334e-11
1.7071533203e+02 6.0791963412e-11 1.7837144899e-11 4.2954818513e-11
1.7077636719e+02 6.1059238613e-11 1.7923635955e-11 4.3135602658e-11
1.7083740234e+02 6.1411006982e-11 1.8016914043e-11 4.3394092939e-11
1.7089843750e+02 6.1793168764e-11 1.8091921345e-11 4.3701247419e-11
1.7095947266e+02 6.2133106797e-11 1.8114020456e-11 4.4019086341e-11
1.7102050781e+02 6.2378009716e-11 1.8067431910e-11 4.4310577806e-11
1.7108154297e+02 6.2525754642e-11 1.7970689483e-11 4.4555065159e-11
1.7114257812e+02 6.2616633621e-11 1.7862807239e-11 4.4753826382e-11
1.7120361328e+02 6.2682490041e-11 1.7769898564e-11 4.4912591478e-11
1.7126464844e+02 6.2712551689e-11 1.7682005580e-11 4.5030546108e-11
1.7132568359e+02 6.2680004042e-11 1.7572422705e-11 4.5107581337e-11
1.7138671875e+02 6.2590207913e-11 1.7439001738e-11 4.5151206175e-11
1.7144775391e+02 6.2482529008e-11 1.7308621216e-11 4.5173907792e-11
1.7150878906e+02 6.2380612910e-11 1.7199687753e-11 4.5180925157e-11
1.7156982422e+02 6.2256227171e-11 1.7099566419e-11 4.5156660753e-11
1.7163085938e+02 6.2060314920e-11 1.6988075862e-11 4.5072239058e-11
1.7169189453e+02 6.1790078629e-11 1.6870291118e-11 4.4919787511e-11
1.7175292969e+02 6.1504528881e-11 1.6774736716e-11 4.4729792165e-11
1.7181396484e+02 6.1264478753e-11 1.6725951638e-11 4.4538527115e-11
1.7187500000e+02 6.1072569109e-11 1.6723828098e-11 4.4348741011e-11
1.7193603516e+02 6.0878147385e-11 1.6743143587e-11 4.4135003798e-11
1.7199707031e+02 6.0633085335e-11 1.6753092675e-11 4.3879992659e-11
1.7205810547e+02 6.0332926173e-11 1.6740360926e-11 4.3592565247e-11
1.7211914062e+02 5.9995552420e-11 1.6709622596e-11 4.3285929824e-11
1.7218017578e+02 5.9621171538e-11 1.6668489845e-11 4.2952681693e-11
1.7224121094e+02 5.9199069703e-11 1.6623086242e-11 4.2575983461e-11
1.7230224609e+02 5.8726368752e-11 1.6575619380e-11 4.2150749373e-11
1.7236328125e+02 5.8196836779e-11 1.6513652776e-11 4.1683184003e-11
1.7242431641e+02 5.7601748943e-11 1.6416427183e-11 4.1185321760e-11
1.7248535156e+02 5.6947315628e-11 1.6277014157e-11 4.0670301471e-11
1.7254638672e+02 5.6245770628e-11 1.6104139418e-11 4.0141631210e-11
1.7260742188e+02 5.5504650314e-11 1.5908697883e-11 3.9595952431e-11
1.7266845703e+02 5.4744014539e-11 1.5703119790e-11 3.9040894748e-11
1.7272949219e+02 5.3999545551e-11 1.5502689562e-11 3.8496855989e-11
1.7279052734e+02 5.3292691745e-11 1.5314965974e-11 3.7977725771e-11
1.7285156250e+02 5.2616664496e-11 1.5136569427e-11 3.7480095069e-11
1.7291259766e+02 5.1961376391e-11 1.4964865745e-11 3.6996510646e-11
1.7297363281e+02 5.1334781996e-11 1.4803072388e-11 3.6531709609e-11
1.7303466797e+02 5.0750348145e-11 1.4653314290e-11 3.6097033856e-11
1.7309570312e+02 5.0209560456e-11 1.4513474192e-11 3.5696086264e-11
1.7315673828e+02 4.9704062827e-11 1.4379140684e-11 3.5324922143e-11
1.7321777344e+02 4.9225832059e-11 1.4246163671e-11 3.4979668388e-11
1.7327880859e+02 4.8775038081e-11 1.4117561505e-11 3.4657476576e-11
1.7333984375e+02 4.8359202860e-11 1.4006122496e-11 3.4353080364e-11
1.7340087891e+02 4.7981234739e-11 1.3923178153e-11 3.4058056586e-11
1.7346191406e+02 4.7633853012e-11 1.3868459675e-11 3.3765393337e-11
1.7352294922e+02 4.7312485767e-11 1.3834228605e-11 3.3478257163e-11
1.7358398438e+02 4.7030734539e-11 1.3812018560e-11 3.3218715979e-11
1.7364501953e+02 4.6812973766e-11 1.3792002450e-11 3.3020971316e-11
1.7370605469e+02 4.6661770919e-11 1.3762216274e-11 3.2899554646e-11
1.7376708984e+02 4.6539842774e-11 1.3712675533e-11 3.2827167241e-11
1.7382812500e+02 4.6396433783e-11 1.3640286486e-11 3.2756147297e-11
1.7388916016e+02 4.6211480589e-11 1.3552973007e-11 3.2658507582e-11
1.7395019531e+02 4.6012407475e-11 1.3469356854e-11 3.2543050621e-11
1.7401123047e+02 4.5840817133e-11 1.3404064849e-11 3.2436752284e-11
1.7407226562e+02 4.5700349129e-11 1.3348969437e-11 3.2351379691e-11
1.7413330078e+02 4.5554740030e-11 1.3280352649e-11 3.2274387382e-11
1.7419433594e+02 4.5377140389e-11 1.3187023252e-11 3.2190117137e-11
1.7425537109e+02 4.5180980985e-11 1.3081002217e-11 3.2099978769e-11
1.7431640625e+02 4.5007791186e-11 1.2984361727e-11 3.2023429459e-11
1.7437744141e+02 4.4891510103e-11 1.2913298825e-11 3.1978211278e-11
1.7443847656e+02 4.4821075738e-11 1.2866499148e-11 3.1954576590e-11
1.7449951172e+02 4.4745444452e-11 1.2825586442e-11 3.1919858009e-11
1.7456054688e+02 4.4629796898e-11 1.2775454911e-11 3.1854341988e-11
1.7462158203e+02 4.4488664729e-11 1.2720067944e-11 3.1768596785e-11
1.7468261719e+02 4.4351668394e-11 1.2669686721e-11 3.1681981673e-11
1.7474365234e+02 4.4222232684e-11 1.2623021165e-11 3.1599211519e-11
1.7480468750e+02 4.4085645444e-11 1.2572294471e-11 3.1513350974e-11
1.7486572266e+02 4.3938671409e-11 1.2517431547e-11 3.1421239862e-11
1.7492675781e+02 4.3795259749e-11 1.2468373513e-11 3.1326886235e-11
1.7498779297e+02 4.3669366646e-11 1.2437052749e-11 3.1232313897e-11
1.7504882812e+02 4.3560647028e-11 1.2426769824e-11 3.1133877204e-11
1.7510986328e+02 4.3452844559e-11 1.2426098978e-11 3.1026745580e-11
1.7517089844e+02 4.3322169566e-11 1.2416477175e-11 3.0905692391e-11
1.7523193359e+02 4.3157488310e-11 1.2388757557e-11 3.0768730752e-11
1.7529296875e+02 4.2981523195e-11 1.2350523592e-11 3.0630999603e-11
1.7535400391e+02 4.2842455525e-11 1.2318982336e-11 3.0523473189e-11
1.7541503906e+02 4.2772355148e-11 1.2308270010e-11 3.0464085138e-11
1.7547607422e+02 4.2760226651e-11 1.2319517582e-11 3.0440709069e-11
1.7553710938e+02 4.2770563790e-11 1.2341141128e-11 3.0429422662e-11
1.7559814453e+02 4.2773082387e-11 1.2358970942e-11 3.0414111445e-11
1.7565917969e+02 4.2751085390e-11 1.2364085046e-11 3.0387000344e-11
1.7572021484e+02 4.2701541889e-11 1.2351763580e-11 3.0349778310e-11
1.7578125000e+02 4.2635571921e-11 1.2320627346e-11 3.0314944575e-11
1.7584228516e+02 4.2568149813e-11 1.2277128520e-11 3.0291021293e-11
1.7590332031e+02 4.2503790956e-11 1.2234801307e-11 3.0268989650e-11
1.7596435547e+02 4.2436999680e-11 1.2205312552e-11 3.0231687128e-11
1.7602539062e+02 4.2363472885e-11 1.2192676388e-11 3.0170796497e-11
1.7608642578e+02 4.2285696845e-11 1.2194716804e-11 3.0090980041e-11
1.7614746094e+02 4.2209504327e-11 1.2206336716e-11 3.0003167611e-11
1.7620849609e+02 4.2139495160e-11 1.2222114601e-11 2.9917380559e-11
1.7626953125e+02 4.2077785787e-11 1.2236989159e-11 2.9840796629e-11
1.7633056641e+02 4.2016235184e-11 1.2241211670e-11 2.9775023514e-11
1.7639160156e+02 4.1929744871e-11 1.2218903716e-11 2.9710841155e-11
1.7645263672e+02 4.1799107184e-11 1.2164371943e-11 2.9634735241e-11
1.7651367188e+02 4.1640453904e-11 1.2096708662e-11 2.9543745241e-11
1.7657470703e+02 4.1491050123e-11 1.2044955233e-11 2.9446094890e-11
1.7663574219e+02 4.1370983443e-11 1.2022152517e-11 2.9348830926e-11
1.7669677734e+02 4.1275588095e-11 1.2021557231e-11 2.9254030864e-11
1.7675781250e+02 4.1203101784e-11 1.2032590707e-11 2.9170511076e-11
1.7681884766e+02 4.1174156364e-11 1.2052982238e-11 2.9121174126e-11
1.7687988281e+02 4.1206899954e-11 1.2082892495e-11 2.9124007459e-11
1.7694091797e+02 4.1273222416e-11 1.2109881109e-11 2.9163341306e-11
1.7700195312e+02 4.1303368555e-11 1.2111194009e-11 2.9192174546e-11
1.7706298828e+02 4.1247111547e-11 1.2077271337e-11 2.9169840210e-11
1.7712402344e+02 4.1119124595e-11 1.2023970721e-11 2.9095153874e-11
1.7718505859e+02 4.0981379670e-11 1.1976738766e-11 2.9004640904e-11
1.7724609375e+02 4.0890765155e-11 1.1949052883e-11 2.8941712273e-11
1.7730712891e+02 4.0859387565e-11 1.1936759021e-11 2.8922628544e-11
1.7736816406e+02 4.0854020368e-11 1.1926766067e-11 2.8927254301e-11
1.7742919922e+02 4.0827828835e-11 1.1908350155e-11 2.8919478680e-11
1.7749023438e+02 4.0751338647e-11 1.1879195309e-11 2.8872143337e-11
1.7755126953e+02 4.0624159000e-11 1.1845398860e-11 2.8778760139e-11
1.7761230469e+02 4.0469987829e-11 1.1815961120e-11 2.8654026709e-11
1.7767333984e+02 4.0317752747e-11 1.1794856195e-11 2.8522896552e-11
1.7773437500e+02 4.0178664171e-11 1.1778390504e-11 2.8400273667e-11
1.7779541016e+02 4.0040548005e-11 1.1760573673e-11 2.8279974333e-11
1.7785644531e+02 3.9887463246e-11 1.1739091290e-11 2.8148371956e-11
1.7791748047e+02 3.9721722494e-11 1.1714551481e-11 2.8007171014e-11
1.7797851562e+02 3.9561506595e-11 1.1686672618e-11 2.7874833977e-11
1.7803955078e+02 3.9419062003e-11 1.1654748928e-11 2.7764313075e-11
1.7810058594e+02 3.9291514440e-11 1.1621057669e-11 2.7670456771e-11
1.7816162109e+02 3.9174624598e-11 1.1590156209e-11 2.7584468390e-11
1.7822265625e+02 3.9069622285e-11 1.1563300436e-11 2.7506321848e-11
1.7828369141e+02 3.8969986514e-11 1.1535224767e-11 2.7434761748e-11
1.7834472656e+02 3.8856369263e-11 1.1496990462e-11 2.7359378800e-11
1.7840576172e+02 3.8711497723e-11 1.1441013531e-11 2.7270484192e-11
1.7846679688e+02 3.8532868275e-11 1.1365269777e-11 2.7167598498e-11
1.7852783203e+02 3.8335119540e-11 1.1275927523e-11 2.7059192017e-11
1.7858886719e+02 3.8141989581e-11 1.1183775292e-11 2.6958214289e-11
1.7864990234e+02 3.7962944900e-11 1.1095495893e-11 2.6867449007e-11
1.7871093750e+02 3.7785521978e-11 1.1012998315e-11 2.6772523662e-11
1.7877197266e+02 3.7601929382e-11 1.0940092095e-11 2.6661837287e-11
1.7883300781e+02 3.7421507051e-11 1.0879787321e-11 2.6541719730e-11
1.7889404297e+02 3.7248596429e-11 1.0826323699e-11 2.6422272730e-11
1.7895507812e+02 3.7071009892e-11 1.0768971251e-11 2.6302038640e-11
1.7901611328e+02 3.6873856932e-11 1.0701889539e-11 2.6171967392e-11
1.7907714844e+02 3.6655426402e-11 1.0628493754e-11 2.6026932648e-11
1.7913818359e+02 3.6435026297e-11 1.0561606301e-11 2.5873419996e-11
1.7919921875e+02 3.6237799133e-11 1.0514339596e-11 2.5723459536e-11
1.7926025391e+02 3.6062358258e-11 1.0484632696e-11 2.5577725562e-11
1.7932128906e+02 3.5882577306e-11 1.0457200141e-11 2.5425377165e-11
1.7938232422e+02 3.5685453872e-11 1.0422618003e-11 2.5262835869e-11
1.7944335938e+02 3.5482750568e-11 1.0384202926e-11 2.5098547642e-11
1.7950439453e+02 3.5288523268e-11 1.0348014645e-11 2.4940508622e-11
1.7956542969e+02 3.5107354780e-11 1.0315866593e-11 2.4791488187e-11
1.7962646484e+02 3.4935612406e-11 1.0284832913e-11 2.4650779492e-11
1.7968750000e+02 3.4756680875e-11 1.0245586349e-11 2.4511094526e-11
1.7974853516e+02 3.4543943101e-11 1.0184791669e-11 2.4359151432e-11
1.7980957031e+02 3.4280386334e-11 1.0096202092e-11 2.4184184241e-11
1.7987060547e+02 3.3974709499e-11 9.9888738619e-12 2.3985835637e-11
1.7993164062e+02 3.3656342571e-11 9.8820026893e-12 2.3774339882e-11
1.7999267578e+02 3.3353601273e-11 9.7916774717e-12 2.3561923801e-11
1.8005371094e+02 3.3077786060e-11 9.7212764690e-12 2.3356509591e-11
1.8011474609e+02 3.2821922769e-11 9.6608562559e-12 2.3161066513e-11
1.8017578125e+02 3.2563313063e-11 9.5950300510e-12 2.2968283012e-11
1.8023681641e+02 3.2276216207e-11 9.5149618624e-12 2.2761254345e-11
1.8029785156e+02 3.1956830339e-11 9.4244397545e-12 2.2532390585e-11
1.8035888672e+02 3.1628388793e-11 9.3338123806e-12 2.2294576413e-11
1.8041992188e+02 3.1315668089e-11 9.2505294995e-12 2.2065138590e-11
1.8048095703e+02 3.1024097117e-11 9.1759423224e-12 2.1848154795e-11
1.8054199219e+02 3.0742271549e-11 9.1052050206e-12 2.1637066528e-11
1.8060302734e+02 3.0459201993e-11 9.0315173109e-12 2.1427684682e-11
1.8066406250e+02 3.0184515930e-11 8.9570430722e-12 2.1227472858e-11
1.8072509766e+02 2.9947981600e-11 8.8951193730e-12 2.1052862227e-11
1.8078613281e+02 2.9772028160e-11 8.8573838177e-12 2.0914644342e-11
1.8084716797e+02 2.9647746873e-11 8.8419923962e-12 2.0805754477e-11
1.8090820312e+02 2.9538073618e-11 8.8331300066e-12 2.0704943612e-11
1.8096923828e+02 2.9407952376e-11 8.8123994629e-12 2.0595552913e-11
1.8103027344e+02 2.9258286461e-11 8.7761717741e-12 2.0482114687e-11
1.8109130859e+02 2.9122950583e-11 8.7389614731e-12 2.0383989110e-11
1.8115234375e+02 2.9026076772e-11 8.7144289878e-12 2.0311647784e-11
1.8121337891e+02 2.8953857917e-11 8.6988242190e-12 2.0255033698e-11
1.8127441406e+02 2.8874620145e-11 8.6787750347e-12 2.0195845111e-11
1.8133544922e+02 2.8775538012e-11 8.6487441483e-12 2.0126793863e-11
1.8139648438e+02 2.8673246451e-11 8.6143657631e-12 2.0058880688e-11
1.8145751953e+02 2.8594326753e-11 8.5838912305e-12 2.0010435522e-11
1.8151855469e+02 2.8548786156e-11 8.5617482768e-12 1.9987037879e-11
1.8157958984e+02 2.8518088414e-11 8.5452988538e-12 1.9972789560e-11
1.8164062500e+02 2.8470495842e-11 8.5246237034e-12 1.9945872139e-11
1.8170166016e+02 2.8394043726e-11 8.4910449930e-12 1.9902998733e-11
1.8176269531e+02 2.8309282672e-11 8.4467230508e-12 1.9862559621e-11
1.8182373047e+02 2.8247927667e-11 8.4017830593e-12 1.9846144607e-11
1.8188476562e+02 2.8229931117e-11 8.3652543954e-12 1.9864676722e-11
1.8194580078e+02 2.8261202495e-11 8.3427954166e-12 1.9918407078e-11
1.8200683594e+02 2.8335763088e-11 8.3368465611e-12 1.9998916527e-11
1.8206787109e+02 2.8429771662e-11 8.3428658049e-12 2.0086905857e-11
1.8212890625e+02 2.8507595238e-11 8.3502843738e-12 2.0157310865e-11
1.8218994141e+02 2.8550574477e-11 8.3520006350e-12 2.0198573842e-11
1.8225097656e+02 2.8576672306e-11 8.3514851568e-12 2.0225187150e-11
1.8231201172e+02 2.8621296583e-11 8.3598022511e-12 2.0261494332e-11
1.8237304688e+02 2.8698471977e-11 8.3843925425e-12 2.0314079434e-11
1.8243408203e+02 2.8786698336e-11 8.4188026044e-12 2.0367895731e-11
1.8249511719e+02 2.8850756736e-11 8.4463882823e-12 2.0404368454e-11
1.8255615234e+02 2.8871498424e-11 8.4568370261e-12 2.0414661398e-11
1.8261718750e+02 2.8855051139e-11 8.4542693412e-12 2.0400781798e-11
1.8267822266e+02 2.8815418353e-11 8.4460891995e-12 2.0369329153e-11
1.8273925781e+02 2.8754031532e-11 8.4323488766e-12 2.0321682656e-11
1.8280029297e+02 2.8664482260e-11 8.4118373898e-12 2.0252644870e-11
1.8286132812e+02 2.8552551639e-11 8.3892825462e-12 2.0163269093e-11
1.8292236328e+02 2.8442393988e-11 8.3710178308e-12 2.0071376157e-11
1.8298339844e+02 2.8360728145e-11 8.3598395421e-12 2.0000888603e-11
1.8304443359e+02 2.8309811228e-11 8.3527760405e-12 1.9957035188e-11
1.8310546875e+02 2.8259981003e-11 8.3406421380e-12 1.9919338865e-11
1.8316650391e+02 2.8184421167e-11 8.3175521252e-12 1.9866869042e-11
1.8322753906e+02 2.8091985900e-11 8.2899970822e-12 1.9801988818e-11
1.8328857422e+02 2.8003813867e-11 8.2661622992e-12 1.9737651568e-11
1.8334960938e+02 2.7915652875e-11 8.2427788797e-12 1.9672873996e-11
1.8341064453e+02 2.7812263723e-11 8.2138667796e-12 1.9598396943e-11
1.8347167969e+02 2.7702881845e-11 8.1837423840e-12 1.9519139461e-11
1.8353271484e+02 2.7616830790e-11 8.1621754303e-12 1.9454655360e-11
1.8359375000e+02 2.7569964977e-11 8.1530764110e-12 1.9416888566e-11
1.8365478516e+02 2.7549520083e-11 8.1520584790e-12 1.9397461604e-11
1.8371582031e+02 2.7532980499e-11 8.1515823142e-12 1.9381398184e-11
1.8377685547e+02 2.7510268415e-11 8.1466944920e-12 1.9363573923e-11
1.8383789062e+02 2.7479572114e-11 8.1364193802e-12 1.9343152734e-11
1.8389892578e+02 2.7435806919e-11 8.1221107903e-12 1.9313696129e-11
1.8395996094e+02 2.7379341818e-11 8.1071443228e-12 1.9272197495e-11
1.8402099609e+02 2.7326999046e-11 8.0964347651e-12 1.9230564281e-11
1.8408203125e+02 2.7300128250e-11 8.0927762687e-12 1.9207351981e-11
1.8414306641e+02 2.7303393551e-11 8.0935666245e-12 1.9209826926e-11
1.8420410156e+02 2.7320519490e-11 8.0931727548e-12 1.9227346735e-11
1.8426513672e+02 2.7330691597e-11 8.0895148385e-12 1.9241176758e-11
1.8432617188e+02 2.7326942244e-11 8.0865374415e-12 1.9240404802e-11
1.8438720703e+02 2.7317436929e-11 8.0888285985e-12 1.9228608331e-11
1.8444824219e+02 2.7312415009e-11 8.0964209844e-12 1.9215994025e-11
1.8450927734e+02 2.7317210439e-11 8.1066248527e-12 1.9210585586e-11
1.8457031250e+02 2.7334454496e-11 8.1171579568e-12 1.9217296539e-11
1.8463134766e+02 2.7360573875e-11 8.1248940917e-12 1.9235679783e-11
1.8469238281e+02 2.7383763548e-11 8.1263458306e-12 1.9257417717e-11
1.8475341797e+02 2.7395645826e-11 8.1226120820e-12 1.9273033744e-11
1.8481445312e+02 2.7398221009e-11 8.1182366614e-12 1.9279984348e-11
1.8487548828e+02 2.7395539975e-11 8.1132221989e-12 1.9282317776e-11
1.8493652344e+02 2.7392622410e-11 8.1041514364e-12 1.9288470974e-11
1.8499755859e+02 2.7401053423e-11 8.0925407677e-12 1.9308512655e-11
1.8505859375e+02 2.7425838036e-11 8.0823002928e-12 1.9343537743e-11
1.8511962891e+02 2.7452766837e-11 8.0718394464e-12 1.9380927391e-11
1.8518066406e+02 2.7465431791e-11 8.0569032844e-12 1.9408528506e-11
1.8524169922e+02 2.7466936372e-11 8.0386110977e-12 1.9428325274e-11
1.8530273438e+02 2.7474663705e-11 8.0248086835e-12 1.9449855022e-11
1.8536376953e+02 2.7495217157e-11 8.0237032770e-12 1.9471513880e-11
1.8542480469e+02 2.7510730779e-11 8.0350486484e-12 1.9475682130e-11
1.8548583984e+02 2.7496253517e-11 8.0479179405e-12 1.9448335577e-11
1.8554687500e+02 2.7445363992e-11 8.0496643404e-12 1.9395699652e-11
1.8560791016e+02 2.7371478329e-11 8.0364251436e-12 1.9335053186e-11
1.8566894531e+02 2.7291317241e-11 8.0138383379e-12 1.9277478903e-11
1.8572998047e+02 2.7213270718e-11 7.9906018631e-12 1.9222668855e-11
1.8579101562e+02 2.7137865992e-11 7.9734089644e-12 1.9164457028e-11
1.8585205078e+02 2.7065140950e-11 7.9654601949e-12 1.9099680755e-11
1.8591308594e+02 2.6998978463e-11 7.9672624915e-12 1.9031715972e-11
1.8597412109e+02 2.6944718231e-11 7.9779272477e-12 1.8966790984e-11
1.8603515625e+02 2.6902380577e-11 7.9935336643e-12 1.8908846913e-11
1.8609619141e+02 2.6861136802e-11 8.0055917906e-12 1.8855545011e-11
1.8615722656e+02 2.6806830368e-11 8.0074102335e-12 1.8799420135e-11
1.8621826172e+02 2.6736653116e-11 8.0013538486e-12 1.8735299268e-11
1.8627929688e+02 2.6654603610e-11 7.9921971096e-12 1.8662406501e-11
1.8634033203e+02 2.6553320835e-11 7.9753962357e-12 1.8577924599e-11
1.8640136719e+02 2.6421442729e-11 7.9426622949e-12 1.8478780434e-11
1.8646240234e+02 2.6270243660e-11 7.8978344156e-12 1.8372409245e-11
1.8652343750e+02 2.6129663348e-11 7.8558550150e-12 1.8273808333e-11
1.8658447266e+02 2.6014854351e-11 7.8254530862e-12 1.8189401265e-11
1.8664550781e+02 2.5914052655e-11 7.8008045383e-12 1.8113248117e-11
1.8670654297e+02 2.5812663696e-11 7.7715937923e-12 1.8041069904e-11
1.8676757812e+02 2.5715225596e-11 7.7356373007e-12 1.7979588296e-11
1.8682861328e+02 2.5634631101e-11 7.6982996701e-12 1.7936331431e-11
1.8688964844e+02 2.5571443430e-11 7.6639802040e-12 1.7907463226e-11
1.8695068359e+02 2.5518667820e-11 7.6342332534e-12 1.7884434566e-11
1.8701171875e+02 2.5477218172e-11 7.6116978425e-12 1.7865520330e-11
1.8707275391e+02 2.5451351480e-11 7.5987322513e-12 1.7852619229e-11
1.8713378906e+02 2.5435537724e-11 7.5914032947e-12 1.7844134429e-11
1.8719482422e+02 2.5413134062e-11 7.5784742647e-12 1.7834659798e-11
1.8725585938e+02 2.5362778976e-11 7.5485039759e-12 1.7814275001e-11
1.8731689453e+02 2.5268513992e-11 7.4981387679e-12 1.7770375224e-11
1.8737792969e+02 2.5132010800e-11 7.4332704307e-12 1.7698740369e-11
1.8743896484e+02 2.4977180094e-11 7.3659910602e-12 1.7611189033e-11
1.8750000000e+02 2.4838373489e-11 7.3123930319e-12 1.7525980457e-11
1.8756103516e+02 2.4734098281e-11 7.2845146165e-12 1.7449583664e-11
1.8762207031e+02 2.4650000368e-11 7.2789506974e-12 1.7371049671e-11
1.8768310547e+02 2.4555389061e-11 7.2790670819e-12 1.7276321979e-11
1.8774414062e+02 2.4436646345e-11 7.2700708563e-12 1.7166575489e-11
1.8780517578e+02 2.4308161296e-11 7.2482078872e-12 1.7059953408e-11
1.8786621094e+02 2.4190535048e-11 7.2168191616e-12 1.6973715887e-11
1.8792724609e+02 2.4083644870e-11 7.1792622509e-12 1.6904382619e-11
1.8798828125e+02 2.3965936239e-11 7.1375856625e-12 1.6828350577e-11
1.8804931641e+02 2.3818617141e-11 7.0940703891e-12 1.6724546752e-11
1.8811035156e+02 2.3643645731e-11 7.0511168972e-12 1.6592528834e-11
1.8817138672e+02 2.3456590109e-11 7.0102003993e-12 1.6446389710e-11
1.8823242188e+02 2.3267409649e-11 6.9701967651e-12 1.6297212884e-11
1.8829345703e+02 2.3073877004e-11 6.9273171512e-12 1.6146559852e-11
1.8835449219e+02 2.2876012649e-11 6.8799167092e-12 1.5996095939e-11
1.8841552734e+02 2.2687423372e-11 6.8315932687e-12 1.5855830103e-11
1.8847656250e+02 2.2521774936e-11 6.7864514733e-12 1.5735323462e-11
1.8853759766e+02 2.2375345391e-11 6.7440140575e-12 1.5631331333e-11
1.8859863281e+02 2.2232842241e-11 6.7009498683e-12 1.5531892373e-11
1.8865966797e+02 2.2087955888e-11 6.6571126662e-12 1.5430843222e-11
1.8872070312e+02 2.1950412688e-11 6.6183043096e-12 1.5332108378e-11
1.8878173828e+02 2.1830176840e-11 6.5897044561e-12 1.5240472384e-11
1.8884277344e+02 2.1722898217e-11 6.5673941859e-12 1.5155504031e-11
1.8890380859e+02 2.1615544873e-11 6.5414487600e-12 1.5074096113e-11
1.8896484375e+02 2.1499133790e-11 6.5066687497e-12 1.4992465040e-11
1.8902587891e+02 2.1374010474e-11 6.4662652327e-12 1.4907745241e-11
1.8908691406e+02 2.1248483730e-11 6.4265509625e-12 1.4821932767e-11
1.8914794922e+02 2.1133312225e-11 6.3915077447e-12 1.4741804480e-11
1.8920898438e+02 2.1035956214e-11 6.3627978388e-12 1.4673158375e-11
1.8927001953e+02 2.0960128848e-11 6.3428799040e-12 1.4617248944e-11
1.8933105469e+02 2.0906612967e-11 6.3341828205e-12 1.4572430146e-11
1.8939208984e+02 2.0872333015e-11 6.3345713829e-12 1.4537761632e-11
1.8945312500e+02 2.0854300335e-11 6.3378576137e-12 1.4516442722e-11
1.8951416016e+02 2.0851321900e-11 6.3384326316e-12 1.4512889268e-11
1.8957519531e+02 2.0854792832e-11 6.3324203257e-12 1.4522372507e-11
1.8963623047e+02 2.0848275001e-11 6.3186317970e-12 1.4529643204e-11
1.8969726562e+02 2.0825471550e-11 6.3014282860e-12 1.4524043264e-11
1.8975830078e+02 2.0798251809e-11 6.2873923888e-12 1.4510859420e-11
1.8981933594e+02 2.0780269179e-11 6.2778056571e-12 1.4502463522e-11
1.8988037109e+02 2.0772200327e-11 6.2688719692e-12 1.4503328358e-11
1.8994140625e+02 2.0767738986e-11 6.2577890824e-12 1.4509949904e-11
1.9000244141e+02 2.0764174546e-11 6.2441501940e-12 1.4520024352e-11
1.9006347656e+02 2.0761305112e-11 6.2277318364e-12 1.4533573276e-11
1.9012451172e+02 2.0757141916e-11 6.2082560275e-12 1.4548885889e-11
1.9018554688e+02 2.0749830648e-11 6.1863249651e-12 1.4563505683e-11
1.9024658203e+02 2.0742732366e-11 6.1653546225e-12 1.4577377743e-11
1.9030761719e+02 2.0745084857e-11 6.1527033557e-12 1.4592381502e-11
1.9036865234e+02 2.0763559493e-11 6.1535629010e-12 1.4609996592e-11
1.9042968750e+02 2.0792651652e-11 6.1626204271e-12 1.4630031224e-11
1.9049072266e+02 2.0814518369e-11 6.1665047607e-12 1.4648013608e-11
1.9055175781e+02 2.0809204250e-11 6.1551218165e-12 1.4654082433e-11
1.9061279297e+02 2.0769247364e-11 6.1291603910e-12 1.4640086973e-11
1.9067382812e+02 2.0703403747e-11 6.0984473571e-12 1.4604956390e-11
1.9073486328e+02 2.0623180317e-11 6.0736413129e-12 1.4549539004e-11
1.9079589844e+02 2.0531363314e-11 6.0575169621e-12 1.4473846352e-11
1.9085693359e+02 2.0427810286e-11 6.0453556361e-12 1.4382454650e-11
1.9091796875e+02 2.0321140457e-11 6.0343773398e-12 1.4286763117e-11
1.9097900391e+02 2.0226552359e-11 6.0273063358e-12 1.4199246023e-11
1.9104003906e+02 2.0149632521e-11 6.0245826530e-12 1.4125049868e-11
1.9110107422e+02 2.0078574593e-11 6.0194538915e-12 1.4059120702e-11
1.9116210938e+02 1.9997988050e-11 6.0048066073e-12 1.3993181443e-11
1.9122314453e+02 1.9906005381e-11 5.9814458614e-12 1.3924559519e-11
1.9128417969e+02 1.9812161294e-11 5.9563352875e-12 1.3855826007e-11
1.9134521484e+02 1.9726533704e-11 5.9363283394e-12 1.3790205364e-11
1.9140625000e+02 1.9660874993e-11 5.9278458621e-12 1.3733029131e-11
1.9146728516e+02 1.9627962045e-11 5.9363359767e-12 1.3691626068e-11
1.9152832031e+02 1.9625200079e-11 5.9578792491e-12 1.3667320830e-11
1.9158935547e+02 1.9631152591e-11 5.9768329414e-12 1.3654319649e-11
1.9165039062e+02 1.9628684379e-11 5.9797895131e-12 1.3648894866e-11
1.9171142578e+02 1.9618938204e-11 5.9681208484e-12 1.3650817356e-11
1.9177246094e+02 1.9610014400e-11 5.9531935150e-12 1.3656820885e-11
1.9183349609e+02 1.9603736973e-11 5.9429678479e-12 1.3660769125e-11
1.9189453125e+02 1.9593949544e-11 5.9351002870e-12 1.3658849257e-11
1.9195556641e+02 1.9575045428e-11 5.9223307608e-12 1.3652714667e-11
1.9201660156e+02 1.9551343637e-11 5.9024089370e-12 1.3648934700e-11
1.9207763672e+02 1.9532170984e-11 5.8793094180e-12 1.3652861566e-11
1.9213867188e+02 1.9519622271e-11 5.8568214013e-12 1.3662800870e-11
1.9219970703e+02 1.9508017659e-11 5.8353965753e-12 1.3672621084e-11
1.9226074219e+02 1.9491317548e-11 5.8134368574e-12 1.3677880691e-11
1.9232177734e+02 1.9465936941e-11 5.7892902213e-12 1.3676646720e-11
1.9238281250e+02 1.9432319512e-11 5.7651325525e-12 1.3667186960e-11
1.9244384766e+02 1.9397650826e-11 5.7491993020e-12 1.3648451524e-11
1.9250488281e+02 1.9370942975e-11 5.7483630380e-12 1.3622579937e-11
1.9256591797e+02 1.9354227498e-11 5.7583112042e-12 1.3595916294e-11
1.9262695312e+02 1.9341998011e-11 5.7668990197e-12 1.3575098991e-11
1.9268798828e+02 1.9324918440e-11 5.7654526623e-12 1.3559465778e-11
1.9274902344e+02 1.9291096935e-11 5.7517589367e-12 1.3539337998e-11
1.9281005859e+02 1.9231453079e-11 5.7273381119e-12 1.3504114967e-11
1.9287109375e+02 1.9149002588e-11 5.6979549652e-12 1.3451047623e-11
1.9293212891e+02 1.9058923728e-11 5.6720519701e-12 1.3386871758e-11
1.9299316406e+02 1.8974578799e-11 5.6533510585e-12 1.3321227741e-11
1.9305419922e+02 1.8891860427e-11 5.6363768550e-12 1.3255483572e-11
1.9311523438e+02 1.8789611391e-11 5.6111276692e-12 1.3178483722e-11
1.9317626953e+02 1.8648746218e-11 5.5718486681e-12 1.3076897550e-11
1.9323730469e+02 1.8471347763e-11 5.5215372930e-12 1.2949810469e-11
1.9329833984e+02 1.8280771263e-11 5.4690693384e-12 1.2811701924e-11
1.9335937500e+02 1.8103858433e-11 5.4223160636e-12 1.2681542369e-11
1.9342041016e+02 1.7951872739e-11 5.3837062263e-12 1.2568166513e-11
1.9348144531e+02 1.7815792828e-11 5.3511089761e-12 1.2464683852e-11
1.9354248047e+02 1.7676881831e-11 5.3195229219e-12 1.2357358910e-11
1.9360351562e+02 1.7520480949e-11 5.2813242124e-12 1.2239156736e-11
1.9366455078e+02 1.7343316839e-11 5.2300184221e-12 1.2113298417e-11
1.9372558594e+02 1.7151874342e-11 5.1658610736e-12 1.1986013268e-11
1.9378662109e+02 1.6955396928e-11 5.0959089209e-12 1.1859488007e-11
1.9384765625e+02 1.6763030570e-11 5.0304366266e-12 1.1732593944e-11
1.9390869141e+02 1.6586417925e-11 4.9795627420e-12 1.1606855183e-11
1.9396972656e+02 1.6436807669e-11 4.9477207520e-12 1.1489086917e-11
1.9403076172e+02 1.6316442664e-11 4.9301933385e-12 1.1386249325e-11
1.9409179688e+02 1.6217618235e-11 4.9188494588e-12 1.1298768776e-11
1.9415283203e+02 1.6130361698e-11 4.9095500749e-12 1.1220811623e-11
1.9421386719e+02 1.6047249033e-11 4.9012174714e-12 1.1146031562e-11
1.9427490234e+02 1.5963942111e-11 4.8922222004e-12 1.1071719911e-11
1.9433593750e+02 1.5879565303e-11 4.8805271099e-12 1.0999038193e-11
1.9439697266e+02 1.5798296460e-11 4.8657140139e-12 1.0932582446e-11
1.9445800781e+02 1.5732409607e-11 4.8518463279e-12 1.0880563279e-11
1.9451904297e+02 1.5698935081e-11 4.8474834939e-12 1.0851451587e-11
1.9458007812e+02 1.5706000295e-11 4.8587466775e-12 1.0847253618e-11
1.9464111328e+02 1.5743197694e-11 4.8818335451e-12 1.0861364149e-11
1.9470214844e+02 1.5787892230e-11 4.9043835555e-12 1.0883508674e-11
1.9476318359e+02 1.5820322613e-11 4.9148544082e-12 1.0905468205e-11
1.9482421875e+02 1.5833786645e-11 4.9100085593e-12 1.0923778086e-11
1.9488525391e+02 1.5833214788e-11 4.8937413131e-12 1.0939473475e-11
1.9494628906e+02 1.5828896622e-11 4.8727798415e-12 1.0956116780e-11
1.9500732422e+02 1.5832937119e-11 4.8553019351e-12 1.0977635184e-11
1.9506835938e+02 1.5853673180e-11 4.8476241809e-12 1.1006049000e-11
1.9512939453e+02 1.5890166729e-11 4.8484274159e-12 1.1041739313e-11
1.9519042969e+02 1.5934852051e-11 4.8490712831e-12 1.1085780768e-11
1.9525146484e+02 1.5977911113e-11 4.8406054131e-12 1.1137305700e-11
1.9531250000e+02 1.6008663356e-11 4.8203851457e-12 1.1188278211e-11
1.9537353516e+02 1.6021678462e-11 4.7940894512e-12 1.1227589011e-11
1.9543457031e+02 1.6023131387e-11 4.7708690936e-12 1.1252262294e-11
1.9549560547e+02 1.6024242558e-11 4.7548152447e-12 1.1269427314e-11
1.9555664062e+02 1.6031515941e-11 4.7441487356e-12 1.1287367206e-11
1.9561767578e+02 1.6046866357e-11 4.7386963411e-12 1.1308170016e-11
1.9567871094e+02 1.6068352456e-11 4.7414752413e-12 1.1326877214e-11
1.9573974609e+02 1.6089597376e-11 4.7522068546e-12 1.1337390521e-11
1.9580078125e+02 1.6105376229e-11 4.7645131618e-12 1.1340863068e-11
1.9586181641e+02 1.6113696569e-11 4.7704116595e-12 1.1343284909e-11
1.9592285156e+02 1.6110206461e-11 4.7665829519e-12 1.1343623509e-11
1.9598388672e+02 1.6090719461e-11 4.7574538734e-12 1.1333265588e-11
1.9604492188e+02 1.6061118638e-11 4.7520551948e-12 1.1309063443e-11
1.9610595703e+02 1.6032954021e-11 4.7556880283e-12 1.1277265992e-11
1.9616699219e+02 1.6006730188e-11 4.7644533174e-12 1.1242276871e-11
1.9622802734e+02 1.5971103381e-11 4.7701806435e-12 1.1200922737e-11
1.9628906250e+02 1.5920277454e-11 4.7700229697e-12 1.1150254484e-11
1.9635009766e+02 1.5860919039e-11 4.7671424112e-12 1.1093776628e-11
1.9641113281e+02 1.5800734875e-11 4.7621390378e-12 1.1038595837e-11
1.9647216797e+02 1.5740854112e-11 4.7501878026e-12 1.0990666310e-11
1.9653320312e+02 1.5681672921e-11 4.7293665710e-12 1.0952306349e-11
1.9659423828e+02 1.5625708900e-11 4.7058401742e-12 1.0919868726e-11
1.9665527344e+02 1.5571642785e-11 4.6874291479e-12 1.0884213637e-11
1.9671630859e+02 1.5513916611e-11 4.6763098199e-12 1.0837606791e-11
1.9677734375e+02 1.5447844925e-11 4.6691784670e-12 1.0778666458e-11
1.9683837891e+02 1.5369862200e-11 4.6603987178e-12 1.0709463482e-11
1.9689941406e+02 1.5277727409e-11 4.6443544067e-12 1.0633373003e-11
1.9696044922e+02 1.5176098219e-11 4.6188217043e-12 1.0557276515e-11
1.9702148438e+02 1.5078140411e-11 4.5877564000e-12 1.0490384011e-11
1.9708251953e+02 1.4995558306e-11 4.5588665350e-12 1.0436691771e-11
1.9714355469e+02 1.4926922643e-11 4.5376261770e-12 1.0389296466e-11
1.9720458984e+02 1.4860750040e-11 4.5240987348e-12 1.0336651305e-11
1.9726562500e+02 1.4790566054e-11 4.5150701147e-12 1.0275495940e-11
1.9732666016e+02 1.4720054890e-11 4.5072685025e-12 1.0212786387e-11
1.9738769531e+02 1.4653288541e-11 4.4974994546e-12 1.0155789086e-11
1.9744873047e+02 1.4590556132e-11 4.4831358759e-12 1.0107420256e-11
1.9750976562e+02 1.4536381961e-11 4.4657792110e-12 1.0070602750e-11
1.9757080078e+02 1.4498814906e-11 4.4508927717e-12 1.0047922134e-11
1.9763183594e+02 1.4473598946e-11 4.4401617028e-12 1.0033437243e-11
1.9769287109e+02 1.4442372672e-11 4.4290758544e-12 1.0013296818e-11
1.9775390625e+02 1.4396176406e-11 4.4157868940e-12 9.9803895116e-12
1.9781494141e+02 1.4347894757e-11 4.4053306737e-12 9.9425640838e-12
1.9787597656e+02 1.4313423806e-11 4.4005162444e-12 9.9129075611e-12
1.9793701172e+02 1.4292437271e-11 4.3955029747e-12 9.8969342968e-12
1.9799804688e+02 1.4273881518e-11 4.3829581054e-12 9.8909234125e-12
1.9805908203e+02 1.4251200623e-11 4.3634057302e-12 9.8877948925e-12
1.9812011719e+02 1.4226850288e-11 4.3445013747e-12 9.8823489129e-12
1.9818115234e+02 1.4205671895e-11 4.3325388176e-12 9.8731330777e-12
1.9824218750e+02 1.4187434037e-11 4.3262696647e-12 9.8611643719e-12
1.9830322266e+02 1.4168238526e-11 4.3197287841e-12 9.8485097417e-12
1.9836425781e+02 1.4148999150e-11 4.3102771932e-12 9.8387219563e-12
1.9842529297e+02 1.4136297939e-11 4.3007595877e-12 9.8355383515e-12
1.9848632812e+02 1.4130727402e-11 4.2926364715e-12 9.8380909302e-12
1.9854736328e+02 1.4119122137e-11 4.2808734841e-12 9.8382486533e-12
1.9860839844e+02 1.4084328064e-11 4.2591399980e-12 9.8251880657e-12
1.9866943359e+02 1.4023932064e-11 4.2296900619e-12 9.7942420018e-12
1.9873046875e+02 1.3957247593e-11 4.2055579211e-12 9.7516896714e-12
1.9879150391e+02 1.3908915856e-11 4.1991886001e-12 9.7097272562e-12
1.9885253906e+02 1.3885125118e-11 4.2084870115e-12 9.6766381068e-12
1.9891357422e+02 1.3871577155e-11 4.2182328677e-12 9.6533442872e-12
1.9897460938e+02 1.3852574089e-11 4.2156327741e-12 9.6369413149e-12
1.9903564453e+02 1.3824693151e-11 4.2007184893e-12 9.6239746622e-12
1.9909667969e+02 1.3793941063e-11 4.1821453555e-12 9.6117957072e-12
1.9915771484e+02 1.3765461444e-11 4.1670034416e-12 9.5984580020e-12
1.9921875000e+02 1.3736080461e-11 4.1556042669e-12 9.5804761945e-12
1.9927978516e+02 1.3698393204e-11 4.1450507089e-12 9.5533424954e-12
1.9934082031e+02 1.3654515110e-11 4.1360824549e-12 9.5184326553e-12
1.9940185547e+02 1.3618237942e-11 4.1329736010e-12 9.4852643411e-12
1.9946289062e+02 1.3598038179e-11 4.1368490050e-12 9.4611891737e-12
1.9952392578e+02 1.3585484967e-11 4.1427443504e-12 9.4427406162e-12
1.9958496094e+02 1.3565056350e-11 4.1437010041e-12 9.4213553459e-12
1.9964599609e+02 1.3528832084e-11 4.1353896983e-12 9.3934423860e-12
1.9970703125e+02 1.3477495794e-11 4.1165655109e-12 9.3609302836e-12
1.9976806641e+02 1.3415551692e-11 4.0893374957e-12 9.3262141965e-12
1.9982910156e+02 1.3352395083e-11 4.0615837440e-12 9.2908113388e-12
1.9989013672e+02 1.3300863412e-11 4.0442120812e-12 9.2566513313e-12
1.9995117188e+02 1.3269525772e-11 4.0419449581e-12 9.2275808141e-12
2.0001220703e+02 1.3258450294e-11 4.0494482657e-12 9.2090020287e-12
2.0007324219e+02 1.3260196085e-11 4.0577373881e-12 9.2024586965e-12
2.0013427734e+02 1.3261901593e-11 4.0604903020e-12 9.2014112911e-12
2.0019531250e+02 1.3248816471e-11 4.0539243528e-12 9.1948921181e-12
2.0025634766e+02 1.3213042310e-11 4.0373949681e-12 9.1756473424e-12
2.0031738281e+02 1.3164701465e-11 4.0173242041e-12 9.1473772609e-12
2.0037841797e+02 1.3128289107e-11 4.0051444917e-12 9.1231446156e-12
2.0043945312e+02 1.3119452785e-11 4.0078546341e-12 9.1115981507e-12
2.0050048828e+02 1.3130517521e-11 4.0228114069e-12 9.1077061142e-12
2.0056152344e+02 1.3143946965e-11 4.0415035587e-12 9.1024434065e-12
2.0062255859e+02 1.3149612772e-11 4.0550040198e-12 9.0946087517e-12
2.0068359375e+02 1.3143801775e-11 4.0570111283e-12 9.0867906467e-12
2.0074462891e+02 1.3125679393e-11 4.0468195815e-12 9.0788598112e-12
2.0080566406e+02 1.3101520184e-11 4.0306558692e-12 9.0708643148e-12
2.0086669922e+02 1.3081707165e-11 4.0175441671e-12 9.0641629983e-12
2.0092773438e+02 1.3070409531e-11 4.0129940338e-12 9.0574154972e-12
2.0098876953e+02 1.3064437976e-11 4.0166036174e-12 9.0478343589e-12
2.0104980469e+02 1.3058733877e-11 4.0232798734e-12 9.0354540037e-12
2.0111083984e+02 1.3046849057e-11 4.0257180706e-12 9.0211309861e-12
2.0117187500e+02 1.3023210708e-11 4.0186389144e-12 9.0045717934e-12
2.0123291016e+02 1.2991722501e-11 4.0025130625e-12 8.9892094386e-12
2.0129394531e+02 1.2965097421e-11 3.9828580304e-12 8.9822393905e-12
2.0135498047e+02 1.2950858078e-11 3.9665950757e-12 8.9842630023e-12
2.0141601562e+02 1.2945760805e-11 3.9591471390e-12 8.9866136660e-12
2.0147705078e+02 1.2946181378e-11 3.9624488231e-12 8.9837325550e-12
2.0153808594e+02 1.2953226598e-11 3.9734230224e-12 8.9798035757e-12
2.0159912109e+02 1.2966474210e-11 3.9854557353e-12 8.9810184748e-12
2.0166015625e+02 1.2981995286e-11 3.9929157202e-12 8.9890795657e-12
2.0172119141e+02 1.2995269418e-11 3.9938583095e-12 9.0014111085e-12
2.0178222656e+02 1.3001325216e-11 3.9889900491e-12 9.0123351665e-12
2.0184326172e+02 1.2996134366e-11 3.9803823634e-12 9.0157520025e-12
2.0190429688e+02 1.2981376462e-11 3.9717472763e-12 9.0096291858e-12
2.0196533203e+02 1.2964553537e-11 3.9674653715e-12 8.9970881653e-12
2.0202636719e+02 1.2951647452e-11 3.9694959654e-12 8.9821514865e-12
2.0208740234e+02 1.2942690702e-11 3.9761671136e-12 8.9665235883e-12
2.0214843750e+02 1.2934831243e-11 3.9839640227e-12 8.9508672207e-12
2.0220947266e+02 1.2924704913e-11 3.9888186749e-12 8.9358862382e-12
2.0227050781e+02 1.2909332339e-11 3.9868168196e-12 8.9225155194e-12
2.0233154297e+02 1.2889626325e-11 3.9764231138e-12 8.9132032108e-12
2.0239257812e+02 1.2870751804e-11 3.9600883444e-12 8.9106634593e-12
2.0245361328e+02 1.2856994663e-11 3.9429718411e-12 8.9140228220e-12
2.0251464844e+02 1.2849572513e-11 3.9303586236e-12 8.9192138889e-12
2.0257568359e+02 1.2848688939e-11 3.9249333873e-12 8.9237555521e-12
2.0263671875e+02 1.2852224132e-11 3.9247511562e-12 8.9274729760e-12
2.0269775391e+02 1.2853087679e-11 3.9247344440e-12 8.9283532350e-12
2.0275878906e+02 1.2842466255e-11 3.9203892606e-12 8.9220769942e-12
2.0281982422e+02 1.2815042038e-11 3.9083614044e-12 8.9066806335e-12
2.0288085938e+02 1.2771456441e-11 3.8858701055e-12 8.8855863359e-12
2.0294189453e+02 1.2718580061e-11 3.8540508054e-12 8.8645292561e-12
2.0300292969e+02 1.2666380844e-11 3.8208502167e-12 8.8455306276e-12
2.0306396484e+02 1.2624562852e-11 3.7978641765e-12 8.8266986755e-12
2.0312500000e+02 1.2600100122e-11 3.7927926315e-12 8.8073074908e-12
2.0318603516e+02 1.2590210434e-11 3.8025538429e-12 8.7876565916e-12
2.0324707031e+02 1.2578733826e-11 3.8139714437e-12 8.7647623822e-12
2.0330810547e+02 1.2548284064e-11 3.8145608487e-12 8.7337232151e-12
2.0336914062e+02 1.2496217709e-11 3.8027170087e-12 8.6935007006e-12
2.0343017578e+02 1.2433646096e-11 3.7854985007e-12 8.6481475953e-12
2.0349121094e+02 1.2371207393e-11 3.7691799555e-12 8.6020274376e-12
2.0355224609e+02 1.2311997584e-11 3.7554289096e-12 8.5565686745e-12
2.0361328125e+02 1.2256115480e-11 3.7440029782e-12 8.5121125017e-12
2.0367431641e+02 1.2204289949e-11 3.7349620112e-12 8.4693279373e-12
2.0373535156e+02 1.2155951308e-11 3.7280935340e-12 8.4278577736e-12
2.0379638672e+02 1.2106494262e-11 3.7206170461e-12 8.3858772162e-12
2.0385742188e+02 1.2047782346e-11 3.7066347223e-12 8.3411476232e-12
2.0391845703e+02 1.1975354849e-11 3.6825510665e-12 8.2928037823e-12
2.0397949219e+02 1.1895772722e-11 3.6527119101e-12 8.2430608123e-12
2.0404052734e+02 1.1820240656e-11 3.6253861769e-12 8.1948544791e-12
2.0410156250e+02 1.1751378388e-11 3.6044766282e-12 8.1469017600e-12
2.0416259766e+02 1.1683542291e-11 3.5889640490e-12 8.0945782424e-12
2.0422363281e+02 1.1613096929e-11 3.5767705371e-12 8.0363263918e-12
2.0428466797e+02 1.1541208961e-11 3.5647733799e-12 7.9764355810e-12
2.0434570312e+02 1.1470332978e-11 3.5485746839e-12 7.9217582945e-12
2.0440673828e+02 1.1402168737e-11 3.5255300058e-12 7.8766387312e-12
2.0446777344e+02 1.1335727921e-11 3.4965658798e-12 7.8391620416e-12
2.0452880859e+02 1.1267734821e-11 3.4651110005e-12 7.8026238207e-12
2.0458984375e+02 1.1198677851e-11 3.4358212255e-12 7.7628566253e-12
2.0465087891e+02 1.1135959282e-11 3.4135798652e-12 7.7223794164e-12
2.0471191406e+02 1.1089272990e-11 3.4023615472e-12 7.6869114427e-12
2.0477294922e+02 1.1065354198e-11 3.4041277580e-12 7.6612264403e-12
2.0483398438e+02 1.1062739993e-11 3.4166997055e-12 7.6460402879e-12
2.0489501953e+02 1.1068366292e-11 3.4327367268e-12 7.6356295654e-12
2.0495605469e+02 1.1066186765e-11 3.4434321179e-12 7.6227546470e-12
2.0501708984e+02 1.1051038786e-11 3.4436980694e-12 7.6073407171e-12
2.0507812500e+02 1.1030202437e-11 3.4344525011e-12 7.5957499356e-12
2.0513916016e+02 1.1012669901e-11 3.4220076211e-12 7.5906622799e-12
2.0520019531e+02 1.0999736353e-11 3.4137996550e-12 7.5859366977e-12
2.0526123047e+02 1.0986937228e-11 3.4123258225e-12 7.5746114054e-12
2.0532226562e+02 1.0972718183e-11 3.4140627110e-12 7.5586554720e-12
2.0538330078e+02 1.0959937611e-11 3.4144800317e-12 7.5454575795e-12
2.0544433594e+02 1.0950002457e-11 3.4120789970e-12 7.5379234595e-12
2.0550537109e+02 1.0942212787e-11 3.4072984110e-12 7.5349143756e-12
2.0556640625e+02 1.0938338498e-11 3.4004567126e-12 7.5378817849e-12
2.0562744141e+02 1.0942245623e-11 3.3924027818e-12 7.5498428407e-12
2.0568847656e+02 1.0955444015e-11 3.3851622245e-12 7.5702817902e-12
2.0574951172e+02 1.0975066585e-11 3.3806146711e-12 7.5944519138e-12
2.0581054688e+02 1.0994794291e-11 3.3792949653e-12 7.6154993257e-12
2.0587158203e+02 1.1008133232e-11 3.3802294622e-12 7.6279037701e-12
2.0593261719e+02 1.1011774115e-11 3.3808721035e-12 7.6309020119e-12
2.0599365234e+02 1.1005620571e-11 3.3777647454e-12 7.6278558254e-12
2.0605468750e+02 1.0991923940e-11 3.3687372113e-12 7.6231867291e-12
2.0611572266e+02 1.0976689814e-11 3.3550067347e-12 7.6216830797e-12
2.0617675781e+02 1.0970161517e-11 3.3414075358e-12 7.6287539810e-12
2.0623779297e+02 1.0980875341e-11 3.3341384748e-12 7.6467368659e-12
2.0629882812e+02 1.1007086143e-11 3.3366515632e-12 7.6704345797e-12
2.0635986328e+02 1.1038535603e-11 3.3471811930e-12 7.6913544099e-12
2.0642089844e+02 1.1067865265e-11 3.3606266537e-12 7.7072386114e-12
2.0648193359e+02 1.1094049252e-11 3.3721391177e-12 7.7219101338e-12
2.0654296875e+02 1.1114408620e-11 3.3788873095e-12 7.7355213101e-12
2.0660400391e+02 1.1122144997e-11 3.3804799405e-12 7.7416650565e-12
2.0666503906e+02 1.1115157910e-11 3.3790384911e-12 7.7361194187e-12
2.0672607422e+02 1.1100596111e-11 3.3779068914e-12 7.7226892196e-12
2.0678710938e+02 1.1085967235e-11 3.3791273514e-12 7.7068398836e-12
2.0684814453e+02 1.1069917746e-11 3.3819126692e-12 7.6880050772e-12
2.0690917969e+02 1.1046214229e-11 3.3834317753e-12 7.6627824539e-12
2.0697021484e+02 1.1013904905e-11 3.3810948175e-12 7.6328100875e-12
2.0703125000e+02 1.0979103359e-11 3.3744281861e-12 7.6046751732e-12
2.0709228516e+02 1.0948270170e-11 3.3649681417e-12 7.5833020282e-12
2.0715332031e+02 1.0923876481e-11 3.3547797581e-12 7.5690967232e-12
2.0721435547e+02 1.0907268425e-11 3.3463063275e-12 7.5609620976e-12
2.0727539062e+02 1.0902731389e-11 3.3438820710e-12 7.5588493176e-12
2.0733642578e+02 1.0914243340e-11 3.3521211341e-12 7.5621222064e-12
2.0739746094e+02 1.0936873463e-11 3.3699562111e-12 7.5669172521e-12
2.0745849609e+02 1.0955410904e-11 3.3885932147e-12 7.5668176894e-12
2.0751953125e+02 1.0955108393e-11 3.3979331871e-12 7.5571752060e-12
2.0758056641e+02 1.0932517603e-11 3.3937256403e-12 7.5387919630e-12
2.0764160156e+02 1.0893500689e-11 3.3780210552e-12 7.5154796343e-12
2.0770263672e+02 1.0844837614e-11 3.3556310181e-12 7.4892065955e-12
2.0776367188e+02 1.0792501656e-11 3.3317335475e-12 7.4607681089e-12
2.0782470703e+02 1.0743686856e-11 3.3105695734e-12 7.4331172824e-12
2.0788574219e+02 1.0706212019e-11 3.2950435382e-12 7.4111684803e-12
2.0794677734e+02 1.0686948166e-11 3.2877781824e-12 7.3991699840e-12
2.0800781250e+02 1.0688595644e-11 3.2900151217e-12 7.3985805223e-12
2.0806884766e+02 1.0704491421e-11 3.2981132227e-12 7.4063781982e-12
2.0812988281e+02 1.0719787204e-11 3.3048738527e-12 7.4149133511e-12
2.0819091797e+02 1.0721120648e-11 3.3058110076e-12 7.4153096406e-12
2.0825195312e+02 1.0704007571e-11 3.3013061513e-12 7.4027014195e-12
2.0831298828e+02 1.0673136324e-11 3.2934531617e-12 7.3796831627e-12
2.0837402344e+02 1.0638632734e-11 3.2841454449e-12 7.3544872891e-12
2.0843505859e+02 1.0609786425e-11 3.2751844742e-12 7.3346019506e-12
2.0849609375e+02 1.0589025335e-11 3.2673026125e-12 7.3217227221e-12
2.0855712891e+02 1.0571372547e-11 3.2597311984e-12 7.3116413484e-12
2.0861816406e+02 1.0550866839e-11 3.2521126750e-12 7.2987541639e-12
2.0867919922e+02 1.0526837880e-11 3.2450324660e-12 7.2818054139e-12
2.0874023438e+02 1.0504065098e-11 3.2386001781e-12 7.2654649199e-12
2.0880126953e+02 1.0489860825e-11 3.2333115604e-12 7.2565492650e-12
2.0886230469e+02 1.0489010362e-11 3.2307185062e-12 7.2582918560e-12
2.0892333984e+02 1.0497412340e-11 3.2305390507e-12 7.2668732890e-12
2.0898437500e+02 1.0504016369e-11 3.2297911198e-12 7.2742252490e-12
2.0904541016e+02 1.0501269519e-11 3.2260816514e-12 7.2751878677e-12
2.0910644531e+02 1.0488455859e-11 3.2187183584e-12 7.2697375009e-12
2.0916748047e+02 1.0465815422e-11 3.2069084258e-12 7.2589069963e-12
2.0922851562e+02 1.0433004825e-11 3.1900201165e-12 7.2429847089e-12
2.0928955078e+02 1.0392093017e-11 3.1692207954e-12 7.2228722211e-12
2.0935058594e+02 1.0347807250e-11 3.1474395049e-12 7.2003677446e-12
2.0941162109e+02 1.0307418635e-11 3.1290798095e-12 7.1783388251e-12
2.0947265625e+02 1.0279638529e-11 3.1194520660e-12 7.1601864630e-12
2.0953369141e+02 1.0267984231e-11 3.1207566334e-12 7.1472275981e-12
2.0959472656e+02 1.0266206883e-11 3.1283507907e-12 7.1378560927e-12
2.0965576172e+02 1.0263260918e-11 3.1340964742e-12 7.1291644437e-12
2.0971679688e+02 1.0250437283e-11 3.1331174799e-12 7.1173198027e-12
2.0977783203e+02 1.0223946620e-11 3.1258863250e-12 7.0980602947e-12
2.0983886719e+02 1.0185224506e-11 3.1156655461e-12 7.0695589601e-12
2.0989990234e+02 1.0139244116e-11 3.1056160852e-12 7.0336280305e-12
2.0996093750e+02 1.0090103603e-11 3.0971750052e-12 6.9929285973e-12
2.1002197266e+02 1.0040023086e-11 3.0904767349e-12 6.9495463508e-12
2.1008300781e+02 9.9933177915e-12 3.0862056219e-12 6.9071121696e-12
2.1014404297e+02 9.9567347556e-12 3.0852602241e-12 6.8714745315e-12
2.1020507812e+02 9.9340743420e-12 3.0865292863e-12 6.8475450557e-12
2.1026611328e+02 9.9217795382e-12 3.0872186596e-12 6.8345608787e-12
2.1032714844e+02 9.9102840753e-12 3.0849956986e-12 6.8252883767e-12
2.1038818359e+02 9.8910531222e-12 3.0788138321e-12 6.8122392901e-12
2.1044921875e+02 9.8627950013e-12 3.0693954669e-12 6.7933995345e-12
2.1051025391e+02 9.8304095872e-12 3.0594690888e-12 6.7709404984e-12
2.1057128906e+02 9.7992449995e-12 3.0517478294e-12 6.7474971701e-12
2.1063232422e+02 9.7715647247e-12 3.0464712635e-12 6.7250934612e-12
2.1069335938e+02 9.7479771460e-12 3.0420174210e-12 6.7059597250e-12
2.1075439453e+02 9.7296089044e-12 3.0369693691e-12 6.6926395354e-12
2.1081542969e+02 9.7164321928e-12 3.0303461812e-12 6.6860860116e-12
2.1087646484e+02 9.7055755245e-12 3.0216228559e-12 6.6839526685e-12
2.1093750000e+02 9.6942018592e-12 3.0118369104e-12 6.6823649488e-12
2.1099853516e+02 9.6817726810e-12 3.0028206699e-12 6.6789520111e-12
2.1105957031e+02 9.6683984355e-12 2.9949519242e-12 6.6734465113e-12
2.1112060547e+02 9.6551638373e-12 2.9874926212e-12 6.6676712161e-12
2.1118164062e+02 9.6452236110e-12 2.9805690884e-12 6.6646545225e-12
2.1124267578e+02 9.6396836620e-12 2.9751952518e-12 6.6644884102e-12
2.1130371094e+02 9.6339250247e-12 2.9718036555e-12 6.6621213692e-12
2.1136474609e+02 9.6212860284e-12 2.9692222187e-12 6.6520638098e-12
2.1142578125e+02 9.5999048379e-12 2.9653488898e-12 6.6345559481e-12
2.1148681641e+02 9.5745917547e-12 2.9594464865e-12 6.6151452681e-12
2.1154785156e+02 9.5517152659e-12 2.9529989664e-12 6.5987162995e-12
2.1160888672e+02 9.5338036149e-12 2.9477535014e-12 6.5860501135e-12
2.1166992188e+02 9.5198880223e-12 2.9439928132e-12 6.5758952090e-12
2.1173095703e+02 9.5079720894e-12 2.9407793568e-12 6.5671927326e-12
2.1179199219e+02 9.4955902567e-12 2.9370529993e-12 6.5585372573e-12
2.1185302734e+02 9.4814880000e-12 2.9326461020e-12 6.5488418980e-12
2.1191406250e+02 9.4674264782e-12 2.9284489746e-12 6.5389775037e-12
2.1197509766e+02 9.4543534513e-12 2.9255030015e-12 6.5288504499e-12
2.1203613281e+02 9.4368998724e-12 2.9236952250e-12 6.5132046475e-12
2.1209716797e+02 9.4073609268e-12 2.9212688027e-12 6.4860921241e-12
2.1215820312e+02 9.3677979722e-12 2.9167509014e-12 6.4510470709e-12
2.1221923828e+02 9.3329124993e-12 2.9115944528e-12 6.4213180465e-12
2.1228027344e+02 9.3144464033e-12 2.9081714482e-12 6.4062749551e-12
2.1234130859e+02 9.3049225944e-12 2.9043479955e-12 6.4005745988e-12
2.1240234375e+02 9.2850360384e-12 2.8942016378e-12 6.3908344006e-12
2.1246337891e+02 9.2464707546e-12 2.8755410415e-12 6.3709297131e-12
2.1252441406e+02 9.1982927728e-12 2.8527314499e-12 6.3455613229e-12
2.1258544922e+02 9.1516980057e-12 2.8314703269e-12 6.3202276788e-12
2.1264648438e+02 9.1086206123e-12 2.8143197204e-12 6.2943008918e-12
2.1270751953e+02 9.0661745981e-12 2.8013681477e-12 6.2648064504e-12
2.1276855469e+02 9.0233631907e-12 2.7919059331e-12 6.2314572576e-12
2.1282958984e+02 8.9816434885e-12 2.7847259477e-12 6.1969175408e-12
2.1289062500e+02 8.9445310140e-12 2.7785757435e-12 6.1659552704e-12
2.1295166016e+02 8.9158703447e-12 2.7727597066e-12 6.1431106381e-12
2.1301269531e+02 8.8953933675e-12 2.7671757591e-12 6.1282176084e-12
2.1307373047e+02 8.8781846956e-12 2.7618211394e-12 6.1163635562e-12
2.1313476562e+02 8.8588944176e-12 2.7556955737e-12 6.1031988439e-12
2.1319580078e+02 8.8347086398e-12 2.7472626920e-12 6.0874459478e-12
2.1325683594e+02 8.8067231131e-12 2.7375396570e-12 6.0691834561e-12
2.1331787109e+02 8.7799253700e-12 2.7304804710e-12 6.0494448990e-12
2.1337890625e+02 8.7594515080e-12 2.7285616818e-12 6.0308898262e-12
2.1343994141e+02 8.7462619563e-12 2.7302028814e-12 6.0160590748e-12
2.1350097656e+02 8.7358798306e-12 2.7318411887e-12 6.0040386419e-12
2.1356201172e+02 8.7216837724e-12 2.7309774712e-12 5.9907063012e-12
2.1362304688e+02 8.7018647891e-12 2.7276311469e-12 5.9742336422e-12
2.1368408203e+02 8.6799248688e-12 2.7229026254e-12 5.9570222434e-12
2.1374511719e+02 8.6564412065e-12 2.7162612681e-12 5.9401799384e-12
2.1380615234e+02 8.6278957808e-12 2.7062617540e-12 5.9216340268e-12
2.1386718750e+02 8.5956992223e-12 2.6938845984e-12 5.9018146239e-12
2.1392822266e+02 8.5685928138e-12 2.6827273751e-12 5.8858654387e-12
2.1398925781e+02 8.5534227651e-12 2.6752288430e-12 5.8781939221e-12
2.1405029297e+02 8.5487002890e-12 2.6702965301e-12 5.8784037589e-12
2.1411132812e+02 8.5497762183e-12 2.6660638707e-12 5.8837123475e-12
2.1417236328e+02 8.5551305072e-12 2.6634875174e-12 5.8916429898e-12
2.1423339844e+02 8.5635989460e-12 2.6643246798e-12 5.8992742662e-12
2.1429443359e+02 8.5700419092e-12 2.6665984409e-12 5.9034434683e-12
2.1435546875e+02 8.5676553163e-12 2.6655053136e-12 5.9021500027e-12
2.1441650391e+02 8.5523604489e-12 2.6586606134e-12 5.8936998355e-12
2.1447753906e+02 8.5240683502e-12 2.6479017861e-12 5.8761665641e-12
2.1453857422e+02 8.4862964291e-12 2.6361458528e-12 5.8501505763e-12
2.1459960938e+02 8.4451387734e-12 2.6247050453e-12 5.8204337281e-12
2.1466064453e+02 8.4062582659e-12 2.6137020987e-12 5.7925561673e-12
2.1472167969e+02 8.3741314779e-12 2.6040543396e-12 5.7700771383e-12
2.1478271484e+02 8.3546474015e-12 2.5983601390e-12 5.7562872626e-12
2.1484375000e+02 8.3513028822e-12 2.5984107832e-12 5.7528920989e-12
2.1490478516e+02 8.3565378774e-12 2.6016808546e-12 5.7548570228e-12
2.1496582031e+02 8.3537600877e-12 2.6022041055e-12 5.7515559822e-12
2.1502685547e+02 8.3306594210e-12 2.5958183723e-12 5.7348410487e-12
2.1508789062e+02 8.2881284891e-12 2.5836899350e-12 5.7044385541e-12
2.1514892578e+02 8.2369420990e-12 2.5702527474e-12 5.6666893517e-12
2.1520996094e+02 8.1874994006e-12 2.5584635682e-12 5.6290358325e-12
2.1527099609e+02 8.1429979676e-12 2.5480959141e-12 5.5949020535e-12
2.1533203125e+02 8.1028491506e-12 2.5385459412e-12 5.5643032094e-12
2.1539306641e+02 8.0697697658e-12 2.5317002689e-12 5.5380694969e-12
2.1545410156e+02 8.0488406763e-12 2.5303498950e-12 5.5184907813e-12
2.1551513672e+02 8.0407301960e-12 2.5340093518e-12 5.5067208441e-12
2.1557617188e+02 8.0401243823e-12 2.5384226184e-12 5.5017017639e-12
2.1563720703e+02 8.0401011998e-12 2.5396754902e-12 5.5004257096e-12
2.1569824219e+02 8.0354171141e-12 2.5369129878e-12 5.4985041263e-12
2.1575927734e+02 8.0239215896e-12 2.5311168519e-12 5.4928047377e-12
2.1582031250e+02 8.0087207403e-12 2.5237215304e-12 5.4849992098e-12
2.1588134766e+02 7.9976315885e-12 2.5167090272e-12 5.4809225613e-12
2.1594238281e+02 7.9964418088e-12 2.5118103264e-12 5.4846314825e-12
2.1600341797e+02 8.0027657591e-12 2.5090511747e-12 5.4937145844e-12
2.1606445312e+02 8.0085215829e-12 2.5071915966e-12 5.5013299863e-12
2.1612548828e+02 8.0077642883e-12 2.5054679865e-12 5.5022963018e-12
2.1618652344e+02 8.0017960950e-12 2.5044803021e-12 5.4973157929e-12
2.1624755859e+02 7.9976307453e-12 2.5055792996e-12 5.4920514458e-12
2.1630859375e+02 8.0005414853e-12 2.5088142751e-12 5.4917272102e-12
2.1636962891e+02 8.0066811331e-12 2.5110440873e-12 5.4956370458e-12
2.1643066406e+02 8.0051396553e-12 2.5076023469e-12 5.4975373084e-12
2.1649169922e+02 7.9907930436e-12 2.4975615868e-12 5.4932314568e-12
2.1655273438e+02 7.9722464315e-12 2.4860556290e-12 5.4861908025e-12
2.1661376953e+02 7.9619303053e-12 2.4794873524e-12 5.4824429530e-12
2.1667480469e+02 7.9622035894e-12 2.4799050282e-12 5.4822985612e-12
2.1673583984e+02 7.9660076648e-12 2.4849406946e-12 5.4810669702e-12
2.1679687500e+02 7.9657566376e-12 2.4904878020e-12 5.4752688356e-12
2.1685791016e+02 7.9569204733e-12 2.4924270367e-12 5.4644934366e-12
2.1691894531e+02 7.9374236498e-12 2.4884288580e-12 5.4489947918e-12
2.1697998047e+02 7.9081256246e-12 2.4793128926e-12 5.4288127320e-12
2.1704101562e+02 7.8732268802e-12 2.4673836735e-12 5.4058432068e-12
2.1710205078e+02 7.8387638462e-12 2.4540103019e-12 5.3847535443e-12
2.1716308594e+02 7.8104488965e-12 2.4403872601e-12 5.3700616364e-12
2.1722412109e+02 7.7907733370e-12 2.4287821431e-12 5.3619911939e-12
2.1728515625e+02 7.7759201528e-12 2.4205398905e-12 5.3553802623e-12
2.1734619141e+02 7.7582648269e-12 2.4145391172e-12 5.3437257096e-12
2.1740722656e+02 7.7345977468e-12 2.4094287374e-12 5.3251690094e-12
2.1746826172e+02 7.7080638388e-12 2.4050488010e-12 5.3030150378e-12
2.1752929688e+02 7.6802235226e-12 2.4006685415e-12 5.2795549811e-12
2.1759033203e+02 7.6471849993e-12 2.3947625913e-12 5.2524224079e-12
2.1765136719e+02 7.6058485334e-12 2.3868762816e-12 5.2189722519e-12
2.1771240234e+02 7.5583092270e-12 2.3773467374e-12 5.1809624896e-12
2.1777343750e+02 7.5076377931e-12 2.3654520825e-12 5.1421857106e-12
2.1783447266e+02 7.4541465841e-12 2.3498498120e-12 5.1042967722e-12
2.1789550781e+02 7.3979571042e-12 2.3308905158e-12 5.0670665883e-12
2.1795654297e+02 7.3407320048e-12 2.3107874015e-12 5.0299446032e-12
2.1801757812e+02 7.2839884412e-12 2.2915725363e-12 4.9924159048e-12
2.1807861328e+02 7.2293211114e-12 2.2743850357e-12 4.9549360758e-12
2.1813964844e+02 7.1797125696e-12 2.2602078643e-12 4.9195047053e-12
2.1820068359e+02 7.1387447703e-12 2.2500199016e-12 4.8887248687e-12
2.1826171875e+02 7.1101254323e-12 2.2446939490e-12 4.8654314834e-12
2.1832275391e+02 7.0971970335e-12 2.2446514434e-12 4.8525455901e-12
2.1838378906e+02 7.0979572491e-12 2.2481636539e-12 4.8497935952e-12
2.1844482422e+02 7.1008335257e-12 2.2507833824e-12 4.8500501433e-12
2.1850585938e+02 7.0920614682e-12 2.2485814624e-12 4.8434800058e-12
2.1856689453e+02 7.0687994037e-12 2.2414882625e-12 4.8273111412e-12
2.1862792969e+02 7.0403475937e-12 2.2325218084e-12 4.8078257853e-12
2.1868896484e+02 7.0173609013e-12 2.2250614779e-12 4.7922994234e-12
2.1875000000e+02 7.0048110926e-12 2.2214445112e-12 4.7833665814e-12
2.1881103516e+02 7.0028888692e-12 2.2226656265e-12 4.7802232427e-12
2.1887207031e+02 7.0083737171e-12 2.2282240039e-12 4.7801497132e-12
2.1893310547e+02 7.0161351081e-12 2.2359332056e-12 4.7802019025e-12
2.1899414062e+02 7.0232010050e-12 2.2421973073e-12 4.7810036977e-12
2.1905517578e+02 7.0298359716e-12 2.2436603047e-12 4.7861756669e-12
2.1911621094e+02 7.0353215364e-12 2.2392444421e-12 4.7960770943e-12
2.1917724609e+02 7.0354608197e-12 2.2299981356e-12 4.8054626841e-12
2.1923828125e+02 7.0263823428e-12 2.2176390327e-12 4.8087433101e-12
2.1929931641e+02 7.0102673940e-12 2.2048337956e-12 4.8054335984e-12
2.1936035156e+02 6.9953326111e-12 2.1953477705e-12 4.7999848406e-12
2.1942138672e+02 6.9892435055e-12 2.1913899973e-12 4.7978535083e-12
2.1948242188e+02 6.9931474352e-12 2.1917068723e-12 4.8014405628e-12
2.1954345703e+02 7.0015025283e-12 2.1932887943e-12 4.8082137340e-12
2.1960449219e+02 7.0069692915e-12 2.1936834036e-12 4.8132858878e-12
2.1966552734e+02 7.0067380234e-12 2.1920698309e-12 4.8146681924e-12
2.1972656250e+02 7.0036576288e-12 2.1895443575e-12 4.8141132713e-12
2.1978759766e+02 6.9995992150e-12 2.1875230838e-12 4.8120761312e-12
2.1984863281e+02 6.9910755196e-12 2.1856665565e-12 4.8054089631e-12
2.1990966797e+02 6.9752019608e-12 2.1828483774e-12 4.7923535834e-12
2.1997070312e+02 6.9561438297e-12 2.1794997278e-12 4.7766441020e-12
2.2003173828e+02 6.9405587381e-12 2.1770952584e-12 4.7634634797e-12
2.2009277344e+02 6.9300371354e-12 2.1761251218e-12 4.7539120136e-12
2.2015380859e+02 6.9231514867e-12 2.1763523417e-12 4.7467991450e-12
2.2021484375e+02 6.9201949506e-12 2.1777952824e-12 4.7423996682e-12
2.2027587891e+02 6.9199424532e-12 2.1798173022e-12 4.7401251511e-12
2.2033691406e+02 6.9167181397e-12 2.1808010176e-12 4.7359171221e-12
2.2039794922e+02 6.9050428176e-12 2.1794692660e-12 4.7255735515e-12
2.2045898438e+02 6.8843379685e-12 2.1754890334e-12 4.7088489351e-12
2.2052001953e+02 6.8591624633e-12 2.1697014114e-12 4.6894610519e-12
2.2058105469e+02 6.8358106737e-12 2.1638711030e-12 4.6719395707e-12
2.2064208984e+02 6.8173565888e-12 2.1587502840e-12 4.6586063048e-12
2.2070312500e+02 6.8031612299e-12 2.1535421448e-12 4.6496190851e-12
2.2076416016e+02 6.7927341496e-12 2.1482624278e-12 4.6444717219e-12
2.2082519531e+02 6.7865013434e-12 2.1446905667e-12 4.6418107767e-12
2.2088623047e+02 6.7835318924e-12 2.1442878773e-12 4.6392440151e-12
2.2094726562e+02 6.7812378541e-12 2.1465169597e-12 4.6347208944e-12
2.2100830078e+02 6.7771866452e-12 2.1494099302e-12 4.6277767150e-12
2.2106933594e+02 6.7714979783e-12 2.1510467775e-12 4.6204512008e-12
2.2113037109e+02 6.7671682449e-12 2.1506003354e-12 4.6165679095e-12
2.2119140625e+02 6.7664701840e-12 2.1486639118e-12 4.6178062722e-12
2.2125244141e+02 6.7680775228e-12 2.1465423185e-12 4.6215352043e-12
2.2131347656e+02 6.7691136251e-12 2.1450335210e-12 4.6240801041e-12
2.2137451172e+02 6.7686365256e-12 2.1443508844e-12 4.6242856412e-12
2.2143554688e+02 6.7680754127e-12 2.1450258783e-12 4.6230495344e-12
2.2149658203e+02 6.7691002709e-12 2.1477789624e-12 4.6213213084e-12
2.2155761719e+02 6.7712047269e-12 2.1518765715e-12 4.6193281554e-12
2.2161865234e+02 6.7715176376e-12 2.1545751482e-12 4.6169424895e-12
2.2167968750e+02 6.7681965451e-12 2.1536809674e-12 4.6145155777e-12
2.2174072266e+02 6.7627820560e-12 2.1498178096e-12 4.6129642463e-12
2.2180175781e+02 6.7575504427e-12 2.1447952358e-12 4.6127552069e-12
2.2186279297e+02 6.7532627902e-12 2.1395505199e-12 4.6137122703e-12
2.2192382812e+02 6.7511303084e-12 2.1350387002e-12 4.6160916082e-12
2.2198486328e+02 6.7529423244e-12 2.1327012411e-12 4.6202410833e-12
2.2204589844e+02 6.7574703638e-12 2.1328302666e-12 4.6246400972e-12
2.2210693359e+02 6.7605405833e-12 2.1343301918e-12 4.6262103916e-12
2.2216796875e+02 6.7596915374e-12 2.1361906553e-12 4.6235008821e-12
2.2222900391e+02 6.7564383218e-12 2.1379680890e-12 4.6184702328e-12
2.2229003906e+02 6.7537855106e-12 2.1392742742e-12 4.6145112364e-12
2.2235107422e+02 6.7531035056e-12 2.1394646275e-12 4.6136388781e-12
2.2241210938e+02 6.7545029179e-12 2.1379722508e-12 4.6165306671e-12
2.2247314453e+02 6.7578544604e-12 2.1348997829e-12 4.6229546776e-12
2.2253417969e+02 6.7611272536e-12 2.1310541049e-12 4.6300731487e-12
2.2259521484e+02 6.7608495632e-12 2.1273388910e-12 4.6335106721e-12
2.2265625000e+02 6.7558162398e-12 2.1240850530e-12 4.6317311868e-12
2.2271728516e+02 6.7472660297e-12 2.1209215782e-12 4.6263444515e-12
2.2277832031e+02 6.7354693451e-12 2.1171775162e-12 4.6182918289e-12
2.2283935547e+02 6.7205010241e-12 2.1130114491e-12 4.6074895750e-12
2.2290039062e+02 6.7063654423e-12 2.1103988759e-12 4.5959665664e-12
2.2296142578e+02 6.6985366227e-12 2.1111567288e-12 4.5873798938e-12
2.2302246094e+02 6.6967048073e-12 2.1138559221e-12 4.5828488852e-12
2.2308349609e+02 6.6952525471e-12 2.1150479412e-12 4.5802046060e-12
2.2314453125e+02 6.6909251450e-12 2.1131204324e-12 4.5778047126e-12
2.2320556641e+02 6.6852731517e-12 2.1091377263e-12 4.5761354254e-12
2.2326660156e+02 6.6797619346e-12 2.1048045598e-12 4.5749573747e-12
2.2332763672e+02 6.6724445843e-12 2.1006759042e-12 4.5717686800e-12
2.2338867188e+02 6.6604309576e-12 2.0959933601e-12 4.5644375975e-12
2.2344970703e+02 6.6449266814e-12 2.0905376234e-12 4.5543890581e-12
2.2351074219e+02 6.6312881289e-12 2.0860678333e-12 4.5452202955e-12
2.2357177734e+02 6.6216243935e-12 2.0843333390e-12 4.5372910545e-12
2.2363281250e+02 6.6121234624e-12 2.0848533594e-12 4.5272701030e-12
2.2369384766e+02 6.6011832259e-12 2.0864717960e-12 4.5147114299e-12
2.2375488281e+02 6.5939247407e-12 2.0893619774e-12 4.5045627633e-12
2.2381591797e+02 6.5946436044e-12 2.0934793093e-12 4.5011642951e-12
2.2387695312e+02 6.5987227737e-12 2.0962752478e-12 4.5024475260e-12
2.2393798828e+02 6.5957938316e-12 2.0941187478e-12 4.5016750838e-12
2.2399902344e+02 6.5806428049e-12 2.0861378849e-12 4.4945049200e-12
2.2406005859e+02 6.5581200354e-12 2.0753578330e-12 4.4827622024e-12
2.2412109375e+02 6.5362734058e-12 2.0656530351e-12 4.4706203708e-12
2.2418212891e+02 6.5174370199e-12 2.0584421334e-12 4.4589948865e-12
2.2424316406e+02 6.4983362711e-12 2.0528678490e-12 4.4454684221e-12
2.2430419922e+02 6.4775675050e-12 2.0483801940e-12 4.4291873110e-12
2.2436523438e+02 6.4590824910e-12 2.0455432693e-12 4.4135392217e-12
2.2442626953e+02 6.4464620299e-12 2.0439156672e-12 4.4025463628e-12
2.2448730469e+02 6.4364424482e-12 2.0407373892e-12 4.3957050591e-12
2.2454833984e+02 6.4211416880e-12 2.0331879595e-12 4.3879537285e-12
2.2460937500e+02 6.3972877469e-12 2.0219984278e-12 4.3752893191e-12
2.2467041016e+02 6.3725921652e-12 2.0124062099e-12 4.3601859553e-12
2.2473144531e+02 6.3603216869e-12 2.0105787446e-12 4.3497429423e-12
2.2479248047e+02 6.3650384475e-12 2.0178061522e-12 4.3472322953e-12
2.2485351562e+02 6.3764970113e-12 2.0286081834e-12 4.3478888279e-12
2.2491455078e+02 6.3807265507e-12 2.0355589757e-12 4.3451675751e-12
2.2497558594e+02 6.3734566210e-12 2.0353309364e-12 4.3381256846e-12
2.2503662109e+02 6.3595838721e-12 2.0296714659e-12 4.3299124063e-12
2.2509765625e+02 6.3440111685e-12 2.0220639197e-12 4.3219472488e-12
2.2515869141e+02 6.3283054220e-12 2.0149978157e-12 4.3133076063e-12
2.2521972656e+02 6.3142381935e-12 2.0097061689e-12 4.3045320246e-12
2.2528076172e+02 6.3045837972e-12 2.0063135037e-12 4.2982702935e-12
2.2534179688e+02 6.3000539068e-12 2.0038700722e-12 4.2961838346e-12
2.2540283203e+02 6.2987744160e-12 2.0012947202e-12 4.2974796958e-12
2.2546386719e+02 6.2980670138e-12 1.9981929549e-12 4.2998740589e-12
2.2552490234e+02 6.2956922363e-12 1.9948789601e-12 4.3008132761e-12
2.2558593750e+02 6.2913759441e-12 1.9922378269e-12 4.2991381173e-12
2.2564697266e+02 6.2873992343e-12 1.9909589265e-12 4.2964403079e-12
2.2570800781e+02 6.2866561448e-12 1.9907445714e-12 4.2959115734e-12
2.2576904297e+02 6.2903129052e-12 1.9911818648e-12 4.2991310403e-12
2.2583007812e+02 6.2974028851e-12 1.9929592567e-12 4.3044436284e-12
2.2589111328e+02 6.3058858807e-12 1.9967743375e-12 4.3091115432e-12
2.2595214844e+02 6.3126843203e-12 2.0009040016e-12 4.3117803187e-12
2.2601318359e+02 6.3140874730e-12 2.0017521928e-12 4.3123352802e-12
2.2607421875e+02 6.3094696276e-12 1.9981805145e-12 4.3112891132e-12
2.2613525391e+02 6.3036146447e-12 1.9937148071e-12 4.3098998375e-12
2.2619628906e+02 6.3030887240e-12 1.9930520294e-12 4.3100366946e-12
2.2625732422e+02 6.3113756599e-12 1.9976432438e-12 4.3137324161e-12
2.2631835938e+02 6.3267208106e-12 2.0051249035e-12 4.3215959071e-12
2.2637939453e+02 6.3412574987e-12 2.0113653371e-12 4.3298921615e-12
2.2644042969e+02 6.3445746592e-12 2.0129520569e-12 4.3316226023e-12
2.2650146484e+02 6.3332707044e-12 2.0091511111e-12 4.3241195933e-12
2.2656250000e+02 6.3143023977e-12 2.0014159384e-12 4.3128864593e-12
2.2662353516e+02 6.2959427742e-12 1.9911634307e-12 4.3047793435e-12
2.2668457031e+02 6.2801650500e-12 1.9795387084e-12 4.3006263417e-12
2.2674560547e+02 6.2656112361e-12 1.9688423448e-12 4.2967688913e-12
2.2680664062e+02 6.2533721607e-12 1.9622147500e-12 4.2911574107e-12
2.2686767578e+02 6.2471399471e-12 1.9615859880e-12 4.2855539591e-12
2.2692871094e+02 6.2487758676e-12 1.9662776472e-12 4.2824982203e-12
2.2698974609e+02 6.2558555241e-12 1.9733196779e-12 4.2825358462e-12
2.2705078125e+02 6.2642224262e-12 1.9792154446e-12 4.2850069816e-12
2.2711181641e+02 6.2704901511e-12 1.9814523073e-12 4.2890378438e-12
2.2717285156e+02 6.2710562616e-12 1.9783694767e-12 4.2926867848e-12
2.2723388672e+02 6.2638663804e-12 1.9697757051e-12 4.2940906753e-12
2.2729492188e+02 6.2529062694e-12 1.9588948156e-12 4.2940114538e-12
2.2735595703e+02 6.2453151513e-12 1.9511080402e-12 4.2942071110e-12
2.2741699219e+02 6.2434900223e-12 1.9496562892e-12 4.2938337331e-12
2.2747802734e+02 6.2436929675e-12 1.9539065681e-12 4.2897863994e-12
2.2753906250e+02 6.2411929371e-12 1.9609675991e-12 4.2802253380e-12
2.2760009766e+02 6.2340024044e-12 1.9672277976e-12 4.2667746067e-12
2.2766113281e+02 6.2224115150e-12 1.9694591172e-12 4.2529523978e-12
2.2772216797e+02 6.2075095357e-12 1.9664328308e-12 4.2410767049e-12
2.2778320312e+02 6.1908160900e-12 1.9594829842e-12 4.2313331058e-12
2.2784423828e+02 6.1741990093e-12 1.9515023623e-12 4.2226966470e-12
2.2790527344e+02 6.1592681026e-12 1.9455464307e-12 4.2137216719e-12
2.2796630859e+02 6.1457465978e-12 1.9429283488e-12 4.2028182490e-12
2.2802734375e+02 6.1307062432e-12 1.9420366175e-12 4.1886696257e-12
2.2808837891e+02 6.1115809274e-12 1.9400180274e-12 4.1715629000e-12
2.2814941406e+02 6.0894369808e-12 1.9353717287e-12 4.1540652521e-12
2.2821044922e+02 6.0677935980e-12 1.9285929006e-12 4.1392006974e-12
2.2827148438e+02 6.0493500371e-12 1.9214383137e-12 4.1279117233e-12
2.2833251953e+02 6.0341460054e-12 1.9156297563e-12 4.1185162490e-12
2.2839355469e+02 6.0198577286e-12 1.9113768166e-12 4.1084809120e-12
2.2845458984e+02 6.0044096177e-12 1.9076676693e-12 4.0967419483e-12
2.2851562500e+02 5.9895470258e-12 1.9044757018e-12 4.0850713240e-12
2.2857666016e+02 5.9807016798e-12 1.9032310093e-12 4.0774706705e-12
2.2863769531e+02 5.9807153458e-12 1.9041177529e-12 4.0765975929e-12
2.2869873047e+02 5.9845794127e-12 1.9044738537e-12 4.0801055591e-12
2.2875976562e+02 5.9837381622e-12 1.9014181952e-12 4.0823199670e-12
2.2882080078e+02 5.9747527264e-12 1.8949607557e-12 4.0797919707e-12
2.2888183594e+02 5.9607584982e-12 1.8873977415e-12 4.0733607566e-12
2.2894287109e+02 5.9459889978e-12 1.8809923443e-12 4.0649966534e-12
2.2900390625e+02 5.9320294728e-12 1.8770224565e-12 4.0550070163e-12
2.2906494141e+02 5.9195336836e-12 1.8758176729e-12 4.0437160107e-12
2.2912597656e+02 5.9109860221e-12 1.8768597118e-12 4.0341263103e-12
2.2918701172e+02 5.9085049024e-12 1.8787796796e-12 4.0297252229e-12
2.2924804688e+02 5.9090676179e-12 1.8792859000e-12 4.0297817178e-12
2.2930908203e+02 5.9061693271e-12 1.8761256640e-12 4.0300436631e-12
2.2937011719e+02 5.8980131643e-12 1.8694894848e-12 4.0285236796e-12
2.2943115234e+02 5.8903897639e-12 1.8628848416e-12 4.0275049222e-12
2.2949218750e+02 5.8898144511e-12 1.8601300352e-12 4.0296844159e-12
2.2955322266e+02 5.8970128199e-12 1.8619710203e-12 4.0350417996e-12
2.2961425781e+02 5.9084300004e-12 1.8667487054e-12 4.0416812950e-12
2.2967529297e+02 5.9210903816e-12 1.8728804224e-12 4.0482099592e-12
2.2973632812e+02 5.9329803616e-12 1.8787379801e-12 4.0542423815e-12
2.2979736328e+02 5.9409157327e-12 1.8817277829e-12 4.0591879498e-12
2.2985839844e+02 5.9426545557e-12 1.8801862561e-12 4.0624682996e-12
2.2991943359e+02 5.9400650444e-12 1.8755062144e-12 4.0645588301e-12
2.2998046875e+02 5.9370221343e-12 1.8708134838e-12 4.0662086505e-12
2.3004150391e+02 5.9348830764e-12 1.8680487855e-12 4.0668342909e-12
2.3010253906e+02 5.9314870252e-12 1.8667750913e-12 4.0647119339e-12
2.3016357422e+02 5.9244068030e-12 1.8652133685e-12 4.0591934344e-12
2.3022460938e+02 5.9140756527e-12 1.8621528949e-12 4.0519227578e-12
2.3028564453e+02 5.9035479825e-12 1.8580096909e-12 4.0455382916e-12
2.3034667969e+02 5.8961667586e-12 1.8540759881e-12 4.0420907704e-12
2.3040771484e+02 5.8930711022e-12 1.8509567917e-12 4.0421143106e-12
2.3046875000e+02 5.8918785430e-12 1.8481829853e-12 4.0436955577e-12
2.3052978516e+02 5.8881586577e-12 1.8452523096e-12 4.0429063480e-12
2.3059082031e+02 5.8795184990e-12 1.8426903731e-12 4.0368281259e-12
2.3065185547e+02 5.8679347153e-12 1.8418444170e-12 4.0260902984e-12
2.3071289062e+02 5.8565311595e-12 1.8431224813e-12 4.0134086783e-12
2.3077392578e+02 5.8462489906e-12 1.8448493759e-12 4.0013996147e-12
2.3083496094e+02 5.8375756502e-12 1.8448773007e-12 3.9926983495e-12
2.3089599609e+02 5.8312135531e-12 1.8427488827e-12 3.9884646705e-12
2.3095703125e+02 5.8254681014e-12 1.8395458320e-12 3.9859222694e-12
2.3101806641e+02 5.8175472640e-12 1.8366530959e-12 3.9808941681e-12
2.3107910156e+02 5.8077963232e-12 1.8352033860e-12 3.9725929372e-12
2.3114013672e+02 5.7991749681e-12 1.8356622370e-12 3.9635127311e-12
2.3120117188e+02 5.7927834583e-12 1.8373006685e-12 3.9554827898e-12
2.3126220703e+02 5.7857516406e-12 1.8381067129e-12 3.9476449277e-12
2.3132324219e+02 5.7739539613e-12 1.8355094857e-12 3.9384444756e-12
2.3138427734e+02 5.7566517850e-12 1.8282388970e-12 3.9284128880e-12
2.3144531250e+02 5.7377254331e-12 1.8180638025e-12 3.9196616306e-12
2.3150634766e+02 5.7221338311e-12 1.8089342349e-12 3.9131995962e-12
2.3156738281e+02 5.7119151265e-12 1.8038796335e-12 3.9080354930e-12
2.3162841797e+02 5.7054637866e-12 1.8030825033e-12 3.9023812833e-12
2.3168945312e+02 5.6997918123e-12 1.8048306225e-12 3.8949611898e-12
2.3175048828e+02 5.6934395196e-12 1.8073302080e-12 3.8861093115e-12
2.3181152344e+02 5.6874590944e-12 1.8091906517e-12 3.8782684427e-12
2.3187255859e+02 5.6826194192e-12 1.8087435985e-12 3.8738758207e-12
2.3193359375e+02 5.6763533196e-12 1.8041213086e-12 3.8722320110e-12
2.3199462891e+02 5.6659574448e-12 1.7954207514e-12 3.8705366934e-12
2.3205566406e+02 5.6539998939e-12 1.7862123710e-12 3.8677875228e-12
2.3211669922e+02 5.6461713199e-12 1.7809513060e-12 3.8652200139e-12
2.3217773438e+02 5.6439604386e-12 1.7808170338e-12 3.8631434048e-12
2.3223876953e+02 5.6428390549e-12 1.7831435540e-12 3.8596955009e-12
2.3229980469e+02 5.6390667829e-12 1.7848847177e-12 3.8541820651e-12
2.3236083984e+02 5.6358009411e-12 1.7856307526e-12 3.8501701885e-12
2.3242187500e+02 5.6388325446e-12 1.7866313825e-12 3.8522011621e-12
2.3248291016e+02 5.6475759384e-12 1.7880267738e-12 3.8595491646e-12
2.3254394531e+02 5.6546074356e-12 1.7885042341e-12 3.8661032015e-12
2.3260498047e+02 5.6542119444e-12 1.7871169680e-12 3.8670949764e-12
2.3266601562e+02 5.6481881160e-12 1.7843230617e-12 3.8638650542e-12
2.3272705078e+02 5.6424164230e-12 1.7816325425e-12 3.8607838805e-12
2.3278808594e+02 5.6399052948e-12 1.7806021763e-12 3.8593031185e-12
2.3284912109e+02 5.6379669842e-12 1.7811496984e-12 3.8568172858e-12
2.3291015625e+02 5.6304544143e-12 1.7806403809e-12 3.8498140334e-12
2.3297119141e+02 5.6129629056e-12 1.7760099638e-12 3.8369529418e-12
2.3303222656e+02 5.5870758524e-12 1.7668407669e-12 3.8202350855e-12
2.3309326172e+02 5.5593695187e-12 1.7554948825e-12 3.8038746362e-12
2.3315429688e+02 5.5371750695e-12 1.7450892674e-12 3.7920858021e-12
2.3321533203e+02 5.5244624257e-12 1.7378378521e-12 3.7866245736e-12
2.3327636719e+02 5.5189055976e-12 1.7340982830e-12 3.7848073146e-12
2.3333740234e+02 5.5137436616e-12 1.7325430075e-12 3.7812006541e-12
2.3339843750e+02 5.5036269456e-12 1.7314709913e-12 3.7721559542e-12
2.3345947266e+02 5.4866646974e-12 1.7293098011e-12 3.7573548963e-12
2.3352050781e+02 5.4626395753e-12 1.7244645257e-12 3.7381750496e-12
2.3358154297e+02 5.4341266687e-12 1.7167059618e-12 3.7174207069e-12
2.3364257812e+02 5.4078039082e-12 1.7083621308e-12 3.6994417774e-12
2.3370361328e+02 5.3898187297e-12 1.7024823144e-12 3.6873364153e-12
2.3376464844e+02 5.3806106398e-12 1.7002769004e-12 3.6803337394e-12
2.3382568359e+02 5.3765204658e-12 1.7009700835e-12 3.6755503823e-12
2.3388671875e+02 5.3740347565e-12 1.7029127738e-12 3.6711219827e-12
2.3394775391e+02 5.3700908339e-12 1.7039940007e-12 3.6660968332e-12
2.3400878906e+02 5.3612233023e-12 1.7021222045e-12 3.6591010977e-12
2.3406982422e+02 5.3460354359e-12 1.6966375690e-12 3.6493978669e-12
2.3413085938e+02 5.3269351564e-12 1.6889435764e-12 3.6379915800e-12
2.3419189453e+02 5.3072526456e-12 1.6811935051e-12 3.6260591405e-12
2.3425292969e+02 5.2882849788e-12 1.6748164791e-12 3.6134684997e-12
2.3431396484e+02 5.2698478120e-12 1.6704531612e-12 3.5993946508e-12
2.3437500000e+02 5.2522384465e-12 1.6684343036e-12 3.5838041429e-12
2.3443603516e+02 5.2372970889e-12 1.6683559529e-12 3.5689411360e-12
2.3449707031e+02 5.2264489789e-12 1.6681613495e-12 3.5582876294e-12
2.3455810547e+02 5.2167937611e-12 1.6648010413e-12 3.5519927198e-12
2.3461914062e+02 5.2024682535e-12 1.6568742644e-12 3.5455939891e-12
2.3468017578e+02 5.1823841003e-12 1.6464014046e-12 3.5359826957e-12
2.3474121094e+02 5.1633929356e-12 1.6373542810e-12 3.5260386546e-12
2.3480224609e+02 5.1531252994e-12 1.6325354509e-12 3.5205898484e-12
2.3486328125e+02 5.1523921605e-12 1.6322345487e-12 3.5201576118e-12
2.3492431641e+02 5.1564619366e-12 1.6352636516e-12 3.5211982850e-12
2.3498535156e+02 5.1601014190e-12 1.6398715881e-12 3.5202298309e-12
2.3504638672e+02 5.1592566640e-12 1.6436089600e-12 3.5156477040e-12
2.3510742188e+02 5.1515875727e-12 1.6439457364e-12 3.5076418363e-12
2.3516845703e+02 5.1386044218e-12 1.6401498852e-12 3.4984545367e-12
2.3522949219e+02 5.1255060259e-12 1.6341046942e-12 3.4914013317e-12
2.3529052734e+02 5.1166243445e-12 1.6286720593e-12 3.4879522852e-12
2.3535156250e+02 5.1126549912e-12 1.6257551892e-12 3.4868998019e-12
2.3541259766e+02 5.1122478197e-12 1.6256305369e-12 3.4866172829e-12
2.3547363281e+02 5.1123451932e-12 1.6266100071e-12 3.4857351862e-12
2.3553466797e+02 5.1083744517e-12 1.6258370393e-12 3.4825374125e-12
2.3559570312e+02 5.0988854920e-12 1.6220819063e-12 3.4768035857e-12
2.3565673828e+02 5.0877819003e-12 1.6170580168e-12 3.4707238835e-12
2.3571777344e+02 5.0790240277e-12 1.6130240487e-12 3.4659999789e-12
2.3577880859e+02 5.0722133507e-12 1.6103961783e-12 3.4618171724e-12
2.3583984375e+02 5.0646528868e-12 1.6083844745e-12 3.4562684123e-12
2.3590087891e+02 5.0553068506e-12 1.6066603740e-12 3.4486464766e-12
2.3596191406e+02 5.0458656551e-12 1.6056247257e-12 3.4402409294e-12
2.3602294922e+02 5.0385197571e-12 1.6056181628e-12 3.4329015943e-12
2.3608398438e+02 5.0337242664e-12 1.6064071490e-12 3.4273171174e-12
2.3614501953e+02 5.0304024058e-12 1.6070178001e-12 3.4233846057e-12
2.3620605469e+02 5.0264690728e-12 1.6056546658e-12 3.4208144070e-12
2.3626708984e+02 5.0191279221e-12 1.6008438077e-12 3.4182841144e-12
2.3632812500e+02 5.0077157988e-12 1.5937381434e-12 3.4139776553e-12
2.3638916016e+02 4.9963367908e-12 1.5882341089e-12 3.4081026819e-12
2.3645019531e+02 4.9900371811e-12 1.5871403219e-12 3.4028968592e-12
2.3651123047e+02 4.9880181193e-12 1.5888030517e-12 3.3992150676e-12
2.3657226562e+02 4.9841885674e-12 1.5890874083e-12 3.3951011592e-12
2.3663330078e+02 4.9745715492e-12 1.5857922527e-12 3.3887792965e-12
2.3669433594e+02 4.9609374066e-12 1.5794976693e-12 3.3814397373e-12
2.3675537109e+02 4.9475519307e-12 1.5715647054e-12 3.3759872254e-12
2.3681640625e+02 4.9373007466e-12 1.5634627792e-12 3.3738379674e-12
2.3687744141e+02 4.9306087410e-12 1.5571907205e-12 3.3734180204e-12
2.3693847656e+02 4.9263988947e-12 1.5546294851e-12 3.3717694096e-12
2.3699951172e+02 4.9237018380e-12 1.5562896861e-12 3.3674121519e-12
2.3706054688e+02 4.9218868149e-12 1.5608949079e-12 3.3609919070e-12
2.3712158203e+02 4.9203423715e-12 1.5662371353e-12 3.3541052362e-12
2.3718261719e+02 4.9188546569e-12 1.5703122600e-12 3.3485423969e-12
2.3724365234e+02 4.9165155502e-12 1.5714055860e-12 3.3451099642e-12
2.3730468750e+02 4.9105316281e-12 1.5682854327e-12 3.3422461954e-12
2.3736572266e+02 4.8989717535e-12 1.5618313277e-12 3.3371404257e-12
2.3742675781e+02 4.8841521653e-12 1.5553018290e-12 3.3288503363e-12
2.3748779297e+02 4.8707107688e-12 1.5514948109e-12 3.3192159579e-12
2.3754882812e+02 4.8611065745e-12 1.5506977038e-12 3.3104088708e-12
2.3760986328e+02 4.8547669760e-12 1.5518489694e-12 3.3029180066e-12
2.3767089844e+02 4.8503808226e-12 1.5539369890e-12 3.2964438336e-12
2.3773193359e+02 4.8472754742e-12 1.5557383166e-12 3.2915371576e-12
2.3779296875e+02 4.8449026200e-12 1.5556876227e-12 3.2892149973e-12
2.3785400391e+02 4.8422962118e-12 1.5529384113e-12 3.2893578005e-12
2.3791503906e+02 4.8386364818e-12 1.5482476038e-12 3.2903888780e-12
2.3797607422e+02 4.8334390478e-12 1.5433227697e-12 3.2901162781e-12
2.3803710938e+02 4.8260394822e-12 1.5393738770e-12 3.2866656052e-12
2.3809814453e+02 4.8165172872e-12 1.5368004659e-12 3.2797168213e-12
2.3815917969e+02 4.8067093939e-12 1.5358669082e-12 3.2708424858e-12
2.3822021484e+02 4.7984040297e-12 1.5363532160e-12 3.2620508137e-12
2.3828125000e+02 4.7905924739e-12 1.5364265832e-12 3.2541658907e-12
2.3834228516e+02 4.7797499018e-12 1.5333276183e-12 3.2464222834e-12
2.3840332031e+02 4.7637719826e-12 1.5260239661e-12 3.2377480165e-12
2.3846435547e+02 4.7447918127e-12 1.5164761618e-12 3.2283156510e-12
2.3852539062e+02 4.7273673446e-12 1.5079345560e-12 3.2194327886e-12
2.3858642578e+02 4.7156576247e-12 1.5026987064e-12 3.2129589184e-12
2.3864746094e+02 4.7120061674e-12 1.5012921244e-12 3.2107140430e-12
2.3870849609e+02 4.7155548118e-12 1.5026104656e-12 3.2129443462e-12
2.3876953125e+02 4.7219238625e-12 1.5046147799e-12 3.2173090825e-12
2.3883056641e+02 4.7252094888e-12 1.5053853335e-12 3.2198241553e-12
2.3889160156e+02 4.7216130149e-12 1.5039283727e-12 3.2176846422e-12
2.3895263672e+02 4.7122806920e-12 1.5003626012e-12 3.2119180908e-12
2.3901367188e+02 4.7017698268e-12 1.4956100790e-12 3.2061597478e-12
2.3907470703e+02 4.6938597564e-12 1.4910515170e-12 3.2028082393e-12
2.3913574219e+02 4.6900693086e-12 1.4880986139e-12 3.2019706947e-12
2.3919677734e+02 4.6900554325e-12 1.4872591231e-12 3.2027963095e-12
2.3925781250e+02 4.6908700038e-12 1.4874290292e-12 3.2034409746e-12
2.3931884766e+02 4.6878062941e-12 1.4865898839e-12 3.2012164102e-12
2.3937988281e+02 4.6784275629e-12 1.4836026666e-12 3.1948248963e-12
2.3944091797e+02 4.6650033691e-12 1.4793938568e-12 3.1856095123e-12
2.3950195312e+02 4.6521162350e-12 1.4761621605e-12 3.1759540745e-12
2.3956298828e+02 4.6425293961e-12 1.4752939426e-12 3.1672354535e-12
2.3962402344e+02 4.6358486481e-12 1.4763780112e-12 3.1594706370e-12
2.3968505859e+02 4.6302941116e-12 1.4781144643e-12 3.1521796474e-12
2.3974609375e+02 4.6247445205e-12 1.4792059367e-12 3.1455385838e-12
2.3980712891e+02 4.6193340242e-12 1.4785599557e-12 3.1407740685e-12
2.3986816406e+02 4.6142516439e-12 1.4758106553e-12 3.1384409886e-12
2.3992919922e+02 4.6083666560e-12 1.4715771976e-12 3.1367894584e-12
2.3999023438e+02 4.6001800890e-12 1.4667703248e-12 3.1334097642e-12
2.4005126953e+02 4.5898607588e-12 1.4619162021e-12 3.1279445567e-12
2.4011230469e+02 4.5799383511e-12 1.4573705544e-12 3.1225677967e-12
2.4017333984e+02 4.5745283614e-12 1.4541348423e-12 3.1203935191e-12
2.4023437500e+02 4.5766822151e-12 1.4538296596e-12 3.1228525555e-12
2.4029541016e+02 4.5849394319e-12 1.4570388785e-12 3.1279005535e-12
2.4035644531e+02 4.5933853652e-12 1.4620920316e-12 3.1312933337e-12
2.4041748047e+02 4.5960865579e-12 1.4661284451e-12 3.1299581128e-12
2.4047851562e+02 4.5910254584e-12 1.4668941518e-12 3.1241313065e-12
2.4053955078e+02 4.5800764347e-12 1.4636156958e-12 3.1164607389e-12
2.4060058594e+02 4.5668261364e-12 1.4573943719e-12 3.1094317645e-12
2.4066162109e+02 4.5549998724e-12 1.4509681814e-12 3.1040316910e-12
2.4072265625e+02 4.5472678438e-12 1.4468967837e-12 3.1003710601e-12
2.4078369141e+02 4.5440445681e-12 1.4456719791e-12 3.0983725890e-12
2.4084472656e+02 4.5437249530e-12 1.4462494403e-12 3.0974755127e-12
2.4090576172e+02 4.5442170722e-12 1.4477766829e-12 3.0964403893e-12
2.4096679688e+02 4.5438405781e-12 1.4496998848e-12 3.0941406934e-12
2.4102783203e+02 4.5414075170e-12 1.4510278923e-12 3.0903796248e-12
2.4108886719e+02 4.5362178217e-12 1.4506630306e-12 3.0855547910e-12
2.4114990234e+02 4.5277339775e-12 1.4481427578e-12 3.0795912196e-12
2.4121093750e+02 4.5159018526e-12 1.4439487071e-12 3.0719531455e-12
2.4127197266e+02 4.5027897660e-12 1.4394958082e-12 3.0632939578e-12
2.4133300781e+02 4.4925703135e-12 1.4364304510e-12 3.0561398625e-12
2.4139404297e+02 4.4879073475e-12 1.4352554912e-12 3.0526518563e-12
2.4145507812e+02 4.4868142825e-12 1.4346790186e-12 3.0521352638e-12
2.4151611328e+02 4.4844558623e-12 1.4327922265e-12 3.0516636359e-12
2.4157714844e+02 4.4775125343e-12 1.4288355523e-12 3.0486769820e-12
2.4163818359e+02 4.4660824708e-12 1.4235651996e-12 3.0425172712e-12
2.4169921875e+02 4.4529815480e-12 1.4184921359e-12 3.0344894120e-12
2.4176025391e+02 4.4419288412e-12 1.4149403281e-12 3.0269885132e-12
2.4182128906e+02 4.4344543549e-12 1.4130493407e-12 3.0214050142e-12
2.4188232422e+02 4.4286054356e-12 1.4118717910e-12 3.0167336446e-12
2.4194335938e+02 4.4213482388e-12 1.4105209662e-12 3.0108272726e-12
2.4200439453e+02 4.4104642189e-12 1.4082258704e-12 3.0022383485e-12
2.4206542969e+02 4.3953054459e-12 1.4039944026e-12 2.9913110433e-12
2.4212646484e+02 4.3782937788e-12 1.3976556461e-12 2.9806381328e-12
2.4218750000e+02 4.3633727962e-12 1.3905148049e-12 2.9728579913e-12
2.4224853516e+02 4.3514226052e-12 1.3841357321e-12 2.9672868731e-12
2.4230957031e+02 4.3401484457e-12 1.3792507023e-12 2.9608977434e-12
2.4237060547e+02 4.3282861175e-12 1.3760872459e-12 2.9521988716e-12
2.4243164062e+02 4.3168992746e-12 1.3747284470e-12 2.9421708276e-12
2.4249267578e+02 4.3083113283e-12 1.3750190800e-12 2.9332922482e-12
2.4255371094e+02 4.3054691730e-12 1.3764806800e-12 2.9289884930e-12
2.4261474609e+02 4.3088431901e-12 1.3778966107e-12 2.9309465795e-12
2.4267578125e+02 4.3135725363e-12 1.3774430534e-12 2.9361294829e-12
2.4273681641e+02 4.3135442876e-12 1.3743414809e-12 2.9392028067e-12
2.4279785156e+02 4.3071282023e-12 1.3697337149e-12 2.9373944875e-12
2.4285888672e+02 4.2961415503e-12 1.3651543726e-12 2.9309871777e-12
2.4291992188e+02 4.2821036107e-12 1.3611333235e-12 2.9209702872e-12
2.4298095703e+02 4.2660666822e-12 1.3576163471e-12 2.9084503351e-12
2.4304199219e+02 4.2496671736e-12 1.3545908113e-12 2.8950763623e-12
2.4310302734e+02 4.2343821584e-12 1.3519373949e-12 2.8824447635e-12
2.4316406250e+02 4.2214781122e-12 1.3494957854e-12 2.8719823268e-12
2.4322509766e+02 4.2132657791e-12 1.3476297174e-12 2.8656360617e-12
2.4328613281e+02 4.2114477746e-12 1.3469447349e-12 2.8645030396e-12
2.4334716797e+02 4.2136415987e-12 1.3471811321e-12 2.8664604666e-12
2.4340820312e+02 4.2149928948e-12 1.3475480138e-12 2.8674448810e-12
2.4346923828e+02 4.2136268519e-12 1.3480853809e-12 2.8655414710e-12
2.4353027344e+02 4.2112556060e-12 1.3490361183e-12 2.8622194877e-12
2.4359130859e+02 4.2088157429e-12 1.3492958871e-12 2.8595198559e-12
2.4365234375e+02 4.2050512002e-12 1.3472396596e-12 2.8578115406e-12
2.4371337891e+02 4.1994812822e-12 1.3428008663e-12 2.8566804159e-12
2.4377441406e+02 4.1941634356e-12 1.3379398626e-12 2.8562235730e-12
2.4383544922e+02 4.1917589584e-12 1.3353539841e-12 2.8564049744e-12
2.4389648438e+02 4.1925978562e-12 1.3363621416e-12 2.8562357147e-12
2.4395751953e+02 4.1939977635e-12 1.3394797243e-12 2.8545180392e-12
2.4401855469e+02 4.1927698126e-12 1.3418824536e-12 2.8508873590e-12
2.4407958984e+02 4.1886472101e-12 1.3424704898e-12 2.8461767202e-12
2.4414062500e+02 4.1841338230e-12 1.3421366319e-12 2.8419971911e-12
2.4420166016e+02 4.1800534291e-12 1.3412004987e-12 2.8388529304e-12
2.4426269531e+02 4.1736789546e-12 1.3386531787e-12 2.8350257759e-12
2.4432373047e+02 4.1634971228e-12 1.3343818833e-12 2.8291152395e-12
2.4438476562e+02 4.1530194300e-12 1.3303524719e-12 2.8226669582e-12
2.4444580078e+02 4.1471297236e-12 1.3286226169e-12 2.8185071067e-12
2.4450683594e+02 4.1464283938e-12 1.3290313927e-12 2.8173970011e-12
2.4456787109e+02 4.1468684548e-12 1.3294330748e-12 2.8174353800e-12
2.4462890625e+02 4.1445009280e-12 1.3279574846e-12 2.8165434434e-12
2.4468994141e+02 4.1394124811e-12 1.3247417337e-12 2.8146707474e-12
2.4475097656e+02 4.1338009711e-12 1.3211635814e-12 2.8126373897e-12
2.4481201172e+02 4.1282211323e-12 1.3179598446e-12 2.8102612878e-12
2.4487304688e+02 4.1226610964e-12 1.3150808772e-12 2.8075802191e-12
2.4493408203e+02 4.1185489024e-12 1.3126946593e-12 2.8058542431e-12
2.4499511719e+02 4.1164136951e-12 1.3110699190e-12 2.8053437761e-12
2.4505615234e+02 4.1141822326e-12 1.3100001046e-12 2.8041821280e-12
2.4511718750e+02 4.1098965242e-12 1.3092365214e-12 2.8006600028e-12
2.4517822266e+02 4.1036966031e-12 1.3086752080e-12 2.7950213951e-12
2.4523925781e+02 4.0964234634e-12 1.3076091900e-12 2.7888142734e-12
2.4530029297e+02 4.0889597594e-12 1.3051603232e-12 2.7837994362e-12
2.4536132812e+02 4.0830412318e-12 1.3017831939e-12 2.7812580379e-12
2.4542236328e+02 4.0801517847e-12 1.2990189974e-12 2.7811327873e-12
2.4548339844e+02 4.0798628814e-12 1.2978734172e-12 2.7819894642e-12
2.4554443359e+02 4.0808868637e-12 1.2982898628e-12 2.7825970009e-12
2.4560546875e+02 4.0827484774e-12 1.2996117819e-12 2.7831366955e-12
2.4566650391e+02 4.0854141585e-12 1.3010228583e-12 2.7843913002e-12
2.4572753906e+02 4.0881396375e-12 1.3019297872e-12 2.7862098503e-12
2.4578857422e+02 4.0893162807e-12 1.3020129803e-12 2.7873033004e-12
2.4584960938e+02 4.0879178581e-12 1.3011058518e-12 2.7868120063e-12
2.4591064453e+02 4.0853120220e-12 1.2995725642e-12 2.7857394578e-12
2.4597167969e+02 4.0843794764e-12 1.2983885560e-12 2.7859909203e-12
2.4603271484e+02 4.0861177535e-12 1.2981305628e-12 2.7879871907e-12
2.4609375000e+02 4.0880919717e-12 1.2982196500e-12 2.7898723217e-12
2.4615478516e+02 4.0865604520e-12 1.2974759124e-12 2.7890845396e-12
2.4621582031e+02 4.0803424134e-12 1.2953339351e-12 2.7850084783e-12
2.4627685547e+02 4.0730325306e-12 1.2927005579e-12 2.7803319727e-12
2.4633789062e+02 4.0700406075e-12 1.2913784629e-12 2.7786621446e-12
2.4639892578e+02 4.0727317746e-12 1.2922229305e-12 2.7805088440e-12
2.4645996094e+02 4.0768775215e-12 1.2941217298e-12 2.7827557918e-12
2.4652099609e+02 4.0774118730e-12 1.2951188023e-12 2.7822930707e-12
2.4658203125e+02 4.0739106938e-12 1.2944981651e-12 2.7794125287e-12
2.4664306641e+02 4.0705632165e-12 1.2934389019e-12 2.7771243146e-12
2.4670410156e+02 4.0706395231e-12 1.2933419886e-12 2.7772975345e-12
2.4676513672e+02 4.0725277999e-12 1.2941220415e-12 2.7784057584e-12
2.4682617188e+02 4.0724711081e-12 1.2948765308e-12 2.7775945773e-12
2.4688720703e+02 4.0694029747e-12 1.2952892934e-12 2.7741136813e-12
2.4694824219e+02 4.0651265039e-12 1.2953104753e-12 2.7698160286e-12
2.4700927734e+02 4.0613489774e-12 1.2944728698e-12 2.7668761076e-12
2.4707031250e+02 4.0587608639e-12 1.2926092282e-12 2.7661516357e-12
2.4713134766e+02 4.0576299474e-12 1.2904788515e-12 2.7671510959e-12
2.4719238281e+02 4.0573467131e-12 1.2889739109e-12 2.7683728022e-12
2.4725341797e+02 4.0564221886e-12 1.2882134745e-12 2.7682087141e-12
2.4731445312e+02 4.0533347941e-12 1.2875077048e-12 2.7658270893e-12
2.4737548828e+02 4.0465669899e-12 1.2858534923e-12 2.7607134975e-12
2.4743652344e+02 4.0353301773e-12 1.2828184670e-12 2.7525117103e-12
2.4749755859e+02 4.0210445844e-12 1.2789597603e-12 2.7420848241e-12
2.4755859375e+02 4.0065504431e-12 1.2750211736e-12 2.7315292695e-12
2.4761962891e+02 3.9943320984e-12 1.2714828143e-12 2.7228492841e-12
2.4768066406e+02 3.9860106322e-12 1.2690402065e-12 2.7169704257e-12
2.4774169922e+02 3.9817105353e-12 1.2682117915e-12 2.7134987437e-12
2.4780273438e+02 3.9800005449e-12 1.2685305939e-12 2.7114699510e-12
2.4786376953e+02 3.9794495681e-12 1.2689632558e-12 2.7104863123e-12
2.4792480469e+02 3.9792067344e-12 1.2687541640e-12 2.7104525704e-12
2.4798583984e+02 3.9782020964e-12 1.2677117474e-12 2.7104903489e-12
2.4804687500e+02 3.9752946677e-12 1.2660889153e-12 2.7092057524e-12
2.4810791016e+02 3.9702501375e-12 1.2641835709e-12 2.7060665665e-12
2.4816894531e+02 3.9643427491e-12 1.2621771684e-12 2.7021655807e-12
2.4822998047e+02 3.9598621150e-12 1.2603796634e-12 2.6994824516e-12
2.4829101562e+02 3.9575849520e-12 1.2589473907e-12 2.6986375613e-12
2.4835205078e+02 3.9545873520e-12 1.2571812961e-12 2.6974060559e-12
2.4841308594e+02 3.9469137513e-12 1.2539803669e-12 2.6929333843e-12
2.4847412109e+02 3.9346501985e-12 1.2493834092e-12 2.6852667893e-12
2.4853515625e+02 3.9219102038e-12 1.2449539374e-12 2.6769562664e-12
2.4859619141e+02 3.9119514748e-12 1.2421770905e-12 2.6697743843e-12
2.4865722656e+02 3.9048747108e-12 1.2409778113e-12 2.6638968995e-12
2.4871826172e+02 3.8998148691e-12 1.2402389682e-12 2.6595759009e-12
2.4877929688e+02 3.8965029382e-12 1.2392552830e-12 2.6572476552e-12
2.4884033203e+02 3.8946171033e-12 1.2382830924e-12 2.6563340109e-12
2.4890136719e+02 3.8936284805e-12 1.2379135392e-12 2.6557149413e-12
2.4896240234e+02 3.8926072953e-12 1.2379398861e-12 2.6546674092e-12
2.4902343750e+02 3.8894926367e-12 1.2371716863e-12 2.6523209504e-12
2.4908447266e+02 3.8826492053e-12 1.2348573119e-12 2.6477918934e-12
2.4914550781e+02 3.8734891441e-12 1.2317782862e-12 2.6417108579e-12
2.4920654297e+02 3.8655588905e-12 1.2294808680e-12 2.6360780225e-12
2.4926757812e+02 3.8607649894e-12 1.2287502658e-12 2.6320147237e-12
2.4932861328e+02 3.8576906659e-12 1.2289437825e-12 2.6287468835e-12
2.4938964844e+02 3.8541573968e-12 1.2288131280e-12 2.6253442688e-12
2.4945068359e+02 3.8505019821e-12 1.2279824116e-12 2.6225195705e-12
2.4951171875e+02 3.8485587950e-12 1.2271684957e-12 2.6213902993e-12
2.4957275391e+02 3.8478033200e-12 1.2268966180e-12 2.6209067021e-12
2.4963378906e+02 3.8447984236e-12 1.2266258213e-12 2.6181726023e-12
2.4969482422e+02 3.8366544575e-12 1.2253341875e-12 2.6113202700e-12
2.4975585938e+02 3.8239459468e-12 1.2226486234e-12 2.6012973235e-12
2.4981689453e+02 3.8102800259e-12 1.2191587421e-12 2.5911212837e-12
2.4987792969e+02 3.7993755824e-12 1.2157171813e-12 2.5836584010e-12
2.4993896484e+02 3.7931867105e-12 1.2129370526e-12 2.5802496579e-12
2.5000000000e+02 3.7925594820e-12 1.2114345892e-12 2.5811248928e-12
2.5006103516e+02 3.7969103101e-12 1.2116302865e-12 2.5852800237e-12
2.5012207031e+02 3.8017895832e-12 1.2127189960e-12 2.5890705873e-12
2.5018310547e+02 3.7998826728e-12 1.2126794863e-12 2.5872031866e-12
2.5024414062e+02 3.7879712681e-12 1.2103296225e-12 2.5776416456e-12
2.5030517578e+02 3.7718295167e-12 1.2068634973e-12 2.5649660194e-12
2.5036621094e+02 3.7611866233e-12 1.2044125864e-12 2.5567740369e-12
2.5042724609e+02 3.7602791755e-12 1.2036036447e-12 2.5566755308e-12
2.5048828125e+02 3.7655694347e-12 1.2033972300e-12 2.5621722047e-12
2.5054931641e+02 3.7714930504e-12 1.2027930381e-12 2.5687000122e-12
2.5061035156e+02 3.7750469435e-12 1.2016581261e-12 2.5733888174e-12
2.5067138672e+02 3.7753574973e-12 1.2002130867e-12 2.5751444106e-12
2.5073242188e+02 3.7724189484e-12 1.1986570647e-12 2.5737618837e-12
2.5079345703e+02 3.7667849453e-12 1.1969876969e-12 2.5697972484e-12
2.5085449219e+02 3.7599703220e-12 1.1949956777e-12 2.5649746443e-12
2.5091552734e+02 3.7558384174e-12 1.1932076403e-12 2.5626307771e-12
2.5097656250e+02 3.7587560256e-12 1.1931912299e-12 2.5655647957e-12
2.5103759766e+02 3.7676434676e-12 1.1956715267e-12 2.5719719409e-12
2.5109863281e+02 3.7751603707e-12 1.1990939672e-12 2.5760664035e-12
2.5115966797e+02 3.7755189503e-12 1.2011178937e-12 2.5744010566e-12
2.5122070312e+02 3.7703863823e-12 1.2008986127e-12 2.5694877696e-12
2.5128173828e+02 3.7653171280e-12 1.1992578556e-12 2.5660592724e-12
2.5134277344e+02 3.7631473619e-12 1.1973425107e-12 2.5658048512e-12
2.5140380859e+02 3.7626860490e-12 1.1957445976e-12 2.5669414514e-12
2.5146484375e+02 3.7614690987e-12 1.1944108904e-12 2.5670582084e-12
2.5152587891e+02 3.7577945296e-12 1.1929748158e-12 2.5648197138e-12
2.5158691406e+02 3.7517479969e-12 1.1914881032e-12 2.5602598937e-12
2.5164794922e+02 3.7457435209e-12 1.1907524637e-12 2.5549910572e-12
2.5170898438e+02 3.7427780974e-12 1.1913125449e-12 2.5514655525e-12
2.5177001953e+02 3.7435580383e-12 1.1924409716e-12 2.5511170666e-12
2.5183105469e+02 3.7458878334e-12 1.1928623822e-12 2.5530254512e-12
2.5189208984e+02 3.7459228902e-12 1.1919330145e-12 2.5539898757e-12
2.5195312500e+02 3.7402709269e-12 1.1897516122e-12 2.5505193146e-12
2.5201416016e+02 3.7291125047e-12 1.1870393214e-12 2.5420731833e-12
2.5207519531e+02 3.7167140846e-12 1.1848658823e-12 2.5318482023e-12
2.5213623047e+02 3.7071759273e-12 1.1835399686e-12 2.5236359587e-12
2.5219726562e+02 3.7007738649e-12 1.1821535432e-12 2.5186203217e-12
2.5225830078e+02 3.6953167817e-12 1.1798744058e-12 2.5154423759e-12
2.5231933594e+02 3.6896358168e-12 1.1769847056e-12 2.5126511112e-12
2.5238037109e+02 3.6845135848e-12 1.1741898509e-12 2.5103237339e-12
2.5244140625e+02 3.6810161097e-12 1.1718055777e-12 2.5092105320e-12
2.5250244141e+02 3.6792896498e-12 1.1700708264e-12 2.5092188234e-12
2.5256347656e+02 3.6784596572e-12 1.1692841027e-12 2.5091755545e-12
2.5262451172e+02 3.6764126429e-12 1.1690396728e-12 2.5073729700e-12
2.5268554688e+02 3.6706077381e-12 1.1682037160e-12 2.5024040221e-12
2.5274658203e+02 3.6609459045e-12 1.1663072044e-12 2.4946387001e-12
2.5280761719e+02 3.6509943499e-12 1.1642404476e-12 2.4867539023e-12
2.5286865234e+02 3.6446001055e-12 1.1630202280e-12 2.4815798775e-12
2.5292968750e+02 3.6420233925e-12 1.1625101611e-12 2.4795132315e-12
2.5299072266e+02 3.6404544398e-12 1.1617845696e-12 2.4786698702e-12
2.5305175781e+02 3.6375711034e-12 1.1603468721e-12 2.4772242314e-12
2.5311279297e+02 3.6338054814e-12 1.1586478169e-12 2.4751576645e-12
2.5317382812e+02 3.6309751623e-12 1.1573520686e-12 2.4736230937e-12
2.5323486328e+02 3.6294843417e-12 1.1564175300e-12 2.4730668117e-12
2.5329589844e+02 3.6285689334e-12 1.1554590016e-12 2.4731099317e-12
2.5335693359e+02 3.6288396235e-12 1.1547935825e-12 2.4740460410e-12
2.5341796875e+02 3.6319860825e-12 1.1552836303e-12 2.4767024522e-12
2.5347900391e+02 3.6377677416e-12 1.1571675743e-12 2.4806001672e-12
2.5354003906e+02 3.6434670319e-12 1.1596993081e-12 2.4837677237e-12
2.5360107422e+02 3.6464486485e-12 1.1618417262e-12 2.4846069222e-12
2.5366210938e+02 3.6459502024e-12 1.1629730154e-12 2.4829771869e-12
2.5372314453e+02 3.6431869137e-12 1.1631272509e-12 2.4800596627e-12
2.5378417969e+02 3.6406566894e-12 1.1626460008e-12 2.4780106887e-12
2.5384521484e+02 3.6403200651e-12 1.1616385267e-12 2.4786815384e-12
2.5390625000e+02 3.6422170588e-12 1.1601435383e-12 2.4820735205e-12
2.5396728516e+02 3.6451802182e-12 1.1586058542e-12 2.4865743640e-12
2.5402832031e+02 3.6480101803e-12 1.1575482351e-12 2.4904619451e-12
2.5408935547e+02 3.6495603118e-12 1.1569165303e-12 2.4926437815e-12
2.5415039062e+02 3.6484698075e-12 1.1562181720e-12 2.4922516356e-12
2.5421142578e+02 3.6437689193e-12 1.1551029733e-12 2.4886659460e-12
2.5427246094e+02 3.6358905724e-12 1.1534798733e-12 2.4824106991e-12
2.5433349609e+02 3.6263639901e-12 1.1513324705e-12 2.4750315197e-12
2.5439453125e+02 3.6165318140e-12 1.1487372986e-12 2.4677945154e-12
2.5445556641e+02 3.6072469266e-12 1.1459855999e-12 2.4612613268e-12
2.5451660156e+02 3.5995549617e-12 1.1435880587e-12 2.4559669030e-12
2.5457763672e+02 3.5945005051e-12 1.1419951769e-12 2.4525053282e-12
2.5463867188e+02 3.5918167683e-12 1.1411391434e-12 2.4506776249e-12
2.5469970703e+02 3.5898285221e-12 1.1404337394e-12 2.4493947827e-12
2.5476074219e+02 3.5871741868e-12 1.1394218509e-12 2.4477523359e-12
2.5482177734e+02 3.5838944065e-12 1.1384025278e-12 2.4454918787e-12
2.5488281250e+02 3.5808925240e-12 1.1383108625e-12 2.4425816615e-12
2.5494384766e+02 3.5792807073e-12 1.1399230930e-12 2.4393576142e-12
2.5500488281e+02 3.5794397015e-12 1.1429032589e-12 2.4365364426e-12
2.5506591797e+02 3.5793399521e-12 1.1452744326e-12 2.4340655195e-12
2.5512695312e+02 3.5754536915e-12 1.1445435260e-12 2.4309101655e-12
2.5518798828e+02 3.5668537192e-12 1.1402472003e-12 2.4266065189e-12
2.5524902344e+02 3.5567397199e-12 1.1348270775e-12 2.4219126424e-12
2.5531005859e+02 3.5490475044e-12 1.1312720103e-12 2.4177754941e-12
2.5537109375e+02 3.5446763602e-12 1.1303127711e-12 2.4143635890e-12
2.5543212891e+02 3.5412432631e-12 1.1303822203e-12 2.4108610428e-12
2.5549316406e+02 3.5357994046e-12 1.1297720266e-12 2.4060273779e-12
2.5555419922e+02 3.5275913308e-12 1.1280800554e-12 2.3995112754e-12
2.5561523438e+02 3.5183449588e-12 1.1257922111e-12 2.3925527478e-12
2.5567626953e+02 3.5099848649e-12 1.1232149462e-12 2.3867699187e-12
2.5573730469e+02 3.5028157603e-12 1.1202554774e-12 2.3825602829e-12
2.5579833984e+02 3.4964324691e-12 1.1171069105e-12 2.3793255586e-12
2.5585937500e+02 3.4913153570e-12 1.1145165329e-12 2.3767988241e-12
2.5592041016e+02 3.4886143345e-12 1.1131267525e-12 2.3754875820e-12
2.5598144531e+02 3.4887514410e-12 1.1129461173e-12 2.3758053237e-12
2.5604248047e+02 3.4907644130e-12 1.1135630587e-12 2.3772013543e-12
2.5610351562e+02 3.4930385796e-12 1.1144352782e-12 2.3786033014e-12
2.5616455078e+02 3.4942902233e-12 1.1149373884e-12 2.3793528349e-12
2.5622558594e+02 3.4936753391e-12 1.1145516023e-12 2.3791237368e-12
2.5628662109e+02 3.4905601663e-12 1.1131314978e-12 2.3774286685e-12
2.5634765625e+02 3.4853247653e-12 1.1110451907e-12 2.3742795746e-12
2.5640869141e+02 3.4800268310e-12 1.1090680717e-12 2.3709587593e-12
2.5646972656e+02 3.4766942641e-12 1.1078117097e-12 2.3688825543e-12
2.5653076172e+02 3.4754489829e-12 1.1072576917e-12 2.3681912913e-12
2.5659179688e+02 3.4752159862e-12 1.1070438310e-12 2.3681721551e-12
2.5665283203e+02 3.4750796292e-12 1.1069802922e-12 2.3680993370e-12
2.5671386719e+02 3.4743996937e-12 1.1069362734e-12 2.3674634203e-12
2.5677490234e+02 3.4727999427e-12 1.1063647831e-12 2.3664351595e-12
2.5683593750e+02 3.4704320525e-12 1.1046532074e-12 2.3657788451e-12
2.5689697266e+02 3.4674242743e-12 1.1021294925e-12 2.3652947817e-12
2.5695800781e+02 3.4634357798e-12 1.1000302698e-12 2.3634055100e-12
2.5701904297e+02 3.4590620009e-12 1.0993194493e-12 2.3597425516e-12
2.5708007812e+02 3.4563744893e-12 1.0998811212e-12 2.3564933681e-12
2.5714111328e+02 3.4556475877e-12 1.1005410346e-12 2.3551065531e-12
2.5720214844e+02 3.4530616913e-12 1.0996715917e-12 2.3533900996e-12
2.5726318359e+02 3.4445514781e-12 1.0964436753e-12 2.3481078028e-12
2.5732421875e+02 3.4310693927e-12 1.0917733590e-12 2.3392960337e-12
2.5738525391e+02 3.4176952821e-12 1.0875115797e-12 2.3301837024e-12
2.5744628906e+02 3.4080441290e-12 1.0847240896e-12 2.3233200394e-12
2.5750732422e+02 3.4017684915e-12 1.0833083501e-12 2.3184601414e-12
2.5756835938e+02 3.3970558766e-12 1.0828017987e-12 2.3142540779e-12
2.5762939453e+02 3.3927387417e-12 1.0826764393e-12 2.3100623023e-12
2.5769042969e+02 3.3876531012e-12 1.0822192230e-12 2.3054338782e-12
2.5775146484e+02 3.3802260392e-12 1.0808071579e-12 2.2994188814e-12
2.5781250000e+02 3.3694032205e-12 1.0780948113e-12 2.2913084092e-12
2.5787353516e+02 3.3550619121e-12 1.0738028667e-12 2.2812590454e-12
2.5793457031e+02 3.3382542426e-12 1.0679466331e-12 2.2703076095e-12
2.5799560547e+02 3.3219310129e-12 1.0616306514e-12 2.2603003615e-12
2.5805664062e+02 3.3098138766e-12 1.0569451630e-12 2.2528687137e-12
2.5811767578e+02 3.3035601338e-12 1.0553877501e-12 2.2481723837e-12
2.5817871094e+02 3.3017033891e-12 1.0565246134e-12 2.2451787756e-12
2.5823974609e+02 3.3009459543e-12 1.0583956312e-12 2.2425503231e-12
2.5830078125e+02 3.2984639620e-12 1.0591811786e-12 2.2392827834e-12
2.5836181641e+02 3.2941543523e-12 1.0585693630e-12 2.2355849893e-12
2.5842285156e+02 3.2899556351e-12 1.0573672845e-12 2.2325883506e-12
2.5848388672e+02 3.2863185178e-12 1.0559550047e-12 2.2303635131e-12
2.5854492188e+02 3.2813261591e-12 1.0540046478e-12 2.2273215113e-12
2.5860595703e+02 3.2737013862e-12 1.0514989811e-12 2.2222024051e-12
2.5866699219e+02 3.2648369535e-12 1.0489532911e-12 2.2158836624e-12
2.5872802734e+02 3.2579009717e-12 1.0468952928e-12 2.2110056789e-12
2.5878906250e+02 3.2555487379e-12 1.0457295515e-12 2.2098191864e-12
2.5885009766e+02 3.2577375225e-12 1.0456170045e-12 2.2121205180e-12
2.5891113281e+02 3.2614871880e-12 1.0460214466e-12 2.2154657414e-12
2.5897216797e+02 3.2630615364e-12 1.0457640792e-12 2.2172974572e-12
2.5903320312e+02 3.2602821413e-12 1.0440212529e-12 2.2162608884e-12
2.5909423828e+02 3.2531958892e-12 1.0410932623e-12 2.2121026269e-12
2.5915527344e+02 3.2439425669e-12 1.0380080249e-12 2.2059345420e-12
2.5921630859e+02 3.2361685735e-12 1.0357598466e-12 2.2004087268e-12
2.5927734375e+02 3.2327422204e-12 1.0349072569e-12 2.1978349635e-12
2.5933837891e+02 3.2332269359e-12 1.0353233735e-12 2.1979035623e-12
2.5939941406e+02 3.2347897688e-12 1.0362597278e-12 2.1985300409e-12
2.5946044922e+02 3.2355122800e-12 1.0368535528e-12 2.1986587271e-12
2.5952148438e+02 3.2349921473e-12 1.0364714296e-12 2.1985207177e-12
2.5958251953e+02 3.2319780773e-12 1.0348027105e-12 2.1971753667e-12
2.5964355469e+02 3.2245472839e-12 1.0323148721e-12 2.1922324117e-12
2.5970458984e+02 3.2135934765e-12 1.0304022471e-12 2.1831912294e-12
2.5976562500e+02 3.2034633439e-12 1.0301711766e-12 2.1732921673e-12
2.5982666016e+02 3.1984585620e-12 1.0314044821e-12 2.1670540800e-12
2.5988769531e+02 3.2000181791e-12 1.0332072037e-12 2.1668109754e-12
2.5994873047e+02 3.2060788503e-12 1.0347007959e-12 2.1713780544e-12
2.6000976562e+02 3.2118378182e-12 1.0348489394e-12 2.1769888788e-12
2.6007080078e+02 3.2127442293e-12 1.0328856223e-12 2.1798586070e-12
2.6013183594e+02 3.2081782901e-12 1.0292745598e-12 2.1789037303e-12
2.6019287109e+02 3.2014024937e-12 1.0255039967e-12 2.1758984971e-12
2.6025390625e+02 3.1956912037e-12 1.0228591450e-12 2.1728320587e-12
2.6031494141e+02 3.1919748348e-12 1.0218046771e-12 2.1701701577e-12
2.6037597656e+02 3.1900500254e-12 1.0221699744e-12 2.1678800509e-12
2.6043701172e+02 3.1898283017e-12 1.0232594474e-12 2.1665688543e-12
2.6049804688e+02 3.1904367547e-12 1.0240260702e-12 2.1664106845e-12
2.6055908203e+02 3.1891519334e-12 1.0236685468e-12 2.1654833866e-12
2.6062011719e+02 3.1830116391e-12 1.0220947509e-12 2.1609168882e-12
2.6068115234e+02 3.1722679114e-12 1.0198222342e-12 2.1524456773e-12
2.6074218750e+02 3.1610632912e-12 1.0175897149e-12 2.1434735763e-12
2.6080322266e+02 3.1538071634e-12 1.0160254540e-12 2.1377817093e-12
2.6086425781e+02 3.1516599952e-12 1.0155273037e-12 2.1361326914e-12
2.6092529297e+02 3.1526174556e-12 1.0161449034e-12 2.1364725522e-12
2.6098632812e+02 3.1539063001e-12 1.0173011377e-12 2.1366051624e-12
2.6104736328e+02 3.1536730669e-12 1.0178173539e-12 2.1358557131e-12
2.6110839844e+02 3.1508115733e-12 1.0166090137e-12 2.1342025596e-12
2.6116943359e+02 3.1449678771e-12 1.0137090046e-12 2.1312588724e-12
2.6123046875e+02 3.1376630528e-12 1.0106369853e-12 2.1270260675e-12
2.6129150391e+02 3.1317095180e-12 1.0092988026e-12 2.1224107154e-12
2.6135253906e+02 3.1285856313e-12 1.0102770791e-12 2.1183085521e-12
2.6141357422e+02 3.1276065879e-12 1.0123860978e-12 2.1152204901e-12
2.6147460938e+02 3.1273007974e-12 1.0137112919e-12 2.1135895055e-12
2.6153564453e+02 3.1260121795e-12 1.0127243623e-12 2.1132878172e-12
2.6159667969e+02 3.1224328706e-12 1.0090483533e-12 2.1133845173e-12
2.6165771484e+02 3.1173924010e-12 1.0040396772e-12 2.1133527238e-12
2.6171875000e+02 3.1137279042e-12 1.0000406149e-12 2.1136872893e-12
2.6177978516e+02 3.1127472597e-12 9.9818438828e-13 2.1145628714e-12
2.6184082031e+02 3.1120933094e-12 9.9750017450e-13 2.1145931349e-12
2.6190185547e+02 3.1088997985e-12 9.9671709654e-13 2.1121827020e-12
2.6196289062e+02 3.1037612404e-12 9.9596426445e-13 2.1077969760e-12
2.6202392578e+02 3.0994560621e-12 9.9588922877e-13 2.1035668333e-12
2.6208496094e+02 3.0969463903e-12 9.9595729629e-13 2.1009890940e-12
2.6214599609e+02 3.0948210845e-12 9.9477643002e-13 2.1000446545e-12
2.6220703125e+02 3.0920295567e-12 9.9202826961e-13 2.1000012871e-12
2.6226806641e+02 3.0890766596e-12 9.8916557621e-13 2.0999110834e-12
2.6232910156e+02 3.0865073159e-12 9.8777617442e-13 2.0987311414e-12
2.6239013672e+02 3.0838065108e-12 9.8781356897e-13 2.0959929418e-12
2.6245117188e+02 3.0802098505e-12 9.8798521885e-13 2.0922246316e-12
2.6251220703e+02 3.0758347009e-12 9.8741779763e-13 2.0884169032e-12
2.6257324219e+02 3.0714667889e-12 9.8628163044e-13 2.0851851585e-12
2.6263427734e+02 3.0675610110e-12 9.8509433912e-13 2.0824666719e-12
2.6269531250e+02 3.0640960880e-12 9.8398660567e-13 2.0801094823e-12
2.6275634766e+02 3.0609396191e-12 9.8261068579e-13 2.0783289333e-12
2.6281738281e+02 3.0575711318e-12 9.8069835576e-13 2.0768727760e-12
2.6287841797e+02 3.0531795353e-12 9.7873793657e-13 2.0744415987e-12
2.6293945312e+02 3.0477675773e-12 9.7776806165e-13 2.0699995156e-12
2.6300048828e+02 3.0425049276e-12 9.7836164874e-13 2.0641432789e-12
2.6306152344e+02 3.0386363066e-12 9.8002296479e-13 2.0586133418e-12
2.6312255859e+02 3.0363132321e-12 9.8142090421e-13 2.0548923279e-12
2.6318359375e+02 3.0345112703e-12 9.8117740234e-13 2.0533338680e-12
2.6324462891e+02 3.0322402933e-12 9.7899759757e-13 2.0532426957e-12
2.6330566406e+02 3.0296825920e-12 9.7608388033e-13 2.0535987116e-12
2.6336669922e+02 3.0275751266e-12 9.7403285487e-13 2.0535422718e-12
2.6342773438e+02 3.0260918030e-12 9.7365094442e-13 2.0524408585e-12
2.6348876953e+02 3.0251827144e-12 9.7492750373e-13 2.0502552107e-12
2.6354980469e+02 3.0250403878e-12 9.7722740296e-13 2.0478129849e-12
2.6361083984e+02 3.0252649602e-12 9.7930742282e-13 2.0459575374e-12
2.6367187500e+02 3.0244564678e-12 9.7991774134e-13 2.0445387265e-12
2.6373291016e+02 3.0213201503e-12 9.7851571639e-13 2.0428044339e-12
2.6379394531e+02 3.0155899213e-12 9.7518022238e-13 2.0404096989e-12
2.6385498047e+02 3.0082626517e-12 9.7050967614e-13 2.0377529755e-12
2.6391601562e+02 3.0014653805e-12 9.6594605886e-13 2.0355193217e-12
2.6397705078e+02 2.9968401950e-12 9.6313608239e-13 2.0337041126e-12
2.6403808594e+02 2.9937845683e-12 9.6253292068e-13 2.0312516476e-12
2.6409912109e+02 2.9901700507e-12 9.6316124813e-13 2.0270088026e-12
2.6416015625e+02 2.9843975433e-12 9.6353695963e-13 2.0208605837e-12
2.6422119141e+02 2.9766376106e-12 9.6263978095e-13 2.0139978296e-12
2.6428222656e+02 2.9688283479e-12 9.6053392652e-13 2.0082944214e-12
2.6434326172e+02 2.9633700177e-12 9.5817344812e-13 2.0051965695e-12
2.6440429688e+02 2.9612486485e-12 9.5651030050e-13 2.0047383480e-12
2.6446533203e+02 2.9615574414e-12 9.5594232061e-13 2.0056151208e-12
2.6452636719e+02 2.9630287412e-12 9.5637399924e-13 2.0066547419e-12
2.6458740234e+02 2.9652586580e-12 9.5737426990e-13 2.0078843881e-12
2.6464843750e+02 2.9680405774e-12 9.5833367073e-13 2.0097069067e-12
2.6470947266e+02 2.9704483784e-12 9.5869465662e-13 2.0117537218e-12
2.6477050781e+02 2.9710786779e-12 9.5808050820e-13 2.0129981697e-12
2.6483154297e+02 2.9685914406e-12 9.5626084713e-13 2.0123305934e-12
2.6489257812e+02 2.9624177833e-12 9.5333966379e-13 2.0090781195e-12
2.6495361328e+02 2.9542388199e-12 9.5018419954e-13 2.0040546204e-12
2.6501464844e+02 2.9479400927e-12 9.4815119836e-13 1.9997888943e-12
2.6507568359e+02 2.9459463644e-12 9.4786999681e-13 1.9980763675e-12
2.6513671875e+02 2.9462623899e-12 9.4855575966e-13 1.9977066303e-12
2.6519775391e+02 2.9452733011e-12 9.4888080358e-13 1.9963924975e-12
2.6525878906e+02 2.9421544472e-12 9.4816872970e-13 1.9939857175e-12
2.6531982422e+02 2.9382414840e-12 9.4638850446e-13 1.9918529796e-12
2.6538085938e+02 2.9338845509e-12 9.4356450637e-13 1.9903200445e-12
2.6544189453e+02 2.9286103118e-12 9.3998441355e-13 1.9886258982e-12
2.6550292969e+02 2.9234679317e-12 9.3680442299e-13 1.9866635087e-12
2.6556396484e+02 2.9211055780e-12 9.3562246463e-13 1.9854831134e-12
2.6562500000e+02 2.9230569085e-12 9.3707220916e-13 1.9859846994e-12
2.6568603516e+02 2.9274980310e-12 9.4007641960e-13 1.9874216114e-12
2.6574707031e+02 2.9304817590e-12 9.4265790116e-13 1.9878238579e-12
2.6580810547e+02 2.9296082169e-12 9.4335343944e-13 1.9862547775e-12
2.6586914062e+02 2.9257152555e-12 9.4193300120e-13 1.9837822543e-12
2.6593017578e+02 2.9210088811e-12 9.3915648675e-13 1.9818523943e-12
2.6599121094e+02 2.9168056401e-12 9.3609474789e-13 1.9807108923e-12
2.6605224609e+02 2.9130973148e-12 9.3356345498e-13 1.9795338598e-12
2.6611328125e+02 2.9090212964e-12 9.3184929648e-13 1.9771719999e-12
2.6617431641e+02 2.9039583473e-12 9.3092732425e-13 1.9730310231e-12
2.6623535156e+02 2.8988573143e-12 9.3098860751e-13 1.9678687068e-12
2.6629638672e+02 2.8952513015e-12 9.3214360073e-13 1.9631077008e-12
2.6635742188e+02 2.8929081210e-12 9.3349939219e-13 1.9594087288e-12
2.6641845703e+02 2.8903292914e-12 9.3357982175e-13 1.9567494697e-12
2.6647949219e+02 2.8869306005e-12 9.3186180028e-13 1.9550688003e-12
2.6654052734e+02 2.8828310466e-12 9.2905044021e-13 1.9537806064e-12
2.6660156250e+02 2.8774551082e-12 9.2603215164e-13 1.9514229565e-12
2.6666259766e+02 2.8704249918e-12 9.2353760652e-13 1.9468873853e-12
2.6672363281e+02 2.8632606767e-12 9.2236643783e-13 1.9408942388e-12
2.6678466797e+02 2.8580788902e-12 9.2270596576e-13 1.9353729245e-12
2.6684570312e+02 2.8552069239e-12 9.2367833045e-13 1.9315285935e-12
2.6690673828e+02 2.8538457162e-12 9.2430497570e-13 1.9295407405e-12
2.6696777344e+02 2.8535203894e-12 9.2409085923e-13 1.9294295302e-12
2.6702880859e+02 2.8534186053e-12 9.2257820635e-13 1.9308403990e-12
2.6708984375e+02 2.8524810908e-12 9.1968523958e-13 1.9327958512e-12
2.6715087891e+02 2.8508046554e-12 9.1647820167e-13 1.9343264537e-12
2.6721191406e+02 2.8486513047e-12 9.1437873876e-13 1.9342725660e-12
2.6727294922e+02 2.8447082785e-12 9.1366326134e-13 1.9310450172e-12
2.6733398438e+02 2.8379614402e-12 9.1353700134e-13 1.9244244388e-12
2.6739501953e+02 2.8300553040e-12 9.1325438434e-13 1.9168009196e-12
2.6745605469e+02 2.8232806982e-12 9.1245963261e-13 1.9108210656e-12
2.6751708984e+02 2.8176512718e-12 9.1103986138e-13 1.9066114105e-12
2.6757812500e+02 2.8119692086e-12 9.0928843285e-13 1.9026807757e-12
2.6763916016e+02 2.8061717129e-12 9.0776401378e-13 1.8984076992e-12
2.6770019531e+02 2.8013087101e-12 9.0676451899e-13 1.8945441912e-12
2.6776123047e+02 2.7984138790e-12 9.0619139715e-13 1.8922224819e-12
2.6782226562e+02 2.7975774918e-12 9.0570499223e-13 1.8918724996e-12
2.6788330078e+02 2.7976215799e-12 9.0486443112e-13 1.8927571488e-12
2.6794433594e+02 2.7970326309e-12 9.0333559050e-13 1.8936970404e-12
2.6800537109e+02 2.7948610392e-12 9.0101524294e-13 1.8938457962e-12
2.6806640625e+02 2.7904946534e-12 8.9809934709e-13 1.8923953063e-12
2.6812744141e+02 2.7836314322e-12 8.9521531505e-13 1.8884161171e-12
2.6818847656e+02 2.7752197283e-12 8.9323850453e-13 1.8819812237e-12
2.6824951172e+02 2.7679077844e-12 8.9271032296e-13 1.8751974614e-12
2.6831054688e+02 2.7643710842e-12 8.9340970590e-13 1.8709613783e-12
2.6837158203e+02 2.7647758005e-12 8.9449952601e-13 1.8702762745e-12
2.6843261719e+02 2.7666858136e-12 8.9520150801e-13 1.8714843056e-12
2.6849365234e+02 2.7673947328e-12 8.9522954610e-13 1.8721651867e-12
2.6855468750e+02 2.7657474364e-12 8.9449918573e-13 1.8712482506e-12
2.6861572266e+02 2.7625693342e-12 8.9297364892e-13 1.8695956852e-12
2.6867675781e+02 2.7598247292e-12 8.9102725794e-13 1.8687974713e-12
2.6873779297e+02 2.7585826840e-12 8.8938932956e-13 1.8691933544e-12
2.6879882812e+02 2.7580777067e-12 8.8850880032e-13 1.8695689064e-12
2.6885986328e+02 2.7572308543e-12 8.8831376926e-13 1.8689170851e-12
2.6892089844e+02 2.7557998033e-12 8.8855287687e-13 1.8672469264e-12
2.6898193359e+02 2.7536886381e-12 8.8897715493e-13 1.8647114832e-12
2.6904296875e+02 2.7509744692e-12 8.8923160491e-13 1.8617428643e-12
2.6910400391e+02 2.7486095125e-12 8.8890337636e-13 1.8597061361e-12
2.6916503906e+02 2.7473980278e-12 8.8784761668e-13 1.8595504111e-12
2.6922607422e+02 2.7468115179e-12 8.8645099845e-13 1.8603605195e-12
2.6928710938e+02 2.7456922577e-12 8.8525882435e-13 1.8604334333e-12
2.6934814453e+02 2.7432792575e-12 8.8435207943e-13 1.8589271780e-12
2.6940917969e+02 2.7397081367e-12 8.8357756926e-13 1.8561305674e-12
2.6947021484e+02 2.7362281435e-12 8.8310484138e-13 1.8531233021e-12
2.6953125000e+02 2.7341758990e-12 8.8308310372e-13 1.8510927952e-12
2.6959228516e+02 2.7336151040e-12 8.8316346877e-13 1.8504516352e-12
2.6965332031e+02 2.7336358919e-12 8.8300224713e-13 1.8506336448e-12
2.6971435547e+02 2.7334554770e-12 8.8279809602e-13 1.8506573810e-12
2.6977539062e+02 2.7330529535e-12 8.8294591530e-13 1.8501070381e-12
2.6983642578e+02 2.7331897922e-12 8.8361270637e-13 1.8495770858e-12
2.6989746094e+02 2.7343345473e-12 8.8472790306e-13 1.8496066442e-12
2.6995849609e+02 2.7354102279e-12 8.8588236064e-13 1.8495278673e-12
2.7001953125e+02 2.7342497402e-12 8.8623322764e-13 1.8480165125e-12
2.7008056641e+02 2.7295357461e-12 8.8503703102e-13 1.8444987151e-12
2.7014160156e+02 2.7223930364e-12 8.8250319336e-13 1.8398898431e-12
2.7020263672e+02 2.7158954566e-12 8.7980216136e-13 1.8360932952e-12
2.7026367188e+02 2.7123563891e-12 8.7795599416e-13 1.8344003950e-12
2.7032470703e+02 2.7113614915e-12 8.7701266369e-13 1.8343488278e-12
2.7038574219e+02 2.7110096943e-12 8.7653772683e-13 1.8344719675e-12
2.7044677734e+02 2.7101127907e-12 8.7635510142e-13 1.8337576893e-12
2.7050781250e+02 2.7083213027e-12 8.7641687867e-13 1.8319044240e-12
2.7056884766e+02 2.7052520921e-12 8.7639248502e-13 1.8288596070e-12
2.7062988281e+02 2.7006745872e-12 8.7571194457e-13 1.8249626427e-12
2.7069091797e+02 2.6950181536e-12 8.7396567133e-13 1.8210524823e-12
2.7075195312e+02 2.6893681762e-12 8.7138383232e-13 1.8179843439e-12
2.7081298828e+02 2.6854799508e-12 8.6902467436e-13 1.8164552764e-12
2.7087402344e+02 2.6851379588e-12 8.6825686758e-13 1.8168810912e-12
2.7093505859e+02 2.6884247080e-12 8.6970503578e-13 1.8187196722e-12
2.7099609375e+02 2.6929019137e-12 8.7254408383e-13 1.8203578299e-12
2.7105712891e+02 2.6951107383e-12 8.7494622833e-13 1.8201645100e-12
2.7111816406e+02 2.6932245915e-12 8.7544573195e-13 1.8177788596e-12
2.7117919922e+02 2.6884684957e-12 8.7393274807e-13 1.8145357476e-12
2.7124023438e+02 2.6833436635e-12 8.7123248689e-13 1.8121111766e-12
2.7130126953e+02 2.6789143660e-12 8.6813018031e-13 1.8107841856e-12
2.7136230469e+02 2.6754515595e-12 8.6536963302e-13 1.8100819264e-12
2.7142333984e+02 2.6741141445e-12 8.6388481582e-13 1.8102293287e-12
2.7148437500e+02 2.6753812901e-12 8.6408434991e-13 1.8112969402e-12
2.7154541016e+02 2.6769757313e-12 8.6519153174e-13 1.8117841996e-12
2.7160644531e+02 2.6754075198e-12 8.6570720508e-13 1.8097003147e-12
2.7166748047e+02 2.6696504055e-12 8.6462958086e-13 1.8050208246e-12
2.7172851562e+02 2.6622277865e-12 8.6228174570e-13 1.7999460409e-12
2.7178955078e+02 2.6563110242e-12 8.5977729213e-13 1.7965337320e-12
2.7185058594e+02 2.6527834075e-12 8.5775447943e-13 1.7950289281e-12
2.7191162109e+02 2.6504049474e-12 8.5599739849e-13 1.7944075490e-12
2.7197265625e+02 2.6476377981e-12 8.5416936777e-13 1.7934684303e-12
2.7203369141e+02 2.6437531578e-12 8.5233605624e-13 1.7914171015e-12
2.7209472656e+02 2.6388593589e-12 8.5069454929e-13 1.7881648097e-12
2.7215576172e+02 2.6334376793e-12 8.4932528806e-13 1.7841123913e-12
2.7221679688e+02 2.6277561384e-12 8.4826460616e-13 1.7794915323e-12
2.7227783203e+02 2.6218256199e-12 8.4733820174e-13 1.7744874182e-12
2.7233886719e+02 2.6159888389e-12 8.4604142478e-13 1.7699474141e-12
2.7239990234e+02 2.6109886595e-12 8.4412644562e-13 1.7668622139e-12
2.7246093750e+02 2.6074653061e-12 8.4221942963e-13 1.7652458765e-12
2.7252197266e+02 2.6057958674e-12 8.4137714668e-13 1.7644187207e-12
2.7258300781e+02 2.6056891587e-12 8.4191179432e-13 1.7637773644e-12
2.7264404297e+02 2.6055382873e-12 8.4286618763e-13 1.7626720996e-12
2.7270507812e+02 2.6031823121e-12 8.4284371665e-13 1.7603385955e-12
2.7276611328e+02 2.5976699182e-12 8.4123848575e-13 1.7564314325e-12
2.7282714844e+02 2.5899038080e-12 8.3846690984e-13 1.7514368981e-12
2.7288818359e+02 2.5817762960e-12 8.3536536589e-13 1.7464109301e-12
2.7294921875e+02 2.5749126723e-12 8.3281355862e-13 1.7420991137e-12
2.7301025391e+02 2.5699781209e-12 8.3160420939e-13 1.7383739115e-12
2.7307128906e+02 2.5669066433e-12 8.3206760733e-13 1.7348390360e-12
2.7313232422e+02 2.5654516249e-12 8.3370178425e-13 1.7317498407e-12
2.7319335938e+02 2.5650418626e-12 8.3538139354e-13 1.7296604691e-12
2.7325439453e+02 2.5644274856e-12 8.3611995295e-13 1.7283075327e-12
2.7331542969e+02 2.5622484115e-12 8.3558161812e-13 1.7266667934e-12
2.7337646484e+02 2.5579589136e-12 8.3392817255e-13 1.7240307411e-12
2.7343750000e+02 2.5521628660e-12 8.3158916906e-13 1.7205736969e-12
2.7349853516e+02 2.5465018292e-12 8.2930265695e-13 1.7171991722e-12
2.7355957031e+02 2.5429771036e-12 8.2797812192e-13 1.7149989817e-12
2.7362060547e+02 2.5425821613e-12 8.2814616356e-13 1.7144359977e-12
2.7368164062e+02 2.5446484956e-12 8.2958986686e-13 1.7150586287e-12
2.7374267578e+02 2.5478035114e-12 8.3160788779e-13 1.7161956236e-12
2.7380371094e+02 2.5511287011e-12 8.3347337471e-13 1.7176553264e-12
2.7386474609e+02 2.5539730827e-12 8.3450897093e-13 1.7194641117e-12
2.7392578125e+02 2.5549837302e-12 8.3392759516e-13 1.7210561351e-12
2.7398681641e+02 2.5524928979e-12 8.3118335924e-13 1.7213095386e-12
2.7404785156e+02 2.5464241522e-12 8.2679686602e-13 1.7196272861e-12
2.7410888672e+02 2.5388859127e-12 8.2241292706e-13 1.7164729856e-12
2.7416992188e+02 2.5324605791e-12 8.1966029693e-13 1.7128002821e-12
2.7423095703e+02 2.5286691530e-12 8.1912512818e-13 1.7095440248e-12
2.7429199219e+02 2.5277150600e-12 8.2028630809e-13 1.7074287520e-12
2.7435302734e+02 2.5282491325e-12 8.2183300140e-13 1.7064161311e-12
2.7441406250e+02 2.5277822153e-12 8.2230968471e-13 1.7054725306e-12
2.7447509766e+02 2.5246903590e-12 8.2119461593e-13 1.7034957431e-12
2.7453613281e+02 2.5194335687e-12 8.1916733750e-13 1.7002662312e-12
2.7459716797e+02 2.5137085254e-12 8.1716610701e-13 1.6965424184e-12
2.7465820312e+02 2.5092378333e-12 8.1556737579e-13 1.6936704575e-12
2.7471923828e+02 2.5066175085e-12 8.1416260826e-13 1.6924549003e-12
2.7478027344e+02 2.5048640211e-12 8.1266422080e-13 1.6921998003e-12
2.7484130859e+02 2.5031559283e-12 8.1127513104e-13 1.6918807972e-12
2.7490234375e+02 2.5023934553e-12 8.1052922718e-13 1.6918642282e-12
2.7496337891e+02 2.5036059818e-12 8.1046843231e-13 1.6931375495e-12
2.7502441406e+02 2.5058541812e-12 8.1049115538e-13 1.6953630258e-12
2.7508544922e+02 2.5071782854e-12 8.1015349601e-13 1.6970247894e-12
2.7514648438e+02 2.5070057146e-12 8.0961964707e-13 1.6973860675e-12
2.7520751953e+02 2.5065529139e-12 8.0926885557e-13 1.6972840584e-12
2.7526855469e+02 2.5068071811e-12 8.0928956382e-13 1.6975176173e-12
2.7532958984e+02 2.5070386237e-12 8.0968908006e-13 1.6973495437e-12
2.7539062500e+02 2.5061738792e-12 8.1028892136e-13 1.6958849578e-12
2.7545166016e+02 2.5048109773e-12 8.1069757557e-13 1.6941134018e-12
2.7551269531e+02 2.5046903140e-12 8.1069805608e-13 1.6939922579e-12
2.7557373047e+02 2.5064796377e-12 8.1048072139e-13 1.6959989163e-12
2.7563476562e+02 2.5084917939e-12 8.1013265580e-13 1.6983591381e-12
2.7569580078e+02 2.5079279797e-12 8.0940060900e-13 1.6985273707e-12
2.7575683594e+02 2.5040141092e-12 8.0828828915e-13 1.6957258200e-12
2.7581787109e+02 2.4991506761e-12 8.0728301805e-13 1.6918676581e-12
2.7587890625e+02 2.4963402232e-12 8.0686840199e-13 1.6894718213e-12
2.7593994141e+02 2.4964142976e-12 8.0717396705e-13 1.6892403305e-12
2.7600097656e+02 2.4976483393e-12 8.0778799555e-13 1.6898603438e-12
2.7606201172e+02 2.4972640305e-12 8.0780402842e-13 1.6894600021e-12
2.7612304688e+02 2.4936524817e-12 8.0664624874e-13 1.6870062330e-12
2.7618408203e+02 2.4874626448e-12 8.0488422993e-13 1.6825784148e-12
2.7624511719e+02 2.4805497999e-12 8.0364143604e-13 1.6769083638e-12
2.7630615234e+02 2.4745140407e-12 8.0329748025e-13 1.6712165605e-12
2.7636718750e+02 2.4702556643e-12 8.0328401376e-13 1.6669716506e-12
2.7642822266e+02 2.4674933177e-12 8.0279743083e-13 1.6646958869e-12
2.7648925781e+02 2.4645032446e-12 8.0132796491e-13 1.6631752797e-12
2.7655029297e+02 2.4597309279e-12 7.9899638470e-13 1.6607345432e-12
2.7661132812e+02 2.4534892994e-12 7.9651122874e-13 1.6569780706e-12
2.7667236328e+02 2.4471749459e-12 7.9445660655e-13 1.6527183393e-12
2.7673339844e+02 2.4417814609e-12 7.9290932086e-13 1.6488721401e-12
2.7679443359e+02 2.4379452183e-12 7.9186662707e-13 1.6460785912e-12
2.7685546875e+02 2.4361629165e-12 7.9139238568e-13 1.6447705308e-12
2.7691650391e+02 2.4359184432e-12 7.9127372073e-13 1.6446447225e-12
2.7697753906e+02 2.4355425031e-12 7.9122389749e-13 1.6443186056e-12
2.7703857422e+02 2.4339046122e-12 7.9137643543e-13 1.6425281768e-12
2.7709960938e+02 2.4316659256e-12 7.9195653581e-13 1.6397093898e-12
2.7716064453e+02 2.4304408169e-12 7.9266909869e-13 1.6377717182e-12
2.7722167969e+02 2.4309568733e-12 7.9285704645e-13 1.6380998269e-12
2.7728271484e+02 2.4321138575e-12 7.9205128605e-13 1.6400625715e-12
2.7734375000e+02 2.4321641032e-12 7.9039968911e-13 1.6417644141e-12
2.7740478516e+02 2.4307077004e-12 7.8877900608e-13 1.6419286943e-12
2.7746582031e+02 2.4287579954e-12 7.8805188444e-13 1.6407061110e-12
2.7752685547e+02 2.4271294849e-12 7.8806038795e-13 1.6390690969e-12
2.7758789062e+02 2.4257704114e-12 7.8795882639e-13 1.6378115850e-12
2.7764892578e+02 2.4246604186e-12 7.8749805547e-13 1.6371623631e-12
2.7770996094e+02 2.4245743283e-12 7.8731961992e-13 1.6372547084e-12
2.7777099609e+02 2.4264085801e-12 7.8805302576e-13 1.6383555544e-12
2.7783203125e+02 2.4298642549e-12 7.8953598983e-13 1.6403282650e-12
2.7789306641e+02 2.4333163387e-12 7.9089305683e-13 1.6424232818e-12
2.7795410156e+02 2.4350920196e-12 7.9129574082e-13 1.6437962788e-12
2.7801513672e+02 2.4345122832e-12 7.9060513810e-13 1.6439071451e-12
2.7807617188e+02 2.4317320716e-12 7.8915625751e-13 1.6425758141e-12
2.7813720703e+02 2.4271334261e-12 7.8711571465e-13 1.6400177115e-12
2.7819824219e+02 2.4211898777e-12 7.8446188218e-13 1.6367279955e-12
2.7825927734e+02 2.4149756523e-12 7.8163948546e-13 1.6333361669e-12
2.7832031250e+02 2.4102258675e-12 7.7968907883e-13 1.6305367886e-12
2.7838134766e+02 2.4077962039e-12 7.7921120671e-13 1.6285849972e-12
2.7844238281e+02 2.4066366872e-12 7.7966042337e-13 1.6269762639e-12
2.7850341797e+02 2.4054532038e-12 7.8019367923e-13 1.6252595246e-12
2.7856445312e+02 2.4043606336e-12 7.8053685595e-13 1.6238237777e-12
2.7862548828e+02 2.4040546970e-12 7.8064286381e-13 1.6234118332e-12
2.7868652344e+02 2.4045220141e-12 7.8033511987e-13 1.6241868942e-12
2.7874755859e+02 2.4051128704e-12 7.7957080098e-13 1.6255420694e-12
2.7880859375e+02 2.4050852362e-12 7.7851944909e-13 1.6265657871e-12
2.7886962891e+02 2.4039065629e-12 7.7741018355e-13 1.6264963793e-12
2.7893066406e+02 2.4015089546e-12 7.7658025027e-13 1.6249287044e-12
2.7899169922e+02 2.3979709128e-12 7.7625116210e-13 1.6217197507e-12
2.7905273438e+02 2.3926796197e-12 7.7591905164e-13 1.6167605680e-12
2.7911376953e+02 2.3849042170e-12 7.7458129788e-13 1.6103229191e-12
2.7917480469e+02 2.3756094538e-12 7.7199543753e-13 1.6036140163e-12
2.7923583984e+02 2.3672912540e-12 7.6912996291e-13 1.5981612911e-12
2.7929687500e+02 2.3617222173e-12 7.6709924226e-13 1.5946229750e-12
2.7935791016e+02 2.3587640665e-12 7.6610229747e-13 1.5926617690e-12
2.7941894531e+02 2.3571824902e-12 7.6551023048e-13 1.5916722597e-12
2.7947998047e+02 2.3559371387e-12 7.6474171498e-13 1.5911954238e-12
2.7954101562e+02 2.3547029835e-12 7.6395352181e-13 1.5907494617e-12
2.7960205078e+02 2.3536842287e-12 7.6382856548e-13 1.5898556632e-12
2.7966308594e+02 2.3532276816e-12 7.6469038767e-13 1.5885372940e-12
2.7972412109e+02 2.3533922596e-12 7.6605978552e-13 1.5873324741e-12
2.7978515625e+02 2.3536682851e-12 7.6708008105e-13 1.5865882040e-12
2.7984619141e+02 2.3531428548e-12 7.6707693061e-13 1.5860659241e-12
2.7990722656e+02 2.3512097491e-12 7.6587770974e-13 1.5853320394e-12
2.7996826172e+02 2.3484424356e-12 7.6397331431e-13 1.5844691213e-12
2.8002929688e+02 2.3464302438e-12 7.6226681731e-13 1.5841634265e-12
2.8009033203e+02 2.3463281746e-12 7.6150123069e-13 1.5848269439e-12
2.8015136719e+02 2.3481760864e-12 7.6200178602e-13 1.5861743004e-12
2.8021240234e+02 2.3514396301e-12 7.6369604241e-13 1.5877435877e-12
2.8027343750e+02 2.3548808109e-12 7.6596582553e-13 1.5889149853e-12
2.8033447266e+02 2.3568917260e-12 7.6789115707e-13 1.5890005690e-12
2.8039550781e+02 2.3574460674e-12 7.6914266091e-13 1.5883034065e-12
2.8045654297e+02 2.3580238481e-12 7.7005127766e-13 1.5879725704e-12
2.8051757812e+02 2.3587469527e-12 7.7047615377e-13 1.5882707990e-12
2.8057861328e+02 2.3576794481e-12 7.6947510277e-13 1.5882043453e-12
2.8063964844e+02 2.3536066840e-12 7.6654537320e-13 1.5870613108e-12
2.8070068359e+02 2.3482402120e-12 7.6271050718e-13 1.5855297049e-12
2.8076171875e+02 2.3448776888e-12 7.5989925203e-13 1.5849784367e-12
2.8082275391e+02 2.3449214531e-12 7.5908240106e-13 1.5858390520e-12
2.8088378906e+02 2.3467484493e-12 7.5939130529e-13 1.5873571440e-12
2.8094482422e+02 2.3482114017e-12 7.5942618049e-13 1.5887852212e-12
2.8100585938e+02 2.3488441514e-12 7.5897699099e-13 1.5898671604e-12
2.8106689453e+02 2.3493197960e-12 7.5890617165e-13 1.5904136243e-12
2.8112792969e+02 2.3496893844e-12 7.5954699381e-13 1.5901423906e-12
2.8118896484e+02 2.3487642291e-12 7.5993311926e-13 1.5888311099e-12
2.8125000000e+02 2.3454659651e-12 7.5895366810e-13 1.5865122970e-12
2.8131103516e+02 2.3401160743e-12 7.5667571486e-13 1.5834403595e-12
2.8137207031e+02 2.3337314074e-12 7.5400548863e-13 1.5797259188e-12
2.8143310547e+02 2.3269824638e-12 7.5164450030e-13 1.5753379635e-12
2.8149414062e+02 2.3205005695e-12 7.4984028218e-13 1.5706602873e-12
2.8155517578e+02 2.3151130755e-12 7.4854701795e-13 1.5665660576e-12
2.8161621094e+02 2.3109825034e-12 7.4749532960e-13 1.5634871738e-12
2.8167724609e+02 2.3073436383e-12 7.4653810116e-13 1.5608055371e-12
2.8173828125e+02 2.3036638173e-12 7.4585316522e-13 1.5578106520e-12
2.8179931641e+02 2.3002537829e-12 7.4547970370e-13 1.5547740792e-12
2.8186035156e+02 2.2974161124e-12 7.4513118942e-13 1.5522849230e-12
2.8192138672e+02 2.2947587908e-12 7.4466284593e-13 1.5500959449e-12
2.8198242188e+02 2.2915628250e-12 7.4409893807e-13 1.5474638869e-12
2.8204345703e+02 2.2876513415e-12 7.4327729583e-13 1.5443740457e-12
2.8210449219e+02 2.2839963395e-12 7.4210746451e-13 1.5418888750e-12
2.8216552734e+02 2.2820472778e-12 7.4095578339e-13 1.5410914944e-12
2.8222656250e+02 2.2821479624e-12 7.4030607089e-13 1.5418418915e-12
2.8228759766e+02 2.2832168138e-12 7.4034987359e-13 1.5428669402e-12
2.8234863281e+02 2.2841528224e-12 7.4115589544e-13 1.5429969270e-12
2.8240966797e+02 2.2846965178e-12 7.4270483460e-13 1.5419916832e-12
2.8247070312e+02 2.2846231358e-12 7.4443957418e-13 1.5401835617e-12
2.8253173828e+02 2.2831008478e-12 7.4531843264e-13 1.5377824152e-12
2.8259277344e+02 2.2793988868e-12 7.4465395618e-13 1.5347449306e-12
2.8265380859e+02 2.2738134298e-12 7.4266927100e-13 1.5311441588e-12
2.8271484375e+02 2.2678875111e-12 7.4025363814e-13 1.5276338729e-12
2.8277587891e+02 2.2636233721e-12 7.3833755821e-13 1.5252858139e-12
2.8283691406e+02 2.2619763784e-12 7.3737185727e-13 1.5246045211e-12
2.8289794922e+02 2.2621819949e-12 7.3716610425e-13 1.5250158907e-12
2.8295898438e+02 2.2625951095e-12 7.3708600164e-13 1.5255091078e-12
2.8302001953e+02 2.2621366826e-12 7.3661236461e-13 1.5255243180e-12
2.8308105469e+02 2.2611110094e-12 7.3588397325e-13 1.5252270362e-12
2.8314208984e+02 2.2602326766e-12 7.3533207359e-13 1.5249006030e-12
2.8320312500e+02 2.2592525513e-12 7.3488714388e-13 1.5243654074e-12
2.8326416016e+02 2.2577360113e-12 7.3420893751e-13 1.5235270738e-12
2.8332519531e+02 2.2562803658e-12 7.3339489766e-13 1.5228854681e-12
2.8338623047e+02 2.2555044385e-12 7.3272691341e-13 1.5227775251e-12
2.8344726562e+02 2.2546404870e-12 7.3201196111e-13 1.5226285258e-12
2.8350830078e+02 2.2523428877e-12 7.3086065634e-13 1.5214822314e-12
2.8356933594e+02 2.2487575896e-12 7.2954058800e-13 1.5192170016e-12
2.8363037109e+02 2.2458219739e-12 7.2887471571e-13 1.5169472582e-12
2.8369140625e+02 2.2448681596e-12 7.2906459997e-13 1.5158035597e-12
2.8375244141e+02 2.2447879823e-12 7.2925767984e-13 1.5155303025e-12
2.8381347656e+02 2.2436882254e-12 7.2865158597e-13 1.5150366394e-12
2.8387451172e+02 2.2416625908e-12 7.2749363926e-13 1.5141689516e-12
2.8393554688e+02 2.2404597471e-12 7.2657990147e-13 1.5138798456e-12
2.8399658203e+02 2.2404902823e-12 7.2612226618e-13 1.5143680162e-12
2.8405761719e+02 2.2398259892e-12 7.2559996132e-13 1.5142260279e-12
2.8411865234e+02 2.2369467297e-12 7.2458698947e-13 1.5123597402e-12
2.8417968750e+02 2.2330180266e-12 7.2330741077e-13 1.5097106158e-12
2.8424072266e+02 2.2301811466e-12 7.2234726990e-13 1.5078338767e-12
2.8430175781e+02 2.2288265187e-12 7.2202062131e-13 1.5068058974e-12
2.8436279297e+02 2.2277829978e-12 7.2207840463e-13 1.5057045931e-12
2.8442382812e+02 2.2260995622e-12 7.2194326586e-13 1.5041562963e-12
2.8448486328e+02 2.2238434502e-12 7.2120225663e-13 1.5026411936e-12
2.8454589844e+02 2.2215449193e-12 7.1988238158e-13 1.5016625377e-12
2.8460693359e+02 2.2188953930e-12 7.1829882890e-13 1.5005965641e-12
2.8466796875e+02 2.2146270487e-12 7.1679083987e-13 1.4978362088e-12
2.8472900391e+02 2.2084374912e-12 7.1557070304e-13 1.4928667881e-12
2.8479003906e+02 2.2020363014e-12 7.1473339224e-13 1.4873029091e-12
2.8485107422e+02 2.1971972125e-12 7.1435501517e-13 1.4828421974e-12
2.8491210938e+02 2.1934236074e-12 7.1430839568e-13 1.4791152118e-12
2.8497314453e+02 2.1889294163e-12 7.1416508583e-13 1.4747643304e-12
2.8503417969e+02 2.1840736638e-12 7.1384002043e-13 1.4702336434e-12
2.8509521484e+02 2.1819400137e-12 7.1389176367e-13 1.4680482500e-12
2.8515625000e+02 2.1845277187e-12 7.1460280458e-13 1.4699249141e-12
2.8521728516e+02 2.1900683099e-12 7.1540355730e-13 1.4746647526e-12
2.8527832031e+02 2.1949358350e-12 7.1561891251e-13 1.4793169225e-12
2.8533935547e+02 2.1968267276e-12 7.1520571958e-13 1.4816210080e-12
2.8540039062e+02 2.1956092019e-12 7.1453501408e-13 1.4810741878e-12
2.8546142578e+02 2.1922937569e-12 7.1389109676e-13 1.4784026602e-12
2.8552246094e+02 2.1879744626e-12 7.1334908873e-13 1.4746253738e-12
2.8558349609e+02 2.1833398769e-12 7.1283421044e-13 1.4705056665e-12
2.8564453125e+02 2.1788911632e-12 7.1225386698e-13 1.4666372962e-12
2.8570556641e+02 2.1756758431e-12 7.1171902336e-13 1.4639568198e-12
2.8576660156e+02 2.1752136447e-12 7.1150980886e-13 1.4637038358e-12
2.8582763672e+02 2.1779712118e-12 7.1177104967e-13 1.4662001622e-12
2.8588867188e+02 2.1819602987e-12 7.1220958008e-13 1.4697507187e-12
2.8594970703e+02 2.1837428471e-12 7.1209960008e-13 1.4716432470e-12
2.8601074219e+02 2.1813282240e-12 7.1088118900e-13 1.4704470350e-12
2.8607177734e+02 2.1755422564e-12 7.0880286575e-13 1.4667393906e-12
2.8613281250e+02 2.1690602704e-12 7.0683824243e-13 1.4622220280e-12
2.8619384766e+02 2.1649076977e-12 7.0594197083e-13 1.4589657269e-12
2.8625488281e+02 2.1646030646e-12 7.0626510961e-13 1.4583379550e-12
2.8631591797e+02 2.1670111676e-12 7.0713906562e-13 1.4598721020e-12
2.8637695312e+02 2.1698367165e-12 7.0784340395e-13 1.4619933125e-12
2.8643798828e+02 2.1718745291e-12 7.0808772559e-13 1.4637868035e-12
2.8649902344e+02 2.1730804472e-12 7.0777661078e-13 1.4653038364e-12
2.8656005859e+02 2.1734437155e-12 7.0682554091e-13 1.4666181745e-12
2.8662109375e+02 2.1729799611e-12 7.0541086074e-13 1.4675691004e-12
2.8668212891e+02 2.1720963225e-12 7.0395425166e-13 1.4681420708e-12
2.8674316406e+02 2.1707687359e-12 7.0259573226e-13 1.4681730036e-12
2.8680419922e+02 2.1680539953e-12 7.0107899437e-13 1.4669750009e-12
2.8686523438e+02 2.1633782372e-12 6.9933544329e-13 1.4640427939e-12
2.8692626953e+02 2.1576750267e-12 6.9781974951e-13 1.4598552772e-12
2.8698730469e+02 2.1527982378e-12 6.9713704637e-13 1.4556611915e-12
2.8704833984e+02 2.1502366986e-12 6.9751255508e-13 1.4527241435e-12
2.8710937500e+02 2.1502779030e-12 6.9865670328e-13 1.4516211997e-12
2.8717041016e+02 2.1517804409e-12 6.9997625467e-13 1.4518041862e-12
2.8723144531e+02 2.1526321986e-12 7.0081761981e-13 1.4518145788e-12
2.8729248047e+02 2.1512457864e-12 7.0082959991e-13 1.4504161865e-12
2.8735351562e+02 2.1480566422e-12 7.0026912236e-13 1.4477875199e-12
2.8741455078e+02 2.1449161909e-12 6.9966743043e-13 1.4452487605e-12
2.8747558594e+02 2.1431550468e-12 6.9931094512e-13 1.4438441017e-12
2.8753662109e+02 2.1426688384e-12 6.9913646209e-13 1.4435323763e-12
2.8759765625e+02 2.1419660665e-12 6.9869080712e-13 1.4432752594e-12
2.8765869141e+02 2.1390966256e-12 6.9741916301e-13 1.4416774626e-12
2.8771972656e+02 2.1339633143e-12 6.9553562951e-13 1.4384276848e-12
2.8778076172e+02 2.1292589985e-12 6.9417257038e-13 1.4350864281e-12
2.8784179688e+02 2.1275242460e-12 6.9421198352e-13 1.4333122625e-12
2.8790283203e+02 2.1279794766e-12 6.9524249059e-13 1.4327369860e-12
2.8796386719e+02 2.1274358272e-12 6.9578450888e-13 1.4316513184e-12
2.8802490234e+02 2.1233818320e-12 6.9443134119e-13 1.4289504908e-12
2.8808593750e+02 2.1157161009e-12 6.9094414147e-13 1.4247719594e-12
2.8814697266e+02 2.1065088186e-12 6.8643695819e-13 1.4200718604e-12
2.8820800781e+02 2.0984643643e-12 6.8259418484e-13 1.4158701794e-12
2.8826904297e+02 2.0934971563e-12 6.8070276196e-13 1.4127943944e-12
2.8833007812e+02 2.0924430364e-12 6.8110036152e-13 1.4113426749e-12
2.8839111328e+02 2.0950510114e-12 6.8313949718e-13 1.4119115142e-12
2.8845214844e+02 2.0996044310e-12 6.8558121734e-13 1.4140232137e-12
2.8851318359e+02 2.1034454912e-12 6.8729206187e-13 1.4161534294e-12
2.8857421875e+02 2.1050053349e-12 6.8791435444e-13 1.4170909804e-12
2.8863525391e+02 2.1050091121e-12 6.8789739602e-13 1.4171117161e-12
2.8869628906e+02 2.1050657239e-12 6.8785084552e-13 1.4172148784e-12
2.8875732422e+02 2.1056292534e-12 6.8800087993e-13 1.4176283735e-12
2.8881835938e+02 2.1059927015e-12 6.8817091046e-13 1.4178217911e-12
2.8887939453e+02 2.1056691821e-12 6.8806325115e-13 1.4176059309e-12
2.8894042969e+02 2.1047412020e-12 6.8757515598e-13 1.4171660461e-12
2.8900146484e+02 2.1030612582e-12 6.8682641622e-13 1.4162348419e-12
2.8906250000e+02 2.1003427438e-12 6.8592721830e-13 1.4144155255e-12
2.8912353516e+02 2.0973048541e-12 6.8495061333e-13 1.4123542407e-12
2.8918457031e+02 2.0953535780e-12 6.8395144870e-13 1.4114021293e-12
2.8924560547e+02 2.0945679254e-12 6.8282912953e-13 1.4117387958e-12
2.8930664062e+02 2.0935186318e-12 6.8153306322e-13 1.4119855686e-12
2.8936767578e+02 2.0914590956e-12 6.8041079127e-13 1.4110483044e-12
2.8942871094e+02 2.0890894576e-12 6.7987827572e-13 1.4092111819e-12
2.8948974609e+02 2.0870900423e-12 6.7981620322e-13 1.4072738391e-12
2.8955078125e+02 2.0854796673e-12 6.7979179336e-13 1.4056878739e-12
2.8961181641e+02 2.0845274941e-12 6.7971859599e-13 1.4048088981e-12
2.8967285156e+02 2.0846957217e-12 6.7971804566e-13 1.4049776760e-12
2.8973388672e+02 2.0854308271e-12 6.7960641338e-13 1.4058244137e-12
2.8979492188e+02 2.0854463903e-12 6.7908261781e-13 1.4063637725e-12
2.8985595703e+02 2.0841079884e-12 6.7807975221e-13 1.4060282361e-12
2.8991699219e+02 2.0814252286e-12 6.7660801378e-13 1.4048172148e-12
2.8997802734e+02 2.0774293287e-12 6.7474047275e-13 1.4026888560e-12
2.9003906250e+02 2.0727015528e-12 6.7298002134e-13 1.3997215315e-12
2.9010009766e+02 2.0685670525e-12 6.7201129416e-13 1.3965557584e-12
2.9016113281e+02 2.0659227116e-12 6.7192579410e-13 1.3939969175e-12
2.9022216797e+02 2.0649118627e-12 6.7235634247e-13 1.3925555202e-12
2.9028320312e+02 2.0656636411e-12 6.7323314419e-13 1.3924304969e-12
2.9034423828e+02 2.0677157130e-12 6.7463585712e-13 1.3930798559e-12
2.9040527344e+02 2.0692347989e-12 6.7613558740e-13 1.3930992115e-12
2.9046630859e+02 2.0687671316e-12 6.7701545526e-13 1.3917516763e-12
2.9052734375e+02 2.0671318773e-12 6.7701930474e-13 1.3901125725e-12
2.9058837891e+02 2.0658559284e-12 6.7637673156e-13 1.3894791968e-12
2.9064941406e+02 2.0646345909e-12 6.7521491026e-13 1.3894196806e-12
2.9071044922e+02 2.0618267543e-12 6.7341350152e-13 1.3884132528e-12
2.9077148438e+02 2.0570864587e-12 6.7118700357e-13 1.3858994551e-12
2.9083251953e+02 2.0526696734e-12 6.6946342084e-13 1.3832062525e-12
2.9089355469e+02 2.0515744067e-12 6.6919556355e-13 1.3823788432e-12
2.9095458984e+02 2.0542335818e-12 6.7036040836e-13 1.3838731734e-12
2.9101562500e+02 2.0576931502e-12 6.7200982004e-13 1.3856833302e-12
2.9107666016e+02 2.0584501575e-12 6.7319586938e-13 1.3852542882e-12
2.9113769531e+02 2.0557873671e-12 6.7363902404e-13 1.3821483431e-12
2.9119873047e+02 2.0520807012e-12 6.7366957373e-13 1.3784111275e-12
2.9125976562e+02 2.0498833645e-12 6.7359358801e-13 1.3762897765e-12
2.9132080078e+02 2.0494014361e-12 6.7318070511e-13 1.3762207310e-12
2.9138183594e+02 2.0492156157e-12 6.7198416784e-13 1.3772314479e-12
2.9144287109e+02 2.0483082902e-12 6.6996566384e-13 1.3783426264e-12
2.9150390625e+02 2.0465221558e-12 6.6753539513e-13 1.3789867607e-12
2.9156494141e+02 2.0438290007e-12 6.6518505425e-13 1.3786439465e-12
2.9162597656e+02 2.0402038151e-12 6.6328046070e-13 1.3769233544e-12
2.9168701172e+02 2.0361618948e-12 6.6205251112e-13 1.3741093837e-12
2.9174804688e+02 2.0324858993e-12 6.6148121868e-13 1.3710046806e-12
2.9180908203e+02 2.0292983247e-12 6.6113299028e-13 1.3681653345e-12
2.9187011719e+02 2.0262922172e-12 6.6051109003e-13 1.3657811272e-12
2.9193115234e+02 2.0237643112e-12 6.5972858959e-13 1.3640357217e-12
2.9199218750e+02 2.0224217628e-12 6.5944925434e-13 1.3629725085e-12
2.9205322266e+02 2.0222509305e-12 6.6004420394e-13 1.3622067266e-12
2.9211425781e+02 2.0221820972e-12 6.6102293303e-13 1.3611591642e-12
2.9217529297e+02 2.0208519790e-12 6.6135414953e-13 1.3594978294e-12
2.9223632812e+02 2.0174716938e-12 6.6028937293e-13 1.3571823209e-12
2.9229736328e+02 2.0121573152e-12 6.5790877210e-13 1.3542485431e-12
2.9235839844e+02 2.0063602537e-12 6.5518690904e-13 1.3511733447e-12
2.9241943359e+02 2.0026468460e-12 6.5349976956e-13 1.3491470764e-12
2.9248046875e+02 2.0024754407e-12 6.5346615955e-13 1.3490092811e-12
2.9254150391e+02 2.0047276487e-12 6.5436142099e-13 1.3503662277e-12
2.9260253906e+02 2.0072011862e-12 6.5509193793e-13 1.3521092483e-12
2.9266357422e+02 2.0084572921e-12 6.5527954709e-13 1.3531777450e-12
2.9272460938e+02 2.0084244571e-12 6.5512739150e-13 1.3532970656e-12
2.9278564453e+02 2.0080583377e-12 6.5480980338e-13 1.3532485343e-12
2.9284667969e+02 2.0078288340e-12 6.5421450376e-13 1.3536143302e-12
2.9290771484e+02 2.0069782322e-12 6.5311851883e-13 1.3538597134e-12
2.9296875000e+02 2.0050505802e-12 6.5159775597e-13 1.3534528242e-12
2.9302978516e+02 2.0027546676e-12 6.5007337600e-13 1.3526812916e-12
2.9309082031e+02 2.0009837588e-12 6.4907748236e-13 1.3519062764e-12
2.9315185547e+02 2.0004983255e-12 6.4929072017e-13 1.3512076053e-12
2.9321289062e+02 2.0018927059e-12 6.5117310054e-13 1.3507196053e-12
2.9327392578e+02 2.0046066119e-12 6.5409376229e-13 1.3505128497e-12
2.9333496094e+02 2.0068076419e-12 6.5652442942e-13 1.3502832125e-12
2.9339599609e+02 2.0067431244e-12 6.5727571212e-13 1.3494674123e-12
2.9345703125e+02 2.0038495483e-12 6.5612406004e-13 1.3477254883e-12
2.9351806641e+02 1.9989473522e-12 6.5369056617e-13 1.3452567860e-12
2.9357910156e+02 1.9937182732e-12 6.5118318625e-13 1.3425350869e-12
2.9364013672e+02 1.9894371081e-12 6.4960705191e-13 1.3398300562e-12
2.9370117188e+02 1.9859255741e-12 6.4886407304e-13 1.3370615010e-12
2.9376220703e+02 1.9823385375e-12 6.4820662299e-13 1.3341319145e-12
2.9382324219e+02 1.9787248293e-12 6.4741761117e-13 1.3313072181e-12
2.9388427734e+02 1.9758204322e-12 6.4680604688e-13 1.3290143853e-12
2.9394531250e+02 1.9738341762e-12 6.4644080072e-13 1.3273933755e-12
2.9400634766e+02 1.9722690508e-12 6.4609236355e-13 1.3261766873e-12
2.9406738281e+02 1.9703118266e-12 6.4561670431e-13 1.3246951223e-12
2.9412841797e+02 1.9674380818e-12 6.4504507125e-13 1.3223930105e-12
2.9418945312e+02 1.9643335759e-12 6.4452946538e-13 1.3198041105e-12
2.9425048828e+02 1.9626569932e-12 6.4437004829e-13 1.3182869449e-12
2.9431152344e+02 1.9633859655e-12 6.4485900799e-13 1.3185269575e-12
2.9437255859e+02 1.9656556384e-12 6.4574574863e-13 1.3199098898e-12
2.9443359375e+02 1.9672831237e-12 6.4612849336e-13 1.3211546303e-12
2.9449462891e+02 1.9663227757e-12 6.4535037569e-13 1.3209724000e-12
2.9455566406e+02 1.9623434801e-12 6.4365744657e-13 1.3186860335e-12
2.9461669922e+02 1.9566559513e-12 6.4172419569e-13 1.3149317556e-12
2.9467773438e+02 1.9515897035e-12 6.4019588721e-13 1.3113938162e-12
2.9473876953e+02 1.9494448780e-12 6.3980192708e-13 1.3096429509e-12
2.9479980469e+02 1.9513061161e-12 6.4097415242e-13 1.3103319636e-12
2.9486083984e+02 1.9560941106e-12 6.4314736091e-13 1.3129467497e-12
2.9492187500e+02 1.9610669075e-12 6.4509602508e-13 1.3159708824e-12
2.9498291016e+02 1.9637915691e-12 6.4597619626e-13 1.3178153728e-12
2.9504394531e+02 1.9636451783e-12 6.4568964908e-13 1.3179555293e-12
2.9510498047e+02 1.9613640729e-12 6.4447771655e-13 1.3168863563e-12
2.9516601562e+02 1.9576796601e-12 6.4257108822e-13 1.3151085718e-12
2.9522705078e+02 1.9530726310e-12 6.4021684275e-13 1.3128557883e-12
2.9528808594e+02 1.9484969424e-12 6.3783026611e-13 1.3106666763e-12
2.9534912109e+02 1.9452546932e-12 6.3590169357e-13 1.3093529996e-12
2.9541015625e+02 1.9437691815e-12 6.3463089217e-13 1.3091382893e-12
2.9547119141e+02 1.9430839896e-12 6.3383033887e-13 1.3092536507e-12
2.9553222656e+02 1.9420567756e-12 6.3325266882e-13 1.3088041067e-12
2.9559326172e+02 1.9406048585e-12 6.3280182041e-13 1.3078030381e-12
2.9565429688e+02 1.9393963102e-12 6.3257411834e-13 1.3068221919e-12
2.9571533203e+02 1.9389053587e-12 6.3285969442e-13 1.3060456643e-12
2.9577636719e+02 1.9390805981e-12 6.3374407891e-13 1.3053365192e-12
2.9583740234e+02 1.9395408019e-12 6.3471966994e-13 1.3048211320e-12
2.9589843750e+02 1.9401398350e-12 6.3518947883e-13 1.3049503561e-12
2.9595947266e+02 1.9411424734e-12 6.3514326438e-13 1.3059992091e-12
2.9602050781e+02 1.9423588883e-12 6.3488224784e-13 1.3074766404e-12
2.9608154297e+02 1.9428445577e-12 6.3451603874e-13 1.3083285190e-12
2.9614257812e+02 1.9419706478e-12 6.3401169307e-13 1.3079589547e-12
2.9620361328e+02 1.9399719535e-12 6.3328015888e-13 1.3066917946e-12
2.9626464844e+02 1.9374008799e-12 6.3227719140e-13 1.3051236885e-12
2.9632568359e+02 1.9348607870e-12 6.3133703552e-13 1.3035237515e-12
2.9638671875e+02 1.9330732580e-12 6.3101528597e-13 1.3020579721e-12
2.9644775391e+02 1.9323792903e-12 6.3135937811e-13 1.3010199122e-12
2.9650878906e+02 1.9322966451e-12 6.3178299204e-13 1.3005136530e-12
2.9656982422e+02 1.9321062780e-12 6.3176215705e-13 1.3003441209e-12
2.9663085938e+02 1.9316709158e-12 6.3124111267e-13 1.3004298031e-12
2.9669189453e+02 1.9314971775e-12 6.3045571396e-13 1.3010414635e-12
2.9675292969e+02 1.9319183375e-12 6.2974933570e-13 1.3021690018e-12
2.9681396484e+02 1.9320962372e-12 6.2940549052e-13 1.3026907466e-12
2.9687500000e+02 1.9306727684e-12 6.2945966999e-13 1.3012130984e-12
2.9693603516e+02 1.9276721284e-12 6.2971414481e-13 1.2979579836e-12
2.9699707031e+02 1.9244923143e-12 6.2982060140e-13 1.2946717129e-12
2.9705810547e+02 1.9219375552e-12 6.2938858454e-13 1.2925489707e-12
2.9711914062e+02 1.9195186580e-12 6.2825098812e-13 1.2912676699e-12
2.9718017578e+02 1.9168138043e-12 6.2672023329e-13 1.2900935710e-12
2.9724121094e+02 1.9144512196e-12 6.2556677511e-13 1.2888844445e-12
2.9730224609e+02 1.9131804522e-12 6.2550744370e-13 1.2876730085e-12
2.9736328125e+02 1.9125150824e-12 6.2648621142e-13 1.2860288709e-12
2.9742431641e+02 1.9109319183e-12 6.2761337986e-13 1.2833185384e-12
2.9748535156e+02 1.9074596961e-12 6.2798920054e-13 1.2794704956e-12
2.9754638672e+02 1.9027992707e-12 6.2739809942e-13 1.2754011712e-12
2.9760742188e+02 1.8985684876e-12 6.2605851170e-13 1.2725099759e-12
2.9766845703e+02 1.8957649726e-12 6.2416883139e-13 1.2715961412e-12
2.9772949219e+02 1.8943635880e-12 6.2207353029e-13 1.2722900577e-12
2.9779052734e+02 1.8937548487e-12 6.2041271204e-13 1.2733421366e-12
2.9785156250e+02 1.8932371724e-12 6.1967747315e-13 1.2735596993e-12
2.9791259766e+02 1.8927110697e-12 6.1981587801e-13 1.2728951917e-12
2.9797363281e+02 1.8928620672e-12 6.2048892737e-13 1.2723731398e-12
2.9803466797e+02 1.8940872450e-12 6.2145562832e-13 1.2726316166e-12
2.9809570312e+02 1.8955783037e-12 6.2241274657e-13 1.2731655571e-12
2.9815673828e+02 1.8962928904e-12 6.2285356585e-13 1.2734393245e-12
2.9821777344e+02 1.8965634185e-12 6.2260023597e-13 1.2739631826e-12
2.9827880859e+02 1.8975526309e-12 6.2212212386e-13 1.2754305070e-12
2.9833984375e+02 1.8992127117e-12 6.2194562839e-13 1.2772670834e-12
2.9840087891e+02 1.9001486613e-12 6.2210652739e-13 1.2780421339e-12
2.9846191406e+02 1.8993940604e-12 6.2230190819e-13 1.2770921522e-12
2.9852294922e+02 1.8972792462e-12 6.2220467411e-13 1.2750745721e-12
2.9858398438e+02 1.8948280957e-12 6.2157317239e-13 1.2732549234e-12
2.9864501953e+02 1.8927806822e-12 6.2033013764e-13 1.2724505446e-12
2.9870605469e+02 1.8908951984e-12 6.1864155688e-13 1.2722536415e-12
2.9876708984e+02 1.8881518640e-12 6.1677713480e-13 1.2713747292e-12
2.9882812500e+02 1.8840441140e-12 6.1492701428e-13 1.2691170998e-12
2.9888916016e+02 1.8798037828e-12 6.1340971280e-13 1.2663940700e-12
2.9895019531e+02 1.8777659672e-12 6.1285771582e-13 1.2649082514e-12
2.9901123047e+02 1.8791602200e-12 6.1375806793e-13 1.2654021521e-12
2.9907226562e+02 1.8830384067e-12 6.1581885497e-13 1.2672195518e-12
2.9913330078e+02 1.8872558255e-12 6.1792226499e-13 1.2693335605e-12
2.9919433594e+02 1.8899738442e-12 6.1887646505e-13 1.2710973792e-12
2.9925537109e+02 1.8906581358e-12 6.1843697324e-13 1.2722211625e-12
2.9931640625e+02 1.8899026945e-12 6.1739008441e-13 1.2725126101e-12
2.9937744141e+02 1.8882569201e-12 6.1651934440e-13 1.2717375757e-12
2.9943847656e+02 1.8857898196e-12 6.1589126308e-13 1.2698985565e-12
2.9949951172e+02 1.8828052239e-12 6.1523201048e-13 1.2675732134e-12
2.9956054688e+02 1.8803011662e-12 6.1455169741e-13 1.2657494688e-12
2.9962158203e+02 1.8792920109e-12 6.1410603179e-13 1.2651859792e-12
2.9968261719e+02 1.8795084617e-12 6.1390840031e-13 1.2656000613e-12
2.9974365234e+02 1.8792752048e-12 6.1363344862e-13 1.2656417562e-12
2.9980468750e+02 1.8771138300e-12 6.1302788489e-13 1.2640859452e-12
2.9986572266e+02 1.8729103663e-12 6.1211364349e-13 1.2607967228e-12
2.9992675781e+02 1.8675017986e-12 6.1095829930e-13 1.2565434993e-12
2.9998779297e+02 1.8619427379e-12 6.0958072799e-13 1.2523620099e-12
3.0004882812e+02 1.8572354516e-12 6.0817975665e-13 1.2490556949e-12
3.0010986328e+02 1.8541425000e-12 6.0714498211e-13 1.2469975178e-12
3.0017089844e+02 1.8528432320e-12 6.0670330582e-13 1.2461399262e-12
3.0023193359e+02 1.8526744056e-12 6.0670076965e-13 1.2459736360e-12
3.0029296875e+02 1.8523927461e-12 6.0670273758e-13 1.2456900085e-12
3.0035400391e+02 1.8511537890e-12 6.0632832203e-13 1.2448254669e-12
3.0041503906e+02 1.8491279217e-12 6.0561271796e-13 1.2435152037e-12
3.0047607422e+02 1.8466485602e-12 6.0487235190e-13 1.2417762083e-12
3.0053710938e+02 1.8436179296e-12 6.0427909459e-13 1.2393388350e-12
3.0059814453e+02 1.8406783231e-12 6.0392720018e-13 1.2367511229e-12
3.0065917969e+02 1.8395127113e-12 6.0406147425e-13 1.2354512370e-12
3.0072021484e+02 1.8405310932e-12 6.0475787464e-13 1.2357732185e-12
3.0078125000e+02 1.8413917844e-12 6.0551841012e-13 1.2358733743e-12
3.0084228516e+02 1.8391137071e-12 6.0550964320e-13 1.2336040639e-12
3.0090332031e+02 1.8331166604e-12 6.0433820961e-13 1.2287784508e-12
3.0096435547e+02 1.8257685408e-12 6.0259085008e-13 1.2231776907e-12
3.0102539062e+02 1.8204260114e-12 6.0138293105e-13 1.2190430803e-12
3.0108642578e+02 1.8189168401e-12 6.0126349504e-13 1.2176533451e-12
3.0114746094e+02 1.8204684715e-12 6.0175934154e-13 1.2187091300e-12
3.0120849609e+02 1.8228186864e-12 6.0205399842e-13 1.2207646880e-12
3.0126953125e+02 1.8242594616e-12 6.0184837161e-13 1.2224110900e-12
3.0133056641e+02 1.8247336060e-12 6.0139194225e-13 1.2233416637e-12
3.0139160156e+02 1.8251312693e-12 6.0096270024e-13 1.2241685690e-12
3.0145263672e+02 1.8256147495e-12 6.0054091330e-13 1.2250738362e-12
3.0151367188e+02 1.8252669691e-12 5.9987946044e-13 1.2253875087e-12
3.0157470703e+02 1.8235857456e-12 5.9881619245e-13 1.2247695532e-12
3.0163574219e+02 1.8211508026e-12 5.9740024770e-13 1.2237505549e-12
3.0169677734e+02 1.8187233280e-12 5.9577386288e-13 1.2229494651e-12
3.0175781250e+02 1.8169954240e-12 5.9428755703e-13 1.2227078670e-12
3.0181884766e+02 1.8168280051e-12 5.9355953513e-13 1.2232684700e-12
3.0187988281e+02 1.8182792099e-12 5.9385401204e-13 1.2244251978e-12
3.0194091797e+02 1.8197035711e-12 5.9451137560e-13 1.2251921955e-12
3.0200195312e+02 1.8189517984e-12 5.9451955137e-13 1.2244322470e-12
3.0206298828e+02 1.8155054981e-12 5.9357064739e-13 1.2219348507e-12
3.0212402344e+02 1.8110292586e-12 5.9221185854e-13 1.2188174000e-12
3.0218505859e+02 1.8078931264e-12 5.9120458941e-13 1.2166885370e-12
3.0224609375e+02 1.8070854340e-12 5.9096026533e-13 1.2161251687e-12
3.0230712891e+02 1.8073040888e-12 5.9121384540e-13 1.2160902434e-12
3.0236816406e+02 1.8062061253e-12 5.9107801153e-13 1.2151281137e-12
3.0242919922e+02 1.8026719444e-12 5.8977238200e-13 1.2128995624e-12
3.0249023438e+02 1.7977767884e-12 5.8746639767e-13 1.2103103908e-12
3.0255126953e+02 1.7935804028e-12 5.8525179675e-13 1.2083286060e-12
3.0261230469e+02 1.7910819370e-12 5.8421618860e-13 1.2068657484e-12
3.0267333984e+02 1.7895430464e-12 5.8452104473e-13 1.2050220017e-12
3.0273437500e+02 1.7877804970e-12 5.8527979384e-13 1.2025007031e-12
3.0279541016e+02 1.7856125072e-12 5.8537733486e-13 1.2002351723e-12
3.0285644531e+02 1.7837347716e-12 5.8450357637e-13 1.1992311953e-12
3.0291748047e+02 1.7825099664e-12 5.8325215972e-13 1.1992578066e-12
3.0297851562e+02 1.7813925416e-12 5.8223044283e-13 1.1991620988e-12
3.0303955078e+02 1.7796669750e-12 5.8145424878e-13 1.1982127262e-12
3.0310058594e+02 1.7772891236e-12 5.8067027891e-13 1.1966188447e-12
3.0316162109e+02 1.7747508400e-12 5.7987800843e-13 1.1948728316e-12
3.0322265625e+02 1.7724382868e-12 5.7936431702e-13 1.1930739698e-12
3.0328369141e+02 1.7701683573e-12 5.7935501261e-13 1.1908133447e-12
3.0334472656e+02 1.7673003191e-12 5.7972899687e-13 1.1875713223e-12
3.0340576172e+02 1.7636999767e-12 5.8009947252e-13 1.1836005042e-12
3.0346679688e+02 1.7604466194e-12 5.8018157634e-13 1.1802650431e-12
3.0352783203e+02 1.7587673269e-12 5.8002189008e-13 1.1787454368e-12
3.0358886719e+02 1.7583503227e-12 5.7975614127e-13 1.1785941815e-12
3.0364990234e+02 1.7576350154e-12 5.7928812535e-13 1.1783468900e-12
3.0371093750e+02 1.7558106771e-12 5.7856242432e-13 1.1772482528e-12
3.0377197266e+02 1.7536106142e-12 5.7797287307e-13 1.1756377411e-12
3.0383300781e+02 1.7521144682e-12 5.7799996668e-13 1.1741145015e-12
3.0389404297e+02 1.7518221298e-12 5.7860899416e-13 1.1732131357e-12
3.0395507812e+02 1.7528748865e-12 5.7936204895e-13 1.1735128375e-12
3.0401611328e+02 1.7548102842e-12 5.7980822890e-13 1.1750020553e-12
3.0407714844e+02 1.7561450986e-12 5.7960158690e-13 1.1765435118e-12
3.0413818359e+02 1.7558829222e-12 5.7877402890e-13 1.1771088933e-12
3.0419921875e+02 1.7552459685e-12 5.7798194489e-13 1.1772640236e-12
3.0426025391e+02 1.7560855202e-12 5.7787100983e-13 1.1782145103e-12
3.0432128906e+02 1.7580614735e-12 5.7822071558e-13 1.1798407579e-12
3.0438232422e+02 1.7593205557e-12 5.7836794782e-13 1.1809526079e-12
3.0444335938e+02 1.7593040679e-12 5.7824091013e-13 1.1810631578e-12
3.0450439453e+02 1.7590554653e-12 5.7819863452e-13 1.1808568308e-12
3.0456542969e+02 1.7592418365e-12 5.7815471797e-13 1.1810871185e-12
3.0462646484e+02 1.7593669737e-12 5.7765475960e-13 1.1817122141e-12
3.0468750000e+02 1.7589078435e-12 5.7663234513e-13 1.1822754983e-12
3.0474853516e+02 1.7581847678e-12 5.7550351257e-13 1.1826812552e-12
3.0480957031e+02 1.7576143457e-12 5.7456043385e-13 1.1830539119e-12
3.0487060547e+02 1.7566034912e-12 5.7364425633e-13 1.1829592349e-12
3.0493164062e+02 1.7541003270e-12 5.7257700088e-13 1.1815233261e-12
3.0499267578e+02 1.7502491218e-12 5.7162668944e-13 1.1786224323e-12
3.0505371094e+02 1.7464606290e-12 5.7108381253e-13 1.1753768165e-12
3.0511474609e+02 1.7437583697e-12 5.7067775992e-13 1.1730806098e-12
3.0517578125e+02 1.7421512251e-12 5.7005084310e-13 1.1721003820e-12
3.0523681641e+02 1.7415756429e-12 5.6936236190e-13 1.1722132810e-12
3.0529785156e+02 1.7420389457e-12 5.6878580048e-13 1.1732531453e-12
3.0535888672e+02 1.7425670438e-12 5.6799294578e-13 1.1745740980e-12
3.0541992188e+02 1.7416542664e-12 5.6676732328e-13 1.1748869431e-12
3.0548095703e+02 1.7394020415e-12 5.6567593849e-13 1.1737261030e-12
3.0554199219e+02 1.7376437238e-12 5.6557169191e-13 1.1720720319e-12
3.0560302734e+02 1.7374817017e-12 5.6659919776e-13 1.1708825039e-12
3.0566406250e+02 1.7380636365e-12 5.6805026368e-13 1.1700133728e-12
3.0572509766e+02 1.7378226199e-12 5.6906556203e-13 1.1687570579e-12
3.0578613281e+02 1.7360704974e-12 5.6920712494e-13 1.1668633725e-12
3.0584716797e+02 1.7335976315e-12 5.6856637956e-13 1.1650312519e-12
3.0590820312e+02 1.7316548144e-12 5.6756158813e-13 1.1640932263e-12
3.0596923828e+02 1.7301140552e-12 5.6654278635e-13 1.1635712688e-12
3.0603027344e+02 1.7274972376e-12 5.6562342575e-13 1.1618738118e-12
3.0609130859e+02 1.7230217698e-12 5.6484820484e-13 1.1581735650e-12
3.0615234375e+02 1.7176488744e-12 5.6420848478e-13 1.1534403896e-12
3.0621337891e+02 1.7130559350e-12 5.6356155349e-13 1.1494943816e-12
3.0627441406e+02 1.7102479216e-12 5.6287946400e-13 1.1473684576e-12
3.0633544922e+02 1.7090740652e-12 5.6241563359e-13 1.1466584316e-12
3.0639648438e+02 1.7084953654e-12 5.6227691375e-13 1.1462184516e-12
3.0645751953e+02 1.7073126540e-12 5.6207565015e-13 1.1452370039e-12
3.0651855469e+02 1.7051472259e-12 5.6140087268e-13 1.1437463532e-12
3.0657958984e+02 1.7026420175e-12 5.6041886520e-13 1.1422231523e-12
3.0664062500e+02 1.7004983411e-12 5.5965101016e-13 1.1408473309e-12
3.0670166016e+02 1.6988853245e-12 5.5932641844e-13 1.1395589060e-12
3.0676269531e+02 1.6978002283e-12 5.5922973841e-13 1.1385704899e-12
3.0682373047e+02 1.6971272291e-12 5.5904922405e-13 1.1380780051e-12
3.0688476562e+02 1.6963735632e-12 5.5866093075e-13 1.1377126324e-12
3.0694580078e+02 1.6951275565e-12 5.5816514741e-13 1.1369624090e-12
3.0700683594e+02 1.6936161767e-12 5.5773365154e-13 1.1358825252e-12
3.0706787109e+02 1.6922487570e-12 5.5732567574e-13 1.1349230813e-12
3.0712890625e+02 1.6910083751e-12 5.5665632619e-13 1.1343520489e-12
3.0718994141e+02 1.6896973403e-12 5.5562940170e-13 1.1340679386e-12
3.0725097656e+02 1.6884303048e-12 5.5460036612e-13 1.1338299386e-12
3.0731201172e+02 1.6876021865e-12 5.5394393034e-13 1.1336582562e-12
3.0737304688e+02 1.6874961352e-12 5.5360524557e-13 1.1338908897e-12
3.0743408203e+02 1.6880026281e-12 5.5336273231e-13 1.1346398958e-12
3.0749511719e+02 1.6884295336e-12 5.5313896753e-13 1.1352905660e-12
3.0755615234e+02 1.6877182370e-12 5.5277057017e-13 1.1349476668e-12
3.0761718750e+02 1.6856285984e-12 5.5206148943e-13 1.1335671090e-12
3.0767822266e+02 1.6835565088e-12 5.5129879259e-13 1.1322577163e-12
3.0773925781e+02 1.6831644783e-12 5.5104692027e-13 1.1321175581e-12
3.0780029297e+02 1.6843196319e-12 5.5134040686e-13 1.1329792251e-12
3.0786132812e+02 1.6851875574e-12 5.5163625164e-13 1.1335513058e-12
3.0792236328e+02 1.6843003660e-12 5.5150404590e-13 1.1327963201e-12
3.0798339844e+02 1.6820926539e-12 5.5103648010e-13 1.1310561738e-12
3.0804443359e+02 1.6801662719e-12 5.5065148366e-13 1.1295147883e-12
3.0810546875e+02 1.6792223645e-12 5.5057703280e-13 1.1286453317e-12
3.0816650391e+02 1.6785913300e-12 5.5059366379e-13 1.1279976662e-12
3.0822753906e+02 1.6779385923e-12 5.5043584171e-13 1.1275027506e-12
3.0828857422e+02 1.6780309882e-12 5.5025421604e-13 1.1277767721e-12
3.0834960938e+02 1.6792551427e-12 5.5033917754e-13 1.1289159651e-12
3.0841064453e+02 1.6805878072e-12 5.5059168400e-13 1.1299961232e-12
3.0847167969e+02 1.6805958399e-12 5.5059935397e-13 1.1299964859e-12
3.0853271484e+02 1.6785505058e-12 5.5001020047e-13 1.1285403054e-12
3.0859375000e+02 1.6742892283e-12 5.4865681181e-13 1.1256324165e-12
3.0865478516e+02 1.6681551780e-12 5.4667269118e-13 1.1214824868e-12
3.0871582031e+02 1.6616782621e-12 5.4466704326e-13 1.1170112188e-12
3.0877685547e+02 1.6571491168e-12 5.4344831732e-13 1.1137007995e-12
3.0883789062e+02 1.6557761659e-12 5.4341796555e-13 1.1123582004e-12
3.0889892578e+02 1.6569647652e-12 5.4435169287e-13 1.1126130723e-12
3.0895996094e+02 1.6590578981e-12 5.4556960449e-13 1.1134882936e-12
3.0902099609e+02 1.6599847726e-12 5.4622055785e-13 1.1137642147e-12
3.0908203125e+02 1.6582674270e-12 5.4584402538e-13 1.1124234016e-12
3.0914306641e+02 1.6542796343e-12 5.4476611359e-13 1.1095135207e-12
3.0920410156e+02 1.6498049827e-12 5.4360876720e-13 1.1061962155e-12
3.0926513672e+02 1.6461281608e-12 5.4254475817e-13 1.1035834027e-12
3.0932617188e+02 1.6431259813e-12 5.4133183696e-13 1.1017941444e-12
3.0938720703e+02 1.6400566810e-12 5.3982035547e-13 1.1002363255e-12
3.0944824219e+02 1.6365306419e-12 5.3812344854e-13 1.0984071934e-12
3.0950927734e+02 1.6327440450e-12 5.3652507666e-13 1.0962189684e-12
3.0957031250e+02 1.6293054209e-12 5.3546166542e-13 1.0938437555e-12
3.0963134766e+02 1.6268198433e-12 5.3528690051e-13 1.0915329428e-12
3.0969238281e+02 1.6252917659e-12 5.3579577980e-13 1.0894959861e-12
3.0975341797e+02 1.6241264806e-12 5.3626318466e-13 1.0878632959e-12
3.0981445312e+02 1.6230341445e-12 5.3615260041e-13 1.0868815441e-12
3.0987548828e+02 1.6223980100e-12 5.3553197633e-13 1.0868660337e-12
3.0993652344e+02 1.6221948353e-12 5.3465897809e-13 1.0875358572e-12
3.0999755859e+02 1.6213358828e-12 5.3356338748e-13 1.0877724954e-12
3.1005859375e+02 1.6190554231e-12 5.3233231381e-13 1.0867231093e-12
3.1011962891e+02 1.6163053546e-12 5.3138611515e-13 1.0849192395e-12
3.1018066406e+02 1.6147851322e-12 5.3110131650e-13 1.0836838157e-12
3.1024169922e+02 1.6150833948e-12 5.3139841543e-13 1.0836849794e-12
3.1030273438e+02 1.6163786505e-12 5.3185241492e-13 1.0845262356e-12
3.1036376953e+02 1.6174929815e-12 5.3205403115e-13 1.0854389503e-12
3.1042480469e+02 1.6180847595e-12 5.3197310717e-13 1.0861116524e-12
3.1048583984e+02 1.6189806701e-12 5.3206067227e-13 1.0869199978e-12
3.1054687500e+02 1.6209236616e-12 5.3268166828e-13 1.0882419933e-12
3.1060791016e+02 1.6233371105e-12 5.3353757230e-13 1.0897995382e-12
3.1066894531e+02 1.6249786178e-12 5.3403953929e-13 1.0909390785e-12
3.1072998047e+02 1.6251547186e-12 5.3399009776e-13 1.0911646209e-12
3.1079101562e+02 1.6240383626e-12 5.3361608129e-13 1.0904222813e-12
3.1085205078e+02 1.6225518028e-12 5.3320745157e-13 1.0893443512e-12
3.1091308594e+02 1.6217746283e-12 5.3291866230e-13 1.0888559660e-12
3.1097412109e+02 1.6219205692e-12 5.3282892115e-13 1.0890916481e-12
3.1103515625e+02 1.6223240941e-12 5.3301639974e-13 1.0893076944e-12
3.1109619141e+02 1.6225763141e-12 5.3344778682e-13 1.0891285273e-12
3.1115722656e+02 1.6229693560e-12 5.3389740839e-13 1.0890719476e-12
3.1121826172e+02 1.6236168001e-12 5.3408893575e-13 1.0895278643e-12
3.1127929688e+02 1.6237932810e-12 5.3386829961e-13 1.0899249814e-12
3.1134033203e+02 1.6225426935e-12 5.3320150855e-13 1.0893411850e-12
3.1140136719e+02 1.6195933037e-12 5.3206780596e-13 1.0875254978e-12
3.1146240234e+02 1.6156468010e-12 5.3055559650e-13 1.0850912045e-12
3.1152343750e+02 1.6119449729e-12 5.2902960113e-13 1.0829153717e-12
3.1158447266e+02 1.6092106534e-12 5.2789151610e-13 1.0813191373e-12
3.1164550781e+02 1.6069966092e-12 5.2718521547e-13 1.0798113937e-12
3.1170654297e+02 1.6044011262e-12 5.2661048752e-13 1.0777906387e-12
3.1176757812e+02 1.6012544938e-12 5.2589707769e-13 1.0753574161e-12
3.1182861328e+02 1.5982436977e-12 5.2510725546e-13 1.0731364423e-12
3.1188964844e+02 1.5958349463e-12 5.2446853138e-13 1.0713664149e-12
3.1195068359e+02 1.5935250162e-12 5.2392746955e-13 1.0695975466e-12
3.1201171875e+02 1.5906404581e-12 5.2319529857e-13 1.0674451595e-12
3.1207275391e+02 1.5873532729e-12 5.2222041760e-13 1.0651328553e-12
3.1213378906e+02 1.5843393749e-12 5.2125888532e-13 1.0630804896e-12
3.1219482422e+02 1.5820733894e-12 5.2055032451e-13 1.0615230649e-12
3.1225585938e+02 1.5807030210e-12 5.2013463455e-13 1.0605683865e-12
3.1231689453e+02 1.5800266399e-12 5.1990171732e-13 1.0601249226e-12
3.1237792969e+02 1.5795051455e-12 5.1967564363e-13 1.0598295018e-12
3.1243896484e+02 1.5783237011e-12 5.1921454706e-13 1.0591091541e-12
3.1250000000e+02 1.5756375141e-12 5.1835756637e-13 1.0572799478e-12
3.1256103516e+02 1.5713879210e-12 5.1731537881e-13 1.0540725422e-12
3.1262207031e+02 1.5666737598e-12 5.1651769623e-13 1.0501560636e-12
3.1268310547e+02 1.5628178126e-12 5.1611347663e-13 1.0467043360e-12
3.1274414062e+02 1.5603549421e-12 5.1585560398e-13 1.0444993381e-12
3.1280517578e+02 1.5591007569e-12 5.1543598097e-13 1.0436647760e-12
3.1286621094e+02 1.5588205319e-12 5.1483475821e-13 1.0439857737e-12
3.1292724609e+02 1.5592915996e-12 5.1426519547e-13 1.0450264041e-12
3.1298828125e+02 1.5597699222e-12 5.1377893404e-13 1.0459909882e-12
3.1304931641e+02 1.5592352426e-12 5.1321167123e-13 1.0460235714e-12
3.1311035156e+02 1.5574459544e-12 5.1259470484e-13 1.0448512495e-12
3.1317138672e+02 1.5552890166e-12 5.1226052510e-13 1.0430284915e-12
3.1323242188e+02 1.5539213743e-12 5.1235249189e-13 1.0415688824e-12
3.1329345703e+02 1.5535918640e-12 5.1247757076e-13 1.0411142933e-12
3.1335449219e+02 1.5532630165e-12 5.1203569451e-13 1.0412273220e-12
3.1341552734e+02 1.5517096815e-12 5.1085599012e-13 1.0408536913e-12
3.1347656250e+02 1.5491839833e-12 5.0948831788e-13 1.0396956654e-12
3.1353759766e+02 1.5474280136e-12 5.0880814582e-13 1.0386198678e-12
3.1359863281e+02 1.5477254667e-12 5.0922408267e-13 1.0385013840e-12
3.1365966797e+02 1.5494778906e-12 5.1028618298e-13 1.0391917076e-12
3.1372070312e+02 1.5510290924e-12 5.1110069626e-13 1.0399283962e-12
3.1378173828e+02 1.5513657312e-12 5.1105610937e-13 1.0403096218e-12
3.1384277344e+02 1.5503944987e-12 5.1016026770e-13 1.0402342310e-12
3.1390380859e+02 1.5480873306e-12 5.0886637410e-13 1.0392209565e-12
3.1396484375e+02 1.5445784974e-12 5.0771537303e-13 1.0368631243e-12
3.1402587891e+02 1.5408670173e-12 5.0700497130e-13 1.0338620459e-12
3.1408691406e+02 1.5381930625e-12 5.0660565101e-13 1.0315874115e-12
3.1414794922e+02 1.5367473691e-12 5.0611572743e-13 1.0306316417e-12
3.1420898438e+02 1.5356423235e-12 5.0528654168e-13 1.0303557818e-12
3.1427001953e+02 1.5341345615e-12 5.0433398636e-13 1.0298005752e-12
3.1433105469e+02 1.5326815553e-12 5.0383220948e-13 1.0288493458e-12
3.1439208984e+02 1.5325523119e-12 5.0417082095e-13 1.0283814909e-12
3.1445312500e+02 1.5340749783e-12 5.0499533469e-13 1.0290796436e-12
3.1451416016e+02 1.5356838273e-12 5.0537173023e-13 1.0303120970e-12
3.1457519531e+02 1.5355203667e-12 5.0471056781e-13 1.0308097989e-12
3.1463623047e+02 1.5336270806e-12 5.0339480319e-13 1.0302322774e-12
3.1469726562e+02 1.5315303419e-12 5.0231049670e-13 1.0292198452e-12
3.1475830078e+02 1.5299911138e-12 5.0188634380e-13 1.0281047700e-12
3.1481933594e+02 1.5283866346e-12 5.0185112828e-13 1.0265355063e-12
3.1488037109e+02 1.5262075375e-12 5.0178502070e-13 1.0244225168e-12
3.1494140625e+02 1.5238711853e-12 5.0146871808e-13 1.0224024672e-12
3.1500244141e+02 1.5218027769e-12 5.0076419193e-13 1.0210385850e-12
3.1506347656e+02 1.5199130846e-12 4.9970102359e-13 1.0202120610e-12
3.1512451172e+02 1.5182188076e-12 4.9867799869e-13 1.0195408090e-12
3.1518554688e+02 1.5167209342e-12 4.9805360874e-13 1.0186673254e-12
3.1524658203e+02 1.5146582807e-12 4.9759969433e-13 1.0170585863e-12
3.1530761719e+02 1.5111494772e-12 4.9683049031e-13 1.0143189869e-12
3.1536865234e+02 1.5064638363e-12 4.9568015763e-13 1.0107836787e-12
3.1542968750e+02 1.5018450627e-12 4.9446452725e-13 1.0073805354e-12
3.1549072266e+02 1.4985670236e-12 4.9353559951e-13 1.0050314241e-12
3.1555175781e+02 1.4974229136e-12 4.9325244718e-13 1.0041704664e-12
3.1561279297e+02 1.4982072115e-12 4.9380040525e-13 1.0044068063e-12
3.1567382812e+02 1.4996178345e-12 4.9480751301e-13 1.0048103215e-12
3.1573486328e+02 1.5003519373e-12 4.9553669734e-13 1.0048152399e-12
3.1579589844e+02 1.5001418097e-12 4.9562481478e-13 1.0045169949e-12
3.1585693359e+02 1.4994534880e-12 4.9533951204e-13 1.0041139759e-12
3.1591796875e+02 1.4986324922e-12 4.9503254820e-13 1.0035999440e-12
3.1597900391e+02 1.4976673258e-12 4.9471332278e-13 1.0029540030e-12
3.1604003906e+02 1.4962448461e-12 4.9420219117e-13 1.0020426549e-12
3.1610107422e+02 1.4937346994e-12 4.9336088861e-13 1.0003738107e-12
3.1616210938e+02 1.4899606259e-12 4.9225805696e-13 9.9770256894e-13
3.1622314453e+02 1.4861971990e-12 4.9130132598e-13 9.9489587301e-13
3.1628417969e+02 1.4844139992e-12 4.9096935578e-13 9.9344464338e-13
3.1634521484e+02 1.4853864040e-12 4.9133935065e-13 9.9404705333e-13
3.1640625000e+02 1.4880515436e-12 4.9201065843e-13 9.9604088521e-13
3.1646728516e+02 1.4905102109e-12 4.9239572416e-13 9.9811448673e-13
3.1652832031e+02 1.4914881839e-12 4.9216477628e-13 9.9932340764e-13
3.1658935547e+02 1.4908889337e-12 4.9152208740e-13 9.9936684633e-13
3.1665039062e+02 1.4890666673e-12 4.9084796065e-13 9.9821870661e-13
3.1671142578e+02 1.4863640831e-12 4.9018664217e-13 9.9617744088e-13
3.1677246094e+02 1.4835479680e-12 4.8939860240e-13 9.9414936565e-13
3.1683349609e+02 1.4816076285e-12 4.8856560025e-13 9.9304202824e-13
3.1689453125e+02 1.4807810207e-12 4.8788486135e-13 9.9289615939e-13
3.1695556641e+02 1.4804008995e-12 4.8732599953e-13 9.9307489997e-13
3.1701660156e+02 1.4795701074e-12 4.8661522828e-13 9.9295487910e-13
3.1707763672e+02 1.4777883339e-12 4.8555472450e-13 9.9223360935e-13
3.1713867188e+02 1.4756259146e-12 4.8436924502e-13 9.9125666955e-13
3.1719970703e+02 1.4744910801e-12 4.8358413595e-13 9.9090694411e-13
3.1726074219e+02 1.4747899423e-12 4.8342752375e-13 9.9136241857e-13
3.1732177734e+02 1.4752479087e-12 4.8361129363e-13 9.9163661508e-13
3.1738281250e+02 1.4747252460e-12 4.8375026623e-13 9.9097497973e-13
3.1744384766e+02 1.4733136801e-12 4.8367310502e-13 9.8964057511e-13
3.1750488281e+02 1.4713514077e-12 4.8332469504e-13 9.8802671270e-13
3.1756591797e+02 1.4688379660e-12 4.8268856368e-13 9.8614940234e-13
3.1762695312e+02 1.4661247088e-12 4.8191200097e-13 9.8421270780e-13
3.1768798828e+02 1.4640007201e-12 4.8128480923e-13 9.8271591086e-13
3.1774902344e+02 1.4626549936e-12 4.8090720909e-13 9.8174778447e-13
3.1781005859e+02 1.4613785788e-12 4.8052606280e-13 9.8085251604e-13
3.1787109375e+02 1.4595614348e-12 4.7990051335e-13 9.7966092140e-13
3.1793212891e+02 1.4572909208e-12 4.7917173966e-13 9.7811918113e-13
3.1799316406e+02 1.4549166930e-12 4.7861541511e-13 9.7630127789e-13
3.1805419922e+02 1.4526806970e-12 4.7819851955e-13 9.7448217741e-13
3.1811523438e+02 1.4509014487e-12 4.7771103179e-13 9.7319041691e-13
3.1817626953e+02 1.4500700725e-12 4.7725899641e-13 9.7281107614e-13
3.1823730469e+02 1.4503764892e-12 4.7728710227e-13 9.7308938694e-13
3.1829833984e+02 1.4511622920e-12 4.7798614058e-13 9.7317615138e-13
3.1835937500e+02 1.4513476032e-12 4.7893386418e-13 9.7241373905e-13
3.1842041016e+02 1.4505008746e-12 4.7954046759e-13 9.7096040701e-13
3.1848144531e+02 1.4488681816e-12 4.7962901499e-13 9.6923916657e-13
3.1854248047e+02 1.4465535388e-12 4.7938624649e-13 9.6716729232e-13
3.1860351562e+02 1.4435086711e-12 4.7897273569e-13 9.6453593541e-13
3.1866455078e+02 1.4400175816e-12 4.7835649726e-13 9.6166108435e-13
3.1872558594e+02 1.4368274474e-12 4.7748874296e-13 9.5933870445e-13
3.1878662109e+02 1.4350409111e-12 4.7653554659e-13 9.5850536447e-13
3.1884765625e+02 1.4353021276e-12 4.7570103251e-13 9.5960109508e-13
3.1890869141e+02 1.4369184454e-12 4.7493633580e-13 9.6198210959e-13
3.1896972656e+02 1.4385061364e-12 4.7420786190e-13 9.6429827452e-13
3.1903076172e+02 1.4393089320e-12 4.7381413055e-13 9.6549480150e-13
3.1909179688e+02 1.4394946315e-12 4.7403054139e-13 9.6546409008e-13
3.1915283203e+02 1.4395606666e-12 4.7469394412e-13 9.6486672246e-13
3.1921386719e+02 1.4396562718e-12 4.7531929261e-13 9.6433697919e-13
3.1927490234e+02 1.4393980406e-12 4.7541744121e-13 9.6398059937e-13
3.1933593750e+02 1.4383524742e-12 4.7478648660e-13 9.6356598759e-13
3.1939697266e+02 1.4365514064e-12 4.7364265064e-13 9.6290875579e-13
3.1945800781e+02 1.4344764365e-12 4.7239924730e-13 9.6207718925e-13
3.1951904297e+02 1.4326564476e-12 4.7133639171e-13 9.6132005587e-13
3.1958007812e+02 1.4313127045e-12 4.7053908650e-13 9.6077361804e-13
3.1964111328e+02 1.4305086123e-12 4.7010053346e-13 9.6040807887e-13
3.1970214844e+02 1.4304194290e-12 4.7017121297e-13 9.6024821605e-13
3.1976318359e+02 1.4309526066e-12 4.7068329062e-13 9.6026931599e-13
3.1982421875e+02 1.4315221187e-12 4.7128786422e-13 9.6023425447e-13
3.1988525391e+02 1.4317394201e-12 4.7171986317e-13 9.6001955694e-13
3.1994628906e+02 1.4317768072e-12 4.7200617517e-13 9.5977063205e-13
3.2000732422e+02 1.4318621975e-12 4.7228199905e-13 9.5958019846e-13
3.2006835938e+02 1.4320649026e-12 4.7259364630e-13 9.5947125634e-13
3.2012939453e+02 1.4325296533e-12 4.7291860924e-13 9.5961104408e-13
3.2019042969e+02 1.4331933501e-12 4.7323562048e-13 9.5995772966e-13
3.2025146484e+02 1.4334037653e-12 4.7346895417e-13 9.5993481115e-13
3.2031250000e+02 1.4327528421e-12 4.7350195501e-13 9.5925088714e-13
3.2037353516e+02 1.4321481807e-12 4.7340248545e-13 9.5874569521e-13
3.2043457031e+02 1.4330266731e-12 4.7347901910e-13 9.5954765400e-13
3.2049560547e+02 1.4355112132e-12 4.7388417010e-13 9.6162704306e-13
3.2055664062e+02 1.4381223803e-12 4.7430160100e-13 9.6382077926e-13
3.2061767578e+02 1.4392510604e-12 4.7427420813e-13 9.6497685224e-13
3.2067871094e+02 1.4385270881e-12 4.7375923058e-13 9.6476785753e-13
3.2073974609e+02 1.4369012135e-12 4.7313626105e-13 9.6376495243e-13
3.2080078125e+02 1.4353439593e-12 4.7263915995e-13 9.6270479931e-13
3.2086181641e+02 1.4335704625e-12 4.7201662087e-13 9.6155384159e-13
3.2092285156e+02 1.4307416178e-12 4.7094840612e-13 9.5979321171e-13
3.2098388672e+02 1.4273588409e-12 4.6964411472e-13 9.5771472614e-13
3.2104492188e+02 1.4253422005e-12 4.6879019288e-13 9.5655200760e-13
3.2110595703e+02 1.4257551292e-12 4.6885404442e-13 9.5690108480e-13
3.2116699219e+02 1.4273323675e-12 4.6953400452e-13 9.5779836301e-13
3.2122802734e+02 1.4279512377e-12 4.7007211301e-13 9.5787912466e-13
3.2128906250e+02 1.4270540515e-12 4.7008914277e-13 9.5696490869e-13
3.2135009766e+02 1.4258990527e-12 4.6982502979e-13 9.5607402288e-13
3.2141113281e+02 1.4255883383e-12 4.6957270694e-13 9.5601563137e-13
3.2147216797e+02 1.4256463094e-12 4.6924845512e-13 9.5639785424e-13
3.2153320312e+02 1.4247688002e-12 4.6860106685e-13 9.5616773334e-13
3.2159423828e+02 1.4224484273e-12 4.6762141815e-13 9.5482700916e-13
3.2165527344e+02 1.4194931733e-12 4.6662723452e-13 9.5286593874e-13
3.2171630859e+02 1.4169992658e-12 4.6592551925e-13 9.5107374657e-13
3.2177734375e+02 1.4151891601e-12 4.6548687128e-13 9.4970228880e-13
3.2183837891e+02 1.4136207634e-12 4.6511186207e-13 9.4850890135e-13
3.2189941406e+02 1.4121103739e-12 4.6478451370e-13 9.4732586016e-13
3.2196044922e+02 1.4107057859e-12 4.6459164776e-13 9.4611413810e-13
3.2202148438e+02 1.4090744696e-12 4.6438135169e-13 9.4469311796e-13
3.2208251953e+02 1.4069526184e-12 4.6384557436e-13 9.4310704405e-13
3.2214355469e+02 1.4051249892e-12 4.6300104966e-13 9.4212393949e-13
3.2220458984e+02 1.4048178624e-12 4.6227847489e-13 9.4253938753e-13
3.2226562500e+02 1.4061061068e-12 4.6203156063e-13 9.4407454620e-13
3.2232666016e+02 1.4078583884e-12 4.6219173774e-13 9.4566665066e-13
3.2238769531e+02 1.4090168934e-12 4.6245590105e-13 9.4656099232e-13
3.2244873047e+02 1.4092307610e-12 4.6262479044e-13 9.4660597056e-13
3.2250976562e+02 1.4086434455e-12 4.6270316041e-13 9.4594028507e-13
3.2257080078e+02 1.4075506773e-12 4.6274235054e-13 9.4480832678e-13
3.2263183594e+02 1.4060436257e-12 4.6263927490e-13 9.4340435083e-13
3.2269287109e+02 1.4040071918e-12 4.6219688879e-13 9.4181030298e-13
3.2275390625e+02 1.4018048531e-12 4.6148044672e-13 9.4032440641e-13
3.2281494141e+02 1.4006588193e-12 4.6096617354e-13 9.3969264575e-13
3.2287597656e+02 1.4015230592e-12 4.6107804151e-13 9.4044501768e-13
3.2293701172e+02 1.4036730632e-12 4.6169001019e-13 9.4198305297e-13
3.2299804688e+02 1.4053794582e-12 4.6236094167e-13 9.4301851655e-13
3.2305908203e+02 1.4058427351e-12 4.6286695087e-13 9.4297578422e-13
3.2312011719e+02 1.4056463063e-12 4.6324753249e-13 9.4239877378e-13
3.2318115234e+02 1.4056055091e-12 4.6357180038e-13 9.4203370872e-13
3.2324218750e+02 1.4058557506e-12 4.6389003157e-13 9.4196571905e-13
3.2330322266e+02 1.4061479717e-12 4.6427684653e-13 9.4187112513e-13
3.2336425781e+02 1.4065895442e-12 4.6474209668e-13 9.4184744756e-13
3.2342529297e+02 1.4074939483e-12 4.6509615803e-13 9.4239779022e-13
3.2348632812e+02 1.4086523170e-12 4.6503359900e-13 9.4361871803e-13
3.2354736328e+02 1.4095281797e-12 4.6449710181e-13 9.4503107786e-13
3.2360839844e+02 1.4102264435e-12 4.6395131960e-13 9.4627512395e-13
3.2366943359e+02 1.4114275261e-12 4.6399753923e-13 9.4742998688e-13
3.2373046875e+02 1.4130608385e-12 4.6456531080e-13 9.4849552771e-13
3.2379150391e+02 1.4137317342e-12 4.6483039861e-13 9.4890133558e-13
3.2385253906e+02 1.4119891905e-12 4.6411772340e-13 9.4787146712e-13
3.2391357422e+02 1.4079916236e-12 4.6262614671e-13 9.4536547687e-13
3.2397460938e+02 1.4035288955e-12 4.6117098021e-13 9.4235791534e-13
3.2403564453e+02 1.4002679831e-12 4.6037226155e-13 9.3989572158e-13
3.2409667969e+02 1.3982105109e-12 4.6013912892e-13 9.3807138199e-13
3.2415771484e+02 1.3962249883e-12 4.5994993292e-13 9.3627505542e-13
3.2421875000e+02 1.3939568019e-12 4.5961517783e-13 9.3434162407e-13
3.2427978516e+02 1.3924275041e-12 4.5952902385e-13 9.3289848027e-13
3.2434082031e+02 1.3924993399e-12 4.6004722537e-13 9.3245211456e-13
3.2440185547e+02 1.3934615101e-12 4.6085248507e-13 9.3260902499e-13
3.2446289062e+02 1.3935317214e-12 4.6112029608e-13 9.3241142535e-13
3.2452392578e+02 1.3916676933e-12 4.6031612106e-13 9.3135157227e-13
3.2458496094e+02 1.3886768522e-12 4.5877304326e-13 9.2990380895e-13
3.2464599609e+02 1.3859563688e-12 4.5730926475e-13 9.2864710401e-13
3.2470703125e+02 1.3834474135e-12 4.5626974533e-13 9.2717766814e-13
3.2476806641e+02 1.3802000178e-12 4.5531522760e-13 9.2488479018e-13
3.2482910156e+02 1.3766258356e-12 4.5422881320e-13 9.2239702242e-13
3.2489013672e+02 1.3743342792e-12 4.5335229404e-13 9.2098198513e-13
3.2495117188e+02 1.3736906136e-12 4.5295180614e-13 9.2073880749e-13
3.2501220703e+02 1.3731981478e-12 4.5270954406e-13 9.2048860375e-13
3.2507324219e+02 1.3715495662e-12 4.5218393468e-13 9.1936563148e-13
3.2513427734e+02 1.3690023953e-12 4.5135817893e-13 9.1764421634e-13
3.2519531250e+02 1.3665624033e-12 4.5051358756e-13 9.1604881573e-13
3.2525634766e+02 1.3648003498e-12 4.4986080614e-13 9.1493954369e-13
3.2531738281e+02 1.3637100060e-12 4.4947914635e-13 9.1423085967e-13
3.2537841797e+02 1.3631717808e-12 4.4942465162e-13 9.1374712921e-13
3.2543945312e+02 1.3631254555e-12 4.4963996510e-13 9.1348549044e-13
3.2550048828e+02 1.3633426464e-12 4.4983333762e-13 9.1350930882e-13
3.2556152344e+02 1.3633768376e-12 4.4969590721e-13 9.1368093043e-13
3.2562255859e+02 1.3628589601e-12 4.4925049758e-13 9.1360846253e-13
3.2568359375e+02 1.3617232687e-12 4.4882978711e-13 9.1289348157e-13
3.2574462891e+02 1.3602214106e-12 4.4865443011e-13 9.1156698047e-13
3.2580566406e+02 1.3587446348e-12 4.4854504171e-13 9.1019959306e-13
3.2586669922e+02 1.3574520150e-12 4.4818022873e-13 9.0927178629e-13
3.2592773438e+02 1.3562323794e-12 4.4755235038e-13 9.0868002902e-13
3.2598876953e+02 1.3551013293e-12 4.4697084985e-13 9.0813047943e-13
3.2604980469e+02 1.3541386321e-12 4.4662283800e-13 9.0751579414e-13
3.2611083984e+02 1.3531691073e-12 4.4636160365e-13 9.0680750361e-13
3.2617187500e+02 1.3521926961e-12 4.4604049420e-13 9.0615220191e-13
3.2623291016e+02 1.3516037732e-12 4.4573217970e-13 9.0587159351e-13
3.2629394531e+02 1.3513609173e-12 4.4544026491e-13 9.0592065238e-13
3.2635498047e+02 1.3507422383e-12 4.4499572056e-13 9.0574651775e-13
3.2641601562e+02 1.3491770380e-12 4.4432611563e-13 9.0485092233e-13
3.2647705078e+02 1.3466963435e-12 4.4353714025e-13 9.0315920327e-13
3.2653808594e+02 1.3438556194e-12 4.4283126239e-13 9.0102435706e-13
3.2659912109e+02 1.3415220545e-12 4.4246698805e-13 8.9905506643e-13
3.2666015625e+02 1.3401822373e-12 4.4257548431e-13 8.9760675301e-13
3.2672119141e+02 1.3393991046e-12 4.4295506817e-13 8.9644403646e-13
3.2678222656e+02 1.3383884481e-12 4.4322484727e-13 8.9516360079e-13
3.2684326172e+02 1.3369025209e-12 4.4312562004e-13 8.9377690084e-13
3.2690429688e+02 1.3351901007e-12 4.4256665730e-13 8.9262344341e-13
3.2696533203e+02 1.3333624402e-12 4.4160342653e-13 8.9175901370e-13
3.2702636719e+02 1.3311936246e-12 4.4046582542e-13 8.9072779915e-13
3.2708740234e+02 1.3286061794e-12 4.3943811100e-13 8.8916806843e-13
3.2714843750e+02 1.3260747757e-12 4.3870521295e-13 8.8736956277e-13
3.2720947266e+02 1.3242379480e-12 4.3831058532e-13 8.8592736272e-13
3.2727050781e+02 1.3232612187e-12 4.3812026262e-13 8.8514095608e-13
3.2733154297e+02 1.3228930030e-12 4.3789387335e-13 8.8499912968e-13
3.2739257812e+02 1.3228933589e-12 4.3757320786e-13 8.8532015105e-13
3.2745361328e+02 1.3231431206e-12 4.3743713314e-13 8.8570598747e-13
3.2751464844e+02 1.3236074421e-12 4.3777998329e-13 8.8582745885e-13
3.2757568359e+02 1.3241325907e-12 4.3841342121e-13 8.8571916952e-13
3.2763671875e+02 1.3241187695e-12 4.3869780736e-13 8.8542096213e-13
3.2769775391e+02 1.3228460945e-12 4.3818306190e-13 8.8466303265e-13
3.2775878906e+02 1.3202934881e-12 4.3705089477e-13 8.8324259333e-13
3.2781982422e+02 1.3173506192e-12 4.3589622560e-13 8.8145439358e-13
3.2788085938e+02 1.3150714775e-12 4.3522469799e-13 8.7984677954e-13
3.2794189453e+02 1.3137975281e-12 4.3512424425e-13 8.7867328388e-13
3.2800292969e+02 1.3132005011e-12 4.3529398705e-13 8.7790651406e-13
3.2806396484e+02 1.3129644103e-12 4.3537995271e-13 8.7758445760e-13
3.2812500000e+02 1.3130986162e-12 4.3535147188e-13 8.7774714429e-13
3.2818603516e+02 1.3137555131e-12 4.3551789619e-13 8.7823761690e-13
3.2824707031e+02 1.3148780668e-12 4.3604209915e-13 8.7883596763e-13
3.2830810547e+02 1.3159917032e-12 4.3659485995e-13 8.7939684328e-13
3.2836914062e+02 1.3164275223e-12 4.3674470294e-13 8.7968281933e-13
3.2843017578e+02 1.3158049642e-12 4.3646162767e-13 8.7934333649e-13
3.2849121094e+02 1.3144699572e-12 4.3601411939e-13 8.7845583784e-13
3.2855224609e+02 1.3135981765e-12 4.3563017484e-13 8.7796800166e-13
3.2861328125e+02 1.3144440358e-12 4.3543474921e-13 8.7900928662e-13
3.2867431641e+02 1.3169240794e-12 4.3544725805e-13 8.8147682134e-13
3.2873535156e+02 1.3190801589e-12 4.3537314542e-13 8.8370701351e-13
3.2879638672e+02 1.3186987903e-12 4.3468684165e-13 8.8401194866e-13
3.2885742188e+02 1.3157980488e-12 4.3333215588e-13 8.8246589297e-13
3.2891845703e+02 1.3128341524e-12 4.3207673683e-13 8.8075741559e-13
3.2897949219e+02 1.3120313919e-12 4.3177384047e-13 8.8025755138e-13
3.2904052734e+02 1.3132605678e-12 4.3245106595e-13 8.8080950181e-13
3.2910156250e+02 1.3149011412e-12 4.3337266905e-13 8.8152847215e-13
3.2916259766e+02 1.3158355361e-12 4.3388284483e-13 8.8195269126e-13
3.2922363281e+02 1.3159952871e-12 4.3394393072e-13 8.8205135636e-13
3.2928466797e+02 1.3157204351e-12 4.3386463033e-13 8.8185580479e-13
3.2934570312e+02 1.3152571080e-12 4.3383244430e-13 8.8142466366e-13
3.2940673828e+02 1.3146210437e-12 4.3378413756e-13 8.8083690616e-13
3.2946777344e+02 1.3137795122e-12 4.3350223418e-13 8.8027727804e-13
3.2952880859e+02 1.3128836431e-12 4.3286639476e-13 8.8001724836e-13
3.2958984375e+02 1.3120522833e-12 4.3211083549e-13 8.7994144782e-13
3.2965087891e+02 1.3111966296e-12 4.3168304012e-13 8.7951358950e-13
3.2971191406e+02 1.3103782027e-12 4.3182914051e-13 8.7854906221e-13
3.2977294922e+02 1.3098622296e-12 4.3239611538e-13 8.7746611425e-13
3.2983398438e+02 1.3094758744e-12 4.3288915707e-13 8.7658671732e-13
3.2989501953e+02 1.3085796183e-12 4.3279136659e-13 8.7578825173e-13
3.2995605469e+02 1.3070694096e-12 4.3204747823e-13 8.7502193142e-13
3.3001708984e+02 1.3057327115e-12 4.3110792730e-13 8.7462478420e-13
3.3007812500e+02 1.3052232259e-12 4.3044783830e-13 8.7477538760e-13
3.3013916016e+02 1.3051587074e-12 4.3020076309e-13 8.7495794429e-13
3.3020019531e+02 1.3046079149e-12 4.3018964819e-13 8.7441826668e-13
3.3026123047e+02 1.3031311086e-12 4.3013644926e-13 8.7299465936e-13
3.3032226562e+02 1.3010692237e-12 4.2989266720e-13 8.7117655652e-13
3.3038330078e+02 1.2991566968e-12 4.2959655811e-13 8.6956013865e-13
3.3044433594e+02 1.2978732647e-12 4.2950682188e-13 8.6836644284e-13
3.3050537109e+02 1.2969242826e-12 4.2960971897e-13 8.6731456362e-13
3.3056640625e+02 1.2955592683e-12 4.2960236580e-13 8.6595690250e-13
3.3062744141e+02 1.2934530099e-12 4.2932094793e-13 8.6413206194e-13
3.3068847656e+02 1.2909756606e-12 4.2891682336e-13 8.6205883722e-13
3.3074951172e+02 1.2886854235e-12 4.2854361078e-13 8.6014181273e-13
3.3081054688e+02 1.2869117604e-12 4.2812963075e-13 8.5878212966e-13
3.3087158203e+02 1.2857418115e-12 4.2752890229e-13 8.5821290923e-13
3.3093261719e+02 1.2849304891e-12 4.2670344408e-13 8.5822704497e-13
3.3099365234e+02 1.2837788853e-12 4.2569652281e-13 8.5808236251e-13
3.3105468750e+02 1.2816893988e-12 4.2460308195e-13 8.5708631686e-13
3.3111572266e+02 1.2790318170e-12 4.2366459983e-13 8.5536721719e-13
3.3117675781e+02 1.2770325155e-12 4.2320842442e-13 8.5382409105e-13
3.3123779297e+02 1.2766362261e-12 4.2333286144e-13 8.5330336462e-13
3.3129882812e+02 1.2776688838e-12 4.2376257362e-13 8.5390631014e-13
3.3135986328e+02 1.2791930807e-12 4.2414661081e-13 8.5504646986e-13
3.3142089844e+02 1.2803440698e-12 4.2437768818e-13 8.5596638165e-13
3.3148193359e+02 1.2805763907e-12 4.2448301773e-13 8.5609337300e-13
3.3154296875e+02 1.2796848243e-12 4.2437884784e-13 8.5530597646e-13
3.3160400391e+02 1.2781308085e-12 4.2394687478e-13 8.5418393375e-13
3.3166503906e+02 1.2770305936e-12 4.2331092204e-13 8.5371967152e-13
3.3172607422e+02 1.2774938842e-12 4.2290271114e-13 8.5459117309e-13
3.3178710938e+02 1.2799194959e-12 4.2314838074e-13 8.5677111517e-13
3.3184814453e+02 1.2836870473e-12 4.2405445248e-13 8.5963259477e-13
3.3190917969e+02 1.2873699997e-12 4.2514599122e-13 8.6222400846e-13
3.3197021484e+02 1.2894235469e-12 4.2582488962e-13 8.6359865725e-13
3.3203125000e+02 1.2890005875e-12 4.2576168358e-13 8.6323890396e-13
3.3209228516e+02 1.2864436706e-12 4.2500134824e-13 8.6144232239e-13
3.3215332031e+02 1.2830107529e-12 4.2380691466e-13 8.5920383821e-13
3.3221435547e+02 1.2798621150e-12 4.2242104979e-13 8.5744106519e-13
3.3227539062e+02 1.2773933025e-12 4.2103467478e-13 8.5635862775e-13
3.3233642578e+02 1.2757923613e-12 4.2003188559e-13 8.5576047569e-13
3.3239746094e+02 1.2756899567e-12 4.1993918654e-13 8.5575077017e-13
3.3245849609e+02 1.2774230028e-12 4.2081846631e-13 8.5660453650e-13
3.3251953125e+02 1.2801256428e-12 4.2199668017e-13 8.5812896266e-13
3.3258056641e+02 1.2825137704e-12 4.2273460831e-13 8.5977916209e-13
3.3264160156e+02 1.2840915542e-12 4.2294404716e-13 8.6114750707e-13
3.3270263672e+02 1.2848276134e-12 4.2300851610e-13 8.6181909731e-13
3.3276367188e+02 1.2844233823e-12 4.2317035575e-13 8.6125302657e-13
3.3282470703e+02 1.2828553962e-12 4.2339673238e-13 8.5945866380e-13
3.3288574219e+02 1.2810021501e-12 4.2363511389e-13 8.5736703625e-13
3.3294677734e+02 1.2797985754e-12 4.2386983092e-13 8.5592874452e-13
3.3300781250e+02 1.2791841326e-12 4.2401829780e-13 8.5516583485e-13
3.3306884766e+02 1.2784259666e-12 4.2392505926e-13 8.5450090731e-13
3.3312988281e+02 1.2770310164e-12 4.2339042380e-13 8.5364059261e-13
3.3319091797e+02 1.2751149153e-12 4.2231603695e-13 8.5279887839e-13
3.3325195312e+02 1.2732580455e-12 4.2096806567e-13 8.5228997983e-13
3.3331298828e+02 1.2719274453e-12 4.1988634252e-13 8.5204110276e-13
3.3337402344e+02 1.2707887238e-12 4.1937435449e-13 8.5141436929e-13
3.3343505859e+02 1.2688894680e-12 4.1922658549e-13 8.4966288247e-13
3.3349609375e+02 1.2657919821e-12 4.1903379327e-13 8.4675818883e-13
3.3355712891e+02 1.2623046857e-12 4.1861371397e-13 8.4369097176e-13
3.3361816406e+02 1.2596425748e-12 4.1803725817e-13 8.4160531667e-13
3.3367919922e+02 1.2579876142e-12 4.1742261844e-13 8.4056499577e-13
3.3374023438e+02 1.2567092967e-12 4.1697532328e-13 8.3973397344e-13
3.3380126953e+02 1.2557756848e-12 4.1704610573e-13 8.3872957907e-13
3.3386230469e+02 1.2556837327e-12 4.1772342555e-13 8.3796030719e-13
3.3392333984e+02 1.2562206095e-12 4.1849655497e-13 8.3772405458e-13
3.3398437500e+02 1.2565298853e-12 4.1875698040e-13 8.3777290490e-13
3.3404541016e+02 1.2562152728e-12 4.1847756265e-13 8.3773771011e-13
3.3410644531e+02 1.2556299410e-12 4.1807472418e-13 8.3755521680e-13
3.3416748047e+02 1.2552427231e-12 4.1784048010e-13 8.3740224297e-13
3.3422851562e+02 1.2549621485e-12 4.1768972477e-13 8.3727242372e-13
3.3428955078e+02 1.2541517725e-12 4.1731957137e-13 8.3683220112e-13
3.3435058594e+02 1.2524701584e-12 4.1663277595e-13 8.3583738244e-13
3.3441162109e+02 1.2505573617e-12 4.1596238509e-13 8.3459497661e-13
3.3447265625e+02 1.2496682477e-12 4.1572129440e-13 8.3394695332e-13
3.3453369141e+02 1.2505714355e-12 4.1595767137e-13 8.3461376412e-13
3.3459472656e+02 1.2527797475e-12 4.1639788828e-13 8.3638185926e-13
3.3465576172e+02 1.2549728224e-12 4.1676728009e-13 8.3820554227e-13
3.3471679688e+02 1.2561825958e-12 4.1692106018e-13 8.3926153561e-13
3.3477783203e+02 1.2563060123e-12 4.1675367965e-13 8.3955233264e-13
3.3483886719e+02 1.2557296592e-12 4.1621799647e-13 8.3951166274e-13
3.3489990234e+02 1.2550650600e-12 4.1555924828e-13 8.3950581177e-13
3.3496093750e+02 1.2549167772e-12 4.1526999996e-13 8.3964677722e-13
3.3502197266e+02 1.2553623383e-12 4.1554421739e-13 8.3981812094e-13
3.3508300781e+02 1.2561414274e-12 4.1607593892e-13 8.4006548853e-13
3.3514404297e+02 1.2575177651e-12 4.1662842606e-13 8.4088933907e-13
3.3520507812e+02 1.2600384249e-12 4.1731414529e-13 8.4272427958e-13
3.3526611328e+02 1.2633699315e-12 4.1811824577e-13 8.4525168573e-13
3.3532714844e+02 1.2663090813e-12 4.1871241604e-13 8.4759666525e-13
3.3538818359e+02 1.2678715356e-12 4.1889439836e-13 8.4897713726e-13
3.3544921875e+02 1.2677993417e-12 4.1877220069e-13 8.4902714096e-13
3.3551025391e+02 1.2664445823e-12 4.1850059961e-13 8.4794398268e-13
3.3557128906e+02 1.2645313024e-12 4.1815521166e-13 8.4637609075e-13
3.3563232422e+02 1.2626321935e-12 4.1778660272e-13 8.4484559082e-13
3.3569335938e+02 1.2609038478e-12 4.1740294218e-13 8.4350090558e-13
3.3575439453e+02 1.2596377154e-12 4.1703101095e-13 8.4260670446e-13
3.3581542969e+02 1.2595328700e-12 4.1685141507e-13 8.4268145489e-13
3.3587646484e+02 1.2607068760e-12 4.1702289709e-13 8.4368397893e-13
3.3593750000e+02 1.2618914485e-12 4.1733412386e-13 8.4455732463e-13
3.3599853516e+02 1.2615171335e-12 4.1729997277e-13 8.4421716077e-13
3.3605957031e+02 1.2593037965e-12 4.1664868065e-13 8.4265511588e-13
3.3612060547e+02 1.2560893962e-12 4.1555580103e-13 8.4053359519e-13
3.3618164062e+02 1.2525845179e-12 4.1438018834e-13 8.3820432956e-13
3.3624267578e+02 1.2490020161e-12 4.1328999364e-13 8.3571202246e-13
3.3630371094e+02 1.2455984949e-12 4.1227446421e-13 8.3332403069e-13
3.3636474609e+02 1.2429297290e-12 4.1142247009e-13 8.3150725886e-13
3.3642578125e+02 1.2414224324e-12 4.1092387635e-13 8.3049855602e-13
3.3648681641e+02 1.2410474930e-12 4.1082022407e-13 8.3022726896e-13
3.3654785156e+02 1.2416184272e-12 4.1100865367e-13 8.3060977353e-13
3.3660888672e+02 1.2429339623e-12 4.1145494888e-13 8.3147901340e-13
3.3666992188e+02 1.2443218659e-12 4.1214303138e-13 8.3217883450e-13
3.3673095703e+02 1.2446936806e-12 4.1284106198e-13 8.3185261861e-13
3.3679199219e+02 1.2435180853e-12 4.1314284220e-13 8.3037524309e-13
3.3685302734e+02 1.2413010922e-12 4.1278512342e-13 8.2851596876e-13
3.3691406250e+02 1.2389449982e-12 4.1188700817e-13 8.2705799004e-13
3.3697509766e+02 1.2370966296e-12 4.1090554147e-13 8.2619108808e-13
3.3703613281e+02 1.2361656100e-12 4.1034012288e-13 8.2582548717e-13
3.3709716797e+02 1.2362826600e-12 4.1036901897e-13 8.2591364099e-13
3.3715820312e+02 1.2368513651e-12 4.1070235518e-13 8.2614900987e-13
3.3721923828e+02 1.2367934109e-12 4.1083848686e-13 8.2595492409e-13
3.3728027344e+02 1.2356401228e-12 4.1047017620e-13 8.2516994658e-13
3.3734130859e+02 1.2338338751e-12 4.0964362774e-13 8.2419024737e-13
3.3740234375e+02 1.2319507969e-12 4.0866572608e-13 8.2328507086e-13
3.3746337891e+02 1.2303442624e-12 4.0791282761e-13 8.2243143479e-13
3.3752441406e+02 1.2293635952e-12 4.0757977702e-13 8.2178381822e-13
3.3758544922e+02 1.2291222181e-12 4.0752229829e-13 8.2159991983e-13
3.3764648438e+02 1.2291315802e-12 4.0740731255e-13 8.2172426768e-13
3.3770751953e+02 1.2286477255e-12 4.0703089630e-13 8.2161682922e-13
3.3776855469e+02 1.2273414694e-12 4.0646910054e-13 8.2087236884e-13
3.3782958984e+02 1.2255594654e-12 4.0599262265e-13 8.1956684279e-13
3.3789062500e+02 1.2241260621e-12 4.0583756460e-13 8.1828849750e-13
3.3795166016e+02 1.2237593166e-12 4.0595403431e-13 8.1780528226e-13
3.3801269531e+02 1.2243920121e-12 4.0602705076e-13 8.1836496130e-13
3.3807373047e+02 1.2252943445e-12 4.0588694630e-13 8.1940739816e-13
3.3813476562e+02 1.2259624673e-12 4.0577712041e-13 8.2018534690e-13
3.3819580078e+02 1.2264640421e-12 4.0598110213e-13 8.2048293992e-13
3.3825683594e+02 1.2269295781e-12 4.0635736785e-13 8.2057221026e-13
3.3831787109e+02 1.2271330339e-12 4.0654883021e-13 8.2058420365e-13
3.3837890625e+02 1.2267731919e-12 4.0648828379e-13 8.2028490810e-13
3.3843994141e+02 1.2260657454e-12 4.0641735289e-13 8.1964839255e-13
3.3850097656e+02 1.2255616192e-12 4.0645969755e-13 8.1910192165e-13
3.3856201172e+02 1.2252766008e-12 4.0640821538e-13 8.1886838546e-13
3.3862304688e+02 1.2246595963e-12 4.0606240907e-13 8.1859718727e-13
3.3868408203e+02 1.2235009197e-12 4.0557797206e-13 8.1792294764e-13
3.3874511719e+02 1.2223185667e-12 4.0527313749e-13 8.1704542923e-13
3.3880615234e+02 1.2217834726e-12 4.0524958415e-13 8.1653388843e-13
3.3886718750e+02 1.2218653285e-12 4.0535241158e-13 8.1651291692e-13
3.3892822266e+02 1.2215202877e-12 4.0532847027e-13 8.1619181739e-13
3.3898925781e+02 1.2195631873e-12 4.0494164576e-13 8.1462154157e-13
3.3905029297e+02 1.2160831206e-12 4.0416974162e-13 8.1191337899e-13
3.3911132812e+02 1.2126216620e-12 4.0332563003e-13 8.0929603199e-13
3.3917236328e+02 1.2107050606e-12 4.0274344268e-13 8.0796161792e-13
3.3923339844e+02 1.2105112557e-12 4.0242110603e-13 8.0809014968e-13
3.3929443359e+02 1.2110554633e-12 4.0216111990e-13 8.0889434339e-13
3.3935546875e+02 1.2113011929e-12 4.0189814749e-13 8.0940304543e-13
3.3941650391e+02 1.2110850788e-12 4.0177838034e-13 8.0930669847e-13
3.3947753906e+02 1.2110643590e-12 4.0197070765e-13 8.0909365131e-13
3.3953857422e+02 1.2115751180e-12 4.0236849787e-13 8.0920662015e-13
3.3959960938e+02 1.2117910266e-12 4.0255435342e-13 8.0923667320e-13
3.3966064453e+02 1.2105009201e-12 4.0218253741e-13 8.0831838271e-13
3.3972167969e+02 1.2075653287e-12 4.0135038635e-13 8.0621494233e-13
3.3978271484e+02 1.2040561266e-12 4.0048031433e-13 8.0357581231e-13
3.3984375000e+02 1.2010978249e-12 3.9984897089e-13 8.0124885403e-13
3.3990478516e+02 1.1990953930e-12 3.9936468363e-13 7.9973070937e-13
3.3996582031e+02 1.1977540108e-12 3.9881766762e-13 7.9893634321e-13
3.4002685547e+02 1.1963525161e-12 3.9817219900e-13 7.9818031707e-13
3.4008789062e+02 1.1943412392e-12 3.9754293824e-13 7.9679830093e-13
3.4014892578e+02 1.1920000796e-12 3.9704066973e-13 7.9495940988e-13
3.4020996094e+02 1.1902599537e-12 3.9669032426e-13 7.9356962942e-13
3.4027099609e+02 1.1896734742e-12 3.9639319035e-13 7.9328028390e-13
3.4033203125e+02 1.1898326089e-12 3.9601710329e-13 7.9381550565e-13
3.4039306641e+02 1.1900160784e-12 3.9560653691e-13 7.9440954151e-13
3.4045410156e+02 1.1900444927e-12 3.9541910693e-13 7.9462538579e-13
3.4051513672e+02 1.1903071916e-12 3.9569478567e-13 7.9461240597e-13
3.4057617188e+02 1.1912614311e-12 3.9640284933e-13 7.9485858176e-13
3.4063720703e+02 1.1929572661e-12 3.9720505226e-13 7.9575221382e-13
3.4069824219e+02 1.1948681870e-12 3.9768988460e-13 7.9717830243e-13
3.4075927734e+02 1.1960967725e-12 3.9766373591e-13 7.9843303663e-13
3.4082031250e+02 1.1959048381e-12 3.9721374383e-13 7.9869109431e-13
3.4088134766e+02 1.1944961981e-12 3.9657932028e-13 7.9791687782e-13
3.4094238281e+02 1.1932453205e-12 3.9602892735e-13 7.9721639312e-13
3.4100341797e+02 1.1935547566e-12 3.9575809743e-13 7.9779665913e-13
3.4106445312e+02 1.1954406944e-12 3.9579812179e-13 7.9964257260e-13
3.4112548828e+02 1.1976034782e-12 3.9603440494e-13 8.0156907324e-13
3.4118652344e+02 1.1986522355e-12 3.9627932091e-13 8.0237291459e-13
3.4124755859e+02 1.1981322230e-12 3.9634753095e-13 8.0178469201e-13
3.4130859375e+02 1.1968845429e-12 3.9626400386e-13 8.0062053908e-13
3.4136962891e+02 1.1962819268e-12 3.9631885684e-13 7.9996306991e-13
3.4143066406e+02 1.1966374230e-12 3.9664495892e-13 7.9999246409e-13
3.4149169922e+02 1.1968550487e-12 3.9689514852e-13 7.9995990022e-13
3.4155273438e+02 1.1959801478e-12 3.9660743975e-13 7.9937270802e-13
3.4161376953e+02 1.1943015162e-12 3.9573947706e-13 7.9856203910e-13
3.4167480469e+02 1.1926047326e-12 3.9467236158e-13 7.9793237100e-13
3.4173583984e+02 1.1913321197e-12 3.9393264193e-13 7.9739947781e-13
3.4179687500e+02 1.1908466685e-12 3.9396951924e-13 7.9687714931e-13
3.4185791016e+02 1.1913714153e-12 3.9475025893e-13 7.9662115635e-13
3.4191894531e+02 1.1922400086e-12 3.9553665923e-13 7.9670334933e-13
3.4197998047e+02 1.1922747266e-12 3.9554876673e-13 7.9672595990e-13
3.4204101562e+02 1.1912280119e-12 3.9482093548e-13 7.9640707643e-13
3.4210205078e+02 1.1900593318e-12 3.9404890272e-13 7.9601042910e-13
3.4216308594e+02 1.1897464498e-12 3.9378688545e-13 7.9595956440e-13
3.4222412109e+02 1.1904751329e-12 3.9409771885e-13 7.9637741408e-13
3.4228515625e+02 1.1917702236e-12 3.9469330931e-13 7.9707691430e-13
3.4234619141e+02 1.1926480799e-12 3.9507928618e-13 7.9756879370e-13
3.4240722656e+02 1.1919876384e-12 3.9482329611e-13 7.9716434233e-13
3.4246826172e+02 1.1897116705e-12 3.9399049613e-13 7.9572117439e-13
3.4252929688e+02 1.1872059373e-12 3.9309477769e-13 7.9411115964e-13
3.4259033203e+02 1.1856162311e-12 3.9243296735e-13 7.9318326380e-13
3.4265136719e+02 1.1843896715e-12 3.9175347620e-13 7.9263619528e-13
3.4271240234e+02 1.1824904800e-12 3.9073808325e-13 7.9175239672e-13
3.4277343750e+02 1.1801949174e-12 3.8955072707e-13 7.9064419033e-13
3.4283447266e+02 1.1785791527e-12 3.8872430549e-13 7.8985484719e-13
3.4289550781e+02 1.1779478011e-12 3.8862331221e-13 7.8932448894e-13
3.4295654297e+02 1.1777950489e-12 3.8918235624e-13 7.8861269270e-13
3.4301757812e+02 1.1777723398e-12 3.9007038472e-13 7.8770195511e-13
3.4307861328e+02 1.1778189634e-12 3.9088791796e-13 7.8693104544e-13
3.4313964844e+02 1.1777876047e-12 3.9132640586e-13 7.8646119888e-13
3.4320068359e+02 1.1775775463e-12 3.9135697809e-13 7.8622056818e-13
3.4326171875e+02 1.1772386810e-12 3.9112609218e-13 7.8611258886e-13
3.4332275391e+02 1.1767248888e-12 3.9065993526e-13 7.8606495355e-13
3.4338378906e+02 1.1759933126e-12 3.8997496357e-13 7.8601834906e-13
3.4344482422e+02 1.1752522128e-12 3.8935336859e-13 7.8589884420e-13
3.4350585938e+02 1.1747746017e-12 3.8912756178e-13 7.8564703988e-13
3.4356689453e+02 1.1747952380e-12 3.8935444318e-13 7.8544079477e-13
3.4362792969e+02 1.1756856405e-12 3.8994840366e-13 7.8573723688e-13
3.4368896484e+02 1.1777369186e-12 3.9087195378e-13 7.8686496484e-13
3.4375000000e+02 1.1806923591e-12 3.9200911406e-13 7.8868324507e-13
3.4381103516e+02 1.1836574671e-12 3.9303326022e-13 7.9062420684e-13
3.4387207031e+02 1.1855782033e-12 3.9358446821e-13 7.9199373509e-13
3.4393310547e+02 1.1859628028e-12 3.9358086837e-13 7.9238193444e-13
3.4399414062e+02 1.1849939467e-12 3.9317174623e-13 7.9182220047e-13
3.4405517578e+02 1.1831524491e-12 3.9241950153e-13 7.9073294755e-13
3.4411621094e+02 1.1812480180e-12 3.9136230992e-13 7.8988570803e-13
3.4417724609e+02 1.1803623561e-12 3.9032644430e-13 7.9003591180e-13
3.4423828125e+02 1.1809517966e-12 3.8976855781e-13 7.9118323882e-13
3.4429931641e+02 1.1822153178e-12 3.8982111361e-13 7.9239420419e-13
3.4436035156e+02 1.1830317258e-12 3.9029390412e-13 7.9273782165e-13
3.4442138672e+02 1.1832626451e-12 3.9099162623e-13 7.9227101890e-13
3.4448242188e+02 1.1834308871e-12 3.9171527770e-13 7.9171560938e-13
3.4454345703e+02 1.1835628406e-12 3.9215039311e-13 7.9141244747e-13
3.4460449219e+02 1.1832672577e-12 3.9210646712e-13 7.9116079056e-13
3.4466552734e+02 1.1826451487e-12 3.9176284104e-13 7.9088230761e-13
3.4472656250e+02 1.1822029036e-12 3.9145770709e-13 7.9074519651e-13
3.4478759766e+02 1.1820808457e-12 3.9134271496e-13 7.9073813074e-13
3.4484863281e+02 1.1821255575e-12 3.9136512482e-13 7.9076043265e-13
3.4490966797e+02 1.1823628228e-12 3.9143812229e-13 7.9092470049e-13
3.4497070312e+02 1.1827993892e-12 3.9149599957e-13 7.9130338959e-13
3.4503173828e+02 1.1831522876e-12 3.9145077312e-13 7.9170151445e-13
3.4509277344e+02 1.1831777014e-12 3.9123696282e-13 7.9194073860e-13
3.4515380859e+02 1.1830734103e-12 3.9095602774e-13 7.9211738255e-13
3.4521484375e+02 1.1833004588e-12 3.9084506646e-13 7.9245539231e-13
3.4527587891e+02 1.1838500359e-12 3.9098353977e-13 7.9286649615e-13
3.4533691406e+02 1.1838851419e-12 3.9116923726e-13 7.9271590465e-13
3.4539794922e+02 1.1826352922e-12 3.9122125063e-13 7.9141404158e-13
3.4545898438e+02 1.1804573625e-12 3.9124477750e-13 7.8921258505e-13
3.4552001953e+02 1.1783498149e-12 3.9139714439e-13 7.8695267051e-13
3.4558105469e+02 1.1766939527e-12 3.9150686685e-13 7.8518708586e-13
3.4564208984e+02 1.1752484126e-12 3.9123837634e-13 7.8401003629e-13
3.4570312500e+02 1.1741513572e-12 3.9062743003e-13 7.8352392716e-13
3.4576416016e+02 1.1739895506e-12 3.9009941382e-13 7.8389013678e-13
3.4582519531e+02 1.1749075280e-12 3.8995938906e-13 7.8494813892e-13
3.4588623047e+02 1.1763869753e-12 3.9014917455e-13 7.8623780075e-13
3.4594726562e+02 1.1777252415e-12 3.9041604967e-13 7.8730919185e-13
3.4600830078e+02 1.1781280407e-12 3.9041595009e-13 7.8771209062e-13
3.4606933594e+02 1.1768566043e-12 3.8975985555e-13 7.8709674876e-13
3.4613037109e+02 1.1741865427e-12 3.8843836917e-13 7.8574817350e-13
3.4619140625e+02 1.1717103548e-12 3.8717352804e-13 7.8453682678e-13
3.4625244141e+02 1.1707689367e-12 3.8680980895e-13 7.8395912775e-13
3.4631347656e+02 1.1710624964e-12 3.8737183549e-13 7.8369066088e-13
3.4637451172e+02 1.1714322337e-12 3.8813915996e-13 7.8329307375e-13
3.4643554688e+02 1.1714108698e-12 3.8852208107e-13 7.8288878875e-13
3.4649658203e+02 1.1714574281e-12 3.8851147341e-13 7.8294595464e-13
3.4655761719e+02 1.1720570250e-12 3.8838603999e-13 7.8367098504e-13
3.4661865234e+02 1.1730217605e-12 3.8831328404e-13 7.8470847645e-13
3.4667968750e+02 1.1736178198e-12 3.8828655032e-13 7.8533126945e-13
3.4674072266e+02 1.1732457706e-12 3.8824741551e-13 7.8499835505e-13
3.4680175781e+02 1.1720439147e-12 3.8815742227e-13 7.8388649240e-13
3.4686279297e+02 1.1708043271e-12 3.8799633681e-13 7.8280799026e-13
3.4692382812e+02 1.1701324848e-12 3.8772348526e-13 7.8240899953e-13
3.4698486328e+02 1.1697430315e-12 3.8727723347e-13 7.8246579801e-13
3.4704589844e+02 1.1689185296e-12 3.8671345462e-13 7.8220507498e-13
3.4710693359e+02 1.1676507364e-12 3.8632785354e-13 7.8132288288e-13
3.4716796875e+02 1.1667034708e-12 3.8640499925e-13 7.8029847155e-13
3.4722900391e+02 1.1664521192e-12 3.8679702163e-13 7.7965509758e-13
3.4729003906e+02 1.1664826491e-12 3.8704230914e-13 7.7944033999e-13
3.4735107422e+02 1.1663683827e-12 3.8691963984e-13 7.7944874286e-13
3.4741210938e+02 1.1660664695e-12 3.8656368862e-13 7.7950278092e-13
3.4747314453e+02 1.1657699052e-12 3.8611905521e-13 7.7965085001e-13
3.4753417969e+02 1.1657931051e-12 3.8560969578e-13 7.8018340930e-13
3.4759521484e+02 1.1661891636e-12 3.8505179353e-13 7.8113737004e-13
3.4765625000e+02 1.1665623250e-12 3.8452875018e-13 7.8203357483e-13
3.4771728516e+02 1.1666043993e-12 3.8418498508e-13 7.8241941421e-13
3.4777832031e+02 1.1664443855e-12 3.8410108486e-13 7.8234330065e-13
3.4783935547e+02 1.1663334073e-12 3.8418890891e-13 7.8214449841e-13
3.4790039062e+02 1.1662711323e-12 3.8429128037e-13 7.8197985197e-13
3.4796142578e+02 1.1659847447e-12 3.8433789005e-13 7.8164685469e-13
3.4802246094e+02 1.1653951019e-12 3.8438083297e-13 7.8101426894e-13
3.4808349609e+02 1.1650542983e-12 3.8452513390e-13 7.8052916443e-13
3.4814453125e+02 1.1655443753e-12 3.8477565816e-13 7.8076871716e-13
3.4820556641e+02 1.1664010981e-12 3.8492036960e-13 7.8148072850e-13
3.4826660156e+02 1.1664156654e-12 3.8472325164e-13 7.8169241381e-13
3.4832763672e+02 1.1652770540e-12 3.8432464937e-13 7.8095240467e-13
3.4838867188e+02 1.1641428743e-12 3.8417347358e-13 7.7996940076e-13
3.4844970703e+02 1.1641263069e-12 3.8440934855e-13 7.7971695838e-13
3.4851074219e+02 1.1649312629e-12 3.8469856590e-13 7.8023269697e-13
3.4857177734e+02 1.1654411944e-12 3.8480800796e-13 7.8063318639e-13
3.4863281250e+02 1.1650559721e-12 3.8489563209e-13 7.8016033998e-13
3.4869384766e+02 1.1640189961e-12 3.8512560800e-13 7.7889338810e-13
3.4875488281e+02 1.1628535355e-12 3.8540309210e-13 7.7745044337e-13
3.4881591797e+02 1.1620206633e-12 3.8565609582e-13 7.7636456746e-13
3.4887695312e+02 1.1618778619e-12 3.8602234393e-13 7.7585551799e-13
3.4893798828e+02 1.1623389052e-12 3.8648911991e-13 7.7584978531e-13
3.4899902344e+02 1.1626888668e-12 3.8667655276e-13 7.7601231403e-13
3.4906005859e+02 1.1622950590e-12 3.8631161081e-13 7.7598344814e-13
3.4912109375e+02 1.1613955929e-12 3.8564449236e-13 7.7575110055e-13
3.4918212891e+02 1.1606696092e-12 3.8508995904e-13 7.7557965013e-13
3.4924316406e+02 1.1601960260e-12 3.8469670566e-13 7.7549932037e-13
3.4930419922e+02 1.1593310836e-12 3.8421855392e-13 7.7511252971e-13
3.4936523438e+02 1.1575240850e-12 3.8349947523e-13 7.7402460979e-13
3.4942626953e+02 1.1549788882e-12 3.8258530253e-13 7.7239358570e-13
3.4948730469e+02 1.1524253460e-12 3.8159683933e-13 7.7082850667e-13
3.4954833984e+02 1.1502720699e-12 3.8067903776e-13 7.6959303218e-13
3.4960937500e+02 1.1483251584e-12 3.8001580127e-13 7.6830935715e-13
3.4967041016e+02 1.1464071622e-12 3.7970214625e-13 7.6670501593e-13
3.4973144531e+02 1.1447097618e-12 3.7960674479e-13 7.6510301703e-13
3.4979248047e+02 1.1435165747e-12 3.7953182798e-13 7.6398474671e-13
3.4985351562e+02 1.1430279692e-12 3.7945081913e-13 7.6357715002e-13
3.4991455078e+02 1.1432073787e-12 3.7939352057e-13 7.6381385814e-13
3.4997558594e+02 1.1435217752e-12 3.7920271503e-13 7.6431906014e-13
3.5003662109e+02 1.1432859842e-12 3.7866584778e-13 7.6462013644e-13
3.5009765625e+02 1.1424315559e-12 3.7787547949e-13 7.6455607636e-13
3.5015869141e+02 1.1415677261e-12 3.7724340060e-13 7.6432432548e-13
3.5021972656e+02 1.1412477760e-12 3.7709543296e-13 7.6415234305e-13
3.5028076172e+02 1.1414537946e-12 3.7737164899e-13 7.6408214563e-13
3.5034179688e+02 1.1418716176e-12 3.7777133393e-13 7.6410028364e-13
3.5040283203e+02 1.1424016267e-12 3.7809633880e-13 7.6430528789e-13
3.5046386719e+02 1.1430677074e-12 3.7837470016e-13 7.6469300723e-13
3.5052490234e+02 1.1436514174e-12 3.7870657377e-13 7.6494484359e-13
3.5058593750e+02 1.1439231383e-12 3.7910699926e-13 7.6481613906e-13
3.5064697266e+02 1.1440196122e-12 3.7948661904e-13 7.6453299318e-13
3.5070800781e+02 1.1442245455e-12 3.7968398630e-13 7.6454055925e-13
3.5076904297e+02 1.1446536956e-12 3.7954981641e-13 7.6510387921e-13
3.5083007812e+02 1.1452902657e-12 3.7912149835e-13 7.6616876734e-13
3.5089111328e+02 1.1461119433e-12 3.7869170766e-13 7.6742023568e-13
3.5095214844e+02 1.1470920033e-12 3.7853905520e-13 7.6855294811e-13
3.5101318359e+02 1.1480180731e-12 3.7858428801e-13 7.6943378506e-13
3.5107421875e+02 1.1484858968e-12 3.7850967081e-13 7.6997622604e-13
3.5113525391e+02 1.1484302425e-12 3.7820935481e-13 7.7022088766e-13
3.5119628906e+02 1.1483938578e-12 3.7790576825e-13 7.7048808957e-13
3.5125732422e+02 1.1487542906e-12 3.7782732659e-13 7.7092696404e-13
3.5131835938e+02 1.1491007002e-12 3.7798102223e-13 7.7111967794e-13
3.5137939453e+02 1.1487919152e-12 3.7822681773e-13 7.7056509747e-13
3.5144042969e+02 1.1475421644e-12 3.7836087901e-13 7.6918128538e-13
3.5150146484e+02 1.1453275373e-12 3.7815043020e-13 7.6717710705e-13
3.5156250000e+02 1.1424129615e-12 3.7748178746e-13 7.6493117407e-13
3.5162353516e+02 1.1395360084e-12 3.7652500432e-13 7.6301100404e-13
3.5168457031e+02 1.1375115943e-12 3.7565461686e-13 7.6185697740e-13
3.5174560547e+02 1.1364989117e-12 3.7512054077e-13 7.6137837096e-13
3.5180664062e+02 1.1359685975e-12 3.7489483754e-13 7.6107375994e-13
3.5186767578e+02 1.1354083496e-12 3.7486169258e-13 7.6054665707e-13
3.5192871094e+02 1.1346768370e-12 3.7491022906e-13 7.5976660798e-13
3.5198974609e+02 1.1337764577e-12 3.7488282955e-13 7.5889362813e-13
3.5205078125e+02 1.1327500168e-12 3.7471974609e-13 7.5803027073e-13
3.5211181641e+02 1.1317816664e-12 3.7454560644e-13 7.5723605993e-13
3.5217285156e+02 1.1311566760e-12 3.7446465328e-13 7.5669202268e-13
3.5223388672e+02 1.1310268870e-12 3.7446528907e-13 7.5656159796e-13
3.5229492188e+02 1.1311748095e-12 3.7453996113e-13 7.5663484839e-13
3.5235595703e+02 1.1312096530e-12 3.7469392972e-13 7.5651572330e-13
3.5241699219e+02 1.1310820587e-12 3.7481889209e-13 7.5626316657e-13
3.5247802734e+02 1.1309737872e-12 3.7465733174e-13 7.5631645546e-13
3.5253906250e+02 1.1306750083e-12 3.7402673357e-13 7.5664827469e-13
3.5260009766e+02 1.1297086540e-12 3.7311365480e-13 7.5659499920e-13
3.5266113281e+02 1.1280281622e-12 3.7229637713e-13 7.5573178510e-13
3.5272216797e+02 1.1260769655e-12 3.7169418653e-13 7.5438277897e-13
3.5278320312e+02 1.1244052349e-12 3.7127444301e-13 7.5313079193e-13
3.5284423828e+02 1.1235205951e-12 3.7123284125e-13 7.5228775387e-13
3.5290527344e+02 1.1237222240e-12 3.7177702916e-13 7.5194519482e-13
3.5296630859e+02 1.1248769432e-12 3.7270553762e-13 7.5217140560e-13
3.5302734375e+02 1.1264628275e-12 3.7358171241e-13 7.5288111507e-13
3.5308837891e+02 1.1277150193e-12 3.7411259291e-13 7.5360242637e-13
3.5314941406e+02 1.1278587620e-12 3.7414472507e-13 7.5371403696e-13
3.5321044922e+02 1.1267068925e-12 3.7365553328e-13 7.5305135926e-13
3.5327148438e+02 1.1249846202e-12 3.7292248635e-13 7.5206213381e-13
3.5333251953e+02 1.1237293545e-12 3.7238731057e-13 7.5134204398e-13
3.5339355469e+02 1.1235383613e-12 3.7231954616e-13 7.5121881517e-13
3.5345458984e+02 1.1243632292e-12 3.7273067873e-13 7.5163255046e-13
3.5351562500e+02 1.1256290217e-12 3.7343926638e-13 7.5218975530e-13
3.5357666016e+02 1.1265832376e-12 3.7414747514e-13 7.5243576247e-13
3.5363769531e+02 1.1267613060e-12 3.7457142874e-13 7.5218987723e-13
3.5369873047e+02 1.1261540751e-12 3.7453427418e-13 7.5161980096e-13
3.5375976562e+02 1.1251472201e-12 3.7405205576e-13 7.5109516433e-13
3.5382080078e+02 1.1244708848e-12 3.7345165437e-13 7.5101923042e-13
3.5388183594e+02 1.1246840302e-12 3.7315550409e-13 7.5152852609e-13
3.5394287109e+02 1.1254180243e-12 3.7317782195e-13 7.5224020230e-13
3.5400390625e+02 1.1257331769e-12 3.7315301489e-13 7.5258016200e-13
3.5406494141e+02 1.1251741430e-12 3.7286121893e-13 7.5231292403e-13
3.5412597656e+02 1.1238921175e-12 3.7237063740e-13 7.5152148008e-13
3.5418701172e+02 1.1222145169e-12 3.7183829833e-13 7.5037621858e-13
3.5424804688e+02 1.1205900899e-12 3.7142248041e-13 7.4916760954e-13
3.5430908203e+02 1.1194298846e-12 3.7117960671e-13 7.4825027794e-13
3.5437011719e+02 1.1187245688e-12 3.7094541276e-13 7.4777915601e-13
3.5443115234e+02 1.1181270968e-12 3.7048464637e-13 7.4764245044e-13
3.5449218750e+02 1.1173857183e-12 3.6978209150e-13 7.4760362683e-13
3.5455322266e+02 1.1164707893e-12 3.6908132903e-13 7.4738946031e-13
3.5461425781e+02 1.1153531973e-12 3.6859875630e-13 7.4675444099e-13
3.5467529297e+02 1.1139694310e-12 3.6825583664e-13 7.4571359431e-13
3.5473632812e+02 1.1125184032e-12 3.6781567628e-13 7.4470272695e-13
3.5479736328e+02 1.1114368803e-12 3.6727661239e-13 7.4416026792e-13
3.5485839844e+02 1.1108901249e-12 3.6692826069e-13 7.4396186416e-13
3.5491943359e+02 1.1104759690e-12 3.6691449090e-13 7.4356147813e-13
3.5498046875e+02 1.1095686220e-12 3.6696776138e-13 7.4260086063e-13
3.5504150391e+02 1.1079846555e-12 3.6675437410e-13 7.4123028137e-13
3.5510253906e+02 1.1061131705e-12 3.6625933019e-13 7.3985384031e-13
3.5516357422e+02 1.1043905416e-12 3.6572960800e-13 7.3866093362e-13
3.5522460938e+02 1.1030742840e-12 3.6547367863e-13 7.3760060539e-13
3.5528564453e+02 1.1023355056e-12 3.6568425210e-13 7.3665125350e-13
3.5534667969e+02 1.1020742430e-12 3.6625872806e-13 7.3581551493e-13
3.5540771484e+02 1.1019327118e-12 3.6686436493e-13 7.3506834688e-13
3.5546875000e+02 1.1016565889e-12 3.6718744686e-13 7.3446914200e-13
3.5552978516e+02 1.1011157058e-12 3.6707023905e-13 7.3404546670e-13
3.5559082031e+02 1.1002032626e-12 3.6657530477e-13 7.3362795784e-13
3.5565185547e+02 1.0990105237e-12 3.6591851024e-13 7.3309201345e-13
3.5571289062e+02 1.0977388557e-12 3.6520240532e-13 7.3253645035e-13
3.5577392578e+02 1.0963507277e-12 3.6433910725e-13 7.3201162042e-13
3.5583496094e+02 1.0947771709e-12 3.6334997593e-13 7.3142719500e-13
3.5589599609e+02 1.0935309752e-12 3.6261540392e-13 7.3091557132e-13
3.5595703125e+02 1.0935736299e-12 3.6264579487e-13 7.3092783508e-13
3.5601806641e+02 1.0953876135e-12 3.6358452655e-13 7.3180308692e-13
3.5607910156e+02 1.0984829746e-12 3.6504714191e-13 7.3343583271e-13
3.5614013672e+02 1.1017835784e-12 3.6641008345e-13 7.3537349496e-13
3.5620117188e+02 1.1043047247e-12 3.6719181316e-13 7.3711291157e-13
3.5626220703e+02 1.1056670334e-12 3.6731010642e-13 7.3835692694e-13
3.5632324219e+02 1.1060767052e-12 3.6704686062e-13 7.3902984461e-13
3.5638427734e+02 1.1058947522e-12 3.6674918693e-13 7.3914556531e-13
3.5644531250e+02 1.1055719120e-12 3.6664699425e-13 7.3892491774e-13
3.5650634766e+02 1.1056875806e-12 3.6680670268e-13 7.3888087797e-13
3.5656738281e+02 1.1064749432e-12 3.6708252831e-13 7.3939241493e-13
3.5662841797e+02 1.1075159580e-12 3.6723132571e-13 7.4028463230e-13
3.5668945312e+02 1.1081964051e-12 3.6713292248e-13 7.4106348265e-13
3.5675048828e+02 1.1083227921e-12 3.6687912265e-13 7.4144366942e-13
3.5681152344e+02 1.1081596398e-12 3.6666339078e-13 7.4149624904e-13
3.5687255859e+02 1.1079449987e-12 3.6651426411e-13 7.4143073459e-13
3.5693359375e+02 1.1075003156e-12 3.6618783418e-13 7.4131248145e-13
3.5699462891e+02 1.1064934862e-12 3.6552023311e-13 7.4097325311e-13
3.5705566406e+02 1.1051059627e-12 3.6475290340e-13 7.4035305931e-13
3.5711669922e+02 1.1040119449e-12 3.6423419783e-13 7.3977774711e-13
3.5717773438e+02 1.1035561119e-12 3.6399101940e-13 7.3956509246e-13
3.5723876953e+02 1.1032825465e-12 3.6378481625e-13 7.3949773026e-13
3.5729980469e+02 1.1024173152e-12 3.6339675338e-13 7.3902056177e-13
3.5736083984e+02 1.1008304402e-12 3.6281719705e-13 7.3801324319e-13
3.5742187500e+02 1.0992941082e-12 3.6223607420e-13 7.3705803404e-13
3.5748291016e+02 1.0984992472e-12 3.6181198672e-13 7.3668726049e-13
3.5754394531e+02 1.0982703112e-12 3.6155244448e-13 7.3671786667e-13
3.5760498047e+02 1.0982122699e-12 3.6147500825e-13 7.3673726164e-13
3.5766601562e+02 1.0984164949e-12 3.6161849035e-13 7.3679800452e-13
3.5772705078e+02 1.0988409516e-12 3.6183735280e-13 7.3700359877e-13
3.5778808594e+02 1.0986842244e-12 3.6189698011e-13 7.3678724431e-13
3.5784912109e+02 1.0973259667e-12 3.6180648505e-13 7.3551948168e-13
3.5791015625e+02 1.0955562933e-12 3.6180711673e-13 7.3374917658e-13
3.5797119141e+02 1.0948739998e-12 3.6203930665e-13 7.3283469315e-13
3.5803222656e+02 1.0956400293e-12 3.6239964230e-13 7.3324038697e-13
3.5809326172e+02 1.0967837556e-12 3.6270277198e-13 7.3408098362e-13
3.5815429688e+02 1.0972783187e-12 3.6286249748e-13 7.3441582124e-13
3.5821533203e+02 1.0971189185e-12 3.6291871472e-13 7.3420020383e-13
3.5827636719e+02 1.0967604668e-12 3.6296126838e-13 7.3379919844e-13
3.5833740234e+02 1.0962631467e-12 3.6305986218e-13 7.3320328451e-13
3.5839843750e+02 1.0954463809e-12 3.6324266807e-13 7.3220371280e-13
3.5845947266e+02 1.0944279495e-12 3.6345451521e-13 7.3097343433e-13
3.5852050781e+02 1.0934111499e-12 3.6351893709e-13 7.2989221282e-13
3.5858154297e+02 1.0923499345e-12 3.6328501341e-13 7.2906492109e-13
3.5864257812e+02 1.0913571581e-12 3.6288524083e-13 7.2847191723e-13
3.5870361328e+02 1.0910166057e-12 3.6268588431e-13 7.2833072139e-13
3.5876464844e+02 1.0917871263e-12 3.6286997366e-13 7.2891715260e-13
3.5882568359e+02 1.0933589812e-12 3.6324013251e-13 7.3011884870e-13
3.5888671875e+02 1.0948797584e-12 3.6348467678e-13 7.3139508160e-13
3.5894775391e+02 1.0956124587e-12 3.6339227076e-13 7.3222018792e-13
3.5900878906e+02 1.0954165291e-12 3.6285188900e-13 7.3256464014e-13
3.5906982422e+02 1.0949974789e-12 3.6201055140e-13 7.3298692745e-13
3.5913085938e+02 1.0954612724e-12 3.6137979854e-13 7.3408147390e-13
3.5919189453e+02 1.0970265882e-12 3.6140316081e-13 7.3562342736e-13
3.5925292969e+02 1.0985796239e-12 3.6192009146e-13 7.3665953248e-13
3.5931396484e+02 1.0990743389e-12 3.6232151213e-13 7.3675282678e-13
3.5937500000e+02 1.0987965994e-12 3.6223936443e-13 7.3655723500e-13
3.5943603516e+02 1.0988178723e-12 3.6188964330e-13 7.3692822898e-13
3.5949707031e+02 1.0997212240e-12 3.6169369601e-13 7.3802752795e-13
3.5955810547e+02 1.1012144467e-12 3.6178253645e-13 7.3943191026e-13
3.5961914062e+02 1.1027220838e-12 3.6199684737e-13 7.4072523638e-13
3.5968017578e+02 1.1039683182e-12 3.6217783890e-13 7.4179047927e-13
3.5974121094e+02 1.1049367531e-12 3.6230230806e-13 7.4263444507e-13
3.5980224609e+02 1.1055491964e-12 3.6238614690e-13 7.4316304948e-13
3.5986328125e+02 1.1056763265e-12 3.6240432221e-13 7.4327200425e-13
3.5992431641e+02 1.1053562633e-12 3.6236873713e-13 7.4298752621e-13
3.5998535156e+02 1.1046925301e-12 3.6231504868e-13 7.4237748144e-13
3.6004638672e+02 1.1037037169e-12 3.6214870156e-13 7.4155501533e-13
3.6010742188e+02 1.1025537973e-12 3.6172610871e-13 7.4082768860e-13
3.6016845703e+02 1.1016499048e-12 3.6114107419e-13 7.4050883058e-13
3.6022949219e+02 1.1011631709e-12 3.6069128963e-13 7.4047188130e-13
3.6029052734e+02 1.1007205700e-12 3.6050711066e-13 7.4021345934e-13
3.6035156250e+02 1.1000046541e-12 3.6045957528e-13 7.3954507884e-13
3.6041259766e+02 1.0992609192e-12 3.6042703378e-13 7.3883388547e-13
3.6047363281e+02 1.0986432522e-12 3.6036328885e-13 7.3827996340e-13
3.6053466797e+02 1.0976493750e-12 3.6016746663e-13 7.3748190840e-13
3.6059570312e+02 1.0957808329e-12 3.5975823730e-13 7.3602259563e-13
3.6065673828e+02 1.0931204154e-12 3.5921341935e-13 7.3390699610e-13
3.6071777344e+02 1.0900212220e-12 3.5871534619e-13 7.3130587579e-13
3.6077880859e+02 1.0869715816e-12 3.5843079611e-13 7.2854078550e-13
3.6083984375e+02 1.0846355180e-12 3.5838232792e-13 7.2625319008e-13
3.6090087891e+02 1.0831445616e-12 3.5831989315e-13 7.2482466841e-13
3.6096191406e+02 1.0815704205e-12 3.5785110425e-13 7.2371931626e-13
3.6102294922e+02 1.0789813554e-12 3.5685207815e-13 7.2212927730e-13
3.6108398438e+02 1.0758609812e-12 3.5566834051e-13 7.2019264073e-13
3.6114501953e+02 1.0737039683e-12 3.5479762334e-13 7.1890634499e-13
3.6120605469e+02 1.0733225648e-12 3.5445263882e-13 7.1886992600e-13
3.6126708984e+02 1.0741129455e-12 3.5449633991e-13 7.1961660555e-13
3.6132812500e+02 1.0747519821e-12 3.5465621100e-13 7.2009577110e-13
3.6138916016e+02 1.0742018844e-12 3.5471618508e-13 7.1948569933e-13
3.6145019531e+02 1.0723837491e-12 3.5459666432e-13 7.1778708475e-13
3.6151123047e+02 1.0701923991e-12 3.5431942461e-13 7.1587297448e-13
3.6157226562e+02 1.0687325228e-12 3.5397176000e-13 7.1476076276e-13
3.6163330078e+02 1.0685420519e-12 3.5371545085e-13 7.1482660108e-13
3.6169433594e+02 1.0693689435e-12 3.5362674580e-13 7.1574219766e-13
3.6175537109e+02 1.0704241695e-12 3.5351192656e-13 7.1691224297e-13
3.6181640625e+02 1.0710538958e-12 3.5311710514e-13 7.1793679070e-13
3.6187744141e+02 1.0712171103e-12 3.5248156666e-13 7.1873554362e-13
3.6193847656e+02 1.0712055761e-12 3.5193465373e-13 7.1927092233e-13
3.6199951172e+02 1.0711877784e-12 3.5180075913e-13 7.1938701932e-13
3.6206054688e+02 1.0710344730e-12 3.5207720804e-13 7.1895726499e-13
3.6212158203e+02 1.0702780458e-12 3.5235323272e-13 7.1792481308e-13
3.6218261719e+02 1.0685060375e-12 3.5219141848e-13 7.1631461897e-13
3.6224365234e+02 1.0661775390e-12 3.5161907855e-13 7.1455846048e-13
3.6230468750e+02 1.0645726834e-12 3.5110855053e-13 7.1346413282e-13
3.6236572266e+02 1.0644196783e-12 3.5102498880e-13 7.1339468955e-13
3.6242675781e+02 1.0650710997e-12 3.5119147435e-13 7.1387962532e-13
3.6248779297e+02 1.0654535933e-12 3.5113757382e-13 7.1431601949e-13
3.6254882812e+02 1.0653002894e-12 3.5069079602e-13 7.1460949340e-13
3.6260986328e+02 1.0650856391e-12 3.5009961008e-13 7.1498602903e-13
3.6267089844e+02 1.0653133144e-12 3.4970447186e-13 7.1560884254e-13
3.6273193359e+02 1.0663278838e-12 3.4975015229e-13 7.1657773148e-13
3.6279296875e+02 1.0682749523e-12 3.5033459831e-13 7.1794035402e-13
3.6285400391e+02 1.0707071951e-12 3.5129471189e-13 7.1941248321e-13
3.6291503906e+02 1.0726024504e-12 3.5226867630e-13 7.2033377408e-13
3.6297607422e+02 1.0731754477e-12 3.5297614306e-13 7.2019930469e-13
3.6303710938e+02 1.0724239883e-12 3.5334485993e-13 7.1907912832e-13
3.6309814453e+02 1.0707021755e-12 3.5334806909e-13 7.1735410645e-13
3.6315917969e+02 1.0682842115e-12 3.5290175764e-13 7.1538245381e-13
3.6322021484e+02 1.0657687961e-12 3.5210045827e-13 7.1366833785e-13
3.6328125000e+02 1.0642900154e-12 3.5136386166e-13 7.1292615374e-13
3.6334228516e+02 1.0645649343e-12 3.5105552467e-13 7.1350940967e-13
3.6340332031e+02 1.0660093802e-12 3.5111640648e-13 7.1489297373e-13
3.6346435547e+02 1.0672228990e-12 3.5124088671e-13 7.1598201230e-13
3.6352539062e+02 1.0671026634e-12 3.5117283179e-13 7.1592983162e-13
3.6358642578e+02 1.0654054822e-12 3.5078599385e-13 7.1461948832e-13
3.6364746094e+02 1.0625977823e-12 3.5012214818e-13 7.1247563411e-13
3.6370849609e+02 1.0594352877e-12 3.4937214892e-13 7.1006313879e-13
3.6376953125e+02 1.0565916105e-12 3.4872306106e-13 7.0786854944e-13
3.6383056641e+02 1.0543143490e-12 3.4820250664e-13 7.0611184241e-13
3.6389160156e+02 1.0523456054e-12 3.4768784227e-13 7.0465776308e-13
3.6395263672e+02 1.0504699787e-12 3.4712645930e-13 7.0334351942e-13
3.6401367188e+02 1.0490500321e-12 3.4665109685e-13 7.0239893521e-13
3.6407470703e+02 1.0485538229e-12 3.4633370960e-13 7.0222011328e-13
3.6413574219e+02 1.0486723751e-12 3.4597622394e-13 7.0269615116e-13
3.6419677734e+02 1.0484199820e-12 3.4530148902e-13 7.0311849297e-13
3.6425781250e+02 1.0471096611e-12 3.4428380985e-13 7.0282585129e-13
3.6431884766e+02 1.0449710491e-12 3.4323119736e-13 7.0173985174e-13
3.6437988281e+02 1.0428536921e-12 3.4254535361e-13 7.0030833849e-13
3.6444091797e+02 1.0415657841e-12 3.4243831101e-13 6.9912747308e-13
3.6450195312e+02 1.0415463842e-12 3.4286740286e-13 6.9867898133e-13
3.6456298828e+02 1.0428758550e-12 3.4364608310e-13 6.9922977191e-13
3.6462402344e+02 1.0451650610e-12 3.4455783429e-13 7.0060722674e-13
3.6468505859e+02 1.0473615240e-12 3.4534533038e-13 7.0201619365e-13
3.6474609375e+02 1.0482135535e-12 3.4570050268e-13 7.0251305079e-13
3.6480712891e+02 1.0472933943e-12 3.4546506875e-13 7.0182832555e-13
3.6486816406e+02 1.0452643987e-12 3.4479564407e-13 7.0046875460e-13
3.6492919922e+02 1.0431232086e-12 3.4400090232e-13 6.9912230624e-13
3.6499023438e+02 1.0415430232e-12 3.4331815018e-13 6.9822487303e-13
3.6505126953e+02 1.0407779129e-12 3.4291478724e-13 6.9786312567e-13
3.6511230469e+02 1.0407962355e-12 3.4294316395e-13 6.9785307159e-13
3.6517333984e+02 1.0414584019e-12 3.4342994300e-13 6.9802845888e-13
3.6523437500e+02 1.0425753783e-12 3.4415929748e-13 6.9841608081e-13
3.6529541016e+02 1.0438598615e-12 3.4480300807e-13 6.9905685339e-13
3.6535644531e+02 1.0450462805e-12 3.4515491589e-13 6.9989136456e-13
3.6541748047e+02 1.0459750472e-12 3.4518131795e-13 7.0079372921e-13
3.6547851562e+02 1.0463585544e-12 3.4493525587e-13 7.0142329854e-13
3.6553955078e+02 1.0458142896e-12 3.4452339054e-13 7.0129089911e-13
3.6560058594e+02 1.0444497548e-12 3.4410207990e-13 7.0034767493e-13
3.6566162109e+02 1.0430407339e-12 3.4380252128e-13 6.9923821261e-13
3.6572265625e+02 1.0422727337e-12 3.4362929821e-13 6.9864343545e-13
3.6578369141e+02 1.0420152727e-12 3.4345509867e-13 6.9856017402e-13
3.6584472656e+02 1.0416849588e-12 3.4313274958e-13 6.9855220920e-13
3.6590576172e+02 1.0411013671e-12 3.4260925911e-13 6.9849210797e-13
3.6596679688e+02 1.0404606440e-12 3.4197085488e-13 6.9848978911e-13
3.6602783203e+02 1.0397032832e-12 3.4141407670e-13 6.9828920645e-13
3.6608886719e+02 1.0384711510e-12 3.4108160656e-13 6.9738954448e-13
3.6614990234e+02 1.0366684893e-12 3.4090686706e-13 6.9576162227e-13
3.6621093750e+02 1.0347909105e-12 3.4072582689e-13 6.9406508364e-13
3.6627197266e+02 1.0334441144e-12 3.4047397888e-13 6.9297013548e-13
3.6633300781e+02 1.0326670267e-12 3.4020300261e-13 6.9246402410e-13
3.6639404297e+02 1.0320592235e-12 3.3998527998e-13 6.9207394356e-13
3.6645507812e+02 1.0313111563e-12 3.3982448235e-13 6.9148667400e-13
3.6651611328e+02 1.0303851199e-12 3.3967186511e-13 6.9071325477e-13
3.6657714844e+02 1.0294672025e-12 3.3951606111e-13 6.8995114138e-13
3.6663818359e+02 1.0287944723e-12 3.3938072824e-13 6.8941374411e-13
3.6669921875e+02 1.0283674745e-12 3.3925908226e-13 6.8910839221e-13
3.6676025391e+02 1.0279378828e-12 3.3913150310e-13 6.8880637970e-13
3.6682128906e+02 1.0272804879e-12 3.3902777631e-13 6.8825271164e-13
3.6688232422e+02 1.0263293868e-12 3.3899801677e-13 6.8733137005e-13
3.6694335938e+02 1.0251876401e-12 3.3903328354e-13 6.8615435655e-13
3.6700439453e+02 1.0241213665e-12 3.3906468120e-13 6.8505668534e-13
3.6706542969e+02 1.0234540154e-12 3.3902065339e-13 6.8443336201e-13
3.6712646484e+02 1.0232987040e-12 3.3885212052e-13 6.8444658351e-13
3.6718750000e+02 1.0232906192e-12 3.3853019579e-13 6.8476042340e-13
3.6724853516e+02 1.0229337944e-12 3.3809965742e-13 6.8483413695e-13
3.6730957031e+02 1.0223509532e-12 3.3775379539e-13 6.8459715785e-13
3.6737060547e+02 1.0220417113e-12 3.3768592735e-13 6.8435578392e-13
3.6743164062e+02 1.0218591442e-12 3.3776137255e-13 6.8409777167e-13
3.6749267578e+02 1.0210948604e-12 3.3755748859e-13 6.8353737184e-13
3.6755371094e+02 1.0196193524e-12 3.3687678361e-13 6.8274256880e-13
3.6761474609e+02 1.0181895848e-12 3.3602007893e-13 6.8216950584e-13
3.6767578125e+02 1.0175654262e-12 3.3545661434e-13 6.8210881190e-13
3.6773681641e+02 1.0177913104e-12 3.3541950451e-13 6.8237180584e-13
3.6779785156e+02 1.0182866085e-12 3.3581722097e-13 6.8246938756e-13
3.6785888672e+02 1.0183025838e-12 3.3631446872e-13 6.8198811507e-13
3.6791992188e+02 1.0175461952e-12 3.3655634181e-13 6.8098985335e-13
3.6798095703e+02 1.0166003251e-12 3.3647241570e-13 6.8012790939e-13
3.6804199219e+02 1.0163580223e-12 3.3626581355e-13 6.8009220879e-13
3.6810302734e+02 1.0170026334e-12 3.3607672756e-13 6.8092590579e-13
3.6816406250e+02 1.0179041161e-12 3.3584597125e-13 6.8205814488e-13
3.6822509766e+02 1.0183958196e-12 3.3554623148e-13 6.8284958814e-13
3.6828613281e+02 1.0182809845e-12 3.3531771576e-13 6.8296326874e-13
3.6834716797e+02 1.0176488845e-12 3.3525060407e-13 6.8239828046e-13
3.6840820312e+02 1.0166281192e-12 3.3521971174e-13 6.8140840748e-13
3.6846923828e+02 1.0153810776e-12 3.3506862979e-13 6.8031244783e-13
3.6853027344e+02 1.0140780273e-12 3.3484364054e-13 6.7923438679e-13
3.6859130859e+02 1.0128876965e-12 3.3470664345e-13 6.7818105306e-13
3.6865234375e+02 1.0120608600e-12 3.3465844477e-13 6.7740241525e-13
3.6871337891e+02 1.0118685079e-12 3.3456007269e-13 6.7730843517e-13
3.6877441406e+02 1.0123734016e-12 3.3443383549e-13 6.7793956611e-13
3.6883544922e+02 1.0134116306e-12 3.3451116501e-13 6.7890046563e-13
3.6889648438e+02 1.0147243847e-12 3.3492360737e-13 6.7980077730e-13
3.6895751953e+02 1.0158150234e-12 3.3545449141e-13 6.8036053199e-13
3.6901855469e+02 1.0159967311e-12 3.3573409623e-13 6.8026263487e-13
3.6907958984e+02 1.0150953103e-12 3.3568438247e-13 6.7941092780e-13
3.6914062500e+02 1.0137779840e-12 3.3553372758e-13 6.7824425640e-13
3.6920166016e+02 1.0128417983e-12 3.3538808733e-13 6.7745371092e-13
3.6926269531e+02 1.0124972441e-12 3.3509789070e-13 6.7739935336e-13
3.6932373047e+02 1.0123692176e-12 3.3455167730e-13 6.7781754030e-13
3.6938476562e+02 1.0118304823e-12 3.3385438838e-13 6.7797609387e-13
3.6944580078e+02 1.0103627589e-12 3.3320564031e-13 6.7715711862e-13
3.6950683594e+02 1.0078727039e-12 3.3271463733e-13 6.7515806660e-13
3.6956787109e+02 1.0048299244e-12 3.3235945696e-13 6.7247046747e-13
3.6962890625e+02 1.0021207720e-12 3.3208584916e-13 6.7003492282e-13
3.6968994141e+02 1.0005170545e-12 3.3184705534e-13 6.6866999912e-13
3.6975097656e+02 1.0000497910e-12 3.3157104194e-13 6.6847874909e-13
3.6981201172e+02 1.0001006141e-12 3.3124027503e-13 6.6886033904e-13
3.6987304688e+02 1.0001847685e-12 3.3096275059e-13 6.6922201789e-13
3.6993408203e+02 1.0001880959e-12 3.3082442261e-13 6.6936367325e-13
3.6999511719e+02 9.9988103466e-13 3.3073298913e-13 6.6914804553e-13
3.7005615234e+02 9.9890750750e-13 3.3048411705e-13 6.6842339045e-13
3.7011718750e+02 9.9728036066e-13 3.2992178113e-13 6.6735857953e-13
3.7017822266e+02 9.9543447157e-13 3.2908365789e-13 6.6635081368e-13
3.7023925781e+02 9.9391046924e-13 3.2827410861e-13 6.6563636064e-13
3.7030029297e+02 9.9314173234e-13 3.2789697337e-13 6.6524475897e-13
3.7036132812e+02 9.9327655413e-13 3.2814091690e-13 6.6513563723e-13
3.7042236328e+02 9.9407116216e-13 3.2882248667e-13 6.6524867549e-13
3.7048339844e+02 9.9500100433e-13 3.2951148475e-13 6.6548951958e-13
3.7054443359e+02 9.9556404050e-13 3.2987942692e-13 6.6568461358e-13
3.7060546875e+02 9.9553553178e-13 3.2992251344e-13 6.6561301834e-13
3.7066650391e+02 9.9480995946e-13 3.2975284007e-13 6.6505711939e-13
3.7072753906e+02 9.9324227784e-13 3.2935267271e-13 6.6388960513e-13
3.7078857422e+02 9.9114354786e-13 3.2872472486e-13 6.6241882300e-13
3.7084960938e+02 9.8956904074e-13 3.2810663808e-13 6.6146240266e-13
3.7091064453e+02 9.8936867265e-13 3.2780476788e-13 6.6156390477e-13
3.7097167969e+02 9.9021721033e-13 3.2785424662e-13 6.6236296372e-13
3.7103271484e+02 9.9112555429e-13 3.2799365739e-13 6.6313189690e-13
3.7109375000e+02 9.9146958473e-13 3.2793219357e-13 6.6353739116e-13
3.7115478516e+02 9.9120400170e-13 3.2756498851e-13 6.6363901320e-13
3.7121582031e+02 9.9064696389e-13 3.2704246543e-13 6.6360449846e-13
3.7127685547e+02 9.9022027191e-13 3.2667507075e-13 6.6354520117e-13
3.7133789062e+02 9.9009625184e-13 3.2668346878e-13 6.6341278307e-13
3.7139892578e+02 9.9015142174e-13 3.2701234233e-13 6.6313907941e-13
3.7145996094e+02 9.9019426200e-13 3.2737376734e-13 6.6282049466e-13
3.7152099609e+02 9.9008731370e-13 3.2747757059e-13 6.6260974312e-13
3.7158203125e+02 9.8987464776e-13 3.2727173311e-13 6.6260291464e-13
3.7164306641e+02 9.8980382508e-13 3.2696639840e-13 6.6283742668e-13
3.7170410156e+02 9.9004332654e-13 3.2682595216e-13 6.6321737438e-13
3.7176513672e+02 9.9052134213e-13 3.2697838306e-13 6.6354295907e-13
3.7182617188e+02 9.9106269806e-13 3.2735309569e-13 6.6370960238e-13
3.7188720703e+02 9.9144668339e-13 3.2770790072e-13 6.6373878267e-13
3.7194824219e+02 9.9136988569e-13 3.2780693114e-13 6.6356295455e-13
3.7200927734e+02 9.9065634165e-13 3.2763060030e-13 6.6302574135e-13
3.7207031250e+02 9.8956619197e-13 3.2735774886e-13 6.6220844311e-13
3.7213134766e+02 9.8859510813e-13 3.2713971947e-13 6.6145538867e-13
3.7219238281e+02 9.8783602429e-13 3.2692007825e-13 6.6091594604e-13
3.7225341797e+02 9.8690398904e-13 3.2655307421e-13 6.6035091483e-13
3.7231445312e+02 9.8566878394e-13 3.2608826095e-13 6.5958052299e-13
3.7237548828e+02 9.8456225835e-13 3.2573637997e-13 6.5882587838e-13
3.7243652344e+02 9.8394552315e-13 3.2556592220e-13 6.5837960094e-13
3.7249755859e+02 9.8371691191e-13 3.2543939956e-13 6.5827751234e-13
3.7255859375e+02 9.8367843818e-13 3.2521235577e-13 6.5846608241e-13
3.7261962891e+02 9.8384203257e-13 3.2492780077e-13 6.5891423179e-13
3.7268066406e+02 9.8437506693e-13 3.2485187847e-13 6.5952318846e-13
3.7274169922e+02 9.8545400307e-13 3.2522264402e-13 6.6023135905e-13
3.7280273438e+02 9.8697097039e-13 3.2591398132e-13 6.6105698907e-13
3.7286376953e+02 9.8824740105e-13 3.2646551569e-13 6.6178188536e-13
3.7292480469e+02 9.8833853573e-13 3.2648723711e-13 6.6185129862e-13
3.7298583984e+02 9.8691209998e-13 3.2596039339e-13 6.6095170659e-13
3.7304687500e+02 9.8472920029e-13 3.2518566166e-13 6.5954353863e-13
3.7310791016e+02 9.8293640975e-13 3.2456582669e-13 6.5837058306e-13
3.7316894531e+02 9.8183725091e-13 3.2434239865e-13 6.5749485227e-13
3.7322998047e+02 9.8076674242e-13 3.2439246319e-13 6.5637427923e-13
3.7329101562e+02 9.7921252404e-13 3.2435210168e-13 6.5486042236e-13
3.7335205078e+02 9.7737672196e-13 3.2396613444e-13 6.5341058752e-13
3.7341308594e+02 9.7559584989e-13 3.2327125434e-13 6.5232459554e-13
3.7347412109e+02 9.7404283466e-13 3.2251932944e-13 6.5152350522e-13
3.7353515625e+02 9.7300948104e-13 3.2195213598e-13 6.5105734507e-13
3.7359619141e+02 9.7276985729e-13 3.2160428428e-13 6.5116557301e-13
3.7365722656e+02 9.7322758027e-13 3.2138113000e-13 6.5184645027e-13
3.7371826172e+02 9.7401752514e-13 3.2129389918e-13 6.5272362596e-13
3.7377929688e+02 9.7467322470e-13 3.2143006015e-13 6.5324316455e-13
3.7384033203e+02 9.7469546661e-13 3.2171234116e-13 6.5298312545e-13
3.7390136719e+02 9.7383824026e-13 3.2188763901e-13 6.5195060125e-13
3.7396240234e+02 9.7226522292e-13 3.2176302420e-13 6.5050219873e-13
3.7402343750e+02 9.7033044052e-13 3.2136196847e-13 6.4896847205e-13
3.7408447266e+02 9.6838053425e-13 3.2085835881e-13 6.4752217544e-13
3.7414550781e+02 9.6670955795e-13 3.2034823317e-13 6.4636132478e-13
3.7420654297e+02 9.6549461008e-13 3.1974856626e-13 6.4574604382e-13
3.7426757812e+02 9.6477320589e-13 3.1906941118e-13 6.4570379471e-13
3.7432861328e+02 9.6460481544e-13 3.1866471869e-13 6.4594009675e-13
3.7438964844e+02 9.6518181883e-13 3.1893554620e-13 6.4624627263e-13
3.7445068359e+02 9.6658521347e-13 3.1983278521e-13 6.4675242826e-13
3.7451171875e+02 9.6848450684e-13 3.2087537303e-13 6.4760913381e-13
3.7457275391e+02 9.7022218604e-13 3.2160152484e-13 6.4862066120e-13
3.7463378906e+02 9.7116802705e-13 3.2181853586e-13 6.4934949119e-13
3.7469482422e+02 9.7098978789e-13 3.2151065528e-13 6.4947913261e-13
3.7475585938e+02 9.6984463797e-13 3.2080076609e-13 6.4904387188e-13
3.7481689453e+02 9.6841912094e-13 3.2000944572e-13 6.4840967522e-13
3.7487792969e+02 9.6745613835e-13 3.1948870682e-13 6.4796743153e-13
3.7493896484e+02 9.6719559196e-13 3.1935241729e-13 6.4784317467e-13
3.7500000000e+02 9.6738699537e-13 3.1944493701e-13 6.4794205837e-13
3.7506103516e+02 9.6760918978e-13 3.1953206614e-13 6.4807712365e-13
3.7512207031e+02 9.6757400694e-13 3.1951056210e-13 6.4806344484e-13
3.7518310547e+02 9.6733896159e-13 3.1944329707e-13 6.4789566453e-13
3.7524414062e+02 9.6715195115e-13 3.1939923726e-13 6.4775271388e-13
3.7530517578e+02 9.6712085577e-13 3.1935300386e-13 6.4776785191e-13
3.7536621094e+02 9.6726879860e-13 3.1930530783e-13 6.4796349077e-13
3.7542724609e+02 9.6766109190e-13 3.1936992250e-13 6.4829116940e-13
3.7548828125e+02 9.6813690177e-13 3.1958526250e-13 6.4855163927e-13
3.7554931641e+02 9.6839613994e-13 3.1977967009e-13 6.4861646985e-13
3.7561035156e+02 9.6862011210e-13 3.1981601821e-13 6.4880409389e-13
3.7567138672e+02 9.6924932340e-13 3.1976501339e-13 6.4948431001e-13
3.7573242188e+02 9.7006707843e-13 3.1965424519e-13 6.5041283323e-13
3.7579345703e+02 9.7037244899e-13 3.1932992665e-13 6.5104252234e-13
3.7585449219e+02 9.6992687866e-13 3.1875417273e-13 6.5117270594e-13
3.7591552734e+02 9.6900568479e-13 3.1818451977e-13 6.5082116502e-13
3.7597656250e+02 9.6784319826e-13 3.1788720430e-13 6.4995599396e-13
3.7603759766e+02 9.6657020130e-13 3.1781741851e-13 6.4875278280e-13
3.7609863281e+02 9.6535696004e-13 3.1769002118e-13 6.4766693886e-13
3.7615966797e+02 9.6425455509e-13 3.1731927816e-13 6.4693527693e-13
3.7622070312e+02 9.6320896185e-13 3.1685034324e-13 6.4635861861e-13
3.7628173828e+02 9.6233364460e-13 3.1660947214e-13 6.4572417246e-13
3.7634277344e+02 9.6167535840e-13 3.1668676464e-13 6.4498859376e-13
3.7640380859e+02 9.6078706140e-13 3.1678995835e-13 6.4399710305e-13
3.7646484375e+02 9.5915226842e-13 3.1659498986e-13 6.4255727856e-13
3.7652587891e+02 9.5695287549e-13 3.1609112734e-13 6.4086174815e-13
3.7658691406e+02 9.5487523068e-13 3.1551098577e-13 6.3936424491e-13
3.7664794922e+02 9.5320532376e-13 3.1502221538e-13 6.3818310838e-13
3.7670898438e+02 9.5167109685e-13 3.1458250040e-13 6.3708859646e-13
3.7677001953e+02 9.5010792932e-13 3.1412436381e-13 6.3598356551e-13
3.7683105469e+02 9.4860007795e-13 3.1374067813e-13 6.3485939982e-13
3.7689208984e+02 9.4714939621e-13 3.1360868450e-13 6.3354071170e-13
3.7695312500e+02 9.4584414395e-13 3.1385070676e-13 6.3199343720e-13
3.7701416016e+02 9.4502059705e-13 3.1442520499e-13 6.3059539205e-13
3.7707519531e+02 9.4481668367e-13 3.1503510676e-13 6.2978157690e-13
3.7713623047e+02 9.4485197730e-13 3.1524919994e-13 6.2960277737e-13
3.7719726562e+02 9.4450034589e-13 3.1482612408e-13 6.2967422182e-13
3.7725830078e+02 9.4331721727e-13 3.1388030424e-13 6.2943691302e-13
3.7731933594e+02 9.4131040311e-13 3.1277166278e-13 6.2853874033e-13
3.7738037109e+02 9.3898817246e-13 3.1191749763e-13 6.2707067483e-13
3.7744140625e+02 9.3709609476e-13 3.1159053140e-13 6.2550556336e-13
3.7750244141e+02 9.3620385354e-13 3.1176383945e-13 6.2444001409e-13
3.7756347656e+02 9.3636913307e-13 3.1215013386e-13 6.2421899921e-13
3.7762451172e+02 9.3701451829e-13 3.1237063969e-13 6.2464387860e-13
3.7768554688e+02 9.3727726981e-13 3.1213848712e-13 6.2513878269e-13
3.7774658203e+02 9.3678519371e-13 3.1146071136e-13 6.2532448235e-13
3.7780761719e+02 9.3609854700e-13 3.1068126797e-13 6.2541727903e-13
3.7786865234e+02 9.3613554953e-13 3.1016456118e-13 6.2597098835e-13
3.7792968750e+02 9.3714556132e-13 3.0994939793e-13 6.2719616340e-13
3.7799072266e+02 9.3849340979e-13 3.0985093238e-13 6.2864247741e-13
3.7805175781e+02 9.3937656474e-13 3.0978588382e-13 6.2959068092e-13
3.7811279297e+02 9.3949396942e-13 3.0979215772e-13 6.2970181170e-13
3.7817382812e+02 9.3905946679e-13 3.0980822046e-13 6.2925124633e-13
3.7823486328e+02 9.3835571168e-13 3.0964933264e-13 6.2870637905e-13
3.7829589844e+02 9.3742885581e-13 3.0924842440e-13 6.2818043141e-13
3.7835693359e+02 9.3624414610e-13 3.0879888713e-13 6.2744525897e-13
3.7841796875e+02 9.3490165849e-13 3.0853681731e-13 6.2636484118e-13
3.7847900391e+02 9.3349974065e-13 3.0843180139e-13 6.2506793926e-13
3.7854003906e+02 9.3199013350e-13 3.0829070141e-13 6.2369943209e-13
3.7860107422e+02 9.3037030673e-13 3.0811874550e-13 6.2225156123e-13
3.7866210938e+02 9.2885610000e-13 3.0810153187e-13 6.2075456813e-13
3.7872314453e+02 9.2769563882e-13 3.0824855630e-13 6.1944708252e-13
3.7878417969e+02 9.2689290495e-13 3.0831451292e-13 6.1857839203e-13
3.7884521484e+02 9.2629660297e-13 3.0813617925e-13 6.1816042372e-13
3.7890625000e+02 9.2596870546e-13 3.0789971770e-13 6.1806898776e-13
3.7896728516e+02 9.2621563596e-13 3.0797225954e-13 6.1824337642e-13
3.7902832031e+02 9.2710521666e-13 3.0849070355e-13 6.1861451311e-13
3.7908935547e+02 9.2810228444e-13 3.0915706412e-13 6.1894522032e-13
3.7915039062e+02 9.2840113206e-13 3.0945536264e-13 6.1894576942e-13
3.7921142578e+02 9.2760519344e-13 3.0904791470e-13 6.1855727874e-13
3.7927246094e+02 9.2595258529e-13 3.0798654761e-13 6.1796603768e-13
3.7933349609e+02 9.2398771981e-13 3.0666614381e-13 6.1732157600e-13
3.7939453125e+02 9.2208696985e-13 3.0554676638e-13 6.1654020347e-13
3.7945556641e+02 9.2020642108e-13 3.0479518805e-13 6.1541123302e-13
3.7951660156e+02 9.1815450180e-13 3.0425531919e-13 6.1389918261e-13
3.7957763672e+02 9.1608745273e-13 3.0378854064e-13 6.1229891208e-13
3.7963867188e+02 9.1457153687e-13 3.0348961515e-13 6.1108192172e-13
3.7969970703e+02 9.1419713277e-13 3.0355150315e-13 6.1064562962e-13
3.7976074219e+02 9.1505634688e-13 3.0401507602e-13 6.1104127085e-13
3.7982177734e+02 9.1639070908e-13 3.0463481726e-13 6.1175589182e-13
3.7988281250e+02 9.1699089204e-13 3.0499796398e-13 6.1199292806e-13
3.7994384766e+02 9.1626957470e-13 3.0487135661e-13 6.1139821809e-13
3.8000488281e+02 9.1475080338e-13 3.0441200391e-13 6.1033879947e-13
3.8006591797e+02 9.1334861232e-13 3.0396328908e-13 6.0938532324e-13
3.8012695312e+02 9.1247035021e-13 3.0370496739e-13 6.0876538282e-13
3.8018798828e+02 9.1194125382e-13 3.0355233141e-13 6.0838892241e-13
3.8024902344e+02 9.1150014417e-13 3.0330554812e-13 6.0819459604e-13
3.8031005859e+02 9.1124535220e-13 3.0289738837e-13 6.0834796383e-13
3.8037109375e+02 9.1166760671e-13 3.0257683997e-13 6.0909076675e-13
3.8043212891e+02 9.1318674842e-13 3.0272683934e-13 6.1045990907e-13
3.8049316406e+02 9.1565754726e-13 3.0342535511e-13 6.1223219215e-13
3.8055419922e+02 9.1840699340e-13 3.0434795267e-13 6.1405904074e-13
3.8061523438e+02 9.2071103855e-13 3.0510507790e-13 6.1560596065e-13
3.8067626953e+02 9.2227305052e-13 3.0556849564e-13 6.1670455488e-13
3.8073730469e+02 9.2329254648e-13 3.0589157921e-13 6.1740096728e-13
3.8079833984e+02 9.2400702873e-13 3.0621027018e-13 6.1779675855e-13
3.8085937500e+02 9.2434665375e-13 3.0642024570e-13 6.1792640805e-13
3.8092041016e+02 9.2419496322e-13 3.0638572961e-13 6.1780923361e-13
3.8098144531e+02 9.2369017159e-13 3.0621425498e-13 6.1747591661e-13
3.8104248047e+02 9.2298883176e-13 3.0610547730e-13 6.1688335446e-13
3.8110351562e+02 9.2201735723e-13 3.0604904539e-13 6.1596831184e-13
3.8116455078e+02 9.2086955411e-13 3.0594186115e-13 6.1492769296e-13
3.8122558594e+02 9.2010778616e-13 3.0586460241e-13 6.1424318375e-13
3.8128662109e+02 9.2015229671e-13 3.0593784484e-13 6.1421445187e-13
3.8134765625e+02 9.2073315041e-13 3.0606008477e-13 6.1467306565e-13
3.8140869141e+02 9.2138138092e-13 3.0603634265e-13 6.1534503828e-13
3.8146972656e+02 9.2205751534e-13 3.0585698377e-13 6.1620053157e-13
3.8153076172e+02 9.2295190553e-13 3.0567782150e-13 6.1727408404e-13
3.8159179688e+02 9.2395511515e-13 3.0553874693e-13 6.1841636822e-13
3.8165283203e+02 9.2446558427e-13 3.0525533226e-13 6.1921025201e-13
3.8171386719e+02 9.2371383308e-13 3.0469066178e-13 6.1902317130e-13
3.8177490234e+02 9.2151418783e-13 3.0400755007e-13 6.1750663775e-13
3.8183593750e+02 9.1863233498e-13 3.0352169093e-13 6.1511064405e-13
3.8189697266e+02 9.1610741193e-13 3.0339953638e-13 6.1270787555e-13
3.8195800781e+02 9.1430281601e-13 3.0350759019e-13 6.1079522582e-13
3.8201904297e+02 9.1284997244e-13 3.0347761625e-13 6.0937235619e-13
3.8208007812e+02 9.1146138891e-13 3.0305323293e-13 6.0840815597e-13
3.8214111328e+02 9.1051612895e-13 3.0240601620e-13 6.0811011274e-13
3.8220214844e+02 9.1058387876e-13 3.0192514740e-13 6.0865873136e-13
3.8226318359e+02 9.1145977810e-13 3.0171384942e-13 6.0974592868e-13
3.8232421875e+02 9.1214779799e-13 3.0151207155e-13 6.1063572644e-13
3.8238525391e+02 9.1191302272e-13 3.0113523603e-13 6.1077778670e-13
3.8244628906e+02 9.1082952656e-13 3.0073704265e-13 6.1009248391e-13
3.8250732422e+02 9.0937189575e-13 3.0057035659e-13 6.0880153916e-13
3.8256835938e+02 9.0815443843e-13 3.0071952556e-13 6.0743491287e-13
3.8262939453e+02 9.0783009191e-13 3.0109474363e-13 6.0673534828e-13
3.8269042969e+02 9.0859601106e-13 3.0151684274e-13 6.0707916832e-13
3.8275146484e+02 9.0994096534e-13 3.0181930230e-13 6.0812166304e-13
3.8281250000e+02 9.1105434777e-13 3.0192686100e-13 6.0912748677e-13
3.8287353516e+02 9.1130887698e-13 3.0181599909e-13 6.0949287789e-13
3.8293457031e+02 9.1045973165e-13 3.0148699811e-13 6.0897273353e-13
3.8299560547e+02 9.0868367767e-13 3.0103394159e-13 6.0764973608e-13
3.8305664062e+02 9.0661741205e-13 3.0066396531e-13 6.0595344674e-13
3.8311767578e+02 9.0521729374e-13 3.0058321677e-13 6.0463407696e-13
3.8317871094e+02 9.0511852487e-13 3.0080429682e-13 6.0431422804e-13
3.8323974609e+02 9.0610339130e-13 3.0109935228e-13 6.0500403902e-13
3.8330078125e+02 9.0750335491e-13 3.0124157630e-13 6.0626177861e-13
3.8336181641e+02 9.0893621410e-13 3.0125706212e-13 6.0767915197e-13
3.8342285156e+02 9.1034974048e-13 3.0133958122e-13 6.0901015926e-13
3.8348388672e+02 9.1152149618e-13 3.0152563935e-13 6.0999585684e-13
3.8354492188e+02 9.1198608561e-13 3.0161174016e-13 6.1037434545e-13
3.8360595703e+02 9.1162724464e-13 3.0143873655e-13 6.1018850810e-13
3.8366699219e+02 9.1090982725e-13 3.0109698335e-13 6.0981284389e-13
3.8372802734e+02 9.1030093360e-13 3.0083115560e-13 6.0946977800e-13
3.8378906250e+02 9.0990738210e-13 3.0085821393e-13 6.0904916817e-13
3.8385009766e+02 9.0985613015e-13 3.0125101454e-13 6.0860511561e-13
3.8391113281e+02 9.1049895689e-13 3.0186563422e-13 6.0863332267e-13
3.8397216797e+02 9.1195546221e-13 3.0237542001e-13 6.0958004220e-13
3.8403320312e+02 9.1377918436e-13 3.0250483945e-13 6.1127434491e-13
3.8409423828e+02 9.1517480520e-13 3.0222180645e-13 6.1295299875e-13
3.8415527344e+02 9.1544597874e-13 3.0165468820e-13 6.1379129054e-13
3.8421630859e+02 9.1446171304e-13 3.0095415195e-13 6.1350756108e-13
3.8427734375e+02 9.1278415880e-13 3.0028074904e-13 6.1250340976e-13
3.8433837891e+02 9.1116872139e-13 2.9977102232e-13 6.1139769907e-13
3.8439941406e+02 9.1001721087e-13 2.9947119372e-13 6.1054601715e-13
3.8446044922e+02 9.0946792698e-13 2.9942459586e-13 6.1004333112e-13
3.8452148438e+02 9.0970089968e-13 2.9976906227e-13 6.0993183741e-13
3.8458251953e+02 9.1069844951e-13 3.0054643529e-13 6.1015201422e-13
3.8464355469e+02 9.1188349528e-13 3.0147202240e-13 6.1041147288e-13
3.8470458984e+02 9.1246865166e-13 3.0211005397e-13 6.1035859769e-13
3.8476562500e+02 9.1206377968e-13 3.0225035710e-13 6.0981342258e-13
3.8482666016e+02 9.1067909870e-13 3.0195590040e-13 6.0872319830e-13
3.8488769531e+02 9.0852807293e-13 3.0136829658e-13 6.0715977635e-13
3.8494873047e+02 9.0617869982e-13 3.0068633718e-13 6.0549236264e-13
3.8500976562e+02 9.0444111988e-13 3.0018179353e-13 6.0425932635e-13
3.8507080078e+02 9.0370165902e-13 2.9998600955e-13 6.0371564946e-13
3.8513183594e+02 9.0354335583e-13 2.9994237177e-13 6.0360098406e-13
3.8519287109e+02 9.0321062449e-13 2.9982060894e-13 6.0339001555e-13
3.8525390625e+02 9.0233244193e-13 2.9956247387e-13 6.0276996806e-13
3.8531494141e+02 9.0105853371e-13 2.9921683653e-13 6.0184169718e-13
3.8537597656e+02 8.9965400901e-13 2.9879027264e-13 6.0086373637e-13
3.8543701172e+02 8.9822360322e-13 2.9825393689e-13 5.9996966633e-13
3.8549804688e+02 8.9688527236e-13 2.9762173067e-13 5.9926354169e-13
3.8555908203e+02 8.9596870172e-13 2.9698850130e-13 5.9898020042e-13
3.8562011719e+02 8.9572125207e-13 2.9647724803e-13 5.9924400404e-13
3.8568115234e+02 8.9588428645e-13 2.9611363297e-13 5.9977065348e-13
3.8574218750e+02 8.9587367944e-13 2.9579363173e-13 6.0008004771e-13
3.8580322266e+02 8.9541155938e-13 2.9546488160e-13 5.9994667778e-13
3.8586425781e+02 8.9474018581e-13 2.9525438021e-13 5.9948580560e-13
3.8592529297e+02 8.9416184803e-13 2.9526622576e-13 5.9889562227e-13
3.8598632812e+02 8.9367307821e-13 2.9538798439e-13 5.9828509382e-13
3.8604736328e+02 8.9311239063e-13 2.9542521117e-13 5.9768717945e-13
3.8610839844e+02 8.9237899847e-13 2.9529901364e-13 5.9707998483e-13
3.8616943359e+02 8.9150208568e-13 2.9507879333e-13 5.9642329235e-13
3.8623046875e+02 8.9063433746e-13 2.9489476308e-13 5.9573957438e-13
3.8629150391e+02 8.8996303129e-13 2.9480598818e-13 5.9515704311e-13
3.8635253906e+02 8.8955647934e-13 2.9472019055e-13 5.9483628879e-13
3.8641357422e+02 8.8924392850e-13 2.9448371782e-13 5.9476021068e-13
3.8647460938e+02 8.8877426429e-13 2.9412778914e-13 5.9464647515e-13
3.8653564453e+02 8.8811986262e-13 2.9390787703e-13 5.9421198559e-13
3.8659667969e+02 8.8744296624e-13 2.9396660062e-13 5.9347636562e-13
3.8665771484e+02 8.8692628096e-13 2.9414734877e-13 5.9277893219e-13
3.8671875000e+02 8.8679346357e-13 2.9423756964e-13 5.9255589393e-13
3.8677978516e+02 8.8713954771e-13 2.9417272398e-13 5.9296682373e-13
3.8684082031e+02 8.8762575729e-13 2.9397556360e-13 5.9365019370e-13
3.8690185547e+02 8.8771989994e-13 2.9370852720e-13 5.9401137274e-13
3.8696289062e+02 8.8733327410e-13 2.9348604065e-13 5.9384723345e-13
3.8702392578e+02 8.8691173431e-13 2.9340084742e-13 5.9351088689e-13
3.8708496094e+02 8.8677396219e-13 2.9344369014e-13 5.9333027205e-13
3.8714599609e+02 8.8666488605e-13 2.9350720974e-13 5.9315767631e-13
3.8720703125e+02 8.8616557176e-13 2.9343963510e-13 5.9272593666e-13
3.8726806641e+02 8.8527061731e-13 2.9318243423e-13 5.9208818308e-13
3.8732910156e+02 8.8438326415e-13 2.9289197309e-13 5.9149129106e-13
3.8739013672e+02 8.8394459774e-13 2.9280092986e-13 5.9114366788e-13
3.8745117188e+02 8.8413468466e-13 2.9296379120e-13 5.9117089346e-13
3.8751220703e+02 8.8471909879e-13 2.9322357108e-13 5.9149552770e-13
3.8757324219e+02 8.8513579701e-13 2.9337667916e-13 5.9175911785e-13
3.8763427734e+02 8.8498978732e-13 2.9336442488e-13 5.9162536244e-13
3.8769531250e+02 8.8451236054e-13 2.9332508772e-13 5.9118727282e-13
3.8775634766e+02 8.8427156190e-13 2.9338040341e-13 5.9089115849e-13
3.8781738281e+02 8.8448071251e-13 2.9342562957e-13 5.9105508293e-13
3.8787841797e+02 8.8483039405e-13 2.9325048852e-13 5.9157990553e-13
3.8793945312e+02 8.8485911369e-13 2.9281007028e-13 5.9204904341e-13
3.8800048828e+02 8.8429239220e-13 2.9229739831e-13 5.9199499389e-13
3.8806152344e+02 8.8313503525e-13 2.9194689386e-13 5.9118814140e-13
3.8812255859e+02 8.8159805860e-13 2.9179809519e-13 5.8979996341e-13
3.8818359375e+02 8.7998689122e-13 2.9170906429e-13 5.8827782693e-13
3.8824462891e+02 8.7865446595e-13 2.9158737285e-13 5.8706709310e-13
3.8830566406e+02 8.7799397288e-13 2.9154440048e-13 5.8644957240e-13
3.8836669922e+02 8.7829286495e-13 2.9176845672e-13 5.8652440822e-13
3.8842773438e+02 8.7942683094e-13 2.9225219196e-13 5.8717463898e-13
3.8848876953e+02 8.8079873874e-13 2.9277594981e-13 5.8802278893e-13
3.8854980469e+02 8.8172065408e-13 2.9315887745e-13 5.8856177663e-13
3.8861083984e+02 8.8185496980e-13 2.9335565756e-13 5.8849931225e-13
3.8867187500e+02 8.8131906072e-13 2.9333747431e-13 5.8798158641e-13
3.8873291016e+02 8.8040084273e-13 2.9306955758e-13 5.8733128515e-13
3.8879394531e+02 8.7930363060e-13 2.9264349841e-13 5.8666013219e-13
3.8885498047e+02 8.7832549273e-13 2.9229199652e-13 5.8603349621e-13
3.8891601562e+02 8.7797387900e-13 2.9218792425e-13 5.8578595476e-13
3.8897705078e+02 8.7838161069e-13 2.9228043493e-13 5.8610117576e-13
3.8903808594e+02 8.7883290034e-13 2.9234676176e-13 5.8648613859e-13
3.8909912109e+02 8.7848321068e-13 2.9219496986e-13 5.8628824082e-13
3.8916015625e+02 8.7731868177e-13 2.9180901693e-13 5.8550966483e-13
3.8922119141e+02 8.7594901795e-13 2.9128301270e-13 5.8466600525e-13
3.8928222656e+02 8.7491061116e-13 2.9075063966e-13 5.8415997150e-13
3.8934326172e+02 8.7443839675e-13 2.9043005405e-13 5.8400834270e-13
3.8940429688e+02 8.7438472653e-13 2.9047634044e-13 5.8390838608e-13
3.8946533203e+02 8.7424838348e-13 2.9069628202e-13 5.8355210146e-13
3.8952636719e+02 8.7358792413e-13 2.9063399221e-13 5.8295393193e-13
3.8958740234e+02 8.7245082253e-13 2.9002681477e-13 5.8242400775e-13
3.8964843750e+02 8.7136346693e-13 2.8906863781e-13 5.8229482912e-13
3.8970947266e+02 8.7078248426e-13 2.8816409971e-13 5.8261838454e-13
3.8977050781e+02 8.7050934328e-13 2.8750143922e-13 5.8300790406e-13
3.8983154297e+02 8.6999334980e-13 2.8701224306e-13 5.8298110674e-13
3.8989257812e+02 8.6923273716e-13 2.8672453190e-13 5.8250820526e-13
3.8995361328e+02 8.6881119462e-13 2.8690044905e-13 5.8191074557e-13
3.9001464844e+02 8.6908580697e-13 2.8770168005e-13 5.8138412692e-13
3.9007568359e+02 8.6986134511e-13 2.8886685460e-13 5.8099449051e-13
3.9013671875e+02 8.7059844931e-13 2.8980479855e-13 5.8079365076e-13
3.9019775391e+02 8.7059491104e-13 2.8997232904e-13 5.8062258201e-13
3.9025878906e+02 8.6947343153e-13 2.8927294979e-13 5.8020048174e-13
3.9031982422e+02 8.6773446504e-13 2.8818687631e-13 5.7954758873e-13
3.9038085938e+02 8.6633391019e-13 2.8737476293e-13 5.7895914726e-13
3.9044189453e+02 8.6571880721e-13 2.8711346145e-13 5.7860534576e-13
3.9050292969e+02 8.6570273891e-13 2.8724112800e-13 5.7846161091e-13
3.9056396484e+02 8.6594428531e-13 2.8750941464e-13 5.7843487067e-13
3.9062500000e+02 8.6607959622e-13 2.8774613134e-13 5.7833346488e-13
3.9068603516e+02 8.6574443657e-13 2.8778924513e-13 5.7795519144e-13
3.9074707031e+02 8.6487060222e-13 2.8756184715e-13 5.7730875507e-13
3.9080810547e+02 8.6383781513e-13 2.8724040153e-13 5.7659741361e-13
3.9086914062e+02 8.6312558538e-13 2.8712506455e-13 5.7600052082e-13
3.9093017578e+02 8.6285956168e-13 2.8729152236e-13 5.7556803932e-13
3.9099121094e+02 8.6283681028e-13 2.8752586655e-13 5.7531094373e-13
3.9105224609e+02 8.6284045617e-13 2.8760524263e-13 5.7523521354e-13
3.9111328125e+02 8.6268889043e-13 2.8746738128e-13 5.7522150915e-13
3.9117431641e+02 8.6223913089e-13 2.8711544837e-13 5.7512368251e-13
3.9123535156e+02 8.6159441393e-13 2.8657306999e-13 5.7502134395e-13
3.9129638672e+02 8.6097058002e-13 2.8593971421e-13 5.7503086581e-13
3.9135742188e+02 8.6030989548e-13 2.8535288133e-13 5.7495701415e-13
3.9141845703e+02 8.5950859332e-13 2.8496023206e-13 5.7454836126e-13
3.9147949219e+02 8.5892875123e-13 2.8494073760e-13 5.7398801363e-13
3.9154052734e+02 8.5902680328e-13 2.8533838445e-13 5.7368841883e-13
3.9160156250e+02 8.5949876971e-13 2.8585412696e-13 5.7364464275e-13
3.9166259766e+02 8.5948533030e-13 2.8603054277e-13 5.7345478753e-13
3.9172363281e+02 8.5872814212e-13 2.8572894698e-13 5.7299919514e-13
3.9178466797e+02 8.5787966017e-13 2.8527785244e-13 5.7260180773e-13
3.9184570312e+02 8.5744062722e-13 2.8502873551e-13 5.7241189171e-13
3.9190673828e+02 8.5713576545e-13 2.8495371685e-13 5.7218204860e-13
3.9196777344e+02 8.5670009603e-13 2.8487817797e-13 5.7182191807e-13
3.9202880859e+02 8.5638779947e-13 2.8483864298e-13 5.7154915649e-13
3.9208984375e+02 8.5633242967e-13 2.8494336201e-13 5.7138906765e-13
3.9215087891e+02 8.5625257949e-13 2.8511733633e-13 5.7113524316e-13
3.9221191406e+02 8.5599045001e-13 2.8520487724e-13 5.7078557276e-13
3.9227294922e+02 8.5564640047e-13 2.8515281598e-13 5.7049358449e-13
3.9233398438e+02 8.5514808411e-13 2.8496889710e-13 5.7017918701e-13
3.9239501953e+02 8.5433513651e-13 2.8467787320e-13 5.6965726332e-13
3.9245605469e+02 8.5354485702e-13 2.8443255294e-13 5.6911230408e-13
3.9251708984e+02 8.5342865510e-13 2.8446733564e-13 5.6896131946e-13
3.9257812500e+02 8.5393307430e-13 2.8477903524e-13 5.6915403906e-13
3.9263916016e+02 8.5413938692e-13 2.8503297412e-13 5.6910641280e-13
3.9270019531e+02 8.5341015346e-13 2.8492741224e-13 5.6848274122e-13
3.9276123047e+02 8.5209274981e-13 2.8448933792e-13 5.6760341189e-13
3.9282226562e+02 8.5088476443e-13 2.8394052723e-13 5.6694423720e-13
3.9288330078e+02 8.5002146054e-13 2.8344633898e-13 5.6657512157e-13
3.9294433594e+02 8.4942261453e-13 2.8308989249e-13 5.6633272204e-13
3.9300537109e+02 8.4921824670e-13 2.8294468065e-13 5.6627356605e-13
3.9306640625e+02 8.4950811473e-13 2.8298901969e-13 5.6651909504e-13
3.9312744141e+02 8.4991664768e-13 2.8300525373e-13 5.6691139395e-13
3.9318847656e+02 8.5005904931e-13 2.8276912406e-13 5.6728992525e-13
3.9324951172e+02 8.5014103024e-13 2.8233490337e-13 5.6780612687e-13
3.9331054688e+02 8.5049868252e-13 2.8193128272e-13 5.6856739980e-13
3.9337158203e+02 8.5085275693e-13 2.8160818557e-13 5.6924457136e-13
3.9343261719e+02 8.5054322427e-13 2.8124761147e-13 5.6929561280e-13
3.9349365234e+02 8.4934299162e-13 2.8091772240e-13 5.6842526922e-13
3.9355468750e+02 8.4772720468e-13 2.8092549734e-13 5.6680170734e-13
3.9361572266e+02 8.4643603549e-13 2.8141266233e-13 5.6502337316e-13
3.9367675781e+02 8.4592894365e-13 2.8208000946e-13 5.6384893419e-13
3.9373779297e+02 8.4616857871e-13 2.8245146211e-13 5.6371711660e-13
3.9379882812e+02 8.4681526919e-13 2.8233519305e-13 5.6448007614e-13
3.9385986328e+02 8.4762995667e-13 2.8194559383e-13 5.6568436285e-13
3.9392089844e+02 8.4863415587e-13 2.8166427441e-13 5.6696988146e-13
3.9398193359e+02 8.4978165634e-13 2.8171660121e-13 5.6806505513e-13
3.9404296875e+02 8.5072940173e-13 2.8200710045e-13 5.6872230127e-13
3.9410400391e+02 8.5122370554e-13 2.8225693849e-13 5.6896676705e-13
3.9416503906e+02 8.5136451155e-13 2.8225893636e-13 5.6910557518e-13
3.9422607422e+02 8.5123521521e-13 2.8199204404e-13 5.6924317117e-13
3.9428710938e+02 8.5063776555e-13 2.8158410244e-13 5.6905366311e-13
3.9434814453e+02 8.4937159093e-13 2.8116876344e-13 5.6820282749e-13
3.9440917969e+02 8.4765250925e-13 2.8079164980e-13 5.6686085945e-13
3.9447021484e+02 8.4615554871e-13 2.8052518599e-13 5.6563036272e-13
3.9453125000e+02 8.4548595639e-13 2.8055408889e-13 5.6493186749e-13
3.9459228516e+02 8.4564067441e-13 2.8098506633e-13 5.6465560809e-13
3.9465332031e+02 8.4615652844e-13 2.8165941434e-13 5.6449711411e-13
3.9471435547e+02 8.4667573452e-13 2.8229014052e-13 5.6438559400e-13
3.9477539062e+02 8.4717547586e-13 2.8270269206e-13 5.6447278379e-13
3.9483642578e+02 8.4762690963e-13 2.8281345821e-13 5.6481345142e-13
3.9489746094e+02 8.4769043878e-13 2.8252389953e-13 5.6516653925e-13
3.9495849609e+02 8.4709488130e-13 2.8188794355e-13 5.6520693775e-13
3.9501953125e+02 8.4609049162e-13 2.8124540662e-13 5.6484508500e-13
3.9508056641e+02 8.4507720021e-13 2.8088936286e-13 5.6418783735e-13
3.9514160156e+02 8.4413859590e-13 2.8074140724e-13 5.6339718866e-13
3.9520263672e+02 8.4351362123e-13 2.8065658756e-13 5.6285703368e-13
3.9526367188e+02 8.4401286049e-13 2.8085264096e-13 5.6316021953e-13
3.9532470703e+02 8.4614247474e-13 2.8161858393e-13 5.6452389081e-13
3.9538574219e+02 8.4912629473e-13 2.8270430777e-13 5.6642198696e-13
3.9544677734e+02 8.5147946296e-13 2.8345115033e-13 5.6802831263e-13
3.9550781250e+02 8.5234614073e-13 2.8350292615e-13 5.6884321458e-13
3.9556884766e+02 8.5182696463e-13 2.8303496071e-13 5.6879200392e-13
3.9562988281e+02 8.5043203369e-13 2.8241390718e-13 5.6801812651e-13
3.9569091797e+02 8.4889731898e-13 2.8197139236e-13 5.6692592662e-13
3.9575195312e+02 8.4811571481e-13 2.8195083756e-13 5.6616487726e-13
3.9581298828e+02 8.4842569665e-13 2.8237335112e-13 5.6605234554e-13
3.9587402344e+02 8.4930001297e-13 2.8300842764e-13 5.6629158533e-13
3.9593505859e+02 8.5021243202e-13 2.8357747770e-13 5.6663495432e-13
3.9599609375e+02 8.5117339098e-13 2.8391724396e-13 5.6725614702e-13
3.9605712891e+02 8.5220647044e-13 2.8400111882e-13 5.6820535162e-13
3.9611816406e+02 8.5308382353e-13 2.8395620183e-13 5.6912762170e-13
3.9617919922e+02 8.5360818102e-13 2.8396379759e-13 5.6964438343e-13
3.9624023438e+02 8.5360221654e-13 2.8400158804e-13 5.6960062850e-13
3.9630126953e+02 8.5287337283e-13 2.8384281391e-13 5.6903055892e-13
3.9636230469e+02 8.5163876531e-13 2.8342635596e-13 5.6821240934e-13
3.9642333984e+02 8.5069998859e-13 2.8303111009e-13 5.6766887849e-13
3.9648437500e+02 8.5071479051e-13 2.8294045032e-13 5.6777434018e-13
3.9654541016e+02 8.5136879027e-13 2.8304403846e-13 5.6832475181e-13
3.9660644531e+02 8.5164832507e-13 2.8292562636e-13 5.6872269870e-13
3.9666748047e+02 8.5099405034e-13 2.8238624584e-13 5.6860780450e-13
3.9672851562e+02 8.4999203538e-13 2.8176013767e-13 5.6823189771e-13
3.9678955078e+02 8.4973601504e-13 2.8156094409e-13 5.6817507095e-13
3.9685058594e+02 8.5055389322e-13 2.8188244014e-13 5.6867145307e-13
3.9691162109e+02 8.5172879266e-13 2.8232269080e-13 5.6940610186e-13
3.9697265625e+02 8.5245748818e-13 2.8245499913e-13 5.7000248906e-13
3.9703369141e+02 8.5255566869e-13 2.8220405975e-13 5.7035160894e-13
3.9709472656e+02 8.5223296714e-13 2.8180001418e-13 5.7043295296e-13
3.9715576172e+02 8.5167687484e-13 2.8150955654e-13 5.7016731830e-13
3.9721679688e+02 8.5088897175e-13 2.8141248250e-13 5.6947648926e-13
3.9727783203e+02 8.4976020489e-13 2.8139217886e-13 5.6836802604e-13
3.9733886719e+02 8.4844874232e-13 2.8134983562e-13 5.6709890670e-13
3.9739990234e+02 8.4760756142e-13 2.8141285119e-13 5.6619471023e-13
3.9746093750e+02 8.4775082632e-13 2.8180932463e-13 5.6594150169e-13
3.9752197266e+02 8.4842725308e-13 2.8247305039e-13 5.6595420269e-13
3.9758300781e+02 8.4862563615e-13 2.8294686916e-13 5.6567876699e-13
3.9764404297e+02 8.4796314156e-13 2.8281455545e-13 5.6514858611e-13
3.9770507812e+02 8.4694177371e-13 2.8213193610e-13 5.6480983760e-13
3.9776611328e+02 8.4617970783e-13 2.8135864108e-13 5.6482106674e-13
3.9782714844e+02 8.4592353407e-13 2.8096419537e-13 5.6495933870e-13
3.9788818359e+02 8.4620530004e-13 2.8114843471e-13 5.6505686533e-13
3.9794921875e+02 8.4696091478e-13 2.8177127891e-13 5.6518963587e-13
3.9801025391e+02 8.4789522316e-13 2.8240468342e-13 5.6549053974e-13
3.9807128906e+02 8.4852169683e-13 2.8258181547e-13 5.6593988137e-13
3.9813232422e+02 8.4847317158e-13 2.8215194598e-13 5.6632122559e-13
3.9819335938e+02 8.4776169029e-13 2.8138243947e-13 5.6637925083e-13
3.9825439453e+02 8.4674307732e-13 2.8071021218e-13 5.6603286515e-13
3.9831542969e+02 8.4573399492e-13 2.8041430634e-13 5.6531968858e-13
3.9837646484e+02 8.4476770147e-13 2.8049791489e-13 5.6426978659e-13
3.9843750000e+02 8.4392695981e-13 2.8080313738e-13 5.6312382244e-13
3.9849853516e+02 8.4358896646e-13 2.8115545086e-13 5.6243351560e-13
3.9855957031e+02 8.4401270573e-13 2.8143994724e-13 5.6257275849e-13
3.9862060547e+02 8.4498752922e-13 2.8164299361e-13 5.6334453561e-13
3.9868164062e+02 8.4603703175e-13 2.8179507377e-13 5.6424195798e-13
3.9874267578e+02 8.4668855830e-13 2.8184103533e-13 5.6484752297e-13
3.9880371094e+02 8.4667303429e-13 2.8167843815e-13 5.6499459613e-13
3.9886474609e+02 8.4614671819e-13 2.8133631538e-13 5.6481040281e-13
3.9892578125e+02 8.4545814492e-13 2.8094720460e-13 5.6451094031e-13
3.9898681641e+02 8.4459800966e-13 2.8054161310e-13 5.6405639656e-13
3.9904785156e+02 8.4338708719e-13 2.8008062687e-13 5.6330646032e-13
3.9910888672e+02 8.4225053931e-13 2.7969438256e-13 5.6255615675e-13
3.9916992188e+02 8.4208164800e-13 2.7963264240e-13 5.6244900560e-13
3.9923095703e+02 8.4309095379e-13 2.7991604375e-13 5.6317491004e-13
3.9929199219e+02 8.4440624936e-13 2.8024457630e-13 5.6416167305e-13
3.9935302734e+02 8.4510254646e-13 2.8031590083e-13 5.6478664563e-13
3.9941406250e+02 8.4513295097e-13 2.8009268288e-13 5.6504026809e-13
3.9947509766e+02 8.4501102087e-13 2.7973803737e-13 5.6527298350e-13
3.9953613281e+02 8.4498422359e-13 2.7940955760e-13 5.6557466599e-13
3.9959716797e+02 8.4477649738e-13 2.7916073499e-13 5.6561576239e-13
3.9965820312e+02 8.4402336471e-13 2.7897930921e-13 5.6504405550e-13
3.9971923828e+02 8.4285351051e-13 2.7885324622e-13 5.6400026429e-13
3.9978027344e+02 8.4196932973e-13 2.7881115470e-13 5.6315817503e-13
3.9984130859e+02 8.4210490255e-13 2.7894060370e-13 5.6316429885e-13
3.9990234375e+02 8.4342570512e-13 2.7932148362e-13 5.6410422150e-13
3.9996337891e+02 8.4537811503e-13 2.7988389956e-13 5.6549421547e-13
4.0002441406e+02 8.4711286123e-13 2.8041902843e-13 5.6669383280e-13
4.0008544922e+02 8.4813646906e-13 2.8077296706e-13 5.6736350200e-13
4.0014648438e+02 8.4838510004e-13 2.8087970458e-13 5.6750539546e-13
4.0020751953e+02 8.4777879877e-13 2.8062982042e-13 5.6714897835e-13
4.0026855469e+02 8.4630475569e-13 2.7997499219e-13 5.6632976350e-13
4.0032958984e+02 8.4454174553e-13 2.7917649149e-13 5.6536525403e-13
4.0039062500e+02 8.4344014538e-13 2.7869508624e-13 5.6474505914e-13
4.0045166016e+02 8.4337507591e-13 2.7873992860e-13 5.6463514732e-13
4.0051269531e+02 8.4374833243e-13 2.7905005239e-13 5.6469828005e-13
4.0057373047e+02 8.4361575400e-13 2.7920952348e-13 5.6440623052e-13
4.0063476562e+02 8.4250979575e-13 2.7907337808e-13 5.6343641767e-13
4.0069580078e+02 8.4068660329e-13 2.7875325973e-13 5.6193334357e-13
4.0075683594e+02 8.3884282436e-13 2.7834277373e-13 5.6050005064e-13
4.0081787109e+02 8.3764321460e-13 2.7789741475e-13 5.5974579984e-13
4.0087890625e+02 8.3727308629e-13 2.7752298449e-13 5.5975010180e-13
4.0093994141e+02 8.3728585364e-13 2.7724313357e-13 5.6004272006e-13
4.0100097656e+02 8.3700964294e-13 2.7696811603e-13 5.6004152692e-13
4.0106201172e+02 8.3626774656e-13 2.7673125108e-13 5.5953649549e-13
4.0112304688e+02 8.3556131513e-13 2.7668759406e-13 5.5887372108e-13
4.0118408203e+02 8.3532510051e-13 2.7680397519e-13 5.5852112532e-13
4.0124511719e+02 8.3532644092e-13 2.7686198055e-13 5.5846446038e-13
4.0130615234e+02 8.3509704684e-13 2.7679143110e-13 5.5830561574e-13
4.0136718750e+02 8.3446201842e-13 2.7668854324e-13 5.5777347518e-13
4.0142822266e+02 8.3343892809e-13 2.7658418144e-13 5.5685474665e-13
4.0148925781e+02 8.3225295257e-13 2.7649100275e-13 5.5576194982e-13
4.0155029297e+02 8.3158482274e-13 2.7654869802e-13 5.5503612472e-13
4.0161132812e+02 8.3213203598e-13 2.7688811371e-13 5.5524392228e-13
4.0167236328e+02 8.3375301321e-13 2.7742267363e-13 5.5633033958e-13
4.0173339844e+02 8.3551395005e-13 2.7788621089e-13 5.5762773916e-13
4.0179443359e+02 8.3660721797e-13 2.7805634747e-13 5.5855087051e-13
4.0185546875e+02 8.3690539475e-13 2.7793317651e-13 5.5897221824e-13
4.0191650391e+02 8.3672941181e-13 2.7771718616e-13 5.5901222565e-13
4.0197753906e+02 8.3647257449e-13 2.7761220826e-13 5.5886036623e-13
4.0203857422e+02 8.3650437674e-13 2.7768609820e-13 5.5881827853e-13
4.0209960938e+02 8.3697803445e-13 2.7787667577e-13 5.5910135867e-13
4.0216064453e+02 8.3749623055e-13 2.7800755592e-13 5.5948867463e-13
4.0222167969e+02 8.3739782187e-13 2.7785794507e-13 5.5953987680e-13
4.0228271484e+02 8.3657111140e-13 2.7736759217e-13 5.5920351923e-13
4.0234375000e+02 8.3565409666e-13 2.7675415696e-13 5.5889993970e-13
4.0240478516e+02 8.3538186814e-13 2.7634578368e-13 5.5903608446e-13
4.0246582031e+02 8.3586127110e-13 2.7629859743e-13 5.5956267367e-13
4.0252685547e+02 8.3643485765e-13 2.7648579435e-13 5.5994906330e-13
4.0258789062e+02 8.3644756568e-13 2.7667866695e-13 5.5976889873e-13
4.0264892578e+02 8.3621370651e-13 2.7684804179e-13 5.5936566472e-13
4.0270996094e+02 8.3667374026e-13 2.7716820489e-13 5.5950553537e-13
4.0277099609e+02 8.3798056156e-13 2.7768076631e-13 5.6029979525e-13
4.0283203125e+02 8.3918839505e-13 2.7816264927e-13 5.6102574578e-13
4.0289306641e+02 8.3944436363e-13 2.7837443159e-13 5.6106993204e-13
4.0295410156e+02 8.3864052477e-13 2.7822215286e-13 5.6041837190e-13
4.0301513672e+02 8.3692064320e-13 2.7769861980e-13 5.5922202340e-13
4.0307617188e+02 8.3457791819e-13 2.7692540926e-13 5.5765250892e-13
4.0313720703e+02 8.3250288189e-13 2.7623416982e-13 5.5626871207e-13
4.0319824219e+02 8.3174192925e-13 2.7596613266e-13 5.5577579659e-13
4.0325927734e+02 8.3242209475e-13 2.7618100218e-13 5.5624109257e-13
4.0332031250e+02 8.3370419895e-13 2.7666121076e-13 5.5704298819e-13
4.0338134766e+02 8.3470228757e-13 2.7709391769e-13 5.5760836988e-13
4.0344238281e+02 8.3502809757e-13 2.7720214979e-13 5.5782594778e-13
4.0350341797e+02 8.3472308163e-13 2.7688892133e-13 5.5783416030e-13
4.0356445312e+02 8.3411125769e-13 2.7635434355e-13 5.5775691413e-13
4.0362548828e+02 8.3365529538e-13 2.7599095690e-13 5.5766433849e-13
4.0368652344e+02 8.3360063327e-13 2.7605377411e-13 5.5754685917e-13
4.0374755859e+02 8.3364764608e-13 2.7639793337e-13 5.5724971271e-13
4.0380859375e+02 8.3325828043e-13 2.7661813039e-13 5.5664015003e-13
4.0386962891e+02 8.3229055880e-13 2.7643706305e-13 5.5585349575e-13
4.0393066406e+02 8.3098830496e-13 2.7586691271e-13 5.5512139225e-13
4.0399169922e+02 8.2957615816e-13 2.7509840467e-13 5.5447775349e-13
4.0405273438e+02 8.2827611826e-13 2.7437913874e-13 5.5389697952e-13
4.0411376953e+02 8.2741214020e-13 2.7392966738e-13 5.5348247282e-13
4.0417480469e+02 8.2718682306e-13 2.7387610620e-13 5.5331071686e-13
4.0423583984e+02 8.2754778957e-13 2.7425066684e-13 5.5329712273e-13
4.0429687500e+02 8.2834363254e-13 2.7499842537e-13 5.5334520717e-13
4.0435791016e+02 8.2942921262e-13 2.7591337607e-13 5.5351583656e-13
4.0441894531e+02 8.3058113297e-13 2.7667721065e-13 5.5390392232e-13
4.0447998047e+02 8.3149119447e-13 2.7708802025e-13 5.5440317422e-13
4.0454101562e+02 8.3194703990e-13 2.7716262855e-13 5.5478441134e-13
4.0460205078e+02 8.3199710799e-13 2.7700422360e-13 5.5499288439e-13
4.0466308594e+02 8.3191936647e-13 2.7674220594e-13 5.5517716054e-13
4.0472412109e+02 8.3199639516e-13 2.7656141124e-13 5.5543498392e-13
4.0478515625e+02 8.3232351383e-13 2.7658339962e-13 5.5574011421e-13
4.0484619141e+02 8.3278262991e-13 2.7672472759e-13 5.5605790232e-13
4.0490722656e+02 8.3313063905e-13 2.7679152368e-13 5.5633911537e-13
4.0496826172e+02 8.3322513586e-13 2.7669281387e-13 5.5653232199e-13
4.0502929688e+02 8.3319263388e-13 2.7647609498e-13 5.5671653890e-13
4.0509033203e+02 8.3322034912e-13 2.7619316648e-13 5.5702718264e-13
4.0515136719e+02 8.3334978734e-13 2.7589182755e-13 5.5745795978e-13
4.0521240234e+02 8.3372898503e-13 2.7573923393e-13 5.5798975110e-13
4.0527343750e+02 8.3471435238e-13 2.7593533852e-13 5.5877901386e-13
4.0533447266e+02 8.3636692781e-13 2.7644881763e-13 5.5991811018e-13
4.0539550781e+02 8.3817927166e-13 2.7699516024e-13 5.6118411142e-13
4.0545654297e+02 8.3955226671e-13 2.7731452717e-13 5.6223773954e-13
4.0551757812e+02 8.4023609161e-13 2.7737077841e-13 5.6286531320e-13
4.0557861328e+02 8.4024954149e-13 2.7726745041e-13 5.6298209108e-13
4.0563964844e+02 8.3979411172e-13 2.7710118044e-13 5.6269293129e-13
4.0570068359e+02 8.3928019506e-13 2.7694307434e-13 5.6233712073e-13
4.0576171875e+02 8.3903133768e-13 2.7683318176e-13 5.6219815592e-13
4.0582275391e+02 8.3893836529e-13 2.7675163525e-13 5.6218673004e-13
4.0588378906e+02 8.3864900796e-13 2.7668896417e-13 5.6196004379e-13
4.0594482422e+02 8.3808089961e-13 2.7673120263e-13 5.6134969698e-13
4.0600585938e+02 8.3756537187e-13 2.7697348334e-13 5.6059188853e-13
4.0606689453e+02 8.3737703990e-13 2.7734482680e-13 5.6003221309e-13
4.0612792969e+02 8.3731439131e-13 2.7761117932e-13 5.5970321199e-13
4.0618896484e+02 8.3699534537e-13 2.7759420154e-13 5.5940114383e-13
4.0625000000e+02 8.3634945226e-13 2.7730185182e-13 5.5904760044e-13
4.0631103516e+02 8.3554094816e-13 2.7680876950e-13 5.5873217866e-13
4.0637207031e+02 8.3461638774e-13 2.7613419791e-13 5.5848218983e-13
4.0643310547e+02 8.3353718074e-13 2.7531609605e-13 5.5822108469e-13
4.0649414062e+02 8.3247220873e-13 2.7453351352e-13 5.5793869521e-13
4.0655517578e+02 8.3172697893e-13 2.7405132081e-13 5.5767565812e-13
4.0661621094e+02 8.3137446279e-13 2.7401021081e-13 5.5736425198e-13
4.0667724609e+02 8.3124956155e-13 2.7431863490e-13 5.5693092665e-13
4.0673828125e+02 8.3122742515e-13 2.7474884482e-13 5.5647858032e-13
4.0679931641e+02 8.3120621174e-13 2.7506070188e-13 5.5614550986e-13
4.0686035156e+02 8.3096315623e-13 2.7507306716e-13 5.5589008907e-13
4.0692138672e+02 8.3030350070e-13 2.7475564718e-13 5.5554785352e-13
4.0698242188e+02 8.2924704446e-13 2.7425124328e-13 5.5499580118e-13
4.0704345703e+02 8.2799493925e-13 2.7375829745e-13 5.5423664180e-13
4.0710449219e+02 8.2692800863e-13 2.7347927622e-13 5.5344873240e-13
4.0716552734e+02 8.2653043984e-13 2.7362120387e-13 5.5290923597e-13
4.0722656250e+02 8.2697438758e-13 2.7422075176e-13 5.5275363582e-13
4.0728759766e+02 8.2788577693e-13 2.7500587268e-13 5.5287990425e-13
4.0734863281e+02 8.2863627614e-13 2.7555145623e-13 5.5308481990e-13
4.0740966797e+02 8.2879669633e-13 2.7557128642e-13 5.5322540991e-13
4.0747070312e+02 8.2852309361e-13 2.7514972206e-13 5.5337337155e-13
4.0753173828e+02 8.2855503276e-13 2.7471090447e-13 5.5384412829e-13
4.0759277344e+02 8.2949804052e-13 2.7464229790e-13 5.5485574263e-13
4.0765380859e+02 8.3111260635e-13 2.7496349248e-13 5.5614911388e-13
4.0771484375e+02 8.3257571014e-13 2.7540079522e-13 5.5717491492e-13
4.0777587891e+02 8.3331829703e-13 2.7569737675e-13 5.5762092028e-13
4.0783691406e+02 8.3343022475e-13 2.7581153860e-13 5.5761868615e-13
4.0789794922e+02 8.3337363894e-13 2.7584677496e-13 5.5752686398e-13
4.0795898438e+02 8.3347389960e-13 2.7587196376e-13 5.5760193584e-13
4.0802001953e+02 8.3375945453e-13 2.7592011450e-13 5.5783934003e-13
4.0808105469e+02 8.3411677914e-13 2.7606050611e-13 5.5805627303e-13
4.0814208984e+02 8.3438485562e-13 2.7626861858e-13 5.5811623704e-13
4.0820312500e+02 8.3450077801e-13 2.7635845361e-13 5.5814232440e-13
4.0826416016e+02 8.3471897122e-13 2.7624179145e-13 5.5847717978e-13
4.0832519531e+02 8.3540556535e-13 2.7607602659e-13 5.5932953876e-13
4.0838623047e+02 8.3650227724e-13 2.7601188893e-13 5.6049038831e-13
4.0844726562e+02 8.3752016733e-13 2.7600365271e-13 5.6151651462e-13
4.0850830078e+02 8.3821587643e-13 2.7599976839e-13 5.6221610804e-13
4.0856933594e+02 8.3895930911e-13 2.7614506416e-13 5.6281424494e-13
4.0863037109e+02 8.4015522999e-13 2.7662714725e-13 5.6352808273e-13
4.0869140625e+02 8.4146105326e-13 2.7736756565e-13 5.6409348761e-13
4.0875244141e+02 8.4193297358e-13 2.7799797887e-13 5.6393499471e-13
4.0881347656e+02 8.4098966550e-13 2.7816840883e-13 5.6282125667e-13
4.0887451172e+02 8.3899046775e-13 2.7781520742e-13 5.6117526033e-13
4.0893554688e+02 8.3685287425e-13 2.7715806200e-13 5.5969481225e-13
4.0899658203e+02 8.3529996886e-13 2.7649380345e-13 5.5880616542e-13
4.0905761719e+02 8.3447349204e-13 2.7596983120e-13 5.5850366084e-13
4.0911865234e+02 8.3417370674e-13 2.7559820866e-13 5.5857549809e-13
4.0917968750e+02 8.3427550312e-13 2.7543002183e-13 5.5884548129e-13
4.0924072266e+02 8.3454522343e-13 2.7547039127e-13 5.5907483216e-13
4.0930175781e+02 8.3432312238e-13 2.7550339659e-13 5.5881972578e-13
4.0936279297e+02 8.3310365861e-13 2.7531032624e-13 5.5779333237e-13
4.0942382812e+02 8.3126148639e-13 2.7495451074e-13 5.5630697565e-13
4.0948486328e+02 8.2965118373e-13 2.7464579318e-13 5.5500539055e-13
4.0954589844e+02 8.2870571436e-13 2.7448773700e-13 5.5421797736e-13
4.0960693359e+02 8.2829504246e-13 2.7443860901e-13 5.5385643345e-13
4.0966796875e+02 8.2820923470e-13 2.7436325609e-13 5.5384597862e-13
4.0972900391e+02 8.2837588964e-13 2.7411936803e-13 5.5425652161e-13
4.0979003906e+02 8.2863919556e-13 2.7367493018e-13 5.5496426538e-13
4.0985107422e+02 8.2862192654e-13 2.7312844161e-13 5.5549348492e-13
4.0991210938e+02 8.2804640510e-13 2.7267479310e-13 5.5537161200e-13
4.0997314453e+02 8.2717813804e-13 2.7256622199e-13 5.5461191605e-13
4.1003417969e+02 8.2670243792e-13 2.7293388750e-13 5.5376855042e-13
4.1009521484e+02 8.2710450079e-13 2.7363355115e-13 5.5347094964e-13
4.1015625000e+02 8.2819318530e-13 2.7434688640e-13 5.5384629890e-13
4.1021728516e+02 8.2912681070e-13 2.7475492208e-13 5.5437188862e-13
4.1027832031e+02 8.2907363412e-13 2.7467564252e-13 5.5439799161e-13
4.1033935547e+02 8.2801413906e-13 2.7421678215e-13 5.5379735691e-13
4.1040039062e+02 8.2668823710e-13 2.7373337441e-13 5.5295486269e-13
4.1046142578e+02 8.2574252885e-13 2.7348394212e-13 5.5225858672e-13
4.1052246094e+02 8.2526989881e-13 2.7341495595e-13 5.5185494286e-13
4.1058349609e+02 8.2521793678e-13 2.7339832562e-13 5.5181961117e-13
4.1064453125e+02 8.2575312745e-13 2.7347733068e-13 5.5227579677e-13
4.1070556641e+02 8.2699046381e-13 2.7373642931e-13 5.5325403450e-13
4.1076660156e+02 8.2876327958e-13 2.7415528311e-13 5.5460799647e-13
4.1082763672e+02 8.3070463519e-13 2.7462188444e-13 5.5608275075e-13
4.1088867188e+02 8.3224255907e-13 2.7493449742e-13 5.5730806165e-13
4.1094970703e+02 8.3283055517e-13 2.7496664730e-13 5.5786390786e-13
4.1101074219e+02 8.3239814314e-13 2.7486269125e-13 5.5753545189e-13
4.1107177734e+02 8.3119267255e-13 2.7479024266e-13 5.5640242990e-13
4.1113281250e+02 8.2941678215e-13 2.7465573321e-13 5.5476104894e-13
4.1119384766e+02 8.2751661132e-13 2.7438332990e-13 5.5313328142e-13
4.1125488281e+02 8.2625843094e-13 2.7417387029e-13 5.5208456065e-13
4.1131591797e+02 8.2598985490e-13 2.7416901413e-13 5.5182084077e-13
4.1137695312e+02 8.2629442624e-13 2.7417599009e-13 5.5211843616e-13
4.1143798828e+02 8.2663088499e-13 2.7398840709e-13 5.5264247790e-13
4.1149902344e+02 8.2698289350e-13 2.7374206651e-13 5.5324082699e-13
4.1156005859e+02 8.2768203602e-13 2.7372732661e-13 5.5395470941e-13
4.1162109375e+02 8.2867787195e-13 2.7396411133e-13 5.5471376063e-13
4.1168212891e+02 8.2933538182e-13 2.7417646325e-13 5.5515891857e-13
4.1174316406e+02 8.2919855399e-13 2.7416622562e-13 5.5503232837e-13
4.1180419922e+02 8.2862025832e-13 2.7403729857e-13 5.5458295975e-13
4.1186523438e+02 8.2830044490e-13 2.7401788920e-13 5.5428255569e-13
4.1192626953e+02 8.2846016524e-13 2.7414186209e-13 5.5431830315e-13
4.1198730469e+02 8.2875770341e-13 2.7417698928e-13 5.5458071413e-13
4.1204833984e+02 8.2878913108e-13 2.7390483092e-13 5.5488430016e-13
4.1210937500e+02 8.2845639246e-13 2.7343231543e-13 5.5502407702e-13
4.1217041016e+02 8.2789595679e-13 2.7309476712e-13 5.5480118966e-13
4.1223144531e+02 8.2716557782e-13 2.7304370287e-13 5.5412187495e-13
4.1229248047e+02 8.2626932639e-13 2.7314672126e-13 5.5312260513e-13
4.1235351562e+02 8.2550733603e-13 2.7329534431e-13 5.5221199172e-13
4.1241455078e+02 8.2539910080e-13 2.7352519465e-13 5.5187390616e-13
4.1247558594e+02 8.2607280278e-13 2.7378224124e-13 5.5229056154e-13
4.1253662109e+02 8.2698289263e-13 2.7384149175e-13 5.5314140088e-13
4.1259765625e+02 8.2743765762e-13 2.7358564056e-13 5.5385201706e-13
4.1265869141e+02 8.2717874332e-13 2.7313785505e-13 5.5404088826e-13
4.1271972656e+02 8.2632542130e-13 2.7263221282e-13 5.5369320847e-13
4.1278076172e+02 8.2523816420e-13 2.7215312679e-13 5.5308503741e-13
4.1284179688e+02 8.2457325074e-13 2.7189821846e-13 5.5267503228e-13
4.1290283203e+02 8.2487201053e-13 2.7203881684e-13 5.5283319369e-13
4.1296386719e+02 8.2594379763e-13 2.7245569857e-13 5.5348809906e-13
4.1302490234e+02 8.2701032388e-13 2.7285189638e-13 5.5415842749e-13
4.1308593750e+02 8.2740628997e-13 2.7303206301e-13 5.5437422696e-13
4.1314697266e+02 8.2701412296e-13 2.7297744191e-13 5.5403668105e-13
4.1320800781e+02 8.2628078211e-13 2.7280773176e-13 5.5347305034e-13
4.1326904297e+02 8.2586549728e-13 2.7271224619e-13 5.5315325108e-13
4.1333007812e+02 8.2600530548e-13 2.7278286012e-13 5.5322244536e-13
4.1339111328e+02 8.2626350068e-13 2.7292115773e-13 5.5334234295e-13
4.1345214844e+02 8.2607199140e-13 2.7296965550e-13 5.5310233590e-13
4.1351318359e+02 8.2539117354e-13 2.7287139335e-13 5.5251978020e-13
4.1357421875e+02 8.2474636095e-13 2.7267724275e-13 5.5206911820e-13
4.1363525391e+02 8.2474192880e-13 2.7248187606e-13 5.5226005274e-13
4.1369628906e+02 8.2557852329e-13 2.7241273031e-13 5.5316579298e-13
4.1375732422e+02 8.2693134009e-13 2.7258868793e-13 5.5434265216e-13
4.1381835938e+02 8.2818659775e-13 2.7295660982e-13 5.5522998792e-13
4.1387939453e+02 8.2884911670e-13 2.7326315549e-13 5.5558596121e-13
4.1394042969e+02 8.2896058087e-13 2.7336799532e-13 5.5559258555e-13
4.1400146484e+02 8.2913337981e-13 2.7346976746e-13 5.5566361235e-13
4.1406250000e+02 8.2986594850e-13 2.7380889455e-13 5.5605705395e-13
4.1412353516e+02 8.3087414048e-13 2.7427659037e-13 5.5659755011e-13
4.1418457031e+02 8.3143048197e-13 2.7452520481e-13 5.5690527716e-13
4.1424560547e+02 8.3124809470e-13 2.7438273073e-13 5.5686536397e-13
4.1430664062e+02 8.3075333305e-13 2.7403213635e-13 5.5672119670e-13
4.1436767578e+02 8.3054654334e-13 2.7378704897e-13 5.5675949437e-13
4.1442871094e+02 8.3071411734e-13 2.7374908043e-13 5.5696503691e-13
4.1448974609e+02 8.3067945117e-13 2.7374389233e-13 5.5693555884e-13
4.1455078125e+02 8.2981964766e-13 2.7357057534e-13 5.5624907232e-13
4.1461181641e+02 8.2833221187e-13 2.7327031318e-13 5.5506189869e-13
4.1467285156e+02 8.2720855683e-13 2.7310399899e-13 5.5410455784e-13
4.1473388672e+02 8.2708885555e-13 2.7321430577e-13 5.5387454978e-13
4.1479492188e+02 8.2760750771e-13 2.7344663073e-13 5.5416087699e-13
4.1485595703e+02 8.2806947738e-13 2.7359774628e-13 5.5447173110e-13
4.1491699219e+02 8.2820620406e-13 2.7365596638e-13 5.5455023768e-13
4.1497802734e+02 8.2809055914e-13 2.7370636290e-13 5.5438419624e-13
4.1503906250e+02 8.2771183083e-13 2.7372769072e-13 5.5398414011e-13
4.1510009766e+02 8.2699839444e-13 2.7359138041e-13 5.5340701403e-13
4.1516113281e+02 8.2610637286e-13 2.7324229898e-13 5.5286407388e-13
4.1522216797e+02 8.2528378130e-13 2.7279288062e-13 5.5249090068e-13
4.1528320312e+02 8.2463444984e-13 2.7244510251e-13 5.5218934734e-13
4.1534423828e+02 8.2421737332e-13 2.7235848058e-13 5.5185889274e-13
4.1540527344e+02 8.2403199038e-13 2.7251799314e-13 5.5151399724e-13
4.1546630859e+02 8.2389640345e-13 2.7269064937e-13 5.5120575408e-13
4.1552734375e+02 8.2365482564e-13 2.7264175434e-13 5.5101307130e-13
4.1558837891e+02 8.2338282568e-13 2.7243310827e-13 5.5094971741e-13
4.1564941406e+02 8.2321251749e-13 2.7232481725e-13 5.5088770024e-13
4.1571044922e+02 8.2317238584e-13 2.7241102027e-13 5.5076136558e-13
4.1577148438e+02 8.2323033901e-13 2.7255872941e-13 5.5067160960e-13
4.1583251953e+02 8.2322913282e-13 2.7259892749e-13 5.5063020533e-13
4.1589355469e+02 8.2289422979e-13 2.7244138532e-13 5.5045284447e-13
4.1595458984e+02 8.2216737452e-13 2.7213195554e-13 5.5003541899e-13
4.1601562500e+02 8.2135077492e-13 2.7181762173e-13 5.4953315319e-13
4.1607666016e+02 8.2070829434e-13 2.7154197058e-13 5.4916632377e-13
4.1613769531e+02 8.2015158267e-13 2.7116171763e-13 5.4898986503e-13
4.1619873047e+02 8.1958468351e-13 2.7060586636e-13 5.4897881715e-13
4.1625976562e+02 8.1932181246e-13 2.7011572506e-13 5.4920608740e-13
4.1632080078e+02 8.1979090020e-13 2.7005921160e-13 5.4973168859e-13
4.1638183594e+02 8.2089032334e-13 2.7050085212e-13 5.5038947122e-13
4.1644287109e+02 8.2195131878e-13 2.7108720426e-13 5.5086411452e-13
4.1650390625e+02 8.2236112496e-13 2.7143111542e-13 5.5093000954e-13
4.1656494141e+02 8.2194956839e-13 2.7144702598e-13 5.5050254241e-13
4.1662597656e+02 8.2089016189e-13 2.7123441007e-13 5.4965575182e-13
4.1668701172e+02 8.1955773431e-13 2.7085347888e-13 5.4870425543e-13
4.1674804688e+02 8.1827510544e-13 2.7032964459e-13 5.4794546085e-13
4.1680908203e+02 8.1704672407e-13 2.6976223263e-13 5.4728449143e-13
4.1687011719e+02 8.1583813475e-13 2.6933339704e-13 5.4650473771e-13
4.1693115234e+02 8.1504488770e-13 2.6918408484e-13 5.4586080286e-13
4.1699218750e+02 8.1515637305e-13 2.6928568369e-13 5.4587068936e-13
4.1705322266e+02 8.1595714535e-13 2.6946351382e-13 5.4649363153e-13
4.1711425781e+02 8.1667617264e-13 2.6955569586e-13 5.4712047677e-13
4.1717529297e+02 8.1699102846e-13 2.6953950157e-13 5.4745152688e-13
4.1723632812e+02 8.1725863923e-13 2.6949375755e-13 5.4776488168e-13
4.1729736328e+02 8.1767910465e-13 2.6945464782e-13 5.4822445683e-13
4.1735839844e+02 8.1792214354e-13 2.6939156160e-13 5.4853058193e-13
4.1741943359e+02 8.1777948049e-13 2.6934884702e-13 5.4843063347e-13
4.1748046875e+02 8.1755319472e-13 2.6946704572e-13 5.4808614900e-13
4.1754150391e+02 8.1752187982e-13 2.6977559187e-13 5.4774628795e-13
4.1760253906e+02 8.1752242882e-13 2.7007618778e-13 5.4744624104e-13
4.1766357422e+02 8.1739941689e-13 2.7015566941e-13 5.4724374748e-13
4.1772460938e+02 8.1750809782e-13 2.7008271290e-13 5.4742538492e-13
4.1778564453e+02 8.1830475847e-13 2.7013458024e-13 5.4817017823e-13
4.1784667969e+02 8.1957539750e-13 2.7042028459e-13 5.4915511291e-13
4.1790771484e+02 8.2052961148e-13 2.7077388618e-13 5.4975572530e-13
4.1796875000e+02 8.2065360107e-13 2.7101835348e-13 5.4963524759e-13
4.1802978516e+02 8.2007708525e-13 2.7112539859e-13 5.4895168665e-13
4.1809082031e+02 8.1915907561e-13 2.7111144181e-13 5.4804763380e-13
4.1815185547e+02 8.1817050694e-13 2.7094540295e-13 5.4722510398e-13
4.1821289062e+02 8.1736002092e-13 2.7060177404e-13 5.4675824688e-13
4.1827392578e+02 8.1690616069e-13 2.7012873901e-13 5.4677742168e-13
4.1833496094e+02 8.1673922039e-13 2.6965339306e-13 5.4708582733e-13
4.1839599609e+02 8.1665199551e-13 2.6933565535e-13 5.4731634015e-13
4.1845703125e+02 8.1648253155e-13 2.6923495660e-13 5.4724757495e-13
4.1851806641e+02 8.1598001090e-13 2.6919997433e-13 5.4678003657e-13
4.1857910156e+02 8.1490531455e-13 2.6902093628e-13 5.4588437827e-13
4.1864013672e+02 8.1354501727e-13 2.6871310354e-13 5.4483191373e-13
4.1870117188e+02 8.1258837522e-13 2.6850918066e-13 5.4407919456e-13
4.1876220703e+02 8.1235090620e-13 2.6856217043e-13 5.4378873577e-13
4.1882324219e+02 8.1260622969e-13 2.6878288071e-13 5.4382334898e-13
4.1888427734e+02 8.1306908642e-13 2.6897742214e-13 5.4409166428e-13
4.1894531250e+02 8.1359782937e-13 2.6905415067e-13 5.4454367870e-13
4.1900634766e+02 8.1405493897e-13 2.6906408851e-13 5.4499085046e-13
4.1906738281e+02 8.1428102692e-13 2.6908636504e-13 5.4519466188e-13
4.1912841797e+02 8.1414614680e-13 2.6912426066e-13 5.4502188614e-13
4.1918945312e+02 8.1352431737e-13 2.6908871613e-13 5.4443560124e-13
4.1925048828e+02 8.1243366832e-13 2.6888183933e-13 5.4355182898e-13
4.1931152344e+02 8.1127332476e-13 2.6852886560e-13 5.4274445916e-13
4.1937255859e+02 8.1058871424e-13 2.6819018576e-13 5.4239852848e-13
4.1943359375e+02 8.1050300413e-13 2.6801547199e-13 5.4248753214e-13
4.1949462891e+02 8.1060678429e-13 2.6800376429e-13 5.4260302000e-13
4.1955566406e+02 8.1048929876e-13 2.6802727785e-13 5.4246202091e-13
4.1961669922e+02 8.1026071947e-13 2.6800784329e-13 5.4225287618e-13
4.1967773438e+02 8.1034297237e-13 2.6801865773e-13 5.4232431464e-13
4.1973876953e+02 8.1073137722e-13 2.6813153926e-13 5.4259983795e-13
4.1979980469e+02 8.1080889020e-13 2.6821914760e-13 5.4258974260e-13
4.1986083984e+02 8.1006774928e-13 2.6807565381e-13 5.4199209548e-13
4.1992187500e+02 8.0872222420e-13 2.6772258765e-13 5.4099963655e-13
4.1998291016e+02 8.0743765626e-13 2.6738248246e-13 5.4005517380e-13
4.2004394531e+02 8.0675038133e-13 2.6717570644e-13 5.3957467489e-13
4.2010498047e+02 8.0681378868e-13 2.6704296366e-13 5.3977082501e-13
4.2016601562e+02 8.0732885170e-13 2.6688605052e-13 5.4044280118e-13
4.2022705078e+02 8.0772317968e-13 2.6666892420e-13 5.4105425547e-13
4.2028808594e+02 8.0767209629e-13 2.6646027946e-13 5.4121181683e-13
4.2034912109e+02 8.0740776138e-13 2.6638204787e-13 5.4102571351e-13
4.2041015625e+02 8.0738504168e-13 2.6644946380e-13 5.4093557787e-13
4.2047119141e+02 8.0769548281e-13 2.6652647968e-13 5.4116900312e-13
4.2053222656e+02 8.0803732951e-13 2.6650639702e-13 5.4153093250e-13
4.2059326172e+02 8.0825016937e-13 2.6641225823e-13 5.4183791114e-13
4.2065429688e+02 8.0845974890e-13 2.6627079850e-13 5.4218895039e-13
4.2071533203e+02 8.0866856399e-13 2.6608886324e-13 5.4257970075e-13
4.2077636719e+02 8.0868331010e-13 2.6597929954e-13 5.4270401056e-13
4.2083740234e+02 8.0845498075e-13 2.6607842877e-13 5.4237655199e-13
4.2089843750e+02 8.0815338068e-13 2.6633490141e-13 5.4181847927e-13
4.2095947266e+02 8.0795799465e-13 2.6655544099e-13 5.4140255366e-13
4.2102050781e+02 8.0796216674e-13 2.6665744358e-13 5.4130472316e-13
4.2108154297e+02 8.0822921941e-13 2.6677414460e-13 5.4145507481e-13
4.2114257812e+02 8.0874446347e-13 2.6705870814e-13 5.4168575533e-13
4.2120361328e+02 8.0932037214e-13 2.6745001662e-13 5.4187035552e-13
4.2126464844e+02 8.0978775634e-13 2.6773964833e-13 5.4204810800e-13
4.2132568359e+02 8.1023859309e-13 2.6784523997e-13 5.4239335313e-13
4.2138671875e+02 8.1082517907e-13 2.6790237950e-13 5.4292279957e-13
4.2144775391e+02 8.1142994143e-13 2.6805461750e-13 5.4337532393e-13
4.2150878906e+02 8.1187739826e-13 2.6826791553e-13 5.4360948273e-13
4.2156982422e+02 8.1229803457e-13 2.6838863237e-13 5.4390940220e-13
4.2163085938e+02 8.1283854071e-13 2.6830419432e-13 5.4453434639e-13
4.2169189453e+02 8.1326729318e-13 2.6806410805e-13 5.4520318512e-13
4.2175292969e+02 8.1329326756e-13 2.6784729685e-13 5.4544597071e-13
4.2181396484e+02 8.1298222199e-13 2.6777478040e-13 5.4520744159e-13
4.2187500000e+02 8.1256352378e-13 2.6781299091e-13 5.4475053287e-13
4.2193603516e+02 8.1211807863e-13 2.6785787722e-13 5.4426020141e-13
4.2199707031e+02 8.1161253255e-13 2.6780783494e-13 5.4380469761e-13
4.2205810547e+02 8.1103949528e-13 2.6759844259e-13 5.4344105269e-13
4.2211914062e+02 8.1048444029e-13 2.6728208384e-13 5.4320235645e-13
4.2218017578e+02 8.1007505426e-13 2.6699762159e-13 5.4307743268e-13
4.2224121094e+02 8.0982121311e-13 2.6680275321e-13 5.4301845990e-13
4.2230224609e+02 8.0957622357e-13 2.6665572392e-13 5.4292049966e-13
4.2236328125e+02 8.0912364298e-13 2.6652997452e-13 5.4259366846e-13
4.2242431641e+02 8.0827356427e-13 2.6640932533e-13 5.4186423894e-13
4.2248535156e+02 8.0705310908e-13 2.6625795525e-13 5.4079515383e-13
4.2254638672e+02 8.0577538859e-13 2.6608251004e-13 5.3969287855e-13
4.2260742188e+02 8.0482748754e-13 2.6595694933e-13 5.3887053821e-13
4.2266845703e+02 8.0447667240e-13 2.6597706224e-13 5.3849961016e-13
4.2272949219e+02 8.0482927830e-13 2.6620559224e-13 5.3862368606e-13
4.2279052734e+02 8.0579645439e-13 2.6659481130e-13 5.3920164308e-13
4.2285156250e+02 8.0697547161e-13 2.6694168300e-13 5.4003378861e-13
4.2291259766e+02 8.0768206627e-13 2.6701240411e-13 5.4066966217e-13
4.2297363281e+02 8.0743710656e-13 2.6673528279e-13 5.4070182377e-13
4.2303466797e+02 8.0643039308e-13 2.6621065379e-13 5.4021973929e-13
4.2309570312e+02 8.0529344572e-13 2.6561421466e-13 5.3967923106e-13
4.2315673828e+02 8.0459592945e-13 2.6518247244e-13 5.3941345701e-13
4.2321777344e+02 8.0462272622e-13 2.6512752263e-13 5.3949520358e-13
4.2327880859e+02 8.0523661115e-13 2.6540858276e-13 5.3982802839e-13
4.2333984375e+02 8.0586004674e-13 2.6571884784e-13 5.4014119891e-13
4.2340087891e+02 8.0592129786e-13 2.6582036296e-13 5.4010093490e-13
4.2346191406e+02 8.0540757234e-13 2.6576839084e-13 5.3963918150e-13
4.2352294922e+02 8.0480318934e-13 2.6573001224e-13 5.3907317710e-13
4.2358398438e+02 8.0455845654e-13 2.6575067179e-13 5.3880778476e-13
4.2364501953e+02 8.0474038226e-13 2.6579318149e-13 5.3894720077e-13
4.2370605469e+02 8.0501863399e-13 2.6583027189e-13 5.3918836210e-13
4.2376708984e+02 8.0499260502e-13 2.6582477747e-13 5.3916782756e-13
4.2382812500e+02 8.0467624670e-13 2.6576125332e-13 5.3891499339e-13
4.2388916016e+02 8.0445454681e-13 2.6568702780e-13 5.3876751901e-13
4.2395019531e+02 8.0456159886e-13 2.6562911515e-13 5.3893248371e-13
4.2401123047e+02 8.0495557058e-13 2.6557210769e-13 5.3938346289e-13
4.2407226562e+02 8.0558238796e-13 2.6556806340e-13 5.4001432456e-13
4.2413330078e+02 8.0637626083e-13 2.6572020444e-13 5.4065605639e-13
4.2419433594e+02 8.0710120796e-13 2.6600640054e-13 5.4109480743e-13
4.2425537109e+02 8.0740968181e-13 2.6620747718e-13 5.4120220462e-13
4.2431640625e+02 8.0705371803e-13 2.6609456293e-13 5.4095915510e-13
4.2437744141e+02 8.0615248540e-13 2.6570722707e-13 5.4044525834e-13
4.2443847656e+02 8.0528367790e-13 2.6535774981e-13 5.3992592809e-13
4.2449951172e+02 8.0500776020e-13 2.6530318164e-13 5.3970457856e-13
4.2456054688e+02 8.0522206581e-13 2.6548855192e-13 5.3973351388e-13
4.2462158203e+02 8.0530516947e-13 2.6566287419e-13 5.3964229528e-13
4.2468261719e+02 8.0491341674e-13 2.6566411777e-13 5.3924929897e-13
4.2474365234e+02 8.0426552163e-13 2.6551365652e-13 5.3875186512e-13
4.2480468750e+02 8.0368263093e-13 2.6531161103e-13 5.3837101990e-13
4.2486572266e+02 8.0328825897e-13 2.6516761485e-13 5.3812064412e-13
4.2492675781e+02 8.0316112270e-13 2.6519522866e-13 5.3796589404e-13
4.2498779297e+02 8.0342910176e-13 2.6543266364e-13 5.3799643812e-13
4.2504882812e+02 8.0417221939e-13 2.6577641204e-13 5.3839580735e-13
4.2510986328e+02 8.0531377454e-13 2.6608629058e-13 5.3922748397e-13
4.2517089844e+02 8.0652025461e-13 2.6631288492e-13 5.4020736969e-13
4.2523193359e+02 8.0729304433e-13 2.6645416703e-13 5.4083887730e-13
4.2529296875e+02 8.0741400661e-13 2.6649666786e-13 5.4091733875e-13
4.2535400391e+02 8.0721771329e-13 2.6649959948e-13 5.4071811381e-13
4.2541503906e+02 8.0712440250e-13 2.6657611212e-13 5.4054829038e-13
4.2547607422e+02 8.0712746826e-13 2.6671465743e-13 5.4041281083e-13
4.2553710938e+02 8.0707455894e-13 2.6680387320e-13 5.4027068575e-13
4.2559814453e+02 8.0705959359e-13 2.6681111656e-13 5.4024847703e-13
4.2565917969e+02 8.0726158071e-13 2.6679993234e-13 5.4046164837e-13
4.2572021484e+02 8.0771431164e-13 2.6686516463e-13 5.4084914701e-13
4.2578125000e+02 8.0834823125e-13 2.6709606498e-13 5.4125216627e-13
4.2584228516e+02 8.0913583433e-13 2.6750110243e-13 5.4163473190e-13
4.2590332031e+02 8.1008023116e-13 2.6793482963e-13 5.4214540153e-13
4.2596435547e+02 8.1100466495e-13 2.6814315985e-13 5.4286150510e-13
4.2602539062e+02 8.1152233875e-13 2.6795405170e-13 5.4356828705e-13
4.2608642578e+02 8.1134622934e-13 2.6744084015e-13 5.4390538919e-13
4.2614746094e+02 8.1057721053e-13 2.6685415262e-13 5.4372305791e-13
4.2620849609e+02 8.0963846755e-13 2.6641880063e-13 5.4321966692e-13
4.2626953125e+02 8.0891728366e-13 2.6622211900e-13 5.4269516466e-13
4.2633056641e+02 8.0855382176e-13 2.6623512143e-13 5.4231870032e-13
4.2639160156e+02 8.0852532340e-13 2.6636010439e-13 5.4216521901e-13
4.2645263672e+02 8.0870947700e-13 2.6646985391e-13 5.4223962309e-13
4.2651367188e+02 8.0884255866e-13 2.6647957467e-13 5.4236298399e-13
4.2657470703e+02 8.0857503999e-13 2.6638541747e-13 5.4218962252e-13
4.2663574219e+02 8.0779258763e-13 2.6625014224e-13 5.4154244539e-13
4.2669677734e+02 8.0687110372e-13 2.6616715402e-13 5.4070394969e-13
4.2675781250e+02 8.0637077055e-13 2.6614225812e-13 5.4022851243e-13
4.2681884766e+02 8.0651615432e-13 2.6602783015e-13 5.4048832417e-13
4.2687988281e+02 8.0708179439e-13 2.6572038083e-13 5.4136141356e-13
4.2694091797e+02 8.0770436201e-13 2.6537404828e-13 5.4233031373e-13
4.2700195312e+02 8.0814470625e-13 2.6522286222e-13 5.4292184402e-13
4.2706298828e+02 8.0814048071e-13 2.6523647894e-13 5.4290400177e-13
4.2712402344e+02 8.0735743254e-13 2.6516386596e-13 5.4219356659e-13
4.2718505859e+02 8.0580771770e-13 2.6487226134e-13 5.4093545636e-13
4.2724609375e+02 8.0398300464e-13 2.6448350572e-13 5.3949949892e-13
4.2730712891e+02 8.0241221419e-13 2.6423382058e-13 5.3817839361e-13
4.2736816406e+02 8.0137963361e-13 2.6427907073e-13 5.3710056288e-13
4.2742919922e+02 8.0094008758e-13 2.6455393116e-13 5.3638615641e-13
4.2749023438e+02 8.0084942164e-13 2.6478074322e-13 5.3606867842e-13
4.2755126953e+02 8.0068981230e-13 2.6472066070e-13 5.3596915160e-13
4.2761230469e+02 8.0029307092e-13 2.6439626885e-13 5.3589680206e-13
4.2767333984e+02 7.9972312380e-13 2.6394544391e-13 5.3577767989e-13
4.2773437500e+02 7.9886605108e-13 2.6339479729e-13 5.3547125379e-13
4.2779541016e+02 7.9758686160e-13 2.6274716762e-13 5.3483969398e-13
4.2785644531e+02 7.9620840226e-13 2.6214962032e-13 5.3405878194e-13
4.2791748047e+02 7.9537080746e-13 2.6184881893e-13 5.3352198854e-13
4.2797851562e+02 7.9543141618e-13 2.6200283723e-13 5.3342857895e-13
4.2803955078e+02 7.9603689624e-13 2.6249084139e-13 5.3354605485e-13
4.2810058594e+02 7.9626973436e-13 2.6293079529e-13 5.3333893908e-13
4.2816162109e+02 7.9550241597e-13 2.6301700499e-13 5.3248541098e-13
4.2822265625e+02 7.9409220944e-13 2.6279913477e-13 5.3129307468e-13
4.2828369141e+02 7.9284467518e-13 2.6247887931e-13 5.3036579587e-13
4.2834472656e+02 7.9195543410e-13 2.6204874373e-13 5.2990669037e-13
4.2840576172e+02 7.9104058777e-13 2.6141853750e-13 5.2962205027e-13
4.2846679688e+02 7.9015198556e-13 2.6084070921e-13 5.2931127635e-13
4.2852783203e+02 7.9010898762e-13 2.6084059842e-13 5.2926838920e-13
4.2858886719e+02 7.9147852480e-13 2.6160259600e-13 5.2987592880e-13
4.2864990234e+02 7.9357546603e-13 2.6264435086e-13 5.3093111517e-13
4.2871093750e+02 7.9498809525e-13 2.6324318255e-13 5.3174491269e-13
4.2877197266e+02 7.9500760882e-13 2.6307543846e-13 5.3193217036e-13
4.2883300781e+02 7.9407168520e-13 2.6236804198e-13 5.3170364322e-13
4.2889404297e+02 7.9300179381e-13 2.6160508544e-13 5.3139670837e-13
4.2895507812e+02 7.9239728862e-13 2.6121684242e-13 5.3118044620e-13
4.2901611328e+02 7.9247172455e-13 2.6137099668e-13 5.3110072787e-13
4.2907714844e+02 7.9289744275e-13 2.6188065731e-13 5.3101678544e-13
4.2913818359e+02 7.9314329286e-13 2.6238702741e-13 5.3075626545e-13
4.2919921875e+02 7.9319401948e-13 2.6266988619e-13 5.3052413328e-13
4.2926025391e+02 7.9345633314e-13 2.6270706339e-13 5.3074926974e-13
4.2932128906e+02 7.9392321023e-13 2.6252059237e-13 5.3140261787e-13
4.2938232422e+02 7.9405611618e-13 2.6215200536e-13 5.3190411082e-13
4.2944335938e+02 7.9366640696e-13 2.6179041908e-13 5.3187598788e-13
4.2950439453e+02 7.9321204916e-13 2.6169314926e-13 5.3151889990e-13
4.2956542969e+02 7.9291246869e-13 2.6186431785e-13 5.3104815084e-13
4.2962646484e+02 7.9234345804e-13 2.6202852603e-13 5.3031493201e-13
4.2968750000e+02 7.9129021690e-13 2.6202596884e-13 5.2926424805e-13
4.2974853516e+02 7.9028454523e-13 2.6198635828e-13 5.2829818695e-13
4.2980957031e+02 7.8982659901e-13 2.6200998398e-13 5.2781661503e-13
4.2987060547e+02 7.8962707617e-13 2.6195267829e-13 5.2767439789e-13
4.2993164062e+02 7.8917641160e-13 2.6166768877e-13 5.2750872282e-13
4.2999267578e+02 7.8862111876e-13 2.6123971320e-13 5.2738140555e-13
4.3005371094e+02 7.8841723127e-13 2.6085254232e-13 5.2756468895e-13
4.3011474609e+02 7.8840399812e-13 2.6053317590e-13 5.2787082222e-13
4.3017578125e+02 7.8794741730e-13 2.6013966183e-13 5.2780775547e-13
4.3023681641e+02 7.8697410667e-13 2.5963200850e-13 5.2734209818e-13
4.3029785156e+02 7.8623096587e-13 2.5922283520e-13 5.2700813066e-13
4.3035888672e+02 7.8631965691e-13 2.5912579395e-13 5.2719386296e-13
4.3041992188e+02 7.8690690524e-13 2.5929679980e-13 5.2761010543e-13
4.3048095703e+02 7.8714667804e-13 2.5953249292e-13 5.2761418513e-13
4.3054199219e+02 7.8659539509e-13 2.5968334438e-13 5.2691205071e-13
4.3060302734e+02 7.8553231318e-13 2.5973500729e-13 5.2579730589e-13
4.3066406250e+02 7.8454260130e-13 2.5975270028e-13 5.2478990102e-13
4.3072509766e+02 7.8394536476e-13 2.5975000957e-13 5.2419535519e-13
4.3078613281e+02 7.8363806727e-13 2.5964477142e-13 5.2399329585e-13
4.3084716797e+02 7.8329449516e-13 2.5933810003e-13 5.2395639513e-13
4.3090820312e+02 7.8267740431e-13 2.5882170557e-13 5.2385569874e-13
4.3096923828e+02 7.8197202499e-13 2.5830441675e-13 5.2366760824e-13
4.3103027344e+02 7.8168916881e-13 2.5817661902e-13 5.2351254978e-13
4.3109130859e+02 7.8203818935e-13 2.5862098140e-13 5.2341720795e-13
4.3115234375e+02 7.8259721072e-13 2.5930458092e-13 5.2329262979e-13
4.3121337891e+02 7.8279883933e-13 2.5971685019e-13 5.2308198914e-13
4.3127441406e+02 7.8257213988e-13 2.5973999827e-13 5.2283214161e-13
4.3133544922e+02 7.8224076370e-13 2.5961368004e-13 5.2262708367e-13
4.3139648438e+02 7.8193894664e-13 2.5946968508e-13 5.2246926156e-13
4.3145751953e+02 7.8152276895e-13 2.5922058623e-13 5.2230218272e-13
4.3151855469e+02 7.8094776256e-13 2.5880962105e-13 5.2213814150e-13
4.3157958984e+02 7.8038623000e-13 2.5832938967e-13 5.2205684033e-13
4.3164062500e+02 7.8008255048e-13 2.5795070536e-13 5.2213184512e-13
4.3170166016e+02 7.8015304249e-13 2.5779948208e-13 5.2235356041e-13
4.3176269531e+02 7.8037120972e-13 2.5785749205e-13 5.2251371767e-13
4.3182373047e+02 7.8038944586e-13 2.5802754737e-13 5.2236189849e-13
4.3188476562e+02 7.8029451036e-13 2.5827285861e-13 5.2202165175e-13
4.3194580078e+02 7.8056309172e-13 2.5859505450e-13 5.2196803722e-13
4.3200683594e+02 7.8140970717e-13 2.5896064911e-13 5.2244905807e-13
4.3206787109e+02 7.8254744736e-13 2.5934359108e-13 5.2320385629e-13
4.3212890625e+02 7.8356309037e-13 2.5973238943e-13 5.2383070093e-13
4.3218994141e+02 7.8418503670e-13 2.6004661247e-13 5.2413842423e-13
4.3225097656e+02 7.8429025400e-13 2.6015844373e-13 5.2413181027e-13
4.3231201172e+02 7.8393441819e-13 2.6001551545e-13 5.2391890274e-13
4.3237304688e+02 7.8329600847e-13 2.5966835089e-13 5.2362765758e-13
4.3243408203e+02 7.8248052677e-13 2.5920192353e-13 5.2327860325e-13
4.3249511719e+02 7.8150661955e-13 2.5870810694e-13 5.2279851260e-13
4.3255615234e+02 7.8053217490e-13 2.5828617365e-13 5.2224600126e-13
4.3261718750e+02 7.7986269480e-13 2.5799814254e-13 5.2186455226e-13
4.3267822266e+02 7.7961454558e-13 2.5784689848e-13 5.2176764710e-13
4.3273925781e+02 7.7963111088e-13 2.5782992382e-13 5.2180118706e-13
4.3280029297e+02 7.7984072902e-13 2.5796696110e-13 5.2187376791e-13
4.3286132812e+02 7.8029954574e-13 2.5821966496e-13 5.2207988078e-13
4.3292236328e+02 7.8074679396e-13 2.5840832909e-13 5.2233846487e-13
4.3298339844e+02 7.8064280088e-13 2.5833282617e-13 5.2230997472e-13
4.3304443359e+02 7.7980870642e-13 2.5801055725e-13 5.2179814917e-13
4.3310546875e+02 7.7858103530e-13 2.5763630019e-13 5.2094473511e-13
4.3316650391e+02 7.7735955440e-13 2.5731273801e-13 5.2004681639e-13
4.3322753906e+02 7.7637088948e-13 2.5700309984e-13 5.1936778964e-13
4.3328857422e+02 7.7570320775e-13 2.5668553802e-13 5.1901766973e-13
4.3334960938e+02 7.7534282718e-13 2.5644693311e-13 5.1889589407e-13
4.3341064453e+02 7.7530345296e-13 2.5646184788e-13 5.1884160508e-13
4.3347167969e+02 7.7566599066e-13 2.5678950064e-13 5.1887649002e-13
4.3353271484e+02 7.7635919954e-13 2.5719537367e-13 5.1916382586e-13
4.3359375000e+02 7.7698568243e-13 2.5734348611e-13 5.1964219631e-13
4.3365478516e+02 7.7703637679e-13 2.5712778255e-13 5.1990859424e-13
4.3371582031e+02 7.7640600457e-13 2.5673749180e-13 5.1966851277e-13
4.3377685547e+02 7.7559939599e-13 2.5648691754e-13 5.1911247845e-13
4.3383789062e+02 7.7526139289e-13 2.5657365190e-13 5.1868774099e-13
4.3389892578e+02 7.7552296462e-13 2.5689148624e-13 5.1863147839e-13
4.3395996094e+02 7.7587516110e-13 2.5710753675e-13 5.1876762435e-13
4.3402099609e+02 7.7570430754e-13 2.5699096770e-13 5.1871333984e-13
4.3408203125e+02 7.7497016649e-13 2.5663998116e-13 5.1833018533e-13
4.3414306641e+02 7.7426208867e-13 2.5638257225e-13 5.1787951642e-13
4.3420410156e+02 7.7409604346e-13 2.5647359133e-13 5.1762245213e-13
4.3426513672e+02 7.7437968227e-13 2.5685177569e-13 5.1752790658e-13
4.3432617188e+02 7.7472536140e-13 2.5720114828e-13 5.1752421312e-13
4.3438720703e+02 7.7493766229e-13 2.5727660912e-13 5.1766105317e-13
4.3444824219e+02 7.7497416873e-13 2.5708828214e-13 5.1788588659e-13
4.3450927734e+02 7.7480524463e-13 2.5679467811e-13 5.1801056652e-13
4.3457031250e+02 7.7460467061e-13 2.5658026784e-13 5.1802440277e-13
4.3463134766e+02 7.7481924952e-13 2.5658934024e-13 5.1822990928e-13
4.3469238281e+02 7.7569820067e-13 2.5680721261e-13 5.1889098806e-13
4.3475341797e+02 7.7682465852e-13 2.5702770694e-13 5.1979695158e-13
4.3481445312e+02 7.7742016863e-13 2.5704798630e-13 5.2037218233e-13
4.3487548828e+02 7.7714144182e-13 2.5687109694e-13 5.2027034488e-13
4.3493652344e+02 7.7631956329e-13 2.5661148041e-13 5.1970808288e-13
4.3499755859e+02 7.7543406170e-13 2.5628291519e-13 5.1915114651e-13
4.3505859375e+02 7.7476927632e-13 2.5589502052e-13 5.1887425579e-13
4.3511962891e+02 7.7459490484e-13 2.5566887316e-13 5.1892603168e-13
4.3518066406e+02 7.7515270803e-13 2.5587278192e-13 5.1927992611e-13
4.3524169922e+02 7.7629261757e-13 2.5647973534e-13 5.1981288223e-13
4.3530273438e+02 7.7746842990e-13 2.5720088363e-13 5.2026754627e-13
4.3536376953e+02 7.7827373193e-13 2.5778512885e-13 5.2048860308e-13
4.3542480469e+02 7.7870541897e-13 2.5810219518e-13 5.2060322379e-13
4.3548583984e+02 7.7883594254e-13 2.5807756189e-13 5.2075838065e-13
4.3554687500e+02 7.7861802358e-13 2.5775620505e-13 5.2086181853e-13
4.3560791016e+02 7.7805996253e-13 2.5732233096e-13 5.2073763157e-13
4.3566894531e+02 7.7731460266e-13 2.5693939257e-13 5.2037521008e-13
4.3572998047e+02 7.7655689378e-13 2.5663211676e-13 5.1992477702e-13
4.3579101562e+02 7.7584846762e-13 2.5633916271e-13 5.1950930491e-13
4.3585205078e+02 7.7519615623e-13 2.5604845246e-13 5.1914770376e-13
4.3591308594e+02 7.7476449893e-13 2.5586246072e-13 5.1890203821e-13
4.3597412109e+02 7.7482420718e-13 2.5588523606e-13 5.1893897111e-13
4.3603515625e+02 7.7539030876e-13 2.5607452406e-13 5.1931578469e-13
4.3609619141e+02 7.7610861363e-13 2.5626442488e-13 5.1984418875e-13
4.3615722656e+02 7.7657696670e-13 2.5630945416e-13 5.2026751255e-13
4.3621826172e+02 7.7664206050e-13 2.5620996721e-13 5.2043209330e-13
4.3627929688e+02 7.7634768916e-13 2.5610378623e-13 5.2024390293e-13
4.3634033203e+02 7.7574680585e-13 2.5609113121e-13 5.1965567464e-13
4.3640136719e+02 7.7493934842e-13 2.5612044636e-13 5.1881890207e-13
4.3646240234e+02 7.7423550758e-13 2.5611551822e-13 5.1811998936e-13
4.3652343750e+02 7.7398997042e-13 2.5610810522e-13 5.1788186520e-13
4.3658447266e+02 7.7422938845e-13 2.5616436074e-13 5.1806502771e-13
4.3664550781e+02 7.7463927717e-13 2.5627875971e-13 5.1836051747e-13
4.3670654297e+02 7.7489779573e-13 2.5640023519e-13 5.1849756054e-13
4.3676757812e+02 7.7489706828e-13 2.5649129843e-13 5.1840576985e-13
4.3682861328e+02 7.7471240482e-13 2.5651916535e-13 5.1819323948e-13
4.3688964844e+02 7.7457405770e-13 2.5646007840e-13 5.1811397930e-13
4.3695068359e+02 7.7476365683e-13 2.5631441959e-13 5.1844923724e-13
4.3701171875e+02 7.7518586721e-13 2.5603589853e-13 5.1914996868e-13
4.3707275391e+02 7.7526457137e-13 2.5555988156e-13 5.1970468981e-13
4.3713378906e+02 7.7459985996e-13 2.5500022500e-13 5.1959963496e-13
4.3719482422e+02 7.7343305099e-13 2.5462568833e-13 5.1880736266e-13
4.3725585938e+02 7.7235193536e-13 2.5458641153e-13 5.1776552383e-13
4.3731689453e+02 7.7180914305e-13 2.5482411136e-13 5.1698503168e-13
4.3737792969e+02 7.7183173320e-13 2.5517620675e-13 5.1665552644e-13
4.3743896484e+02 7.7194018935e-13 2.5542499592e-13 5.1651519343e-13
4.3750000000e+02 7.7151166909e-13 2.5536707455e-13 5.1614459453e-13
4.3756103516e+02 7.7053178014e-13 2.5497537609e-13 5.1555640405e-13
4.3762207031e+02 7.6976796532e-13 2.5445127360e-13 5.1531669173e-13
4.3768310547e+02 7.6987974132e-13 2.5407778244e-13 5.1580195888e-13
4.3774414062e+02 7.7067248519e-13 2.5404084707e-13 5.1663163811e-13
4.3780517578e+02 7.7148786827e-13 2.5433551135e-13 5.1715235692e-13
4.3786621094e+02 7.7201731895e-13 2.5478040586e-13 5.1723691309e-13
4.3792724609e+02 7.7251329736e-13 2.5516143288e-13 5.1735186448e-13
4.3798828125e+02 7.7330912703e-13 2.5538247613e-13 5.1792665089e-13
4.3804931641e+02 7.7426183154e-13 2.5544470409e-13 5.1881712746e-13
4.3811035156e+02 7.7486484857e-13 2.5536192755e-13 5.1950292102e-13
4.3817138672e+02 7.7495429213e-13 2.5519328762e-13 5.1976100451e-13
4.3823242188e+02 7.7491538771e-13 2.5505950433e-13 5.1985588338e-13
4.3829345703e+02 7.7509002962e-13 2.5505721290e-13 5.2003281672e-13
4.3835449219e+02 7.7542846128e-13 2.5523902230e-13 5.2018943898e-13
4.3841552734e+02 7.7574057159e-13 2.5560384218e-13 5.2013672942e-13
4.3847656250e+02 7.7580850005e-13 2.5596747568e-13 5.1984102437e-13
4.3853759766e+02 7.7538257181e-13 2.5602386791e-13 5.1935870390e-13
4.3859863281e+02 7.7463358022e-13 2.5573765150e-13 5.1889592872e-13
4.3865966797e+02 7.7430605856e-13 2.5545829692e-13 5.1884776164e-13
4.3872070312e+02 7.7481689992e-13 2.5546141253e-13 5.1935548739e-13
4.3878173828e+02 7.7561161401e-13 2.5562933134e-13 5.1998228267e-13
4.3884277344e+02 7.7582148110e-13 2.5569730472e-13 5.2012417638e-13
4.3890380859e+02 7.7515156107e-13 2.5556826830e-13 5.1958329277e-13
4.3896484375e+02 7.7404594111e-13 2.5535579687e-13 5.1869014424e-13
4.3902587891e+02 7.7328704640e-13 2.5529129977e-13 5.1799574663e-13
4.3908691406e+02 7.7327168290e-13 2.5553410308e-13 5.1773757982e-13
4.3914794922e+02 7.7357243256e-13 2.5595323113e-13 5.1761920143e-13
4.3920898438e+02 7.7353134669e-13 2.5619595891e-13 5.1733538778e-13
4.3927001953e+02 7.7313852436e-13 2.5604984050e-13 5.1708868387e-13
4.3933105469e+02 7.7278093183e-13 2.5562075621e-13 5.1716017562e-13
4.3939208984e+02 7.7236053676e-13 2.5514738709e-13 5.1721314967e-13
4.3945312500e+02 7.7141181208e-13 2.5480107424e-13 5.1661073784e-13
4.3951416016e+02 7.7000413190e-13 2.5465126567e-13 5.1535286623e-13
4.3957519531e+02 7.6878508598e-13 2.5464701628e-13 5.1413806969e-13
4.3963623047e+02 7.6807385499e-13 2.5460046743e-13 5.1347338756e-13
4.3969726562e+02 7.6751963494e-13 2.5431773848e-13 5.1320189646e-13
4.3975830078e+02 7.6677050676e-13 2.5380963251e-13 5.1296087425e-13
4.3981933594e+02 7.6602318648e-13 2.5331639535e-13 5.1270679113e-13
4.3988037109e+02 7.6570406637e-13 2.5308119128e-13 5.1262287509e-13
4.3994140625e+02 7.6587209575e-13 2.5314632324e-13 5.1272577250e-13
4.4000244141e+02 7.6627330513e-13 2.5340098295e-13 5.1287232218e-13
4.4006347656e+02 7.6683034835e-13 2.5370699004e-13 5.1312335831e-13
4.4012451172e+02 7.6761001066e-13 2.5392098963e-13 5.1368902103e-13
4.4018554688e+02 7.6836935244e-13 2.5393264561e-13 5.1443670683e-13
4.4024658203e+02 7.6852278685e-13 2.5372871579e-13 5.1479407107e-13
4.4030761719e+02 7.6764578518e-13 2.5338550563e-13 5.1426027956e-13
4.4036865234e+02 7.6596283844e-13 2.5302913770e-13 5.1293370074e-13
4.4042968750e+02 7.6422383689e-13 2.5275092362e-13 5.1147291327e-13
4.4049072266e+02 7.6300260345e-13 2.5251261054e-13 5.1048999291e-13
4.4055175781e+02 7.6226250271e-13 2.5219583178e-13 5.1006667094e-13
4.4061279297e+02 7.6164641659e-13 2.5175626111e-13 5.0989015548e-13
4.4067382812e+02 7.6097372615e-13 2.5132672679e-13 5.0964699936e-13
4.4073486328e+02 7.6038207197e-13 2.5115433609e-13 5.0922773588e-13
4.4079589844e+02 7.6007565040e-13 2.5135247996e-13 5.0872317044e-13
4.4085693359e+02 7.6003055483e-13 2.5173092987e-13 5.0829962497e-13
4.4091796875e+02 7.6005800294e-13 2.5194948372e-13 5.0810851921e-13
4.4097900391e+02 7.6009657827e-13 2.5182348560e-13 5.0827309267e-13
4.4104003906e+02 7.6017330570e-13 2.5144041012e-13 5.0873289558e-13
4.4110107422e+02 7.6017296720e-13 2.5103101242e-13 5.0914195478e-13
4.4116210938e+02 7.6002350457e-13 2.5082016991e-13 5.0920333466e-13
4.4122314453e+02 7.5991620378e-13 2.5092933081e-13 5.0898687296e-13
4.4128417969e+02 7.6000202012e-13 2.5127372536e-13 5.0872829476e-13
4.4134521484e+02 7.6011118673e-13 2.5161209889e-13 5.0849908785e-13
4.4140625000e+02 7.5998366444e-13 2.5177484411e-13 5.0820882032e-13
4.4146728516e+02 7.5959297099e-13 2.5174479573e-13 5.0784817527e-13
4.4152832031e+02 7.5908074956e-13 2.5151409227e-13 5.0756665730e-13
4.4158935547e+02 7.5848433304e-13 2.5103705141e-13 5.0744728163e-13
4.4165039062e+02 7.5773169211e-13 2.5036919841e-13 5.0736249370e-13
4.4171142578e+02 7.5687190472e-13 2.4973424377e-13 5.0713766095e-13
4.4177246094e+02 7.5617435111e-13 2.4939483297e-13 5.0677951815e-13
4.4183349609e+02 7.5588748293e-13 2.4943821455e-13 5.0644926839e-13
4.4189453125e+02 7.5586321850e-13 2.4967091321e-13 5.0619230529e-13
4.4195556641e+02 7.5562858542e-13 2.4979457131e-13 5.0583401411e-13
4.4201660156e+02 7.5493406012e-13 2.4970239665e-13 5.0523166347e-13
4.4207763672e+02 7.5405140803e-13 2.4949744682e-13 5.0455396120e-13
4.4213867188e+02 7.5342310467e-13 2.4925908242e-13 5.0416402225e-13
4.4219970703e+02 7.5312748798e-13 2.4896766441e-13 5.0415982358e-13
4.4226074219e+02 7.5289637620e-13 2.4865240770e-13 5.0424396849e-13
4.4232177734e+02 7.5260151930e-13 2.4844747759e-13 5.0415404171e-13
4.4238281250e+02 7.5236908816e-13 2.4846599290e-13 5.0390309527e-13
4.4244384766e+02 7.5214488582e-13 2.4867007568e-13 5.0347481014e-13
4.4250488281e+02 7.5154692825e-13 2.4886801681e-13 5.0267891144e-13
4.4256591797e+02 7.5046896411e-13 2.4891513652e-13 5.0155382759e-13
4.4262695312e+02 7.4949623359e-13 2.4891062526e-13 5.0058560833e-13
4.4268798828e+02 7.4926699081e-13 2.4903817488e-13 5.0022881593e-13
4.4274902344e+02 7.4968543770e-13 2.4926720646e-13 5.0041823123e-13
4.4281005859e+02 7.5009732338e-13 2.4936046583e-13 5.0073685755e-13
4.4287109375e+02 7.5001111144e-13 2.4912997411e-13 5.0088113733e-13
4.4293212891e+02 7.4954360272e-13 2.4863120433e-13 5.0091239839e-13
4.4299316406e+02 7.4931418372e-13 2.4812216410e-13 5.0119201962e-13
4.4305419922e+02 7.4976638406e-13 2.4782310550e-13 5.0194327856e-13
4.4311523438e+02 7.5056455349e-13 2.4772183149e-13 5.0284272200e-13
4.4317626953e+02 7.5096530245e-13 2.4762805434e-13 5.0333724811e-13
4.4323730469e+02 7.5067062739e-13 2.4739969752e-13 5.0327092987e-13
4.4329833984e+02 7.4995217811e-13 2.4708697948e-13 5.0286519863e-13
4.4335937500e+02 7.4910044202e-13 2.4683792420e-13 5.0226251782e-13
4.4342041016e+02 7.4809752365e-13 2.4670242626e-13 5.0139509739e-13
4.4348144531e+02 7.4685022143e-13 2.4660743120e-13 5.0024279024e-13
4.4354248047e+02 7.4554079297e-13 2.4649698195e-13 4.9904381102e-13
4.4360351562e+02 7.4449840650e-13 2.4636999135e-13 4.9812841515e-13
4.4366455078e+02 7.4375390757e-13 2.4619661796e-13 4.9755728960e-13
4.4372558594e+02 7.4304762103e-13 2.4597191725e-13 4.9707570378e-13
4.4378662109e+02 7.4225393690e-13 2.4581891731e-13 4.9643501959e-13
4.4384765625e+02 7.4145358115e-13 2.4582952746e-13 4.9562405369e-13
4.4390869141e+02 7.4074913410e-13 2.4589094218e-13 4.9485819192e-13
4.4396972656e+02 7.4028274165e-13 2.4584141236e-13 4.9444132929e-13
4.4403076172e+02 7.4010679496e-13 2.4565919385e-13 4.9444760111e-13
4.4409179688e+02 7.3991851133e-13 2.4539456370e-13 4.9452394763e-13
4.4415283203e+02 7.3924741644e-13 2.4503031297e-13 4.9421710348e-13
4.4421386719e+02 7.3786587179e-13 2.4448322376e-13 4.9338264803e-13
4.4427490234e+02 7.3594404607e-13 2.4375137858e-13 4.9219266749e-13
4.4433593750e+02 7.3399607989e-13 2.4303745097e-13 4.9095862891e-13
4.4439697266e+02 7.3259460605e-13 2.4263505240e-13 4.8995955365e-13
4.4445800781e+02 7.3203667998e-13 2.4266559120e-13 4.8937108878e-13
4.4451904297e+02 7.3229912931e-13 2.4299640169e-13 4.8930272762e-13
4.4458007812e+02 7.3308324007e-13 2.4340650583e-13 4.8967673424e-13
4.4464111328e+02 7.3385392641e-13 2.4373034368e-13 4.9012358273e-13
4.4470214844e+02 7.3413009039e-13 2.4385111685e-13 4.9027897354e-13
4.4476318359e+02 7.3385791208e-13 2.4371271701e-13 4.9014519507e-13
4.4482421875e+02 7.3339554994e-13 2.4341088679e-13 4.8998466315e-13
4.4488525391e+02 7.3301794921e-13 2.4313660537e-13 4.8988134384e-13
4.4494628906e+02 7.3253387836e-13 2.4294238151e-13 4.8959149686e-13
4.4500732422e+02 7.3167331909e-13 2.4272199527e-13 4.8895132382e-13
4.4506835938e+02 7.3076300583e-13 2.4246358003e-13 4.8829942579e-13
4.4512939453e+02 7.3057202141e-13 2.4231460181e-13 4.8825741960e-13
4.4519042969e+02 7.3138999791e-13 2.4238611508e-13 4.8900388283e-13
4.4525146484e+02 7.3261862496e-13 2.4265856783e-13 4.8996005712e-13
4.4531250000e+02 7.3350583063e-13 2.4306073226e-13 4.9044509837e-13
4.4537353516e+02 7.3398426909e-13 2.4354131991e-13 4.9044294918e-13
4.4543457031e+02 7.3446696947e-13 2.4405096392e-13 4.9041600555e-13
4.4549560547e+02 7.3510203625e-13 2.4449300528e-13 4.9060903097e-13
4.4555664062e+02 7.3564362352e-13 2.4475908961e-13 4.9088453391e-13
4.4561767578e+02 7.3589330916e-13 2.4481539497e-13 4.9107791420e-13
4.4567871094e+02 7.3585052438e-13 2.4469849317e-13 4.9115203120e-13
4.4573974609e+02 7.3544544287e-13 2.4444874318e-13 4.9099669969e-13
4.4580078125e+02 7.3450104868e-13 2.4409909690e-13 4.9040195178e-13
4.4586181641e+02 7.3318007751e-13 2.4374410214e-13 4.8943597537e-13
4.4592285156e+02 7.3218541553e-13 2.4355975129e-13 4.8862566424e-13
4.4598388672e+02 7.3208860141e-13 2.4363183219e-13 4.8845676922e-13
4.4604492188e+02 7.3264957563e-13 2.4379811472e-13 4.8885146092e-13
4.4610595703e+02 7.3314944272e-13 2.4379685505e-13 4.8935258767e-13
4.4616699219e+02 7.3315374059e-13 2.4354266069e-13 4.8961107991e-13
4.4622802734e+02 7.3272697885e-13 2.4317046582e-13 4.8955651303e-13
4.4628906250e+02 7.3210690760e-13 2.4283123382e-13 4.8927567378e-13
4.4635009766e+02 7.3143860577e-13 2.4252817802e-13 4.8891042776e-13
4.4641113281e+02 7.3088893737e-13 2.4218784151e-13 4.8870109585e-13
4.4647216797e+02 7.3067524385e-13 2.4180443247e-13 4.8887081138e-13
4.4653320312e+02 7.3072535911e-13 2.4145645331e-13 4.8926890580e-13
4.4659423828e+02 7.3061196090e-13 2.4123872203e-13 4.8937323887e-13
4.4665527344e+02 7.3006535851e-13 2.4121068681e-13 4.8885467169e-13
4.4671630859e+02 7.2940546934e-13 2.4138604784e-13 4.8801942150e-13
4.4677734375e+02 7.2927706610e-13 2.4172564618e-13 4.8755141992e-13
4.4683837891e+02 7.2994112778e-13 2.4211568888e-13 4.8782543889e-13
4.4689941406e+02 7.3100243423e-13 2.4241531044e-13 4.8858712380e-13
4.4696044922e+02 7.3185157336e-13 2.4256454739e-13 4.8928702597e-13
4.4702148438e+02 7.3205384145e-13 2.4256953182e-13 4.8948430963e-13
4.4708251953e+02 7.3140487672e-13 2.4241580926e-13 4.8898906746e-13
4.4714355469e+02 7.3013146875e-13 2.4214185484e-13 4.8798961391e-13
4.4720458984e+02 7.2895654904e-13 2.4193268946e-13 4.8702385957e-13
4.4726562500e+02 7.2856486594e-13 2.4198252831e-13 4.8658233763e-13
4.4732666016e+02 7.2902814089e-13 2.4228959426e-13 4.8673854662e-13
4.4738769531e+02 7.2987270924e-13 2.4266815801e-13 4.8720455123e-13
4.4744873047e+02 7.3066596269e-13 2.4296447457e-13 4.8770148812e-13
4.4750976562e+02 7.3145414268e-13 2.4321294481e-13 4.8824119786e-13
4.4757080078e+02 7.3252632424e-13 2.4351305125e-13 4.8901327299e-13
4.4763183594e+02 7.3385876563e-13 2.4381324012e-13 4.9004552551e-13
4.4769287109e+02 7.3510875613e-13 2.4400427217e-13 4.9110448397e-13
4.4775390625e+02 7.3605931832e-13 2.4415261794e-13 4.9190670038e-13
4.4781494141e+02 7.3663331376e-13 2.4436706654e-13 4.9226624722e-13
4.4787597656e+02 7.3660176700e-13 2.4454111834e-13 4.9206064866e-13
4.4793701172e+02 7.3582925390e-13 2.4451960627e-13 4.9130964763e-13
4.4799804688e+02 7.3477391493e-13 2.4438108573e-13 4.9039282919e-13
4.4805908203e+02 7.3427998754e-13 2.4431844088e-13 4.8996154666e-13
4.4812011719e+02 7.3476343333e-13 2.4437793303e-13 4.9038550030e-13
4.4818115234e+02 7.3580739269e-13 2.4446050275e-13 4.9134688994e-13
4.4824218750e+02 7.3662007137e-13 2.4446678232e-13 4.9215328906e-13
4.4830322266e+02 7.3673359678e-13 2.4437143759e-13 4.9236215919e-13
4.4836425781e+02 7.3630946354e-13 2.4425911204e-13 4.9205035150e-13
4.4842529297e+02 7.3599233377e-13 2.4430295331e-13 4.9168938047e-13
4.4848632812e+02 7.3637901851e-13 2.4458834033e-13 4.9179067818e-13
4.4854736328e+02 7.3742698469e-13 2.4493745785e-13 4.9248952684e-13
4.4860839844e+02 7.3842426546e-13 2.4501137714e-13 4.9341288833e-13
4.4866943359e+02 7.3866050072e-13 2.4465822657e-13 4.9400227415e-13
4.4873046875e+02 7.3814287062e-13 2.4411049123e-13 4.9403237939e-13
4.4879150391e+02 7.3752350628e-13 2.4374618515e-13 4.9377732113e-13
4.4885253906e+02 7.3726170079e-13 2.4367671836e-13 4.9358498243e-13
4.4891357422e+02 7.3717626018e-13 2.4368866207e-13 4.9348759811e-13
4.4897460938e+02 7.3703627731e-13 2.4360654129e-13 4.9342973601e-13
4.4903564453e+02 7.3708783530e-13 2.4354219712e-13 4.9354563818e-13
4.4909667969e+02 7.3761477907e-13 2.4368716962e-13 4.9392760945e-13
4.4915771484e+02 7.3844911224e-13 2.4402404093e-13 4.9442507131e-13
4.4921875000e+02 7.3923210162e-13 2.4438951763e-13 4.9484258399e-13
4.4927978516e+02 7.3981410029e-13 2.4470032870e-13 4.9511377159e-13
4.4934082031e+02 7.4023266131e-13 2.4496921570e-13 4.9526344562e-13
4.4940185547e+02 7.4053488362e-13 2.4517445880e-13 4.9536042482e-13
4.4946289062e+02 7.4073415436e-13 2.4525770217e-13 4.9547645219e-13
4.4952392578e+02 7.4077723859e-13 2.4520779318e-13 4.9556944541e-13
4.4958496094e+02 7.4054403007e-13 2.4504399094e-13 4.9550003912e-13
4.4964599609e+02 7.4014352103e-13 2.4479202955e-13 4.9535149149e-13
4.4970703125e+02 7.4009418321e-13 2.4453465156e-13 4.9555953165e-13
4.4976806641e+02 7.4073177959e-13 2.4436151014e-13 4.9637026945e-13
4.4982910156e+02 7.4156855100e-13 2.4423863109e-13 4.9732991992e-13
4.4989013672e+02 7.4183657465e-13 2.4409805611e-13 4.9773851854e-13
4.4995117188e+02 7.4147468324e-13 2.4405418484e-13 4.9742049840e-13
4.5001220703e+02 7.4094352802e-13 2.4425955051e-13 4.9668397751e-13
4.5007324219e+02 7.4038161262e-13 2.4454218085e-13 4.9583943177e-13
4.5013427734e+02 7.3959709728e-13 2.4452312035e-13 4.9507397693e-13
4.5019531250e+02 7.3862936503e-13 2.4412357105e-13 4.9450579398e-13
4.5025634766e+02 7.3778519628e-13 2.4365651820e-13 4.9412867808e-13
4.5031738281e+02 7.3723986521e-13 2.4342021644e-13 4.9381964877e-13
4.5037841797e+02 7.3695442702e-13 2.4345709253e-13 4.9349733448e-13
4.5043945312e+02 7.3695195055e-13 2.4366895044e-13 4.9328300010e-13
4.5050048828e+02 7.3741734970e-13 2.4395728413e-13 4.9346006557e-13
4.5056152344e+02 7.3840838332e-13 2.4425122426e-13 4.9415715906e-13
4.5062255859e+02 7.3960291056e-13 2.4448767554e-13 4.9511523502e-13
4.5068359375e+02 7.4053131422e-13 2.4461628317e-13 4.9591503105e-13
4.5074462891e+02 7.4094699676e-13 2.4463578845e-13 4.9631120831e-13
4.5080566406e+02 7.4085328820e-13 2.4459100975e-13 4.9626227845e-13
4.5086669922e+02 7.4041586072e-13 2.4451985573e-13 4.9589600499e-13
4.5092773438e+02 7.3989603720e-13 2.4440957678e-13 4.9548646042e-13
4.5098876953e+02 7.3947887261e-13 2.4424005768e-13 4.9523881493e-13
4.5104980469e+02 7.3921058590e-13 2.4407445664e-13 4.9513612926e-13
4.5111083984e+02 7.3911385369e-13 2.4400240357e-13 4.9511145012e-13
4.5117187500e+02 7.3917011037e-13 2.4396645373e-13 4.9520365664e-13
4.5123291016e+02 7.3917854832e-13 2.4378820341e-13 4.9539034490e-13
4.5129394531e+02 7.3887157430e-13 2.4343936210e-13 4.9543221219e-13
4.5135498047e+02 7.3823517975e-13 2.4315346938e-13 4.9508171036e-13
4.5141601562e+02 7.3755191358e-13 2.4316697890e-13 4.9438493468e-13
4.5147705078e+02 7.3707281095e-13 2.4344268509e-13 4.9363012586e-13
4.5153808594e+02 7.3666731779e-13 2.4369123780e-13 4.9297607999e-13
4.5159912109e+02 7.3590523640e-13 2.4362181899e-13 4.9228341741e-13
4.5166015625e+02 7.3463860933e-13 2.4320705235e-13 4.9143155698e-13
4.5172119141e+02 7.3332220618e-13 2.4270279645e-13 4.9061940973e-13
4.5178222656e+02 7.3260469463e-13 2.4241388612e-13 4.9019080851e-13
4.5184326172e+02 7.3276201246e-13 2.4247947901e-13 4.9028253344e-13
4.5190429688e+02 7.3347155096e-13 2.4278597916e-13 4.9068557179e-13
4.5196533203e+02 7.3404072921e-13 2.4304536831e-13 4.9099536090e-13
4.5202636719e+02 7.3400682553e-13 2.4307531881e-13 4.9093150673e-13
4.5208740234e+02 7.3344874956e-13 2.4295500680e-13 4.9049374277e-13
4.5214843750e+02 7.3267951286e-13 2.4281687932e-13 4.8986263353e-13
4.5220947266e+02 7.3194335519e-13 2.4264504814e-13 4.8929830705e-13
4.5227050781e+02 7.3142924134e-13 2.4238788023e-13 4.8904136110e-13
4.5233154297e+02 7.3118955113e-13 2.4209955965e-13 4.8908999148e-13
4.5239257812e+02 7.3089837427e-13 2.4181461773e-13 4.8908375654e-13
4.5245361328e+02 7.3004043030e-13 2.4142998537e-13 4.8861044493e-13
4.5251464844e+02 7.2860336881e-13 2.4090407323e-13 4.8769929558e-13
4.5257568359e+02 7.2727974201e-13 2.4041711419e-13 4.8686262782e-13
4.5263671875e+02 7.2672402037e-13 2.4016847102e-13 4.8655554936e-13
4.5269775391e+02 7.2689210997e-13 2.4016869231e-13 4.8672341766e-13
4.5275878906e+02 7.2727874365e-13 2.4028301305e-13 4.8699573059e-13
4.5281982422e+02 7.2748003553e-13 2.4035009591e-13 4.8712993962e-13
4.5288085938e+02 7.2734272870e-13 2.4027666728e-13 4.8706606142e-13
4.5294189453e+02 7.2679043445e-13 2.4006173042e-13 4.8672870403e-13
4.5300292969e+02 7.2571718815e-13 2.3973604345e-13 4.8598114470e-13
4.5306396484e+02 7.2413398518e-13 2.3935367277e-13 4.8478031241e-13
4.5312500000e+02 7.2244258262e-13 2.3902910614e-13 4.8341347647e-13
4.5318603516e+02 7.2133728319e-13 2.3888221130e-13 4.8245507189e-13
4.5324707031e+02 7.2110285671e-13 2.3889134382e-13 4.8221151289e-13
4.5330810547e+02 7.2115625602e-13 2.3882471079e-13 4.8233154523e-13
4.5336914062e+02 7.2067313546e-13 2.3845093530e-13 4.8222220016e-13
4.5343017578e+02 7.1950348942e-13 2.3784485574e-13 4.8165863368e-13
4.5349121094e+02 7.1818433006e-13 2.3733381377e-13 4.8085051630e-13
4.5355224609e+02 7.1729512610e-13 2.3713968287e-13 4.8015544323e-13
4.5361328125e+02 7.1704446010e-13 2.3721615755e-13 4.7982830255e-13
4.5367431641e+02 7.1735100617e-13 2.3741438991e-13 4.7993661626e-13
4.5373535156e+02 7.1812045823e-13 2.3765825980e-13 4.8046219843e-13
4.5379638672e+02 7.1928102892e-13 2.3791246028e-13 4.8136856865e-13
4.5385742188e+02 7.2051124170e-13 2.3808425307e-13 4.8242698863e-13
4.5391845703e+02 7.2128519383e-13 2.3810393240e-13 4.8318126143e-13
4.5397949219e+02 7.2141663887e-13 2.3807671788e-13 4.8333992099e-13
4.5404052734e+02 7.2118849698e-13 2.3817778241e-13 4.8301071457e-13
4.5410156250e+02 7.2078576790e-13 2.3839220806e-13 4.8239355985e-13
4.5416259766e+02 7.2005030778e-13 2.3849808553e-13 4.8155222225e-13
4.5422363281e+02 7.1898790418e-13 2.3829871248e-13 4.8068919170e-13
4.5428466797e+02 7.1806934623e-13 2.3779000047e-13 4.8027934576e-13
4.5434570312e+02 7.1772757104e-13 2.3715354853e-13 4.8057402251e-13
4.5440673828e+02 7.1785723007e-13 2.3665169866e-13 4.8120553141e-13
4.5446777344e+02 7.1802150882e-13 2.3645526355e-13 4.8156624526e-13
4.5452880859e+02 7.1790567513e-13 2.3653078264e-13 4.8137489249e-13
4.5458984375e+02 7.1748218049e-13 2.3672447821e-13 4.8075770229e-13
4.5465087891e+02 7.1693682570e-13 2.3690715723e-13 4.8002966847e-13
4.5471191406e+02 7.1652439934e-13 2.3702526134e-13 4.7949913800e-13
4.5477294922e+02 7.1647868834e-13 2.3708935147e-13 4.7938933687e-13
4.5483398438e+02 7.1686595800e-13 2.3712131479e-13 4.7974464321e-13
4.5489501953e+02 7.1728134130e-13 2.3708639873e-13 4.8019494257e-13
4.5495605469e+02 7.1699006107e-13 2.3693116942e-13 4.8005889164e-13
4.5501708984e+02 7.1577704226e-13 2.3672574268e-13 4.7905129958e-13
4.5507812500e+02 7.1437822964e-13 2.3668982216e-13 4.7768840748e-13
4.5513916016e+02 7.1371819341e-13 2.3697325790e-13 4.7674493551e-13
4.5520019531e+02 7.1390111630e-13 2.3742206693e-13 4.7647904937e-13
4.5526123047e+02 7.1421914968e-13 2.3768132226e-13 4.7653782743e-13
4.5532226562e+02 7.1409675913e-13 2.3754389574e-13 4.7655286339e-13
4.5538330078e+02 7.1370061473e-13 2.3709013825e-13 4.7661047648e-13
4.5544433594e+02 7.1350012472e-13 2.3654532207e-13 4.7695480265e-13
4.5550537109e+02 7.1361443325e-13 2.3615392135e-13 4.7746051190e-13
4.5556640625e+02 7.1384363196e-13 2.3609335653e-13 4.7775027544e-13
4.5562744141e+02 7.1396478811e-13 2.3630552137e-13 4.7765926674e-13
4.5568847656e+02 7.1383934381e-13 2.3647889871e-13 4.7736044510e-13
4.5574951172e+02 7.1358032894e-13 2.3637151040e-13 4.7720881854e-13
4.5581054688e+02 7.1347296407e-13 2.3605552572e-13 4.7741743836e-13
4.5587158203e+02 7.1351856230e-13 2.3572758688e-13 4.7779097542e-13
4.5593261719e+02 7.1350440977e-13 2.3548251358e-13 4.7802189620e-13
4.5599365234e+02 7.1355837644e-13 2.3539835509e-13 4.7816002135e-13
4.5605468750e+02 7.1406033950e-13 2.3560866882e-13 4.7845167068e-13
4.5611572266e+02 7.1498977651e-13 2.3612998010e-13 4.7885979641e-13
4.5617675781e+02 7.1580386143e-13 2.3674983247e-13 4.7905402896e-13
4.5623779297e+02 7.1600631850e-13 2.3719986502e-13 4.7880645348e-13
4.5629882812e+02 7.1560203408e-13 2.3737707415e-13 4.7822495993e-13
4.5635986328e+02 7.1496901609e-13 2.3734118821e-13 4.7762782789e-13
4.5642089844e+02 7.1443420464e-13 2.3718333683e-13 4.7725086782e-13
4.5648193359e+02 7.1404370063e-13 2.3697042823e-13 4.7707327240e-13
4.5654296875e+02 7.1365478045e-13 2.3674009922e-13 4.7691468123e-13
4.5660400391e+02 7.1313873395e-13 2.3649973514e-13 4.7663899881e-13
4.5666503906e+02 7.1251685161e-13 2.3628290981e-13 4.7623394179e-13
4.5672607422e+02 7.1194902455e-13 2.3615811261e-13 4.7579091194e-13
4.5678710938e+02 7.1157771442e-13 2.3611507595e-13 4.7546263847e-13
4.5684814453e+02 7.1137658664e-13 2.3603598368e-13 4.7534060296e-13
4.5690917969e+02 7.1115588453e-13 2.3583822633e-13 4.7531765820e-13
4.5697021484e+02 7.1071517827e-13 2.3556011472e-13 4.7515506355e-13
4.5703125000e+02 7.0998826829e-13 2.3527210841e-13 4.7471615989e-13
4.5709228516e+02 7.0911913966e-13 2.3499097092e-13 4.7412816874e-13
4.5715332031e+02 7.0844918465e-13 2.3472185639e-13 4.7372732826e-13
4.5721435547e+02 7.0831276236e-13 2.3453855056e-13 4.7377421180e-13
4.5727539062e+02 7.0879616441e-13 2.3457869205e-13 4.7421747236e-13
4.5733642578e+02 7.0967526071e-13 2.3489549014e-13 4.7477977057e-13
4.5739746094e+02 7.1054627685e-13 2.3533109165e-13 4.7521518519e-13
4.5745849609e+02 7.1110885792e-13 2.3565869437e-13 4.7545016355e-13
4.5751953125e+02 7.1124649566e-13 2.3575999237e-13 4.7548650329e-13
4.5758056641e+02 7.1084947614e-13 2.3556017110e-13 4.7528930505e-13
4.5764160156e+02 7.0992659666e-13 2.3502234687e-13 4.7490424979e-13
4.5770263672e+02 7.0883630049e-13 2.3431253296e-13 4.7452376752e-13
4.5776367188e+02 7.0807292600e-13 2.3377256229e-13 4.7430036371e-13
4.5782470703e+02 7.0783498208e-13 2.3363862047e-13 4.7419636161e-13
4.5788574219e+02 7.0785406497e-13 2.3382475303e-13 4.7402931194e-13
4.5794677734e+02 7.0766170294e-13 2.3403868872e-13 4.7362301422e-13
4.5800781250e+02 7.0710056941e-13 2.3412054812e-13 4.7298002129e-13
4.5806884766e+02 7.0649562029e-13 2.3417423567e-13 4.7232138461e-13
4.5812988281e+02 7.0629710174e-13 2.3436548585e-13 4.7193161589e-13
4.5819091797e+02 7.0671073468e-13 2.3470690563e-13 4.7200382905e-13
4.5825195312e+02 7.0762416943e-13 2.3506518956e-13 4.7255897987e-13
4.5831298828e+02 7.0870291199e-13 2.3532242775e-13 4.7338048423e-13
4.5837402344e+02 7.0955442360e-13 2.3546702429e-13 4.7408739931e-13
4.5843505859e+02 7.0989199745e-13 2.3550778658e-13 4.7438421087e-13
4.5849609375e+02 7.0963281435e-13 2.3538171924e-13 4.7425109511e-13
4.5855712891e+02 7.0893795203e-13 2.3503503617e-13 4.7390291585e-13
4.5861816406e+02 7.0823384659e-13 2.3460239587e-13 4.7363145072e-13
4.5867919922e+02 7.0807323430e-13 2.3440576767e-13 4.7366746663e-13
4.5874023438e+02 7.0867175604e-13 2.3463329242e-13 4.7403846362e-13
4.5880126953e+02 7.0964718859e-13 2.3507560071e-13 4.7457158788e-13
4.5886230469e+02 7.1054016894e-13 2.3536696892e-13 4.7517320002e-13
4.5892333984e+02 7.1142729808e-13 2.3543885424e-13 4.7598844384e-13
4.5898437500e+02 7.1264462460e-13 2.3552160061e-13 4.7712302399e-13
4.5904541016e+02 7.1411581829e-13 2.3576522451e-13 4.7835059378e-13
4.5910644531e+02 7.1542240523e-13 2.3610894783e-13 4.7931345741e-13
4.5916748047e+02 7.1639607568e-13 2.3645919800e-13 4.7993687768e-13
4.5922851562e+02 7.1715130712e-13 2.3675725523e-13 4.8039405189e-13
4.5928955078e+02 7.1759451424e-13 2.3689596509e-13 4.8069854915e-13
4.5935058594e+02 7.1737446173e-13 2.3676303705e-13 4.8061142468e-13
4.5941162109e+02 7.1638957005e-13 2.3641903839e-13 4.7997053166e-13
4.5947265625e+02 7.1498719189e-13 2.3608114924e-13 4.7890604265e-13
4.5953369141e+02 7.1354532508e-13 2.3584692483e-13 4.7769840025e-13
4.5959472656e+02 7.1221184442e-13 2.3561023189e-13 4.7660161253e-13
4.5965576172e+02 7.1118972035e-13 2.3532299881e-13 4.7586672153e-13
4.5971679688e+02 7.1082494408e-13 2.3512873679e-13 4.7569620729e-13
4.5977783203e+02 7.1120739312e-13 2.3517128661e-13 4.7603610651e-13
4.5983886719e+02 7.1202208610e-13 2.3544718284e-13 4.7657490326e-13
4.5989990234e+02 7.1287461619e-13 2.3586270253e-13 4.7701191366e-13
4.5996093750e+02 7.1353964217e-13 2.3628746845e-13 4.7725217372e-13
4.6002197266e+02 7.1396492236e-13 2.3656714329e-13 4.7739777907e-13
4.6008300781e+02 7.1424149760e-13 2.3660075797e-13 4.7764073962e-13
4.6014404297e+02 7.1450438571e-13 2.3642168692e-13 4.7808269878e-13
4.6020507812e+02 7.1481157484e-13 2.3618373143e-13 4.7862784341e-13
4.6026611328e+02 7.1520618336e-13 2.3607490319e-13 4.7913128017e-13
4.6032714844e+02 7.1575931548e-13 2.3621329869e-13 4.7954601679e-13
4.6038818359e+02 7.1646043983e-13 2.3656290667e-13 4.7989753316e-13
4.6044921875e+02 7.1720462170e-13 2.3694367252e-13 4.8026094917e-13
4.6051025391e+02 7.1781723456e-13 2.3716580449e-13 4.8065143008e-13
4.6057128906e+02 7.1809691663e-13 2.3719016646e-13 4.8090675017e-13
4.6063232422e+02 7.1806543844e-13 2.3715922427e-13 4.8090621416e-13
4.6069335938e+02 7.1803180221e-13 2.3723341005e-13 4.8079839216e-13
4.6075439453e+02 7.1819819613e-13 2.3741028421e-13 4.8078791192e-13
4.6081542969e+02 7.1840874771e-13 2.3754356478e-13 4.8086518293e-13
4.6087646484e+02 7.1843218623e-13 2.3750323986e-13 4.8092894637e-13
4.6093750000e+02 7.1831885656e-13 2.3729375846e-13 4.8102509810e-13
4.6099853516e+02 7.1836567124e-13 2.3704078089e-13 4.8132489035e-13
4.6105957031e+02 7.1885387961e-13 2.3689511288e-13 4.8195876673e-13
4.6112060547e+02 7.1985261598e-13 2.3695745559e-13 4.8289516040e-13
4.6118164062e+02 7.2111685500e-13 2.3721303091e-13 4.8390382409e-13
4.6124267578e+02 7.2219969832e-13 2.3752977535e-13 4.8466992297e-13
4.6130371094e+02 7.2279475701e-13 2.3781215506e-13 4.8498260195e-13
4.6136474609e+02 7.2285103155e-13 2.3807574907e-13 4.8477528248e-13
4.6142578125e+02 7.2231041630e-13 2.3828577122e-13 4.8402464509e-13
4.6148681641e+02 7.2114489966e-13 2.3832019609e-13 4.8282470356e-13
4.6154785156e+02 7.1984326481e-13 2.3819295427e-13 4.8165031055e-13
4.6160888672e+02 7.1932439708e-13 2.3808004175e-13 4.8124435533e-13
4.6166992188e+02 7.1999127975e-13 2.3805505698e-13 4.8193622277e-13
4.6173095703e+02 7.2118506789e-13 2.3799405910e-13 4.8319100879e-13
4.6179199219e+02 7.2182790872e-13 2.3776747066e-13 4.8406043806e-13
4.6185302734e+02 7.2139198984e-13 2.3740660484e-13 4.8398538500e-13
4.6191406250e+02 7.2013565931e-13 2.3705427221e-13 4.8308138710e-13
4.6197509766e+02 7.1870531331e-13 2.3681193858e-13 4.8189337473e-13
4.6203613281e+02 7.1770982068e-13 2.3668314525e-13 4.8102667544e-13
4.6209716797e+02 7.1742539450e-13 2.3662157183e-13 4.8080382268e-13
4.6215820312e+02 7.1772662957e-13 2.3661059739e-13 4.8111603218e-13
4.6221923828e+02 7.1837696989e-13 2.3672083170e-13 4.8165613818e-13
4.6228027344e+02 7.1924859334e-13 2.3702348616e-13 4.8222510717e-13
4.6234130859e+02 7.2022689519e-13 2.3744006091e-13 4.8278683428e-13
4.6240234375e+02 7.2118955025e-13 2.3780012422e-13 4.8338942603e-13
4.6246337891e+02 7.2208029515e-13 2.3804349329e-13 4.8403680186e-13
4.6252441406e+02 7.2279335351e-13 2.3822831353e-13 4.8456503998e-13
4.6258544922e+02 7.2312127151e-13 2.3835080954e-13 4.8477046197e-13
4.6264648438e+02 7.2304623325e-13 2.3833685687e-13 4.8470937639e-13
4.6270751953e+02 7.2289430308e-13 2.3823161539e-13 4.8466268769e-13
4.6276855469e+02 7.2299848456e-13 2.3821685476e-13 4.8478162980e-13
4.6282958984e+02 7.2345338927e-13 2.3843997958e-13 4.8501340968e-13
4.6289062500e+02 7.2426622134e-13 2.3893470723e-13 4.8533151410e-13
4.6295166016e+02 7.2535589354e-13 2.3960059522e-13 4.8575529832e-13
4.6301269531e+02 7.2635358493e-13 2.4019423139e-13 4.8615935355e-13
4.6307373047e+02 7.2673137333e-13 2.4045204264e-13 4.8627933069e-13
4.6313476562e+02 7.2620768147e-13 2.4025364118e-13 4.8595404029e-13
4.6319580078e+02 7.2499320142e-13 2.3968537631e-13 4.8530782511e-13
4.6325683594e+02 7.2373119703e-13 2.3902031448e-13 4.8471088255e-13
4.6331787109e+02 7.2316116924e-13 2.3859625325e-13 4.8456491599e-13
4.6337890625e+02 7.2355717537e-13 2.3856965460e-13 4.8498752077e-13
4.6343994141e+02 7.2442987528e-13 2.3876595552e-13 4.8566391976e-13
4.6350097656e+02 7.2509445960e-13 2.3890771599e-13 4.8618674361e-13
4.6356201172e+02 7.2544363953e-13 2.3896754226e-13 4.8647609727e-13
4.6362304688e+02 7.2570611687e-13 2.3908704812e-13 4.8661906874e-13
4.6368408203e+02 7.2574271701e-13 2.3921379455e-13 4.8652892246e-13
4.6374511719e+02 7.2531201523e-13 2.3912724081e-13 4.8618477442e-13
4.6380615234e+02 7.2479773748e-13 2.3879630186e-13 4.8600143562e-13
4.6386718750e+02 7.2488122148e-13 2.3843773129e-13 4.8644349019e-13
4.6392822266e+02 7.2564499148e-13 2.3826940236e-13 4.8737558912e-13
4.6398925781e+02 7.2664452765e-13 2.3836836931e-13 4.8827615834e-13
4.6405029297e+02 7.2761193595e-13 2.3866010198e-13 4.8895183397e-13
4.6411132812e+02 7.2853153099e-13 2.3896669757e-13 4.8956483342e-13
4.6417236328e+02 7.2926886334e-13 2.3914186507e-13 4.9012699827e-13
4.6423339844e+02 7.2953562608e-13 2.3917079891e-13 4.9036482716e-13
4.6429443359e+02 7.2914763561e-13 2.3913400367e-13 4.9001363194e-13
4.6435546875e+02 7.2818582139e-13 2.3907965129e-13 4.8910617011e-13
4.6441650391e+02 7.2698401038e-13 2.3895289947e-13 4.8803111090e-13
4.6447753906e+02 7.2602384923e-13 2.3871316814e-13 4.8731068108e-13
4.6453857422e+02 7.2561672879e-13 2.3846196367e-13 4.8715476512e-13
4.6459960938e+02 7.2552416317e-13 2.3833282533e-13 4.8719133784e-13
4.6466064453e+02 7.2515129840e-13 2.3829287256e-13 4.8685842585e-13
4.6472167969e+02 7.2422823534e-13 2.3818674524e-13 4.8604149011e-13
4.6478271484e+02 7.2306174670e-13 2.3797414819e-13 4.8508759850e-13
4.6484375000e+02 7.2215861876e-13 2.3778031549e-13 4.8437830327e-13
4.6490478516e+02 7.2170597274e-13 2.3765882007e-13 4.8404715268e-13
4.6496582031e+02 7.2127174295e-13 2.3743483084e-13 4.8383691210e-13
4.6502685547e+02 7.2027032033e-13 2.3695875982e-13 4.8331156051e-13
4.6508789062e+02 7.1890077654e-13 2.3643863462e-13 4.8246214192e-13
4.6514892578e+02 7.1804444319e-13 2.3624209812e-13 4.8180234507e-13
4.6520996094e+02 7.1809807560e-13 2.3641992690e-13 4.8167814870e-13
4.6527099609e+02 7.1850707257e-13 2.3666927030e-13 4.8183780227e-13
4.6533203125e+02 7.1851853919e-13 2.3670385959e-13 4.8181467959e-13
4.6539306641e+02 7.1795090127e-13 2.3652995334e-13 4.8142094794e-13
4.6545410156e+02 7.1709440945e-13 2.3635289481e-13 4.8074151464e-13
4.6551513672e+02 7.1617772142e-13 2.3624444343e-13 4.7993327799e-13
4.6557617188e+02 7.1527197364e-13 2.3606439799e-13 4.7920757565e-13
4.6563720703e+02 7.1448762970e-13 2.3575179881e-13 4.7873583088e-13
4.6569824219e+02 7.1389611534e-13 2.3546864915e-13 4.7842746619e-13
4.6575927734e+02 7.1349007651e-13 2.3539141743e-13 4.7809865908e-13
4.6582031250e+02 7.1335754664e-13 2.3548292256e-13 4.7787462409e-13
4.6588134766e+02 7.1356117779e-13 2.3550922627e-13 4.7805195151e-13
4.6594238281e+02 7.1386791626e-13 2.3530215102e-13 4.7856576524e-13
4.6600341797e+02 7.1389269693e-13 2.3498411005e-13 4.7890858688e-13
4.6606445312e+02 7.1352504160e-13 2.3484605681e-13 4.7867898479e-13
4.6612548828e+02 7.1310446510e-13 2.3503552969e-13 4.7806893541e-13
4.6618652344e+02 7.1307612485e-13 2.3544983303e-13 4.7762629183e-13
4.6624755859e+02 7.1347912668e-13 2.3587440143e-13 4.7760472525e-13
4.6630859375e+02 7.1390150140e-13 2.3612536895e-13 4.7777613245e-13
4.6636962891e+02 7.1394253319e-13 2.3612100243e-13 4.7782153076e-13
4.6643066406e+02 7.1358929209e-13 2.3593361063e-13 4.7765568147e-13
4.6649169922e+02 7.1306875736e-13 2.3572718637e-13 4.7734157099e-13
4.6655273438e+02 7.1245495528e-13 2.3556923489e-13 4.7688572039e-13
4.6661376953e+02 7.1165352877e-13 2.3539233637e-13 4.7626119240e-13
4.6667480469e+02 7.1070136096e-13 2.3517782839e-13 4.7552353257e-13
4.6673583984e+02 7.0977259619e-13 2.3501628580e-13 4.7475631039e-13
4.6679687500e+02 7.0897871181e-13 2.3495115350e-13 4.7402755831e-13
4.6685791016e+02 7.0847974294e-13 2.3493886605e-13 4.7354087689e-13
4.6691894531e+02 7.0859827987e-13 2.3496595239e-13 4.7363232748e-13
4.6697998047e+02 7.0937733319e-13 2.3501183536e-13 4.7436549783e-13
4.6704101562e+02 7.1015590858e-13 2.3491708015e-13 4.7523882844e-13
4.6710205078e+02 7.1007738240e-13 2.3450827998e-13 4.7556910242e-13
4.6716308594e+02 7.0898474043e-13 2.3386481027e-13 4.7511993015e-13
4.6722412109e+02 7.0746813746e-13 2.3329790525e-13 4.7417023221e-13
4.6728515625e+02 7.0617875403e-13 2.3304772153e-13 4.7313103250e-13
4.6734619141e+02 7.0545209622e-13 2.3309191196e-13 4.7236018427e-13
4.6740722656e+02 7.0543344215e-13 2.3324660932e-13 4.7218683284e-13
4.6746826172e+02 7.0600303828e-13 2.3335084655e-13 4.7265219172e-13
4.6752929688e+02 7.0651996927e-13 2.3332870715e-13 4.7319126212e-13
4.6759033203e+02 7.0620327784e-13 2.3318590278e-13 4.7301737506e-13
4.6765136719e+02 7.0490417091e-13 2.3299032196e-13 4.7191384895e-13
4.6771240234e+02 7.0318117736e-13 2.3280657202e-13 4.7037460534e-13
4.6777343750e+02 7.0169623017e-13 2.3266879435e-13 4.6902743582e-13
4.6783447266e+02 7.0075874178e-13 2.3260557359e-13 4.6815316819e-13
4.6789550781e+02 7.0026964413e-13 2.3259886437e-13 4.6767077975e-13
4.6795654297e+02 6.9997837691e-13 2.3257234894e-13 4.6740602797e-13
4.6801757812e+02 6.9989177352e-13 2.3252016640e-13 4.6737160711e-13
4.6807861328e+02 7.0023729970e-13 2.3253353173e-13 4.6770376797e-13
4.6813964844e+02 7.0091708038e-13 2.3261937067e-13 4.6829770971e-13
4.6820068359e+02 7.0141221711e-13 2.3263469226e-13 4.6877752485e-13
4.6826171875e+02 7.0134748350e-13 2.3245515958e-13 4.6889232392e-13
4.6832275391e+02 7.0077996830e-13 2.3209493270e-13 4.6868503560e-13
4.6838378906e+02 6.9992865003e-13 2.3165262887e-13 4.6827602116e-13
4.6844482422e+02 6.9891342054e-13 2.3120700336e-13 4.6770641718e-13
4.6850585938e+02 6.9774853921e-13 2.3075732931e-13 4.6699120990e-13
4.6856689453e+02 6.9645727371e-13 2.3027348384e-13 4.6618378987e-13
4.6862792969e+02 6.9516858724e-13 2.2981209853e-13 4.6535648870e-13
4.6868896484e+02 6.9404987779e-13 2.2949884777e-13 4.6455103001e-13
4.6875000000e+02 6.9320238275e-13 2.2938174963e-13 4.6382063311e-13
4.6881103516e+02 6.9274930674e-13 2.2940190761e-13 4.6334739914e-13
4.6887207031e+02 6.9280995385e-13 2.2949699205e-13 4.6331296180e-13
4.6893310547e+02 6.9321218789e-13 2.2965230198e-13 4.6355988591e-13
4.6899414062e+02 6.9354404322e-13 2.2988148630e-13 4.6366255692e-13
4.6905517578e+02 6.9359508980e-13 2.3016858089e-13 4.6342650891e-13
4.6911621094e+02 6.9343046586e-13 2.3038340951e-13 4.6304705635e-13
4.6917724609e+02 6.9310893450e-13 2.3034149375e-13 4.6276744075e-13
4.6923828125e+02 6.9271146572e-13 2.3003844500e-13 4.6267302072e-13
4.6929931641e+02 6.9251075723e-13 2.2973343318e-13 4.6277732405e-13
4.6936035156e+02 6.9274294658e-13 2.2969949144e-13 4.6304345514e-13
4.6942138672e+02 6.9327203295e-13 2.2991002932e-13 4.6336200364e-13
4.6948242188e+02 6.9367887050e-13 2.3005415826e-13 4.6362471224e-13
4.6954345703e+02 6.9369704951e-13 2.2991037547e-13 4.6378667404e-13
4.6960449219e+02 6.9348450111e-13 2.2959955326e-13 4.6388494785e-13
4.6966552734e+02 6.9343089541e-13 2.2937605107e-13 4.6405484434e-13
4.6972656250e+02 6.9380916755e-13 2.2933879304e-13 4.6447037451e-13
4.6978759766e+02 6.9460503390e-13 2.2947389966e-13 4.6513113424e-13
4.6984863281e+02 6.9549826571e-13 2.2977616295e-13 4.6572210276e-13
4.6990966797e+02 6.9608091675e-13 2.3018360262e-13 4.6589731413e-13
4.6997070312e+02 6.9621305374e-13 2.3054209624e-13 4.6567095750e-13
4.7003173828e+02 6.9603810346e-13 2.3073226898e-13 4.6530583448e-13
4.7009277344e+02 6.9570806665e-13 2.3074826594e-13 4.6495980071e-13
4.7015380859e+02 6.9526155859e-13 2.3062576274e-13 4.6463579585e-13
4.7021484375e+02 6.9473196884e-13 2.3040434106e-13 4.6432762778e-13
4.7027587891e+02 6.9432728297e-13 2.3019649788e-13 4.6413078509e-13
4.7033691406e+02 6.9436573980e-13 2.3013927186e-13 4.6422646794e-13
4.7039794922e+02 6.9490856534e-13 2.3022960698e-13 4.6467895836e-13
4.7045898438e+02 6.9561038599e-13 2.3032924349e-13 4.6528114250e-13
4.7052001953e+02 6.9598276296e-13 2.3032069334e-13 4.6566206962e-13
4.7058105469e+02 6.9573351586e-13 2.3018973803e-13 4.6554377783e-13
4.7064208984e+02 6.9498454594e-13 2.2999215764e-13 4.6499238830e-13
4.7070312500e+02 6.9427691622e-13 2.2981001051e-13 4.6446690571e-13
4.7076416016e+02 6.9425143737e-13 2.2974654889e-13 4.6450488848e-13
4.7082519531e+02 6.9514329707e-13 2.2986743137e-13 4.6527586570e-13
4.7088623047e+02 6.9655616654e-13 2.3011393631e-13 4.6644223024e-13
4.7094726562e+02 6.9785273845e-13 2.3037196761e-13 4.6748077084e-13
4.7100830078e+02 6.9872095101e-13 2.3062290456e-13 4.6809804644e-13
4.7106933594e+02 6.9917109753e-13 2.3091119939e-13 4.6825989814e-13
4.7113037109e+02 6.9920846375e-13 2.3119674891e-13 4.6801171483e-13
4.7119140625e+02 6.9890468681e-13 2.3137292878e-13 4.6753175803e-13
4.7125244141e+02 6.9864347980e-13 2.3143233166e-13 4.6721114814e-13
4.7131347656e+02 6.9889736159e-13 2.3148975115e-13 4.6740761044e-13
4.7137451172e+02 6.9968768710e-13 2.3159736360e-13 4.6809032350e-13
4.7143554688e+02 7.0049566258e-13 2.3167706262e-13 4.6881859996e-13
4.7149658203e+02 7.0088364626e-13 2.3171732298e-13 4.6916632328e-13
4.7155761719e+02 7.0101823885e-13 2.3188065804e-13 4.6913758081e-13
4.7161865234e+02 7.0137128090e-13 2.3228850486e-13 4.6908277604e-13
4.7167968750e+02 7.0211954948e-13 2.3280682072e-13 4.6931272876e-13
4.7174072266e+02 7.0305062688e-13 2.3316054699e-13 4.6989007989e-13
4.7180175781e+02 7.0388265511e-13 2.3322900892e-13 4.7065364620e-13
4.7186279297e+02 7.0445091414e-13 2.3315923425e-13 4.7129167989e-13
4.7192382812e+02 7.0469719923e-13 2.3317700647e-13 4.7152019276e-13
4.7198486328e+02 7.0477931128e-13 2.3336499503e-13 4.7141431625e-13
4.7204589844e+02 7.0514729177e-13 2.3366757492e-13 4.7147971685e-13
4.7210693359e+02 7.0614053718e-13 2.3399008006e-13 4.7215045711e-13
4.7216796875e+02 7.0748898910e-13 2.3422834857e-13 4.7326064053e-13
4.7222900391e+02 7.0854053048e-13 2.3431081212e-13 4.7422971836e-13
4.7229003906e+02 7.0897275962e-13 2.3426245050e-13 4.7471030913e-13
4.7235107422e+02 7.0912443438e-13 2.3421927902e-13 4.7490515536e-13
4.7241210938e+02 7.0968460146e-13 2.3437941635e-13 4.7530518510e-13
4.7247314453e+02 7.1098354755e-13 2.3484230720e-13 4.7614124036e-13
4.7253417969e+02 7.1259193221e-13 2.3545262332e-13 4.7713930889e-13
4.7259521484e+02 7.1382351397e-13 2.3590126251e-13 4.7792225146e-13
4.7265625000e+02 7.1448805551e-13 2.3602600758e-13 4.7846204793e-13
4.7271728516e+02 7.1492526758e-13 2.3596561228e-13 4.7895965530e-13
4.7277832031e+02 7.1546436474e-13 2.3597495084e-13 4.7948941389e-13
4.7283935547e+02 7.1604917882e-13 2.3611885454e-13 4.7993032428e-13
4.7290039062e+02 7.1636058087e-13 2.3622420652e-13 4.8013637434e-13
4.7296142578e+02 7.1618387816e-13 2.3611955056e-13 4.8006432759e-13
4.7302246094e+02 7.1562506726e-13 2.3582149684e-13 4.7980357042e-13
4.7308349609e+02 7.1504963422e-13 2.3549240852e-13 4.7955722570e-13
4.7314453125e+02 7.1485501943e-13 2.3532777210e-13 4.7952724733e-13
4.7320556641e+02 7.1517922743e-13 2.3544012338e-13 4.7973910405e-13
4.7326660156e+02 7.1577463328e-13 2.3573532637e-13 4.8003930691e-13
4.7332763672e+02 7.1629957960e-13 2.3599707969e-13 4.8030249991e-13
4.7338867188e+02 7.1664768975e-13 2.3614032174e-13 4.8050736802e-13
4.7344970703e+02 7.1691760813e-13 2.3626781401e-13 4.8064979412e-13
4.7351074219e+02 7.1729352008e-13 2.3651487268e-13 4.8077864740e-13
4.7357177734e+02 7.1789946665e-13 2.3689737573e-13 4.8100209092e-13
4.7363281250e+02 7.1856171124e-13 2.3725871555e-13 4.8130299569e-13
4.7369384766e+02 7.1890425369e-13 2.3738173123e-13 4.8152252247e-13
4.7375488281e+02 7.1878623879e-13 2.3718426115e-13 4.8160197764e-13
4.7381591797e+02 7.1845367494e-13 2.3680002948e-13 4.8165364547e-13
4.7387695312e+02 7.1825779330e-13 2.3648538711e-13 4.8177240619e-13
4.7393798828e+02 7.1839537840e-13 2.3643539472e-13 4.8195998368e-13
4.7399902344e+02 7.1894810465e-13 2.3665811512e-13 4.8228998953e-13
4.7406005859e+02 7.1991911085e-13 2.3699600800e-13 4.8292310284e-13
4.7412109375e+02 7.2099422950e-13 2.3724963870e-13 4.8374459080e-13
4.7418212891e+02 7.2157623374e-13 2.3734026863e-13 4.8423596511e-13
4.7424316406e+02 7.2144270700e-13 2.3739960321e-13 4.8404310379e-13
4.7430419922e+02 7.2111517851e-13 2.3763201531e-13 4.8348316320e-13
4.7436523438e+02 7.2128795970e-13 2.3805796552e-13 4.8322999418e-13
4.7442626953e+02 7.2216922206e-13 2.3848451045e-13 4.8368471162e-13
4.7448730469e+02 7.2349499119e-13 2.3874595646e-13 4.8474903473e-13
4.7454833984e+02 7.2476907147e-13 2.3884854677e-13 4.8592052471e-13
4.7460937500e+02 7.2548116524e-13 2.3885835578e-13 4.8662280946e-13
4.7467041016e+02 7.2553048486e-13 2.3879304248e-13 4.8673744237e-13
4.7473144531e+02 7.2534894319e-13 2.3866758216e-13 4.8668136104e-13
4.7479248047e+02 7.2539794723e-13 2.3856168396e-13 4.8683626328e-13
4.7485351562e+02 7.2576236499e-13 2.3860403238e-13 4.8715833261e-13
4.7491455078e+02 7.2619114561e-13 2.3884507434e-13 4.8734607127e-13
4.7497558594e+02 7.2635022253e-13 2.3914680484e-13 4.8720341770e-13
4.7503662109e+02 7.2614354319e-13 2.3930242105e-13 4.8684112215e-13
4.7509765625e+02 7.2569581324e-13 2.3922215016e-13 4.8647366308e-13
4.7515869141e+02 7.2501427326e-13 2.3892358354e-13 4.8609068972e-13
4.7521972656e+02 7.2405001789e-13 2.3847566539e-13 4.8557435250e-13
4.7528076172e+02 7.2307297923e-13 2.3802604075e-13 4.8504693848e-13
4.7534179688e+02 7.2258546930e-13 2.3774725549e-13 4.8483821381e-13
4.7540283203e+02 7.2283049683e-13 2.3768365515e-13 4.8514684168e-13
4.7546386719e+02 7.2361545033e-13 2.3774213558e-13 4.8587331476e-13
4.7552490234e+02 7.2459771555e-13 2.3788184941e-13 4.8671586614e-13
4.7558593750e+02 7.2550562223e-13 2.3819827338e-13 4.8730734885e-13
4.7564697266e+02 7.2609079820e-13 2.3873253283e-13 4.8735826537e-13
4.7570800781e+02 7.2613090032e-13 2.3930256425e-13 4.8682833607e-13
4.7576904297e+02 7.2561630618e-13 2.3965885433e-13 4.8595745186e-13
4.7583007812e+02 7.2487283278e-13 2.3974892669e-13 4.8512390609e-13
4.7589111328e+02 7.2440986864e-13 2.3969639041e-13 4.8471347823e-13
4.7595214844e+02 7.2458423482e-13 2.3960308444e-13 4.8498115038e-13
4.7601318359e+02 7.2532230301e-13 2.3950684171e-13 4.8581546130e-13
4.7607421875e+02 7.2618673956e-13 2.3945024523e-13 4.8673649433e-13
4.7613525391e+02 7.2681189097e-13 2.3948294029e-13 4.8732895067e-13
4.7619628906e+02 7.2718348351e-13 2.3961120731e-13 4.8757227620e-13
4.7625732422e+02 7.2741571314e-13 2.3974183759e-13 4.8767387554e-13
4.7631835938e+02 7.2746254416e-13 2.3966739707e-13 4.8779514709e-13
4.7637939453e+02 7.2720422734e-13 2.3921242094e-13 4.8799180640e-13
4.7644042969e+02 7.2666641273e-13 2.3845063463e-13 4.8821577810e-13
4.7650146484e+02 7.2603222490e-13 2.3767443417e-13 4.8835779072e-13
4.7656250000e+02 7.2550410151e-13 2.3713317671e-13 4.8837092480e-13
4.7662353516e+02 7.2519300871e-13 2.3691585495e-13 4.8827715376e-13
4.7668457031e+02 7.2510561321e-13 2.3702629391e-13 4.8807931930e-13
4.7674560547e+02 7.2518469394e-13 2.3737802987e-13 4.8780666407e-13
4.7680664062e+02 7.2538283489e-13 2.3778041674e-13 4.8760241815e-13
4.7686767578e+02 7.2574459914e-13 2.3810723572e-13 4.8763736342e-13
4.7692871094e+02 7.2631732475e-13 2.3840111832e-13 4.8791620643e-13
4.7698974609e+02 7.2690436446e-13 2.3870215824e-13 4.8820220621e-13
4.7705078125e+02 7.2706971092e-13 2.3888669812e-13 4.8818301280e-13
4.7711181641e+02 7.2656179367e-13 2.3880028398e-13 4.8776150969e-13
4.7717285156e+02 7.2564461547e-13 2.3849427724e-13 4.8715033823e-13
4.7723388672e+02 7.2486366791e-13 2.3822543726e-13 4.8663823065e-13
4.7729492188e+02 7.2454229580e-13 2.3822217585e-13 4.8632011995e-13
4.7735595703e+02 7.2456735670e-13 2.3848286800e-13 4.8608448870e-13
4.7741699219e+02 7.2461102771e-13 2.3878742774e-13 4.8582359997e-13
4.7747802734e+02 7.2451255296e-13 2.3892895955e-13 4.8558359342e-13
4.7753906250e+02 7.2436534767e-13 2.3893067125e-13 4.8543467642e-13
4.7760009766e+02 7.2427727790e-13 2.3894685887e-13 4.8533041903e-13
4.7766113281e+02 7.2429389075e-13 2.3901829300e-13 4.8527559775e-13
4.7772216797e+02 7.2447975959e-13 2.3905960852e-13 4.8542015107e-13
4.7778320312e+02 7.2470391506e-13 2.3899334029e-13 4.8571057477e-13
4.7784423828e+02 7.2454088586e-13 2.3882529469e-13 4.8571559116e-13
4.7790527344e+02 7.2385945221e-13 2.3868095168e-13 4.8517850053e-13
4.7796630859e+02 7.2322725924e-13 2.3872510583e-13 4.8450215340e-13
4.7802734375e+02 7.2324548385e-13 2.3897157828e-13 4.8427390557e-13
4.7808837891e+02 7.2372442499e-13 2.3924610853e-13 4.8447831646e-13
4.7814941406e+02 7.2391701366e-13 2.3934911462e-13 4.8456789904e-13
4.7821044922e+02 7.2342960465e-13 2.3920089296e-13 4.8422871169e-13
4.7827148438e+02 7.2253110270e-13 2.3884267950e-13 4.8368842319e-13
4.7833251953e+02 7.2155233785e-13 2.3834136800e-13 4.8321096985e-13
4.7839355469e+02 7.2037019460e-13 2.3772404230e-13 4.8264615230e-13
4.7845458984e+02 7.1869993090e-13 2.3701068535e-13 4.8168924554e-13
4.7851562500e+02 7.1667858626e-13 2.3628614238e-13 4.8039244388e-13
4.7857666016e+02 7.1488010243e-13 2.3569977188e-13 4.7918033055e-13
4.7863769531e+02 7.1376179837e-13 2.3538096968e-13 4.7838082869e-13
4.7869873047e+02 7.1327598426e-13 2.3534712229e-13 4.7792886197e-13
4.7875976562e+02 7.1302165788e-13 2.3545772676e-13 4.7756393113e-13
4.7882080078e+02 7.1265207561e-13 2.3548644477e-13 4.7716563084e-13
4.7888183594e+02 7.1209972067e-13 2.3530352767e-13 4.7679619300e-13
4.7894287109e+02 7.1146472969e-13 2.3496225780e-13 4.7650247189e-13
4.7900390625e+02 7.1083345973e-13 2.3458670972e-13 4.7624675001e-13
4.7906494141e+02 7.1023795103e-13 2.3424082792e-13 4.7599712311e-13
4.7912597656e+02 7.0963623801e-13 2.3392282638e-13 4.7571341162e-13
4.7918701172e+02 7.0891863206e-13 2.3363902016e-13 4.7527961190e-13
4.7924804688e+02 7.0806808380e-13 2.3343107960e-13 4.7463700420e-13
4.7930908203e+02 7.0726999307e-13 2.3329209497e-13 4.7397789810e-13
4.7937011719e+02 7.0678557301e-13 2.3315836686e-13 4.7362720615e-13
4.7943115234e+02 7.0677637136e-13 2.3306991238e-13 4.7370645898e-13
4.7949218750e+02 7.0719510640e-13 2.3317846787e-13 4.7401663853e-13
4.7955322266e+02 7.0774672655e-13 2.3350880802e-13 4.7423791852e-13
4.7961425781e+02 7.0807459523e-13 2.3386492283e-13 4.7420967241e-13
4.7967529297e+02 7.0810845949e-13 2.3404732582e-13 4.7406113366e-13
4.7973632812e+02 7.0816571861e-13 2.3407127666e-13 4.7409444195e-13
4.7979736328e+02 7.0858661982e-13 2.3410433110e-13 4.7448228873e-13
4.7985839844e+02 7.0927745864e-13 2.3423141840e-13 4.7504604024e-13
4.7991943359e+02 7.0984477895e-13 2.3437190337e-13 4.7547287558e-13
4.7998046875e+02 7.1016686571e-13 2.3444214516e-13 4.7572472055e-13
4.8004150391e+02 7.1041379460e-13 2.3448418378e-13 4.7592961082e-13
4.8010253906e+02 7.1053316775e-13 2.3455450656e-13 4.7597866119e-13
4.8016357422e+02 7.1024452880e-13 2.3460304180e-13 4.7564148699e-13
4.8022460938e+02 7.0952364589e-13 2.3455310858e-13 4.7497053731e-13
4.8028564453e+02 7.0865020532e-13 2.3439029947e-13 4.7425990585e-13
4.8034667969e+02 7.0785807006e-13 2.3413878191e-13 4.7371928815e-13
4.8040771484e+02 7.0724306340e-13 2.3386519637e-13 4.7337786703e-13
4.8046875000e+02 7.0686511192e-13 2.3370268900e-13 4.7316242293e-13
4.8052978516e+02 7.0671038725e-13 2.3376623115e-13 4.7294415610e-13
4.8059082031e+02 7.0668364864e-13 2.3403170353e-13 4.7265194510e-13
4.8065185547e+02 7.0678002712e-13 2.3434972432e-13 4.7243030281e-13
4.8071289062e+02 7.0716467965e-13 2.3458900264e-13 4.7257567701e-13
4.8077392578e+02 7.0797762638e-13 2.3472570702e-13 4.7325191935e-13
4.8083496094e+02 7.0906982219e-13 2.3477120957e-13 4.7429861262e-13
4.8089599609e+02 7.0999312048e-13 2.3467556502e-13 4.7531755545e-13
4.8095703125e+02 7.1028981572e-13 2.3438740120e-13 4.7590241452e-13
4.8101806641e+02 7.0987050602e-13 2.3401775489e-13 4.7585275113e-13
4.8107910156e+02 7.0917628851e-13 2.3383837671e-13 4.7533791180e-13
4.8114013672e+02 7.0876784067e-13 2.3399778838e-13 4.7477005229e-13
4.8120117188e+02 7.0865360675e-13 2.3430414010e-13 4.7434946665e-13
4.8126220703e+02 7.0835961997e-13 2.3443014453e-13 4.7392947544e-13
4.8132324219e+02 7.0770009956e-13 2.3428119384e-13 4.7341890572e-13
4.8138427734e+02 7.0702144936e-13 2.3403235808e-13 4.7298909128e-13
4.8144531250e+02 7.0661538520e-13 2.3384199160e-13 4.7277339360e-13
4.8150634766e+02 7.0636858130e-13 2.3369383835e-13 4.7267474295e-13
4.8156738281e+02 7.0610330912e-13 2.3352634741e-13 4.7257696170e-13
4.8162841797e+02 7.0579784921e-13 2.3331320281e-13 4.7248464640e-13
4.8168945312e+02 7.0539667603e-13 2.3301250218e-13 4.7238417385e-13
4.8175048828e+02 7.0477203590e-13 2.3264250209e-13 4.7212953380e-13
4.8181152344e+02 7.0392929437e-13 2.3236014206e-13 4.7156915231e-13
4.8187255859e+02 7.0315129895e-13 2.3229803762e-13 4.7085326132e-13
4.8193359375e+02 7.0292884374e-13 2.3244826326e-13 4.7048058048e-13
4.8199462891e+02 7.0358735657e-13 2.3281005633e-13 4.7077730024e-13
4.8205566406e+02 7.0481452289e-13 2.3340109087e-13 4.7141343202e-13
4.8211669922e+02 7.0574141070e-13 2.3403172973e-13 4.7170968097e-13
4.8217773438e+02 7.0574679869e-13 2.3435582135e-13 4.7139097734e-13
4.8223876953e+02 7.0503355450e-13 2.3421291035e-13 4.7082064415e-13
4.8229980469e+02 7.0427513645e-13 2.3374846884e-13 4.7052666761e-13
4.8236083984e+02 7.0393226877e-13 2.3323660995e-13 4.7069565881e-13
4.8242187500e+02 7.0400274551e-13 2.3290159767e-13 4.7110114784e-13
4.8248291016e+02 7.0425440961e-13 2.3284735931e-13 4.7140705030e-13
4.8254394531e+02 7.0453103435e-13 2.3301880941e-13 4.7151222494e-13
4.8260498047e+02 7.0471922186e-13 2.3322026991e-13 4.7149895195e-13
4.8266601562e+02 7.0461105675e-13 2.3326979109e-13 4.7134126566e-13
4.8272705078e+02 7.0408721289e-13 2.3314669899e-13 4.7094051390e-13
4.8278808594e+02 7.0332599907e-13 2.3296351349e-13 4.7036248558e-13
4.8284912109e+02 7.0273106904e-13 2.3286284563e-13 4.6986822342e-13
4.8291015625e+02 7.0273652395e-13 2.3294827885e-13 4.6978824510e-13
4.8297119141e+02 7.0352365610e-13 2.3321716748e-13 4.7030648862e-13
4.8303222656e+02 7.0472343402e-13 2.3355480384e-13 4.7116863018e-13
4.8309326172e+02 7.0555454515e-13 2.3383349537e-13 4.7172104978e-13
4.8315429688e+02 7.0554875672e-13 2.3396782402e-13 4.7158093270e-13
4.8321533203e+02 7.0510618233e-13 2.3388702651e-13 4.7121915583e-13
4.8327636719e+02 7.0502903591e-13 2.3356618124e-13 4.7146285467e-13
4.8333740234e+02 7.0554418568e-13 2.3311221286e-13 4.7243197282e-13
4.8339843750e+02 7.0617129558e-13 2.3275430581e-13 4.7341698977e-13
4.8345947266e+02 7.0643768780e-13 2.3267042364e-13 4.7376726416e-13
4.8352050781e+02 7.0627295199e-13 2.3282577267e-13 4.7344717932e-13
4.8358154297e+02 7.0585352364e-13 2.3307184046e-13 4.7278168319e-13
4.8364257812e+02 7.0541220465e-13 2.3333672515e-13 4.7207547950e-13
4.8370361328e+02 7.0518223366e-13 2.3360128311e-13 4.7158095055e-13
4.8376464844e+02 7.0541931545e-13 2.3383431466e-13 4.7158500079e-13
4.8382568359e+02 7.0630412212e-13 2.3406206164e-13 4.7224206048e-13
4.8388671875e+02 7.0777656308e-13 2.3437116084e-13 4.7340540224e-13
4.8394775391e+02 7.0958098406e-13 2.3478295346e-13 4.7479803060e-13
4.8400878906e+02 7.1135918661e-13 2.3519392169e-13 4.7616526492e-13
4.8406982422e+02 7.1265891762e-13 2.3546124883e-13 4.7719766878e-13
4.8413085938e+02 7.1315777460e-13 2.3552870233e-13 4.7762907227e-13
4.8419189453e+02 7.1300060885e-13 2.3545981789e-13 4.7754079096e-13
4.8425292969e+02 7.1265177443e-13 2.3533293964e-13 4.7731883479e-13
4.8431396484e+02 7.1238678376e-13 2.3514841294e-13 4.7723837083e-13
4.8437500000e+02 7.1218566852e-13 2.3492912274e-13 4.7725654578e-13
4.8443603516e+02 7.1206818385e-13 2.3484301744e-13 4.7722516641e-13
4.8449707031e+02 7.1227050082e-13 2.3505935596e-13 4.7721114486e-13
4.8455810547e+02 7.1298227969e-13 2.3550735371e-13 4.7747492598e-13
4.8461914062e+02 7.1398185068e-13 2.3591089952e-13 4.7807095116e-13
4.8468017578e+02 7.1478638005e-13 2.3608670299e-13 4.7869967705e-13
4.8474121094e+02 7.1524849602e-13 2.3613889011e-13 4.7910960591e-13
4.8480224609e+02 7.1563543519e-13 2.3628312728e-13 4.7935230791e-13
4.8486328125e+02 7.1604524557e-13 2.3652938778e-13 4.7951585779e-13
4.8492431641e+02 7.1627932956e-13 2.3670418715e-13 4.7957514242e-13
4.8498535156e+02 7.1634070841e-13 2.3676276181e-13 4.7957794660e-13
4.8504638672e+02 7.1652521166e-13 2.3685521262e-13 4.7966999905e-13
4.8510742188e+02 7.1698511731e-13 2.3706502860e-13 4.7992008871e-13
4.8516845703e+02 7.1756033646e-13 2.3731196532e-13 4.8024837114e-13
4.8522949219e+02 7.1810674839e-13 2.3755257135e-13 4.8055417704e-13
4.8529052734e+02 7.1880623030e-13 2.3785754026e-13 4.8094869004e-13
4.8535156250e+02 7.1992808662e-13 2.3824080756e-13 4.8168727906e-13
4.8541259766e+02 7.2131080044e-13 2.3858283638e-13 4.8272796406e-13
4.8547363281e+02 7.2238717573e-13 2.3876296384e-13 4.8362421188e-13
4.8553466797e+02 7.2279717720e-13 2.3878558451e-13 4.8401159270e-13
4.8559570312e+02 7.2274781249e-13 2.3876758998e-13 4.8398022252e-13
4.8565673828e+02 7.2266997746e-13 2.3879740199e-13 4.8387257547e-13
4.8571777344e+02 7.2271369731e-13 2.3883219264e-13 4.8388150467e-13
4.8577880859e+02 7.2272587200e-13 2.3878927368e-13 4.8393659833e-13
4.8583984375e+02 7.2254691637e-13 2.3865547039e-13 4.8389144597e-13
4.8590087891e+02 7.2219261360e-13 2.3846430747e-13 4.8372830612e-13
4.8596191406e+02 7.2181904113e-13 2.3825930511e-13 4.8355973602e-13
4.8602294922e+02 7.2157609528e-13 2.3808342916e-13 4.8349266612e-13
4.8608398438e+02 7.2157671027e-13 2.3797993429e-13 4.8359677599e-13
4.8614501953e+02 7.2197560570e-13 2.3799809225e-13 4.8397751345e-13
4.8620605469e+02 7.2290974850e-13 2.3815243997e-13 4.8475730853e-13
4.8626708984e+02 7.2435829466e-13 2.3840463827e-13 4.8595365640e-13
4.8632812500e+02 7.2616984916e-13 2.3872156325e-13 4.8744828591e-13
4.8638916016e+02 7.2816277198e-13 2.3909297979e-13 4.8906979218e-13
4.8645019531e+02 7.3005480567e-13 2.3947498886e-13 4.9057981681e-13
4.8651123047e+02 7.3141885843e-13 2.3978101807e-13 4.9163784037e-13
4.8657226562e+02 7.3198243740e-13 2.3996016314e-13 4.9202227426e-13
4.8663330078e+02 7.3197631196e-13 2.4007173075e-13 4.9190458121e-13
4.8669433594e+02 7.3199360241e-13 2.4026111030e-13 4.9173249211e-13
4.8675537109e+02 7.3243844758e-13 2.4061710496e-13 4.9182134262e-13
4.8681640625e+02 7.3318397435e-13 2.4105649342e-13 4.9212748093e-13
4.8687744141e+02 7.3385571913e-13 2.4142403410e-13 4.9243168502e-13
4.8693847656e+02 7.3441624804e-13 2.4168278057e-13 4.9273346747e-13
4.8699951172e+02 7.3525413090e-13 2.4190146253e-13 4.9335266838e-13
4.8706054688e+02 7.3663137793e-13 2.4210762870e-13 4.9452374924e-13
4.8712158203e+02 7.3825428394e-13 2.4226843529e-13 4.9598584865e-13
4.8718261719e+02 7.3945990402e-13 2.4236026642e-13 4.9709963760e-13
4.8724365234e+02 7.3976325741e-13 2.4239722105e-13 4.9736603635e-13
4.8730468750e+02 7.3926885326e-13 2.4244890013e-13 4.9681995313e-13
4.8736572266e+02 7.3858939316e-13 2.4265130167e-13 4.9593809149e-13
4.8742675781e+02 7.3834343863e-13 2.4311978134e-13 4.9522365729e-13
4.8748779297e+02 7.3871668524e-13 2.4376393517e-13 4.9495275006e-13
4.8754882812e+02 7.3949094418e-13 2.4426788449e-13 4.9522305969e-13
4.8760986328e+02 7.4036817669e-13 2.4439404091e-13 4.9597413578e-13
4.8767089844e+02 7.4119972053e-13 2.4423524652e-13 4.9696447401e-13
4.8773193359e+02 7.4205182128e-13 2.4406784746e-13 4.9798397381e-13
4.8779296875e+02 7.4300734214e-13 2.4404464815e-13 4.9896269399e-13
4.8785400391e+02 7.4379927078e-13 2.4408357537e-13 4.9971569541e-13
4.8791503906e+02 7.4389742919e-13 2.4400605876e-13 4.9989137043e-13
4.8797607422e+02 7.4312274048e-13 2.4377913928e-13 4.9934360121e-13
4.8803710938e+02 7.4198622861e-13 2.4356662777e-13 4.9841960083e-13
4.8809814453e+02 7.4126959366e-13 2.4349647121e-13 4.9777312245e-13
4.8815917969e+02 7.4135017376e-13 2.4353099623e-13 4.9781917753e-13
4.8822021484e+02 7.4202725401e-13 2.4362428217e-13 4.9840297184e-13
4.8828125000e+02 7.4287047573e-13 2.4381500658e-13 4.9905546915e-13
4.8834228516e+02 7.4354779586e-13 2.4408696429e-13 4.9946083156e-13
4.8840332031e+02 7.4393522000e-13 2.4429446320e-13 4.9964075680e-13
4.8846435547e+02 7.4411619586e-13 2.4433240844e-13 4.9978378742e-13
4.8852539062e+02 7.4414590042e-13 2.4426319890e-13 4.9988270152e-13
4.8858642578e+02 7.4378143419e-13 2.4418013867e-13 4.9960129552e-13
4.8864746094e+02 7.4273494609e-13 2.4408531599e-13 4.9864963010e-13
4.8870849609e+02 7.4111990787e-13 2.4396107728e-13 4.9715883058e-13
4.8876953125e+02 7.3933143657e-13 2.4378638444e-13 4.9554505213e-13
4.8883056641e+02 7.3769670312e-13 2.4347049644e-13 4.9422620668e-13
4.8889160156e+02 7.3647954405e-13 2.4293927542e-13 4.9354026864e-13
4.8895263672e+02 7.3582294554e-13 2.4226253674e-13 4.9356040880e-13
4.8901367188e+02 7.3546285848e-13 2.4159829796e-13 4.9386456052e-13
4.8907470703e+02 7.3489919206e-13 2.4107486784e-13 4.9382432422e-13
4.8913574219e+02 7.3399508676e-13 2.4076764577e-13 4.9322744099e-13
4.8919677734e+02 7.3313537457e-13 2.4069408664e-13 4.9244128793e-13
4.8925781250e+02 7.3270834143e-13 2.4074532685e-13 4.9196301458e-13
4.8931884766e+02 7.3260590157e-13 2.4068489081e-13 4.9192101077e-13
4.8937988281e+02 7.3241814787e-13 2.4037853114e-13 4.9203961672e-13
4.8944091797e+02 7.3198881444e-13 2.4001407931e-13 4.9197473514e-13
4.8950195312e+02 7.3143980414e-13 2.3988585191e-13 4.9155395223e-13
4.8956298828e+02 7.3074788303e-13 2.3995508963e-13 4.9079279340e-13
4.8962402344e+02 7.2965806785e-13 2.3984106353e-13 4.8981700432e-13
4.8968505859e+02 7.2807934492e-13 2.3929652185e-13 4.8878282307e-13
4.8974609375e+02 7.2645001280e-13 2.3853840043e-13 4.8791161237e-13
4.8980712891e+02 7.2550969653e-13 2.3803284773e-13 4.8747684880e-13
4.8986816406e+02 7.2559941643e-13 2.3804752672e-13 4.8755188970e-13
4.8992919922e+02 7.2638005014e-13 2.3850120175e-13 4.8787884839e-13
4.8999023438e+02 7.2726474145e-13 2.3915509187e-13 4.8810964959e-13
4.9005126953e+02 7.2778704533e-13 2.3976641227e-13 4.8802063306e-13
4.9011230469e+02 7.2759090839e-13 2.4008991604e-13 4.8750099235e-13
4.9017333984e+02 7.2654059711e-13 2.3995968906e-13 4.8658090805e-13
4.9023437500e+02 7.2488642472e-13 2.3942900430e-13 4.8545742042e-13
4.9029541016e+02 7.2309258546e-13 2.3874130028e-13 4.8435128518e-13
4.9035644531e+02 7.2156210495e-13 2.3816441836e-13 4.8339768659e-13
4.9041748047e+02 7.2054621360e-13 2.3787247926e-13 4.8267373434e-13
4.9047851562e+02 7.2012811428e-13 2.3791764962e-13 4.8221046466e-13
4.9053955078e+02 7.2021574978e-13 2.3822547355e-13 4.8199027624e-13
4.9060058594e+02 7.2057970244e-13 2.3862145852e-13 4.8195824392e-13
4.9066162109e+02 7.2086108998e-13 2.3891328186e-13 4.8194780812e-13
4.9072265625e+02 7.2056868958e-13 2.3892919290e-13 4.8163949668e-13
4.9078369141e+02 7.1930129767e-13 2.3853282802e-13 4.8076846965e-13
4.9084472656e+02 7.1719691317e-13 2.3776749782e-13 4.7942941535e-13
4.9090576172e+02 7.1511031972e-13 2.3695402942e-13 4.7815629030e-13
4.9096679688e+02 7.1411419576e-13 2.3646002775e-13 4.7765416800e-13
4.9102783203e+02 7.1465706674e-13 2.3638867745e-13 4.7826838928e-13
4.9108886719e+02 7.1620165367e-13 2.3658946566e-13 4.7961218802e-13
4.9114990234e+02 7.1770830236e-13 2.3684308771e-13 4.8086521465e-13
4.9121093750e+02 7.1839044838e-13 2.3692751947e-13 4.8146292892e-13
4.9127197266e+02 7.1803860603e-13 2.3667088547e-13 4.8136772056e-13
4.9133300781e+02 7.1693727106e-13 2.3610122826e-13 4.8083604280e-13
4.9139404297e+02 7.1568041520e-13 2.3551480007e-13 4.8016561513e-13
4.9145507812e+02 7.1489220976e-13 2.3529515730e-13 4.7959705245e-13
4.9151611328e+02 7.1489412296e-13 2.3558746039e-13 4.7930666257e-13
4.9157714844e+02 7.1553334545e-13 2.3617192104e-13 4.7936142441e-13
4.9163818359e+02 7.1628260521e-13 2.3669720286e-13 4.7958540236e-13
4.9169921875e+02 7.1664670948e-13 2.3699084190e-13 4.7965586758e-13
4.9176025391e+02 7.1658713103e-13 2.3710505190e-13 4.7948207913e-13
4.9182128906e+02 7.1634986383e-13 2.3711896062e-13 4.7923090321e-13
4.9188232422e+02 7.1596633721e-13 2.3702315240e-13 4.7894318482e-13
4.9194335938e+02 7.1533734101e-13 2.3681444000e-13 4.7852290100e-13
4.9200439453e+02 7.1459950004e-13 2.3655381482e-13 4.7804568522e-13
4.9206542969e+02 7.1400216787e-13 2.3629901910e-13 4.7770314877e-13
4.9212646484e+02 7.1367846441e-13 2.3608795274e-13 4.7759051167e-13
4.9218750000e+02 7.1372668886e-13 2.3595372970e-13 4.7777295916e-13
4.9224853516e+02 7.1421422342e-13 2.3588392050e-13 4.7833030292e-13
4.9230957031e+02 7.1500487280e-13 2.3582807773e-13 4.7917679507e-13
4.9237060547e+02 7.1569290174e-13 2.3574181082e-13 4.7995109092e-13
4.9243164062e+02 7.1571243257e-13 2.3554946436e-13 4.8016296821e-13
4.9249267578e+02 7.1475864610e-13 2.3517845767e-13 4.7958018843e-13
4.9255371094e+02 7.1330351390e-13 2.3475978355e-13 4.7854373035e-13
4.9261474609e+02 7.1234296300e-13 2.3464644871e-13 4.7769651429e-13
4.9267578125e+02 7.1235234720e-13 2.3504674284e-13 4.7730560436e-13
4.9273681641e+02 7.1269808345e-13 2.3568670799e-13 4.7701137546e-13
4.9279785156e+02 7.1238895655e-13 2.3603765295e-13 4.7635130361e-13
4.9285888672e+02 7.1133392864e-13 2.3590363451e-13 4.7543029413e-13
4.9291992188e+02 7.1040865181e-13 2.3554816676e-13 4.7486048506e-13
4.9298095703e+02 7.1027465490e-13 2.3524640718e-13 4.7502824772e-13
4.9304199219e+02 7.1064747551e-13 2.3501435645e-13 4.7563311906e-13
4.9310302734e+02 7.1079568987e-13 2.3479025217e-13 4.7600543769e-13
4.9316406250e+02 7.1033209798e-13 2.3461811280e-13 4.7571398518e-13
4.9322509766e+02 7.0939575220e-13 2.3458402704e-13 4.7481172516e-13
4.9328613281e+02 7.0839928650e-13 2.3469793710e-13 4.7370134940e-13
4.9334716797e+02 7.0780522345e-13 2.3489488217e-13 4.7291034128e-13
4.9340820312e+02 7.0785038595e-13 2.3509431267e-13 4.7275607328e-13
4.9346923828e+02 7.0820023293e-13 2.3520554504e-13 4.7299468789e-13
4.9353027344e+02 7.0812302936e-13 2.3512581793e-13 4.7299721143e-13
4.9359130859e+02 7.0728835168e-13 2.3482211685e-13 4.7246623483e-13
4.9365234375e+02 7.0617601629e-13 2.3441173957e-13 4.7176427672e-13
4.9371337891e+02 7.0544043919e-13 2.3407638467e-13 4.7136405453e-13
4.9377441406e+02 7.0514175973e-13 2.3386831008e-13 4.7127344965e-13
4.9383544922e+02 7.0491741070e-13 2.3367421003e-13 4.7124320067e-13
4.9389648438e+02 7.0456033432e-13 2.3338259772e-13 4.7117773660e-13
4.9395751953e+02 7.0400168787e-13 2.3298408584e-13 4.7101760203e-13
4.9401855469e+02 7.0312530364e-13 2.3250908654e-13 4.7061621710e-13
4.9407958984e+02 7.0212999042e-13 2.3203083704e-13 4.7009915338e-13
4.9414062500e+02 7.0171229253e-13 2.3175839828e-13 4.6995389425e-13
4.9420166016e+02 7.0240127261e-13 2.3195153371e-13 4.7044973890e-13
4.9426269531e+02 7.0394787124e-13 2.3265078200e-13 4.7129708924e-13
4.9432373047e+02 7.0562756868e-13 2.3356406588e-13 4.7206350280e-13
4.9438476562e+02 7.0695066540e-13 2.3428597296e-13 4.7266469243e-13
4.9444580078e+02 7.0789525864e-13 2.3460748523e-13 4.7328777342e-13
4.9450683594e+02 7.0858686058e-13 2.3460628655e-13 4.7398057402e-13
4.9456787109e+02 7.0903340628e-13 2.3450054068e-13 4.7453286560e-13
4.9462890625e+02 7.0921481305e-13 2.3443551053e-13 4.7477930251e-13
4.9468994141e+02 7.0924612449e-13 2.3438681961e-13 4.7485930489e-13
4.9475097656e+02 7.0935639306e-13 2.3428863455e-13 4.7506775851e-13
4.9481201172e+02 7.0972731730e-13 2.3421436007e-13 4.7551295723e-13
4.9487304688e+02 7.1034997142e-13 2.3432576539e-13 4.7602420603e-13
4.9493408203e+02 7.1101376014e-13 2.3466782829e-13 4.7634593185e-13
4.9499511719e+02 7.1145889306e-13 2.3510547973e-13 4.7635341332e-13
4.9505615234e+02 7.1162396121e-13 2.3545778232e-13 4.7616617889e-13
4.9511718750e+02 7.1172746991e-13 2.3564879430e-13 4.7607867562e-13
4.9517822266e+02 7.1195275308e-13 2.3570824225e-13 4.7624451084e-13
4.9523925781e+02 7.1215612299e-13 2.3567465405e-13 4.7648146894e-13
4.9530029297e+02 7.1212898033e-13 2.3557934252e-13 4.7654963780e-13
4.9536132812e+02 7.1192566406e-13 2.3547195405e-13 4.7645371001e-13
4.9542236328e+02 7.1172178231e-13 2.3539375642e-13 4.7632802590e-13
4.9548339844e+02 7.1164815342e-13 2.3538715100e-13 4.7626100242e-13
4.9554443359e+02 7.1177556903e-13 2.3549925897e-13 4.7627631006e-13
4.9560546875e+02 7.1204272565e-13 2.3570426515e-13 4.7633846050e-13
4.9566650391e+02 7.1240232705e-13 2.3590749063e-13 4.7649483642e-13
4.9572753906e+02 7.1304745857e-13 2.3606206895e-13 4.7698538962e-13
4.9578857422e+02 7.1423338365e-13 2.3622370152e-13 4.7800968213e-13
4.9584960938e+02 7.1592875186e-13 2.3648619102e-13 4.7944256084e-13
4.9591064453e+02 7.1763435027e-13 2.3683973249e-13 4.8079461779e-13
4.9597167969e+02 7.1854113745e-13 2.3709316303e-13 4.8144797442e-13
4.9603271484e+02 7.1825236072e-13 2.3705157233e-13 4.8120078839e-13
4.9609375000e+02 7.1738865531e-13 2.3680240174e-13 4.8058625356e-13
4.9615478516e+02 7.1706951773e-13 2.3668537196e-13 4.8038414578e-13
4.9621582031e+02 7.1779608741e-13 2.3692356186e-13 4.8087252556e-13
4.9627685547e+02 7.1908157651e-13 2.3739365080e-13 4.8168792571e-13
4.9633789062e+02 7.2008296875e-13 2.3778014271e-13 4.8230282604e-13
4.9639892578e+02 7.2044384347e-13 2.3786824243e-13 4.8257560104e-13
4.9645996094e+02 7.2054385717e-13 2.3768697029e-13 4.8285688688e-13
4.9652099609e+02 7.2089540735e-13 2.3742113770e-13 4.8347426964e-13
4.9658203125e+02 7.2147559942e-13 2.3724058038e-13 4.8423501904e-13
4.9664306641e+02 7.2203357757e-13 2.3726595646e-13 4.8476762111e-13
4.9670410156e+02 7.2273819367e-13 2.3761129153e-13 4.8512690214e-13
4.9676513672e+02 7.2390101389e-13 2.3830393242e-13 4.8559708147e-13
4.9682617188e+02 7.2536173569e-13 2.3916761987e-13 4.8619411582e-13
4.9688720703e+02 7.2664827941e-13 2.3989005786e-13 4.8675822155e-13
4.9694824219e+02 7.2751206257e-13 2.4025495055e-13 4.8725711203e-13
4.9700927734e+02 7.2805319237e-13 2.4029059391e-13 4.8776259846e-13
4.9707031250e+02 7.2844779803e-13 2.4017350390e-13 4.8827429413e-13
4.9713134766e+02 7.2872017433e-13 2.4005077321e-13 4.8866940113e-13
4.9719238281e+02 7.2886308971e-13 2.4001775316e-13 4.8884533655e-13
4.9725341797e+02 7.2908409917e-13 2.4016820856e-13 4.8891589061e-13
4.9731445312e+02 7.2974329039e-13 2.4055289909e-13 4.8919039131e-13
4.9737548828e+02 7.3101651898e-13 2.4111470779e-13 4.8990181118e-13
4.9743652344e+02 7.3270711873e-13 2.4170379470e-13 4.9100332403e-13
4.9749755859e+02 7.3435781018e-13 2.4215532293e-13 4.9220248725e-13
4.9755859375e+02 7.3542819470e-13 2.4235180419e-13 4.9307639050e-13
4.9761962891e+02 7.3553932353e-13 2.4226811607e-13 4.9327120746e-13
4.9768066406e+02 7.3482315312e-13 2.4202769364e-13 4.9279545948e-13
4.9774169922e+02 7.3388261150e-13 2.4184957646e-13 4.9203303505e-13
4.9780273438e+02 7.3323079628e-13 2.4185316094e-13 4.9137763534e-13
4.9786376953e+02 7.3295750937e-13 2.4197052177e-13 4.9098698760e-13
4.9792480469e+02 7.3298715896e-13 2.4211386968e-13 4.9087328929e-13
4.9798583984e+02 7.3340203698e-13 2.4234748914e-13 4.9105454784e-13
4.9804687500e+02 7.3436346883e-13 2.4276786473e-13 4.9159560409e-13
4.9810791016e+02 7.3575805180e-13 2.4325518336e-13 4.9250286845e-13
4.9816894531e+02 7.3711626431e-13 2.4351521720e-13 4.9360104712e-13
4.9822998047e+02 7.3807809230e-13 2.4342105792e-13 4.9465703438e-13
4.9829101562e+02 7.3876779264e-13 2.4320046963e-13 4.9556732301e-13
4.9835205078e+02 7.3942317235e-13 2.4316601000e-13 4.9625716235e-13
4.9841308594e+02 7.3987711494e-13 2.4330788829e-13 4.9656922664e-13
4.9847412109e+02 7.3976838033e-13 2.4332311980e-13 4.9644526053e-13
4.9853515625e+02 7.3910925399e-13 2.4304690356e-13 4.9606235043e-13
4.9859619141e+02 7.3839559745e-13 2.4269471400e-13 4.9570088345e-13
4.9865722656e+02 7.3825997863e-13 2.4263531020e-13 4.9562466844e-13
4.9871826172e+02 7.3910120633e-13 2.4300164806e-13 4.9609955828e-13
4.9877929688e+02 7.4089483903e-13 2.4358631225e-13 4.9730852679e-13
4.9884033203e+02 7.4315502502e-13 2.4409493187e-13 4.9906009316e-13
4.9890136719e+02 7.4513816949e-13 2.4441037539e-13 5.0072779410e-13
4.9896240234e+02 7.4639865265e-13 2.4460741409e-13 5.0179123856e-13
4.9902343750e+02 7.4706012140e-13 2.4477351633e-13 5.0228660507e-13
4.9908447266e+02 7.4730221373e-13 2.4484721722e-13 5.0245499651e-13
4.9914550781e+02 7.4701687856e-13 2.4472142944e-13 5.0229544912e-13
4.9920654297e+02 7.4620746271e-13 2.4449322243e-13 5.0171424028e-13
4.9926757812e+02 7.4517510062e-13 2.4438115914e-13 5.0079394148e-13
4.9932861328e+02 7.4421397775e-13 2.4440001738e-13 4.9981396037e-13
4.9938964844e+02 7.4356388644e-13 2.4441061525e-13 4.9915327119e-13
4.9945068359e+02 7.4350921151e-13 2.4443676491e-13 4.9907244660e-13
4.9951171875e+02 7.4410771007e-13 2.4461583789e-13 4.9949187218e-13
4.9957275391e+02 7.4496935820e-13 2.4489461172e-13 5.0007474647e-13
4.9963378906e+02 7.4557307549e-13 2.4502945203e-13 5.0054362345e-13
4.9969482422e+02 7.4568976672e-13 2.4486134262e-13 5.0082842410e-13
4.9975585938e+02 7.4540020307e-13 2.4445173338e-13 5.0094846969e-13
4.9981689453e+02 7.4482966873e-13 2.4395665510e-13 5.0087301363e-13
4.9987792969e+02 7.4400520535e-13 2.4346018887e-13 5.0054501648e-13
4.9993896484e+02 7.4311723484e-13 2.4303097467e-13 5.0008626017e-13
5.0000000000e+02 7.4270700904e-13 2.4284760101e-13 4.9985940802e-13
